SHA256,Path,Size,Size human,Duplicate group count,Group total size,Group total human,Recommendation,Risk
f676d0a2487518ba3044d7f626f9d0f0e4b79e978474a15692042ccc3113de28,app-build_BackUpThisFolder_ButDontShipItWithYourGame/Managed/Unity.Burst.Unsafe.dll,5632,5.5 KB,2,11264,11.0 KB,Filesystem duplicate; verify use,High-risk deletion unless unreferenced evidence strong
f676d0a2487518ba3044d7f626f9d0f0e4b79e978474a15692042ccc3113de28,quest_BackUpThisFolder_ButDontShipItWithYourGame/Managed/Unity.Burst.Unsafe.dll,5632,5.5 KB,2,11264,11.0 KB,Filesystem duplicate; verify use,High-risk deletion unless unreferenced evidence strong
2b261a173ed80b6fcf8976d16a4d95f32b5743a0faa0015d7c3f4f7fe6a4a129,app-build_BackUpThisFolder_ButDontShipItWithYourGame/Managed/Newtonsoft.Json.dll,688128,672.0 KB,2,1376256,1.3 MB,Filesystem duplicate; verify use,High-risk deletion unless unreferenced evidence strong
2b261a173ed80b6fcf8976d16a4d95f32b5743a0faa0015d7c3f4f7fe6a4a129,quest_BackUpThisFolder_ButDontShipItWithYourGame/Managed/Newtonsoft.Json.dll,688128,672.0 KB,2,1376256,1.3 MB,Filesystem duplicate; verify use,High-risk deletion unless unreferenced evidence strong
5571fbc636bc33cb7afc660b29acb0dce331ff13a0574ca947fe990d20e2e22b,app-build_BackUpThisFolder_ButDontShipItWithYourGame/Managed/Unity.Collections.LowLevel.ILSupport.dll,4608,4.5 KB,2,9216,9.0 KB,Filesystem duplicate; verify use,High-risk deletion unless unreferenced evidence strong
5571fbc636bc33cb7afc660b29acb0dce331ff13a0574ca947fe990d20e2e22b,quest_BackUpThisFolder_ButDontShipItWithYourGame/Managed/Unity.Collections.LowLevel.ILSupport.dll,4608,4.5 KB,2,9216,9.0 KB,Filesystem duplicate; verify use,High-risk deletion unless unreferenced evidence strong
834e68eada270394ca26bcb94a6459ae4ff0b50c93365bf6bd506a2084e5045b,.utmp/tools/release/arm64-v8a/compile_commands.json,11250,11.0 KB,2,22500,22.0 KB,Filesystem duplicate; verify use,High-risk deletion unless unreferenced evidence strong
834e68eada270394ca26bcb94a6459ae4ff0b50c93365bf6bd506a2084e5045b,.utmp/RelWithDebInfo/5q2osh50/arm64-v8a/compile_commands.json,11250,11.0 KB,2,22500,22.0 KB,Filesystem duplicate; verify use,High-risk deletion unless unreferenced evidence strong
992e2a405b1d555e4c454f7e33d6d99b15c45dd337b453e98e33a125b996748b,.utmp/tools/debug/arm64-v8a/compile_commands.json,11010,10.8 KB,2,22020,21.5 KB,Filesystem duplicate; verify use,High-risk deletion unless unreferenced evidence strong
992e2a405b1d555e4c454f7e33d6d99b15c45dd337b453e98e33a125b996748b,.utmp/Debug/2g58671a/arm64-v8a/compile_commands.json,11010,10.8 KB,2,22020,21.5 KB,Filesystem duplicate; verify use,High-risk deletion unless unreferenced evidence strong
22c727ebf820d138ffc600e765e8635802778576c07e89e051fd233a4ff8139d,.utmp/RelWithDebInfo/5q2osh50/arm64-v8a/prefab_config.json,465,465 B,2,930,930 B,Filesystem duplicate; verify use,High-risk deletion unless unreferenced evidence strong
22c727ebf820d138ffc600e765e8635802778576c07e89e051fd233a4ff8139d,.utmp/Debug/2g58671a/arm64-v8a/prefab_config.json,465,465 B,2,930,930 B,Filesystem duplicate; verify use,High-risk deletion unless unreferenced evidence strong
a26189e394421da57f45706a07713c5720acd200a41711b0c0c590c3c63371c4,.utmp/RelWithDebInfo/5q2osh50/arm64-v8a/CMakeFiles/cmake.check_cache,85,85 B,3,255,255 B,Filesystem duplicate; verify use,High-risk deletion unless unreferenced evidence strong
a26189e394421da57f45706a07713c5720acd200a41711b0c0c590c3c63371c4,.utmp/Debug/2g58671a/arm64-v8a/CMakeFiles/cmake.check_cache,85,85 B,3,255,255 B,Filesystem duplicate; verify use,High-risk deletion unless unreferenced evidence strong
a26189e394421da57f45706a07713c5720acd200a41711b0c0c590c3c63371c4,.utmp/Debug/4a3135k6/arm64-v8a/CMakeFiles/cmake.check_cache,85,85 B,3,255,255 B,Filesystem duplicate; verify use,High-risk deletion unless unreferenced evidence strong
7c012a98dd93fe6b635c3daf9a328f8ad95005a588b28acce611519bed8bce90,.utmp/RelWithDebInfo/5q2osh50/arm64-v8a/CMakeFiles/3.22.1-g37088a8/CMakeCXXCompiler.cmake,6970,6.8 KB,2,13940,13.6 KB,Filesystem duplicate; verify use,High-risk deletion unless unreferenced evidence strong
7c012a98dd93fe6b635c3daf9a328f8ad95005a588b28acce611519bed8bce90,.utmp/Debug/2g58671a/arm64-v8a/CMakeFiles/3.22.1-g37088a8/CMakeCXXCompiler.cmake,6970,6.8 KB,2,13940,13.6 KB,Filesystem duplicate; verify use,High-risk deletion unless unreferenced evidence strong
16c64dd8be4706cd31e18965bb6dd95abc9481f7cd8a2929f25e8d7155776355,.utmp/RelWithDebInfo/5q2osh50/arm64-v8a/CMakeFiles/3.22.1-g37088a8/CMakeCCompiler.cmake,3918,3.8 KB,2,7836,7.7 KB,Filesystem duplicate; verify use,High-risk deletion unless unreferenced evidence strong
16c64dd8be4706cd31e18965bb6dd95abc9481f7cd8a2929f25e8d7155776355,.utmp/Debug/2g58671a/arm64-v8a/CMakeFiles/3.22.1-g37088a8/CMakeCCompiler.cmake,3918,3.8 KB,2,7836,7.7 KB,Filesystem duplicate; verify use,High-risk deletion unless unreferenced evidence strong
f88399a39d56b310a14aa58ca95c614022a5899dc39317b98006d9f8dc71cbee,.utmp/RelWithDebInfo/5q2osh50/arm64-v8a/CMakeFiles/3.22.1-g37088a8/CompilerIdC/CMakeCCompilerId.c,24853,24.3 KB,3,74559,72.8 KB,Filesystem duplicate; verify use,High-risk deletion unless unreferenced evidence strong
f88399a39d56b310a14aa58ca95c614022a5899dc39317b98006d9f8dc71cbee,.utmp/Debug/2g58671a/arm64-v8a/CMakeFiles/3.22.1-g37088a8/CompilerIdC/CMakeCCompilerId.c,24853,24.3 KB,3,74559,72.8 KB,Filesystem duplicate; verify use,High-risk deletion unless unreferenced evidence strong
f88399a39d56b310a14aa58ca95c614022a5899dc39317b98006d9f8dc71cbee,.utmp/Debug/4a3135k6/arm64-v8a/CMakeFiles/3.22.1-g37088a8/CompilerIdC/CMakeCCompilerId.c,24853,24.3 KB,3,74559,72.8 KB,Filesystem duplicate; verify use,High-risk deletion unless unreferenced evidence strong
bd1f2250416e16ed26d6db1890f822a01d487df29d20e87407ef4ce72c314ba0,.utmp/RelWithDebInfo/5q2osh50/arm64-v8a/CMakeFiles/3.22.1-g37088a8/CompilerIdCXX/CMakeCXXCompilerId.cpp,24597,24.0 KB,3,73791,72.1 KB,Filesystem duplicate; verify use,High-risk deletion unless unreferenced evidence strong
bd1f2250416e16ed26d6db1890f822a01d487df29d20e87407ef4ce72c314ba0,.utmp/Debug/2g58671a/arm64-v8a/CMakeFiles/3.22.1-g37088a8/CompilerIdCXX/CMakeCXXCompilerId.cpp,24597,24.0 KB,3,73791,72.1 KB,Filesystem duplicate; verify use,High-risk deletion unless unreferenced evidence strong
bd1f2250416e16ed26d6db1890f822a01d487df29d20e87407ef4ce72c314ba0,.utmp/Debug/4a3135k6/arm64-v8a/CMakeFiles/3.22.1-g37088a8/CompilerIdCXX/CMakeCXXCompilerId.cpp,24597,24.0 KB,3,73791,72.1 KB,Filesystem duplicate; verify use,High-risk deletion unless unreferenced evidence strong
34ac89a61a1a56db6578b27a739eef5a00a98dbc342a69a57546b55db45e669d,.utmp/RelWithDebInfo/5q2osh50/arm64-v8a/.cmake/api/v1/reply/directory-GameActivity-RelWithDebInfo-f368e6d506ea21fe2607.json,176,176 B,3,528,528 B,Filesystem duplicate; verify use,High-risk deletion unless unreferenced evidence strong
34ac89a61a1a56db6578b27a739eef5a00a98dbc342a69a57546b55db45e669d,.utmp/Debug/2g58671a/arm64-v8a/.cmake/api/v1/reply/directory-GameActivity-Debug-f368e6d506ea21fe2607.json,176,176 B,3,528,528 B,Filesystem duplicate; verify use,High-risk deletion unless unreferenced evidence strong
34ac89a61a1a56db6578b27a739eef5a00a98dbc342a69a57546b55db45e669d,.utmp/Debug/4a3135k6/arm64-v8a/.cmake/api/v1/reply/directory-GameActivity-Debug-f368e6d506ea21fe2607.json,176,176 B,3,528,528 B,Filesystem duplicate; verify use,High-risk deletion unless unreferenced evidence strong
86e7a30b8b63ba3392582621985aeef407bddffc28967e4e9f1ebcf80cb8b8a0,.utmp/RelWithDebInfo/5q2osh50/arm64-v8a/.cmake/api/v1/reply/directory-.-RelWithDebInfo-f5ebdc15457944623624.json,154,154 B,3,462,462 B,Filesystem duplicate; verify use,High-risk deletion unless unreferenced evidence strong
86e7a30b8b63ba3392582621985aeef407bddffc28967e4e9f1ebcf80cb8b8a0,.utmp/Debug/2g58671a/arm64-v8a/.cmake/api/v1/reply/directory-.-Debug-f5ebdc15457944623624.json,154,154 B,3,462,462 B,Filesystem duplicate; verify use,High-risk deletion unless unreferenced evidence strong
86e7a30b8b63ba3392582621985aeef407bddffc28967e4e9f1ebcf80cb8b8a0,.utmp/Debug/4a3135k6/arm64-v8a/.cmake/api/v1/reply/directory-.-Debug-f5ebdc15457944623624.json,154,154 B,3,462,462 B,Filesystem duplicate; verify use,High-risk deletion unless unreferenced evidence strong
e3b0c44298fc1c149afbf4c8996fb92427ae41e4649b934ca495991b7852b855,.utmp/RelWithDebInfo/5q2osh50/arm64-v8a/.cmake/api/v1/query/client-agp/codemodel-v2,0,0 B,16,0,0 B,Filesystem duplicate; verify use,High-risk deletion unless unreferenced evidence strong
e3b0c44298fc1c149afbf4c8996fb92427ae41e4649b934ca495991b7852b855,.utmp/RelWithDebInfo/5q2osh50/arm64-v8a/.cmake/api/v1/query/client-agp/cmakeFiles-v1,0,0 B,16,0,0 B,Filesystem duplicate; verify use,High-risk deletion unless unreferenced evidence strong
e3b0c44298fc1c149afbf4c8996fb92427ae41e4649b934ca495991b7852b855,.utmp/RelWithDebInfo/5q2osh50/arm64-v8a/.cmake/api/v1/query/client-agp/cache-v2,0,0 B,16,0,0 B,Filesystem duplicate; verify use,High-risk deletion unless unreferenced evidence strong
e3b0c44298fc1c149afbf4c8996fb92427ae41e4649b934ca495991b7852b855,.utmp/Debug/2g58671a/arm64-v8a/.cmake/api/v1/query/client-agp/codemodel-v2,0,0 B,16,0,0 B,Filesystem duplicate; verify use,High-risk deletion unless unreferenced evidence strong
e3b0c44298fc1c149afbf4c8996fb92427ae41e4649b934ca495991b7852b855,.utmp/Debug/2g58671a/arm64-v8a/.cmake/api/v1/query/client-agp/cmakeFiles-v1,0,0 B,16,0,0 B,Filesystem duplicate; verify use,High-risk deletion unless unreferenced evidence strong
e3b0c44298fc1c149afbf4c8996fb92427ae41e4649b934ca495991b7852b855,.utmp/Debug/2g58671a/arm64-v8a/.cmake/api/v1/query/client-agp/cache-v2,0,0 B,16,0,0 B,Filesystem duplicate; verify use,High-risk deletion unless unreferenced evidence strong
e3b0c44298fc1c149afbf4c8996fb92427ae41e4649b934ca495991b7852b855,.utmp/Debug/4a3135k6/arm64-v8a/.cmake/api/v1/query/client-agp/codemodel-v2,0,0 B,16,0,0 B,Filesystem duplicate; verify use,High-risk deletion unless unreferenced evidence strong
e3b0c44298fc1c149afbf4c8996fb92427ae41e4649b934ca495991b7852b855,.utmp/Debug/4a3135k6/arm64-v8a/.cmake/api/v1/query/client-agp/cmakeFiles-v1,0,0 B,16,0,0 B,Filesystem duplicate; verify use,High-risk deletion unless unreferenced evidence strong
e3b0c44298fc1c149afbf4c8996fb92427ae41e4649b934ca495991b7852b855,.utmp/Debug/4a3135k6/arm64-v8a/.cmake/api/v1/query/client-agp/cache-v2,0,0 B,16,0,0 B,Filesystem duplicate; verify use,High-risk deletion unless unreferenced evidence strong
e3b0c44298fc1c149afbf4c8996fb92427ae41e4649b934ca495991b7852b855,Packages/org.khronos.unitygltf/Runtime/Plugins/GLTFSerialization/Schema/GLTFExtensions.cs,0,0 B,16,0,0 B,Filesystem duplicate; verify use,High-risk deletion unless unreferenced evidence strong
e3b0c44298fc1c149afbf4c8996fb92427ae41e4649b934ca495991b7852b855,Packages/org.khronos.unitygltf/Runtime/Shaders/ShaderGraph/2020-Legacy/PBRGraph-Transparent.override-graph,0,0 B,16,0,0 B,Filesystem duplicate; verify use,High-risk deletion unless unreferenced evidence strong
e3b0c44298fc1c149afbf4c8996fb92427ae41e4649b934ca495991b7852b855,Packages/org.khronos.unitygltf/Runtime/Shaders/ShaderGraph/2020-Legacy/UnlitGraph-Double.override-graph,0,0 B,16,0,0 B,Filesystem duplicate; verify use,High-risk deletion unless unreferenced evidence strong
e3b0c44298fc1c149afbf4c8996fb92427ae41e4649b934ca495991b7852b855,Packages/org.khronos.unitygltf/Runtime/Shaders/ShaderGraph/2020-Legacy/UnlitGraph-Transparent-Double.override-graph,0,0 B,16,0,0 B,Filesystem duplicate; verify use,High-risk deletion unless unreferenced evidence strong
e3b0c44298fc1c149afbf4c8996fb92427ae41e4649b934ca495991b7852b855,Packages/org.khronos.unitygltf/Runtime/Shaders/ShaderGraph/2020-Legacy/PBRGraph-Transparent-Double.override-graph,0,0 B,16,0,0 B,Filesystem duplicate; verify use,High-risk deletion unless unreferenced evidence strong
e3b0c44298fc1c149afbf4c8996fb92427ae41e4649b934ca495991b7852b855,Packages/org.khronos.unitygltf/Runtime/Shaders/ShaderGraph/2020-Legacy/UnlitGraph-Transparent.override-graph,0,0 B,16,0,0 B,Filesystem duplicate; verify use,High-risk deletion unless unreferenced evidence strong
e3b0c44298fc1c149afbf4c8996fb92427ae41e4649b934ca495991b7852b855,Packages/org.khronos.unitygltf/Runtime/Shaders/ShaderGraph/2020-Legacy/PBRGraph-Double.override-graph,0,0 B,16,0,0 B,Filesystem duplicate; verify use,High-risk deletion unless unreferenced evidence strong
f21535f624728842f9aac5ee8ba55506ca8e536ff04a1e3bad7240b4badcd327,.utmp/RelWithDebInfo/5q2osh50/prefab/arm64-v8a/prefab/lib/aarch64-linux-android/cmake/game-activity/game-activityConfig.cmake,1284,1.3 KB,2,2568,2.5 KB,Filesystem duplicate; verify use,High-risk deletion unless unreferenced evidence strong
f21535f624728842f9aac5ee8ba55506ca8e536ff04a1e3bad7240b4badcd327,.utmp/Debug/2g58671a/prefab/arm64-v8a/prefab/lib/aarch64-linux-android/cmake/game-activity/game-activityConfig.cmake,1284,1.3 KB,2,2568,2.5 KB,Filesystem duplicate; verify use,High-risk deletion unless unreferenced evidence strong
048e8583815be50f1565dd1b947a725db7aac5152bcf08323f7575bfa45fdf49,.utmp/RelWithDebInfo/5q2osh50/prefab/arm64-v8a/prefab/lib/aarch64-linux-android/cmake/OpenXR/OpenXRConfig.cmake,767,767 B,2,1534,1.5 KB,Filesystem duplicate; verify use,High-risk deletion unless unreferenced evidence strong
048e8583815be50f1565dd1b947a725db7aac5152bcf08323f7575bfa45fdf49,.utmp/Debug/2g58671a/prefab/arm64-v8a/prefab/lib/aarch64-linux-android/cmake/OpenXR/OpenXRConfig.cmake,767,767 B,2,1534,1.5 KB,Filesystem duplicate; verify use,High-risk deletion unless unreferenced evidence strong
8b1e7d3a67bc59e981d84d30e44e936c2d9e62e23fa6ba87916bd8bdf1e14bd9,.utmp/RelWithDebInfo/5q2osh50/prefab/arm64-v8a/prefab/lib/aarch64-linux-android/cmake/OpenXR/OpenXRConfigVersion.cmake,310,310 B,3,930,930 B,Filesystem duplicate; verify use,High-risk deletion unless unreferenced evidence strong
8b1e7d3a67bc59e981d84d30e44e936c2d9e62e23fa6ba87916bd8bdf1e14bd9,.utmp/Debug/2g58671a/prefab/arm64-v8a/prefab/lib/aarch64-linux-android/cmake/OpenXR/OpenXRConfigVersion.cmake,310,310 B,3,930,930 B,Filesystem duplicate; verify use,High-risk deletion unless unreferenced evidence strong
8b1e7d3a67bc59e981d84d30e44e936c2d9e62e23fa6ba87916bd8bdf1e14bd9,.utmp/Debug/4a3135k6/prefab/arm64-v8a/prefab/lib/aarch64-linux-android/cmake/OpenXR/OpenXRConfigVersion.cmake,310,310 B,3,930,930 B,Filesystem duplicate; verify use,High-risk deletion unless unreferenced evidence strong
905cd2343415d66debd7f516d6bed9ee440d12323e9878dd2f36e56f38678fd4,webgl/StreamingAssets/in_my_sisters_room_xr.mp4,78793971,75.1 MB,2,157587942,150.3 MB,Filesystem duplicate; verify use,High-risk deletion unless unreferenced evidence strong
905cd2343415d66debd7f516d6bed9ee440d12323e9878dd2f36e56f38678fd4,Assets/StreamingAssets/in_my_sisters_room_xr.mp4,78793971,75.1 MB,2,157587942,150.3 MB,Likely safe verify in Unity,High-risk deletion unless unreferenced evidence strong
cd0928a934a144b202c2f71ca32fbd7b1be9e3febafad1115efe4539fb73ac49,webgl/StreamingAssets/you don't know about style my darling_720p.mp4,14920335,14.2 MB,3,44761005,42.7 MB,Filesystem duplicate; verify use,High-risk deletion unless unreferenced evidence strong
cd0928a934a144b202c2f71ca32fbd7b1be9e3febafad1115efe4539fb73ac49,Assets/BCaT_assets/Ri/you don't know about style my darling_720p.mp4,14920335,14.2 MB,3,44761005,42.7 MB,Likely safe verify in Unity,High-risk deletion unless unreferenced evidence strong
cd0928a934a144b202c2f71ca32fbd7b1be9e3febafad1115efe4539fb73ac49,Assets/StreamingAssets/you don't know about style my darling_720p.mp4,14920335,14.2 MB,3,44761005,42.7 MB,Likely safe verify in Unity,High-risk deletion unless unreferenced evidence strong
6e716a4845b17d0db69e2043d4440c12df87cca3a2c81f5fdcfa98ac40662334,webgl/StreamingAssets/subjected_to_recognition_720p.mp4,230720,225.3 KB,3,692160,675.9 KB,Filesystem duplicate; verify use,High-risk deletion unless unreferenced evidence strong
6e716a4845b17d0db69e2043d4440c12df87cca3a2c81f5fdcfa98ac40662334,Assets/BCaT_assets/Meshell_Sturgis/subjected_to_recognition_720p.mp4,230720,225.3 KB,3,692160,675.9 KB,Likely safe verify in Unity,High-risk deletion unless unreferenced evidence strong
6e716a4845b17d0db69e2043d4440c12df87cca3a2c81f5fdcfa98ac40662334,Assets/StreamingAssets/subjected_to_recognition_720p.mp4,230720,225.3 KB,3,692160,675.9 KB,Likely safe verify in Unity,High-risk deletion unless unreferenced evidence strong
98946328da58f6f901bab2feb29136936489278ee2e518cfd39da449b54840a3,webgl/StreamingAssets/such lovely gravy_720p.mp4,7518495,7.2 MB,3,22555485,21.5 MB,Filesystem duplicate; verify use,High-risk deletion unless unreferenced evidence strong
98946328da58f6f901bab2feb29136936489278ee2e518cfd39da449b54840a3,Assets/BCaT_assets/Ri/such lovely gravy_720p.mp4,7518495,7.2 MB,3,22555485,21.5 MB,Likely safe verify in Unity,High-risk deletion unless unreferenced evidence strong
98946328da58f6f901bab2feb29136936489278ee2e518cfd39da449b54840a3,Assets/StreamingAssets/such lovely gravy_720p.mp4,7518495,7.2 MB,3,22555485,21.5 MB,Likely safe verify in Unity,High-risk deletion unless unreferenced evidence strong
01228c2bbb51049149b309038245cc8534dd5d339a2f579738559de531914fe5,webgl/StreamingAssets/Linda_Leaks_CHOF_720p.mp4,34127159,32.5 MB,3,102381477,97.6 MB,Filesystem duplicate; verify use,High-risk deletion unless unreferenced evidence strong
01228c2bbb51049149b309038245cc8534dd5d339a2f579738559de531914fe5,Assets/BCaT_assets/LindaLeaks/Linda_Leaks_CHOF_720p.mp4,34127159,32.5 MB,3,102381477,97.6 MB,Likely safe verify in Unity,High-risk deletion unless unreferenced evidence strong
01228c2bbb51049149b309038245cc8534dd5d339a2f579738559de531914fe5,Assets/StreamingAssets/Linda_Leaks_CHOF_720p.mp4,34127159,32.5 MB,3,102381477,97.6 MB,Likely safe verify in Unity,High-risk deletion unless unreferenced evidence strong
1ca0d4099519684bdafb844bcb0160a3d0e988c71660e1ce5b24347a91cdb244,webgl/StreamingAssets/and that is the truth - you know what I'm meaning_720p.mp4,124790760,119.0 MB,3,374372280,357.0 MB,Filesystem duplicate; verify use,High-risk deletion unless unreferenced evidence strong
1ca0d4099519684bdafb844bcb0160a3d0e988c71660e1ce5b24347a91cdb244,Assets/BCaT_assets/Ri/and that is the truth - you know what I'm meaning_720p.mp4,124790760,119.0 MB,3,374372280,357.0 MB,Likely safe verify in Unity,High-risk deletion unless unreferenced evidence strong
1ca0d4099519684bdafb844bcb0160a3d0e988c71660e1ce5b24347a91cdb244,Assets/StreamingAssets/and that is the truth - you know what I'm meaning_720p.mp4,124790760,119.0 MB,3,374372280,357.0 MB,Likely safe verify in Unity,High-risk deletion unless unreferenced evidence strong
751861040b69ea63a3827507b7c8da9c7f549dc181c1c8af4b7ca78cc97d710a,build.app/Contents/MonoBleedingEdge/etc/mono/2.0/DefaultWsdlHelpGenerator.aspx,60575,59.2 KB,3,181725,177.5 KB,Filesystem duplicate; verify use,High-risk deletion unless unreferenced evidence strong
751861040b69ea63a3827507b7c8da9c7f549dc181c1c8af4b7ca78cc97d710a,build.app/Contents/MonoBleedingEdge/etc/mono/4.5/DefaultWsdlHelpGenerator.aspx,60575,59.2 KB,3,181725,177.5 KB,Filesystem duplicate; verify use,High-risk deletion unless unreferenced evidence strong
751861040b69ea63a3827507b7c8da9c7f549dc181c1c8af4b7ca78cc97d710a,build.app/Contents/MonoBleedingEdge/etc/mono/4.0/DefaultWsdlHelpGenerator.aspx,60575,59.2 KB,3,181725,177.5 KB,Filesystem duplicate; verify use,High-risk deletion unless unreferenced evidence strong
8a1082057ac5681dcd4e9c227ed7fb8eb42ac1618963b5de3b65739dd77e2741,build.app/Contents/MonoBleedingEdge/etc/mono/2.0/Browsers/Compat.browser,1605,1.6 KB,3,4815,4.7 KB,Filesystem duplicate; verify use,High-risk deletion unless unreferenced evidence strong
8a1082057ac5681dcd4e9c227ed7fb8eb42ac1618963b5de3b65739dd77e2741,build.app/Contents/MonoBleedingEdge/etc/mono/4.5/Browsers/Compat.browser,1605,1.6 KB,3,4815,4.7 KB,Filesystem duplicate; verify use,High-risk deletion unless unreferenced evidence strong
8a1082057ac5681dcd4e9c227ed7fb8eb42ac1618963b5de3b65739dd77e2741,build.app/Contents/MonoBleedingEdge/etc/mono/4.0/Browsers/Compat.browser,1605,1.6 KB,3,4815,4.7 KB,Filesystem duplicate; verify use,High-risk deletion unless unreferenced evidence strong
ce1db1ad8a9512073164e3eccdc193f7eda036e1a9733caec4635de21b2865c8,build.app/Contents/MonoBleedingEdge/etc/mono/4.5/settings.map,2622,2.6 KB,2,5244,5.1 KB,Filesystem duplicate; verify use,High-risk deletion unless unreferenced evidence strong
ce1db1ad8a9512073164e3eccdc193f7eda036e1a9733caec4635de21b2865c8,build.app/Contents/MonoBleedingEdge/etc/mono/4.0/settings.map,2622,2.6 KB,2,5244,5.1 KB,Filesystem duplicate; verify use,High-risk deletion unless unreferenced evidence strong
b500b3283be757ac74d2d5d10a681c724726a42a65c2da7be49b9117f646bea3,Logs/shadercompiler-AssetImportWorker0-0.log,507,507 B,2,1014,1014 B,Filesystem duplicate; verify use,High-risk deletion unless unreferenced evidence strong
b500b3283be757ac74d2d5d10a681c724726a42a65c2da7be49b9117f646bea3,Logs/shadercompiler-AssetImportWorker1-0.log,507,507 B,2,1014,1014 B,Filesystem duplicate; verify use,High-risk deletion unless unreferenced evidence strong
b1910f7fe48f042f99400914c8144d81932b3973f2dc21b882171372d37df243,Packages/org.khronos.unitygltf/Runtime/Plugins/Optimization/AssemblyInfo.cs,91,91 B,2,182,182 B,Filesystem duplicate; verify use,High-risk deletion unless unreferenced evidence strong
b1910f7fe48f042f99400914c8144d81932b3973f2dc21b882171372d37df243,Packages/org.khronos.unitygltf/Runtime/Plugins/GLTFSerialization/AssemblyInfo.cs,91,91 B,2,182,182 B,Filesystem duplicate; verify use,High-risk deletion unless unreferenced evidence strong
f1cf6acf766fa3f152ae27807dfe16b94ae7d3f836b4d7262abe4ca411eccc31,Assets/RealBlend/Art/Materials/Textures/Moss002_2K-PNG_Color 1.png,9129253,8.7 MB,2,18258506,17.4 MB,Likely safe verify in Unity,High-risk deletion unless unreferenced evidence strong
f1cf6acf766fa3f152ae27807dfe16b94ae7d3f836b4d7262abe4ca411eccc31,Assets/RealBlend/Art/Materials/Textures/Moss002_2K-PNG_Color.png,9129253,8.7 MB,2,18258506,17.4 MB,Likely safe verify in Unity,High-risk deletion unless unreferenced evidence strong
7c3535a925ef7e65b087886a749fcd112e9ebdf9a2f12e0d4c70c292fa97bbf5,Assets/_Recovery/0 (10).unity,5252494,5.0 MB,2,10504988,10.0 MB,Likely safe verify in Unity,High-risk deletion unless unreferenced evidence strong
7c3535a925ef7e65b087886a749fcd112e9ebdf9a2f12e0d4c70c292fa97bbf5,Assets/_Recovery/0 (9).unity,5252494,5.0 MB,2,10504988,10.0 MB,Likely safe verify in Unity,High-risk deletion unless unreferenced evidence strong
fa8066a2fd0627393863e1800ded81315fbbbdca3caf88efef50604a87bd8b2d,Assets/_Recovery/0 (22).unity,6038041,5.8 MB,2,12076082,11.5 MB,Likely safe verify in Unity,High-risk deletion unless unreferenced evidence strong
fa8066a2fd0627393863e1800ded81315fbbbdca3caf88efef50604a87bd8b2d,Assets/_Recovery/0 (21).unity,6038041,5.8 MB,2,12076082,11.5 MB,Likely safe verify in Unity,High-risk deletion unless unreferenced evidence strong
2dab5017419a2ee28505c5594da8f22a492895f3ae30dd8afc70a6a0c52ddc1a,Assets/_Recovery/0 (20).unity,3539,3.5 KB,3,10617,10.4 KB,Likely safe verify in Unity,High-risk deletion unless unreferenced evidence strong
2dab5017419a2ee28505c5594da8f22a492895f3ae30dd8afc70a6a0c52ddc1a,Assets/_Recovery/0 (19).unity,3539,3.5 KB,3,10617,10.4 KB,Likely safe verify in Unity,High-risk deletion unless unreferenced evidence strong
2dab5017419a2ee28505c5594da8f22a492895f3ae30dd8afc70a6a0c52ddc1a,Assets/_Recovery/0 (4).unity,3539,3.5 KB,3,10617,10.4 KB,Likely safe verify in Unity,High-risk deletion unless unreferenced evidence strong
43218ac208b627c4806930f855fcf27f4076d96ee8827e59ad18be188d745d3c,Assets/picture-frame/textures/pictureframe.png,1692975,1.6 MB,2,3385950,3.2 MB,Likely safe verify in Unity,High-risk deletion unless unreferenced evidence strong
43218ac208b627c4806930f855fcf27f4076d96ee8827e59ad18be188d745d3c,Assets/BCaT_assets/BlackParlors/Assets/picture-frame/textures/pictureframe.png,1692975,1.6 MB,2,3385950,3.2 MB,Likely safe verify in Unity,High-risk deletion unless unreferenced evidence strong
296718bd49856de3929b496bdd7063fad81d4e939b0377ae8812c2bfcabfba5f,Assets/picture-frame/source/pictureframe.fbx,2166880,2.1 MB,2,4333760,4.1 MB,Likely safe verify in Unity,High-risk deletion unless unreferenced evidence strong
296718bd49856de3929b496bdd7063fad81d4e939b0377ae8812c2bfcabfba5f,Assets/BCaT_assets/BlackParlors/Assets/picture-frame/source/pictureframe.fbx,2166880,2.1 MB,2,4333760,4.1 MB,Likely safe verify in Unity,High-risk deletion unless unreferenced evidence strong
3723c5ecc7c3bd1b5253ba77239e118f4925e136654f75203fbfe9fbcc196495,Assets/Furniture Mega Pack/Textures/Tables/Table15/Table15_mat_Table15_MetallicSmoothness.png,21250,20.8 KB,2,42500,41.5 KB,Likely safe verify in Unity,High-risk deletion unless unreferenced evidence strong
3723c5ecc7c3bd1b5253ba77239e118f4925e136654f75203fbfe9fbcc196495,Assets/Furniture Mega Pack/Textures/Chairs/Chair22/Chair22_mat_Chair22_MetallicSmoothness.png,21250,20.8 KB,2,42500,41.5 KB,Likely safe verify in Unity,High-risk deletion unless unreferenced evidence strong
8f46e1fedb3034951e1fb9245c7c26e0f59baf0233e0a49b7392f1becfbe4697,Assets/Furniture Mega Pack/Textures/Tables/Table03/Table03_mat_Table03_MetallicSmoothness.png,21250,20.8 KB,3,63750,62.3 KB,Likely safe verify in Unity,High-risk deletion unless unreferenced evidence strong
8f46e1fedb3034951e1fb9245c7c26e0f59baf0233e0a49b7392f1becfbe4697,Assets/Furniture Mega Pack/Textures/Tables/Table05/Table05_mat_Table05_MetallicSmoothness.png,21250,20.8 KB,3,63750,62.3 KB,Likely safe verify in Unity,High-risk deletion unless unreferenced evidence strong
8f46e1fedb3034951e1fb9245c7c26e0f59baf0233e0a49b7392f1becfbe4697,Assets/Furniture Mega Pack/Textures/Chairs/Chair23/Chair23_mat_Chair23_MetallicSmoothness.png,21250,20.8 KB,3,63750,62.3 KB,Likely safe verify in Unity,High-risk deletion unless unreferenced evidence strong
e88819cd69140a56bc2947ec633ab6f8409b82fe2b817ee78521450fc531b307,Assets/Furniture Mega Pack/Textures/Cushions/Cushion37_40/Cushion37_40_mat_Cushion37_40_MetallicSmoothness.png,21250,20.8 KB,2,42500,41.5 KB,Likely safe verify in Unity,High-risk deletion unless unreferenced evidence strong
e88819cd69140a56bc2947ec633ab6f8409b82fe2b817ee78521450fc531b307,Assets/Furniture Mega Pack/Textures/Cushions/Cushion29_36/Cushion29_36_mat_Cushion29_36_MetallicSmoothness.png,21250,20.8 KB,2,42500,41.5 KB,Likely safe verify in Unity,High-risk deletion unless unreferenced evidence strong
2dab70c23e41012f7d0d95b185a29fa8e8ae14d999e7ae7491d885eae9208e7f,Assets/Furniture Mega Pack/Textures/Chairs/Chair35/Chair35_mat_Chair35_Normal.png,3714823,3.5 MB,2,7429646,7.1 MB,Likely safe verify in Unity,High-risk deletion unless unreferenced evidence strong
2dab70c23e41012f7d0d95b185a29fa8e8ae14d999e7ae7491d885eae9208e7f,Assets/Furniture Mega Pack/Textures/Chairs/Chair34/Chair34_mat_Chair34_Normal.png,3714823,3.5 MB,2,7429646,7.1 MB,Likely safe verify in Unity,High-risk deletion unless unreferenced evidence strong
f69931c595cfe75484ee8d071e54f03d2e6eb5e4072123811b1cfc3e2a7947fa,Assets/HyTeKGames/SRPMaterialConverter/ConvertedMaterials/Maps/pattern_wall_1_AO.png,78118,76.3 KB,77,6015086,5.7 MB,Likely safe verify in Unity,High-risk deletion unless unreferenced evidence strong
f69931c595cfe75484ee8d071e54f03d2e6eb5e4072123811b1cfc3e2a7947fa,Assets/HyTeKGames/SRPMaterialConverter/ConvertedMaterials/Maps/Furniture_Atlas_1_1_AO.png,78118,76.3 KB,77,6015086,5.7 MB,Likely safe verify in Unity,High-risk deletion unless unreferenced evidence strong
f69931c595cfe75484ee8d071e54f03d2e6eb5e4072123811b1cfc3e2a7947fa,Assets/HyTeKGames/SRPMaterialConverter/ConvertedMaterials/Maps/bedroom_wall4_1_AO.png,78118,76.3 KB,77,6015086,5.7 MB,Likely safe verify in Unity,High-risk deletion unless unreferenced evidence strong
f69931c595cfe75484ee8d071e54f03d2e6eb5e4072123811b1cfc3e2a7947fa,Assets/HyTeKGames/SRPMaterialConverter/ConvertedMaterials/Maps/dinning_table_1_AO.png,78118,76.3 KB,77,6015086,5.7 MB,Likely safe verify in Unity,High-risk deletion unless unreferenced evidence strong
f69931c595cfe75484ee8d071e54f03d2e6eb5e4072123811b1cfc3e2a7947fa,Assets/HyTeKGames/SRPMaterialConverter/ConvertedMaterials/Maps/Lamp_emission_1_Metallic.png,78118,76.3 KB,77,6015086,5.7 MB,Likely safe verify in Unity,High-risk deletion unless unreferenced evidence strong
f69931c595cfe75484ee8d071e54f03d2e6eb5e4072123811b1cfc3e2a7947fa,Assets/HyTeKGames/SRPMaterialConverter/ConvertedMaterials/Maps/bed_1_AO.png,78118,76.3 KB,77,6015086,5.7 MB,Likely safe verify in Unity,High-risk deletion unless unreferenced evidence strong
f69931c595cfe75484ee8d071e54f03d2e6eb5e4072123811b1cfc3e2a7947fa,Assets/HyTeKGames/SRPMaterialConverter/ConvertedMaterials/Maps/Lamp_emission_Metallic.png,78118,76.3 KB,77,6015086,5.7 MB,Likely safe verify in Unity,High-risk deletion unless unreferenced evidence strong
f69931c595cfe75484ee8d071e54f03d2e6eb5e4072123811b1cfc3e2a7947fa,Assets/HyTeKGames/SRPMaterialConverter/ConvertedMaterials/Maps/bathroom_wall3_1_AO.png,78118,76.3 KB,77,6015086,5.7 MB,Likely safe verify in Unity,High-risk deletion unless unreferenced evidence strong
f69931c595cfe75484ee8d071e54f03d2e6eb5e4072123811b1cfc3e2a7947fa,Assets/HyTeKGames/SRPMaterialConverter/ConvertedMaterials/Maps/chimini_3_Metallic.png,78118,76.3 KB,77,6015086,5.7 MB,Likely safe verify in Unity,High-risk deletion unless unreferenced evidence strong
f69931c595cfe75484ee8d071e54f03d2e6eb5e4072123811b1cfc3e2a7947fa,Assets/HyTeKGames/SRPMaterialConverter/ConvertedMaterials/Maps/Lamp_emission_1_AO.png,78118,76.3 KB,77,6015086,5.7 MB,Likely safe verify in Unity,High-risk deletion unless unreferenced evidence strong
f69931c595cfe75484ee8d071e54f03d2e6eb5e4072123811b1cfc3e2a7947fa,Assets/HyTeKGames/SRPMaterialConverter/ConvertedMaterials/Maps/bed_AO.png,78118,76.3 KB,77,6015086,5.7 MB,Likely safe verify in Unity,High-risk deletion unless unreferenced evidence strong
f69931c595cfe75484ee8d071e54f03d2e6eb5e4072123811b1cfc3e2a7947fa,Assets/HyTeKGames/SRPMaterialConverter/ConvertedMaterials/Maps/washingmachineclosed_1_AO.png,78118,76.3 KB,77,6015086,5.7 MB,Likely safe verify in Unity,High-risk deletion unless unreferenced evidence strong
f69931c595cfe75484ee8d071e54f03d2e6eb5e4072123811b1cfc3e2a7947fa,Assets/HyTeKGames/SRPMaterialConverter/ConvertedMaterials/Maps/toilet_wood1_1_AO.png,78118,76.3 KB,77,6015086,5.7 MB,Likely safe verify in Unity,High-risk deletion unless unreferenced evidence strong
f69931c595cfe75484ee8d071e54f03d2e6eb5e4072123811b1cfc3e2a7947fa,Assets/HyTeKGames/SRPMaterialConverter/ConvertedMaterials/Maps/Notepad_1_AO.png,78118,76.3 KB,77,6015086,5.7 MB,Likely safe verify in Unity,High-risk deletion unless unreferenced evidence strong
f69931c595cfe75484ee8d071e54f03d2e6eb5e4072123811b1cfc3e2a7947fa,Assets/HyTeKGames/SRPMaterialConverter/ConvertedMaterials/Maps/balcony_wood_AO.png,78118,76.3 KB,77,6015086,5.7 MB,Likely safe verify in Unity,High-risk deletion unless unreferenced evidence strong
f69931c595cfe75484ee8d071e54f03d2e6eb5e4072123811b1cfc3e2a7947fa,Assets/HyTeKGames/SRPMaterialConverter/ConvertedMaterials/Maps/bedroom_floor3_AO.png,78118,76.3 KB,77,6015086,5.7 MB,Likely safe verify in Unity,High-risk deletion unless unreferenced evidence strong
f69931c595cfe75484ee8d071e54f03d2e6eb5e4072123811b1cfc3e2a7947fa,Assets/HyTeKGames/SRPMaterialConverter/ConvertedMaterials/Maps/lamp_1_Metallic.png,78118,76.3 KB,77,6015086,5.7 MB,Likely safe verify in Unity,High-risk deletion unless unreferenced evidence strong
f69931c595cfe75484ee8d071e54f03d2e6eb5e4072123811b1cfc3e2a7947fa,Assets/HyTeKGames/SRPMaterialConverter/ConvertedMaterials/Maps/chimini_2_Metallic.png,78118,76.3 KB,77,6015086,5.7 MB,Likely safe verify in Unity,High-risk deletion unless unreferenced evidence strong
f69931c595cfe75484ee8d071e54f03d2e6eb5e4072123811b1cfc3e2a7947fa,Assets/HyTeKGames/SRPMaterialConverter/ConvertedMaterials/Maps/washingMachine_1_AO.png,78118,76.3 KB,77,6015086,5.7 MB,Likely safe verify in Unity,High-risk deletion unless unreferenced evidence strong
f69931c595cfe75484ee8d071e54f03d2e6eb5e4072123811b1cfc3e2a7947fa,Assets/HyTeKGames/SRPMaterialConverter/ConvertedMaterials/Maps/washingMachine_AO.png,78118,76.3 KB,77,6015086,5.7 MB,Likely safe verify in Unity,High-risk deletion unless unreferenced evidence strong
f69931c595cfe75484ee8d071e54f03d2e6eb5e4072123811b1cfc3e2a7947fa,Assets/HyTeKGames/SRPMaterialConverter/ConvertedMaterials/Maps/inner_roof3_AO.png,78118,76.3 KB,77,6015086,5.7 MB,Likely safe verify in Unity,High-risk deletion unless unreferenced evidence strong
f69931c595cfe75484ee8d071e54f03d2e6eb5e4072123811b1cfc3e2a7947fa,Assets/HyTeKGames/SRPMaterialConverter/ConvertedMaterials/Maps/glass_wall_glass4_AO.png,78118,76.3 KB,77,6015086,5.7 MB,Likely safe verify in Unity,High-risk deletion unless unreferenced evidence strong
f69931c595cfe75484ee8d071e54f03d2e6eb5e4072123811b1cfc3e2a7947fa,Assets/HyTeKGames/SRPMaterialConverter/ConvertedMaterials/Maps/kitchan_mat_2_AO.png,78118,76.3 KB,77,6015086,5.7 MB,Likely safe verify in Unity,High-risk deletion unless unreferenced evidence strong
f69931c595cfe75484ee8d071e54f03d2e6eb5e4072123811b1cfc3e2a7947fa,Assets/HyTeKGames/SRPMaterialConverter/ConvertedMaterials/Maps/metal_1_Metallic.png,78118,76.3 KB,77,6015086,5.7 MB,Likely safe verify in Unity,High-risk deletion unless unreferenced evidence strong
f69931c595cfe75484ee8d071e54f03d2e6eb5e4072123811b1cfc3e2a7947fa,Assets/HyTeKGames/SRPMaterialConverter/ConvertedMaterials/Maps/pattern_wall_AO.png,78118,76.3 KB,77,6015086,5.7 MB,Likely safe verify in Unity,High-risk deletion unless unreferenced evidence strong
f69931c595cfe75484ee8d071e54f03d2e6eb5e4072123811b1cfc3e2a7947fa,Assets/HyTeKGames/SRPMaterialConverter/ConvertedMaterials/Maps/gold_tap_handle_3_Metallic.png,78118,76.3 KB,77,6015086,5.7 MB,Likely safe verify in Unity,High-risk deletion unless unreferenced evidence strong
f69931c595cfe75484ee8d071e54f03d2e6eb5e4072123811b1cfc3e2a7947fa,Assets/HyTeKGames/SRPMaterialConverter/ConvertedMaterials/Maps/livingroom_wall3_AO.png,78118,76.3 KB,77,6015086,5.7 MB,Likely safe verify in Unity,High-risk deletion unless unreferenced evidence strong
f69931c595cfe75484ee8d071e54f03d2e6eb5e4072123811b1cfc3e2a7947fa,Assets/HyTeKGames/SRPMaterialConverter/ConvertedMaterials/Maps/lamp_Metallic.png,78118,76.3 KB,77,6015086,5.7 MB,Likely safe verify in Unity,High-risk deletion unless unreferenced evidence strong
f69931c595cfe75484ee8d071e54f03d2e6eb5e4072123811b1cfc3e2a7947fa,Assets/HyTeKGames/SRPMaterialConverter/ConvertedMaterials/Maps/balcony_wood_2_AO.png,78118,76.3 KB,77,6015086,5.7 MB,Likely safe verify in Unity,High-risk deletion unless unreferenced evidence strong
f69931c595cfe75484ee8d071e54f03d2e6eb5e4072123811b1cfc3e2a7947fa,Assets/HyTeKGames/SRPMaterialConverter/ConvertedMaterials/Maps/trash-can_1_AO.png,78118,76.3 KB,77,6015086,5.7 MB,Likely safe verify in Unity,High-risk deletion unless unreferenced evidence strong
f69931c595cfe75484ee8d071e54f03d2e6eb5e4072123811b1cfc3e2a7947fa,Assets/HyTeKGames/SRPMaterialConverter/ConvertedMaterials/Maps/lamp_AO.png,78118,76.3 KB,77,6015086,5.7 MB,Likely safe verify in Unity,High-risk deletion unless unreferenced evidence strong
f69931c595cfe75484ee8d071e54f03d2e6eb5e4072123811b1cfc3e2a7947fa,Assets/HyTeKGames/SRPMaterialConverter/ConvertedMaterials/Maps/towl_2_AO.png,78118,76.3 KB,77,6015086,5.7 MB,Likely safe verify in Unity,High-risk deletion unless unreferenced evidence strong
f69931c595cfe75484ee8d071e54f03d2e6eb5e4072123811b1cfc3e2a7947fa,Assets/HyTeKGames/SRPMaterialConverter/ConvertedMaterials/Maps/gold_tap_handle 1_1_Metallic.png,78118,76.3 KB,77,6015086,5.7 MB,Likely safe verify in Unity,High-risk deletion unless unreferenced evidence strong
f69931c595cfe75484ee8d071e54f03d2e6eb5e4072123811b1cfc3e2a7947fa,Assets/HyTeKGames/SRPMaterialConverter/ConvertedMaterials/Maps/induction-hob_AO.png,78118,76.3 KB,77,6015086,5.7 MB,Likely safe verify in Unity,High-risk deletion unless unreferenced evidence strong
f69931c595cfe75484ee8d071e54f03d2e6eb5e4072123811b1cfc3e2a7947fa,Assets/HyTeKGames/SRPMaterialConverter/ConvertedMaterials/Maps/Furniture_Atlas_1_AO.png,78118,76.3 KB,77,6015086,5.7 MB,Likely safe verify in Unity,High-risk deletion unless unreferenced evidence strong
f69931c595cfe75484ee8d071e54f03d2e6eb5e4072123811b1cfc3e2a7947fa,Assets/HyTeKGames/SRPMaterialConverter/ConvertedMaterials/Maps/towl_2_1_AO.png,78118,76.3 KB,77,6015086,5.7 MB,Likely safe verify in Unity,High-risk deletion unless unreferenced evidence strong
f69931c595cfe75484ee8d071e54f03d2e6eb5e4072123811b1cfc3e2a7947fa,Assets/HyTeKGames/SRPMaterialConverter/ConvertedMaterials/Maps/dinning_table_AO.png,78118,76.3 KB,77,6015086,5.7 MB,Likely safe verify in Unity,High-risk deletion unless unreferenced evidence strong
f69931c595cfe75484ee8d071e54f03d2e6eb5e4072123811b1cfc3e2a7947fa,Assets/HyTeKGames/SRPMaterialConverter/ConvertedMaterials/Maps/livingroom_floor4_AO.png,78118,76.3 KB,77,6015086,5.7 MB,Likely safe verify in Unity,High-risk deletion unless unreferenced evidence strong
f69931c595cfe75484ee8d071e54f03d2e6eb5e4072123811b1cfc3e2a7947fa,Assets/HyTeKGames/SRPMaterialConverter/ConvertedMaterials/Maps/trash-can_AO.png,78118,76.3 KB,77,6015086,5.7 MB,Likely safe verify in Unity,High-risk deletion unless unreferenced evidence strong
f69931c595cfe75484ee8d071e54f03d2e6eb5e4072123811b1cfc3e2a7947fa,Assets/HyTeKGames/SRPMaterialConverter/ConvertedMaterials/Maps/gold_tap_handle_2_Metallic.png,78118,76.3 KB,77,6015086,5.7 MB,Likely safe verify in Unity,High-risk deletion unless unreferenced evidence strong
f69931c595cfe75484ee8d071e54f03d2e6eb5e4072123811b1cfc3e2a7947fa,Assets/HyTeKGames/SRPMaterialConverter/ConvertedMaterials/Maps/imac_1_AO.png,78118,76.3 KB,77,6015086,5.7 MB,Likely safe verify in Unity,High-risk deletion unless unreferenced evidence strong
f69931c595cfe75484ee8d071e54f03d2e6eb5e4072123811b1cfc3e2a7947fa,Assets/HyTeKGames/SRPMaterialConverter/ConvertedMaterials/Maps/Paintings_House_4_AO.png,78118,76.3 KB,77,6015086,5.7 MB,Likely safe verify in Unity,High-risk deletion unless unreferenced evidence strong
f69931c595cfe75484ee8d071e54f03d2e6eb5e4072123811b1cfc3e2a7947fa,Assets/HyTeKGames/SRPMaterialConverter/ConvertedMaterials/Maps/bathroom_floor3_AO.png,78118,76.3 KB,77,6015086,5.7 MB,Likely safe verify in Unity,High-risk deletion unless unreferenced evidence strong
f69931c595cfe75484ee8d071e54f03d2e6eb5e4072123811b1cfc3e2a7947fa,Assets/HyTeKGames/SRPMaterialConverter/ConvertedMaterials/Maps/gold_tap_handle 1_Metallic.png,78118,76.3 KB,77,6015086,5.7 MB,Likely safe verify in Unity,High-risk deletion unless unreferenced evidence strong
f69931c595cfe75484ee8d071e54f03d2e6eb5e4072123811b1cfc3e2a7947fa,Assets/HyTeKGames/SRPMaterialConverter/ConvertedMaterials/Maps/gold_tap_handle_2_1_Metallic.png,78118,76.3 KB,77,6015086,5.7 MB,Likely safe verify in Unity,High-risk deletion unless unreferenced evidence strong
f69931c595cfe75484ee8d071e54f03d2e6eb5e4072123811b1cfc3e2a7947fa,Assets/HyTeKGames/SRPMaterialConverter/ConvertedMaterials/Maps/studyroom_wall3_1_AO.png,78118,76.3 KB,77,6015086,5.7 MB,Likely safe verify in Unity,High-risk deletion unless unreferenced evidence strong
f69931c595cfe75484ee8d071e54f03d2e6eb5e4072123811b1cfc3e2a7947fa,Assets/HyTeKGames/SRPMaterialConverter/ConvertedMaterials/Maps/steel_1_Metallic.png,78118,76.3 KB,77,6015086,5.7 MB,Likely safe verify in Unity,High-risk deletion unless unreferenced evidence strong
f69931c595cfe75484ee8d071e54f03d2e6eb5e4072123811b1cfc3e2a7947fa,Assets/HyTeKGames/SRPMaterialConverter/ConvertedMaterials/Maps/gold_tap_handle_Metallic.png,78118,76.3 KB,77,6015086,5.7 MB,Likely safe verify in Unity,High-risk deletion unless unreferenced evidence strong
f69931c595cfe75484ee8d071e54f03d2e6eb5e4072123811b1cfc3e2a7947fa,Assets/HyTeKGames/SRPMaterialConverter/ConvertedMaterials/Maps/induction-hob_1_AO.png,78118,76.3 KB,77,6015086,5.7 MB,Likely safe verify in Unity,High-risk deletion unless unreferenced evidence strong
f69931c595cfe75484ee8d071e54f03d2e6eb5e4072123811b1cfc3e2a7947fa,Assets/HyTeKGames/SRPMaterialConverter/ConvertedMaterials/Maps/Notepad_AO.png,78118,76.3 KB,77,6015086,5.7 MB,Likely safe verify in Unity,High-risk deletion unless unreferenced evidence strong
f69931c595cfe75484ee8d071e54f03d2e6eb5e4072123811b1cfc3e2a7947fa,Assets/HyTeKGames/SRPMaterialConverter/ConvertedMaterials/Maps/studyroom_wall3_AO.png,78118,76.3 KB,77,6015086,5.7 MB,Likely safe verify in Unity,High-risk deletion unless unreferenced evidence strong
f69931c595cfe75484ee8d071e54f03d2e6eb5e4072123811b1cfc3e2a7947fa,Assets/HyTeKGames/SRPMaterialConverter/ConvertedMaterials/Maps/glass_wall_glass4_1_AO.png,78118,76.3 KB,77,6015086,5.7 MB,Likely safe verify in Unity,High-risk deletion unless unreferenced evidence strong
f69931c595cfe75484ee8d071e54f03d2e6eb5e4072123811b1cfc3e2a7947fa,Assets/HyTeKGames/SRPMaterialConverter/ConvertedMaterials/Maps/washingmachineclosed_AO.png,78118,76.3 KB,77,6015086,5.7 MB,Likely safe verify in Unity,High-risk deletion unless unreferenced evidence strong
f69931c595cfe75484ee8d071e54f03d2e6eb5e4072123811b1cfc3e2a7947fa,Assets/HyTeKGames/SRPMaterialConverter/ConvertedMaterials/Maps/bathroom_wall3_AO.png,78118,76.3 KB,77,6015086,5.7 MB,Likely safe verify in Unity,High-risk deletion unless unreferenced evidence strong
f69931c595cfe75484ee8d071e54f03d2e6eb5e4072123811b1cfc3e2a7947fa,Assets/HyTeKGames/SRPMaterialConverter/ConvertedMaterials/Maps/gold_tap_handle_1_Metallic.png,78118,76.3 KB,77,6015086,5.7 MB,Likely safe verify in Unity,High-risk deletion unless unreferenced evidence strong
f69931c595cfe75484ee8d071e54f03d2e6eb5e4072123811b1cfc3e2a7947fa,Assets/HyTeKGames/SRPMaterialConverter/ConvertedMaterials/Maps/studyroom_floor3_1_AO.png,78118,76.3 KB,77,6015086,5.7 MB,Likely safe verify in Unity,High-risk deletion unless unreferenced evidence strong
f69931c595cfe75484ee8d071e54f03d2e6eb5e4072123811b1cfc3e2a7947fa,Assets/HyTeKGames/SRPMaterialConverter/ConvertedMaterials/Maps/steel_Metallic.png,78118,76.3 KB,77,6015086,5.7 MB,Likely safe verify in Unity,High-risk deletion unless unreferenced evidence strong
f69931c595cfe75484ee8d071e54f03d2e6eb5e4072123811b1cfc3e2a7947fa,Assets/HyTeKGames/SRPMaterialConverter/ConvertedMaterials/Maps/studyroom_floor3_AO.png,78118,76.3 KB,77,6015086,5.7 MB,Likely safe verify in Unity,High-risk deletion unless unreferenced evidence strong
f69931c595cfe75484ee8d071e54f03d2e6eb5e4072123811b1cfc3e2a7947fa,Assets/HyTeKGames/SRPMaterialConverter/ConvertedMaterials/Maps/inner_roof3_1_AO.png,78118,76.3 KB,77,6015086,5.7 MB,Likely safe verify in Unity,High-risk deletion unless unreferenced evidence strong
f69931c595cfe75484ee8d071e54f03d2e6eb5e4072123811b1cfc3e2a7947fa,Assets/HyTeKGames/SRPMaterialConverter/ConvertedMaterials/Maps/knives_AO.png,78118,76.3 KB,77,6015086,5.7 MB,Likely safe verify in Unity,High-risk deletion unless unreferenced evidence strong
f69931c595cfe75484ee8d071e54f03d2e6eb5e4072123811b1cfc3e2a7947fa,Assets/HyTeKGames/SRPMaterialConverter/ConvertedMaterials/Maps/Lamp_emission_AO.png,78118,76.3 KB,77,6015086,5.7 MB,Likely safe verify in Unity,High-risk deletion unless unreferenced evidence strong
f69931c595cfe75484ee8d071e54f03d2e6eb5e4072123811b1cfc3e2a7947fa,Assets/HyTeKGames/SRPMaterialConverter/ConvertedMaterials/Maps/bedroom_wall4_AO.png,78118,76.3 KB,77,6015086,5.7 MB,Likely safe verify in Unity,High-risk deletion unless unreferenced evidence strong
f69931c595cfe75484ee8d071e54f03d2e6eb5e4072123811b1cfc3e2a7947fa,Assets/HyTeKGames/SRPMaterialConverter/ConvertedMaterials/Maps/knives_2_AO.png,78118,76.3 KB,77,6015086,5.7 MB,Likely safe verify in Unity,High-risk deletion unless unreferenced evidence strong
f69931c595cfe75484ee8d071e54f03d2e6eb5e4072123811b1cfc3e2a7947fa,Assets/HyTeKGames/SRPMaterialConverter/ConvertedMaterials/Maps/gold_tap_handle_1_1_Metallic.png,78118,76.3 KB,77,6015086,5.7 MB,Likely safe verify in Unity,High-risk deletion unless unreferenced evidence strong
f69931c595cfe75484ee8d071e54f03d2e6eb5e4072123811b1cfc3e2a7947fa,Assets/HyTeKGames/SRPMaterialConverter/ConvertedMaterials/Maps/toilet_wood1_AO.png,78118,76.3 KB,77,6015086,5.7 MB,Likely safe verify in Unity,High-risk deletion unless unreferenced evidence strong
f69931c595cfe75484ee8d071e54f03d2e6eb5e4072123811b1cfc3e2a7947fa,Assets/HyTeKGames/SRPMaterialConverter/ConvertedMaterials/Maps/bedroom_floor3_1_AO.png,78118,76.3 KB,77,6015086,5.7 MB,Likely safe verify in Unity,High-risk deletion unless unreferenced evidence strong
f69931c595cfe75484ee8d071e54f03d2e6eb5e4072123811b1cfc3e2a7947fa,Assets/HyTeKGames/SRPMaterialConverter/ConvertedMaterials/Maps/imac_AO.png,78118,76.3 KB,77,6015086,5.7 MB,Likely safe verify in Unity,High-risk deletion unless unreferenced evidence strong
f69931c595cfe75484ee8d071e54f03d2e6eb5e4072123811b1cfc3e2a7947fa,Assets/HyTeKGames/SRPMaterialConverter/ConvertedMaterials/Maps/livingroom_wall3_1_AO.png,78118,76.3 KB,77,6015086,5.7 MB,Likely safe verify in Unity,High-risk deletion unless unreferenced evidence strong
f69931c595cfe75484ee8d071e54f03d2e6eb5e4072123811b1cfc3e2a7947fa,Assets/HyTeKGames/SRPMaterialConverter/ConvertedMaterials/Maps/bathroom_floor3_1_AO.png,78118,76.3 KB,77,6015086,5.7 MB,Likely safe verify in Unity,High-risk deletion unless unreferenced evidence strong
f69931c595cfe75484ee8d071e54f03d2e6eb5e4072123811b1cfc3e2a7947fa,Assets/HyTeKGames/SRPMaterialConverter/ConvertedMaterials/Maps/Paintings_House_4_1_AO.png,78118,76.3 KB,77,6015086,5.7 MB,Likely safe verify in Unity,High-risk deletion unless unreferenced evidence strong
f69931c595cfe75484ee8d071e54f03d2e6eb5e4072123811b1cfc3e2a7947fa,Assets/HyTeKGames/SRPMaterialConverter/ConvertedMaterials/Maps/metal_Metallic.png,78118,76.3 KB,77,6015086,5.7 MB,Likely safe verify in Unity,High-risk deletion unless unreferenced evidence strong
f69931c595cfe75484ee8d071e54f03d2e6eb5e4072123811b1cfc3e2a7947fa,Assets/HyTeKGames/SRPMaterialConverter/ConvertedMaterials/Maps/lamp_1_AO.png,78118,76.3 KB,77,6015086,5.7 MB,Likely safe verify in Unity,High-risk deletion unless unreferenced evidence strong
f69931c595cfe75484ee8d071e54f03d2e6eb5e4072123811b1cfc3e2a7947fa,Assets/HyTeKGames/SRPMaterialConverter/ConvertedMaterials/Maps/kitchan_mat_2_1_AO.png,78118,76.3 KB,77,6015086,5.7 MB,Likely safe verify in Unity,High-risk deletion unless unreferenced evidence strong
f69931c595cfe75484ee8d071e54f03d2e6eb5e4072123811b1cfc3e2a7947fa,Assets/HyTeKGames/SRPMaterialConverter/ConvertedMaterials/Maps/chimini_Metallic.png,78118,76.3 KB,77,6015086,5.7 MB,Likely safe verify in Unity,High-risk deletion unless unreferenced evidence strong
f69931c595cfe75484ee8d071e54f03d2e6eb5e4072123811b1cfc3e2a7947fa,Assets/HyTeKGames/SRPMaterialConverter/ConvertedMaterials/Maps/chimini_1_Metallic.png,78118,76.3 KB,77,6015086,5.7 MB,Likely safe verify in Unity,High-risk deletion unless unreferenced evidence strong
f69931c595cfe75484ee8d071e54f03d2e6eb5e4072123811b1cfc3e2a7947fa,Assets/HyTeKGames/SRPMaterialConverter/ConvertedMaterials/Maps/livingroom_floor4_1_AO.png,78118,76.3 KB,77,6015086,5.7 MB,Likely safe verify in Unity,High-risk deletion unless unreferenced evidence strong
f69931c595cfe75484ee8d071e54f03d2e6eb5e4072123811b1cfc3e2a7947fa,Assets/HyTeKGames/SRPMaterialConverter/ConvertedMaterials/Maps/balcony_wood_1_AO.png,78118,76.3 KB,77,6015086,5.7 MB,Likely safe verify in Unity,High-risk deletion unless unreferenced evidence strong
dfb73be4ea5b90158a5ebcce2ecd4191faae1d58d15530721daa07846523959d,Assets/HyTeKGames/SRPMaterialConverter/ConvertedMaterials/Maps/bathroom_wall3_Metallic.png,73381,71.7 KB,90,6604290,6.3 MB,Likely safe verify in Unity,High-risk deletion unless unreferenced evidence strong
dfb73be4ea5b90158a5ebcce2ecd4191faae1d58d15530721daa07846523959d,Assets/HyTeKGames/SRPMaterialConverter/ConvertedMaterials/Maps/pattern_wall_Metallic.png,73381,71.7 KB,90,6604290,6.3 MB,Likely safe verify in Unity,High-risk deletion unless unreferenced evidence strong
dfb73be4ea5b90158a5ebcce2ecd4191faae1d58d15530721daa07846523959d,Assets/HyTeKGames/SRPMaterialConverter/ConvertedMaterials/Maps/balcony_wood_1_Metallic.png,73381,71.7 KB,90,6604290,6.3 MB,Likely safe verify in Unity,High-risk deletion unless unreferenced evidence strong
dfb73be4ea5b90158a5ebcce2ecd4191faae1d58d15530721daa07846523959d,Assets/HyTeKGames/SRPMaterialConverter/ConvertedMaterials/Maps/bedroom_floor3_1_Metallic.png,73381,71.7 KB,90,6604290,6.3 MB,Likely safe verify in Unity,High-risk deletion unless unreferenced evidence strong
dfb73be4ea5b90158a5ebcce2ecd4191faae1d58d15530721daa07846523959d,Assets/HyTeKGames/SRPMaterialConverter/ConvertedMaterials/Maps/laptop_1_AO.png,73381,71.7 KB,90,6604290,6.3 MB,Likely safe verify in Unity,High-risk deletion unless unreferenced evidence strong
dfb73be4ea5b90158a5ebcce2ecd4191faae1d58d15530721daa07846523959d,Assets/HyTeKGames/SRPMaterialConverter/ConvertedMaterials/Maps/towl_2_Metallic.png,73381,71.7 KB,90,6604290,6.3 MB,Likely safe verify in Unity,High-risk deletion unless unreferenced evidence strong
dfb73be4ea5b90158a5ebcce2ecd4191faae1d58d15530721daa07846523959d,Assets/HyTeKGames/SRPMaterialConverter/ConvertedMaterials/Maps/balcony_glass_Metallic.png,73381,71.7 KB,90,6604290,6.3 MB,Likely safe verify in Unity,High-risk deletion unless unreferenced evidence strong
dfb73be4ea5b90158a5ebcce2ecd4191faae1d58d15530721daa07846523959d,Assets/HyTeKGames/SRPMaterialConverter/ConvertedMaterials/Maps/livingroom_floor4_Metallic.png,73381,71.7 KB,90,6604290,6.3 MB,Likely safe verify in Unity,High-risk deletion unless unreferenced evidence strong
dfb73be4ea5b90158a5ebcce2ecd4191faae1d58d15530721daa07846523959d,Assets/HyTeKGames/SRPMaterialConverter/ConvertedMaterials/Maps/Paintings_House_2_1_Metallic.png,73381,71.7 KB,90,6604290,6.3 MB,Likely safe verify in Unity,High-risk deletion unless unreferenced evidence strong
dfb73be4ea5b90158a5ebcce2ecd4191faae1d58d15530721daa07846523959d,Assets/HyTeKGames/SRPMaterialConverter/ConvertedMaterials/Maps/diining_chair_wood_Metallic.png,73381,71.7 KB,90,6604290,6.3 MB,Likely safe verify in Unity,High-risk deletion unless unreferenced evidence strong
dfb73be4ea5b90158a5ebcce2ecd4191faae1d58d15530721daa07846523959d,Assets/HyTeKGames/SRPMaterialConverter/ConvertedMaterials/Maps/switch1_1_Metallic.png,73381,71.7 KB,90,6604290,6.3 MB,Likely safe verify in Unity,High-risk deletion unless unreferenced evidence strong
dfb73be4ea5b90158a5ebcce2ecd4191faae1d58d15530721daa07846523959d,Assets/HyTeKGames/SRPMaterialConverter/ConvertedMaterials/Maps/dinning_chair_cusion_1_Metallic.png,73381,71.7 KB,90,6604290,6.3 MB,Likely safe verify in Unity,High-risk deletion unless unreferenced evidence strong
dfb73be4ea5b90158a5ebcce2ecd4191faae1d58d15530721daa07846523959d,Assets/HyTeKGames/SRPMaterialConverter/ConvertedMaterials/Maps/towl_2_1_Metallic.png,73381,71.7 KB,90,6604290,6.3 MB,Likely safe verify in Unity,High-risk deletion unless unreferenced evidence strong
dfb73be4ea5b90158a5ebcce2ecd4191faae1d58d15530721daa07846523959d,Assets/HyTeKGames/SRPMaterialConverter/ConvertedMaterials/Maps/laptop_AO.png,73381,71.7 KB,90,6604290,6.3 MB,Likely safe verify in Unity,High-risk deletion unless unreferenced evidence strong
dfb73be4ea5b90158a5ebcce2ecd4191faae1d58d15530721daa07846523959d,Assets/HyTeKGames/SRPMaterialConverter/ConvertedMaterials/Maps/green_wood_2_1_Metallic.png,73381,71.7 KB,90,6604290,6.3 MB,Likely safe verify in Unity,High-risk deletion unless unreferenced evidence strong
dfb73be4ea5b90158a5ebcce2ecd4191faae1d58d15530721daa07846523959d,Assets/HyTeKGames/SRPMaterialConverter/ConvertedMaterials/Maps/bed_1_Metallic.png,73381,71.7 KB,90,6604290,6.3 MB,Likely safe verify in Unity,High-risk deletion unless unreferenced evidence strong
dfb73be4ea5b90158a5ebcce2ecd4191faae1d58d15530721daa07846523959d,Assets/HyTeKGames/SRPMaterialConverter/ConvertedMaterials/Maps/laptop_1_Metallic.png,73381,71.7 KB,90,6604290,6.3 MB,Likely safe verify in Unity,High-risk deletion unless unreferenced evidence strong
dfb73be4ea5b90158a5ebcce2ecd4191faae1d58d15530721daa07846523959d,Assets/HyTeKGames/SRPMaterialConverter/ConvertedMaterials/Maps/Paintings_House_1_Metallic.png,73381,71.7 KB,90,6604290,6.3 MB,Likely safe verify in Unity,High-risk deletion unless unreferenced evidence strong
dfb73be4ea5b90158a5ebcce2ecd4191faae1d58d15530721daa07846523959d,Assets/HyTeKGames/SRPMaterialConverter/ConvertedMaterials/Maps/balcony_mat1_2_Metallic.png,73381,71.7 KB,90,6604290,6.3 MB,Likely safe verify in Unity,High-risk deletion unless unreferenced evidence strong
dfb73be4ea5b90158a5ebcce2ecd4191faae1d58d15530721daa07846523959d,Assets/HyTeKGames/SRPMaterialConverter/ConvertedMaterials/Maps/glass_wall_glass4_1_Metallic.png,73381,71.7 KB,90,6604290,6.3 MB,Likely safe verify in Unity,High-risk deletion unless unreferenced evidence strong
dfb73be4ea5b90158a5ebcce2ecd4191faae1d58d15530721daa07846523959d,Assets/HyTeKGames/SRPMaterialConverter/ConvertedMaterials/Maps/Paintings_House_4_1_Metallic.png,73381,71.7 KB,90,6604290,6.3 MB,Likely safe verify in Unity,High-risk deletion unless unreferenced evidence strong
dfb73be4ea5b90158a5ebcce2ecd4191faae1d58d15530721daa07846523959d,Assets/HyTeKGames/SRPMaterialConverter/ConvertedMaterials/Maps/bathroom_floor3_1_Metallic.png,73381,71.7 KB,90,6604290,6.3 MB,Likely safe verify in Unity,High-risk deletion unless unreferenced evidence strong
dfb73be4ea5b90158a5ebcce2ecd4191faae1d58d15530721daa07846523959d,Assets/HyTeKGames/SRPMaterialConverter/ConvertedMaterials/Maps/Chopboard_mat_1_Metallic.png,73381,71.7 KB,90,6604290,6.3 MB,Likely safe verify in Unity,High-risk deletion unless unreferenced evidence strong
dfb73be4ea5b90158a5ebcce2ecd4191faae1d58d15530721daa07846523959d,Assets/HyTeKGames/SRPMaterialConverter/ConvertedMaterials/Maps/bathroom_floor3_Metallic.png,73381,71.7 KB,90,6604290,6.3 MB,Likely safe verify in Unity,High-risk deletion unless unreferenced evidence strong
dfb73be4ea5b90158a5ebcce2ecd4191faae1d58d15530721daa07846523959d,Assets/HyTeKGames/SRPMaterialConverter/ConvertedMaterials/Maps/bed_Metallic.png,73381,71.7 KB,90,6604290,6.3 MB,Likely safe verify in Unity,High-risk deletion unless unreferenced evidence strong
dfb73be4ea5b90158a5ebcce2ecd4191faae1d58d15530721daa07846523959d,Assets/HyTeKGames/SRPMaterialConverter/ConvertedMaterials/Maps/toilet_wood_1_Metallic.png,73381,71.7 KB,90,6604290,6.3 MB,Likely safe verify in Unity,High-risk deletion unless unreferenced evidence strong
dfb73be4ea5b90158a5ebcce2ecd4191faae1d58d15530721daa07846523959d,Assets/HyTeKGames/SRPMaterialConverter/ConvertedMaterials/Maps/carpet_Metallic.png,73381,71.7 KB,90,6604290,6.3 MB,Likely safe verify in Unity,High-risk deletion unless unreferenced evidence strong
dfb73be4ea5b90158a5ebcce2ecd4191faae1d58d15530721daa07846523959d,Assets/HyTeKGames/SRPMaterialConverter/ConvertedMaterials/Maps/livingroom_wall3_Metallic.png,73381,71.7 KB,90,6604290,6.3 MB,Likely safe verify in Unity,High-risk deletion unless unreferenced evidence strong
dfb73be4ea5b90158a5ebcce2ecd4191faae1d58d15530721daa07846523959d,Assets/HyTeKGames/SRPMaterialConverter/ConvertedMaterials/Maps/Paintings_House_1_1_Metallic.png,73381,71.7 KB,90,6604290,6.3 MB,Likely safe verify in Unity,High-risk deletion unless unreferenced evidence strong
dfb73be4ea5b90158a5ebcce2ecd4191faae1d58d15530721daa07846523959d,Assets/HyTeKGames/SRPMaterialConverter/ConvertedMaterials/Maps/dinning_table_1_Metallic.png,73381,71.7 KB,90,6604290,6.3 MB,Likely safe verify in Unity,High-risk deletion unless unreferenced evidence strong
dfb73be4ea5b90158a5ebcce2ecd4191faae1d58d15530721daa07846523959d,Assets/HyTeKGames/SRPMaterialConverter/ConvertedMaterials/Maps/bedroom_wall4_Metallic.png,73381,71.7 KB,90,6604290,6.3 MB,Likely safe verify in Unity,High-risk deletion unless unreferenced evidence strong
dfb73be4ea5b90158a5ebcce2ecd4191faae1d58d15530721daa07846523959d,Assets/HyTeKGames/SRPMaterialConverter/ConvertedMaterials/Maps/balcony_glass_2_Metallic.png,73381,71.7 KB,90,6604290,6.3 MB,Likely safe verify in Unity,High-risk deletion unless unreferenced evidence strong
dfb73be4ea5b90158a5ebcce2ecd4191faae1d58d15530721daa07846523959d,Assets/HyTeKGames/SRPMaterialConverter/ConvertedMaterials/Maps/balcony_glass_1_AO.png,73381,71.7 KB,90,6604290,6.3 MB,Likely safe verify in Unity,High-risk deletion unless unreferenced evidence strong
dfb73be4ea5b90158a5ebcce2ecd4191faae1d58d15530721daa07846523959d,Assets/HyTeKGames/SRPMaterialConverter/ConvertedMaterials/Maps/toilet_wood1_1_Metallic.png,73381,71.7 KB,90,6604290,6.3 MB,Likely safe verify in Unity,High-risk deletion unless unreferenced evidence strong
dfb73be4ea5b90158a5ebcce2ecd4191faae1d58d15530721daa07846523959d,Assets/HyTeKGames/SRPMaterialConverter/ConvertedMaterials/Maps/bathroom_wall3_1_Metallic.png,73381,71.7 KB,90,6604290,6.3 MB,Likely safe verify in Unity,High-risk deletion unless unreferenced evidence strong
dfb73be4ea5b90158a5ebcce2ecd4191faae1d58d15530721daa07846523959d,Assets/HyTeKGames/SRPMaterialConverter/ConvertedMaterials/Maps/green_wood_2_Metallic.png,73381,71.7 KB,90,6604290,6.3 MB,Likely safe verify in Unity,High-risk deletion unless unreferenced evidence strong
dfb73be4ea5b90158a5ebcce2ecd4191faae1d58d15530721daa07846523959d,Assets/HyTeKGames/SRPMaterialConverter/ConvertedMaterials/Maps/switch2_1_Metallic.png,73381,71.7 KB,90,6604290,6.3 MB,Likely safe verify in Unity,High-risk deletion unless unreferenced evidence strong
dfb73be4ea5b90158a5ebcce2ecd4191faae1d58d15530721daa07846523959d,Assets/HyTeKGames/SRPMaterialConverter/ConvertedMaterials/Maps/balcony_glass_AO.png,73381,71.7 KB,90,6604290,6.3 MB,Likely safe verify in Unity,High-risk deletion unless unreferenced evidence strong
dfb73be4ea5b90158a5ebcce2ecd4191faae1d58d15530721daa07846523959d,Assets/HyTeKGames/SRPMaterialConverter/ConvertedMaterials/Maps/Chopboard_mat_Metallic.png,73381,71.7 KB,90,6604290,6.3 MB,Likely safe verify in Unity,High-risk deletion unless unreferenced evidence strong
dfb73be4ea5b90158a5ebcce2ecd4191faae1d58d15530721daa07846523959d,Assets/HyTeKGames/SRPMaterialConverter/ConvertedMaterials/Maps/switch2_Metallic.png,73381,71.7 KB,90,6604290,6.3 MB,Likely safe verify in Unity,High-risk deletion unless unreferenced evidence strong
dfb73be4ea5b90158a5ebcce2ecd4191faae1d58d15530721daa07846523959d,Assets/HyTeKGames/SRPMaterialConverter/ConvertedMaterials/Maps/studyroom_wall3_1_Metallic.png,73381,71.7 KB,90,6604290,6.3 MB,Likely safe verify in Unity,High-risk deletion unless unreferenced evidence strong
dfb73be4ea5b90158a5ebcce2ecd4191faae1d58d15530721daa07846523959d,Assets/HyTeKGames/SRPMaterialConverter/ConvertedMaterials/Maps/inner_roof3_1_Metallic.png,73381,71.7 KB,90,6604290,6.3 MB,Likely safe verify in Unity,High-risk deletion unless unreferenced evidence strong
dfb73be4ea5b90158a5ebcce2ecd4191faae1d58d15530721daa07846523959d,Assets/HyTeKGames/SRPMaterialConverter/ConvertedMaterials/Maps/Knife_Holder_mat_1_Metallic.png,73381,71.7 KB,90,6604290,6.3 MB,Likely safe verify in Unity,High-risk deletion unless unreferenced evidence strong
dfb73be4ea5b90158a5ebcce2ecd4191faae1d58d15530721daa07846523959d,Assets/HyTeKGames/SRPMaterialConverter/ConvertedMaterials/Maps/M_washbasin2_1_Metallic.png,73381,71.7 KB,90,6604290,6.3 MB,Likely safe verify in Unity,High-risk deletion unless unreferenced evidence strong
dfb73be4ea5b90158a5ebcce2ecd4191faae1d58d15530721daa07846523959d,Assets/HyTeKGames/SRPMaterialConverter/ConvertedMaterials/Maps/Notepad_Metallic.png,73381,71.7 KB,90,6604290,6.3 MB,Likely safe verify in Unity,High-risk deletion unless unreferenced evidence strong
dfb73be4ea5b90158a5ebcce2ecd4191faae1d58d15530721daa07846523959d,Assets/HyTeKGames/SRPMaterialConverter/ConvertedMaterials/Maps/induction-hob_Metallic.png,73381,71.7 KB,90,6604290,6.3 MB,Likely safe verify in Unity,High-risk deletion unless unreferenced evidence strong
dfb73be4ea5b90158a5ebcce2ecd4191faae1d58d15530721daa07846523959d,Assets/HyTeKGames/SRPMaterialConverter/ConvertedMaterials/Maps/studyroom_floor3_1_Metallic.png,73381,71.7 KB,90,6604290,6.3 MB,Likely safe verify in Unity,High-risk deletion unless unreferenced evidence strong
dfb73be4ea5b90158a5ebcce2ecd4191faae1d58d15530721daa07846523959d,Assets/HyTeKGames/SRPMaterialConverter/ConvertedMaterials/Maps/balcony_wood_Metallic.png,73381,71.7 KB,90,6604290,6.3 MB,Likely safe verify in Unity,High-risk deletion unless unreferenced evidence strong
dfb73be4ea5b90158a5ebcce2ecd4191faae1d58d15530721daa07846523959d,Assets/HyTeKGames/SRPMaterialConverter/ConvertedMaterials/Maps/induction-hob_1_Metallic.png,73381,71.7 KB,90,6604290,6.3 MB,Likely safe verify in Unity,High-risk deletion unless unreferenced evidence strong
dfb73be4ea5b90158a5ebcce2ecd4191faae1d58d15530721daa07846523959d,Assets/HyTeKGames/SRPMaterialConverter/ConvertedMaterials/Maps/bed_sider_1_Metallic.png,73381,71.7 KB,90,6604290,6.3 MB,Likely safe verify in Unity,High-risk deletion unless unreferenced evidence strong
dfb73be4ea5b90158a5ebcce2ecd4191faae1d58d15530721daa07846523959d,Assets/HyTeKGames/SRPMaterialConverter/ConvertedMaterials/Maps/studyroom_wall3_Metallic.png,73381,71.7 KB,90,6604290,6.3 MB,Likely safe verify in Unity,High-risk deletion unless unreferenced evidence strong
dfb73be4ea5b90158a5ebcce2ecd4191faae1d58d15530721daa07846523959d,Assets/HyTeKGames/SRPMaterialConverter/ConvertedMaterials/Maps/glass_wall_glass4_Metallic.png,73381,71.7 KB,90,6604290,6.3 MB,Likely safe verify in Unity,High-risk deletion unless unreferenced evidence strong
dfb73be4ea5b90158a5ebcce2ecd4191faae1d58d15530721daa07846523959d,Assets/HyTeKGames/SRPMaterialConverter/ConvertedMaterials/Maps/bedroom_floor3_Metallic.png,73381,71.7 KB,90,6604290,6.3 MB,Likely safe verify in Unity,High-risk deletion unless unreferenced evidence strong
dfb73be4ea5b90158a5ebcce2ecd4191faae1d58d15530721daa07846523959d,Assets/HyTeKGames/SRPMaterialConverter/ConvertedMaterials/Maps/white_wood_1_Metallic.png,73381,71.7 KB,90,6604290,6.3 MB,Likely safe verify in Unity,High-risk deletion unless unreferenced evidence strong
dfb73be4ea5b90158a5ebcce2ecd4191faae1d58d15530721daa07846523959d,Assets/HyTeKGames/SRPMaterialConverter/ConvertedMaterials/Maps/livingroom_wall3_1_Metallic.png,73381,71.7 KB,90,6604290,6.3 MB,Likely safe verify in Unity,High-risk deletion unless unreferenced evidence strong
dfb73be4ea5b90158a5ebcce2ecd4191faae1d58d15530721daa07846523959d,Assets/HyTeKGames/SRPMaterialConverter/ConvertedMaterials/Maps/Mug_Holder_mat_Metallic.png,73381,71.7 KB,90,6604290,6.3 MB,Likely safe verify in Unity,High-risk deletion unless unreferenced evidence strong
dfb73be4ea5b90158a5ebcce2ecd4191faae1d58d15530721daa07846523959d,Assets/HyTeKGames/SRPMaterialConverter/ConvertedMaterials/Maps/granite_1_Metallic.png,73381,71.7 KB,90,6604290,6.3 MB,Likely safe verify in Unity,High-risk deletion unless unreferenced evidence strong
dfb73be4ea5b90158a5ebcce2ecd4191faae1d58d15530721daa07846523959d,Assets/HyTeKGames/SRPMaterialConverter/ConvertedMaterials/Maps/inner_roof3_Metallic.png,73381,71.7 KB,90,6604290,6.3 MB,Likely safe verify in Unity,High-risk deletion unless unreferenced evidence strong
dfb73be4ea5b90158a5ebcce2ecd4191faae1d58d15530721daa07846523959d,Assets/HyTeKGames/SRPMaterialConverter/ConvertedMaterials/Maps/balcony_glass_1_Metallic.png,73381,71.7 KB,90,6604290,6.3 MB,Likely safe verify in Unity,High-risk deletion unless unreferenced evidence strong
dfb73be4ea5b90158a5ebcce2ecd4191faae1d58d15530721daa07846523959d,Assets/HyTeKGames/SRPMaterialConverter/ConvertedMaterials/Maps/white_wood_Metallic.png,73381,71.7 KB,90,6604290,6.3 MB,Likely safe verify in Unity,High-risk deletion unless unreferenced evidence strong
dfb73be4ea5b90158a5ebcce2ecd4191faae1d58d15530721daa07846523959d,Assets/HyTeKGames/SRPMaterialConverter/ConvertedMaterials/Maps/table1_1_Metallic.png,73381,71.7 KB,90,6604290,6.3 MB,Likely safe verify in Unity,High-risk deletion unless unreferenced evidence strong
dfb73be4ea5b90158a5ebcce2ecd4191faae1d58d15530721daa07846523959d,Assets/HyTeKGames/SRPMaterialConverter/ConvertedMaterials/Maps/laptop_Metallic.png,73381,71.7 KB,90,6604290,6.3 MB,Likely safe verify in Unity,High-risk deletion unless unreferenced evidence strong
dfb73be4ea5b90158a5ebcce2ecd4191faae1d58d15530721daa07846523959d,Assets/HyTeKGames/SRPMaterialConverter/ConvertedMaterials/Maps/Mug_Holder_mat_1_Metallic.png,73381,71.7 KB,90,6604290,6.3 MB,Likely safe verify in Unity,High-risk deletion unless unreferenced evidence strong
dfb73be4ea5b90158a5ebcce2ecd4191faae1d58d15530721daa07846523959d,Assets/HyTeKGames/SRPMaterialConverter/ConvertedMaterials/Maps/bedroom_wall4_1_Metallic.png,73381,71.7 KB,90,6604290,6.3 MB,Likely safe verify in Unity,High-risk deletion unless unreferenced evidence strong
dfb73be4ea5b90158a5ebcce2ecd4191faae1d58d15530721daa07846523959d,Assets/HyTeKGames/SRPMaterialConverter/ConvertedMaterials/Maps/switch1_Metallic.png,73381,71.7 KB,90,6604290,6.3 MB,Likely safe verify in Unity,High-risk deletion unless unreferenced evidence strong
dfb73be4ea5b90158a5ebcce2ecd4191faae1d58d15530721daa07846523959d,Assets/HyTeKGames/SRPMaterialConverter/ConvertedMaterials/Maps/studyroom_floor3_Metallic.png,73381,71.7 KB,90,6604290,6.3 MB,Likely safe verify in Unity,High-risk deletion unless unreferenced evidence strong
dfb73be4ea5b90158a5ebcce2ecd4191faae1d58d15530721daa07846523959d,Assets/HyTeKGames/SRPMaterialConverter/ConvertedMaterials/Maps/marble_Metallic.png,73381,71.7 KB,90,6604290,6.3 MB,Likely safe verify in Unity,High-risk deletion unless unreferenced evidence strong
dfb73be4ea5b90158a5ebcce2ecd4191faae1d58d15530721daa07846523959d,Assets/HyTeKGames/SRPMaterialConverter/ConvertedMaterials/Maps/marble_1_Metallic.png,73381,71.7 KB,90,6604290,6.3 MB,Likely safe verify in Unity,High-risk deletion unless unreferenced evidence strong
dfb73be4ea5b90158a5ebcce2ecd4191faae1d58d15530721daa07846523959d,Assets/HyTeKGames/SRPMaterialConverter/ConvertedMaterials/Maps/bed_sider_Metallic.png,73381,71.7 KB,90,6604290,6.3 MB,Likely safe verify in Unity,High-risk deletion unless unreferenced evidence strong
dfb73be4ea5b90158a5ebcce2ecd4191faae1d58d15530721daa07846523959d,Assets/HyTeKGames/SRPMaterialConverter/ConvertedMaterials/Maps/Knife_Holder_mat_Metallic.png,73381,71.7 KB,90,6604290,6.3 MB,Likely safe verify in Unity,High-risk deletion unless unreferenced evidence strong
dfb73be4ea5b90158a5ebcce2ecd4191faae1d58d15530721daa07846523959d,Assets/HyTeKGames/SRPMaterialConverter/ConvertedMaterials/Maps/balcony_mat1_Metallic.png,73381,71.7 KB,90,6604290,6.3 MB,Likely safe verify in Unity,High-risk deletion unless unreferenced evidence strong
dfb73be4ea5b90158a5ebcce2ecd4191faae1d58d15530721daa07846523959d,Assets/HyTeKGames/SRPMaterialConverter/ConvertedMaterials/Maps/carpet_1_Metallic.png,73381,71.7 KB,90,6604290,6.3 MB,Likely safe verify in Unity,High-risk deletion unless unreferenced evidence strong
dfb73be4ea5b90158a5ebcce2ecd4191faae1d58d15530721daa07846523959d,Assets/HyTeKGames/SRPMaterialConverter/ConvertedMaterials/Maps/toilet_wood1_Metallic.png,73381,71.7 KB,90,6604290,6.3 MB,Likely safe verify in Unity,High-risk deletion unless unreferenced evidence strong
dfb73be4ea5b90158a5ebcce2ecd4191faae1d58d15530721daa07846523959d,Assets/HyTeKGames/SRPMaterialConverter/ConvertedMaterials/Maps/dinning_chair_cusion_Metallic.png,73381,71.7 KB,90,6604290,6.3 MB,Likely safe verify in Unity,High-risk deletion unless unreferenced evidence strong
dfb73be4ea5b90158a5ebcce2ecd4191faae1d58d15530721daa07846523959d,Assets/HyTeKGames/SRPMaterialConverter/ConvertedMaterials/Maps/pattern_wall_1_Metallic.png,73381,71.7 KB,90,6604290,6.3 MB,Likely safe verify in Unity,High-risk deletion unless unreferenced evidence strong
dfb73be4ea5b90158a5ebcce2ecd4191faae1d58d15530721daa07846523959d,Assets/HyTeKGames/SRPMaterialConverter/ConvertedMaterials/Maps/granite_Metallic.png,73381,71.7 KB,90,6604290,6.3 MB,Likely safe verify in Unity,High-risk deletion unless unreferenced evidence strong
dfb73be4ea5b90158a5ebcce2ecd4191faae1d58d15530721daa07846523959d,Assets/HyTeKGames/SRPMaterialConverter/ConvertedMaterials/Maps/balcony_wood_2_Metallic.png,73381,71.7 KB,90,6604290,6.3 MB,Likely safe verify in Unity,High-risk deletion unless unreferenced evidence strong
dfb73be4ea5b90158a5ebcce2ecd4191faae1d58d15530721daa07846523959d,Assets/HyTeKGames/SRPMaterialConverter/ConvertedMaterials/Maps/Paintings_House_2_Metallic.png,73381,71.7 KB,90,6604290,6.3 MB,Likely safe verify in Unity,High-risk deletion unless unreferenced evidence strong
dfb73be4ea5b90158a5ebcce2ecd4191faae1d58d15530721daa07846523959d,Assets/HyTeKGames/SRPMaterialConverter/ConvertedMaterials/Maps/table1_Metallic.png,73381,71.7 KB,90,6604290,6.3 MB,Likely safe verify in Unity,High-risk deletion unless unreferenced evidence strong
dfb73be4ea5b90158a5ebcce2ecd4191faae1d58d15530721daa07846523959d,Assets/HyTeKGames/SRPMaterialConverter/ConvertedMaterials/Maps/toilet_wood_1_1_Metallic.png,73381,71.7 KB,90,6604290,6.3 MB,Likely safe verify in Unity,High-risk deletion unless unreferenced evidence strong
dfb73be4ea5b90158a5ebcce2ecd4191faae1d58d15530721daa07846523959d,Assets/HyTeKGames/SRPMaterialConverter/ConvertedMaterials/Maps/diining_chair_wood_1_Metallic.png,73381,71.7 KB,90,6604290,6.3 MB,Likely safe verify in Unity,High-risk deletion unless unreferenced evidence strong
dfb73be4ea5b90158a5ebcce2ecd4191faae1d58d15530721daa07846523959d,Assets/HyTeKGames/SRPMaterialConverter/ConvertedMaterials/Maps/balcony_glass_2_AO.png,73381,71.7 KB,90,6604290,6.3 MB,Likely safe verify in Unity,High-risk deletion unless unreferenced evidence strong
dfb73be4ea5b90158a5ebcce2ecd4191faae1d58d15530721daa07846523959d,Assets/HyTeKGames/SRPMaterialConverter/ConvertedMaterials/Maps/M_washbasin2_Metallic.png,73381,71.7 KB,90,6604290,6.3 MB,Likely safe verify in Unity,High-risk deletion unless unreferenced evidence strong
dfb73be4ea5b90158a5ebcce2ecd4191faae1d58d15530721daa07846523959d,Assets/HyTeKGames/SRPMaterialConverter/ConvertedMaterials/Maps/Paintings_House_Metallic.png,73381,71.7 KB,90,6604290,6.3 MB,Likely safe verify in Unity,High-risk deletion unless unreferenced evidence strong
dfb73be4ea5b90158a5ebcce2ecd4191faae1d58d15530721daa07846523959d,Assets/HyTeKGames/SRPMaterialConverter/ConvertedMaterials/Maps/balcony_mat1_1_Metallic.png,73381,71.7 KB,90,6604290,6.3 MB,Likely safe verify in Unity,High-risk deletion unless unreferenced evidence strong
dfb73be4ea5b90158a5ebcce2ecd4191faae1d58d15530721daa07846523959d,Assets/HyTeKGames/SRPMaterialConverter/ConvertedMaterials/Maps/livingroom_floor4_1_Metallic.png,73381,71.7 KB,90,6604290,6.3 MB,Likely safe verify in Unity,High-risk deletion unless unreferenced evidence strong
dfb73be4ea5b90158a5ebcce2ecd4191faae1d58d15530721daa07846523959d,Assets/HyTeKGames/SRPMaterialConverter/ConvertedMaterials/Maps/dinning_table_Metallic.png,73381,71.7 KB,90,6604290,6.3 MB,Likely safe verify in Unity,High-risk deletion unless unreferenced evidence strong
dfb73be4ea5b90158a5ebcce2ecd4191faae1d58d15530721daa07846523959d,Assets/HyTeKGames/SRPMaterialConverter/ConvertedMaterials/Maps/Notepad_1_Metallic.png,73381,71.7 KB,90,6604290,6.3 MB,Likely safe verify in Unity,High-risk deletion unless unreferenced evidence strong
dfb73be4ea5b90158a5ebcce2ecd4191faae1d58d15530721daa07846523959d,Assets/HyTeKGames/SRPMaterialConverter/ConvertedMaterials/Maps/Paintings_House_3_Metallic.png,73381,71.7 KB,90,6604290,6.3 MB,Likely safe verify in Unity,High-risk deletion unless unreferenced evidence strong
dfb73be4ea5b90158a5ebcce2ecd4191faae1d58d15530721daa07846523959d,Assets/HyTeKGames/SRPMaterialConverter/ConvertedMaterials/Maps/Paintings_House_4_Metallic.png,73381,71.7 KB,90,6604290,6.3 MB,Likely safe verify in Unity,High-risk deletion unless unreferenced evidence strong
208df88c76c65dc808f9d42486296a112c0c12d338daed52624546c40c96bbfc,Assets/HyTeKGames/SRPMaterialConverter/ConvertedMaterials/Maps/Bedroom_wood_table_Metallic.png,18397,18.0 KB,33,607101,592.9 KB,Likely safe verify in Unity,High-risk deletion unless unreferenced evidence strong
208df88c76c65dc808f9d42486296a112c0c12d338daed52624546c40c96bbfc,Assets/HyTeKGames/SRPMaterialConverter/ConvertedMaterials/Maps/shelf1_Metallic.png,18397,18.0 KB,33,607101,592.9 KB,Likely safe verify in Unity,High-risk deletion unless unreferenced evidence strong
208df88c76c65dc808f9d42486296a112c0c12d338daed52624546c40c96bbfc,Assets/HyTeKGames/SRPMaterialConverter/ConvertedMaterials/Maps/bedroom_wood_side_table_1_Metallic.png,18397,18.0 KB,33,607101,592.9 KB,Likely safe verify in Unity,High-risk deletion unless unreferenced evidence strong
208df88c76c65dc808f9d42486296a112c0c12d338daed52624546c40c96bbfc,Assets/HyTeKGames/SRPMaterialConverter/ConvertedMaterials/Maps/phong1_Metallic.png,18397,18.0 KB,33,607101,592.9 KB,Likely safe verify in Unity,High-risk deletion unless unreferenced evidence strong
208df88c76c65dc808f9d42486296a112c0c12d338daed52624546c40c96bbfc,Assets/HyTeKGames/SRPMaterialConverter/ConvertedMaterials/Maps/study_chairI_Leg_Metallic.png,18397,18.0 KB,33,607101,592.9 KB,Likely safe verify in Unity,High-risk deletion unless unreferenced evidence strong
208df88c76c65dc808f9d42486296a112c0c12d338daed52624546c40c96bbfc,Assets/HyTeKGames/SRPMaterialConverter/ConvertedMaterials/Maps/CommonCeramic01_Metallic.png,18397,18.0 KB,33,607101,592.9 KB,Likely safe verify in Unity,High-risk deletion unless unreferenced evidence strong
208df88c76c65dc808f9d42486296a112c0c12d338daed52624546c40c96bbfc,Assets/HyTeKGames/SRPMaterialConverter/ConvertedMaterials/Maps/wines_2_Metallic.png,18397,18.0 KB,33,607101,592.9 KB,Likely safe verify in Unity,High-risk deletion unless unreferenced evidence strong
208df88c76c65dc808f9d42486296a112c0c12d338daed52624546c40c96bbfc,Assets/HyTeKGames/SRPMaterialConverter/ConvertedMaterials/Maps/flower_1_Metallic.png,18397,18.0 KB,33,607101,592.9 KB,Likely safe verify in Unity,High-risk deletion unless unreferenced evidence strong
208df88c76c65dc808f9d42486296a112c0c12d338daed52624546c40c96bbfc,Assets/HyTeKGames/SRPMaterialConverter/ConvertedMaterials/Maps/plant_pot_2_Metallic.png,18397,18.0 KB,33,607101,592.9 KB,Likely safe verify in Unity,High-risk deletion unless unreferenced evidence strong
208df88c76c65dc808f9d42486296a112c0c12d338daed52624546c40c96bbfc,Assets/HyTeKGames/SRPMaterialConverter/ConvertedMaterials/Maps/teatable_1_Metallic.png,18397,18.0 KB,33,607101,592.9 KB,Likely safe verify in Unity,High-risk deletion unless unreferenced evidence strong
208df88c76c65dc808f9d42486296a112c0c12d338daed52624546c40c96bbfc,Assets/HyTeKGames/SRPMaterialConverter/ConvertedMaterials/Maps/teatable_Metallic.png,18397,18.0 KB,33,607101,592.9 KB,Likely safe verify in Unity,High-risk deletion unless unreferenced evidence strong
208df88c76c65dc808f9d42486296a112c0c12d338daed52624546c40c96bbfc,Assets/HyTeKGames/SRPMaterialConverter/ConvertedMaterials/Maps/Bedroom_wood_table_1_Metallic.png,18397,18.0 KB,33,607101,592.9 KB,Likely safe verify in Unity,High-risk deletion unless unreferenced evidence strong
208df88c76c65dc808f9d42486296a112c0c12d338daed52624546c40c96bbfc,Assets/HyTeKGames/SRPMaterialConverter/ConvertedMaterials/Maps/bedroom_wood_side_table_Metallic.png,18397,18.0 KB,33,607101,592.9 KB,Likely safe verify in Unity,High-risk deletion unless unreferenced evidence strong
208df88c76c65dc808f9d42486296a112c0c12d338daed52624546c40c96bbfc,Assets/HyTeKGames/SRPMaterialConverter/ConvertedMaterials/Maps/green_wood_3_Metallic.png,18397,18.0 KB,33,607101,592.9 KB,Likely safe verify in Unity,High-risk deletion unless unreferenced evidence strong
208df88c76c65dc808f9d42486296a112c0c12d338daed52624546c40c96bbfc,Assets/HyTeKGames/SRPMaterialConverter/ConvertedMaterials/Maps/bathroom_wall_mat_1_Metallic.png,18397,18.0 KB,33,607101,592.9 KB,Likely safe verify in Unity,High-risk deletion unless unreferenced evidence strong
208df88c76c65dc808f9d42486296a112c0c12d338daed52624546c40c96bbfc,Assets/HyTeKGames/SRPMaterialConverter/ConvertedMaterials/Maps/TV_Panels_1_Metallic.png,18397,18.0 KB,33,607101,592.9 KB,Likely safe verify in Unity,High-risk deletion unless unreferenced evidence strong
208df88c76c65dc808f9d42486296a112c0c12d338daed52624546c40c96bbfc,Assets/HyTeKGames/SRPMaterialConverter/ConvertedMaterials/Maps/flower_Metallic.png,18397,18.0 KB,33,607101,592.9 KB,Likely safe verify in Unity,High-risk deletion unless unreferenced evidence strong
208df88c76c65dc808f9d42486296a112c0c12d338daed52624546c40c96bbfc,Assets/HyTeKGames/SRPMaterialConverter/ConvertedMaterials/Maps/phong1_1_Metallic.png,18397,18.0 KB,33,607101,592.9 KB,Likely safe verify in Unity,High-risk deletion unless unreferenced evidence strong
208df88c76c65dc808f9d42486296a112c0c12d338daed52624546c40c96bbfc,Assets/HyTeKGames/SRPMaterialConverter/ConvertedMaterials/Maps/bathroom_wall_mat_1_1_Metallic.png,18397,18.0 KB,33,607101,592.9 KB,Likely safe verify in Unity,High-risk deletion unless unreferenced evidence strong
208df88c76c65dc808f9d42486296a112c0c12d338daed52624546c40c96bbfc,Assets/HyTeKGames/SRPMaterialConverter/ConvertedMaterials/Maps/door1_Metallic.png,18397,18.0 KB,33,607101,592.9 KB,Likely safe verify in Unity,High-risk deletion unless unreferenced evidence strong
208df88c76c65dc808f9d42486296a112c0c12d338daed52624546c40c96bbfc,Assets/HyTeKGames/SRPMaterialConverter/ConvertedMaterials/Maps/plant_pot_Metallic.png,18397,18.0 KB,33,607101,592.9 KB,Likely safe verify in Unity,High-risk deletion unless unreferenced evidence strong
208df88c76c65dc808f9d42486296a112c0c12d338daed52624546c40c96bbfc,Assets/HyTeKGames/SRPMaterialConverter/ConvertedMaterials/Maps/green_wood_Metallic.png,18397,18.0 KB,33,607101,592.9 KB,Likely safe verify in Unity,High-risk deletion unless unreferenced evidence strong
208df88c76c65dc808f9d42486296a112c0c12d338daed52624546c40c96bbfc,Assets/HyTeKGames/SRPMaterialConverter/ConvertedMaterials/Maps/door1_1_Metallic.png,18397,18.0 KB,33,607101,592.9 KB,Likely safe verify in Unity,High-risk deletion unless unreferenced evidence strong
208df88c76c65dc808f9d42486296a112c0c12d338daed52624546c40c96bbfc,Assets/HyTeKGames/SRPMaterialConverter/ConvertedMaterials/Maps/CommonCeramic01_2_Metallic.png,18397,18.0 KB,33,607101,592.9 KB,Likely safe verify in Unity,High-risk deletion unless unreferenced evidence strong
208df88c76c65dc808f9d42486296a112c0c12d338daed52624546c40c96bbfc,Assets/HyTeKGames/SRPMaterialConverter/ConvertedMaterials/Maps/CommonCeramic02Biege_Metallic.png,18397,18.0 KB,33,607101,592.9 KB,Likely safe verify in Unity,High-risk deletion unless unreferenced evidence strong
208df88c76c65dc808f9d42486296a112c0c12d338daed52624546c40c96bbfc,Assets/HyTeKGames/SRPMaterialConverter/ConvertedMaterials/Maps/study_chairI_Leg_1_Metallic.png,18397,18.0 KB,33,607101,592.9 KB,Likely safe verify in Unity,High-risk deletion unless unreferenced evidence strong
208df88c76c65dc808f9d42486296a112c0c12d338daed52624546c40c96bbfc,Assets/HyTeKGames/SRPMaterialConverter/ConvertedMaterials/Maps/CommonCeramic02Biege_1_Metallic.png,18397,18.0 KB,33,607101,592.9 KB,Likely safe verify in Unity,High-risk deletion unless unreferenced evidence strong
208df88c76c65dc808f9d42486296a112c0c12d338daed52624546c40c96bbfc,Assets/HyTeKGames/SRPMaterialConverter/ConvertedMaterials/Maps/wines_1_Metallic.png,18397,18.0 KB,33,607101,592.9 KB,Likely safe verify in Unity,High-risk deletion unless unreferenced evidence strong
208df88c76c65dc808f9d42486296a112c0c12d338daed52624546c40c96bbfc,Assets/HyTeKGames/SRPMaterialConverter/ConvertedMaterials/Maps/shelf1_1_Metallic.png,18397,18.0 KB,33,607101,592.9 KB,Likely safe verify in Unity,High-risk deletion unless unreferenced evidence strong
208df88c76c65dc808f9d42486296a112c0c12d338daed52624546c40c96bbfc,Assets/HyTeKGames/SRPMaterialConverter/ConvertedMaterials/Maps/plant_pot_1_Metallic.png,18397,18.0 KB,33,607101,592.9 KB,Likely safe verify in Unity,High-risk deletion unless unreferenced evidence strong
208df88c76c65dc808f9d42486296a112c0c12d338daed52624546c40c96bbfc,Assets/HyTeKGames/SRPMaterialConverter/ConvertedMaterials/Maps/wines_Metallic.png,18397,18.0 KB,33,607101,592.9 KB,Likely safe verify in Unity,High-risk deletion unless unreferenced evidence strong
208df88c76c65dc808f9d42486296a112c0c12d338daed52624546c40c96bbfc,Assets/HyTeKGames/SRPMaterialConverter/ConvertedMaterials/Maps/flower_2_Metallic.png,18397,18.0 KB,33,607101,592.9 KB,Likely safe verify in Unity,High-risk deletion unless unreferenced evidence strong
208df88c76c65dc808f9d42486296a112c0c12d338daed52624546c40c96bbfc,Assets/HyTeKGames/SRPMaterialConverter/ConvertedMaterials/Maps/TV_Panels_Metallic.png,18397,18.0 KB,33,607101,592.9 KB,Likely safe verify in Unity,High-risk deletion unless unreferenced evidence strong
c534dd3894810cd509e3e777af0ec2cd86c8022dd44442b082384d122d790d4e,Assets/HyTeKGames/SRPMaterialConverter/ConvertedMaterials/Maps/CommonCeramic01_AO.png,20538,20.1 KB,31,636678,621.8 KB,Likely safe verify in Unity,High-risk deletion unless unreferenced evidence strong
c534dd3894810cd509e3e777af0ec2cd86c8022dd44442b082384d122d790d4e,Assets/HyTeKGames/SRPMaterialConverter/ConvertedMaterials/Maps/pillow_1_AO.png,20538,20.1 KB,31,636678,621.8 KB,Likely safe verify in Unity,High-risk deletion unless unreferenced evidence strong
c534dd3894810cd509e3e777af0ec2cd86c8022dd44442b082384d122d790d4e,Assets/HyTeKGames/SRPMaterialConverter/ConvertedMaterials/Maps/door1_1_AO.png,20538,20.1 KB,31,636678,621.8 KB,Likely safe verify in Unity,High-risk deletion unless unreferenced evidence strong
c534dd3894810cd509e3e777af0ec2cd86c8022dd44442b082384d122d790d4e,Assets/HyTeKGames/SRPMaterialConverter/ConvertedMaterials/Maps/flower_1_AO.png,20538,20.1 KB,31,636678,621.8 KB,Likely safe verify in Unity,High-risk deletion unless unreferenced evidence strong
c534dd3894810cd509e3e777af0ec2cd86c8022dd44442b082384d122d790d4e,Assets/HyTeKGames/SRPMaterialConverter/ConvertedMaterials/Maps/wines_2_AO.png,20538,20.1 KB,31,636678,621.8 KB,Likely safe verify in Unity,High-risk deletion unless unreferenced evidence strong
c534dd3894810cd509e3e777af0ec2cd86c8022dd44442b082384d122d790d4e,Assets/HyTeKGames/SRPMaterialConverter/ConvertedMaterials/Maps/Remote_AO.png,20538,20.1 KB,31,636678,621.8 KB,Likely safe verify in Unity,High-risk deletion unless unreferenced evidence strong
c534dd3894810cd509e3e777af0ec2cd86c8022dd44442b082384d122d790d4e,Assets/HyTeKGames/SRPMaterialConverter/ConvertedMaterials/Maps/bathroom_wall_mat_1_AO.png,20538,20.1 KB,31,636678,621.8 KB,Likely safe verify in Unity,High-risk deletion unless unreferenced evidence strong
c534dd3894810cd509e3e777af0ec2cd86c8022dd44442b082384d122d790d4e,Assets/HyTeKGames/SRPMaterialConverter/ConvertedMaterials/Maps/handle_1_Metallic.png,20538,20.1 KB,31,636678,621.8 KB,Likely safe verify in Unity,High-risk deletion unless unreferenced evidence strong
c534dd3894810cd509e3e777af0ec2cd86c8022dd44442b082384d122d790d4e,Assets/HyTeKGames/SRPMaterialConverter/ConvertedMaterials/Maps/plant_pot_1_AO.png,20538,20.1 KB,31,636678,621.8 KB,Likely safe verify in Unity,High-risk deletion unless unreferenced evidence strong
c534dd3894810cd509e3e777af0ec2cd86c8022dd44442b082384d122d790d4e,Assets/HyTeKGames/SRPMaterialConverter/ConvertedMaterials/Maps/pillow_1_1_AO.png,20538,20.1 KB,31,636678,621.8 KB,Likely safe verify in Unity,High-risk deletion unless unreferenced evidence strong
c534dd3894810cd509e3e777af0ec2cd86c8022dd44442b082384d122d790d4e,Assets/HyTeKGames/SRPMaterialConverter/ConvertedMaterials/Maps/toasterNew_Metallic.png,20538,20.1 KB,31,636678,621.8 KB,Likely safe verify in Unity,High-risk deletion unless unreferenced evidence strong
c534dd3894810cd509e3e777af0ec2cd86c8022dd44442b082384d122d790d4e,Assets/HyTeKGames/SRPMaterialConverter/ConvertedMaterials/Maps/toasterNew_1_Metallic.png,20538,20.1 KB,31,636678,621.8 KB,Likely safe verify in Unity,High-risk deletion unless unreferenced evidence strong
c534dd3894810cd509e3e777af0ec2cd86c8022dd44442b082384d122d790d4e,Assets/HyTeKGames/SRPMaterialConverter/ConvertedMaterials/Maps/flower_2_AO.png,20538,20.1 KB,31,636678,621.8 KB,Likely safe verify in Unity,High-risk deletion unless unreferenced evidence strong
c534dd3894810cd509e3e777af0ec2cd86c8022dd44442b082384d122d790d4e,Assets/HyTeKGames/SRPMaterialConverter/ConvertedMaterials/Maps/phong1_AO.png,20538,20.1 KB,31,636678,621.8 KB,Likely safe verify in Unity,High-risk deletion unless unreferenced evidence strong
c534dd3894810cd509e3e777af0ec2cd86c8022dd44442b082384d122d790d4e,Assets/HyTeKGames/SRPMaterialConverter/ConvertedMaterials/Maps/door1_AO.png,20538,20.1 KB,31,636678,621.8 KB,Likely safe verify in Unity,High-risk deletion unless unreferenced evidence strong
c534dd3894810cd509e3e777af0ec2cd86c8022dd44442b082384d122d790d4e,Assets/HyTeKGames/SRPMaterialConverter/ConvertedMaterials/Maps/wines_1_AO.png,20538,20.1 KB,31,636678,621.8 KB,Likely safe verify in Unity,High-risk deletion unless unreferenced evidence strong
c534dd3894810cd509e3e777af0ec2cd86c8022dd44442b082384d122d790d4e,Assets/HyTeKGames/SRPMaterialConverter/ConvertedMaterials/Maps/bed_coat_AO.png,20538,20.1 KB,31,636678,621.8 KB,Likely safe verify in Unity,High-risk deletion unless unreferenced evidence strong
c534dd3894810cd509e3e777af0ec2cd86c8022dd44442b082384d122d790d4e,Assets/HyTeKGames/SRPMaterialConverter/ConvertedMaterials/Maps/phong1_1_AO.png,20538,20.1 KB,31,636678,621.8 KB,Likely safe verify in Unity,High-risk deletion unless unreferenced evidence strong
c534dd3894810cd509e3e777af0ec2cd86c8022dd44442b082384d122d790d4e,Assets/HyTeKGames/SRPMaterialConverter/ConvertedMaterials/Maps/bed_coat_1_AO.png,20538,20.1 KB,31,636678,621.8 KB,Likely safe verify in Unity,High-risk deletion unless unreferenced evidence strong
c534dd3894810cd509e3e777af0ec2cd86c8022dd44442b082384d122d790d4e,Assets/HyTeKGames/SRPMaterialConverter/ConvertedMaterials/Maps/wines_AO.png,20538,20.1 KB,31,636678,621.8 KB,Likely safe verify in Unity,High-risk deletion unless unreferenced evidence strong
c534dd3894810cd509e3e777af0ec2cd86c8022dd44442b082384d122d790d4e,Assets/HyTeKGames/SRPMaterialConverter/ConvertedMaterials/Maps/plant_pot_AO.png,20538,20.1 KB,31,636678,621.8 KB,Likely safe verify in Unity,High-risk deletion unless unreferenced evidence strong
c534dd3894810cd509e3e777af0ec2cd86c8022dd44442b082384d122d790d4e,Assets/HyTeKGames/SRPMaterialConverter/ConvertedMaterials/Maps/CommonCeramic02Biege_1_AO.png,20538,20.1 KB,31,636678,621.8 KB,Likely safe verify in Unity,High-risk deletion unless unreferenced evidence strong
c534dd3894810cd509e3e777af0ec2cd86c8022dd44442b082384d122d790d4e,Assets/HyTeKGames/SRPMaterialConverter/ConvertedMaterials/Maps/plant_pot_2_AO.png,20538,20.1 KB,31,636678,621.8 KB,Likely safe verify in Unity,High-risk deletion unless unreferenced evidence strong
c534dd3894810cd509e3e777af0ec2cd86c8022dd44442b082384d122d790d4e,Assets/HyTeKGames/SRPMaterialConverter/ConvertedMaterials/Maps/CommonCeramic01_2_AO.png,20538,20.1 KB,31,636678,621.8 KB,Likely safe verify in Unity,High-risk deletion unless unreferenced evidence strong
c534dd3894810cd509e3e777af0ec2cd86c8022dd44442b082384d122d790d4e,Assets/HyTeKGames/SRPMaterialConverter/ConvertedMaterials/Maps/Socket_AO.png,20538,20.1 KB,31,636678,621.8 KB,Likely safe verify in Unity,High-risk deletion unless unreferenced evidence strong
c534dd3894810cd509e3e777af0ec2cd86c8022dd44442b082384d122d790d4e,Assets/HyTeKGames/SRPMaterialConverter/ConvertedMaterials/Maps/bathroom_wall_mat_1_1_AO.png,20538,20.1 KB,31,636678,621.8 KB,Likely safe verify in Unity,High-risk deletion unless unreferenced evidence strong
c534dd3894810cd509e3e777af0ec2cd86c8022dd44442b082384d122d790d4e,Assets/HyTeKGames/SRPMaterialConverter/ConvertedMaterials/Maps/handle_Metallic.png,20538,20.1 KB,31,636678,621.8 KB,Likely safe verify in Unity,High-risk deletion unless unreferenced evidence strong
c534dd3894810cd509e3e777af0ec2cd86c8022dd44442b082384d122d790d4e,Assets/HyTeKGames/SRPMaterialConverter/ConvertedMaterials/Maps/flower_AO.png,20538,20.1 KB,31,636678,621.8 KB,Likely safe verify in Unity,High-risk deletion unless unreferenced evidence strong
c534dd3894810cd509e3e777af0ec2cd86c8022dd44442b082384d122d790d4e,Assets/HyTeKGames/SRPMaterialConverter/ConvertedMaterials/Maps/Remote_2_AO.png,20538,20.1 KB,31,636678,621.8 KB,Likely safe verify in Unity,High-risk deletion unless unreferenced evidence strong
c534dd3894810cd509e3e777af0ec2cd86c8022dd44442b082384d122d790d4e,Assets/HyTeKGames/SRPMaterialConverter/ConvertedMaterials/Maps/Socket_1_AO.png,20538,20.1 KB,31,636678,621.8 KB,Likely safe verify in Unity,High-risk deletion unless unreferenced evidence strong
c534dd3894810cd509e3e777af0ec2cd86c8022dd44442b082384d122d790d4e,Assets/HyTeKGames/SRPMaterialConverter/ConvertedMaterials/Maps/CommonCeramic02Biege_AO.png,20538,20.1 KB,31,636678,621.8 KB,Likely safe verify in Unity,High-risk deletion unless unreferenced evidence strong
a798ca77f858b0ec4e9d9dc4f358e527a6cc603ef2b653e17a3ae7cf1aeae7ba,Assets/HyTeKGames/SRPMaterialConverter/ConvertedMaterials/Maps/imac_Metallic.png,95260,93.0 KB,2,190520,186.1 KB,Likely safe verify in Unity,High-risk deletion unless unreferenced evidence strong
a798ca77f858b0ec4e9d9dc4f358e527a6cc603ef2b653e17a3ae7cf1aeae7ba,Assets/HyTeKGames/SRPMaterialConverter/ConvertedMaterials/Maps/imac_1_Metallic.png,95260,93.0 KB,2,190520,186.1 KB,Likely safe verify in Unity,High-risk deletion unless unreferenced evidence strong
852f10deb0cab8a6521c8a01b158a9cea3baff120f86ac4ae6e419d285d171a1,Assets/HyTeKGames/SRPMaterialConverter/ConvertedMaterials/Maps/gold_tap_handle 1_AO.png,1639590,1.6 MB,2,3279180,3.1 MB,Likely safe verify in Unity,High-risk deletion unless unreferenced evidence strong
852f10deb0cab8a6521c8a01b158a9cea3baff120f86ac4ae6e419d285d171a1,Assets/HyTeKGames/SRPMaterialConverter/ConvertedMaterials/Maps/gold_tap_handle 1_1_AO.png,1639590,1.6 MB,2,3279180,3.1 MB,Likely safe verify in Unity,High-risk deletion unless unreferenced evidence strong
7776e88c50116389642ce97acbae143d4e07bda329539e7bd38ff3f957e4d442,Assets/HyTeKGames/SRPMaterialConverter/ConvertedMaterials/Maps/coffee_maker_1_AO.png,793039,774.5 KB,2,1586078,1.5 MB,Likely safe verify in Unity,High-risk deletion unless unreferenced evidence strong
7776e88c50116389642ce97acbae143d4e07bda329539e7bd38ff3f957e4d442,Assets/HyTeKGames/SRPMaterialConverter/ConvertedMaterials/Maps/coffee_maker_AO.png,793039,774.5 KB,2,1586078,1.5 MB,Likely safe verify in Unity,High-risk deletion unless unreferenced evidence strong
1dafa5d7495d33eb4fca51807f88eadf699df6f160023ce3664aedc5bccebab3,Assets/HyTeKGames/SRPMaterialConverter/ConvertedMaterials/Maps/M_washbasin2_1_AO.png,555017,542.0 KB,2,1110034,1.1 MB,Likely safe verify in Unity,High-risk deletion unless unreferenced evidence strong
1dafa5d7495d33eb4fca51807f88eadf699df6f160023ce3664aedc5bccebab3,Assets/HyTeKGames/SRPMaterialConverter/ConvertedMaterials/Maps/M_washbasin2_AO.png,555017,542.0 KB,2,1110034,1.1 MB,Likely safe verify in Unity,High-risk deletion unless unreferenced evidence strong
c59f405bea0add5d55d47651e30f8a9cb3f75580258ed47423e0eb2c2dc74424,Assets/HyTeKGames/SRPMaterialConverter/ConvertedMaterials/Maps/switch1_1_AO.png,207574,202.7 KB,4,830296,810.8 KB,Likely safe verify in Unity,High-risk deletion unless unreferenced evidence strong
c59f405bea0add5d55d47651e30f8a9cb3f75580258ed47423e0eb2c2dc74424,Assets/HyTeKGames/SRPMaterialConverter/ConvertedMaterials/Maps/switch1_AO.png,207574,202.7 KB,4,830296,810.8 KB,Likely safe verify in Unity,High-risk deletion unless unreferenced evidence strong
c59f405bea0add5d55d47651e30f8a9cb3f75580258ed47423e0eb2c2dc74424,Assets/HyTeKGames/SRPMaterialConverter/ConvertedMaterials/Maps/switch2_1_AO.png,207574,202.7 KB,4,830296,810.8 KB,Likely safe verify in Unity,High-risk deletion unless unreferenced evidence strong
c59f405bea0add5d55d47651e30f8a9cb3f75580258ed47423e0eb2c2dc74424,Assets/HyTeKGames/SRPMaterialConverter/ConvertedMaterials/Maps/switch2_AO.png,207574,202.7 KB,4,830296,810.8 KB,Likely safe verify in Unity,High-risk deletion unless unreferenced evidence strong
1fa60c2735832be64ca542026d43e9e3e9ab9f3a75e31e3ab0b8dd4ac5edef74,Assets/HyTeKGames/SRPMaterialConverter/ConvertedMaterials/Maps/steel_AO.png,1278652,1.2 MB,2,2557304,2.4 MB,Likely safe verify in Unity,High-risk deletion unless unreferenced evidence strong
1fa60c2735832be64ca542026d43e9e3e9ab9f3a75e31e3ab0b8dd4ac5edef74,Assets/HyTeKGames/SRPMaterialConverter/ConvertedMaterials/Maps/steel_1_AO.png,1278652,1.2 MB,2,2557304,2.4 MB,Likely safe verify in Unity,High-risk deletion unless unreferenced evidence strong
a17ec48065f2668d441d2a94878d5e6572df6b2f37a71c575995d5cd5abcda76,Assets/HyTeKGames/SRPMaterialConverter/ConvertedMaterials/Maps/LightBulb02On_AO.png,4655,4.5 KB,4,18620,18.2 KB,Likely safe verify in Unity,High-risk deletion unless unreferenced evidence strong
a17ec48065f2668d441d2a94878d5e6572df6b2f37a71c575995d5cd5abcda76,Assets/HyTeKGames/SRPMaterialConverter/ConvertedMaterials/Maps/LightBulb02On_1_AO.png,4655,4.5 KB,4,18620,18.2 KB,Likely safe verify in Unity,High-risk deletion unless unreferenced evidence strong
a17ec48065f2668d441d2a94878d5e6572df6b2f37a71c575995d5cd5abcda76,Assets/HyTeKGames/SRPMaterialConverter/ConvertedMaterials/Maps/LightBulb02On_Metallic.png,4655,4.5 KB,4,18620,18.2 KB,Likely safe verify in Unity,High-risk deletion unless unreferenced evidence strong
a17ec48065f2668d441d2a94878d5e6572df6b2f37a71c575995d5cd5abcda76,Assets/HyTeKGames/SRPMaterialConverter/ConvertedMaterials/Maps/LightBulb02On_1_Metallic.png,4655,4.5 KB,4,18620,18.2 KB,Likely safe verify in Unity,High-risk deletion unless unreferenced evidence strong
bece9f2a4367feb4b35850eaade9ffc4bd2645f434bde7fdcffee931427f02ad,Assets/HyTeKGames/SRPMaterialConverter/ConvertedMaterials/Maps/glass_Metallic.png,195490,190.9 KB,2,390980,381.8 KB,Likely safe verify in Unity,High-risk deletion unless unreferenced evidence strong
bece9f2a4367feb4b35850eaade9ffc4bd2645f434bde7fdcffee931427f02ad,Assets/HyTeKGames/SRPMaterialConverter/ConvertedMaterials/Maps/glass_1_Metallic.png,195490,190.9 KB,2,390980,381.8 KB,Likely safe verify in Unity,High-risk deletion unless unreferenced evidence strong
514681cb720e321219afe3d46d736dd530cb601409c75c768b05e97b8e76f6c8,Assets/HyTeKGames/SRPMaterialConverter/ConvertedMaterials/Maps/shelf1_AO.png,71102,69.4 KB,2,142204,138.9 KB,Likely safe verify in Unity,High-risk deletion unless unreferenced evidence strong
514681cb720e321219afe3d46d736dd530cb601409c75c768b05e97b8e76f6c8,Assets/HyTeKGames/SRPMaterialConverter/ConvertedMaterials/Maps/shelf1_1_AO.png,71102,69.4 KB,2,142204,138.9 KB,Likely safe verify in Unity,High-risk deletion unless unreferenced evidence strong
78b88ef40eac2dddff82c7a7b42867c19975d54d3474b54a131b10c1310c2e4f,Assets/HyTeKGames/SRPMaterialConverter/ConvertedMaterials/Maps/metaldryer_1_AO.png,270717,264.4 KB,2,541434,528.7 KB,Likely safe verify in Unity,High-risk deletion unless unreferenced evidence strong
78b88ef40eac2dddff82c7a7b42867c19975d54d3474b54a131b10c1310c2e4f,Assets/HyTeKGames/SRPMaterialConverter/ConvertedMaterials/Maps/metaldryer_AO.png,270717,264.4 KB,2,541434,528.7 KB,Likely safe verify in Unity,High-risk deletion unless unreferenced evidence strong
0a13935656043da71d0d9a7743fbb796d68ee3613134535ce490d972b4cc4f84,Assets/HyTeKGames/SRPMaterialConverter/ConvertedMaterials/Maps/M_toilet_1_Metallic.png,95500,93.3 KB,2,191000,186.5 KB,Likely safe verify in Unity,High-risk deletion unless unreferenced evidence strong
0a13935656043da71d0d9a7743fbb796d68ee3613134535ce490d972b4cc4f84,Assets/HyTeKGames/SRPMaterialConverter/ConvertedMaterials/Maps/M_toilet_Metallic.png,95500,93.3 KB,2,191000,186.5 KB,Likely safe verify in Unity,High-risk deletion unless unreferenced evidence strong
b0a5bd438975a06d5223ef098e4bf5650e7b1cc372846acaeaeea48ea315b493,Assets/HyTeKGames/SRPMaterialConverter/ConvertedMaterials/Maps/plate_AO.png,721509,704.6 KB,2,1443018,1.4 MB,Likely safe verify in Unity,High-risk deletion unless unreferenced evidence strong
b0a5bd438975a06d5223ef098e4bf5650e7b1cc372846acaeaeea48ea315b493,Assets/HyTeKGames/SRPMaterialConverter/ConvertedMaterials/Maps/plate_1_AO.png,721509,704.6 KB,2,1443018,1.4 MB,Likely safe verify in Unity,High-risk deletion unless unreferenced evidence strong
900a5b182cbabd622b8e5dee2f9f1ea2d76f4fccb45c2e1fb4dacd1bc7705719,Assets/HyTeKGames/SRPMaterialConverter/ConvertedMaterials/Maps/dressing_mirror1_1_AO.png,628342,613.6 KB,2,1256684,1.2 MB,Likely safe verify in Unity,High-risk deletion unless unreferenced evidence strong
900a5b182cbabd622b8e5dee2f9f1ea2d76f4fccb45c2e1fb4dacd1bc7705719,Assets/HyTeKGames/SRPMaterialConverter/ConvertedMaterials/Maps/dressing_mirror1_AO.png,628342,613.6 KB,2,1256684,1.2 MB,Likely safe verify in Unity,High-risk deletion unless unreferenced evidence strong
cbc8373265e8570b2f89ded52cb136285c402f7a40396a6c41266bf3c6157ee5,Assets/HyTeKGames/SRPMaterialConverter/ConvertedMaterials/Maps/bedside_lamp1_1_AO.png,165036,161.2 KB,2,330072,322.3 KB,Likely safe verify in Unity,High-risk deletion unless unreferenced evidence strong
cbc8373265e8570b2f89ded52cb136285c402f7a40396a6c41266bf3c6157ee5,Assets/HyTeKGames/SRPMaterialConverter/ConvertedMaterials/Maps/bedside_lamp1_AO.png,165036,161.2 KB,2,330072,322.3 KB,Likely safe verify in Unity,High-risk deletion unless unreferenced evidence strong
9c8e03dc5109fd8f0da2e504573116acdb5c9bfa6f41d9dfeb04bd933364e445,Assets/HyTeKGames/SRPMaterialConverter/ConvertedMaterials/Maps/washingMachine_1_Metallic.png,358001,349.6 KB,4,1432004,1.4 MB,Likely safe verify in Unity,High-risk deletion unless unreferenced evidence strong
9c8e03dc5109fd8f0da2e504573116acdb5c9bfa6f41d9dfeb04bd933364e445,Assets/HyTeKGames/SRPMaterialConverter/ConvertedMaterials/Maps/washingmachineclosed_Metallic.png,358001,349.6 KB,4,1432004,1.4 MB,Likely safe verify in Unity,High-risk deletion unless unreferenced evidence strong
9c8e03dc5109fd8f0da2e504573116acdb5c9bfa6f41d9dfeb04bd933364e445,Assets/HyTeKGames/SRPMaterialConverter/ConvertedMaterials/Maps/washingmachineclosed_1_Metallic.png,358001,349.6 KB,4,1432004,1.4 MB,Likely safe verify in Unity,High-risk deletion unless unreferenced evidence strong
9c8e03dc5109fd8f0da2e504573116acdb5c9bfa6f41d9dfeb04bd933364e445,Assets/HyTeKGames/SRPMaterialConverter/ConvertedMaterials/Maps/washingMachine_Metallic.png,358001,349.6 KB,4,1432004,1.4 MB,Likely safe verify in Unity,High-risk deletion unless unreferenced evidence strong
42ce7dde79a60d045be28886cd5b846fd62611871fd59a19d0b626e004371bb7,Assets/HyTeKGames/SRPMaterialConverter/ConvertedMaterials/Maps/chimini_2_AO.png,966986,944.3 KB,4,3867944,3.7 MB,Likely safe verify in Unity,High-risk deletion unless unreferenced evidence strong
42ce7dde79a60d045be28886cd5b846fd62611871fd59a19d0b626e004371bb7,Assets/HyTeKGames/SRPMaterialConverter/ConvertedMaterials/Maps/chimini_AO.png,966986,944.3 KB,4,3867944,3.7 MB,Likely safe verify in Unity,High-risk deletion unless unreferenced evidence strong
42ce7dde79a60d045be28886cd5b846fd62611871fd59a19d0b626e004371bb7,Assets/HyTeKGames/SRPMaterialConverter/ConvertedMaterials/Maps/chimini_3_AO.png,966986,944.3 KB,4,3867944,3.7 MB,Likely safe verify in Unity,High-risk deletion unless unreferenced evidence strong
42ce7dde79a60d045be28886cd5b846fd62611871fd59a19d0b626e004371bb7,Assets/HyTeKGames/SRPMaterialConverter/ConvertedMaterials/Maps/chimini_1_AO.png,966986,944.3 KB,4,3867944,3.7 MB,Likely safe verify in Unity,High-risk deletion unless unreferenced evidence strong
091792f578c9df7bbfbdbc5db2e90e11736ea7ce8c7d817059198f2ffdfa7b31,Assets/HyTeKGames/SRPMaterialConverter/ConvertedMaterials/Maps/balcony_metal_2_AO.png,474116,463.0 KB,3,1422348,1.4 MB,Likely safe verify in Unity,High-risk deletion unless unreferenced evidence strong
091792f578c9df7bbfbdbc5db2e90e11736ea7ce8c7d817059198f2ffdfa7b31,Assets/HyTeKGames/SRPMaterialConverter/ConvertedMaterials/Maps/balcony_metal_1_AO.png,474116,463.0 KB,3,1422348,1.4 MB,Likely safe verify in Unity,High-risk deletion unless unreferenced evidence strong
091792f578c9df7bbfbdbc5db2e90e11736ea7ce8c7d817059198f2ffdfa7b31,Assets/HyTeKGames/SRPMaterialConverter/ConvertedMaterials/Maps/balcony_metal_AO.png,474116,463.0 KB,3,1422348,1.4 MB,Likely safe verify in Unity,High-risk deletion unless unreferenced evidence strong
7859f6014d531768a8ece7fbec0e1f1b8e996d9d937808699c6548a4b465d27d,Assets/HyTeKGames/SRPMaterialConverter/ConvertedMaterials/Maps/trash-can_1_Metallic.png,107487,105.0 KB,2,214974,209.9 KB,Likely safe verify in Unity,High-risk deletion unless unreferenced evidence strong
7859f6014d531768a8ece7fbec0e1f1b8e996d9d937808699c6548a4b465d27d,Assets/HyTeKGames/SRPMaterialConverter/ConvertedMaterials/Maps/trash-can_Metallic.png,107487,105.0 KB,2,214974,209.9 KB,Likely safe verify in Unity,High-risk deletion unless unreferenced evidence strong
cb516e0bf95484ae69b03c493e0b15abfaedf3f7dce110a702b486294709f29d,Assets/HyTeKGames/SRPMaterialConverter/ConvertedMaterials/Maps/Air Conditioner_AO.png,674997,659.2 KB,2,1349994,1.3 MB,Likely safe verify in Unity,High-risk deletion unless unreferenced evidence strong
cb516e0bf95484ae69b03c493e0b15abfaedf3f7dce110a702b486294709f29d,Assets/HyTeKGames/SRPMaterialConverter/ConvertedMaterials/Maps/Air Conditioner_1_AO.png,674997,659.2 KB,2,1349994,1.3 MB,Likely safe verify in Unity,High-risk deletion unless unreferenced evidence strong
343104665c7e89e387310850490a8599af2d807d9019e42a165b1990e457d282,Assets/HyTeKGames/SRPMaterialConverter/ConvertedMaterials/Maps/Knife_Holder_mat_1_AO.png,2070257,2.0 MB,2,4140514,3.9 MB,Likely safe verify in Unity,High-risk deletion unless unreferenced evidence strong
343104665c7e89e387310850490a8599af2d807d9019e42a165b1990e457d282,Assets/HyTeKGames/SRPMaterialConverter/ConvertedMaterials/Maps/Knife_Holder_mat_AO.png,2070257,2.0 MB,2,4140514,3.9 MB,Likely safe verify in Unity,High-risk deletion unless unreferenced evidence strong
cc3b87c2ef43e80061da920ac889566c89cd6f1ec8e26d504acbd6a8e5932697,Assets/HyTeKGames/SRPMaterialConverter/ConvertedMaterials/Maps/bedroom_wood_side_table_AO.png,192823,188.3 KB,2,385646,376.6 KB,Likely safe verify in Unity,High-risk deletion unless unreferenced evidence strong
cc3b87c2ef43e80061da920ac889566c89cd6f1ec8e26d504acbd6a8e5932697,Assets/HyTeKGames/SRPMaterialConverter/ConvertedMaterials/Maps/bedroom_wood_side_table_1_AO.png,192823,188.3 KB,2,385646,376.6 KB,Likely safe verify in Unity,High-risk deletion unless unreferenced evidence strong
a11f85dcbb39c12ab1e7ac2da28ade015acff1f4d5e697ffdadd93b6eae9f2d3,Assets/HyTeKGames/SRPMaterialConverter/ConvertedMaterials/Maps/gold_tap_handle_AO.png,1643662,1.6 MB,2,3287324,3.1 MB,Likely safe verify in Unity,High-risk deletion unless unreferenced evidence strong
a11f85dcbb39c12ab1e7ac2da28ade015acff1f4d5e697ffdadd93b6eae9f2d3,Assets/HyTeKGames/SRPMaterialConverter/ConvertedMaterials/Maps/gold_tap_handle_3_AO.png,1643662,1.6 MB,2,3287324,3.1 MB,Likely safe verify in Unity,High-risk deletion unless unreferenced evidence strong
8213a1fd019b7d6c1fcf8214f1243d7ea226de58051bef13da46bc93ec06dd94,Assets/HyTeKGames/SRPMaterialConverter/ConvertedMaterials/Maps/dressing_mirror1_1_Metallic.png,86808,84.8 KB,2,173616,169.5 KB,Likely safe verify in Unity,High-risk deletion unless unreferenced evidence strong
8213a1fd019b7d6c1fcf8214f1243d7ea226de58051bef13da46bc93ec06dd94,Assets/HyTeKGames/SRPMaterialConverter/ConvertedMaterials/Maps/dressing_mirror1_Metallic.png,86808,84.8 KB,2,173616,169.5 KB,Likely safe verify in Unity,High-risk deletion unless unreferenced evidence strong
1bffd56e235da5bd095a12d5270b69c77f4190f4f77801631911ad91d4f0b874,Assets/HyTeKGames/SRPMaterialConverter/ConvertedMaterials/Maps/pillow_1_1_Metallic.png,637254,622.3 KB,2,1274508,1.2 MB,Likely safe verify in Unity,High-risk deletion unless unreferenced evidence strong
1bffd56e235da5bd095a12d5270b69c77f4190f4f77801631911ad91d4f0b874,Assets/HyTeKGames/SRPMaterialConverter/ConvertedMaterials/Maps/pillow_1_Metallic.png,637254,622.3 KB,2,1274508,1.2 MB,Likely safe verify in Unity,High-risk deletion unless unreferenced evidence strong
dcd4e848e07ba1f71b80a4517bb4f8f31fea6e4be999a1cf0dee703735a42bbe,Assets/HyTeKGames/SRPMaterialConverter/ConvertedMaterials/Maps/toasterNew_AO.png,221706,216.5 KB,2,443412,433.0 KB,Likely safe verify in Unity,High-risk deletion unless unreferenced evidence strong
dcd4e848e07ba1f71b80a4517bb4f8f31fea6e4be999a1cf0dee703735a42bbe,Assets/HyTeKGames/SRPMaterialConverter/ConvertedMaterials/Maps/toasterNew_1_AO.png,221706,216.5 KB,2,443412,433.0 KB,Likely safe verify in Unity,High-risk deletion unless unreferenced evidence strong
9276e7fbe1af737295944cdcb025a0cb08d26510c80acbc79ae9b35c047ddb02,Assets/HyTeKGames/SRPMaterialConverter/ConvertedMaterials/Maps/Socket_1_Metallic.png,22430,21.9 KB,2,44860,43.8 KB,Likely safe verify in Unity,High-risk deletion unless unreferenced evidence strong
9276e7fbe1af737295944cdcb025a0cb08d26510c80acbc79ae9b35c047ddb02,Assets/HyTeKGames/SRPMaterialConverter/ConvertedMaterials/Maps/Socket_Metallic.png,22430,21.9 KB,2,44860,43.8 KB,Likely safe verify in Unity,High-risk deletion unless unreferenced evidence strong
78967601ef1ecbb1e67ff57cb42ee549c02d39a1dcdd0aa38201d812631580f0,Assets/HyTeKGames/SRPMaterialConverter/ConvertedMaterials/Maps/bed_lamp_glass1_Metallic.png,9242,9.0 KB,4,36968,36.1 KB,Likely safe verify in Unity,High-risk deletion unless unreferenced evidence strong
78967601ef1ecbb1e67ff57cb42ee549c02d39a1dcdd0aa38201d812631580f0,Assets/HyTeKGames/SRPMaterialConverter/ConvertedMaterials/Maps/bedside_lamp1_Metallic.png,9242,9.0 KB,4,36968,36.1 KB,Likely safe verify in Unity,High-risk deletion unless unreferenced evidence strong
78967601ef1ecbb1e67ff57cb42ee549c02d39a1dcdd0aa38201d812631580f0,Assets/HyTeKGames/SRPMaterialConverter/ConvertedMaterials/Maps/bed_lamp_glass1_1_Metallic.png,9242,9.0 KB,4,36968,36.1 KB,Likely safe verify in Unity,High-risk deletion unless unreferenced evidence strong
78967601ef1ecbb1e67ff57cb42ee549c02d39a1dcdd0aa38201d812631580f0,Assets/HyTeKGames/SRPMaterialConverter/ConvertedMaterials/Maps/bedside_lamp1_1_Metallic.png,9242,9.0 KB,4,36968,36.1 KB,Likely safe verify in Unity,High-risk deletion unless unreferenced evidence strong
7818788bb09880f006e704e33e3ffe22d66aa217af23d00ff2533be938fa1aed,Assets/HyTeKGames/SRPMaterialConverter/ConvertedMaterials/Maps/study_chair_seat_1_AO.png,106520,104.0 KB,2,213040,208.0 KB,Likely safe verify in Unity,High-risk deletion unless unreferenced evidence strong
7818788bb09880f006e704e33e3ffe22d66aa217af23d00ff2533be938fa1aed,Assets/HyTeKGames/SRPMaterialConverter/ConvertedMaterials/Maps/study_chair_seat_AO.png,106520,104.0 KB,2,213040,208.0 KB,Likely safe verify in Unity,High-risk deletion unless unreferenced evidence strong
8d35248e570918c97d4142d2f3635744e1f209494e4bf5e9507258ee04922a94,Assets/HyTeKGames/SRPMaterialConverter/ConvertedMaterials/Maps/balcony_metal_1_Metallic.png,78119,76.3 KB,3,234357,228.9 KB,Likely safe verify in Unity,High-risk deletion unless unreferenced evidence strong
8d35248e570918c97d4142d2f3635744e1f209494e4bf5e9507258ee04922a94,Assets/HyTeKGames/SRPMaterialConverter/ConvertedMaterials/Maps/balcony_metal_2_Metallic.png,78119,76.3 KB,3,234357,228.9 KB,Likely safe verify in Unity,High-risk deletion unless unreferenced evidence strong
8d35248e570918c97d4142d2f3635744e1f209494e4bf5e9507258ee04922a94,Assets/HyTeKGames/SRPMaterialConverter/ConvertedMaterials/Maps/balcony_metal_Metallic.png,78119,76.3 KB,3,234357,228.9 KB,Likely safe verify in Unity,High-risk deletion unless unreferenced evidence strong
79af65ae1ef9fa6c95d49cd4343c85e3af52e4c9ca6d1a46b348665807ea29a4,Assets/HyTeKGames/SRPMaterialConverter/ConvertedMaterials/Maps/Paintings_House_2_AO.png,233381,227.9 KB,2,466762,455.8 KB,Likely safe verify in Unity,High-risk deletion unless unreferenced evidence strong
79af65ae1ef9fa6c95d49cd4343c85e3af52e4c9ca6d1a46b348665807ea29a4,Assets/HyTeKGames/SRPMaterialConverter/ConvertedMaterials/Maps/Paintings_House_2_1_AO.png,233381,227.9 KB,2,466762,455.8 KB,Likely safe verify in Unity,High-risk deletion unless unreferenced evidence strong
aef052f05caaec32047f5690bf08a7061f88c2e92a9f3048e0f9420459007a89,Assets/HyTeKGames/SRPMaterialConverter/ConvertedMaterials/Maps/diining_chair_wood_1_AO.png,469667,458.7 KB,2,939334,917.3 KB,Likely safe verify in Unity,High-risk deletion unless unreferenced evidence strong
aef052f05caaec32047f5690bf08a7061f88c2e92a9f3048e0f9420459007a89,Assets/HyTeKGames/SRPMaterialConverter/ConvertedMaterials/Maps/diining_chair_wood_AO.png,469667,458.7 KB,2,939334,917.3 KB,Likely safe verify in Unity,High-risk deletion unless unreferenced evidence strong
7c9fe28ae3681192732e6464b6e8bdb875dbc8b0772203fd2a0e72c749e5eb1f,Assets/HyTeKGames/SRPMaterialConverter/ConvertedMaterials/Maps/TV_1_Metallic.png,5623,5.5 KB,2,11246,11.0 KB,Likely safe verify in Unity,High-risk deletion unless unreferenced evidence strong
7c9fe28ae3681192732e6464b6e8bdb875dbc8b0772203fd2a0e72c749e5eb1f,Assets/HyTeKGames/SRPMaterialConverter/ConvertedMaterials/Maps/TV_Metallic.png,5623,5.5 KB,2,11246,11.0 KB,Likely safe verify in Unity,High-risk deletion unless unreferenced evidence strong
f65ebc85b2201e06e448ddcc22b35c4136d4e615ea4edb29131db0e7adc5431c,Assets/HyTeKGames/SRPMaterialConverter/ConvertedMaterials/Maps/green_wood_1 Metal_1_AO.png,958628,936.2 KB,4,3834512,3.7 MB,Likely safe verify in Unity,High-risk deletion unless unreferenced evidence strong
f65ebc85b2201e06e448ddcc22b35c4136d4e615ea4edb29131db0e7adc5431c,Assets/HyTeKGames/SRPMaterialConverter/ConvertedMaterials/Maps/green_wood_1 Metal_AO.png,958628,936.2 KB,4,3834512,3.7 MB,Likely safe verify in Unity,High-risk deletion unless unreferenced evidence strong
f65ebc85b2201e06e448ddcc22b35c4136d4e615ea4edb29131db0e7adc5431c,Assets/HyTeKGames/SRPMaterialConverter/ConvertedMaterials/Maps/green_wood_1_AO.png,958628,936.2 KB,4,3834512,3.7 MB,Likely safe verify in Unity,High-risk deletion unless unreferenced evidence strong
f65ebc85b2201e06e448ddcc22b35c4136d4e615ea4edb29131db0e7adc5431c,Assets/HyTeKGames/SRPMaterialConverter/ConvertedMaterials/Maps/green_wood_1_1_AO.png,958628,936.2 KB,4,3834512,3.7 MB,Likely safe verify in Unity,High-risk deletion unless unreferenced evidence strong
912d1933e4a19c79e0cd14c3b776c1ed5db9e227572d12aa97a1a51df931cf37,Assets/HyTeKGames/SRPMaterialConverter/ConvertedMaterials/Maps/balcony_mat1_AO.png,78182,76.3 KB,3,234546,229.0 KB,Likely safe verify in Unity,High-risk deletion unless unreferenced evidence strong
912d1933e4a19c79e0cd14c3b776c1ed5db9e227572d12aa97a1a51df931cf37,Assets/HyTeKGames/SRPMaterialConverter/ConvertedMaterials/Maps/balcony_mat1_2_AO.png,78182,76.3 KB,3,234546,229.0 KB,Likely safe verify in Unity,High-risk deletion unless unreferenced evidence strong
912d1933e4a19c79e0cd14c3b776c1ed5db9e227572d12aa97a1a51df931cf37,Assets/HyTeKGames/SRPMaterialConverter/ConvertedMaterials/Maps/balcony_mat1_1_AO.png,78182,76.3 KB,3,234546,229.0 KB,Likely safe verify in Unity,High-risk deletion unless unreferenced evidence strong
69eb6e5fb575feeea5eeaaf8b6e6353ff9dd60a30ebed96c696b757f43316913,Assets/HyTeKGames/SRPMaterialConverter/ConvertedMaterials/Maps/teatable_1_AO.png,104289,101.8 KB,2,208578,203.7 KB,Likely safe verify in Unity,High-risk deletion unless unreferenced evidence strong
69eb6e5fb575feeea5eeaaf8b6e6353ff9dd60a30ebed96c696b757f43316913,Assets/HyTeKGames/SRPMaterialConverter/ConvertedMaterials/Maps/teatable_AO.png,104289,101.8 KB,2,208578,203.7 KB,Likely safe verify in Unity,High-risk deletion unless unreferenced evidence strong
b5515eb8660c7a5ebb041dc4bb544253cd7a54e57b7e5727a16b5e1e04a6116f,Assets/HyTeKGames/SRPMaterialConverter/ConvertedMaterials/Maps/tolpaper_Metallic.png,36722,35.9 KB,2,73444,71.7 KB,Likely safe verify in Unity,High-risk deletion unless unreferenced evidence strong
b5515eb8660c7a5ebb041dc4bb544253cd7a54e57b7e5727a16b5e1e04a6116f,Assets/HyTeKGames/SRPMaterialConverter/ConvertedMaterials/Maps/tolpaper_1_Metallic.png,36722,35.9 KB,2,73444,71.7 KB,Likely safe verify in Unity,High-risk deletion unless unreferenced evidence strong
45b6a039ba157ad4c6404b96a3c92f60f27d62567e7067bef43d51b69824a0fc,Assets/HyTeKGames/SRPMaterialConverter/ConvertedMaterials/Maps/bathroom_cabin_1_Metallic.png,21126,20.6 KB,2,42252,41.3 KB,Likely safe verify in Unity,High-risk deletion unless unreferenced evidence strong
45b6a039ba157ad4c6404b96a3c92f60f27d62567e7067bef43d51b69824a0fc,Assets/HyTeKGames/SRPMaterialConverter/ConvertedMaterials/Maps/bathroom_cabin_Metallic.png,21126,20.6 KB,2,42252,41.3 KB,Likely safe verify in Unity,High-risk deletion unless unreferenced evidence strong
739e2e89c73982aba8cabc5edcd8f4cee61f49c923a52fafe3291a8ec9cde1ae,Assets/HyTeKGames/SRPMaterialConverter/ConvertedMaterials/Maps/dinning_chair_cusion_1_AO.png,255033,249.1 KB,2,510066,498.1 KB,Likely safe verify in Unity,High-risk deletion unless unreferenced evidence strong
739e2e89c73982aba8cabc5edcd8f4cee61f49c923a52fafe3291a8ec9cde1ae,Assets/HyTeKGames/SRPMaterialConverter/ConvertedMaterials/Maps/dinning_chair_cusion_AO.png,255033,249.1 KB,2,510066,498.1 KB,Likely safe verify in Unity,High-risk deletion unless unreferenced evidence strong
afaed18a34d367e8885c737d1c9d0b474521a67bdb2ac7efeba120998872214b,Assets/HyTeKGames/SRPMaterialConverter/ConvertedMaterials/Maps/carpet_AO.png,84060,82.1 KB,2,168120,164.2 KB,Likely safe verify in Unity,High-risk deletion unless unreferenced evidence strong
afaed18a34d367e8885c737d1c9d0b474521a67bdb2ac7efeba120998872214b,Assets/HyTeKGames/SRPMaterialConverter/ConvertedMaterials/Maps/carpet_1_AO.png,84060,82.1 KB,2,168120,164.2 KB,Likely safe verify in Unity,High-risk deletion unless unreferenced evidence strong
0bd6118ceb27a6ae37bd3f5eac4a263df806ab65b34d89f639305a197f5e7cdf,Assets/HyTeKGames/SRPMaterialConverter/ConvertedMaterials/Maps/glass_AO.png,1351144,1.3 MB,2,2702288,2.6 MB,Likely safe verify in Unity,High-risk deletion unless unreferenced evidence strong
0bd6118ceb27a6ae37bd3f5eac4a263df806ab65b34d89f639305a197f5e7cdf,Assets/HyTeKGames/SRPMaterialConverter/ConvertedMaterials/Maps/glass_1_AO.png,1351144,1.3 MB,2,2702288,2.6 MB,Likely safe verify in Unity,High-risk deletion unless unreferenced evidence strong
32c1bd12183c9c4811e3f3d0eda57a797ffd3aff239319256bde24febee90bb8,Assets/HyTeKGames/SRPMaterialConverter/ConvertedMaterials/Maps/Paintings_House_1_1_AO.png,188245,183.8 KB,2,376490,367.7 KB,Likely safe verify in Unity,High-risk deletion unless unreferenced evidence strong
32c1bd12183c9c4811e3f3d0eda57a797ffd3aff239319256bde24febee90bb8,Assets/HyTeKGames/SRPMaterialConverter/ConvertedMaterials/Maps/Paintings_House_1_AO.png,188245,183.8 KB,2,376490,367.7 KB,Likely safe verify in Unity,High-risk deletion unless unreferenced evidence strong
1a4739c3d85780e54ffd3ebef3397334294dfc40be2a199b516a6fd26b0ac73c,Assets/HyTeKGames/SRPMaterialConverter/ConvertedMaterials/Maps/balcony_table_2_AO.png,296889,289.9 KB,3,890667,869.8 KB,Likely safe verify in Unity,High-risk deletion unless unreferenced evidence strong
1a4739c3d85780e54ffd3ebef3397334294dfc40be2a199b516a6fd26b0ac73c,Assets/HyTeKGames/SRPMaterialConverter/ConvertedMaterials/Maps/balcony_table_2_1_AO.png,296889,289.9 KB,3,890667,869.8 KB,Likely safe verify in Unity,High-risk deletion unless unreferenced evidence strong
1a4739c3d85780e54ffd3ebef3397334294dfc40be2a199b516a6fd26b0ac73c,Assets/HyTeKGames/SRPMaterialConverter/ConvertedMaterials/Maps/balcony_table_2_2_AO.png,296889,289.9 KB,3,890667,869.8 KB,Likely safe verify in Unity,High-risk deletion unless unreferenced evidence strong
f988cd744623b1af941530cedef15d98f08fc225e71f639016473c9dbd722721,Assets/HyTeKGames/SRPMaterialConverter/ConvertedMaterials/Maps/TV_Panels_AO.png,169834,165.9 KB,2,339668,331.7 KB,Likely safe verify in Unity,High-risk deletion unless unreferenced evidence strong
f988cd744623b1af941530cedef15d98f08fc225e71f639016473c9dbd722721,Assets/HyTeKGames/SRPMaterialConverter/ConvertedMaterials/Maps/TV_Panels_1_AO.png,169834,165.9 KB,2,339668,331.7 KB,Likely safe verify in Unity,High-risk deletion unless unreferenced evidence strong
7a499ed5a74bfaa971304f9ff461fc936de8cb39479eded2d7b809641ccd6981,Assets/HyTeKGames/SRPMaterialConverter/ConvertedMaterials/Maps/coffee_maker_Metallic.png,128394,125.4 KB,2,256788,250.8 KB,Likely safe verify in Unity,High-risk deletion unless unreferenced evidence strong
7a499ed5a74bfaa971304f9ff461fc936de8cb39479eded2d7b809641ccd6981,Assets/HyTeKGames/SRPMaterialConverter/ConvertedMaterials/Maps/coffee_maker_1_Metallic.png,128394,125.4 KB,2,256788,250.8 KB,Likely safe verify in Unity,High-risk deletion unless unreferenced evidence strong
229af9fef65b16563992ca2be1aef810775be74802c1240376a0724dcebaf89e,Assets/HyTeKGames/SRPMaterialConverter/ConvertedMaterials/Maps/gold_tap_handle_1_1_AO.png,960363,937.9 KB,4,3841452,3.7 MB,Likely safe verify in Unity,High-risk deletion unless unreferenced evidence strong
229af9fef65b16563992ca2be1aef810775be74802c1240376a0724dcebaf89e,Assets/HyTeKGames/SRPMaterialConverter/ConvertedMaterials/Maps/gold_tap_handle_1_AO.png,960363,937.9 KB,4,3841452,3.7 MB,Likely safe verify in Unity,High-risk deletion unless unreferenced evidence strong
229af9fef65b16563992ca2be1aef810775be74802c1240376a0724dcebaf89e,Assets/HyTeKGames/SRPMaterialConverter/ConvertedMaterials/Maps/gold_tap_handle_2_AO.png,960363,937.9 KB,4,3841452,3.7 MB,Likely safe verify in Unity,High-risk deletion unless unreferenced evidence strong
229af9fef65b16563992ca2be1aef810775be74802c1240376a0724dcebaf89e,Assets/HyTeKGames/SRPMaterialConverter/ConvertedMaterials/Maps/gold_tap_handle_2_1_AO.png,960363,937.9 KB,4,3841452,3.7 MB,Likely safe verify in Unity,High-risk deletion unless unreferenced evidence strong
9248faa0e054fc809f77c9221e993d83eb3fcb18bda989be8f4eee696dac2dbd,Assets/HyTeKGames/SRPMaterialConverter/ConvertedMaterials/Maps/table1_AO.png,1745905,1.7 MB,2,3491810,3.3 MB,Likely safe verify in Unity,High-risk deletion unless unreferenced evidence strong
9248faa0e054fc809f77c9221e993d83eb3fcb18bda989be8f4eee696dac2dbd,Assets/HyTeKGames/SRPMaterialConverter/ConvertedMaterials/Maps/table1_1_AO.png,1745905,1.7 MB,2,3491810,3.3 MB,Likely safe verify in Unity,High-risk deletion unless unreferenced evidence strong
566c9b08668a502b233015aede1b74aa0b16ccd8b5d30126ab652891fe0b8894,Assets/HyTeKGames/SRPMaterialConverter/ConvertedMaterials/Maps/bed_lamp_glass1_1_AO.png,51510,50.3 KB,2,103020,100.6 KB,Likely safe verify in Unity,High-risk deletion unless unreferenced evidence strong
566c9b08668a502b233015aede1b74aa0b16ccd8b5d30126ab652891fe0b8894,Assets/HyTeKGames/SRPMaterialConverter/ConvertedMaterials/Maps/bed_lamp_glass1_AO.png,51510,50.3 KB,2,103020,100.6 KB,Likely safe verify in Unity,High-risk deletion unless unreferenced evidence strong
352471224ac3dc7ea6947a96b314e2857d287ced59990f79218afd0c62b2a57a,Assets/HyTeKGames/SRPMaterialConverter/ConvertedMaterials/Maps/plate_Metallic.png,111009,108.4 KB,2,222018,216.8 KB,Likely safe verify in Unity,High-risk deletion unless unreferenced evidence strong
352471224ac3dc7ea6947a96b314e2857d287ced59990f79218afd0c62b2a57a,Assets/HyTeKGames/SRPMaterialConverter/ConvertedMaterials/Maps/plate_1_Metallic.png,111009,108.4 KB,2,222018,216.8 KB,Likely safe verify in Unity,High-risk deletion unless unreferenced evidence strong
47b6c6abd4a9a706dc8e56b45dffa08365d2f1236deb398f247952ec7cfc752f,Assets/HyTeKGames/SRPMaterialConverter/ConvertedMaterials/Maps/bathroom_shelf_1_Metallic.png,20287,19.8 KB,2,40574,39.6 KB,Likely safe verify in Unity,High-risk deletion unless unreferenced evidence strong
47b6c6abd4a9a706dc8e56b45dffa08365d2f1236deb398f247952ec7cfc752f,Assets/HyTeKGames/SRPMaterialConverter/ConvertedMaterials/Maps/bathroom_shelf_Metallic.png,20287,19.8 KB,2,40574,39.6 KB,Likely safe verify in Unity,High-risk deletion unless unreferenced evidence strong
809ebb4420808211959fad5d55cfb817c80703cb12a5e5caa2a4919042fb4ab2,Assets/HyTeKGames/SRPMaterialConverter/ConvertedMaterials/Maps/bathroom_cabin_AO.png,320199,312.7 KB,2,640398,625.4 KB,Likely safe verify in Unity,High-risk deletion unless unreferenced evidence strong
809ebb4420808211959fad5d55cfb817c80703cb12a5e5caa2a4919042fb4ab2,Assets/HyTeKGames/SRPMaterialConverter/ConvertedMaterials/Maps/bathroom_cabin_1_AO.png,320199,312.7 KB,2,640398,625.4 KB,Likely safe verify in Unity,High-risk deletion unless unreferenced evidence strong
422f71716ddcabf425daa95fb287adf62e3ca595e12748725af2396790f9bec4,Assets/HyTeKGames/SRPMaterialConverter/ConvertedMaterials/Maps/Bedroom_wood_table_1_AO.png,21247,20.7 KB,2,42494,41.5 KB,Likely safe verify in Unity,High-risk deletion unless unreferenced evidence strong
422f71716ddcabf425daa95fb287adf62e3ca595e12748725af2396790f9bec4,Assets/HyTeKGames/SRPMaterialConverter/ConvertedMaterials/Maps/Bedroom_wood_table_AO.png,21247,20.7 KB,2,42494,41.5 KB,Likely safe verify in Unity,High-risk deletion unless unreferenced evidence strong
ef24d13bff3f07c314758d5fa21bda8f3def96c3fb46cb80d4fc8c49c076cad3,Assets/HyTeKGames/SRPMaterialConverter/ConvertedMaterials/Maps/balcony_table_2_2_Metallic.png,189322,184.9 KB,3,567966,554.7 KB,Likely safe verify in Unity,High-risk deletion unless unreferenced evidence strong
ef24d13bff3f07c314758d5fa21bda8f3def96c3fb46cb80d4fc8c49c076cad3,Assets/HyTeKGames/SRPMaterialConverter/ConvertedMaterials/Maps/balcony_table_2_1_Metallic.png,189322,184.9 KB,3,567966,554.7 KB,Likely safe verify in Unity,High-risk deletion unless unreferenced evidence strong
ef24d13bff3f07c314758d5fa21bda8f3def96c3fb46cb80d4fc8c49c076cad3,Assets/HyTeKGames/SRPMaterialConverter/ConvertedMaterials/Maps/balcony_table_2_Metallic.png,189322,184.9 KB,3,567966,554.7 KB,Likely safe verify in Unity,High-risk deletion unless unreferenced evidence strong
f6c6fb75102222fa9f36420b865137a468d8adb6248276214aab700897c5f44b,Assets/HyTeKGames/SRPMaterialConverter/ConvertedMaterials/Maps/metal_1_AO.png,147036,143.6 KB,2,294072,287.2 KB,Likely safe verify in Unity,High-risk deletion unless unreferenced evidence strong
f6c6fb75102222fa9f36420b865137a468d8adb6248276214aab700897c5f44b,Assets/HyTeKGames/SRPMaterialConverter/ConvertedMaterials/Maps/metal_AO.png,147036,143.6 KB,2,294072,287.2 KB,Likely safe verify in Unity,High-risk deletion unless unreferenced evidence strong
11005eee70581963b9f092c2e4779e1d8428932931146b6bf862ca9535aeb98e,Assets/HyTeKGames/SRPMaterialConverter/ConvertedMaterials/Maps/metaldryer_1_Metallic.png,28011,27.4 KB,2,56022,54.7 KB,Likely safe verify in Unity,High-risk deletion unless unreferenced evidence strong
11005eee70581963b9f092c2e4779e1d8428932931146b6bf862ca9535aeb98e,Assets/HyTeKGames/SRPMaterialConverter/ConvertedMaterials/Maps/metaldryer_Metallic.png,28011,27.4 KB,2,56022,54.7 KB,Likely safe verify in Unity,High-risk deletion unless unreferenced evidence strong
1672aaa328b4348614b6ba14d8bb8efda9ed6732ccf69d3e544c90d9614b2188,Assets/HyTeKGames/SRPMaterialConverter/ConvertedMaterials/Maps/study_chair_seat_1_Metallic.png,20540,20.1 KB,2,41080,40.1 KB,Likely safe verify in Unity,High-risk deletion unless unreferenced evidence strong
1672aaa328b4348614b6ba14d8bb8efda9ed6732ccf69d3e544c90d9614b2188,Assets/HyTeKGames/SRPMaterialConverter/ConvertedMaterials/Maps/study_chair_seat_Metallic.png,20540,20.1 KB,2,41080,40.1 KB,Likely safe verify in Unity,High-risk deletion unless unreferenced evidence strong
4e52c72e6f3af878dcc42124b5d425fbe175ef10a02ea2f61447e727a3505b3e,Assets/HyTeKGames/SRPMaterialConverter/ConvertedMaterials/Maps/knives_2_Metallic.png,111973,109.3 KB,2,223946,218.7 KB,Likely safe verify in Unity,High-risk deletion unless unreferenced evidence strong
4e52c72e6f3af878dcc42124b5d425fbe175ef10a02ea2f61447e727a3505b3e,Assets/HyTeKGames/SRPMaterialConverter/ConvertedMaterials/Maps/knives_Metallic.png,111973,109.3 KB,2,223946,218.7 KB,Likely safe verify in Unity,High-risk deletion unless unreferenced evidence strong
a21886bb2eca4eeafed5cc7cd81f5c1d0598162e3766c590dffdbeae2874fe56,Assets/HyTeKGames/SRPMaterialConverter/ConvertedMaterials/Maps/Chopboard_mat_AO.png,2151751,2.1 MB,2,4303502,4.1 MB,Likely safe verify in Unity,High-risk deletion unless unreferenced evidence strong
a21886bb2eca4eeafed5cc7cd81f5c1d0598162e3766c590dffdbeae2874fe56,Assets/HyTeKGames/SRPMaterialConverter/ConvertedMaterials/Maps/Chopboard_mat_1_AO.png,2151751,2.1 MB,2,4303502,4.1 MB,Likely safe verify in Unity,High-risk deletion unless unreferenced evidence strong
6a41b5c7483a142b23fcffaee3684f6ec1e552f7457cbab8273e04a9167681ab,Assets/HyTeKGames/SRPMaterialConverter/ConvertedMaterials/Maps/toilet_wood_1_AO.png,750568,733.0 KB,2,1501136,1.4 MB,Likely safe verify in Unity,High-risk deletion unless unreferenced evidence strong
6a41b5c7483a142b23fcffaee3684f6ec1e552f7457cbab8273e04a9167681ab,Assets/HyTeKGames/SRPMaterialConverter/ConvertedMaterials/Maps/toilet_wood_1_1_AO.png,750568,733.0 KB,2,1501136,1.4 MB,Likely safe verify in Unity,High-risk deletion unless unreferenced evidence strong
1989f554fbdb0f9aebd0ce6a29023c5891986a95aace577ec6d8f127426798ba,Assets/HyTeKGames/SRPMaterialConverter/ConvertedMaterials/Maps/tolpaper_1_AO.png,211561,206.6 KB,2,423122,413.2 KB,Likely safe verify in Unity,High-risk deletion unless unreferenced evidence strong
1989f554fbdb0f9aebd0ce6a29023c5891986a95aace577ec6d8f127426798ba,Assets/HyTeKGames/SRPMaterialConverter/ConvertedMaterials/Maps/tolpaper_AO.png,211561,206.6 KB,2,423122,413.2 KB,Likely safe verify in Unity,High-risk deletion unless unreferenced evidence strong
31ee979031c7ae8eb280510b02d7b11f015b69d0eb22609dcb3a907386b7ee65,Assets/HyTeKGames/SRPMaterialConverter/ConvertedMaterials/Maps/green_wood_1_1_Metallic.png,92625,90.5 KB,4,370500,361.8 KB,Likely safe verify in Unity,High-risk deletion unless unreferenced evidence strong
31ee979031c7ae8eb280510b02d7b11f015b69d0eb22609dcb3a907386b7ee65,Assets/HyTeKGames/SRPMaterialConverter/ConvertedMaterials/Maps/green_wood_1 Metal_1_Metallic.png,92625,90.5 KB,4,370500,361.8 KB,Likely safe verify in Unity,High-risk deletion unless unreferenced evidence strong
31ee979031c7ae8eb280510b02d7b11f015b69d0eb22609dcb3a907386b7ee65,Assets/HyTeKGames/SRPMaterialConverter/ConvertedMaterials/Maps/green_wood_1_Metallic.png,92625,90.5 KB,4,370500,361.8 KB,Likely safe verify in Unity,High-risk deletion unless unreferenced evidence strong
31ee979031c7ae8eb280510b02d7b11f015b69d0eb22609dcb3a907386b7ee65,Assets/HyTeKGames/SRPMaterialConverter/ConvertedMaterials/Maps/green_wood_1 Metal_Metallic.png,92625,90.5 KB,4,370500,361.8 KB,Likely safe verify in Unity,High-risk deletion unless unreferenced evidence strong
7d6c6ec29c24babaa8fe64dea988e5637402b376350a492ae7030fa9229de991,Assets/HyTeKGames/SRPMaterialConverter/ConvertedMaterials/Maps/bathroom_shelf_1_AO.png,266488,260.2 KB,2,532976,520.5 KB,Likely safe verify in Unity,High-risk deletion unless unreferenced evidence strong
7d6c6ec29c24babaa8fe64dea988e5637402b376350a492ae7030fa9229de991,Assets/HyTeKGames/SRPMaterialConverter/ConvertedMaterials/Maps/bathroom_shelf_AO.png,266488,260.2 KB,2,532976,520.5 KB,Likely safe verify in Unity,High-risk deletion unless unreferenced evidence strong
bf3ddbadd60767064f057b75983ce922699b7b75d00959a51a70ec5875ac1002,Assets/HyTeKGames/SRPMaterialConverter/ConvertedMaterials/Maps/balcony_chair1_2_Metallic.png,94634,92.4 KB,3,283902,277.2 KB,Likely safe verify in Unity,High-risk deletion unless unreferenced evidence strong
bf3ddbadd60767064f057b75983ce922699b7b75d00959a51a70ec5875ac1002,Assets/HyTeKGames/SRPMaterialConverter/ConvertedMaterials/Maps/balcony_chair1_4_Metallic.png,94634,92.4 KB,3,283902,277.2 KB,Likely safe verify in Unity,High-risk deletion unless unreferenced evidence strong
bf3ddbadd60767064f057b75983ce922699b7b75d00959a51a70ec5875ac1002,Assets/HyTeKGames/SRPMaterialConverter/ConvertedMaterials/Maps/balcony_chair1_Metallic.png,94634,92.4 KB,3,283902,277.2 KB,Likely safe verify in Unity,High-risk deletion unless unreferenced evidence strong
2d772d042437ed7403fcb5ed9a496c2cb024c8d95bdd365fe4c65463ad7fb032,Assets/HyTeKGames/SRPMaterialConverter/ConvertedMaterials/Maps/TV_1_AO.png,27514,26.9 KB,2,55028,53.7 KB,Likely safe verify in Unity,High-risk deletion unless unreferenced evidence strong
2d772d042437ed7403fcb5ed9a496c2cb024c8d95bdd365fe4c65463ad7fb032,Assets/HyTeKGames/SRPMaterialConverter/ConvertedMaterials/Maps/TV_AO.png,27514,26.9 KB,2,55028,53.7 KB,Likely safe verify in Unity,High-risk deletion unless unreferenced evidence strong
d1df0ec933e5314e479c1b6ede50d8f2579ebcad8d2e84956cd1374ed9126d02,Assets/HyTeKGames/SRPMaterialConverter/ConvertedMaterials/Maps/granite_1_AO.png,346109,338.0 KB,2,692218,676.0 KB,Likely safe verify in Unity,High-risk deletion unless unreferenced evidence strong
d1df0ec933e5314e479c1b6ede50d8f2579ebcad8d2e84956cd1374ed9126d02,Assets/HyTeKGames/SRPMaterialConverter/ConvertedMaterials/Maps/granite_AO.png,346109,338.0 KB,2,692218,676.0 KB,Likely safe verify in Unity,High-risk deletion unless unreferenced evidence strong
647937655ac9d57a6a5048a28f16cb1b8144f4349eb8d3737e902fb77cf0daed,Assets/HyTeKGames/SRPMaterialConverter/ConvertedMaterials/Maps/green_wood_2_1_AO.png,1701303,1.6 MB,2,3402606,3.2 MB,Likely safe verify in Unity,High-risk deletion unless unreferenced evidence strong
647937655ac9d57a6a5048a28f16cb1b8144f4349eb8d3737e902fb77cf0daed,Assets/HyTeKGames/SRPMaterialConverter/ConvertedMaterials/Maps/green_wood_2_AO.png,1701303,1.6 MB,2,3402606,3.2 MB,Likely safe verify in Unity,High-risk deletion unless unreferenced evidence strong
1adf306a8f4c43b30edc7b5878b416800e7c8af320e5a0e333df5e62615facb9,Assets/HyTeKGames/SRPMaterialConverter/ConvertedMaterials/Maps/Remote_Metallic.png,23139,22.6 KB,2,46278,45.2 KB,Likely safe verify in Unity,High-risk deletion unless unreferenced evidence strong
1adf306a8f4c43b30edc7b5878b416800e7c8af320e5a0e333df5e62615facb9,Assets/HyTeKGames/SRPMaterialConverter/ConvertedMaterials/Maps/Remote_2_Metallic.png,23139,22.6 KB,2,46278,45.2 KB,Likely safe verify in Unity,High-risk deletion unless unreferenced evidence strong
c1bcd65ca90a96cc4911541e7d4f2f15978da17bd965daf99ead37da11696b44,Assets/HyTeKGames/SRPMaterialConverter/ConvertedMaterials/Maps/TV_Shelf_Metallic.png,23433,22.9 KB,2,46866,45.8 KB,Likely safe verify in Unity,High-risk deletion unless unreferenced evidence strong
c1bcd65ca90a96cc4911541e7d4f2f15978da17bd965daf99ead37da11696b44,Assets/HyTeKGames/SRPMaterialConverter/ConvertedMaterials/Maps/TV_Shelf_1_Metallic.png,23433,22.9 KB,2,46866,45.8 KB,Likely safe verify in Unity,High-risk deletion unless unreferenced evidence strong
ccda8ea199a228f227ea6ec931a8c5b7fd71300aea08a1e10dc032c6c3dedc10,Assets/HyTeKGames/SRPMaterialConverter/ConvertedMaterials/Maps/TV_Shelf_1_AO.png,173523,169.5 KB,2,347046,338.9 KB,Likely safe verify in Unity,High-risk deletion unless unreferenced evidence strong
ccda8ea199a228f227ea6ec931a8c5b7fd71300aea08a1e10dc032c6c3dedc10,Assets/HyTeKGames/SRPMaterialConverter/ConvertedMaterials/Maps/TV_Shelf_AO.png,173523,169.5 KB,2,347046,338.9 KB,Likely safe verify in Unity,High-risk deletion unless unreferenced evidence strong
b62dea7f79261adab29e6598beb78b5a47281cfaeb52c748daa1e083fb3e401a,Assets/HyTeKGames/SRPMaterialConverter/ConvertedMaterials/Maps/marble_AO.png,210393,205.5 KB,2,420786,410.9 KB,Likely safe verify in Unity,High-risk deletion unless unreferenced evidence strong
b62dea7f79261adab29e6598beb78b5a47281cfaeb52c748daa1e083fb3e401a,Assets/HyTeKGames/SRPMaterialConverter/ConvertedMaterials/Maps/marble_1_AO.png,210393,205.5 KB,2,420786,410.9 KB,Likely safe verify in Unity,High-risk deletion unless unreferenced evidence strong
65d02186b75e5b846795b7bed7d2a923b6b6d4db6353c5bb02f170ed06d48725,Assets/HyTeKGames/SRPMaterialConverter/ConvertedMaterials/Maps/white_wood_AO.png,1097352,1.0 MB,2,2194704,2.1 MB,Likely safe verify in Unity,High-risk deletion unless unreferenced evidence strong
65d02186b75e5b846795b7bed7d2a923b6b6d4db6353c5bb02f170ed06d48725,Assets/HyTeKGames/SRPMaterialConverter/ConvertedMaterials/Maps/white_wood_1_AO.png,1097352,1.0 MB,2,2194704,2.1 MB,Likely safe verify in Unity,High-risk deletion unless unreferenced evidence strong
58714ea402063f1fbf47aeb18d0cea60860b6eefef3c22a4d7997b8ac8391096,Assets/HyTeKGames/SRPMaterialConverter/ConvertedMaterials/Maps/DrainerNew_1_AO.png,1954760,1.9 MB,2,3909520,3.7 MB,Likely safe verify in Unity,High-risk deletion unless unreferenced evidence strong
58714ea402063f1fbf47aeb18d0cea60860b6eefef3c22a4d7997b8ac8391096,Assets/HyTeKGames/SRPMaterialConverter/ConvertedMaterials/Maps/DrainerNew_AO.png,1954760,1.9 MB,2,3909520,3.7 MB,Likely safe verify in Unity,High-risk deletion unless unreferenced evidence strong
ef91af1b7c1f9e964844f4f9613b40eddf3f1146dfbc847c449b882594521249,Assets/HyTeKGames/SRPMaterialConverter/ConvertedMaterials/Maps/DrainerNew_1_Metallic.png,75474,73.7 KB,2,150948,147.4 KB,Likely safe verify in Unity,High-risk deletion unless unreferenced evidence strong
ef91af1b7c1f9e964844f4f9613b40eddf3f1146dfbc847c449b882594521249,Assets/HyTeKGames/SRPMaterialConverter/ConvertedMaterials/Maps/DrainerNew_Metallic.png,75474,73.7 KB,2,150948,147.4 KB,Likely safe verify in Unity,High-risk deletion unless unreferenced evidence strong
e30839fe4622b904261b755d252c770a1d22ebb54aeb7a3865dc312d4420ddc4,Assets/HyTeKGames/SRPMaterialConverter/ConvertedMaterials/Maps/balcony_chair1_2_AO.png,640293,625.3 KB,3,1920879,1.8 MB,Likely safe verify in Unity,High-risk deletion unless unreferenced evidence strong
e30839fe4622b904261b755d252c770a1d22ebb54aeb7a3865dc312d4420ddc4,Assets/HyTeKGames/SRPMaterialConverter/ConvertedMaterials/Maps/balcony_chair1_AO.png,640293,625.3 KB,3,1920879,1.8 MB,Likely safe verify in Unity,High-risk deletion unless unreferenced evidence strong
e30839fe4622b904261b755d252c770a1d22ebb54aeb7a3865dc312d4420ddc4,Assets/HyTeKGames/SRPMaterialConverter/ConvertedMaterials/Maps/balcony_chair1_4_AO.png,640293,625.3 KB,3,1920879,1.8 MB,Likely safe verify in Unity,High-risk deletion unless unreferenced evidence strong
223530c9e26c6cdb3b6aca020ae04cb3e56662c55ab418bf68e6cea66527a5df,Assets/HyTeKGames/SRPMaterialConverter/ConvertedMaterials/Maps/green_wood_AO.png,184635,180.3 KB,2,369270,360.6 KB,Likely safe verify in Unity,High-risk deletion unless unreferenced evidence strong
223530c9e26c6cdb3b6aca020ae04cb3e56662c55ab418bf68e6cea66527a5df,Assets/HyTeKGames/SRPMaterialConverter/ConvertedMaterials/Maps/green_wood_3_AO.png,184635,180.3 KB,2,369270,360.6 KB,Likely safe verify in Unity,High-risk deletion unless unreferenced evidence strong
cbf4158aa219947a66aeb37cc0fe58c142be27efc7c4f2ae72c0ae4066069981,Assets/HyTeKGames/SRPMaterialConverter/ConvertedMaterials/Maps/study_chairI_Leg_AO.png,126880,123.9 KB,2,253760,247.8 KB,Likely safe verify in Unity,High-risk deletion unless unreferenced evidence strong
cbf4158aa219947a66aeb37cc0fe58c142be27efc7c4f2ae72c0ae4066069981,Assets/HyTeKGames/SRPMaterialConverter/ConvertedMaterials/Maps/study_chairI_Leg_1_AO.png,126880,123.9 KB,2,253760,247.8 KB,Likely safe verify in Unity,High-risk deletion unless unreferenced evidence strong
a244330ca1e0c2a0d6410d0ebbd0e51647e8e416b927cb0ba1c8730390432a61,Assets/HyTeKGames/SRPMaterialConverter/ConvertedMaterials/Maps/handle_AO.png,75999,74.2 KB,2,151998,148.4 KB,Likely safe verify in Unity,High-risk deletion unless unreferenced evidence strong
a244330ca1e0c2a0d6410d0ebbd0e51647e8e416b927cb0ba1c8730390432a61,Assets/HyTeKGames/SRPMaterialConverter/ConvertedMaterials/Maps/handle_1_AO.png,75999,74.2 KB,2,151998,148.4 KB,Likely safe verify in Unity,High-risk deletion unless unreferenced evidence strong
17549d11f35e09ee9687c71313d7e277bb0fc297b18626034061c7d6c98a213b,Assets/HyTeKGames/SRPMaterialConverter/ConvertedMaterials/Maps/M_toilet_AO.png,500349,488.6 KB,2,1000698,977.2 KB,Likely safe verify in Unity,High-risk deletion unless unreferenced evidence strong
17549d11f35e09ee9687c71313d7e277bb0fc297b18626034061c7d6c98a213b,Assets/HyTeKGames/SRPMaterialConverter/ConvertedMaterials/Maps/M_toilet_1_AO.png,500349,488.6 KB,2,1000698,977.2 KB,Likely safe verify in Unity,High-risk deletion unless unreferenced evidence strong
3caf35e8490b2b9a8eaa45eab123fed3248ea399652f2f8606e6ebbe4c152b7a,Assets/HyTeKGames/SRPMaterialConverter/ConvertedMaterials/Maps/Mug_Holder_mat_1_AO.png,1668979,1.6 MB,2,3337958,3.2 MB,Likely safe verify in Unity,High-risk deletion unless unreferenced evidence strong
3caf35e8490b2b9a8eaa45eab123fed3248ea399652f2f8606e6ebbe4c152b7a,Assets/HyTeKGames/SRPMaterialConverter/ConvertedMaterials/Maps/Mug_Holder_mat_AO.png,1668979,1.6 MB,2,3337958,3.2 MB,Likely safe verify in Unity,High-risk deletion unless unreferenced evidence strong
9a57892b1aed394ae5d992a2017869f5185dfae9409b7c8c4027a459235de07d,Assets/HyTeKGames/SRPMaterialConverter/ConvertedMaterials/Maps/Table Mat_AO.png,471346,460.3 KB,2,942692,920.6 KB,Likely safe verify in Unity,High-risk deletion unless unreferenced evidence strong
9a57892b1aed394ae5d992a2017869f5185dfae9409b7c8c4027a459235de07d,Assets/HyTeKGames/SRPMaterialConverter/ConvertedMaterials/Maps/Table Mat_1_AO.png,471346,460.3 KB,2,942692,920.6 KB,Likely safe verify in Unity,High-risk deletion unless unreferenced evidence strong
259d33f5660eff2240baa1827300aa667a3e9ee13b7c39fbf554dc5ac92f511e,Assets/HyTeKGames/SRPMaterialConverter/ConvertedMaterials/Maps/Table Mat_Metallic.png,98369,96.1 KB,2,196738,192.1 KB,Likely safe verify in Unity,High-risk deletion unless unreferenced evidence strong
259d33f5660eff2240baa1827300aa667a3e9ee13b7c39fbf554dc5ac92f511e,Assets/HyTeKGames/SRPMaterialConverter/ConvertedMaterials/Maps/Table Mat_1_Metallic.png,98369,96.1 KB,2,196738,192.1 KB,Likely safe verify in Unity,High-risk deletion unless unreferenced evidence strong
ea3c19d482df0ed1223860f99e1f2bcc7ad7da66d94594f8e24bc4e0cc2fe2d1,Assets/HyTeKGames/SRPMaterialConverter/ConvertedMaterials/Maps/kitchan_mat_2_1_Metallic.png,542995,530.3 KB,2,1085990,1.0 MB,Likely safe verify in Unity,High-risk deletion unless unreferenced evidence strong
ea3c19d482df0ed1223860f99e1f2bcc7ad7da66d94594f8e24bc4e0cc2fe2d1,Assets/HyTeKGames/SRPMaterialConverter/ConvertedMaterials/Maps/kitchan_mat_2_Metallic.png,542995,530.3 KB,2,1085990,1.0 MB,Likely safe verify in Unity,High-risk deletion unless unreferenced evidence strong
6dd198ff020015f01b449a589d4b60e16ddfa2fbbd015293c05cf413fafb5ba2,Assets/HyTeKGames/SRPMaterialConverter/ConvertedMaterials/Maps/bed_sider_AO.png,544935,532.2 KB,2,1089870,1.0 MB,Likely safe verify in Unity,High-risk deletion unless unreferenced evidence strong
6dd198ff020015f01b449a589d4b60e16ddfa2fbbd015293c05cf413fafb5ba2,Assets/HyTeKGames/SRPMaterialConverter/ConvertedMaterials/Maps/bed_sider_1_AO.png,544935,532.2 KB,2,1089870,1.0 MB,Likely safe verify in Unity,High-risk deletion unless unreferenced evidence strong
ef97981131f6ab40ee8a0b793cfb63708f7ad04dcb609be581d6b9297d109c9f,Assets/HyTeKGames/SRPMaterialConverter/ConvertedMaterials/Maps/Paintings_House_3_AO.png,182727,178.4 KB,2,365454,356.9 KB,Likely safe verify in Unity,High-risk deletion unless unreferenced evidence strong
ef97981131f6ab40ee8a0b793cfb63708f7ad04dcb609be581d6b9297d109c9f,Assets/HyTeKGames/SRPMaterialConverter/ConvertedMaterials/Maps/Paintings_House_AO.png,182727,178.4 KB,2,365454,356.9 KB,Likely safe verify in Unity,High-risk deletion unless unreferenced evidence strong
0e3528d39af2c36b2ec2bc4cd48300f8f05948f698c3b290d365a897526b40ef,Assets/HyTeKGames/SRPMaterialConverter/ConvertedMaterials/Maps/bed_coat_1_Metallic.png,620722,606.2 KB,2,1241444,1.2 MB,Likely safe verify in Unity,High-risk deletion unless unreferenced evidence strong
0e3528d39af2c36b2ec2bc4cd48300f8f05948f698c3b290d365a897526b40ef,Assets/HyTeKGames/SRPMaterialConverter/ConvertedMaterials/Maps/bed_coat_Metallic.png,620722,606.2 KB,2,1241444,1.2 MB,Likely safe verify in Unity,High-risk deletion unless unreferenced evidence strong
c3bd7a9c44f552cdbe02e62cdaff2cf0c318807eae10a3dba94f8e797cb27c35,Assets/HyTeKGames/SRPMaterialConverter/ConvertedMaterials/Maps/Air Conditioner_1_Metallic.png,389195,380.1 KB,2,778390,760.1 KB,Likely safe verify in Unity,High-risk deletion unless unreferenced evidence strong
c3bd7a9c44f552cdbe02e62cdaff2cf0c318807eae10a3dba94f8e797cb27c35,Assets/HyTeKGames/SRPMaterialConverter/ConvertedMaterials/Maps/Air Conditioner_Metallic.png,389195,380.1 KB,2,778390,760.1 KB,Likely safe verify in Unity,High-risk deletion unless unreferenced evidence strong
50a06803916a742ac1625d1b0066bcb0233eb843631aa8f67768e9bbcba4b2a4,Assets/HyTeKGames/SRPMaterialConverter/ConvertedMaterials/Maps/Furniture_Atlas_1_Metallic.png,74958,73.2 KB,2,149916,146.4 KB,Likely safe verify in Unity,High-risk deletion unless unreferenced evidence strong
50a06803916a742ac1625d1b0066bcb0233eb843631aa8f67768e9bbcba4b2a4,Assets/HyTeKGames/SRPMaterialConverter/ConvertedMaterials/Maps/Furniture_Atlas_1_1_Metallic.png,74958,73.2 KB,2,149916,146.4 KB,Likely safe verify in Unity,High-risk deletion unless unreferenced evidence strong
eda7cef6305bdca4e7e791c9989b0677e15123feb44ab30ede2ac928e5e2132e,Assets/DevDen Arch Viz Scotland/Textures/Balcony/balcony/balcony_balcony_metal_AlbedoTransparency.png,78119,76.3 KB,7,546833,534.0 KB,Likely safe verify in Unity,High-risk deletion unless unreferenced evidence strong
eda7cef6305bdca4e7e791c9989b0677e15123feb44ab30ede2ac928e5e2132e,Assets/DevDen Arch Viz Scotland/Textures/Kitchen Room/kitchen_1/kitchen_switch1_AlbedoTransparency.png,78119,76.3 KB,7,546833,534.0 KB,Likely safe verify in Unity,High-risk deletion unless unreferenced evidence strong
eda7cef6305bdca4e7e791c9989b0677e15123feb44ab30ede2ac928e5e2132e,Assets/DevDen Arch Viz Scotland/Textures/Kitchen Room/kitchen_1/kitchen_glass_AlbedoTransparency.png,78119,76.3 KB,7,546833,534.0 KB,Likely safe verify in Unity,High-risk deletion unless unreferenced evidence strong
eda7cef6305bdca4e7e791c9989b0677e15123feb44ab30ede2ac928e5e2132e,Assets/DevDen Arch Viz Scotland/Textures/Kitchen Room/kitchen_1/kitchen_plastic_AlbedoTransparency.png,78119,76.3 KB,7,546833,534.0 KB,Likely safe verify in Unity,High-risk deletion unless unreferenced evidence strong
eda7cef6305bdca4e7e791c9989b0677e15123feb44ab30ede2ac928e5e2132e,Assets/DevDen Arch Viz Scotland/Textures/Study Room/lamp/lamp_AlbedoTransparency.png,78119,76.3 KB,7,546833,534.0 KB,Likely safe verify in Unity,High-risk deletion unless unreferenced evidence strong
eda7cef6305bdca4e7e791c9989b0677e15123feb44ab30ede2ac928e5e2132e,Assets/DevDen Arch Viz Scotland/Textures/Environment/inner_wall/inner_wall_hall_way_AlbedoTransparency.png,78119,76.3 KB,7,546833,534.0 KB,Likely safe verify in Unity,High-risk deletion unless unreferenced evidence strong
eda7cef6305bdca4e7e791c9989b0677e15123feb44ab30ede2ac928e5e2132e,Assets/DevDen Arch Viz Scotland/Textures/Environment/inner_wall/inner_wall_glass_wall_glass4_MetallicSmoothness.png,78119,76.3 KB,7,546833,534.0 KB,Likely safe verify in Unity,High-risk deletion unless unreferenced evidence strong
61cd666c4c05e47956431a772dce429a5517e1944e4bcd26dd85971a203c573a,Assets/DevDen Arch Viz Scotland/Textures/Balcony/flower_pot/flower_pot_1_flower_MetallicSmoothness.png,20543,20.1 KB,2,41086,40.1 KB,Likely safe verify in Unity,High-risk deletion unless unreferenced evidence strong
61cd666c4c05e47956431a772dce429a5517e1944e4bcd26dd85971a203c573a,Assets/DevDen Arch Viz Scotland/Textures/Balcony/flower_pot/flower_pot_1_wines_MetallicSmoothness.png,20543,20.1 KB,2,41086,40.1 KB,Likely safe verify in Unity,High-risk deletion unless unreferenced evidence strong
22752bd7128c56510a22355fa375ce05f580f7332f93b70c84f8b0c742f3446b,Assets/DevDen Arch Viz Scotland/Textures/Kitchen Room/side_piece/side_piece_white_wood_MetallicSmoothness.png,78120,76.3 KB,2,156240,152.6 KB,Likely safe verify in Unity,High-risk deletion unless unreferenced evidence strong
22752bd7128c56510a22355fa375ce05f580f7332f93b70c84f8b0c742f3446b,Assets/DevDen Arch Viz Scotland/Textures/Kitchen Room/Kitchen_cupboard_2/kitchen_green_wood_MetallicSmoothness.png,78120,76.3 KB,2,156240,152.6 KB,Likely safe verify in Unity,High-risk deletion unless unreferenced evidence strong
245ea4dc2c24373d05948f7a95fd7a5bd0715c998d4cdc0a356e4815e6228774,Assets/DevDen Arch Viz Scotland/Textures/Kitchen Room/side_piece/side_piece_metal_AlbedoTransparency.png,78122,76.3 KB,3,234366,228.9 KB,Likely safe verify in Unity,High-risk deletion unless unreferenced evidence strong
245ea4dc2c24373d05948f7a95fd7a5bd0715c998d4cdc0a356e4815e6228774,Assets/DevDen Arch Viz Scotland/Textures/Kitchen Room/fridge_2/frifge_gold_tap_handle_AlbedoTransparency.png,78122,76.3 KB,3,234366,228.9 KB,Likely safe verify in Unity,High-risk deletion unless unreferenced evidence strong
245ea4dc2c24373d05948f7a95fd7a5bd0715c998d4cdc0a356e4815e6228774,Assets/DevDen Arch Viz Scotland/Textures/Kitchen Room/kitchen_1/kitchen_gold_tap_handle_AlbedoTransparency.png,78122,76.3 KB,3,234366,228.9 KB,Likely safe verify in Unity,High-risk deletion unless unreferenced evidence strong
30fadee867affbc649085d4984b5d78ff79abc8458045be02c325ed1a55925d4,Assets/DevDen Arch Viz Scotland/Textures/Kitchen Room/side_piece/side_piece_marble_MetallicSmoothness.png,78120,76.3 KB,2,156240,152.6 KB,Likely safe verify in Unity,High-risk deletion unless unreferenced evidence strong
30fadee867affbc649085d4984b5d78ff79abc8458045be02c325ed1a55925d4,Assets/DevDen Arch Viz Scotland/Textures/Kitchen Room/kitchen_1/kitchen_granite_MetallicSmoothness.png,78120,76.3 KB,2,156240,152.6 KB,Likely safe verify in Unity,High-risk deletion unless unreferenced evidence strong
f8a149fc5d348f7c166114f4bf749ab414b7cd20b99c3955c1c7ab8b79f887c3,Assets/DevDen Arch Viz Scotland/Textures/Kitchen Room/Kitchen_cupboard_2/kitchen_green_wood_AlbedoTransparencyTest.png,78119,76.3 KB,7,546833,534.0 KB,Likely safe verify in Unity,High-risk deletion unless unreferenced evidence strong
f8a149fc5d348f7c166114f4bf749ab414b7cd20b99c3955c1c7ab8b79f887c3,Assets/DevDen Arch Viz Scotland/Textures/Study Room/lamp/Lamp_emission_Emission.png,78119,76.3 KB,7,546833,534.0 KB,Likely safe verify in Unity,High-risk deletion unless unreferenced evidence strong
f8a149fc5d348f7c166114f4bf749ab414b7cd20b99c3955c1c7ab8b79f887c3,Assets/DevDen Arch Viz Scotland/Textures/Environment/inner_wall/inner_wall_bedroom_wall4_AlbedoTransparency.png,78119,76.3 KB,7,546833,534.0 KB,Likely safe verify in Unity,High-risk deletion unless unreferenced evidence strong
f8a149fc5d348f7c166114f4bf749ab414b7cd20b99c3955c1c7ab8b79f887c3,Assets/DevDen Arch Viz Scotland/Textures/Environment/inner_wall/inner_wall_livingroom_wall3_AlbedoTransparency.png,78119,76.3 KB,7,546833,534.0 KB,Likely safe verify in Unity,High-risk deletion unless unreferenced evidence strong
f8a149fc5d348f7c166114f4bf749ab414b7cd20b99c3955c1c7ab8b79f887c3,Assets/DevDen Arch Viz Scotland/Textures/Environment/inner_wall/inner_wall_inner_roof3_AlbedoTransparency.png,78119,76.3 KB,7,546833,534.0 KB,Likely safe verify in Unity,High-risk deletion unless unreferenced evidence strong
f8a149fc5d348f7c166114f4bf749ab414b7cd20b99c3955c1c7ab8b79f887c3,Assets/DevDen Arch Viz Scotland/Textures/Environment/inner_wall/inner_wall_bathroom_wall3_AlbedoTransparency.png,78119,76.3 KB,7,546833,534.0 KB,Likely safe verify in Unity,High-risk deletion unless unreferenced evidence strong
f8a149fc5d348f7c166114f4bf749ab414b7cd20b99c3955c1c7ab8b79f887c3,Assets/DevDen Arch Viz Scotland/Textures/Environment/inner_wall/inner_wall_studyroom_wall3_AlbedoTransparency.png,78119,76.3 KB,7,546833,534.0 KB,Likely safe verify in Unity,High-risk deletion unless unreferenced evidence strong
e925d52ea85b7cf9fe8f4aa5406cc54265bb03b07f9627cf52c8d5cba8dcf07c,Assets/DevDen Arch Viz Scotland/Textures/Kitchen Room/Fridge/frifge_green_wood_AO.png,1329878,1.3 MB,2,2659756,2.5 MB,Likely safe verify in Unity,High-risk deletion unless unreferenced evidence strong
e925d52ea85b7cf9fe8f4aa5406cc54265bb03b07f9627cf52c8d5cba8dcf07c,Assets/DevDen Arch Viz Scotland/Textures/Kitchen Room/fridge_2/frifge_green_wood_AO.png,1329878,1.3 MB,2,2659756,2.5 MB,Likely safe verify in Unity,High-risk deletion unless unreferenced evidence strong
7ac25152732ae9479ae31e2811058d168706ede12acf8b86e6303f380bde4ca8,Assets/DevDen Arch Viz Scotland/Textures/Kitchen Room/Fridge/frifge_green_wood_AlbedoTransparency.png,94602,92.4 KB,2,189204,184.8 KB,Likely safe verify in Unity,High-risk deletion unless unreferenced evidence strong
7ac25152732ae9479ae31e2811058d168706ede12acf8b86e6303f380bde4ca8,Assets/DevDen Arch Viz Scotland/Textures/Kitchen Room/fridge_2/frifge_green_wood_AlbedoTransparency.png,94602,92.4 KB,2,189204,184.8 KB,Likely safe verify in Unity,High-risk deletion unless unreferenced evidence strong
613b5f99bfbdc0150046724bc32090b96cb382a8970def5231efa5e1c0e03cdb,Assets/DevDen Arch Viz Scotland/Textures/Kitchen Room/fridge_2/frifge_gold_tap_handle_MetallicSmoothness.png,78120,76.3 KB,2,156240,152.6 KB,Likely safe verify in Unity,High-risk deletion unless unreferenced evidence strong
613b5f99bfbdc0150046724bc32090b96cb382a8970def5231efa5e1c0e03cdb,Assets/DevDen Arch Viz Scotland/Textures/Kitchen Room/kitchen_1/kitchen_gold_tap_handle_MetallicSmoothness.png,78120,76.3 KB,2,156240,152.6 KB,Likely safe verify in Unity,High-risk deletion unless unreferenced evidence strong
a186077aaea535904d81593516e0b62f6caab4058b547b081c54c274e3e9d697,Assets/DevDen Arch Viz Scotland/Textures/Kitchen Room/kitchen_1/kitchen_switch1_MetallicSmoothness.png,78120,76.3 KB,6,468720,457.7 KB,Likely safe verify in Unity,High-risk deletion unless unreferenced evidence strong
a186077aaea535904d81593516e0b62f6caab4058b547b081c54c274e3e9d697,Assets/DevDen Arch Viz Scotland/Textures/Environment/inner_wall/inner_wall_bedroom_wall4_MetallicSmoothness.png,78120,76.3 KB,6,468720,457.7 KB,Likely safe verify in Unity,High-risk deletion unless unreferenced evidence strong
a186077aaea535904d81593516e0b62f6caab4058b547b081c54c274e3e9d697,Assets/DevDen Arch Viz Scotland/Textures/Environment/inner_wall/inner_wall_bathroom_wall3_MetallicSmoothness.png,78120,76.3 KB,6,468720,457.7 KB,Likely safe verify in Unity,High-risk deletion unless unreferenced evidence strong
a186077aaea535904d81593516e0b62f6caab4058b547b081c54c274e3e9d697,Assets/DevDen Arch Viz Scotland/Textures/Environment/inner_wall/inner_wall_studyroom_wall3_MetallicSmoothness.png,78120,76.3 KB,6,468720,457.7 KB,Likely safe verify in Unity,High-risk deletion unless unreferenced evidence strong
a186077aaea535904d81593516e0b62f6caab4058b547b081c54c274e3e9d697,Assets/DevDen Arch Viz Scotland/Textures/Environment/inner_wall/inner_wall_inner_roof3_MetallicSmoothness.png,78120,76.3 KB,6,468720,457.7 KB,Likely safe verify in Unity,High-risk deletion unless unreferenced evidence strong
a186077aaea535904d81593516e0b62f6caab4058b547b081c54c274e3e9d697,Assets/DevDen Arch Viz Scotland/Textures/Environment/inner_wall/inner_wall_livingroom_wall3_MetallicSmoothness.png,78120,76.3 KB,6,468720,457.7 KB,Likely safe verify in Unity,High-risk deletion unless unreferenced evidence strong
78c3a466ca96175466e31818942eb789ee6a5b65081ef9a731466081406b0519,Assets/DevDen Arch Viz Scotland/Textures/Common/Interior_props/CommonCeramic01_Metallic.png,289984,283.2 KB,2,579968,566.4 KB,Likely safe verify in Unity,High-risk deletion unless unreferenced evidence strong
78c3a466ca96175466e31818942eb789ee6a5b65081ef9a731466081406b0519,Assets/DevDen Arch Viz Scotland/Textures/Common/Interior_props/CommonCeramic04_Metallic.png,289984,283.2 KB,2,579968,566.4 KB,Likely safe verify in Unity,High-risk deletion unless unreferenced evidence strong
9b146178164947400882c5a76ded6dd98b8c72d67eb3be079ea9cf29523f7a8c,Assets/DevDen Arch Viz Scotland/Textures/Environment/inner_wall/inner_wall_bedroom_floor3_MetallicSmoothness.png,78120,76.3 KB,3,234360,228.9 KB,Likely safe verify in Unity,High-risk deletion unless unreferenced evidence strong
9b146178164947400882c5a76ded6dd98b8c72d67eb3be079ea9cf29523f7a8c,Assets/DevDen Arch Viz Scotland/Textures/Environment/inner_wall/inner_wall_studyroom_floor3_MetallicSmoothness.png,78120,76.3 KB,3,234360,228.9 KB,Likely safe verify in Unity,High-risk deletion unless unreferenced evidence strong
9b146178164947400882c5a76ded6dd98b8c72d67eb3be079ea9cf29523f7a8c,Assets/DevDen Arch Viz Scotland/Textures/Environment/inner_wall/inner_wall_livingroom_floor4_MetallicSmoothness.png,78120,76.3 KB,3,234360,228.9 KB,Likely safe verify in Unity,High-risk deletion unless unreferenced evidence strong
f790625c24510389aba626a3b4ea80806ad5012b1f838bfbee3b69dd87e3a70e,Assets/SubstanceAssets/LittleGamesPack/Textures/ChessPieces/ChessPieces_Metallic.png,16411,16.0 KB,2,32822,32.1 KB,Likely safe verify in Unity,High-risk deletion unless unreferenced evidence strong
f790625c24510389aba626a3b4ea80806ad5012b1f838bfbee3b69dd87e3a70e,Assets/SubstanceAssets/LittleGamesPack/Textures/CardsAndTables/CardsAndTables_Metallic.png,16411,16.0 KB,2,32822,32.1 KB,Likely safe verify in Unity,High-risk deletion unless unreferenced evidence strong
d65165279105ca6773180500688df4bdc69a2c7b771752f0a46ef120b7fd8ec3,Assets/BuildReports/.DS_Store,6148,6.0 KB,3,18444,18.0 KB,Likely safe verify in Unity,High-risk deletion unless unreferenced evidence strong
d65165279105ca6773180500688df4bdc69a2c7b771752f0a46ef120b7fd8ec3,Assets/Editor/.DS_Store,6148,6.0 KB,3,18444,18.0 KB,Likely safe verify in Unity,High-risk deletion unless unreferenced evidence strong
d65165279105ca6773180500688df4bdc69a2c7b771752f0a46ef120b7fd8ec3,Assets/BCAT_AuditReports/.DS_Store,6148,6.0 KB,3,18444,18.0 KB,Likely safe verify in Unity,High-risk deletion unless unreferenced evidence strong
6412a643b8e0d296ba17e93ac69b6a858eb64069be1c9150efd92a61fe512ce3,Assets/Coconut Palm Tree Pack/Textures/Coconut_Palm_Tree_normalspec.psd,2418758,2.3 MB,2,4837516,4.6 MB,Likely safe verify in Unity,High-risk deletion unless unreferenced evidence strong
6412a643b8e0d296ba17e93ac69b6a858eb64069be1c9150efd92a61fe512ce3,Assets/Coconut Palm Tree Pack/Textures/Coconut_Palm_Tree_normalspec_bark.psd,2418758,2.3 MB,2,4837516,4.6 MB,Likely safe verify in Unity,High-risk deletion unless unreferenced evidence strong
