Path,Size,Size human,Category,Label,Reference evidence,Reason,Recommendation,Risk
Assets/BCaT_assets/Ri/and that is the truth - you know what I'm meaning_720p.mp4,124790760,119.0 MB,Referenced,Required/Referenced indirectly,Assets/BH_XR_MainScene.unity; Assets/_Recovery/0 (17).unity; Assets/_Recovery/0 (18).unity; Assets/_Recovery/0 (21).unity; Assets/_Recovery/0 (22).unity; Assets/_Recovery/0 (23).unity; Assets/_Recovery/0 (24).unity,Large referenced/indirect asset,Do not delete until Unity dependency check confirms,High-risk deletion
Assets/StreamingAssets/and that is the truth - you know what I'm meaning_720p.mp4,124790760,119.0 MB,B: indirectly included,Unknown/runtime-loaded,Assets/BH_XR_MainScene.unity; Assets/_Recovery/0 (18).unity; Assets/_Recovery/0 (21).unity; Assets/_Recovery/0 (22).unity; Assets/_Recovery/0 (23).unity; Assets/_Recovery/0 (24).unity; StreamingAssets raw copy,Large referenced/indirect asset,Do not delete until Unity dependency check confirms,High-risk deletion
Assets/BCaT_assets/9night/9night-soundscape.wav,99988554,95.4 MB,Referenced,Required/Referenced indirectly,Assets/BH_XR_MainScene.unity; Assets/_Recovery/0 (1).unity; Assets/_Recovery/0 (10).unity; Assets/_Recovery/0 (11).unity; Assets/_Recovery/0 (13).unity; Assets/_Recovery/0 (14).unity; Assets/_Recovery/0 (15).unity; Assets/_Recovery/0 (16).unity; Assets/_Recovery/0 (17).unity; Assets/_Recovery/0 (18).unity; Assets/_Recovery/0 (2).unity; Assets/_Recovery/0 (21).unity; Assets/_Recovery/0 (22).unity; Assets/_Recovery/0 (23).unity; Assets/_Recovery/0 (3).unity; Assets/_Recovery/0 (5).unity; Assets/_Recovery/0 (6).unity; Assets/_Recovery/0 (7).unity; Assets/_Recovery/0 (8).unity; Assets/_Recovery/0 (9).unity,Large referenced/indirect asset,Do not delete until Unity dependency check confirms,High-risk deletion
Assets/StreamingAssets/in_my_sisters_room_xr.mp4,78793971,75.1 MB,B: indirectly included,Unknown/runtime-loaded,Assets/BH_XR_MainScene.unity; Assets/Scripts/QuiltVideoPopUp.cs; Assets/_Recovery/0 (1).unity; Assets/_Recovery/0 (10).unity; Assets/_Recovery/0 (11).unity; Assets/_Recovery/0 (13).unity; Assets/_Recovery/0 (14).unity; Assets/_Recovery/0 (15).unity; Assets/_Recovery/0 (16).unity; Assets/_Recovery/0 (17).unity; Assets/_Recovery/0 (18).unity; Assets/_Recovery/0 (2).unity; Assets/_Recovery/0 (21).unity; Assets/_Recovery/0 (22).unity; Assets/_Recovery/0 (23).unity; Assets/_Recovery/0 (24).unity; Assets/_Recovery/0 (3).unity; Assets/_Recovery/0 (5).unity; Assets/_Recovery/0 (6).unity; Assets/_Recovery/0 (7).unity,Large referenced/indirect asset,Do not delete until Unity dependency check confirms,High-risk deletion
Assets/BCaT/Exhibits/BlackKitchen/Models/Reference/point_cloud_scan_REFERENCE_ONLY_DO_NOT_BUILD.ply,76945833,73.4 MB,A: no text/GUID refs found,"Likely safe, verify in Unity",,No GUID/text reference found by static scan,Do not delete until Unity dependency check confirms,Verify in Unity
Assets/SubstanceAssets/LittleGamesPack/Textures/ChessPieces/ChessPieces_Normal_OpenGL.png,69681270,66.5 MB,Referenced,Required/Referenced indirectly,Assets/SubstanceAssets/LittleGamesPack/Materials/ChessPieces.mat,Large referenced/indirect asset,Do not delete until Unity dependency check confirms,High-risk deletion
Assets/BCaT_assets/LindaLeaks/Linda_Leaks_CHOF_720p_audio.wav,55976110,53.4 MB,Referenced,Required/Referenced indirectly,Assets/BCaT_assets/LindaLeaks/Prefabs/LindaLeaks_Exhibit_VintageCamera.prefab,Large referenced/indirect asset,Do not delete until Unity dependency check confirms,High-risk deletion
Assets/DevDen Arch Viz Scotland/Scenes/ArchViz/ReflectionProbe-3.exr,49748560,47.4 MB,C: duplicate/obsolete candidate,"Likely safe, verify in Unity",,No GUID/text reference found by static scan,Do not delete until Unity dependency check confirms,Verify in Unity
Assets/SubstanceAssets/LittleGamesPack/Textures/GamePieces/GamePieces_Normal_OpenGL.png,46705734,44.5 MB,Referenced,Required/Referenced indirectly,Assets/SubstanceAssets/LittleGamesPack/Materials/GamePieces.mat,Large referenced/indirect asset,Do not delete until Unity dependency check confirms,High-risk deletion
Assets/DevDen Arch Viz Scotland/HDRI/HDRI.png,44743385,42.7 MB,Referenced,Required/Referenced indirectly,Assets/DevDen Arch Viz Scotland/HDRI/Sky.mat,Large referenced/indirect asset,Do not delete until Unity dependency check confirms,High-risk deletion
Assets/DevDen Arch Viz Scotland/Models/Study Room/books.FBX,39768560,37.9 MB,Referenced,Required/Referenced indirectly,Assets/DevDen Arch Viz Scotland/Prefabs/Study Room/BookShelf.prefab; Assets/DevDen Arch Viz Scotland/Scenes/ArchViz.unity,Large referenced/indirect asset,Do not delete until Unity dependency check confirms,High-risk deletion
Assets/My_Custom/japanese_red_bridge.glb,36773456,35.1 MB,Referenced,Required/Referenced indirectly,Assets/BH_XR_MainScene.unity; Assets/_Recovery/0 (1).unity; Assets/_Recovery/0 (10).unity; Assets/_Recovery/0 (11).unity; Assets/_Recovery/0 (13).unity; Assets/_Recovery/0 (14).unity; Assets/_Recovery/0 (15).unity; Assets/_Recovery/0 (16).unity; Assets/_Recovery/0 (17).unity; Assets/_Recovery/0 (18).unity; Assets/_Recovery/0 (2).unity; Assets/_Recovery/0 (21).unity; Assets/_Recovery/0 (22).unity; Assets/_Recovery/0 (23).unity; Assets/_Recovery/0 (3).unity; Assets/_Recovery/0 (5).unity; Assets/_Recovery/0 (6).unity; Assets/_Recovery/0 (7).unity; Assets/_Recovery/0 (8).unity; Assets/_Recovery/0 (9).unity,Large referenced/indirect asset,Do not delete until Unity dependency check confirms,High-risk deletion
Assets/BCaT_assets/SewingRoom/sewing-sounds.wav,36757578,35.1 MB,Referenced,Required/Referenced indirectly,Assets/BH_XR_MainScene.unity; Assets/_Recovery/0 (1).unity; Assets/_Recovery/0 (10).unity; Assets/_Recovery/0 (11).unity; Assets/_Recovery/0 (13).unity; Assets/_Recovery/0 (14).unity; Assets/_Recovery/0 (15).unity; Assets/_Recovery/0 (16).unity; Assets/_Recovery/0 (17).unity; Assets/_Recovery/0 (18).unity; Assets/_Recovery/0 (2).unity; Assets/_Recovery/0 (21).unity; Assets/_Recovery/0 (22).unity; Assets/_Recovery/0 (23).unity; Assets/_Recovery/0 (3).unity; Assets/_Recovery/0 (5).unity; Assets/_Recovery/0 (6).unity; Assets/_Recovery/0 (7).unity; Assets/_Recovery/0 (8).unity; Assets/_Recovery/0 (9).unity,Large referenced/indirect asset,Do not delete until Unity dependency check confirms,High-risk deletion
Assets/BCaT_assets/SewingRoom/in_my_sisters_room_audio.wav,36634702,34.9 MB,Referenced,Required/Referenced indirectly,Assets/BH_XR_MainScene.unity; Assets/_Recovery/0 (1).unity; Assets/_Recovery/0 (10).unity; Assets/_Recovery/0 (11).unity; Assets/_Recovery/0 (13).unity; Assets/_Recovery/0 (14).unity; Assets/_Recovery/0 (15).unity; Assets/_Recovery/0 (16).unity; Assets/_Recovery/0 (17).unity; Assets/_Recovery/0 (18).unity; Assets/_Recovery/0 (2).unity; Assets/_Recovery/0 (21).unity; Assets/_Recovery/0 (22).unity; Assets/_Recovery/0 (23).unity; Assets/_Recovery/0 (3).unity; Assets/_Recovery/0 (5).unity; Assets/_Recovery/0 (6).unity; Assets/_Recovery/0 (7).unity; Assets/_Recovery/0 (8).unity; Assets/_Recovery/0 (9).unity,Large referenced/indirect asset,Do not delete until Unity dependency check confirms,High-risk deletion
Assets/TerrainSampleAssets/Textures/Terrain/Heather_Normal.tif,36128884,34.5 MB,C: duplicate/obsolete candidate,"Likely safe, verify in Unity",,No GUID/text reference found by static scan,Do not delete until Unity dependency check confirms,Verify in Unity
Assets/TerrainSampleAssets/Textures/Terrain/Pebbles_C_Normal.tif,36107892,34.4 MB,C: duplicate/obsolete candidate,"Likely safe, verify in Unity",,No GUID/text reference found by static scan,Do not delete until Unity dependency check confirms,Verify in Unity
Assets/TerrainSampleAssets/Textures/Terrain/Grass_B_Normal.tif,36105608,34.4 MB,C: duplicate/obsolete candidate,"Likely safe, verify in Unity",,No GUID/text reference found by static scan,Do not delete until Unity dependency check confirms,Verify in Unity
Assets/TerrainSampleAssets/Textures/Terrain/Grass_A_Normal.tif,36089180,34.4 MB,C: duplicate/obsolete candidate,"Likely safe, verify in Unity",,No GUID/text reference found by static scan,Do not delete until Unity dependency check confirms,Verify in Unity
Assets/TerrainSampleAssets/Textures/Terrain/Grass_Moss_Normal.tif,36063976,34.4 MB,C: duplicate/obsolete candidate,"Likely safe, verify in Unity",,No GUID/text reference found by static scan,Do not delete until Unity dependency check confirms,Verify in Unity
Assets/TerrainSampleAssets/Textures/Terrain/Grass_Dry_Normal.tif,36044732,34.4 MB,C: duplicate/obsolete candidate,"Likely safe, verify in Unity",,No GUID/text reference found by static scan,Do not delete until Unity dependency check confirms,Verify in Unity
Assets/TerrainSampleAssets/Textures/Terrain/Soil_Rocks_MaskMap.tif,36039052,34.4 MB,C: duplicate/obsolete candidate,"Likely safe, verify in Unity",,No GUID/text reference found by static scan,Do not delete until Unity dependency check confirms,Verify in Unity
Assets/TerrainSampleAssets/Textures/Terrain/Grass_Soil_Normal.tif,35994420,34.3 MB,C: duplicate/obsolete candidate,"Likely safe, verify in Unity",,No GUID/text reference found by static scan,Do not delete until Unity dependency check confirms,Verify in Unity
Assets/TerrainSampleAssets/Textures/Terrain/Muddy_Normal.tif,35888960,34.2 MB,C: duplicate/obsolete candidate,"Likely safe, verify in Unity",,No GUID/text reference found by static scan,Do not delete until Unity dependency check confirms,Verify in Unity
Assets/TerrainSampleAssets/Textures/Terrain/Pebbles_A_Normal.tif,35828800,34.2 MB,C: duplicate/obsolete candidate,"Likely safe, verify in Unity",,No GUID/text reference found by static scan,Do not delete until Unity dependency check confirms,Verify in Unity
Assets/TerrainSampleAssets/Textures/Terrain/Black_Sand_Normal.tif,35725576,34.1 MB,C: duplicate/obsolete candidate,"Likely safe, verify in Unity",,No GUID/text reference found by static scan,Do not delete until Unity dependency check confirms,Verify in Unity
Assets/TerrainSampleAssets/Textures/Terrain/Soil_Rocks_Normal.tif,35677264,34.0 MB,C: duplicate/obsolete candidate,"Likely safe, verify in Unity",,No GUID/text reference found by static scan,Do not delete until Unity dependency check confirms,Verify in Unity
Assets/TerrainSampleAssets/Textures/Terrain/Grass_Moss_MaskMap.tif,35519108,33.9 MB,C: duplicate/obsolete candidate,"Likely safe, verify in Unity",,No GUID/text reference found by static scan,Do not delete until Unity dependency check confirms,Verify in Unity
Assets/TerrainSampleAssets/Textures/Terrain/Black_Sand_MaskMap.tif,35296540,33.7 MB,C: duplicate/obsolete candidate,"Likely safe, verify in Unity",,No GUID/text reference found by static scan,Do not delete until Unity dependency check confirms,Verify in Unity
Assets/TerrainSampleAssets/Textures/Terrain/Pebbles_B_Normal.tif,35279552,33.6 MB,C: duplicate/obsolete candidate,"Likely safe, verify in Unity",,No GUID/text reference found by static scan,Do not delete until Unity dependency check confirms,Verify in Unity
Assets/TerrainSampleAssets/Textures/Terrain/Sand_Normal.tif,35255012,33.6 MB,C: duplicate/obsolete candidate,"Likely safe, verify in Unity",,No GUID/text reference found by static scan,Do not delete until Unity dependency check confirms,Verify in Unity
Assets/TerrainSampleAssets/Textures/Terrain/Heather_BaseColor.tif,35233308,33.6 MB,C: duplicate/obsolete candidate,"Likely safe, verify in Unity",,No GUID/text reference found by static scan,Do not delete until Unity dependency check confirms,Verify in Unity
Assets/TerrainSampleAssets/Textures/Terrain/Tidal_Pools_Normal.tif,35033448,33.4 MB,C: duplicate/obsolete candidate,"Likely safe, verify in Unity",,No GUID/text reference found by static scan,Do not delete until Unity dependency check confirms,Verify in Unity
Assets/TerrainSampleAssets/Textures/Terrain/Grass_Dry_BaseColor.tif,35027440,33.4 MB,C: duplicate/obsolete candidate,"Likely safe, verify in Unity",,No GUID/text reference found by static scan,Do not delete until Unity dependency check confirms,Verify in Unity
Assets/TerrainSampleAssets/Textures/Terrain/Rock_Normal.tif,34933620,33.3 MB,C: duplicate/obsolete candidate,"Likely safe, verify in Unity",,No GUID/text reference found by static scan,Do not delete until Unity dependency check confirms,Verify in Unity
Assets/TerrainSampleAssets/Textures/Terrain/Rock_MaskMap.tif,34865184,33.3 MB,C: duplicate/obsolete candidate,"Likely safe, verify in Unity",,No GUID/text reference found by static scan,Do not delete until Unity dependency check confirms,Verify in Unity
Assets/TerrainSampleAssets/Textures/Terrain/Snow_Normal.tif,34687396,33.1 MB,C: duplicate/obsolete candidate,"Likely safe, verify in Unity",,No GUID/text reference found by static scan,Do not delete until Unity dependency check confirms,Verify in Unity
Assets/BCaT/Exhibits/BlackKitchen/Models/BlackKitchen_ScannedEnvironment.glb,34495692,32.9 MB,Referenced,Required/Referenced indirectly,Assets/BCaT/Exhibits/BlackKitchen/Scenes/BlackKitchen_MemoryScene.unity,Large referenced/indirect asset,Do not delete until Unity dependency check confirms,High-risk deletion
Assets/TerrainSampleAssets/Textures/Terrain/Soil_Rocks_BaseColor.tif,34369328,32.8 MB,C: duplicate/obsolete candidate,"Likely safe, verify in Unity",,No GUID/text reference found by static scan,Do not delete until Unity dependency check confirms,Verify in Unity
Assets/TerrainSampleAssets/Textures/Terrain/Grass_B_BaseColor.tif,34232048,32.6 MB,C: duplicate/obsolete candidate,"Likely safe, verify in Unity",,No GUID/text reference found by static scan,Do not delete until Unity dependency check confirms,Verify in Unity
Assets/TerrainSampleAssets/Textures/Terrain/Grass_Moss_BaseColor.tif,34198928,32.6 MB,C: duplicate/obsolete candidate,"Likely safe, verify in Unity",,No GUID/text reference found by static scan,Do not delete until Unity dependency check confirms,Verify in Unity
Assets/TerrainSampleAssets/Textures/Terrain/Rock_BaseColor.tif,34189544,32.6 MB,C: duplicate/obsolete candidate,"Likely safe, verify in Unity",,No GUID/text reference found by static scan,Do not delete until Unity dependency check confirms,Verify in Unity
Assets/TerrainSampleAssets/Textures/Terrain/Grass_A_BaseColor.tif,34136344,32.6 MB,C: duplicate/obsolete candidate,"Likely safe, verify in Unity",,No GUID/text reference found by static scan,Do not delete until Unity dependency check confirms,Verify in Unity
Assets/BCaT_assets/LindaLeaks/Linda_Leaks_CHOF_720p.mp4,34127159,32.5 MB,Referenced,Required/Referenced indirectly,Assets/BCaT_assets/LindaLeaks/Prefabs/LindaLeaks_Exhibit_VintageCamera.prefab; Assets/BCaT_assets/LindaLeaks/Scripts/Editor/LindaLeaksPhase2Builder.cs; Assets/_Recovery/0 (24).unity,Large referenced/indirect asset,Do not delete until Unity dependency check confirms,High-risk deletion
Assets/StreamingAssets/Linda_Leaks_CHOF_720p.mp4,34127159,32.5 MB,B: indirectly included,Unknown/runtime-loaded,Assets/BCaT_assets/LindaLeaks/Prefabs/LindaLeaks_Exhibit_VintageCamera.prefab; Assets/BCaT_assets/LindaLeaks/Scripts/Editor/LindaLeaksPhase2Builder.cs; Assets/_Recovery/0 (24).unity; StreamingAssets raw copy,Large referenced/indirect asset,Do not delete until Unity dependency check confirms,High-risk deletion
Assets/TerrainSampleAssets/Textures/Terrain/Pebbles_C_BaseColor.tif,33735820,32.2 MB,C: duplicate/obsolete candidate,"Likely safe, verify in Unity",,No GUID/text reference found by static scan,Do not delete until Unity dependency check confirms,Verify in Unity
Assets/TerrainSampleAssets/Textures/Terrain/Muddy_BaseColor.tif,33725212,32.2 MB,C: duplicate/obsolete candidate,"Likely safe, verify in Unity",,No GUID/text reference found by static scan,Do not delete until Unity dependency check confirms,Verify in Unity
Assets/TerrainSampleAssets/Textures/Heightmaps/Ridge05_Heightmap.tif,33577404,32.0 MB,C: duplicate/obsolete candidate,"Likely safe, verify in Unity",,No GUID/text reference found by static scan,Do not delete until Unity dependency check confirms,Verify in Unity
Assets/TerrainSampleAssets/Textures/Heightmaps/Ridge06_Heightmap.tif,33574684,32.0 MB,C: duplicate/obsolete candidate,"Likely safe, verify in Unity",,No GUID/text reference found by static scan,Do not delete until Unity dependency check confirms,Verify in Unity
Assets/TerrainSampleAssets/Textures/Heightmaps/Errosion02_Heightmap.tif,33573800,32.0 MB,C: duplicate/obsolete candidate,"Likely safe, verify in Unity",,No GUID/text reference found by static scan,Do not delete until Unity dependency check confirms,Verify in Unity
Assets/TerrainSampleAssets/Textures/Heightmaps/Hills01_Heightmap.tiff,33554858,32.0 MB,C: duplicate/obsolete candidate,"Likely safe, verify in Unity",,No GUID/text reference found by static scan,Do not delete until Unity dependency check confirms,Verify in Unity
Assets/TerrainSampleAssets/Textures/Heightmaps/Hills02_Heightmap.tiff,33554858,32.0 MB,C: duplicate/obsolete candidate,"Likely safe, verify in Unity",,No GUID/text reference found by static scan,Do not delete until Unity dependency check confirms,Verify in Unity
Assets/TerrainSampleAssets/Textures/Heightmaps/Mountain10_Heightmap.tiff,33554858,32.0 MB,C: duplicate/obsolete candidate,"Likely safe, verify in Unity",,No GUID/text reference found by static scan,Do not delete until Unity dependency check confirms,Verify in Unity
Assets/TerrainSampleAssets/Textures/Heightmaps/Slope04_Heightmap.tiff,33554858,32.0 MB,C: duplicate/obsolete candidate,"Likely safe, verify in Unity",,No GUID/text reference found by static scan,Do not delete until Unity dependency check confirms,Verify in Unity
Assets/TerrainSampleAssets/Textures/Heightmaps/Slope03_Heightmap.tiff,33554858,32.0 MB,C: duplicate/obsolete candidate,"Likely safe, verify in Unity",,No GUID/text reference found by static scan,Do not delete until Unity dependency check confirms,Verify in Unity
Assets/TerrainSampleAssets/Textures/Heightmaps/Slope02_Heightmap.tiff,33554858,32.0 MB,C: duplicate/obsolete candidate,"Likely safe, verify in Unity",,No GUID/text reference found by static scan,Do not delete until Unity dependency check confirms,Verify in Unity
Assets/TerrainSampleAssets/Textures/Heightmaps/Mountain11_Heightmap.tiff,33554858,32.0 MB,C: duplicate/obsolete candidate,"Likely safe, verify in Unity",,No GUID/text reference found by static scan,Do not delete until Unity dependency check confirms,Verify in Unity
Assets/TerrainSampleAssets/Textures/Heightmaps/Mountain09_Heightmap.tiff,33554858,32.0 MB,C: duplicate/obsolete candidate,"Likely safe, verify in Unity",,No GUID/text reference found by static scan,Do not delete until Unity dependency check confirms,Verify in Unity
Assets/TerrainSampleAssets/Textures/Heightmaps/Slope01_Heightmap.tiff,33554858,32.0 MB,C: duplicate/obsolete candidate,"Likely safe, verify in Unity",,No GUID/text reference found by static scan,Do not delete until Unity dependency check confirms,Verify in Unity
Assets/TerrainSampleAssets/Textures/Terrain/Grass_Soil_BaseColor.tif,33421736,31.9 MB,C: duplicate/obsolete candidate,"Likely safe, verify in Unity",,No GUID/text reference found by static scan,Do not delete until Unity dependency check confirms,Verify in Unity
Assets/TerrainSampleAssets/Textures/Terrain/Black_Sand_BaseColor.tif,33337120,31.8 MB,C: duplicate/obsolete candidate,"Likely safe, verify in Unity",,No GUID/text reference found by static scan,Do not delete until Unity dependency check confirms,Verify in Unity
Assets/TerrainSampleAssets/Textures/Terrain/Pebbles_A_BaseColor.tif,32999956,31.5 MB,C: duplicate/obsolete candidate,"Likely safe, verify in Unity",,No GUID/text reference found by static scan,Do not delete until Unity dependency check confirms,Verify in Unity
Assets/TerrainSampleAssets/Textures/Terrain/Pebbles_B_BaseColor.tif,32092168,30.6 MB,C: duplicate/obsolete candidate,"Likely safe, verify in Unity",,No GUID/text reference found by static scan,Do not delete until Unity dependency check confirms,Verify in Unity
Assets/TerrainSampleAssets/Textures/Terrain/Tidal_Pools_BaseColor.tif,31929948,30.5 MB,C: duplicate/obsolete candidate,"Likely safe, verify in Unity",,No GUID/text reference found by static scan,Do not delete until Unity dependency check confirms,Verify in Unity
Assets/BCaT_assets/BTMMP_Workstation_Assembly/metal_table_asset.glb,29600972,28.2 MB,Referenced,Required/Referenced indirectly,Assets/BH_XR_MainScene.unity; Assets/_Recovery/0 (1).unity; Assets/_Recovery/0 (10).unity; Assets/_Recovery/0 (11).unity; Assets/_Recovery/0 (13).unity; Assets/_Recovery/0 (14).unity; Assets/_Recovery/0 (15).unity; Assets/_Recovery/0 (16).unity; Assets/_Recovery/0 (17).unity; Assets/_Recovery/0 (18).unity; Assets/_Recovery/0 (2).unity; Assets/_Recovery/0 (21).unity; Assets/_Recovery/0 (22).unity; Assets/_Recovery/0 (23).unity; Assets/_Recovery/0 (3).unity; Assets/_Recovery/0 (5).unity; Assets/_Recovery/0 (6).unity; Assets/_Recovery/0 (7).unity; Assets/_Recovery/0 (8).unity; Assets/_Recovery/0 (9).unity,Large referenced/indirect asset,Do not delete until Unity dependency check confirms,High-risk deletion
Assets/TerrainSampleAssets/Textures/Terrain/Snow_BaseColor.tif,29474316,28.1 MB,C: duplicate/obsolete candidate,"Likely safe, verify in Unity",,No GUID/text reference found by static scan,Do not delete until Unity dependency check confirms,Verify in Unity
Assets/My_Custom/rug.glb,29117224,27.8 MB,Referenced,Required/Referenced indirectly,Assets/_Recovery/0 (1).unity; Assets/_Recovery/0 (10).unity; Assets/_Recovery/0 (11).unity; Assets/_Recovery/0 (13).unity; Assets/_Recovery/0 (2).unity; Assets/_Recovery/0 (3).unity; Assets/_Recovery/0 (5).unity; Assets/_Recovery/0 (6).unity; Assets/_Recovery/0 (7).unity; Assets/_Recovery/0 (8).unity; Assets/_Recovery/0 (9).unity; Assets/_Recovery/0.unity,Large referenced/indirect asset,Do not delete until Unity dependency check confirms,High-risk deletion
Assets/RealBlend/Art/Materials/Textures/rough_plaster_brick_04_diff_2k.png,26399365,25.2 MB,Referenced,Required/Referenced indirectly,Assets/RealBlend/Art/Materials/BuiltIn/VariationExampleBuilt-In.mat; Assets/RealBlend/Art/Materials/HDRP/5BlendExample.mat; Assets/RealBlend/Art/Materials/HDRP/VariationExample.mat; Assets/RealBlend/Art/Materials/HDRP/VariationExample_ExperimentalSPOM.mat; Assets/RealBlend/Art/Materials/URP/VariationExampleURP.mat,Large referenced/indirect asset,Do not delete until Unity dependency check confirms,High-risk deletion
Assets/TerrainSampleAssets/Textures/Heightmaps/Volcano02_Heightmap.tif,26231012,25.0 MB,C: duplicate/obsolete candidate,"Likely safe, verify in Unity",,No GUID/text reference found by static scan,Do not delete until Unity dependency check confirms,Verify in Unity
Assets/TerrainSampleAssets/Textures/Heightmaps/Volcano01_Heightmap.tif,25188260,24.0 MB,C: duplicate/obsolete candidate,"Likely safe, verify in Unity",,No GUID/text reference found by static scan,Do not delete until Unity dependency check confirms,Verify in Unity
Assets/DevDen Arch Viz Scotland/Models/Bathroom/2.fbx,24828010,23.7 MB,Referenced,Required/Referenced indirectly,Assets/DevDen Arch Viz Scotland/Prefabs/Bathroom/Towel Holder.prefab; Assets/DevDen Arch Viz Scotland/Scenes/ArchViz.unity,Large referenced/indirect asset,Do not delete until Unity dependency check confirms,High-risk deletion
Assets/RealBlend/Art/Materials/Textures/Moss002_2K-PNG_NormalGL.png,24636888,23.5 MB,Referenced,Required/Referenced indirectly,Assets/RealBlend/Art/Materials/HDRP/5BlendExample.mat,Large referenced/indirect asset,Do not delete until Unity dependency check confirms,High-risk deletion
Assets/TerrainSampleAssets/Textures/Terrain/Grass_A_MaskMap.tif,23264240,22.2 MB,C: duplicate/obsolete candidate,"Likely safe, verify in Unity",,No GUID/text reference found by static scan,Do not delete until Unity dependency check confirms,Verify in Unity
Assets/BCaT_assets/SewingRoom/bed.glb,21972076,21.0 MB,Referenced,Required/Referenced indirectly,Assets/BH_XR_MainScene.unity; Assets/_Recovery/0 (1).unity; Assets/_Recovery/0 (10).unity; Assets/_Recovery/0 (11).unity; Assets/_Recovery/0 (13).unity; Assets/_Recovery/0 (14).unity; Assets/_Recovery/0 (15).unity; Assets/_Recovery/0 (16).unity; Assets/_Recovery/0 (17).unity; Assets/_Recovery/0 (18).unity; Assets/_Recovery/0 (2).unity; Assets/_Recovery/0 (21).unity; Assets/_Recovery/0 (22).unity; Assets/_Recovery/0 (23).unity; Assets/_Recovery/0 (3).unity; Assets/_Recovery/0 (5).unity; Assets/_Recovery/0 (6).unity; Assets/_Recovery/0 (7).unity; Assets/_Recovery/0 (8).unity; Assets/_Recovery/0 (9).unity,Large referenced/indirect asset,Do not delete until Unity dependency check confirms,High-risk deletion
Assets/RealBlend/Art/Materials/Textures/concrete_moss_diff_2k.png,21166815,20.2 MB,Referenced,Required/Referenced indirectly,Assets/RealBlend/Art/Materials/HDRP/5BlendExample.mat,Large referenced/indirect asset,Do not delete until Unity dependency check confirms,High-risk deletion
Assets/My_Custom/modern_scandinavian_kitchen_island.glb,20094320,19.2 MB,Referenced,Required/Referenced indirectly,Assets/BH_XR_MainScene.unity; Assets/_Recovery/0 (1).unity; Assets/_Recovery/0 (10).unity; Assets/_Recovery/0 (11).unity; Assets/_Recovery/0 (13).unity; Assets/_Recovery/0 (14).unity; Assets/_Recovery/0 (15).unity; Assets/_Recovery/0 (16).unity; Assets/_Recovery/0 (17).unity; Assets/_Recovery/0 (18).unity; Assets/_Recovery/0 (2).unity; Assets/_Recovery/0 (21).unity; Assets/_Recovery/0 (22).unity; Assets/_Recovery/0 (23).unity; Assets/_Recovery/0 (3).unity; Assets/_Recovery/0 (5).unity; Assets/_Recovery/0 (6).unity; Assets/_Recovery/0 (7).unity; Assets/_Recovery/0 (8).unity; Assets/_Recovery/0 (9).unity,Large referenced/indirect asset,Do not delete until Unity dependency check confirms,High-risk deletion
Assets/DevDen Arch Viz Scotland/Scenes/ArchViz/ReflectionProbe-8.exr,18705070,17.8 MB,C: duplicate/obsolete candidate,"Likely safe, verify in Unity",,No GUID/text reference found by static scan,Do not delete until Unity dependency check confirms,Verify in Unity
Assets/BCaT_assets/Ri/and that is the truth - you know what I'm meaning.mp3,17999572,17.2 MB,Referenced,Required/Referenced indirectly,Assets/BH_XR_MainScene.unity; Assets/_Recovery/0 (17).unity; Assets/_Recovery/0 (18).unity; Assets/_Recovery/0 (21).unity; Assets/_Recovery/0 (22).unity; Assets/_Recovery/0 (23).unity,Large referenced/indirect asset,Do not delete until Unity dependency check confirms,High-risk deletion
Assets/SubstanceAssets/LittleGamesPack/Textures/ChessPieces/ChessPieces_Base_color.png,17751521,16.9 MB,Referenced,Required/Referenced indirectly,Assets/SubstanceAssets/LittleGamesPack/Materials/ChessPieces.mat,Large referenced/indirect asset,Do not delete until Unity dependency check confirms,High-risk deletion
Assets/BCaT_assets/BTMMP_Workstation_Assembly/flowerbarrel_with_tulips.glb,17575828,16.8 MB,Referenced,Required/Referenced indirectly,Assets/BH_XR_MainScene.unity; Assets/_Recovery/0 (1).unity; Assets/_Recovery/0 (10).unity; Assets/_Recovery/0 (11).unity; Assets/_Recovery/0 (13).unity; Assets/_Recovery/0 (14).unity; Assets/_Recovery/0 (15).unity; Assets/_Recovery/0 (16).unity; Assets/_Recovery/0 (17).unity; Assets/_Recovery/0 (18).unity; Assets/_Recovery/0 (2).unity; Assets/_Recovery/0 (21).unity; Assets/_Recovery/0 (22).unity; Assets/_Recovery/0 (23).unity; Assets/_Recovery/0 (3).unity; Assets/_Recovery/0 (5).unity; Assets/_Recovery/0 (6).unity; Assets/_Recovery/0 (7).unity; Assets/_Recovery/0 (8).unity; Assets/_Recovery/0 (9).unity,Large referenced/indirect asset,Do not delete until Unity dependency check confirms,High-risk deletion
Assets/DevDen Arch Viz Scotland/Scenes/ArchViz/ReflectionProbe-5.exr,16824063,16.0 MB,C: duplicate/obsolete candidate,"Likely safe, verify in Unity",,No GUID/text reference found by static scan,Do not delete until Unity dependency check confirms,Verify in Unity
Assets/SubstanceAssets/LittleGamesPack/Textures/CardsAndTables/CardsAndTables_Normal_OpenGL.png,16669029,15.9 MB,Referenced,Required/Referenced indirectly,Assets/SubstanceAssets/LittleGamesPack/Materials/CardsAndTables.mat,Large referenced/indirect asset,Do not delete until Unity dependency check confirms,High-risk deletion
Assets/BCaT_assets/BTMMP_Workstation_Assembly/drone.glb,16633652,15.9 MB,Referenced,Required/Referenced indirectly,Assets/BH_XR_MainScene.unity; Assets/_Recovery/0 (1).unity; Assets/_Recovery/0 (10).unity; Assets/_Recovery/0 (11).unity; Assets/_Recovery/0 (13).unity; Assets/_Recovery/0 (14).unity; Assets/_Recovery/0 (15).unity; Assets/_Recovery/0 (16).unity; Assets/_Recovery/0 (17).unity; Assets/_Recovery/0 (18).unity; Assets/_Recovery/0 (2).unity; Assets/_Recovery/0 (21).unity; Assets/_Recovery/0 (22).unity; Assets/_Recovery/0 (23).unity; Assets/_Recovery/0 (3).unity; Assets/_Recovery/0 (5).unity; Assets/_Recovery/0 (6).unity; Assets/_Recovery/0 (7).unity; Assets/_Recovery/0 (8).unity; Assets/_Recovery/0 (9).unity,Large referenced/indirect asset,Do not delete until Unity dependency check confirms,High-risk deletion
Assets/BCaT_assets/Meshell_Sturgis/My Grandma's Garden.png,16537844,15.8 MB,Referenced,Required/Referenced indirectly,Assets/BH_XR_MainScene.unity; Assets/_Recovery/0 (23).unity,Large referenced/indirect asset,Do not delete until Unity dependency check confirms,High-risk deletion
Assets/danthaigames/DS 80s Television/PSDs/TV_Textures.psd,16315733,15.6 MB,C: duplicate/obsolete candidate,"Likely safe, verify in Unity",,No GUID/text reference found by static scan,Do not delete until Unity dependency check confirms,Verify in Unity
Assets/DevDen Arch Viz Scotland/Scenes/ArchViz/ReflectionProbe-6.exr,15709972,15.0 MB,C: duplicate/obsolete candidate,"Likely safe, verify in Unity",,No GUID/text reference found by static scan,Do not delete until Unity dependency check confirms,Verify in Unity
Assets/danthaigames/DS 80s Television/PSDs/TVScreen_Textures.psd,15585486,14.9 MB,C: duplicate/obsolete candidate,"Likely safe, verify in Unity",,No GUID/text reference found by static scan,Do not delete until Unity dependency check confirms,Verify in Unity
Assets/SubstanceAssets/LittleGamesPack/Textures/CardsAndTables/CardsAndTables_Base_color.png,15515356,14.8 MB,Referenced,Required/Referenced indirectly,Assets/SubstanceAssets/LittleGamesPack/Materials/CardsAndTables.mat,Large referenced/indirect asset,Do not delete until Unity dependency check confirms,High-risk deletion
Assets/TerrainSampleAssets/Textures/Terrain/Grass_B_MaskMap.tif,15253592,14.5 MB,C: duplicate/obsolete candidate,"Likely safe, verify in Unity",,No GUID/text reference found by static scan,Do not delete until Unity dependency check confirms,Verify in Unity
Assets/Coconut Palm Tree Pack/Textures/Coconut_Palm_Tree_diffuse.psd,15023852,14.3 MB,Referenced,Required/Referenced indirectly,Assets/Coconut Palm Tree Pack/Materials/Coconut_Palm_Tree_AFS.mat; Assets/Coconut Palm Tree Pack/Materials/bark.mat; Assets/Coconut Palm Tree Pack/Materials/leaf.mat,Large referenced/indirect asset,Do not delete until Unity dependency check confirms,High-risk deletion
Assets/TerrainSampleAssets/Textures/Terrain/Grass_Dry_MaskMap.tif,15006184,14.3 MB,C: duplicate/obsolete candidate,"Likely safe, verify in Unity",,No GUID/text reference found by static scan,Do not delete until Unity dependency check confirms,Verify in Unity
Assets/DevDen Arch Viz Scotland/Scenes/ArchViz/ReflectionProbe-4.exr,14975272,14.3 MB,C: duplicate/obsolete candidate,"Likely safe, verify in Unity",,No GUID/text reference found by static scan,Do not delete until Unity dependency check confirms,Verify in Unity
Assets/DevDen Arch Viz Scotland/Scenes/ArchViz/ReflectionProbe-1.exr,14974493,14.3 MB,C: duplicate/obsolete candidate,"Likely safe, verify in Unity",,No GUID/text reference found by static scan,Do not delete until Unity dependency check confirms,Verify in Unity
Assets/BCaT_assets/Ri/you don't know about style my darling_720p.mp4,14920335,14.2 MB,Referenced,Required/Referenced indirectly,Assets/BH_XR_MainScene.unity; Assets/_Recovery/0 (17).unity; Assets/_Recovery/0 (18).unity; Assets/_Recovery/0 (21).unity; Assets/_Recovery/0 (22).unity; Assets/_Recovery/0 (23).unity; Assets/_Recovery/0 (24).unity,Large referenced/indirect asset,Do not delete until Unity dependency check confirms,High-risk deletion
Assets/StreamingAssets/you don't know about style my darling_720p.mp4,14920335,14.2 MB,B: indirectly included,Unknown/runtime-loaded,Assets/BH_XR_MainScene.unity; Assets/_Recovery/0 (17).unity; Assets/_Recovery/0 (18).unity; Assets/_Recovery/0 (21).unity; Assets/_Recovery/0 (22).unity; Assets/_Recovery/0 (23).unity; Assets/_Recovery/0 (24).unity; StreamingAssets raw copy,Large referenced/indirect asset,Do not delete until Unity dependency check confirms,High-risk deletion
Assets/TerrainSampleAssets/Textures/Terrain/Heather_MaskMap.tif,14310964,13.6 MB,C: duplicate/obsolete candidate,"Likely safe, verify in Unity",,No GUID/text reference found by static scan,Do not delete until Unity dependency check confirms,Verify in Unity
Assets/BCaT_assets/BTMMP_Workstation_Assembly/camera-canon-eos-400d/textures/Camara_Low_V2_lambert3_Normal.png,14076281,13.4 MB,A: no text/GUID refs found,"Likely safe, verify in Unity",,No GUID/text reference found by static scan,Do not delete until Unity dependency check confirms,Verify in Unity
Assets/DevDen Arch Viz Scotland/Scenes/ArchViz/ReflectionProbe-7.exr,13830688,13.2 MB,C: duplicate/obsolete candidate,"Likely safe, verify in Unity",,No GUID/text reference found by static scan,Do not delete until Unity dependency check confirms,Verify in Unity
Assets/TerrainSampleAssets/Textures/Terrain/Pebbles_C_MaskMap.tif,13710252,13.1 MB,C: duplicate/obsolete candidate,"Likely safe, verify in Unity",,No GUID/text reference found by static scan,Do not delete until Unity dependency check confirms,Verify in Unity
Assets/Shaded Spectrum/Cozy Interiors Demo Pack/Textures/Oak Ladder Shelf Panels/OakLadderShelfPanelsNormalMap.png,13546741,12.9 MB,A: no text/GUID refs found,"Likely safe, verify in Unity",,No GUID/text reference found by static scan,Do not delete until Unity dependency check confirms,Verify in Unity
Assets/BCaT_assets/SewingRoom/pillow__quilt.glb,13420528,12.8 MB,Referenced,Required/Referenced indirectly,Assets/BH_XR_MainScene.unity; Assets/_Recovery/0 (1).unity; Assets/_Recovery/0 (10).unity; Assets/_Recovery/0 (11).unity; Assets/_Recovery/0 (13).unity; Assets/_Recovery/0 (14).unity; Assets/_Recovery/0 (15).unity; Assets/_Recovery/0 (16).unity; Assets/_Recovery/0 (17).unity; Assets/_Recovery/0 (18).unity; Assets/_Recovery/0 (2).unity; Assets/_Recovery/0 (21).unity; Assets/_Recovery/0 (22).unity; Assets/_Recovery/0 (23).unity; Assets/_Recovery/0 (3).unity; Assets/_Recovery/0 (5).unity; Assets/_Recovery/0 (6).unity; Assets/_Recovery/0 (7).unity; Assets/_Recovery/0 (8).unity; Assets/_Recovery/0 (9).unity,Large referenced/indirect asset,Do not delete until Unity dependency check confirms,High-risk deletion
Assets/Idyllic Italian Coast Town/Materials/Terrain/Terrain Italy.asset,13370088,12.8 MB,Referenced,Required/Referenced indirectly,Assets/Idyllic Italian Coast Town/Scenes/Demo Italy.unity,Large referenced/indirect asset,Do not delete until Unity dependency check confirms,High-risk deletion
Assets/TerrainSampleAssets/Textures/Terrain/Grass_Soil_MaskMap.tif,13303440,12.7 MB,C: duplicate/obsolete candidate,"Likely safe, verify in Unity",,No GUID/text reference found by static scan,Do not delete until Unity dependency check confirms,Verify in Unity
Assets/Shaded Spectrum/Cozy Interiors Demo Pack/Textures/Cracked Terracotta Floor/CrackedTerracottaFloorNormalMap.png,13245240,12.6 MB,A: no text/GUID refs found,"Likely safe, verify in Unity",,No GUID/text reference found by static scan,Do not delete until Unity dependency check confirms,Verify in Unity
Assets/Shaded Spectrum/Cozy Interiors Demo Pack/Textures/Coarse Burlap Upholstery/CoarseBurlapUpholsteryNormalMap.png,13192666,12.6 MB,A: no text/GUID refs found,"Likely safe, verify in Unity",,No GUID/text reference found by static scan,Do not delete until Unity dependency check confirms,Verify in Unity
Assets/Shaded Spectrum/Cozy Interiors Demo Pack/Textures/Gingham Kitchen Linen/GinghamKitchenLinenNormalMap.png,13090673,12.5 MB,Referenced,Required/Referenced indirectly,Assets/Shaded Spectrum/Cozy Interiors Demo Pack/Materials/Gingham Kitchen Linen.mat,Large referenced/indirect asset,Do not delete until Unity dependency check confirms,High-risk deletion
Assets/TerrainSampleAssets/Textures/Terrain/Muddy_MaskMap.tif,13002296,12.4 MB,C: duplicate/obsolete candidate,"Likely safe, verify in Unity",,No GUID/text reference found by static scan,Do not delete until Unity dependency check confirms,Verify in Unity
Assets/Shaded Spectrum/Cozy Interiors Demo Pack/Textures/Mossy Flagstone Floor/MossyFlagstoneFloorNormalMap.png,12849635,12.3 MB,A: no text/GUID refs found,"Likely safe, verify in Unity",,No GUID/text reference found by static scan,Do not delete until Unity dependency check confirms,Verify in Unity
Assets/TerrainSampleAssets/Textures/Terrain/Pebbles_A_MaskMap.tif,12823500,12.2 MB,C: duplicate/obsolete candidate,"Likely safe, verify in Unity",,No GUID/text reference found by static scan,Do not delete until Unity dependency check confirms,Verify in Unity
Assets/SubstanceAssets/LittleGamesPack/Textures/ChessPieces/ChessPieces_Height.png,12635918,12.1 MB,Referenced,Required/Referenced indirectly,Assets/SubstanceAssets/LittleGamesPack/Materials/ChessPieces.mat,Large referenced/indirect asset,Do not delete until Unity dependency check confirms,High-risk deletion
Assets/BCaT_assets/9night/drum.glb,12389116,11.8 MB,Referenced,Required/Referenced indirectly,Assets/BH_XR_MainScene.unity; Assets/_Recovery/0 (1).unity; Assets/_Recovery/0 (10).unity; Assets/_Recovery/0 (11).unity; Assets/_Recovery/0 (13).unity; Assets/_Recovery/0 (14).unity; Assets/_Recovery/0 (15).unity; Assets/_Recovery/0 (16).unity; Assets/_Recovery/0 (17).unity; Assets/_Recovery/0 (18).unity; Assets/_Recovery/0 (2).unity; Assets/_Recovery/0 (21).unity; Assets/_Recovery/0 (22).unity; Assets/_Recovery/0 (23).unity; Assets/_Recovery/0 (3).unity; Assets/_Recovery/0 (5).unity; Assets/_Recovery/0 (6).unity; Assets/_Recovery/0 (7).unity; Assets/_Recovery/0 (8).unity; Assets/_Recovery/0 (9).unity,Large referenced/indirect asset,Do not delete until Unity dependency check confirms,High-risk deletion
Assets/BCAT_GLB_TextureRemediation/metal_table_asset/Texture_0 _00.png,12377140,11.8 MB,A: no text/GUID refs found,"Likely safe, verify in Unity",,No GUID/text reference found by static scan,Do not delete until Unity dependency check confirms,Verify in Unity
Assets/BCAT_GLB_TextureRemediation/metal_table_asset/Texture_2 _02.png,12298145,11.7 MB,A: no text/GUID refs found,"Likely safe, verify in Unity",,No GUID/text reference found by static scan,Do not delete until Unity dependency check confirms,Verify in Unity
Assets/Shaded Spectrum/Cozy Interiors Demo Pack/Textures/Painted Beech Wall Boards/PaintedBeechWallBoardsNormalMap.png,12207021,11.6 MB,Referenced,Required/Referenced indirectly,Assets/Shaded Spectrum/Cozy Interiors Demo Pack/Materials/Painted Beech Wall Boards.mat,Large referenced/indirect asset,Do not delete until Unity dependency check confirms,High-risk deletion
Assets/Furniture Mega Pack/Textures/Bed/Mattress/AtlasTexture_Mattress_DefaultMaterial_Normal.png,12162323,11.6 MB,Referenced,Required/Referenced indirectly,Assets/Furniture Mega Pack/Materials/Bathroom/mat_Bathroom.mat; Assets/Furniture Mega Pack/Materials/Bed/mat_Mattress.mat,Large referenced/indirect asset,Do not delete until Unity dependency check confirms,High-risk deletion
Assets/DevDen Arch Viz Scotland/Scenes/ArchViz/ReflectionProbe-0.exr,12040903,11.5 MB,C: duplicate/obsolete candidate,"Likely safe, verify in Unity",,No GUID/text reference found by static scan,Do not delete until Unity dependency check confirms,Verify in Unity
Assets/RealBlend/Art/Materials/Textures/MossMask.png,11628530,11.1 MB,Referenced,Required/Referenced indirectly,Assets/RealBlend/Art/Materials/HDRP/5BlendExample.mat,Large referenced/indirect asset,Do not delete until Unity dependency check confirms,High-risk deletion
Assets/Furniture Mega Pack/Textures/Bed/Blanket/AtlasTexture_Blanket_DefaultMaterial_Normal.png,11151857,10.6 MB,Referenced,Required/Referenced indirectly,Assets/Furniture Mega Pack/Materials/Bed/mat_Blanket.mat,Large referenced/indirect asset,Do not delete until Unity dependency check confirms,High-risk deletion
Assets/TerrainSampleAssets/Textures/Terrain/Pebbles_B_MaskMap.tif,10837300,10.3 MB,C: duplicate/obsolete candidate,"Likely safe, verify in Unity",,No GUID/text reference found by static scan,Do not delete until Unity dependency check confirms,Verify in Unity
Assets/BCaT_assets/Ri/glass_fish.glb,10489132,10.0 MB,Referenced,Required/Referenced indirectly,Assets/BH_XR_MainScene.unity; Assets/_Recovery/0 (17).unity; Assets/_Recovery/0 (18).unity; Assets/_Recovery/0 (21).unity; Assets/_Recovery/0 (22).unity; Assets/_Recovery/0 (23).unity,Large referenced/indirect asset,Do not delete until Unity dependency check confirms,High-risk deletion
Assets/TerrainSampleAssets/Textures/Terrain/Sand_BaseColor.tif,10380156,9.9 MB,C: duplicate/obsolete candidate,"Likely safe, verify in Unity",,No GUID/text reference found by static scan,Do not delete until Unity dependency check confirms,Verify in Unity
Assets/Furniture Mega Pack/Textures/Sofas/Sofa01/Sofa01_mat_Sofa01_Normal.png,10336893,9.9 MB,Referenced,Required/Referenced indirectly,Assets/Furniture Mega Pack/Materials/Sofa/mat_Sofa01.mat,Large referenced/indirect asset,Do not delete until Unity dependency check confirms,High-risk deletion
Assets/BCaT_assets/LindaLeaks/Images/LL_CoopHousing_06.png,10301780,9.8 MB,Referenced,Required/Referenced indirectly,Assets/BCaT_assets/LindaLeaks/Prefabs/LindaLeaks_Exhibit_PhotoAlbum.prefab,Large referenced/indirect asset,Do not delete until Unity dependency check confirms,High-risk deletion
Assets/TerrainSampleAssets/README.pdf,10201155,9.7 MB,A: no text/GUID refs found,"Likely safe, verify in Unity",,No GUID/text reference found by static scan,Do not delete until Unity dependency check confirms,Verify in Unity
Assets/BCaT_assets/Ri/360_images/living_room.jpg,10180982,9.7 MB,A: no text/GUID refs found,"Likely safe, verify in Unity",,No GUID/text reference found by static scan,Do not delete until Unity dependency check confirms,Verify in Unity
Assets/Furniture Mega Pack/Textures/Sofas/Sofa19/Sofa19_mat_Sofa19_Normal.png,10114309,9.6 MB,Referenced,Required/Referenced indirectly,Assets/Furniture Mega Pack/Materials/Sofa/mat_Sofa19.mat,Large referenced/indirect asset,Do not delete until Unity dependency check confirms,High-risk deletion
Assets/Furniture Mega Pack/Textures/Sofas/Sofa29/Sofa29_mat_Sofa29_Normal.png,9742763,9.3 MB,Referenced,Required/Referenced indirectly,Assets/Furniture Mega Pack/Materials/Sofa/mat_Sofa29.mat,Large referenced/indirect asset,Do not delete until Unity dependency check confirms,High-risk deletion
Assets/Shaded Spectrum/Cozy Interiors Demo Pack/Textures/Coarse Burlap Upholstery/CoarseBurlapUpholsteryAlbedo.png,9619380,9.2 MB,A: no text/GUID refs found,"Likely safe, verify in Unity",,No GUID/text reference found by static scan,Do not delete until Unity dependency check confirms,Verify in Unity
Assets/Furniture Mega Pack/Textures/Sofas/Sofa16/Sofa16_mat_Sofa16_Normal.png,9433516,9.0 MB,Referenced,Required/Referenced indirectly,Assets/Furniture Mega Pack/Materials/Sofa/mat_Sofa16.mat,Large referenced/indirect asset,Do not delete until Unity dependency check confirms,High-risk deletion
Assets/Shaded Spectrum/Cozy Interiors Demo Pack/Textures/Cracked Terracotta Floor/CrackedTerracottaFloorAlbedo.png,9300671,8.9 MB,A: no text/GUID refs found,"Likely safe, verify in Unity",,No GUID/text reference found by static scan,Do not delete until Unity dependency check confirms,Verify in Unity
Assets/Shaded Spectrum/Cozy Interiors Demo Pack/Textures/Gingham Kitchen Linen/GinghamKitchenLinenAlbedo.png,9262133,8.8 MB,Referenced,Required/Referenced indirectly,Assets/Shaded Spectrum/Cozy Interiors Demo Pack/Materials/Gingham Kitchen Linen.mat,Large referenced/indirect asset,Do not delete until Unity dependency check confirms,High-risk deletion
Assets/TerrainSampleAssets/Textures/Terrain/Sand_MaskMap.tif,9257068,8.8 MB,C: duplicate/obsolete candidate,"Likely safe, verify in Unity",,No GUID/text reference found by static scan,Do not delete until Unity dependency check confirms,Verify in Unity
Assets/TerrainSampleAssets/Textures/Terrain/Tidal_Pools_MaskMap.tif,9235380,8.8 MB,C: duplicate/obsolete candidate,"Likely safe, verify in Unity",,No GUID/text reference found by static scan,Do not delete until Unity dependency check confirms,Verify in Unity
Assets/Furniture Mega Pack/Textures/Sofas/Sofa06/Sofa06_mat_Sofa06_Normal.png,9225103,8.8 MB,Referenced,Required/Referenced indirectly,Assets/Furniture Mega Pack/Materials/Sofa/mat_Sofa06.mat,Large referenced/indirect asset,Do not delete until Unity dependency check confirms,High-risk deletion
Assets/Furniture Mega Pack/Textures/Sofas/Sofa27/Sofa27_mat_Sofa27_Normal.png,9203679,8.8 MB,Referenced,Required/Referenced indirectly,Assets/Furniture Mega Pack/Materials/Sofa/mat_Sofa27.mat,Large referenced/indirect asset,Do not delete until Unity dependency check confirms,High-risk deletion
Assets/Furniture Mega Pack/Textures/Sofas/Sofa36/Sofa36_mat_Sofa36_Normal.png,9193864,8.8 MB,Referenced,Required/Referenced indirectly,Assets/Furniture Mega Pack/Materials/Sofa/mat_Sofa36.mat,Large referenced/indirect asset,Do not delete until Unity dependency check confirms,High-risk deletion
Assets/SubstanceAssets/LittleGamesPack/Textures/GamePieces/GamePieces_Base_color.png,9139813,8.7 MB,Referenced,Required/Referenced indirectly,Assets/SubstanceAssets/LittleGamesPack/Materials/GamePieces.mat,Large referenced/indirect asset,Do not delete until Unity dependency check confirms,High-risk deletion
Assets/RealBlend/Art/Materials/Textures/Moss002_2K-PNG_Color 1.png,9129253,8.7 MB,A: no text/GUID refs found,"Likely safe, verify in Unity",,No GUID/text reference found by static scan,Do not delete until Unity dependency check confirms,Verify in Unity
Assets/RealBlend/Art/Materials/Textures/Moss002_2K-PNG_Color.png,9129253,8.7 MB,Referenced,Required/Referenced indirectly,Assets/RealBlend/Art/Materials/HDRP/5BlendExample.mat,Large referenced/indirect asset,Do not delete until Unity dependency check confirms,High-risk deletion
Assets/Furniture Mega Pack/Textures/Chairs/Chair42/Chair42_mat_Chair42_Normal.png,9106967,8.7 MB,Referenced,Required/Referenced indirectly,Assets/Furniture Mega Pack/Materials/Chair/mat_Chair42.mat,Large referenced/indirect asset,Do not delete until Unity dependency check confirms,High-risk deletion
Assets/Furniture Mega Pack/Textures/Sofas/Sofa26/Sofa26_mat_Sofa26_Normal.png,9100946,8.7 MB,Referenced,Required/Referenced indirectly,Assets/Furniture Mega Pack/Materials/Sofa/mat_Sofa26.mat,Large referenced/indirect asset,Do not delete until Unity dependency check confirms,High-risk deletion
Assets/RealBlend/Art/Materials/Textures/white_rough_plaster_diff_2k.png,9081200,8.7 MB,Referenced,Required/Referenced indirectly,Assets/RealBlend/Art/Materials/BuiltIn/VariationExampleBuilt-In.mat; Assets/RealBlend/Art/Materials/HDRP/5BlendExample.mat; Assets/RealBlend/Art/Materials/HDRP/VariationExample.mat; Assets/RealBlend/Art/Materials/HDRP/VariationExample_ExperimentalSPOM.mat; Assets/RealBlend/Art/Materials/URP/VariationExampleURP.mat,Large referenced/indirect asset,Do not delete until Unity dependency check confirms,High-risk deletion
Assets/Furniture Mega Pack/Textures/Sofas/Sofa28/Sofa28_mat_Sofa28_Normal.png,9018596,8.6 MB,Referenced,Required/Referenced indirectly,Assets/Furniture Mega Pack/Materials/Sofa/mat_Sofa28.mat,Large referenced/indirect asset,Do not delete until Unity dependency check confirms,High-risk deletion
Assets/Furniture Mega Pack/Textures/Sofas/Sofa02/Sofa02_mat_Sofa02_Normal.png,9000021,8.6 MB,Referenced,Required/Referenced indirectly,Assets/Furniture Mega Pack/Materials/Sofa/mat_Sofa02.mat,Large referenced/indirect asset,Do not delete until Unity dependency check confirms,High-risk deletion
Assets/Furniture Mega Pack/Textures/Sofas/Sofa30/Sofa30_mat_Sofa30_Normal.png,8937998,8.5 MB,Referenced,Required/Referenced indirectly,Assets/Furniture Mega Pack/Materials/Sofa/mat_Sofa30.mat,Large referenced/indirect asset,Do not delete until Unity dependency check confirms,High-risk deletion
Assets/Furniture Mega Pack/Textures/Sofas/Sofa33/Sofa33_mat_Sofa33_Normal.png,8934538,8.5 MB,Referenced,Required/Referenced indirectly,Assets/Furniture Mega Pack/Materials/Sofa/mat_Sofa33.mat,Large referenced/indirect asset,Do not delete until Unity dependency check confirms,High-risk deletion
Assets/Furniture Mega Pack/Textures/Sofas/Sofa07/Sofa07_mat_Sofa07_Normal.png,8842464,8.4 MB,Referenced,Required/Referenced indirectly,Assets/Furniture Mega Pack/Materials/Sofa/mat_Sofa07.mat,Large referenced/indirect asset,Do not delete until Unity dependency check confirms,High-risk deletion
Assets/BCAT_GLB_TextureRemediation/metal_table_asset/Texture_1 _01.png,8796351,8.4 MB,A: no text/GUID refs found,"Likely safe, verify in Unity",,No GUID/text reference found by static scan,Do not delete until Unity dependency check confirms,Verify in Unity
Assets/Furniture Mega Pack/Textures/Sofas/Sofa32/Sofa32_mat_Sofa32_Normal.png,8795991,8.4 MB,Referenced,Required/Referenced indirectly,Assets/Furniture Mega Pack/Materials/Sofa/mat_Sofa32.mat,Large referenced/indirect asset,Do not delete until Unity dependency check confirms,High-risk deletion
Assets/Furniture Mega Pack/Textures/Sofas/Sofa14/Sofa14_mat_Sofa14_Normal.png,8780504,8.4 MB,Referenced,Required/Referenced indirectly,Assets/Furniture Mega Pack/Materials/Sofa/mat_Sofa14.mat,Large referenced/indirect asset,Do not delete until Unity dependency check confirms,High-risk deletion
Assets/Furniture Mega Pack/Textures/Sofas/Sofa37/Sofa37_mat_Sofa37_Normal.png,8760854,8.4 MB,Referenced,Required/Referenced indirectly,Assets/Furniture Mega Pack/Materials/Sofa/mat_Sofa37.mat,Large referenced/indirect asset,Do not delete until Unity dependency check confirms,High-risk deletion
Assets/BCaT_assets/Ri/360_images/kitchen.jpg,8724936,8.3 MB,A: no text/GUID refs found,"Likely safe, verify in Unity",,No GUID/text reference found by static scan,Do not delete until Unity dependency check confirms,Verify in Unity
Assets/RealBlend/Art/Materials/Textures/rough_plaster_brick_04_nor_gl_2k.exr,8702048,8.3 MB,Referenced,Required/Referenced indirectly,Assets/RealBlend/Art/Materials/BuiltIn/VariationExampleBuilt-In.mat; Assets/RealBlend/Art/Materials/HDRP/5BlendExample.mat; Assets/RealBlend/Art/Materials/HDRP/VariationExample.mat; Assets/RealBlend/Art/Materials/HDRP/VariationExample_ExperimentalSPOM.mat; Assets/RealBlend/Art/Materials/URP/VariationExampleURP.mat,Large referenced/indirect asset,Do not delete until Unity dependency check confirms,High-risk deletion
Assets/RealBlend/Art/Materials/Textures/red_brick_plaster_patch_02_diff_2k.png,8659576,8.3 MB,Referenced,Required/Referenced indirectly,Assets/RealBlend/Art/Materials/BuiltIn/VariationExampleBuilt-In.mat; Assets/RealBlend/Art/Materials/HDRP/5BlendExample.mat; Assets/RealBlend/Art/Materials/HDRP/VariationExample.mat; Assets/RealBlend/Art/Materials/HDRP/VariationExample_ExperimentalSPOM.mat; Assets/RealBlend/Art/Materials/URP/VariationExampleURP.mat,Large referenced/indirect asset,Do not delete until Unity dependency check confirms,High-risk deletion
Assets/Furniture Mega Pack/Textures/Sofas/Sofa20/Sofa20_mat_Sofa20_Normal.png,8598462,8.2 MB,Referenced,Required/Referenced indirectly,Assets/Furniture Mega Pack/Materials/Sofa/mat_Sofa20.mat,Large referenced/indirect asset,Do not delete until Unity dependency check confirms,High-risk deletion
Assets/Furniture Mega Pack/Textures/Sofas/Sofa31/Sofa31_mat_Sofa31_Normal.png,8547161,8.2 MB,Referenced,Required/Referenced indirectly,Assets/Furniture Mega Pack/Materials/Sofa/mat_Sofa31.mat,Large referenced/indirect asset,Do not delete until Unity dependency check confirms,High-risk deletion
Assets/Furniture Mega Pack/Textures/Sofas/Sofa21/Sofa21_mat_Sofa21_Normal.png,8479840,8.1 MB,Referenced,Required/Referenced indirectly,Assets/Furniture Mega Pack/Materials/Sofa/mat_Sofa21.mat,Large referenced/indirect asset,Do not delete until Unity dependency check confirms,High-risk deletion
Assets/BCaT_assets/BTMMP_Workstation_Assembly/generic_tulip_flower.glb,8429860,8.0 MB,Referenced,Required/Referenced indirectly,Assets/BH_XR_MainScene.unity; Assets/_Recovery/0 (1).unity; Assets/_Recovery/0 (10).unity; Assets/_Recovery/0 (11).unity; Assets/_Recovery/0 (13).unity; Assets/_Recovery/0 (14).unity; Assets/_Recovery/0 (15).unity; Assets/_Recovery/0 (16).unity; Assets/_Recovery/0 (17).unity; Assets/_Recovery/0 (18).unity; Assets/_Recovery/0 (2).unity; Assets/_Recovery/0 (21).unity; Assets/_Recovery/0 (22).unity; Assets/_Recovery/0 (23).unity; Assets/_Recovery/0 (3).unity; Assets/_Recovery/0 (5).unity; Assets/_Recovery/0 (6).unity; Assets/_Recovery/0 (7).unity; Assets/_Recovery/0 (8).unity; Assets/_Recovery/0 (9).unity,Large referenced/indirect asset,Do not delete until Unity dependency check confirms,High-risk deletion
Assets/Furniture Mega Pack/Textures/Chairs/Chair20/Chair20_mat_Chair20_Normal.png,8425334,8.0 MB,Referenced,Required/Referenced indirectly,Assets/Furniture Mega Pack/Materials/Chair/mat_Chair20.mat,Large referenced/indirect asset,Do not delete until Unity dependency check confirms,High-risk deletion
Assets/Furniture Mega Pack/Textures/Sofas/Sofa03/Sofa03_mat_Sofa03_Normal.png,8418057,8.0 MB,Referenced,Required/Referenced indirectly,Assets/Furniture Mega Pack/Materials/Sofa/mat_Sofa03.mat,Large referenced/indirect asset,Do not delete until Unity dependency check confirms,High-risk deletion
Assets/TerrainSampleAssets/Textures/Heightmaps/Flat_Mountain01_Heightmap.tif,8408404,8.0 MB,C: duplicate/obsolete candidate,"Likely safe, verify in Unity",,No GUID/text reference found by static scan,Do not delete until Unity dependency check confirms,Verify in Unity
Assets/TerrainSampleAssets/Textures/Heightmaps/Canyon05_Heightmap.tif,8408304,8.0 MB,C: duplicate/obsolete candidate,"Likely safe, verify in Unity",,No GUID/text reference found by static scan,Do not delete until Unity dependency check confirms,Verify in Unity
Assets/TerrainSampleAssets/Textures/Heightmaps/Mountain01_Heightmap.tif,8408244,8.0 MB,C: duplicate/obsolete candidate,"Likely safe, verify in Unity",,No GUID/text reference found by static scan,Do not delete until Unity dependency check confirms,Verify in Unity
Assets/TerrainSampleAssets/Textures/Heightmaps/Mountain05_Heightmap.tif,8408244,8.0 MB,C: duplicate/obsolete candidate,"Likely safe, verify in Unity",,No GUID/text reference found by static scan,Do not delete until Unity dependency check confirms,Verify in Unity
Assets/TerrainSampleAssets/Textures/Heightmaps/Ridge02_Heightmap.tif,8408128,8.0 MB,C: duplicate/obsolete candidate,"Likely safe, verify in Unity",,No GUID/text reference found by static scan,Do not delete until Unity dependency check confirms,Verify in Unity
Assets/TerrainSampleAssets/Textures/Heightmaps/Errosion01_Heightmap.tif,8408128,8.0 MB,C: duplicate/obsolete candidate,"Likely safe, verify in Unity",,No GUID/text reference found by static scan,Do not delete until Unity dependency check confirms,Verify in Unity
Assets/TerrainSampleAssets/Textures/Heightmaps/Ridge03_Heightmap.tif,8408112,8.0 MB,C: duplicate/obsolete candidate,"Likely safe, verify in Unity",,No GUID/text reference found by static scan,Do not delete until Unity dependency check confirms,Verify in Unity
Assets/TerrainSampleAssets/Textures/Heightmaps/Mountain08_Heightmap.tif,8408100,8.0 MB,C: duplicate/obsolete candidate,"Likely safe, verify in Unity",,No GUID/text reference found by static scan,Do not delete until Unity dependency check confirms,Verify in Unity
Assets/TerrainSampleAssets/Textures/Heightmaps/Mountain04_Heightmap.tif,8408040,8.0 MB,C: duplicate/obsolete candidate,"Likely safe, verify in Unity",,No GUID/text reference found by static scan,Do not delete until Unity dependency check confirms,Verify in Unity
Assets/TerrainSampleAssets/Textures/Heightmaps/Ridge01_Heightmap.tif,8408020,8.0 MB,C: duplicate/obsolete candidate,"Likely safe, verify in Unity",,No GUID/text reference found by static scan,Do not delete until Unity dependency check confirms,Verify in Unity
Assets/TerrainSampleAssets/Textures/Heightmaps/Ridge04_Heightmap.tif,8407856,8.0 MB,C: duplicate/obsolete candidate,"Likely safe, verify in Unity",,No GUID/text reference found by static scan,Do not delete until Unity dependency check confirms,Verify in Unity
Assets/TerrainSampleAssets/Textures/Heightmaps/Mountain07_Heightmap.tif,8407828,8.0 MB,C: duplicate/obsolete candidate,"Likely safe, verify in Unity",,No GUID/text reference found by static scan,Do not delete until Unity dependency check confirms,Verify in Unity
Assets/Furniture Mega Pack/Textures/Chairs/Chair09/Chair09_mat_Chair09_Normal.png,8397819,8.0 MB,Referenced,Required/Referenced indirectly,Assets/Furniture Mega Pack/Materials/Chair/mat_Chair09.mat,Large referenced/indirect asset,Do not delete until Unity dependency check confirms,High-risk deletion
Assets/Furniture Mega Pack/Textures/Sofas/Sofa10/Sofa10_mat_Sofa10_Normal.png,8337722,8.0 MB,Referenced,Required/Referenced indirectly,Assets/Furniture Mega Pack/Materials/Sofa/mat_Sofa10.mat,Large referenced/indirect asset,Do not delete until Unity dependency check confirms,High-risk deletion
Assets/Shaded Spectrum/Cozy Interiors Demo Pack/Textures/Mossy Flagstone Floor/MossyFlagstoneFloorAlbedo.png,8332818,7.9 MB,A: no text/GUID refs found,"Likely safe, verify in Unity",,No GUID/text reference found by static scan,Do not delete until Unity dependency check confirms,Verify in Unity
Assets/Furniture Mega Pack/Textures/Cushions/Cushion41_48/Cushion41_48_mat_Cushion41_48_Normal.png,8309499,7.9 MB,Referenced,Required/Referenced indirectly,Assets/Furniture Mega Pack/Materials/Cushion/mat_Cushion41_48.mat,Large referenced/indirect asset,Do not delete until Unity dependency check confirms,High-risk deletion
Assets/Furniture Mega Pack/Textures/Chairs/Chair45/Chair45_mat_Chair45_Normal.png,8223727,7.8 MB,Referenced,Required/Referenced indirectly,Assets/Furniture Mega Pack/Materials/Chair/mat_Chair45.mat,Large referenced/indirect asset,Do not delete until Unity dependency check confirms,High-risk deletion
Assets/Shaded Spectrum/Cozy Interiors Demo Pack/Textures/Oak Ladder Shelf Panels/OakLadderShelfPanelsAlbedo.png,8182648,7.8 MB,A: no text/GUID refs found,"Likely safe, verify in Unity",,No GUID/text reference found by static scan,Do not delete until Unity dependency check confirms,Verify in Unity
Assets/RealBlend/Art/Materials/Textures/ConcreteMossMask.png,8165263,7.8 MB,Referenced,Required/Referenced indirectly,Assets/RealBlend/Art/Materials/HDRP/5BlendExample.mat,Large referenced/indirect asset,Do not delete until Unity dependency check confirms,High-risk deletion
Assets/Furniture Mega Pack/Textures/Sofas/Sofa17/Sofa17_mat_Sofa17_Normal.png,8085631,7.7 MB,Referenced,Required/Referenced indirectly,Assets/Furniture Mega Pack/Materials/Sofa/mat_Sofa17.mat,Large referenced/indirect asset,Do not delete until Unity dependency check confirms,High-risk deletion
Assets/Furniture Mega Pack/Textures/Sofas/Sofa12/Sofa12_mat_Sofa12_Normal.png,8007151,7.6 MB,Referenced,Required/Referenced indirectly,Assets/Furniture Mega Pack/Materials/Sofa/mat_Sofa12.mat,Large referenced/indirect asset,Do not delete until Unity dependency check confirms,High-risk deletion
Assets/TerrainSampleAssets/Textures/Details/Plant_BaseColor.tif,7989328,7.6 MB,Referenced,Required/Referenced indirectly,Assets/TerrainSampleAssets/Materials/Plant.asset,Large referenced/indirect asset,Do not delete until Unity dependency check confirms,High-risk deletion
Assets/Furniture Mega Pack/Textures/Sofas/Sofa15/Sofa15_mat_Sofa15_Normal.png,7979576,7.6 MB,Referenced,Required/Referenced indirectly,Assets/Furniture Mega Pack/Materials/Sofa/mat_Sofa15.mat,Large referenced/indirect asset,Do not delete until Unity dependency check confirms,High-risk deletion
Assets/RealBlend/Art/Materials/Textures/concrete_moss_nor_gl_2k.exr,7969876,7.6 MB,Referenced,Required/Referenced indirectly,Assets/RealBlend/Art/Materials/HDRP/5BlendExample.mat,Large referenced/indirect asset,Do not delete until Unity dependency check confirms,High-risk deletion
Assets/Furniture Mega Pack/Textures/Cushions/Cushion17_24/Cushion17_24_mat_Cushion17_24_Normal.png,7957032,7.6 MB,Referenced,Required/Referenced indirectly,Assets/Furniture Mega Pack/Materials/Cushion/mat_Cushion17_24.mat,Large referenced/indirect asset,Do not delete until Unity dependency check confirms,High-risk deletion
Assets/Furniture Mega Pack/Textures/Chairs/Chair14/Chair14_mat_Chair14_Normal.png,7945056,7.6 MB,Referenced,Required/Referenced indirectly,Assets/Furniture Mega Pack/Materials/Chair/mat_Chair14.mat,Large referenced/indirect asset,Do not delete until Unity dependency check confirms,High-risk deletion
Assets/SubstanceAssets/LittleGamesPack/Textures/CardsAndTables/CardsAndTables_Roughness.png,7937492,7.6 MB,A: no text/GUID refs found,"Likely safe, verify in Unity",,No GUID/text reference found by static scan,Do not delete until Unity dependency check confirms,Verify in Unity
Assets/Furniture Mega Pack/Textures/Sofas/Sofa18/Sofa18_mat_Sofa18_Normal.png,7906394,7.5 MB,Referenced,Required/Referenced indirectly,Assets/Furniture Mega Pack/Materials/Sofa/mat_Sofa18.mat,Large referenced/indirect asset,Do not delete until Unity dependency check confirms,High-risk deletion
Assets/Furniture Mega Pack/Textures/Chairs/Chair12/Chair12_mat_Chair12_Normal.png,7791304,7.4 MB,Referenced,Required/Referenced indirectly,Assets/Furniture Mega Pack/Materials/Chair/mat_Chair12.mat,Large referenced/indirect asset,Do not delete until Unity dependency check confirms,High-risk deletion
Assets/Furniture Mega Pack/Textures/Chairs/Chair48/Chair48_mat_Chair48_Normal.png,7776845,7.4 MB,Referenced,Required/Referenced indirectly,Assets/Furniture Mega Pack/Materials/Chair/mat_Chair48.mat,Large referenced/indirect asset,Do not delete until Unity dependency check confirms,High-risk deletion
Assets/Furniture Mega Pack/Textures/Sofas/Sofa08/Sofa08_mat_Sofa08_Normal.png,7671661,7.3 MB,Referenced,Required/Referenced indirectly,Assets/Furniture Mega Pack/Materials/Sofa/mat_Sofa08.mat,Large referenced/indirect asset,Do not delete until Unity dependency check confirms,High-risk deletion
Assets/Furniture Mega Pack/Textures/Sofas/Sofa04/Sofa04_mat_Sofa04_Normal.png,7641613,7.3 MB,Referenced,Required/Referenced indirectly,Assets/Furniture Mega Pack/Materials/Sofa/mat_Sofa04.mat,Large referenced/indirect asset,Do not delete until Unity dependency check confirms,High-risk deletion
Assets/Furniture Mega Pack/Textures/Sofas/Sofa10/Sofa10_mat_Sofa10_AlbedoTransparency.png,7557704,7.2 MB,Referenced,Required/Referenced indirectly,Assets/Furniture Mega Pack/Materials/Sofa/mat_Sofa10.mat,Large referenced/indirect asset,Do not delete until Unity dependency check confirms,High-risk deletion
Assets/Furniture Mega Pack/Textures/Chairs/Chair11/Chair11_mat_Chair11_Normal.png,7556918,7.2 MB,Referenced,Required/Referenced indirectly,Assets/Furniture Mega Pack/Materials/Chair/mat_Chair11.mat,Large referenced/indirect asset,Do not delete until Unity dependency check confirms,High-risk deletion
Assets/SubstanceAssets/LittleGamesPack/Textures/CardsAndTables/CardsAndTables_Mixed_AO.png,7556200,7.2 MB,Referenced,Required/Referenced indirectly,Assets/SubstanceAssets/LittleGamesPack/Materials/CardsAndTables.mat,Large referenced/indirect asset,Do not delete until Unity dependency check confirms,High-risk deletion
Assets/BCaT_assets/Ri/such lovely gravy_720p.mp4,7518495,7.2 MB,Referenced,Required/Referenced indirectly,Assets/BH_XR_MainScene.unity; Assets/_Recovery/0 (17).unity; Assets/_Recovery/0 (18).unity; Assets/_Recovery/0 (21).unity; Assets/_Recovery/0 (22).unity; Assets/_Recovery/0 (23).unity; Assets/_Recovery/0 (24).unity,Large referenced/indirect asset,Do not delete until Unity dependency check confirms,High-risk deletion
Assets/StreamingAssets/such lovely gravy_720p.mp4,7518495,7.2 MB,B: indirectly included,Unknown/runtime-loaded,Assets/BH_XR_MainScene.unity; Assets/_Recovery/0 (17).unity; Assets/_Recovery/0 (18).unity; Assets/_Recovery/0 (21).unity; Assets/_Recovery/0 (22).unity; Assets/_Recovery/0 (23).unity; Assets/_Recovery/0 (24).unity; StreamingAssets raw copy,Large referenced/indirect asset,Do not delete until Unity dependency check confirms,High-risk deletion
Assets/Furniture Mega Pack/Textures/Sofas/Sofa09/Sofa09_mat_Sofa09_Normal.png,7508152,7.2 MB,Referenced,Required/Referenced indirectly,Assets/Furniture Mega Pack/Materials/Sofa/mat_Sofa09.mat,Large referenced/indirect asset,Do not delete until Unity dependency check confirms,High-risk deletion
Assets/Furniture Mega Pack/Textures/Sofas/Sofa11/Sofa11_mat_Sofa11_Normal.png,7435064,7.1 MB,Referenced,Required/Referenced indirectly,Assets/Furniture Mega Pack/Materials/Sofa/mat_Sofa11.mat,Large referenced/indirect asset,Do not delete until Unity dependency check confirms,High-risk deletion
Assets/Furniture Mega Pack/Textures/Cushions/Cushion37_40/Cushion37_40_mat_Cushion37_40_Normal.png,7426122,7.1 MB,Referenced,Required/Referenced indirectly,Assets/Furniture Mega Pack/Materials/Cushion/mat_Cushion37_40.mat,Large referenced/indirect asset,Do not delete until Unity dependency check confirms,High-risk deletion
Assets/Furniture Mega Pack/Textures/Sofas/Sofa13/Sofa13_mat_Sofa13_Normal.png,7354660,7.0 MB,Referenced,Required/Referenced indirectly,Assets/Furniture Mega Pack/Materials/Sofa/mat_Sofa13.mat,Large referenced/indirect asset,Do not delete until Unity dependency check confirms,High-risk deletion
Assets/Furniture Mega Pack/Textures/Sofas/Sofa22/Sofa22_mat_Sofa22_Normal.png,7347213,7.0 MB,Referenced,Required/Referenced indirectly,Assets/Furniture Mega Pack/Materials/Sofa/mat_Sofa22.mat,Large referenced/indirect asset,Do not delete until Unity dependency check confirms,High-risk deletion
Assets/Furniture Mega Pack/Textures/Cushions/Cushion01_08/Cushion01_08_mat_Cushion01_08_Normal.png,7292178,7.0 MB,Referenced,Required/Referenced indirectly,Assets/Furniture Mega Pack/Materials/Cushion/mat_Cushion01_08.mat,Large referenced/indirect asset,Do not delete until Unity dependency check confirms,High-risk deletion
Assets/Furniture Mega Pack/Textures/Sofas/Sofa12/Sofa12_mat_Sofa12_AlbedoTransparency.png,7270259,6.9 MB,Referenced,Required/Referenced indirectly,Assets/Furniture Mega Pack/Materials/Sofa/mat_Sofa12.mat,Large referenced/indirect asset,Do not delete until Unity dependency check confirms,High-risk deletion
Assets/Furniture Mega Pack/Textures/Sofas/Sofa06/Sofa06_mat_Sofa06_AlbedoTransparency.png,7222530,6.9 MB,Referenced,Required/Referenced indirectly,Assets/Furniture Mega Pack/Materials/Sofa/mat_Sofa06.mat,Large referenced/indirect asset,Do not delete until Unity dependency check confirms,High-risk deletion
Assets/Furniture Mega Pack/Textures/Tables/Table02/Table02_mat_Table02_AlbedoTransparency.png,7213640,6.9 MB,Referenced,Required/Referenced indirectly,Assets/Furniture Mega Pack/Materials/Table/mat_Table02.mat,Large referenced/indirect asset,Do not delete until Unity dependency check confirms,High-risk deletion
Assets/Furniture Mega Pack/Textures/Sofas/Sofa33/Sofa33_mat_Sofa33_AlbedoTransparency.png,7107098,6.8 MB,Referenced,Required/Referenced indirectly,Assets/Furniture Mega Pack/Materials/Sofa/mat_Sofa33.mat,Large referenced/indirect asset,Do not delete until Unity dependency check confirms,High-risk deletion
Assets/Furniture Mega Pack/Textures/Sofas/Sofa32/Sofa32_mat_Sofa32_AlbedoTransparency.png,7018865,6.7 MB,Referenced,Required/Referenced indirectly,Assets/Furniture Mega Pack/Materials/Sofa/mat_Sofa32.mat,Large referenced/indirect asset,Do not delete until Unity dependency check confirms,High-risk deletion
Assets/Furniture Mega Pack/Textures/Tables/Table47/Table47_mat_Table47_Normal.png,6966251,6.6 MB,Referenced,Required/Referenced indirectly,Assets/Furniture Mega Pack/Materials/Table/mat_Table47.mat,Large referenced/indirect asset,Do not delete until Unity dependency check confirms,High-risk deletion
Assets/Furniture Mega Pack/Textures/Chairs/Chair04/Chair04_mat_Chair04_Normal.png,6907392,6.6 MB,Referenced,Required/Referenced indirectly,Assets/Furniture Mega Pack/Materials/Chair/mat_Chair04.mat,Large referenced/indirect asset,Do not delete until Unity dependency check confirms,High-risk deletion
Assets/Furniture Mega Pack/FBX/Sofa/Sofa11.fbx,6902620,6.6 MB,Referenced,Required/Referenced indirectly,Assets/Furniture Mega Pack/Prefabs/Sofas/Sofa11.prefab,Large referenced/indirect asset,Do not delete until Unity dependency check confirms,High-risk deletion
Assets/Furniture Mega Pack/Textures/Tables/Table15/Table15_mat_Table15_Normal.png,6848142,6.5 MB,Referenced,Required/Referenced indirectly,Assets/Furniture Mega Pack/Materials/Table/mat_Table15.mat,Large referenced/indirect asset,Do not delete until Unity dependency check confirms,High-risk deletion
Assets/Furniture Mega Pack/Textures/Chairs/Chair21/Chair21_mat_Chair21_Normal.png,6807842,6.5 MB,Referenced,Required/Referenced indirectly,Assets/Furniture Mega Pack/Materials/Chair/mat_Chair21.mat,Large referenced/indirect asset,Do not delete until Unity dependency check confirms,High-risk deletion
Assets/Furniture Mega Pack/Textures/Sofas/Sofa07/Sofa07_mat_Sofa07_AlbedoTransparency.png,6804882,6.5 MB,Referenced,Required/Referenced indirectly,Assets/Furniture Mega Pack/Materials/Sofa/mat_Sofa07.mat,Large referenced/indirect asset,Do not delete until Unity dependency check confirms,High-risk deletion
Assets/SubstanceAssets/LittleGamesPack/Textures/GamePieces/GamePieces_Roughness.png,6770500,6.5 MB,A: no text/GUID refs found,"Likely safe, verify in Unity",,No GUID/text reference found by static scan,Do not delete until Unity dependency check confirms,Verify in Unity
Assets/Shaded Spectrum/Cozy Interiors Demo Pack/Textures/Painted Beech Wall Boards/PaintedBeechWallBoardsAlbedo.png,6764177,6.5 MB,Referenced,Required/Referenced indirectly,Assets/Shaded Spectrum/Cozy Interiors Demo Pack/Materials/Painted Beech Wall Boards.mat,Large referenced/indirect asset,Do not delete until Unity dependency check confirms,High-risk deletion
Assets/BCaT_assets/Meshell_Sturgis/articles/AYIBA_2020_2021.pdf,6741337,6.4 MB,A: no text/GUID refs found,"Likely safe, verify in Unity",,No GUID/text reference found by static scan,Do not delete until Unity dependency check confirms,Verify in Unity
Assets/Furniture Mega Pack/Textures/Chairs/Chair15/Chair15_mat_Chair15_Normal.png,6733612,6.4 MB,Referenced,Required/Referenced indirectly,Assets/Furniture Mega Pack/Materials/Chair/mat_Chair15.mat,Large referenced/indirect asset,Do not delete until Unity dependency check confirms,High-risk deletion
Assets/Furniture Mega Pack/Textures/Sofas/Sofa31/Sofa31_mat_Sofa31_AlbedoTransparency.png,6705717,6.4 MB,Referenced,Required/Referenced indirectly,Assets/Furniture Mega Pack/Materials/Sofa/mat_Sofa31.mat,Large referenced/indirect asset,Do not delete until Unity dependency check confirms,High-risk deletion
Assets/_Recovery/0 (17).unity,6702017,6.4 MB,C: duplicate/obsolete candidate,"Likely safe, verify in Unity",,No GUID/text reference found by static scan,Do not delete until Unity dependency check confirms,Verify in Unity
Assets/SubstanceAssets/LittleGamesPack/Textures/ChessPieces/ChessPieces_Mixed_AO.png,6648132,6.3 MB,Referenced,Required/Referenced indirectly,Assets/SubstanceAssets/LittleGamesPack/Materials/ChessPieces.mat,Large referenced/indirect asset,Do not delete until Unity dependency check confirms,High-risk deletion
Assets/Furniture Mega Pack/Textures/Bed/Blanket/AtlasTexture_Blanket_DefaultMaterial_AlbedoTransparency.png,6560489,6.3 MB,Referenced,Required/Referenced indirectly,Assets/Furniture Mega Pack/Materials/Bed/mat_Blanket.mat,Large referenced/indirect asset,Do not delete until Unity dependency check confirms,High-risk deletion
Assets/Furniture Mega Pack/Textures/Sofas/Sofa08/Sofa08_mat_Sofa08_AlbedoTransparency.png,6550416,6.2 MB,Referenced,Required/Referenced indirectly,Assets/Furniture Mega Pack/Materials/Sofa/mat_Sofa08.mat,Large referenced/indirect asset,Do not delete until Unity dependency check confirms,High-risk deletion
Assets/BCaT_assets/LindaLeaks/Images/LL_map.png,6543523,6.2 MB,Referenced,Required/Referenced indirectly,Assets/BH_XR_MainScene.unity; Assets/_Recovery/0 (10).unity; Assets/_Recovery/0 (11).unity; Assets/_Recovery/0 (13).unity; Assets/_Recovery/0 (14).unity; Assets/_Recovery/0 (15).unity; Assets/_Recovery/0 (16).unity; Assets/_Recovery/0 (17).unity; Assets/_Recovery/0 (18).unity; Assets/_Recovery/0 (21).unity; Assets/_Recovery/0 (22).unity; Assets/_Recovery/0 (23).unity; Assets/_Recovery/0 (8).unity; Assets/_Recovery/0 (9).unity,Large referenced/indirect asset,Do not delete until Unity dependency check confirms,High-risk deletion
Assets/SubstanceAssets/LittleGamesPack/Textures/ChessPieces/ChessPieces_Roughness.png,6528692,6.2 MB,A: no text/GUID refs found,"Likely safe, verify in Unity",,No GUID/text reference found by static scan,Do not delete until Unity dependency check confirms,Verify in Unity
Assets/Furniture Mega Pack/Textures/Tables/Table17/Table17_mat_Table17_Normal.png,6527854,6.2 MB,Referenced,Required/Referenced indirectly,Assets/Furniture Mega Pack/Materials/Table/mat_Table17.mat,Large referenced/indirect asset,Do not delete until Unity dependency check confirms,High-risk deletion
Assets/Furniture Mega Pack/Textures/Sofas/Sofa24/Sofa24_mat_Sofa24_Normal.png,6495434,6.2 MB,Referenced,Required/Referenced indirectly,Assets/Furniture Mega Pack/Materials/Sofa/mat_Sofa24.mat,Large referenced/indirect asset,Do not delete until Unity dependency check confirms,High-risk deletion
Assets/Furniture Mega Pack/Textures/Bed/BedFrame/AtlasTexture_BedFrame_AtlasTexture_BedFrame_Normal.png,6486874,6.2 MB,Referenced,Required/Referenced indirectly,Assets/Furniture Mega Pack/Materials/Bed/mat_BedFrame.mat,Large referenced/indirect asset,Do not delete until Unity dependency check confirms,High-risk deletion
Assets/Furniture Mega Pack/Textures/Tables/Table14/Table14_mat_Table14_Normal.png,6416164,6.1 MB,Referenced,Required/Referenced indirectly,Assets/Furniture Mega Pack/Materials/Table/mat_Table14.mat,Large referenced/indirect asset,Do not delete until Unity dependency check confirms,High-risk deletion
Assets/Furniture Mega Pack/Textures/Tables/Table03/Table03_mat_Table03_Normal.png,6406475,6.1 MB,Referenced,Required/Referenced indirectly,Assets/Furniture Mega Pack/Materials/Table/mat_Table03.mat,Large referenced/indirect asset,Do not delete until Unity dependency check confirms,High-risk deletion
Assets/Furniture Mega Pack/Textures/Chairs/Chair50/Chair50_mat_Chair50_Normal.png,6383961,6.1 MB,Referenced,Required/Referenced indirectly,Assets/Furniture Mega Pack/Materials/Chair/mat_Chair50.mat,Large referenced/indirect asset,Do not delete until Unity dependency check confirms,High-risk deletion
Assets/BH_XR_MainScene.unity,6372585,6.1 MB,A: no text/GUID refs found,"Likely safe, verify in Unity",,No GUID/text reference found by static scan,Do not delete until Unity dependency check confirms,Verify in Unity
Assets/RealBlend/Art/Materials/Textures/white_rough_plaster_nor_gl_2k.exr,6359882,6.1 MB,Referenced,Required/Referenced indirectly,Assets/RealBlend/Art/Materials/BuiltIn/VariationExampleBuilt-In.mat; Assets/RealBlend/Art/Materials/HDRP/5BlendExample.mat; Assets/RealBlend/Art/Materials/HDRP/VariationExample.mat; Assets/RealBlend/Art/Materials/HDRP/VariationExample_ExperimentalSPOM.mat; Assets/RealBlend/Art/Materials/URP/VariationExampleURP.mat,Large referenced/indirect asset,Do not delete until Unity dependency check confirms,High-risk deletion
Assets/Furniture Mega Pack/Textures/Sofas/Sofa11/Sofa11_mat_Sofa11_AlbedoTransparency.png,6327404,6.0 MB,Referenced,Required/Referenced indirectly,Assets/Furniture Mega Pack/Materials/Sofa/mat_Sofa11.mat,Large referenced/indirect asset,Do not delete until Unity dependency check confirms,High-risk deletion
Assets/_Recovery/0 (16).unity,6322779,6.0 MB,C: duplicate/obsolete candidate,"Likely safe, verify in Unity",,No GUID/text reference found by static scan,Do not delete until Unity dependency check confirms,Verify in Unity
Assets/_Recovery/0 (15).unity,6322061,6.0 MB,C: duplicate/obsolete candidate,"Likely safe, verify in Unity",,No GUID/text reference found by static scan,Do not delete until Unity dependency check confirms,Verify in Unity
Assets/_Recovery/0 (14).unity,6321874,6.0 MB,C: duplicate/obsolete candidate,"Likely safe, verify in Unity",,No GUID/text reference found by static scan,Do not delete until Unity dependency check confirms,Verify in Unity
Assets/Furniture Mega Pack/Textures/Sofas/Sofa35/Sofa35_mat_Sofa35_Normal.png,6318430,6.0 MB,Referenced,Required/Referenced indirectly,Assets/Furniture Mega Pack/Materials/Sofa/mat_Sofa35.mat,Large referenced/indirect asset,Do not delete until Unity dependency check confirms,High-risk deletion
Assets/TerrainSampleAssets/Textures/Heightmaps/Canyon03_Heightmap.tif,6316568,6.0 MB,C: duplicate/obsolete candidate,"Likely safe, verify in Unity",,No GUID/text reference found by static scan,Do not delete until Unity dependency check confirms,Verify in Unity
Assets/Furniture Mega Pack/Textures/Sofas/Sofa09/Sofa09_mat_Sofa09_AlbedoTransparency.png,6313804,6.0 MB,Referenced,Required/Referenced indirectly,Assets/Furniture Mega Pack/Materials/Sofa/mat_Sofa09.mat,Large referenced/indirect asset,Do not delete until Unity dependency check confirms,High-risk deletion
Assets/Furniture Mega Pack/Textures/Chairs/Chair39/Chair39_mat_Chair39_Normal.png,6289346,6.0 MB,Referenced,Required/Referenced indirectly,Assets/Furniture Mega Pack/Materials/Chair/mat_Chair39.mat,Large referenced/indirect asset,Do not delete until Unity dependency check confirms,High-risk deletion
Assets/Furniture Mega Pack/Textures/Chairs/Chair41/Chair41_mat_Chair41_AlbedoTransparency.png,6253384,6.0 MB,Referenced,Required/Referenced indirectly,Assets/Furniture Mega Pack/Materials/Chair/mat_Chair41.mat,Large referenced/indirect asset,Do not delete until Unity dependency check confirms,High-risk deletion
Assets/Idyllic Italian Coast Town/Textures/M_floortiles_ceramic_BaseColor.png,6234209,5.9 MB,Referenced,Required/Referenced indirectly,Assets/Idyllic Italian Coast Town/Materials/M_floortiles_ceramic 2.mat; Assets/Idyllic Italian Coast Town/Materials/M_floortiles_ceramic 3.mat; Assets/Idyllic Italian Coast Town/Materials/M_floortiles_ceramic.mat,Large referenced/indirect asset,Do not delete until Unity dependency check confirms,High-risk deletion
Assets/RealBlend/Art/Materials/Textures/Red_Brick_Mask.png,6210794,5.9 MB,Referenced,Required/Referenced indirectly,Assets/RealBlend/Art/Materials/BuiltIn/VariationExampleBuilt-In.mat; Assets/RealBlend/Art/Materials/HDRP/5BlendExample.mat; Assets/RealBlend/Art/Materials/HDRP/VariationExample.mat; Assets/RealBlend/Art/Materials/HDRP/VariationExample_ExperimentalSPOM.mat; Assets/RealBlend/Art/Materials/URP/VariationExampleURP.mat,Large referenced/indirect asset,Do not delete until Unity dependency check confirms,High-risk deletion
Assets/Furniture Mega Pack/Textures/Cushions/Cushion29_36/Cushion29_36_mat_Cushion29_36_Normal.png,6194992,5.9 MB,Referenced,Required/Referenced indirectly,Assets/Furniture Mega Pack/Materials/Cushion/mat_Cushion29_36.mat,Large referenced/indirect asset,Do not delete until Unity dependency check confirms,High-risk deletion
Assets/_Recovery/0 (23).unity,6150230,5.9 MB,C: duplicate/obsolete candidate,"Likely safe, verify in Unity",,No GUID/text reference found by static scan,Do not delete until Unity dependency check confirms,Verify in Unity
Assets/TerrainSampleAssets/Textures/Terrain/Snow_MaskMap.tif,6136652,5.9 MB,C: duplicate/obsolete candidate,"Likely safe, verify in Unity",,No GUID/text reference found by static scan,Do not delete until Unity dependency check confirms,Verify in Unity
Assets/Furniture Mega Pack/Textures/Chairs/Chair22/Chair22_mat_Chair22_Normal.png,6132886,5.8 MB,Referenced,Required/Referenced indirectly,Assets/Furniture Mega Pack/Materials/Chair/mat_Chair22.mat,Large referenced/indirect asset,Do not delete until Unity dependency check confirms,High-risk deletion
Assets/Furniture Mega Pack/Textures/Sofas/Sofa01/Sofa01_mat_Sofa01_AlbedoTransparency.png,6122420,5.8 MB,Referenced,Required/Referenced indirectly,Assets/Furniture Mega Pack/Materials/Sofa/mat_Sofa01.mat,Large referenced/indirect asset,Do not delete until Unity dependency check confirms,High-risk deletion
Assets/Furniture Mega Pack/Textures/Sofas/Sofa34/Sofa34_mat_Sofa34_Normal.png,6073628,5.8 MB,Referenced,Required/Referenced indirectly,Assets/Furniture Mega Pack/Materials/Sofa/mat_Sofa34.mat,Large referenced/indirect asset,Do not delete until Unity dependency check confirms,High-risk deletion
Assets/_Recovery/0 (22).unity,6038041,5.8 MB,C: duplicate/obsolete candidate,"Likely safe, verify in Unity",,No GUID/text reference found by static scan,Do not delete until Unity dependency check confirms,Verify in Unity
Assets/_Recovery/0 (21).unity,6038041,5.8 MB,C: duplicate/obsolete candidate,"Likely safe, verify in Unity",,No GUID/text reference found by static scan,Do not delete until Unity dependency check confirms,Verify in Unity
Assets/Furniture Mega Pack/Textures/Chairs/Chair23/Chair23_mat_Chair23_Normal.png,6015948,5.7 MB,Referenced,Required/Referenced indirectly,Assets/Furniture Mega Pack/Materials/Chair/mat_Chair23.mat,Large referenced/indirect asset,Do not delete until Unity dependency check confirms,High-risk deletion
Assets/BCaT_assets/LindaLeaks/Models/LL_PhotoAlbum.glb,6004636,5.7 MB,Referenced,Required/Referenced indirectly,Assets/BCaT_assets/LindaLeaks/Prefabs/LindaLeaks_Exhibit_PhotoAlbum.prefab; Assets/BH_XR_MainScene.unity; Assets/_Recovery/0 (17).unity; Assets/_Recovery/0 (18).unity; Assets/_Recovery/0 (21).unity; Assets/_Recovery/0 (22).unity; Assets/_Recovery/0 (23).unity,Large referenced/indirect asset,Do not delete until Unity dependency check confirms,High-risk deletion
Assets/Idyllic Italian Coast Town/Textures/M_floortiles_terracotta_BaseColro.png,5997787,5.7 MB,Referenced,Required/Referenced indirectly,Assets/Idyllic Italian Coast Town/Materials/M_floortiles_ceramic 1.mat,Large referenced/indirect asset,Do not delete until Unity dependency check confirms,High-risk deletion
Assets/Furniture Mega Pack/Textures/Chairs/Chair10/Chair10_mat_Chair10_Normal.png,5984097,5.7 MB,Referenced,Required/Referenced indirectly,Assets/Furniture Mega Pack/Materials/Chair/mat_Chair10.mat,Large referenced/indirect asset,Do not delete until Unity dependency check confirms,High-risk deletion
Assets/_Recovery/0 (18).unity,5962974,5.7 MB,C: duplicate/obsolete candidate,"Likely safe, verify in Unity",,No GUID/text reference found by static scan,Do not delete until Unity dependency check confirms,Verify in Unity
Assets/Furniture Mega Pack/Textures/Chairs/Chair46/Chair46_mat_Chair46_Normal.png,5956413,5.7 MB,Referenced,Required/Referenced indirectly,Assets/Furniture Mega Pack/Materials/Chair/mat_Chair46.mat,Large referenced/indirect asset,Do not delete until Unity dependency check confirms,High-risk deletion
Assets/Idyllic Italian Coast Town/Textures/M_gravel_Normal.png,5946714,5.7 MB,Referenced,Required/Referenced indirectly,Assets/Idyllic Italian Coast Town/Materials/M_gravel.mat,Large referenced/indirect asset,Do not delete until Unity dependency check confirms,High-risk deletion
Assets/Furniture Mega Pack/Textures/Chairs/Chair20/Chair20_mat_Chair20_AlbedoTransparency.png,5932467,5.7 MB,Referenced,Required/Referenced indirectly,Assets/Furniture Mega Pack/Materials/Chair/mat_Chair20.mat,Large referenced/indirect asset,Do not delete until Unity dependency check confirms,High-risk deletion
Assets/Furniture Mega Pack/Textures/Tables/Table46/Table46_mat_Table46_Normal.png,5927898,5.7 MB,Referenced,Required/Referenced indirectly,Assets/Furniture Mega Pack/Materials/Table/mat_Table46.mat,Large referenced/indirect asset,Do not delete until Unity dependency check confirms,High-risk deletion
Assets/Idyllic Italian Coast Town/Textures/M_asphalt_Normal.png,5917938,5.6 MB,Referenced,Required/Referenced indirectly,Assets/Idyllic Italian Coast Town/Materials/M_asphalt.mat,Large referenced/indirect asset,Do not delete until Unity dependency check confirms,High-risk deletion
Assets/Furniture Mega Pack/Textures/Chairs/Chair22/Chair22_mat_Chair22_AlbedoTransparency.png,5882482,5.6 MB,Referenced,Required/Referenced indirectly,Assets/Furniture Mega Pack/Materials/Chair/mat_Chair22.mat,Large referenced/indirect asset,Do not delete until Unity dependency check confirms,High-risk deletion
Assets/DevDen Arch Viz Scotland/Scenes/ArchViz/Lightmap-0_comp_light.exr,5866388,5.6 MB,C: duplicate/obsolete candidate,"Likely safe, verify in Unity",,No GUID/text reference found by static scan,Do not delete until Unity dependency check confirms,Verify in Unity
Assets/Idyllic Italian Coast Town/Textures/M_treebark_BaseMap.png,5820606,5.6 MB,Referenced,Required/Referenced indirectly,Assets/Idyllic Italian Coast Town/Materials/M_treebark.mat,Large referenced/indirect asset,Do not delete until Unity dependency check confirms,High-risk deletion
Assets/Furniture Mega Pack/Textures/Chairs/Chair49/Chair49_mat_Chair49_Normal.png,5786125,5.5 MB,Referenced,Required/Referenced indirectly,Assets/Furniture Mega Pack/Materials/Chair/mat_Chair49.mat,Large referenced/indirect asset,Do not delete until Unity dependency check confirms,High-risk deletion
Assets/Furniture Mega Pack/Textures/Tables/Table01/Table01_mat_Table01_AlbedoTransparency.png,5781961,5.5 MB,Referenced,Required/Referenced indirectly,Assets/Furniture Mega Pack/Materials/Table/mat_Table01.mat,Large referenced/indirect asset,Do not delete until Unity dependency check confirms,High-risk deletion
Assets/Furniture Mega Pack/Textures/Cushions/Cushion41_48/Cushion41_48_mat_Cushion41_48_AlbedoTransparency.png,5772910,5.5 MB,Referenced,Required/Referenced indirectly,Assets/Furniture Mega Pack/Materials/Cushion/mat_Cushion41_48.mat,Large referenced/indirect asset,Do not delete until Unity dependency check confirms,High-risk deletion
Assets/RealBlend/Art/Materials/Textures/RoughPlasterMask.png,5761765,5.5 MB,Referenced,Required/Referenced indirectly,Assets/RealBlend/Art/Materials/BuiltIn/VariationExampleBuilt-In.mat; Assets/RealBlend/Art/Materials/HDRP/5BlendExample.mat; Assets/RealBlend/Art/Materials/HDRP/VariationExample.mat; Assets/RealBlend/Art/Materials/HDRP/VariationExample_ExperimentalSPOM.mat; Assets/RealBlend/Art/Materials/URP/VariationExampleURP.mat,Large referenced/indirect asset,Do not delete until Unity dependency check confirms,High-risk deletion
Assets/Furniture Mega Pack/Textures/Chairs/Chair03/Chair03_mat_Chair03_Normal.png,5751338,5.5 MB,Referenced,Required/Referenced indirectly,Assets/Furniture Mega Pack/Materials/Chair/mat_Chair03.mat,Large referenced/indirect asset,Do not delete until Unity dependency check confirms,High-risk deletion
Assets/Furniture Mega Pack/Textures/Chairs/Chair05/Chair05_mat_Chair05_Normal.png,5744432,5.5 MB,Referenced,Required/Referenced indirectly,Assets/Furniture Mega Pack/Materials/Chair/mat_Chair05.mat,Large referenced/indirect asset,Do not delete until Unity dependency check confirms,High-risk deletion
Assets/Furniture Mega Pack/Textures/Sofas/SectionalSofaFabric/SectionalSofaFabric_mat_SectionalSofaLeather_Normal.png,5702601,5.4 MB,Referenced,Required/Referenced indirectly,Assets/Furniture Mega Pack/Materials/Sofa/mat_SectionalSofaFabric.mat,Large referenced/indirect asset,Do not delete until Unity dependency check confirms,High-risk deletion
Assets/Idyllic Italian Coast Town/Textures/M_cliff_rocks_normal.png,5678951,5.4 MB,A: no text/GUID refs found,"Likely safe, verify in Unity",,No GUID/text reference found by static scan,Do not delete until Unity dependency check confirms,Verify in Unity
Assets/Furniture Mega Pack/Textures/Tables/Table28/Table28_mat_Table28_Normal.png,5663214,5.4 MB,Referenced,Required/Referenced indirectly,Assets/Furniture Mega Pack/Materials/Table/mat_Table28.mat,Large referenced/indirect asset,Do not delete until Unity dependency check confirms,High-risk deletion
Assets/Furniture Mega Pack/Textures/Tables/Table45/Table45_mat_Table45_Normal.png,5660246,5.4 MB,Referenced,Required/Referenced indirectly,Assets/Furniture Mega Pack/Materials/Table/mat_Table45.mat,Large referenced/indirect asset,Do not delete until Unity dependency check confirms,High-risk deletion
Assets/Furniture Mega Pack/Textures/Cushions/Cushion25_28/Cushion25_28_mat_Cushion25_28_Normal.png,5651063,5.4 MB,Referenced,Required/Referenced indirectly,Assets/Furniture Mega Pack/Materials/Cushion/mat_Cushion25_28.mat,Large referenced/indirect asset,Do not delete until Unity dependency check confirms,High-risk deletion
Assets/Furniture Mega Pack/Textures/Sofas/Sofa22/Sofa22_mat_Sofa22_AlbedoTransparency.png,5630316,5.4 MB,Referenced,Required/Referenced indirectly,Assets/Furniture Mega Pack/Materials/Sofa/mat_Sofa22.mat,Large referenced/indirect asset,Do not delete until Unity dependency check confirms,High-risk deletion
Assets/Furniture Mega Pack/Textures/Tables/Table15/Table15_mat_Table15_AlbedoTransparency.png,5610172,5.4 MB,Referenced,Required/Referenced indirectly,Assets/Furniture Mega Pack/Materials/Table/mat_Table15.mat,Large referenced/indirect asset,Do not delete until Unity dependency check confirms,High-risk deletion
Assets/BCaT_assets/BTMMP_Workstation_Assembly/spray_can.glb,5592488,5.3 MB,Referenced,Required/Referenced indirectly,Assets/BH_XR_MainScene.unity; Assets/_Recovery/0 (1).unity; Assets/_Recovery/0 (10).unity; Assets/_Recovery/0 (11).unity; Assets/_Recovery/0 (13).unity; Assets/_Recovery/0 (14).unity; Assets/_Recovery/0 (15).unity; Assets/_Recovery/0 (16).unity; Assets/_Recovery/0 (17).unity; Assets/_Recovery/0 (18).unity; Assets/_Recovery/0 (2).unity; Assets/_Recovery/0 (21).unity; Assets/_Recovery/0 (22).unity; Assets/_Recovery/0 (23).unity; Assets/_Recovery/0 (3).unity; Assets/_Recovery/0 (5).unity; Assets/_Recovery/0 (6).unity; Assets/_Recovery/0 (7).unity; Assets/_Recovery/0 (8).unity; Assets/_Recovery/0 (9).unity,Large referenced/indirect asset,Do not delete until Unity dependency check confirms,High-risk deletion
Assets/BCaT_assets/Meshell_Sturgis/Big Mama_s Living Room.jpg,5590566,5.3 MB,Referenced,Required/Referenced indirectly,Assets/BCaT_assets/Meshell_Sturgis/BMLR.mat,Large referenced/indirect asset,Do not delete until Unity dependency check confirms,High-risk deletion
Assets/Furniture Mega Pack/Textures/Closet/AtlasTexture_Closet_AlbedoTransparency.png,5572886,5.3 MB,Referenced,Required/Referenced indirectly,Assets/Furniture Mega Pack/Materials/Closet/mat_Closet.mat,Large referenced/indirect asset,Do not delete until Unity dependency check confirms,High-risk deletion
Assets/Furniture Mega Pack/Textures/Tables/Table05/Table05_mat_Table05_Normal.png,5507443,5.3 MB,Referenced,Required/Referenced indirectly,Assets/Furniture Mega Pack/Materials/Table/mat_Table05.mat,Large referenced/indirect asset,Do not delete until Unity dependency check confirms,High-risk deletion
Assets/Furniture Mega Pack/Textures/Tables/Table33/Table33_mat_Table33_Normal.png,5464225,5.2 MB,Referenced,Required/Referenced indirectly,Assets/Furniture Mega Pack/Materials/Table/mat_Table33.mat,Large referenced/indirect asset,Do not delete until Unity dependency check confirms,High-risk deletion
Assets/Furniture Mega Pack/Textures/Chairs/Chair15/Chair15_mat_Chair15_AlbedoTransparency.png,5442370,5.2 MB,Referenced,Required/Referenced indirectly,Assets/Furniture Mega Pack/Materials/Chair/mat_Chair15.mat,Large referenced/indirect asset,Do not delete until Unity dependency check confirms,High-risk deletion
Assets/Furniture Mega Pack/Textures/Chairs/Chair44/Chair44_mat_Chair44_Normal.png,5415290,5.2 MB,Referenced,Required/Referenced indirectly,Assets/Furniture Mega Pack/Materials/Chair/mat_Chair44.mat,Large referenced/indirect asset,Do not delete until Unity dependency check confirms,High-risk deletion
Assets/Furniture Mega Pack/Textures/Cushions/Cushion09_16/Cushion09_16_mat_Cushion09_16_Normal.png,5412843,5.2 MB,Referenced,Required/Referenced indirectly,Assets/Furniture Mega Pack/Materials/Cushion/mat_Cushion09_16.mat,Large referenced/indirect asset,Do not delete until Unity dependency check confirms,High-risk deletion
Assets/Furniture Mega Pack/Textures/Tables/Table13/Table13_mat_Table13_Normal.png,5349184,5.1 MB,Referenced,Required/Referenced indirectly,Assets/Furniture Mega Pack/Materials/Table/mat_Table13.mat,Large referenced/indirect asset,Do not delete until Unity dependency check confirms,High-risk deletion
Assets/Furniture Mega Pack/Textures/Chairs/Chair42/Chair42_mat_Chair42_AlbedoTransparency.png,5337693,5.1 MB,Referenced,Required/Referenced indirectly,Assets/Furniture Mega Pack/Materials/Chair/mat_Chair42.mat,Large referenced/indirect asset,Do not delete until Unity dependency check confirms,High-risk deletion
Assets/Furniture Mega Pack/Textures/Chairs/Chair02/Chair02_mat_Chair02_AlbedoTransparency.png,5334361,5.1 MB,Referenced,Required/Referenced indirectly,Assets/Furniture Mega Pack/Materials/Chair/mat_Chair02.mat,Large referenced/indirect asset,Do not delete until Unity dependency check confirms,High-risk deletion
Assets/Furniture Mega Pack/Textures/Cushions/Cushion09_16/Cushion09_16_mat_Cushion09_16_AlbedoTransparency.png,5333470,5.1 MB,Referenced,Required/Referenced indirectly,Assets/Furniture Mega Pack/Materials/Cushion/mat_Cushion09_16.mat,Large referenced/indirect asset,Do not delete until Unity dependency check confirms,High-risk deletion
Assets/Furniture Mega Pack/Textures/Tables/Table19/Table19_mat_Table19_Normal.png,5298807,5.1 MB,Referenced,Required/Referenced indirectly,Assets/Furniture Mega Pack/Materials/Table/mat_Table19.mat,Large referenced/indirect asset,Do not delete until Unity dependency check confirms,High-risk deletion
Assets/Furniture Mega Pack/Textures/Tables/Table33/Table33_mat_Table33_AlbedoTransparency.png,5270939,5.0 MB,Referenced,Required/Referenced indirectly,Assets/Furniture Mega Pack/Materials/Table/mat_Table33.mat,Large referenced/indirect asset,Do not delete until Unity dependency check confirms,High-risk deletion
Assets/Furniture Mega Pack/Textures/Tables/Table25/Table25_mat_Table25_Normal.png,5267596,5.0 MB,Referenced,Required/Referenced indirectly,Assets/Furniture Mega Pack/Materials/Table/mat_Table25.mat,Large referenced/indirect asset,Do not delete until Unity dependency check confirms,High-risk deletion
Assets/_Recovery/0 (13).unity,5261400,5.0 MB,C: duplicate/obsolete candidate,"Likely safe, verify in Unity",,No GUID/text reference found by static scan,Do not delete until Unity dependency check confirms,Verify in Unity
Assets/Furniture Mega Pack/Textures/Tables/Table34/Table34_mat_Table34_Normal.png,5261152,5.0 MB,Referenced,Required/Referenced indirectly,Assets/Furniture Mega Pack/Materials/Table/mat_Table34.mat,Large referenced/indirect asset,Do not delete until Unity dependency check confirms,High-risk deletion
Assets/_Recovery/0 (11).unity,5254608,5.0 MB,C: duplicate/obsolete candidate,"Likely safe, verify in Unity",,No GUID/text reference found by static scan,Do not delete until Unity dependency check confirms,Verify in Unity
Assets/_Recovery/0 (10).unity,5252494,5.0 MB,C: duplicate/obsolete candidate,"Likely safe, verify in Unity",,No GUID/text reference found by static scan,Do not delete until Unity dependency check confirms,Verify in Unity
Assets/_Recovery/0 (9).unity,5252494,5.0 MB,C: duplicate/obsolete candidate,"Likely safe, verify in Unity",,No GUID/text reference found by static scan,Do not delete until Unity dependency check confirms,Verify in Unity
Assets/_Recovery/0 (8).unity,5252494,5.0 MB,C: duplicate/obsolete candidate,"Likely safe, verify in Unity",,No GUID/text reference found by static scan,Do not delete until Unity dependency check confirms,Verify in Unity
Assets/Furniture Mega Pack/Textures/Chairs/Chair02/Chair02_mat_Chair02_Normal.png,5218828,5.0 MB,Referenced,Required/Referenced indirectly,Assets/Furniture Mega Pack/Materials/Chair/mat_Chair02.mat,Large referenced/indirect asset,Do not delete until Unity dependency check confirms,High-risk deletion
Assets/Furniture Mega Pack/Textures/Tables/Table16/Table16_mat_Table16_Normal.png,5191621,5.0 MB,Referenced,Required/Referenced indirectly,Assets/Furniture Mega Pack/Materials/Table/mat_Table16.mat,Large referenced/indirect asset,Do not delete until Unity dependency check confirms,High-risk deletion
Assets/danthaigames/DS 80s Television/PSDs/Screen_Surround_And_Handles.psd,5146155,4.9 MB,C: duplicate/obsolete candidate,"Likely safe, verify in Unity",,No GUID/text reference found by static scan,Do not delete until Unity dependency check confirms,Verify in Unity
Assets/Furniture Mega Pack/Textures/Tables/Table24/Table24_mat_Table24_Normal.png,5135266,4.9 MB,Referenced,Required/Referenced indirectly,Assets/Furniture Mega Pack/Materials/Table/mat_Table24.mat,Large referenced/indirect asset,Do not delete until Unity dependency check confirms,High-risk deletion
Assets/Furniture Mega Pack/Textures/Chairs/Chair43/Chair43_mat_Chair43_Normal.png,5127469,4.9 MB,Referenced,Required/Referenced indirectly,Assets/Furniture Mega Pack/Materials/Chair/mat_Chair43.mat,Large referenced/indirect asset,Do not delete until Unity dependency check confirms,High-risk deletion
Assets/Furniture Mega Pack/Textures/Tables/Table12/Table12_mat_Table12_Normal.png,5127050,4.9 MB,Referenced,Required/Referenced indirectly,Assets/Furniture Mega Pack/Materials/Table/mat_Table12.mat,Large referenced/indirect asset,Do not delete until Unity dependency check confirms,High-risk deletion
Assets/Furniture Mega Pack/Textures/Cushions/Cushion25_28/Cushion25_28_mat_Cushion25_28_AlbedoTransparency.png,5120087,4.9 MB,Referenced,Required/Referenced indirectly,Assets/Furniture Mega Pack/Materials/Cushion/mat_Cushion25_28.mat,Large referenced/indirect asset,Do not delete until Unity dependency check confirms,High-risk deletion
Assets/Idyllic Italian Coast Town/Textures/M_attachments_stone_BaseMap.png,5109032,4.9 MB,Referenced,Required/Referenced indirectly,Assets/Idyllic Italian Coast Town/Materials/M_attachments_stone 1.mat; Assets/Idyllic Italian Coast Town/Materials/M_attachments_stone.mat,Large referenced/indirect asset,Do not delete until Unity dependency check confirms,High-risk deletion
Assets/Furniture Mega Pack/Textures/Tables/Table20/Table20_mat_Table20_Normal.png,5098170,4.9 MB,Referenced,Required/Referenced indirectly,Assets/Furniture Mega Pack/Materials/Table/mat_Table20.mat,Large referenced/indirect asset,Do not delete until Unity dependency check confirms,High-risk deletion
Assets/Furniture Mega Pack/Textures/Tables/Table04/Table04_mat_Table04_Normal.png,5066218,4.8 MB,Referenced,Required/Referenced indirectly,Assets/Furniture Mega Pack/Materials/Table/mat_Table04.mat,Large referenced/indirect asset,Do not delete until Unity dependency check confirms,High-risk deletion
Assets/Furniture Mega Pack/Textures/Tables/Table19/Table19_mat_Table19_AlbedoTransparency.png,5053115,4.8 MB,Referenced,Required/Referenced indirectly,Assets/Furniture Mega Pack/Materials/Table/mat_Table19.mat,Large referenced/indirect asset,Do not delete until Unity dependency check confirms,High-risk deletion
Assets/Furniture Mega Pack/Textures/Tables/Table27/Table27_mat_Table27_Normal.png,5050874,4.8 MB,Referenced,Required/Referenced indirectly,Assets/Furniture Mega Pack/Materials/Table/mat_Table27.mat,Large referenced/indirect asset,Do not delete until Unity dependency check confirms,High-risk deletion
Assets/Furniture Mega Pack/Textures/Chairs/Chair23/Chair23_mat_Chair23_AlbedoTransparency.png,5047669,4.8 MB,Referenced,Required/Referenced indirectly,Assets/Furniture Mega Pack/Materials/Chair/mat_Chair23.mat,Large referenced/indirect asset,Do not delete until Unity dependency check confirms,High-risk deletion
Assets/BCaT_assets/LindaLeaks/Models/LL_AntiqueCamera.glb,5022528,4.8 MB,Referenced,Required/Referenced indirectly,Assets/BCaT_assets/LindaLeaks/Prefabs/LindaLeaks_Exhibit_VintageCamera.prefab,Large referenced/indirect asset,Do not delete until Unity dependency check confirms,High-risk deletion
Assets/Furniture Mega Pack/Textures/Tables/Table02/Table02_mat_Table02_Normal.png,5021077,4.8 MB,Referenced,Required/Referenced indirectly,Assets/Furniture Mega Pack/Materials/Table/mat_Table02.mat,Large referenced/indirect asset,Do not delete until Unity dependency check confirms,High-risk deletion
Assets/Furniture Mega Pack/Textures/Cushions/Cushion49_50/Cushion49_50_mat_Cushion49_50_Normal.png,5005076,4.8 MB,Referenced,Required/Referenced indirectly,Assets/Furniture Mega Pack/Materials/Cushion/mat_Cushion49_50.mat,Large referenced/indirect asset,Do not delete until Unity dependency check confirms,High-risk deletion
Assets/Furniture Mega Pack/Textures/Tables/Table34/Table34_mat_Table34_AlbedoTransparency.png,4999955,4.8 MB,Referenced,Required/Referenced indirectly,Assets/Furniture Mega Pack/Materials/Table/mat_Table34.mat,Large referenced/indirect asset,Do not delete until Unity dependency check confirms,High-risk deletion
Assets/Furniture Mega Pack/Textures/Sofas/Sofa02/Sofa02_mat_Sofa02_AlbedoTransparency.png,4981717,4.8 MB,Referenced,Required/Referenced indirectly,Assets/Furniture Mega Pack/Materials/Sofa/mat_Sofa02.mat,Large referenced/indirect asset,Do not delete until Unity dependency check confirms,High-risk deletion
Assets/BCaT_assets/Meshell_Sturgis/articles/A Tesseract for Art & Scholarship _ New Archives.pdf,4971816,4.7 MB,C: duplicate/obsolete candidate,"Likely safe, verify in Unity",,No GUID/text reference found by static scan,Do not delete until Unity dependency check confirms,Verify in Unity
Assets/Furniture Mega Pack/Textures/Tables/Table35/Table35_mat_Table35_Normal.png,4957582,4.7 MB,Referenced,Required/Referenced indirectly,Assets/Furniture Mega Pack/Materials/Table/mat_Table35.mat,Large referenced/indirect asset,Do not delete until Unity dependency check confirms,High-risk deletion
Assets/Furniture Mega Pack/Textures/Chairs/Chair36/Chair36_mat_Chair36_Normal.png,4865919,4.6 MB,Referenced,Required/Referenced indirectly,Assets/Furniture Mega Pack/Materials/Chair/mat_Chair36.mat,Large referenced/indirect asset,Do not delete until Unity dependency check confirms,High-risk deletion
Assets/Furniture Mega Pack/Textures/Bed/BedFrame/AtlasTexture_BedFrame_AtlasTexture_BedFrame_AlbedoTransparency.png,4861539,4.6 MB,Referenced,Required/Referenced indirectly,Assets/Furniture Mega Pack/Materials/Bed/mat_BedFrame.mat,Large referenced/indirect asset,Do not delete until Unity dependency check confirms,High-risk deletion
Assets/Furniture Mega Pack/Textures/Sofas/Sofa23/Sofa23_mat_Sofa23_Normal.png,4818657,4.6 MB,Referenced,Required/Referenced indirectly,Assets/Furniture Mega Pack/Materials/Sofa/mat_Sofa23.mat,Large referenced/indirect asset,Do not delete until Unity dependency check confirms,High-risk deletion
Assets/Idyllic Italian Coast Town/Textures/M_treebark_Normal.png,4816249,4.6 MB,Referenced,Required/Referenced indirectly,Assets/Idyllic Italian Coast Town/Materials/M_treebark.mat,Large referenced/indirect asset,Do not delete until Unity dependency check confirms,High-risk deletion
Assets/Furniture Mega Pack/Textures/Tables/Table20/Table20_mat_Table20_AlbedoTransparency.png,4791575,4.6 MB,Referenced,Required/Referenced indirectly,Assets/Furniture Mega Pack/Materials/Table/mat_Table20.mat,Large referenced/indirect asset,Do not delete until Unity dependency check confirms,High-risk deletion
Assets/Furniture Mega Pack/Textures/Tables/Table18/Table18_mat_Table18_Normal.png,4788821,4.6 MB,Referenced,Required/Referenced indirectly,Assets/Furniture Mega Pack/Materials/Table/mat_Table18.mat,Large referenced/indirect asset,Do not delete until Unity dependency check confirms,High-risk deletion
Assets/DevDen Arch Viz Scotland/Models/Study Room/CHair2.fbx,4769290,4.5 MB,Referenced,Required/Referenced indirectly,Assets/DevDen Arch Viz Scotland/Prefabs/Study Room/StudyRoom Chair.prefab; Assets/DevDen Arch Viz Scotland/Scenes/ArchViz.unity,Large referenced/indirect asset,Do not delete until Unity dependency check confirms,High-risk deletion
Assets/Furniture Mega Pack/Textures/Chairs/Chair39/Chair39_mat_Chair39_AlbedoTransparency.png,4756822,4.5 MB,Referenced,Required/Referenced indirectly,Assets/Furniture Mega Pack/Materials/Chair/mat_Chair39.mat,Large referenced/indirect asset,Do not delete until Unity dependency check confirms,High-risk deletion
Assets/Furniture Mega Pack/Textures/Tables/Table11/Table11_mat_Table11_AlbedoTransparency.png,4741125,4.5 MB,Referenced,Required/Referenced indirectly,Assets/Furniture Mega Pack/Materials/Table/mat_Table11.mat,Large referenced/indirect asset,Do not delete until Unity dependency check confirms,High-risk deletion
Assets/Furniture Mega Pack/Textures/Sofas/Sofa14/Sofa14_mat_Sofa14_AlbedoTransparency.png,4717571,4.5 MB,Referenced,Required/Referenced indirectly,Assets/Furniture Mega Pack/Materials/Sofa/mat_Sofa14.mat,Large referenced/indirect asset,Do not delete until Unity dependency check confirms,High-risk deletion
Assets/Furniture Mega Pack/Textures/Tables/Table01/Table01_mat_Table01_Normal.png,4697649,4.5 MB,Referenced,Required/Referenced indirectly,Assets/Furniture Mega Pack/Materials/Table/mat_Table01.mat,Large referenced/indirect asset,Do not delete until Unity dependency check confirms,High-risk deletion
Assets/Furniture Mega Pack/Textures/Tables/Table35/Table35_mat_Table35_AlbedoTransparency.png,4683665,4.5 MB,Referenced,Required/Referenced indirectly,Assets/Furniture Mega Pack/Materials/Table/mat_Table35.mat,Large referenced/indirect asset,Do not delete until Unity dependency check confirms,High-risk deletion
Assets/Furniture Mega Pack/Textures/Sofas/Sofa26/Sofa26_mat_Sofa26_AlbedoTransparency.png,4660501,4.4 MB,Referenced,Required/Referenced indirectly,Assets/Furniture Mega Pack/Materials/Sofa/mat_Sofa26.mat,Large referenced/indirect asset,Do not delete until Unity dependency check confirms,High-risk deletion
Assets/Idyllic Italian Coast Town/Textures/M_flowerpots_Normal.png,4655958,4.4 MB,Referenced,Required/Referenced indirectly,Assets/Idyllic Italian Coast Town/Materials/M_flowerpots 1.mat; Assets/Idyllic Italian Coast Town/Materials/M_flowerpots.mat,Large referenced/indirect asset,Do not delete until Unity dependency check confirms,High-risk deletion
Assets/Furniture Mega Pack/Textures/Chairs/Chair06/Chair06_mat_Chair06_AlbedoTransparency.png,4649154,4.4 MB,Referenced,Required/Referenced indirectly,Assets/Furniture Mega Pack/Materials/Chair/mat_Chair06.mat,Large referenced/indirect asset,Do not delete until Unity dependency check confirms,High-risk deletion
Assets/Furniture Mega Pack/Textures/Tables/Table45/Table45_mat_Table45_AlbedoTransparency.png,4618509,4.4 MB,Referenced,Required/Referenced indirectly,Assets/Furniture Mega Pack/Materials/Table/mat_Table45.mat,Large referenced/indirect asset,Do not delete until Unity dependency check confirms,High-risk deletion
Assets/Furniture Mega Pack/Textures/Tables/Table03/Table03_mat_Table03_AlbedoTransparency.png,4617202,4.4 MB,Referenced,Required/Referenced indirectly,Assets/Furniture Mega Pack/Materials/Table/mat_Table03.mat,Large referenced/indirect asset,Do not delete until Unity dependency check confirms,High-risk deletion
Assets/Furniture Mega Pack/Textures/Tables/Table11/Table11_mat_Table11_Normal.png,4616922,4.4 MB,Referenced,Required/Referenced indirectly,Assets/Furniture Mega Pack/Materials/Table/mat_Table11.mat,Large referenced/indirect asset,Do not delete until Unity dependency check confirms,High-risk deletion
Assets/Furniture Mega Pack/Textures/Chairs/Chair21/Chair21_mat_Chair21_AlbedoTransparency.png,4613275,4.4 MB,Referenced,Required/Referenced indirectly,Assets/Furniture Mega Pack/Materials/Chair/mat_Chair21.mat,Large referenced/indirect asset,Do not delete until Unity dependency check confirms,High-risk deletion
Assets/DevDen Arch Viz Scotland/Textures/Kitchen Room/side_piece/side_piece_marble_AlbedoTransparency.png,4606213,4.4 MB,Referenced,Required/Referenced indirectly,Assets/DevDen Arch Viz Scotland/Materials/Kitchen Room/marble.mat; Assets/HyTeKGames/SRPMaterialConverter/ConvertedMaterials/marble.mat,Large referenced/indirect asset,Do not delete until Unity dependency check confirms,High-risk deletion
Assets/Furniture Mega Pack/Textures/Tables/Table39/Table39_mat_Table39_AlbedoTransparency.png,4602163,4.4 MB,Referenced,Required/Referenced indirectly,Assets/Furniture Mega Pack/Materials/Table/mat_Table39.mat,Large referenced/indirect asset,Do not delete until Unity dependency check confirms,High-risk deletion
Assets/Furniture Mega Pack/Textures/Chairs/Chair47/Chair47_mat_Chair47_Normal.png,4567915,4.4 MB,Referenced,Required/Referenced indirectly,Assets/Furniture Mega Pack/Materials/Chair/mat_Chair47.mat,Large referenced/indirect asset,Do not delete until Unity dependency check confirms,High-risk deletion
Assets/_Recovery/0 (24).unity,4564452,4.4 MB,C: duplicate/obsolete candidate,"Likely safe, verify in Unity",,No GUID/text reference found by static scan,Do not delete until Unity dependency check confirms,Verify in Unity
Assets/Furniture Mega Pack/Textures/Tables/Table47/Table47_mat_Table47_AlbedoTransparency.png,4560978,4.3 MB,Referenced,Required/Referenced indirectly,Assets/Furniture Mega Pack/Materials/Table/mat_Table47.mat,Large referenced/indirect asset,Do not delete until Unity dependency check confirms,High-risk deletion
Assets/Furniture Mega Pack/Textures/Tables/Table21/Table21_mat_Table21_AlbedoTransparency.png,4537134,4.3 MB,Referenced,Required/Referenced indirectly,Assets/Furniture Mega Pack/Materials/Table/mat_Table21.mat,Large referenced/indirect asset,Do not delete until Unity dependency check confirms,High-risk deletion
Assets/Furniture Mega Pack/Textures/Tables/Table46/Table46_mat_Table46_AlbedoTransparency.png,4521086,4.3 MB,Referenced,Required/Referenced indirectly,Assets/Furniture Mega Pack/Materials/Table/mat_Table46.mat,Large referenced/indirect asset,Do not delete until Unity dependency check confirms,High-risk deletion
Assets/Furniture Mega Pack/Textures/Sofas/Sofa03/Sofa03_mat_Sofa03_AlbedoTransparency.png,4504988,4.3 MB,Referenced,Required/Referenced indirectly,Assets/Furniture Mega Pack/Materials/Sofa/mat_Sofa03.mat,Large referenced/indirect asset,Do not delete until Unity dependency check confirms,High-risk deletion
Assets/Furniture Mega Pack/Textures/Chairs/Chair40/Chair40_mat_Chair40_Normal.png,4492836,4.3 MB,Referenced,Required/Referenced indirectly,Assets/Furniture Mega Pack/Materials/Chair/mat_Chair40.mat,Large referenced/indirect asset,Do not delete until Unity dependency check confirms,High-risk deletion
Assets/Idyllic Italian Coast Town/Textures/M_windows_italian_MaskMap.png,4491482,4.3 MB,Referenced,Required/Referenced indirectly,Assets/Idyllic Italian Coast Town/Materials/M_windows.mat,Large referenced/indirect asset,Do not delete until Unity dependency check confirms,High-risk deletion
Assets/Furniture Mega Pack/Textures/Chairs/Chair32/Chair32_mat_Chair32_Normal.png,4482663,4.3 MB,Referenced,Required/Referenced indirectly,Assets/Furniture Mega Pack/Materials/Chair/mat_Chair32.mat,Large referenced/indirect asset,Do not delete until Unity dependency check confirms,High-risk deletion
Assets/DevDen Arch Viz Scotland/Textures/Common/SmallObj/dish-rack_ao.png,4482210,4.3 MB,Referenced,Required/Referenced indirectly,Assets/DevDen Arch Viz Scotland/Materials/Kitchen Room/DrainerNew.mat,Large referenced/indirect asset,Do not delete until Unity dependency check confirms,High-risk deletion
Assets/Furniture Mega Pack/Textures/Sofas/Sofa36/Sofa36_mat_Sofa36_AlbedoTransparency.png,4482137,4.3 MB,Referenced,Required/Referenced indirectly,Assets/Furniture Mega Pack/Materials/Sofa/mat_Sofa36.mat,Large referenced/indirect asset,Do not delete until Unity dependency check confirms,High-risk deletion
Assets/Furniture Mega Pack/Textures/Tables/Table38/Table38_mat_Table38_Normal.png,4477878,4.3 MB,Referenced,Required/Referenced indirectly,Assets/Furniture Mega Pack/Materials/Table/mat_Table38.mat,Large referenced/indirect asset,Do not delete until Unity dependency check confirms,High-risk deletion
Assets/RealBlend/Art/Materials/Textures/red_brick_plaster_patch_02_nor_gl_2k.exr,4472925,4.3 MB,Referenced,Required/Referenced indirectly,Assets/RealBlend/Art/Materials/BuiltIn/VariationExampleBuilt-In.mat; Assets/RealBlend/Art/Materials/HDRP/5BlendExample.mat; Assets/RealBlend/Art/Materials/HDRP/VariationExample.mat; Assets/RealBlend/Art/Materials/HDRP/VariationExample_ExperimentalSPOM.mat; Assets/RealBlend/Art/Materials/URP/VariationExampleURP.mat,Large referenced/indirect asset,Do not delete until Unity dependency check confirms,High-risk deletion
Assets/Furniture Mega Pack/Textures/Closet/AtlasTexture_Closet_Normal.png,4446409,4.2 MB,Referenced,Required/Referenced indirectly,Assets/Furniture Mega Pack/Materials/Closet/mat_Closet.mat,Large referenced/indirect asset,Do not delete until Unity dependency check confirms,High-risk deletion
Assets/Furniture Mega Pack/Textures/Chairs/Chair40/Chair40_mat_Chair40_AlbedoTransparency.png,4446124,4.2 MB,Referenced,Required/Referenced indirectly,Assets/Furniture Mega Pack/Materials/Chair/mat_Chair40.mat,Large referenced/indirect asset,Do not delete until Unity dependency check confirms,High-risk deletion
Assets/Furniture Mega Pack/Textures/Sofas/SectionalSofaFabric/SectionalSofaFabric_mat_SectionalSofaLeather_MetallicSmoothness.png,4426651,4.2 MB,Referenced,Required/Referenced indirectly,Assets/Furniture Mega Pack/Materials/Sofa/mat_SectionalSofaFabric.mat,Large referenced/indirect asset,Do not delete until Unity dependency check confirms,High-risk deletion
Assets/Furniture Mega Pack/Textures/Chairs/Chair12/Chair12_mat_Chair12_AlbedoTransparency.png,4420969,4.2 MB,Referenced,Required/Referenced indirectly,Assets/Furniture Mega Pack/Materials/Chair/mat_Chair12.mat,Large referenced/indirect asset,Do not delete until Unity dependency check confirms,High-risk deletion
Assets/BCaT_assets/SewingRoom/old_sewing_box.glb,4369120,4.2 MB,Referenced,Required/Referenced indirectly,Assets/BH_XR_MainScene.unity; Assets/_Recovery/0 (1).unity; Assets/_Recovery/0 (10).unity; Assets/_Recovery/0 (11).unity; Assets/_Recovery/0 (13).unity; Assets/_Recovery/0 (14).unity; Assets/_Recovery/0 (15).unity; Assets/_Recovery/0 (16).unity; Assets/_Recovery/0 (17).unity; Assets/_Recovery/0 (18).unity; Assets/_Recovery/0 (2).unity; Assets/_Recovery/0 (21).unity; Assets/_Recovery/0 (22).unity; Assets/_Recovery/0 (23).unity; Assets/_Recovery/0 (3).unity; Assets/_Recovery/0 (5).unity; Assets/_Recovery/0 (6).unity; Assets/_Recovery/0 (7).unity; Assets/_Recovery/0 (8).unity; Assets/_Recovery/0 (9).unity,Large referenced/indirect asset,Do not delete until Unity dependency check confirms,High-risk deletion
Assets/DevDen Arch Viz Scotland/Textures/Common/Interior_props/StudyRoom_BG1.png,4368367,4.2 MB,Referenced,Required/Referenced indirectly,Assets/DevDen Arch Viz Scotland/Materials/Study Room/PictureImage03.mat; Assets/HyTeKGames/SRPMaterialConverter/ConvertedMaterials/PictureImage03.mat,Large referenced/indirect asset,Do not delete until Unity dependency check confirms,High-risk deletion
Assets/Furniture Mega Pack/Textures/Tables/Table14/Table14_mat_Table14_AlbedoTransparency.png,4347019,4.1 MB,Referenced,Required/Referenced indirectly,Assets/Furniture Mega Pack/Materials/Table/mat_Table14.mat,Large referenced/indirect asset,Do not delete until Unity dependency check confirms,High-risk deletion
Assets/Furniture Mega Pack/Textures/Tables/Table12/Table12_mat_Table12_AlbedoTransparency.png,4342552,4.1 MB,Referenced,Required/Referenced indirectly,Assets/Furniture Mega Pack/Materials/Table/mat_Table12.mat,Large referenced/indirect asset,Do not delete until Unity dependency check confirms,High-risk deletion
Assets/Furniture Mega Pack/Textures/Chairs/Chair19/Chair19_mat_Chair19_AlbedoTransparency.png,4339697,4.1 MB,Referenced,Required/Referenced indirectly,Assets/Furniture Mega Pack/Materials/Chair/mat_Chair19.mat,Large referenced/indirect asset,Do not delete until Unity dependency check confirms,High-risk deletion
Assets/Furniture Mega Pack/Textures/Chairs/Chair14/Chair14_mat_Chair14_AlbedoTransparency.png,4333732,4.1 MB,Referenced,Required/Referenced indirectly,Assets/Furniture Mega Pack/Materials/Chair/mat_Chair14.mat,Large referenced/indirect asset,Do not delete until Unity dependency check confirms,High-risk deletion
Assets/Idyllic Italian Coast Town/Textures/M_attachments_metal_MaskMap.png,4320284,4.1 MB,Referenced,Required/Referenced indirectly,Assets/Idyllic Italian Coast Town/Materials/M_attachments_metal.mat,Large referenced/indirect asset,Do not delete until Unity dependency check confirms,High-risk deletion
Assets/Furniture Mega Pack/Textures/Tables/Table25/Table25_mat_Table25_AlbedoTransparency.png,4318437,4.1 MB,Referenced,Required/Referenced indirectly,Assets/Furniture Mega Pack/Materials/Table/mat_Table25.mat,Large referenced/indirect asset,Do not delete until Unity dependency check confirms,High-risk deletion
Assets/Furniture Mega Pack/Textures/Chairs/Chair01/Chair01_mat_Chair01_Normal.png,4313707,4.1 MB,Referenced,Required/Referenced indirectly,Assets/Furniture Mega Pack/Materials/Chair/mat_Chair01.mat,Large referenced/indirect asset,Do not delete until Unity dependency check confirms,High-risk deletion
Assets/Furniture Mega Pack/Textures/Chairs/Chair37/Chair37_mat_Chair37_Normal.png,4305754,4.1 MB,Referenced,Required/Referenced indirectly,Assets/Furniture Mega Pack/Materials/Chair/mat_Chair37.mat,Large referenced/indirect asset,Do not delete until Unity dependency check confirms,High-risk deletion
Assets/Furniture Mega Pack/Textures/Tables/Table16/Table16_mat_Table16_AlbedoTransparency.png,4288082,4.1 MB,Referenced,Required/Referenced indirectly,Assets/Furniture Mega Pack/Materials/Table/mat_Table16.mat,Large referenced/indirect asset,Do not delete until Unity dependency check confirms,High-risk deletion
Assets/Furniture Mega Pack/Textures/Sofas/SectionalSofaFabric/SectionalSofaFabric_mat_SectionalSofaLeather_AlbedoTransparency.png,4228499,4.0 MB,Referenced,Required/Referenced indirectly,Assets/Furniture Mega Pack/Materials/Sofa/mat_SectionalSofaFabric.mat,Large referenced/indirect asset,Do not delete until Unity dependency check confirms,High-risk deletion
Assets/Furniture Mega Pack/Textures/Sofas/Sofa29/Sofa29_mat_Sofa29_AlbedoTransparency.png,4203154,4.0 MB,Referenced,Required/Referenced indirectly,Assets/Furniture Mega Pack/Materials/Sofa/mat_Sofa29.mat,Large referenced/indirect asset,Do not delete until Unity dependency check confirms,High-risk deletion
Assets/YughuesFreeCobbleMaterials/Textures/T_YFCM_08_s.tga,4194348,4.0 MB,Referenced,Required/Referenced indirectly,Assets/YughuesFreeCobbleMaterials/Materials/M_YFCM_08.mat,Large referenced/indirect asset,Do not delete until Unity dependency check confirms,High-risk deletion
Assets/YughuesFreeCobbleMaterials/Textures/T_YFCM_11_s.tga,4194348,4.0 MB,Referenced,Required/Referenced indirectly,Assets/YughuesFreeCobbleMaterials/Materials/M_YFCM_11.mat,Large referenced/indirect asset,Do not delete until Unity dependency check confirms,High-risk deletion
Assets/YughuesFreeCobbleMaterials/Textures/T_YFCM_13_s.tga,4194348,4.0 MB,Referenced,Required/Referenced indirectly,Assets/YughuesFreeCobbleMaterials/Materials/M_YFCM_13.mat,Large referenced/indirect asset,Do not delete until Unity dependency check confirms,High-risk deletion
Assets/YughuesFreeCobbleMaterials/Textures/T_YFCM_12_s.tga,4194348,4.0 MB,Referenced,Required/Referenced indirectly,Assets/YughuesFreeCobbleMaterials/Materials/M_YFCM_12.mat,Large referenced/indirect asset,Do not delete until Unity dependency check confirms,High-risk deletion
Assets/YughuesFreeCobbleMaterials/Textures/T_YFCM_09_s.tga,4194348,4.0 MB,A: no text/GUID refs found,"Likely safe, verify in Unity",,No GUID/text reference found by static scan,Do not delete until Unity dependency check confirms,Verify in Unity
Assets/YughuesFreeCobbleMaterials/Textures/T_YFCM_10_s.tga,4194348,4.0 MB,Referenced,Required/Referenced indirectly,Assets/YughuesFreeCobbleMaterials/Materials/M_YFCM_10.mat,Large referenced/indirect asset,Do not delete until Unity dependency check confirms,High-risk deletion
Assets/YughuesFreeCobbleMaterials/Textures/T_YFCM_05_s.tga,4194348,4.0 MB,Referenced,Required/Referenced indirectly,Assets/YughuesFreeCobbleMaterials/Materials/M_YFCM_05.mat,Large referenced/indirect asset,Do not delete until Unity dependency check confirms,High-risk deletion
Assets/YughuesFreeCobbleMaterials/Textures/T_YFCM_07_s.tga,4194348,4.0 MB,Referenced,Required/Referenced indirectly,Assets/YughuesFreeCobbleMaterials/Materials/M_YFCM_07.mat,Large referenced/indirect asset,Do not delete until Unity dependency check confirms,High-risk deletion
Assets/YughuesFreeCobbleMaterials/Textures/T_YFCM_03_s.tga,4194348,4.0 MB,Referenced,Required/Referenced indirectly,Assets/YughuesFreeCobbleMaterials/Materials/M_YFCM_03.mat,Large referenced/indirect asset,Do not delete until Unity dependency check confirms,High-risk deletion
Assets/YughuesFreeCobbleMaterials/Textures/T_YFCM_01_s.tga,4194348,4.0 MB,Referenced,Required/Referenced indirectly,Assets/YughuesFreeCobbleMaterials/Materials/M_YFCM_01.mat,Large referenced/indirect asset,Do not delete until Unity dependency check confirms,High-risk deletion
Assets/YughuesFreeCobbleMaterials/Textures/T_YFCM_06_s.tga,4194348,4.0 MB,Referenced,Required/Referenced indirectly,Assets/YughuesFreeCobbleMaterials/Materials/M_YFCM_06.mat; Assets/YughuesFreeCobbleMaterials/Materials/M_YFCM_09.mat,Large referenced/indirect asset,Do not delete until Unity dependency check confirms,High-risk deletion
Assets/YughuesFreeCobbleMaterials/Textures/T_YFCM_04_s.tga,4194348,4.0 MB,Referenced,Required/Referenced indirectly,Assets/YughuesFreeCobbleMaterials/Materials/M_YFCM_04.mat,Large referenced/indirect asset,Do not delete until Unity dependency check confirms,High-risk deletion
Assets/YughuesFreeCobbleMaterials/Textures/T_YFCM_02_s.tga,4194348,4.0 MB,Referenced,Required/Referenced indirectly,Assets/YughuesFreeCobbleMaterials/Materials/M_YFCM_02.mat,Large referenced/indirect asset,Do not delete until Unity dependency check confirms,High-risk deletion
Assets/Idyllic Italian Coast Town/Textures/M_attachments_stone_MaskMap.png,4193225,4.0 MB,Referenced,Required/Referenced indirectly,Assets/Idyllic Italian Coast Town/Materials/M_attachments_stone 1.mat; Assets/Idyllic Italian Coast Town/Materials/M_attachments_stone.mat,Large referenced/indirect asset,Do not delete until Unity dependency check confirms,High-risk deletion
Assets/Idyllic Italian Coast Town/Textures/M_canopies02_Normal.png,4190537,4.0 MB,Referenced,Required/Referenced indirectly,Assets/Idyllic Italian Coast Town/Materials/M_canopies.mat,Large referenced/indirect asset,Do not delete until Unity dependency check confirms,High-risk deletion
Assets/BCaT_assets/BTMMP_Workstation_Assembly/notebook.glb,4185300,4.0 MB,Referenced,Required/Referenced indirectly,Assets/BH_XR_MainScene.unity; Assets/_Recovery/0 (1).unity; Assets/_Recovery/0 (10).unity; Assets/_Recovery/0 (11).unity; Assets/_Recovery/0 (13).unity; Assets/_Recovery/0 (14).unity; Assets/_Recovery/0 (15).unity; Assets/_Recovery/0 (16).unity; Assets/_Recovery/0 (17).unity; Assets/_Recovery/0 (18).unity; Assets/_Recovery/0 (2).unity; Assets/_Recovery/0 (21).unity; Assets/_Recovery/0 (22).unity; Assets/_Recovery/0 (23).unity; Assets/_Recovery/0 (3).unity; Assets/_Recovery/0 (5).unity; Assets/_Recovery/0 (6).unity; Assets/_Recovery/0 (7).unity; Assets/_Recovery/0 (8).unity; Assets/_Recovery/0 (9).unity,Large referenced/indirect asset,Do not delete until Unity dependency check confirms,High-risk deletion
Assets/Furniture Mega Pack/Textures/Chairs/Chair08/Chair08_mat_Chair08_Normal.png,4171917,4.0 MB,Referenced,Required/Referenced indirectly,Assets/Furniture Mega Pack/Materials/Chair/mat_Chair08.mat,Large referenced/indirect asset,Do not delete until Unity dependency check confirms,High-risk deletion
Assets/Furniture Mega Pack/Textures/Chairs/Chair44/Chair44_mat_Chair44_AlbedoTransparency.png,4168132,4.0 MB,Referenced,Required/Referenced indirectly,Assets/Furniture Mega Pack/Materials/Chair/mat_Chair44.mat,Large referenced/indirect asset,Do not delete until Unity dependency check confirms,High-risk deletion
Assets/Furniture Mega Pack/Textures/Tables/Table17/Table17_mat_Table17_AlbedoTransparency.png,4162164,4.0 MB,Referenced,Required/Referenced indirectly,Assets/Furniture Mega Pack/Materials/Table/mat_Table17.mat,Large referenced/indirect asset,Do not delete until Unity dependency check confirms,High-risk deletion
Assets/Furniture Mega Pack/Textures/Sofas/Sofa17/Sofa17_mat_Sofa17_AlbedoTransparency.png,4160459,4.0 MB,Referenced,Required/Referenced indirectly,Assets/Furniture Mega Pack/Materials/Sofa/mat_Sofa17.mat,Large referenced/indirect asset,Do not delete until Unity dependency check confirms,High-risk deletion
Assets/Idyllic Italian Coast Town/Textures/M_canopies_Normal.png,4154722,4.0 MB,Referenced,Required/Referenced indirectly,Assets/Idyllic Italian Coast Town/Materials/M_canopies 1.mat,Large referenced/indirect asset,Do not delete until Unity dependency check confirms,High-risk deletion
Assets/Furniture Mega Pack/Textures/Tables/Table31/Table31_mat_Table31_Normal.png,4152549,4.0 MB,Referenced,Required/Referenced indirectly,Assets/Furniture Mega Pack/Materials/Table/mat_Table31.mat,Large referenced/indirect asset,Do not delete until Unity dependency check confirms,High-risk deletion
Assets/Furniture Mega Pack/Textures/Chairs/Chair18/Chair18_mat_Chair18_Normal.png,4140514,3.9 MB,Referenced,Required/Referenced indirectly,Assets/Furniture Mega Pack/Materials/Chair/mat_Chair18.mat,Large referenced/indirect asset,Do not delete until Unity dependency check confirms,High-risk deletion
Assets/Furniture Mega Pack/Textures/Chairs/Chair13/Chair13_mat_Chair13_AlbedoTransparency.png,4135790,3.9 MB,Referenced,Required/Referenced indirectly,Assets/Furniture Mega Pack/Materials/Chair/mat_Chair13.mat,Large referenced/indirect asset,Do not delete until Unity dependency check confirms,High-risk deletion
Assets/RealBlend/Art/Materials/Textures/WhitePlaster.png,4122921,3.9 MB,Referenced,Required/Referenced indirectly,Assets/RealBlend/Art/Materials/BuiltIn/VariationExampleBuilt-In.mat; Assets/RealBlend/Art/Materials/HDRP/5BlendExample.mat; Assets/RealBlend/Art/Materials/HDRP/VariationExample.mat; Assets/RealBlend/Art/Materials/HDRP/VariationExample_ExperimentalSPOM.mat; Assets/RealBlend/Art/Materials/URP/VariationExampleURP.mat,Large referenced/indirect asset,Do not delete until Unity dependency check confirms,High-risk deletion
Assets/Furniture Mega Pack/Textures/Tables/Table30/Table30_mat_Table30_Normal.png,4106381,3.9 MB,Referenced,Required/Referenced indirectly,Assets/Furniture Mega Pack/Materials/Table/mat_Table30.mat,Large referenced/indirect asset,Do not delete until Unity dependency check confirms,High-risk deletion
Assets/Furniture Mega Pack/Textures/Sofas/Sofa16/Sofa16_mat_Sofa16_AlbedoTransparency.png,4096375,3.9 MB,Referenced,Required/Referenced indirectly,Assets/Furniture Mega Pack/Materials/Sofa/mat_Sofa16.mat,Large referenced/indirect asset,Do not delete until Unity dependency check confirms,High-risk deletion
Assets/Furniture Mega Pack/Textures/Sofas/Sofa37/Sofa37_mat_Sofa37_AlbedoTransparency.png,4083498,3.9 MB,Referenced,Required/Referenced indirectly,Assets/Furniture Mega Pack/Materials/Sofa/mat_Sofa37.mat,Large referenced/indirect asset,Do not delete until Unity dependency check confirms,High-risk deletion
Assets/Furniture Mega Pack/Textures/Chairs/Chair29/Chair29_mat_Chair29_Normal.png,4073084,3.9 MB,Referenced,Required/Referenced indirectly,Assets/Furniture Mega Pack/Materials/Chair/mat_Chair29.mat,Large referenced/indirect asset,Do not delete until Unity dependency check confirms,High-risk deletion
Assets/Idyllic Italian Coast Town/Textures/M_attachments_metal_BaseMap.png,4048267,3.9 MB,Referenced,Required/Referenced indirectly,Assets/Idyllic Italian Coast Town/Materials/M_attachments_metal.mat,Large referenced/indirect asset,Do not delete until Unity dependency check confirms,High-risk deletion
Assets/Furniture Mega Pack/Textures/Tables/Table13/Table13_mat_Table13_AlbedoTransparency.png,3971551,3.8 MB,Referenced,Required/Referenced indirectly,Assets/Furniture Mega Pack/Materials/Table/mat_Table13.mat,Large referenced/indirect asset,Do not delete until Unity dependency check confirms,High-risk deletion
Assets/Furniture Mega Pack/Textures/Tables/Table04/Table04_mat_Table04_AlbedoTransparency.png,3967222,3.8 MB,Referenced,Required/Referenced indirectly,Assets/Furniture Mega Pack/Materials/Table/mat_Table04.mat,Large referenced/indirect asset,Do not delete until Unity dependency check confirms,High-risk deletion
Assets/BCAT_GLB_TextureRemediation/generic_tulip_flower/Texture_2 _02.png,3965650,3.8 MB,A: no text/GUID refs found,"Likely safe, verify in Unity",,No GUID/text reference found by static scan,Do not delete until Unity dependency check confirms,Verify in Unity
Assets/DevDen Arch Viz Scotland/Textures/Kitchen Room/Knife Holder/Knife Holder_AlbedoTransparency.png,3957216,3.8 MB,Referenced,Required/Referenced indirectly,Assets/DevDen Arch Viz Scotland/Materials/Kitchen Room/Knife_Holder_mat.mat; Assets/HyTeKGames/SRPMaterialConverter/ConvertedMaterials/Knife_Holder_mat.mat,Large referenced/indirect asset,Do not delete until Unity dependency check confirms,High-risk deletion
Assets/Furniture Mega Pack/Textures/Chairs/Chair31/Chair31_mat_Chair31_Normal.png,3938152,3.8 MB,Referenced,Required/Referenced indirectly,Assets/Furniture Mega Pack/Materials/Chair/mat_Chair31.mat,Large referenced/indirect asset,Do not delete until Unity dependency check confirms,High-risk deletion
Assets/Shaded Spectrum/Cozy Interiors Demo Pack/Textures/Oak Ladder Shelf Panels/OakLadderShelfPanelsAmbientOcclusionMap.png,3933163,3.8 MB,A: no text/GUID refs found,"Likely safe, verify in Unity",,No GUID/text reference found by static scan,Do not delete until Unity dependency check confirms,Verify in Unity
Assets/Idyllic Italian Coast Town/Scenes/Demo Italy.unity,3930756,3.7 MB,A: no text/GUID refs found,"Likely safe, verify in Unity",,No GUID/text reference found by static scan,Do not delete until Unity dependency check confirms,Verify in Unity
Assets/Furniture Mega Pack/Textures/Sofas/Sofa23/Sofa23_mat_Sofa23_AlbedoTransparency.png,3926259,3.7 MB,Referenced,Required/Referenced indirectly,Assets/Furniture Mega Pack/Materials/Sofa/mat_Sofa23.mat,Large referenced/indirect asset,Do not delete until Unity dependency check confirms,High-risk deletion
Assets/DevDen Arch Viz Scotland/Textures/Kitchen Room/Chopboard/Chopboard_AlbedoTransparency.png,3921287,3.7 MB,Referenced,Required/Referenced indirectly,Assets/DevDen Arch Viz Scotland/Materials/Kitchen Room/Chopboard_mat.mat; Assets/HyTeKGames/SRPMaterialConverter/ConvertedMaterials/Chopboard_mat.mat,Large referenced/indirect asset,Do not delete until Unity dependency check confirms,High-risk deletion
Assets/Furniture Mega Pack/Textures/Chairs/Chair46/Chair46_mat_Chair46_AlbedoTransparency.png,3916588,3.7 MB,Referenced,Required/Referenced indirectly,Assets/Furniture Mega Pack/Materials/Chair/mat_Chair46.mat,Large referenced/indirect asset,Do not delete until Unity dependency check confirms,High-risk deletion
Assets/Furniture Mega Pack/Textures/Sofas/Sofa04/Sofa04_mat_Sofa04_AlbedoTransparency.png,3914855,3.7 MB,Referenced,Required/Referenced indirectly,Assets/Furniture Mega Pack/Materials/Sofa/mat_Sofa04.mat,Large referenced/indirect asset,Do not delete until Unity dependency check confirms,High-risk deletion
Assets/DevDen Arch Viz Scotland/Textures/Living Room/Laptop/laptop_DefaultMaterial_AlbedoTransparency.png,3909074,3.7 MB,Referenced,Required/Referenced indirectly,Assets/DevDen Arch Viz Scotland/Materials/Living Room/laptop.mat; Assets/HyTeKGames/SRPMaterialConverter/ConvertedMaterials/laptop.mat,Large referenced/indirect asset,Do not delete until Unity dependency check confirms,High-risk deletion
Assets/Furniture Mega Pack/Textures/Sofas/Sofa35/Sofa35_mat_Sofa35_MetallicSmoothness.png,3898397,3.7 MB,Referenced,Required/Referenced indirectly,Assets/Furniture Mega Pack/Materials/Sofa/mat_Sofa35.mat,Large referenced/indirect asset,Do not delete until Unity dependency check confirms,High-risk deletion
Assets/Furniture Mega Pack/Textures/Sofas/Sofa27/Sofa27_mat_Sofa27_AlbedoTransparency.png,3891251,3.7 MB,Referenced,Required/Referenced indirectly,Assets/Furniture Mega Pack/Materials/Sofa/mat_Sofa27.mat,Large referenced/indirect asset,Do not delete until Unity dependency check confirms,High-risk deletion
Assets/Furniture Mega Pack/Textures/Chairs/Chair27/Chair27_mat_Chair27_Normal.png,3871488,3.7 MB,Referenced,Required/Referenced indirectly,Assets/Furniture Mega Pack/Materials/Chair/mat_Chair27.mat,Large referenced/indirect asset,Do not delete until Unity dependency check confirms,High-risk deletion
Assets/Furniture Mega Pack/Textures/Tables/Table08/Table08_mat_Table08_Normal.png,3867458,3.7 MB,Referenced,Required/Referenced indirectly,Assets/Furniture Mega Pack/Materials/Table/mat_Table08.mat,Large referenced/indirect asset,Do not delete until Unity dependency check confirms,High-risk deletion
Assets/Furniture Mega Pack/Textures/Tables/Table27/Table27_mat_Table27_AlbedoTransparency.png,3859905,3.7 MB,Referenced,Required/Referenced indirectly,Assets/Furniture Mega Pack/Materials/Table/mat_Table27.mat,Large referenced/indirect asset,Do not delete until Unity dependency check confirms,High-risk deletion
Assets/Shaded Spectrum/Cozy Interiors Demo Pack/Textures/Oak Ladder Shelf Panels/OakLadderShelfPanelsDisplacementMap.png,3859240,3.7 MB,A: no text/GUID refs found,"Likely safe, verify in Unity",,No GUID/text reference found by static scan,Do not delete until Unity dependency check confirms,Verify in Unity
Assets/Furniture Mega Pack/Textures/Tables/Table18/Table18_mat_Table18_AlbedoTransparency.png,3859221,3.7 MB,Referenced,Required/Referenced indirectly,Assets/Furniture Mega Pack/Materials/Table/mat_Table18.mat,Large referenced/indirect asset,Do not delete until Unity dependency check confirms,High-risk deletion
Assets/Shaded Spectrum/Cozy Interiors Demo Pack/Textures/Coarse Burlap Upholstery/CoarseBurlapUpholsteryAmbientOcclusionMap.png,3850400,3.7 MB,A: no text/GUID refs found,"Likely safe, verify in Unity",,No GUID/text reference found by static scan,Do not delete until Unity dependency check confirms,Verify in Unity
Assets/Furniture Mega Pack/Textures/Tables/Table40/Table40_mat_Table40_AlbedoTransparency.png,3839411,3.7 MB,Referenced,Required/Referenced indirectly,Assets/Furniture Mega Pack/Materials/Table/mat_Table40.mat,Large referenced/indirect asset,Do not delete until Unity dependency check confirms,High-risk deletion
Assets/Furniture Mega Pack/Textures/Tables/Table26/Table26_mat_Table26_Normal.png,3835826,3.7 MB,Referenced,Required/Referenced indirectly,Assets/Furniture Mega Pack/Materials/Table/mat_Table26.mat,Large referenced/indirect asset,Do not delete until Unity dependency check confirms,High-risk deletion
Assets/Furniture Mega Pack/Textures/Tables/Table28/Table28_mat_Table28_AlbedoTransparency.png,3830850,3.7 MB,Referenced,Required/Referenced indirectly,Assets/Furniture Mega Pack/Materials/Table/mat_Table28.mat,Large referenced/indirect asset,Do not delete until Unity dependency check confirms,High-risk deletion
Assets/DevDen Arch Viz Scotland/Models/Kitchen Room/side_piece.fbx,3809312,3.6 MB,Referenced,Required/Referenced indirectly,Assets/DevDen Arch Viz Scotland/Prefabs/Kitchen Room/Kitchen_Cabinet-2.prefab; Assets/DevDen Arch Viz Scotland/Scenes/ArchViz.unity,Large referenced/indirect asset,Do not delete until Unity dependency check confirms,High-risk deletion
Assets/Furniture Mega Pack/Textures/Tables/Table26/Table26_mat_Table26_AlbedoTransparency.png,3790413,3.6 MB,Referenced,Required/Referenced indirectly,Assets/Furniture Mega Pack/Materials/Table/mat_Table26.mat,Large referenced/indirect asset,Do not delete until Unity dependency check confirms,High-risk deletion
Assets/Furniture Mega Pack/Textures/Chairs/Chair28/Chair28_mat_Chair28_Normal.png,3779716,3.6 MB,Referenced,Required/Referenced indirectly,Assets/Furniture Mega Pack/Materials/Chair/mat_Chair28.mat,Large referenced/indirect asset,Do not delete until Unity dependency check confirms,High-risk deletion
Assets/Furniture Mega Pack/Textures/Tables/Table24/Table24_mat_Table24_AlbedoTransparency.png,3776177,3.6 MB,Referenced,Required/Referenced indirectly,Assets/Furniture Mega Pack/Materials/Table/mat_Table24.mat,Large referenced/indirect asset,Do not delete until Unity dependency check confirms,High-risk deletion
Assets/Shaded Spectrum/Cozy Interiors Demo Pack/Textures/Cracked Terracotta Floor/CrackedTerracottaFloorAmbientOcclusionMap.png,3760864,3.6 MB,A: no text/GUID refs found,"Likely safe, verify in Unity",,No GUID/text reference found by static scan,Do not delete until Unity dependency check confirms,Verify in Unity
Assets/Furniture Mega Pack/Textures/Tables/Table21/Table21_mat_Table21_Normal.png,3745243,3.6 MB,Referenced,Required/Referenced indirectly,Assets/Furniture Mega Pack/Materials/Table/mat_Table21.mat,Large referenced/indirect asset,Do not delete until Unity dependency check confirms,High-risk deletion
Assets/Idyllic Italian Coast Town/Textures/M_attachments_tech_MaskMap.png,3743990,3.6 MB,Referenced,Required/Referenced indirectly,Assets/Idyllic Italian Coast Town/Materials/M_attachments_tech.mat,Large referenced/indirect asset,Do not delete until Unity dependency check confirms,High-risk deletion
Assets/Furniture Mega Pack/Textures/Tables/Table07/Table07_mat_Table07_Normal.png,3735573,3.6 MB,Referenced,Required/Referenced indirectly,Assets/Furniture Mega Pack/Materials/Table/mat_Table07.mat,Large referenced/indirect asset,Do not delete until Unity dependency check confirms,High-risk deletion
Assets/Shaded Spectrum/Cozy Interiors Demo Pack/Textures/Gingham Kitchen Linen/GinghamKitchenLinenAmbientOcclusionMap.png,3728242,3.6 MB,Referenced,Required/Referenced indirectly,Assets/Shaded Spectrum/Cozy Interiors Demo Pack/Materials/Gingham Kitchen Linen.mat,Large referenced/indirect asset,Do not delete until Unity dependency check confirms,High-risk deletion
Assets/Furniture Mega Pack/Textures/Chairs/Chair35/Chair35_mat_Chair35_Normal.png,3714823,3.5 MB,Referenced,Required/Referenced indirectly,Assets/Furniture Mega Pack/Materials/Chair/mat_Chair35.mat,Large referenced/indirect asset,Do not delete until Unity dependency check confirms,High-risk deletion
Assets/Furniture Mega Pack/Textures/Chairs/Chair34/Chair34_mat_Chair34_Normal.png,3714823,3.5 MB,Referenced,Required/Referenced indirectly,Assets/Furniture Mega Pack/Materials/Chair/mat_Chair34.mat,Large referenced/indirect asset,Do not delete until Unity dependency check confirms,High-risk deletion
Assets/DevDen Arch Viz Scotland/Textures/Common/SmallObj/trash-can_normal.png,3703805,3.5 MB,Referenced,Required/Referenced indirectly,Assets/DevDen Arch Viz Scotland/Materials/Dining Room/trash-can.mat; Assets/HyTeKGames/SRPMaterialConverter/ConvertedMaterials/trash-can.mat,Large referenced/indirect asset,Do not delete until Unity dependency check confirms,High-risk deletion
Assets/Furniture Mega Pack/Textures/Sofas/Sofa21/Sofa21_mat_Sofa21_AlbedoTransparency.png,3700257,3.5 MB,Referenced,Required/Referenced indirectly,Assets/Furniture Mega Pack/Materials/Sofa/mat_Sofa21.mat,Large referenced/indirect asset,Do not delete until Unity dependency check confirms,High-risk deletion
Assets/Shaded Spectrum/Cozy Interiors Demo Pack/Textures/Coarse Burlap Upholstery/CoarseBurlapUpholsteryDisplacementMap.png,3692367,3.5 MB,A: no text/GUID refs found,"Likely safe, verify in Unity",,No GUID/text reference found by static scan,Do not delete until Unity dependency check confirms,Verify in Unity
Assets/Idyllic Italian Coast Town/Textures/M_windows_italian_BaseMap.png,3686448,3.5 MB,Referenced,Required/Referenced indirectly,Assets/Idyllic Italian Coast Town/Materials/M_windows.mat,Large referenced/indirect asset,Do not delete until Unity dependency check confirms,High-risk deletion
Assets/Furniture Mega Pack/FBX/Sofa/Sofa12.fbx,3673260,3.5 MB,Referenced,Required/Referenced indirectly,Assets/Furniture Mega Pack/Prefabs/Sofas/Sofa12.prefab,Large referenced/indirect asset,Do not delete until Unity dependency check confirms,High-risk deletion
Assets/Furniture Mega Pack/Textures/Chairs/Chair37/Chair37_mat_Chair37_AlbedoTransparency.png,3665272,3.5 MB,Referenced,Required/Referenced indirectly,Assets/Furniture Mega Pack/Materials/Chair/mat_Chair37.mat,Large referenced/indirect asset,Do not delete until Unity dependency check confirms,High-risk deletion
Assets/Furniture Mega Pack/Textures/Sofas/Sofa13/Sofa13_mat_Sofa13_AlbedoTransparency.png,3660447,3.5 MB,Referenced,Required/Referenced indirectly,Assets/Furniture Mega Pack/Materials/Sofa/mat_Sofa13.mat,Large referenced/indirect asset,Do not delete until Unity dependency check confirms,High-risk deletion
Assets/Furniture Mega Pack/Textures/Chairs/Chair24/Chair24_mat_Chair24_Normal.png,3659888,3.5 MB,Referenced,Required/Referenced indirectly,Assets/Furniture Mega Pack/Materials/Chair/mat_Chair24.mat,Large referenced/indirect asset,Do not delete until Unity dependency check confirms,High-risk deletion
Assets/Furniture Mega Pack/Textures/Bed/Mattress/AtlasTexture_Mattress_DefaultMaterial_AlbedoTransparency.png,3650635,3.5 MB,Referenced,Required/Referenced indirectly,Assets/Furniture Mega Pack/Materials/Bathroom/mat_Bathroom.mat; Assets/Furniture Mega Pack/Materials/Bed/mat_Mattress.mat,Large referenced/indirect asset,Do not delete until Unity dependency check confirms,High-risk deletion
Assets/Shaded Spectrum/Cozy Interiors Demo Pack/Textures/Gingham Kitchen Linen/GinghamKitchenLinenDisplacementMap.png,3644957,3.5 MB,Referenced,Required/Referenced indirectly,Assets/Shaded Spectrum/Cozy Interiors Demo Pack/Materials/Gingham Kitchen Linen.mat,Large referenced/indirect asset,Do not delete until Unity dependency check confirms,High-risk deletion
Assets/Furniture Mega Pack/Textures/Chairs/Chair10/Chair10_mat_Chair10_AlbedoTransparency.png,3640069,3.5 MB,Referenced,Required/Referenced indirectly,Assets/Furniture Mega Pack/Materials/Chair/mat_Chair10.mat,Large referenced/indirect asset,Do not delete until Unity dependency check confirms,High-risk deletion
Assets/Shaded Spectrum/Cozy Interiors Demo Pack/Textures/Cracked Terracotta Floor/CrackedTerracottaFloorDisplacementMap.png,3636341,3.5 MB,A: no text/GUID refs found,"Likely safe, verify in Unity",,No GUID/text reference found by static scan,Do not delete until Unity dependency check confirms,Verify in Unity
Assets/Furniture Mega Pack/Textures/Chairs/Chair47/Chair47_mat_Chair47_AlbedoTransparency.png,3633489,3.5 MB,Referenced,Required/Referenced indirectly,Assets/Furniture Mega Pack/Materials/Chair/mat_Chair47.mat,Large referenced/indirect asset,Do not delete until Unity dependency check confirms,High-risk deletion
Assets/Idyllic Italian Coast Town/Textures/M_floortiles_terracotta_Normal.png,3629557,3.5 MB,Referenced,Required/Referenced indirectly,Assets/Idyllic Italian Coast Town/Materials/M_floortiles_ceramic 1.mat,Large referenced/indirect asset,Do not delete until Unity dependency check confirms,High-risk deletion
Assets/Furniture Mega Pack/Textures/Chairs/Chair26/Chair26_mat_Chair26_Normal.png,3618054,3.5 MB,Referenced,Required/Referenced indirectly,Assets/Furniture Mega Pack/Materials/Chair/mat_Chair26.mat,Large referenced/indirect asset,Do not delete until Unity dependency check confirms,High-risk deletion
Assets/Furniture Mega Pack/Textures/Sofas/Sofa30/Sofa30_mat_Sofa30_AlbedoTransparency.png,3614512,3.4 MB,Referenced,Required/Referenced indirectly,Assets/Furniture Mega Pack/Materials/Sofa/mat_Sofa30.mat,Large referenced/indirect asset,Do not delete until Unity dependency check confirms,High-risk deletion
Assets/Furniture Mega Pack/Textures/Tables/Table36/Table36_mat_Table36_AlbedoTransparency.png,3608459,3.4 MB,Referenced,Required/Referenced indirectly,Assets/Furniture Mega Pack/Materials/Table/mat_Table36.mat,Large referenced/indirect asset,Do not delete until Unity dependency check confirms,High-risk deletion
Assets/Idyllic Italian Coast Town/Textures/M_floortiles_ceramic_Normal.png,3607833,3.4 MB,Referenced,Required/Referenced indirectly,Assets/Idyllic Italian Coast Town/Materials/M_floortiles_ceramic 2.mat; Assets/Idyllic Italian Coast Town/Materials/M_floortiles_ceramic 3.mat; Assets/Idyllic Italian Coast Town/Materials/M_floortiles_ceramic.mat,Large referenced/indirect asset,Do not delete until Unity dependency check confirms,High-risk deletion
Assets/Coconut Palm Tree Pack/Textures/Coconut_Palm_Tree_AFS.psd,3606262,3.4 MB,Referenced,Required/Referenced indirectly,Assets/Coconut Palm Tree Pack/Materials/Coconut_Palm_Tree_AFS.mat; Assets/Coconut Palm Tree Pack/Materials/leaf.mat,Large referenced/indirect asset,Do not delete until Unity dependency check confirms,High-risk deletion
Assets/Furniture Mega Pack/Textures/Chairs/Chair25/Chair25_mat_Chair25_MetallicSmoothness.png,3589357,3.4 MB,Referenced,Required/Referenced indirectly,Assets/Furniture Mega Pack/Materials/Chair/mat_Chair25.mat,Large referenced/indirect asset,Do not delete until Unity dependency check confirms,High-risk deletion
Assets/Idyllic Italian Coast Town/Textures/M_chairs_Normal.png,3579351,3.4 MB,Referenced,Required/Referenced indirectly,Assets/Idyllic Italian Coast Town/Materials/M_chairs.mat,Large referenced/indirect asset,Do not delete until Unity dependency check confirms,High-risk deletion
Assets/Furniture Mega Pack/Textures/Sofas/Sofa34/Sofa34_mat_Sofa34_MetallicSmoothness.png,3579337,3.4 MB,Referenced,Required/Referenced indirectly,Assets/Furniture Mega Pack/Materials/Sofa/mat_Sofa34.mat,Large referenced/indirect asset,Do not delete until Unity dependency check confirms,High-risk deletion
Assets/Furniture Mega Pack/Textures/Tables/Table36/Table36_mat_Table36_Normal.png,3576592,3.4 MB,Referenced,Required/Referenced indirectly,Assets/Furniture Mega Pack/Materials/Table/mat_Table36.mat,Large referenced/indirect asset,Do not delete until Unity dependency check confirms,High-risk deletion
Assets/Furniture Mega Pack/Textures/Sofas/SectionalSofaLeather/SectionalSofaLeather_mat_SectionalSofaLeather_Normal.png,3560791,3.4 MB,Referenced,Required/Referenced indirectly,Assets/Furniture Mega Pack/Materials/Sofa/mat_SectionalSofaLeather.mat,Large referenced/indirect asset,Do not delete until Unity dependency check confirms,High-risk deletion
Assets/Furniture Mega Pack/Textures/Chairs/Chair30/Chair30_mat_Chair30_Normal.png,3553092,3.4 MB,Referenced,Required/Referenced indirectly,Assets/Furniture Mega Pack/Materials/Chair/mat_Chair30.mat,Large referenced/indirect asset,Do not delete until Unity dependency check confirms,High-risk deletion
Assets/Furniture Mega Pack/Textures/Tables/Table40/Table40_mat_Table40_Normal.png,3549692,3.4 MB,Referenced,Required/Referenced indirectly,Assets/Furniture Mega Pack/Materials/Table/mat_Table40.mat,Large referenced/indirect asset,Do not delete until Unity dependency check confirms,High-risk deletion
Assets/Furniture Mega Pack/Textures/Tables/Table23/Table23_mat_Table23_AlbedoTransparency.png,3540457,3.4 MB,Referenced,Required/Referenced indirectly,Assets/Furniture Mega Pack/Materials/Table/mat_Table23.mat,Large referenced/indirect asset,Do not delete until Unity dependency check confirms,High-risk deletion
Assets/Furniture Mega Pack/Textures/Sofas/Sofa28/Sofa28_mat_Sofa28_AlbedoTransparency.png,3532782,3.4 MB,Referenced,Required/Referenced indirectly,Assets/Furniture Mega Pack/Materials/Sofa/mat_Sofa28.mat,Large referenced/indirect asset,Do not delete until Unity dependency check confirms,High-risk deletion
Assets/Furniture Mega Pack/Textures/Chairs/Chair07/Chair07_mat_Chair07_Normal.png,3529507,3.4 MB,Referenced,Required/Referenced indirectly,Assets/Furniture Mega Pack/Materials/Chair/mat_Chair07.mat,Large referenced/indirect asset,Do not delete until Unity dependency check confirms,High-risk deletion
Assets/Furniture Mega Pack/Textures/Tables/Table39/Table39_mat_Table39_MetallicSmoothness.png,3523109,3.4 MB,Referenced,Required/Referenced indirectly,Assets/Furniture Mega Pack/Materials/Table/mat_Table39.mat,Large referenced/indirect asset,Do not delete until Unity dependency check confirms,High-risk deletion
Assets/Furniture Mega Pack/Textures/Chairs/Chair11/Chair11_mat_Chair11_AlbedoTransparency.png,3516617,3.4 MB,Referenced,Required/Referenced indirectly,Assets/Furniture Mega Pack/Materials/Chair/mat_Chair11.mat,Large referenced/indirect asset,Do not delete until Unity dependency check confirms,High-risk deletion
Assets/Furniture Mega Pack/Textures/Tables/Table06/Table06_mat_Table06_Normal.png,3472976,3.3 MB,Referenced,Required/Referenced indirectly,Assets/Furniture Mega Pack/Materials/Table/mat_Table06.mat,Large referenced/indirect asset,Do not delete until Unity dependency check confirms,High-risk deletion
Assets/Furniture Mega Pack/FBX/Chair/Chair50.fbx,3466780,3.3 MB,Referenced,Required/Referenced indirectly,Assets/Furniture Mega Pack/Prefabs/Chairs/Chair50.prefab,Large referenced/indirect asset,Do not delete until Unity dependency check confirms,High-risk deletion
Assets/Furniture Mega Pack/Textures/Chairs/Chair33/Chair33_mat_Chair33_Normal.png,3464939,3.3 MB,Referenced,Required/Referenced indirectly,Assets/Furniture Mega Pack/Materials/Chair/mat_Chair33.mat,Large referenced/indirect asset,Do not delete until Unity dependency check confirms,High-risk deletion
Assets/Idyllic Italian Coast Town/Textures/M_boat_kit_Normal.png,3463901,3.3 MB,Referenced,Required/Referenced indirectly,Assets/Idyllic Italian Coast Town/Materials/M_boat 1.mat; Assets/Idyllic Italian Coast Town/Materials/M_boat.mat,Large referenced/indirect asset,Do not delete until Unity dependency check confirms,High-risk deletion
Assets/Furniture Mega Pack/Textures/Tables/Table42/Table42_mat_Table42_Normal.png,3461283,3.3 MB,Referenced,Required/Referenced indirectly,Assets/Furniture Mega Pack/Materials/Table/mat_Table42.mat,Large referenced/indirect asset,Do not delete until Unity dependency check confirms,High-risk deletion
Assets/Furniture Mega Pack/Textures/Sofas/Sofa15/Sofa15_mat_Sofa15_AlbedoTransparency.png,3455314,3.3 MB,Referenced,Required/Referenced indirectly,Assets/Furniture Mega Pack/Materials/Sofa/mat_Sofa15.mat,Large referenced/indirect asset,Do not delete until Unity dependency check confirms,High-risk deletion
Assets/Idyllic Italian Coast Town/Textures/M_attachments_metal_Normal.png,3451057,3.3 MB,Referenced,Required/Referenced indirectly,Assets/Idyllic Italian Coast Town/Materials/M_attachments_metal.mat,Large referenced/indirect asset,Do not delete until Unity dependency check confirms,High-risk deletion
Assets/Furniture Mega Pack/Textures/Chairs/Chair45/Chair45_mat_Chair45_AlbedoTransparency.png,3441808,3.3 MB,Referenced,Required/Referenced indirectly,Assets/Furniture Mega Pack/Materials/Chair/mat_Chair45.mat,Large referenced/indirect asset,Do not delete until Unity dependency check confirms,High-risk deletion
Assets/Idyllic Italian Coast Town/Textures/M_canopies_BaseMap.png,3439982,3.3 MB,Referenced,Required/Referenced indirectly,Assets/Idyllic Italian Coast Town/Materials/M_boat 1.mat; Assets/Idyllic Italian Coast Town/Materials/M_canopies 1.mat,Large referenced/indirect asset,Do not delete until Unity dependency check confirms,High-risk deletion
Assets/Furniture Mega Pack/Textures/Chairs/Chair05/Chair05_mat_Chair05_AlbedoTransparency.png,3426266,3.3 MB,Referenced,Required/Referenced indirectly,Assets/Furniture Mega Pack/Materials/Chair/mat_Chair05.mat,Large referenced/indirect asset,Do not delete until Unity dependency check confirms,High-risk deletion
Assets/Shaded Spectrum/Cozy Interiors Demo Pack/Textures/Mossy Flagstone Floor/MossyFlagstoneFloorAmbientOcclusionMap.png,3418086,3.3 MB,A: no text/GUID refs found,"Likely safe, verify in Unity",,No GUID/text reference found by static scan,Do not delete until Unity dependency check confirms,Verify in Unity
Assets/Furniture Mega Pack/FBX/Chair/Chair35.fbx,3415916,3.3 MB,Referenced,Required/Referenced indirectly,Assets/Furniture Mega Pack/Prefabs/Chairs/Chair35.prefab,Large referenced/indirect asset,Do not delete until Unity dependency check confirms,High-risk deletion
Assets/Furniture Mega Pack/FBX/Chair/Chair34.fbx,3415068,3.3 MB,Referenced,Required/Referenced indirectly,Assets/Furniture Mega Pack/Prefabs/Chairs/Chair34.prefab,Large referenced/indirect asset,Do not delete until Unity dependency check confirms,High-risk deletion
Assets/Idyllic Italian Coast Town/Textures/M_lemonstand_BaseMap.png,3413219,3.3 MB,Referenced,Required/Referenced indirectly,Assets/Idyllic Italian Coast Town/Materials/M_lemonstand 1.mat; Assets/Idyllic Italian Coast Town/Materials/M_lemonstand.mat,Large referenced/indirect asset,Do not delete until Unity dependency check confirms,High-risk deletion
Assets/Furniture Mega Pack/Textures/Tables/Table50/Table50_mat_Table50_Normal.png,3399886,3.2 MB,Referenced,Required/Referenced indirectly,Assets/Furniture Mega Pack/Materials/Table/mat_Table50.mat,Large referenced/indirect asset,Do not delete until Unity dependency check confirms,High-risk deletion
Assets/BCaT/Exhibits/BlackKitchen/Audio/exit_reflection.mp3,3399471,3.2 MB,Referenced,Required/Referenced indirectly,Assets/BCaT/Exhibits/BlackKitchen/Editor/BlackKitchenExperienceBuilder.cs; Assets/BCaT/Exhibits/BlackKitchen/Scenes/BlackKitchen_MemoryScene.unity,Large referenced/indirect asset,Do not delete until Unity dependency check confirms,High-risk deletion
Assets/Furniture Mega Pack/Textures/Cushions/Cushion49_50/Cushion49_50_mat_Cushion49_50_AlbedoTransparency.png,3384506,3.2 MB,Referenced,Required/Referenced indirectly,Assets/Furniture Mega Pack/Materials/Cushion/mat_Cushion49_50.mat,Large referenced/indirect asset,Do not delete until Unity dependency check confirms,High-risk deletion
Assets/Furniture Mega Pack/Textures/Tables/Table22/Table22_mat_Table22_AlbedoTransparency.png,3381728,3.2 MB,Referenced,Required/Referenced indirectly,Assets/Furniture Mega Pack/Materials/Table/mat_Table22.mat,Large referenced/indirect asset,Do not delete until Unity dependency check confirms,High-risk deletion
Assets/BCAT_GLB_TextureRemediation/generic_tulip_flower/Texture_0 _00.png,3381213,3.2 MB,A: no text/GUID refs found,"Likely safe, verify in Unity",,No GUID/text reference found by static scan,Do not delete until Unity dependency check confirms,Verify in Unity
Assets/Shaded Spectrum/Cozy Interiors Demo Pack/Textures/Mossy Flagstone Floor/MossyFlagstoneFloorDisplacementMap.png,3376621,3.2 MB,A: no text/GUID refs found,"Likely safe, verify in Unity",,No GUID/text reference found by static scan,Do not delete until Unity dependency check confirms,Verify in Unity
Assets/Idyllic Italian Coast Town/Textures/M_chairs_MaskMap.png,3376544,3.2 MB,Referenced,Required/Referenced indirectly,Assets/Idyllic Italian Coast Town/Materials/M_chairs.mat,Large referenced/indirect asset,Do not delete until Unity dependency check confirms,High-risk deletion
Assets/Furniture Mega Pack/Textures/Sofas/Sofa15/Sofa15_mat_Sofa15_MetallicSmoothness.png,3375783,3.2 MB,Referenced,Required/Referenced indirectly,Assets/Furniture Mega Pack/Materials/Sofa/mat_Sofa15.mat,Large referenced/indirect asset,Do not delete until Unity dependency check confirms,High-risk deletion
Assets/Furniture Mega Pack/Textures/Sofas/Sofa25/Sofa25_mat_Sofa25_Normal.png,3373724,3.2 MB,Referenced,Required/Referenced indirectly,Assets/Furniture Mega Pack/Materials/Sofa/mat_Sofa25.mat,Large referenced/indirect asset,Do not delete until Unity dependency check confirms,High-risk deletion
Assets/SubstanceAssets/LittleGamesPack/Textures/GamePieces/GamePieces_Mixed_AO.png,3364336,3.2 MB,Referenced,Required/Referenced indirectly,Assets/SubstanceAssets/LittleGamesPack/Materials/GamePieces.mat,Large referenced/indirect asset,Do not delete until Unity dependency check confirms,High-risk deletion
Assets/New Terrain.asset,3362092,3.2 MB,Referenced,Required/Referenced indirectly,Assets/BH_XR_MainScene.unity; Assets/_Recovery/0 (1).unity; Assets/_Recovery/0 (10).unity; Assets/_Recovery/0 (11).unity; Assets/_Recovery/0 (13).unity; Assets/_Recovery/0 (14).unity; Assets/_Recovery/0 (15).unity; Assets/_Recovery/0 (16).unity; Assets/_Recovery/0 (17).unity; Assets/_Recovery/0 (18).unity; Assets/_Recovery/0 (2).unity; Assets/_Recovery/0 (21).unity; Assets/_Recovery/0 (22).unity; Assets/_Recovery/0 (23).unity; Assets/_Recovery/0 (3).unity; Assets/_Recovery/0 (5).unity; Assets/_Recovery/0 (6).unity; Assets/_Recovery/0 (7).unity; Assets/_Recovery/0 (8).unity; Assets/_Recovery/0 (9).unity,Large referenced/indirect asset,Do not delete until Unity dependency check confirms,High-risk deletion
Assets/RealBlend/Demo/Scenes/HDRP_RealBlendSampleScene.unity,3352022,3.2 MB,A: no text/GUID refs found,"Likely safe, verify in Unity",,No GUID/text reference found by static scan,Do not delete until Unity dependency check confirms,Verify in Unity
Assets/Furniture Mega Pack/Textures/Tables/Table41/Table41_mat_Table41_Normal.png,3322512,3.2 MB,Referenced,Required/Referenced indirectly,Assets/Furniture Mega Pack/Materials/Table/mat_Table41.mat,Large referenced/indirect asset,Do not delete until Unity dependency check confirms,High-risk deletion
Assets/Furniture Mega Pack/Textures/Tables/Table40/Table40_mat_Table40_MetallicSmoothness.png,3321277,3.2 MB,Referenced,Required/Referenced indirectly,Assets/Furniture Mega Pack/Materials/Table/mat_Table40.mat,Large referenced/indirect asset,Do not delete until Unity dependency check confirms,High-risk deletion
Assets/Idyllic Italian Coast Town/Textures/M_shopsigns_small_Normal.png,3315639,3.2 MB,Referenced,Required/Referenced indirectly,Assets/Idyllic Italian Coast Town/Materials/M_shopsigns_small.mat,Large referenced/indirect asset,Do not delete until Unity dependency check confirms,High-risk deletion
Assets/DevDen Arch Viz Scotland/Textures/Environment/inner_wall/inner_wall_studyroom_floor3_AlbedoTransparency.png,3306609,3.2 MB,Referenced,Required/Referenced indirectly,Assets/DevDen Arch Viz Scotland/Materials/Study Room/studyroom_floor3.mat; Assets/HyTeKGames/SRPMaterialConverter/ConvertedMaterials/studyroom_floor3.mat,Large referenced/indirect asset,Do not delete until Unity dependency check confirms,High-risk deletion
Assets/SubstanceAssets/LittleGamesPack/Textures/GamePieces/GamePieces_Height.png,3274590,3.1 MB,A: no text/GUID refs found,"Likely safe, verify in Unity",,No GUID/text reference found by static scan,Do not delete until Unity dependency check confirms,Verify in Unity
Assets/Furniture Mega Pack/Textures/Sofas/Sofa19/Sofa19_mat_Sofa19_AlbedoTransparency.png,3270978,3.1 MB,Referenced,Required/Referenced indirectly,Assets/Furniture Mega Pack/Materials/Sofa/mat_Sofa19.mat,Large referenced/indirect asset,Do not delete until Unity dependency check confirms,High-risk deletion
Assets/Shaded Spectrum/Cozy Interiors Demo Pack/Textures/Painted Beech Wall Boards/PaintedBeechWallBoardsDisplacementMap.png,3265356,3.1 MB,Referenced,Required/Referenced indirectly,Assets/Shaded Spectrum/Cozy Interiors Demo Pack/Materials/Painted Beech Wall Boards.mat,Large referenced/indirect asset,Do not delete until Unity dependency check confirms,High-risk deletion
Assets/Furniture Mega Pack/Textures/Cushions/Cushion29_36/Cushion29_36_mat_Cushion29_36_AlbedoTransparency.png,3255347,3.1 MB,Referenced,Required/Referenced indirectly,Assets/Furniture Mega Pack/Materials/Cushion/mat_Cushion29_36.mat,Large referenced/indirect asset,Do not delete until Unity dependency check confirms,High-risk deletion
Assets/Furniture Mega Pack/Textures/Chairs/Chair17/Chair17_mat_Chair17_AlbedoTransparency.png,3250907,3.1 MB,Referenced,Required/Referenced indirectly,Assets/Furniture Mega Pack/Materials/Chair/mat_Chair17.mat,Large referenced/indirect asset,Do not delete until Unity dependency check confirms,High-risk deletion
Assets/Furniture Mega Pack/Textures/Tables/Table08/Table08_mat_Table08_AlbedoTransparency.png,3247146,3.1 MB,Referenced,Required/Referenced indirectly,Assets/Furniture Mega Pack/Materials/Table/mat_Table08.mat,Large referenced/indirect asset,Do not delete until Unity dependency check confirms,High-risk deletion
Assets/Idyllic Italian Coast Town/Textures/M_lemonstand_MaskMap.png,3240016,3.1 MB,Referenced,Required/Referenced indirectly,Assets/Idyllic Italian Coast Town/Materials/M_lemonstand 1.mat; Assets/Idyllic Italian Coast Town/Materials/M_lemonstand.mat,Large referenced/indirect asset,Do not delete until Unity dependency check confirms,High-risk deletion
Assets/Furniture Mega Pack/Textures/Tables/Table22/Table22_mat_Table22_Normal.png,3225941,3.1 MB,Referenced,Required/Referenced indirectly,Assets/Furniture Mega Pack/Materials/Table/mat_Table22.mat,Large referenced/indirect asset,Do not delete until Unity dependency check confirms,High-risk deletion
Assets/Coconut Palm Tree Pack/Textures/Parts/Coconut_Palm_Bark2_diffuse.psd,3209178,3.1 MB,Referenced,Required/Referenced indirectly,Assets/Coconut Palm Tree Pack/Materials/Parts/Coconut_Palm_Tree_Bark2.mat,Large referenced/indirect asset,Do not delete until Unity dependency check confirms,High-risk deletion
Assets/Shaded Spectrum/Cozy Interiors Demo Pack/Textures/Painted Beech Wall Boards/PaintedBeechWallBoardsAmbientOcclusionMap.png,3177049,3.0 MB,Referenced,Required/Referenced indirectly,Assets/Shaded Spectrum/Cozy Interiors Demo Pack/Materials/Painted Beech Wall Boards.mat,Large referenced/indirect asset,Do not delete until Unity dependency check confirms,High-risk deletion
Assets/Idyllic Italian Coast Town/Textures/M_flowerpots_BaseMap.png,3171259,3.0 MB,Referenced,Required/Referenced indirectly,Assets/Idyllic Italian Coast Town/Materials/M_flowerpots 1.mat; Assets/Idyllic Italian Coast Town/Materials/M_flowerpots.mat,Large referenced/indirect asset,Do not delete until Unity dependency check confirms,High-risk deletion
Assets/Furniture Mega Pack/Textures/Cushions/Cushion17_24/Cushion17_24_mat_Cushion17_24_AlbedoTransparency.png,3152843,3.0 MB,Referenced,Required/Referenced indirectly,Assets/Furniture Mega Pack/Materials/Cushion/mat_Cushion17_24.mat,Large referenced/indirect asset,Do not delete until Unity dependency check confirms,High-risk deletion
Assets/YughuesFreeCobbleMaterials/Textures/T_YFCM_04_n.tga,3145772,3.0 MB,Referenced,Required/Referenced indirectly,Assets/YughuesFreeCobbleMaterials/Materials/M_YFCM_04.mat,Large referenced/indirect asset,Do not delete until Unity dependency check confirms,High-risk deletion
Assets/YughuesFreeCobbleMaterials/Textures/T_YFCM_06_n.tga,3145772,3.0 MB,Referenced,Required/Referenced indirectly,Assets/YughuesFreeCobbleMaterials/Materials/M_YFCM_06.mat; Assets/YughuesFreeCobbleMaterials/Materials/M_YFCM_09.mat,Large referenced/indirect asset,Do not delete until Unity dependency check confirms,High-risk deletion
Assets/YughuesFreeCobbleMaterials/Textures/T_YFCM_08_d.tga,3145772,3.0 MB,Referenced,Required/Referenced indirectly,Assets/YughuesFreeCobbleMaterials/Materials/M_YFCM_08.mat,Large referenced/indirect asset,Do not delete until Unity dependency check confirms,High-risk deletion
Assets/YughuesFreeCobbleMaterials/Textures/T_YFCM_11_d.tga,3145772,3.0 MB,Referenced,Required/Referenced indirectly,Assets/YughuesFreeCobbleMaterials/Materials/M_YFCM_11.mat,Large referenced/indirect asset,Do not delete until Unity dependency check confirms,High-risk deletion
Assets/YughuesFreeCobbleMaterials/Textures/T_YFCM_02_n.tga,3145772,3.0 MB,Referenced,Required/Referenced indirectly,Assets/YughuesFreeCobbleMaterials/Materials/M_YFCM_02.mat,Large referenced/indirect asset,Do not delete until Unity dependency check confirms,High-risk deletion
Assets/YughuesFreeCobbleMaterials/Textures/T_YFCM_13_d.tga,3145772,3.0 MB,Referenced,Required/Referenced indirectly,Assets/YughuesFreeCobbleMaterials/Materials/M_YFCM_13.mat,Large referenced/indirect asset,Do not delete until Unity dependency check confirms,High-risk deletion
Assets/YughuesFreeCobbleMaterials/Textures/T_YFCM_07_n.tga,3145772,3.0 MB,Referenced,Required/Referenced indirectly,Assets/YughuesFreeCobbleMaterials/Materials/M_YFCM_07.mat,Large referenced/indirect asset,Do not delete until Unity dependency check confirms,High-risk deletion
Assets/YughuesFreeCobbleMaterials/Textures/T_YFCM_05_n.tga,3145772,3.0 MB,Referenced,Required/Referenced indirectly,Assets/YughuesFreeCobbleMaterials/Materials/M_YFCM_05.mat,Large referenced/indirect asset,Do not delete until Unity dependency check confirms,High-risk deletion
Assets/YughuesFreeCobbleMaterials/Textures/T_YFCM_12_d.tga,3145772,3.0 MB,Referenced,Required/Referenced indirectly,Assets/YughuesFreeCobbleMaterials/Materials/M_YFCM_12.mat,Large referenced/indirect asset,Do not delete until Unity dependency check confirms,High-risk deletion
Assets/YughuesFreeCobbleMaterials/Textures/T_YFCM_01_n.tga,3145772,3.0 MB,Referenced,Required/Referenced indirectly,Assets/YughuesFreeCobbleMaterials/Materials/M_YFCM_01.mat,Large referenced/indirect asset,Do not delete until Unity dependency check confirms,High-risk deletion
Assets/YughuesFreeCobbleMaterials/Textures/T_YFCM_09_d.tga,3145772,3.0 MB,Referenced,Required/Referenced indirectly,Assets/YughuesFreeCobbleMaterials/Materials/M_YFCM_09.mat,Large referenced/indirect asset,Do not delete until Unity dependency check confirms,High-risk deletion
Assets/YughuesFreeCobbleMaterials/Textures/T_YFCM_10_d.tga,3145772,3.0 MB,Referenced,Required/Referenced indirectly,Assets/YughuesFreeCobbleMaterials/Materials/M_YFCM_10.mat,Large referenced/indirect asset,Do not delete until Unity dependency check confirms,High-risk deletion
Assets/YughuesFreeCobbleMaterials/Textures/T_YFCM_03_n.tga,3145772,3.0 MB,Referenced,Required/Referenced indirectly,Assets/YughuesFreeCobbleMaterials/Materials/M_YFCM_03.mat,Large referenced/indirect asset,Do not delete until Unity dependency check confirms,High-risk deletion
Assets/YughuesFreeCobbleMaterials/Textures/T_YFCM_05_d.tga,3145772,3.0 MB,Referenced,Required/Referenced indirectly,Assets/YughuesFreeCobbleMaterials/Materials/M_YFCM_05.mat,Large referenced/indirect asset,Do not delete until Unity dependency check confirms,High-risk deletion
Assets/YughuesFreeCobbleMaterials/Textures/T_YFCM_07_d.tga,3145772,3.0 MB,Referenced,Required/Referenced indirectly,Assets/YughuesFreeCobbleMaterials/Materials/M_YFCM_07.mat,Large referenced/indirect asset,Do not delete until Unity dependency check confirms,High-risk deletion
Assets/YughuesFreeCobbleMaterials/Textures/T_YFCM_09_n.tga,3145772,3.0 MB,A: no text/GUID refs found,"Likely safe, verify in Unity",,No GUID/text reference found by static scan,Do not delete until Unity dependency check confirms,Verify in Unity
Assets/YughuesFreeCobbleMaterials/Textures/T_YFCM_10_n.tga,3145772,3.0 MB,Referenced,Required/Referenced indirectly,Assets/YughuesFreeCobbleMaterials/Materials/M_YFCM_10.mat,Large referenced/indirect asset,Do not delete until Unity dependency check confirms,High-risk deletion
Assets/YughuesFreeCobbleMaterials/Textures/T_YFCM_03_d.tga,3145772,3.0 MB,Referenced,Required/Referenced indirectly,Assets/YughuesFreeCobbleMaterials/Materials/M_YFCM_03.mat,Large referenced/indirect asset,Do not delete until Unity dependency check confirms,High-risk deletion
Assets/YughuesFreeCobbleMaterials/Textures/T_YFCM_12_n.tga,3145772,3.0 MB,Referenced,Required/Referenced indirectly,Assets/YughuesFreeCobbleMaterials/Materials/M_YFCM_12.mat,Large referenced/indirect asset,Do not delete until Unity dependency check confirms,High-risk deletion
Assets/YughuesFreeCobbleMaterials/Textures/T_YFCM_01_d.tga,3145772,3.0 MB,Referenced,Required/Referenced indirectly,Assets/YughuesFreeCobbleMaterials/Materials/M_YFCM_01.mat,Large referenced/indirect asset,Do not delete until Unity dependency check confirms,High-risk deletion
Assets/YughuesFreeCobbleMaterials/Textures/T_YFCM_06_d.tga,3145772,3.0 MB,Referenced,Required/Referenced indirectly,Assets/YughuesFreeCobbleMaterials/Materials/M_YFCM_06.mat,Large referenced/indirect asset,Do not delete until Unity dependency check confirms,High-risk deletion
Assets/YughuesFreeCobbleMaterials/Textures/T_YFCM_04_d.tga,3145772,3.0 MB,Referenced,Required/Referenced indirectly,Assets/YughuesFreeCobbleMaterials/Materials/M_YFCM_04.mat,Large referenced/indirect asset,Do not delete until Unity dependency check confirms,High-risk deletion
Assets/YughuesFreeCobbleMaterials/Textures/T_YFCM_13_n.tga,3145772,3.0 MB,Referenced,Required/Referenced indirectly,Assets/YughuesFreeCobbleMaterials/Materials/M_YFCM_13.mat,Large referenced/indirect asset,Do not delete until Unity dependency check confirms,High-risk deletion
Assets/YughuesFreeCobbleMaterials/Textures/T_YFCM_08_n.tga,3145772,3.0 MB,Referenced,Required/Referenced indirectly,Assets/YughuesFreeCobbleMaterials/Materials/M_YFCM_08.mat,Large referenced/indirect asset,Do not delete until Unity dependency check confirms,High-risk deletion
Assets/YughuesFreeCobbleMaterials/Textures/T_YFCM_11_n.tga,3145772,3.0 MB,Referenced,Required/Referenced indirectly,Assets/YughuesFreeCobbleMaterials/Materials/M_YFCM_11.mat,Large referenced/indirect asset,Do not delete until Unity dependency check confirms,High-risk deletion
Assets/YughuesFreeCobbleMaterials/Textures/T_YFCM_02_d.tga,3145772,3.0 MB,Referenced,Required/Referenced indirectly,Assets/YughuesFreeCobbleMaterials/Materials/M_YFCM_02.mat,Large referenced/indirect asset,Do not delete until Unity dependency check confirms,High-risk deletion
Assets/Idyllic Italian Coast Town/Textures/M_boat_kit_blue_BaseMap.png,3136193,3.0 MB,A: no text/GUID refs found,"Likely safe, verify in Unity",,No GUID/text reference found by static scan,Do not delete until Unity dependency check confirms,Verify in Unity
Assets/Idyllic Italian Coast Town/Textures/M_trafficsigns_MaskMap.png,3129053,3.0 MB,Referenced,Required/Referenced indirectly,Assets/Idyllic Italian Coast Town/Materials/M_trafficsigns.mat,Large referenced/indirect asset,Do not delete until Unity dependency check confirms,High-risk deletion
Assets/Furniture Mega Pack/Textures/Chairs/Chair02/Chair02_mat_Chair02_MetallicSmoothness.png,3115630,3.0 MB,Referenced,Required/Referenced indirectly,Assets/Furniture Mega Pack/Materials/Chair/mat_Chair02.mat,Large referenced/indirect asset,Do not delete until Unity dependency check confirms,High-risk deletion
Assets/Furniture Mega Pack/Textures/Tables/Table50/Table50_mat_Table50_AlbedoTransparency.png,3112325,3.0 MB,Referenced,Required/Referenced indirectly,Assets/Furniture Mega Pack/Materials/Table/mat_Table50.mat,Large referenced/indirect asset,Do not delete until Unity dependency check confirms,High-risk deletion
Assets/Furniture Mega Pack/Textures/Tables/Table07/Table07_mat_Table07_AlbedoTransparency.png,3110934,3.0 MB,Referenced,Required/Referenced indirectly,Assets/Furniture Mega Pack/Materials/Table/mat_Table07.mat,Large referenced/indirect asset,Do not delete until Unity dependency check confirms,High-risk deletion
Assets/YughuesFreeCobbleMaterials/Preview/sphere.obj,3102241,3.0 MB,Referenced,Required/Referenced indirectly,Assets/YughuesFreeCobbleMaterials/Preview/P_Sphere.prefab,Large referenced/indirect asset,Do not delete until Unity dependency check confirms,High-risk deletion
Assets/Furniture Mega Pack/Textures/Tables/Table35/Table35_mat_Table35_MetallicSmoothness.png,3096704,3.0 MB,Referenced,Required/Referenced indirectly,Assets/Furniture Mega Pack/Materials/Table/mat_Table35.mat,Large referenced/indirect asset,Do not delete until Unity dependency check confirms,High-risk deletion
Assets/Furniture Mega Pack/Textures/Chairs/Chair36/Chair36_mat_Chair36_AlbedoTransparency.png,3094783,3.0 MB,Referenced,Required/Referenced indirectly,Assets/Furniture Mega Pack/Materials/Chair/mat_Chair36.mat,Large referenced/indirect asset,Do not delete until Unity dependency check confirms,High-risk deletion
Assets/Furniture Mega Pack/Textures/Tables/Table05/Table05_mat_Table05_AlbedoTransparency.png,3075007,2.9 MB,Referenced,Required/Referenced indirectly,Assets/Furniture Mega Pack/Materials/Table/mat_Table05.mat,Large referenced/indirect asset,Do not delete until Unity dependency check confirms,High-risk deletion
Assets/Furniture Mega Pack/Textures/Chairs/Chair17/Chair17_mat_Chair17_Normal.png,3073400,2.9 MB,Referenced,Required/Referenced indirectly,Assets/Furniture Mega Pack/Materials/Chair/mat_Chair17.mat,Large referenced/indirect asset,Do not delete until Unity dependency check confirms,High-risk deletion
Assets/Furniture Mega Pack/Textures/Tables/Table29/Table29_mat_Table29_AlbedoTransparency.png,3071669,2.9 MB,Referenced,Required/Referenced indirectly,Assets/Furniture Mega Pack/Materials/Table/mat_Table29.mat,Large referenced/indirect asset,Do not delete until Unity dependency check confirms,High-risk deletion
Assets/Furniture Mega Pack/Textures/Chairs/Chair01/Chair01_mat_Chair01_AlbedoTransparency.png,3062895,2.9 MB,Referenced,Required/Referenced indirectly,Assets/Furniture Mega Pack/Materials/Chair/mat_Chair01.mat,Large referenced/indirect asset,Do not delete until Unity dependency check confirms,High-risk deletion
Assets/DevDen Arch Viz Scotland/Models/Bathroom/toilet_accesories.fbx,3059744,2.9 MB,Referenced,Required/Referenced indirectly,Assets/DevDen Arch Viz Scotland/Prefabs/Bathroom/toilet_accesories.prefab,Large referenced/indirect asset,Do not delete until Unity dependency check confirms,High-risk deletion
Assets/Idyllic Italian Coast Town/Textures/M_skybox_cloudy.png,3057621,2.9 MB,Referenced,Required/Referenced indirectly,Assets/Idyllic Italian Coast Town/Materials/M_skybox 1.mat; Assets/Idyllic Italian Coast Town/Materials/M_skybox 3.mat,Large referenced/indirect asset,Do not delete until Unity dependency check confirms,High-risk deletion
Assets/DevDen Arch Viz Scotland/Textures/Dining Room/dinning_chair/dinning_chair_diining_chair_wood_AlbedoTransparency.png,3051844,2.9 MB,Referenced,Required/Referenced indirectly,Assets/DevDen Arch Viz Scotland/Materials/Dining Room/diining_chair_wood.mat; Assets/HyTeKGames/SRPMaterialConverter/ConvertedMaterials/diining_chair_wood.mat,Large referenced/indirect asset,Do not delete until Unity dependency check confirms,High-risk deletion
Assets/Furniture Mega Pack/Textures/Chairs/Chair10/Chair10_mat_Chair10_MetallicSmoothness.png,3048234,2.9 MB,Referenced,Required/Referenced indirectly,Assets/Furniture Mega Pack/Materials/Chair/mat_Chair10.mat,Large referenced/indirect asset,Do not delete until Unity dependency check confirms,High-risk deletion
Assets/Idyllic Italian Coast Town/Textures/M_attachments_tech_Normal.png,3046372,2.9 MB,Referenced,Required/Referenced indirectly,Assets/Idyllic Italian Coast Town/Materials/M_attachments_tech.mat,Large referenced/indirect asset,Do not delete until Unity dependency check confirms,High-risk deletion
Assets/Idyllic Italian Coast Town/Textures/M_doors_italian_BaseMap.png,3045753,2.9 MB,Referenced,Required/Referenced indirectly,Assets/Idyllic Italian Coast Town/Materials/M_doors.mat,Large referenced/indirect asset,Do not delete until Unity dependency check confirms,High-risk deletion
Assets/TerrainSampleAssets/Textures/Details/Heather_A_Normal.tif,3041936,2.9 MB,Referenced,Required/Referenced indirectly,Assets/TerrainSampleAssets/Materials/Heather.asset,Large referenced/indirect asset,Do not delete until Unity dependency check confirms,High-risk deletion
Assets/Idyllic Italian Coast Town/Textures/M_canopies02_BaseMap.png,3037945,2.9 MB,Referenced,Required/Referenced indirectly,Assets/Idyllic Italian Coast Town/Materials/M_canopies.mat,Large referenced/indirect asset,Do not delete until Unity dependency check confirms,High-risk deletion
Assets/Furniture Mega Pack/Textures/Chairs/Chair41/Chair41_mat_Chair41_Normal.png,3022667,2.9 MB,Referenced,Required/Referenced indirectly,Assets/Furniture Mega Pack/Materials/Chair/mat_Chair41.mat,Large referenced/indirect asset,Do not delete until Unity dependency check confirms,High-risk deletion
Assets/Furniture Mega Pack/Textures/Chairs/Chair16/Chair16_mat_Chair16_AlbedoTransparency.png,3007179,2.9 MB,Referenced,Required/Referenced indirectly,Assets/Furniture Mega Pack/Materials/Chair/mat_Chair16.mat,Large referenced/indirect asset,Do not delete until Unity dependency check confirms,High-risk deletion
Assets/DevDen Arch Viz Scotland/Textures/Study Room/table/Study Table_AlbedoTransparency.png,3005971,2.9 MB,Referenced,Required/Referenced indirectly,Assets/DevDen Arch Viz Scotland/Materials/Study Room/table1.mat; Assets/HyTeKGames/SRPMaterialConverter/ConvertedMaterials/table1.mat,Large referenced/indirect asset,Do not delete until Unity dependency check confirms,High-risk deletion
Assets/Furniture Mega Pack/Textures/Tables/Table33/Table33_mat_Table33_MetallicSmoothness.png,2993538,2.9 MB,Referenced,Required/Referenced indirectly,Assets/Furniture Mega Pack/Materials/Table/mat_Table33.mat,Large referenced/indirect asset,Do not delete until Unity dependency check confirms,High-risk deletion
Assets/Idyllic Italian Coast Town/Textures/M_doors_italian_Normal.png,2991492,2.9 MB,Referenced,Required/Referenced indirectly,Assets/Idyllic Italian Coast Town/Materials/M_doors.mat,Large referenced/indirect asset,Do not delete until Unity dependency check confirms,High-risk deletion
Assets/Furniture Mega Pack/Textures/Sofas/Sofa18/Sofa18_mat_Sofa18_AlbedoTransparency.png,2979245,2.8 MB,Referenced,Required/Referenced indirectly,Assets/Furniture Mega Pack/Materials/Sofa/mat_Sofa18.mat,Large referenced/indirect asset,Do not delete until Unity dependency check confirms,High-risk deletion
Assets/Furniture Mega Pack/Textures/Tables/Table38/Table38_mat_Table38_AlbedoTransparency.png,2973386,2.8 MB,Referenced,Required/Referenced indirectly,Assets/Furniture Mega Pack/Materials/Table/mat_Table38.mat,Large referenced/indirect asset,Do not delete until Unity dependency check confirms,High-risk deletion
Assets/DevDen Arch Viz Scotland/Textures/Living Room/Laptop/laptop_DefaultMaterial_emission.png,2971734,2.8 MB,Referenced,Required/Referenced indirectly,Assets/DevDen Arch Viz Scotland/Materials/Living Room/laptop.mat; Assets/HyTeKGames/SRPMaterialConverter/ConvertedMaterials/laptop.mat,Large referenced/indirect asset,Do not delete until Unity dependency check confirms,High-risk deletion
Assets/Furniture Mega Pack/Textures/Tables/Table22/Table22_mat_Table22_MetallicSmoothness.png,2961156,2.8 MB,Referenced,Required/Referenced indirectly,Assets/Furniture Mega Pack/Materials/Table/mat_Table22.mat,Large referenced/indirect asset,Do not delete until Unity dependency check confirms,High-risk deletion
Assets/Idyllic Italian Coast Town/Textures/M_trafficsigns_Normal.png,2960732,2.8 MB,Referenced,Required/Referenced indirectly,Assets/Idyllic Italian Coast Town/Materials/M_trafficsigns.mat,Large referenced/indirect asset,Do not delete until Unity dependency check confirms,High-risk deletion
Assets/Furniture Mega Pack/Textures/Cushions/Cushion37_40/Cushion37_40_mat_Cushion37_40_AlbedoTransparency.png,2957770,2.8 MB,Referenced,Required/Referenced indirectly,Assets/Furniture Mega Pack/Materials/Cushion/mat_Cushion37_40.mat,Large referenced/indirect asset,Do not delete until Unity dependency check confirms,High-risk deletion
Assets/Idyllic Italian Coast Town/Textures/M_windows_italian_Normal.png,2948570,2.8 MB,Referenced,Required/Referenced indirectly,Assets/Idyllic Italian Coast Town/Materials/M_windows.mat,Large referenced/indirect asset,Do not delete until Unity dependency check confirms,High-risk deletion
Assets/Furniture Mega Pack/Textures/Tables/Table50/Table50_mat_Table50_MetallicSmoothness.png,2942978,2.8 MB,Referenced,Required/Referenced indirectly,Assets/Furniture Mega Pack/Materials/Table/mat_Table50.mat,Large referenced/indirect asset,Do not delete until Unity dependency check confirms,High-risk deletion
Assets/Furniture Mega Pack/Textures/Tables/Table06/Table06_mat_Table06_AlbedoTransparency.png,2938717,2.8 MB,Referenced,Required/Referenced indirectly,Assets/Furniture Mega Pack/Materials/Table/mat_Table06.mat,Large referenced/indirect asset,Do not delete until Unity dependency check confirms,High-risk deletion
Assets/Furniture Mega Pack/Textures/Tables/Table34/Table34_mat_Table34_MetallicSmoothness.png,2925744,2.8 MB,Referenced,Required/Referenced indirectly,Assets/Furniture Mega Pack/Materials/Table/mat_Table34.mat,Large referenced/indirect asset,Do not delete until Unity dependency check confirms,High-risk deletion
Assets/BCaT_assets/HOMED/Recipe_Box_letters.png,2924497,2.8 MB,Referenced,Required/Referenced indirectly,Assets/BCaT_assets/HOMED/Letters.mat,Large referenced/indirect asset,Do not delete until Unity dependency check confirms,High-risk deletion
Assets/My_Custom/flower.glb,2924424,2.8 MB,A: no text/GUID refs found,"Likely safe, verify in Unity",,No GUID/text reference found by static scan,Do not delete until Unity dependency check confirms,Verify in Unity
Assets/Furniture Mega Pack/Textures/Chairs/Chair06/Chair06_mat_Chair06_Normal.png,2888725,2.8 MB,Referenced,Required/Referenced indirectly,Assets/Furniture Mega Pack/Materials/Chair/mat_Chair06.mat,Large referenced/indirect asset,Do not delete until Unity dependency check confirms,High-risk deletion
Assets/Furniture Mega Pack/Textures/Cushions/Cushion41_48/Cushion41_48_mat_Cushion41_48_MetallicSmoothness.png,2880629,2.7 MB,Referenced,Required/Referenced indirectly,Assets/Furniture Mega Pack/Materials/Cushion/mat_Cushion41_48.mat,Large referenced/indirect asset,Do not delete until Unity dependency check confirms,High-risk deletion
Assets/Furniture Mega Pack/Textures/Tables/Table13/Table13_mat_Table13_MetallicSmoothness.png,2871621,2.7 MB,Referenced,Required/Referenced indirectly,Assets/Furniture Mega Pack/Materials/Table/mat_Table13.mat,Large referenced/indirect asset,Do not delete until Unity dependency check confirms,High-risk deletion
Assets/Furniture Mega Pack/Textures/Chairs/Chair50/Chair50_mat_Chair50_AlbedoTransparency.png,2869856,2.7 MB,Referenced,Required/Referenced indirectly,Assets/Furniture Mega Pack/Materials/Chair/mat_Chair50.mat,Large referenced/indirect asset,Do not delete until Unity dependency check confirms,High-risk deletion
Assets/Furniture Mega Pack/Textures/Chairs/Chair08/Chair08_mat_Chair08_AlbedoTransparency.png,2869372,2.7 MB,Referenced,Required/Referenced indirectly,Assets/Furniture Mega Pack/Materials/Chair/mat_Chair08.mat,Large referenced/indirect asset,Do not delete until Unity dependency check confirms,High-risk deletion
Assets/Furniture Mega Pack/Textures/Tables/Table37/Table37_mat_Table37_Normal.png,2864337,2.7 MB,Referenced,Required/Referenced indirectly,Assets/Furniture Mega Pack/Materials/Table/mat_Table37.mat,Large referenced/indirect asset,Do not delete until Unity dependency check confirms,High-risk deletion
Assets/Furniture Mega Pack/Textures/Chairs/Chair19/Chair19_mat_Chair19_Normal.png,2861909,2.7 MB,Referenced,Required/Referenced indirectly,Assets/Furniture Mega Pack/Materials/Chair/mat_Chair19.mat,Large referenced/indirect asset,Do not delete until Unity dependency check confirms,High-risk deletion
Assets/Idyllic Italian Coast Town/Textures/M_lemonstand_Normal.png,2855504,2.7 MB,Referenced,Required/Referenced indirectly,Assets/Idyllic Italian Coast Town/Materials/M_lemonstand 1.mat; Assets/Idyllic Italian Coast Town/Materials/M_lemonstand.mat,Large referenced/indirect asset,Do not delete until Unity dependency check confirms,High-risk deletion
Assets/DevDen Arch Viz Scotland/Textures/Kitchen Room/Kettle/kitchan mat 2_kitchan_mat_2_Normal.png,2849297,2.7 MB,Referenced,Required/Referenced indirectly,Assets/DevDen Arch Viz Scotland/Materials/Kitchen Room/kitchan_mat_2.mat; Assets/HyTeKGames/SRPMaterialConverter/ConvertedMaterials/kitchan_mat_2.mat,Large referenced/indirect asset,Do not delete until Unity dependency check confirms,High-risk deletion
Assets/Idyllic Italian Coast Town/Textures/M_skybox_cloudy_02.png,2842275,2.7 MB,A: no text/GUID refs found,"Likely safe, verify in Unity",,No GUID/text reference found by static scan,Do not delete until Unity dependency check confirms,Verify in Unity
Assets/DevDen Arch Viz Scotland/Textures/Environment/inner_wall/inner_wall_hall_way_Normal.png,2841509,2.7 MB,A: no text/GUID refs found,"Likely safe, verify in Unity",,No GUID/text reference found by static scan,Do not delete until Unity dependency check confirms,Verify in Unity
Assets/DevDen Arch Viz Scotland/Textures/Common/SmallObj/dish-rack_normal.png,2841205,2.7 MB,Referenced,Required/Referenced indirectly,Assets/DevDen Arch Viz Scotland/Materials/Kitchen Room/DrainerNew.mat; Assets/HyTeKGames/SRPMaterialConverter/ConvertedMaterials/DrainerNew.mat,Large referenced/indirect asset,Do not delete until Unity dependency check confirms,High-risk deletion
Assets/Idyllic Italian Coast Town/Textures/M_boat_kit_MaskMap.png,2837213,2.7 MB,Referenced,Required/Referenced indirectly,Assets/Idyllic Italian Coast Town/Materials/M_boat 1.mat; Assets/Idyllic Italian Coast Town/Materials/M_boat.mat,Large referenced/indirect asset,Do not delete until Unity dependency check confirms,High-risk deletion
Assets/Furniture Mega Pack/Textures/Tables/Table23/Table23_mat_Table23_Normal.png,2832226,2.7 MB,Referenced,Required/Referenced indirectly,Assets/Furniture Mega Pack/Materials/Table/mat_Table23.mat,Large referenced/indirect asset,Do not delete until Unity dependency check confirms,High-risk deletion
Assets/Idyllic Italian Coast Town/Textures/M_doors_italian_MaskMap.png,2829425,2.7 MB,Referenced,Required/Referenced indirectly,Assets/Idyllic Italian Coast Town/Materials/M_doors.mat,Large referenced/indirect asset,Do not delete until Unity dependency check confirms,High-risk deletion
Assets/Furniture Mega Pack/Textures/Cushions/Cushion49_50/Cushion49_50_mat_Cushion49_50_MetallicSmoothness.png,2827756,2.7 MB,Referenced,Required/Referenced indirectly,Assets/Furniture Mega Pack/Materials/Cushion/mat_Cushion49_50.mat,Large referenced/indirect asset,Do not delete until Unity dependency check confirms,High-risk deletion
Assets/DevDen Arch Viz Scotland/Textures/Bed Room/dressing_mirror/dresing_mirror_dressing_mirror1_AlbedoTransparency.png,2826330,2.7 MB,Referenced,Required/Referenced indirectly,Assets/DevDen Arch Viz Scotland/Materials/Bed Room/dressing_mirror1.mat; Assets/HyTeKGames/SRPMaterialConverter/ConvertedMaterials/dressing_mirror1.mat,Large referenced/indirect asset,Do not delete until Unity dependency check confirms,High-risk deletion
Assets/DevDen Arch Viz Scotland/Textures/Study Room/imac/Imac_imac_Normal.png,2816229,2.7 MB,Referenced,Required/Referenced indirectly,Assets/DevDen Arch Viz Scotland/Materials/Study Room/imac.mat; Assets/HyTeKGames/SRPMaterialConverter/ConvertedMaterials/imac.mat,Large referenced/indirect asset,Do not delete until Unity dependency check confirms,High-risk deletion
Assets/Furniture Mega Pack/Textures/Chairs/Chair03/Chair03_mat_Chair03_AlbedoTransparency.png,2815808,2.7 MB,Referenced,Required/Referenced indirectly,Assets/Furniture Mega Pack/Materials/Chair/mat_Chair03.mat,Large referenced/indirect asset,Do not delete until Unity dependency check confirms,High-risk deletion
Assets/DevDen Arch Viz Scotland/Textures/Study Room/StudyRoom Carpet/Atlas_1.png,2814449,2.7 MB,Referenced,Required/Referenced indirectly,Assets/DevDen Arch Viz Scotland/Materials/Study Room/Furniture_Atlas_1.mat; Assets/HyTeKGames/SRPMaterialConverter/ConvertedMaterials/Furniture_Atlas_1.mat,Large referenced/indirect asset,Do not delete until Unity dependency check confirms,High-risk deletion
Assets/Idyllic Italian Coast Town/Textures/M_shopsigns_small_BaseMap.png,2814016,2.7 MB,Referenced,Required/Referenced indirectly,Assets/Idyllic Italian Coast Town/Materials/M_shopsigns_small.mat,Large referenced/indirect asset,Do not delete until Unity dependency check confirms,High-risk deletion
Assets/Idyllic Italian Coast Town/Textures/M_boat_kit_BaseMap.png,2802620,2.7 MB,Referenced,Required/Referenced indirectly,Assets/Idyllic Italian Coast Town/Materials/M_boat.mat,Large referenced/indirect asset,Do not delete until Unity dependency check confirms,High-risk deletion
Assets/Furniture Mega Pack/Textures/Kitchen/AtlasTexture_KitchenCollection_Atlastexture_KitchenCollection_Normal.png,2796912,2.7 MB,Referenced,Required/Referenced indirectly,Assets/Furniture Mega Pack/Materials/Kitchen/mat_Kitchen.mat,Large referenced/indirect asset,Do not delete until Unity dependency check confirms,High-risk deletion
Assets/Furniture Mega Pack/Textures/Chairs/Chair13/Chair13_mat_Chair13_Normal.png,2777283,2.6 MB,Referenced,Required/Referenced indirectly,Assets/Furniture Mega Pack/Materials/Chair/mat_Chair13.mat,Large referenced/indirect asset,Do not delete until Unity dependency check confirms,High-risk deletion
Assets/Furniture Mega Pack/Textures/Tables/Table27/Table27_mat_Table27_MetallicSmoothness.png,2762932,2.6 MB,Referenced,Required/Referenced indirectly,Assets/Furniture Mega Pack/Materials/Table/mat_Table27.mat,Large referenced/indirect asset,Do not delete until Unity dependency check confirms,High-risk deletion
Assets/TerrainSampleAssets/Textures/Details/Plant_Normal.tif,2744260,2.6 MB,Referenced,Required/Referenced indirectly,Assets/TerrainSampleAssets/Materials/Plant.asset,Large referenced/indirect asset,Do not delete until Unity dependency check confirms,High-risk deletion
Assets/Furniture Mega Pack/Textures/Tables/Table11/Table11_mat_Table11_MetallicSmoothness.png,2743662,2.6 MB,Referenced,Required/Referenced indirectly,Assets/Furniture Mega Pack/Materials/Table/mat_Table11.mat,Large referenced/indirect asset,Do not delete until Unity dependency check confirms,High-risk deletion
Assets/Furniture Mega Pack/Textures/Tables/Table31/Table31_mat_Table31_AlbedoTransparency.png,2742020,2.6 MB,Referenced,Required/Referenced indirectly,Assets/Furniture Mega Pack/Materials/Table/mat_Table31.mat,Large referenced/indirect asset,Do not delete until Unity dependency check confirms,High-risk deletion
Assets/Idyllic Italian Coast Town/Textures/M_attachments_stone_Normal.png,2728269,2.6 MB,Referenced,Required/Referenced indirectly,Assets/Idyllic Italian Coast Town/Materials/M_attachments_stone 1.mat; Assets/Idyllic Italian Coast Town/Materials/M_attachments_stone.mat,Large referenced/indirect asset,Do not delete until Unity dependency check confirms,High-risk deletion
Assets/Idyllic Italian Coast Town/Textures/M_shopsigns_large_MaskMap.png,2721954,2.6 MB,Referenced,Required/Referenced indirectly,Assets/Idyllic Italian Coast Town/Materials/M_shopsigns_large.mat,Large referenced/indirect asset,Do not delete until Unity dependency check confirms,High-risk deletion
Assets/Furniture Mega Pack/Textures/Tables/Table25/Table25_mat_Table25_MetallicSmoothness.png,2719713,2.6 MB,Referenced,Required/Referenced indirectly,Assets/Furniture Mega Pack/Materials/Table/mat_Table25.mat,Large referenced/indirect asset,Do not delete until Unity dependency check confirms,High-risk deletion
Assets/Idyllic Italian Coast Town/Textures/M_shopsigns_large_Normal.png,2716700,2.6 MB,Referenced,Required/Referenced indirectly,Assets/Idyllic Italian Coast Town/Materials/M_shopsigns_large.mat,Large referenced/indirect asset,Do not delete until Unity dependency check confirms,High-risk deletion
Assets/Furniture Mega Pack/Textures/Tables/Table19/Table19_mat_Table19_MetallicSmoothness.png,2715278,2.6 MB,Referenced,Required/Referenced indirectly,Assets/Furniture Mega Pack/Materials/Table/mat_Table19.mat,Large referenced/indirect asset,Do not delete until Unity dependency check confirms,High-risk deletion
Assets/Furniture Mega Pack/Textures/Chairs/Chair38/Chair38_mat_Chair38_Normal.png,2701792,2.6 MB,Referenced,Required/Referenced indirectly,Assets/Furniture Mega Pack/Materials/Chair/mat_Chair38.mat,Large referenced/indirect asset,Do not delete until Unity dependency check confirms,High-risk deletion
Assets/Idyllic Italian Coast Town/Textures/M_flowerpots_MaskMap.png,2698253,2.6 MB,Referenced,Required/Referenced indirectly,Assets/Idyllic Italian Coast Town/Materials/M_flowerpots 1.mat; Assets/Idyllic Italian Coast Town/Materials/M_flowerpots.mat,Large referenced/indirect asset,Do not delete until Unity dependency check confirms,High-risk deletion
Assets/BCaT/Exhibits/BlackKitchen/Audio/birthday_cake.mp3,2693086,2.6 MB,Referenced,Required/Referenced indirectly,Assets/BCaT/Exhibits/BlackKitchen/Editor/BlackKitchenExperienceBuilder.cs; Assets/BCaT/Exhibits/BlackKitchen/Scenes/BlackKitchen_MemoryScene.unity,Large referenced/indirect asset,Do not delete until Unity dependency check confirms,High-risk deletion
Assets/Furniture Mega Pack/Textures/Tables/Table12/Table12_mat_Table12_MetallicSmoothness.png,2675466,2.6 MB,Referenced,Required/Referenced indirectly,Assets/Furniture Mega Pack/Materials/Table/mat_Table12.mat,Large referenced/indirect asset,Do not delete until Unity dependency check confirms,High-risk deletion
Assets/DevDen Arch Viz Scotland/Textures/Kitchen Room/TOASTER/toaster_toaster_Normal.png,2674821,2.6 MB,Referenced,Required/Referenced indirectly,Assets/DevDen Arch Viz Scotland/Materials/Kitchen Room/toasterNew.mat; Assets/HyTeKGames/SRPMaterialConverter/ConvertedMaterials/toasterNew.mat,Large referenced/indirect asset,Do not delete until Unity dependency check confirms,High-risk deletion
Assets/BCaT_assets/Ri/duppy know who fi frighten.mp3,2669004,2.5 MB,Referenced,Required/Referenced indirectly,Assets/BH_XR_MainScene.unity; Assets/_Recovery/0 (17).unity; Assets/_Recovery/0 (18).unity; Assets/_Recovery/0 (21).unity; Assets/_Recovery/0 (22).unity; Assets/_Recovery/0 (23).unity,Large referenced/indirect asset,Do not delete until Unity dependency check confirms,High-risk deletion
Assets/BCaT_assets/Ri/you don't know about style my darling.mp3,2660692,2.5 MB,Referenced,Required/Referenced indirectly,Assets/BH_XR_MainScene.unity; Assets/_Recovery/0 (18).unity; Assets/_Recovery/0 (21).unity; Assets/_Recovery/0 (22).unity; Assets/_Recovery/0 (23).unity,Large referenced/indirect asset,Do not delete until Unity dependency check confirms,High-risk deletion
Assets/Furniture Mega Pack/Textures/Tables/Table16/Table16_mat_Table16_MetallicSmoothness.png,2659975,2.5 MB,Referenced,Required/Referenced indirectly,Assets/Furniture Mega Pack/Materials/Table/mat_Table16.mat,Large referenced/indirect asset,Do not delete until Unity dependency check confirms,High-risk deletion
Assets/Furniture Mega Pack/FBX/Chair/Chair10.fbx,2658348,2.5 MB,Referenced,Required/Referenced indirectly,Assets/Furniture Mega Pack/Prefabs/Chairs/Chair10.prefab,Large referenced/indirect asset,Do not delete until Unity dependency check confirms,High-risk deletion
Assets/Furniture Mega Pack/Textures/Tables/Table20/Table20_mat_Table20_MetallicSmoothness.png,2645883,2.5 MB,Referenced,Required/Referenced indirectly,Assets/Furniture Mega Pack/Materials/Table/mat_Table20.mat,Large referenced/indirect asset,Do not delete until Unity dependency check confirms,High-risk deletion
Assets/DevDen Arch Viz Scotland/Textures/Kitchen Room/Kitchen_cupboard_2/kitchen_green_wood_AO 1.png,2643578,2.5 MB,Referenced,Required/Referenced indirectly,Assets/DevDen Arch Viz Scotland/Materials/Kitchen Room/green_wood_2.mat,Large referenced/indirect asset,Do not delete until Unity dependency check confirms,High-risk deletion
Assets/Furniture Mega Pack/Textures/Sofas/Sofa36/Sofa36_mat_Sofa36_MetallicSmoothness.png,2627815,2.5 MB,Referenced,Required/Referenced indirectly,Assets/Furniture Mega Pack/Materials/Sofa/mat_Sofa36.mat,Large referenced/indirect asset,Do not delete until Unity dependency check confirms,High-risk deletion
Assets/Furniture Mega Pack/Textures/Tables/Table44/Table44_mat_Table44_Normal.png,2627657,2.5 MB,Referenced,Required/Referenced indirectly,Assets/Furniture Mega Pack/Materials/Table/mat_Table44.mat,Large referenced/indirect asset,Do not delete until Unity dependency check confirms,High-risk deletion
Assets/Furniture Mega Pack/Textures/Sofas/Sofa20/Sofa20_mat_Sofa20_AlbedoTransparency.png,2603345,2.5 MB,Referenced,Required/Referenced indirectly,Assets/Furniture Mega Pack/Materials/Sofa/mat_Sofa20.mat,Large referenced/indirect asset,Do not delete until Unity dependency check confirms,High-risk deletion
Assets/Furniture Mega Pack/Textures/Sofas/SectionalSofaLeather/SectionalSofaLeather_mat_SectionalSofaLeather_AlbedoTransparency.png,2598111,2.5 MB,Referenced,Required/Referenced indirectly,Assets/Furniture Mega Pack/Materials/Sofa/mat_SectionalSofaLeather.mat,Large referenced/indirect asset,Do not delete until Unity dependency check confirms,High-risk deletion
Assets/Animated Tropical Vegetation/Textures/palm_tree_1_bark_normal.png,2595514,2.5 MB,Referenced,Required/Referenced indirectly,Assets/Animated Tropical Vegetation/Materials/palm_tree_1_bark.mat,Large referenced/indirect asset,Do not delete until Unity dependency check confirms,High-risk deletion
Assets/TerrainSampleAssets/Textures/Details/Plant_Thickness.tif,2593708,2.5 MB,Referenced,Required/Referenced indirectly,Assets/TerrainSampleAssets/Materials/Plant.asset,Large referenced/indirect asset,Do not delete until Unity dependency check confirms,High-risk deletion
Assets/Furniture Mega Pack/Textures/Tables/Table30/Table30_mat_Table30_AlbedoTransparency.png,2573509,2.5 MB,Referenced,Required/Referenced indirectly,Assets/Furniture Mega Pack/Materials/Table/mat_Table30.mat,Large referenced/indirect asset,Do not delete until Unity dependency check confirms,High-risk deletion
Assets/Furniture Mega Pack/Textures/Tables/Table10/Table10_mat_Table10_Normal.png,2566102,2.4 MB,Referenced,Required/Referenced indirectly,Assets/Furniture Mega Pack/Materials/Table/mat_Table10.mat,Large referenced/indirect asset,Do not delete until Unity dependency check confirms,High-risk deletion
Assets/Furniture Mega Pack/Textures/Sofas/SectionalSofaLeather/SectionalSofaLeather_mat_SectionalSofaLeather_MetallicSmoothness.png,2561135,2.4 MB,Referenced,Required/Referenced indirectly,Assets/Furniture Mega Pack/Materials/Sofa/mat_SectionalSofaLeather.mat,Large referenced/indirect asset,Do not delete until Unity dependency check confirms,High-risk deletion
Assets/Furniture Mega Pack/Textures/Chairs/Chair36/Chair36_mat_Chair36_MetallicSmoothness.png,2528779,2.4 MB,Referenced,Required/Referenced indirectly,Assets/Furniture Mega Pack/Materials/Chair/mat_Chair36.mat,Large referenced/indirect asset,Do not delete until Unity dependency check confirms,High-risk deletion
Assets/Furniture Mega Pack/Textures/Bathroom/AtlasTexture_BathroomCollection_BathroomCollection_Normal.png,2526123,2.4 MB,Referenced,Required/Referenced indirectly,Assets/Furniture Mega Pack/Materials/Bathroom/mat_Bathroom.mat,Large referenced/indirect asset,Do not delete until Unity dependency check confirms,High-risk deletion
Assets/Furniture Mega Pack/Textures/Tables/Table09/Table09_mat_Table09_Normal.png,2521245,2.4 MB,Referenced,Required/Referenced indirectly,Assets/Furniture Mega Pack/Materials/Table/mat_Table09.mat,Large referenced/indirect asset,Do not delete until Unity dependency check confirms,High-risk deletion
Assets/Furniture Mega Pack/Textures/Sofas/Sofa14/Sofa14_mat_Sofa14_MetallicSmoothness.png,2519093,2.4 MB,Referenced,Required/Referenced indirectly,Assets/Furniture Mega Pack/Materials/Sofa/mat_Sofa14.mat,Large referenced/indirect asset,Do not delete until Unity dependency check confirms,High-risk deletion
Assets/Animated Tropical Vegetation/Textures/palm_tree_1_bark_color.png,2516353,2.4 MB,Referenced,Required/Referenced indirectly,Assets/Animated Tropical Vegetation/Materials/palm_tree_1_bark.mat,Large referenced/indirect asset,Do not delete until Unity dependency check confirms,High-risk deletion
Assets/Furniture Mega Pack/Textures/Chairs/Chair18/Chair18_mat_Chair18_AlbedoTransparency.png,2510227,2.4 MB,Referenced,Required/Referenced indirectly,Assets/Furniture Mega Pack/Materials/Chair/mat_Chair18.mat,Large referenced/indirect asset,Do not delete until Unity dependency check confirms,High-risk deletion
Assets/Furniture Mega Pack/Textures/Tables/Table04/Table04_mat_Table04_MetallicSmoothness.png,2502739,2.4 MB,Referenced,Required/Referenced indirectly,Assets/Furniture Mega Pack/Materials/Table/mat_Table04.mat,Large referenced/indirect asset,Do not delete until Unity dependency check confirms,High-risk deletion
Assets/Furniture Mega Pack/Textures/Chairs/Chair29/Chair29_mat_Chair29_MetallicSmoothness.png,2497556,2.4 MB,Referenced,Required/Referenced indirectly,Assets/Furniture Mega Pack/Materials/Chair/mat_Chair29.mat,Large referenced/indirect asset,Do not delete until Unity dependency check confirms,High-risk deletion
Assets/DevDen Arch Viz Scotland/Textures/Kitchen Room/kitchen_1/kitchen_steel_Normal.png,2493218,2.4 MB,Referenced,Required/Referenced indirectly,Assets/DevDen Arch Viz Scotland/Materials/Kitchen Room/steel.mat; Assets/HyTeKGames/SRPMaterialConverter/ConvertedMaterials/steel.mat,Large referenced/indirect asset,Do not delete until Unity dependency check confirms,High-risk deletion
Assets/DevDen Arch Viz Scotland/Textures/Common/AirConditioner/airconditioner_DefaultMaterial_MetallicSmoothness.png,2493060,2.4 MB,Referenced,Required/Referenced indirectly,Assets/DevDen Arch Viz Scotland/Materials/Common/Air Conditioner.mat,Large referenced/indirect asset,Do not delete until Unity dependency check confirms,High-risk deletion
Assets/DevDen Arch Viz Scotland/Textures/Common/SmallObj/dish-rack_albedo.png,2486123,2.4 MB,Referenced,Required/Referenced indirectly,Assets/DevDen Arch Viz Scotland/Materials/Kitchen Room/DrainerNew.mat; Assets/HyTeKGames/SRPMaterialConverter/ConvertedMaterials/DrainerNew.mat,Large referenced/indirect asset,Do not delete until Unity dependency check confirms,High-risk deletion
Assets/DevDen Arch Viz Scotland/Textures/Kitchen Room/kitchen_1/kitchen_chimini_Normal.png,2483175,2.4 MB,Referenced,Required/Referenced indirectly,Assets/DevDen Arch Viz Scotland/Materials/Kitchen Room/chimini.mat; Assets/HyTeKGames/SRPMaterialConverter/ConvertedMaterials/chimini.mat,Large referenced/indirect asset,Do not delete until Unity dependency check confirms,High-risk deletion
Assets/_Recovery/0 (5).unity,2479535,2.4 MB,C: duplicate/obsolete candidate,"Likely safe, verify in Unity",,No GUID/text reference found by static scan,Do not delete until Unity dependency check confirms,Verify in Unity
Assets/_Recovery/0 (1).unity,2464097,2.3 MB,C: duplicate/obsolete candidate,"Likely safe, verify in Unity",,No GUID/text reference found by static scan,Do not delete until Unity dependency check confirms,Verify in Unity
Assets/DevDen Arch Viz Scotland/Textures/Bed Room/bed/bed_bed_MetallicSmoothness.png,2463381,2.3 MB,Referenced,Required/Referenced indirectly,Assets/DevDen Arch Viz Scotland/Materials/Bed Room/bed.mat,Large referenced/indirect asset,Do not delete until Unity dependency check confirms,High-risk deletion
Assets/Furniture Mega Pack/Textures/Tables/Table43/Table43_mat_Table43_Normal.png,2447118,2.3 MB,Referenced,Required/Referenced indirectly,Assets/Furniture Mega Pack/Materials/Table/mat_Table43.mat,Large referenced/indirect asset,Do not delete until Unity dependency check confirms,High-risk deletion
Assets/_Recovery/0 (2).unity,2444567,2.3 MB,C: duplicate/obsolete candidate,"Likely safe, verify in Unity",,No GUID/text reference found by static scan,Do not delete until Unity dependency check confirms,Verify in Unity
Assets/Furniture Mega Pack/Textures/Chairs/Chair07/Chair07_mat_Chair07_MetallicSmoothness.png,2443534,2.3 MB,Referenced,Required/Referenced indirectly,Assets/Furniture Mega Pack/Materials/Chair/mat_Chair07.mat,Large referenced/indirect asset,Do not delete until Unity dependency check confirms,High-risk deletion
Assets/My_Custom/txtrs/PavingStones049_1K-PNG_Color.png,2440606,2.3 MB,Referenced,Required/Referenced indirectly,Assets/My_Custom/mtrls/OldStone.mat,Large referenced/indirect asset,Do not delete until Unity dependency check confirms,High-risk deletion
Assets/_Recovery/0 (3).unity,2437578,2.3 MB,C: duplicate/obsolete candidate,"Likely safe, verify in Unity",,No GUID/text reference found by static scan,Do not delete until Unity dependency check confirms,Verify in Unity
Assets/Idyllic Italian Coast Town/Textures/M_skybox_01.png,2433239,2.3 MB,Referenced,Required/Referenced indirectly,Assets/Idyllic Italian Coast Town/Materials/M_skybox 2.mat; Assets/Idyllic Italian Coast Town/Materials/M_skybox.mat,Large referenced/indirect asset,Do not delete until Unity dependency check confirms,High-risk deletion
Assets/Furniture Mega Pack/Textures/Tables/Table30/Table30_mat_Table30_MetallicSmoothness.png,2432823,2.3 MB,Referenced,Required/Referenced indirectly,Assets/Furniture Mega Pack/Materials/Table/mat_Table30.mat,Large referenced/indirect asset,Do not delete until Unity dependency check confirms,High-risk deletion
Assets/_Recovery/0 (7).unity,2431767,2.3 MB,C: duplicate/obsolete candidate,"Likely safe, verify in Unity",,No GUID/text reference found by static scan,Do not delete until Unity dependency check confirms,Verify in Unity
Assets/_Recovery/0 (6).unity,2429774,2.3 MB,C: duplicate/obsolete candidate,"Likely safe, verify in Unity",,No GUID/text reference found by static scan,Do not delete until Unity dependency check confirms,Verify in Unity
Assets/BCaT_assets/Meshell_Sturgis/My Grandma's Garden.heif,2423929,2.3 MB,A: no text/GUID refs found,"Likely safe, verify in Unity",,No GUID/text reference found by static scan,Do not delete until Unity dependency check confirms,Verify in Unity
Assets/Furniture Mega Pack/Textures/Sofas/Sofa10/Sofa10_mat_Sofa10_MetallicSmoothness.png,2423260,2.3 MB,Referenced,Required/Referenced indirectly,Assets/Furniture Mega Pack/Materials/Sofa/mat_Sofa10.mat,Large referenced/indirect asset,Do not delete until Unity dependency check confirms,High-risk deletion
Assets/Coconut Palm Tree Pack/Textures/Coconut_Palm_Tree_normalspec.psd,2418758,2.3 MB,Referenced,Required/Referenced indirectly,Assets/Coconut Palm Tree Pack/Materials/leaf.mat,Large referenced/indirect asset,Do not delete until Unity dependency check confirms,High-risk deletion
Assets/Coconut Palm Tree Pack/Textures/Coconut_Palm_Tree_normalspec_bark.psd,2418758,2.3 MB,Referenced,Required/Referenced indirectly,Assets/Coconut Palm Tree Pack/Materials/bark.mat,Large referenced/indirect asset,Do not delete until Unity dependency check confirms,High-risk deletion
Assets/Idyllic Italian Coast Town/Textures/M_gravel_02_BaseMap.png,2413437,2.3 MB,Referenced,Required/Referenced indirectly,Assets/Idyllic Italian Coast Town/Materials/M_gravel.mat,Large referenced/indirect asset,Do not delete until Unity dependency check confirms,High-risk deletion
Assets/Furniture Mega Pack/Textures/Tables/Table07/Table07_mat_Table07_MetallicSmoothness.png,2401040,2.3 MB,Referenced,Required/Referenced indirectly,Assets/Furniture Mega Pack/Materials/Table/mat_Table07.mat,Large referenced/indirect asset,Do not delete until Unity dependency check confirms,High-risk deletion
Assets/Furniture Mega Pack/Textures/Sofas/Sofa37/Sofa37_mat_Sofa37_MetallicSmoothness.png,2399873,2.3 MB,Referenced,Required/Referenced indirectly,Assets/Furniture Mega Pack/Materials/Sofa/mat_Sofa37.mat,Large referenced/indirect asset,Do not delete until Unity dependency check confirms,High-risk deletion
Assets/_Recovery/0.unity,2397205,2.3 MB,A: no text/GUID refs found,"Likely safe, verify in Unity",,No GUID/text reference found by static scan,Do not delete until Unity dependency check confirms,Verify in Unity
Assets/DevDen Arch Viz Scotland/Textures/Kitchen Room/side_piece/side_piece_metal_Normal.png,2396454,2.3 MB,Referenced,Required/Referenced indirectly,Assets/DevDen Arch Viz Scotland/Materials/Kitchen Room/metal.mat,Large referenced/indirect asset,Do not delete until Unity dependency check confirms,High-risk deletion
Assets/DevDen Arch Viz Scotland/Textures/Environment/inner_wall/inner_wall_inner_roof3_Normal.png,2383929,2.3 MB,Referenced,Required/Referenced indirectly,Assets/DevDen Arch Viz Scotland/Materials/Environment/inner_roof3.mat; Assets/HyTeKGames/SRPMaterialConverter/ConvertedMaterials/inner_roof3.mat,Large referenced/indirect asset,Do not delete until Unity dependency check confirms,High-risk deletion
Assets/DevDen Arch Viz Scotland/Textures/Bathroom/Washbasin/washbasin_M_washbasin_Normal.png,2383014,2.3 MB,Referenced,Required/Referenced indirectly,Assets/DevDen Arch Viz Scotland/Materials/Bathroom/M_washbasin2.mat; Assets/HyTeKGames/SRPMaterialConverter/ConvertedMaterials/M_washbasin2.mat,Large referenced/indirect asset,Do not delete until Unity dependency check confirms,High-risk deletion
Assets/DevDen Arch Viz Scotland/Textures/Environment/inner_wall/inner_wall_glass_wall_glass4_Normal.png,2382454,2.3 MB,Referenced,Required/Referenced indirectly,Assets/DevDen Arch Viz Scotland/Materials/Bed Room/glass_wall_glass4.mat; Assets/HyTeKGames/SRPMaterialConverter/ConvertedMaterials/glass_wall_glass4.mat,Large referenced/indirect asset,Do not delete until Unity dependency check confirms,High-risk deletion
Assets/DevDen Arch Viz Scotland/Textures/Balcony/balcony/balcony_balcony_glass_Normal.png,2382331,2.3 MB,Referenced,Required/Referenced indirectly,Assets/DevDen Arch Viz Scotland/Materials/balcony/balcony_glass.mat; Assets/HyTeKGames/SRPMaterialConverter/ConvertedMaterials/balcony_glass.mat,Large referenced/indirect asset,Do not delete until Unity dependency check confirms,High-risk deletion
Assets/DevDen Arch Viz Scotland/Textures/Environment/inner_wall/inner_wall_livingroom_floor4_Normal.png,2382221,2.3 MB,A: no text/GUID refs found,"Likely safe, verify in Unity",,No GUID/text reference found by static scan,Do not delete until Unity dependency check confirms,Verify in Unity
Assets/DevDen Arch Viz Scotland/Textures/Environment/inner_wall/inner_wall_pattern_wall_Normal.png,2382213,2.3 MB,Referenced,Required/Referenced indirectly,Assets/DevDen Arch Viz Scotland/Materials/Bed Room/pattern_wall.mat; Assets/DevDen Arch Viz Scotland/Materials/Environment/livingroom_wall3.mat; Assets/HyTeKGames/SRPMaterialConverter/ConvertedMaterials/livingroom_wall3.mat; Assets/HyTeKGames/SRPMaterialConverter/ConvertedMaterials/pattern_wall.mat,Large referenced/indirect asset,Do not delete until Unity dependency check confirms,High-risk deletion
Assets/DevDen Arch Viz Scotland/Textures/Environment/inner_wall/inner_wall_bedroom_wall4_Normal.png,2381597,2.3 MB,Referenced,Required/Referenced indirectly,Assets/DevDen Arch Viz Scotland/Materials/Bed Room/bedroom_wall4.mat; Assets/HyTeKGames/SRPMaterialConverter/ConvertedMaterials/bedroom_wall4.mat,Large referenced/indirect asset,Do not delete until Unity dependency check confirms,High-risk deletion
Assets/DevDen Arch Viz Scotland/Textures/Environment/inner_wall/inner_wall_bathroom_wall3_Normal.png,2381255,2.3 MB,Referenced,Required/Referenced indirectly,Assets/DevDen Arch Viz Scotland/Materials/Bathroom/bathroom_wall3.mat; Assets/HyTeKGames/SRPMaterialConverter/ConvertedMaterials/bathroom_wall3.mat,Large referenced/indirect asset,Do not delete until Unity dependency check confirms,High-risk deletion
Assets/DevDen Arch Viz Scotland/Textures/Environment/inner_wall/inner_wall_bedroom_floor3_Normal.png,2381170,2.3 MB,A: no text/GUID refs found,"Likely safe, verify in Unity",,No GUID/text reference found by static scan,Do not delete until Unity dependency check confirms,Verify in Unity
Assets/DevDen Arch Viz Scotland/Textures/Environment/inner_wall/inner_wall_studyroom_wall3_Normal.png,2381105,2.3 MB,Referenced,Required/Referenced indirectly,Assets/DevDen Arch Viz Scotland/Materials/Study Room/studyroom_wall3.mat; Assets/HyTeKGames/SRPMaterialConverter/ConvertedMaterials/studyroom_wall3.mat,Large referenced/indirect asset,Do not delete until Unity dependency check confirms,High-risk deletion
Assets/DevDen Arch Viz Scotland/Textures/Kitchen Room/side_piece/side_piece_white_wood_Normal.png,2380812,2.3 MB,Referenced,Required/Referenced indirectly,Assets/DevDen Arch Viz Scotland/Materials/Kitchen Room/white_wood.mat; Assets/HyTeKGames/SRPMaterialConverter/ConvertedMaterials/white_wood.mat,Large referenced/indirect asset,Do not delete until Unity dependency check confirms,High-risk deletion
Assets/DevDen Arch Viz Scotland/Textures/Kitchen Room/kitchen_1/kitchen_gold_tap_handle_Normal.png,2379809,2.3 MB,Referenced,Required/Referenced indirectly,Assets/DevDen Arch Viz Scotland/Materials/Kitchen Room/gold_tap_handle 1.mat; Assets/DevDen Arch Viz Scotland/Materials/Kitchen Room/gold_tap_handle.mat; Assets/HyTeKGames/SRPMaterialConverter/ConvertedMaterials/gold_tap_handle 1.mat; Assets/HyTeKGames/SRPMaterialConverter/ConvertedMaterials/gold_tap_handle.mat,Large referenced/indirect asset,Do not delete until Unity dependency check confirms,High-risk deletion
Assets/DevDen Arch Viz Scotland/Textures/Environment/inner_wall/inner_wall_studyroom_floor3_Normal.png,2379248,2.3 MB,Referenced,Required/Referenced indirectly,Assets/DevDen Arch Viz Scotland/Materials/Study Room/studyroom_floor3.mat; Assets/HyTeKGames/SRPMaterialConverter/ConvertedMaterials/studyroom_floor3.mat,Large referenced/indirect asset,Do not delete until Unity dependency check confirms,High-risk deletion
Assets/DevDen Arch Viz Scotland/Textures/Kitchen Room/kitchen_1/kitchen_glass_Normal.png,2378630,2.3 MB,Referenced,Required/Referenced indirectly,Assets/DevDen Arch Viz Scotland/Materials/Kitchen Room/glass.mat; Assets/HyTeKGames/SRPMaterialConverter/ConvertedMaterials/glass.mat; Assets/HyTeKGames/SRPMaterialConverter/ConvertedMaterials/glass_1.mat,Large referenced/indirect asset,Do not delete until Unity dependency check confirms,High-risk deletion
Assets/DevDen Arch Viz Scotland/Textures/Kitchen Room/kitchen_1/kitchen_plastic_Normal.png,2377184,2.3 MB,A: no text/GUID refs found,"Likely safe, verify in Unity",,No GUID/text reference found by static scan,Do not delete until Unity dependency check confirms,Verify in Unity
Assets/DevDen Arch Viz Scotland/Textures/Kitchen Room/Fridge/frifge_green_wood_Normal.png,2374335,2.3 MB,Referenced,Required/Referenced indirectly,Assets/DevDen Arch Viz Scotland/Materials/Kitchen Room/green_wood_1 Metal.mat; Assets/DevDen Arch Viz Scotland/Materials/Kitchen Room/green_wood_1.mat; Assets/HyTeKGames/SRPMaterialConverter/ConvertedMaterials/green_wood_1 Metal.mat; Assets/HyTeKGames/SRPMaterialConverter/ConvertedMaterials/green_wood_1.mat,Large referenced/indirect asset,Do not delete until Unity dependency check confirms,High-risk deletion
Assets/DevDen Arch Viz Scotland/Textures/Kitchen Room/fridge_2/frifge_gold_tap_handle_Normal.png,2373344,2.3 MB,Referenced,Required/Referenced indirectly,Assets/DevDen Arch Viz Scotland/Materials/Kitchen Room/gold_tap_handle_1.mat; Assets/DevDen Arch Viz Scotland/Materials/Kitchen Room/gold_tap_handle_2.mat; Assets/HyTeKGames/SRPMaterialConverter/ConvertedMaterials/gold_tap_handle_1.mat; Assets/HyTeKGames/SRPMaterialConverter/ConvertedMaterials/gold_tap_handle_2.mat,Large referenced/indirect asset,Do not delete until Unity dependency check confirms,High-risk deletion
Assets/Furniture Mega Pack/Textures/Chairs/Chair38/Chair38_mat_Chair38_MetallicSmoothness.png,2371590,2.3 MB,Referenced,Required/Referenced indirectly,Assets/Furniture Mega Pack/Materials/Chair/mat_Chair38.mat,Large referenced/indirect asset,Do not delete until Unity dependency check confirms,High-risk deletion
Assets/DevDen Arch Viz Scotland/Textures/Study Room/lamp/lamp_Normal.png,2371311,2.3 MB,Referenced,Required/Referenced indirectly,Assets/DevDen Arch Viz Scotland/Materials/Common/lamp.mat; Assets/HyTeKGames/SRPMaterialConverter/ConvertedMaterials/lamp.mat,Large referenced/indirect asset,Do not delete until Unity dependency check confirms,High-risk deletion
Assets/DevDen Arch Viz Scotland/Textures/Kitchen Room/Kitchen_cupboard_2/kitchen_granite_Normal.png,2370653,2.3 MB,Referenced,Required/Referenced indirectly,Assets/DevDen Arch Viz Scotland/Materials/Kitchen Room/granite.mat; Assets/DevDen Arch Viz Scotland/Materials/Kitchen Room/green_wood_2.mat; Assets/HyTeKGames/SRPMaterialConverter/ConvertedMaterials/granite.mat; Assets/HyTeKGames/SRPMaterialConverter/ConvertedMaterials/green_wood_2.mat,Large referenced/indirect asset,Do not delete until Unity dependency check confirms,High-risk deletion
Assets/DevDen Arch Viz Scotland/Textures/Study Room/lamp/Lamp_emission_Normal.png,2368311,2.3 MB,Referenced,Required/Referenced indirectly,Assets/DevDen Arch Viz Scotland/Materials/Common/Lamp_emission.mat; Assets/HyTeKGames/SRPMaterialConverter/ConvertedMaterials/Lamp_emission.mat,Large referenced/indirect asset,Do not delete until Unity dependency check confirms,High-risk deletion
Assets/Furniture Mega Pack/Textures/Chairs/Chair14/Chair14_mat_Chair14_MetallicSmoothness.png,2366968,2.3 MB,Referenced,Required/Referenced indirectly,Assets/Furniture Mega Pack/Materials/Chair/mat_Chair14.mat,Large referenced/indirect asset,Do not delete until Unity dependency check confirms,High-risk deletion
Assets/Furniture Mega Pack/Textures/Chairs/Chair17/Chair17_mat_Chair17_MetallicSmoothness.png,2366755,2.3 MB,Referenced,Required/Referenced indirectly,Assets/Furniture Mega Pack/Materials/Chair/mat_Chair17.mat,Large referenced/indirect asset,Do not delete until Unity dependency check confirms,High-risk deletion
Assets/Furniture Mega Pack/Textures/Tables/Table08/Table08_mat_Table08_MetallicSmoothness.png,2364067,2.3 MB,Referenced,Required/Referenced indirectly,Assets/Furniture Mega Pack/Materials/Table/mat_Table08.mat,Large referenced/indirect asset,Do not delete until Unity dependency check confirms,High-risk deletion
Assets/DevDen Arch Viz Scotland/Textures/Study Room/imac/Imac_imac_AlbedoTransparency.png,2361977,2.3 MB,Referenced,Required/Referenced indirectly,Assets/DevDen Arch Viz Scotland/Materials/Study Room/imac.mat; Assets/HyTeKGames/SRPMaterialConverter/ConvertedMaterials/imac.mat,Large referenced/indirect asset,Do not delete until Unity dependency check confirms,High-risk deletion
Assets/Furniture Mega Pack/Textures/Chairs/Chair16/Chair16_mat_Chair16_MetallicSmoothness.png,2361767,2.3 MB,Referenced,Required/Referenced indirectly,Assets/Furniture Mega Pack/Materials/Chair/mat_Chair16.mat,Large referenced/indirect asset,Do not delete until Unity dependency check confirms,High-risk deletion
Assets/TerrainSampleAssets/Textures/Heightmaps/Canyon02_Heightmap.tif,2359436,2.3 MB,C: duplicate/obsolete candidate,"Likely safe, verify in Unity",,No GUID/text reference found by static scan,Do not delete until Unity dependency check confirms,Verify in Unity
Assets/Furniture Mega Pack/Textures/Chairs/Chair38/Chair38_mat_Chair38_AlbedoTransparency.png,2359005,2.2 MB,Referenced,Required/Referenced indirectly,Assets/Furniture Mega Pack/Materials/Chair/mat_Chair38.mat,Large referenced/indirect asset,Do not delete until Unity dependency check confirms,High-risk deletion
Assets/TerrainSampleAssets/Textures/Heightmaps/Mountain03_Heightmap.tif,2358680,2.2 MB,C: duplicate/obsolete candidate,"Likely safe, verify in Unity",,No GUID/text reference found by static scan,Do not delete until Unity dependency check confirms,Verify in Unity
Assets/TerrainSampleAssets/Textures/Heightmaps/Soft_Peaks01_Heightmap.tif,2358664,2.2 MB,C: duplicate/obsolete candidate,"Likely safe, verify in Unity",,No GUID/text reference found by static scan,Do not delete until Unity dependency check confirms,Verify in Unity
Assets/Furniture Mega Pack/Textures/Tables/Table10/Table10_mat_Table10_AlbedoTransparency.png,2358389,2.2 MB,Referenced,Required/Referenced indirectly,Assets/Furniture Mega Pack/Materials/Table/mat_Table10.mat,Large referenced/indirect asset,Do not delete until Unity dependency check confirms,High-risk deletion
Assets/TerrainSampleAssets/Textures/Heightmaps/Island01_Heightmap.tif,2357356,2.2 MB,C: duplicate/obsolete candidate,"Likely safe, verify in Unity",,No GUID/text reference found by static scan,Do not delete until Unity dependency check confirms,Verify in Unity
Assets/TerrainSampleAssets/Textures/Heightmaps/Plateau01_Heightmap.tif,2357184,2.2 MB,C: duplicate/obsolete candidate,"Likely safe, verify in Unity",,No GUID/text reference found by static scan,Do not delete until Unity dependency check confirms,Verify in Unity
Assets/TerrainSampleAssets/Textures/Heightmaps/Ridge_Edge01_Heightmap.tif,2357132,2.2 MB,C: duplicate/obsolete candidate,"Likely safe, verify in Unity",,No GUID/text reference found by static scan,Do not delete until Unity dependency check confirms,Verify in Unity
Assets/TerrainSampleAssets/Textures/Heightmaps/Plateau02_Heightmap.tif,2356888,2.2 MB,C: duplicate/obsolete candidate,"Likely safe, verify in Unity",,No GUID/text reference found by static scan,Do not delete until Unity dependency check confirms,Verify in Unity
Assets/TerrainSampleAssets/Textures/Heightmaps/Plateau03_Heightmap.tif,2356824,2.2 MB,C: duplicate/obsolete candidate,"Likely safe, verify in Unity",,No GUID/text reference found by static scan,Do not delete until Unity dependency check confirms,Verify in Unity
Assets/TerrainSampleAssets/Textures/Heightmaps/Rolling_Hills01_Heightmap.tif,2356672,2.2 MB,C: duplicate/obsolete candidate,"Likely safe, verify in Unity",,No GUID/text reference found by static scan,Do not delete until Unity dependency check confirms,Verify in Unity
Assets/DevDen Arch Viz Scotland/Textures/Balcony/balcony/balcony_balcony_metal_Normal.png,2353381,2.2 MB,Referenced,Required/Referenced indirectly,Assets/DevDen Arch Viz Scotland/Materials/balcony/balcony_metal.mat; Assets/HyTeKGames/SRPMaterialConverter/ConvertedMaterials/balcony_metal.mat,Large referenced/indirect asset,Do not delete until Unity dependency check confirms,High-risk deletion
Assets/Furniture Mega Pack/Textures/Drawer/AtlasTexture_Drawer_DefaultMaterial_Normal.png,2348430,2.2 MB,Referenced,Required/Referenced indirectly,Assets/Furniture Mega Pack/Materials/Drawer/mat_Drawer.mat,Large referenced/indirect asset,Do not delete until Unity dependency check confirms,High-risk deletion
Assets/Furniture Mega Pack/Textures/Tables/Table42/Table42_mat_Table42_AlbedoTransparency.png,2345797,2.2 MB,Referenced,Required/Referenced indirectly,Assets/Furniture Mega Pack/Materials/Table/mat_Table42.mat,Large referenced/indirect asset,Do not delete until Unity dependency check confirms,High-risk deletion
Assets/Furniture Mega Pack/Textures/Chairs/Chair16/Chair16_mat_Chair16_Normal.png,2345720,2.2 MB,Referenced,Required/Referenced indirectly,Assets/Furniture Mega Pack/Materials/Chair/mat_Chair16.mat,Large referenced/indirect asset,Do not delete until Unity dependency check confirms,High-risk deletion
Assets/Furniture Mega Pack/Textures/Tables/Table36/Table36_mat_Table36_MetallicSmoothness.png,2345526,2.2 MB,Referenced,Required/Referenced indirectly,Assets/Furniture Mega Pack/Materials/Table/mat_Table36.mat,Large referenced/indirect asset,Do not delete until Unity dependency check confirms,High-risk deletion
Assets/DevDen Arch Viz Scotland/Textures/Environment/inner_wall/inner_wall_pattern_wall_MetallicSmoothness.png,2338154,2.2 MB,Referenced,Required/Referenced indirectly,Assets/DevDen Arch Viz Scotland/Materials/Bed Room/pattern_wall.mat,Large referenced/indirect asset,Do not delete until Unity dependency check confirms,High-risk deletion
Assets/Furniture Mega Pack/Textures/Tables/Table09/Table09_mat_Table09_MetallicSmoothness.png,2337816,2.2 MB,Referenced,Required/Referenced indirectly,Assets/Furniture Mega Pack/Materials/Table/mat_Table09.mat,Large referenced/indirect asset,Do not delete until Unity dependency check confirms,High-risk deletion
Assets/Furniture Mega Pack/Textures/Sofas/Sofa24/Sofa24_mat_Sofa24_AlbedoTransparency.png,2335972,2.2 MB,Referenced,Required/Referenced indirectly,Assets/Furniture Mega Pack/Materials/Sofa/mat_Sofa24.mat,Large referenced/indirect asset,Do not delete until Unity dependency check confirms,High-risk deletion
Assets/DevDen Arch Viz Scotland/Textures/Kitchen Room/kitchen_1/kitchen_switch1_Normal.png,2332249,2.2 MB,Referenced,Required/Referenced indirectly,Assets/DevDen Arch Viz Scotland/Materials/Common/switch1.mat; Assets/DevDen Arch Viz Scotland/Materials/Common/switch2.mat; Assets/HyTeKGames/SRPMaterialConverter/ConvertedMaterials/switch1.mat; Assets/HyTeKGames/SRPMaterialConverter/ConvertedMaterials/switch2.mat,Large referenced/indirect asset,Do not delete until Unity dependency check confirms,High-risk deletion
Assets/DevDen Arch Viz Scotland/Textures/Bed Room/bedsider/bedsider_bed_sider_AlbedoTransparency.png,2332225,2.2 MB,Referenced,Required/Referenced indirectly,Assets/DevDen Arch Viz Scotland/Materials/Bed Room/bed_sider.mat; Assets/HyTeKGames/SRPMaterialConverter/ConvertedMaterials/bed_sider.mat,Large referenced/indirect asset,Do not delete until Unity dependency check confirms,High-risk deletion
Assets/Idyllic Italian Coast Town/Textures/M_shopsigns_large_BaseMap.png,2327825,2.2 MB,Referenced,Required/Referenced indirectly,Assets/Idyllic Italian Coast Town/Materials/M_shopsigns_large.mat,Large referenced/indirect asset,Do not delete until Unity dependency check confirms,High-risk deletion
Assets/Furniture Mega Pack/Textures/Tables/Table10/Table10_mat_Table10_MetallicSmoothness.png,2326368,2.2 MB,Referenced,Required/Referenced indirectly,Assets/Furniture Mega Pack/Materials/Table/mat_Table10.mat,Large referenced/indirect asset,Do not delete until Unity dependency check confirms,High-risk deletion
Assets/Furniture Mega Pack/Textures/Tables/Table49/Table49_mat_Table49_Normal.png,2306610,2.2 MB,Referenced,Required/Referenced indirectly,Assets/Furniture Mega Pack/Materials/Table/mat_Table49.mat,Large referenced/indirect asset,Do not delete until Unity dependency check confirms,High-risk deletion
Assets/Furniture Mega Pack/Textures/Chairs/Chair48/Chair48_mat_Chair48_AlbedoTransparency.png,2295487,2.2 MB,Referenced,Required/Referenced indirectly,Assets/Furniture Mega Pack/Materials/Chair/mat_Chair48.mat,Large referenced/indirect asset,Do not delete until Unity dependency check confirms,High-risk deletion
Assets/Furniture Mega Pack/Textures/Tables/Table48/Table48_mat_Table48_Normal.png,2279595,2.2 MB,Referenced,Required/Referenced indirectly,Assets/Furniture Mega Pack/Materials/Table/mat_Table48.mat,Large referenced/indirect asset,Do not delete until Unity dependency check confirms,High-risk deletion
Assets/Furniture Mega Pack/Textures/Tables/Table39/Table39_mat_Table39_Normal.png,2276193,2.2 MB,Referenced,Required/Referenced indirectly,Assets/Furniture Mega Pack/Materials/Table/mat_Table39.mat,Large referenced/indirect asset,Do not delete until Unity dependency check confirms,High-risk deletion
Assets/DevDen Arch Viz Scotland/Textures/Environment/Floor Texture/floor mat 1_Normal.png,2272612,2.2 MB,Referenced,Required/Referenced indirectly,Assets/DevDen Arch Viz Scotland/Materials/Bed Room/bedroom_floor3.mat; Assets/DevDen Arch Viz Scotland/Materials/Environment/livingroom_floor4.mat; Assets/DevDen Arch Viz Scotland/Materials/balcony/balcony_wood.mat; Assets/HyTeKGames/SRPMaterialConverter/ConvertedMaterials/balcony_wood.mat; Assets/HyTeKGames/SRPMaterialConverter/ConvertedMaterials/bedroom_floor3.mat; Assets/HyTeKGames/SRPMaterialConverter/ConvertedMaterials/livingroom_floor4.mat,Large referenced/indirect asset,Do not delete until Unity dependency check confirms,High-risk deletion
Assets/Furniture Mega Pack/Textures/Tables/Table32/Table32_mat_Table32_Normal.png,2272376,2.2 MB,Referenced,Required/Referenced indirectly,Assets/Furniture Mega Pack/Materials/Table/mat_Table32.mat,Large referenced/indirect asset,Do not delete until Unity dependency check confirms,High-risk deletion
Assets/DevDen Arch Viz Scotland/Textures/Common/note_pad/note_pad_note_pad_Normal.png,2272259,2.2 MB,Referenced,Required/Referenced indirectly,Assets/DevDen Arch Viz Scotland/Materials/Study Room/Notepad.mat; Assets/HyTeKGames/SRPMaterialConverter/ConvertedMaterials/Notepad.mat,Large referenced/indirect asset,Do not delete until Unity dependency check confirms,High-risk deletion
Assets/Furniture Mega Pack/Textures/Tables/Table29/Table29_mat_Table29_Normal.png,2272222,2.2 MB,Referenced,Required/Referenced indirectly,Assets/Furniture Mega Pack/Materials/Table/mat_Table29.mat,Large referenced/indirect asset,Do not delete until Unity dependency check confirms,High-risk deletion
Assets/TextMesh Pro/Resources/Fonts & Materials/LiberationSans SDF.asset,2264674,2.2 MB,B: indirectly included,Referenced indirectly,Assets/BCaT/Exhibits/BlackKitchen/Scenes/BlackKitchen_MemoryScene.unity; Assets/BCaT/Exhibits/PrivacyLawExhibit/Prefabs/PrivacyLawExhibit.prefab; Assets/BCaT_assets/BlackFamilyMuseumArchive/Prefabs/BFM_Chest_OnChair_W_Text.prefab; Assets/BCaT_assets/BlackParlors/Prefabs/Black_Parlors.prefab; Assets/BCaT_assets/ExhibitCanvases/DigitalExhibitCanvas.prefab; Assets/BCaT_assets/ExhibitCanvases/HolographicPhotoSlideshow.prefab; Assets/BCaT_assets/ExhibitCanvases/MediaExhibitCanvas.prefab; Assets/BCaT_assets/ExhibitCanvases/MediaVideoExhibit_Billboard.prefab; Assets/BCaT_assets/ExhibitCanvases/MediaVideoExhibit_Hologram.prefab; Assets/BCaT_assets/ExhibitCanvases/SoundExhibitCanvas.prefab; Assets/BCaT_assets/HOMED/Prefabs/HOMED.prefab; Assets/BCaT_assets/LindaLeaks/Prefabs/LindaLeaks_Exhibit_HousingMap.prefab; Assets/BCaT_assets/LindaLeaks/Prefabs/LindaLeaks_Exhibit_PhotoAlbum.prefab; Assets/BCaT_assets/LindaLeaks/Prefabs/LindaLeaks_Exhibit_VintageCamera.prefab; Assets/BH_XR_MainScene.unity; Assets/TextMesh Pro/Resources/Fonts & Materials/LiberationSans SDF - Drop Shadow.mat; Assets/TextMesh Pro/Resources/Fonts & Materials/LiberationSans SDF - Outline.mat; Assets/TextMesh Pro/Resources/TMP Settings.asset; Assets/_Recovery/0 (1).unity; Assets/_Recovery/0 (10).unity,Large referenced/indirect asset,Do not delete until Unity dependency check confirms,High-risk deletion
Assets/Idyllic Italian Coast Town/Textures/M_shopsigns_small_MaskMap.png,2255581,2.2 MB,Referenced,Required/Referenced indirectly,Assets/Idyllic Italian Coast Town/Materials/M_shopsigns_small.mat,Large referenced/indirect asset,Do not delete until Unity dependency check confirms,High-risk deletion
Assets/BCaT_assets/Ri/360_images/dining_room.jpg,2253027,2.1 MB,A: no text/GUID refs found,"Likely safe, verify in Unity",,No GUID/text reference found by static scan,Do not delete until Unity dependency check confirms,Verify in Unity
Assets/Furniture Mega Pack/Textures/Sofas/Sofa12/Sofa12_mat_Sofa12_MetallicSmoothness.png,2252986,2.1 MB,Referenced,Required/Referenced indirectly,Assets/Furniture Mega Pack/Materials/Sofa/mat_Sofa12.mat,Large referenced/indirect asset,Do not delete until Unity dependency check confirms,High-risk deletion
Assets/BCAT_GLB_TextureRemediation/generic_tulip_flower/Texture_1 _01.png,2252034,2.1 MB,A: no text/GUID refs found,"Likely safe, verify in Unity",,No GUID/text reference found by static scan,Do not delete until Unity dependency check confirms,Verify in Unity
Assets/TerrainSampleAssets/Textures/Details/BushDry_Normal.tif,2238032,2.1 MB,Referenced,Required/Referenced indirectly,Assets/TerrainSampleAssets/Materials/BushDry.asset,Large referenced/indirect asset,Do not delete until Unity dependency check confirms,High-risk deletion
Assets/Furniture Mega Pack/Textures/Chairs/Chair25/Chair25_mat_Chair25_Normal.png,2228921,2.1 MB,Referenced,Required/Referenced indirectly,Assets/Furniture Mega Pack/Materials/Chair/mat_Chair25.mat,Large referenced/indirect asset,Do not delete until Unity dependency check confirms,High-risk deletion
Assets/Furniture Mega Pack/Textures/Tables/Table24/Table24_mat_Table24_MetallicSmoothness.png,2225502,2.1 MB,Referenced,Required/Referenced indirectly,Assets/Furniture Mega Pack/Materials/Table/mat_Table24.mat,Large referenced/indirect asset,Do not delete until Unity dependency check confirms,High-risk deletion
Assets/DevDen Arch Viz Scotland/Textures/Kitchen Room/Kettle/kitchan mat 2_kitchan_mat_2_MetallicSmoothness.png,2225061,2.1 MB,Referenced,Required/Referenced indirectly,Assets/DevDen Arch Viz Scotland/Materials/Kitchen Room/kitchan_mat_2.mat,Large referenced/indirect asset,Do not delete until Unity dependency check confirms,High-risk deletion
Assets/Idyllic Italian Coast Town/Textures/M_asphalt_BaseColor.png,2222190,2.1 MB,Referenced,Required/Referenced indirectly,Assets/Idyllic Italian Coast Town/Materials/M_asphalt.mat,Large referenced/indirect asset,Do not delete until Unity dependency check confirms,High-risk deletion
Assets/DevDen Arch Viz Scotland/Textures/Kitchen Room/Mug Holder/Mug Holder_AlbedoTransparency.png,2221284,2.1 MB,Referenced,Required/Referenced indirectly,Assets/DevDen Arch Viz Scotland/Materials/Kitchen Room/Mug_Holder_mat.mat; Assets/HyTeKGames/SRPMaterialConverter/ConvertedMaterials/Mug_Holder_mat.mat,Large referenced/indirect asset,Do not delete until Unity dependency check confirms,High-risk deletion
Assets/Furniture Mega Pack/Textures/Tables/Table09/Table09_mat_Table09_AlbedoTransparency.png,2219647,2.1 MB,Referenced,Required/Referenced indirectly,Assets/Furniture Mega Pack/Materials/Table/mat_Table09.mat,Large referenced/indirect asset,Do not delete until Unity dependency check confirms,High-risk deletion
Assets/BCaT_assets/Ri/360_images/living_room_2.jpg,2213686,2.1 MB,A: no text/GUID refs found,"Likely safe, verify in Unity",,No GUID/text reference found by static scan,Do not delete until Unity dependency check confirms,Verify in Unity
Assets/BCaT/Exhibits/BlackKitchen/Audio/kitchen_conversation.mp3,2211889,2.1 MB,Referenced,Required/Referenced indirectly,Assets/BCaT/Exhibits/BlackKitchen/Editor/BlackKitchenExperienceBuilder.cs; Assets/BCaT/Exhibits/BlackKitchen/Scenes/BlackKitchen_MemoryScene.unity; Assets/BCaT/Exhibits/BlackKitchen/Scripts/BlackKitchenAmbientZone.cs,Large referenced/indirect asset,Do not delete until Unity dependency check confirms,High-risk deletion
Assets/DevDen Arch Viz Scotland/Textures/Living Room/sofa_2/sofa_2_01 - Default_MetallicSmoothness.png,2203480,2.1 MB,Referenced,Required/Referenced indirectly,Assets/DevDen Arch Viz Scotland/Materials/Living Room/Sofa Set.mat,Large referenced/indirect asset,Do not delete until Unity dependency check confirms,High-risk deletion
Assets/Furniture Mega Pack/Textures/Chairs/Chair09/Chair09_mat_Chair09_AlbedoTransparency.png,2185686,2.1 MB,Referenced,Required/Referenced indirectly,Assets/Furniture Mega Pack/Materials/Chair/mat_Chair09.mat,Large referenced/indirect asset,Do not delete until Unity dependency check confirms,High-risk deletion
Assets/DevDen Arch Viz Scotland/Textures/Environment/Floor Texture/floor mat 1_AlbedoTransparency.png,2184564,2.1 MB,Referenced,Required/Referenced indirectly,Assets/DevDen Arch Viz Scotland/Materials/Bed Room/bedroom_floor3.mat; Assets/DevDen Arch Viz Scotland/Materials/Environment/livingroom_floor4.mat; Assets/DevDen Arch Viz Scotland/Materials/balcony/balcony_wood.mat; Assets/HyTeKGames/SRPMaterialConverter/ConvertedMaterials/balcony_wood.mat; Assets/HyTeKGames/SRPMaterialConverter/ConvertedMaterials/bedroom_floor3.mat; Assets/HyTeKGames/SRPMaterialConverter/ConvertedMaterials/livingroom_floor4.mat,Large referenced/indirect asset,Do not delete until Unity dependency check confirms,High-risk deletion
Assets/Furniture Mega Pack/Textures/Chairs/Chair28/Chair28_mat_Chair28_MetallicSmoothness.png,2183213,2.1 MB,Referenced,Required/Referenced indirectly,Assets/Furniture Mega Pack/Materials/Chair/mat_Chair28.mat,Large referenced/indirect asset,Do not delete until Unity dependency check confirms,High-risk deletion
Assets/DevDen Arch Viz Scotland/Textures/Balcony/balcony_chair/balcony_ chair_balcony_chair1_Normal.png,2178178,2.1 MB,Referenced,Required/Referenced indirectly,Assets/DevDen Arch Viz Scotland/Materials/balcony/balcony_chair1.mat; Assets/HyTeKGames/SRPMaterialConverter/ConvertedMaterials/balcony_chair1.mat,Large referenced/indirect asset,Do not delete until Unity dependency check confirms,High-risk deletion
Assets/TerrainSampleAssets/Textures/Details/Plant_MaskMap.tif,2173712,2.1 MB,Referenced,Required/Referenced indirectly,Assets/TerrainSampleAssets/Materials/Plant.asset,Large referenced/indirect asset,Do not delete until Unity dependency check confirms,High-risk deletion
Assets/picture-frame/source/pictureframe.fbx,2166880,2.1 MB,Referenced,Required/Referenced indirectly,Assets/BCaT_assets/BlackParlors/Assets/pictureframe.prefab,Large referenced/indirect asset,Do not delete until Unity dependency check confirms,High-risk deletion
Assets/BCaT_assets/BlackParlors/Assets/picture-frame/source/pictureframe.fbx,2166880,2.1 MB,A: no text/GUID refs found,"Likely safe, verify in Unity",,No GUID/text reference found by static scan,Do not delete until Unity dependency check confirms,Verify in Unity
Assets/Furniture Mega Pack/Textures/Cushions/Cushion17_24/Cushion17_24_mat_Cushion17_24_MetallicSmoothness.png,2163889,2.1 MB,Referenced,Required/Referenced indirectly,Assets/Furniture Mega Pack/Materials/Cushion/mat_Cushion17_24.mat,Large referenced/indirect asset,Do not delete until Unity dependency check confirms,High-risk deletion
Assets/HyTeKGames/SRPMaterialConverter/ConvertedMaterials/Maps/Chopboard_mat_AO.png,2151751,2.1 MB,Referenced,Required/Referenced indirectly,Assets/HyTeKGames/SRPMaterialConverter/ConvertedMaterials/Chopboard_mat.mat,Large referenced/indirect asset,Do not delete until Unity dependency check confirms,High-risk deletion
Assets/HyTeKGames/SRPMaterialConverter/ConvertedMaterials/Maps/Chopboard_mat_1_AO.png,2151751,2.1 MB,A: no text/GUID refs found,"Likely safe, verify in Unity",,No GUID/text reference found by static scan,Do not delete until Unity dependency check confirms,Verify in Unity
Assets/Furniture Mega Pack/Textures/Chairs/Chair09/Chair09_mat_Chair09_MetallicSmoothness.png,2133722,2.0 MB,Referenced,Required/Referenced indirectly,Assets/Furniture Mega Pack/Materials/Chair/mat_Chair09.mat,Large referenced/indirect asset,Do not delete until Unity dependency check confirms,High-risk deletion
Assets/DevDen Arch Viz Scotland/Textures/Bed Room/bed/bed_low_bed_sheet_MetallicSmoothness.png,2128743,2.0 MB,A: no text/GUID refs found,"Likely safe, verify in Unity",,No GUID/text reference found by static scan,Do not delete until Unity dependency check confirms,Verify in Unity
Assets/DevDen Arch Viz Scotland/Textures/Kitchen Room/kitchen_1/kitchen_gold_tap_handle_AO.png,2128265,2.0 MB,Referenced,Required/Referenced indirectly,Assets/DevDen Arch Viz Scotland/Materials/Kitchen Room/gold_tap_handle 1.mat; Assets/DevDen Arch Viz Scotland/Materials/Kitchen Room/gold_tap_handle.mat,Large referenced/indirect asset,Do not delete until Unity dependency check confirms,High-risk deletion
Assets/DevDen Arch Viz Scotland/Textures/Balcony/balcony_chair/balcony_ chair_balcony_chair1_AlbedoTransparency.png,2124684,2.0 MB,Referenced,Required/Referenced indirectly,Assets/DevDen Arch Viz Scotland/Materials/balcony/balcony_chair1.mat; Assets/HyTeKGames/SRPMaterialConverter/ConvertedMaterials/balcony_chair1.mat,Large referenced/indirect asset,Do not delete until Unity dependency check confirms,High-risk deletion
Assets/TerrainSampleAssets/Textures/Heightmaps/Mountain06_Heightmap.tif,2120956,2.0 MB,C: duplicate/obsolete candidate,"Likely safe, verify in Unity",,No GUID/text reference found by static scan,Do not delete until Unity dependency check confirms,Verify in Unity
Assets/TerrainSampleAssets/Textures/Heightmaps/Mountain02_Heightmap.tif,2119304,2.0 MB,C: duplicate/obsolete candidate,"Likely safe, verify in Unity",,No GUID/text reference found by static scan,Do not delete until Unity dependency check confirms,Verify in Unity
Assets/TerrainSampleAssets/Textures/Heightmaps/Canyon04_Heightmap.tif,2116256,2.0 MB,C: duplicate/obsolete candidate,"Likely safe, verify in Unity",,No GUID/text reference found by static scan,Do not delete until Unity dependency check confirms,Verify in Unity
Assets/Furniture Mega Pack/Textures/Sofas/Sofa08/Sofa08_mat_Sofa08_MetallicSmoothness.png,2110006,2.0 MB,Referenced,Required/Referenced indirectly,Assets/Furniture Mega Pack/Materials/Sofa/mat_Sofa08.mat,Large referenced/indirect asset,Do not delete until Unity dependency check confirms,High-risk deletion
Assets/My_Custom/txtrs/PavingStones119_1K-PNG_Color.png,2109300,2.0 MB,Referenced,Required/Referenced indirectly,Assets/My_Custom/mtrls/OldPathway.mat; Assets/My_Custom/mtrls/OldStairway.mat,Large referenced/indirect asset,Do not delete until Unity dependency check confirms,High-risk deletion
Assets/DevDen Arch Viz Scotland/Textures/Bed Room/bed/bed_pillow_1_AlbedoTransparency.png,2104122,2.0 MB,Referenced,Required/Referenced indirectly,Assets/DevDen Arch Viz Scotland/Materials/Bed Room/pillow_1.mat; Assets/HyTeKGames/SRPMaterialConverter/ConvertedMaterials/pillow_1.mat,Large referenced/indirect asset,Do not delete until Unity dependency check confirms,High-risk deletion
Assets/BCAT_GLB_TextureRemediation/drone/Texture_3 _01.png,2075038,2.0 MB,A: no text/GUID refs found,"Likely safe, verify in Unity",,No GUID/text reference found by static scan,Do not delete until Unity dependency check confirms,Verify in Unity
Assets/HyTeKGames/SRPMaterialConverter/ConvertedMaterials/Maps/Knife_Holder_mat_1_AO.png,2070257,2.0 MB,C: duplicate/obsolete candidate,"Likely safe, verify in Unity",,No GUID/text reference found by static scan,Do not delete until Unity dependency check confirms,Verify in Unity
Assets/BCaT_assets/BTMMP_Workstation_Assembly/spray-paint-bottle-2/textures/normal.jpg,1985517,1.9 MB,A: no text/GUID refs found,"Likely safe, verify in Unity",,No GUID/text reference found by static scan,Do not delete until Unity dependency check confirms,Verify in Unity
Assets/DevDen Arch Viz Scotland/Textures/Environment/inner_wall/inner_wall_livingroom_floor4_AlbedoTransparency.png,1982897,1.9 MB,A: no text/GUID refs found,"Likely safe, verify in Unity",,No GUID/text reference found by static scan,Do not delete until Unity dependency check confirms,Verify in Unity
Assets/HyTeKGames/SRPMaterialConverter/ConvertedMaterials/Maps/DrainerNew_1_AO.png,1954760,1.9 MB,A: no text/GUID refs found,"Likely safe, verify in Unity",,No GUID/text reference found by static scan,Do not delete until Unity dependency check confirms,Verify in Unity
Assets/DevDen Arch Viz Scotland/Textures/Environment/inner_wall/inner_wall_bedroom_floor3_AlbedoTransparency.png,1916969,1.8 MB,A: no text/GUID refs found,"Likely safe, verify in Unity",,No GUID/text reference found by static scan,Do not delete until Unity dependency check confirms,Verify in Unity
Assets/DevDen Arch Viz Scotland/Textures/Kitchen Room/kitchen_1/kitchen_plastic_AO.png,1858428,1.8 MB,A: no text/GUID refs found,"Likely safe, verify in Unity",,No GUID/text reference found by static scan,Do not delete until Unity dependency check confirms,Verify in Unity
Assets/Idyllic Italian Coast Town/Textures/M_cliff_rocks_BaseMap.png,1799824,1.7 MB,A: no text/GUID refs found,"Likely safe, verify in Unity",,No GUID/text reference found by static scan,Do not delete until Unity dependency check confirms,Verify in Unity
Assets/DevDen Arch Viz Scotland/Scenes/ArchViz/Lightmap-0_comp_dir.png,1762838,1.7 MB,A: no text/GUID refs found,"Likely safe, verify in Unity",,No GUID/text reference found by static scan,Do not delete until Unity dependency check confirms,Verify in Unity
Assets/HyTeKGames/SRPMaterialConverter/ConvertedMaterials/Maps/table1_1_AO.png,1745905,1.7 MB,A: no text/GUID refs found,"Likely safe, verify in Unity",,No GUID/text reference found by static scan,Do not delete until Unity dependency check confirms,Verify in Unity
Assets/HyTeKGames/SRPMaterialConverter/ConvertedMaterials/Maps/green_wood_2_1_AO.png,1701303,1.6 MB,A: no text/GUID refs found,"Likely safe, verify in Unity",,No GUID/text reference found by static scan,Do not delete until Unity dependency check confirms,Verify in Unity
Assets/picture-frame/textures/pictureframe.png,1692975,1.6 MB,A: no text/GUID refs found,"Likely safe, verify in Unity",,No GUID/text reference found by static scan,Do not delete until Unity dependency check confirms,Verify in Unity
Assets/BCaT_assets/BlackParlors/Assets/picture-frame/textures/pictureframe.png,1692975,1.6 MB,A: no text/GUID refs found,"Likely safe, verify in Unity",,No GUID/text reference found by static scan,Do not delete until Unity dependency check confirms,Verify in Unity
Assets/BCAT_GLB_TextureRemediation/dishwasher/Texture_2 _02.png,1682613,1.6 MB,A: no text/GUID refs found,"Likely safe, verify in Unity",,No GUID/text reference found by static scan,Do not delete until Unity dependency check confirms,Verify in Unity
Assets/HyTeKGames/SRPMaterialConverter/ConvertedMaterials/Maps/Mug_Holder_mat_1_AO.png,1668979,1.6 MB,C: duplicate/obsolete candidate,"Likely safe, verify in Unity",,No GUID/text reference found by static scan,Do not delete until Unity dependency check confirms,Verify in Unity
Assets/HyTeKGames/SRPMaterialConverter/ConvertedMaterials/Maps/gold_tap_handle_3_AO.png,1643662,1.6 MB,C: duplicate/obsolete candidate,"Likely safe, verify in Unity",,No GUID/text reference found by static scan,Do not delete until Unity dependency check confirms,Verify in Unity
Assets/HyTeKGames/SRPMaterialConverter/ConvertedMaterials/Maps/gold_tap_handle 1_1_AO.png,1639590,1.6 MB,C: duplicate/obsolete candidate,"Likely safe, verify in Unity",,No GUID/text reference found by static scan,Do not delete until Unity dependency check confirms,Verify in Unity
Assets/BCaT_assets/BTMMP_Workstation_Assembly/spray-paint-bottle-2/textures/diffuse.jpg,1590799,1.5 MB,A: no text/GUID refs found,"Likely safe, verify in Unity",,No GUID/text reference found by static scan,Do not delete until Unity dependency check confirms,Verify in Unity
Assets/Furniture Mega Pack/Scenes/Furniture Mega Pack.unity,1572349,1.5 MB,A: no text/GUID refs found,"Likely safe, verify in Unity",,No GUID/text reference found by static scan,Do not delete until Unity dependency check confirms,Verify in Unity
Assets/RealBlend/Art/Meshes/Flat Mesh_Baked 1.asset,1529763,1.5 MB,C: duplicate/obsolete candidate,"Likely safe, verify in Unity",,No GUID/text reference found by static scan,Do not delete until Unity dependency check confirms,High-risk deletion
Assets/BCaT_assets/BTMMP_Workstation_Assembly/camera-canon-eos-400d/textures/Camara_Low_V2_lambert3_BaseColor.png,1422749,1.4 MB,A: no text/GUID refs found,"Likely safe, verify in Unity",,No GUID/text reference found by static scan,Do not delete until Unity dependency check confirms,Verify in Unity
Assets/DevDen Arch Viz Scotland/Textures/Kitchen Room/fridge_2/frifge_green_wood_AO.png,1329878,1.3 MB,A: no text/GUID refs found,"Likely safe, verify in Unity",,No GUID/text reference found by static scan,Do not delete until Unity dependency check confirms,Verify in Unity
Assets/HyTeKGames/SRPMaterialConverter/ConvertedMaterials/Maps/steel_1_AO.png,1278652,1.2 MB,A: no text/GUID refs found,"Likely safe, verify in Unity",,No GUID/text reference found by static scan,Do not delete until Unity dependency check confirms,Verify in Unity
Assets/DevDen Arch Viz Scotland/Textures/Common/Interior_props/CommonCeramic04_NM.png,1252153,1.2 MB,A: no text/GUID refs found,"Likely safe, verify in Unity",,No GUID/text reference found by static scan,Do not delete until Unity dependency check confirms,Verify in Unity
Assets/DevDen Arch Viz Scotland/Scenes/ArchViz.unity,1193148,1.1 MB,A: no text/GUID refs found,"Likely safe, verify in Unity",,No GUID/text reference found by static scan,Do not delete until Unity dependency check confirms,Verify in Unity
Assets/HyTeKGames/SRPMaterialConverter/ConvertedMaterials/Maps/white_wood_1_AO.png,1097352,1.0 MB,A: no text/GUID refs found,"Likely safe, verify in Unity",,No GUID/text reference found by static scan,Do not delete until Unity dependency check confirms,Verify in Unity
Assets/SubstanceAssets/LittleGamesPack/Scenes/DemoScene.unity,1085954,1.0 MB,A: no text/GUID refs found,"Likely safe, verify in Unity",,No GUID/text reference found by static scan,Do not delete until Unity dependency check confirms,Verify in Unity
Assets/Animated Tropical Vegetation/HDRP Materials.unitypackage,1052492,1.0 MB,A: no text/GUID refs found,"Likely safe, verify in Unity",,No GUID/text reference found by static scan,Do not delete until Unity dependency check confirms,Verify in Unity
Assets/BCAT_GLB_TextureRemediation/drone/Texture_2 _00.png,970365,947.6 KB,A: no text/GUID refs found,"Likely safe, verify in Unity",,No GUID/text reference found by static scan,Do not delete until Unity dependency check confirms,Verify in Unity
Assets/HyTeKGames/SRPMaterialConverter/ConvertedMaterials/Maps/chimini_2_AO.png,966986,944.3 KB,A: no text/GUID refs found,"Likely safe, verify in Unity",,No GUID/text reference found by static scan,Do not delete until Unity dependency check confirms,Verify in Unity
Assets/HyTeKGames/SRPMaterialConverter/ConvertedMaterials/Maps/chimini_3_AO.png,966986,944.3 KB,A: no text/GUID refs found,"Likely safe, verify in Unity",,No GUID/text reference found by static scan,Do not delete until Unity dependency check confirms,Verify in Unity
Assets/HyTeKGames/SRPMaterialConverter/ConvertedMaterials/Maps/chimini_1_AO.png,966986,944.3 KB,A: no text/GUID refs found,"Likely safe, verify in Unity",,No GUID/text reference found by static scan,Do not delete until Unity dependency check confirms,Verify in Unity
Assets/HyTeKGames/SRPMaterialConverter/ConvertedMaterials/Maps/gold_tap_handle_1_1_AO.png,960363,937.9 KB,C: duplicate/obsolete candidate,"Likely safe, verify in Unity",,No GUID/text reference found by static scan,Do not delete until Unity dependency check confirms,Verify in Unity
Assets/HyTeKGames/SRPMaterialConverter/ConvertedMaterials/Maps/gold_tap_handle_2_1_AO.png,960363,937.9 KB,C: duplicate/obsolete candidate,"Likely safe, verify in Unity",,No GUID/text reference found by static scan,Do not delete until Unity dependency check confirms,Verify in Unity
Assets/HyTeKGames/SRPMaterialConverter/ConvertedMaterials/Maps/green_wood_1 Metal_1_AO.png,958628,936.2 KB,A: no text/GUID refs found,"Likely safe, verify in Unity",,No GUID/text reference found by static scan,Do not delete until Unity dependency check confirms,Verify in Unity
Assets/HyTeKGames/SRPMaterialConverter/ConvertedMaterials/Maps/green_wood_1_1_AO.png,958628,936.2 KB,A: no text/GUID refs found,"Likely safe, verify in Unity",,No GUID/text reference found by static scan,Do not delete until Unity dependency check confirms,Verify in Unity
Assets/HyTeKGames/SRPMaterialConverter/ConvertedMaterials/Maps/coffee_maker_1_AO.png,793039,774.5 KB,A: no text/GUID refs found,"Likely safe, verify in Unity",,No GUID/text reference found by static scan,Do not delete until Unity dependency check confirms,Verify in Unity
Assets/DevDen Arch Viz Scotland/Scenes/ArchViz/ReflectionProbe-2.png,774024,755.9 KB,A: no text/GUID refs found,"Likely safe, verify in Unity",,No GUID/text reference found by static scan,Do not delete until Unity dependency check confirms,Verify in Unity
Assets/HyTeKGames/SRPMaterialConverter/ConvertedMaterials/Maps/toilet_wood_1_1_AO.png,750568,733.0 KB,A: no text/GUID refs found,"Likely safe, verify in Unity",,No GUID/text reference found by static scan,Do not delete until Unity dependency check confirms,Verify in Unity
Assets/SimpleNaturePack/SimpleNaturePack_2020.3_HDRP_v1.24.unitypackage,723600,706.6 KB,A: no text/GUID refs found,"Likely safe, verify in Unity",,No GUID/text reference found by static scan,Do not delete until Unity dependency check confirms,Verify in Unity
Assets/HyTeKGames/SRPMaterialConverter/ConvertedMaterials/Maps/plate_1_AO.png,721509,704.6 KB,A: no text/GUID refs found,"Likely safe, verify in Unity",,No GUID/text reference found by static scan,Do not delete until Unity dependency check confirms,Verify in Unity
Assets/HyTeKGames/SRPMaterialConverter/ConvertedMaterials/Maps/Air Conditioner_1_AO.png,674997,659.2 KB,A: no text/GUID refs found,"Likely safe, verify in Unity",,No GUID/text reference found by static scan,Do not delete until Unity dependency check confirms,Verify in Unity
Assets/SimpleNaturePack/SimpleNaturePack_2020.3_URP_v1.24.unitypackage,673678,657.9 KB,A: no text/GUID refs found,"Likely safe, verify in Unity",,No GUID/text reference found by static scan,Do not delete until Unity dependency check confirms,Verify in Unity
Assets/HyTeKGames/SRPMaterialConverter/ConvertedMaterials/Maps/balcony_chair1_2_AO.png,640293,625.3 KB,A: no text/GUID refs found,"Likely safe, verify in Unity",,No GUID/text reference found by static scan,Do not delete until Unity dependency check confirms,Verify in Unity
Assets/HyTeKGames/SRPMaterialConverter/ConvertedMaterials/Maps/balcony_chair1_4_AO.png,640293,625.3 KB,A: no text/GUID refs found,"Likely safe, verify in Unity",,No GUID/text reference found by static scan,Do not delete until Unity dependency check confirms,Verify in Unity
Assets/HyTeKGames/SRPMaterialConverter/ConvertedMaterials/Maps/pillow_1_1_Metallic.png,637254,622.3 KB,A: no text/GUID refs found,"Likely safe, verify in Unity",,No GUID/text reference found by static scan,Do not delete until Unity dependency check confirms,Verify in Unity
Assets/HyTeKGames/SRPMaterialConverter/ConvertedMaterials/Maps/dressing_mirror1_1_AO.png,628342,613.6 KB,A: no text/GUID refs found,"Likely safe, verify in Unity",,No GUID/text reference found by static scan,Do not delete until Unity dependency check confirms,Verify in Unity
Assets/HyTeKGames/SRPMaterialConverter/ConvertedMaterials/Maps/bed_coat_1_Metallic.png,620722,606.2 KB,A: no text/GUID refs found,"Likely safe, verify in Unity",,No GUID/text reference found by static scan,Do not delete until Unity dependency check confirms,Verify in Unity
Assets/Idyllic Italian Coast Town/Textures/M_groundtiles_02_Normal.png,598972,584.9 KB,A: no text/GUID refs found,"Likely safe, verify in Unity",,No GUID/text reference found by static scan,Do not delete until Unity dependency check confirms,Verify in Unity
Assets/TerrainSampleAssets/Textures/Heightmaps/Cracked_Earth01_Heightmap.tif,594044,580.1 KB,C: duplicate/obsolete candidate,"Likely safe, verify in Unity",,No GUID/text reference found by static scan,Do not delete until Unity dependency check confirms,Verify in Unity
Assets/Idyllic Italian Coast Town/Textures/M_groundtiles_02_BaseColor.png,593882,580.0 KB,A: no text/GUID refs found,"Likely safe, verify in Unity",,No GUID/text reference found by static scan,Do not delete until Unity dependency check confirms,Verify in Unity
Assets/TerrainSampleAssets/Textures/Heightmaps/Cracked_Earth02_Heightmap.tif,590376,576.5 KB,C: duplicate/obsolete candidate,"Likely safe, verify in Unity",,No GUID/text reference found by static scan,Do not delete until Unity dependency check confirms,Verify in Unity
Assets/HyTeKGames/SRPMaterialConverter/ConvertedMaterials/Maps/M_washbasin2_1_AO.png,555017,542.0 KB,A: no text/GUID refs found,"Likely safe, verify in Unity",,No GUID/text reference found by static scan,Do not delete until Unity dependency check confirms,Verify in Unity
Assets/TerrainSampleAssets/Textures/Heightmaps/Canyon01_Heightmap.tif,548868,536.0 KB,C: duplicate/obsolete candidate,"Likely safe, verify in Unity",,No GUID/text reference found by static scan,Do not delete until Unity dependency check confirms,Verify in Unity
Assets/HyTeKGames/SRPMaterialConverter/ConvertedMaterials/Maps/bed_sider_1_AO.png,544935,532.2 KB,A: no text/GUID refs found,"Likely safe, verify in Unity",,No GUID/text reference found by static scan,Do not delete until Unity dependency check confirms,Verify in Unity
Assets/HyTeKGames/SRPMaterialConverter/ConvertedMaterials/Maps/kitchan_mat_2_1_Metallic.png,542995,530.3 KB,A: no text/GUID refs found,"Likely safe, verify in Unity",,No GUID/text reference found by static scan,Do not delete until Unity dependency check confirms,Verify in Unity
Assets/HyTeKGames/SRPMaterialConverter/ConvertedMaterials/Maps/M_toilet_1_AO.png,500349,488.6 KB,A: no text/GUID refs found,"Likely safe, verify in Unity",,No GUID/text reference found by static scan,Do not delete until Unity dependency check confirms,Verify in Unity
Assets/HyTeKGames/SRPMaterialConverter/ConvertedMaterials/Maps/balcony_metal_2_AO.png,474116,463.0 KB,A: no text/GUID refs found,"Likely safe, verify in Unity",,No GUID/text reference found by static scan,Do not delete until Unity dependency check confirms,Verify in Unity
Assets/HyTeKGames/SRPMaterialConverter/ConvertedMaterials/Maps/balcony_metal_1_AO.png,474116,463.0 KB,A: no text/GUID refs found,"Likely safe, verify in Unity",,No GUID/text reference found by static scan,Do not delete until Unity dependency check confirms,Verify in Unity
Assets/HyTeKGames/SRPMaterialConverter/ConvertedMaterials/Maps/Table Mat_1_AO.png,471346,460.3 KB,A: no text/GUID refs found,"Likely safe, verify in Unity",,No GUID/text reference found by static scan,Do not delete until Unity dependency check confirms,Verify in Unity
Assets/HyTeKGames/SRPMaterialConverter/ConvertedMaterials/Maps/diining_chair_wood_1_AO.png,469667,458.7 KB,A: no text/GUID refs found,"Likely safe, verify in Unity",,No GUID/text reference found by static scan,Do not delete until Unity dependency check confirms,Verify in Unity
Assets/BCaT/Exhibits/PrivacyLawExhibit/Textures/PrivacyLaw_SourceBlueprint.png,449433,438.9 KB,A: no text/GUID refs found,"Likely safe, verify in Unity",,No GUID/text reference found by static scan,Do not delete until Unity dependency check confirms,Verify in Unity
Assets/SimpleNaturePack/Scenes/SimpleNaturePack_Demo.unity,423165,413.2 KB,A: no text/GUID refs found,"Likely safe, verify in Unity",,No GUID/text reference found by static scan,Do not delete until Unity dependency check confirms,Verify in Unity
Assets/BCAT_GLB_TextureRemediation/dishwasher/Texture_1 _01.png,417536,407.8 KB,A: no text/GUID refs found,"Likely safe, verify in Unity",,No GUID/text reference found by static scan,Do not delete until Unity dependency check confirms,Verify in Unity
Assets/HyTeKGames/SRPMaterialConverter/ConvertedMaterials/Maps/Air Conditioner_1_Metallic.png,389195,380.1 KB,A: no text/GUID refs found,"Likely safe, verify in Unity",,No GUID/text reference found by static scan,Do not delete until Unity dependency check confirms,Verify in Unity
Assets/HyTeKGames/SRPMaterialConverter/ConvertedMaterials/Maps/washingMachine_1_Metallic.png,358001,349.6 KB,A: no text/GUID refs found,"Likely safe, verify in Unity",,No GUID/text reference found by static scan,Do not delete until Unity dependency check confirms,Verify in Unity
Assets/HyTeKGames/SRPMaterialConverter/ConvertedMaterials/Maps/washingmachineclosed_1_Metallic.png,358001,349.6 KB,A: no text/GUID refs found,"Likely safe, verify in Unity",,No GUID/text reference found by static scan,Do not delete until Unity dependency check confirms,Verify in Unity
Assets/BCaT_assets/LindaLeaks/Images/image22b.jpg,356459,348.1 KB,A: no text/GUID refs found,"Likely safe, verify in Unity",,No GUID/text reference found by static scan,Do not delete until Unity dependency check confirms,Verify in Unity
Assets/Idyllic Italian Coast Town/Textures/M_grasstexture_stylized.png,355694,347.4 KB,A: no text/GUID refs found,"Likely safe, verify in Unity",,No GUID/text reference found by static scan,Do not delete until Unity dependency check confirms,Verify in Unity
Assets/BCaT_assets/LindaLeaks/Images/image26b.jpg,354669,346.4 KB,A: no text/GUID refs found,"Likely safe, verify in Unity",,No GUID/text reference found by static scan,Do not delete until Unity dependency check confirms,Verify in Unity
Assets/DevDen Arch Viz Scotland/Prefabs/Kitchen Room/Kitchen_Cabinet-1.prefab,351627,343.4 KB,A: no text/GUID refs found,"Likely safe, verify in Unity",,No GUID/text reference found by static scan,Do not delete until Unity dependency check confirms,Verify in Unity
Assets/Idyllic Italian Coast Town/Scenes/Showcase.unity,350353,342.1 KB,A: no text/GUID refs found,"Likely safe, verify in Unity",,No GUID/text reference found by static scan,Do not delete until Unity dependency check confirms,Verify in Unity
Assets/HyTeKGames/SRPMaterialConverter/ConvertedMaterials/Maps/granite_1_AO.png,346109,338.0 KB,A: no text/GUID refs found,"Likely safe, verify in Unity",,No GUID/text reference found by static scan,Do not delete until Unity dependency check confirms,Verify in Unity
Assets/Idyllic Italian Coast Town/Textures/bricks_wall_02_height_1k.png,334882,327.0 KB,A: no text/GUID refs found,"Likely safe, verify in Unity",,No GUID/text reference found by static scan,Do not delete until Unity dependency check confirms,Verify in Unity
Assets/BCaT_assets/LindaLeaks/Images/image58.jpg,323695,316.1 KB,A: no text/GUID refs found,"Likely safe, verify in Unity",,No GUID/text reference found by static scan,Do not delete until Unity dependency check confirms,Verify in Unity
Assets/HyTeKGames/SRPMaterialConverter/ConvertedMaterials/Maps/bathroom_cabin_1_AO.png,320199,312.7 KB,A: no text/GUID refs found,"Likely safe, verify in Unity",,No GUID/text reference found by static scan,Do not delete until Unity dependency check confirms,Verify in Unity
Assets/YughuesFreeCobbleMaterials/YughuesFreeCobbleMaterials_URP.unitypackage,317445,310.0 KB,A: no text/GUID refs found,"Likely safe, verify in Unity",,No GUID/text reference found by static scan,Do not delete until Unity dependency check confirms,Verify in Unity
Assets/BCaT_assets/LindaLeaks/Images/image05b.jpg,301193,294.1 KB,A: no text/GUID refs found,"Likely safe, verify in Unity",,No GUID/text reference found by static scan,Do not delete until Unity dependency check confirms,Verify in Unity
Assets/HyTeKGames/SRPMaterialConverter/ConvertedMaterials/Maps/balcony_table_2_1_AO.png,296889,289.9 KB,A: no text/GUID refs found,"Likely safe, verify in Unity",,No GUID/text reference found by static scan,Do not delete until Unity dependency check confirms,Verify in Unity
Assets/HyTeKGames/SRPMaterialConverter/ConvertedMaterials/Maps/balcony_table_2_2_AO.png,296889,289.9 KB,A: no text/GUID refs found,"Likely safe, verify in Unity",,No GUID/text reference found by static scan,Do not delete until Unity dependency check confirms,Verify in Unity
Assets/BCAT_GLB_TextureRemediation/dishwasher/Texture_0 _00.png,292413,285.6 KB,A: no text/GUID refs found,"Likely safe, verify in Unity",,No GUID/text reference found by static scan,Do not delete until Unity dependency check confirms,Verify in Unity
Assets/DevDen Arch Viz Scotland/Textures/Common/Interior_props/CommonCeramic04_Metallic.png,289984,283.2 KB,A: no text/GUID refs found,"Likely safe, verify in Unity",,No GUID/text reference found by static scan,Do not delete until Unity dependency check confirms,Verify in Unity
Assets/TextMesh Pro/Shaders/TMP_SDF-HDRP LIT.shadergraph,287427,280.7 KB,A: no text/GUID refs found,"Likely safe, verify in Unity",,No GUID/text reference found by static scan,Do not delete until Unity dependency check confirms,Verify in Unity
Assets/TextMesh Pro/Shaders/TMP_SDF-URP Lit.shadergraph,283866,277.2 KB,A: no text/GUID refs found,"Likely safe, verify in Unity",,No GUID/text reference found by static scan,Do not delete until Unity dependency check confirms,Verify in Unity
Assets/TextMesh Pro/Shaders/TMP_SDF-HDRP UNLIT.shadergraph,279909,273.3 KB,A: no text/GUID refs found,"Likely safe, verify in Unity",,No GUID/text reference found by static scan,Do not delete until Unity dependency check confirms,Verify in Unity
Assets/TextMesh Pro/Shaders/TMP_SDF-URP Unlit.shadergraph,277012,270.5 KB,A: no text/GUID refs found,"Likely safe, verify in Unity",,No GUID/text reference found by static scan,Do not delete until Unity dependency check confirms,Verify in Unity
Assets/BCaT_assets/LindaLeaks/Images/image68.jpg,276410,269.9 KB,A: no text/GUID refs found,"Likely safe, verify in Unity",,No GUID/text reference found by static scan,Do not delete until Unity dependency check confirms,Verify in Unity
Assets/HyTeKGames/SRPMaterialConverter/ConvertedMaterials/Maps/metaldryer_1_AO.png,270717,264.4 KB,A: no text/GUID refs found,"Likely safe, verify in Unity",,No GUID/text reference found by static scan,Do not delete until Unity dependency check confirms,Verify in Unity
Assets/HyTeKGames/SRPMaterialConverter/ConvertedMaterials/Maps/bathroom_shelf_1_AO.png,266488,260.2 KB,A: no text/GUID refs found,"Likely safe, verify in Unity",,No GUID/text reference found by static scan,Do not delete until Unity dependency check confirms,Verify in Unity
Assets/UnityTechnologies/Basic Asset Pack Interior/Textures/StripesGreenLime.jpg,265929,259.7 KB,A: no text/GUID refs found,"Likely safe, verify in Unity",,No GUID/text reference found by static scan,Do not delete until Unity dependency check confirms,Verify in Unity
Assets/UnityTechnologies/Basic Asset Pack Interior/Textures/StripesPurple.jpg,262001,255.9 KB,A: no text/GUID refs found,"Likely safe, verify in Unity",,No GUID/text reference found by static scan,Do not delete until Unity dependency check confirms,Verify in Unity
Assets/Animated Tropical Vegetation/DemoScene.unity,259443,253.4 KB,A: no text/GUID refs found,"Likely safe, verify in Unity",,No GUID/text reference found by static scan,Do not delete until Unity dependency check confirms,Verify in Unity
Assets/BCaT_assets/LindaLeaks/Images/image07b.jpg,257869,251.8 KB,A: no text/GUID refs found,"Likely safe, verify in Unity",,No GUID/text reference found by static scan,Do not delete until Unity dependency check confirms,Verify in Unity
Assets/HyTeKGames/SRPMaterialConverter/ConvertedMaterials/Maps/dinning_chair_cusion_1_AO.png,255033,249.1 KB,A: no text/GUID refs found,"Likely safe, verify in Unity",,No GUID/text reference found by static scan,Do not delete until Unity dependency check confirms,Verify in Unity
Assets/DevDen Arch Viz Scotland/Prefabs/Kitchen Room/Kitchen_Cabinet-2.prefab,252681,246.8 KB,A: no text/GUID refs found,"Likely safe, verify in Unity",,No GUID/text reference found by static scan,Do not delete until Unity dependency check confirms,Verify in Unity
Assets/BCaT_assets/LindaLeaks/Images/image03b.jpg,248536,242.7 KB,A: no text/GUID refs found,"Likely safe, verify in Unity",,No GUID/text reference found by static scan,Do not delete until Unity dependency check confirms,Verify in Unity
Assets/HyTeKGames/SRPMaterialConverter/ConvertedMaterials/Maps/Paintings_House_2_1_AO.png,233381,227.9 KB,A: no text/GUID refs found,"Likely safe, verify in Unity",,No GUID/text reference found by static scan,Do not delete until Unity dependency check confirms,Verify in Unity
Assets/HyTeKGames/SRPMaterialConverter/ConvertedMaterials/Maps/toasterNew_1_AO.png,221706,216.5 KB,A: no text/GUID refs found,"Likely safe, verify in Unity",,No GUID/text reference found by static scan,Do not delete until Unity dependency check confirms,Verify in Unity
Assets/HyTeKGames/SRPMaterialConverter/ConvertedMaterials/Maps/tolpaper_1_AO.png,211561,206.6 KB,A: no text/GUID refs found,"Likely safe, verify in Unity",,No GUID/text reference found by static scan,Do not delete until Unity dependency check confirms,Verify in Unity
Assets/HyTeKGames/SRPMaterialConverter/ConvertedMaterials/Maps/marble_1_AO.png,210393,205.5 KB,A: no text/GUID refs found,"Likely safe, verify in Unity",,No GUID/text reference found by static scan,Do not delete until Unity dependency check confirms,Verify in Unity
Assets/HyTeKGames/SRPMaterialConverter/ConvertedMaterials/Maps/switch1_1_AO.png,207574,202.7 KB,A: no text/GUID refs found,"Likely safe, verify in Unity",,No GUID/text reference found by static scan,Do not delete until Unity dependency check confirms,Verify in Unity
Assets/HyTeKGames/SRPMaterialConverter/ConvertedMaterials/Maps/switch2_1_AO.png,207574,202.7 KB,A: no text/GUID refs found,"Likely safe, verify in Unity",,No GUID/text reference found by static scan,Do not delete until Unity dependency check confirms,Verify in Unity
Assets/DevDen Arch Viz Scotland/Textures/Environment/inner_wall/inner_wall_hall_way_MetallicSmoothness.png,195338,190.8 KB,A: no text/GUID refs found,"Likely safe, verify in Unity",,No GUID/text reference found by static scan,Do not delete until Unity dependency check confirms,Verify in Unity
Assets/HyTeKGames/SRPMaterialConverter/ConvertedMaterials/Maps/bedroom_wood_side_table_1_AO.png,192823,188.3 KB,A: no text/GUID refs found,"Likely safe, verify in Unity",,No GUID/text reference found by static scan,Do not delete until Unity dependency check confirms,Verify in Unity
Assets/TerrainSampleAssets/Textures/Heightmaps/Clouds_Heightmap.tif,191372,186.9 KB,C: duplicate/obsolete candidate,"Likely safe, verify in Unity",,No GUID/text reference found by static scan,Do not delete until Unity dependency check confirms,Verify in Unity
Assets/RealBlend/RealBlend.pdf,190974,186.5 KB,A: no text/GUID refs found,"Likely safe, verify in Unity",,No GUID/text reference found by static scan,Do not delete until Unity dependency check confirms,Verify in Unity
Assets/HyTeKGames/SRPMaterialConverter/ConvertedMaterials/Maps/balcony_table_2_2_Metallic.png,189322,184.9 KB,A: no text/GUID refs found,"Likely safe, verify in Unity",,No GUID/text reference found by static scan,Do not delete until Unity dependency check confirms,Verify in Unity
Assets/HyTeKGames/SRPMaterialConverter/ConvertedMaterials/Maps/balcony_table_2_1_Metallic.png,189322,184.9 KB,A: no text/GUID refs found,"Likely safe, verify in Unity",,No GUID/text reference found by static scan,Do not delete until Unity dependency check confirms,Verify in Unity
Assets/HyTeKGames/SRPMaterialConverter/ConvertedMaterials/Maps/Paintings_House_1_1_AO.png,188245,183.8 KB,A: no text/GUID refs found,"Likely safe, verify in Unity",,No GUID/text reference found by static scan,Do not delete until Unity dependency check confirms,Verify in Unity
Assets/UnityTechnologies/Basic Asset Pack Interior/Textures/SpotsGrey.jpg,187845,183.4 KB,A: no text/GUID refs found,"Likely safe, verify in Unity",,No GUID/text reference found by static scan,Do not delete until Unity dependency check confirms,Verify in Unity
Assets/HyTeKGames/SRPMaterialConverter/ConvertedMaterials/Maps/green_wood_3_AO.png,184635,180.3 KB,A: no text/GUID refs found,"Likely safe, verify in Unity",,No GUID/text reference found by static scan,Do not delete until Unity dependency check confirms,Verify in Unity
Assets/HyTeKGames/SRPMaterialConverter/ConvertedMaterials/Maps/Paintings_House_3_AO.png,182727,178.4 KB,A: no text/GUID refs found,"Likely safe, verify in Unity",,No GUID/text reference found by static scan,Do not delete until Unity dependency check confirms,Verify in Unity
Assets/UnityTechnologies/Basic Asset Pack Interior/Textures/Floor_BeigeStripes.jpg,182366,178.1 KB,A: no text/GUID refs found,"Likely safe, verify in Unity",,No GUID/text reference found by static scan,Do not delete until Unity dependency check confirms,Verify in Unity
Assets/UnityTechnologies/Basic Asset Pack Interior/Textures/StripesGrey.jpg,175984,171.9 KB,A: no text/GUID refs found,"Likely safe, verify in Unity",,No GUID/text reference found by static scan,Do not delete until Unity dependency check confirms,Verify in Unity
Assets/HyTeKGames/SRPMaterialConverter/ConvertedMaterials/Maps/TV_Shelf_1_AO.png,173523,169.5 KB,A: no text/GUID refs found,"Likely safe, verify in Unity",,No GUID/text reference found by static scan,Do not delete until Unity dependency check confirms,Verify in Unity
Assets/HyTeKGames/SRPMaterialConverter/ConvertedMaterials/Maps/TV_Panels_1_AO.png,169834,165.9 KB,A: no text/GUID refs found,"Likely safe, verify in Unity",,No GUID/text reference found by static scan,Do not delete until Unity dependency check confirms,Verify in Unity
Assets/HyTeKGames/SRPMaterialConverter/ConvertedMaterials/Maps/bedside_lamp1_1_AO.png,165036,161.2 KB,A: no text/GUID refs found,"Likely safe, verify in Unity",,No GUID/text reference found by static scan,Do not delete until Unity dependency check confirms,Verify in Unity
Assets/Furniture Mega Pack/Scenes/Furniture Mega Pack/ReflectionProbe-0.exr,164012,160.2 KB,C: duplicate/obsolete candidate,"Likely safe, verify in Unity",,No GUID/text reference found by static scan,Do not delete until Unity dependency check confirms,Verify in Unity
Assets/Furniture Mega Pack/Scenes/Furniture Mega Pack/ReflectionProbe-1.exr,163864,160.0 KB,C: duplicate/obsolete candidate,"Likely safe, verify in Unity",,No GUID/text reference found by static scan,Do not delete until Unity dependency check confirms,Verify in Unity
Assets/My_Custom/Door_Side_Handle.prefab,156729,153.1 KB,A: no text/GUID refs found,"Likely safe, verify in Unity",,No GUID/text reference found by static scan,Do not delete until Unity dependency check confirms,Verify in Unity
Assets/Food Pack-Demo/Scenes/DemoScene.unity,147442,144.0 KB,A: no text/GUID refs found,"Likely safe, verify in Unity",,No GUID/text reference found by static scan,Do not delete until Unity dependency check confirms,Verify in Unity
Assets/SubstanceAssets/LittleGamesPack/Prefabs/Assembled Prefabs/Card_Deck.prefab,144959,141.6 KB,A: no text/GUID refs found,"Likely safe, verify in Unity",,No GUID/text reference found by static scan,Do not delete until Unity dependency check confirms,Verify in Unity
Assets/RealBlend/Art/Meshes/Flat Mesh_Baked 2.asset,144597,141.2 KB,C: duplicate/obsolete candidate,"Likely safe, verify in Unity",,No GUID/text reference found by static scan,Do not delete until Unity dependency check confirms,High-risk deletion
Assets/My_Custom/SM_Window_Opening.prefab,143039,139.7 KB,A: no text/GUID refs found,"Likely safe, verify in Unity",,No GUID/text reference found by static scan,Do not delete until Unity dependency check confirms,Verify in Unity
Assets/UnityTechnologies/Basic Asset Pack Interior/Textures/Floor_WoodPlanks.jpg,140138,136.9 KB,A: no text/GUID refs found,"Likely safe, verify in Unity",,No GUID/text reference found by static scan,Do not delete until Unity dependency check confirms,Verify in Unity
Assets/DevDen Arch Viz Scotland/Textures/Living Room/TV/TV_Emission.png,137461,134.2 KB,A: no text/GUID refs found,"Likely safe, verify in Unity",,No GUID/text reference found by static scan,Do not delete until Unity dependency check confirms,Verify in Unity
Assets/DevDen Arch Viz Scotland/Textures/Common/Interior_props/CommonCeramic04.png,129617,126.6 KB,A: no text/GUID refs found,"Likely safe, verify in Unity",,No GUID/text reference found by static scan,Do not delete until Unity dependency check confirms,Verify in Unity
Assets/HyTeKGames/SRPMaterialConverter/ConvertedMaterials/Maps/coffee_maker_1_Metallic.png,128394,125.4 KB,A: no text/GUID refs found,"Likely safe, verify in Unity",,No GUID/text reference found by static scan,Do not delete until Unity dependency check confirms,Verify in Unity
Assets/HyTeKGames/SRPMaterialConverter/ConvertedMaterials/Maps/study_chairI_Leg_1_AO.png,126880,123.9 KB,A: no text/GUID refs found,"Likely safe, verify in Unity",,No GUID/text reference found by static scan,Do not delete until Unity dependency check confirms,Verify in Unity
Assets/TerrainSampleAssets/ShaderGraphs/Subgraphs/URPSSS.shadersubgraph,125723,122.8 KB,A: no text/GUID refs found,"Likely safe, verify in Unity",,No GUID/text reference found by static scan,Do not delete until Unity dependency check confirms,Verify in Unity
Assets/TerrainSampleAssets/ShaderGraphs/Subgraphs/AnimatedGrassPhase.shadersubgraph,123802,120.9 KB,A: no text/GUID refs found,"Likely safe, verify in Unity",,No GUID/text reference found by static scan,Do not delete until Unity dependency check confirms,Verify in Unity
Assets/TutorialInfo/Icons/Water Shader icon.PNG,122056,119.2 KB,A: no text/GUID refs found,"Likely safe, verify in Unity",,No GUID/text reference found by static scan,Do not delete until Unity dependency check confirms,Verify in Unity
Assets/BCaT/Exhibits/BlackKitchen/Scenes/BlackKitchen_MemoryScene.unity,120017,117.2 KB,A: no text/GUID refs found,"Likely safe, verify in Unity",,No GUID/text reference found by static scan,Do not delete until Unity dependency check confirms,Verify in Unity
Assets/DevDen Arch Viz Scotland/Textures/Kitchen Room/kitchen_1/kitchen_granite_Normal.png,116801,114.1 KB,A: no text/GUID refs found,"Likely safe, verify in Unity",,No GUID/text reference found by static scan,Do not delete until Unity dependency check confirms,Verify in Unity
Assets/BrokenVector/LowPolyFencePack/Scenes/All Fences Example.unity,116419,113.7 KB,A: no text/GUID refs found,"Likely safe, verify in Unity",,No GUID/text reference found by static scan,Do not delete until Unity dependency check confirms,Verify in Unity
Assets/HyTeKGames/SRPMaterialConverter/ConvertedMaterials/Maps/knives_2_Metallic.png,111973,109.3 KB,A: no text/GUID refs found,"Likely safe, verify in Unity",,No GUID/text reference found by static scan,Do not delete until Unity dependency check confirms,Verify in Unity
Assets/UnityTechnologies/Basic Asset Pack Interior/Textures/TrimSheet_Purples.jpg,111258,108.7 KB,A: no text/GUID refs found,"Likely safe, verify in Unity",,No GUID/text reference found by static scan,Do not delete until Unity dependency check confirms,Verify in Unity
Assets/HyTeKGames/SRPMaterialConverter/ConvertedMaterials/Maps/plate_1_Metallic.png,111009,108.4 KB,A: no text/GUID refs found,"Likely safe, verify in Unity",,No GUID/text reference found by static scan,Do not delete until Unity dependency check confirms,Verify in Unity
Assets/UnityTechnologies/Basic Asset Pack Interior/Textures/TrimSheet_Blues.jpg,109364,106.8 KB,A: no text/GUID refs found,"Likely safe, verify in Unity",,No GUID/text reference found by static scan,Do not delete until Unity dependency check confirms,Verify in Unity
Assets/HyTeKGames/SRPMaterialConverter/ConvertedMaterials/Maps/trash-can_1_Metallic.png,107487,105.0 KB,A: no text/GUID refs found,"Likely safe, verify in Unity",,No GUID/text reference found by static scan,Do not delete until Unity dependency check confirms,Verify in Unity
Assets/HyTeKGames/SRPMaterialConverter/ConvertedMaterials/Maps/study_chair_seat_1_AO.png,106520,104.0 KB,A: no text/GUID refs found,"Likely safe, verify in Unity",,No GUID/text reference found by static scan,Do not delete until Unity dependency check confirms,Verify in Unity
Assets/Animated Tropical Vegetation/Readme.pdf,104320,101.9 KB,A: no text/GUID refs found,"Likely safe, verify in Unity",,No GUID/text reference found by static scan,Do not delete until Unity dependency check confirms,Verify in Unity
Assets/HyTeKGames/SRPMaterialConverter/ConvertedMaterials/Maps/teatable_1_AO.png,104289,101.8 KB,A: no text/GUID refs found,"Likely safe, verify in Unity",,No GUID/text reference found by static scan,Do not delete until Unity dependency check confirms,Verify in Unity
Assets/HyTeKGames/SRPMaterialConverter/ConvertedMaterials/Maps/Table Mat_1_Metallic.png,98369,96.1 KB,A: no text/GUID refs found,"Likely safe, verify in Unity",,No GUID/text reference found by static scan,Do not delete until Unity dependency check confirms,Verify in Unity
Assets/TerrainSampleAssets/ShaderGraphs/Subgraphs/Wind.shadersubgraph,97971,95.7 KB,A: no text/GUID refs found,"Likely safe, verify in Unity",,No GUID/text reference found by static scan,Do not delete until Unity dependency check confirms,Verify in Unity
Assets/HyTeKGames/SRPMaterialConverter/ConvertedMaterials/Maps/M_toilet_1_Metallic.png,95500,93.3 KB,A: no text/GUID refs found,"Likely safe, verify in Unity",,No GUID/text reference found by static scan,Do not delete until Unity dependency check confirms,Verify in Unity
Assets/HyTeKGames/SRPMaterialConverter/ConvertedMaterials/Maps/imac_1_Metallic.png,95260,93.0 KB,A: no text/GUID refs found,"Likely safe, verify in Unity",,No GUID/text reference found by static scan,Do not delete until Unity dependency check confirms,Verify in Unity
Assets/HyTeKGames/SRPMaterialConverter/ConvertedMaterials/Maps/balcony_chair1_2_Metallic.png,94634,92.4 KB,A: no text/GUID refs found,"Likely safe, verify in Unity",,No GUID/text reference found by static scan,Do not delete until Unity dependency check confirms,Verify in Unity
Assets/HyTeKGames/SRPMaterialConverter/ConvertedMaterials/Maps/balcony_chair1_4_Metallic.png,94634,92.4 KB,A: no text/GUID refs found,"Likely safe, verify in Unity",,No GUID/text reference found by static scan,Do not delete until Unity dependency check confirms,Verify in Unity
Assets/DevDen Arch Viz Scotland/Textures/Kitchen Room/fridge_2/frifge_green_wood_AlbedoTransparency.png,94602,92.4 KB,A: no text/GUID refs found,"Likely safe, verify in Unity",,No GUID/text reference found by static scan,Do not delete until Unity dependency check confirms,Verify in Unity
Assets/UnityTechnologies/Basic Asset Pack Interior/Textures/WallBlule.jpg,94496,92.3 KB,A: no text/GUID refs found,"Likely safe, verify in Unity",,No GUID/text reference found by static scan,Do not delete until Unity dependency check confirms,Verify in Unity
Assets/UnityTechnologies/Basic Asset Pack Interior/Textures/WallGreen.jpg,94243,92.0 KB,A: no text/GUID refs found,"Likely safe, verify in Unity",,No GUID/text reference found by static scan,Do not delete until Unity dependency check confirms,Verify in Unity
Assets/HyTeKGames/SRPMaterialConverter/ConvertedMaterials/Maps/green_wood_1_1_Metallic.png,92625,90.5 KB,A: no text/GUID refs found,"Likely safe, verify in Unity",,No GUID/text reference found by static scan,Do not delete until Unity dependency check confirms,Verify in Unity
Assets/HyTeKGames/SRPMaterialConverter/ConvertedMaterials/Maps/green_wood_1 Metal_1_Metallic.png,92625,90.5 KB,A: no text/GUID refs found,"Likely safe, verify in Unity",,No GUID/text reference found by static scan,Do not delete until Unity dependency check confirms,Verify in Unity
Assets/Coconut Palm Tree Pack/Coconut Palm Tree Pack.unity,92053,89.9 KB,A: no text/GUID refs found,"Likely safe, verify in Unity",,No GUID/text reference found by static scan,Do not delete until Unity dependency check confirms,Verify in Unity
Assets/UnityTechnologies/Basic Asset Pack Interior/Textures/WallPurple.jpg,91795,89.6 KB,A: no text/GUID refs found,"Likely safe, verify in Unity",,No GUID/text reference found by static scan,Do not delete until Unity dependency check confirms,Verify in Unity
Assets/BCaT_assets/Meshell_Sturgis/articles/Getting Home Article.pdf,91121,89.0 KB,A: no text/GUID refs found,"Likely safe, verify in Unity",,No GUID/text reference found by static scan,Do not delete until Unity dependency check confirms,Verify in Unity
Assets/UnityTechnologies/Basic Asset Pack Interior/Textures/WallGrey.jpg,90300,88.2 KB,A: no text/GUID refs found,"Likely safe, verify in Unity",,No GUID/text reference found by static scan,Do not delete until Unity dependency check confirms,Verify in Unity
Assets/HyTeKGames/SRPMaterialConverter/ConvertedMaterials/Maps/dressing_mirror1_1_Metallic.png,86808,84.8 KB,A: no text/GUID refs found,"Likely safe, verify in Unity",,No GUID/text reference found by static scan,Do not delete until Unity dependency check confirms,Verify in Unity
Assets/HyTeKGames/SRPMaterialConverter/ConvertedMaterials/Maps/carpet_1_AO.png,84060,82.1 KB,A: no text/GUID refs found,"Likely safe, verify in Unity",,No GUID/text reference found by static scan,Do not delete until Unity dependency check confirms,Verify in Unity
Assets/My_Custom/Window_Internal.prefab,83099,81.2 KB,A: no text/GUID refs found,"Likely safe, verify in Unity",,No GUID/text reference found by static scan,Do not delete until Unity dependency check confirms,Verify in Unity
Assets/SimpleNaturePack/Scenes/SimpleNaturePack_Overview.unity,79977,78.1 KB,A: no text/GUID refs found,"Likely safe, verify in Unity",,No GUID/text reference found by static scan,Do not delete until Unity dependency check confirms,Verify in Unity
Assets/HyTeKGames/SRPMaterialConverter/ConvertedMaterials/Maps/balcony_mat1_2_AO.png,78182,76.3 KB,A: no text/GUID refs found,"Likely safe, verify in Unity",,No GUID/text reference found by static scan,Do not delete until Unity dependency check confirms,Verify in Unity
Assets/HyTeKGames/SRPMaterialConverter/ConvertedMaterials/Maps/balcony_mat1_1_AO.png,78182,76.3 KB,A: no text/GUID refs found,"Likely safe, verify in Unity",,No GUID/text reference found by static scan,Do not delete until Unity dependency check confirms,Verify in Unity
Assets/DevDen Arch Viz Scotland/Textures/Environment/inner_wall/inner_wall_bedroom_floor3_MetallicSmoothness.png,78120,76.3 KB,A: no text/GUID refs found,"Likely safe, verify in Unity",,No GUID/text reference found by static scan,Do not delete until Unity dependency check confirms,Verify in Unity
Assets/DevDen Arch Viz Scotland/Textures/Environment/inner_wall/inner_wall_livingroom_floor4_MetallicSmoothness.png,78120,76.3 KB,A: no text/GUID refs found,"Likely safe, verify in Unity",,No GUID/text reference found by static scan,Do not delete until Unity dependency check confirms,Verify in Unity
Assets/HyTeKGames/SRPMaterialConverter/ConvertedMaterials/Maps/balcony_metal_1_Metallic.png,78119,76.3 KB,A: no text/GUID refs found,"Likely safe, verify in Unity",,No GUID/text reference found by static scan,Do not delete until Unity dependency check confirms,Verify in Unity
Assets/HyTeKGames/SRPMaterialConverter/ConvertedMaterials/Maps/balcony_metal_2_Metallic.png,78119,76.3 KB,A: no text/GUID refs found,"Likely safe, verify in Unity",,No GUID/text reference found by static scan,Do not delete until Unity dependency check confirms,Verify in Unity
Assets/DevDen Arch Viz Scotland/Textures/Kitchen Room/kitchen_1/kitchen_plastic_AlbedoTransparency.png,78119,76.3 KB,A: no text/GUID refs found,"Likely safe, verify in Unity",,No GUID/text reference found by static scan,Do not delete until Unity dependency check confirms,Verify in Unity
Assets/DevDen Arch Viz Scotland/Textures/Environment/inner_wall/inner_wall_hall_way_AlbedoTransparency.png,78119,76.3 KB,A: no text/GUID refs found,"Likely safe, verify in Unity",,No GUID/text reference found by static scan,Do not delete until Unity dependency check confirms,Verify in Unity
Assets/HyTeKGames/SRPMaterialConverter/ConvertedMaterials/Maps/pattern_wall_1_AO.png,78118,76.3 KB,A: no text/GUID refs found,"Likely safe, verify in Unity",,No GUID/text reference found by static scan,Do not delete until Unity dependency check confirms,Verify in Unity
Assets/HyTeKGames/SRPMaterialConverter/ConvertedMaterials/Maps/Furniture_Atlas_1_1_AO.png,78118,76.3 KB,A: no text/GUID refs found,"Likely safe, verify in Unity",,No GUID/text reference found by static scan,Do not delete until Unity dependency check confirms,Verify in Unity
Assets/HyTeKGames/SRPMaterialConverter/ConvertedMaterials/Maps/bedroom_wall4_1_AO.png,78118,76.3 KB,A: no text/GUID refs found,"Likely safe, verify in Unity",,No GUID/text reference found by static scan,Do not delete until Unity dependency check confirms,Verify in Unity
Assets/HyTeKGames/SRPMaterialConverter/ConvertedMaterials/Maps/dinning_table_1_AO.png,78118,76.3 KB,A: no text/GUID refs found,"Likely safe, verify in Unity",,No GUID/text reference found by static scan,Do not delete until Unity dependency check confirms,Verify in Unity
Assets/HyTeKGames/SRPMaterialConverter/ConvertedMaterials/Maps/Lamp_emission_1_Metallic.png,78118,76.3 KB,A: no text/GUID refs found,"Likely safe, verify in Unity",,No GUID/text reference found by static scan,Do not delete until Unity dependency check confirms,Verify in Unity
Assets/HyTeKGames/SRPMaterialConverter/ConvertedMaterials/Maps/bed_1_AO.png,78118,76.3 KB,A: no text/GUID refs found,"Likely safe, verify in Unity",,No GUID/text reference found by static scan,Do not delete until Unity dependency check confirms,Verify in Unity
Assets/HyTeKGames/SRPMaterialConverter/ConvertedMaterials/Maps/bathroom_wall3_1_AO.png,78118,76.3 KB,A: no text/GUID refs found,"Likely safe, verify in Unity",,No GUID/text reference found by static scan,Do not delete until Unity dependency check confirms,Verify in Unity
Assets/HyTeKGames/SRPMaterialConverter/ConvertedMaterials/Maps/chimini_3_Metallic.png,78118,76.3 KB,A: no text/GUID refs found,"Likely safe, verify in Unity",,No GUID/text reference found by static scan,Do not delete until Unity dependency check confirms,Verify in Unity
Assets/HyTeKGames/SRPMaterialConverter/ConvertedMaterials/Maps/Lamp_emission_1_AO.png,78118,76.3 KB,A: no text/GUID refs found,"Likely safe, verify in Unity",,No GUID/text reference found by static scan,Do not delete until Unity dependency check confirms,Verify in Unity
Assets/HyTeKGames/SRPMaterialConverter/ConvertedMaterials/Maps/washingmachineclosed_1_AO.png,78118,76.3 KB,A: no text/GUID refs found,"Likely safe, verify in Unity",,No GUID/text reference found by static scan,Do not delete until Unity dependency check confirms,Verify in Unity
Assets/HyTeKGames/SRPMaterialConverter/ConvertedMaterials/Maps/toilet_wood1_1_AO.png,78118,76.3 KB,A: no text/GUID refs found,"Likely safe, verify in Unity",,No GUID/text reference found by static scan,Do not delete until Unity dependency check confirms,Verify in Unity
Assets/HyTeKGames/SRPMaterialConverter/ConvertedMaterials/Maps/Notepad_1_AO.png,78118,76.3 KB,A: no text/GUID refs found,"Likely safe, verify in Unity",,No GUID/text reference found by static scan,Do not delete until Unity dependency check confirms,Verify in Unity
Assets/HyTeKGames/SRPMaterialConverter/ConvertedMaterials/Maps/lamp_1_Metallic.png,78118,76.3 KB,A: no text/GUID refs found,"Likely safe, verify in Unity",,No GUID/text reference found by static scan,Do not delete until Unity dependency check confirms,Verify in Unity
Assets/HyTeKGames/SRPMaterialConverter/ConvertedMaterials/Maps/chimini_2_Metallic.png,78118,76.3 KB,A: no text/GUID refs found,"Likely safe, verify in Unity",,No GUID/text reference found by static scan,Do not delete until Unity dependency check confirms,Verify in Unity
Assets/HyTeKGames/SRPMaterialConverter/ConvertedMaterials/Maps/washingMachine_1_AO.png,78118,76.3 KB,A: no text/GUID refs found,"Likely safe, verify in Unity",,No GUID/text reference found by static scan,Do not delete until Unity dependency check confirms,Verify in Unity
Assets/HyTeKGames/SRPMaterialConverter/ConvertedMaterials/Maps/gold_tap_handle_3_Metallic.png,78118,76.3 KB,C: duplicate/obsolete candidate,"Likely safe, verify in Unity",,No GUID/text reference found by static scan,Do not delete until Unity dependency check confirms,Verify in Unity
Assets/HyTeKGames/SRPMaterialConverter/ConvertedMaterials/Maps/balcony_wood_2_AO.png,78118,76.3 KB,A: no text/GUID refs found,"Likely safe, verify in Unity",,No GUID/text reference found by static scan,Do not delete until Unity dependency check confirms,Verify in Unity
Assets/HyTeKGames/SRPMaterialConverter/ConvertedMaterials/Maps/trash-can_1_AO.png,78118,76.3 KB,A: no text/GUID refs found,"Likely safe, verify in Unity",,No GUID/text reference found by static scan,Do not delete until Unity dependency check confirms,Verify in Unity
Assets/HyTeKGames/SRPMaterialConverter/ConvertedMaterials/Maps/gold_tap_handle 1_1_Metallic.png,78118,76.3 KB,C: duplicate/obsolete candidate,"Likely safe, verify in Unity",,No GUID/text reference found by static scan,Do not delete until Unity dependency check confirms,Verify in Unity
Assets/HyTeKGames/SRPMaterialConverter/ConvertedMaterials/Maps/towl_2_1_AO.png,78118,76.3 KB,A: no text/GUID refs found,"Likely safe, verify in Unity",,No GUID/text reference found by static scan,Do not delete until Unity dependency check confirms,Verify in Unity
Assets/HyTeKGames/SRPMaterialConverter/ConvertedMaterials/Maps/imac_1_AO.png,78118,76.3 KB,A: no text/GUID refs found,"Likely safe, verify in Unity",,No GUID/text reference found by static scan,Do not delete until Unity dependency check confirms,Verify in Unity
Assets/HyTeKGames/SRPMaterialConverter/ConvertedMaterials/Maps/gold_tap_handle_2_1_Metallic.png,78118,76.3 KB,C: duplicate/obsolete candidate,"Likely safe, verify in Unity",,No GUID/text reference found by static scan,Do not delete until Unity dependency check confirms,Verify in Unity
Assets/HyTeKGames/SRPMaterialConverter/ConvertedMaterials/Maps/studyroom_wall3_1_AO.png,78118,76.3 KB,A: no text/GUID refs found,"Likely safe, verify in Unity",,No GUID/text reference found by static scan,Do not delete until Unity dependency check confirms,Verify in Unity
Assets/HyTeKGames/SRPMaterialConverter/ConvertedMaterials/Maps/steel_1_Metallic.png,78118,76.3 KB,A: no text/GUID refs found,"Likely safe, verify in Unity",,No GUID/text reference found by static scan,Do not delete until Unity dependency check confirms,Verify in Unity
Assets/HyTeKGames/SRPMaterialConverter/ConvertedMaterials/Maps/induction-hob_1_AO.png,78118,76.3 KB,A: no text/GUID refs found,"Likely safe, verify in Unity",,No GUID/text reference found by static scan,Do not delete until Unity dependency check confirms,Verify in Unity
Assets/HyTeKGames/SRPMaterialConverter/ConvertedMaterials/Maps/glass_wall_glass4_1_AO.png,78118,76.3 KB,A: no text/GUID refs found,"Likely safe, verify in Unity",,No GUID/text reference found by static scan,Do not delete until Unity dependency check confirms,Verify in Unity
Assets/HyTeKGames/SRPMaterialConverter/ConvertedMaterials/Maps/studyroom_floor3_1_AO.png,78118,76.3 KB,A: no text/GUID refs found,"Likely safe, verify in Unity",,No GUID/text reference found by static scan,Do not delete until Unity dependency check confirms,Verify in Unity
Assets/HyTeKGames/SRPMaterialConverter/ConvertedMaterials/Maps/inner_roof3_1_AO.png,78118,76.3 KB,A: no text/GUID refs found,"Likely safe, verify in Unity",,No GUID/text reference found by static scan,Do not delete until Unity dependency check confirms,Verify in Unity
Assets/HyTeKGames/SRPMaterialConverter/ConvertedMaterials/Maps/knives_2_AO.png,78118,76.3 KB,A: no text/GUID refs found,"Likely safe, verify in Unity",,No GUID/text reference found by static scan,Do not delete until Unity dependency check confirms,Verify in Unity
Assets/HyTeKGames/SRPMaterialConverter/ConvertedMaterials/Maps/gold_tap_handle_1_1_Metallic.png,78118,76.3 KB,C: duplicate/obsolete candidate,"Likely safe, verify in Unity",,No GUID/text reference found by static scan,Do not delete until Unity dependency check confirms,Verify in Unity
Assets/HyTeKGames/SRPMaterialConverter/ConvertedMaterials/Maps/bedroom_floor3_1_AO.png,78118,76.3 KB,A: no text/GUID refs found,"Likely safe, verify in Unity",,No GUID/text reference found by static scan,Do not delete until Unity dependency check confirms,Verify in Unity
Assets/HyTeKGames/SRPMaterialConverter/ConvertedMaterials/Maps/livingroom_wall3_1_AO.png,78118,76.3 KB,A: no text/GUID refs found,"Likely safe, verify in Unity",,No GUID/text reference found by static scan,Do not delete until Unity dependency check confirms,Verify in Unity
Assets/HyTeKGames/SRPMaterialConverter/ConvertedMaterials/Maps/bathroom_floor3_1_AO.png,78118,76.3 KB,A: no text/GUID refs found,"Likely safe, verify in Unity",,No GUID/text reference found by static scan,Do not delete until Unity dependency check confirms,Verify in Unity
Assets/HyTeKGames/SRPMaterialConverter/ConvertedMaterials/Maps/Paintings_House_4_1_AO.png,78118,76.3 KB,A: no text/GUID refs found,"Likely safe, verify in Unity",,No GUID/text reference found by static scan,Do not delete until Unity dependency check confirms,Verify in Unity
Assets/HyTeKGames/SRPMaterialConverter/ConvertedMaterials/Maps/lamp_1_AO.png,78118,76.3 KB,A: no text/GUID refs found,"Likely safe, verify in Unity",,No GUID/text reference found by static scan,Do not delete until Unity dependency check confirms,Verify in Unity
Assets/HyTeKGames/SRPMaterialConverter/ConvertedMaterials/Maps/kitchan_mat_2_1_AO.png,78118,76.3 KB,A: no text/GUID refs found,"Likely safe, verify in Unity",,No GUID/text reference found by static scan,Do not delete until Unity dependency check confirms,Verify in Unity
Assets/HyTeKGames/SRPMaterialConverter/ConvertedMaterials/Maps/chimini_1_Metallic.png,78118,76.3 KB,A: no text/GUID refs found,"Likely safe, verify in Unity",,No GUID/text reference found by static scan,Do not delete until Unity dependency check confirms,Verify in Unity
Assets/HyTeKGames/SRPMaterialConverter/ConvertedMaterials/Maps/livingroom_floor4_1_AO.png,78118,76.3 KB,A: no text/GUID refs found,"Likely safe, verify in Unity",,No GUID/text reference found by static scan,Do not delete until Unity dependency check confirms,Verify in Unity
Assets/HyTeKGames/SRPMaterialConverter/ConvertedMaterials/Maps/balcony_wood_1_AO.png,78118,76.3 KB,A: no text/GUID refs found,"Likely safe, verify in Unity",,No GUID/text reference found by static scan,Do not delete until Unity dependency check confirms,Verify in Unity
Assets/HyTeKGames/SRPMaterialConverter/ConvertedMaterials/Maps/DrainerNew_1_Metallic.png,75474,73.7 KB,A: no text/GUID refs found,"Likely safe, verify in Unity",,No GUID/text reference found by static scan,Do not delete until Unity dependency check confirms,Verify in Unity
Assets/HyTeKGames/SRPMaterialConverter/ConvertedMaterials/Maps/Furniture_Atlas_1_1_Metallic.png,74958,73.2 KB,A: no text/GUID refs found,"Likely safe, verify in Unity",,No GUID/text reference found by static scan,Do not delete until Unity dependency check confirms,Verify in Unity
Assets/HyTeKGames/SRPMaterialConverter/ConvertedMaterials/Maps/balcony_wood_1_Metallic.png,73381,71.7 KB,A: no text/GUID refs found,"Likely safe, verify in Unity",,No GUID/text reference found by static scan,Do not delete until Unity dependency check confirms,Verify in Unity
Assets/HyTeKGames/SRPMaterialConverter/ConvertedMaterials/Maps/bedroom_floor3_1_Metallic.png,73381,71.7 KB,A: no text/GUID refs found,"Likely safe, verify in Unity",,No GUID/text reference found by static scan,Do not delete until Unity dependency check confirms,Verify in Unity
Assets/HyTeKGames/SRPMaterialConverter/ConvertedMaterials/Maps/laptop_1_AO.png,73381,71.7 KB,A: no text/GUID refs found,"Likely safe, verify in Unity",,No GUID/text reference found by static scan,Do not delete until Unity dependency check confirms,Verify in Unity
Assets/HyTeKGames/SRPMaterialConverter/ConvertedMaterials/Maps/Paintings_House_2_1_Metallic.png,73381,71.7 KB,A: no text/GUID refs found,"Likely safe, verify in Unity",,No GUID/text reference found by static scan,Do not delete until Unity dependency check confirms,Verify in Unity
Assets/HyTeKGames/SRPMaterialConverter/ConvertedMaterials/Maps/switch1_1_Metallic.png,73381,71.7 KB,A: no text/GUID refs found,"Likely safe, verify in Unity",,No GUID/text reference found by static scan,Do not delete until Unity dependency check confirms,Verify in Unity
Assets/HyTeKGames/SRPMaterialConverter/ConvertedMaterials/Maps/dinning_chair_cusion_1_Metallic.png,73381,71.7 KB,A: no text/GUID refs found,"Likely safe, verify in Unity",,No GUID/text reference found by static scan,Do not delete until Unity dependency check confirms,Verify in Unity
Assets/HyTeKGames/SRPMaterialConverter/ConvertedMaterials/Maps/towl_2_1_Metallic.png,73381,71.7 KB,A: no text/GUID refs found,"Likely safe, verify in Unity",,No GUID/text reference found by static scan,Do not delete until Unity dependency check confirms,Verify in Unity
Assets/HyTeKGames/SRPMaterialConverter/ConvertedMaterials/Maps/green_wood_2_1_Metallic.png,73381,71.7 KB,A: no text/GUID refs found,"Likely safe, verify in Unity",,No GUID/text reference found by static scan,Do not delete until Unity dependency check confirms,Verify in Unity
Assets/HyTeKGames/SRPMaterialConverter/ConvertedMaterials/Maps/bed_1_Metallic.png,73381,71.7 KB,A: no text/GUID refs found,"Likely safe, verify in Unity",,No GUID/text reference found by static scan,Do not delete until Unity dependency check confirms,Verify in Unity
Assets/HyTeKGames/SRPMaterialConverter/ConvertedMaterials/Maps/laptop_1_Metallic.png,73381,71.7 KB,A: no text/GUID refs found,"Likely safe, verify in Unity",,No GUID/text reference found by static scan,Do not delete until Unity dependency check confirms,Verify in Unity
Assets/HyTeKGames/SRPMaterialConverter/ConvertedMaterials/Maps/balcony_mat1_2_Metallic.png,73381,71.7 KB,A: no text/GUID refs found,"Likely safe, verify in Unity",,No GUID/text reference found by static scan,Do not delete until Unity dependency check confirms,Verify in Unity
Assets/HyTeKGames/SRPMaterialConverter/ConvertedMaterials/Maps/glass_wall_glass4_1_Metallic.png,73381,71.7 KB,A: no text/GUID refs found,"Likely safe, verify in Unity",,No GUID/text reference found by static scan,Do not delete until Unity dependency check confirms,Verify in Unity
Assets/HyTeKGames/SRPMaterialConverter/ConvertedMaterials/Maps/Paintings_House_4_1_Metallic.png,73381,71.7 KB,A: no text/GUID refs found,"Likely safe, verify in Unity",,No GUID/text reference found by static scan,Do not delete until Unity dependency check confirms,Verify in Unity
Assets/HyTeKGames/SRPMaterialConverter/ConvertedMaterials/Maps/bathroom_floor3_1_Metallic.png,73381,71.7 KB,A: no text/GUID refs found,"Likely safe, verify in Unity",,No GUID/text reference found by static scan,Do not delete until Unity dependency check confirms,Verify in Unity
Assets/HyTeKGames/SRPMaterialConverter/ConvertedMaterials/Maps/Chopboard_mat_1_Metallic.png,73381,71.7 KB,A: no text/GUID refs found,"Likely safe, verify in Unity",,No GUID/text reference found by static scan,Do not delete until Unity dependency check confirms,Verify in Unity
Assets/HyTeKGames/SRPMaterialConverter/ConvertedMaterials/Maps/Paintings_House_1_1_Metallic.png,73381,71.7 KB,A: no text/GUID refs found,"Likely safe, verify in Unity",,No GUID/text reference found by static scan,Do not delete until Unity dependency check confirms,Verify in Unity
Assets/HyTeKGames/SRPMaterialConverter/ConvertedMaterials/Maps/dinning_table_1_Metallic.png,73381,71.7 KB,A: no text/GUID refs found,"Likely safe, verify in Unity",,No GUID/text reference found by static scan,Do not delete until Unity dependency check confirms,Verify in Unity
Assets/HyTeKGames/SRPMaterialConverter/ConvertedMaterials/Maps/balcony_glass_2_Metallic.png,73381,71.7 KB,A: no text/GUID refs found,"Likely safe, verify in Unity",,No GUID/text reference found by static scan,Do not delete until Unity dependency check confirms,Verify in Unity
Assets/HyTeKGames/SRPMaterialConverter/ConvertedMaterials/Maps/balcony_glass_1_AO.png,73381,71.7 KB,A: no text/GUID refs found,"Likely safe, verify in Unity",,No GUID/text reference found by static scan,Do not delete until Unity dependency check confirms,Verify in Unity
Assets/HyTeKGames/SRPMaterialConverter/ConvertedMaterials/Maps/toilet_wood1_1_Metallic.png,73381,71.7 KB,A: no text/GUID refs found,"Likely safe, verify in Unity",,No GUID/text reference found by static scan,Do not delete until Unity dependency check confirms,Verify in Unity
Assets/HyTeKGames/SRPMaterialConverter/ConvertedMaterials/Maps/bathroom_wall3_1_Metallic.png,73381,71.7 KB,A: no text/GUID refs found,"Likely safe, verify in Unity",,No GUID/text reference found by static scan,Do not delete until Unity dependency check confirms,Verify in Unity
Assets/HyTeKGames/SRPMaterialConverter/ConvertedMaterials/Maps/switch2_1_Metallic.png,73381,71.7 KB,A: no text/GUID refs found,"Likely safe, verify in Unity",,No GUID/text reference found by static scan,Do not delete until Unity dependency check confirms,Verify in Unity
Assets/HyTeKGames/SRPMaterialConverter/ConvertedMaterials/Maps/studyroom_wall3_1_Metallic.png,73381,71.7 KB,A: no text/GUID refs found,"Likely safe, verify in Unity",,No GUID/text reference found by static scan,Do not delete until Unity dependency check confirms,Verify in Unity
Assets/HyTeKGames/SRPMaterialConverter/ConvertedMaterials/Maps/inner_roof3_1_Metallic.png,73381,71.7 KB,A: no text/GUID refs found,"Likely safe, verify in Unity",,No GUID/text reference found by static scan,Do not delete until Unity dependency check confirms,Verify in Unity
Assets/HyTeKGames/SRPMaterialConverter/ConvertedMaterials/Maps/Knife_Holder_mat_1_Metallic.png,73381,71.7 KB,C: duplicate/obsolete candidate,"Likely safe, verify in Unity",,No GUID/text reference found by static scan,Do not delete until Unity dependency check confirms,Verify in Unity
Assets/HyTeKGames/SRPMaterialConverter/ConvertedMaterials/Maps/M_washbasin2_1_Metallic.png,73381,71.7 KB,A: no text/GUID refs found,"Likely safe, verify in Unity",,No GUID/text reference found by static scan,Do not delete until Unity dependency check confirms,Verify in Unity
Assets/HyTeKGames/SRPMaterialConverter/ConvertedMaterials/Maps/studyroom_floor3_1_Metallic.png,73381,71.7 KB,A: no text/GUID refs found,"Likely safe, verify in Unity",,No GUID/text reference found by static scan,Do not delete until Unity dependency check confirms,Verify in Unity
Assets/HyTeKGames/SRPMaterialConverter/ConvertedMaterials/Maps/induction-hob_1_Metallic.png,73381,71.7 KB,A: no text/GUID refs found,"Likely safe, verify in Unity",,No GUID/text reference found by static scan,Do not delete until Unity dependency check confirms,Verify in Unity
Assets/HyTeKGames/SRPMaterialConverter/ConvertedMaterials/Maps/bed_sider_1_Metallic.png,73381,71.7 KB,A: no text/GUID refs found,"Likely safe, verify in Unity",,No GUID/text reference found by static scan,Do not delete until Unity dependency check confirms,Verify in Unity
Assets/HyTeKGames/SRPMaterialConverter/ConvertedMaterials/Maps/white_wood_1_Metallic.png,73381,71.7 KB,A: no text/GUID refs found,"Likely safe, verify in Unity",,No GUID/text reference found by static scan,Do not delete until Unity dependency check confirms,Verify in Unity
Assets/HyTeKGames/SRPMaterialConverter/ConvertedMaterials/Maps/livingroom_wall3_1_Metallic.png,73381,71.7 KB,A: no text/GUID refs found,"Likely safe, verify in Unity",,No GUID/text reference found by static scan,Do not delete until Unity dependency check confirms,Verify in Unity
Assets/HyTeKGames/SRPMaterialConverter/ConvertedMaterials/Maps/granite_1_Metallic.png,73381,71.7 KB,A: no text/GUID refs found,"Likely safe, verify in Unity",,No GUID/text reference found by static scan,Do not delete until Unity dependency check confirms,Verify in Unity
Assets/HyTeKGames/SRPMaterialConverter/ConvertedMaterials/Maps/balcony_glass_1_Metallic.png,73381,71.7 KB,A: no text/GUID refs found,"Likely safe, verify in Unity",,No GUID/text reference found by static scan,Do not delete until Unity dependency check confirms,Verify in Unity
Assets/HyTeKGames/SRPMaterialConverter/ConvertedMaterials/Maps/table1_1_Metallic.png,73381,71.7 KB,A: no text/GUID refs found,"Likely safe, verify in Unity",,No GUID/text reference found by static scan,Do not delete until Unity dependency check confirms,Verify in Unity
Assets/HyTeKGames/SRPMaterialConverter/ConvertedMaterials/Maps/Mug_Holder_mat_1_Metallic.png,73381,71.7 KB,C: duplicate/obsolete candidate,"Likely safe, verify in Unity",,No GUID/text reference found by static scan,Do not delete until Unity dependency check confirms,Verify in Unity
Assets/HyTeKGames/SRPMaterialConverter/ConvertedMaterials/Maps/bedroom_wall4_1_Metallic.png,73381,71.7 KB,A: no text/GUID refs found,"Likely safe, verify in Unity",,No GUID/text reference found by static scan,Do not delete until Unity dependency check confirms,Verify in Unity
Assets/HyTeKGames/SRPMaterialConverter/ConvertedMaterials/Maps/marble_1_Metallic.png,73381,71.7 KB,A: no text/GUID refs found,"Likely safe, verify in Unity",,No GUID/text reference found by static scan,Do not delete until Unity dependency check confirms,Verify in Unity
Assets/HyTeKGames/SRPMaterialConverter/ConvertedMaterials/Maps/carpet_1_Metallic.png,73381,71.7 KB,A: no text/GUID refs found,"Likely safe, verify in Unity",,No GUID/text reference found by static scan,Do not delete until Unity dependency check confirms,Verify in Unity
Assets/HyTeKGames/SRPMaterialConverter/ConvertedMaterials/Maps/pattern_wall_1_Metallic.png,73381,71.7 KB,A: no text/GUID refs found,"Likely safe, verify in Unity",,No GUID/text reference found by static scan,Do not delete until Unity dependency check confirms,Verify in Unity
Assets/HyTeKGames/SRPMaterialConverter/ConvertedMaterials/Maps/balcony_wood_2_Metallic.png,73381,71.7 KB,A: no text/GUID refs found,"Likely safe, verify in Unity",,No GUID/text reference found by static scan,Do not delete until Unity dependency check confirms,Verify in Unity
Assets/HyTeKGames/SRPMaterialConverter/ConvertedMaterials/Maps/toilet_wood_1_1_Metallic.png,73381,71.7 KB,A: no text/GUID refs found,"Likely safe, verify in Unity",,No GUID/text reference found by static scan,Do not delete until Unity dependency check confirms,Verify in Unity
Assets/HyTeKGames/SRPMaterialConverter/ConvertedMaterials/Maps/diining_chair_wood_1_Metallic.png,73381,71.7 KB,A: no text/GUID refs found,"Likely safe, verify in Unity",,No GUID/text reference found by static scan,Do not delete until Unity dependency check confirms,Verify in Unity
Assets/HyTeKGames/SRPMaterialConverter/ConvertedMaterials/Maps/balcony_glass_2_AO.png,73381,71.7 KB,A: no text/GUID refs found,"Likely safe, verify in Unity",,No GUID/text reference found by static scan,Do not delete until Unity dependency check confirms,Verify in Unity
Assets/HyTeKGames/SRPMaterialConverter/ConvertedMaterials/Maps/balcony_mat1_1_Metallic.png,73381,71.7 KB,A: no text/GUID refs found,"Likely safe, verify in Unity",,No GUID/text reference found by static scan,Do not delete until Unity dependency check confirms,Verify in Unity
Assets/HyTeKGames/SRPMaterialConverter/ConvertedMaterials/Maps/livingroom_floor4_1_Metallic.png,73381,71.7 KB,A: no text/GUID refs found,"Likely safe, verify in Unity",,No GUID/text reference found by static scan,Do not delete until Unity dependency check confirms,Verify in Unity
Assets/HyTeKGames/SRPMaterialConverter/ConvertedMaterials/Maps/Notepad_1_Metallic.png,73381,71.7 KB,A: no text/GUID refs found,"Likely safe, verify in Unity",,No GUID/text reference found by static scan,Do not delete until Unity dependency check confirms,Verify in Unity
Assets/HyTeKGames/SRPMaterialConverter/ConvertedMaterials/Maps/Paintings_House_3_Metallic.png,73381,71.7 KB,A: no text/GUID refs found,"Likely safe, verify in Unity",,No GUID/text reference found by static scan,Do not delete until Unity dependency check confirms,Verify in Unity
Assets/DevDen Arch Viz Scotland/Prefabs/Bathroom/toilet_accesories.prefab,72005,70.3 KB,A: no text/GUID refs found,"Likely safe, verify in Unity",,No GUID/text reference found by static scan,Do not delete until Unity dependency check confirms,Verify in Unity
Assets/RealBlend/Editor/VertexPainter_PaintTab.cs,71170,69.5 KB,A: no text/GUID refs found,Unknown/runtime-loaded,,No GUID/text reference found by static scan,Do not delete until Unity dependency check confirms,High-risk deletion
Assets/HyTeKGames/SRPMaterialConverter/ConvertedMaterials/Maps/shelf1_1_AO.png,71102,69.4 KB,A: no text/GUID refs found,"Likely safe, verify in Unity",,No GUID/text reference found by static scan,Do not delete until Unity dependency check confirms,Verify in Unity
Assets/RealBlend/Editor/VertexPainter_SculptTab.cs,68552,66.9 KB,A: no text/GUID refs found,Unknown/runtime-loaded,,No GUID/text reference found by static scan,Do not delete until Unity dependency check confirms,High-risk deletion
Assets/DevDen Arch Viz Scotland/Read Me.pdf,68354,66.8 KB,A: no text/GUID refs found,"Likely safe, verify in Unity",,No GUID/text reference found by static scan,Do not delete until Unity dependency check confirms,Verify in Unity
Assets/BCaT_assets/LindaLeaks/Images/image66.jpg,61100,59.7 KB,A: no text/GUID refs found,"Likely safe, verify in Unity",,No GUID/text reference found by static scan,Do not delete until Unity dependency check confirms,Verify in Unity
Assets/TerrainSampleAssets/ShaderGraphs/Subgraphs/DistanceCutoff.shadersubgraph,61052,59.6 KB,A: no text/GUID refs found,"Likely safe, verify in Unity",,No GUID/text reference found by static scan,Do not delete until Unity dependency check confirms,Verify in Unity
Assets/YughuesFreeCobbleMaterials/Preview/Sc_YFCM_Preview.unity,60086,58.7 KB,A: no text/GUID refs found,"Likely safe, verify in Unity",,No GUID/text reference found by static scan,Do not delete until Unity dependency check confirms,Verify in Unity
Assets/HDRPDefaultResources/HDRenderPipelineGlobalSettings.asset,57092,55.8 KB,A: no text/GUID refs found,"Likely safe, verify in Unity",,No GUID/text reference found by static scan,Do not delete until Unity dependency check confirms,High-risk deletion
Assets/RealBlend/Art/Brushes/face.png,53813,52.6 KB,A: no text/GUID refs found,"Likely safe, verify in Unity",,No GUID/text reference found by static scan,Do not delete until Unity dependency check confirms,Verify in Unity
Assets/HyTeKGames/SRPMaterialConverter/ConvertedMaterials/Maps/bed_lamp_glass1_1_AO.png,51510,50.3 KB,A: no text/GUID refs found,"Likely safe, verify in Unity",,No GUID/text reference found by static scan,Do not delete until Unity dependency check confirms,Verify in Unity
Assets/DevDen Arch Viz Scotland/Prefabs/Environment/archviz.prefab,51475,50.3 KB,A: no text/GUID refs found,"Likely safe, verify in Unity",,No GUID/text reference found by static scan,Do not delete until Unity dependency check confirms,Verify in Unity
Assets/BCaT_assets/ExhibitCanvases/HolographicPhotoSlideshow.prefab,50553,49.4 KB,A: no text/GUID refs found,"Likely safe, verify in Unity",,No GUID/text reference found by static scan,Do not delete until Unity dependency check confirms,Verify in Unity
Assets/RealBlend/Editor/RealBlendSplineCreateMode.cs,43010,42.0 KB,A: no text/GUID refs found,Unknown/runtime-loaded,,No GUID/text reference found by static scan,Do not delete until Unity dependency check confirms,High-risk deletion
Assets/Tree.prefab,37829,36.9 KB,A: no text/GUID refs found,"Likely safe, verify in Unity",,No GUID/text reference found by static scan,Do not delete until Unity dependency check confirms,Verify in Unity
Assets/SubstanceAssets/LittleGamesPack/Prefabs/Assembled Prefabs/CardFan_Diamonds.prefab,37746,36.9 KB,A: no text/GUID refs found,"Likely safe, verify in Unity",,No GUID/text reference found by static scan,Do not delete until Unity dependency check confirms,Verify in Unity
Assets/SubstanceAssets/LittleGamesPack/Prefabs/Assembled Prefabs/CardFan_Clubs.prefab,37715,36.8 KB,A: no text/GUID refs found,"Likely safe, verify in Unity",,No GUID/text reference found by static scan,Do not delete until Unity dependency check confirms,Verify in Unity
Assets/SubstanceAssets/LittleGamesPack/Prefabs/Assembled Prefabs/CardFan_Spades.prefab,37701,36.8 KB,A: no text/GUID refs found,"Likely safe, verify in Unity",,No GUID/text reference found by static scan,Do not delete until Unity dependency check confirms,Verify in Unity
Assets/SubstanceAssets/LittleGamesPack/Prefabs/Assembled Prefabs/CardFan_Hearts.prefab,37686,36.8 KB,A: no text/GUID refs found,"Likely safe, verify in Unity",,No GUID/text reference found by static scan,Do not delete until Unity dependency check confirms,Verify in Unity
Assets/RealBlend/Editor/RealBlendBoxCreateMode.cs,37373,36.5 KB,A: no text/GUID refs found,Unknown/runtime-loaded,,No GUID/text reference found by static scan,Do not delete until Unity dependency check confirms,High-risk deletion
Assets/HyTeKGames/SRPMaterialConverter/ConvertedMaterials/Maps/tolpaper_1_Metallic.png,36722,35.9 KB,A: no text/GUID refs found,"Likely safe, verify in Unity",,No GUID/text reference found by static scan,Do not delete until Unity dependency check confirms,Verify in Unity
Assets/BCaT_assets/ExhibitCanvases/MediaVideoExhibit_Billboard.prefab,36708,35.8 KB,A: no text/GUID refs found,"Likely safe, verify in Unity",,No GUID/text reference found by static scan,Do not delete until Unity dependency check confirms,Verify in Unity
Assets/XR/Settings/OpenXR Package Settings.asset,36603,35.7 KB,A: no text/GUID refs found,"Likely safe, verify in Unity",,No GUID/text reference found by static scan,Do not delete until Unity dependency check confirms,High-risk deletion
Assets/IgniteCoders/Simple Water Shader/Demo.unity,34419,33.6 KB,A: no text/GUID refs found,"Likely safe, verify in Unity",,No GUID/text reference found by static scan,Do not delete until Unity dependency check confirms,Verify in Unity
Assets/DevDen Arch Viz Scotland/Textures/Living Room/little_props/little_props_n.png,33061,32.3 KB,A: no text/GUID refs found,"Likely safe, verify in Unity",,No GUID/text reference found by static scan,Do not delete until Unity dependency check confirms,Verify in Unity
Assets/DevDen Arch Viz Scotland/Textures/Study Room/Table_Lamp/LightBulb02_Emission.png,32924,32.2 KB,A: no text/GUID refs found,"Likely safe, verify in Unity",,No GUID/text reference found by static scan,Do not delete until Unity dependency check confirms,Verify in Unity
Assets/Samples/XR Interaction Toolkit/3.3.1/Starter Assets/DemoSceneAssets/Prefabs/Gaze Interactables.prefab,32511,31.7 KB,A: no text/GUID refs found,"Likely safe, verify in Unity",,No GUID/text reference found by static scan,Do not delete until Unity dependency check confirms,Verify in Unity
Assets/Editor/BCAT_WebGLPerformanceAudit.cs,31720,31.0 KB,A: no text/GUID refs found,Unknown/runtime-loaded,,No GUID/text reference found by static scan,Do not delete until Unity dependency check confirms,High-risk deletion
Assets/Food Pack-Demo/Mesh Collider/Salmon skeleton.fbx,31292,30.6 KB,A: no text/GUID refs found,"Likely safe, verify in Unity",,No GUID/text reference found by static scan,Do not delete until Unity dependency check confirms,Verify in Unity
Assets/BCaT_assets/LindaLeaks/Scripts/Editor/LindaLeaksPhase2Builder.cs,31109,30.4 KB,A: no text/GUID refs found,Unknown/runtime-loaded,,No GUID/text reference found by static scan,Do not delete until Unity dependency check confirms,High-risk deletion
Assets/BCaT_assets/ExhibitCanvases/MediaVideoExhibit_Hologram.prefab,30970,30.2 KB,A: no text/GUID refs found,"Likely safe, verify in Unity",,No GUID/text reference found by static scan,Do not delete until Unity dependency check confirms,Verify in Unity
Assets/HyTeKGames/SRPMaterialConverter/ConvertedMaterials/Maps/metaldryer_1_Metallic.png,28011,27.4 KB,A: no text/GUID refs found,"Likely safe, verify in Unity",,No GUID/text reference found by static scan,Do not delete until Unity dependency check confirms,Verify in Unity
Assets/HyTeKGames/SRPMaterialConverter/ConvertedMaterials/Maps/TV_1_AO.png,27514,26.9 KB,A: no text/GUID refs found,"Likely safe, verify in Unity",,No GUID/text reference found by static scan,Do not delete until Unity dependency check confirms,Verify in Unity
Assets/Settings/UniversalRenderPipelineGlobalSettings.asset,26893,26.3 KB,A: no text/GUID refs found,"Likely safe, verify in Unity",,No GUID/text reference found by static scan,Do not delete until Unity dependency check confirms,High-risk deletion
Assets/StarterAssets/Mobile/Prefabs/CanvasInputs/UI_Canvas_StarterAssetsInputs_TouchZones.prefab,26601,26.0 KB,A: no text/GUID refs found,"Likely safe, verify in Unity",,No GUID/text reference found by static scan,Do not delete until Unity dependency check confirms,Verify in Unity
Assets/Food Pack-Demo/Mesh Collider/Salmon plastic tray.fbx,26524,25.9 KB,A: no text/GUID refs found,"Likely safe, verify in Unity",,No GUID/text reference found by static scan,Do not delete until Unity dependency check confirms,Verify in Unity
Assets/DevDen Arch Viz Scotland/Scenes/ArchViz_Profiles/Movie2_High.asset,25115,24.5 KB,A: no text/GUID refs found,"Likely safe, verify in Unity",,No GUID/text reference found by static scan,Do not delete until Unity dependency check confirms,High-risk deletion
Assets/RealBlend/Editor/RealBlendCreationCore.cs,24528,24.0 KB,A: no text/GUID refs found,Unknown/runtime-loaded,,No GUID/text reference found by static scan,Do not delete until Unity dependency check confirms,High-risk deletion
Assets/Food Pack-Demo/Mesh Collider/Salmon.fbx,23836,23.3 KB,A: no text/GUID refs found,"Likely safe, verify in Unity",,No GUID/text reference found by static scan,Do not delete until Unity dependency check confirms,Verify in Unity
Assets/HyTeKGames/SRPMaterialConverter/ConvertedMaterials/Maps/TV_Shelf_1_Metallic.png,23433,22.9 KB,A: no text/GUID refs found,"Likely safe, verify in Unity",,No GUID/text reference found by static scan,Do not delete until Unity dependency check confirms,Verify in Unity
Assets/BCaT/Exhibits/BlackKitchen/Editor/BlackKitchenExperienceBuilder.cs,23360,22.8 KB,A: no text/GUID refs found,Unknown/runtime-loaded,,No GUID/text reference found by static scan,Do not delete until Unity dependency check confirms,High-risk deletion
Assets/HyTeKGames/SRPMaterialConverter/ConvertedMaterials/Maps/Remote_2_Metallic.png,23139,22.6 KB,A: no text/GUID refs found,"Likely safe, verify in Unity",,No GUID/text reference found by static scan,Do not delete until Unity dependency check confirms,Verify in Unity
Assets/BuildReports/Mobile/44adcd90dbbc4c528f73915ed14142bb,22969,22.4 KB,A: no text/GUID refs found,"Likely safe, verify in Unity",,No GUID/text reference found by static scan,Do not delete until Unity dependency check confirms,Verify in Unity
Assets/BuildReports/Mobile/a991b9f8f4b04192aae6d8776bc736a4,22969,22.4 KB,A: no text/GUID refs found,"Likely safe, verify in Unity",,No GUID/text reference found by static scan,Do not delete until Unity dependency check confirms,Verify in Unity
Assets/BuildReports/Mobile/89fd0c775ede4cf692e5f403b4d420f6,22901,22.4 KB,A: no text/GUID refs found,"Likely safe, verify in Unity",,No GUID/text reference found by static scan,Do not delete until Unity dependency check confirms,Verify in Unity
Assets/BuildReports/Mobile/1eefdeaab2224668891a2807ce507058,22901,22.4 KB,A: no text/GUID refs found,"Likely safe, verify in Unity",,No GUID/text reference found by static scan,Do not delete until Unity dependency check confirms,Verify in Unity
Assets/BuildReports/Mobile/e0a593999c99484e8f24f5bfd5f64d50,22901,22.4 KB,A: no text/GUID refs found,"Likely safe, verify in Unity",,No GUID/text reference found by static scan,Do not delete until Unity dependency check confirms,Verify in Unity
Assets/BuildReports/Mobile/6876888e7c514bd6ba6d9d542ada3c79,22901,22.4 KB,A: no text/GUID refs found,"Likely safe, verify in Unity",,No GUID/text reference found by static scan,Do not delete until Unity dependency check confirms,Verify in Unity
Assets/BuildReports/Mobile/57007e1103d5493daf17e1a7418a35f0,22901,22.4 KB,A: no text/GUID refs found,"Likely safe, verify in Unity",,No GUID/text reference found by static scan,Do not delete until Unity dependency check confirms,Verify in Unity
Assets/BuildReports/Mobile/f978f0e4e4944e9f8aa1fb8e8ef98817,22901,22.4 KB,A: no text/GUID refs found,"Likely safe, verify in Unity",,No GUID/text reference found by static scan,Do not delete until Unity dependency check confirms,Verify in Unity
Assets/BuildReports/Mobile/da6d4a0669224482905c7c4285296f47,22901,22.4 KB,A: no text/GUID refs found,"Likely safe, verify in Unity",,No GUID/text reference found by static scan,Do not delete until Unity dependency check confirms,Verify in Unity
Assets/BuildReports/Mobile/65a0bc9f350f42abb151c748a6e72cdb,22901,22.4 KB,A: no text/GUID refs found,"Likely safe, verify in Unity",,No GUID/text reference found by static scan,Do not delete until Unity dependency check confirms,Verify in Unity
Assets/BuildReports/Mobile/c41d6576e8bc4d57a8f03203a9880128,22901,22.4 KB,A: no text/GUID refs found,"Likely safe, verify in Unity",,No GUID/text reference found by static scan,Do not delete until Unity dependency check confirms,Verify in Unity
Assets/BuildReports/Mobile/f8dace416cc34322af5fe76896b5d77c,22901,22.4 KB,A: no text/GUID refs found,"Likely safe, verify in Unity",,No GUID/text reference found by static scan,Do not delete until Unity dependency check confirms,Verify in Unity
Assets/BuildReports/Mobile/220cbb4254c9460e900e78f82c58651c,22901,22.4 KB,A: no text/GUID refs found,"Likely safe, verify in Unity",,No GUID/text reference found by static scan,Do not delete until Unity dependency check confirms,Verify in Unity
Assets/BuildReports/Mobile/29529e6364c54e10aa47a03e982b92d4,22901,22.4 KB,A: no text/GUID refs found,"Likely safe, verify in Unity",,No GUID/text reference found by static scan,Do not delete until Unity dependency check confirms,Verify in Unity
Assets/BuildReports/Mobile/1aa58368c0fa4346bf86620c5fb2301f,22901,22.4 KB,A: no text/GUID refs found,"Likely safe, verify in Unity",,No GUID/text reference found by static scan,Do not delete until Unity dependency check confirms,Verify in Unity
Assets/BuildReports/Mobile/87e58408ab7543b183f9b508240be209,22901,22.4 KB,A: no text/GUID refs found,"Likely safe, verify in Unity",,No GUID/text reference found by static scan,Do not delete until Unity dependency check confirms,Verify in Unity
Assets/HyTeKGames/SRPMaterialConverter/ConvertedMaterials/Maps/Socket_1_Metallic.png,22430,21.9 KB,A: no text/GUID refs found,"Likely safe, verify in Unity",,No GUID/text reference found by static scan,Do not delete until Unity dependency check confirms,Verify in Unity
Assets/Emilulz_Assets/DEMOLowPolyFlowers/DemoScene/DemoLowpolyFlowers.unity,22310,21.8 KB,A: no text/GUID refs found,"Likely safe, verify in Unity",,No GUID/text reference found by static scan,Do not delete until Unity dependency check confirms,Verify in Unity
Assets/Food Pack-Demo/Mesh Collider/Lamb Chop Cooked.fbx,21900,21.4 KB,A: no text/GUID refs found,"Likely safe, verify in Unity",,No GUID/text reference found by static scan,Do not delete until Unity dependency check confirms,Verify in Unity
Assets/Food Pack-Demo/Mesh Collider/Lamb Chop.fbx,21820,21.3 KB,A: no text/GUID refs found,"Likely safe, verify in Unity",,No GUID/text reference found by static scan,Do not delete until Unity dependency check confirms,Verify in Unity
Assets/BCaT/Exhibits/PrivacyLawExhibit/Editor/PrivacyLawExhibitSceneBuilder.cs,21809,21.3 KB,A: no text/GUID refs found,Unknown/runtime-loaded,,No GUID/text reference found by static scan,Do not delete until Unity dependency check confirms,High-risk deletion
Assets/HyTeKGames/SRPMaterialConverter/ConvertedMaterials/Maps/Bedroom_wood_table_1_AO.png,21247,20.7 KB,A: no text/GUID refs found,"Likely safe, verify in Unity",,No GUID/text reference found by static scan,Do not delete until Unity dependency check confirms,Verify in Unity
Assets/HyTeKGames/SRPMaterialConverter/ConvertedMaterials/Maps/bathroom_cabin_1_Metallic.png,21126,20.6 KB,A: no text/GUID refs found,"Likely safe, verify in Unity",,No GUID/text reference found by static scan,Do not delete until Unity dependency check confirms,Verify in Unity
Assets/TerrainSampleAssets/Textures/Heightmaps/Default_White.tif,20840,20.4 KB,C: duplicate/obsolete candidate,"Likely safe, verify in Unity",,No GUID/text reference found by static scan,Do not delete until Unity dependency check confirms,Verify in Unity
Assets/BH_XR_MainScene/LightingData.asset,20721,20.2 KB,A: no text/GUID refs found,"Likely safe, verify in Unity",,No GUID/text reference found by static scan,Do not delete until Unity dependency check confirms,High-risk deletion
Assets/DevDen Arch Viz Scotland/Prefabs/Bed Room/Bed.prefab,20684,20.2 KB,A: no text/GUID refs found,"Likely safe, verify in Unity",,No GUID/text reference found by static scan,Do not delete until Unity dependency check confirms,Verify in Unity
Assets/HyTeKGames/SRPMaterialConverter/ConvertedMaterials/Maps/study_chair_seat_1_Metallic.png,20540,20.1 KB,A: no text/GUID refs found,"Likely safe, verify in Unity",,No GUID/text reference found by static scan,Do not delete until Unity dependency check confirms,Verify in Unity
Assets/HyTeKGames/SRPMaterialConverter/ConvertedMaterials/Maps/door1_1_AO.png,20538,20.1 KB,A: no text/GUID refs found,"Likely safe, verify in Unity",,No GUID/text reference found by static scan,Do not delete until Unity dependency check confirms,Verify in Unity
Assets/HyTeKGames/SRPMaterialConverter/ConvertedMaterials/Maps/flower_1_AO.png,20538,20.1 KB,A: no text/GUID refs found,"Likely safe, verify in Unity",,No GUID/text reference found by static scan,Do not delete until Unity dependency check confirms,Verify in Unity
Assets/HyTeKGames/SRPMaterialConverter/ConvertedMaterials/Maps/wines_2_AO.png,20538,20.1 KB,A: no text/GUID refs found,"Likely safe, verify in Unity",,No GUID/text reference found by static scan,Do not delete until Unity dependency check confirms,Verify in Unity
Assets/HyTeKGames/SRPMaterialConverter/ConvertedMaterials/Maps/plant_pot_1_AO.png,20538,20.1 KB,A: no text/GUID refs found,"Likely safe, verify in Unity",,No GUID/text reference found by static scan,Do not delete until Unity dependency check confirms,Verify in Unity
Assets/HyTeKGames/SRPMaterialConverter/ConvertedMaterials/Maps/pillow_1_1_AO.png,20538,20.1 KB,A: no text/GUID refs found,"Likely safe, verify in Unity",,No GUID/text reference found by static scan,Do not delete until Unity dependency check confirms,Verify in Unity
Assets/HyTeKGames/SRPMaterialConverter/ConvertedMaterials/Maps/toasterNew_1_Metallic.png,20538,20.1 KB,A: no text/GUID refs found,"Likely safe, verify in Unity",,No GUID/text reference found by static scan,Do not delete until Unity dependency check confirms,Verify in Unity
Assets/HyTeKGames/SRPMaterialConverter/ConvertedMaterials/Maps/flower_2_AO.png,20538,20.1 KB,A: no text/GUID refs found,"Likely safe, verify in Unity",,No GUID/text reference found by static scan,Do not delete until Unity dependency check confirms,Verify in Unity
Assets/HyTeKGames/SRPMaterialConverter/ConvertedMaterials/Maps/wines_1_AO.png,20538,20.1 KB,A: no text/GUID refs found,"Likely safe, verify in Unity",,No GUID/text reference found by static scan,Do not delete until Unity dependency check confirms,Verify in Unity
Assets/HyTeKGames/SRPMaterialConverter/ConvertedMaterials/Maps/phong1_1_AO.png,20538,20.1 KB,A: no text/GUID refs found,"Likely safe, verify in Unity",,No GUID/text reference found by static scan,Do not delete until Unity dependency check confirms,Verify in Unity
Assets/HyTeKGames/SRPMaterialConverter/ConvertedMaterials/Maps/bed_coat_1_AO.png,20538,20.1 KB,A: no text/GUID refs found,"Likely safe, verify in Unity",,No GUID/text reference found by static scan,Do not delete until Unity dependency check confirms,Verify in Unity
Assets/HyTeKGames/SRPMaterialConverter/ConvertedMaterials/Maps/CommonCeramic02Biege_1_AO.png,20538,20.1 KB,A: no text/GUID refs found,"Likely safe, verify in Unity",,No GUID/text reference found by static scan,Do not delete until Unity dependency check confirms,Verify in Unity
Assets/HyTeKGames/SRPMaterialConverter/ConvertedMaterials/Maps/plant_pot_2_AO.png,20538,20.1 KB,A: no text/GUID refs found,"Likely safe, verify in Unity",,No GUID/text reference found by static scan,Do not delete until Unity dependency check confirms,Verify in Unity
Assets/HyTeKGames/SRPMaterialConverter/ConvertedMaterials/Maps/CommonCeramic01_2_AO.png,20538,20.1 KB,A: no text/GUID refs found,"Likely safe, verify in Unity",,No GUID/text reference found by static scan,Do not delete until Unity dependency check confirms,Verify in Unity
Assets/HyTeKGames/SRPMaterialConverter/ConvertedMaterials/Maps/bathroom_wall_mat_1_1_AO.png,20538,20.1 KB,A: no text/GUID refs found,"Likely safe, verify in Unity",,No GUID/text reference found by static scan,Do not delete until Unity dependency check confirms,Verify in Unity
Assets/HyTeKGames/SRPMaterialConverter/ConvertedMaterials/Maps/Remote_2_AO.png,20538,20.1 KB,A: no text/GUID refs found,"Likely safe, verify in Unity",,No GUID/text reference found by static scan,Do not delete until Unity dependency check confirms,Verify in Unity
Assets/HyTeKGames/SRPMaterialConverter/ConvertedMaterials/Maps/Socket_1_AO.png,20538,20.1 KB,A: no text/GUID refs found,"Likely safe, verify in Unity",,No GUID/text reference found by static scan,Do not delete until Unity dependency check confirms,Verify in Unity
Assets/.DS_Store,20484,20.0 KB,A: no text/GUID refs found,"Likely safe, verify in Unity",,No GUID/text reference found by static scan,Do not delete until Unity dependency check confirms,Verify in Unity
Assets/HyTeKGames/SRPMaterialConverter/ConvertedMaterials/Maps/bathroom_shelf_1_Metallic.png,20287,19.8 KB,A: no text/GUID refs found,"Likely safe, verify in Unity",,No GUID/text reference found by static scan,Do not delete until Unity dependency check confirms,Verify in Unity
Assets/StarterAssets/FirstPersonController/Prefabs/NestedParent_Unpack.prefab,19913,19.4 KB,A: no text/GUID refs found,"Likely safe, verify in Unity",,No GUID/text reference found by static scan,Do not delete until Unity dependency check confirms,Verify in Unity
Assets/Food Pack-Demo/Mesh Collider/Lamb leg.fbx,19020,18.6 KB,A: no text/GUID refs found,"Likely safe, verify in Unity",,No GUID/text reference found by static scan,Do not delete until Unity dependency check confirms,Verify in Unity
Assets/DevDen Arch Viz Scotland/Prefabs/Bathroom/Bathroom_cabin.prefab,18702,18.3 KB,A: no text/GUID refs found,"Likely safe, verify in Unity",,No GUID/text reference found by static scan,Do not delete until Unity dependency check confirms,Verify in Unity
Assets/HyTeKGames/SRPMaterialConverter/ConvertedMaterials/Maps/bedroom_wood_side_table_1_Metallic.png,18397,18.0 KB,A: no text/GUID refs found,"Likely safe, verify in Unity",,No GUID/text reference found by static scan,Do not delete until Unity dependency check confirms,Verify in Unity
Assets/HyTeKGames/SRPMaterialConverter/ConvertedMaterials/Maps/wines_2_Metallic.png,18397,18.0 KB,A: no text/GUID refs found,"Likely safe, verify in Unity",,No GUID/text reference found by static scan,Do not delete until Unity dependency check confirms,Verify in Unity
Assets/HyTeKGames/SRPMaterialConverter/ConvertedMaterials/Maps/flower_1_Metallic.png,18397,18.0 KB,A: no text/GUID refs found,"Likely safe, verify in Unity",,No GUID/text reference found by static scan,Do not delete until Unity dependency check confirms,Verify in Unity
Assets/HyTeKGames/SRPMaterialConverter/ConvertedMaterials/Maps/plant_pot_2_Metallic.png,18397,18.0 KB,A: no text/GUID refs found,"Likely safe, verify in Unity",,No GUID/text reference found by static scan,Do not delete until Unity dependency check confirms,Verify in Unity
Assets/HyTeKGames/SRPMaterialConverter/ConvertedMaterials/Maps/teatable_1_Metallic.png,18397,18.0 KB,A: no text/GUID refs found,"Likely safe, verify in Unity",,No GUID/text reference found by static scan,Do not delete until Unity dependency check confirms,Verify in Unity
Assets/HyTeKGames/SRPMaterialConverter/ConvertedMaterials/Maps/Bedroom_wood_table_1_Metallic.png,18397,18.0 KB,A: no text/GUID refs found,"Likely safe, verify in Unity",,No GUID/text reference found by static scan,Do not delete until Unity dependency check confirms,Verify in Unity
Assets/HyTeKGames/SRPMaterialConverter/ConvertedMaterials/Maps/green_wood_3_Metallic.png,18397,18.0 KB,A: no text/GUID refs found,"Likely safe, verify in Unity",,No GUID/text reference found by static scan,Do not delete until Unity dependency check confirms,Verify in Unity
Assets/HyTeKGames/SRPMaterialConverter/ConvertedMaterials/Maps/TV_Panels_1_Metallic.png,18397,18.0 KB,A: no text/GUID refs found,"Likely safe, verify in Unity",,No GUID/text reference found by static scan,Do not delete until Unity dependency check confirms,Verify in Unity
Assets/HyTeKGames/SRPMaterialConverter/ConvertedMaterials/Maps/phong1_1_Metallic.png,18397,18.0 KB,A: no text/GUID refs found,"Likely safe, verify in Unity",,No GUID/text reference found by static scan,Do not delete until Unity dependency check confirms,Verify in Unity
Assets/HyTeKGames/SRPMaterialConverter/ConvertedMaterials/Maps/bathroom_wall_mat_1_1_Metallic.png,18397,18.0 KB,A: no text/GUID refs found,"Likely safe, verify in Unity",,No GUID/text reference found by static scan,Do not delete until Unity dependency check confirms,Verify in Unity
Assets/HyTeKGames/SRPMaterialConverter/ConvertedMaterials/Maps/door1_1_Metallic.png,18397,18.0 KB,A: no text/GUID refs found,"Likely safe, verify in Unity",,No GUID/text reference found by static scan,Do not delete until Unity dependency check confirms,Verify in Unity
Assets/HyTeKGames/SRPMaterialConverter/ConvertedMaterials/Maps/CommonCeramic01_2_Metallic.png,18397,18.0 KB,A: no text/GUID refs found,"Likely safe, verify in Unity",,No GUID/text reference found by static scan,Do not delete until Unity dependency check confirms,Verify in Unity
Assets/HyTeKGames/SRPMaterialConverter/ConvertedMaterials/Maps/study_chairI_Leg_1_Metallic.png,18397,18.0 KB,A: no text/GUID refs found,"Likely safe, verify in Unity",,No GUID/text reference found by static scan,Do not delete until Unity dependency check confirms,Verify in Unity
Assets/HyTeKGames/SRPMaterialConverter/ConvertedMaterials/Maps/CommonCeramic02Biege_1_Metallic.png,18397,18.0 KB,A: no text/GUID refs found,"Likely safe, verify in Unity",,No GUID/text reference found by static scan,Do not delete until Unity dependency check confirms,Verify in Unity
Assets/HyTeKGames/SRPMaterialConverter/ConvertedMaterials/Maps/wines_1_Metallic.png,18397,18.0 KB,A: no text/GUID refs found,"Likely safe, verify in Unity",,No GUID/text reference found by static scan,Do not delete until Unity dependency check confirms,Verify in Unity
Assets/HyTeKGames/SRPMaterialConverter/ConvertedMaterials/Maps/shelf1_1_Metallic.png,18397,18.0 KB,A: no text/GUID refs found,"Likely safe, verify in Unity",,No GUID/text reference found by static scan,Do not delete until Unity dependency check confirms,Verify in Unity
Assets/HyTeKGames/SRPMaterialConverter/ConvertedMaterials/Maps/plant_pot_1_Metallic.png,18397,18.0 KB,A: no text/GUID refs found,"Likely safe, verify in Unity",,No GUID/text reference found by static scan,Do not delete until Unity dependency check confirms,Verify in Unity
Assets/HyTeKGames/SRPMaterialConverter/ConvertedMaterials/Maps/flower_2_Metallic.png,18397,18.0 KB,A: no text/GUID refs found,"Likely safe, verify in Unity",,No GUID/text reference found by static scan,Do not delete until Unity dependency check confirms,Verify in Unity
Assets/Food Pack-Demo/Mesh Collider/Salami slice A.fbx,18348,17.9 KB,A: no text/GUID refs found,"Likely safe, verify in Unity",,No GUID/text reference found by static scan,Do not delete until Unity dependency check confirms,Verify in Unity
Assets/RealBlend/Art/Shaders/RealBlendExperimentalSPOM.hlsl,18328,17.9 KB,A: no text/GUID refs found,"Likely safe, verify in Unity",,No GUID/text reference found by static scan,Do not delete until Unity dependency check confirms,Verify in Unity
Assets/TutorialInfo/Icons/Help_Icon.png,18108,17.7 KB,A: no text/GUID refs found,"Likely safe, verify in Unity",,No GUID/text reference found by static scan,Do not delete until Unity dependency check confirms,Verify in Unity
Assets/BrokenVector/LowPolyFencePack/Scenes/Animated Doors Example.unity,18105,17.7 KB,A: no text/GUID refs found,"Likely safe, verify in Unity",,No GUID/text reference found by static scan,Do not delete until Unity dependency check confirms,Verify in Unity
Assets/Idyllic Italian Coast Town/Textures/leaf_hanging2.png,17901,17.5 KB,A: no text/GUID refs found,"Likely safe, verify in Unity",,No GUID/text reference found by static scan,Do not delete until Unity dependency check confirms,Verify in Unity
Assets/Editor/MeshellArticleReaderSceneSetup.cs,17835,17.4 KB,A: no text/GUID refs found,Unknown/runtime-loaded,,No GUID/text reference found by static scan,Do not delete until Unity dependency check confirms,High-risk deletion
Assets/Samples/XR Interaction Toolkit/3.3.1/Starter Assets/Prefabs/Interactors/Ray Interactor.prefab,17746,17.3 KB,A: no text/GUID refs found,"Likely safe, verify in Unity",,No GUID/text reference found by static scan,Do not delete until Unity dependency check confirms,Verify in Unity
Assets/Food Pack-Demo/Mesh Collider/Salami cut A.fbx,17692,17.3 KB,A: no text/GUID refs found,"Likely safe, verify in Unity",,No GUID/text reference found by static scan,Do not delete until Unity dependency check confirms,Verify in Unity
Assets/Food Pack-Demo/Mesh Collider/Salmon Cut.fbx,17596,17.2 KB,A: no text/GUID refs found,"Likely safe, verify in Unity",,No GUID/text reference found by static scan,Do not delete until Unity dependency check confirms,Verify in Unity
Assets/TerrainSampleAssets/ShaderGraphs/Subgraphs/PipelineSwitch.shadersubgraph,17489,17.1 KB,A: no text/GUID refs found,"Likely safe, verify in Unity",,No GUID/text reference found by static scan,Do not delete until Unity dependency check confirms,Verify in Unity
Assets/RealBlend/URP_Demo_Import_Source.unitypackage,16556,16.2 KB,A: no text/GUID refs found,"Likely safe, verify in Unity",,No GUID/text reference found by static scan,Do not delete until Unity dependency check confirms,Verify in Unity
Assets/DevDen Arch Viz Scotland/Prefabs/Living Room/window.prefab,16352,16.0 KB,A: no text/GUID refs found,"Likely safe, verify in Unity",,No GUID/text reference found by static scan,Do not delete until Unity dependency check confirms,Verify in Unity
Assets/RealBlend/Editor/RealBlendWallCreateMode.cs,16311,15.9 KB,A: no text/GUID refs found,Unknown/runtime-loaded,,No GUID/text reference found by static scan,Do not delete until Unity dependency check confirms,High-risk deletion
Assets/BCaT/Exhibits/PrivacyLawExhibit/Editor/PrivacyLawExhibitContentUpdater.cs,16282,15.9 KB,A: no text/GUID refs found,Unknown/runtime-loaded,,No GUID/text reference found by static scan,Do not delete until Unity dependency check confirms,High-risk deletion
Assets/Food Pack-Demo/Mesh Collider/Salami A.fbx,16044,15.7 KB,A: no text/GUID refs found,"Likely safe, verify in Unity",,No GUID/text reference found by static scan,Do not delete until Unity dependency check confirms,Verify in Unity
Assets/Food Pack-Demo/Mesh Collider/Salmon fillet.fbx,15580,15.2 KB,A: no text/GUID refs found,"Likely safe, verify in Unity",,No GUID/text reference found by static scan,Do not delete until Unity dependency check confirms,Verify in Unity
Assets/TutorialInfo/Layout.wlt,15479,15.1 KB,A: no text/GUID refs found,"Likely safe, verify in Unity",,No GUID/text reference found by static scan,Do not delete until Unity dependency check confirms,Verify in Unity
Assets/DevDen Arch Viz Scotland/Prefabs/Kitchen Room/Dish-drainer.prefab,15358,15.0 KB,A: no text/GUID refs found,"Likely safe, verify in Unity",,No GUID/text reference found by static scan,Do not delete until Unity dependency check confirms,Verify in Unity
Assets/UnityTechnologies/Basic Asset Pack Interior/Prefabs/Walls/WallWindow4m.prefab,14127,13.8 KB,A: no text/GUID refs found,"Likely safe, verify in Unity",,No GUID/text reference found by static scan,Do not delete until Unity dependency check confirms,Verify in Unity
Assets/DevDen Arch Viz Scotland/Prefabs/Dining Room/Cutlery_Set.prefab,13889,13.6 KB,A: no text/GUID refs found,"Likely safe, verify in Unity",,No GUID/text reference found by static scan,Do not delete until Unity dependency check confirms,Verify in Unity
Assets/RealBlend/Art/Materials/BuiltIn/VariationExampleBuilt-In.mat,13604,13.3 KB,A: no text/GUID refs found,"Likely safe, verify in Unity",,No GUID/text reference found by static scan,Do not delete until Unity dependency check confirms,Verify in Unity
Assets/BCaT_assets/ExhibitCanvases/SoundExhibitCanvas.prefab,13521,13.2 KB,A: no text/GUID refs found,"Likely safe, verify in Unity",,No GUID/text reference found by static scan,Do not delete until Unity dependency check confirms,Verify in Unity
Assets/Animated Tropical Vegetation/Prefabs/Static/Large Palm Trees/Large Palm Tree 1.prefab,13508,13.2 KB,A: no text/GUID refs found,"Likely safe, verify in Unity",,No GUID/text reference found by static scan,Do not delete until Unity dependency check confirms,Verify in Unity
Assets/BCaT_assets/ExhibitCanvases/DigitalExhibitCanvas.prefab,13503,13.2 KB,A: no text/GUID refs found,"Likely safe, verify in Unity",,No GUID/text reference found by static scan,Do not delete until Unity dependency check confirms,Verify in Unity
Assets/BCaT_assets/ExhibitCanvases/MediaExhibitCanvas.prefab,13495,13.2 KB,A: no text/GUID refs found,"Likely safe, verify in Unity",,No GUID/text reference found by static scan,Do not delete until Unity dependency check confirms,Verify in Unity
Assets/Animated Tropical Vegetation/Prefabs/Static/Palm Trees/Palm Tree 2.prefab,13482,13.2 KB,A: no text/GUID refs found,"Likely safe, verify in Unity",,No GUID/text reference found by static scan,Do not delete until Unity dependency check confirms,Verify in Unity
Assets/RealBlend/Art/Materials/URP/VariationExampleURP.mat,13438,13.1 KB,A: no text/GUID refs found,"Likely safe, verify in Unity",,No GUID/text reference found by static scan,Do not delete until Unity dependency check confirms,Verify in Unity
Assets/Editor/MeshellInteractionDiagnostic.cs,13165,12.9 KB,A: no text/GUID refs found,Unknown/runtime-loaded,,No GUID/text reference found by static scan,Do not delete until Unity dependency check confirms,High-risk deletion
Assets/RealBlend/Art/Materials/HDRP/VariationExample_ExperimentalSPOM.mat,13092,12.8 KB,A: no text/GUID refs found,"Likely safe, verify in Unity",,No GUID/text reference found by static scan,Do not delete until Unity dependency check confirms,Verify in Unity
Assets/LowPolyLivingRoomPack/ScenesDemo/LowPolyLivingRoomPack_Demo.unity,13038,12.7 KB,A: no text/GUID refs found,"Likely safe, verify in Unity",,No GUID/text reference found by static scan,Do not delete until Unity dependency check confirms,Verify in Unity
Assets/Editor/BackyardFlowerbedImagePopupSetup.cs,12988,12.7 KB,A: no text/GUID refs found,Unknown/runtime-loaded,,No GUID/text reference found by static scan,Do not delete until Unity dependency check confirms,High-risk deletion
Assets/DevDen Arch Viz Scotland/Prefabs/Kitchen Room/knife-block.prefab,12970,12.7 KB,A: no text/GUID refs found,"Likely safe, verify in Unity",,No GUID/text reference found by static scan,Do not delete until Unity dependency check confirms,Verify in Unity
Assets/TerrainSampleAssets/Settings/HeightmapTexture.preset,12675,12.4 KB,A: no text/GUID refs found,"Likely safe, verify in Unity",,No GUID/text reference found by static scan,Do not delete until Unity dependency check confirms,Verify in Unity
Assets/Animated Tropical Vegetation/Prefabs/Static/Large Palm Trees/Large Palm Tree 2.prefab,12567,12.3 KB,A: no text/GUID refs found,"Likely safe, verify in Unity",,No GUID/text reference found by static scan,Do not delete until Unity dependency check confirms,Verify in Unity
Assets/Animated Tropical Vegetation/Prefabs/Static/Big Palm Tree/Big Palm Tree.prefab,12558,12.3 KB,A: no text/GUID refs found,"Likely safe, verify in Unity",,No GUID/text reference found by static scan,Do not delete until Unity dependency check confirms,Verify in Unity
Assets/Animated Tropical Vegetation/Prefabs/Static/Small Trees/Small Tree 3.prefab,12548,12.3 KB,A: no text/GUID refs found,"Likely safe, verify in Unity",,No GUID/text reference found by static scan,Do not delete until Unity dependency check confirms,Verify in Unity
Assets/Animated Tropical Vegetation/Prefabs/Static/Banana Trees/Banana Tree 4.prefab,12546,12.3 KB,A: no text/GUID refs found,"Likely safe, verify in Unity",,No GUID/text reference found by static scan,Do not delete until Unity dependency check confirms,Verify in Unity
Assets/Animated Tropical Vegetation/Prefabs/Static/Banana Trees/Banana Tree 6.prefab,12544,12.2 KB,A: no text/GUID refs found,"Likely safe, verify in Unity",,No GUID/text reference found by static scan,Do not delete until Unity dependency check confirms,Verify in Unity
Assets/Animated Tropical Vegetation/Prefabs/Static/Banana Trees/Banana Tree 2.prefab,12542,12.2 KB,A: no text/GUID refs found,"Likely safe, verify in Unity",,No GUID/text reference found by static scan,Do not delete until Unity dependency check confirms,Verify in Unity
Assets/Animated Tropical Vegetation/Prefabs/Static/Banana Trees/Banana Tree 3.prefab,12541,12.2 KB,A: no text/GUID refs found,"Likely safe, verify in Unity",,No GUID/text reference found by static scan,Do not delete until Unity dependency check confirms,Verify in Unity
Assets/Animated Tropical Vegetation/Prefabs/Static/Small Trees/Small Tree 4.prefab,12540,12.2 KB,A: no text/GUID refs found,"Likely safe, verify in Unity",,No GUID/text reference found by static scan,Do not delete until Unity dependency check confirms,Verify in Unity
Assets/Animated Tropical Vegetation/Prefabs/Static/Banana Trees/Banana Tree 5.prefab,12538,12.2 KB,A: no text/GUID refs found,"Likely safe, verify in Unity",,No GUID/text reference found by static scan,Do not delete until Unity dependency check confirms,Verify in Unity
Assets/Animated Tropical Vegetation/Prefabs/Static/Small Trees/Small Tree 2.prefab,12538,12.2 KB,A: no text/GUID refs found,"Likely safe, verify in Unity",,No GUID/text reference found by static scan,Do not delete until Unity dependency check confirms,Verify in Unity
Assets/Animated Tropical Vegetation/Prefabs/Static/Banana Trees/Banana Tree 1.prefab,12534,12.2 KB,A: no text/GUID refs found,"Likely safe, verify in Unity",,No GUID/text reference found by static scan,Do not delete until Unity dependency check confirms,Verify in Unity
Assets/Animated Tropical Vegetation/Prefabs/Static/Bamboos/Bamboo 1.prefab,12522,12.2 KB,A: no text/GUID refs found,"Likely safe, verify in Unity",,No GUID/text reference found by static scan,Do not delete until Unity dependency check confirms,Verify in Unity
Assets/Animated Tropical Vegetation/Prefabs/Static/Bamboos/Bamboo 2.prefab,12518,12.2 KB,A: no text/GUID refs found,"Likely safe, verify in Unity",,No GUID/text reference found by static scan,Do not delete until Unity dependency check confirms,Verify in Unity
Assets/Animated Tropical Vegetation/Prefabs/Static/Bamboos/Bamboo 3.prefab,12515,12.2 KB,A: no text/GUID refs found,"Likely safe, verify in Unity",,No GUID/text reference found by static scan,Do not delete until Unity dependency check confirms,Verify in Unity
Assets/Animated Tropical Vegetation/Prefabs/Static/Bamboos/Bamboo 4.prefab,12513,12.2 KB,A: no text/GUID refs found,"Likely safe, verify in Unity",,No GUID/text reference found by static scan,Do not delete until Unity dependency check confirms,Verify in Unity
Assets/RealBlend/Editor/VertexPainterNoiseModule.cs,12478,12.2 KB,A: no text/GUID refs found,Unknown/runtime-loaded,,No GUID/text reference found by static scan,Do not delete until Unity dependency check confirms,High-risk deletion
Assets/TextMesh Pro/Shaders/TMP_SDF SSD.shader,12438,12.1 KB,A: no text/GUID refs found,Unknown/runtime-loaded,,No GUID/text reference found by static scan,Do not delete until Unity dependency check confirms,High-risk deletion
Assets/Animated Tropical Vegetation/Shaders/StandardDoubleSided.shader,12435,12.1 KB,A: no text/GUID refs found,Unknown/runtime-loaded,,No GUID/text reference found by static scan,Do not delete until Unity dependency check confirms,High-risk deletion
Assets/RealBlend/Art/Shaders/RealBlendBuiltInVariation.shader,12302,12.0 KB,A: no text/GUID refs found,Unknown/runtime-loaded,,No GUID/text reference found by static scan,Do not delete until Unity dependency check confirms,High-risk deletion
Assets/TextMesh Pro/Shaders/TMP_SDF-Mobile-2-Pass.shader,11795,11.5 KB,A: no text/GUID refs found,Unknown/runtime-loaded,,No GUID/text reference found by static scan,Do not delete until Unity dependency check confirms,High-risk deletion
Assets/Animated Tropical Vegetation/Prefabs/Static/Tropical Plant/Tropical Plant.prefab,11703,11.4 KB,A: no text/GUID refs found,"Likely safe, verify in Unity",,No GUID/text reference found by static scan,Do not delete until Unity dependency check confirms,Verify in Unity
Assets/Animated Tropical Vegetation/Prefabs/Static/Bushy Palms/Bushy Palm 3.prefab,11691,11.4 KB,A: no text/GUID refs found,"Likely safe, verify in Unity",,No GUID/text reference found by static scan,Do not delete until Unity dependency check confirms,Verify in Unity
Assets/Animated Tropical Vegetation/Prefabs/Static/Bushy Palms/Bushy Palm 2.prefab,11690,11.4 KB,A: no text/GUID refs found,"Likely safe, verify in Unity",,No GUID/text reference found by static scan,Do not delete until Unity dependency check confirms,Verify in Unity
Assets/Animated Tropical Vegetation/Prefabs/Static/Bushy Palms/Bushy Palm 1.prefab,11687,11.4 KB,A: no text/GUID refs found,"Likely safe, verify in Unity",,No GUID/text reference found by static scan,Do not delete until Unity dependency check confirms,Verify in Unity
Assets/UnityTechnologies/Basic Asset Pack Interior/Prefabs/Lights/LampSmall.prefab,11554,11.3 KB,A: no text/GUID refs found,"Likely safe, verify in Unity",,No GUID/text reference found by static scan,Do not delete until Unity dependency check confirms,Verify in Unity
Assets/DevDen Arch Viz Scotland/Prefabs/Bed Room/PhotoFrames.prefab,11275,11.0 KB,A: no text/GUID refs found,"Likely safe, verify in Unity",,No GUID/text reference found by static scan,Do not delete until Unity dependency check confirms,Verify in Unity
Assets/TerrainSampleAssets/ShaderGraphs/Subgraphs/RandomFromPosition.shadersubgraph,11192,10.9 KB,A: no text/GUID refs found,"Likely safe, verify in Unity",,No GUID/text reference found by static scan,Do not delete until Unity dependency check confirms,Verify in Unity
Assets/TextMesh Pro/Shaders/TMP_SDF Overlay.shader,11054,10.8 KB,A: no text/GUID refs found,Unknown/runtime-loaded,,No GUID/text reference found by static scan,Do not delete until Unity dependency check confirms,High-risk deletion
Assets/TextMesh Pro/Shaders/TMP_SDF.shader,11027,10.8 KB,A: no text/GUID refs found,Unknown/runtime-loaded,,No GUID/text reference found by static scan,Do not delete until Unity dependency check confirms,High-risk deletion
Assets/UnityTechnologies/Basic Asset Pack Interior/Prefabs/Props/Books.prefab,10894,10.6 KB,A: no text/GUID refs found,"Likely safe, verify in Unity",,No GUID/text reference found by static scan,Do not delete until Unity dependency check confirms,Verify in Unity
Assets/TerrainSampleAssets/ShaderGraphs/Subgraphs/MainLight.shadersubgraph,10782,10.5 KB,A: no text/GUID refs found,"Likely safe, verify in Unity",,No GUID/text reference found by static scan,Do not delete until Unity dependency check confirms,Verify in Unity
Assets/DevDen Arch Viz Scotland/Materials/balcony/balcony_glass.mat,10312,10.1 KB,A: no text/GUID refs found,"Likely safe, verify in Unity",,No GUID/text reference found by static scan,Do not delete until Unity dependency check confirms,Verify in Unity
Assets/Pandazole_Ultimate_Pack/Pandazole Farm Ranch Pack/Scenes/Demo.unity,10294,10.1 KB,A: no text/GUID refs found,"Likely safe, verify in Unity",,No GUID/text reference found by static scan,Do not delete until Unity dependency check confirms,Verify in Unity
Assets/RealBlend/Editor/RealBlend.cs,10163,9.9 KB,A: no text/GUID refs found,Unknown/runtime-loaded,,No GUID/text reference found by static scan,Do not delete until Unity dependency check confirms,High-risk deletion
Assets/UnityTechnologies/Basic Asset Pack Interior/Prefabs/Furniture/SofaDouble.prefab,10063,9.8 KB,A: no text/GUID refs found,"Likely safe, verify in Unity",,No GUID/text reference found by static scan,Do not delete until Unity dependency check confirms,Verify in Unity
Assets/DevDen Arch Viz Scotland/Materials/Bathroom/washingglass.mat,9839,9.6 KB,A: no text/GUID refs found,"Likely safe, verify in Unity",,No GUID/text reference found by static scan,Do not delete until Unity dependency check confirms,Verify in Unity
Assets/DevDen Arch Viz Scotland/Materials/Kitchen Room/mug-tree.mat,9832,9.6 KB,A: no text/GUID refs found,"Likely safe, verify in Unity",,No GUID/text reference found by static scan,Do not delete until Unity dependency check confirms,Verify in Unity
Assets/RealBlend/Art/Shaders/PolybrushMixer5.cginc,9819,9.6 KB,A: no text/GUID refs found,"Likely safe, verify in Unity",,No GUID/text reference found by static scan,Do not delete until Unity dependency check confirms,Verify in Unity
Assets/DevDen Arch Viz Scotland/Materials/Kitchen Room/knife-block.mat,9817,9.6 KB,A: no text/GUID refs found,"Likely safe, verify in Unity",,No GUID/text reference found by static scan,Do not delete until Unity dependency check confirms,Verify in Unity
Assets/DevDen Arch Viz Scotland/Materials/Kitchen Room/chopping-board.mat,9784,9.6 KB,A: no text/GUID refs found,"Likely safe, verify in Unity",,No GUID/text reference found by static scan,Do not delete until Unity dependency check confirms,Verify in Unity
Assets/RealBlend/Editor/MaskPacker.cs,9754,9.5 KB,A: no text/GUID refs found,Unknown/runtime-loaded,,No GUID/text reference found by static scan,Do not delete until Unity dependency check confirms,High-risk deletion
Assets/Samples/XR Interaction Toolkit/3.3.1/Starter Assets/DemoSceneAssets/Prefabs/Interactables/Cube.prefab,9568,9.3 KB,A: no text/GUID refs found,"Likely safe, verify in Unity",,No GUID/text reference found by static scan,Do not delete until Unity dependency check confirms,Verify in Unity
Assets/RealBlend/Art/Shaders/PolybrushMixer.cginc,9540,9.3 KB,A: no text/GUID refs found,"Likely safe, verify in Unity",,No GUID/text reference found by static scan,Do not delete until Unity dependency check confirms,Verify in Unity
Assets/UnityTechnologies/Basic Asset Pack Interior/Prefabs/Walls/WallDoor2m.prefab,9433,9.2 KB,A: no text/GUID refs found,"Likely safe, verify in Unity",,No GUID/text reference found by static scan,Do not delete until Unity dependency check confirms,Verify in Unity
Assets/UnityTechnologies/Basic Asset Pack Interior/Prefabs/Lights/LightCeliing.prefab,9374,9.2 KB,A: no text/GUID refs found,"Likely safe, verify in Unity",,No GUID/text reference found by static scan,Do not delete until Unity dependency check confirms,Verify in Unity
Assets/HyTeKGames/SRPMaterialConverter/ConvertedMaterials/Maps/bed_lamp_glass1_1_Metallic.png,9242,9.0 KB,A: no text/GUID refs found,"Likely safe, verify in Unity",,No GUID/text reference found by static scan,Do not delete until Unity dependency check confirms,Verify in Unity
Assets/HyTeKGames/SRPMaterialConverter/ConvertedMaterials/Maps/bedside_lamp1_1_Metallic.png,9242,9.0 KB,A: no text/GUID refs found,"Likely safe, verify in Unity",,No GUID/text reference found by static scan,Do not delete until Unity dependency check confirms,Verify in Unity
Assets/UnityTechnologies/Basic Asset Pack Interior/Prefabs/Lights/LightCeliingDome.prefab,8970,8.8 KB,A: no text/GUID refs found,"Likely safe, verify in Unity",,No GUID/text reference found by static scan,Do not delete until Unity dependency check confirms,Verify in Unity
Assets/DevDen Arch Viz Scotland/Prefabs/Dining Room/PlateGroup.prefab,8812,8.6 KB,A: no text/GUID refs found,"Likely safe, verify in Unity",,No GUID/text reference found by static scan,Do not delete until Unity dependency check confirms,Verify in Unity
Assets/DevDen Arch Viz Scotland/Prefabs/Common/Switch&Socket .prefab,8799,8.6 KB,A: no text/GUID refs found,"Likely safe, verify in Unity",,No GUID/text reference found by static scan,Do not delete until Unity dependency check confirms,Verify in Unity
Assets/UnityTechnologies/Basic Asset Pack Interior/Prefabs/Furniture/BedDouble.prefab,8793,8.6 KB,A: no text/GUID refs found,"Likely safe, verify in Unity",,No GUID/text reference found by static scan,Do not delete until Unity dependency check confirms,Verify in Unity
Assets/_Recovery/0 (12).unity,8632,8.4 KB,C: duplicate/obsolete candidate,"Likely safe, verify in Unity",,No GUID/text reference found by static scan,Do not delete until Unity dependency check confirms,Verify in Unity
Assets/TextMesh Pro/Shaders/TMP_SDF-Mobile Masking.shader,8273,8.1 KB,A: no text/GUID refs found,Unknown/runtime-loaded,,No GUID/text reference found by static scan,Do not delete until Unity dependency check confirms,High-risk deletion
Assets/danthaigames/DS 80s Television/Scenes/SampleScene.unity,8269,8.1 KB,A: no text/GUID refs found,"Likely safe, verify in Unity",,No GUID/text reference found by static scan,Do not delete until Unity dependency check confirms,Verify in Unity
Assets/Furniture Mega Pack/Materials/.DS_Store,8196,8.0 KB,A: no text/GUID refs found,"Likely safe, verify in Unity",,No GUID/text reference found by static scan,Do not delete until Unity dependency check confirms,Verify in Unity
Assets/Furniture Mega Pack/FBX/.DS_Store,8196,8.0 KB,A: no text/GUID refs found,"Likely safe, verify in Unity",,No GUID/text reference found by static scan,Do not delete until Unity dependency check confirms,Verify in Unity
Assets/XR/.DS_Store,8196,8.0 KB,A: no text/GUID refs found,"Likely safe, verify in Unity",,No GUID/text reference found by static scan,Do not delete until Unity dependency check confirms,Verify in Unity
Assets/BCaT_assets/.DS_Store,8196,8.0 KB,A: no text/GUID refs found,"Likely safe, verify in Unity",,No GUID/text reference found by static scan,Do not delete until Unity dependency check confirms,Verify in Unity
Assets/StarterAssets/.DS_Store,8196,8.0 KB,A: no text/GUID refs found,"Likely safe, verify in Unity",,No GUID/text reference found by static scan,Do not delete until Unity dependency check confirms,Verify in Unity
Assets/TerrainSampleAssets/.DS_Store,8196,8.0 KB,A: no text/GUID refs found,"Likely safe, verify in Unity",,No GUID/text reference found by static scan,Do not delete until Unity dependency check confirms,Verify in Unity
Assets/My_Custom/.DS_Store,8196,8.0 KB,A: no text/GUID refs found,"Likely safe, verify in Unity",,No GUID/text reference found by static scan,Do not delete until Unity dependency check confirms,Verify in Unity
Assets/RealBlend/Art/Materials/DefaultVertColor.mat,8149,8.0 KB,A: no text/GUID refs found,"Likely safe, verify in Unity",,No GUID/text reference found by static scan,Do not delete until Unity dependency check confirms,Verify in Unity
Assets/Samples/XR Interaction Toolkit/3.3.1/XR Device Simulator/UI/Head/XR.png,8084,7.9 KB,A: no text/GUID refs found,"Likely safe, verify in Unity",,No GUID/text reference found by static scan,Do not delete until Unity dependency check confirms,Verify in Unity
Assets/TextMesh Pro/Shaders/TMP_SDF-Mobile Overlay.shader,8081,7.9 KB,A: no text/GUID refs found,Unknown/runtime-loaded,,No GUID/text reference found by static scan,Do not delete until Unity dependency check confirms,High-risk deletion
Assets/SubstanceAssets/LittleGamesPack/Prefabs/Individual Pieces/BoardGamePieces/BoardGamePiece_Yellow.prefab,7286,7.1 KB,A: no text/GUID refs found,"Likely safe, verify in Unity",,No GUID/text reference found by static scan,Do not delete until Unity dependency check confirms,Verify in Unity
Assets/SubstanceAssets/LittleGamesPack/Prefabs/Individual Pieces/BoardGamePieces/BoardGamePiece_Green.prefab,7284,7.1 KB,A: no text/GUID refs found,"Likely safe, verify in Unity",,No GUID/text reference found by static scan,Do not delete until Unity dependency check confirms,Verify in Unity
Assets/SubstanceAssets/LittleGamesPack/Prefabs/Individual Pieces/BoardGamePieces/BoardGamePiece_Red.prefab,7284,7.1 KB,A: no text/GUID refs found,"Likely safe, verify in Unity",,No GUID/text reference found by static scan,Do not delete until Unity dependency check confirms,Verify in Unity
Assets/SubstanceAssets/LittleGamesPack/Prefabs/Individual Pieces/BoardGamePieces/BoardGamePiece_Blue.prefab,7283,7.1 KB,A: no text/GUID refs found,"Likely safe, verify in Unity",,No GUID/text reference found by static scan,Do not delete until Unity dependency check confirms,Verify in Unity
Assets/SubstanceAssets/LittleGamesPack/Prefabs/Individual Pieces/PokerChips/PokerChip_Green.prefab,7283,7.1 KB,A: no text/GUID refs found,"Likely safe, verify in Unity",,No GUID/text reference found by static scan,Do not delete until Unity dependency check confirms,Verify in Unity
Assets/SubstanceAssets/LittleGamesPack/Prefabs/Individual Pieces/Dice/Dice_Marble.prefab,7280,7.1 KB,A: no text/GUID refs found,"Likely safe, verify in Unity",,No GUID/text reference found by static scan,Do not delete until Unity dependency check confirms,Verify in Unity
Assets/SubstanceAssets/LittleGamesPack/Prefabs/Individual Pieces/Dice/Dice_Blue.prefab,7276,7.1 KB,A: no text/GUID refs found,"Likely safe, verify in Unity",,No GUID/text reference found by static scan,Do not delete until Unity dependency check confirms,Verify in Unity
Assets/SubstanceAssets/LittleGamesPack/Prefabs/Individual Pieces/Dice/Dice_Red.prefab,7276,7.1 KB,A: no text/GUID refs found,"Likely safe, verify in Unity",,No GUID/text reference found by static scan,Do not delete until Unity dependency check confirms,Verify in Unity
Assets/SubstanceAssets/LittleGamesPack/Prefabs/Individual Pieces/PokerChips/PokerChip_Black.prefab,7276,7.1 KB,A: no text/GUID refs found,"Likely safe, verify in Unity",,No GUID/text reference found by static scan,Do not delete until Unity dependency check confirms,Verify in Unity
Assets/SubstanceAssets/LittleGamesPack/Prefabs/Individual Pieces/PokerChips/PokerChip_Blue.prefab,7276,7.1 KB,A: no text/GUID refs found,"Likely safe, verify in Unity",,No GUID/text reference found by static scan,Do not delete until Unity dependency check confirms,Verify in Unity
Assets/SubstanceAssets/LittleGamesPack/Prefabs/Individual Pieces/Cards/CardTable.prefab,7275,7.1 KB,A: no text/GUID refs found,"Likely safe, verify in Unity",,No GUID/text reference found by static scan,Do not delete until Unity dependency check confirms,Verify in Unity
Assets/SubstanceAssets/LittleGamesPack/Prefabs/Individual Pieces/Dice/Dice_White.prefab,7263,7.1 KB,A: no text/GUID refs found,"Likely safe, verify in Unity",,No GUID/text reference found by static scan,Do not delete until Unity dependency check confirms,Verify in Unity
Assets/SubstanceAssets/LittleGamesPack/Prefabs/Individual Pieces/Dominos/Domino_1-3.prefab,7257,7.1 KB,A: no text/GUID refs found,"Likely safe, verify in Unity",,No GUID/text reference found by static scan,Do not delete until Unity dependency check confirms,Verify in Unity
Assets/SubstanceAssets/LittleGamesPack/Prefabs/Individual Pieces/Dominos/Domino_0-6.prefab,7257,7.1 KB,A: no text/GUID refs found,"Likely safe, verify in Unity",,No GUID/text reference found by static scan,Do not delete until Unity dependency check confirms,Verify in Unity
Assets/SubstanceAssets/LittleGamesPack/Prefabs/Individual Pieces/Dominos/Domino_0-4.prefab,7257,7.1 KB,A: no text/GUID refs found,"Likely safe, verify in Unity",,No GUID/text reference found by static scan,Do not delete until Unity dependency check confirms,Verify in Unity
Assets/SubstanceAssets/LittleGamesPack/Prefabs/Individual Pieces/Dominos/Domino_0-2.prefab,7257,7.1 KB,A: no text/GUID refs found,"Likely safe, verify in Unity",,No GUID/text reference found by static scan,Do not delete until Unity dependency check confirms,Verify in Unity
Assets/SubstanceAssets/LittleGamesPack/Prefabs/Individual Pieces/Dominos/Domino_1-5.prefab,7255,7.1 KB,A: no text/GUID refs found,"Likely safe, verify in Unity",,No GUID/text reference found by static scan,Do not delete until Unity dependency check confirms,Verify in Unity
Assets/SubstanceAssets/LittleGamesPack/Prefabs/Individual Pieces/Dominos/Domino_2-2.prefab,7255,7.1 KB,A: no text/GUID refs found,"Likely safe, verify in Unity",,No GUID/text reference found by static scan,Do not delete until Unity dependency check confirms,Verify in Unity
Assets/SubstanceAssets/LittleGamesPack/Prefabs/Individual Pieces/Dominos/Domino_0-0.prefab,7255,7.1 KB,A: no text/GUID refs found,"Likely safe, verify in Unity",,No GUID/text reference found by static scan,Do not delete until Unity dependency check confirms,Verify in Unity
Assets/SubstanceAssets/LittleGamesPack/Prefabs/Individual Pieces/Dominos/Domino_5-6.prefab,7254,7.1 KB,A: no text/GUID refs found,"Likely safe, verify in Unity",,No GUID/text reference found by static scan,Do not delete until Unity dependency check confirms,Verify in Unity
Assets/SubstanceAssets/LittleGamesPack/Prefabs/Individual Pieces/Jax/Jax_Silver.prefab,7254,7.1 KB,A: no text/GUID refs found,"Likely safe, verify in Unity",,No GUID/text reference found by static scan,Do not delete until Unity dependency check confirms,Verify in Unity
Assets/SubstanceAssets/LittleGamesPack/Prefabs/Individual Pieces/Dominos/Domino_3-6.prefab,7253,7.1 KB,A: no text/GUID refs found,"Likely safe, verify in Unity",,No GUID/text reference found by static scan,Do not delete until Unity dependency check confirms,Verify in Unity
Assets/SubstanceAssets/LittleGamesPack/Prefabs/Individual Pieces/Dominos/Domino_4-4.prefab,7252,7.1 KB,A: no text/GUID refs found,"Likely safe, verify in Unity",,No GUID/text reference found by static scan,Do not delete until Unity dependency check confirms,Verify in Unity
Assets/SubstanceAssets/LittleGamesPack/Prefabs/Individual Pieces/PokerChips/PokerChip_Red.prefab,7251,7.1 KB,A: no text/GUID refs found,"Likely safe, verify in Unity",,No GUID/text reference found by static scan,Do not delete until Unity dependency check confirms,Verify in Unity
Assets/SubstanceAssets/LittleGamesPack/Prefabs/Individual Pieces/Dice/Dice_Black.prefab,7250,7.1 KB,A: no text/GUID refs found,"Likely safe, verify in Unity",,No GUID/text reference found by static scan,Do not delete until Unity dependency check confirms,Verify in Unity
Assets/SubstanceAssets/LittleGamesPack/Prefabs/Individual Pieces/Jax/Jax_Yellow.prefab,7250,7.1 KB,A: no text/GUID refs found,"Likely safe, verify in Unity",,No GUID/text reference found by static scan,Do not delete until Unity dependency check confirms,Verify in Unity
Assets/SubstanceAssets/LittleGamesPack/Prefabs/Individual Pieces/Dominos/Domino_1-1.prefab,7246,7.1 KB,A: no text/GUID refs found,"Likely safe, verify in Unity",,No GUID/text reference found by static scan,Do not delete until Unity dependency check confirms,Verify in Unity
Assets/SubstanceAssets/LittleGamesPack/Prefabs/Individual Pieces/Jax/Jax_Blue.prefab,7246,7.1 KB,A: no text/GUID refs found,"Likely safe, verify in Unity",,No GUID/text reference found by static scan,Do not delete until Unity dependency check confirms,Verify in Unity
Assets/SubstanceAssets/LittleGamesPack/Prefabs/Individual Pieces/Jax/Jax_Red.prefab,7245,7.1 KB,A: no text/GUID refs found,"Likely safe, verify in Unity",,No GUID/text reference found by static scan,Do not delete until Unity dependency check confirms,Verify in Unity
Assets/SubstanceAssets/LittleGamesPack/Prefabs/Individual Pieces/Jax/Jax_Gold.prefab,7243,7.1 KB,C: duplicate/obsolete candidate,"Likely safe, verify in Unity",,No GUID/text reference found by static scan,Do not delete until Unity dependency check confirms,Verify in Unity
Assets/SubstanceAssets/LittleGamesPack/Prefabs/Individual Pieces/Dominos/Domino_3-4.prefab,7237,7.1 KB,A: no text/GUID refs found,"Likely safe, verify in Unity",,No GUID/text reference found by static scan,Do not delete until Unity dependency check confirms,Verify in Unity
Assets/SubstanceAssets/LittleGamesPack/Prefabs/Individual Pieces/Jax/Jax_Green.prefab,7231,7.1 KB,A: no text/GUID refs found,"Likely safe, verify in Unity",,No GUID/text reference found by static scan,Do not delete until Unity dependency check confirms,Verify in Unity
Assets/SubstanceAssets/LittleGamesPack/Prefabs/Individual Pieces/Dominos/Domino_2-6.prefab,7226,7.1 KB,A: no text/GUID refs found,"Likely safe, verify in Unity",,No GUID/text reference found by static scan,Do not delete until Unity dependency check confirms,Verify in Unity
Assets/DevDen Arch Viz Scotland/Prefabs/Bathroom/Wash Basin.prefab,7004,6.8 KB,A: no text/GUID refs found,"Likely safe, verify in Unity",,No GUID/text reference found by static scan,Do not delete until Unity dependency check confirms,Verify in Unity
Assets/BCaT_assets/BlackFamilyMuseumArchive/Prefabs/BFM_Chest_OnChair.prefab,6942,6.8 KB,C: duplicate/obsolete candidate,"Likely safe, verify in Unity",,No GUID/text reference found by static scan,Do not delete until Unity dependency check confirms,Verify in Unity
Assets/SubstanceAssets/LittleGamesPack/Prefabs/Individual Pieces/Chess/WhitePawn.prefab,6833,6.7 KB,A: no text/GUID refs found,"Likely safe, verify in Unity",,No GUID/text reference found by static scan,Do not delete until Unity dependency check confirms,Verify in Unity
Assets/SubstanceAssets/LittleGamesPack/Prefabs/Individual Pieces/Chess/BlackPawn.prefab,6833,6.7 KB,A: no text/GUID refs found,"Likely safe, verify in Unity",,No GUID/text reference found by static scan,Do not delete until Unity dependency check confirms,Verify in Unity
Assets/SubstanceAssets/LittleGamesPack/Prefabs/Individual Pieces/Chess/WhiteKnight.prefab,6831,6.7 KB,A: no text/GUID refs found,"Likely safe, verify in Unity",,No GUID/text reference found by static scan,Do not delete until Unity dependency check confirms,Verify in Unity
Assets/SubstanceAssets/LittleGamesPack/Prefabs/Individual Pieces/Chess/BlackBishop.prefab,6830,6.7 KB,A: no text/GUID refs found,"Likely safe, verify in Unity",,No GUID/text reference found by static scan,Do not delete until Unity dependency check confirms,Verify in Unity
Assets/SubstanceAssets/LittleGamesPack/Prefabs/Individual Pieces/Chess/WhiteBishop.prefab,6829,6.7 KB,A: no text/GUID refs found,"Likely safe, verify in Unity",,No GUID/text reference found by static scan,Do not delete until Unity dependency check confirms,Verify in Unity
Assets/SubstanceAssets/LittleGamesPack/Prefabs/Individual Pieces/Chess/WhiteRook.prefab,6828,6.7 KB,A: no text/GUID refs found,"Likely safe, verify in Unity",,No GUID/text reference found by static scan,Do not delete until Unity dependency check confirms,Verify in Unity
Assets/SubstanceAssets/LittleGamesPack/Prefabs/Individual Pieces/Chess/BlackKnight.prefab,6824,6.7 KB,A: no text/GUID refs found,"Likely safe, verify in Unity",,No GUID/text reference found by static scan,Do not delete until Unity dependency check confirms,Verify in Unity
Assets/SubstanceAssets/LittleGamesPack/Prefabs/Individual Pieces/Chess/BlackRook.prefab,6823,6.7 KB,A: no text/GUID refs found,"Likely safe, verify in Unity",,No GUID/text reference found by static scan,Do not delete until Unity dependency check confirms,Verify in Unity
Assets/SubstanceAssets/LittleGamesPack/Prefabs/Individual Pieces/Chess/BlackKing.prefab,6822,6.7 KB,A: no text/GUID refs found,"Likely safe, verify in Unity",,No GUID/text reference found by static scan,Do not delete until Unity dependency check confirms,Verify in Unity
Assets/SubstanceAssets/LittleGamesPack/Prefabs/Individual Pieces/Chess/WhiteKing.prefab,6821,6.7 KB,A: no text/GUID refs found,"Likely safe, verify in Unity",,No GUID/text reference found by static scan,Do not delete until Unity dependency check confirms,Verify in Unity
Assets/SubstanceAssets/LittleGamesPack/Prefabs/Individual Pieces/Chess/WhiteQueen.prefab,6817,6.7 KB,A: no text/GUID refs found,"Likely safe, verify in Unity",,No GUID/text reference found by static scan,Do not delete until Unity dependency check confirms,Verify in Unity
Assets/SubstanceAssets/LittleGamesPack/Prefabs/Individual Pieces/Chess/BlackQueen.prefab,6816,6.7 KB,A: no text/GUID refs found,"Likely safe, verify in Unity",,No GUID/text reference found by static scan,Do not delete until Unity dependency check confirms,Verify in Unity
Assets/SubstanceAssets/LittleGamesPack/Prefabs/Individual Pieces/Chess/ChessBoard.prefab,6814,6.7 KB,A: no text/GUID refs found,"Likely safe, verify in Unity",,No GUID/text reference found by static scan,Do not delete until Unity dependency check confirms,Verify in Unity
Assets/Samples/XR Interaction Toolkit/3.3.1/Starter Assets/Prefabs/Interactors/Direct Interactor.prefab,6613,6.5 KB,A: no text/GUID refs found,"Likely safe, verify in Unity",,No GUID/text reference found by static scan,Do not delete until Unity dependency check confirms,Verify in Unity
Assets/RealBlend/Editor/VertexPainter_ExtraTabs.cs,6580,6.4 KB,A: no text/GUID refs found,Unknown/runtime-loaded,,No GUID/text reference found by static scan,Do not delete until Unity dependency check confirms,High-risk deletion
Assets/BCAT_AuditReports/WebGL_Performance_Audit_20260626_120243.txt,6558,6.4 KB,A: no text/GUID refs found,"Likely safe, verify in Unity",,No GUID/text reference found by static scan,Do not delete until Unity dependency check confirms,Verify in Unity
Assets/Animated Tropical Vegetation/Tools/ObjectPainter.cs,6492,6.3 KB,A: no text/GUID refs found,Unknown/runtime-loaded,,No GUID/text reference found by static scan,Do not delete until Unity dependency check confirms,High-risk deletion
Assets/BCaT/SceneTransitions/Scenes/LoadingScene.unity,6420,6.3 KB,A: no text/GUID refs found,"Likely safe, verify in Unity",,No GUID/text reference found by static scan,Do not delete until Unity dependency check confirms,Verify in Unity
Assets/UnityTechnologies/Basic Asset Pack Interior/Prefabs/Furniture/SofaArmChair.prefab,6234,6.1 KB,A: no text/GUID refs found,"Likely safe, verify in Unity",,No GUID/text reference found by static scan,Do not delete until Unity dependency check confirms,Verify in Unity
Assets/TextMesh Pro/.DS_Store,6148,6.0 KB,A: no text/GUID refs found,"Likely safe, verify in Unity",,No GUID/text reference found by static scan,Do not delete until Unity dependency check confirms,Verify in Unity
Assets/Patio Furniture/.DS_Store,6148,6.0 KB,A: no text/GUID refs found,"Likely safe, verify in Unity",,No GUID/text reference found by static scan,Do not delete until Unity dependency check confirms,Verify in Unity
Assets/picture-frame/.DS_Store,6148,6.0 KB,A: no text/GUID refs found,"Likely safe, verify in Unity",,No GUID/text reference found by static scan,Do not delete until Unity dependency check confirms,Verify in Unity
Assets/Furniture Mega Pack/.DS_Store,6148,6.0 KB,A: no text/GUID refs found,"Likely safe, verify in Unity",,No GUID/text reference found by static scan,Do not delete until Unity dependency check confirms,Verify in Unity
Assets/LumiStudio/.DS_Store,6148,6.0 KB,A: no text/GUID refs found,"Likely safe, verify in Unity",,No GUID/text reference found by static scan,Do not delete until Unity dependency check confirms,Verify in Unity
Assets/LumiStudio/Painting Tools/.DS_Store,6148,6.0 KB,A: no text/GUID refs found,"Likely safe, verify in Unity",,No GUID/text reference found by static scan,Do not delete until Unity dependency check confirms,Verify in Unity
Assets/HyTeKGames/.DS_Store,6148,6.0 KB,A: no text/GUID refs found,"Likely safe, verify in Unity",,No GUID/text reference found by static scan,Do not delete until Unity dependency check confirms,Verify in Unity
Assets/HyTeKGames/SRPMaterialConverter/.DS_Store,6148,6.0 KB,A: no text/GUID refs found,"Likely safe, verify in Unity",,No GUID/text reference found by static scan,Do not delete until Unity dependency check confirms,Verify in Unity
Assets/BCaT_assets/BlackParlors/.DS_Store,6148,6.0 KB,A: no text/GUID refs found,"Likely safe, verify in Unity",,No GUID/text reference found by static scan,Do not delete until Unity dependency check confirms,Verify in Unity
Assets/BCaT_assets/BTMMP_Workstation_Assembly/.DS_Store,6148,6.0 KB,A: no text/GUID refs found,"Likely safe, verify in Unity",,No GUID/text reference found by static scan,Do not delete until Unity dependency check confirms,Verify in Unity
Assets/BCaT_assets/BlackFamilyMuseumArchive/.DS_Store,6148,6.0 KB,C: duplicate/obsolete candidate,"Likely safe, verify in Unity",,No GUID/text reference found by static scan,Do not delete until Unity dependency check confirms,Verify in Unity
Assets/BCaT_assets/LindaLeaks/.DS_Store,6148,6.0 KB,A: no text/GUID refs found,"Likely safe, verify in Unity",,No GUID/text reference found by static scan,Do not delete until Unity dependency check confirms,Verify in Unity
Assets/BCaT_assets/HOMED/.DS_Store,6148,6.0 KB,A: no text/GUID refs found,"Likely safe, verify in Unity",,No GUID/text reference found by static scan,Do not delete until Unity dependency check confirms,Verify in Unity
Assets/StarterAssets/FirstPersonController/.DS_Store,6148,6.0 KB,A: no text/GUID refs found,"Likely safe, verify in Unity",,No GUID/text reference found by static scan,Do not delete until Unity dependency check confirms,Verify in Unity
Assets/StarterAssets/Mobile/.DS_Store,6148,6.0 KB,A: no text/GUID refs found,"Likely safe, verify in Unity",,No GUID/text reference found by static scan,Do not delete until Unity dependency check confirms,Verify in Unity
Assets/StarterAssets/Environment/.DS_Store,6148,6.0 KB,A: no text/GUID refs found,"Likely safe, verify in Unity",,No GUID/text reference found by static scan,Do not delete until Unity dependency check confirms,Verify in Unity
Assets/TutorialInfo/.DS_Store,6148,6.0 KB,A: no text/GUID refs found,"Likely safe, verify in Unity",,No GUID/text reference found by static scan,Do not delete until Unity dependency check confirms,Verify in Unity
Assets/YughuesFreePavementsMaterials/.DS_Store,6148,6.0 KB,A: no text/GUID refs found,"Likely safe, verify in Unity",,No GUID/text reference found by static scan,Do not delete until Unity dependency check confirms,Verify in Unity
Assets/IgniteCoders/Simple Water Shader/.DS_Store,6148,6.0 KB,A: no text/GUID refs found,"Likely safe, verify in Unity",,No GUID/text reference found by static scan,Do not delete until Unity dependency check confirms,Verify in Unity
Assets/TerrainSampleAssets/Textures/.DS_Store,6148,6.0 KB,A: no text/GUID refs found,"Likely safe, verify in Unity",,No GUID/text reference found by static scan,Do not delete until Unity dependency check confirms,Verify in Unity
Assets/TerrainSampleAssets/ShaderGraphs/.DS_Store,6148,6.0 KB,A: no text/GUID refs found,"Likely safe, verify in Unity",,No GUID/text reference found by static scan,Do not delete until Unity dependency check confirms,Verify in Unity
Assets/Idyllic Italian Coast Town/.DS_Store,6148,6.0 KB,A: no text/GUID refs found,"Likely safe, verify in Unity",,No GUID/text reference found by static scan,Do not delete until Unity dependency check confirms,Verify in Unity
Assets/Idyllic Italian Coast Town/Prefabs/.DS_Store,6148,6.0 KB,A: no text/GUID refs found,"Likely safe, verify in Unity",,No GUID/text reference found by static scan,Do not delete until Unity dependency check confirms,Verify in Unity
Assets/Idyllic Italian Coast Town/Meshes/.DS_Store,6148,6.0 KB,A: no text/GUID refs found,"Likely safe, verify in Unity",,No GUID/text reference found by static scan,Do not delete until Unity dependency check confirms,Verify in Unity
Assets/AssetsStore/.DS_Store,6148,6.0 KB,A: no text/GUID refs found,"Likely safe, verify in Unity",,No GUID/text reference found by static scan,Do not delete until Unity dependency check confirms,Verify in Unity
Assets/AssetsStore/Garage_props/.DS_Store,6148,6.0 KB,A: no text/GUID refs found,"Likely safe, verify in Unity",,No GUID/text reference found by static scan,Do not delete until Unity dependency check confirms,Verify in Unity
Assets/UnityTechnologies/.DS_Store,6148,6.0 KB,A: no text/GUID refs found,"Likely safe, verify in Unity",,No GUID/text reference found by static scan,Do not delete until Unity dependency check confirms,Verify in Unity
Assets/UnityTechnologies/Basic Asset Pack Interior/.DS_Store,6148,6.0 KB,A: no text/GUID refs found,"Likely safe, verify in Unity",,No GUID/text reference found by static scan,Do not delete until Unity dependency check confirms,Verify in Unity
Assets/BuildReports/.DS_Store,6148,6.0 KB,A: no text/GUID refs found,"Likely safe, verify in Unity",,No GUID/text reference found by static scan,Do not delete until Unity dependency check confirms,Verify in Unity
Assets/Editor/.DS_Store,6148,6.0 KB,A: no text/GUID refs found,"Likely safe, verify in Unity",,No GUID/text reference found by static scan,Do not delete until Unity dependency check confirms,Verify in Unity
Assets/BCAT_AuditReports/.DS_Store,6148,6.0 KB,A: no text/GUID refs found,"Likely safe, verify in Unity",,No GUID/text reference found by static scan,Do not delete until Unity dependency check confirms,Verify in Unity
Assets/Shaded Spectrum/.DS_Store,6148,6.0 KB,A: no text/GUID refs found,"Likely safe, verify in Unity",,No GUID/text reference found by static scan,Do not delete until Unity dependency check confirms,Verify in Unity
Assets/Shaded Spectrum/Cozy Interiors Demo Pack/.DS_Store,6148,6.0 KB,A: no text/GUID refs found,"Likely safe, verify in Unity",,No GUID/text reference found by static scan,Do not delete until Unity dependency check confirms,Verify in Unity
Assets/TextMesh Pro/Shaders/SDFFunctions.hlsl,6021,5.9 KB,A: no text/GUID refs found,"Likely safe, verify in Unity",,No GUID/text reference found by static scan,Do not delete until Unity dependency check confirms,Verify in Unity
Assets/UnityTechnologies/Basic Asset Pack Interior/Prefabs/Walls/WallCornerOuter.prefab,5882,5.7 KB,A: no text/GUID refs found,"Likely safe, verify in Unity",,No GUID/text reference found by static scan,Do not delete until Unity dependency check confirms,Verify in Unity
Assets/UnityTechnologies/Basic Asset Pack Interior/Prefabs/Props/Switch.prefab,5833,5.7 KB,A: no text/GUID refs found,"Likely safe, verify in Unity",,No GUID/text reference found by static scan,Do not delete until Unity dependency check confirms,Verify in Unity
Assets/UnityTechnologies/Basic Asset Pack Interior/Prefabs/Walls/WallCornerInner.prefab,5827,5.7 KB,A: no text/GUID refs found,"Likely safe, verify in Unity",,No GUID/text reference found by static scan,Do not delete until Unity dependency check confirms,Verify in Unity
Assets/UnityTechnologies/Basic Asset Pack Interior/Prefabs/Walls/WallDoorFrame2m.prefab,5826,5.7 KB,A: no text/GUID refs found,"Likely safe, verify in Unity",,No GUID/text reference found by static scan,Do not delete until Unity dependency check confirms,Verify in Unity
Assets/UnityTechnologies/Basic Asset Pack Interior/Prefabs/Walls/Wall3m.prefab,5807,5.7 KB,A: no text/GUID refs found,"Likely safe, verify in Unity",,No GUID/text reference found by static scan,Do not delete until Unity dependency check confirms,Verify in Unity
Assets/UnityTechnologies/Basic Asset Pack Interior/Prefabs/Walls/Wall2m.prefab,5801,5.7 KB,A: no text/GUID refs found,"Likely safe, verify in Unity",,No GUID/text reference found by static scan,Do not delete until Unity dependency check confirms,Verify in Unity
Assets/UnityTechnologies/Basic Asset Pack Interior/Prefabs/Walls/Wall4m.prefab,5800,5.7 KB,A: no text/GUID refs found,"Likely safe, verify in Unity",,No GUID/text reference found by static scan,Do not delete until Unity dependency check confirms,Verify in Unity
Assets/UnityTechnologies/Basic Asset Pack Interior/Prefabs/Walls/Wall1m.prefab,5798,5.7 KB,A: no text/GUID refs found,"Likely safe, verify in Unity",,No GUID/text reference found by static scan,Do not delete until Unity dependency check confirms,Verify in Unity
Assets/Samples/XR Interaction Toolkit/3.3.1/XR Device Simulator/UI/General/Locked.png,5673,5.5 KB,A: no text/GUID refs found,"Likely safe, verify in Unity",,No GUID/text reference found by static scan,Do not delete until Unity dependency check confirms,Verify in Unity
Assets/RealBlend/Editor/RealBlendCurvedWallCreateMode.cs,5633,5.5 KB,A: no text/GUID refs found,Unknown/runtime-loaded,,No GUID/text reference found by static scan,Do not delete until Unity dependency check confirms,High-risk deletion
Assets/HyTeKGames/SRPMaterialConverter/ConvertedMaterials/Maps/TV_1_Metallic.png,5623,5.5 KB,A: no text/GUID refs found,"Likely safe, verify in Unity",,No GUID/text reference found by static scan,Do not delete until Unity dependency check confirms,Verify in Unity
Assets/RealBlend/Scripts/RealBlendExperimentalSPOMBounds.cs,5501,5.4 KB,A: no text/GUID refs found,Unknown/runtime-loaded,,No GUID/text reference found by static scan,Do not delete until Unity dependency check confirms,High-risk deletion
Assets/TextMesh Pro/Shaders/TMPro_Mobile.cginc,5453,5.3 KB,A: no text/GUID refs found,"Likely safe, verify in Unity",,No GUID/text reference found by static scan,Do not delete until Unity dependency check confirms,Verify in Unity
Assets/BCaT_assets/LindaLeaks/Scripts/LindaLeaksVideoPopUp.cs,5405,5.3 KB,A: no text/GUID refs found,Unknown/runtime-loaded,,No GUID/text reference found by static scan,Do not delete until Unity dependency check confirms,High-risk deletion
Assets/Coconut Palm Tree Pack/readme.txt,5138,5.0 KB,A: no text/GUID refs found,"Likely safe, verify in Unity",,No GUID/text reference found by static scan,Do not delete until Unity dependency check confirms,Verify in Unity
Assets/BCaT_assets/LindaLeaks/Images/image69.asset,5028,4.9 KB,A: no text/GUID refs found,"Likely safe, verify in Unity",,No GUID/text reference found by static scan,Do not delete until Unity dependency check confirms,High-risk deletion
Assets/Settings/PC_RPAsset.asset,4669,4.6 KB,A: no text/GUID refs found,"Likely safe, verify in Unity",,No GUID/text reference found by static scan,Do not delete until Unity dependency check confirms,High-risk deletion
Assets/HyTeKGames/SRPMaterialConverter/ConvertedMaterials/Maps/LightBulb02On_1_AO.png,4655,4.5 KB,A: no text/GUID refs found,"Likely safe, verify in Unity",,No GUID/text reference found by static scan,Do not delete until Unity dependency check confirms,Verify in Unity
Assets/HyTeKGames/SRPMaterialConverter/ConvertedMaterials/Maps/LightBulb02On_1_Metallic.png,4655,4.5 KB,A: no text/GUID refs found,"Likely safe, verify in Unity",,No GUID/text reference found by static scan,Do not delete until Unity dependency check confirms,Verify in Unity
Assets/Settings/Mobile_RPAsset.asset,4648,4.5 KB,A: no text/GUID refs found,"Likely safe, verify in Unity",,No GUID/text reference found by static scan,Do not delete until Unity dependency check confirms,High-risk deletion
Assets/StarterAssets/Settings/Very High_PipelineAsset.asset,4617,4.5 KB,A: no text/GUID refs found,"Likely safe, verify in Unity",,No GUID/text reference found by static scan,Do not delete until Unity dependency check confirms,High-risk deletion
Assets/StarterAssets/Settings/Very Low_PipelineAsset.asset,4616,4.5 KB,A: no text/GUID refs found,"Likely safe, verify in Unity",,No GUID/text reference found by static scan,Do not delete until Unity dependency check confirms,High-risk deletion
Assets/StarterAssets/Settings/Medium_PipelineAsset.asset,4614,4.5 KB,A: no text/GUID refs found,"Likely safe, verify in Unity",,No GUID/text reference found by static scan,Do not delete until Unity dependency check confirms,High-risk deletion
Assets/StarterAssets/Settings/Ultra_PipelineAsset.asset,4614,4.5 KB,A: no text/GUID refs found,"Likely safe, verify in Unity",,No GUID/text reference found by static scan,Do not delete until Unity dependency check confirms,High-risk deletion
Assets/StarterAssets/Settings/High_PipelineAsset.asset,4612,4.5 KB,A: no text/GUID refs found,"Likely safe, verify in Unity",,No GUID/text reference found by static scan,Do not delete until Unity dependency check confirms,High-risk deletion
Assets/StarterAssets/Settings/Low_PipelineAsset.asset,4611,4.5 KB,A: no text/GUID refs found,"Likely safe, verify in Unity",,No GUID/text reference found by static scan,Do not delete until Unity dependency check confirms,High-risk deletion
Assets/UnityTechnologies/Settings/Universal Render Pipeline Asset.asset,4609,4.5 KB,A: no text/GUID refs found,"Likely safe, verify in Unity",,No GUID/text reference found by static scan,Do not delete until Unity dependency check confirms,High-risk deletion
Assets/TextMesh Pro/Fonts/LiberationSans - OFL.txt,4469,4.4 KB,A: no text/GUID refs found,"Likely safe, verify in Unity",,No GUID/text reference found by static scan,Do not delete until Unity dependency check confirms,Verify in Unity
Assets/TextMesh Pro/Shaders/TMP_SDF-Surface.shader,4353,4.3 KB,A: no text/GUID refs found,Unknown/runtime-loaded,,No GUID/text reference found by static scan,Do not delete until Unity dependency check confirms,High-risk deletion
Assets/HyTeKGames/SRPMaterialConverter/ConvertedMaterials/balcony_glass.mat,4247,4.1 KB,A: no text/GUID refs found,"Likely safe, verify in Unity",,No GUID/text reference found by static scan,Do not delete until Unity dependency check confirms,Verify in Unity
Assets/HyTeKGames/SRPMaterialConverter/ConvertedMaterials/bed_lamp_glass1.mat,4210,4.1 KB,A: no text/GUID refs found,"Likely safe, verify in Unity",,No GUID/text reference found by static scan,Do not delete until Unity dependency check confirms,Verify in Unity
Assets/HyTeKGames/SRPMaterialConverter/ConvertedMaterials/green_wood_2.mat,4188,4.1 KB,A: no text/GUID refs found,"Likely safe, verify in Unity",,No GUID/text reference found by static scan,Do not delete until Unity dependency check confirms,Verify in Unity
Assets/HyTeKGames/SRPMaterialConverter/ConvertedMaterials/diining_chair_wood.mat,4175,4.1 KB,A: no text/GUID refs found,"Likely safe, verify in Unity",,No GUID/text reference found by static scan,Do not delete until Unity dependency check confirms,Verify in Unity
Assets/HyTeKGames/SRPMaterialConverter/ConvertedMaterials/chimini.mat,4173,4.1 KB,A: no text/GUID refs found,"Likely safe, verify in Unity",,No GUID/text reference found by static scan,Do not delete until Unity dependency check confirms,Verify in Unity
Assets/HyTeKGames/SRPMaterialConverter/ConvertedMaterials/Lamp_emission.mat,4169,4.1 KB,A: no text/GUID refs found,"Likely safe, verify in Unity",,No GUID/text reference found by static scan,Do not delete until Unity dependency check confirms,Verify in Unity
Assets/HyTeKGames/SRPMaterialConverter/ConvertedMaterials/dinning_chair_cusion.mat,4143,4.0 KB,A: no text/GUID refs found,"Likely safe, verify in Unity",,No GUID/text reference found by static scan,Do not delete until Unity dependency check confirms,Verify in Unity
Assets/HyTeKGames/SRPMaterialConverter/ConvertedMaterials/livingroom_floor4.mat,4140,4.0 KB,A: no text/GUID refs found,"Likely safe, verify in Unity",,No GUID/text reference found by static scan,Do not delete until Unity dependency check confirms,Verify in Unity
Assets/HyTeKGames/SRPMaterialConverter/ConvertedMaterials/green_wood_1 Metal.mat,4140,4.0 KB,A: no text/GUID refs found,"Likely safe, verify in Unity",,No GUID/text reference found by static scan,Do not delete until Unity dependency check confirms,Verify in Unity
Assets/HyTeKGames/SRPMaterialConverter/ConvertedMaterials/studyroom_floor3.mat,4139,4.0 KB,A: no text/GUID refs found,"Likely safe, verify in Unity",,No GUID/text reference found by static scan,Do not delete until Unity dependency check confirms,Verify in Unity
Assets/HyTeKGames/SRPMaterialConverter/ConvertedMaterials/induction-hob.mat,4139,4.0 KB,A: no text/GUID refs found,"Likely safe, verify in Unity",,No GUID/text reference found by static scan,Do not delete until Unity dependency check confirms,Verify in Unity
Assets/HyTeKGames/SRPMaterialConverter/ConvertedMaterials/bedroom_wood_side_table.mat,4138,4.0 KB,A: no text/GUID refs found,"Likely safe, verify in Unity",,No GUID/text reference found by static scan,Do not delete until Unity dependency check confirms,Verify in Unity
Assets/HyTeKGames/SRPMaterialConverter/ConvertedMaterials/Air Conditioner.mat,4138,4.0 KB,A: no text/GUID refs found,"Likely safe, verify in Unity",,No GUID/text reference found by static scan,Do not delete until Unity dependency check confirms,Verify in Unity
Assets/HyTeKGames/SRPMaterialConverter/ConvertedMaterials/balcony_chair1.mat,4137,4.0 KB,A: no text/GUID refs found,"Likely safe, verify in Unity",,No GUID/text reference found by static scan,Do not delete until Unity dependency check confirms,Verify in Unity
Assets/HyTeKGames/SRPMaterialConverter/ConvertedMaterials/toasterNew.mat,4135,4.0 KB,A: no text/GUID refs found,"Likely safe, verify in Unity",,No GUID/text reference found by static scan,Do not delete until Unity dependency check confirms,Verify in Unity
Assets/HyTeKGames/SRPMaterialConverter/ConvertedMaterials/bedside_lamp1.mat,4135,4.0 KB,A: no text/GUID refs found,"Likely safe, verify in Unity",,No GUID/text reference found by static scan,Do not delete until Unity dependency check confirms,Verify in Unity
Assets/HyTeKGames/SRPMaterialConverter/ConvertedMaterials/green_wood.mat,4133,4.0 KB,A: no text/GUID refs found,"Likely safe, verify in Unity",,No GUID/text reference found by static scan,Do not delete until Unity dependency check confirms,Verify in Unity
Assets/HyTeKGames/SRPMaterialConverter/ConvertedMaterials/white_wood.mat,4132,4.0 KB,A: no text/GUID refs found,"Likely safe, verify in Unity",,No GUID/text reference found by static scan,Do not delete until Unity dependency check confirms,Verify in Unity
Assets/HyTeKGames/SRPMaterialConverter/ConvertedMaterials/TV_Panels.mat,4132,4.0 KB,A: no text/GUID refs found,"Likely safe, verify in Unity",,No GUID/text reference found by static scan,Do not delete until Unity dependency check confirms,Verify in Unity
Assets/HyTeKGames/SRPMaterialConverter/ConvertedMaterials/Remote.mat,4130,4.0 KB,A: no text/GUID refs found,"Likely safe, verify in Unity",,No GUID/text reference found by static scan,Do not delete until Unity dependency check confirms,Verify in Unity
Assets/HyTeKGames/SRPMaterialConverter/ConvertedMaterials/laptop.mat,4130,4.0 KB,A: no text/GUID refs found,"Likely safe, verify in Unity",,No GUID/text reference found by static scan,Do not delete until Unity dependency check confirms,Verify in Unity
Assets/HyTeKGames/SRPMaterialConverter/ConvertedMaterials/marble.mat,4129,4.0 KB,A: no text/GUID refs found,"Likely safe, verify in Unity",,No GUID/text reference found by static scan,Do not delete until Unity dependency check confirms,Verify in Unity
Assets/HyTeKGames/SRPMaterialConverter/ConvertedMaterials/glass.mat,4128,4.0 KB,A: no text/GUID refs found,"Likely safe, verify in Unity",,No GUID/text reference found by static scan,Do not delete until Unity dependency check confirms,Verify in Unity
Assets/HyTeKGames/SRPMaterialConverter/ConvertedMaterials/imac.mat,4126,4.0 KB,A: no text/GUID refs found,"Likely safe, verify in Unity",,No GUID/text reference found by static scan,Do not delete until Unity dependency check confirms,Verify in Unity
Assets/HyTeKGames/SRPMaterialConverter/ConvertedMaterials/TV.mat,4125,4.0 KB,A: no text/GUID refs found,"Likely safe, verify in Unity",,No GUID/text reference found by static scan,Do not delete until Unity dependency check confirms,Verify in Unity
Assets/HyTeKGames/SRPMaterialConverter/ConvertedMaterials/lamp.mat,4125,4.0 KB,A: no text/GUID refs found,"Likely safe, verify in Unity",,No GUID/text reference found by static scan,Do not delete until Unity dependency check confirms,Verify in Unity
Assets/HyTeKGames/SRPMaterialConverter/ConvertedMaterials/CommonCeramic02Biege.mat,4125,4.0 KB,A: no text/GUID refs found,"Likely safe, verify in Unity",,No GUID/text reference found by static scan,Do not delete until Unity dependency check confirms,Verify in Unity
Assets/HyTeKGames/SRPMaterialConverter/ConvertedMaterials/Socket.mat,4122,4.0 KB,A: no text/GUID refs found,"Likely safe, verify in Unity",,No GUID/text reference found by static scan,Do not delete until Unity dependency check confirms,Verify in Unity
Assets/HyTeKGames/SRPMaterialConverter/ConvertedMaterials/phong1.mat,4121,4.0 KB,A: no text/GUID refs found,"Likely safe, verify in Unity",,No GUID/text reference found by static scan,Do not delete until Unity dependency check confirms,Verify in Unity
Assets/HyTeKGames/SRPMaterialConverter/ConvertedMaterials/Furniture_Atlas_1.mat,4103,4.0 KB,A: no text/GUID refs found,"Likely safe, verify in Unity",,No GUID/text reference found by static scan,Do not delete until Unity dependency check confirms,Verify in Unity
Assets/HyTeKGames/SRPMaterialConverter/ConvertedMaterials/glass_wall_glass4.mat,4093,4.0 KB,A: no text/GUID refs found,"Likely safe, verify in Unity",,No GUID/text reference found by static scan,Do not delete until Unity dependency check confirms,Verify in Unity
Assets/HyTeKGames/SRPMaterialConverter/ConvertedMaterials/washingmachineclosed.mat,4086,4.0 KB,A: no text/GUID refs found,"Likely safe, verify in Unity",,No GUID/text reference found by static scan,Do not delete until Unity dependency check confirms,Verify in Unity
Assets/HyTeKGames/SRPMaterialConverter/ConvertedMaterials/knives.mat,4086,4.0 KB,A: no text/GUID refs found,"Likely safe, verify in Unity",,No GUID/text reference found by static scan,Do not delete until Unity dependency check confirms,Verify in Unity
Assets/HyTeKGames/SRPMaterialConverter/ConvertedMaterials/CommonCeramic01.mat,4085,4.0 KB,A: no text/GUID refs found,"Likely safe, verify in Unity",,No GUID/text reference found by static scan,Do not delete until Unity dependency check confirms,Verify in Unity
Assets/HyTeKGames/SRPMaterialConverter/ConvertedMaterials/gold_tap_handle 1.mat,4084,4.0 KB,C: duplicate/obsolete candidate,"Likely safe, verify in Unity",,No GUID/text reference found by static scan,Do not delete until Unity dependency check confirms,Verify in Unity
Assets/HyTeKGames/SRPMaterialConverter/ConvertedMaterials/Paintings_House_4.mat,4084,4.0 KB,A: no text/GUID refs found,"Likely safe, verify in Unity",,No GUID/text reference found by static scan,Do not delete until Unity dependency check confirms,Verify in Unity
Assets/HyTeKGames/SRPMaterialConverter/ConvertedMaterials/Paintings_House_2.mat,4084,4.0 KB,A: no text/GUID refs found,"Likely safe, verify in Unity",,No GUID/text reference found by static scan,Do not delete until Unity dependency check confirms,Verify in Unity
Assets/HyTeKGames/SRPMaterialConverter/ConvertedMaterials/Paintings_House_1.mat,4084,4.0 KB,A: no text/GUID refs found,"Likely safe, verify in Unity",,No GUID/text reference found by static scan,Do not delete until Unity dependency check confirms,Verify in Unity
Assets/HyTeKGames/SRPMaterialConverter/ConvertedMaterials/gold_tap_handle_1.mat,4083,4.0 KB,C: duplicate/obsolete candidate,"Likely safe, verify in Unity",,No GUID/text reference found by static scan,Do not delete until Unity dependency check confirms,Verify in Unity
Assets/HyTeKGames/SRPMaterialConverter/ConvertedMaterials/gold_tap_handle_2.mat,4083,4.0 KB,C: duplicate/obsolete candidate,"Likely safe, verify in Unity",,No GUID/text reference found by static scan,Do not delete until Unity dependency check confirms,Verify in Unity
Assets/HyTeKGames/SRPMaterialConverter/ConvertedMaterials/livingroom_wall3.mat,4083,4.0 KB,A: no text/GUID refs found,"Likely safe, verify in Unity",,No GUID/text reference found by static scan,Do not delete until Unity dependency check confirms,Verify in Unity
Assets/HyTeKGames/SRPMaterialConverter/ConvertedMaterials/washingMachine.mat,4082,4.0 KB,A: no text/GUID refs found,"Likely safe, verify in Unity",,No GUID/text reference found by static scan,Do not delete until Unity dependency check confirms,Verify in Unity
Assets/HyTeKGames/SRPMaterialConverter/ConvertedMaterials/study_chair_seat.mat,4082,4.0 KB,A: no text/GUID refs found,"Likely safe, verify in Unity",,No GUID/text reference found by static scan,Do not delete until Unity dependency check confirms,Verify in Unity
Assets/HyTeKGames/SRPMaterialConverter/ConvertedMaterials/gold_tap_handle.mat,4082,4.0 KB,C: duplicate/obsolete candidate,"Likely safe, verify in Unity",,No GUID/text reference found by static scan,Do not delete until Unity dependency check confirms,Verify in Unity
Assets/HyTeKGames/SRPMaterialConverter/ConvertedMaterials/studyroom_wall3.mat,4082,4.0 KB,A: no text/GUID refs found,"Likely safe, verify in Unity",,No GUID/text reference found by static scan,Do not delete until Unity dependency check confirms,Verify in Unity
Assets/HyTeKGames/SRPMaterialConverter/ConvertedMaterials/Paintings_House.mat,4082,4.0 KB,A: no text/GUID refs found,"Likely safe, verify in Unity",,No GUID/text reference found by static scan,Do not delete until Unity dependency check confirms,Verify in Unity
Assets/HyTeKGames/SRPMaterialConverter/ConvertedMaterials/Knife_Holder_mat.mat,4082,4.0 KB,C: duplicate/obsolete candidate,"Likely safe, verify in Unity",,No GUID/text reference found by static scan,Do not delete until Unity dependency check confirms,Verify in Unity
Assets/HyTeKGames/SRPMaterialConverter/ConvertedMaterials/study_chairI_Leg.mat,4082,4.0 KB,A: no text/GUID refs found,"Likely safe, verify in Unity",,No GUID/text reference found by static scan,Do not delete until Unity dependency check confirms,Verify in Unity
Assets/Idyllic Italian Coast Town/Materials/M_attachments_stone 1.mat,4082,4.0 KB,A: no text/GUID refs found,"Likely safe, verify in Unity",,No GUID/text reference found by static scan,Do not delete until Unity dependency check confirms,Verify in Unity
Assets/HyTeKGames/SRPMaterialConverter/ConvertedMaterials/M_washbasin2.mat,4081,4.0 KB,A: no text/GUID refs found,"Likely safe, verify in Unity",,No GUID/text reference found by static scan,Do not delete until Unity dependency check confirms,Verify in Unity
Assets/HyTeKGames/SRPMaterialConverter/ConvertedMaterials/bathroom_wall3.mat,4081,4.0 KB,A: no text/GUID refs found,"Likely safe, verify in Unity",,No GUID/text reference found by static scan,Do not delete until Unity dependency check confirms,Verify in Unity
Assets/HyTeKGames/SRPMaterialConverter/ConvertedMaterials/bedroom_floor3.mat,4081,4.0 KB,A: no text/GUID refs found,"Likely safe, verify in Unity",,No GUID/text reference found by static scan,Do not delete until Unity dependency check confirms,Verify in Unity
Assets/HyTeKGames/SRPMaterialConverter/ConvertedMaterials/LightBulb02On.mat,4081,4.0 KB,A: no text/GUID refs found,"Likely safe, verify in Unity",,No GUID/text reference found by static scan,Do not delete until Unity dependency check confirms,Verify in Unity
Assets/HyTeKGames/SRPMaterialConverter/ConvertedMaterials/bathroom_shelf.mat,4081,4.0 KB,A: no text/GUID refs found,"Likely safe, verify in Unity",,No GUID/text reference found by static scan,Do not delete until Unity dependency check confirms,Verify in Unity
Assets/HyTeKGames/SRPMaterialConverter/ConvertedMaterials/balcony_table_2.mat,4081,4.0 KB,A: no text/GUID refs found,"Likely safe, verify in Unity",,No GUID/text reference found by static scan,Do not delete until Unity dependency check confirms,Verify in Unity
Assets/HyTeKGames/SRPMaterialConverter/ConvertedMaterials/Mug_Holder_mat.mat,4080,4.0 KB,C: duplicate/obsolete candidate,"Likely safe, verify in Unity",,No GUID/text reference found by static scan,Do not delete until Unity dependency check confirms,Verify in Unity
Assets/HyTeKGames/SRPMaterialConverter/ConvertedMaterials/trash-can.mat,4080,4.0 KB,A: no text/GUID refs found,"Likely safe, verify in Unity",,No GUID/text reference found by static scan,Do not delete until Unity dependency check confirms,Verify in Unity
Assets/HyTeKGames/SRPMaterialConverter/ConvertedMaterials/kitchan_mat_2.mat,4080,4.0 KB,A: no text/GUID refs found,"Likely safe, verify in Unity",,No GUID/text reference found by static scan,Do not delete until Unity dependency check confirms,Verify in Unity
Assets/HyTeKGames/SRPMaterialConverter/ConvertedMaterials/coffee_maker.mat,4080,4.0 KB,A: no text/GUID refs found,"Likely safe, verify in Unity",,No GUID/text reference found by static scan,Do not delete until Unity dependency check confirms,Verify in Unity
Assets/HyTeKGames/SRPMaterialConverter/ConvertedMaterials/dinning_table.mat,4080,4.0 KB,A: no text/GUID refs found,"Likely safe, verify in Unity",,No GUID/text reference found by static scan,Do not delete until Unity dependency check confirms,Verify in Unity
Assets/HyTeKGames/SRPMaterialConverter/ConvertedMaterials/Chopboard_mat.mat,4080,4.0 KB,A: no text/GUID refs found,"Likely safe, verify in Unity",,No GUID/text reference found by static scan,Do not delete until Unity dependency check confirms,Verify in Unity
Assets/HyTeKGames/SRPMaterialConverter/ConvertedMaterials/bathroom_cabin.mat,4080,4.0 KB,A: no text/GUID refs found,"Likely safe, verify in Unity",,No GUID/text reference found by static scan,Do not delete until Unity dependency check confirms,Verify in Unity
Assets/HyTeKGames/SRPMaterialConverter/ConvertedMaterials/bedroom_wall4.mat,4080,4.0 KB,A: no text/GUID refs found,"Likely safe, verify in Unity",,No GUID/text reference found by static scan,Do not delete until Unity dependency check confirms,Verify in Unity
Assets/HyTeKGames/SRPMaterialConverter/ConvertedMaterials/toilet_wood_1.mat,4080,4.0 KB,A: no text/GUID refs found,"Likely safe, verify in Unity",,No GUID/text reference found by static scan,Do not delete until Unity dependency check confirms,Verify in Unity
Assets/HyTeKGames/SRPMaterialConverter/ConvertedMaterials/balcony_metal.mat,4079,4.0 KB,A: no text/GUID refs found,"Likely safe, verify in Unity",,No GUID/text reference found by static scan,Do not delete until Unity dependency check confirms,Verify in Unity
Assets/HyTeKGames/SRPMaterialConverter/ConvertedMaterials/pattern_wall.mat,4079,4.0 KB,A: no text/GUID refs found,"Likely safe, verify in Unity",,No GUID/text reference found by static scan,Do not delete until Unity dependency check confirms,Verify in Unity
Assets/HyTeKGames/SRPMaterialConverter/ConvertedMaterials/teatable.mat,4079,4.0 KB,A: no text/GUID refs found,"Likely safe, verify in Unity",,No GUID/text reference found by static scan,Do not delete until Unity dependency check confirms,Verify in Unity
Assets/HyTeKGames/SRPMaterialConverter/ConvertedMaterials/balcony_mat1.mat,4078,4.0 KB,A: no text/GUID refs found,"Likely safe, verify in Unity",,No GUID/text reference found by static scan,Do not delete until Unity dependency check confirms,Verify in Unity
Assets/HyTeKGames/SRPMaterialConverter/ConvertedMaterials/toilet_wood1.mat,4078,4.0 KB,A: no text/GUID refs found,"Likely safe, verify in Unity",,No GUID/text reference found by static scan,Do not delete until Unity dependency check confirms,Verify in Unity
Assets/HyTeKGames/SRPMaterialConverter/ConvertedMaterials/green_wood_1.mat,4078,4.0 KB,A: no text/GUID refs found,"Likely safe, verify in Unity",,No GUID/text reference found by static scan,Do not delete until Unity dependency check confirms,Verify in Unity
Assets/HyTeKGames/SRPMaterialConverter/ConvertedMaterials/DrainerNew.mat,4078,4.0 KB,A: no text/GUID refs found,"Likely safe, verify in Unity",,No GUID/text reference found by static scan,Do not delete until Unity dependency check confirms,Verify in Unity
Assets/HyTeKGames/SRPMaterialConverter/ConvertedMaterials/inner_roof3.mat,4077,4.0 KB,A: no text/GUID refs found,"Likely safe, verify in Unity",,No GUID/text reference found by static scan,Do not delete until Unity dependency check confirms,Verify in Unity
Assets/HyTeKGames/SRPMaterialConverter/ConvertedMaterials/tolpaper.mat,4076,4.0 KB,A: no text/GUID refs found,"Likely safe, verify in Unity",,No GUID/text reference found by static scan,Do not delete until Unity dependency check confirms,Verify in Unity
Assets/HyTeKGames/SRPMaterialConverter/ConvertedMaterials/M_toilet.mat,4076,4.0 KB,A: no text/GUID refs found,"Likely safe, verify in Unity",,No GUID/text reference found by static scan,Do not delete until Unity dependency check confirms,Verify in Unity
Assets/HyTeKGames/SRPMaterialConverter/ConvertedMaterials/TV_Shelf.mat,4076,4.0 KB,A: no text/GUID refs found,"Likely safe, verify in Unity",,No GUID/text reference found by static scan,Do not delete until Unity dependency check confirms,Verify in Unity
Assets/HyTeKGames/SRPMaterialConverter/ConvertedMaterials/table1.mat,4076,4.0 KB,A: no text/GUID refs found,"Likely safe, verify in Unity",,No GUID/text reference found by static scan,Do not delete until Unity dependency check confirms,Verify in Unity
Assets/HyTeKGames/SRPMaterialConverter/ConvertedMaterials/bed_coat.mat,4075,4.0 KB,A: no text/GUID refs found,"Likely safe, verify in Unity",,No GUID/text reference found by static scan,Do not delete until Unity dependency check confirms,Verify in Unity
Assets/HyTeKGames/SRPMaterialConverter/ConvertedMaterials/Table Mat.mat,4075,4.0 KB,A: no text/GUID refs found,"Likely safe, verify in Unity",,No GUID/text reference found by static scan,Do not delete until Unity dependency check confirms,Verify in Unity
Assets/HyTeKGames/SRPMaterialConverter/ConvertedMaterials/plate.mat,4075,4.0 KB,A: no text/GUID refs found,"Likely safe, verify in Unity",,No GUID/text reference found by static scan,Do not delete until Unity dependency check confirms,Verify in Unity
Assets/HyTeKGames/SRPMaterialConverter/ConvertedMaterials/pillow_1.mat,4075,4.0 KB,A: no text/GUID refs found,"Likely safe, verify in Unity",,No GUID/text reference found by static scan,Do not delete until Unity dependency check confirms,Verify in Unity
Assets/IgniteCoders/Simple Water Shader/Info/Scripts/Editor/ReadmeEditor.cs,4075,4.0 KB,A: no text/GUID refs found,Unknown/runtime-loaded,,No GUID/text reference found by static scan,Do not delete until Unity dependency check confirms,High-risk deletion
Assets/HyTeKGames/SRPMaterialConverter/ConvertedMaterials/switch2.mat,4074,4.0 KB,A: no text/GUID refs found,"Likely safe, verify in Unity",,No GUID/text reference found by static scan,Do not delete until Unity dependency check confirms,Verify in Unity
Assets/HyTeKGames/SRPMaterialConverter/ConvertedMaterials/glass_1.mat,4074,4.0 KB,A: no text/GUID refs found,"Likely safe, verify in Unity",,No GUID/text reference found by static scan,Do not delete until Unity dependency check confirms,Verify in Unity
Assets/HyTeKGames/SRPMaterialConverter/ConvertedMaterials/granite.mat,4074,4.0 KB,A: no text/GUID refs found,"Likely safe, verify in Unity",,No GUID/text reference found by static scan,Do not delete until Unity dependency check confirms,Verify in Unity
Assets/HyTeKGames/SRPMaterialConverter/ConvertedMaterials/Notepad.mat,4072,4.0 KB,A: no text/GUID refs found,"Likely safe, verify in Unity",,No GUID/text reference found by static scan,Do not delete until Unity dependency check confirms,Verify in Unity
Assets/HyTeKGames/SRPMaterialConverter/ConvertedMaterials/shelf1.mat,4072,4.0 KB,A: no text/GUID refs found,"Likely safe, verify in Unity",,No GUID/text reference found by static scan,Do not delete until Unity dependency check confirms,Verify in Unity
Assets/HyTeKGames/SRPMaterialConverter/ConvertedMaterials/door1.mat,4072,4.0 KB,A: no text/GUID refs found,"Likely safe, verify in Unity",,No GUID/text reference found by static scan,Do not delete until Unity dependency check confirms,Verify in Unity
Assets/HyTeKGames/SRPMaterialConverter/ConvertedMaterials/towl_2.mat,4072,4.0 KB,A: no text/GUID refs found,"Likely safe, verify in Unity",,No GUID/text reference found by static scan,Do not delete until Unity dependency check confirms,Verify in Unity
Assets/HyTeKGames/SRPMaterialConverter/ConvertedMaterials/flower.mat,4072,4.0 KB,A: no text/GUID refs found,"Likely safe, verify in Unity",,No GUID/text reference found by static scan,Do not delete until Unity dependency check confirms,Verify in Unity
Assets/TextMesh Pro/Shaders/TMP_Bitmap-Mobile.shader,4071,4.0 KB,A: no text/GUID refs found,Unknown/runtime-loaded,,No GUID/text reference found by static scan,Do not delete until Unity dependency check confirms,High-risk deletion
Assets/HyTeKGames/SRPMaterialConverter/ConvertedMaterials/switch1.mat,4071,4.0 KB,A: no text/GUID refs found,"Likely safe, verify in Unity",,No GUID/text reference found by static scan,Do not delete until Unity dependency check confirms,Verify in Unity
Assets/HyTeKGames/SRPMaterialConverter/ConvertedMaterials/steel.mat,4071,4.0 KB,A: no text/GUID refs found,"Likely safe, verify in Unity",,No GUID/text reference found by static scan,Do not delete until Unity dependency check confirms,Verify in Unity
Assets/HyTeKGames/SRPMaterialConverter/ConvertedMaterials/bed.mat,4070,4.0 KB,A: no text/GUID refs found,"Likely safe, verify in Unity",,No GUID/text reference found by static scan,Do not delete until Unity dependency check confirms,Verify in Unity
Assets/HyTeKGames/SRPMaterialConverter/ConvertedMaterials/Bedroom_wood_table.mat,4070,4.0 KB,A: no text/GUID refs found,"Likely safe, verify in Unity",,No GUID/text reference found by static scan,Do not delete until Unity dependency check confirms,Verify in Unity
Assets/HyTeKGames/SRPMaterialConverter/ConvertedMaterials/wines.mat,4070,4.0 KB,A: no text/GUID refs found,"Likely safe, verify in Unity",,No GUID/text reference found by static scan,Do not delete until Unity dependency check confirms,Verify in Unity
Assets/HyTeKGames/SRPMaterialConverter/ConvertedMaterials/bathroom_floor3.mat,4068,4.0 KB,A: no text/GUID refs found,"Likely safe, verify in Unity",,No GUID/text reference found by static scan,Do not delete until Unity dependency check confirms,Verify in Unity
Assets/HyTeKGames/SRPMaterialConverter/ConvertedMaterials/plant_pot.mat,4062,4.0 KB,A: no text/GUID refs found,"Likely safe, verify in Unity",,No GUID/text reference found by static scan,Do not delete until Unity dependency check confirms,Verify in Unity
Assets/HyTeKGames/SRPMaterialConverter/ConvertedMaterials/bed_sider.mat,4061,4.0 KB,A: no text/GUID refs found,"Likely safe, verify in Unity",,No GUID/text reference found by static scan,Do not delete until Unity dependency check confirms,Verify in Unity
Assets/Idyllic Italian Coast Town/Materials/M_ground 1.mat,4040,3.9 KB,A: no text/GUID refs found,"Likely safe, verify in Unity",,No GUID/text reference found by static scan,Do not delete until Unity dependency check confirms,Verify in Unity
Assets/DevDen Arch Viz Scotland/Materials/Study Room/studyroom_floor3.mat,4030,3.9 KB,A: no text/GUID refs found,"Likely safe, verify in Unity",,No GUID/text reference found by static scan,Do not delete until Unity dependency check confirms,Verify in Unity
Assets/HyTeKGames/SRPMaterialConverter/ConvertedMaterials/dressing_mirror1.mat,4028,3.9 KB,A: no text/GUID refs found,"Likely safe, verify in Unity",,No GUID/text reference found by static scan,Do not delete until Unity dependency check confirms,Verify in Unity
Assets/HyTeKGames/SRPMaterialConverter/ConvertedMaterials/metaldryer.mat,4024,3.9 KB,A: no text/GUID refs found,"Likely safe, verify in Unity",,No GUID/text reference found by static scan,Do not delete until Unity dependency check confirms,Verify in Unity
Assets/HyTeKGames/SRPMaterialConverter/ConvertedMaterials/metal_1.mat,4019,3.9 KB,A: no text/GUID refs found,"Likely safe, verify in Unity",,No GUID/text reference found by static scan,Do not delete until Unity dependency check confirms,Verify in Unity
Assets/HyTeKGames/SRPMaterialConverter/ConvertedMaterials/handle_1.mat,4019,3.9 KB,A: no text/GUID refs found,"Likely safe, verify in Unity",,No GUID/text reference found by static scan,Do not delete until Unity dependency check confirms,Verify in Unity
Assets/HyTeKGames/SRPMaterialConverter/ConvertedMaterials/handle.mat,4017,3.9 KB,A: no text/GUID refs found,"Likely safe, verify in Unity",,No GUID/text reference found by static scan,Do not delete until Unity dependency check confirms,Verify in Unity
Assets/HyTeKGames/SRPMaterialConverter/ConvertedMaterials/metal.mat,4017,3.9 KB,A: no text/GUID refs found,"Likely safe, verify in Unity",,No GUID/text reference found by static scan,Do not delete until Unity dependency check confirms,Verify in Unity
Assets/HyTeKGames/SRPMaterialConverter/ConvertedMaterials/leaf.mat,4015,3.9 KB,A: no text/GUID refs found,"Likely safe, verify in Unity",,No GUID/text reference found by static scan,Do not delete until Unity dependency check confirms,Verify in Unity
Assets/HyTeKGames/SRPMaterialConverter/ConvertedMaterials/Switch.mat,4013,3.9 KB,A: no text/GUID refs found,"Likely safe, verify in Unity",,No GUID/text reference found by static scan,Do not delete until Unity dependency check confirms,Verify in Unity
Assets/HyTeKGames/SRPMaterialConverter/ConvertedMaterials/chair_2.mat,3977,3.9 KB,A: no text/GUID refs found,"Likely safe, verify in Unity",,No GUID/text reference found by static scan,Do not delete until Unity dependency check confirms,Verify in Unity
Assets/HyTeKGames/SRPMaterialConverter/ConvertedMaterials/NewCarpet.mat,3977,3.9 KB,A: no text/GUID refs found,"Likely safe, verify in Unity",,No GUID/text reference found by static scan,Do not delete until Unity dependency check confirms,Verify in Unity
Assets/HyTeKGames/SRPMaterialConverter/ConvertedMaterials/Bird and Nest.mat,3972,3.9 KB,A: no text/GUID refs found,"Likely safe, verify in Unity",,No GUID/text reference found by static scan,Do not delete until Unity dependency check confirms,Verify in Unity
Assets/HyTeKGames/SRPMaterialConverter/ConvertedMaterials/LightPlastic02.mat,3972,3.9 KB,A: no text/GUID refs found,"Likely safe, verify in Unity",,No GUID/text reference found by static scan,Do not delete until Unity dependency check confirms,Verify in Unity
Assets/HyTeKGames/SRPMaterialConverter/ConvertedMaterials/Family Love.mat,3970,3.9 KB,A: no text/GUID refs found,"Likely safe, verify in Unity",,No GUID/text reference found by static scan,Do not delete until Unity dependency check confirms,Verify in Unity
Assets/HyTeKGames/SRPMaterialConverter/ConvertedMaterials/Sofa Set.mat,3968,3.9 KB,A: no text/GUID refs found,"Likely safe, verify in Unity",,No GUID/text reference found by static scan,Do not delete until Unity dependency check confirms,Verify in Unity
Assets/HyTeKGames/SRPMaterialConverter/ConvertedMaterials/Cutlery.mat,3968,3.9 KB,A: no text/GUID refs found,"Likely safe, verify in Unity",,No GUID/text reference found by static scan,Do not delete until Unity dependency check confirms,Verify in Unity
Assets/HyTeKGames/SRPMaterialConverter/ConvertedMaterials/LightBulb02.mat,3968,3.9 KB,A: no text/GUID refs found,"Likely safe, verify in Unity",,No GUID/text reference found by static scan,Do not delete until Unity dependency check confirms,Verify in Unity
Assets/Idyllic Italian Coast Town/Materials/M_brickwall.mat,3968,3.9 KB,A: no text/GUID refs found,"Likely safe, verify in Unity",,No GUID/text reference found by static scan,Do not delete until Unity dependency check confirms,Verify in Unity
Assets/TextMesh Pro/Sprites/EmojiOne.json,3966,3.9 KB,A: no text/GUID refs found,"Likely safe, verify in Unity",,No GUID/text reference found by static scan,Do not delete until Unity dependency check confirms,Verify in Unity
Assets/HyTeKGames/SRPMaterialConverter/ConvertedMaterials/Lets Eat.mat,3966,3.9 KB,A: no text/GUID refs found,"Likely safe, verify in Unity",,No GUID/text reference found by static scan,Do not delete until Unity dependency check confirms,Verify in Unity
Assets/HyTeKGames/SRPMaterialConverter/ConvertedMaterials/Loading.mat,3965,3.9 KB,A: no text/GUID refs found,"Likely safe, verify in Unity",,No GUID/text reference found by static scan,Do not delete until Unity dependency check confirms,Verify in Unity
Assets/HyTeKGames/SRPMaterialConverter/ConvertedMaterials/Cartoon.mat,3965,3.9 KB,A: no text/GUID refs found,"Likely safe, verify in Unity",,No GUID/text reference found by static scan,Do not delete until Unity dependency check confirms,Verify in Unity
Assets/HyTeKGames/SRPMaterialConverter/ConvertedMaterials/Decor.mat,3964,3.9 KB,A: no text/GUID refs found,"Likely safe, verify in Unity",,No GUID/text reference found by static scan,Do not delete until Unity dependency check confirms,Verify in Unity
Assets/Idyllic Italian Coast Town/Materials/M_asphalt.mat,3963,3.9 KB,A: no text/GUID refs found,"Likely safe, verify in Unity",,No GUID/text reference found by static scan,Do not delete until Unity dependency check confirms,Verify in Unity
Assets/HyTeKGames/SRPMaterialConverter/ConvertedMaterials/Tree.mat,3962,3.9 KB,A: no text/GUID refs found,"Likely safe, verify in Unity",,No GUID/text reference found by static scan,Do not delete until Unity dependency check confirms,Verify in Unity
Assets/HyTeKGames/SRPMaterialConverter/ConvertedMaterials/Line.mat,3961,3.9 KB,A: no text/GUID refs found,"Likely safe, verify in Unity",,No GUID/text reference found by static scan,Do not delete until Unity dependency check confirms,Verify in Unity
Assets/Pandazole_Ultimate_Pack/Pandazole Farm Ranch Pack/Materials/PandaMat.mat,3944,3.9 KB,A: no text/GUID refs found,"Likely safe, verify in Unity",,No GUID/text reference found by static scan,Do not delete until Unity dependency check confirms,Verify in Unity
Assets/HyTeKGames/SRPMaterialConverter/ConvertedMaterials/PictureImage03.mat,3926,3.8 KB,A: no text/GUID refs found,"Likely safe, verify in Unity",,No GUID/text reference found by static scan,Do not delete until Unity dependency check confirms,Verify in Unity
Assets/HyTeKGames/SRPMaterialConverter/ConvertedMaterials/little_props.mat,3918,3.8 KB,A: no text/GUID refs found,"Likely safe, verify in Unity",,No GUID/text reference found by static scan,Do not delete until Unity dependency check confirms,Verify in Unity
Assets/HyTeKGames/SRPMaterialConverter/ConvertedMaterials/magazine1.mat,3914,3.8 KB,A: no text/GUID refs found,"Likely safe, verify in Unity",,No GUID/text reference found by static scan,Do not delete until Unity dependency check confirms,Verify in Unity
Assets/HyTeKGames/SRPMaterialConverter/ConvertedMaterials/book_10.mat,3912,3.8 KB,A: no text/GUID refs found,"Likely safe, verify in Unity",,No GUID/text reference found by static scan,Do not delete until Unity dependency check confirms,Verify in Unity
Assets/HyTeKGames/SRPMaterialConverter/ConvertedMaterials/book_7.mat,3911,3.8 KB,A: no text/GUID refs found,"Likely safe, verify in Unity",,No GUID/text reference found by static scan,Do not delete until Unity dependency check confirms,Verify in Unity
Assets/HyTeKGames/SRPMaterialConverter/ConvertedMaterials/bed_sheet.mat,3911,3.8 KB,A: no text/GUID refs found,"Likely safe, verify in Unity",,No GUID/text reference found by static scan,Do not delete until Unity dependency check confirms,Verify in Unity
Assets/HyTeKGames/SRPMaterialConverter/ConvertedMaterials/book_2.mat,3911,3.8 KB,A: no text/GUID refs found,"Likely safe, verify in Unity",,No GUID/text reference found by static scan,Do not delete until Unity dependency check confirms,Verify in Unity
Assets/HyTeKGames/SRPMaterialConverter/ConvertedMaterials/book_5.mat,3910,3.8 KB,A: no text/GUID refs found,"Likely safe, verify in Unity",,No GUID/text reference found by static scan,Do not delete until Unity dependency check confirms,Verify in Unity
Assets/HyTeKGames/SRPMaterialConverter/ConvertedMaterials/book_4.mat,3910,3.8 KB,A: no text/GUID refs found,"Likely safe, verify in Unity",,No GUID/text reference found by static scan,Do not delete until Unity dependency check confirms,Verify in Unity
Assets/HyTeKGames/SRPMaterialConverter/ConvertedMaterials/book_1.mat,3910,3.8 KB,A: no text/GUID refs found,"Likely safe, verify in Unity",,No GUID/text reference found by static scan,Do not delete until Unity dependency check confirms,Verify in Unity
Assets/HyTeKGames/SRPMaterialConverter/ConvertedMaterials/book_8.mat,3910,3.8 KB,A: no text/GUID refs found,"Likely safe, verify in Unity",,No GUID/text reference found by static scan,Do not delete until Unity dependency check confirms,Verify in Unity
Assets/HyTeKGames/SRPMaterialConverter/ConvertedMaterials/book_3.mat,3909,3.8 KB,A: no text/GUID refs found,"Likely safe, verify in Unity",,No GUID/text reference found by static scan,Do not delete until Unity dependency check confirms,Verify in Unity
Assets/My_Custom/mtrls/Grass.mat,3909,3.8 KB,A: no text/GUID refs found,"Likely safe, verify in Unity",,No GUID/text reference found by static scan,Do not delete until Unity dependency check confirms,Verify in Unity
Assets/HyTeKGames/SRPMaterialConverter/ConvertedMaterials/Plant.mat,3907,3.8 KB,A: no text/GUID refs found,"Likely safe, verify in Unity",,No GUID/text reference found by static scan,Do not delete until Unity dependency check confirms,Verify in Unity
Assets/TerrainSampleAssets/Textures/Terrain/sand.mat,3907,3.8 KB,A: no text/GUID refs found,"Likely safe, verify in Unity",,No GUID/text reference found by static scan,Do not delete until Unity dependency check confirms,Verify in Unity
Assets/DevDen Arch Viz Scotland/Models/Bed Room/Materials/CommonCeramic01.mat,3873,3.8 KB,A: no text/GUID refs found,"Likely safe, verify in Unity",,No GUID/text reference found by static scan,Do not delete until Unity dependency check confirms,Verify in Unity
Assets/DevDen Arch Viz Scotland/Models/Study Room/Materials/LightPlastic02.mat,3872,3.8 KB,A: no text/GUID refs found,"Likely safe, verify in Unity",,No GUID/text reference found by static scan,Do not delete until Unity dependency check confirms,Verify in Unity
Assets/HyTeKGames/SRPMaterialConverter/ConvertedMaterials/ceiling_light.mat,3871,3.8 KB,A: no text/GUID refs found,"Likely safe, verify in Unity",,No GUID/text reference found by static scan,Do not delete until Unity dependency check confirms,Verify in Unity
Assets/DevDen Arch Viz Scotland/Models/Study Room/Materials/LightBulb02.mat,3870,3.8 KB,A: no text/GUID refs found,"Likely safe, verify in Unity",,No GUID/text reference found by static scan,Do not delete until Unity dependency check confirms,Verify in Unity
Assets/HyTeKGames/SRPMaterialConverter/ConvertedMaterials/Cherry Highgloss.mat,3868,3.8 KB,A: no text/GUID refs found,"Likely safe, verify in Unity",,No GUID/text reference found by static scan,Do not delete until Unity dependency check confirms,Verify in Unity
Assets/HyTeKGames/SRPMaterialConverter/ConvertedMaterials/knife-block.mat,3866,3.8 KB,A: no text/GUID refs found,"Likely safe, verify in Unity",,No GUID/text reference found by static scan,Do not delete until Unity dependency check confirms,Verify in Unity
Assets/HyTeKGames/SRPMaterialConverter/ConvertedMaterials/LightPlastic01.mat,3862,3.8 KB,A: no text/GUID refs found,"Likely safe, verify in Unity",,No GUID/text reference found by static scan,Do not delete until Unity dependency check confirms,Verify in Unity
Assets/HyTeKGames/SRPMaterialConverter/ConvertedMaterials/PictureImage01.mat,3860,3.8 KB,A: no text/GUID refs found,"Likely safe, verify in Unity",,No GUID/text reference found by static scan,Do not delete until Unity dependency check confirms,Verify in Unity
Assets/HyTeKGames/SRPMaterialConverter/ConvertedMaterials/book_6.mat,3855,3.8 KB,A: no text/GUID refs found,"Likely safe, verify in Unity",,No GUID/text reference found by static scan,Do not delete until Unity dependency check confirms,Verify in Unity
Assets/HyTeKGames/SRPMaterialConverter/ConvertedMaterials/mug-tree.mat,3855,3.8 KB,A: no text/GUID refs found,"Likely safe, verify in Unity",,No GUID/text reference found by static scan,Do not delete until Unity dependency check confirms,Verify in Unity
Assets/HyTeKGames/SRPMaterialConverter/ConvertedMaterials/Door_frame_mat_1.mat,3855,3.8 KB,A: no text/GUID refs found,"Likely safe, verify in Unity",,No GUID/text reference found by static scan,Do not delete until Unity dependency check confirms,Verify in Unity
Assets/HyTeKGames/SRPMaterialConverter/ConvertedMaterials/exterior_wall.mat,3853,3.8 KB,A: no text/GUID refs found,"Likely safe, verify in Unity",,No GUID/text reference found by static scan,Do not delete until Unity dependency check confirms,Verify in Unity
Assets/HyTeKGames/SRPMaterialConverter/ConvertedMaterials/Window_1.mat,3851,3.8 KB,A: no text/GUID refs found,"Likely safe, verify in Unity",,No GUID/text reference found by static scan,Do not delete until Unity dependency check confirms,Verify in Unity
Assets/TextMesh Pro/Shaders/TMP_Bitmap.shader,3839,3.7 KB,A: no text/GUID refs found,Unknown/runtime-loaded,,No GUID/text reference found by static scan,Do not delete until Unity dependency check confirms,High-risk deletion
Assets/Idyllic Italian Coast Town/Materials/M_Metal.mat,3839,3.7 KB,A: no text/GUID refs found,"Likely safe, verify in Unity",,No GUID/text reference found by static scan,Do not delete until Unity dependency check confirms,Verify in Unity
Assets/TextMesh Pro/Shaders/TMP_Bitmap-Custom-Atlas.shader,3836,3.7 KB,A: no text/GUID refs found,Unknown/runtime-loaded,,No GUID/text reference found by static scan,Do not delete until Unity dependency check confirms,High-risk deletion
Assets/BCaT_assets/LindaLeaks/Materials/LL_RoseClay.mat,3835,3.7 KB,A: no text/GUID refs found,"Likely safe, verify in Unity",,No GUID/text reference found by static scan,Do not delete until Unity dependency check confirms,Verify in Unity
Assets/BCaT/Exhibits/BlackKitchen/Materials/BlackKitchen_PromptPanel.mat,3832,3.7 KB,A: no text/GUID refs found,"Likely safe, verify in Unity",,No GUID/text reference found by static scan,Do not delete until Unity dependency check confirms,Verify in Unity
Assets/BCaT/Exhibits/BlackKitchen/Materials/BlackKitchen_DarkWall.mat,3827,3.7 KB,A: no text/GUID refs found,"Likely safe, verify in Unity",,No GUID/text reference found by static scan,Do not delete until Unity dependency check confirms,Verify in Unity
Assets/HyTeKGames/SRPMaterialConverter/ConvertedMaterials/ceiling_light_emission.mat,3825,3.7 KB,A: no text/GUID refs found,"Likely safe, verify in Unity",,No GUID/text reference found by static scan,Do not delete until Unity dependency check confirms,Verify in Unity
Assets/HyTeKGames/SRPMaterialConverter/ConvertedMaterials/washingglass.mat,3820,3.7 KB,A: no text/GUID refs found,"Likely safe, verify in Unity",,No GUID/text reference found by static scan,Do not delete until Unity dependency check confirms,Verify in Unity
Assets/HyTeKGames/SRPMaterialConverter/ConvertedMaterials/chopping-board.mat,3819,3.7 KB,A: no text/GUID refs found,"Likely safe, verify in Unity",,No GUID/text reference found by static scan,Do not delete until Unity dependency check confirms,Verify in Unity
Assets/HyTeKGames/SRPMaterialConverter/ConvertedMaterials/LightChrome01.mat,3817,3.7 KB,A: no text/GUID refs found,"Likely safe, verify in Unity",,No GUID/text reference found by static scan,Do not delete until Unity dependency check confirms,Verify in Unity
Assets/HyTeKGames/SRPMaterialConverter/ConvertedMaterials/defaultMat.mat,3815,3.7 KB,A: no text/GUID refs found,"Likely safe, verify in Unity",,No GUID/text reference found by static scan,Do not delete until Unity dependency check confirms,Verify in Unity
Assets/HyTeKGames/SRPMaterialConverter/ConvertedMaterials/drainer.mat,3812,3.7 KB,A: no text/GUID refs found,"Likely safe, verify in Unity",,No GUID/text reference found by static scan,Do not delete until Unity dependency check confirms,Verify in Unity
Assets/Food Pack-Demo/Prefabs with colliders/Frappe B.prefab,3812,3.7 KB,A: no text/GUID refs found,"Likely safe, verify in Unity",,No GUID/text reference found by static scan,Do not delete until Unity dependency check confirms,Verify in Unity
Assets/HyTeKGames/SRPMaterialConverter/ConvertedMaterials/LightEmission01.mat,3811,3.7 KB,A: no text/GUID refs found,"Likely safe, verify in Unity",,No GUID/text reference found by static scan,Do not delete until Unity dependency check confirms,Verify in Unity
Assets/HyTeKGames/SRPMaterialConverter/ConvertedMaterials/Brass.mat,3810,3.7 KB,A: no text/GUID refs found,"Likely safe, verify in Unity",,No GUID/text reference found by static scan,Do not delete until Unity dependency check confirms,Verify in Unity
Assets/HyTeKGames/SRPMaterialConverter/ConvertedMaterials/ceramic.mat,3810,3.7 KB,A: no text/GUID refs found,"Likely safe, verify in Unity",,No GUID/text reference found by static scan,Do not delete until Unity dependency check confirms,Verify in Unity
Assets/HyTeKGames/SRPMaterialConverter/ConvertedMaterials/CommonPlastic01.mat,3810,3.7 KB,A: no text/GUID refs found,"Likely safe, verify in Unity",,No GUID/text reference found by static scan,Do not delete until Unity dependency check confirms,Verify in Unity
Assets/HyTeKGames/SRPMaterialConverter/ConvertedMaterials/PictureBorder01.mat,3809,3.7 KB,A: no text/GUID refs found,"Likely safe, verify in Unity",,No GUID/text reference found by static scan,Do not delete until Unity dependency check confirms,Verify in Unity
Assets/HyTeKGames/SRPMaterialConverter/ConvertedMaterials/Shadow Caster.mat,3807,3.7 KB,A: no text/GUID refs found,"Likely safe, verify in Unity",,No GUID/text reference found by static scan,Do not delete until Unity dependency check confirms,Verify in Unity
Assets/HyTeKGames/SRPMaterialConverter/ConvertedMaterials/Bathroom Shelf.mat,3806,3.7 KB,A: no text/GUID refs found,"Likely safe, verify in Unity",,No GUID/text reference found by static scan,Do not delete until Unity dependency check confirms,Verify in Unity
Assets/HyTeKGames/SRPMaterialConverter/ConvertedMaterials/Chrome Clean.mat,3803,3.7 KB,A: no text/GUID refs found,"Likely safe, verify in Unity",,No GUID/text reference found by static scan,Do not delete until Unity dependency check confirms,Verify in Unity
Assets/DevDen Arch Viz Scotland/Models/Kitchen Room/Materials/Knife_Holder_mat.mat,3801,3.7 KB,C: duplicate/obsolete candidate,"Likely safe, verify in Unity",,No GUID/text reference found by static scan,Do not delete until Unity dependency check confirms,Verify in Unity
Assets/HyTeKGames/SRPMaterialConverter/ConvertedMaterials/No Name.mat,3800,3.7 KB,A: no text/GUID refs found,"Likely safe, verify in Unity",,No GUID/text reference found by static scan,Do not delete until Unity dependency check confirms,Verify in Unity
Assets/DevDen Arch Viz Scotland/Models/Kitchen Room/Materials/Mug_Holder_mat.mat,3799,3.7 KB,C: duplicate/obsolete candidate,"Likely safe, verify in Unity",,No GUID/text reference found by static scan,Do not delete until Unity dependency check confirms,Verify in Unity
Assets/DevDen Arch Viz Scotland/Models/Kitchen Room/Materials/Chopboard_mat.mat,3798,3.7 KB,A: no text/GUID refs found,"Likely safe, verify in Unity",,No GUID/text reference found by static scan,Do not delete until Unity dependency check confirms,Verify in Unity
Assets/HyTeKGames/SRPMaterialConverter/ConvertedMaterials/dressing_mirror_glass.mat,3797,3.7 KB,A: no text/GUID refs found,"Likely safe, verify in Unity",,No GUID/text reference found by static scan,Do not delete until Unity dependency check confirms,Verify in Unity
Assets/DevDen Arch Viz Scotland/Models/Kitchen Room/Materials/drainer.mat,3793,3.7 KB,A: no text/GUID refs found,"Likely safe, verify in Unity",,No GUID/text reference found by static scan,Do not delete until Unity dependency check confirms,Verify in Unity
Assets/DevDen Arch Viz Scotland/Models/Kitchen Room/Materials/knives.mat,3792,3.7 KB,A: no text/GUID refs found,"Likely safe, verify in Unity",,No GUID/text reference found by static scan,Do not delete until Unity dependency check confirms,Verify in Unity
Assets/DevDen Arch Viz Scotland/Models/Kitchen Room/Materials/No Name.mat,3780,3.7 KB,A: no text/GUID refs found,"Likely safe, verify in Unity",,No GUID/text reference found by static scan,Do not delete until Unity dependency check confirms,Verify in Unity
Assets/Samples/XR Interaction Toolkit/3.3.1/Starter Assets/Scripts/PlatformUnderstanding.cs,3776,3.7 KB,A: no text/GUID refs found,Unknown/runtime-loaded,,No GUID/text reference found by static scan,Do not delete until Unity dependency check confirms,High-risk deletion
Assets/HyTeKGames/SRPMaterialConverter/ConvertedMaterials/Mirror01.mat,3773,3.7 KB,A: no text/GUID refs found,"Likely safe, verify in Unity",,No GUID/text reference found by static scan,Do not delete until Unity dependency check confirms,Verify in Unity
Assets/DevDen Arch Viz Scotland/Models/Living Room/Materials/Remote.mat,3769,3.7 KB,A: no text/GUID refs found,"Likely safe, verify in Unity",,No GUID/text reference found by static scan,Do not delete until Unity dependency check confirms,Verify in Unity
Assets/DevDen Arch Viz Scotland/Models/Bathroom/Materials/CommonPlastic01.mat,3764,3.7 KB,A: no text/GUID refs found,"Likely safe, verify in Unity",,No GUID/text reference found by static scan,Do not delete until Unity dependency check confirms,Verify in Unity
Assets/UnityTechnologies/Basic Asset Pack Interior/Materials/Grey.mat,3764,3.7 KB,A: no text/GUID refs found,"Likely safe, verify in Unity",,No GUID/text reference found by static scan,Do not delete until Unity dependency check confirms,Verify in Unity
Assets/DevDen Arch Viz Scotland/Models/Bathroom/Materials/LightPlastic01.mat,3763,3.7 KB,A: no text/GUID refs found,"Likely safe, verify in Unity",,No GUID/text reference found by static scan,Do not delete until Unity dependency check confirms,Verify in Unity
Assets/DevDen Arch Viz Scotland/Models/Study Room/Materials/PictureBorder01.mat,3763,3.7 KB,A: no text/GUID refs found,"Likely safe, verify in Unity",,No GUID/text reference found by static scan,Do not delete until Unity dependency check confirms,Verify in Unity
Assets/DevDen Arch Viz Scotland/Models/Study Room/Materials/PictureImage01.mat,3763,3.7 KB,A: no text/GUID refs found,"Likely safe, verify in Unity",,No GUID/text reference found by static scan,Do not delete until Unity dependency check confirms,Verify in Unity
Assets/DevDen Arch Viz Scotland/Models/Study Room/Materials/LightChrome01.mat,3761,3.7 KB,A: no text/GUID refs found,"Likely safe, verify in Unity",,No GUID/text reference found by static scan,Do not delete until Unity dependency check confirms,Verify in Unity
Assets/DevDen Arch Viz Scotland/Models/Common/Materials/magazine1.mat,3758,3.7 KB,A: no text/GUID refs found,"Likely safe, verify in Unity",,No GUID/text reference found by static scan,Do not delete until Unity dependency check confirms,Verify in Unity
Assets/DevDen Arch Viz Scotland/Models/Bathroom/Materials/Mirror01.mat,3757,3.7 KB,A: no text/GUID refs found,"Likely safe, verify in Unity",,No GUID/text reference found by static scan,Do not delete until Unity dependency check confirms,Verify in Unity
Assets/DevDen Arch Viz Scotland/Materials/Common/Shadow Caster.mat,3755,3.7 KB,A: no text/GUID refs found,"Likely safe, verify in Unity",,No GUID/text reference found by static scan,Do not delete until Unity dependency check confirms,Verify in Unity
Assets/Food Pack-Demo/Prefabs with colliders/Candy Cane B.prefab,3747,3.7 KB,A: no text/GUID refs found,"Likely safe, verify in Unity",,No GUID/text reference found by static scan,Do not delete until Unity dependency check confirms,Verify in Unity
Assets/Food Pack-Demo/Prefabs with colliders/Bundt Cake cut.prefab,3747,3.7 KB,A: no text/GUID refs found,"Likely safe, verify in Unity",,No GUID/text reference found by static scan,Do not delete until Unity dependency check confirms,Verify in Unity
Assets/DevDen Arch Viz Scotland/Models/Balcony/Materials/balcony_chair1.mat,3736,3.6 KB,A: no text/GUID refs found,"Likely safe, verify in Unity",,No GUID/text reference found by static scan,Do not delete until Unity dependency check confirms,Verify in Unity
Assets/DevDen Arch Viz Scotland/Models/Study Room/Materials/defaultMat.mat,3732,3.6 KB,A: no text/GUID refs found,"Likely safe, verify in Unity",,No GUID/text reference found by static scan,Do not delete until Unity dependency check confirms,Verify in Unity
Assets/Idyllic Italian Coast Town/Prefabs/Props/SM_airconditioner.prefab,3721,3.6 KB,A: no text/GUID refs found,"Likely safe, verify in Unity",,No GUID/text reference found by static scan,Do not delete until Unity dependency check confirms,Verify in Unity
Assets/DevDen Arch Viz Scotland/Models/Common/Materials/No Name.mat,3716,3.6 KB,A: no text/GUID refs found,"Likely safe, verify in Unity",,No GUID/text reference found by static scan,Do not delete until Unity dependency check confirms,Verify in Unity
Assets/DevDen Arch Viz Scotland/Prefabs/Bathroom/Washingmachine-2.prefab,3546,3.5 KB,A: no text/GUID refs found,"Likely safe, verify in Unity",,No GUID/text reference found by static scan,Do not delete until Unity dependency check confirms,Verify in Unity
Assets/DevDen Arch Viz Scotland/Prefabs/Bed Room/BedRoom carpet.prefab,3544,3.5 KB,A: no text/GUID refs found,"Likely safe, verify in Unity",,No GUID/text reference found by static scan,Do not delete until Unity dependency check confirms,Verify in Unity
Assets/_Recovery/0 (20).unity,3539,3.5 KB,C: duplicate/obsolete candidate,"Likely safe, verify in Unity",,No GUID/text reference found by static scan,Do not delete until Unity dependency check confirms,Verify in Unity
Assets/_Recovery/0 (19).unity,3539,3.5 KB,C: duplicate/obsolete candidate,"Likely safe, verify in Unity",,No GUID/text reference found by static scan,Do not delete until Unity dependency check confirms,Verify in Unity
Assets/_Recovery/0 (4).unity,3539,3.5 KB,C: duplicate/obsolete candidate,"Likely safe, verify in Unity",,No GUID/text reference found by static scan,Do not delete until Unity dependency check confirms,Verify in Unity
Assets/DevDen Arch Viz Scotland/Prefabs/Bed Room/bedsider.prefab,3538,3.5 KB,A: no text/GUID refs found,"Likely safe, verify in Unity",,No GUID/text reference found by static scan,Do not delete until Unity dependency check confirms,Verify in Unity
Assets/TextMesh Pro/Shaders/TMP_SDF-Surface-Mobile.shader,3523,3.4 KB,A: no text/GUID refs found,Unknown/runtime-loaded,,No GUID/text reference found by static scan,Do not delete until Unity dependency check confirms,High-risk deletion
Assets/TextMesh Pro/Shaders/TMPro_Surface.cginc,3515,3.4 KB,A: no text/GUID refs found,"Likely safe, verify in Unity",,No GUID/text reference found by static scan,Do not delete until Unity dependency check confirms,Verify in Unity
Assets/Food Pack-Demo/Prefabs with colliders/Salmon plastic tray.prefab,3355,3.3 KB,A: no text/GUID refs found,"Likely safe, verify in Unity",,No GUID/text reference found by static scan,Do not delete until Unity dependency check confirms,Verify in Unity
Assets/Food Pack-Demo/Prefabs with colliders/Soda bottle Glass A.prefab,3346,3.3 KB,A: no text/GUID refs found,"Likely safe, verify in Unity",,No GUID/text reference found by static scan,Do not delete until Unity dependency check confirms,Verify in Unity
Assets/Food Pack-Demo/Prefabs with colliders/Bell pepper green slice.prefab,3287,3.2 KB,A: no text/GUID refs found,"Likely safe, verify in Unity",,No GUID/text reference found by static scan,Do not delete until Unity dependency check confirms,Verify in Unity
Assets/Food Pack-Demo/Prefabs with colliders/Ketchup Plastic Bottle.prefab,3285,3.2 KB,A: no text/GUID refs found,"Likely safe, verify in Unity",,No GUID/text reference found by static scan,Do not delete until Unity dependency check confirms,Verify in Unity
Assets/Food Pack-Demo/Prefabs with colliders/Pizza Margarita Slice.prefab,3282,3.2 KB,A: no text/GUID refs found,"Likely safe, verify in Unity",,No GUID/text reference found by static scan,Do not delete until Unity dependency check confirms,Verify in Unity
Assets/Food Pack-Demo/Prefabs with colliders/Ice cream stick C.prefab,3282,3.2 KB,A: no text/GUID refs found,"Likely safe, verify in Unity",,No GUID/text reference found by static scan,Do not delete until Unity dependency check confirms,Verify in Unity
Assets/Food Pack-Demo/Prefabs with colliders/Pizza Margarita cut.prefab,3282,3.2 KB,A: no text/GUID refs found,"Likely safe, verify in Unity",,No GUID/text reference found by static scan,Do not delete until Unity dependency check confirms,Verify in Unity
Assets/DevDen Arch Viz Scotland/Prefabs/Bathroom/BathroomShelf.prefab,3281,3.2 KB,A: no text/GUID refs found,"Likely safe, verify in Unity",,No GUID/text reference found by static scan,Do not delete until Unity dependency check confirms,Verify in Unity
Assets/Food Pack-Demo/Prefabs with colliders/Lamb Chop Cooked.prefab,3281,3.2 KB,A: no text/GUID refs found,"Likely safe, verify in Unity",,No GUID/text reference found by static scan,Do not delete until Unity dependency check confirms,Verify in Unity
Assets/Food Pack-Demo/Prefabs with colliders/Bell pepper green.prefab,3281,3.2 KB,A: no text/GUID refs found,"Likely safe, verify in Unity",,No GUID/text reference found by static scan,Do not delete until Unity dependency check confirms,Verify in Unity
Assets/Food Pack-Demo/Prefabs with colliders/Peach half with seed.prefab,3280,3.2 KB,A: no text/GUID refs found,"Likely safe, verify in Unity",,No GUID/text reference found by static scan,Do not delete until Unity dependency check confirms,Verify in Unity
Assets/Food Pack-Demo/Prefabs with colliders/Swirl lollipop C.prefab,3279,3.2 KB,A: no text/GUID refs found,"Likely safe, verify in Unity",,No GUID/text reference found by static scan,Do not delete until Unity dependency check confirms,Verify in Unity
Assets/Food Pack-Demo/Prefabs with colliders/Sushi Wood Table.prefab,3279,3.2 KB,A: no text/GUID refs found,"Likely safe, verify in Unity",,No GUID/text reference found by static scan,Do not delete until Unity dependency check confirms,Verify in Unity
Assets/Food Pack-Demo/Prefabs with colliders/Pizza Margarita.prefab,3279,3.2 KB,A: no text/GUID refs found,"Likely safe, verify in Unity",,No GUID/text reference found by static scan,Do not delete until Unity dependency check confirms,Verify in Unity
Assets/Food Pack-Demo/Prefabs with colliders/Bundt Cake Piece.prefab,3278,3.2 KB,A: no text/GUID refs found,"Likely safe, verify in Unity",,No GUID/text reference found by static scan,Do not delete until Unity dependency check confirms,Verify in Unity
Assets/Food Pack-Demo/Prefabs with colliders/Tomato Quarter.prefab,3278,3.2 KB,A: no text/GUID refs found,"Likely safe, verify in Unity",,No GUID/text reference found by static scan,Do not delete until Unity dependency check confirms,Verify in Unity
Assets/Food Pack-Demo/Prefabs with colliders/Chopsticks holder.prefab,3277,3.2 KB,C: duplicate/obsolete candidate,"Likely safe, verify in Unity",,No GUID/text reference found by static scan,Do not delete until Unity dependency check confirms,Verify in Unity
Assets/Food Pack-Demo/Prefabs with colliders/Salmon skeleton.prefab,3277,3.2 KB,A: no text/GUID refs found,"Likely safe, verify in Unity",,No GUID/text reference found by static scan,Do not delete until Unity dependency check confirms,Verify in Unity
Assets/Food Pack-Demo/Prefabs with colliders/Melon Piece.prefab,3276,3.2 KB,A: no text/GUID refs found,"Likely safe, verify in Unity",,No GUID/text reference found by static scan,Do not delete until Unity dependency check confirms,Verify in Unity
Assets/Food Pack-Demo/Prefabs with colliders/Chopsticks B.prefab,3276,3.2 KB,A: no text/GUID refs found,"Likely safe, verify in Unity",,No GUID/text reference found by static scan,Do not delete until Unity dependency check confirms,Verify in Unity
Assets/Food Pack-Demo/Prefabs with colliders/Salami cut A.prefab,3276,3.2 KB,A: no text/GUID refs found,"Likely safe, verify in Unity",,No GUID/text reference found by static scan,Do not delete until Unity dependency check confirms,Verify in Unity
Assets/Food Pack-Demo/Prefabs with colliders/Tomato Half.prefab,3275,3.2 KB,A: no text/GUID refs found,"Likely safe, verify in Unity",,No GUID/text reference found by static scan,Do not delete until Unity dependency check confirms,Verify in Unity
Assets/Food Pack-Demo/Prefabs with colliders/Cheesecake B.prefab,3275,3.2 KB,A: no text/GUID refs found,"Likely safe, verify in Unity",,No GUID/text reference found by static scan,Do not delete until Unity dependency check confirms,Verify in Unity
Assets/Food Pack-Demo/Prefabs with colliders/Coffee Cup C.prefab,3275,3.2 KB,A: no text/GUID refs found,"Likely safe, verify in Unity",,No GUID/text reference found by static scan,Do not delete until Unity dependency check confirms,Verify in Unity
Assets/Food Pack-Demo/Prefabs with colliders/Soda can C.prefab,3275,3.2 KB,A: no text/GUID refs found,"Likely safe, verify in Unity",,No GUID/text reference found by static scan,Do not delete until Unity dependency check confirms,Verify in Unity
Assets/Food Pack-Demo/Prefabs with colliders/Peach half no seed.prefab,3274,3.2 KB,A: no text/GUID refs found,"Likely safe, verify in Unity",,No GUID/text reference found by static scan,Do not delete until Unity dependency check confirms,Verify in Unity
Assets/Food Pack-Demo/Prefabs with colliders/Bundt Cake.prefab,3274,3.2 KB,A: no text/GUID refs found,"Likely safe, verify in Unity",,No GUID/text reference found by static scan,Do not delete until Unity dependency check confirms,Verify in Unity
Assets/Food Pack-Demo/Prefabs with colliders/Salami slice A.prefab,3274,3.2 KB,A: no text/GUID refs found,"Likely safe, verify in Unity",,No GUID/text reference found by static scan,Do not delete until Unity dependency check confirms,Verify in Unity
Assets/Food Pack-Demo/Prefabs with colliders/Sake Pot C.prefab,3274,3.2 KB,A: no text/GUID refs found,"Likely safe, verify in Unity",,No GUID/text reference found by static scan,Do not delete until Unity dependency check confirms,Verify in Unity
Assets/Food Pack-Demo/Prefabs with colliders/Doughnut D.prefab,3273,3.2 KB,A: no text/GUID refs found,"Likely safe, verify in Unity",,No GUID/text reference found by static scan,Do not delete until Unity dependency check confirms,Verify in Unity
Assets/Food Pack-Demo/Prefabs with colliders/Peach slice.prefab,3273,3.2 KB,A: no text/GUID refs found,"Likely safe, verify in Unity",,No GUID/text reference found by static scan,Do not delete until Unity dependency check confirms,Verify in Unity
Assets/Food Pack-Demo/Prefabs with colliders/Sake cup C.prefab,3273,3.2 KB,A: no text/GUID refs found,"Likely safe, verify in Unity",,No GUID/text reference found by static scan,Do not delete until Unity dependency check confirms,Verify in Unity
Assets/Food Pack-Demo/Prefabs with colliders/Doughnut H.prefab,3272,3.2 KB,A: no text/GUID refs found,"Likely safe, verify in Unity",,No GUID/text reference found by static scan,Do not delete until Unity dependency check confirms,Verify in Unity
Assets/Food Pack-Demo/Prefabs with colliders/Salmon Cut.prefab,3272,3.2 KB,A: no text/GUID refs found,"Likely safe, verify in Unity",,No GUID/text reference found by static scan,Do not delete until Unity dependency check confirms,Verify in Unity
Assets/Food Pack-Demo/Prefabs with colliders/Hotdog A.prefab,3272,3.2 KB,A: no text/GUID refs found,"Likely safe, verify in Unity",,No GUID/text reference found by static scan,Do not delete until Unity dependency check confirms,Verify in Unity
Assets/Food Pack-Demo/Prefabs with colliders/Melon half.prefab,3271,3.2 KB,A: no text/GUID refs found,"Likely safe, verify in Unity",,No GUID/text reference found by static scan,Do not delete until Unity dependency check confirms,Verify in Unity
Assets/Food Pack-Demo/Prefabs with colliders/Salmon.prefab,3270,3.2 KB,A: no text/GUID refs found,"Likely safe, verify in Unity",,No GUID/text reference found by static scan,Do not delete until Unity dependency check confirms,Verify in Unity
Assets/Food Pack-Demo/Prefabs with colliders/Skewer C.prefab,3270,3.2 KB,A: no text/GUID refs found,"Likely safe, verify in Unity",,No GUID/text reference found by static scan,Do not delete until Unity dependency check confirms,Verify in Unity
Assets/Food Pack-Demo/Prefabs with colliders/Cookies.prefab,3270,3.2 KB,A: no text/GUID refs found,"Likely safe, verify in Unity",,No GUID/text reference found by static scan,Do not delete until Unity dependency check confirms,Verify in Unity
Assets/Food Pack-Demo/Prefabs with colliders/Lamb Chop.prefab,3270,3.2 KB,A: no text/GUID refs found,"Likely safe, verify in Unity",,No GUID/text reference found by static scan,Do not delete until Unity dependency check confirms,Verify in Unity
Assets/Food Pack-Demo/Prefabs with colliders/Salmon fillet.prefab,3270,3.2 KB,A: no text/GUID refs found,"Likely safe, verify in Unity",,No GUID/text reference found by static scan,Do not delete until Unity dependency check confirms,Verify in Unity
Assets/Food Pack-Demo/Prefabs with colliders/Lamb leg.prefab,3270,3.2 KB,A: no text/GUID refs found,"Likely safe, verify in Unity",,No GUID/text reference found by static scan,Do not delete until Unity dependency check confirms,Verify in Unity
Assets/Food Pack-Demo/Prefabs with colliders/Tomato.prefab,3269,3.2 KB,A: no text/GUID refs found,"Likely safe, verify in Unity",,No GUID/text reference found by static scan,Do not delete until Unity dependency check confirms,Verify in Unity
Assets/Food Pack-Demo/Prefabs with colliders/Udon.prefab,3269,3.2 KB,A: no text/GUID refs found,"Likely safe, verify in Unity",,No GUID/text reference found by static scan,Do not delete until Unity dependency check confirms,Verify in Unity
Assets/Food Pack-Demo/Prefabs with colliders/Peach.prefab,3269,3.2 KB,A: no text/GUID refs found,"Likely safe, verify in Unity",,No GUID/text reference found by static scan,Do not delete until Unity dependency check confirms,Verify in Unity
Assets/Food Pack-Demo/Prefabs with colliders/Unagi.prefab,3268,3.2 KB,A: no text/GUID refs found,"Likely safe, verify in Unity",,No GUID/text reference found by static scan,Do not delete until Unity dependency check confirms,Verify in Unity
Assets/Food Pack-Demo/Prefabs with colliders/Pretzel.prefab,3268,3.2 KB,A: no text/GUID refs found,"Likely safe, verify in Unity",,No GUID/text reference found by static scan,Do not delete until Unity dependency check confirms,Verify in Unity
Assets/Food Pack-Demo/Prefabs with colliders/Wasabi.prefab,3268,3.2 KB,A: no text/GUID refs found,"Likely safe, verify in Unity",,No GUID/text reference found by static scan,Do not delete until Unity dependency check confirms,Verify in Unity
Assets/Food Pack-Demo/Prefabs with colliders/Melon.prefab,3268,3.2 KB,A: no text/GUID refs found,"Likely safe, verify in Unity",,No GUID/text reference found by static scan,Do not delete until Unity dependency check confirms,Verify in Unity
Assets/Food Pack-Demo/Prefabs with colliders/Curry plate.prefab,3265,3.2 KB,A: no text/GUID refs found,"Likely safe, verify in Unity",,No GUID/text reference found by static scan,Do not delete until Unity dependency check confirms,Verify in Unity
Assets/Food Pack-Demo/Prefabs with colliders/Maki C1.prefab,3265,3.2 KB,A: no text/GUID refs found,"Likely safe, verify in Unity",,No GUID/text reference found by static scan,Do not delete until Unity dependency check confirms,Verify in Unity
Assets/Food Pack-Demo/Prefabs with colliders/Tamago.prefab,3263,3.2 KB,A: no text/GUID refs found,"Likely safe, verify in Unity",,No GUID/text reference found by static scan,Do not delete until Unity dependency check confirms,Verify in Unity
Assets/Food Pack-Demo/Prefabs with colliders/Salami A.prefab,3262,3.2 KB,A: no text/GUID refs found,"Likely safe, verify in Unity",,No GUID/text reference found by static scan,Do not delete until Unity dependency check confirms,Verify in Unity
Assets/UnityTechnologies/Settings/SampleSceneProfile.asset,3236,3.2 KB,A: no text/GUID refs found,"Likely safe, verify in Unity",,No GUID/text reference found by static scan,Do not delete until Unity dependency check confirms,High-risk deletion
Assets/Pandazole_Ultimate_Pack/Pandazole Farm Ranch Pack/Prefabs/Prop_SmallFarmingTool_05.prefab,3202,3.1 KB,A: no text/GUID refs found,"Likely safe, verify in Unity",,No GUID/text reference found by static scan,Do not delete until Unity dependency check confirms,Verify in Unity
Assets/Pandazole_Ultimate_Pack/Pandazole Farm Ranch Pack/Prefabs/Prop_SmallFarmingTool_02.prefab,3202,3.1 KB,A: no text/GUID refs found,"Likely safe, verify in Unity",,No GUID/text reference found by static scan,Do not delete until Unity dependency check confirms,Verify in Unity
Assets/Pandazole_Ultimate_Pack/Pandazole Farm Ranch Pack/Prefabs/Env_FarmLand_07_Watered.prefab,3201,3.1 KB,A: no text/GUID refs found,"Likely safe, verify in Unity",,No GUID/text reference found by static scan,Do not delete until Unity dependency check confirms,Verify in Unity
Assets/Pandazole_Ultimate_Pack/Pandazole Farm Ranch Pack/Prefabs/Env_FarmLand_02_Watered.prefab,3201,3.1 KB,A: no text/GUID refs found,"Likely safe, verify in Unity",,No GUID/text reference found by static scan,Do not delete until Unity dependency check confirms,Verify in Unity
Assets/Pandazole_Ultimate_Pack/Pandazole Farm Ranch Pack/Prefabs/Env_FarmLand_10_Watered.prefab,3201,3.1 KB,A: no text/GUID refs found,"Likely safe, verify in Unity",,No GUID/text reference found by static scan,Do not delete until Unity dependency check confirms,Verify in Unity
Assets/Pandazole_Ultimate_Pack/Pandazole Farm Ranch Pack/Prefabs/Env_FarmLand_04_Watered.prefab,3201,3.1 KB,A: no text/GUID refs found,"Likely safe, verify in Unity",,No GUID/text reference found by static scan,Do not delete until Unity dependency check confirms,Verify in Unity
Assets/Pandazole_Ultimate_Pack/Pandazole Farm Ranch Pack/Prefabs/Env_FarmLand_03_Watered.prefab,3201,3.1 KB,A: no text/GUID refs found,"Likely safe, verify in Unity",,No GUID/text reference found by static scan,Do not delete until Unity dependency check confirms,Verify in Unity
Assets/Pandazole_Ultimate_Pack/Pandazole Farm Ranch Pack/Prefabs/Prop_SmallFarmingTool_01.prefab,3200,3.1 KB,A: no text/GUID refs found,"Likely safe, verify in Unity",,No GUID/text reference found by static scan,Do not delete until Unity dependency check confirms,Verify in Unity
Assets/Pandazole_Ultimate_Pack/Pandazole Farm Ranch Pack/Prefabs/Prop_BigFarmingTool_05.prefab,3200,3.1 KB,A: no text/GUID refs found,"Likely safe, verify in Unity",,No GUID/text reference found by static scan,Do not delete until Unity dependency check confirms,Verify in Unity
Assets/Pandazole_Ultimate_Pack/Pandazole Farm Ranch Pack/Prefabs/Env_FarmLand_09_Watered.prefab,3200,3.1 KB,A: no text/GUID refs found,"Likely safe, verify in Unity",,No GUID/text reference found by static scan,Do not delete until Unity dependency check confirms,Verify in Unity
Assets/Pandazole_Ultimate_Pack/Pandazole Farm Ranch Pack/Prefabs/Env_FarmLand_08_Watered.prefab,3200,3.1 KB,A: no text/GUID refs found,"Likely safe, verify in Unity",,No GUID/text reference found by static scan,Do not delete until Unity dependency check confirms,Verify in Unity
Assets/Pandazole_Ultimate_Pack/Pandazole Farm Ranch Pack/Prefabs/Env_FarmLand_05_Watered.prefab,3200,3.1 KB,A: no text/GUID refs found,"Likely safe, verify in Unity",,No GUID/text reference found by static scan,Do not delete until Unity dependency check confirms,Verify in Unity
Assets/Pandazole_Ultimate_Pack/Pandazole Farm Ranch Pack/Prefabs/Prop_SmallFarmingTool_06.prefab,3200,3.1 KB,A: no text/GUID refs found,"Likely safe, verify in Unity",,No GUID/text reference found by static scan,Do not delete until Unity dependency check confirms,Verify in Unity
Assets/Pandazole_Ultimate_Pack/Pandazole Farm Ranch Pack/Prefabs/Prop_BigFarmingTool_02.prefab,3200,3.1 KB,A: no text/GUID refs found,"Likely safe, verify in Unity",,No GUID/text reference found by static scan,Do not delete until Unity dependency check confirms,Verify in Unity
Assets/Pandazole_Ultimate_Pack/Pandazole Farm Ranch Pack/Prefabs/Prop_BigFarmingTool_03.prefab,3199,3.1 KB,A: no text/GUID refs found,"Likely safe, verify in Unity",,No GUID/text reference found by static scan,Do not delete until Unity dependency check confirms,Verify in Unity
Assets/Pandazole_Ultimate_Pack/Pandazole Farm Ranch Pack/Prefabs/Env_FarmLand_06_Watered.prefab,3199,3.1 KB,A: no text/GUID refs found,"Likely safe, verify in Unity",,No GUID/text reference found by static scan,Do not delete until Unity dependency check confirms,Verify in Unity
Assets/Pandazole_Ultimate_Pack/Pandazole Farm Ranch Pack/Prefabs/Prop_BigFarmingTool_06.prefab,3199,3.1 KB,A: no text/GUID refs found,"Likely safe, verify in Unity",,No GUID/text reference found by static scan,Do not delete until Unity dependency check confirms,Verify in Unity
Assets/Pandazole_Ultimate_Pack/Pandazole Farm Ranch Pack/Prefabs/Prop_BigFarmingTool_04.prefab,3199,3.1 KB,A: no text/GUID refs found,"Likely safe, verify in Unity",,No GUID/text reference found by static scan,Do not delete until Unity dependency check confirms,Verify in Unity
Assets/Pandazole_Ultimate_Pack/Pandazole Farm Ranch Pack/Prefabs/Prop_SmallFarmingTool_04.prefab,3199,3.1 KB,A: no text/GUID refs found,"Likely safe, verify in Unity",,No GUID/text reference found by static scan,Do not delete until Unity dependency check confirms,Verify in Unity
Assets/Pandazole_Ultimate_Pack/Pandazole Farm Ranch Pack/Prefabs/Prop_AnimalFeeder_03.prefab,3198,3.1 KB,A: no text/GUID refs found,"Likely safe, verify in Unity",,No GUID/text reference found by static scan,Do not delete until Unity dependency check confirms,Verify in Unity
Assets/Pandazole_Ultimate_Pack/Pandazole Farm Ranch Pack/Prefabs/Bld_StoreBuilding_01.prefab,3198,3.1 KB,A: no text/GUID refs found,"Likely safe, verify in Unity",,No GUID/text reference found by static scan,Do not delete until Unity dependency check confirms,Verify in Unity
Assets/Pandazole_Ultimate_Pack/Pandazole Farm Ranch Pack/Prefabs/Prop_AnimalFeeder_01.prefab,3198,3.1 KB,A: no text/GUID refs found,"Likely safe, verify in Unity",,No GUID/text reference found by static scan,Do not delete until Unity dependency check confirms,Verify in Unity
Assets/Pandazole_Ultimate_Pack/Pandazole Farm Ranch Pack/Prefabs/Env_GrassLand_Stright.prefab,3198,3.1 KB,A: no text/GUID refs found,"Likely safe, verify in Unity",,No GUID/text reference found by static scan,Do not delete until Unity dependency check confirms,Verify in Unity
Assets/Pandazole_Ultimate_Pack/Pandazole Farm Ranch Pack/Prefabs/Prop_WateringCan_03.prefab,3197,3.1 KB,A: no text/GUID refs found,"Likely safe, verify in Unity",,No GUID/text reference found by static scan,Do not delete until Unity dependency check confirms,Verify in Unity
Assets/Pandazole_Ultimate_Pack/Pandazole Farm Ranch Pack/Prefabs/Env_GrassLand_Cross.prefab,3197,3.1 KB,A: no text/GUID refs found,"Likely safe, verify in Unity",,No GUID/text reference found by static scan,Do not delete until Unity dependency check confirms,Verify in Unity
Assets/Pandazole_Ultimate_Pack/Pandazole Farm Ranch Pack/Prefabs/Prop_SmallFarmingTool_03.prefab,3197,3.1 KB,A: no text/GUID refs found,"Likely safe, verify in Unity",,No GUID/text reference found by static scan,Do not delete until Unity dependency check confirms,Verify in Unity
Assets/Pandazole_Ultimate_Pack/Pandazole Farm Ranch Pack/Prefabs/Prop_WoodenCrates_02.prefab,3197,3.1 KB,A: no text/GUID refs found,"Likely safe, verify in Unity",,No GUID/text reference found by static scan,Do not delete until Unity dependency check confirms,Verify in Unity
Assets/Pandazole_Ultimate_Pack/Pandazole Farm Ranch Pack/Prefabs/Prop_BigFarmingTool_01.prefab,3197,3.1 KB,A: no text/GUID refs found,"Likely safe, verify in Unity",,No GUID/text reference found by static scan,Do not delete until Unity dependency check confirms,Verify in Unity
Assets/Pandazole_Ultimate_Pack/Pandazole Farm Ranch Pack/Prefabs/Env_GrassLand_Plain.prefab,3197,3.1 KB,A: no text/GUID refs found,"Likely safe, verify in Unity",,No GUID/text reference found by static scan,Do not delete until Unity dependency check confirms,Verify in Unity
Assets/Pandazole_Ultimate_Pack/Pandazole Farm Ranch Pack/Prefabs/Prop_WoodenCrates_01.prefab,3197,3.1 KB,A: no text/GUID refs found,"Likely safe, verify in Unity",,No GUID/text reference found by static scan,Do not delete until Unity dependency check confirms,Verify in Unity
Assets/Pandazole_Ultimate_Pack/Pandazole Farm Ranch Pack/Prefabs/Prop_MetalBerrel_01.prefab,3196,3.1 KB,A: no text/GUID refs found,"Likely safe, verify in Unity",,No GUID/text reference found by static scan,Do not delete until Unity dependency check confirms,Verify in Unity
Assets/Pandazole_Ultimate_Pack/Pandazole Farm Ranch Pack/Prefabs/Prop_WoodenChest_01.prefab,3196,3.1 KB,A: no text/GUID refs found,"Likely safe, verify in Unity",,No GUID/text reference found by static scan,Do not delete until Unity dependency check confirms,Verify in Unity
Assets/Pandazole_Ultimate_Pack/Pandazole Farm Ranch Pack/Prefabs/Env_GrassLand_Cornor.prefab,3196,3.1 KB,A: no text/GUID refs found,"Likely safe, verify in Unity",,No GUID/text reference found by static scan,Do not delete until Unity dependency check confirms,Verify in Unity
Assets/Pandazole_Ultimate_Pack/Pandazole Farm Ranch Pack/Prefabs/Prop_WoodenChest_02.prefab,3196,3.1 KB,A: no text/GUID refs found,"Likely safe, verify in Unity",,No GUID/text reference found by static scan,Do not delete until Unity dependency check confirms,Verify in Unity
Assets/Pandazole_Ultimate_Pack/Pandazole Farm Ranch Pack/Prefabs/Prop_AnimalFeeder_02.prefab,3196,3.1 KB,A: no text/GUID refs found,"Likely safe, verify in Unity",,No GUID/text reference found by static scan,Do not delete until Unity dependency check confirms,Verify in Unity
Assets/Pandazole_Ultimate_Pack/Pandazole Farm Ranch Pack/Prefabs/Env_GrassPlant_03.prefab,3195,3.1 KB,A: no text/GUID refs found,"Likely safe, verify in Unity",,No GUID/text reference found by static scan,Do not delete until Unity dependency check confirms,Verify in Unity
Assets/Pandazole_Ultimate_Pack/Pandazole Farm Ranch Pack/Prefabs/Prop_WateringCan_01.prefab,3195,3.1 KB,A: no text/GUID refs found,"Likely safe, verify in Unity",,No GUID/text reference found by static scan,Do not delete until Unity dependency check confirms,Verify in Unity
Assets/Pandazole_Ultimate_Pack/Pandazole Farm Ranch Pack/Prefabs/Prop_Berrel_01.001.prefab,3195,3.1 KB,A: no text/GUID refs found,"Likely safe, verify in Unity",,No GUID/text reference found by static scan,Do not delete until Unity dependency check confirms,Verify in Unity
Assets/Pandazole_Ultimate_Pack/Pandazole Farm Ranch Pack/Prefabs/Prop_WoodenBox_01.prefab,3195,3.1 KB,A: no text/GUID refs found,"Likely safe, verify in Unity",,No GUID/text reference found by static scan,Do not delete until Unity dependency check confirms,Verify in Unity
Assets/Pandazole_Ultimate_Pack/Pandazole Farm Ranch Pack/Prefabs/Prop_Haystack_05.prefab,3194,3.1 KB,A: no text/GUID refs found,"Likely safe, verify in Unity",,No GUID/text reference found by static scan,Do not delete until Unity dependency check confirms,Verify in Unity
Assets/Pandazole_Ultimate_Pack/Pandazole Farm Ranch Pack/Prefabs/Prop_BigFarmingTool_07.prefab,3194,3.1 KB,A: no text/GUID refs found,"Likely safe, verify in Unity",,No GUID/text reference found by static scan,Do not delete until Unity dependency check confirms,Verify in Unity
Assets/Pandazole_Ultimate_Pack/Pandazole Farm Ranch Pack/Prefabs/Prop_Berrel_05_B.prefab,3194,3.1 KB,A: no text/GUID refs found,"Likely safe, verify in Unity",,No GUID/text reference found by static scan,Do not delete until Unity dependency check confirms,Verify in Unity
Assets/Pandazole_Ultimate_Pack/Pandazole Farm Ranch Pack/Prefabs/Prop_Wheelbarrow.prefab,3194,3.1 KB,A: no text/GUID refs found,"Likely safe, verify in Unity",,No GUID/text reference found by static scan,Do not delete until Unity dependency check confirms,Verify in Unity
Assets/Pandazole_Ultimate_Pack/Pandazole Farm Ranch Pack/Prefabs/Env_GrassPlant_01.prefab,3194,3.1 KB,A: no text/GUID refs found,"Likely safe, verify in Unity",,No GUID/text reference found by static scan,Do not delete until Unity dependency check confirms,Verify in Unity
Assets/Pandazole_Ultimate_Pack/Pandazole Farm Ranch Pack/Prefabs/Prop_WoodenBox_04.prefab,3194,3.1 KB,A: no text/GUID refs found,"Likely safe, verify in Unity",,No GUID/text reference found by static scan,Do not delete until Unity dependency check confirms,Verify in Unity
Assets/Pandazole_Ultimate_Pack/Pandazole Farm Ranch Pack/Prefabs/Env_WaterLand_02.prefab,3194,3.1 KB,A: no text/GUID refs found,"Likely safe, verify in Unity",,No GUID/text reference found by static scan,Do not delete until Unity dependency check confirms,Verify in Unity
Assets/Pandazole_Ultimate_Pack/Pandazole Farm Ranch Pack/Prefabs/Env_GrassPlant_07.prefab,3194,3.1 KB,A: no text/GUID refs found,"Likely safe, verify in Unity",,No GUID/text reference found by static scan,Do not delete until Unity dependency check confirms,Verify in Unity
Assets/Pandazole_Ultimate_Pack/Pandazole Farm Ranch Pack/Prefabs/Env_WaterLand_06.prefab,3194,3.1 KB,A: no text/GUID refs found,"Likely safe, verify in Unity",,No GUID/text reference found by static scan,Do not delete until Unity dependency check confirms,Verify in Unity
Assets/Pandazole_Ultimate_Pack/Pandazole Farm Ranch Pack/Prefabs/Env_WaterLand_08.prefab,3194,3.1 KB,A: no text/GUID refs found,"Likely safe, verify in Unity",,No GUID/text reference found by static scan,Do not delete until Unity dependency check confirms,Verify in Unity
Assets/Pandazole_Ultimate_Pack/Pandazole Farm Ranch Pack/Prefabs/Prop_FoodSack_02.prefab,3194,3.1 KB,A: no text/GUID refs found,"Likely safe, verify in Unity",,No GUID/text reference found by static scan,Do not delete until Unity dependency check confirms,Verify in Unity
Assets/Pandazole_Ultimate_Pack/Pandazole Farm Ranch Pack/Prefabs/Prop_Berrel_05_A.prefab,3194,3.1 KB,A: no text/GUID refs found,"Likely safe, verify in Unity",,No GUID/text reference found by static scan,Do not delete until Unity dependency check confirms,Verify in Unity
Assets/Pandazole_Ultimate_Pack/Pandazole Farm Ranch Pack/Prefabs/Env_GrassPlant_02.prefab,3194,3.1 KB,A: no text/GUID refs found,"Likely safe, verify in Unity",,No GUID/text reference found by static scan,Do not delete until Unity dependency check confirms,Verify in Unity
Assets/Pandazole_Ultimate_Pack/Pandazole Farm Ranch Pack/Prefabs/Prop_Haystack_02.prefab,3194,3.1 KB,A: no text/GUID refs found,"Likely safe, verify in Unity",,No GUID/text reference found by static scan,Do not delete until Unity dependency check confirms,Verify in Unity
Assets/Pandazole_Ultimate_Pack/Pandazole Farm Ranch Pack/Prefabs/Prop_WoodenCrates_03.prefab,3194,3.1 KB,A: no text/GUID refs found,"Likely safe, verify in Unity",,No GUID/text reference found by static scan,Do not delete until Unity dependency check confirms,Verify in Unity
Assets/Pandazole_Ultimate_Pack/Pandazole Farm Ranch Pack/Prefabs/Prop_WoodenBox_03.prefab,3194,3.1 KB,A: no text/GUID refs found,"Likely safe, verify in Unity",,No GUID/text reference found by static scan,Do not delete until Unity dependency check confirms,Verify in Unity
Assets/Pandazole_Ultimate_Pack/Pandazole Farm Ranch Pack/Prefabs/Prop_FoodSack_03.prefab,3193,3.1 KB,A: no text/GUID refs found,"Likely safe, verify in Unity",,No GUID/text reference found by static scan,Do not delete until Unity dependency check confirms,Verify in Unity
Assets/Pandazole_Ultimate_Pack/Pandazole Farm Ranch Pack/Prefabs/Env_WoodFence_04.prefab,3193,3.1 KB,A: no text/GUID refs found,"Likely safe, verify in Unity",,No GUID/text reference found by static scan,Do not delete until Unity dependency check confirms,Verify in Unity
Assets/Pandazole_Ultimate_Pack/Pandazole Farm Ranch Pack/Prefabs/Prop_WoodenBox_06.prefab,3193,3.1 KB,A: no text/GUID refs found,"Likely safe, verify in Unity",,No GUID/text reference found by static scan,Do not delete until Unity dependency check confirms,Verify in Unity
Assets/Pandazole_Ultimate_Pack/Pandazole Farm Ranch Pack/Prefabs/Prop_FoodSack_01.prefab,3193,3.1 KB,A: no text/GUID refs found,"Likely safe, verify in Unity",,No GUID/text reference found by static scan,Do not delete until Unity dependency check confirms,Verify in Unity
Assets/Pandazole_Ultimate_Pack/Pandazole Farm Ranch Pack/Prefabs/Env_WoodFence_06.prefab,3193,3.1 KB,A: no text/GUID refs found,"Likely safe, verify in Unity",,No GUID/text reference found by static scan,Do not delete until Unity dependency check confirms,Verify in Unity
Assets/Pandazole_Ultimate_Pack/Pandazole Farm Ranch Pack/Prefabs/Prop_WoodenBox_02.prefab,3193,3.1 KB,A: no text/GUID refs found,"Likely safe, verify in Unity",,No GUID/text reference found by static scan,Do not delete until Unity dependency check confirms,Verify in Unity
Assets/Pandazole_Ultimate_Pack/Pandazole Farm Ranch Pack/Prefabs/Env_WoodFence_02.prefab,3193,3.1 KB,A: no text/GUID refs found,"Likely safe, verify in Unity",,No GUID/text reference found by static scan,Do not delete until Unity dependency check confirms,Verify in Unity
Assets/Pandazole_Ultimate_Pack/Pandazole Farm Ranch Pack/Prefabs/Bld_ChickenCoop.prefab,3193,3.1 KB,A: no text/GUID refs found,"Likely safe, verify in Unity",,No GUID/text reference found by static scan,Do not delete until Unity dependency check confirms,Verify in Unity
Assets/Pandazole_Ultimate_Pack/Pandazole Farm Ranch Pack/Prefabs/Env_FarmLand_09.prefab,3193,3.1 KB,A: no text/GUID refs found,"Likely safe, verify in Unity",,No GUID/text reference found by static scan,Do not delete until Unity dependency check confirms,Verify in Unity
Assets/Pandazole_Ultimate_Pack/Pandazole Farm Ranch Pack/Prefabs/Prop_Berrel_02_B.prefab,3193,3.1 KB,A: no text/GUID refs found,"Likely safe, verify in Unity",,No GUID/text reference found by static scan,Do not delete until Unity dependency check confirms,Verify in Unity
Assets/Pandazole_Ultimate_Pack/Pandazole Farm Ranch Pack/Prefabs/Env_WaterLand_04.prefab,3193,3.1 KB,A: no text/GUID refs found,"Likely safe, verify in Unity",,No GUID/text reference found by static scan,Do not delete until Unity dependency check confirms,Verify in Unity
Assets/Pandazole_Ultimate_Pack/Pandazole Farm Ranch Pack/Prefabs/Prop_Haystack_01.prefab,3193,3.1 KB,A: no text/GUID refs found,"Likely safe, verify in Unity",,No GUID/text reference found by static scan,Do not delete until Unity dependency check confirms,Verify in Unity
Assets/Pandazole_Ultimate_Pack/Pandazole Farm Ranch Pack/Prefabs/Prop_WoodenBox_05.prefab,3193,3.1 KB,A: no text/GUID refs found,"Likely safe, verify in Unity",,No GUID/text reference found by static scan,Do not delete until Unity dependency check confirms,Verify in Unity
Assets/Pandazole_Ultimate_Pack/Pandazole Farm Ranch Pack/Prefabs/Env_WoodFence_05.prefab,3193,3.1 KB,A: no text/GUID refs found,"Likely safe, verify in Unity",,No GUID/text reference found by static scan,Do not delete until Unity dependency check confirms,Verify in Unity
Assets/Pandazole_Ultimate_Pack/Pandazole Farm Ranch Pack/Prefabs/Env_FarmLand_02.prefab,3193,3.1 KB,A: no text/GUID refs found,"Likely safe, verify in Unity",,No GUID/text reference found by static scan,Do not delete until Unity dependency check confirms,Verify in Unity
Assets/Pandazole_Ultimate_Pack/Pandazole Farm Ranch Pack/Prefabs/Env_FarmLand_10.prefab,3193,3.1 KB,A: no text/GUID refs found,"Likely safe, verify in Unity",,No GUID/text reference found by static scan,Do not delete until Unity dependency check confirms,Verify in Unity
Assets/Pandazole_Ultimate_Pack/Pandazole Farm Ranch Pack/Prefabs/Prop_Haystack_06.prefab,3193,3.1 KB,A: no text/GUID refs found,"Likely safe, verify in Unity",,No GUID/text reference found by static scan,Do not delete until Unity dependency check confirms,Verify in Unity
Assets/Pandazole_Ultimate_Pack/Pandazole Farm Ranch Pack/Prefabs/Env_FarmLand_04.prefab,3193,3.1 KB,A: no text/GUID refs found,"Likely safe, verify in Unity",,No GUID/text reference found by static scan,Do not delete until Unity dependency check confirms,Verify in Unity
Assets/Pandazole_Ultimate_Pack/Pandazole Farm Ranch Pack/Prefabs/Prop_FoodSack_04.prefab,3193,3.1 KB,A: no text/GUID refs found,"Likely safe, verify in Unity",,No GUID/text reference found by static scan,Do not delete until Unity dependency check confirms,Verify in Unity
Assets/Pandazole_Ultimate_Pack/Pandazole Farm Ranch Pack/Prefabs/Env_WoodFence_03.prefab,3193,3.1 KB,A: no text/GUID refs found,"Likely safe, verify in Unity",,No GUID/text reference found by static scan,Do not delete until Unity dependency check confirms,Verify in Unity
Assets/Pandazole_Ultimate_Pack/Pandazole Farm Ranch Pack/Prefabs/Env_GrassPlant_06.prefab,3193,3.1 KB,A: no text/GUID refs found,"Likely safe, verify in Unity",,No GUID/text reference found by static scan,Do not delete until Unity dependency check confirms,Verify in Unity
Assets/Pandazole_Ultimate_Pack/Pandazole Farm Ranch Pack/Prefabs/Env_WaterLand_05.prefab,3193,3.1 KB,A: no text/GUID refs found,"Likely safe, verify in Unity",,No GUID/text reference found by static scan,Do not delete until Unity dependency check confirms,Verify in Unity
Assets/Pandazole_Ultimate_Pack/Pandazole Farm Ranch Pack/Prefabs/Bld_FarmMill_01.prefab,3193,3.1 KB,A: no text/GUID refs found,"Likely safe, verify in Unity",,No GUID/text reference found by static scan,Do not delete until Unity dependency check confirms,Verify in Unity
Assets/Pandazole_Ultimate_Pack/Pandazole Farm Ranch Pack/Prefabs/Env_WaterLand_09.prefab,3193,3.1 KB,A: no text/GUID refs found,"Likely safe, verify in Unity",,No GUID/text reference found by static scan,Do not delete until Unity dependency check confirms,Verify in Unity
Assets/Pandazole_Ultimate_Pack/Pandazole Farm Ranch Pack/Prefabs/Env_FarmLand_06.prefab,3193,3.1 KB,A: no text/GUID refs found,"Likely safe, verify in Unity",,No GUID/text reference found by static scan,Do not delete until Unity dependency check confirms,Verify in Unity
Assets/Pandazole_Ultimate_Pack/Pandazole Farm Ranch Pack/Prefabs/Env_WoodFence_01.prefab,3193,3.1 KB,A: no text/GUID refs found,"Likely safe, verify in Unity",,No GUID/text reference found by static scan,Do not delete until Unity dependency check confirms,Verify in Unity
Assets/Pandazole_Ultimate_Pack/Pandazole Farm Ranch Pack/Prefabs/Env_FarmLand_03.prefab,3192,3.1 KB,A: no text/GUID refs found,"Likely safe, verify in Unity",,No GUID/text reference found by static scan,Do not delete until Unity dependency check confirms,Verify in Unity
Assets/Pandazole_Ultimate_Pack/Pandazole Farm Ranch Pack/Prefabs/food_Tangerine.prefab,3192,3.1 KB,A: no text/GUID refs found,"Likely safe, verify in Unity",,No GUID/text reference found by static scan,Do not delete until Unity dependency check confirms,Verify in Unity
Assets/Pandazole_Ultimate_Pack/Pandazole Farm Ranch Pack/Prefabs/Env_FarmLand_01.prefab,3192,3.1 KB,A: no text/GUID refs found,"Likely safe, verify in Unity",,No GUID/text reference found by static scan,Do not delete until Unity dependency check confirms,Verify in Unity
Assets/Pandazole_Ultimate_Pack/Pandazole Farm Ranch Pack/Prefabs/Env_FarmLand_05.prefab,3192,3.1 KB,A: no text/GUID refs found,"Likely safe, verify in Unity",,No GUID/text reference found by static scan,Do not delete until Unity dependency check confirms,Verify in Unity
Assets/Pandazole_Ultimate_Pack/Pandazole Farm Ranch Pack/Prefabs/Prop_Haystack_03.prefab,3192,3.1 KB,A: no text/GUID refs found,"Likely safe, verify in Unity",,No GUID/text reference found by static scan,Do not delete until Unity dependency check confirms,Verify in Unity
Assets/Pandazole_Ultimate_Pack/Pandazole Farm Ranch Pack/Prefabs/Bld_FarmMill_02.prefab,3192,3.1 KB,A: no text/GUID refs found,"Likely safe, verify in Unity",,No GUID/text reference found by static scan,Do not delete until Unity dependency check confirms,Verify in Unity
Assets/Pandazole_Ultimate_Pack/Pandazole Farm Ranch Pack/Prefabs/Env_FarmLand_07.prefab,3192,3.1 KB,A: no text/GUID refs found,"Likely safe, verify in Unity",,No GUID/text reference found by static scan,Do not delete until Unity dependency check confirms,Verify in Unity
Assets/Pandazole_Ultimate_Pack/Pandazole Farm Ranch Pack/Prefabs/Prop_Berrel_03.prefab,3192,3.1 KB,A: no text/GUID refs found,"Likely safe, verify in Unity",,No GUID/text reference found by static scan,Do not delete until Unity dependency check confirms,Verify in Unity
Assets/Pandazole_Ultimate_Pack/Pandazole Farm Ranch Pack/Prefabs/Env_WaterLand_01.prefab,3192,3.1 KB,A: no text/GUID refs found,"Likely safe, verify in Unity",,No GUID/text reference found by static scan,Do not delete until Unity dependency check confirms,Verify in Unity
Assets/Pandazole_Ultimate_Pack/Pandazole Farm Ranch Pack/Prefabs/Env_WaterLand_07.prefab,3192,3.1 KB,A: no text/GUID refs found,"Likely safe, verify in Unity",,No GUID/text reference found by static scan,Do not delete until Unity dependency check confirms,Verify in Unity
Assets/Pandazole_Ultimate_Pack/Pandazole Farm Ranch Pack/Prefabs/Env_FarmLand_08.prefab,3192,3.1 KB,A: no text/GUID refs found,"Likely safe, verify in Unity",,No GUID/text reference found by static scan,Do not delete until Unity dependency check confirms,Verify in Unity
Assets/Pandazole_Ultimate_Pack/Pandazole Farm Ranch Pack/Prefabs/Prop_Berrel_02_A.prefab,3192,3.1 KB,A: no text/GUID refs found,"Likely safe, verify in Unity",,No GUID/text reference found by static scan,Do not delete until Unity dependency check confirms,Verify in Unity
Assets/Pandazole_Ultimate_Pack/Pandazole Farm Ranch Pack/Prefabs/Env_GrassPlant_04.prefab,3192,3.1 KB,A: no text/GUID refs found,"Likely safe, verify in Unity",,No GUID/text reference found by static scan,Do not delete until Unity dependency check confirms,Verify in Unity
Assets/Pandazole_Ultimate_Pack/Pandazole Farm Ranch Pack/Prefabs/food_Eggplant.prefab,3191,3.1 KB,A: no text/GUID refs found,"Likely safe, verify in Unity",,No GUID/text reference found by static scan,Do not delete until Unity dependency check confirms,Verify in Unity
Assets/Pandazole_Ultimate_Pack/Pandazole Farm Ranch Pack/Prefabs/food_Broccoli.prefab,3191,3.1 KB,A: no text/GUID refs found,"Likely safe, verify in Unity",,No GUID/text reference found by static scan,Do not delete until Unity dependency check confirms,Verify in Unity
Assets/Pandazole_Ultimate_Pack/Pandazole Farm Ranch Pack/Prefabs/Prop_Bucket_03.prefab,3191,3.1 KB,A: no text/GUID refs found,"Likely safe, verify in Unity",,No GUID/text reference found by static scan,Do not delete until Unity dependency check confirms,Verify in Unity
Assets/Pandazole_Ultimate_Pack/Pandazole Farm Ranch Pack/Prefabs/Env_WaterLand_03.prefab,3191,3.1 KB,A: no text/GUID refs found,"Likely safe, verify in Unity",,No GUID/text reference found by static scan,Do not delete until Unity dependency check confirms,Verify in Unity
Assets/Pandazole_Ultimate_Pack/Pandazole Farm Ranch Pack/Prefabs/Prop_Bucket_01.prefab,3191,3.1 KB,A: no text/GUID refs found,"Likely safe, verify in Unity",,No GUID/text reference found by static scan,Do not delete until Unity dependency check confirms,Verify in Unity
Assets/Pandazole_Ultimate_Pack/Pandazole Farm Ranch Pack/Prefabs/Env_MetalFence_01.prefab,3191,3.1 KB,A: no text/GUID refs found,"Likely safe, verify in Unity",,No GUID/text reference found by static scan,Do not delete until Unity dependency check confirms,Verify in Unity
Assets/Pandazole_Ultimate_Pack/Pandazole Farm Ranch Pack/Prefabs/Bld_GreenMouse.prefab,3191,3.1 KB,A: no text/GUID refs found,"Likely safe, verify in Unity",,No GUID/text reference found by static scan,Do not delete until Unity dependency check confirms,Verify in Unity
Assets/Pandazole_Ultimate_Pack/Pandazole Farm Ranch Pack/Prefabs/Prop_Bucket_02.prefab,3190,3.1 KB,A: no text/GUID refs found,"Likely safe, verify in Unity",,No GUID/text reference found by static scan,Do not delete until Unity dependency check confirms,Verify in Unity
Assets/Pandazole_Ultimate_Pack/Pandazole Farm Ranch Pack/Prefabs/Bld_FarmerHouse.prefab,3190,3.1 KB,A: no text/GUID refs found,"Likely safe, verify in Unity",,No GUID/text reference found by static scan,Do not delete until Unity dependency check confirms,Verify in Unity
Assets/Pandazole_Ultimate_Pack/Pandazole Farm Ranch Pack/Prefabs/Prop_Haystack_07.prefab,3190,3.1 KB,A: no text/GUID refs found,"Likely safe, verify in Unity",,No GUID/text reference found by static scan,Do not delete until Unity dependency check confirms,Verify in Unity
Assets/Pandazole_Ultimate_Pack/Pandazole Farm Ranch Pack/Prefabs/food_RedChili.prefab,3190,3.1 KB,A: no text/GUID refs found,"Likely safe, verify in Unity",,No GUID/text reference found by static scan,Do not delete until Unity dependency check confirms,Verify in Unity
Assets/Pandazole_Ultimate_Pack/Pandazole Farm Ranch Pack/Prefabs/Bld_Outhouses.prefab,3190,3.1 KB,A: no text/GUID refs found,"Likely safe, verify in Unity",,No GUID/text reference found by static scan,Do not delete until Unity dependency check confirms,Verify in Unity
Assets/Pandazole_Ultimate_Pack/Pandazole Farm Ranch Pack/Prefabs/Prop_Pallete_01.prefab,3190,3.1 KB,A: no text/GUID refs found,"Likely safe, verify in Unity",,No GUID/text reference found by static scan,Do not delete until Unity dependency check confirms,Verify in Unity
Assets/Pandazole_Ultimate_Pack/Pandazole Farm Ranch Pack/Prefabs/food_Avocado.prefab,3189,3.1 KB,A: no text/GUID refs found,"Likely safe, verify in Unity",,No GUID/text reference found by static scan,Do not delete until Unity dependency check confirms,Verify in Unity
Assets/Pandazole_Ultimate_Pack/Pandazole Farm Ranch Pack/Prefabs/Env_Tree_07.prefab,3189,3.1 KB,A: no text/GUID refs found,"Likely safe, verify in Unity",,No GUID/text reference found by static scan,Do not delete until Unity dependency check confirms,Verify in Unity
Assets/Pandazole_Ultimate_Pack/Pandazole Farm Ranch Pack/Prefabs/Bld_Barn_02.prefab,3189,3.1 KB,A: no text/GUID refs found,"Likely safe, verify in Unity",,No GUID/text reference found by static scan,Do not delete until Unity dependency check confirms,Verify in Unity
Assets/Pandazole_Ultimate_Pack/Pandazole Farm Ranch Pack/Prefabs/food_Banana.prefab,3189,3.1 KB,A: no text/GUID refs found,"Likely safe, verify in Unity",,No GUID/text reference found by static scan,Do not delete until Unity dependency check confirms,Verify in Unity
Assets/Pandazole_Ultimate_Pack/Pandazole Farm Ranch Pack/Prefabs/food_Pepper.prefab,3189,3.1 KB,A: no text/GUID refs found,"Likely safe, verify in Unity",,No GUID/text reference found by static scan,Do not delete until Unity dependency check confirms,Verify in Unity
Assets/Pandazole_Ultimate_Pack/Pandazole Farm Ranch Pack/Prefabs/food_Potato.prefab,3189,3.1 KB,A: no text/GUID refs found,"Likely safe, verify in Unity",,No GUID/text reference found by static scan,Do not delete until Unity dependency check confirms,Verify in Unity
Assets/Pandazole_Ultimate_Pack/Pandazole Farm Ranch Pack/Prefabs/Env_Tree_01.prefab,3189,3.1 KB,A: no text/GUID refs found,"Likely safe, verify in Unity",,No GUID/text reference found by static scan,Do not delete until Unity dependency check confirms,Verify in Unity
Assets/Pandazole_Ultimate_Pack/Pandazole Farm Ranch Pack/Prefabs/food_Common.prefab,3189,3.1 KB,A: no text/GUID refs found,"Likely safe, verify in Unity",,No GUID/text reference found by static scan,Do not delete until Unity dependency check confirms,Verify in Unity
Assets/Pandazole_Ultimate_Pack/Pandazole Farm Ranch Pack/Prefabs/Env_Tree_03.prefab,3189,3.1 KB,A: no text/GUID refs found,"Likely safe, verify in Unity",,No GUID/text reference found by static scan,Do not delete until Unity dependency check confirms,Verify in Unity
Assets/Pandazole_Ultimate_Pack/Pandazole Farm Ranch Pack/Prefabs/food_Garlic.prefab,3189,3.1 KB,A: no text/GUID refs found,"Likely safe, verify in Unity",,No GUID/text reference found by static scan,Do not delete until Unity dependency check confirms,Verify in Unity
Assets/Pandazole_Ultimate_Pack/Pandazole Farm Ranch Pack/Prefabs/Bld_Silo_02.prefab,3189,3.1 KB,A: no text/GUID refs found,"Likely safe, verify in Unity",,No GUID/text reference found by static scan,Do not delete until Unity dependency check confirms,Verify in Unity
Assets/Pandazole_Ultimate_Pack/Pandazole Farm Ranch Pack/Prefabs/food_Cucumber.prefab,3189,3.1 KB,A: no text/GUID refs found,"Likely safe, verify in Unity",,No GUID/text reference found by static scan,Do not delete until Unity dependency check confirms,Verify in Unity
Assets/Pandazole_Ultimate_Pack/Pandazole Farm Ranch Pack/Prefabs/Env_Tree_06.prefab,3189,3.1 KB,A: no text/GUID refs found,"Likely safe, verify in Unity",,No GUID/text reference found by static scan,Do not delete until Unity dependency check confirms,Verify in Unity
Assets/Pandazole_Ultimate_Pack/Pandazole Farm Ranch Pack/Prefabs/food_Orange.prefab,3189,3.1 KB,A: no text/GUID refs found,"Likely safe, verify in Unity",,No GUID/text reference found by static scan,Do not delete until Unity dependency check confirms,Verify in Unity
Assets/Pandazole_Ultimate_Pack/Pandazole Farm Ranch Pack/Prefabs/food_Tomato.prefab,3189,3.1 KB,A: no text/GUID refs found,"Likely safe, verify in Unity",,No GUID/text reference found by static scan,Do not delete until Unity dependency check confirms,Verify in Unity
Assets/Pandazole_Ultimate_Pack/Pandazole Farm Ranch Pack/Prefabs/Bld_Silo_01.prefab,3189,3.1 KB,A: no text/GUID refs found,"Likely safe, verify in Unity",,No GUID/text reference found by static scan,Do not delete until Unity dependency check confirms,Verify in Unity
Assets/Pandazole_Ultimate_Pack/Pandazole Farm Ranch Pack/Prefabs/food_Pumpkin.prefab,3189,3.1 KB,A: no text/GUID refs found,"Likely safe, verify in Unity",,No GUID/text reference found by static scan,Do not delete until Unity dependency check confirms,Verify in Unity
Assets/Pandazole_Ultimate_Pack/Pandazole Farm Ranch Pack/Prefabs/Env_Tree_05.prefab,3188,3.1 KB,A: no text/GUID refs found,"Likely safe, verify in Unity",,No GUID/text reference found by static scan,Do not delete until Unity dependency check confirms,Verify in Unity
Assets/Pandazole_Ultimate_Pack/Pandazole Farm Ranch Pack/Prefabs/Prop_Berrel_04.prefab,3188,3.1 KB,A: no text/GUID refs found,"Likely safe, verify in Unity",,No GUID/text reference found by static scan,Do not delete until Unity dependency check confirms,Verify in Unity
Assets/Pandazole_Ultimate_Pack/Pandazole Farm Ranch Pack/Prefabs/Env_Bush_02.prefab,3188,3.1 KB,A: no text/GUID refs found,"Likely safe, verify in Unity",,No GUID/text reference found by static scan,Do not delete until Unity dependency check confirms,Verify in Unity
Assets/Pandazole_Ultimate_Pack/Pandazole Farm Ranch Pack/Prefabs/Prop_Haystack_04.prefab,3188,3.1 KB,A: no text/GUID refs found,"Likely safe, verify in Unity",,No GUID/text reference found by static scan,Do not delete until Unity dependency check confirms,Verify in Unity
Assets/Pandazole_Ultimate_Pack/Pandazole Farm Ranch Pack/Prefabs/Env_Well_02.prefab,3188,3.1 KB,A: no text/GUID refs found,"Likely safe, verify in Unity",,No GUID/text reference found by static scan,Do not delete until Unity dependency check confirms,Verify in Unity
Assets/Pandazole_Ultimate_Pack/Pandazole Farm Ranch Pack/Prefabs/food_Grape.prefab,3188,3.1 KB,A: no text/GUID refs found,"Likely safe, verify in Unity",,No GUID/text reference found by static scan,Do not delete until Unity dependency check confirms,Verify in Unity
Assets/Pandazole_Ultimate_Pack/Pandazole Farm Ranch Pack/Prefabs/Env_Bush_01.prefab,3187,3.1 KB,A: no text/GUID refs found,"Likely safe, verify in Unity",,No GUID/text reference found by static scan,Do not delete until Unity dependency check confirms,Verify in Unity
Assets/Pandazole_Ultimate_Pack/Pandazole Farm Ranch Pack/Prefabs/food_Lemon.prefab,3187,3.1 KB,A: no text/GUID refs found,"Likely safe, verify in Unity",,No GUID/text reference found by static scan,Do not delete until Unity dependency check confirms,Verify in Unity
Assets/Pandazole_Ultimate_Pack/Pandazole Farm Ranch Pack/Prefabs/food_Apple.prefab,3187,3.1 KB,A: no text/GUID refs found,"Likely safe, verify in Unity",,No GUID/text reference found by static scan,Do not delete until Unity dependency check confirms,Verify in Unity
Assets/Pandazole_Ultimate_Pack/Pandazole Farm Ranch Pack/Prefabs/food_Mango.prefab,3187,3.1 KB,A: no text/GUID refs found,"Likely safe, verify in Unity",,No GUID/text reference found by static scan,Do not delete until Unity dependency check confirms,Verify in Unity
Assets/Pandazole_Ultimate_Pack/Pandazole Farm Ranch Pack/Prefabs/Env_Wheat.prefab,3187,3.1 KB,A: no text/GUID refs found,"Likely safe, verify in Unity",,No GUID/text reference found by static scan,Do not delete until Unity dependency check confirms,Verify in Unity
Assets/Pandazole_Ultimate_Pack/Pandazole Farm Ranch Pack/Prefabs/Bld_Barn_01.prefab,3187,3.1 KB,A: no text/GUID refs found,"Likely safe, verify in Unity",,No GUID/text reference found by static scan,Do not delete until Unity dependency check confirms,Verify in Unity
Assets/Pandazole_Ultimate_Pack/Pandazole Farm Ranch Pack/Prefabs/Env_Tree_04.prefab,3187,3.1 KB,A: no text/GUID refs found,"Likely safe, verify in Unity",,No GUID/text reference found by static scan,Do not delete until Unity dependency check confirms,Verify in Unity
Assets/Pandazole_Ultimate_Pack/Pandazole Farm Ranch Pack/Prefabs/Env_Tree_02.prefab,3187,3.1 KB,A: no text/GUID refs found,"Likely safe, verify in Unity",,No GUID/text reference found by static scan,Do not delete until Unity dependency check confirms,Verify in Unity
Assets/Pandazole_Ultimate_Pack/Pandazole Farm Ranch Pack/Prefabs/food_Pear.prefab,3186,3.1 KB,A: no text/GUID refs found,"Likely safe, verify in Unity",,No GUID/text reference found by static scan,Do not delete until Unity dependency check confirms,Verify in Unity
Assets/Pandazole_Ultimate_Pack/Pandazole Farm Ranch Pack/Prefabs/food_Onion.prefab,3186,3.1 KB,A: no text/GUID refs found,"Likely safe, verify in Unity",,No GUID/text reference found by static scan,Do not delete until Unity dependency check confirms,Verify in Unity
Assets/Pandazole_Ultimate_Pack/Pandazole Farm Ranch Pack/Prefabs/food_Watermelon.prefab,3186,3.1 KB,A: no text/GUID refs found,"Likely safe, verify in Unity",,No GUID/text reference found by static scan,Do not delete until Unity dependency check confirms,Verify in Unity
Assets/Pandazole_Ultimate_Pack/Pandazole Farm Ranch Pack/Prefabs/food_Carrot.prefab,3184,3.1 KB,A: no text/GUID refs found,"Likely safe, verify in Unity",,No GUID/text reference found by static scan,Do not delete until Unity dependency check confirms,Verify in Unity
Assets/Pandazole_Ultimate_Pack/Pandazole Farm Ranch Pack/Prefabs/food_Radish.prefab,3182,3.1 KB,A: no text/GUID refs found,"Likely safe, verify in Unity",,No GUID/text reference found by static scan,Do not delete until Unity dependency check confirms,Verify in Unity
Assets/Pandazole_Ultimate_Pack/Pandazole Farm Ranch Pack/Prefabs/Prop_Pallete_02.prefab,3181,3.1 KB,A: no text/GUID refs found,"Likely safe, verify in Unity",,No GUID/text reference found by static scan,Do not delete until Unity dependency check confirms,Verify in Unity
Assets/RealBlend/Editor/VertexPaintStorageEditor.cs,3171,3.1 KB,A: no text/GUID refs found,Unknown/runtime-loaded,,No GUID/text reference found by static scan,Do not delete until Unity dependency check confirms,High-risk deletion
Assets/TextMesh Pro/Shaders/TMP_SDF-Mobile SSD.shader,3064,3.0 KB,A: no text/GUID refs found,Unknown/runtime-loaded,,No GUID/text reference found by static scan,Do not delete until Unity dependency check confirms,High-risk deletion
Assets/Scripts/MeshellArticleNotebookInputRouter.cs,3004,2.9 KB,A: no text/GUID refs found,Unknown/runtime-loaded,,No GUID/text reference found by static scan,Do not delete until Unity dependency check confirms,High-risk deletion
Assets/DevDen Arch Viz Scotland/Prefabs/Bed Room/Bedside_lamp.prefab,2967,2.9 KB,A: no text/GUID refs found,"Likely safe, verify in Unity",,No GUID/text reference found by static scan,Do not delete until Unity dependency check confirms,Verify in Unity
Assets/DevDen Arch Viz Scotland/Prefabs/Bathroom/Towel Holder.prefab,2961,2.9 KB,C: duplicate/obsolete candidate,"Likely safe, verify in Unity",,No GUID/text reference found by static scan,Do not delete until Unity dependency check confirms,Verify in Unity
Assets/DevDen Arch Viz Scotland/Prefabs/Dining Room/dinning_chair.prefab,2958,2.9 KB,A: no text/GUID refs found,"Likely safe, verify in Unity",,No GUID/text reference found by static scan,Do not delete until Unity dependency check confirms,Verify in Unity
Assets/DevDen Arch Viz Scotland/Prefabs/Common/lamp.prefab,2949,2.9 KB,A: no text/GUID refs found,"Likely safe, verify in Unity",,No GUID/text reference found by static scan,Do not delete until Unity dependency check confirms,Verify in Unity
Assets/RealBlend/Editor/RealBlendFloorCreateMode.cs,2912,2.8 KB,A: no text/GUID refs found,Unknown/runtime-loaded,,No GUID/text reference found by static scan,Do not delete until Unity dependency check confirms,High-risk deletion
Assets/DevDen Arch Viz Scotland/Prefabs/Kitchen Room/chopping-board.prefab,2912,2.8 KB,A: no text/GUID refs found,"Likely safe, verify in Unity",,No GUID/text reference found by static scan,Do not delete until Unity dependency check confirms,Verify in Unity
Assets/DevDen Arch Viz Scotland/Prefabs/Kitchen Room/mug-tree.prefab,2906,2.8 KB,A: no text/GUID refs found,"Likely safe, verify in Unity",,No GUID/text reference found by static scan,Do not delete until Unity dependency check confirms,Verify in Unity
Assets/DevDen Arch Viz Scotland/Prefabs/Living Room/LivingRoom Chair.prefab,2901,2.8 KB,A: no text/GUID refs found,"Likely safe, verify in Unity",,No GUID/text reference found by static scan,Do not delete until Unity dependency check confirms,Verify in Unity
Assets/DevDen Arch Viz Scotland/Prefabs/Kitchen Room/CoffeeMachine.prefab,2900,2.8 KB,A: no text/GUID refs found,"Likely safe, verify in Unity",,No GUID/text reference found by static scan,Do not delete until Unity dependency check confirms,Verify in Unity
Assets/DevDen Arch Viz Scotland/Prefabs/Balcony/Balcony_ chair.prefab,2899,2.8 KB,A: no text/GUID refs found,"Likely safe, verify in Unity",,No GUID/text reference found by static scan,Do not delete until Unity dependency check confirms,Verify in Unity
Assets/DevDen Arch Viz Scotland/Prefabs/Balcony/Balcony-Carpet.prefab,2897,2.8 KB,A: no text/GUID refs found,"Likely safe, verify in Unity",,No GUID/text reference found by static scan,Do not delete until Unity dependency check confirms,Verify in Unity
Assets/DevDen Arch Viz Scotland/Prefabs/Balcony/Balcony_table.prefab,2896,2.8 KB,A: no text/GUID refs found,"Likely safe, verify in Unity",,No GUID/text reference found by static scan,Do not delete until Unity dependency check confirms,Verify in Unity
Assets/DevDen Arch Viz Scotland/Prefabs/Common/Magazine.prefab,2895,2.8 KB,A: no text/GUID refs found,"Likely safe, verify in Unity",,No GUID/text reference found by static scan,Do not delete until Unity dependency check confirms,Verify in Unity
Assets/DevDen Arch Viz Scotland/Prefabs/Common/Magazine-2.prefab,2893,2.8 KB,A: no text/GUID refs found,"Likely safe, verify in Unity",,No GUID/text reference found by static scan,Do not delete until Unity dependency check confirms,Verify in Unity
Assets/DevDen Arch Viz Scotland/Prefabs/Kitchen Room/Toaster.prefab,2892,2.8 KB,A: no text/GUID refs found,"Likely safe, verify in Unity",,No GUID/text reference found by static scan,Do not delete until Unity dependency check confirms,Verify in Unity
Assets/DevDen Arch Viz Scotland/Prefabs/Bathroom/Washingmachine-1.prefab,2892,2.8 KB,A: no text/GUID refs found,"Likely safe, verify in Unity",,No GUID/text reference found by static scan,Do not delete until Unity dependency check confirms,Verify in Unity
Assets/Idyllic Italian Coast Town/Prefabs/Props/SM_tulip_flower.prefab,2891,2.8 KB,A: no text/GUID refs found,"Likely safe, verify in Unity",,No GUID/text reference found by static scan,Do not delete until Unity dependency check confirms,Verify in Unity
Assets/DevDen Arch Viz Scotland/Prefabs/Dining Room/dinning_table.prefab,2889,2.8 KB,A: no text/GUID refs found,"Likely safe, verify in Unity",,No GUID/text reference found by static scan,Do not delete until Unity dependency check confirms,Verify in Unity
Assets/DevDen Arch Viz Scotland/Prefabs/Common/AirConditioner.prefab,2888,2.8 KB,A: no text/GUID refs found,"Likely safe, verify in Unity",,No GUID/text reference found by static scan,Do not delete until Unity dependency check confirms,Verify in Unity
Assets/DevDen Arch Viz Scotland/Prefabs/Bathroom/Toilet-Sink.prefab,2887,2.8 KB,A: no text/GUID refs found,"Likely safe, verify in Unity",,No GUID/text reference found by static scan,Do not delete until Unity dependency check confirms,Verify in Unity
Assets/DevDen Arch Viz Scotland/Prefabs/Living Room/TV_Panels.prefab,2887,2.8 KB,A: no text/GUID refs found,"Likely safe, verify in Unity",,No GUID/text reference found by static scan,Do not delete until Unity dependency check confirms,Verify in Unity
Assets/DevDen Arch Viz Scotland/Prefabs/Bathroom/Toilet Paper.prefab,2886,2.8 KB,A: no text/GUID refs found,"Likely safe, verify in Unity",,No GUID/text reference found by static scan,Do not delete until Unity dependency check confirms,Verify in Unity
Assets/DevDen Arch Viz Scotland/Prefabs/Bathroom/bathroom_shelf.prefab,2886,2.8 KB,A: no text/GUID refs found,"Likely safe, verify in Unity",,No GUID/text reference found by static scan,Do not delete until Unity dependency check confirms,Verify in Unity
Assets/DevDen Arch Viz Scotland/Prefabs/Living Room/RemoteControl.prefab,2885,2.8 KB,A: no text/GUID refs found,"Likely safe, verify in Unity",,No GUID/text reference found by static scan,Do not delete until Unity dependency check confirms,Verify in Unity
Assets/DevDen Arch Viz Scotland/Prefabs/Bathroom/Metaldryer.prefab,2884,2.8 KB,A: no text/GUID refs found,"Likely safe, verify in Unity",,No GUID/text reference found by static scan,Do not delete until Unity dependency check confirms,Verify in Unity
Assets/DevDen Arch Viz Scotland/Prefabs/Living Room/Tea Table.prefab,2883,2.8 KB,A: no text/GUID refs found,"Likely safe, verify in Unity",,No GUID/text reference found by static scan,Do not delete until Unity dependency check confirms,Verify in Unity
Assets/DevDen Arch Viz Scotland/Prefabs/Kitchen Room/Kettle.prefab,2882,2.8 KB,A: no text/GUID refs found,"Likely safe, verify in Unity",,No GUID/text reference found by static scan,Do not delete until Unity dependency check confirms,Verify in Unity
Assets/DevDen Arch Viz Scotland/Prefabs/Bathroom/shower.prefab,2880,2.8 KB,A: no text/GUID refs found,"Likely safe, verify in Unity",,No GUID/text reference found by static scan,Do not delete until Unity dependency check confirms,Verify in Unity
Assets/DevDen Arch Viz Scotland/Prefabs/Living Room/Laptop.prefab,2878,2.8 KB,A: no text/GUID refs found,"Likely safe, verify in Unity",,No GUID/text reference found by static scan,Do not delete until Unity dependency check confirms,Verify in Unity
Assets/Samples/XR Interaction Toolkit/3.3.1/Starter Assets/Materials/MaterialPipelineHandler.asset,2837,2.8 KB,A: no text/GUID refs found,"Likely safe, verify in Unity",,No GUID/text reference found by static scan,Do not delete until Unity dependency check confirms,High-risk deletion
Assets/BCaT_assets/LindaLeaks/Scripts/LindaLeaksPhotoAlbumController.cs,2827,2.8 KB,A: no text/GUID refs found,Unknown/runtime-loaded,,No GUID/text reference found by static scan,Do not delete until Unity dependency check confirms,High-risk deletion
Assets/TerrainSampleAssets/Materials/Bush Variant.mat,2741,2.7 KB,A: no text/GUID refs found,"Likely safe, verify in Unity",,No GUID/text reference found by static scan,Do not delete until Unity dependency check confirms,Verify in Unity
Assets/TextMesh Pro/Shaders/TMPro_Properties.cginc,2707,2.6 KB,A: no text/GUID refs found,"Likely safe, verify in Unity",,No GUID/text reference found by static scan,Do not delete until Unity dependency check confirms,Verify in Unity
Assets/TerrainSampleAssets/Prefabs/Grass_D.prefab,2637,2.6 KB,A: no text/GUID refs found,"Likely safe, verify in Unity",,No GUID/text reference found by static scan,Do not delete until Unity dependency check confirms,Verify in Unity
Assets/UnityTechnologies/Basic Asset Pack Interior/Prefabs/Props/VaseRoundBottom.prefab,2484,2.4 KB,A: no text/GUID refs found,"Likely safe, verify in Unity",,No GUID/text reference found by static scan,Do not delete until Unity dependency check confirms,Verify in Unity
Assets/UnityTechnologies/Basic Asset Pack Interior/Prefabs/Props/VaseTallBottle.prefab,2481,2.4 KB,A: no text/GUID refs found,"Likely safe, verify in Unity",,No GUID/text reference found by static scan,Do not delete until Unity dependency check confirms,Verify in Unity
Assets/UnityTechnologies/Basic Asset Pack Interior/Prefabs/Props/VaseSmall.prefab,2478,2.4 KB,A: no text/GUID refs found,"Likely safe, verify in Unity",,No GUID/text reference found by static scan,Do not delete until Unity dependency check confirms,Verify in Unity
Assets/UnityTechnologies/Basic Asset Pack Interior/Prefabs/Furniture/TableRectangleMedium.prefab,2477,2.4 KB,A: no text/GUID refs found,"Likely safe, verify in Unity",,No GUID/text reference found by static scan,Do not delete until Unity dependency check confirms,Verify in Unity
Assets/UnityTechnologies/Basic Asset Pack Interior/Prefabs/Props/VaseTall.prefab,2476,2.4 KB,A: no text/GUID refs found,"Likely safe, verify in Unity",,No GUID/text reference found by static scan,Do not delete until Unity dependency check confirms,Verify in Unity
Assets/UnityTechnologies/Basic Asset Pack Interior/Prefabs/Furniture/TableSquareMedium.prefab,2472,2.4 KB,A: no text/GUID refs found,"Likely safe, verify in Unity",,No GUID/text reference found by static scan,Do not delete until Unity dependency check confirms,Verify in Unity
Assets/UnityTechnologies/Basic Asset Pack Interior/Prefabs/Furniture/ChairDinningA.prefab,2471,2.4 KB,A: no text/GUID refs found,"Likely safe, verify in Unity",,No GUID/text reference found by static scan,Do not delete until Unity dependency check confirms,Verify in Unity
Assets/UnityTechnologies/Basic Asset Pack Interior/Prefabs/Furniture/ChairDinningB.prefab,2471,2.4 KB,A: no text/GUID refs found,"Likely safe, verify in Unity",,No GUID/text reference found by static scan,Do not delete until Unity dependency check confirms,Verify in Unity
Assets/UnityTechnologies/Basic Asset Pack Interior/Prefabs/Furniture/BenchDinning.prefab,2467,2.4 KB,A: no text/GUID refs found,"Likely safe, verify in Unity",,No GUID/text reference found by static scan,Do not delete until Unity dependency check confirms,Verify in Unity
Assets/UnityTechnologies/Basic Asset Pack Interior/Prefabs/Furniture/TableNarrowDoubleDraw.prefab,2462,2.4 KB,A: no text/GUID refs found,"Likely safe, verify in Unity",,No GUID/text reference found by static scan,Do not delete until Unity dependency check confirms,Verify in Unity
Assets/UnityTechnologies/Basic Asset Pack Interior/Prefabs/Furniture/TableNarrowSingleDraw.prefab,2461,2.4 KB,A: no text/GUID refs found,"Likely safe, verify in Unity",,No GUID/text reference found by static scan,Do not delete until Unity dependency check confirms,Verify in Unity
Assets/UnityTechnologies/Basic Asset Pack Interior/Prefabs/Floor/RugRectangleMedium.prefab,2459,2.4 KB,A: no text/GUID refs found,"Likely safe, verify in Unity",,No GUID/text reference found by static scan,Do not delete until Unity dependency check confirms,Verify in Unity
Assets/UnityTechnologies/Basic Asset Pack Interior/Prefabs/Floor/RugRectangleSmall.prefab,2458,2.4 KB,A: no text/GUID refs found,"Likely safe, verify in Unity",,No GUID/text reference found by static scan,Do not delete until Unity dependency check confirms,Verify in Unity
Assets/Idyllic Italian Coast Town/Materials/M_skybox 3.mat,2457,2.4 KB,A: no text/GUID refs found,"Likely safe, verify in Unity",,No GUID/text reference found by static scan,Do not delete until Unity dependency check confirms,Verify in Unity
Assets/UnityTechnologies/Basic Asset Pack Interior/Prefabs/Floor/RugRectangleLong.prefab,2456,2.4 KB,A: no text/GUID refs found,"Likely safe, verify in Unity",,No GUID/text reference found by static scan,Do not delete until Unity dependency check confirms,Verify in Unity
Assets/UnityTechnologies/Basic Asset Pack Interior/Prefabs/Furniture/ShelvesTallA.prefab,2453,2.4 KB,A: no text/GUID refs found,"Likely safe, verify in Unity",,No GUID/text reference found by static scan,Do not delete until Unity dependency check confirms,Verify in Unity
Assets/UnityTechnologies/Basic Asset Pack Interior/Prefabs/Furniture/SofaFootRest.prefab,2453,2.4 KB,A: no text/GUID refs found,"Likely safe, verify in Unity",,No GUID/text reference found by static scan,Do not delete until Unity dependency check confirms,Verify in Unity
Assets/UnityTechnologies/Basic Asset Pack Interior/Prefabs/Furniture/ShelfWallSmall.prefab,2452,2.4 KB,A: no text/GUID refs found,"Likely safe, verify in Unity",,No GUID/text reference found by static scan,Do not delete until Unity dependency check confirms,Verify in Unity
Assets/UnityTechnologies/Basic Asset Pack Interior/Prefabs/Furniture/ShelvesMediumA.prefab,2445,2.4 KB,A: no text/GUID refs found,"Likely safe, verify in Unity",,No GUID/text reference found by static scan,Do not delete until Unity dependency check confirms,Verify in Unity
Assets/LowPolyLivingRoomPack/Prefabs/PottedPlant_Small_2.prefab,2443,2.4 KB,A: no text/GUID refs found,"Likely safe, verify in Unity",,No GUID/text reference found by static scan,Do not delete until Unity dependency check confirms,Verify in Unity
Assets/LowPolyLivingRoomPack/Prefabs/PottedPlant_Small_3.prefab,2443,2.4 KB,A: no text/GUID refs found,"Likely safe, verify in Unity",,No GUID/text reference found by static scan,Do not delete until Unity dependency check confirms,Verify in Unity
Assets/LowPolyLivingRoomPack/Prefabs/Painting_Modern_2.prefab,2441,2.4 KB,A: no text/GUID refs found,"Likely safe, verify in Unity",,No GUID/text reference found by static scan,Do not delete until Unity dependency check confirms,Verify in Unity
Assets/LowPolyLivingRoomPack/Prefabs/Armchair_Classic_2.prefab,2441,2.4 KB,A: no text/GUID refs found,"Likely safe, verify in Unity",,No GUID/text reference found by static scan,Do not delete until Unity dependency check confirms,Verify in Unity
Assets/LowPolyLivingRoomPack/Prefabs/Painting_Modern_3.prefab,2441,2.4 KB,A: no text/GUID refs found,"Likely safe, verify in Unity",,No GUID/text reference found by static scan,Do not delete until Unity dependency check confirms,Verify in Unity
Assets/LowPolyLivingRoomPack/Prefabs/TV_remote_control.prefab,2441,2.4 KB,A: no text/GUID refs found,"Likely safe, verify in Unity",,No GUID/text reference found by static scan,Do not delete until Unity dependency check confirms,Verify in Unity
Assets/LowPolyLivingRoomPack/Prefabs/PottedPlant_Tall_3.prefab,2441,2.4 KB,A: no text/GUID refs found,"Likely safe, verify in Unity",,No GUID/text reference found by static scan,Do not delete until Unity dependency check confirms,Verify in Unity
Assets/LowPolyLivingRoomPack/Prefabs/PottedPlant_Tall_2.prefab,2440,2.4 KB,A: no text/GUID refs found,"Likely safe, verify in Unity",,No GUID/text reference found by static scan,Do not delete until Unity dependency check confirms,Verify in Unity
Assets/LowPolyLivingRoomPack/Prefabs/PottedPlant_Tall_1.prefab,2440,2.4 KB,A: no text/GUID refs found,"Likely safe, verify in Unity",,No GUID/text reference found by static scan,Do not delete until Unity dependency check confirms,Verify in Unity
Assets/LowPolyLivingRoomPack/Prefabs/Speaker_Soundbar.prefab,2439,2.4 KB,A: no text/GUID refs found,"Likely safe, verify in Unity",,No GUID/text reference found by static scan,Do not delete until Unity dependency check confirms,Verify in Unity
Assets/LowPolyLivingRoomPack/Prefabs/Armchair_Classic.prefab,2438,2.4 KB,A: no text/GUID refs found,"Likely safe, verify in Unity",,No GUID/text reference found by static scan,Do not delete until Unity dependency check confirms,Verify in Unity
Assets/LowPolyLivingRoomPack/Prefabs/Coffee_table_1.prefab,2438,2.4 KB,A: no text/GUID refs found,"Likely safe, verify in Unity",,No GUID/text reference found by static scan,Do not delete until Unity dependency check confirms,Verify in Unity
Assets/LowPolyLivingRoomPack/Prefabs/Pillow_Square_1.prefab,2438,2.4 KB,A: no text/GUID refs found,"Likely safe, verify in Unity",,No GUID/text reference found by static scan,Do not delete until Unity dependency check confirms,Verify in Unity
Assets/LowPolyLivingRoomPack/Prefabs/Coffee_table_5.prefab,2438,2.4 KB,A: no text/GUID refs found,"Likely safe, verify in Unity",,No GUID/text reference found by static scan,Do not delete until Unity dependency check confirms,Verify in Unity
Assets/LowPolyLivingRoomPack/Prefabs/Coffee_table_2.prefab,2438,2.4 KB,A: no text/GUID refs found,"Likely safe, verify in Unity",,No GUID/text reference found by static scan,Do not delete until Unity dependency check confirms,Verify in Unity
Assets/LowPolyLivingRoomPack/Prefabs/Pillow_Square_2.prefab,2438,2.4 KB,A: no text/GUID refs found,"Likely safe, verify in Unity",,No GUID/text reference found by static scan,Do not delete until Unity dependency check confirms,Verify in Unity
Assets/LowPolyLivingRoomPack/Prefabs/Night_stand_2.prefab,2437,2.4 KB,A: no text/GUID refs found,"Likely safe, verify in Unity",,No GUID/text reference found by static scan,Do not delete until Unity dependency check confirms,Verify in Unity
Assets/LowPolyLivingRoomPack/Prefabs/PottedPlant_Small_1.prefab,2437,2.4 KB,A: no text/GUID refs found,"Likely safe, verify in Unity",,No GUID/text reference found by static scan,Do not delete until Unity dependency check confirms,Verify in Unity
Assets/LowPolyLivingRoomPack/Prefabs/Coffee_table_4.prefab,2437,2.4 KB,A: no text/GUID refs found,"Likely safe, verify in Unity",,No GUID/text reference found by static scan,Do not delete until Unity dependency check confirms,Verify in Unity
Assets/LowPolyLivingRoomPack/Prefabs/Night_light_2.prefab,2437,2.4 KB,A: no text/GUID refs found,"Likely safe, verify in Unity",,No GUID/text reference found by static scan,Do not delete until Unity dependency check confirms,Verify in Unity
Assets/LowPolyLivingRoomPack/Prefabs/Clock_WallRound.prefab,2436,2.4 KB,A: no text/GUID refs found,"Likely safe, verify in Unity",,No GUID/text reference found by static scan,Do not delete until Unity dependency check confirms,Verify in Unity
Assets/LowPolyLivingRoomPack/Prefabs/Nightstand_2.prefab,2436,2.4 KB,A: no text/GUID refs found,"Likely safe, verify in Unity",,No GUID/text reference found by static scan,Do not delete until Unity dependency check confirms,Verify in Unity
Assets/LowPolyLivingRoomPack/Prefabs/Night_light_1.prefab,2436,2.4 KB,A: no text/GUID refs found,"Likely safe, verify in Unity",,No GUID/text reference found by static scan,Do not delete until Unity dependency check confirms,Verify in Unity
Assets/LowPolyLivingRoomPack/Prefabs/Night_stand_1.prefab,2436,2.4 KB,A: no text/GUID refs found,"Likely safe, verify in Unity",,No GUID/text reference found by static scan,Do not delete until Unity dependency check confirms,Verify in Unity
Assets/LowPolyLivingRoomPack/Prefabs/Bookshelf_Tall.prefab,2436,2.4 KB,A: no text/GUID refs found,"Likely safe, verify in Unity",,No GUID/text reference found by static scan,Do not delete until Unity dependency check confirms,Verify in Unity
Assets/LowPolyLivingRoomPack/Prefabs/Gamepad_Classic.prefab,2436,2.4 KB,A: no text/GUID refs found,"Likely safe, verify in Unity",,No GUID/text reference found by static scan,Do not delete until Unity dependency check confirms,Verify in Unity
Assets/LowPolyLivingRoomPack/Prefabs/Coffee_table_3.prefab,2435,2.4 KB,A: no text/GUID refs found,"Likely safe, verify in Unity",,No GUID/text reference found by static scan,Do not delete until Unity dependency check confirms,Verify in Unity
Assets/LowPolyLivingRoomPack/Prefabs/DeskClock_1.prefab,2435,2.4 KB,A: no text/GUID refs found,"Likely safe, verify in Unity",,No GUID/text reference found by static scan,Do not delete until Unity dependency check confirms,Verify in Unity
Assets/LowPolyLivingRoomPack/Prefabs/Night_light_3.prefab,2435,2.4 KB,A: no text/GUID refs found,"Likely safe, verify in Unity",,No GUID/text reference found by static scan,Do not delete until Unity dependency check confirms,Verify in Unity
Assets/LowPolyLivingRoomPack/Prefabs/Night_stand_3.prefab,2435,2.4 KB,A: no text/GUID refs found,"Likely safe, verify in Unity",,No GUID/text reference found by static scan,Do not delete until Unity dependency check confirms,Verify in Unity
Assets/LowPolyLivingRoomPack/Prefabs/DeskClock_2.prefab,2435,2.4 KB,A: no text/GUID refs found,"Likely safe, verify in Unity",,No GUID/text reference found by static scan,Do not delete until Unity dependency check confirms,Verify in Unity
Assets/LowPolyLivingRoomPack/Prefabs/Side_table_1.prefab,2434,2.4 KB,A: no text/GUID refs found,"Likely safe, verify in Unity",,No GUID/text reference found by static scan,Do not delete until Unity dependency check confirms,Verify in Unity
Assets/LowPolyLivingRoomPack/Prefabs/Night_stand_4.prefab,2434,2.4 KB,A: no text/GUID refs found,"Likely safe, verify in Unity",,No GUID/text reference found by static scan,Do not delete until Unity dependency check confirms,Verify in Unity
Assets/LowPolyLivingRoomPack/Prefabs/Nightstand_1.prefab,2434,2.4 KB,A: no text/GUID refs found,"Likely safe, verify in Unity",,No GUID/text reference found by static scan,Do not delete until Unity dependency check confirms,Verify in Unity
Assets/LowPolyLivingRoomPack/Prefabs/Painting_Modern_1.prefab,2434,2.4 KB,A: no text/GUID refs found,"Likely safe, verify in Unity",,No GUID/text reference found by static scan,Do not delete until Unity dependency check confirms,Verify in Unity
Assets/LowPolyLivingRoomPack/Prefabs/Speaker_Floor.prefab,2433,2.4 KB,A: no text/GUID refs found,"Likely safe, verify in Unity",,No GUID/text reference found by static scan,Do not delete until Unity dependency check confirms,Verify in Unity
Assets/LowPolyLivingRoomPack/Prefabs/DVD_Player.prefab,2433,2.4 KB,A: no text/GUID refs found,"Likely safe, verify in Unity",,No GUID/text reference found by static scan,Do not delete until Unity dependency check confirms,Verify in Unity
Assets/LowPolyLivingRoomPack/Prefabs/Newspaper.prefab,2432,2.4 KB,A: no text/GUID refs found,"Likely safe, verify in Unity",,No GUID/text reference found by static scan,Do not delete until Unity dependency check confirms,Verify in Unity
Assets/LowPolyLivingRoomPack/Prefabs/Console_Modern.prefab,2432,2.4 KB,A: no text/GUID refs found,"Likely safe, verify in Unity",,No GUID/text reference found by static scan,Do not delete until Unity dependency check confirms,Verify in Unity
Assets/UnityTechnologies/Basic Asset Pack Interior/Prefabs/Props/Mug.prefab,2432,2.4 KB,A: no text/GUID refs found,"Likely safe, verify in Unity",,No GUID/text reference found by static scan,Do not delete until Unity dependency check confirms,Verify in Unity
Assets/LowPolyLivingRoomPack/Prefabs/Stool_4.prefab,2431,2.4 KB,A: no text/GUID refs found,"Likely safe, verify in Unity",,No GUID/text reference found by static scan,Do not delete until Unity dependency check confirms,Verify in Unity
Assets/LowPolyLivingRoomPack/Prefabs/Carpet_2.prefab,2431,2.4 KB,A: no text/GUID refs found,"Likely safe, verify in Unity",,No GUID/text reference found by static scan,Do not delete until Unity dependency check confirms,Verify in Unity
Assets/LowPolyLivingRoomPack/Prefabs/Stool_2.prefab,2431,2.4 KB,A: no text/GUID refs found,"Likely safe, verify in Unity",,No GUID/text reference found by static scan,Do not delete until Unity dependency check confirms,Verify in Unity
Assets/LowPolyLivingRoomPack/Prefabs/TV_Retro.prefab,2431,2.4 KB,A: no text/GUID refs found,"Likely safe, verify in Unity",,No GUID/text reference found by static scan,Do not delete until Unity dependency check confirms,Verify in Unity
Assets/LowPolyLivingRoomPack/Prefabs/Sofa_2Seat.prefab,2430,2.4 KB,A: no text/GUID refs found,"Likely safe, verify in Unity",,No GUID/text reference found by static scan,Do not delete until Unity dependency check confirms,Verify in Unity
Assets/LowPolyLivingRoomPack/Prefabs/Book_1.prefab,2430,2.4 KB,A: no text/GUID refs found,"Likely safe, verify in Unity",,No GUID/text reference found by static scan,Do not delete until Unity dependency check confirms,Verify in Unity
Assets/LowPolyLivingRoomPack/Prefabs/Book_5.prefab,2430,2.4 KB,A: no text/GUID refs found,"Likely safe, verify in Unity",,No GUID/text reference found by static scan,Do not delete until Unity dependency check confirms,Verify in Unity
Assets/LowPolyLivingRoomPack/Prefabs/TV_Modern.prefab,2430,2.4 KB,A: no text/GUID refs found,"Likely safe, verify in Unity",,No GUID/text reference found by static scan,Do not delete until Unity dependency check confirms,Verify in Unity
Assets/LowPolyLivingRoomPack/Prefabs/Box_Open.prefab,2430,2.4 KB,A: no text/GUID refs found,"Likely safe, verify in Unity",,No GUID/text reference found by static scan,Do not delete until Unity dependency check confirms,Verify in Unity
Assets/LowPolyLivingRoomPack/Prefabs/Mirror.prefab,2430,2.4 KB,A: no text/GUID refs found,"Likely safe, verify in Unity",,No GUID/text reference found by static scan,Do not delete until Unity dependency check confirms,Verify in Unity
Assets/LowPolyLivingRoomPack/Prefabs/Carpet_1.prefab,2430,2.4 KB,A: no text/GUID refs found,"Likely safe, verify in Unity",,No GUID/text reference found by static scan,Do not delete until Unity dependency check confirms,Verify in Unity
Assets/LowPolyLivingRoomPack/Prefabs/Hanger.prefab,2429,2.4 KB,A: no text/GUID refs found,"Likely safe, verify in Unity",,No GUID/text reference found by static scan,Do not delete until Unity dependency check confirms,Verify in Unity
Assets/LowPolyLivingRoomPack/Prefabs/Book_3.prefab,2429,2.4 KB,A: no text/GUID refs found,"Likely safe, verify in Unity",,No GUID/text reference found by static scan,Do not delete until Unity dependency check confirms,Verify in Unity
Assets/LowPolyLivingRoomPack/Prefabs/Vase_3.prefab,2429,2.4 KB,A: no text/GUID refs found,"Likely safe, verify in Unity",,No GUID/text reference found by static scan,Do not delete until Unity dependency check confirms,Verify in Unity
Assets/LowPolyLivingRoomPack/Prefabs/Table.prefab,2429,2.4 KB,A: no text/GUID refs found,"Likely safe, verify in Unity",,No GUID/text reference found by static scan,Do not delete until Unity dependency check confirms,Verify in Unity
Assets/LowPolyLivingRoomPack/Prefabs/Stereo_MainUnit.prefab,2429,2.4 KB,A: no text/GUID refs found,"Likely safe, verify in Unity",,No GUID/text reference found by static scan,Do not delete until Unity dependency check confirms,Verify in Unity
Assets/LowPolyLivingRoomPack/Prefabs/Box_2.prefab,2429,2.4 KB,A: no text/GUID refs found,"Likely safe, verify in Unity",,No GUID/text reference found by static scan,Do not delete until Unity dependency check confirms,Verify in Unity
Assets/LowPolyLivingRoomPack/Prefabs/Book_8.prefab,2429,2.4 KB,A: no text/GUID refs found,"Likely safe, verify in Unity",,No GUID/text reference found by static scan,Do not delete until Unity dependency check confirms,Verify in Unity
Assets/LowPolyLivingRoomPack/Prefabs/Stool_1.prefab,2429,2.4 KB,A: no text/GUID refs found,"Likely safe, verify in Unity",,No GUID/text reference found by static scan,Do not delete until Unity dependency check confirms,Verify in Unity
Assets/LowPolyLivingRoomPack/Prefabs/Vase_1.prefab,2428,2.4 KB,A: no text/GUID refs found,"Likely safe, verify in Unity",,No GUID/text reference found by static scan,Do not delete until Unity dependency check confirms,Verify in Unity
Assets/LowPolyLivingRoomPack/Prefabs/Book_10.prefab,2428,2.4 KB,A: no text/GUID refs found,"Likely safe, verify in Unity",,No GUID/text reference found by static scan,Do not delete until Unity dependency check confirms,Verify in Unity
Assets/LowPolyLivingRoomPack/Prefabs/Book_9.prefab,2428,2.4 KB,A: no text/GUID refs found,"Likely safe, verify in Unity",,No GUID/text reference found by static scan,Do not delete until Unity dependency check confirms,Verify in Unity
Assets/UnityTechnologies/Basic Asset Pack Interior/Prefabs/Floor/Floor2x4m.prefab,2428,2.4 KB,A: no text/GUID refs found,"Likely safe, verify in Unity",,No GUID/text reference found by static scan,Do not delete until Unity dependency check confirms,Verify in Unity
Assets/LowPolyLivingRoomPack/Prefabs/Mug.prefab,2427,2.4 KB,A: no text/GUID refs found,"Likely safe, verify in Unity",,No GUID/text reference found by static scan,Do not delete until Unity dependency check confirms,Verify in Unity
Assets/LowPolyLivingRoomPack/Prefabs/Book_6.prefab,2427,2.4 KB,A: no text/GUID refs found,"Likely safe, verify in Unity",,No GUID/text reference found by static scan,Do not delete until Unity dependency check confirms,Verify in Unity
Assets/UnityTechnologies/Basic Asset Pack Interior/Prefabs/Floor/Floor2m.prefab,2427,2.4 KB,A: no text/GUID refs found,"Likely safe, verify in Unity",,No GUID/text reference found by static scan,Do not delete until Unity dependency check confirms,Verify in Unity
Assets/UnityTechnologies/Basic Asset Pack Interior/Prefabs/Floor/Floor1m.prefab,2427,2.4 KB,A: no text/GUID refs found,"Likely safe, verify in Unity",,No GUID/text reference found by static scan,Do not delete until Unity dependency check confirms,Verify in Unity
Assets/LowPolyLivingRoomPack/Prefabs/Book_4.prefab,2426,2.4 KB,A: no text/GUID refs found,"Likely safe, verify in Unity",,No GUID/text reference found by static scan,Do not delete until Unity dependency check confirms,Verify in Unity
Assets/UnityTechnologies/Basic Asset Pack Interior/Prefabs/Floor/Floor3m.prefab,2426,2.4 KB,A: no text/GUID refs found,"Likely safe, verify in Unity",,No GUID/text reference found by static scan,Do not delete until Unity dependency check confirms,Verify in Unity
Assets/LowPolyLivingRoomPack/Prefabs/Stool_3.prefab,2425,2.4 KB,A: no text/GUID refs found,"Likely safe, verify in Unity",,No GUID/text reference found by static scan,Do not delete until Unity dependency check confirms,Verify in Unity
Assets/LowPolyLivingRoomPack/Prefabs/Vase_2.prefab,2424,2.4 KB,A: no text/GUID refs found,"Likely safe, verify in Unity",,No GUID/text reference found by static scan,Do not delete until Unity dependency check confirms,Verify in Unity
Assets/LowPolyLivingRoomPack/Prefabs/Book_7.prefab,2423,2.4 KB,A: no text/GUID refs found,"Likely safe, verify in Unity",,No GUID/text reference found by static scan,Do not delete until Unity dependency check confirms,Verify in Unity
Assets/LowPolyLivingRoomPack/Prefabs/Box_1.prefab,2423,2.4 KB,A: no text/GUID refs found,"Likely safe, verify in Unity",,No GUID/text reference found by static scan,Do not delete until Unity dependency check confirms,Verify in Unity
Assets/LowPolyLivingRoomPack/Prefabs/Book_2.prefab,2423,2.4 KB,A: no text/GUID refs found,"Likely safe, verify in Unity",,No GUID/text reference found by static scan,Do not delete until Unity dependency check confirms,Verify in Unity
Assets/UnityTechnologies/Basic Asset Pack Interior/Prefabs/Floor/Floor4m.prefab,2421,2.4 KB,A: no text/GUID refs found,"Likely safe, verify in Unity",,No GUID/text reference found by static scan,Do not delete until Unity dependency check confirms,Verify in Unity
Assets/TerrainSampleAssets/Prefabs/GrassDry_B.prefab,2419,2.4 KB,A: no text/GUID refs found,"Likely safe, verify in Unity",,No GUID/text reference found by static scan,Do not delete until Unity dependency check confirms,Verify in Unity
Assets/TerrainSampleAssets/Prefabs/GrassDry_A.prefab,2419,2.4 KB,A: no text/GUID refs found,"Likely safe, verify in Unity",,No GUID/text reference found by static scan,Do not delete until Unity dependency check confirms,Verify in Unity
Assets/TerrainSampleAssets/Prefabs/GrassDry_C.prefab,2419,2.4 KB,A: no text/GUID refs found,"Likely safe, verify in Unity",,No GUID/text reference found by static scan,Do not delete until Unity dependency check confirms,Verify in Unity
Assets/TerrainSampleAssets/Prefabs/BushDry_A.prefab,2418,2.4 KB,A: no text/GUID refs found,"Likely safe, verify in Unity",,No GUID/text reference found by static scan,Do not delete until Unity dependency check confirms,Verify in Unity
Assets/TerrainSampleAssets/Prefabs/Heather_A.prefab,2418,2.4 KB,A: no text/GUID refs found,"Likely safe, verify in Unity",,No GUID/text reference found by static scan,Do not delete until Unity dependency check confirms,Verify in Unity
Assets/TerrainSampleAssets/Prefabs/Plant_B.prefab,2416,2.4 KB,A: no text/GUID refs found,"Likely safe, verify in Unity",,No GUID/text reference found by static scan,Do not delete until Unity dependency check confirms,Verify in Unity
Assets/TerrainSampleAssets/Prefabs/Plant_D.prefab,2416,2.4 KB,A: no text/GUID refs found,"Likely safe, verify in Unity",,No GUID/text reference found by static scan,Do not delete until Unity dependency check confirms,Verify in Unity
Assets/TerrainSampleAssets/Prefabs/Fern_B.prefab,2415,2.4 KB,A: no text/GUID refs found,"Likely safe, verify in Unity",,No GUID/text reference found by static scan,Do not delete until Unity dependency check confirms,Verify in Unity
Assets/TerrainSampleAssets/Prefabs/Fern_C.prefab,2415,2.4 KB,A: no text/GUID refs found,"Likely safe, verify in Unity",,No GUID/text reference found by static scan,Do not delete until Unity dependency check confirms,Verify in Unity
Assets/TerrainSampleAssets/Prefabs/Fern_A.prefab,2415,2.4 KB,A: no text/GUID refs found,"Likely safe, verify in Unity",,No GUID/text reference found by static scan,Do not delete until Unity dependency check confirms,Verify in Unity
Assets/TerrainSampleAssets/Prefabs/Heather_B.prefab,2414,2.4 KB,A: no text/GUID refs found,"Likely safe, verify in Unity",,No GUID/text reference found by static scan,Do not delete until Unity dependency check confirms,Verify in Unity
Assets/TerrainSampleAssets/Prefabs/Plant_C.prefab,2414,2.4 KB,A: no text/GUID refs found,"Likely safe, verify in Unity",,No GUID/text reference found by static scan,Do not delete until Unity dependency check confirms,Verify in Unity
Assets/TerrainSampleAssets/Prefabs/Bush_B.prefab,2413,2.4 KB,A: no text/GUID refs found,"Likely safe, verify in Unity",,No GUID/text reference found by static scan,Do not delete until Unity dependency check confirms,Verify in Unity
Assets/TerrainSampleAssets/Prefabs/Bush_A.prefab,2413,2.4 KB,A: no text/GUID refs found,"Likely safe, verify in Unity",,No GUID/text reference found by static scan,Do not delete until Unity dependency check confirms,Verify in Unity
Assets/TerrainSampleAssets/Prefabs/Grass_B.prefab,2412,2.4 KB,A: no text/GUID refs found,"Likely safe, verify in Unity",,No GUID/text reference found by static scan,Do not delete until Unity dependency check confirms,Verify in Unity
Assets/TerrainSampleAssets/Prefabs/Plant_A.prefab,2412,2.4 KB,A: no text/GUID refs found,"Likely safe, verify in Unity",,No GUID/text reference found by static scan,Do not delete until Unity dependency check confirms,Verify in Unity
Assets/TerrainSampleAssets/Prefabs/BushDry_B.prefab,2412,2.4 KB,A: no text/GUID refs found,"Likely safe, verify in Unity",,No GUID/text reference found by static scan,Do not delete until Unity dependency check confirms,Verify in Unity
Assets/TerrainSampleAssets/Prefabs/Grass_A.prefab,2412,2.4 KB,A: no text/GUID refs found,"Likely safe, verify in Unity",,No GUID/text reference found by static scan,Do not delete until Unity dependency check confirms,Verify in Unity
Assets/TerrainSampleAssets/Prefabs/Grass_C.prefab,2410,2.4 KB,A: no text/GUID refs found,"Likely safe, verify in Unity",,No GUID/text reference found by static scan,Do not delete until Unity dependency check confirms,Verify in Unity
Assets/StarterAssets/Readme.asset,2332,2.3 KB,A: no text/GUID refs found,"Likely safe, verify in Unity",,No GUID/text reference found by static scan,Do not delete until Unity dependency check confirms,High-risk deletion
Assets/TextMesh Pro/Shaders/TMPro.cginc,2277,2.2 KB,A: no text/GUID refs found,"Likely safe, verify in Unity",,No GUID/text reference found by static scan,Do not delete until Unity dependency check confirms,Verify in Unity
Assets/BCaT/SceneTransitions/Scripts/SceneTransitionState.cs,2180,2.1 KB,A: no text/GUID refs found,Unknown/runtime-loaded,,No GUID/text reference found by static scan,Do not delete until Unity dependency check confirms,High-risk deletion
Assets/Yughues Free Palm Trees/Demo/PreviewSettings.lighting,1976,1.9 KB,A: no text/GUID refs found,"Likely safe, verify in Unity",,No GUID/text reference found by static scan,Do not delete until Unity dependency check confirms,Verify in Unity
Assets/Coconut Palm Tree Pack/Materials/Parts/Coconut_Palm_Tree_Leaf1.mat,1968,1.9 KB,A: no text/GUID refs found,"Likely safe, verify in Unity",,No GUID/text reference found by static scan,Do not delete until Unity dependency check confirms,Verify in Unity
Assets/RealBlend/VertexColorPalettes/Color_Example2.json,1790,1.7 KB,A: no text/GUID refs found,"Likely safe, verify in Unity",,No GUID/text reference found by static scan,Do not delete until Unity dependency check confirms,Verify in Unity
Assets/Samples/XR Interaction Toolkit/3.3.1/Starter Assets/DemoSceneAssets/Materials/MaterialPipelineHandler.asset,1787,1.7 KB,A: no text/GUID refs found,"Likely safe, verify in Unity",,No GUID/text reference found by static scan,Do not delete until Unity dependency check confirms,High-risk deletion
Assets/RealBlend/VertexColorPalettes/Color_Example.json,1742,1.7 KB,A: no text/GUID refs found,"Likely safe, verify in Unity",,No GUID/text reference found by static scan,Do not delete until Unity dependency check confirms,Verify in Unity
Assets/Samples/XR Interaction Toolkit/3.3.1/Starter Assets/Prefabs/Permissions Manager.prefab,1707,1.7 KB,A: no text/GUID refs found,"Likely safe, verify in Unity",,No GUID/text reference found by static scan,Do not delete until Unity dependency check confirms,Verify in Unity
Assets/XR/XRGeneralSettingsPerBuildTarget.asset,1693,1.7 KB,A: no text/GUID refs found,"Likely safe, verify in Unity",,No GUID/text reference found by static scan,Do not delete until Unity dependency check confirms,High-risk deletion
Assets/TerrainSampleAssets/TerrainBrushes/Soft_Round_Brush.brush,1483,1.4 KB,A: no text/GUID refs found,"Likely safe, verify in Unity",,No GUID/text reference found by static scan,Do not delete until Unity dependency check confirms,Verify in Unity
Assets/Coconut Palm Tree Pack/Materials/Parts/Coconut_Palm_Tree_Bark2.mat,1473,1.4 KB,A: no text/GUID refs found,"Likely safe, verify in Unity",,No GUID/text reference found by static scan,Do not delete until Unity dependency check confirms,Verify in Unity
Assets/Coconut Palm Tree Pack/Materials/Parts/Coconut_Palm_Tree_Bark1.mat,1471,1.4 KB,A: no text/GUID refs found,"Likely safe, verify in Unity",,No GUID/text reference found by static scan,Do not delete until Unity dependency check confirms,Verify in Unity
Assets/Readme.asset,1144,1.1 KB,A: no text/GUID refs found,"Likely safe, verify in Unity",,No GUID/text reference found by static scan,Do not delete until Unity dependency check confirms,High-risk deletion
Assets/IgniteCoders/Simple Water Shader/Info/Readme.asset,1098,1.1 KB,A: no text/GUID refs found,"Likely safe, verify in Unity",,No GUID/text reference found by static scan,Do not delete until Unity dependency check confirms,High-risk deletion
Assets/TerrainSampleAssets/TerrainBrushes/Terrainstamp_Plateau01_Brush.brush,1071,1.0 KB,A: no text/GUID refs found,"Likely safe, verify in Unity",,No GUID/text reference found by static scan,Do not delete until Unity dependency check confirms,Verify in Unity
Assets/TerrainSampleAssets/TerrainBrushes/Terrainstamp_Crackedground02_Brush.brush,1059,1.0 KB,A: no text/GUID refs found,"Likely safe, verify in Unity",,No GUID/text reference found by static scan,Do not delete until Unity dependency check confirms,Verify in Unity
Assets/TerrainSampleAssets/TerrainBrushes/Terrainstamp_Rollinghills01_Brush.brush,1059,1.0 KB,A: no text/GUID refs found,"Likely safe, verify in Unity",,No GUID/text reference found by static scan,Do not delete until Unity dependency check confirms,Verify in Unity
Assets/TerrainSampleAssets/TerrainBrushes/Terrainstamp_Ridge06_Brush.brush,1059,1.0 KB,A: no text/GUID refs found,"Likely safe, verify in Unity",,No GUID/text reference found by static scan,Do not delete until Unity dependency check confirms,Verify in Unity
Assets/TerrainSampleAssets/TerrainBrushes/Terrainstamp_Flatmountain01_Brush.brush,1058,1.0 KB,A: no text/GUID refs found,"Likely safe, verify in Unity",,No GUID/text reference found by static scan,Do not delete until Unity dependency check confirms,Verify in Unity
Assets/TerrainSampleAssets/TerrainBrushes/Terrainstamp_Slope03_Brush.brush,1056,1.0 KB,A: no text/GUID refs found,"Likely safe, verify in Unity",,No GUID/text reference found by static scan,Do not delete until Unity dependency check confirms,Verify in Unity
Assets/TerrainSampleAssets/TerrainBrushes/Terrainstamp_Ridgeedge01_Brush.brush,1055,1.0 KB,A: no text/GUID refs found,"Likely safe, verify in Unity",,No GUID/text reference found by static scan,Do not delete until Unity dependency check confirms,Verify in Unity
Assets/TerrainSampleAssets/TerrainBrushes/Terrainstamp_Softpeaks01_Brush.brush,1055,1.0 KB,A: no text/GUID refs found,"Likely safe, verify in Unity",,No GUID/text reference found by static scan,Do not delete until Unity dependency check confirms,Verify in Unity
Assets/TerrainSampleAssets/TerrainBrushes/Terrainstamp_Mountain03_Brush.brush,1054,1.0 KB,A: no text/GUID refs found,"Likely safe, verify in Unity",,No GUID/text reference found by static scan,Do not delete until Unity dependency check confirms,Verify in Unity
Assets/TerrainSampleAssets/TerrainBrushes/Terrainstamp_Mountain06_Brush.brush,1054,1.0 KB,A: no text/GUID refs found,"Likely safe, verify in Unity",,No GUID/text reference found by static scan,Do not delete until Unity dependency check confirms,Verify in Unity
Assets/TerrainSampleAssets/TerrainBrushes/Terrainstamp_Mountain10_Brush.brush,1054,1.0 KB,A: no text/GUID refs found,"Likely safe, verify in Unity",,No GUID/text reference found by static scan,Do not delete until Unity dependency check confirms,Verify in Unity
Assets/TerrainSampleAssets/TerrainBrushes/Terrainstamp_Mountain05_Brush.brush,1054,1.0 KB,A: no text/GUID refs found,"Likely safe, verify in Unity",,No GUID/text reference found by static scan,Do not delete until Unity dependency check confirms,Verify in Unity
Assets/TerrainSampleAssets/TerrainBrushes/Terrainstamp_Mountain09_Brush.brush,1054,1.0 KB,A: no text/GUID refs found,"Likely safe, verify in Unity",,No GUID/text reference found by static scan,Do not delete until Unity dependency check confirms,Verify in Unity
Assets/TerrainSampleAssets/TerrainBrushes/Terrainstamp_Mountain07_Brush.brush,1054,1.0 KB,A: no text/GUID refs found,"Likely safe, verify in Unity",,No GUID/text reference found by static scan,Do not delete until Unity dependency check confirms,Verify in Unity
Assets/TerrainSampleAssets/TerrainBrushes/Terrainstamp_Mountain02_Brush.brush,1054,1.0 KB,A: no text/GUID refs found,"Likely safe, verify in Unity",,No GUID/text reference found by static scan,Do not delete until Unity dependency check confirms,Verify in Unity
Assets/TerrainSampleAssets/TerrainBrushes/Terrainstamp_Mountain08_Brush.brush,1054,1.0 KB,A: no text/GUID refs found,"Likely safe, verify in Unity",,No GUID/text reference found by static scan,Do not delete until Unity dependency check confirms,Verify in Unity
Assets/TerrainSampleAssets/TerrainBrushes/Terrainstamp_Mountain01_Brush.brush,1054,1.0 KB,A: no text/GUID refs found,"Likely safe, verify in Unity",,No GUID/text reference found by static scan,Do not delete until Unity dependency check confirms,Verify in Unity
Assets/TerrainSampleAssets/TerrainBrushes/Terrainstamp_Mountain04_Brush.brush,1054,1.0 KB,A: no text/GUID refs found,"Likely safe, verify in Unity",,No GUID/text reference found by static scan,Do not delete until Unity dependency check confirms,Verify in Unity
Assets/TerrainSampleAssets/TerrainBrushes/Terrainstamp_Mountain11_Brush.brush,1054,1.0 KB,A: no text/GUID refs found,"Likely safe, verify in Unity",,No GUID/text reference found by static scan,Do not delete until Unity dependency check confirms,Verify in Unity
Assets/TerrainSampleAssets/TerrainBrushes/Terrainstamp_Plateau03_Brush.brush,1053,1.0 KB,A: no text/GUID refs found,"Likely safe, verify in Unity",,No GUID/text reference found by static scan,Do not delete until Unity dependency check confirms,Verify in Unity
Assets/TerrainSampleAssets/TerrainBrushes/Terrainstamp_Plateau02_Brush.brush,1053,1.0 KB,A: no text/GUID refs found,"Likely safe, verify in Unity",,No GUID/text reference found by static scan,Do not delete until Unity dependency check confirms,Verify in Unity
Assets/TerrainSampleAssets/TerrainBrushes/Terrainstamp_Canyon04_Brush.brush,1052,1.0 KB,A: no text/GUID refs found,"Likely safe, verify in Unity",,No GUID/text reference found by static scan,Do not delete until Unity dependency check confirms,Verify in Unity
Assets/TerrainSampleAssets/TerrainBrushes/Terrainstamp_Hills02_Brush.brush,1052,1.0 KB,A: no text/GUID refs found,"Likely safe, verify in Unity",,No GUID/text reference found by static scan,Do not delete until Unity dependency check confirms,Verify in Unity
Assets/TerrainSampleAssets/TerrainBrushes/Terrainstamp_Canyon01_Brush.brush,1052,1.0 KB,A: no text/GUID refs found,"Likely safe, verify in Unity",,No GUID/text reference found by static scan,Do not delete until Unity dependency check confirms,Verify in Unity
Assets/TerrainSampleAssets/TerrainBrushes/Terrainstamp_Island01_Brush.brush,1052,1.0 KB,A: no text/GUID refs found,"Likely safe, verify in Unity",,No GUID/text reference found by static scan,Do not delete until Unity dependency check confirms,Verify in Unity
Assets/TerrainSampleAssets/TerrainBrushes/Terrainstamp_Canyon02_Brush.brush,1052,1.0 KB,A: no text/GUID refs found,"Likely safe, verify in Unity",,No GUID/text reference found by static scan,Do not delete until Unity dependency check confirms,Verify in Unity
Assets/TerrainSampleAssets/TerrainBrushes/Terrainstamp_Canyon05_Brush.brush,1052,1.0 KB,A: no text/GUID refs found,"Likely safe, verify in Unity",,No GUID/text reference found by static scan,Do not delete until Unity dependency check confirms,Verify in Unity
Assets/TerrainSampleAssets/TerrainBrushes/Terrainstamp_Erode01_Brush.brush,1051,1.0 KB,A: no text/GUID refs found,"Likely safe, verify in Unity",,No GUID/text reference found by static scan,Do not delete until Unity dependency check confirms,Verify in Unity
Assets/TerrainSampleAssets/TerrainBrushes/Terrainstamp_Slope02_Brush.brush,1051,1.0 KB,A: no text/GUID refs found,"Likely safe, verify in Unity",,No GUID/text reference found by static scan,Do not delete until Unity dependency check confirms,Verify in Unity
Assets/TerrainSampleAssets/TerrainBrushes/Terrainstamp_Ridge01_Brush.brush,1051,1.0 KB,A: no text/GUID refs found,"Likely safe, verify in Unity",,No GUID/text reference found by static scan,Do not delete until Unity dependency check confirms,Verify in Unity
Assets/TerrainSampleAssets/TerrainBrushes/Terrainstamp_Ridge04_Brush.brush,1051,1.0 KB,A: no text/GUID refs found,"Likely safe, verify in Unity",,No GUID/text reference found by static scan,Do not delete until Unity dependency check confirms,Verify in Unity
Assets/TerrainSampleAssets/TerrainBrushes/Terrainstamp_Slope04_Brush.brush,1051,1.0 KB,A: no text/GUID refs found,"Likely safe, verify in Unity",,No GUID/text reference found by static scan,Do not delete until Unity dependency check confirms,Verify in Unity
Assets/TerrainSampleAssets/TerrainBrushes/Terrainstamp_Crackedground01_Brush.brush,1051,1.0 KB,A: no text/GUID refs found,"Likely safe, verify in Unity",,No GUID/text reference found by static scan,Do not delete until Unity dependency check confirms,Verify in Unity
Assets/TerrainSampleAssets/TerrainBrushes/Terrainstamp_Hills01_Brush.brush,1051,1.0 KB,A: no text/GUID refs found,"Likely safe, verify in Unity",,No GUID/text reference found by static scan,Do not delete until Unity dependency check confirms,Verify in Unity
Assets/TerrainSampleAssets/TerrainBrushes/Terrainstamp_Ridge02_Brush.brush,1051,1.0 KB,A: no text/GUID refs found,"Likely safe, verify in Unity",,No GUID/text reference found by static scan,Do not delete until Unity dependency check confirms,Verify in Unity
Assets/TerrainSampleAssets/TerrainBrushes/Terrainstamp_Slope01_Brush.brush,1051,1.0 KB,A: no text/GUID refs found,"Likely safe, verify in Unity",,No GUID/text reference found by static scan,Do not delete until Unity dependency check confirms,Verify in Unity
Assets/TerrainSampleAssets/TerrainBrushes/Terrainstamp_Erode02_Brush.brush,1051,1.0 KB,A: no text/GUID refs found,"Likely safe, verify in Unity",,No GUID/text reference found by static scan,Do not delete until Unity dependency check confirms,Verify in Unity
Assets/TerrainSampleAssets/TerrainBrushes/Terrainstamp_Ridge05_Brush.brush,1051,1.0 KB,A: no text/GUID refs found,"Likely safe, verify in Unity",,No GUID/text reference found by static scan,Do not delete until Unity dependency check confirms,Verify in Unity
Assets/TerrainSampleAssets/TerrainBrushes/Terrainstamp_Ridge03_Brush.brush,1051,1.0 KB,A: no text/GUID refs found,"Likely safe, verify in Unity",,No GUID/text reference found by static scan,Do not delete until Unity dependency check confirms,Verify in Unity
Assets/TerrainSampleAssets/TerrainBrushes/Terrainstamp_Canyon03_Brush.brush,1047,1.0 KB,A: no text/GUID refs found,"Likely safe, verify in Unity",,No GUID/text reference found by static scan,Do not delete until Unity dependency check confirms,Verify in Unity
Assets/TerrainSampleAssets/TerrainBrushes/Terrainstamp_Volcano01_Brush.brush,1045,1.0 KB,A: no text/GUID refs found,"Likely safe, verify in Unity",,No GUID/text reference found by static scan,Do not delete until Unity dependency check confirms,Verify in Unity
Assets/TerrainSampleAssets/TerrainBrushes/Terrainstamp_Volcano02_Brush.brush,1045,1.0 KB,A: no text/GUID refs found,"Likely safe, verify in Unity",,No GUID/text reference found by static scan,Do not delete until Unity dependency check confirms,Verify in Unity
Assets/TerrainSampleAssets/TerrainBrushes/Noise_Soft_Brush.brush,1033,1.0 KB,A: no text/GUID refs found,"Likely safe, verify in Unity",,No GUID/text reference found by static scan,Do not delete until Unity dependency check confirms,Verify in Unity
Assets/TerrainSampleAssets/ShaderGraphs/CustomFunctions/CustomLighting.hlsl,963,963 B,A: no text/GUID refs found,"Likely safe, verify in Unity",,No GUID/text reference found by static scan,Do not delete until Unity dependency check confirms,Verify in Unity
Assets/BCaT/Exhibits/BlackKitchen/Scripts/BlackKitchenInteractionGate.cs,899,899 B,A: no text/GUID refs found,Unknown/runtime-loaded,,No GUID/text reference found by static scan,Do not delete until Unity dependency check confirms,High-risk deletion
Assets/TerrainSampleAssets/TerrainLayers/Grass_Moss_TerrainLayer.terrainlayer,897,897 B,A: no text/GUID refs found,"Likely safe, verify in Unity",,No GUID/text reference found by static scan,Do not delete until Unity dependency check confirms,Verify in Unity
Assets/TerrainSampleAssets/TerrainLayers/Rock_TerrainLayer.terrainlayer,877,877 B,A: no text/GUID refs found,"Likely safe, verify in Unity",,No GUID/text reference found by static scan,Do not delete until Unity dependency check confirms,Verify in Unity
Assets/TerrainSampleAssets/TerrainLayers/Grass_B_TerrainLayer.terrainlayer,872,872 B,A: no text/GUID refs found,"Likely safe, verify in Unity",,No GUID/text reference found by static scan,Do not delete until Unity dependency check confirms,Verify in Unity
Assets/TerrainSampleAssets/TerrainLayers/Grass_A_TerrainLayer.terrainlayer,871,871 B,A: no text/GUID refs found,"Likely safe, verify in Unity",,No GUID/text reference found by static scan,Do not delete until Unity dependency check confirms,Verify in Unity
Assets/TerrainSampleAssets/TerrainLayers/Black_Sand_TerrainLayer.terrainlayer,868,868 B,A: no text/GUID refs found,"Likely safe, verify in Unity",,No GUID/text reference found by static scan,Do not delete until Unity dependency check confirms,Verify in Unity
Assets/TerrainSampleAssets/TerrainLayers/Tidal_Pools_TerrainLayer.terrainlayer,868,868 B,A: no text/GUID refs found,"Likely safe, verify in Unity",,No GUID/text reference found by static scan,Do not delete until Unity dependency check confirms,Verify in Unity
Assets/TerrainSampleAssets/TerrainLayers/Pebbles_B_TerrainLayer.terrainlayer,864,864 B,A: no text/GUID refs found,"Likely safe, verify in Unity",,No GUID/text reference found by static scan,Do not delete until Unity dependency check confirms,Verify in Unity
Assets/NewLayer 5.terrainlayer,861,861 B,A: no text/GUID refs found,"Likely safe, verify in Unity",,No GUID/text reference found by static scan,Do not delete until Unity dependency check confirms,Verify in Unity
Assets/NewLayer 1.terrainlayer,861,861 B,A: no text/GUID refs found,"Likely safe, verify in Unity",,No GUID/text reference found by static scan,Do not delete until Unity dependency check confirms,Verify in Unity
Assets/NewLayer.terrainlayer,859,859 B,A: no text/GUID refs found,"Likely safe, verify in Unity",,No GUID/text reference found by static scan,Do not delete until Unity dependency check confirms,Verify in Unity
Assets/Samples/XR Interaction Toolkit/3.3.1/Starter Assets/Scripts/DestroySelf.cs,856,856 B,A: no text/GUID refs found,Unknown/runtime-loaded,,No GUID/text reference found by static scan,Do not delete until Unity dependency check confirms,High-risk deletion
Assets/TerrainSampleAssets/TerrainLayers/Grass_Soil_TerrainLayer.terrainlayer,852,852 B,A: no text/GUID refs found,"Likely safe, verify in Unity",,No GUID/text reference found by static scan,Do not delete until Unity dependency check confirms,Verify in Unity
Assets/TerrainSampleAssets/TerrainLayers/Soil_Rocks_TerrainLayer.terrainlayer,850,850 B,A: no text/GUID refs found,"Likely safe, verify in Unity",,No GUID/text reference found by static scan,Do not delete until Unity dependency check confirms,Verify in Unity
Assets/TerrainSampleAssets/TerrainLayers/Grass_Dry_TerrainLayer.terrainlayer,849,849 B,A: no text/GUID refs found,"Likely safe, verify in Unity",,No GUID/text reference found by static scan,Do not delete until Unity dependency check confirms,Verify in Unity
Assets/TerrainSampleAssets/TerrainLayers/Pebbles_A_TerrainLayer.terrainlayer,849,849 B,A: no text/GUID refs found,"Likely safe, verify in Unity",,No GUID/text reference found by static scan,Do not delete until Unity dependency check confirms,Verify in Unity
Assets/TerrainSampleAssets/TerrainLayers/Pebbles_C_TerrainLayer.terrainlayer,849,849 B,A: no text/GUID refs found,"Likely safe, verify in Unity",,No GUID/text reference found by static scan,Do not delete until Unity dependency check confirms,Verify in Unity
Assets/TerrainSampleAssets/TerrainLayers/Heather_TerrainLayer.terrainlayer,847,847 B,A: no text/GUID refs found,"Likely safe, verify in Unity",,No GUID/text reference found by static scan,Do not delete until Unity dependency check confirms,Verify in Unity
Assets/TerrainSampleAssets/TerrainLayers/Muddy_TerrainLayer.terrainlayer,845,845 B,A: no text/GUID refs found,"Likely safe, verify in Unity",,No GUID/text reference found by static scan,Do not delete until Unity dependency check confirms,Verify in Unity
Assets/TerrainSampleAssets/TerrainLayers/Snow_TerrainLayer.terrainlayer,844,844 B,A: no text/GUID refs found,"Likely safe, verify in Unity",,No GUID/text reference found by static scan,Do not delete until Unity dependency check confirms,Verify in Unity
Assets/TerrainSampleAssets/TerrainLayers/Sand_TerrainLayer.terrainlayer,844,844 B,A: no text/GUID refs found,"Likely safe, verify in Unity",,No GUID/text reference found by static scan,Do not delete until Unity dependency check confirms,Verify in Unity
Assets/Idyllic Italian Coast Town/Materials/Terrain/NewLayer 3.terrainlayer,782,782 B,A: no text/GUID refs found,"Likely safe, verify in Unity",,No GUID/text reference found by static scan,Do not delete until Unity dependency check confirms,Verify in Unity
Assets/Idyllic Italian Coast Town/Materials/Terrain/NewLayer 4.terrainlayer,782,782 B,A: no text/GUID refs found,"Likely safe, verify in Unity",,No GUID/text reference found by static scan,Do not delete until Unity dependency check confirms,Verify in Unity
Assets/Idyllic Italian Coast Town/Materials/Terrain/NewLayer 1.terrainlayer,782,782 B,A: no text/GUID refs found,"Likely safe, verify in Unity",,No GUID/text reference found by static scan,Do not delete until Unity dependency check confirms,Verify in Unity
Assets/Idyllic Italian Coast Town/Materials/Terrain/NewLayer.terrainlayer,780,780 B,A: no text/GUID refs found,"Likely safe, verify in Unity",,No GUID/text reference found by static scan,Do not delete until Unity dependency check confirms,Verify in Unity
Assets/NewLayer 3.terrainlayer,751,751 B,A: no text/GUID refs found,"Likely safe, verify in Unity",,No GUID/text reference found by static scan,Do not delete until Unity dependency check confirms,Verify in Unity
Assets/NewLayer 4.terrainlayer,751,751 B,A: no text/GUID refs found,"Likely safe, verify in Unity",,No GUID/text reference found by static scan,Do not delete until Unity dependency check confirms,Verify in Unity
Assets/NewLayer 2.terrainlayer,751,751 B,A: no text/GUID refs found,"Likely safe, verify in Unity",,No GUID/text reference found by static scan,Do not delete until Unity dependency check confirms,Verify in Unity
Assets/Samples/XR Interaction Toolkit/3.3.1/XR Device Simulator/DeviceSimulator.asmdef,733,733 B,A: no text/GUID refs found,Unknown/runtime-loaded,,No GUID/text reference found by static scan,Do not delete until Unity dependency check confirms,Verify in Unity
Assets/Idyllic Italian Coast Town/Materials/Terrain/NewLayer 2.terrainlayer,731,731 B,A: no text/GUID refs found,"Likely safe, verify in Unity",,No GUID/text reference found by static scan,Do not delete until Unity dependency check confirms,Verify in Unity
Assets/Samples/XR Interaction Toolkit/3.3.1/Starter Assets/StarterAssets.asmdef,689,689 B,A: no text/GUID refs found,Unknown/runtime-loaded,,No GUID/text reference found by static scan,Do not delete until Unity dependency check confirms,Verify in Unity
Assets/XR/Settings/OpenXR Editor Settings.asset,581,581 B,A: no text/GUID refs found,"Likely safe, verify in Unity",,No GUID/text reference found by static scan,Do not delete until Unity dependency check confirms,High-risk deletion
Assets/XRI/Settings/XRInteractionEditorSettings.asset,552,552 B,A: no text/GUID refs found,"Likely safe, verify in Unity",,No GUID/text reference found by static scan,Do not delete until Unity dependency check confirms,High-risk deletion
Assets/TerrainSampleAssets/ThirdPartyNotices.txt,451,451 B,A: no text/GUID refs found,"Likely safe, verify in Unity",,No GUID/text reference found by static scan,Do not delete until Unity dependency check confirms,Verify in Unity
Assets/BCaT/Exhibits/BlackKitchen/Documentation/BlackKitchen_ImplementationNotes.txt,378,378 B,A: no text/GUID refs found,"Likely safe, verify in Unity",,No GUID/text reference found by static scan,Do not delete until Unity dependency check confirms,Verify in Unity
Assets/BCaT/Exhibits/BlackKitchen/Scripts/BlackKitchenSessionState.cs,307,307 B,A: no text/GUID refs found,Unknown/runtime-loaded,,No GUID/text reference found by static scan,Do not delete until Unity dependency check confirms,High-risk deletion
Assets/Scripts/RuntimeMediaPaths.cs,306,306 B,A: no text/GUID refs found,Unknown/runtime-loaded,,No GUID/text reference found by static scan,Do not delete until Unity dependency check confirms,High-risk deletion
Assets/danthaigames/DS 80s Television/Scripts/RotatingObject.cs,259,259 B,A: no text/GUID refs found,Unknown/runtime-loaded,,No GUID/text reference found by static scan,Do not delete until Unity dependency check confirms,High-risk deletion
Assets/MeshellNotebookInteractionProxy.obj,255,255 B,A: no text/GUID refs found,"Likely safe, verify in Unity",,No GUID/text reference found by static scan,Do not delete until Unity dependency check confirms,Verify in Unity
Assets/TextMesh Pro/Sprites/EmojiOne Attribution.txt,185,185 B,A: no text/GUID refs found,"Likely safe, verify in Unity",,No GUID/text reference found by static scan,Do not delete until Unity dependency check confirms,Verify in Unity
Assets/BrokenVector/LowPolyFencePack/Materials/Occlusion/Occlusion Wood.png,158,158 B,A: no text/GUID refs found,"Likely safe, verify in Unity",,No GUID/text reference found by static scan,Do not delete until Unity dependency check confirms,Verify in Unity
Assets/StarterAssets/license.txt,156,156 B,A: no text/GUID refs found,"Likely safe, verify in Unity",,No GUID/text reference found by static scan,Do not delete until Unity dependency check confirms,Verify in Unity
Assets/Coconut Palm Tree Pack/Textures/Parts/Coconut_Palm_Tree_Branch2_shadowoffset.png,151,151 B,A: no text/GUID refs found,"Likely safe, verify in Unity",,No GUID/text reference found by static scan,Do not delete until Unity dependency check confirms,Verify in Unity
