Asset path,Asset type,Source file size,Source file size human,Estimated packed/build size,Referencing scene/prefab/component/script/Resources,Also present in StreamingAssets,Recommended action,Risk level
Assets/BCaT_assets/Ri/and that is the truth - you know what I'm meaning_720p.mp4,Video,124790760,119.0 MB,Unavailable: buildreport missing,Assets/BH_XR_MainScene.unity; Assets/_Recovery/0 (17).unity; Assets/_Recovery/0 (18).unity; Assets/_Recovery/0 (21).unity; Assets/_Recovery/0 (22).unity; Assets/_Recovery/0 (23).unity; Assets/_Recovery/0 (24).unity,No,P0/P1 inspect,High
Assets/StreamingAssets/and that is the truth - you know what I'm meaning_720p.mp4,Video,124790760,119.0 MB,Unavailable: buildreport missing,Assets/BH_XR_MainScene.unity; Assets/_Recovery/0 (18).unity; Assets/_Recovery/0 (21).unity; Assets/_Recovery/0 (22).unity; Assets/_Recovery/0 (23).unity; Assets/_Recovery/0 (24).unity; StreamingAssets raw copy,Yes,P0/P1 inspect,High
Assets/BCaT_assets/9night/9night-soundscape.wav,Audio,99988554,95.4 MB,Unavailable: buildreport missing,Assets/BH_XR_MainScene.unity; Assets/_Recovery/0 (1).unity; Assets/_Recovery/0 (10).unity; Assets/_Recovery/0 (11).unity; Assets/_Recovery/0 (13).unity; Assets/_Recovery/0 (14).unity; Assets/_Recovery/0 (15).unity; Assets/_Recovery/0 (16).unity; Assets/_Recovery/0 (17).unity; Assets/_Recovery/0 (18).unity; Assets/_Recovery/0 (2).unity; Assets/_Recovery/0 (21).unity; Assets/_Recovery/0 (22).unity; Assets/_Recovery/0 (23).unity; Assets/_Recovery/0 (3).unity; Assets/_Recovery/0 (5).unity; Assets/_Recovery/0 (6).unity; Assets/_Recovery/0 (7).unity; Assets/_Recovery/0 (8).unity; Assets/_Recovery/0 (9).unity,No,P0/P1 inspect,High
Assets/StreamingAssets/in_my_sisters_room_xr.mp4,Video,78793971,75.1 MB,Unavailable: buildreport missing,Assets/BH_XR_MainScene.unity; Assets/Scripts/QuiltVideoPopUp.cs; Assets/_Recovery/0 (1).unity; Assets/_Recovery/0 (10).unity; Assets/_Recovery/0 (11).unity; Assets/_Recovery/0 (13).unity; Assets/_Recovery/0 (14).unity; Assets/_Recovery/0 (15).unity; Assets/_Recovery/0 (16).unity; Assets/_Recovery/0 (17).unity; Assets/_Recovery/0 (18).unity; Assets/_Recovery/0 (2).unity; Assets/_Recovery/0 (21).unity; Assets/_Recovery/0 (22).unity; Assets/_Recovery/0 (23).unity; Assets/_Recovery/0 (24).unity; Assets/_Recovery/0 (3).unity; Assets/_Recovery/0 (5).unity; Assets/_Recovery/0 (6).unity; Assets/_Recovery/0 (7).unity,Yes,P0/P1 inspect,High
Assets/BCaT/Exhibits/BlackKitchen/Models/Reference/point_cloud_scan_REFERENCE_ONLY_DO_NOT_BUILD.ply,Unity/Other,76945833,73.4 MB,Unavailable: buildreport missing,,No,P0/P1 inspect,Unknown
Assets/SubstanceAssets/LittleGamesPack/Textures/ChessPieces/ChessPieces_Normal_OpenGL.png,Texture,69681270,66.5 MB,Unavailable: buildreport missing,Assets/SubstanceAssets/LittleGamesPack/Materials/ChessPieces.mat,No,P0/P1 inspect,High
Assets/BCaT_assets/LindaLeaks/Linda_Leaks_CHOF_720p_audio.wav,Audio,55976110,53.4 MB,Unavailable: buildreport missing,Assets/BCaT_assets/LindaLeaks/Prefabs/LindaLeaks_Exhibit_VintageCamera.prefab,No,P0/P1 inspect,High
Assets/DevDen Arch Viz Scotland/Scenes/ArchViz/ReflectionProbe-3.exr,Texture,49748560,47.4 MB,Unavailable: buildreport missing,,No,P0/P1 inspect,Unknown
Assets/SubstanceAssets/LittleGamesPack/Textures/GamePieces/GamePieces_Normal_OpenGL.png,Texture,46705734,44.5 MB,Unavailable: buildreport missing,Assets/SubstanceAssets/LittleGamesPack/Materials/GamePieces.mat,No,P0/P1 inspect,High
Assets/DevDen Arch Viz Scotland/HDRI/HDRI.png,Texture,44743385,42.7 MB,Unavailable: buildreport missing,Assets/DevDen Arch Viz Scotland/HDRI/Sky.mat,No,P0/P1 inspect,High
Assets/DevDen Arch Viz Scotland/Models/Study Room/books.FBX,Model/Mesh,39768560,37.9 MB,Unavailable: buildreport missing,Assets/DevDen Arch Viz Scotland/Prefabs/Study Room/BookShelf.prefab; Assets/DevDen Arch Viz Scotland/Scenes/ArchViz.unity,No,P0/P1 inspect,High
Assets/My_Custom/japanese_red_bridge.glb,Model/Mesh,36773456,35.1 MB,Unavailable: buildreport missing,Assets/BH_XR_MainScene.unity; Assets/_Recovery/0 (1).unity; Assets/_Recovery/0 (10).unity; Assets/_Recovery/0 (11).unity; Assets/_Recovery/0 (13).unity; Assets/_Recovery/0 (14).unity; Assets/_Recovery/0 (15).unity; Assets/_Recovery/0 (16).unity; Assets/_Recovery/0 (17).unity; Assets/_Recovery/0 (18).unity; Assets/_Recovery/0 (2).unity; Assets/_Recovery/0 (21).unity; Assets/_Recovery/0 (22).unity; Assets/_Recovery/0 (23).unity; Assets/_Recovery/0 (3).unity; Assets/_Recovery/0 (5).unity; Assets/_Recovery/0 (6).unity; Assets/_Recovery/0 (7).unity; Assets/_Recovery/0 (8).unity; Assets/_Recovery/0 (9).unity,No,P0/P1 inspect,High
Assets/BCaT_assets/SewingRoom/sewing-sounds.wav,Audio,36757578,35.1 MB,Unavailable: buildreport missing,Assets/BH_XR_MainScene.unity; Assets/_Recovery/0 (1).unity; Assets/_Recovery/0 (10).unity; Assets/_Recovery/0 (11).unity; Assets/_Recovery/0 (13).unity; Assets/_Recovery/0 (14).unity; Assets/_Recovery/0 (15).unity; Assets/_Recovery/0 (16).unity; Assets/_Recovery/0 (17).unity; Assets/_Recovery/0 (18).unity; Assets/_Recovery/0 (2).unity; Assets/_Recovery/0 (21).unity; Assets/_Recovery/0 (22).unity; Assets/_Recovery/0 (23).unity; Assets/_Recovery/0 (3).unity; Assets/_Recovery/0 (5).unity; Assets/_Recovery/0 (6).unity; Assets/_Recovery/0 (7).unity; Assets/_Recovery/0 (8).unity; Assets/_Recovery/0 (9).unity,No,P0/P1 inspect,High
Assets/BCaT_assets/SewingRoom/in_my_sisters_room_audio.wav,Audio,36634702,34.9 MB,Unavailable: buildreport missing,Assets/BH_XR_MainScene.unity; Assets/_Recovery/0 (1).unity; Assets/_Recovery/0 (10).unity; Assets/_Recovery/0 (11).unity; Assets/_Recovery/0 (13).unity; Assets/_Recovery/0 (14).unity; Assets/_Recovery/0 (15).unity; Assets/_Recovery/0 (16).unity; Assets/_Recovery/0 (17).unity; Assets/_Recovery/0 (18).unity; Assets/_Recovery/0 (2).unity; Assets/_Recovery/0 (21).unity; Assets/_Recovery/0 (22).unity; Assets/_Recovery/0 (23).unity; Assets/_Recovery/0 (3).unity; Assets/_Recovery/0 (5).unity; Assets/_Recovery/0 (6).unity; Assets/_Recovery/0 (7).unity; Assets/_Recovery/0 (8).unity; Assets/_Recovery/0 (9).unity,No,P0/P1 inspect,High
Assets/TerrainSampleAssets/Textures/Terrain/Heather_Normal.tif,Texture,36128884,34.5 MB,Unavailable: buildreport missing,,No,P0/P1 inspect,Unknown
Assets/TerrainSampleAssets/Textures/Terrain/Pebbles_C_Normal.tif,Texture,36107892,34.4 MB,Unavailable: buildreport missing,,No,P0/P1 inspect,Unknown
Assets/TerrainSampleAssets/Textures/Terrain/Grass_B_Normal.tif,Texture,36105608,34.4 MB,Unavailable: buildreport missing,,No,P0/P1 inspect,Unknown
Assets/TerrainSampleAssets/Textures/Terrain/Grass_A_Normal.tif,Texture,36089180,34.4 MB,Unavailable: buildreport missing,,No,P0/P1 inspect,Unknown
Assets/TerrainSampleAssets/Textures/Terrain/Grass_Moss_Normal.tif,Texture,36063976,34.4 MB,Unavailable: buildreport missing,,No,P0/P1 inspect,Unknown
Assets/TerrainSampleAssets/Textures/Terrain/Grass_Dry_Normal.tif,Texture,36044732,34.4 MB,Unavailable: buildreport missing,,No,P0/P1 inspect,Unknown
Assets/TerrainSampleAssets/Textures/Terrain/Soil_Rocks_MaskMap.tif,Texture,36039052,34.4 MB,Unavailable: buildreport missing,,No,P0/P1 inspect,Unknown
Assets/TerrainSampleAssets/Textures/Terrain/Grass_Soil_Normal.tif,Texture,35994420,34.3 MB,Unavailable: buildreport missing,,No,P0/P1 inspect,Unknown
Assets/TerrainSampleAssets/Textures/Terrain/Muddy_Normal.tif,Texture,35888960,34.2 MB,Unavailable: buildreport missing,,No,P0/P1 inspect,Unknown
Assets/TerrainSampleAssets/Textures/Terrain/Pebbles_A_Normal.tif,Texture,35828800,34.2 MB,Unavailable: buildreport missing,,No,P0/P1 inspect,Unknown
Assets/TerrainSampleAssets/Textures/Terrain/Black_Sand_Normal.tif,Texture,35725576,34.1 MB,Unavailable: buildreport missing,,No,P0/P1 inspect,Unknown
Assets/TerrainSampleAssets/Textures/Terrain/Soil_Rocks_Normal.tif,Texture,35677264,34.0 MB,Unavailable: buildreport missing,,No,P0/P1 inspect,Unknown
Assets/TerrainSampleAssets/Textures/Terrain/Grass_Moss_MaskMap.tif,Texture,35519108,33.9 MB,Unavailable: buildreport missing,,No,P0/P1 inspect,Unknown
Assets/TerrainSampleAssets/Textures/Terrain/Black_Sand_MaskMap.tif,Texture,35296540,33.7 MB,Unavailable: buildreport missing,,No,P0/P1 inspect,Unknown
Assets/TerrainSampleAssets/Textures/Terrain/Pebbles_B_Normal.tif,Texture,35279552,33.6 MB,Unavailable: buildreport missing,,No,P0/P1 inspect,Unknown
Assets/TerrainSampleAssets/Textures/Terrain/Sand_Normal.tif,Texture,35255012,33.6 MB,Unavailable: buildreport missing,,No,P0/P1 inspect,Unknown
Assets/TerrainSampleAssets/Textures/Terrain/Heather_BaseColor.tif,Texture,35233308,33.6 MB,Unavailable: buildreport missing,,No,P0/P1 inspect,Unknown
Assets/TerrainSampleAssets/Textures/Terrain/Tidal_Pools_Normal.tif,Texture,35033448,33.4 MB,Unavailable: buildreport missing,,No,P0/P1 inspect,Unknown
Assets/TerrainSampleAssets/Textures/Terrain/Grass_Dry_BaseColor.tif,Texture,35027440,33.4 MB,Unavailable: buildreport missing,,No,P0/P1 inspect,Unknown
Assets/TerrainSampleAssets/Textures/Terrain/Rock_Normal.tif,Texture,34933620,33.3 MB,Unavailable: buildreport missing,,No,P0/P1 inspect,Unknown
Assets/TerrainSampleAssets/Textures/Terrain/Rock_MaskMap.tif,Texture,34865184,33.3 MB,Unavailable: buildreport missing,,No,P0/P1 inspect,Unknown
Assets/TerrainSampleAssets/Textures/Terrain/Snow_Normal.tif,Texture,34687396,33.1 MB,Unavailable: buildreport missing,,No,P0/P1 inspect,Unknown
Assets/BCaT/Exhibits/BlackKitchen/Models/BlackKitchen_ScannedEnvironment.glb,Model/Mesh,34495692,32.9 MB,Unavailable: buildreport missing,Assets/BCaT/Exhibits/BlackKitchen/Scenes/BlackKitchen_MemoryScene.unity,No,P0/P1 inspect,High
Assets/TerrainSampleAssets/Textures/Terrain/Soil_Rocks_BaseColor.tif,Texture,34369328,32.8 MB,Unavailable: buildreport missing,,No,P0/P1 inspect,Unknown
Assets/TerrainSampleAssets/Textures/Terrain/Grass_B_BaseColor.tif,Texture,34232048,32.6 MB,Unavailable: buildreport missing,,No,P0/P1 inspect,Unknown
Assets/TerrainSampleAssets/Textures/Terrain/Grass_Moss_BaseColor.tif,Texture,34198928,32.6 MB,Unavailable: buildreport missing,,No,P0/P1 inspect,Unknown
Assets/TerrainSampleAssets/Textures/Terrain/Rock_BaseColor.tif,Texture,34189544,32.6 MB,Unavailable: buildreport missing,,No,P0/P1 inspect,Unknown
Assets/TerrainSampleAssets/Textures/Terrain/Grass_A_BaseColor.tif,Texture,34136344,32.6 MB,Unavailable: buildreport missing,,No,P0/P1 inspect,Unknown
Assets/BCaT_assets/LindaLeaks/Linda_Leaks_CHOF_720p.mp4,Video,34127159,32.5 MB,Unavailable: buildreport missing,Assets/BCaT_assets/LindaLeaks/Prefabs/LindaLeaks_Exhibit_VintageCamera.prefab; Assets/BCaT_assets/LindaLeaks/Scripts/Editor/LindaLeaksPhase2Builder.cs; Assets/_Recovery/0 (24).unity,No,P0/P1 inspect,High
Assets/StreamingAssets/Linda_Leaks_CHOF_720p.mp4,Video,34127159,32.5 MB,Unavailable: buildreport missing,Assets/BCaT_assets/LindaLeaks/Prefabs/LindaLeaks_Exhibit_VintageCamera.prefab; Assets/BCaT_assets/LindaLeaks/Scripts/Editor/LindaLeaksPhase2Builder.cs; Assets/_Recovery/0 (24).unity; StreamingAssets raw copy,Yes,P0/P1 inspect,High
Assets/TerrainSampleAssets/Textures/Terrain/Pebbles_C_BaseColor.tif,Texture,33735820,32.2 MB,Unavailable: buildreport missing,,No,P0/P1 inspect,Unknown
Assets/TerrainSampleAssets/Textures/Terrain/Muddy_BaseColor.tif,Texture,33725212,32.2 MB,Unavailable: buildreport missing,,No,P0/P1 inspect,Unknown
Assets/TerrainSampleAssets/Textures/Heightmaps/Ridge05_Heightmap.tif,Texture,33577404,32.0 MB,Unavailable: buildreport missing,,No,P0/P1 inspect,Unknown
Assets/TerrainSampleAssets/Textures/Heightmaps/Ridge06_Heightmap.tif,Texture,33574684,32.0 MB,Unavailable: buildreport missing,,No,P0/P1 inspect,Unknown
Assets/TerrainSampleAssets/Textures/Heightmaps/Errosion02_Heightmap.tif,Texture,33573800,32.0 MB,Unavailable: buildreport missing,,No,P0/P1 inspect,Unknown
Assets/TerrainSampleAssets/Textures/Heightmaps/Hills01_Heightmap.tiff,Texture,33554858,32.0 MB,Unavailable: buildreport missing,,No,P0/P1 inspect,Unknown
Assets/TerrainSampleAssets/Textures/Heightmaps/Hills02_Heightmap.tiff,Texture,33554858,32.0 MB,Unavailable: buildreport missing,,No,P0/P1 inspect,Unknown
Assets/TerrainSampleAssets/Textures/Heightmaps/Mountain10_Heightmap.tiff,Texture,33554858,32.0 MB,Unavailable: buildreport missing,,No,P0/P1 inspect,Unknown
Assets/TerrainSampleAssets/Textures/Heightmaps/Slope04_Heightmap.tiff,Texture,33554858,32.0 MB,Unavailable: buildreport missing,,No,P0/P1 inspect,Unknown
Assets/TerrainSampleAssets/Textures/Heightmaps/Slope03_Heightmap.tiff,Texture,33554858,32.0 MB,Unavailable: buildreport missing,,No,P0/P1 inspect,Unknown
Assets/TerrainSampleAssets/Textures/Heightmaps/Slope02_Heightmap.tiff,Texture,33554858,32.0 MB,Unavailable: buildreport missing,,No,P0/P1 inspect,Unknown
Assets/TerrainSampleAssets/Textures/Heightmaps/Mountain11_Heightmap.tiff,Texture,33554858,32.0 MB,Unavailable: buildreport missing,,No,P0/P1 inspect,Unknown
Assets/TerrainSampleAssets/Textures/Heightmaps/Mountain09_Heightmap.tiff,Texture,33554858,32.0 MB,Unavailable: buildreport missing,,No,P0/P1 inspect,Unknown
Assets/TerrainSampleAssets/Textures/Heightmaps/Slope01_Heightmap.tiff,Texture,33554858,32.0 MB,Unavailable: buildreport missing,,No,P0/P1 inspect,Unknown
Assets/TerrainSampleAssets/Textures/Terrain/Grass_Soil_BaseColor.tif,Texture,33421736,31.9 MB,Unavailable: buildreport missing,,No,P0/P1 inspect,Unknown
Assets/TerrainSampleAssets/Textures/Terrain/Black_Sand_BaseColor.tif,Texture,33337120,31.8 MB,Unavailable: buildreport missing,,No,P0/P1 inspect,Unknown
Assets/TerrainSampleAssets/Textures/Terrain/Pebbles_A_BaseColor.tif,Texture,32999956,31.5 MB,Unavailable: buildreport missing,,No,P0/P1 inspect,Unknown
Assets/TerrainSampleAssets/Textures/Terrain/Pebbles_B_BaseColor.tif,Texture,32092168,30.6 MB,Unavailable: buildreport missing,,No,P0/P1 inspect,Unknown
Assets/TerrainSampleAssets/Textures/Terrain/Tidal_Pools_BaseColor.tif,Texture,31929948,30.5 MB,Unavailable: buildreport missing,,No,P0/P1 inspect,Unknown
Assets/BCaT_assets/BTMMP_Workstation_Assembly/metal_table_asset.glb,Model/Mesh,29600972,28.2 MB,Unavailable: buildreport missing,Assets/BH_XR_MainScene.unity; Assets/_Recovery/0 (1).unity; Assets/_Recovery/0 (10).unity; Assets/_Recovery/0 (11).unity; Assets/_Recovery/0 (13).unity; Assets/_Recovery/0 (14).unity; Assets/_Recovery/0 (15).unity; Assets/_Recovery/0 (16).unity; Assets/_Recovery/0 (17).unity; Assets/_Recovery/0 (18).unity; Assets/_Recovery/0 (2).unity; Assets/_Recovery/0 (21).unity; Assets/_Recovery/0 (22).unity; Assets/_Recovery/0 (23).unity; Assets/_Recovery/0 (3).unity; Assets/_Recovery/0 (5).unity; Assets/_Recovery/0 (6).unity; Assets/_Recovery/0 (7).unity; Assets/_Recovery/0 (8).unity; Assets/_Recovery/0 (9).unity,No,P0/P1 inspect,High
Assets/TerrainSampleAssets/Textures/Terrain/Snow_BaseColor.tif,Texture,29474316,28.1 MB,Unavailable: buildreport missing,,No,P0/P1 inspect,Unknown
Assets/My_Custom/rug.glb,Model/Mesh,29117224,27.8 MB,Unavailable: buildreport missing,Assets/_Recovery/0 (1).unity; Assets/_Recovery/0 (10).unity; Assets/_Recovery/0 (11).unity; Assets/_Recovery/0 (13).unity; Assets/_Recovery/0 (2).unity; Assets/_Recovery/0 (3).unity; Assets/_Recovery/0 (5).unity; Assets/_Recovery/0 (6).unity; Assets/_Recovery/0 (7).unity; Assets/_Recovery/0 (8).unity; Assets/_Recovery/0 (9).unity; Assets/_Recovery/0.unity,No,P0/P1 inspect,High
Assets/RealBlend/Art/Materials/Textures/rough_plaster_brick_04_diff_2k.png,Texture,26399365,25.2 MB,Unavailable: buildreport missing,Assets/RealBlend/Art/Materials/BuiltIn/VariationExampleBuilt-In.mat; Assets/RealBlend/Art/Materials/HDRP/5BlendExample.mat; Assets/RealBlend/Art/Materials/HDRP/VariationExample.mat; Assets/RealBlend/Art/Materials/HDRP/VariationExample_ExperimentalSPOM.mat; Assets/RealBlend/Art/Materials/URP/VariationExampleURP.mat,No,P0/P1 inspect,High
Assets/TerrainSampleAssets/Textures/Heightmaps/Volcano02_Heightmap.tif,Texture,26231012,25.0 MB,Unavailable: buildreport missing,,No,P0/P1 inspect,Unknown
Assets/TerrainSampleAssets/Textures/Heightmaps/Volcano01_Heightmap.tif,Texture,25188260,24.0 MB,Unavailable: buildreport missing,,No,P0/P1 inspect,Unknown
Assets/DevDen Arch Viz Scotland/Models/Bathroom/2.fbx,Model/Mesh,24828010,23.7 MB,Unavailable: buildreport missing,Assets/DevDen Arch Viz Scotland/Prefabs/Bathroom/Towel Holder.prefab; Assets/DevDen Arch Viz Scotland/Scenes/ArchViz.unity,No,P0/P1 inspect,High
Assets/RealBlend/Art/Materials/Textures/Moss002_2K-PNG_NormalGL.png,Texture,24636888,23.5 MB,Unavailable: buildreport missing,Assets/RealBlend/Art/Materials/HDRP/5BlendExample.mat,No,P0/P1 inspect,High
Assets/TerrainSampleAssets/Textures/Terrain/Grass_A_MaskMap.tif,Texture,23264240,22.2 MB,Unavailable: buildreport missing,,No,P0/P1 inspect,Unknown
Assets/BCaT_assets/SewingRoom/bed.glb,Model/Mesh,21972076,21.0 MB,Unavailable: buildreport missing,Assets/BH_XR_MainScene.unity; Assets/_Recovery/0 (1).unity; Assets/_Recovery/0 (10).unity; Assets/_Recovery/0 (11).unity; Assets/_Recovery/0 (13).unity; Assets/_Recovery/0 (14).unity; Assets/_Recovery/0 (15).unity; Assets/_Recovery/0 (16).unity; Assets/_Recovery/0 (17).unity; Assets/_Recovery/0 (18).unity; Assets/_Recovery/0 (2).unity; Assets/_Recovery/0 (21).unity; Assets/_Recovery/0 (22).unity; Assets/_Recovery/0 (23).unity; Assets/_Recovery/0 (3).unity; Assets/_Recovery/0 (5).unity; Assets/_Recovery/0 (6).unity; Assets/_Recovery/0 (7).unity; Assets/_Recovery/0 (8).unity; Assets/_Recovery/0 (9).unity,No,P0/P1 inspect,High
Assets/RealBlend/Art/Materials/Textures/concrete_moss_diff_2k.png,Texture,21166815,20.2 MB,Unavailable: buildreport missing,Assets/RealBlend/Art/Materials/HDRP/5BlendExample.mat,No,P0/P1 inspect,High
Assets/My_Custom/modern_scandinavian_kitchen_island.glb,Model/Mesh,20094320,19.2 MB,Unavailable: buildreport missing,Assets/BH_XR_MainScene.unity; Assets/_Recovery/0 (1).unity; Assets/_Recovery/0 (10).unity; Assets/_Recovery/0 (11).unity; Assets/_Recovery/0 (13).unity; Assets/_Recovery/0 (14).unity; Assets/_Recovery/0 (15).unity; Assets/_Recovery/0 (16).unity; Assets/_Recovery/0 (17).unity; Assets/_Recovery/0 (18).unity; Assets/_Recovery/0 (2).unity; Assets/_Recovery/0 (21).unity; Assets/_Recovery/0 (22).unity; Assets/_Recovery/0 (23).unity; Assets/_Recovery/0 (3).unity; Assets/_Recovery/0 (5).unity; Assets/_Recovery/0 (6).unity; Assets/_Recovery/0 (7).unity; Assets/_Recovery/0 (8).unity; Assets/_Recovery/0 (9).unity,No,Review,High
Assets/DevDen Arch Viz Scotland/Scenes/ArchViz/ReflectionProbe-8.exr,Texture,18705070,17.8 MB,Unavailable: buildreport missing,,No,Review,Unknown
Assets/BCaT_assets/Ri/and that is the truth - you know what I'm meaning.mp3,Audio,17999572,17.2 MB,Unavailable: buildreport missing,Assets/BH_XR_MainScene.unity; Assets/_Recovery/0 (17).unity; Assets/_Recovery/0 (18).unity; Assets/_Recovery/0 (21).unity; Assets/_Recovery/0 (22).unity; Assets/_Recovery/0 (23).unity,No,Review,High
Assets/SubstanceAssets/LittleGamesPack/Textures/ChessPieces/ChessPieces_Base_color.png,Texture,17751521,16.9 MB,Unavailable: buildreport missing,Assets/SubstanceAssets/LittleGamesPack/Materials/ChessPieces.mat,No,Review,High
Assets/BCaT_assets/BTMMP_Workstation_Assembly/flowerbarrel_with_tulips.glb,Model/Mesh,17575828,16.8 MB,Unavailable: buildreport missing,Assets/BH_XR_MainScene.unity; Assets/_Recovery/0 (1).unity; Assets/_Recovery/0 (10).unity; Assets/_Recovery/0 (11).unity; Assets/_Recovery/0 (13).unity; Assets/_Recovery/0 (14).unity; Assets/_Recovery/0 (15).unity; Assets/_Recovery/0 (16).unity; Assets/_Recovery/0 (17).unity; Assets/_Recovery/0 (18).unity; Assets/_Recovery/0 (2).unity; Assets/_Recovery/0 (21).unity; Assets/_Recovery/0 (22).unity; Assets/_Recovery/0 (23).unity; Assets/_Recovery/0 (3).unity; Assets/_Recovery/0 (5).unity; Assets/_Recovery/0 (6).unity; Assets/_Recovery/0 (7).unity; Assets/_Recovery/0 (8).unity; Assets/_Recovery/0 (9).unity,No,Review,High
Assets/DevDen Arch Viz Scotland/Scenes/ArchViz/ReflectionProbe-5.exr,Texture,16824063,16.0 MB,Unavailable: buildreport missing,,No,Review,Unknown
Assets/SubstanceAssets/LittleGamesPack/Textures/CardsAndTables/CardsAndTables_Normal_OpenGL.png,Texture,16669029,15.9 MB,Unavailable: buildreport missing,Assets/SubstanceAssets/LittleGamesPack/Materials/CardsAndTables.mat,No,Review,High
Assets/BCaT_assets/BTMMP_Workstation_Assembly/drone.glb,Model/Mesh,16633652,15.9 MB,Unavailable: buildreport missing,Assets/BH_XR_MainScene.unity; Assets/_Recovery/0 (1).unity; Assets/_Recovery/0 (10).unity; Assets/_Recovery/0 (11).unity; Assets/_Recovery/0 (13).unity; Assets/_Recovery/0 (14).unity; Assets/_Recovery/0 (15).unity; Assets/_Recovery/0 (16).unity; Assets/_Recovery/0 (17).unity; Assets/_Recovery/0 (18).unity; Assets/_Recovery/0 (2).unity; Assets/_Recovery/0 (21).unity; Assets/_Recovery/0 (22).unity; Assets/_Recovery/0 (23).unity; Assets/_Recovery/0 (3).unity; Assets/_Recovery/0 (5).unity; Assets/_Recovery/0 (6).unity; Assets/_Recovery/0 (7).unity; Assets/_Recovery/0 (8).unity; Assets/_Recovery/0 (9).unity,No,Review,High
Assets/BCaT_assets/Meshell_Sturgis/My Grandma's Garden.png,Texture,16537844,15.8 MB,Unavailable: buildreport missing,Assets/BH_XR_MainScene.unity; Assets/_Recovery/0 (23).unity,No,Review,High
Assets/danthaigames/DS 80s Television/PSDs/TV_Textures.psd,Texture,16315733,15.6 MB,Unavailable: buildreport missing,,No,Review,Unknown
Assets/DevDen Arch Viz Scotland/Scenes/ArchViz/ReflectionProbe-6.exr,Texture,15709972,15.0 MB,Unavailable: buildreport missing,,No,Review,Unknown
Assets/danthaigames/DS 80s Television/PSDs/TVScreen_Textures.psd,Texture,15585486,14.9 MB,Unavailable: buildreport missing,,No,Review,Unknown
Assets/SubstanceAssets/LittleGamesPack/Textures/CardsAndTables/CardsAndTables_Base_color.png,Texture,15515356,14.8 MB,Unavailable: buildreport missing,Assets/SubstanceAssets/LittleGamesPack/Materials/CardsAndTables.mat,No,Review,High
Assets/TerrainSampleAssets/Textures/Terrain/Grass_B_MaskMap.tif,Texture,15253592,14.5 MB,Unavailable: buildreport missing,,No,Review,Unknown
Assets/Coconut Palm Tree Pack/Textures/Coconut_Palm_Tree_diffuse.psd,Texture,15023852,14.3 MB,Unavailable: buildreport missing,Assets/Coconut Palm Tree Pack/Materials/Coconut_Palm_Tree_AFS.mat; Assets/Coconut Palm Tree Pack/Materials/bark.mat; Assets/Coconut Palm Tree Pack/Materials/leaf.mat,No,Review,High
Assets/TerrainSampleAssets/Textures/Terrain/Grass_Dry_MaskMap.tif,Texture,15006184,14.3 MB,Unavailable: buildreport missing,,No,Review,Unknown
Assets/DevDen Arch Viz Scotland/Scenes/ArchViz/ReflectionProbe-4.exr,Texture,14975272,14.3 MB,Unavailable: buildreport missing,,No,Review,Unknown
Assets/DevDen Arch Viz Scotland/Scenes/ArchViz/ReflectionProbe-1.exr,Texture,14974493,14.3 MB,Unavailable: buildreport missing,,No,Review,Unknown
Assets/BCaT_assets/Ri/you don't know about style my darling_720p.mp4,Video,14920335,14.2 MB,Unavailable: buildreport missing,Assets/BH_XR_MainScene.unity; Assets/_Recovery/0 (17).unity; Assets/_Recovery/0 (18).unity; Assets/_Recovery/0 (21).unity; Assets/_Recovery/0 (22).unity; Assets/_Recovery/0 (23).unity; Assets/_Recovery/0 (24).unity,No,Review,High
Assets/StreamingAssets/you don't know about style my darling_720p.mp4,Video,14920335,14.2 MB,Unavailable: buildreport missing,Assets/BH_XR_MainScene.unity; Assets/_Recovery/0 (17).unity; Assets/_Recovery/0 (18).unity; Assets/_Recovery/0 (21).unity; Assets/_Recovery/0 (22).unity; Assets/_Recovery/0 (23).unity; Assets/_Recovery/0 (24).unity; StreamingAssets raw copy,Yes,Review,High
Assets/TerrainSampleAssets/Textures/Terrain/Heather_MaskMap.tif,Texture,14310964,13.6 MB,Unavailable: buildreport missing,,No,Review,Unknown
Assets/BCaT_assets/BTMMP_Workstation_Assembly/camera-canon-eos-400d/textures/Camara_Low_V2_lambert3_Normal.png,Texture,14076281,13.4 MB,Unavailable: buildreport missing,,No,Review,Unknown
Assets/DevDen Arch Viz Scotland/Scenes/ArchViz/ReflectionProbe-7.exr,Texture,13830688,13.2 MB,Unavailable: buildreport missing,,No,Review,Unknown
Assets/TerrainSampleAssets/Textures/Terrain/Pebbles_C_MaskMap.tif,Texture,13710252,13.1 MB,Unavailable: buildreport missing,,No,Review,Unknown
Assets/Shaded Spectrum/Cozy Interiors Demo Pack/Textures/Oak Ladder Shelf Panels/OakLadderShelfPanelsNormalMap.png,Texture,13546741,12.9 MB,Unavailable: buildreport missing,,No,Review,Unknown
Assets/BCaT_assets/SewingRoom/pillow__quilt.glb,Model/Mesh,13420528,12.8 MB,Unavailable: buildreport missing,Assets/BH_XR_MainScene.unity; Assets/_Recovery/0 (1).unity; Assets/_Recovery/0 (10).unity; Assets/_Recovery/0 (11).unity; Assets/_Recovery/0 (13).unity; Assets/_Recovery/0 (14).unity; Assets/_Recovery/0 (15).unity; Assets/_Recovery/0 (16).unity; Assets/_Recovery/0 (17).unity; Assets/_Recovery/0 (18).unity; Assets/_Recovery/0 (2).unity; Assets/_Recovery/0 (21).unity; Assets/_Recovery/0 (22).unity; Assets/_Recovery/0 (23).unity; Assets/_Recovery/0 (3).unity; Assets/_Recovery/0 (5).unity; Assets/_Recovery/0 (6).unity; Assets/_Recovery/0 (7).unity; Assets/_Recovery/0 (8).unity; Assets/_Recovery/0 (9).unity,No,Review,High
Assets/Idyllic Italian Coast Town/Materials/Terrain/Terrain Italy.asset,Unity/Other,13370088,12.8 MB,Unavailable: buildreport missing,Assets/Idyllic Italian Coast Town/Scenes/Demo Italy.unity,No,Review,High
Assets/TerrainSampleAssets/Textures/Terrain/Grass_Soil_MaskMap.tif,Texture,13303440,12.7 MB,Unavailable: buildreport missing,,No,Review,Unknown
Assets/Shaded Spectrum/Cozy Interiors Demo Pack/Textures/Cracked Terracotta Floor/CrackedTerracottaFloorNormalMap.png,Texture,13245240,12.6 MB,Unavailable: buildreport missing,,No,Review,Unknown
Assets/Shaded Spectrum/Cozy Interiors Demo Pack/Textures/Coarse Burlap Upholstery/CoarseBurlapUpholsteryNormalMap.png,Texture,13192666,12.6 MB,Unavailable: buildreport missing,,No,Review,Unknown
Assets/Shaded Spectrum/Cozy Interiors Demo Pack/Textures/Gingham Kitchen Linen/GinghamKitchenLinenNormalMap.png,Texture,13090673,12.5 MB,Unavailable: buildreport missing,Assets/Shaded Spectrum/Cozy Interiors Demo Pack/Materials/Gingham Kitchen Linen.mat,No,Review,High
Assets/TerrainSampleAssets/Textures/Terrain/Muddy_MaskMap.tif,Texture,13002296,12.4 MB,Unavailable: buildreport missing,,No,Review,Unknown
Assets/Shaded Spectrum/Cozy Interiors Demo Pack/Textures/Mossy Flagstone Floor/MossyFlagstoneFloorNormalMap.png,Texture,12849635,12.3 MB,Unavailable: buildreport missing,,No,Review,Unknown
Assets/TerrainSampleAssets/Textures/Terrain/Pebbles_A_MaskMap.tif,Texture,12823500,12.2 MB,Unavailable: buildreport missing,,No,Review,Unknown
Assets/SubstanceAssets/LittleGamesPack/Textures/ChessPieces/ChessPieces_Height.png,Texture,12635918,12.1 MB,Unavailable: buildreport missing,Assets/SubstanceAssets/LittleGamesPack/Materials/ChessPieces.mat,No,Review,High
Assets/BCaT_assets/9night/drum.glb,Model/Mesh,12389116,11.8 MB,Unavailable: buildreport missing,Assets/BH_XR_MainScene.unity; Assets/_Recovery/0 (1).unity; Assets/_Recovery/0 (10).unity; Assets/_Recovery/0 (11).unity; Assets/_Recovery/0 (13).unity; Assets/_Recovery/0 (14).unity; Assets/_Recovery/0 (15).unity; Assets/_Recovery/0 (16).unity; Assets/_Recovery/0 (17).unity; Assets/_Recovery/0 (18).unity; Assets/_Recovery/0 (2).unity; Assets/_Recovery/0 (21).unity; Assets/_Recovery/0 (22).unity; Assets/_Recovery/0 (23).unity; Assets/_Recovery/0 (3).unity; Assets/_Recovery/0 (5).unity; Assets/_Recovery/0 (6).unity; Assets/_Recovery/0 (7).unity; Assets/_Recovery/0 (8).unity; Assets/_Recovery/0 (9).unity,No,Review,High
Assets/BCAT_GLB_TextureRemediation/metal_table_asset/Texture_0 _00.png,Texture,12377140,11.8 MB,Unavailable: buildreport missing,,No,Review,Unknown
Assets/BCAT_GLB_TextureRemediation/metal_table_asset/Texture_2 _02.png,Texture,12298145,11.7 MB,Unavailable: buildreport missing,,No,Review,Unknown
Assets/Shaded Spectrum/Cozy Interiors Demo Pack/Textures/Painted Beech Wall Boards/PaintedBeechWallBoardsNormalMap.png,Texture,12207021,11.6 MB,Unavailable: buildreport missing,Assets/Shaded Spectrum/Cozy Interiors Demo Pack/Materials/Painted Beech Wall Boards.mat,No,Review,High
Assets/Furniture Mega Pack/Textures/Bed/Mattress/AtlasTexture_Mattress_DefaultMaterial_Normal.png,Texture,12162323,11.6 MB,Unavailable: buildreport missing,Assets/Furniture Mega Pack/Materials/Bathroom/mat_Bathroom.mat; Assets/Furniture Mega Pack/Materials/Bed/mat_Mattress.mat,No,Review,High
Assets/DevDen Arch Viz Scotland/Scenes/ArchViz/ReflectionProbe-0.exr,Texture,12040903,11.5 MB,Unavailable: buildreport missing,,No,Review,Unknown
Assets/RealBlend/Art/Materials/Textures/MossMask.png,Texture,11628530,11.1 MB,Unavailable: buildreport missing,Assets/RealBlend/Art/Materials/HDRP/5BlendExample.mat,No,Review,High
Assets/Furniture Mega Pack/Textures/Bed/Blanket/AtlasTexture_Blanket_DefaultMaterial_Normal.png,Texture,11151857,10.6 MB,Unavailable: buildreport missing,Assets/Furniture Mega Pack/Materials/Bed/mat_Blanket.mat,No,Review,High
Assets/TerrainSampleAssets/Textures/Terrain/Pebbles_B_MaskMap.tif,Texture,10837300,10.3 MB,Unavailable: buildreport missing,,No,Review,Unknown
Assets/BCaT_assets/Ri/glass_fish.glb,Model/Mesh,10489132,10.0 MB,Unavailable: buildreport missing,Assets/BH_XR_MainScene.unity; Assets/_Recovery/0 (17).unity; Assets/_Recovery/0 (18).unity; Assets/_Recovery/0 (21).unity; Assets/_Recovery/0 (22).unity; Assets/_Recovery/0 (23).unity,No,Review,High
Assets/TerrainSampleAssets/Textures/Terrain/Sand_BaseColor.tif,Texture,10380156,9.9 MB,Unavailable: buildreport missing,,No,Review,Unknown
Assets/Furniture Mega Pack/Textures/Sofas/Sofa01/Sofa01_mat_Sofa01_Normal.png,Texture,10336893,9.9 MB,Unavailable: buildreport missing,Assets/Furniture Mega Pack/Materials/Sofa/mat_Sofa01.mat,No,Review,High
Assets/BCaT_assets/LindaLeaks/Images/LL_CoopHousing_06.png,Texture,10301780,9.8 MB,Unavailable: buildreport missing,Assets/BCaT_assets/LindaLeaks/Prefabs/LindaLeaks_Exhibit_PhotoAlbum.prefab,No,Review,High
Assets/TerrainSampleAssets/README.pdf,Unity/Other,10201155,9.7 MB,Unavailable: buildreport missing,,No,Review,Unknown
Assets/BCaT_assets/Ri/360_images/living_room.jpg,Texture,10180982,9.7 MB,Unavailable: buildreport missing,,No,Review,Unknown
Assets/Furniture Mega Pack/Textures/Sofas/Sofa19/Sofa19_mat_Sofa19_Normal.png,Texture,10114309,9.6 MB,Unavailable: buildreport missing,Assets/Furniture Mega Pack/Materials/Sofa/mat_Sofa19.mat,No,Review,High
Assets/Furniture Mega Pack/Textures/Sofas/Sofa29/Sofa29_mat_Sofa29_Normal.png,Texture,9742763,9.3 MB,Unavailable: buildreport missing,Assets/Furniture Mega Pack/Materials/Sofa/mat_Sofa29.mat,No,Review,High
Assets/Shaded Spectrum/Cozy Interiors Demo Pack/Textures/Coarse Burlap Upholstery/CoarseBurlapUpholsteryAlbedo.png,Texture,9619380,9.2 MB,Unavailable: buildreport missing,,No,Review,Unknown
Assets/Furniture Mega Pack/Textures/Sofas/Sofa16/Sofa16_mat_Sofa16_Normal.png,Texture,9433516,9.0 MB,Unavailable: buildreport missing,Assets/Furniture Mega Pack/Materials/Sofa/mat_Sofa16.mat,No,Review,High
Assets/Shaded Spectrum/Cozy Interiors Demo Pack/Textures/Cracked Terracotta Floor/CrackedTerracottaFloorAlbedo.png,Texture,9300671,8.9 MB,Unavailable: buildreport missing,,No,Review,Unknown
Assets/Shaded Spectrum/Cozy Interiors Demo Pack/Textures/Gingham Kitchen Linen/GinghamKitchenLinenAlbedo.png,Texture,9262133,8.8 MB,Unavailable: buildreport missing,Assets/Shaded Spectrum/Cozy Interiors Demo Pack/Materials/Gingham Kitchen Linen.mat,No,Review,High
Assets/TerrainSampleAssets/Textures/Terrain/Sand_MaskMap.tif,Texture,9257068,8.8 MB,Unavailable: buildreport missing,,No,Review,Unknown
Assets/TerrainSampleAssets/Textures/Terrain/Tidal_Pools_MaskMap.tif,Texture,9235380,8.8 MB,Unavailable: buildreport missing,,No,Review,Unknown
Assets/Furniture Mega Pack/Textures/Sofas/Sofa06/Sofa06_mat_Sofa06_Normal.png,Texture,9225103,8.8 MB,Unavailable: buildreport missing,Assets/Furniture Mega Pack/Materials/Sofa/mat_Sofa06.mat,No,Review,High
Assets/Furniture Mega Pack/Textures/Sofas/Sofa27/Sofa27_mat_Sofa27_Normal.png,Texture,9203679,8.8 MB,Unavailable: buildreport missing,Assets/Furniture Mega Pack/Materials/Sofa/mat_Sofa27.mat,No,Review,High
Assets/Furniture Mega Pack/Textures/Sofas/Sofa36/Sofa36_mat_Sofa36_Normal.png,Texture,9193864,8.8 MB,Unavailable: buildreport missing,Assets/Furniture Mega Pack/Materials/Sofa/mat_Sofa36.mat,No,Review,High
Assets/SubstanceAssets/LittleGamesPack/Textures/GamePieces/GamePieces_Base_color.png,Texture,9139813,8.7 MB,Unavailable: buildreport missing,Assets/SubstanceAssets/LittleGamesPack/Materials/GamePieces.mat,No,Review,High
Assets/RealBlend/Art/Materials/Textures/Moss002_2K-PNG_Color 1.png,Texture,9129253,8.7 MB,Unavailable: buildreport missing,,No,Review,Unknown
Assets/RealBlend/Art/Materials/Textures/Moss002_2K-PNG_Color.png,Texture,9129253,8.7 MB,Unavailable: buildreport missing,Assets/RealBlend/Art/Materials/HDRP/5BlendExample.mat,No,Review,High
Assets/Furniture Mega Pack/Textures/Chairs/Chair42/Chair42_mat_Chair42_Normal.png,Texture,9106967,8.7 MB,Unavailable: buildreport missing,Assets/Furniture Mega Pack/Materials/Chair/mat_Chair42.mat,No,Review,High
Assets/Furniture Mega Pack/Textures/Sofas/Sofa26/Sofa26_mat_Sofa26_Normal.png,Texture,9100946,8.7 MB,Unavailable: buildreport missing,Assets/Furniture Mega Pack/Materials/Sofa/mat_Sofa26.mat,No,Review,High
Assets/RealBlend/Art/Materials/Textures/white_rough_plaster_diff_2k.png,Texture,9081200,8.7 MB,Unavailable: buildreport missing,Assets/RealBlend/Art/Materials/BuiltIn/VariationExampleBuilt-In.mat; Assets/RealBlend/Art/Materials/HDRP/5BlendExample.mat; Assets/RealBlend/Art/Materials/HDRP/VariationExample.mat; Assets/RealBlend/Art/Materials/HDRP/VariationExample_ExperimentalSPOM.mat; Assets/RealBlend/Art/Materials/URP/VariationExampleURP.mat,No,Review,High
Assets/Furniture Mega Pack/Textures/Sofas/Sofa28/Sofa28_mat_Sofa28_Normal.png,Texture,9018596,8.6 MB,Unavailable: buildreport missing,Assets/Furniture Mega Pack/Materials/Sofa/mat_Sofa28.mat,No,Review,High
Assets/Furniture Mega Pack/Textures/Sofas/Sofa02/Sofa02_mat_Sofa02_Normal.png,Texture,9000021,8.6 MB,Unavailable: buildreport missing,Assets/Furniture Mega Pack/Materials/Sofa/mat_Sofa02.mat,No,Review,High
Assets/Furniture Mega Pack/Textures/Sofas/Sofa30/Sofa30_mat_Sofa30_Normal.png,Texture,8937998,8.5 MB,Unavailable: buildreport missing,Assets/Furniture Mega Pack/Materials/Sofa/mat_Sofa30.mat,No,Review,High
Assets/Furniture Mega Pack/Textures/Sofas/Sofa33/Sofa33_mat_Sofa33_Normal.png,Texture,8934538,8.5 MB,Unavailable: buildreport missing,Assets/Furniture Mega Pack/Materials/Sofa/mat_Sofa33.mat,No,Review,High
Assets/Furniture Mega Pack/Textures/Sofas/Sofa07/Sofa07_mat_Sofa07_Normal.png,Texture,8842464,8.4 MB,Unavailable: buildreport missing,Assets/Furniture Mega Pack/Materials/Sofa/mat_Sofa07.mat,No,Review,High
Assets/BCAT_GLB_TextureRemediation/metal_table_asset/Texture_1 _01.png,Texture,8796351,8.4 MB,Unavailable: buildreport missing,,No,Review,Unknown
Assets/Furniture Mega Pack/Textures/Sofas/Sofa32/Sofa32_mat_Sofa32_Normal.png,Texture,8795991,8.4 MB,Unavailable: buildreport missing,Assets/Furniture Mega Pack/Materials/Sofa/mat_Sofa32.mat,No,Review,High
Assets/Furniture Mega Pack/Textures/Sofas/Sofa14/Sofa14_mat_Sofa14_Normal.png,Texture,8780504,8.4 MB,Unavailable: buildreport missing,Assets/Furniture Mega Pack/Materials/Sofa/mat_Sofa14.mat,No,Review,High
Assets/Furniture Mega Pack/Textures/Sofas/Sofa37/Sofa37_mat_Sofa37_Normal.png,Texture,8760854,8.4 MB,Unavailable: buildreport missing,Assets/Furniture Mega Pack/Materials/Sofa/mat_Sofa37.mat,No,Review,High
Assets/BCaT_assets/Ri/360_images/kitchen.jpg,Texture,8724936,8.3 MB,Unavailable: buildreport missing,,No,Review,Unknown
Assets/RealBlend/Art/Materials/Textures/rough_plaster_brick_04_nor_gl_2k.exr,Texture,8702048,8.3 MB,Unavailable: buildreport missing,Assets/RealBlend/Art/Materials/BuiltIn/VariationExampleBuilt-In.mat; Assets/RealBlend/Art/Materials/HDRP/5BlendExample.mat; Assets/RealBlend/Art/Materials/HDRP/VariationExample.mat; Assets/RealBlend/Art/Materials/HDRP/VariationExample_ExperimentalSPOM.mat; Assets/RealBlend/Art/Materials/URP/VariationExampleURP.mat,No,Review,High
Assets/RealBlend/Art/Materials/Textures/red_brick_plaster_patch_02_diff_2k.png,Texture,8659576,8.3 MB,Unavailable: buildreport missing,Assets/RealBlend/Art/Materials/BuiltIn/VariationExampleBuilt-In.mat; Assets/RealBlend/Art/Materials/HDRP/5BlendExample.mat; Assets/RealBlend/Art/Materials/HDRP/VariationExample.mat; Assets/RealBlend/Art/Materials/HDRP/VariationExample_ExperimentalSPOM.mat; Assets/RealBlend/Art/Materials/URP/VariationExampleURP.mat,No,Review,High
Assets/Furniture Mega Pack/Textures/Sofas/Sofa20/Sofa20_mat_Sofa20_Normal.png,Texture,8598462,8.2 MB,Unavailable: buildreport missing,Assets/Furniture Mega Pack/Materials/Sofa/mat_Sofa20.mat,No,Review,High
Assets/Furniture Mega Pack/Textures/Sofas/Sofa31/Sofa31_mat_Sofa31_Normal.png,Texture,8547161,8.2 MB,Unavailable: buildreport missing,Assets/Furniture Mega Pack/Materials/Sofa/mat_Sofa31.mat,No,Review,High
Assets/Furniture Mega Pack/Textures/Sofas/Sofa21/Sofa21_mat_Sofa21_Normal.png,Texture,8479840,8.1 MB,Unavailable: buildreport missing,Assets/Furniture Mega Pack/Materials/Sofa/mat_Sofa21.mat,No,Review,High
Assets/BCaT_assets/BTMMP_Workstation_Assembly/generic_tulip_flower.glb,Model/Mesh,8429860,8.0 MB,Unavailable: buildreport missing,Assets/BH_XR_MainScene.unity; Assets/_Recovery/0 (1).unity; Assets/_Recovery/0 (10).unity; Assets/_Recovery/0 (11).unity; Assets/_Recovery/0 (13).unity; Assets/_Recovery/0 (14).unity; Assets/_Recovery/0 (15).unity; Assets/_Recovery/0 (16).unity; Assets/_Recovery/0 (17).unity; Assets/_Recovery/0 (18).unity; Assets/_Recovery/0 (2).unity; Assets/_Recovery/0 (21).unity; Assets/_Recovery/0 (22).unity; Assets/_Recovery/0 (23).unity; Assets/_Recovery/0 (3).unity; Assets/_Recovery/0 (5).unity; Assets/_Recovery/0 (6).unity; Assets/_Recovery/0 (7).unity; Assets/_Recovery/0 (8).unity; Assets/_Recovery/0 (9).unity,No,Review,High
Assets/Furniture Mega Pack/Textures/Chairs/Chair20/Chair20_mat_Chair20_Normal.png,Texture,8425334,8.0 MB,Unavailable: buildreport missing,Assets/Furniture Mega Pack/Materials/Chair/mat_Chair20.mat,No,Review,High
Assets/Furniture Mega Pack/Textures/Sofas/Sofa03/Sofa03_mat_Sofa03_Normal.png,Texture,8418057,8.0 MB,Unavailable: buildreport missing,Assets/Furniture Mega Pack/Materials/Sofa/mat_Sofa03.mat,No,Review,High
Assets/TerrainSampleAssets/Textures/Heightmaps/Flat_Mountain01_Heightmap.tif,Texture,8408404,8.0 MB,Unavailable: buildreport missing,,No,Review,Unknown
Assets/TerrainSampleAssets/Textures/Heightmaps/Canyon05_Heightmap.tif,Texture,8408304,8.0 MB,Unavailable: buildreport missing,,No,Review,Unknown
Assets/TerrainSampleAssets/Textures/Heightmaps/Mountain01_Heightmap.tif,Texture,8408244,8.0 MB,Unavailable: buildreport missing,,No,Review,Unknown
Assets/TerrainSampleAssets/Textures/Heightmaps/Mountain05_Heightmap.tif,Texture,8408244,8.0 MB,Unavailable: buildreport missing,,No,Review,Unknown
Assets/TerrainSampleAssets/Textures/Heightmaps/Ridge02_Heightmap.tif,Texture,8408128,8.0 MB,Unavailable: buildreport missing,,No,Review,Unknown
Assets/TerrainSampleAssets/Textures/Heightmaps/Errosion01_Heightmap.tif,Texture,8408128,8.0 MB,Unavailable: buildreport missing,,No,Review,Unknown
Assets/TerrainSampleAssets/Textures/Heightmaps/Ridge03_Heightmap.tif,Texture,8408112,8.0 MB,Unavailable: buildreport missing,,No,Review,Unknown
Assets/TerrainSampleAssets/Textures/Heightmaps/Mountain08_Heightmap.tif,Texture,8408100,8.0 MB,Unavailable: buildreport missing,,No,Review,Unknown
Assets/TerrainSampleAssets/Textures/Heightmaps/Mountain04_Heightmap.tif,Texture,8408040,8.0 MB,Unavailable: buildreport missing,,No,Review,Unknown
Assets/TerrainSampleAssets/Textures/Heightmaps/Ridge01_Heightmap.tif,Texture,8408020,8.0 MB,Unavailable: buildreport missing,,No,Review,Unknown
Assets/TerrainSampleAssets/Textures/Heightmaps/Ridge04_Heightmap.tif,Texture,8407856,8.0 MB,Unavailable: buildreport missing,,No,Review,Unknown
Assets/TerrainSampleAssets/Textures/Heightmaps/Mountain07_Heightmap.tif,Texture,8407828,8.0 MB,Unavailable: buildreport missing,,No,Review,Unknown
Assets/Furniture Mega Pack/Textures/Chairs/Chair09/Chair09_mat_Chair09_Normal.png,Texture,8397819,8.0 MB,Unavailable: buildreport missing,Assets/Furniture Mega Pack/Materials/Chair/mat_Chair09.mat,No,Review,High
Assets/Furniture Mega Pack/Textures/Sofas/Sofa10/Sofa10_mat_Sofa10_Normal.png,Texture,8337722,8.0 MB,Unavailable: buildreport missing,Assets/Furniture Mega Pack/Materials/Sofa/mat_Sofa10.mat,No,Review,High
Assets/Shaded Spectrum/Cozy Interiors Demo Pack/Textures/Mossy Flagstone Floor/MossyFlagstoneFloorAlbedo.png,Texture,8332818,7.9 MB,Unavailable: buildreport missing,,No,Review,Unknown
Assets/Furniture Mega Pack/Textures/Cushions/Cushion41_48/Cushion41_48_mat_Cushion41_48_Normal.png,Texture,8309499,7.9 MB,Unavailable: buildreport missing,Assets/Furniture Mega Pack/Materials/Cushion/mat_Cushion41_48.mat,No,Review,High
Assets/Furniture Mega Pack/Textures/Chairs/Chair45/Chair45_mat_Chair45_Normal.png,Texture,8223727,7.8 MB,Unavailable: buildreport missing,Assets/Furniture Mega Pack/Materials/Chair/mat_Chair45.mat,No,Review,High
Assets/Shaded Spectrum/Cozy Interiors Demo Pack/Textures/Oak Ladder Shelf Panels/OakLadderShelfPanelsAlbedo.png,Texture,8182648,7.8 MB,Unavailable: buildreport missing,,No,Review,Unknown
Assets/RealBlend/Art/Materials/Textures/ConcreteMossMask.png,Texture,8165263,7.8 MB,Unavailable: buildreport missing,Assets/RealBlend/Art/Materials/HDRP/5BlendExample.mat,No,Review,High
Assets/Furniture Mega Pack/Textures/Sofas/Sofa17/Sofa17_mat_Sofa17_Normal.png,Texture,8085631,7.7 MB,Unavailable: buildreport missing,Assets/Furniture Mega Pack/Materials/Sofa/mat_Sofa17.mat,No,Review,High
Assets/Furniture Mega Pack/Textures/Sofas/Sofa12/Sofa12_mat_Sofa12_Normal.png,Texture,8007151,7.6 MB,Unavailable: buildreport missing,Assets/Furniture Mega Pack/Materials/Sofa/mat_Sofa12.mat,No,Review,High
Assets/TerrainSampleAssets/Textures/Details/Plant_BaseColor.tif,Texture,7989328,7.6 MB,Unavailable: buildreport missing,Assets/TerrainSampleAssets/Materials/Plant.asset,No,Review,High
Assets/Furniture Mega Pack/Textures/Sofas/Sofa15/Sofa15_mat_Sofa15_Normal.png,Texture,7979576,7.6 MB,Unavailable: buildreport missing,Assets/Furniture Mega Pack/Materials/Sofa/mat_Sofa15.mat,No,Review,High
Assets/RealBlend/Art/Materials/Textures/concrete_moss_nor_gl_2k.exr,Texture,7969876,7.6 MB,Unavailable: buildreport missing,Assets/RealBlend/Art/Materials/HDRP/5BlendExample.mat,No,Review,High
Assets/Furniture Mega Pack/Textures/Cushions/Cushion17_24/Cushion17_24_mat_Cushion17_24_Normal.png,Texture,7957032,7.6 MB,Unavailable: buildreport missing,Assets/Furniture Mega Pack/Materials/Cushion/mat_Cushion17_24.mat,No,Review,High
Assets/Furniture Mega Pack/Textures/Chairs/Chair14/Chair14_mat_Chair14_Normal.png,Texture,7945056,7.6 MB,Unavailable: buildreport missing,Assets/Furniture Mega Pack/Materials/Chair/mat_Chair14.mat,No,Review,High
Assets/SubstanceAssets/LittleGamesPack/Textures/CardsAndTables/CardsAndTables_Roughness.png,Texture,7937492,7.6 MB,Unavailable: buildreport missing,,No,Review,Unknown
Assets/Furniture Mega Pack/Textures/Sofas/Sofa18/Sofa18_mat_Sofa18_Normal.png,Texture,7906394,7.5 MB,Unavailable: buildreport missing,Assets/Furniture Mega Pack/Materials/Sofa/mat_Sofa18.mat,No,Review,High
Assets/Furniture Mega Pack/Textures/Chairs/Chair12/Chair12_mat_Chair12_Normal.png,Texture,7791304,7.4 MB,Unavailable: buildreport missing,Assets/Furniture Mega Pack/Materials/Chair/mat_Chair12.mat,No,Review,High
Assets/Furniture Mega Pack/Textures/Chairs/Chair48/Chair48_mat_Chair48_Normal.png,Texture,7776845,7.4 MB,Unavailable: buildreport missing,Assets/Furniture Mega Pack/Materials/Chair/mat_Chair48.mat,No,Review,High
Assets/Furniture Mega Pack/Textures/Sofas/Sofa08/Sofa08_mat_Sofa08_Normal.png,Texture,7671661,7.3 MB,Unavailable: buildreport missing,Assets/Furniture Mega Pack/Materials/Sofa/mat_Sofa08.mat,No,Review,High
Assets/Furniture Mega Pack/Textures/Sofas/Sofa04/Sofa04_mat_Sofa04_Normal.png,Texture,7641613,7.3 MB,Unavailable: buildreport missing,Assets/Furniture Mega Pack/Materials/Sofa/mat_Sofa04.mat,No,Review,High
Assets/Furniture Mega Pack/Textures/Sofas/Sofa10/Sofa10_mat_Sofa10_AlbedoTransparency.png,Texture,7557704,7.2 MB,Unavailable: buildreport missing,Assets/Furniture Mega Pack/Materials/Sofa/mat_Sofa10.mat,No,Review,High
Assets/Furniture Mega Pack/Textures/Chairs/Chair11/Chair11_mat_Chair11_Normal.png,Texture,7556918,7.2 MB,Unavailable: buildreport missing,Assets/Furniture Mega Pack/Materials/Chair/mat_Chair11.mat,No,Review,High
Assets/SubstanceAssets/LittleGamesPack/Textures/CardsAndTables/CardsAndTables_Mixed_AO.png,Texture,7556200,7.2 MB,Unavailable: buildreport missing,Assets/SubstanceAssets/LittleGamesPack/Materials/CardsAndTables.mat,No,Review,High
Assets/BCaT_assets/Ri/such lovely gravy_720p.mp4,Video,7518495,7.2 MB,Unavailable: buildreport missing,Assets/BH_XR_MainScene.unity; Assets/_Recovery/0 (17).unity; Assets/_Recovery/0 (18).unity; Assets/_Recovery/0 (21).unity; Assets/_Recovery/0 (22).unity; Assets/_Recovery/0 (23).unity; Assets/_Recovery/0 (24).unity,No,Review,High
Assets/StreamingAssets/such lovely gravy_720p.mp4,Video,7518495,7.2 MB,Unavailable: buildreport missing,Assets/BH_XR_MainScene.unity; Assets/_Recovery/0 (17).unity; Assets/_Recovery/0 (18).unity; Assets/_Recovery/0 (21).unity; Assets/_Recovery/0 (22).unity; Assets/_Recovery/0 (23).unity; Assets/_Recovery/0 (24).unity; StreamingAssets raw copy,Yes,Review,High
Assets/Furniture Mega Pack/Textures/Sofas/Sofa09/Sofa09_mat_Sofa09_Normal.png,Texture,7508152,7.2 MB,Unavailable: buildreport missing,Assets/Furniture Mega Pack/Materials/Sofa/mat_Sofa09.mat,No,Review,High
Assets/Furniture Mega Pack/Textures/Sofas/Sofa11/Sofa11_mat_Sofa11_Normal.png,Texture,7435064,7.1 MB,Unavailable: buildreport missing,Assets/Furniture Mega Pack/Materials/Sofa/mat_Sofa11.mat,No,Review,High
Assets/Furniture Mega Pack/Textures/Cushions/Cushion37_40/Cushion37_40_mat_Cushion37_40_Normal.png,Texture,7426122,7.1 MB,Unavailable: buildreport missing,Assets/Furniture Mega Pack/Materials/Cushion/mat_Cushion37_40.mat,No,Review,High
Assets/Furniture Mega Pack/Textures/Sofas/Sofa13/Sofa13_mat_Sofa13_Normal.png,Texture,7354660,7.0 MB,Unavailable: buildreport missing,Assets/Furniture Mega Pack/Materials/Sofa/mat_Sofa13.mat,No,Review,High
Assets/Furniture Mega Pack/Textures/Sofas/Sofa22/Sofa22_mat_Sofa22_Normal.png,Texture,7347213,7.0 MB,Unavailable: buildreport missing,Assets/Furniture Mega Pack/Materials/Sofa/mat_Sofa22.mat,No,Review,High
Assets/Furniture Mega Pack/Textures/Cushions/Cushion01_08/Cushion01_08_mat_Cushion01_08_Normal.png,Texture,7292178,7.0 MB,Unavailable: buildreport missing,Assets/Furniture Mega Pack/Materials/Cushion/mat_Cushion01_08.mat,No,Review,High
Assets/Furniture Mega Pack/Textures/Sofas/Sofa12/Sofa12_mat_Sofa12_AlbedoTransparency.png,Texture,7270259,6.9 MB,Unavailable: buildreport missing,Assets/Furniture Mega Pack/Materials/Sofa/mat_Sofa12.mat,No,Review,High
Assets/Furniture Mega Pack/Textures/Sofas/Sofa06/Sofa06_mat_Sofa06_AlbedoTransparency.png,Texture,7222530,6.9 MB,Unavailable: buildreport missing,Assets/Furniture Mega Pack/Materials/Sofa/mat_Sofa06.mat,No,Review,High
Assets/Furniture Mega Pack/Textures/Tables/Table02/Table02_mat_Table02_AlbedoTransparency.png,Texture,7213640,6.9 MB,Unavailable: buildreport missing,Assets/Furniture Mega Pack/Materials/Table/mat_Table02.mat,No,Review,High
Assets/Furniture Mega Pack/Textures/Sofas/Sofa33/Sofa33_mat_Sofa33_AlbedoTransparency.png,Texture,7107098,6.8 MB,Unavailable: buildreport missing,Assets/Furniture Mega Pack/Materials/Sofa/mat_Sofa33.mat,No,Review,High
Assets/Furniture Mega Pack/Textures/Sofas/Sofa32/Sofa32_mat_Sofa32_AlbedoTransparency.png,Texture,7018865,6.7 MB,Unavailable: buildreport missing,Assets/Furniture Mega Pack/Materials/Sofa/mat_Sofa32.mat,No,Review,High
Assets/Furniture Mega Pack/Textures/Tables/Table47/Table47_mat_Table47_Normal.png,Texture,6966251,6.6 MB,Unavailable: buildreport missing,Assets/Furniture Mega Pack/Materials/Table/mat_Table47.mat,No,Review,High
Assets/Furniture Mega Pack/Textures/Chairs/Chair04/Chair04_mat_Chair04_Normal.png,Texture,6907392,6.6 MB,Unavailable: buildreport missing,Assets/Furniture Mega Pack/Materials/Chair/mat_Chair04.mat,No,Review,High
Assets/Furniture Mega Pack/FBX/Sofa/Sofa11.fbx,Model/Mesh,6902620,6.6 MB,Unavailable: buildreport missing,Assets/Furniture Mega Pack/Prefabs/Sofas/Sofa11.prefab,No,Review,High
Assets/Furniture Mega Pack/Textures/Tables/Table15/Table15_mat_Table15_Normal.png,Texture,6848142,6.5 MB,Unavailable: buildreport missing,Assets/Furniture Mega Pack/Materials/Table/mat_Table15.mat,No,Review,High
Assets/Furniture Mega Pack/Textures/Chairs/Chair21/Chair21_mat_Chair21_Normal.png,Texture,6807842,6.5 MB,Unavailable: buildreport missing,Assets/Furniture Mega Pack/Materials/Chair/mat_Chair21.mat,No,Review,High
Assets/Furniture Mega Pack/Textures/Sofas/Sofa07/Sofa07_mat_Sofa07_AlbedoTransparency.png,Texture,6804882,6.5 MB,Unavailable: buildreport missing,Assets/Furniture Mega Pack/Materials/Sofa/mat_Sofa07.mat,No,Review,High
Assets/SubstanceAssets/LittleGamesPack/Textures/GamePieces/GamePieces_Roughness.png,Texture,6770500,6.5 MB,Unavailable: buildreport missing,,No,Review,Unknown
Assets/Shaded Spectrum/Cozy Interiors Demo Pack/Textures/Painted Beech Wall Boards/PaintedBeechWallBoardsAlbedo.png,Texture,6764177,6.5 MB,Unavailable: buildreport missing,Assets/Shaded Spectrum/Cozy Interiors Demo Pack/Materials/Painted Beech Wall Boards.mat,No,Review,High
Assets/BCaT_assets/Meshell_Sturgis/articles/AYIBA_2020_2021.pdf,Unity/Other,6741337,6.4 MB,Unavailable: buildreport missing,,No,Review,Unknown
Assets/Furniture Mega Pack/Textures/Chairs/Chair15/Chair15_mat_Chair15_Normal.png,Texture,6733612,6.4 MB,Unavailable: buildreport missing,Assets/Furniture Mega Pack/Materials/Chair/mat_Chair15.mat,No,Review,High
Assets/Furniture Mega Pack/Textures/Sofas/Sofa31/Sofa31_mat_Sofa31_AlbedoTransparency.png,Texture,6705717,6.4 MB,Unavailable: buildreport missing,Assets/Furniture Mega Pack/Materials/Sofa/mat_Sofa31.mat,No,Review,High
Assets/_Recovery/0 (17).unity,Unity/Other,6702017,6.4 MB,Unavailable: buildreport missing,,No,Review,Unknown
Assets/SubstanceAssets/LittleGamesPack/Textures/ChessPieces/ChessPieces_Mixed_AO.png,Texture,6648132,6.3 MB,Unavailable: buildreport missing,Assets/SubstanceAssets/LittleGamesPack/Materials/ChessPieces.mat,No,Review,High
Assets/Furniture Mega Pack/Textures/Bed/Blanket/AtlasTexture_Blanket_DefaultMaterial_AlbedoTransparency.png,Texture,6560489,6.3 MB,Unavailable: buildreport missing,Assets/Furniture Mega Pack/Materials/Bed/mat_Blanket.mat,No,Review,High
Assets/Furniture Mega Pack/Textures/Sofas/Sofa08/Sofa08_mat_Sofa08_AlbedoTransparency.png,Texture,6550416,6.2 MB,Unavailable: buildreport missing,Assets/Furniture Mega Pack/Materials/Sofa/mat_Sofa08.mat,No,Review,High
Assets/BCaT_assets/LindaLeaks/Images/LL_map.png,Texture,6543523,6.2 MB,Unavailable: buildreport missing,Assets/BH_XR_MainScene.unity; Assets/_Recovery/0 (10).unity; Assets/_Recovery/0 (11).unity; Assets/_Recovery/0 (13).unity; Assets/_Recovery/0 (14).unity; Assets/_Recovery/0 (15).unity; Assets/_Recovery/0 (16).unity; Assets/_Recovery/0 (17).unity; Assets/_Recovery/0 (18).unity; Assets/_Recovery/0 (21).unity; Assets/_Recovery/0 (22).unity; Assets/_Recovery/0 (23).unity; Assets/_Recovery/0 (8).unity; Assets/_Recovery/0 (9).unity,No,Review,High
Assets/SubstanceAssets/LittleGamesPack/Textures/ChessPieces/ChessPieces_Roughness.png,Texture,6528692,6.2 MB,Unavailable: buildreport missing,,No,Review,Unknown
Assets/Furniture Mega Pack/Textures/Tables/Table17/Table17_mat_Table17_Normal.png,Texture,6527854,6.2 MB,Unavailable: buildreport missing,Assets/Furniture Mega Pack/Materials/Table/mat_Table17.mat,No,Review,High
Assets/Furniture Mega Pack/Textures/Sofas/Sofa24/Sofa24_mat_Sofa24_Normal.png,Texture,6495434,6.2 MB,Unavailable: buildreport missing,Assets/Furniture Mega Pack/Materials/Sofa/mat_Sofa24.mat,No,Review,High
Assets/Furniture Mega Pack/Textures/Bed/BedFrame/AtlasTexture_BedFrame_AtlasTexture_BedFrame_Normal.png,Texture,6486874,6.2 MB,Unavailable: buildreport missing,Assets/Furniture Mega Pack/Materials/Bed/mat_BedFrame.mat,No,Review,High
Assets/Furniture Mega Pack/Textures/Tables/Table14/Table14_mat_Table14_Normal.png,Texture,6416164,6.1 MB,Unavailable: buildreport missing,Assets/Furniture Mega Pack/Materials/Table/mat_Table14.mat,No,Review,High
Assets/Furniture Mega Pack/Textures/Tables/Table03/Table03_mat_Table03_Normal.png,Texture,6406475,6.1 MB,Unavailable: buildreport missing,Assets/Furniture Mega Pack/Materials/Table/mat_Table03.mat,No,Review,High
Assets/Furniture Mega Pack/Textures/Chairs/Chair50/Chair50_mat_Chair50_Normal.png,Texture,6383961,6.1 MB,Unavailable: buildreport missing,Assets/Furniture Mega Pack/Materials/Chair/mat_Chair50.mat,No,Review,High
Assets/BH_XR_MainScene.unity,Unity/Other,6372585,6.1 MB,Unavailable: buildreport missing,,No,Review,Unknown
Assets/RealBlend/Art/Materials/Textures/white_rough_plaster_nor_gl_2k.exr,Texture,6359882,6.1 MB,Unavailable: buildreport missing,Assets/RealBlend/Art/Materials/BuiltIn/VariationExampleBuilt-In.mat; Assets/RealBlend/Art/Materials/HDRP/5BlendExample.mat; Assets/RealBlend/Art/Materials/HDRP/VariationExample.mat; Assets/RealBlend/Art/Materials/HDRP/VariationExample_ExperimentalSPOM.mat; Assets/RealBlend/Art/Materials/URP/VariationExampleURP.mat,No,Review,High
Assets/Furniture Mega Pack/Textures/Sofas/Sofa11/Sofa11_mat_Sofa11_AlbedoTransparency.png,Texture,6327404,6.0 MB,Unavailable: buildreport missing,Assets/Furniture Mega Pack/Materials/Sofa/mat_Sofa11.mat,No,Review,High
Assets/_Recovery/0 (16).unity,Unity/Other,6322779,6.0 MB,Unavailable: buildreport missing,,No,Review,Unknown
Assets/_Recovery/0 (15).unity,Unity/Other,6322061,6.0 MB,Unavailable: buildreport missing,,No,Review,Unknown
Assets/_Recovery/0 (14).unity,Unity/Other,6321874,6.0 MB,Unavailable: buildreport missing,,No,Review,Unknown
Assets/Furniture Mega Pack/Textures/Sofas/Sofa35/Sofa35_mat_Sofa35_Normal.png,Texture,6318430,6.0 MB,Unavailable: buildreport missing,Assets/Furniture Mega Pack/Materials/Sofa/mat_Sofa35.mat,No,Review,High
Assets/TerrainSampleAssets/Textures/Heightmaps/Canyon03_Heightmap.tif,Texture,6316568,6.0 MB,Unavailable: buildreport missing,,No,Review,Unknown
Assets/Furniture Mega Pack/Textures/Sofas/Sofa09/Sofa09_mat_Sofa09_AlbedoTransparency.png,Texture,6313804,6.0 MB,Unavailable: buildreport missing,Assets/Furniture Mega Pack/Materials/Sofa/mat_Sofa09.mat,No,Review,High
Assets/Furniture Mega Pack/Textures/Chairs/Chair39/Chair39_mat_Chair39_Normal.png,Texture,6289346,6.0 MB,Unavailable: buildreport missing,Assets/Furniture Mega Pack/Materials/Chair/mat_Chair39.mat,No,Review,High
Assets/Furniture Mega Pack/Textures/Chairs/Chair41/Chair41_mat_Chair41_AlbedoTransparency.png,Texture,6253384,6.0 MB,Unavailable: buildreport missing,Assets/Furniture Mega Pack/Materials/Chair/mat_Chair41.mat,No,Review,High
Assets/Idyllic Italian Coast Town/Textures/M_floortiles_ceramic_BaseColor.png,Texture,6234209,5.9 MB,Unavailable: buildreport missing,Assets/Idyllic Italian Coast Town/Materials/M_floortiles_ceramic 2.mat; Assets/Idyllic Italian Coast Town/Materials/M_floortiles_ceramic 3.mat; Assets/Idyllic Italian Coast Town/Materials/M_floortiles_ceramic.mat,No,Review,High
Assets/RealBlend/Art/Materials/Textures/Red_Brick_Mask.png,Texture,6210794,5.9 MB,Unavailable: buildreport missing,Assets/RealBlend/Art/Materials/BuiltIn/VariationExampleBuilt-In.mat; Assets/RealBlend/Art/Materials/HDRP/5BlendExample.mat; Assets/RealBlend/Art/Materials/HDRP/VariationExample.mat; Assets/RealBlend/Art/Materials/HDRP/VariationExample_ExperimentalSPOM.mat; Assets/RealBlend/Art/Materials/URP/VariationExampleURP.mat,No,Review,High
Assets/Furniture Mega Pack/Textures/Cushions/Cushion29_36/Cushion29_36_mat_Cushion29_36_Normal.png,Texture,6194992,5.9 MB,Unavailable: buildreport missing,Assets/Furniture Mega Pack/Materials/Cushion/mat_Cushion29_36.mat,No,Review,High
Assets/_Recovery/0 (23).unity,Unity/Other,6150230,5.9 MB,Unavailable: buildreport missing,,No,Review,Unknown
Assets/TerrainSampleAssets/Textures/Terrain/Snow_MaskMap.tif,Texture,6136652,5.9 MB,Unavailable: buildreport missing,,No,Review,Unknown
Assets/Furniture Mega Pack/Textures/Chairs/Chair22/Chair22_mat_Chair22_Normal.png,Texture,6132886,5.8 MB,Unavailable: buildreport missing,Assets/Furniture Mega Pack/Materials/Chair/mat_Chair22.mat,No,Review,High
Assets/Furniture Mega Pack/Textures/Sofas/Sofa01/Sofa01_mat_Sofa01_AlbedoTransparency.png,Texture,6122420,5.8 MB,Unavailable: buildreport missing,Assets/Furniture Mega Pack/Materials/Sofa/mat_Sofa01.mat,No,Review,High
Assets/Furniture Mega Pack/Textures/Sofas/Sofa34/Sofa34_mat_Sofa34_Normal.png,Texture,6073628,5.8 MB,Unavailable: buildreport missing,Assets/Furniture Mega Pack/Materials/Sofa/mat_Sofa34.mat,No,Review,High
Assets/_Recovery/0 (22).unity,Unity/Other,6038041,5.8 MB,Unavailable: buildreport missing,,No,Review,Unknown
Assets/_Recovery/0 (21).unity,Unity/Other,6038041,5.8 MB,Unavailable: buildreport missing,,No,Review,Unknown
Assets/Furniture Mega Pack/Textures/Chairs/Chair23/Chair23_mat_Chair23_Normal.png,Texture,6015948,5.7 MB,Unavailable: buildreport missing,Assets/Furniture Mega Pack/Materials/Chair/mat_Chair23.mat,No,Review,High
Assets/BCaT_assets/LindaLeaks/Models/LL_PhotoAlbum.glb,Model/Mesh,6004636,5.7 MB,Unavailable: buildreport missing,Assets/BCaT_assets/LindaLeaks/Prefabs/LindaLeaks_Exhibit_PhotoAlbum.prefab; Assets/BH_XR_MainScene.unity; Assets/_Recovery/0 (17).unity; Assets/_Recovery/0 (18).unity; Assets/_Recovery/0 (21).unity; Assets/_Recovery/0 (22).unity; Assets/_Recovery/0 (23).unity,No,Review,High
Assets/Idyllic Italian Coast Town/Textures/M_floortiles_terracotta_BaseColro.png,Texture,5997787,5.7 MB,Unavailable: buildreport missing,Assets/Idyllic Italian Coast Town/Materials/M_floortiles_ceramic 1.mat,No,Review,High
Assets/Furniture Mega Pack/Textures/Chairs/Chair10/Chair10_mat_Chair10_Normal.png,Texture,5984097,5.7 MB,Unavailable: buildreport missing,Assets/Furniture Mega Pack/Materials/Chair/mat_Chair10.mat,No,Review,High
Assets/_Recovery/0 (18).unity,Unity/Other,5962974,5.7 MB,Unavailable: buildreport missing,,No,Review,Unknown
Assets/Furniture Mega Pack/Textures/Chairs/Chair46/Chair46_mat_Chair46_Normal.png,Texture,5956413,5.7 MB,Unavailable: buildreport missing,Assets/Furniture Mega Pack/Materials/Chair/mat_Chair46.mat,No,Review,High
Assets/Idyllic Italian Coast Town/Textures/M_gravel_Normal.png,Texture,5946714,5.7 MB,Unavailable: buildreport missing,Assets/Idyllic Italian Coast Town/Materials/M_gravel.mat,No,Review,High
Assets/Furniture Mega Pack/Textures/Chairs/Chair20/Chair20_mat_Chair20_AlbedoTransparency.png,Texture,5932467,5.7 MB,Unavailable: buildreport missing,Assets/Furniture Mega Pack/Materials/Chair/mat_Chair20.mat,No,Review,High
Assets/Furniture Mega Pack/Textures/Tables/Table46/Table46_mat_Table46_Normal.png,Texture,5927898,5.7 MB,Unavailable: buildreport missing,Assets/Furniture Mega Pack/Materials/Table/mat_Table46.mat,No,Review,High
Assets/Idyllic Italian Coast Town/Textures/M_asphalt_Normal.png,Texture,5917938,5.6 MB,Unavailable: buildreport missing,Assets/Idyllic Italian Coast Town/Materials/M_asphalt.mat,No,Review,High
Assets/Furniture Mega Pack/Textures/Chairs/Chair22/Chair22_mat_Chair22_AlbedoTransparency.png,Texture,5882482,5.6 MB,Unavailable: buildreport missing,Assets/Furniture Mega Pack/Materials/Chair/mat_Chair22.mat,No,Review,High
Assets/DevDen Arch Viz Scotland/Scenes/ArchViz/Lightmap-0_comp_light.exr,Texture,5866388,5.6 MB,Unavailable: buildreport missing,,No,Review,Unknown
Assets/Idyllic Italian Coast Town/Textures/M_treebark_BaseMap.png,Texture,5820606,5.6 MB,Unavailable: buildreport missing,Assets/Idyllic Italian Coast Town/Materials/M_treebark.mat,No,Review,High
Assets/Furniture Mega Pack/Textures/Chairs/Chair49/Chair49_mat_Chair49_Normal.png,Texture,5786125,5.5 MB,Unavailable: buildreport missing,Assets/Furniture Mega Pack/Materials/Chair/mat_Chair49.mat,No,Review,High
Assets/Furniture Mega Pack/Textures/Tables/Table01/Table01_mat_Table01_AlbedoTransparency.png,Texture,5781961,5.5 MB,Unavailable: buildreport missing,Assets/Furniture Mega Pack/Materials/Table/mat_Table01.mat,No,Review,High
Assets/Furniture Mega Pack/Textures/Cushions/Cushion41_48/Cushion41_48_mat_Cushion41_48_AlbedoTransparency.png,Texture,5772910,5.5 MB,Unavailable: buildreport missing,Assets/Furniture Mega Pack/Materials/Cushion/mat_Cushion41_48.mat,No,Review,High
Assets/RealBlend/Art/Materials/Textures/RoughPlasterMask.png,Texture,5761765,5.5 MB,Unavailable: buildreport missing,Assets/RealBlend/Art/Materials/BuiltIn/VariationExampleBuilt-In.mat; Assets/RealBlend/Art/Materials/HDRP/5BlendExample.mat; Assets/RealBlend/Art/Materials/HDRP/VariationExample.mat; Assets/RealBlend/Art/Materials/HDRP/VariationExample_ExperimentalSPOM.mat; Assets/RealBlend/Art/Materials/URP/VariationExampleURP.mat,No,Review,High
Assets/Furniture Mega Pack/Textures/Chairs/Chair03/Chair03_mat_Chair03_Normal.png,Texture,5751338,5.5 MB,Unavailable: buildreport missing,Assets/Furniture Mega Pack/Materials/Chair/mat_Chair03.mat,No,Review,High
Assets/Furniture Mega Pack/Textures/Chairs/Chair05/Chair05_mat_Chair05_Normal.png,Texture,5744432,5.5 MB,Unavailable: buildreport missing,Assets/Furniture Mega Pack/Materials/Chair/mat_Chair05.mat,No,Review,High
Assets/Furniture Mega Pack/Textures/Sofas/SectionalSofaFabric/SectionalSofaFabric_mat_SectionalSofaLeather_Normal.png,Texture,5702601,5.4 MB,Unavailable: buildreport missing,Assets/Furniture Mega Pack/Materials/Sofa/mat_SectionalSofaFabric.mat,No,Review,High
Assets/Idyllic Italian Coast Town/Textures/M_cliff_rocks_normal.png,Texture,5678951,5.4 MB,Unavailable: buildreport missing,,No,Review,Unknown
Assets/Furniture Mega Pack/Textures/Tables/Table28/Table28_mat_Table28_Normal.png,Texture,5663214,5.4 MB,Unavailable: buildreport missing,Assets/Furniture Mega Pack/Materials/Table/mat_Table28.mat,No,Review,High
Assets/Furniture Mega Pack/Textures/Tables/Table45/Table45_mat_Table45_Normal.png,Texture,5660246,5.4 MB,Unavailable: buildreport missing,Assets/Furniture Mega Pack/Materials/Table/mat_Table45.mat,No,Review,High
Assets/Furniture Mega Pack/Textures/Cushions/Cushion25_28/Cushion25_28_mat_Cushion25_28_Normal.png,Texture,5651063,5.4 MB,Unavailable: buildreport missing,Assets/Furniture Mega Pack/Materials/Cushion/mat_Cushion25_28.mat,No,Review,High
Assets/Furniture Mega Pack/Textures/Sofas/Sofa22/Sofa22_mat_Sofa22_AlbedoTransparency.png,Texture,5630316,5.4 MB,Unavailable: buildreport missing,Assets/Furniture Mega Pack/Materials/Sofa/mat_Sofa22.mat,No,Review,High
Assets/Furniture Mega Pack/Textures/Tables/Table15/Table15_mat_Table15_AlbedoTransparency.png,Texture,5610172,5.4 MB,Unavailable: buildreport missing,Assets/Furniture Mega Pack/Materials/Table/mat_Table15.mat,No,Review,High
Assets/BCaT_assets/BTMMP_Workstation_Assembly/spray_can.glb,Model/Mesh,5592488,5.3 MB,Unavailable: buildreport missing,Assets/BH_XR_MainScene.unity; Assets/_Recovery/0 (1).unity; Assets/_Recovery/0 (10).unity; Assets/_Recovery/0 (11).unity; Assets/_Recovery/0 (13).unity; Assets/_Recovery/0 (14).unity; Assets/_Recovery/0 (15).unity; Assets/_Recovery/0 (16).unity; Assets/_Recovery/0 (17).unity; Assets/_Recovery/0 (18).unity; Assets/_Recovery/0 (2).unity; Assets/_Recovery/0 (21).unity; Assets/_Recovery/0 (22).unity; Assets/_Recovery/0 (23).unity; Assets/_Recovery/0 (3).unity; Assets/_Recovery/0 (5).unity; Assets/_Recovery/0 (6).unity; Assets/_Recovery/0 (7).unity; Assets/_Recovery/0 (8).unity; Assets/_Recovery/0 (9).unity,No,Review,High
Assets/BCaT_assets/Meshell_Sturgis/Big Mama_s Living Room.jpg,Texture,5590566,5.3 MB,Unavailable: buildreport missing,Assets/BCaT_assets/Meshell_Sturgis/BMLR.mat,No,Review,High
Assets/Furniture Mega Pack/Textures/Closet/AtlasTexture_Closet_AlbedoTransparency.png,Texture,5572886,5.3 MB,Unavailable: buildreport missing,Assets/Furniture Mega Pack/Materials/Closet/mat_Closet.mat,No,Review,High
Assets/Furniture Mega Pack/Textures/Tables/Table05/Table05_mat_Table05_Normal.png,Texture,5507443,5.3 MB,Unavailable: buildreport missing,Assets/Furniture Mega Pack/Materials/Table/mat_Table05.mat,No,Review,High
Assets/Furniture Mega Pack/Textures/Tables/Table33/Table33_mat_Table33_Normal.png,Texture,5464225,5.2 MB,Unavailable: buildreport missing,Assets/Furniture Mega Pack/Materials/Table/mat_Table33.mat,No,Review,High
Assets/Furniture Mega Pack/Textures/Chairs/Chair15/Chair15_mat_Chair15_AlbedoTransparency.png,Texture,5442370,5.2 MB,Unavailable: buildreport missing,Assets/Furniture Mega Pack/Materials/Chair/mat_Chair15.mat,No,Review,High
Assets/Furniture Mega Pack/Textures/Chairs/Chair44/Chair44_mat_Chair44_Normal.png,Texture,5415290,5.2 MB,Unavailable: buildreport missing,Assets/Furniture Mega Pack/Materials/Chair/mat_Chair44.mat,No,Review,High
Assets/Furniture Mega Pack/Textures/Cushions/Cushion09_16/Cushion09_16_mat_Cushion09_16_Normal.png,Texture,5412843,5.2 MB,Unavailable: buildreport missing,Assets/Furniture Mega Pack/Materials/Cushion/mat_Cushion09_16.mat,No,Review,High
Assets/Furniture Mega Pack/Textures/Tables/Table13/Table13_mat_Table13_Normal.png,Texture,5349184,5.1 MB,Unavailable: buildreport missing,Assets/Furniture Mega Pack/Materials/Table/mat_Table13.mat,No,Review,High
Assets/Furniture Mega Pack/Textures/Chairs/Chair42/Chair42_mat_Chair42_AlbedoTransparency.png,Texture,5337693,5.1 MB,Unavailable: buildreport missing,Assets/Furniture Mega Pack/Materials/Chair/mat_Chair42.mat,No,Review,High
Assets/Furniture Mega Pack/Textures/Chairs/Chair02/Chair02_mat_Chair02_AlbedoTransparency.png,Texture,5334361,5.1 MB,Unavailable: buildreport missing,Assets/Furniture Mega Pack/Materials/Chair/mat_Chair02.mat,No,Review,High
Assets/Furniture Mega Pack/Textures/Cushions/Cushion09_16/Cushion09_16_mat_Cushion09_16_AlbedoTransparency.png,Texture,5333470,5.1 MB,Unavailable: buildreport missing,Assets/Furniture Mega Pack/Materials/Cushion/mat_Cushion09_16.mat,No,Review,High
Assets/Furniture Mega Pack/Textures/Tables/Table19/Table19_mat_Table19_Normal.png,Texture,5298807,5.1 MB,Unavailable: buildreport missing,Assets/Furniture Mega Pack/Materials/Table/mat_Table19.mat,No,Review,High
Assets/Furniture Mega Pack/Textures/Tables/Table33/Table33_mat_Table33_AlbedoTransparency.png,Texture,5270939,5.0 MB,Unavailable: buildreport missing,Assets/Furniture Mega Pack/Materials/Table/mat_Table33.mat,No,Review,High
Assets/Furniture Mega Pack/Textures/Tables/Table25/Table25_mat_Table25_Normal.png,Texture,5267596,5.0 MB,Unavailable: buildreport missing,Assets/Furniture Mega Pack/Materials/Table/mat_Table25.mat,No,Review,High
Assets/_Recovery/0 (13).unity,Unity/Other,5261400,5.0 MB,Unavailable: buildreport missing,,No,Review,Unknown
Assets/Furniture Mega Pack/Textures/Tables/Table34/Table34_mat_Table34_Normal.png,Texture,5261152,5.0 MB,Unavailable: buildreport missing,Assets/Furniture Mega Pack/Materials/Table/mat_Table34.mat,No,Review,High
Assets/_Recovery/0 (11).unity,Unity/Other,5254608,5.0 MB,Unavailable: buildreport missing,,No,Review,Unknown
Assets/_Recovery/0 (10).unity,Unity/Other,5252494,5.0 MB,Unavailable: buildreport missing,,No,Review,Unknown
Assets/_Recovery/0 (9).unity,Unity/Other,5252494,5.0 MB,Unavailable: buildreport missing,,No,Review,Unknown
Assets/_Recovery/0 (8).unity,Unity/Other,5252494,5.0 MB,Unavailable: buildreport missing,,No,Review,Unknown
Assets/Furniture Mega Pack/Textures/Chairs/Chair02/Chair02_mat_Chair02_Normal.png,Texture,5218828,5.0 MB,Unavailable: buildreport missing,Assets/Furniture Mega Pack/Materials/Chair/mat_Chair02.mat,No,Review,High
Assets/Furniture Mega Pack/Textures/Tables/Table16/Table16_mat_Table16_Normal.png,Texture,5191621,5.0 MB,Unavailable: buildreport missing,Assets/Furniture Mega Pack/Materials/Table/mat_Table16.mat,No,Review,High
Assets/danthaigames/DS 80s Television/PSDs/Screen_Surround_And_Handles.psd,Texture,5146155,4.9 MB,Unavailable: buildreport missing,,No,Review,Unknown
Assets/Furniture Mega Pack/Textures/Tables/Table24/Table24_mat_Table24_Normal.png,Texture,5135266,4.9 MB,Unavailable: buildreport missing,Assets/Furniture Mega Pack/Materials/Table/mat_Table24.mat,No,Review,High
Assets/Furniture Mega Pack/Textures/Chairs/Chair43/Chair43_mat_Chair43_Normal.png,Texture,5127469,4.9 MB,Unavailable: buildreport missing,Assets/Furniture Mega Pack/Materials/Chair/mat_Chair43.mat,No,Review,High
Assets/Furniture Mega Pack/Textures/Tables/Table12/Table12_mat_Table12_Normal.png,Texture,5127050,4.9 MB,Unavailable: buildreport missing,Assets/Furniture Mega Pack/Materials/Table/mat_Table12.mat,No,Review,High
Assets/Furniture Mega Pack/Textures/Cushions/Cushion25_28/Cushion25_28_mat_Cushion25_28_AlbedoTransparency.png,Texture,5120087,4.9 MB,Unavailable: buildreport missing,Assets/Furniture Mega Pack/Materials/Cushion/mat_Cushion25_28.mat,No,Review,High
Assets/Idyllic Italian Coast Town/Textures/M_attachments_stone_BaseMap.png,Texture,5109032,4.9 MB,Unavailable: buildreport missing,Assets/Idyllic Italian Coast Town/Materials/M_attachments_stone 1.mat; Assets/Idyllic Italian Coast Town/Materials/M_attachments_stone.mat,No,Review,High
Assets/Furniture Mega Pack/Textures/Tables/Table20/Table20_mat_Table20_Normal.png,Texture,5098170,4.9 MB,Unavailable: buildreport missing,Assets/Furniture Mega Pack/Materials/Table/mat_Table20.mat,No,Review,High
Assets/Furniture Mega Pack/Textures/Tables/Table04/Table04_mat_Table04_Normal.png,Texture,5066218,4.8 MB,Unavailable: buildreport missing,Assets/Furniture Mega Pack/Materials/Table/mat_Table04.mat,No,Review,High
Assets/Furniture Mega Pack/Textures/Tables/Table19/Table19_mat_Table19_AlbedoTransparency.png,Texture,5053115,4.8 MB,Unavailable: buildreport missing,Assets/Furniture Mega Pack/Materials/Table/mat_Table19.mat,No,Review,High
Assets/Furniture Mega Pack/Textures/Tables/Table27/Table27_mat_Table27_Normal.png,Texture,5050874,4.8 MB,Unavailable: buildreport missing,Assets/Furniture Mega Pack/Materials/Table/mat_Table27.mat,No,Review,High
Assets/Furniture Mega Pack/Textures/Chairs/Chair23/Chair23_mat_Chair23_AlbedoTransparency.png,Texture,5047669,4.8 MB,Unavailable: buildreport missing,Assets/Furniture Mega Pack/Materials/Chair/mat_Chair23.mat,No,Review,High
Assets/BCaT_assets/LindaLeaks/Models/LL_AntiqueCamera.glb,Model/Mesh,5022528,4.8 MB,Unavailable: buildreport missing,Assets/BCaT_assets/LindaLeaks/Prefabs/LindaLeaks_Exhibit_VintageCamera.prefab,No,Review,High
Assets/Furniture Mega Pack/Textures/Tables/Table02/Table02_mat_Table02_Normal.png,Texture,5021077,4.8 MB,Unavailable: buildreport missing,Assets/Furniture Mega Pack/Materials/Table/mat_Table02.mat,No,Review,High
Assets/Furniture Mega Pack/Textures/Cushions/Cushion49_50/Cushion49_50_mat_Cushion49_50_Normal.png,Texture,5005076,4.8 MB,Unavailable: buildreport missing,Assets/Furniture Mega Pack/Materials/Cushion/mat_Cushion49_50.mat,No,Review,High
Assets/Furniture Mega Pack/Textures/Tables/Table34/Table34_mat_Table34_AlbedoTransparency.png,Texture,4999955,4.8 MB,Unavailable: buildreport missing,Assets/Furniture Mega Pack/Materials/Table/mat_Table34.mat,No,Review,High
Assets/Furniture Mega Pack/Textures/Sofas/Sofa02/Sofa02_mat_Sofa02_AlbedoTransparency.png,Texture,4981717,4.8 MB,Unavailable: buildreport missing,Assets/Furniture Mega Pack/Materials/Sofa/mat_Sofa02.mat,No,Review,High
Assets/BCaT_assets/Meshell_Sturgis/articles/A Tesseract for Art & Scholarship _ New Archives.pdf,Unity/Other,4971816,4.7 MB,Unavailable: buildreport missing,,No,Review,Unknown
Assets/Furniture Mega Pack/Textures/Tables/Table35/Table35_mat_Table35_Normal.png,Texture,4957582,4.7 MB,Unavailable: buildreport missing,Assets/Furniture Mega Pack/Materials/Table/mat_Table35.mat,No,Review,High
Assets/Furniture Mega Pack/Textures/Chairs/Chair36/Chair36_mat_Chair36_Normal.png,Texture,4865919,4.6 MB,Unavailable: buildreport missing,Assets/Furniture Mega Pack/Materials/Chair/mat_Chair36.mat,No,Review,High
Assets/Furniture Mega Pack/Textures/Bed/BedFrame/AtlasTexture_BedFrame_AtlasTexture_BedFrame_AlbedoTransparency.png,Texture,4861539,4.6 MB,Unavailable: buildreport missing,Assets/Furniture Mega Pack/Materials/Bed/mat_BedFrame.mat,No,Review,High
Assets/Furniture Mega Pack/Textures/Sofas/Sofa23/Sofa23_mat_Sofa23_Normal.png,Texture,4818657,4.6 MB,Unavailable: buildreport missing,Assets/Furniture Mega Pack/Materials/Sofa/mat_Sofa23.mat,No,Review,High
Assets/Idyllic Italian Coast Town/Textures/M_treebark_Normal.png,Texture,4816249,4.6 MB,Unavailable: buildreport missing,Assets/Idyllic Italian Coast Town/Materials/M_treebark.mat,No,Review,High
Assets/Furniture Mega Pack/Textures/Tables/Table20/Table20_mat_Table20_AlbedoTransparency.png,Texture,4791575,4.6 MB,Unavailable: buildreport missing,Assets/Furniture Mega Pack/Materials/Table/mat_Table20.mat,No,Review,High
Assets/Furniture Mega Pack/Textures/Tables/Table18/Table18_mat_Table18_Normal.png,Texture,4788821,4.6 MB,Unavailable: buildreport missing,Assets/Furniture Mega Pack/Materials/Table/mat_Table18.mat,No,Review,High
Assets/DevDen Arch Viz Scotland/Models/Study Room/CHair2.fbx,Model/Mesh,4769290,4.5 MB,Unavailable: buildreport missing,Assets/DevDen Arch Viz Scotland/Prefabs/Study Room/StudyRoom Chair.prefab; Assets/DevDen Arch Viz Scotland/Scenes/ArchViz.unity,No,Review,High
Assets/Furniture Mega Pack/Textures/Chairs/Chair39/Chair39_mat_Chair39_AlbedoTransparency.png,Texture,4756822,4.5 MB,Unavailable: buildreport missing,Assets/Furniture Mega Pack/Materials/Chair/mat_Chair39.mat,No,Review,High
Assets/Furniture Mega Pack/Textures/Tables/Table11/Table11_mat_Table11_AlbedoTransparency.png,Texture,4741125,4.5 MB,Unavailable: buildreport missing,Assets/Furniture Mega Pack/Materials/Table/mat_Table11.mat,No,Review,High
Assets/Furniture Mega Pack/Textures/Sofas/Sofa14/Sofa14_mat_Sofa14_AlbedoTransparency.png,Texture,4717571,4.5 MB,Unavailable: buildreport missing,Assets/Furniture Mega Pack/Materials/Sofa/mat_Sofa14.mat,No,Review,High
Assets/Furniture Mega Pack/Textures/Tables/Table01/Table01_mat_Table01_Normal.png,Texture,4697649,4.5 MB,Unavailable: buildreport missing,Assets/Furniture Mega Pack/Materials/Table/mat_Table01.mat,No,Review,High
Assets/Furniture Mega Pack/Textures/Tables/Table35/Table35_mat_Table35_AlbedoTransparency.png,Texture,4683665,4.5 MB,Unavailable: buildreport missing,Assets/Furniture Mega Pack/Materials/Table/mat_Table35.mat,No,Review,High
Assets/Furniture Mega Pack/Textures/Sofas/Sofa26/Sofa26_mat_Sofa26_AlbedoTransparency.png,Texture,4660501,4.4 MB,Unavailable: buildreport missing,Assets/Furniture Mega Pack/Materials/Sofa/mat_Sofa26.mat,No,Review,High
Assets/Idyllic Italian Coast Town/Textures/M_flowerpots_Normal.png,Texture,4655958,4.4 MB,Unavailable: buildreport missing,Assets/Idyllic Italian Coast Town/Materials/M_flowerpots 1.mat; Assets/Idyllic Italian Coast Town/Materials/M_flowerpots.mat,No,Review,High
Assets/Furniture Mega Pack/Textures/Chairs/Chair06/Chair06_mat_Chair06_AlbedoTransparency.png,Texture,4649154,4.4 MB,Unavailable: buildreport missing,Assets/Furniture Mega Pack/Materials/Chair/mat_Chair06.mat,No,Review,High
Assets/Furniture Mega Pack/Textures/Tables/Table45/Table45_mat_Table45_AlbedoTransparency.png,Texture,4618509,4.4 MB,Unavailable: buildreport missing,Assets/Furniture Mega Pack/Materials/Table/mat_Table45.mat,No,Review,High
Assets/Furniture Mega Pack/Textures/Tables/Table03/Table03_mat_Table03_AlbedoTransparency.png,Texture,4617202,4.4 MB,Unavailable: buildreport missing,Assets/Furniture Mega Pack/Materials/Table/mat_Table03.mat,No,Review,High
Assets/Furniture Mega Pack/Textures/Tables/Table11/Table11_mat_Table11_Normal.png,Texture,4616922,4.4 MB,Unavailable: buildreport missing,Assets/Furniture Mega Pack/Materials/Table/mat_Table11.mat,No,Review,High
Assets/Furniture Mega Pack/Textures/Chairs/Chair21/Chair21_mat_Chair21_AlbedoTransparency.png,Texture,4613275,4.4 MB,Unavailable: buildreport missing,Assets/Furniture Mega Pack/Materials/Chair/mat_Chair21.mat,No,Review,High
Assets/DevDen Arch Viz Scotland/Textures/Kitchen Room/side_piece/side_piece_marble_AlbedoTransparency.png,Texture,4606213,4.4 MB,Unavailable: buildreport missing,Assets/DevDen Arch Viz Scotland/Materials/Kitchen Room/marble.mat; Assets/HyTeKGames/SRPMaterialConverter/ConvertedMaterials/marble.mat,No,Review,High
Assets/Furniture Mega Pack/Textures/Tables/Table39/Table39_mat_Table39_AlbedoTransparency.png,Texture,4602163,4.4 MB,Unavailable: buildreport missing,Assets/Furniture Mega Pack/Materials/Table/mat_Table39.mat,No,Review,High
Assets/Furniture Mega Pack/Textures/Chairs/Chair47/Chair47_mat_Chair47_Normal.png,Texture,4567915,4.4 MB,Unavailable: buildreport missing,Assets/Furniture Mega Pack/Materials/Chair/mat_Chair47.mat,No,Review,High
Assets/_Recovery/0 (24).unity,Unity/Other,4564452,4.4 MB,Unavailable: buildreport missing,,No,Review,Unknown
Assets/Furniture Mega Pack/Textures/Tables/Table47/Table47_mat_Table47_AlbedoTransparency.png,Texture,4560978,4.3 MB,Unavailable: buildreport missing,Assets/Furniture Mega Pack/Materials/Table/mat_Table47.mat,No,Review,High
Assets/Furniture Mega Pack/Textures/Tables/Table21/Table21_mat_Table21_AlbedoTransparency.png,Texture,4537134,4.3 MB,Unavailable: buildreport missing,Assets/Furniture Mega Pack/Materials/Table/mat_Table21.mat,No,Review,High
Assets/Furniture Mega Pack/Textures/Tables/Table46/Table46_mat_Table46_AlbedoTransparency.png,Texture,4521086,4.3 MB,Unavailable: buildreport missing,Assets/Furniture Mega Pack/Materials/Table/mat_Table46.mat,No,Review,High
Assets/Furniture Mega Pack/Textures/Sofas/Sofa03/Sofa03_mat_Sofa03_AlbedoTransparency.png,Texture,4504988,4.3 MB,Unavailable: buildreport missing,Assets/Furniture Mega Pack/Materials/Sofa/mat_Sofa03.mat,No,Review,High
Assets/Furniture Mega Pack/Textures/Chairs/Chair40/Chair40_mat_Chair40_Normal.png,Texture,4492836,4.3 MB,Unavailable: buildreport missing,Assets/Furniture Mega Pack/Materials/Chair/mat_Chair40.mat,No,Review,High
Assets/Idyllic Italian Coast Town/Textures/M_windows_italian_MaskMap.png,Texture,4491482,4.3 MB,Unavailable: buildreport missing,Assets/Idyllic Italian Coast Town/Materials/M_windows.mat,No,Review,High
Assets/Furniture Mega Pack/Textures/Chairs/Chair32/Chair32_mat_Chair32_Normal.png,Texture,4482663,4.3 MB,Unavailable: buildreport missing,Assets/Furniture Mega Pack/Materials/Chair/mat_Chair32.mat,No,Review,High
Assets/DevDen Arch Viz Scotland/Textures/Common/SmallObj/dish-rack_ao.png,Texture,4482210,4.3 MB,Unavailable: buildreport missing,Assets/DevDen Arch Viz Scotland/Materials/Kitchen Room/DrainerNew.mat,No,Review,High
Assets/Furniture Mega Pack/Textures/Sofas/Sofa36/Sofa36_mat_Sofa36_AlbedoTransparency.png,Texture,4482137,4.3 MB,Unavailable: buildreport missing,Assets/Furniture Mega Pack/Materials/Sofa/mat_Sofa36.mat,No,Review,High
Assets/Furniture Mega Pack/Textures/Tables/Table38/Table38_mat_Table38_Normal.png,Texture,4477878,4.3 MB,Unavailable: buildreport missing,Assets/Furniture Mega Pack/Materials/Table/mat_Table38.mat,No,Review,High
Assets/RealBlend/Art/Materials/Textures/red_brick_plaster_patch_02_nor_gl_2k.exr,Texture,4472925,4.3 MB,Unavailable: buildreport missing,Assets/RealBlend/Art/Materials/BuiltIn/VariationExampleBuilt-In.mat; Assets/RealBlend/Art/Materials/HDRP/5BlendExample.mat; Assets/RealBlend/Art/Materials/HDRP/VariationExample.mat; Assets/RealBlend/Art/Materials/HDRP/VariationExample_ExperimentalSPOM.mat; Assets/RealBlend/Art/Materials/URP/VariationExampleURP.mat,No,Review,High
Assets/Furniture Mega Pack/Textures/Closet/AtlasTexture_Closet_Normal.png,Texture,4446409,4.2 MB,Unavailable: buildreport missing,Assets/Furniture Mega Pack/Materials/Closet/mat_Closet.mat,No,Review,High
Assets/Furniture Mega Pack/Textures/Chairs/Chair40/Chair40_mat_Chair40_AlbedoTransparency.png,Texture,4446124,4.2 MB,Unavailable: buildreport missing,Assets/Furniture Mega Pack/Materials/Chair/mat_Chair40.mat,No,Review,High
Assets/Furniture Mega Pack/Textures/Sofas/SectionalSofaFabric/SectionalSofaFabric_mat_SectionalSofaLeather_MetallicSmoothness.png,Texture,4426651,4.2 MB,Unavailable: buildreport missing,Assets/Furniture Mega Pack/Materials/Sofa/mat_SectionalSofaFabric.mat,No,Review,High
Assets/Furniture Mega Pack/Textures/Chairs/Chair12/Chair12_mat_Chair12_AlbedoTransparency.png,Texture,4420969,4.2 MB,Unavailable: buildreport missing,Assets/Furniture Mega Pack/Materials/Chair/mat_Chair12.mat,No,Review,High
Assets/BCaT_assets/SewingRoom/old_sewing_box.glb,Model/Mesh,4369120,4.2 MB,Unavailable: buildreport missing,Assets/BH_XR_MainScene.unity; Assets/_Recovery/0 (1).unity; Assets/_Recovery/0 (10).unity; Assets/_Recovery/0 (11).unity; Assets/_Recovery/0 (13).unity; Assets/_Recovery/0 (14).unity; Assets/_Recovery/0 (15).unity; Assets/_Recovery/0 (16).unity; Assets/_Recovery/0 (17).unity; Assets/_Recovery/0 (18).unity; Assets/_Recovery/0 (2).unity; Assets/_Recovery/0 (21).unity; Assets/_Recovery/0 (22).unity; Assets/_Recovery/0 (23).unity; Assets/_Recovery/0 (3).unity; Assets/_Recovery/0 (5).unity; Assets/_Recovery/0 (6).unity; Assets/_Recovery/0 (7).unity; Assets/_Recovery/0 (8).unity; Assets/_Recovery/0 (9).unity,No,Review,High
Assets/DevDen Arch Viz Scotland/Textures/Common/Interior_props/StudyRoom_BG1.png,Texture,4368367,4.2 MB,Unavailable: buildreport missing,Assets/DevDen Arch Viz Scotland/Materials/Study Room/PictureImage03.mat; Assets/HyTeKGames/SRPMaterialConverter/ConvertedMaterials/PictureImage03.mat,No,Review,High
Assets/Furniture Mega Pack/Textures/Tables/Table14/Table14_mat_Table14_AlbedoTransparency.png,Texture,4347019,4.1 MB,Unavailable: buildreport missing,Assets/Furniture Mega Pack/Materials/Table/mat_Table14.mat,No,Review,High
Assets/Furniture Mega Pack/Textures/Tables/Table12/Table12_mat_Table12_AlbedoTransparency.png,Texture,4342552,4.1 MB,Unavailable: buildreport missing,Assets/Furniture Mega Pack/Materials/Table/mat_Table12.mat,No,Review,High
Assets/Furniture Mega Pack/Textures/Chairs/Chair19/Chair19_mat_Chair19_AlbedoTransparency.png,Texture,4339697,4.1 MB,Unavailable: buildreport missing,Assets/Furniture Mega Pack/Materials/Chair/mat_Chair19.mat,No,Review,High
Assets/Furniture Mega Pack/Textures/Chairs/Chair14/Chair14_mat_Chair14_AlbedoTransparency.png,Texture,4333732,4.1 MB,Unavailable: buildreport missing,Assets/Furniture Mega Pack/Materials/Chair/mat_Chair14.mat,No,Review,High
Assets/Idyllic Italian Coast Town/Textures/M_attachments_metal_MaskMap.png,Texture,4320284,4.1 MB,Unavailable: buildreport missing,Assets/Idyllic Italian Coast Town/Materials/M_attachments_metal.mat,No,Review,High
Assets/Furniture Mega Pack/Textures/Tables/Table25/Table25_mat_Table25_AlbedoTransparency.png,Texture,4318437,4.1 MB,Unavailable: buildreport missing,Assets/Furniture Mega Pack/Materials/Table/mat_Table25.mat,No,Review,High
Assets/Furniture Mega Pack/Textures/Chairs/Chair01/Chair01_mat_Chair01_Normal.png,Texture,4313707,4.1 MB,Unavailable: buildreport missing,Assets/Furniture Mega Pack/Materials/Chair/mat_Chair01.mat,No,Review,High
Assets/Furniture Mega Pack/Textures/Chairs/Chair37/Chair37_mat_Chair37_Normal.png,Texture,4305754,4.1 MB,Unavailable: buildreport missing,Assets/Furniture Mega Pack/Materials/Chair/mat_Chair37.mat,No,Review,High
Assets/Furniture Mega Pack/Textures/Tables/Table16/Table16_mat_Table16_AlbedoTransparency.png,Texture,4288082,4.1 MB,Unavailable: buildreport missing,Assets/Furniture Mega Pack/Materials/Table/mat_Table16.mat,No,Review,High
Assets/Furniture Mega Pack/Textures/Sofas/SectionalSofaFabric/SectionalSofaFabric_mat_SectionalSofaLeather_AlbedoTransparency.png,Texture,4228499,4.0 MB,Unavailable: buildreport missing,Assets/Furniture Mega Pack/Materials/Sofa/mat_SectionalSofaFabric.mat,No,Review,High
Assets/Furniture Mega Pack/Textures/Sofas/Sofa29/Sofa29_mat_Sofa29_AlbedoTransparency.png,Texture,4203154,4.0 MB,Unavailable: buildreport missing,Assets/Furniture Mega Pack/Materials/Sofa/mat_Sofa29.mat,No,Review,High
Assets/YughuesFreeCobbleMaterials/Textures/T_YFCM_08_s.tga,Texture,4194348,4.0 MB,Unavailable: buildreport missing,Assets/YughuesFreeCobbleMaterials/Materials/M_YFCM_08.mat,No,Review,High
Assets/YughuesFreeCobbleMaterials/Textures/T_YFCM_11_s.tga,Texture,4194348,4.0 MB,Unavailable: buildreport missing,Assets/YughuesFreeCobbleMaterials/Materials/M_YFCM_11.mat,No,Review,High
Assets/YughuesFreeCobbleMaterials/Textures/T_YFCM_13_s.tga,Texture,4194348,4.0 MB,Unavailable: buildreport missing,Assets/YughuesFreeCobbleMaterials/Materials/M_YFCM_13.mat,No,Review,High
Assets/YughuesFreeCobbleMaterials/Textures/T_YFCM_12_s.tga,Texture,4194348,4.0 MB,Unavailable: buildreport missing,Assets/YughuesFreeCobbleMaterials/Materials/M_YFCM_12.mat,No,Review,High
Assets/YughuesFreeCobbleMaterials/Textures/T_YFCM_09_s.tga,Texture,4194348,4.0 MB,Unavailable: buildreport missing,,No,Review,Unknown
Assets/YughuesFreeCobbleMaterials/Textures/T_YFCM_10_s.tga,Texture,4194348,4.0 MB,Unavailable: buildreport missing,Assets/YughuesFreeCobbleMaterials/Materials/M_YFCM_10.mat,No,Review,High
Assets/YughuesFreeCobbleMaterials/Textures/T_YFCM_05_s.tga,Texture,4194348,4.0 MB,Unavailable: buildreport missing,Assets/YughuesFreeCobbleMaterials/Materials/M_YFCM_05.mat,No,Review,High
Assets/YughuesFreeCobbleMaterials/Textures/T_YFCM_07_s.tga,Texture,4194348,4.0 MB,Unavailable: buildreport missing,Assets/YughuesFreeCobbleMaterials/Materials/M_YFCM_07.mat,No,Review,High
Assets/YughuesFreeCobbleMaterials/Textures/T_YFCM_03_s.tga,Texture,4194348,4.0 MB,Unavailable: buildreport missing,Assets/YughuesFreeCobbleMaterials/Materials/M_YFCM_03.mat,No,Review,High
Assets/YughuesFreeCobbleMaterials/Textures/T_YFCM_01_s.tga,Texture,4194348,4.0 MB,Unavailable: buildreport missing,Assets/YughuesFreeCobbleMaterials/Materials/M_YFCM_01.mat,No,Review,High
Assets/YughuesFreeCobbleMaterials/Textures/T_YFCM_06_s.tga,Texture,4194348,4.0 MB,Unavailable: buildreport missing,Assets/YughuesFreeCobbleMaterials/Materials/M_YFCM_06.mat; Assets/YughuesFreeCobbleMaterials/Materials/M_YFCM_09.mat,No,Review,High
Assets/YughuesFreeCobbleMaterials/Textures/T_YFCM_04_s.tga,Texture,4194348,4.0 MB,Unavailable: buildreport missing,Assets/YughuesFreeCobbleMaterials/Materials/M_YFCM_04.mat,No,Review,High
Assets/YughuesFreeCobbleMaterials/Textures/T_YFCM_02_s.tga,Texture,4194348,4.0 MB,Unavailable: buildreport missing,Assets/YughuesFreeCobbleMaterials/Materials/M_YFCM_02.mat,No,Review,High
Assets/Idyllic Italian Coast Town/Textures/M_attachments_stone_MaskMap.png,Texture,4193225,4.0 MB,Unavailable: buildreport missing,Assets/Idyllic Italian Coast Town/Materials/M_attachments_stone 1.mat; Assets/Idyllic Italian Coast Town/Materials/M_attachments_stone.mat,No,Review,High
Assets/Idyllic Italian Coast Town/Textures/M_canopies02_Normal.png,Texture,4190537,4.0 MB,Unavailable: buildreport missing,Assets/Idyllic Italian Coast Town/Materials/M_canopies.mat,No,Review,High
Assets/BCaT_assets/BTMMP_Workstation_Assembly/notebook.glb,Model/Mesh,4185300,4.0 MB,Unavailable: buildreport missing,Assets/BH_XR_MainScene.unity; Assets/_Recovery/0 (1).unity; Assets/_Recovery/0 (10).unity; Assets/_Recovery/0 (11).unity; Assets/_Recovery/0 (13).unity; Assets/_Recovery/0 (14).unity; Assets/_Recovery/0 (15).unity; Assets/_Recovery/0 (16).unity; Assets/_Recovery/0 (17).unity; Assets/_Recovery/0 (18).unity; Assets/_Recovery/0 (2).unity; Assets/_Recovery/0 (21).unity; Assets/_Recovery/0 (22).unity; Assets/_Recovery/0 (23).unity; Assets/_Recovery/0 (3).unity; Assets/_Recovery/0 (5).unity; Assets/_Recovery/0 (6).unity; Assets/_Recovery/0 (7).unity; Assets/_Recovery/0 (8).unity; Assets/_Recovery/0 (9).unity,No,Review,High
Assets/Furniture Mega Pack/Textures/Chairs/Chair08/Chair08_mat_Chair08_Normal.png,Texture,4171917,4.0 MB,Unavailable: buildreport missing,Assets/Furniture Mega Pack/Materials/Chair/mat_Chair08.mat,No,Review,High
Assets/Furniture Mega Pack/Textures/Chairs/Chair44/Chair44_mat_Chair44_AlbedoTransparency.png,Texture,4168132,4.0 MB,Unavailable: buildreport missing,Assets/Furniture Mega Pack/Materials/Chair/mat_Chair44.mat,No,Review,High
Assets/Furniture Mega Pack/Textures/Tables/Table17/Table17_mat_Table17_AlbedoTransparency.png,Texture,4162164,4.0 MB,Unavailable: buildreport missing,Assets/Furniture Mega Pack/Materials/Table/mat_Table17.mat,No,Review,High
Assets/Furniture Mega Pack/Textures/Sofas/Sofa17/Sofa17_mat_Sofa17_AlbedoTransparency.png,Texture,4160459,4.0 MB,Unavailable: buildreport missing,Assets/Furniture Mega Pack/Materials/Sofa/mat_Sofa17.mat,No,Review,High
Assets/Idyllic Italian Coast Town/Textures/M_canopies_Normal.png,Texture,4154722,4.0 MB,Unavailable: buildreport missing,Assets/Idyllic Italian Coast Town/Materials/M_canopies 1.mat,No,Review,High
Assets/Furniture Mega Pack/Textures/Tables/Table31/Table31_mat_Table31_Normal.png,Texture,4152549,4.0 MB,Unavailable: buildreport missing,Assets/Furniture Mega Pack/Materials/Table/mat_Table31.mat,No,Review,High
Assets/Furniture Mega Pack/Textures/Chairs/Chair18/Chair18_mat_Chair18_Normal.png,Texture,4140514,3.9 MB,Unavailable: buildreport missing,Assets/Furniture Mega Pack/Materials/Chair/mat_Chair18.mat,No,Review,High
Assets/Furniture Mega Pack/Textures/Chairs/Chair13/Chair13_mat_Chair13_AlbedoTransparency.png,Texture,4135790,3.9 MB,Unavailable: buildreport missing,Assets/Furniture Mega Pack/Materials/Chair/mat_Chair13.mat,No,Review,High
Assets/RealBlend/Art/Materials/Textures/WhitePlaster.png,Texture,4122921,3.9 MB,Unavailable: buildreport missing,Assets/RealBlend/Art/Materials/BuiltIn/VariationExampleBuilt-In.mat; Assets/RealBlend/Art/Materials/HDRP/5BlendExample.mat; Assets/RealBlend/Art/Materials/HDRP/VariationExample.mat; Assets/RealBlend/Art/Materials/HDRP/VariationExample_ExperimentalSPOM.mat; Assets/RealBlend/Art/Materials/URP/VariationExampleURP.mat,No,Review,High
Assets/Furniture Mega Pack/Textures/Tables/Table30/Table30_mat_Table30_Normal.png,Texture,4106381,3.9 MB,Unavailable: buildreport missing,Assets/Furniture Mega Pack/Materials/Table/mat_Table30.mat,No,Review,High
Assets/Furniture Mega Pack/Textures/Sofas/Sofa16/Sofa16_mat_Sofa16_AlbedoTransparency.png,Texture,4096375,3.9 MB,Unavailable: buildreport missing,Assets/Furniture Mega Pack/Materials/Sofa/mat_Sofa16.mat,No,Review,High
Assets/Furniture Mega Pack/Textures/Sofas/Sofa37/Sofa37_mat_Sofa37_AlbedoTransparency.png,Texture,4083498,3.9 MB,Unavailable: buildreport missing,Assets/Furniture Mega Pack/Materials/Sofa/mat_Sofa37.mat,No,Review,High
Assets/Furniture Mega Pack/Textures/Chairs/Chair29/Chair29_mat_Chair29_Normal.png,Texture,4073084,3.9 MB,Unavailable: buildreport missing,Assets/Furniture Mega Pack/Materials/Chair/mat_Chair29.mat,No,Review,High
Assets/Idyllic Italian Coast Town/Textures/M_attachments_metal_BaseMap.png,Texture,4048267,3.9 MB,Unavailable: buildreport missing,Assets/Idyllic Italian Coast Town/Materials/M_attachments_metal.mat,No,Review,High
Assets/Furniture Mega Pack/Textures/Tables/Table13/Table13_mat_Table13_AlbedoTransparency.png,Texture,3971551,3.8 MB,Unavailable: buildreport missing,Assets/Furniture Mega Pack/Materials/Table/mat_Table13.mat,No,Review,High
Assets/Furniture Mega Pack/Textures/Tables/Table04/Table04_mat_Table04_AlbedoTransparency.png,Texture,3967222,3.8 MB,Unavailable: buildreport missing,Assets/Furniture Mega Pack/Materials/Table/mat_Table04.mat,No,Review,High
Assets/BCAT_GLB_TextureRemediation/generic_tulip_flower/Texture_2 _02.png,Texture,3965650,3.8 MB,Unavailable: buildreport missing,,No,Review,Unknown
Assets/DevDen Arch Viz Scotland/Textures/Kitchen Room/Knife Holder/Knife Holder_AlbedoTransparency.png,Texture,3957216,3.8 MB,Unavailable: buildreport missing,Assets/DevDen Arch Viz Scotland/Materials/Kitchen Room/Knife_Holder_mat.mat; Assets/HyTeKGames/SRPMaterialConverter/ConvertedMaterials/Knife_Holder_mat.mat,No,Review,High
Assets/Furniture Mega Pack/Textures/Chairs/Chair31/Chair31_mat_Chair31_Normal.png,Texture,3938152,3.8 MB,Unavailable: buildreport missing,Assets/Furniture Mega Pack/Materials/Chair/mat_Chair31.mat,No,Review,High
Assets/Shaded Spectrum/Cozy Interiors Demo Pack/Textures/Oak Ladder Shelf Panels/OakLadderShelfPanelsAmbientOcclusionMap.png,Texture,3933163,3.8 MB,Unavailable: buildreport missing,,No,Review,Unknown
Assets/Idyllic Italian Coast Town/Scenes/Demo Italy.unity,Unity/Other,3930756,3.7 MB,Unavailable: buildreport missing,,No,Review,Unknown
Assets/Furniture Mega Pack/Textures/Sofas/Sofa23/Sofa23_mat_Sofa23_AlbedoTransparency.png,Texture,3926259,3.7 MB,Unavailable: buildreport missing,Assets/Furniture Mega Pack/Materials/Sofa/mat_Sofa23.mat,No,Review,High
Assets/DevDen Arch Viz Scotland/Textures/Kitchen Room/Chopboard/Chopboard_AlbedoTransparency.png,Texture,3921287,3.7 MB,Unavailable: buildreport missing,Assets/DevDen Arch Viz Scotland/Materials/Kitchen Room/Chopboard_mat.mat; Assets/HyTeKGames/SRPMaterialConverter/ConvertedMaterials/Chopboard_mat.mat,No,Review,High
Assets/Furniture Mega Pack/Textures/Chairs/Chair46/Chair46_mat_Chair46_AlbedoTransparency.png,Texture,3916588,3.7 MB,Unavailable: buildreport missing,Assets/Furniture Mega Pack/Materials/Chair/mat_Chair46.mat,No,Review,High
Assets/Furniture Mega Pack/Textures/Sofas/Sofa04/Sofa04_mat_Sofa04_AlbedoTransparency.png,Texture,3914855,3.7 MB,Unavailable: buildreport missing,Assets/Furniture Mega Pack/Materials/Sofa/mat_Sofa04.mat,No,Review,High
Assets/DevDen Arch Viz Scotland/Textures/Living Room/Laptop/laptop_DefaultMaterial_AlbedoTransparency.png,Texture,3909074,3.7 MB,Unavailable: buildreport missing,Assets/DevDen Arch Viz Scotland/Materials/Living Room/laptop.mat; Assets/HyTeKGames/SRPMaterialConverter/ConvertedMaterials/laptop.mat,No,Review,High
Assets/Furniture Mega Pack/Textures/Sofas/Sofa35/Sofa35_mat_Sofa35_MetallicSmoothness.png,Texture,3898397,3.7 MB,Unavailable: buildreport missing,Assets/Furniture Mega Pack/Materials/Sofa/mat_Sofa35.mat,No,Review,High
Assets/Furniture Mega Pack/Textures/Sofas/Sofa27/Sofa27_mat_Sofa27_AlbedoTransparency.png,Texture,3891251,3.7 MB,Unavailable: buildreport missing,Assets/Furniture Mega Pack/Materials/Sofa/mat_Sofa27.mat,No,Review,High
Assets/Furniture Mega Pack/Textures/Chairs/Chair27/Chair27_mat_Chair27_Normal.png,Texture,3871488,3.7 MB,Unavailable: buildreport missing,Assets/Furniture Mega Pack/Materials/Chair/mat_Chair27.mat,No,Review,High
Assets/Furniture Mega Pack/Textures/Tables/Table08/Table08_mat_Table08_Normal.png,Texture,3867458,3.7 MB,Unavailable: buildreport missing,Assets/Furniture Mega Pack/Materials/Table/mat_Table08.mat,No,Review,High
Assets/Furniture Mega Pack/Textures/Tables/Table27/Table27_mat_Table27_AlbedoTransparency.png,Texture,3859905,3.7 MB,Unavailable: buildreport missing,Assets/Furniture Mega Pack/Materials/Table/mat_Table27.mat,No,Review,High
Assets/Shaded Spectrum/Cozy Interiors Demo Pack/Textures/Oak Ladder Shelf Panels/OakLadderShelfPanelsDisplacementMap.png,Texture,3859240,3.7 MB,Unavailable: buildreport missing,,No,Review,Unknown
Assets/Furniture Mega Pack/Textures/Tables/Table18/Table18_mat_Table18_AlbedoTransparency.png,Texture,3859221,3.7 MB,Unavailable: buildreport missing,Assets/Furniture Mega Pack/Materials/Table/mat_Table18.mat,No,Review,High
Assets/Shaded Spectrum/Cozy Interiors Demo Pack/Textures/Coarse Burlap Upholstery/CoarseBurlapUpholsteryAmbientOcclusionMap.png,Texture,3850400,3.7 MB,Unavailable: buildreport missing,,No,Review,Unknown
Assets/Furniture Mega Pack/Textures/Tables/Table40/Table40_mat_Table40_AlbedoTransparency.png,Texture,3839411,3.7 MB,Unavailable: buildreport missing,Assets/Furniture Mega Pack/Materials/Table/mat_Table40.mat,No,Review,High
Assets/Furniture Mega Pack/Textures/Tables/Table26/Table26_mat_Table26_Normal.png,Texture,3835826,3.7 MB,Unavailable: buildreport missing,Assets/Furniture Mega Pack/Materials/Table/mat_Table26.mat,No,Review,High
Assets/Furniture Mega Pack/Textures/Tables/Table28/Table28_mat_Table28_AlbedoTransparency.png,Texture,3830850,3.7 MB,Unavailable: buildreport missing,Assets/Furniture Mega Pack/Materials/Table/mat_Table28.mat,No,Review,High
Assets/DevDen Arch Viz Scotland/Models/Kitchen Room/side_piece.fbx,Model/Mesh,3809312,3.6 MB,Unavailable: buildreport missing,Assets/DevDen Arch Viz Scotland/Prefabs/Kitchen Room/Kitchen_Cabinet-2.prefab; Assets/DevDen Arch Viz Scotland/Scenes/ArchViz.unity,No,Review,High
Assets/Furniture Mega Pack/Textures/Tables/Table26/Table26_mat_Table26_AlbedoTransparency.png,Texture,3790413,3.6 MB,Unavailable: buildreport missing,Assets/Furniture Mega Pack/Materials/Table/mat_Table26.mat,No,Review,High
Assets/Furniture Mega Pack/Textures/Chairs/Chair28/Chair28_mat_Chair28_Normal.png,Texture,3779716,3.6 MB,Unavailable: buildreport missing,Assets/Furniture Mega Pack/Materials/Chair/mat_Chair28.mat,No,Review,High
Assets/Furniture Mega Pack/Textures/Tables/Table24/Table24_mat_Table24_AlbedoTransparency.png,Texture,3776177,3.6 MB,Unavailable: buildreport missing,Assets/Furniture Mega Pack/Materials/Table/mat_Table24.mat,No,Review,High
Assets/Shaded Spectrum/Cozy Interiors Demo Pack/Textures/Cracked Terracotta Floor/CrackedTerracottaFloorAmbientOcclusionMap.png,Texture,3760864,3.6 MB,Unavailable: buildreport missing,,No,Review,Unknown
Assets/Furniture Mega Pack/Textures/Tables/Table21/Table21_mat_Table21_Normal.png,Texture,3745243,3.6 MB,Unavailable: buildreport missing,Assets/Furniture Mega Pack/Materials/Table/mat_Table21.mat,No,Review,High
Assets/Idyllic Italian Coast Town/Textures/M_attachments_tech_MaskMap.png,Texture,3743990,3.6 MB,Unavailable: buildreport missing,Assets/Idyllic Italian Coast Town/Materials/M_attachments_tech.mat,No,Review,High
Assets/Furniture Mega Pack/Textures/Tables/Table07/Table07_mat_Table07_Normal.png,Texture,3735573,3.6 MB,Unavailable: buildreport missing,Assets/Furniture Mega Pack/Materials/Table/mat_Table07.mat,No,Review,High
Assets/Shaded Spectrum/Cozy Interiors Demo Pack/Textures/Gingham Kitchen Linen/GinghamKitchenLinenAmbientOcclusionMap.png,Texture,3728242,3.6 MB,Unavailable: buildreport missing,Assets/Shaded Spectrum/Cozy Interiors Demo Pack/Materials/Gingham Kitchen Linen.mat,No,Review,High
Assets/Furniture Mega Pack/Textures/Chairs/Chair35/Chair35_mat_Chair35_Normal.png,Texture,3714823,3.5 MB,Unavailable: buildreport missing,Assets/Furniture Mega Pack/Materials/Chair/mat_Chair35.mat,No,Review,High
Assets/Furniture Mega Pack/Textures/Chairs/Chair34/Chair34_mat_Chair34_Normal.png,Texture,3714823,3.5 MB,Unavailable: buildreport missing,Assets/Furniture Mega Pack/Materials/Chair/mat_Chair34.mat,No,Review,High
Assets/DevDen Arch Viz Scotland/Textures/Common/SmallObj/trash-can_normal.png,Texture,3703805,3.5 MB,Unavailable: buildreport missing,Assets/DevDen Arch Viz Scotland/Materials/Dining Room/trash-can.mat; Assets/HyTeKGames/SRPMaterialConverter/ConvertedMaterials/trash-can.mat,No,Review,High
Assets/Furniture Mega Pack/Textures/Sofas/Sofa21/Sofa21_mat_Sofa21_AlbedoTransparency.png,Texture,3700257,3.5 MB,Unavailable: buildreport missing,Assets/Furniture Mega Pack/Materials/Sofa/mat_Sofa21.mat,No,Review,High
Assets/Shaded Spectrum/Cozy Interiors Demo Pack/Textures/Coarse Burlap Upholstery/CoarseBurlapUpholsteryDisplacementMap.png,Texture,3692367,3.5 MB,Unavailable: buildreport missing,,No,Review,Unknown
Assets/Idyllic Italian Coast Town/Textures/M_windows_italian_BaseMap.png,Texture,3686448,3.5 MB,Unavailable: buildreport missing,Assets/Idyllic Italian Coast Town/Materials/M_windows.mat,No,Review,High
Assets/Furniture Mega Pack/FBX/Sofa/Sofa12.fbx,Model/Mesh,3673260,3.5 MB,Unavailable: buildreport missing,Assets/Furniture Mega Pack/Prefabs/Sofas/Sofa12.prefab,No,Review,High
Assets/Furniture Mega Pack/Textures/Chairs/Chair37/Chair37_mat_Chair37_AlbedoTransparency.png,Texture,3665272,3.5 MB,Unavailable: buildreport missing,Assets/Furniture Mega Pack/Materials/Chair/mat_Chair37.mat,No,Review,High
Assets/Furniture Mega Pack/Textures/Sofas/Sofa13/Sofa13_mat_Sofa13_AlbedoTransparency.png,Texture,3660447,3.5 MB,Unavailable: buildreport missing,Assets/Furniture Mega Pack/Materials/Sofa/mat_Sofa13.mat,No,Review,High
Assets/Furniture Mega Pack/Textures/Chairs/Chair24/Chair24_mat_Chair24_Normal.png,Texture,3659888,3.5 MB,Unavailable: buildreport missing,Assets/Furniture Mega Pack/Materials/Chair/mat_Chair24.mat,No,Review,High
Assets/Furniture Mega Pack/Textures/Bed/Mattress/AtlasTexture_Mattress_DefaultMaterial_AlbedoTransparency.png,Texture,3650635,3.5 MB,Unavailable: buildreport missing,Assets/Furniture Mega Pack/Materials/Bathroom/mat_Bathroom.mat; Assets/Furniture Mega Pack/Materials/Bed/mat_Mattress.mat,No,Review,High
Assets/Shaded Spectrum/Cozy Interiors Demo Pack/Textures/Gingham Kitchen Linen/GinghamKitchenLinenDisplacementMap.png,Texture,3644957,3.5 MB,Unavailable: buildreport missing,Assets/Shaded Spectrum/Cozy Interiors Demo Pack/Materials/Gingham Kitchen Linen.mat,No,Review,High
Assets/Furniture Mega Pack/Textures/Chairs/Chair10/Chair10_mat_Chair10_AlbedoTransparency.png,Texture,3640069,3.5 MB,Unavailable: buildreport missing,Assets/Furniture Mega Pack/Materials/Chair/mat_Chair10.mat,No,Review,High
Assets/Shaded Spectrum/Cozy Interiors Demo Pack/Textures/Cracked Terracotta Floor/CrackedTerracottaFloorDisplacementMap.png,Texture,3636341,3.5 MB,Unavailable: buildreport missing,,No,Review,Unknown
Assets/Furniture Mega Pack/Textures/Chairs/Chair47/Chair47_mat_Chair47_AlbedoTransparency.png,Texture,3633489,3.5 MB,Unavailable: buildreport missing,Assets/Furniture Mega Pack/Materials/Chair/mat_Chair47.mat,No,Review,High
Assets/Idyllic Italian Coast Town/Textures/M_floortiles_terracotta_Normal.png,Texture,3629557,3.5 MB,Unavailable: buildreport missing,Assets/Idyllic Italian Coast Town/Materials/M_floortiles_ceramic 1.mat,No,Review,High
Assets/Furniture Mega Pack/Textures/Chairs/Chair26/Chair26_mat_Chair26_Normal.png,Texture,3618054,3.5 MB,Unavailable: buildreport missing,Assets/Furniture Mega Pack/Materials/Chair/mat_Chair26.mat,No,Review,High
Assets/Furniture Mega Pack/Textures/Sofas/Sofa30/Sofa30_mat_Sofa30_AlbedoTransparency.png,Texture,3614512,3.4 MB,Unavailable: buildreport missing,Assets/Furniture Mega Pack/Materials/Sofa/mat_Sofa30.mat,No,Review,High
Assets/Furniture Mega Pack/Textures/Tables/Table36/Table36_mat_Table36_AlbedoTransparency.png,Texture,3608459,3.4 MB,Unavailable: buildreport missing,Assets/Furniture Mega Pack/Materials/Table/mat_Table36.mat,No,Review,High
Assets/Idyllic Italian Coast Town/Textures/M_floortiles_ceramic_Normal.png,Texture,3607833,3.4 MB,Unavailable: buildreport missing,Assets/Idyllic Italian Coast Town/Materials/M_floortiles_ceramic 2.mat; Assets/Idyllic Italian Coast Town/Materials/M_floortiles_ceramic 3.mat; Assets/Idyllic Italian Coast Town/Materials/M_floortiles_ceramic.mat,No,Review,High
Assets/Coconut Palm Tree Pack/Textures/Coconut_Palm_Tree_AFS.psd,Texture,3606262,3.4 MB,Unavailable: buildreport missing,Assets/Coconut Palm Tree Pack/Materials/Coconut_Palm_Tree_AFS.mat; Assets/Coconut Palm Tree Pack/Materials/leaf.mat,No,Review,High
Assets/Furniture Mega Pack/Textures/Chairs/Chair25/Chair25_mat_Chair25_MetallicSmoothness.png,Texture,3589357,3.4 MB,Unavailable: buildreport missing,Assets/Furniture Mega Pack/Materials/Chair/mat_Chair25.mat,No,Review,High
Assets/Idyllic Italian Coast Town/Textures/M_chairs_Normal.png,Texture,3579351,3.4 MB,Unavailable: buildreport missing,Assets/Idyllic Italian Coast Town/Materials/M_chairs.mat,No,Review,High
Assets/Furniture Mega Pack/Textures/Sofas/Sofa34/Sofa34_mat_Sofa34_MetallicSmoothness.png,Texture,3579337,3.4 MB,Unavailable: buildreport missing,Assets/Furniture Mega Pack/Materials/Sofa/mat_Sofa34.mat,No,Review,High
Assets/Furniture Mega Pack/Textures/Tables/Table36/Table36_mat_Table36_Normal.png,Texture,3576592,3.4 MB,Unavailable: buildreport missing,Assets/Furniture Mega Pack/Materials/Table/mat_Table36.mat,No,Review,High
Assets/Furniture Mega Pack/Textures/Sofas/SectionalSofaLeather/SectionalSofaLeather_mat_SectionalSofaLeather_Normal.png,Texture,3560791,3.4 MB,Unavailable: buildreport missing,Assets/Furniture Mega Pack/Materials/Sofa/mat_SectionalSofaLeather.mat,No,Review,High
Assets/Furniture Mega Pack/Textures/Chairs/Chair30/Chair30_mat_Chair30_Normal.png,Texture,3553092,3.4 MB,Unavailable: buildreport missing,Assets/Furniture Mega Pack/Materials/Chair/mat_Chair30.mat,No,Review,High
Assets/Furniture Mega Pack/Textures/Tables/Table40/Table40_mat_Table40_Normal.png,Texture,3549692,3.4 MB,Unavailable: buildreport missing,Assets/Furniture Mega Pack/Materials/Table/mat_Table40.mat,No,Review,High
Assets/Furniture Mega Pack/Textures/Tables/Table23/Table23_mat_Table23_AlbedoTransparency.png,Texture,3540457,3.4 MB,Unavailable: buildreport missing,Assets/Furniture Mega Pack/Materials/Table/mat_Table23.mat,No,Review,High
Assets/Furniture Mega Pack/Textures/Sofas/Sofa28/Sofa28_mat_Sofa28_AlbedoTransparency.png,Texture,3532782,3.4 MB,Unavailable: buildreport missing,Assets/Furniture Mega Pack/Materials/Sofa/mat_Sofa28.mat,No,Review,High
Assets/Furniture Mega Pack/Textures/Chairs/Chair07/Chair07_mat_Chair07_Normal.png,Texture,3529507,3.4 MB,Unavailable: buildreport missing,Assets/Furniture Mega Pack/Materials/Chair/mat_Chair07.mat,No,Review,High
Assets/Furniture Mega Pack/Textures/Tables/Table39/Table39_mat_Table39_MetallicSmoothness.png,Texture,3523109,3.4 MB,Unavailable: buildreport missing,Assets/Furniture Mega Pack/Materials/Table/mat_Table39.mat,No,Review,High
Assets/Furniture Mega Pack/Textures/Chairs/Chair11/Chair11_mat_Chair11_AlbedoTransparency.png,Texture,3516617,3.4 MB,Unavailable: buildreport missing,Assets/Furniture Mega Pack/Materials/Chair/mat_Chair11.mat,No,Review,High
Assets/Furniture Mega Pack/Textures/Tables/Table06/Table06_mat_Table06_Normal.png,Texture,3472976,3.3 MB,Unavailable: buildreport missing,Assets/Furniture Mega Pack/Materials/Table/mat_Table06.mat,No,Review,High
Assets/Furniture Mega Pack/FBX/Chair/Chair50.fbx,Model/Mesh,3466780,3.3 MB,Unavailable: buildreport missing,Assets/Furniture Mega Pack/Prefabs/Chairs/Chair50.prefab,No,Review,High
Assets/Furniture Mega Pack/Textures/Chairs/Chair33/Chair33_mat_Chair33_Normal.png,Texture,3464939,3.3 MB,Unavailable: buildreport missing,Assets/Furniture Mega Pack/Materials/Chair/mat_Chair33.mat,No,Review,High
Assets/Idyllic Italian Coast Town/Textures/M_boat_kit_Normal.png,Texture,3463901,3.3 MB,Unavailable: buildreport missing,Assets/Idyllic Italian Coast Town/Materials/M_boat 1.mat; Assets/Idyllic Italian Coast Town/Materials/M_boat.mat,No,Review,High
Assets/Furniture Mega Pack/Textures/Tables/Table42/Table42_mat_Table42_Normal.png,Texture,3461283,3.3 MB,Unavailable: buildreport missing,Assets/Furniture Mega Pack/Materials/Table/mat_Table42.mat,No,Review,High
Assets/Furniture Mega Pack/Textures/Sofas/Sofa15/Sofa15_mat_Sofa15_AlbedoTransparency.png,Texture,3455314,3.3 MB,Unavailable: buildreport missing,Assets/Furniture Mega Pack/Materials/Sofa/mat_Sofa15.mat,No,Review,High
Assets/Idyllic Italian Coast Town/Textures/M_attachments_metal_Normal.png,Texture,3451057,3.3 MB,Unavailable: buildreport missing,Assets/Idyllic Italian Coast Town/Materials/M_attachments_metal.mat,No,Review,High
Assets/Furniture Mega Pack/Textures/Chairs/Chair45/Chair45_mat_Chair45_AlbedoTransparency.png,Texture,3441808,3.3 MB,Unavailable: buildreport missing,Assets/Furniture Mega Pack/Materials/Chair/mat_Chair45.mat,No,Review,High
Assets/Idyllic Italian Coast Town/Textures/M_canopies_BaseMap.png,Texture,3439982,3.3 MB,Unavailable: buildreport missing,Assets/Idyllic Italian Coast Town/Materials/M_boat 1.mat; Assets/Idyllic Italian Coast Town/Materials/M_canopies 1.mat,No,Review,High
Assets/Furniture Mega Pack/Textures/Chairs/Chair05/Chair05_mat_Chair05_AlbedoTransparency.png,Texture,3426266,3.3 MB,Unavailable: buildreport missing,Assets/Furniture Mega Pack/Materials/Chair/mat_Chair05.mat,No,Review,High
Assets/Shaded Spectrum/Cozy Interiors Demo Pack/Textures/Mossy Flagstone Floor/MossyFlagstoneFloorAmbientOcclusionMap.png,Texture,3418086,3.3 MB,Unavailable: buildreport missing,,No,Review,Unknown
Assets/Furniture Mega Pack/FBX/Chair/Chair35.fbx,Model/Mesh,3415916,3.3 MB,Unavailable: buildreport missing,Assets/Furniture Mega Pack/Prefabs/Chairs/Chair35.prefab,No,Review,High
Assets/Furniture Mega Pack/FBX/Chair/Chair34.fbx,Model/Mesh,3415068,3.3 MB,Unavailable: buildreport missing,Assets/Furniture Mega Pack/Prefabs/Chairs/Chair34.prefab,No,Review,High
Assets/Idyllic Italian Coast Town/Textures/M_lemonstand_BaseMap.png,Texture,3413219,3.3 MB,Unavailable: buildreport missing,Assets/Idyllic Italian Coast Town/Materials/M_lemonstand 1.mat; Assets/Idyllic Italian Coast Town/Materials/M_lemonstand.mat,No,Review,High
Assets/Furniture Mega Pack/Textures/Tables/Table50/Table50_mat_Table50_Normal.png,Texture,3399886,3.2 MB,Unavailable: buildreport missing,Assets/Furniture Mega Pack/Materials/Table/mat_Table50.mat,No,Review,High
Assets/BCaT/Exhibits/BlackKitchen/Audio/exit_reflection.mp3,Audio,3399471,3.2 MB,Unavailable: buildreport missing,Assets/BCaT/Exhibits/BlackKitchen/Editor/BlackKitchenExperienceBuilder.cs; Assets/BCaT/Exhibits/BlackKitchen/Scenes/BlackKitchen_MemoryScene.unity,No,Review,High
Assets/Furniture Mega Pack/Textures/Cushions/Cushion49_50/Cushion49_50_mat_Cushion49_50_AlbedoTransparency.png,Texture,3384506,3.2 MB,Unavailable: buildreport missing,Assets/Furniture Mega Pack/Materials/Cushion/mat_Cushion49_50.mat,No,Review,High
Assets/Furniture Mega Pack/Textures/Tables/Table22/Table22_mat_Table22_AlbedoTransparency.png,Texture,3381728,3.2 MB,Unavailable: buildreport missing,Assets/Furniture Mega Pack/Materials/Table/mat_Table22.mat,No,Review,High
Assets/BCAT_GLB_TextureRemediation/generic_tulip_flower/Texture_0 _00.png,Texture,3381213,3.2 MB,Unavailable: buildreport missing,,No,Review,Unknown
Assets/Shaded Spectrum/Cozy Interiors Demo Pack/Textures/Mossy Flagstone Floor/MossyFlagstoneFloorDisplacementMap.png,Texture,3376621,3.2 MB,Unavailable: buildreport missing,,No,Review,Unknown
Assets/Idyllic Italian Coast Town/Textures/M_chairs_MaskMap.png,Texture,3376544,3.2 MB,Unavailable: buildreport missing,Assets/Idyllic Italian Coast Town/Materials/M_chairs.mat,No,Review,High
Assets/Furniture Mega Pack/Textures/Sofas/Sofa15/Sofa15_mat_Sofa15_MetallicSmoothness.png,Texture,3375783,3.2 MB,Unavailable: buildreport missing,Assets/Furniture Mega Pack/Materials/Sofa/mat_Sofa15.mat,No,Review,High
Assets/Furniture Mega Pack/Textures/Sofas/Sofa25/Sofa25_mat_Sofa25_Normal.png,Texture,3373724,3.2 MB,Unavailable: buildreport missing,Assets/Furniture Mega Pack/Materials/Sofa/mat_Sofa25.mat,No,Review,High
Assets/SubstanceAssets/LittleGamesPack/Textures/GamePieces/GamePieces_Mixed_AO.png,Texture,3364336,3.2 MB,Unavailable: buildreport missing,Assets/SubstanceAssets/LittleGamesPack/Materials/GamePieces.mat,No,Review,High
Assets/New Terrain.asset,Unity/Other,3362092,3.2 MB,Unavailable: buildreport missing,Assets/BH_XR_MainScene.unity; Assets/_Recovery/0 (1).unity; Assets/_Recovery/0 (10).unity; Assets/_Recovery/0 (11).unity; Assets/_Recovery/0 (13).unity; Assets/_Recovery/0 (14).unity; Assets/_Recovery/0 (15).unity; Assets/_Recovery/0 (16).unity; Assets/_Recovery/0 (17).unity; Assets/_Recovery/0 (18).unity; Assets/_Recovery/0 (2).unity; Assets/_Recovery/0 (21).unity; Assets/_Recovery/0 (22).unity; Assets/_Recovery/0 (23).unity; Assets/_Recovery/0 (3).unity; Assets/_Recovery/0 (5).unity; Assets/_Recovery/0 (6).unity; Assets/_Recovery/0 (7).unity; Assets/_Recovery/0 (8).unity; Assets/_Recovery/0 (9).unity,No,Review,High
Assets/RealBlend/Demo/Scenes/HDRP_RealBlendSampleScene.unity,Unity/Other,3352022,3.2 MB,Unavailable: buildreport missing,,No,Review,Unknown
Assets/Furniture Mega Pack/Textures/Tables/Table41/Table41_mat_Table41_Normal.png,Texture,3322512,3.2 MB,Unavailable: buildreport missing,Assets/Furniture Mega Pack/Materials/Table/mat_Table41.mat,No,Review,High
Assets/Furniture Mega Pack/Textures/Tables/Table40/Table40_mat_Table40_MetallicSmoothness.png,Texture,3321277,3.2 MB,Unavailable: buildreport missing,Assets/Furniture Mega Pack/Materials/Table/mat_Table40.mat,No,Review,High
Assets/Idyllic Italian Coast Town/Textures/M_shopsigns_small_Normal.png,Texture,3315639,3.2 MB,Unavailable: buildreport missing,Assets/Idyllic Italian Coast Town/Materials/M_shopsigns_small.mat,No,Review,High
Assets/DevDen Arch Viz Scotland/Textures/Environment/inner_wall/inner_wall_studyroom_floor3_AlbedoTransparency.png,Texture,3306609,3.2 MB,Unavailable: buildreport missing,Assets/DevDen Arch Viz Scotland/Materials/Study Room/studyroom_floor3.mat; Assets/HyTeKGames/SRPMaterialConverter/ConvertedMaterials/studyroom_floor3.mat,No,Review,High
Assets/SubstanceAssets/LittleGamesPack/Textures/GamePieces/GamePieces_Height.png,Texture,3274590,3.1 MB,Unavailable: buildreport missing,,No,Review,Unknown
Assets/Furniture Mega Pack/Textures/Sofas/Sofa19/Sofa19_mat_Sofa19_AlbedoTransparency.png,Texture,3270978,3.1 MB,Unavailable: buildreport missing,Assets/Furniture Mega Pack/Materials/Sofa/mat_Sofa19.mat,No,Review,High
Assets/Shaded Spectrum/Cozy Interiors Demo Pack/Textures/Painted Beech Wall Boards/PaintedBeechWallBoardsDisplacementMap.png,Texture,3265356,3.1 MB,Unavailable: buildreport missing,Assets/Shaded Spectrum/Cozy Interiors Demo Pack/Materials/Painted Beech Wall Boards.mat,No,Review,High
Assets/Furniture Mega Pack/Textures/Cushions/Cushion29_36/Cushion29_36_mat_Cushion29_36_AlbedoTransparency.png,Texture,3255347,3.1 MB,Unavailable: buildreport missing,Assets/Furniture Mega Pack/Materials/Cushion/mat_Cushion29_36.mat,No,Review,High
Assets/Furniture Mega Pack/Textures/Chairs/Chair17/Chair17_mat_Chair17_AlbedoTransparency.png,Texture,3250907,3.1 MB,Unavailable: buildreport missing,Assets/Furniture Mega Pack/Materials/Chair/mat_Chair17.mat,No,Review,High
Assets/Furniture Mega Pack/Textures/Tables/Table08/Table08_mat_Table08_AlbedoTransparency.png,Texture,3247146,3.1 MB,Unavailable: buildreport missing,Assets/Furniture Mega Pack/Materials/Table/mat_Table08.mat,No,Review,High
