Path,Source size,Source size human,Vertex count,Triangle count,Submesh count,Material count,Blend shapes,Animation clips,Read/Write status,Mesh compression,Imported cameras,Imported lights,Referencing scenes/prefabs,Collider type,MeshCollider usage,Duplicated model hints,LOD existence,Hidden/unused geometry,Embedded oversized textures,GLB chunk details,Recommended action,Risk level
Assets/DevDen Arch Viz Scotland/Models/Study Room/books.FBX,39768560,37.9 MB,Requires Unity import audit,Requires Unity import audit,Requires Unity import audit,Requires Unity import audit,Requires Unity import audit,Requires Unity import audit,1,0,0,0,Assets/DevDen Arch Viz Scotland/Prefabs/Study Room/BookShelf.prefab; Assets/DevDen Arch Viz Scotland/Scenes/ArchViz.unity,Search scene for MeshCollider refs,Requires Unity/scene object dependency audit,,Requires Unity audit,Requires Unity audit,,,P1/P2: inspect high-poly/embedded textures,High visual/physics QA
Assets/My_Custom/japanese_red_bridge.glb,36773456,35.1 MB,Requires Unity import audit,Requires Unity import audit,Requires Unity import audit,Requires Unity import audit,Requires Unity import audit,Requires Unity import audit,Enabled,,,,Assets/BH_XR_MainScene.unity; Assets/_Recovery/0 (1).unity; Assets/_Recovery/0 (10).unity; Assets/_Recovery/0 (11).unity; Assets/_Recovery/0 (13).unity; Assets/_Recovery/0 (14).unity; Assets/_Recovery/0 (15).unity; Assets/_Recovery/0 (16).unity; Assets/_Recovery/0 (17).unity; Assets/_Recovery/0 (18).unity; Assets/_Recovery/0 (2).unity; Assets/_Recovery/0 (21).unity; Assets/_Recovery/0 (22).unity; Assets/_Recovery/0 (23).unity; Assets/_Recovery/0 (3).unity; Assets/_Recovery/0 (5).unity; Assets/_Recovery/0 (6).unity; Assets/_Recovery/0 (7).unity; Assets/_Recovery/0 (8).unity; Assets/_Recovery/0 (9).unity,Search scene for MeshCollider refs,Requires Unity/scene object dependency audit,,Requires Unity audit,Requires Unity audit,Likely embedded buffer/textures,"JSON:20680; BIN:36752748",P1/P2: inspect high-poly/embedded textures,High visual/physics QA
Assets/BCaT/Exhibits/BlackKitchen/Models/BlackKitchen_ScannedEnvironment.glb,34495692,32.9 MB,Requires Unity import audit,Requires Unity import audit,Requires Unity import audit,Requires Unity import audit,Requires Unity import audit,Requires Unity import audit,Disabled/unknown,,,,Assets/BCaT/Exhibits/BlackKitchen/Scenes/BlackKitchen_MemoryScene.unity,Search scene for MeshCollider refs,Requires Unity/scene object dependency audit,,Requires Unity audit,Requires Unity audit,Likely embedded buffer/textures,"JSON:17020464; BIN:17475200",P1/P2: inspect high-poly/embedded textures,High visual/physics QA
Assets/BCaT_assets/BTMMP_Workstation_Assembly/metal_table_asset.glb,29600972,28.2 MB,Requires Unity import audit,Requires Unity import audit,Requires Unity import audit,Requires Unity import audit,Requires Unity import audit,Requires Unity import audit,Enabled,,,,Assets/BH_XR_MainScene.unity; Assets/_Recovery/0 (1).unity; Assets/_Recovery/0 (10).unity; Assets/_Recovery/0 (11).unity; Assets/_Recovery/0 (13).unity; Assets/_Recovery/0 (14).unity; Assets/_Recovery/0 (15).unity; Assets/_Recovery/0 (16).unity; Assets/_Recovery/0 (17).unity; Assets/_Recovery/0 (18).unity; Assets/_Recovery/0 (2).unity; Assets/_Recovery/0 (21).unity; Assets/_Recovery/0 (22).unity; Assets/_Recovery/0 (23).unity; Assets/_Recovery/0 (3).unity; Assets/_Recovery/0 (5).unity; Assets/_Recovery/0 (6).unity; Assets/_Recovery/0 (7).unity; Assets/_Recovery/0 (8).unity; Assets/_Recovery/0 (9).unity,Search scene for MeshCollider refs,Requires Unity/scene object dependency audit,,Requires Unity audit,Requires Unity audit,Likely embedded buffer/textures,"JSON:4996; BIN:29595948",P1/P2: inspect high-poly/embedded textures,High visual/physics QA
Assets/My_Custom/rug.glb,29117224,27.8 MB,Requires Unity import audit,Requires Unity import audit,Requires Unity import audit,Requires Unity import audit,Requires Unity import audit,Requires Unity import audit,Enabled,,,,Assets/_Recovery/0 (1).unity; Assets/_Recovery/0 (10).unity; Assets/_Recovery/0 (11).unity; Assets/_Recovery/0 (13).unity; Assets/_Recovery/0 (2).unity; Assets/_Recovery/0 (3).unity; Assets/_Recovery/0 (5).unity; Assets/_Recovery/0 (6).unity; Assets/_Recovery/0 (7).unity; Assets/_Recovery/0 (8).unity; Assets/_Recovery/0 (9).unity; Assets/_Recovery/0.unity,Search scene for MeshCollider refs,Requires Unity/scene object dependency audit,,Requires Unity audit,Requires Unity audit,Likely embedded buffer/textures,"JSON:6296; BIN:29110900",P1/P2: inspect high-poly/embedded textures,High visual/physics QA
Assets/DevDen Arch Viz Scotland/Models/Bathroom/2.fbx,24828010,23.7 MB,Requires Unity import audit,Requires Unity import audit,Requires Unity import audit,Requires Unity import audit,Requires Unity import audit,Requires Unity import audit,1,0,0,0,Assets/DevDen Arch Viz Scotland/Prefabs/Bathroom/Towel Holder.prefab; Assets/DevDen Arch Viz Scotland/Scenes/ArchViz.unity,Search scene for MeshCollider refs,Requires Unity/scene object dependency audit,,Requires Unity audit,Requires Unity audit,,,P1/P2: inspect high-poly/embedded textures,High visual/physics QA
Assets/BCaT_assets/SewingRoom/bed.glb,21972076,21.0 MB,Requires Unity import audit,Requires Unity import audit,Requires Unity import audit,Requires Unity import audit,Requires Unity import audit,Requires Unity import audit,Enabled,,,,Assets/BH_XR_MainScene.unity; Assets/_Recovery/0 (1).unity; Assets/_Recovery/0 (10).unity; Assets/_Recovery/0 (11).unity; Assets/_Recovery/0 (13).unity; Assets/_Recovery/0 (14).unity; Assets/_Recovery/0 (15).unity; Assets/_Recovery/0 (16).unity; Assets/_Recovery/0 (17).unity; Assets/_Recovery/0 (18).unity; Assets/_Recovery/0 (2).unity; Assets/_Recovery/0 (21).unity; Assets/_Recovery/0 (22).unity; Assets/_Recovery/0 (23).unity; Assets/_Recovery/0 (3).unity; Assets/_Recovery/0 (5).unity; Assets/_Recovery/0 (6).unity; Assets/_Recovery/0 (7).unity; Assets/_Recovery/0 (8).unity; Assets/_Recovery/0 (9).unity,Search scene for MeshCollider refs,Requires Unity/scene object dependency audit,,Requires Unity audit,Requires Unity audit,Likely embedded buffer/textures,"JSON:9704; BIN:21962344",P1/P2: inspect high-poly/embedded textures,High visual/physics QA
Assets/My_Custom/modern_scandinavian_kitchen_island.glb,20094320,19.2 MB,Requires Unity import audit,Requires Unity import audit,Requires Unity import audit,Requires Unity import audit,Requires Unity import audit,Requires Unity import audit,Enabled,,,,Assets/BH_XR_MainScene.unity; Assets/_Recovery/0 (1).unity; Assets/_Recovery/0 (10).unity; Assets/_Recovery/0 (11).unity; Assets/_Recovery/0 (13).unity; Assets/_Recovery/0 (14).unity; Assets/_Recovery/0 (15).unity; Assets/_Recovery/0 (16).unity; Assets/_Recovery/0 (17).unity; Assets/_Recovery/0 (18).unity; Assets/_Recovery/0 (2).unity; Assets/_Recovery/0 (21).unity; Assets/_Recovery/0 (22).unity; Assets/_Recovery/0 (23).unity; Assets/_Recovery/0 (3).unity; Assets/_Recovery/0 (5).unity; Assets/_Recovery/0 (6).unity; Assets/_Recovery/0 (7).unity; Assets/_Recovery/0 (8).unity; Assets/_Recovery/0 (9).unity,Search scene for MeshCollider refs,Requires Unity/scene object dependency audit,,Requires Unity audit,Requires Unity audit,Likely embedded buffer/textures,"JSON:39484; BIN:20054808",Review,High visual/physics QA
Assets/BCaT_assets/BTMMP_Workstation_Assembly/flowerbarrel_with_tulips.glb,17575828,16.8 MB,Requires Unity import audit,Requires Unity import audit,Requires Unity import audit,Requires Unity import audit,Requires Unity import audit,Requires Unity import audit,Enabled,,,,Assets/BH_XR_MainScene.unity; Assets/_Recovery/0 (1).unity; Assets/_Recovery/0 (10).unity; Assets/_Recovery/0 (11).unity; Assets/_Recovery/0 (13).unity; Assets/_Recovery/0 (14).unity; Assets/_Recovery/0 (15).unity; Assets/_Recovery/0 (16).unity; Assets/_Recovery/0 (17).unity; Assets/_Recovery/0 (18).unity; Assets/_Recovery/0 (2).unity; Assets/_Recovery/0 (21).unity; Assets/_Recovery/0 (22).unity; Assets/_Recovery/0 (23).unity; Assets/_Recovery/0 (3).unity; Assets/_Recovery/0 (5).unity; Assets/_Recovery/0 (6).unity; Assets/_Recovery/0 (7).unity; Assets/_Recovery/0 (8).unity; Assets/_Recovery/0 (9).unity,Search scene for MeshCollider refs,Requires Unity/scene object dependency audit,,Requires Unity audit,Requires Unity audit,Likely embedded buffer/textures,"JSON:9432; BIN:17566368",Review,High visual/physics QA
Assets/BCaT_assets/BTMMP_Workstation_Assembly/drone.glb,16633652,15.9 MB,Requires Unity import audit,Requires Unity import audit,Requires Unity import audit,Requires Unity import audit,Requires Unity import audit,Requires Unity import audit,Enabled,,,,Assets/BH_XR_MainScene.unity; Assets/_Recovery/0 (1).unity; Assets/_Recovery/0 (10).unity; Assets/_Recovery/0 (11).unity; Assets/_Recovery/0 (13).unity; Assets/_Recovery/0 (14).unity; Assets/_Recovery/0 (15).unity; Assets/_Recovery/0 (16).unity; Assets/_Recovery/0 (17).unity; Assets/_Recovery/0 (18).unity; Assets/_Recovery/0 (2).unity; Assets/_Recovery/0 (21).unity; Assets/_Recovery/0 (22).unity; Assets/_Recovery/0 (23).unity; Assets/_Recovery/0 (3).unity; Assets/_Recovery/0 (5).unity; Assets/_Recovery/0 (6).unity; Assets/_Recovery/0 (7).unity; Assets/_Recovery/0 (8).unity; Assets/_Recovery/0 (9).unity,Search scene for MeshCollider refs,Requires Unity/scene object dependency audit,,Requires Unity audit,Requires Unity audit,Likely embedded buffer/textures,"JSON:362412; BIN:16271212",Review,High visual/physics QA
Assets/BCaT_assets/SewingRoom/pillow__quilt.glb,13420528,12.8 MB,Requires Unity import audit,Requires Unity import audit,Requires Unity import audit,Requires Unity import audit,Requires Unity import audit,Requires Unity import audit,Enabled,,,,Assets/BH_XR_MainScene.unity; Assets/_Recovery/0 (1).unity; Assets/_Recovery/0 (10).unity; Assets/_Recovery/0 (11).unity; Assets/_Recovery/0 (13).unity; Assets/_Recovery/0 (14).unity; Assets/_Recovery/0 (15).unity; Assets/_Recovery/0 (16).unity; Assets/_Recovery/0 (17).unity; Assets/_Recovery/0 (18).unity; Assets/_Recovery/0 (2).unity; Assets/_Recovery/0 (21).unity; Assets/_Recovery/0 (22).unity; Assets/_Recovery/0 (23).unity; Assets/_Recovery/0 (3).unity; Assets/_Recovery/0 (5).unity; Assets/_Recovery/0 (6).unity; Assets/_Recovery/0 (7).unity; Assets/_Recovery/0 (8).unity; Assets/_Recovery/0 (9).unity,Search scene for MeshCollider refs,Requires Unity/scene object dependency audit,,Requires Unity audit,Requires Unity audit,Likely embedded buffer/textures,"JSON:3384; BIN:13417116",Review,High visual/physics QA
Assets/BCaT_assets/9night/drum.glb,12389116,11.8 MB,Requires Unity import audit,Requires Unity import audit,Requires Unity import audit,Requires Unity import audit,Requires Unity import audit,Requires Unity import audit,Enabled,,,,Assets/BH_XR_MainScene.unity; Assets/_Recovery/0 (1).unity; Assets/_Recovery/0 (10).unity; Assets/_Recovery/0 (11).unity; Assets/_Recovery/0 (13).unity; Assets/_Recovery/0 (14).unity; Assets/_Recovery/0 (15).unity; Assets/_Recovery/0 (16).unity; Assets/_Recovery/0 (17).unity; Assets/_Recovery/0 (18).unity; Assets/_Recovery/0 (2).unity; Assets/_Recovery/0 (21).unity; Assets/_Recovery/0 (22).unity; Assets/_Recovery/0 (23).unity; Assets/_Recovery/0 (3).unity; Assets/_Recovery/0 (5).unity; Assets/_Recovery/0 (6).unity; Assets/_Recovery/0 (7).unity; Assets/_Recovery/0 (8).unity; Assets/_Recovery/0 (9).unity,Search scene for MeshCollider refs,Requires Unity/scene object dependency audit,,Requires Unity audit,Requires Unity audit,Likely embedded buffer/textures,"JSON:5892; BIN:12383196",Review,High visual/physics QA
Assets/BCaT_assets/Ri/glass_fish.glb,10489132,10.0 MB,Requires Unity import audit,Requires Unity import audit,Requires Unity import audit,Requires Unity import audit,Requires Unity import audit,Requires Unity import audit,Enabled,,,,Assets/BH_XR_MainScene.unity; Assets/_Recovery/0 (17).unity; Assets/_Recovery/0 (18).unity; Assets/_Recovery/0 (21).unity; Assets/_Recovery/0 (22).unity; Assets/_Recovery/0 (23).unity,Search scene for MeshCollider refs,Requires Unity/scene object dependency audit,,Requires Unity audit,Requires Unity audit,Likely embedded buffer/textures,"JSON:5860; BIN:10483244",Review,High visual/physics QA
Assets/BCaT_assets/BTMMP_Workstation_Assembly/generic_tulip_flower.glb,8429860,8.0 MB,Requires Unity import audit,Requires Unity import audit,Requires Unity import audit,Requires Unity import audit,Requires Unity import audit,Requires Unity import audit,Enabled,,,,Assets/BH_XR_MainScene.unity; Assets/_Recovery/0 (1).unity; Assets/_Recovery/0 (10).unity; Assets/_Recovery/0 (11).unity; Assets/_Recovery/0 (13).unity; Assets/_Recovery/0 (14).unity; Assets/_Recovery/0 (15).unity; Assets/_Recovery/0 (16).unity; Assets/_Recovery/0 (17).unity; Assets/_Recovery/0 (18).unity; Assets/_Recovery/0 (2).unity; Assets/_Recovery/0 (21).unity; Assets/_Recovery/0 (22).unity; Assets/_Recovery/0 (23).unity; Assets/_Recovery/0 (3).unity; Assets/_Recovery/0 (5).unity; Assets/_Recovery/0 (6).unity; Assets/_Recovery/0 (7).unity; Assets/_Recovery/0 (8).unity; Assets/_Recovery/0 (9).unity,Search scene for MeshCollider refs,Requires Unity/scene object dependency audit,,Requires Unity audit,Requires Unity audit,Likely embedded buffer/textures,"JSON:8020; BIN:8421812",Review,High visual/physics QA
Assets/Furniture Mega Pack/FBX/Sofa/Sofa11.fbx,6902620,6.6 MB,Requires Unity import audit,Requires Unity import audit,Requires Unity import audit,Requires Unity import audit,Requires Unity import audit,Requires Unity import audit,0,0,1,1,Assets/Furniture Mega Pack/Prefabs/Sofas/Sofa11.prefab,Search scene for MeshCollider refs,Requires Unity/scene object dependency audit,,Requires Unity audit,Requires Unity audit,,,Review,High visual/physics QA
Assets/BCaT_assets/LindaLeaks/Models/LL_PhotoAlbum.glb,6004636,5.7 MB,Requires Unity import audit,Requires Unity import audit,Requires Unity import audit,Requires Unity import audit,Requires Unity import audit,Requires Unity import audit,Enabled,,,,Assets/BCaT_assets/LindaLeaks/Prefabs/LindaLeaks_Exhibit_PhotoAlbum.prefab; Assets/BH_XR_MainScene.unity; Assets/_Recovery/0 (17).unity; Assets/_Recovery/0 (18).unity; Assets/_Recovery/0 (21).unity; Assets/_Recovery/0 (22).unity; Assets/_Recovery/0 (23).unity,Search scene for MeshCollider refs,Requires Unity/scene object dependency audit,,Requires Unity audit,Requires Unity audit,Likely embedded buffer/textures,"JSON:3176; BIN:6001432",Review,High visual/physics QA
Assets/BCaT_assets/BTMMP_Workstation_Assembly/spray_can.glb,5592488,5.3 MB,Requires Unity import audit,Requires Unity import audit,Requires Unity import audit,Requires Unity import audit,Requires Unity import audit,Requires Unity import audit,Enabled,,,,Assets/BH_XR_MainScene.unity; Assets/_Recovery/0 (1).unity; Assets/_Recovery/0 (10).unity; Assets/_Recovery/0 (11).unity; Assets/_Recovery/0 (13).unity; Assets/_Recovery/0 (14).unity; Assets/_Recovery/0 (15).unity; Assets/_Recovery/0 (16).unity; Assets/_Recovery/0 (17).unity; Assets/_Recovery/0 (18).unity; Assets/_Recovery/0 (2).unity; Assets/_Recovery/0 (21).unity; Assets/_Recovery/0 (22).unity; Assets/_Recovery/0 (23).unity; Assets/_Recovery/0 (3).unity; Assets/_Recovery/0 (5).unity; Assets/_Recovery/0 (6).unity; Assets/_Recovery/0 (7).unity; Assets/_Recovery/0 (8).unity; Assets/_Recovery/0 (9).unity,Search scene for MeshCollider refs,Requires Unity/scene object dependency audit,,Requires Unity audit,Requires Unity audit,Likely embedded buffer/textures,"JSON:2856; BIN:5589604",Review,High visual/physics QA
Assets/BCaT_assets/LindaLeaks/Models/LL_AntiqueCamera.glb,5022528,4.8 MB,Requires Unity import audit,Requires Unity import audit,Requires Unity import audit,Requires Unity import audit,Requires Unity import audit,Requires Unity import audit,Enabled,,,,Assets/BCaT_assets/LindaLeaks/Prefabs/LindaLeaks_Exhibit_VintageCamera.prefab,Search scene for MeshCollider refs,Requires Unity/scene object dependency audit,,Requires Unity audit,Requires Unity audit,Likely embedded buffer/textures,"JSON:23940; BIN:4998560",Review,High visual/physics QA
Assets/DevDen Arch Viz Scotland/Models/Study Room/CHair2.fbx,4769290,4.5 MB,Requires Unity import audit,Requires Unity import audit,Requires Unity import audit,Requires Unity import audit,Requires Unity import audit,Requires Unity import audit,1,0,0,0,Assets/DevDen Arch Viz Scotland/Prefabs/Study Room/StudyRoom Chair.prefab; Assets/DevDen Arch Viz Scotland/Scenes/ArchViz.unity,Search scene for MeshCollider refs,Requires Unity/scene object dependency audit,,Requires Unity audit,Requires Unity audit,,,Review,High visual/physics QA
Assets/BCaT_assets/SewingRoom/old_sewing_box.glb,4369120,4.2 MB,Requires Unity import audit,Requires Unity import audit,Requires Unity import audit,Requires Unity import audit,Requires Unity import audit,Requires Unity import audit,Enabled,,,,Assets/BH_XR_MainScene.unity; Assets/_Recovery/0 (1).unity; Assets/_Recovery/0 (10).unity; Assets/_Recovery/0 (11).unity; Assets/_Recovery/0 (13).unity; Assets/_Recovery/0 (14).unity; Assets/_Recovery/0 (15).unity; Assets/_Recovery/0 (16).unity; Assets/_Recovery/0 (17).unity; Assets/_Recovery/0 (18).unity; Assets/_Recovery/0 (2).unity; Assets/_Recovery/0 (21).unity; Assets/_Recovery/0 (22).unity; Assets/_Recovery/0 (23).unity; Assets/_Recovery/0 (3).unity; Assets/_Recovery/0 (5).unity; Assets/_Recovery/0 (6).unity; Assets/_Recovery/0 (7).unity; Assets/_Recovery/0 (8).unity; Assets/_Recovery/0 (9).unity,Search scene for MeshCollider refs,Requires Unity/scene object dependency audit,,Requires Unity audit,Requires Unity audit,Likely embedded buffer/textures,"JSON:2856; BIN:4366236",Review,High visual/physics QA
Assets/BCaT_assets/BTMMP_Workstation_Assembly/notebook.glb,4185300,4.0 MB,Requires Unity import audit,Requires Unity import audit,Requires Unity import audit,Requires Unity import audit,Requires Unity import audit,Requires Unity import audit,Enabled,,,,Assets/BH_XR_MainScene.unity; Assets/_Recovery/0 (1).unity; Assets/_Recovery/0 (10).unity; Assets/_Recovery/0 (11).unity; Assets/_Recovery/0 (13).unity; Assets/_Recovery/0 (14).unity; Assets/_Recovery/0 (15).unity; Assets/_Recovery/0 (16).unity; Assets/_Recovery/0 (17).unity; Assets/_Recovery/0 (18).unity; Assets/_Recovery/0 (2).unity; Assets/_Recovery/0 (21).unity; Assets/_Recovery/0 (22).unity; Assets/_Recovery/0 (23).unity; Assets/_Recovery/0 (3).unity; Assets/_Recovery/0 (5).unity; Assets/_Recovery/0 (6).unity; Assets/_Recovery/0 (7).unity; Assets/_Recovery/0 (8).unity; Assets/_Recovery/0 (9).unity,Search scene for MeshCollider refs,Requires Unity/scene object dependency audit,,Requires Unity audit,Requires Unity audit,Likely embedded buffer/textures,"JSON:5008; BIN:4180264",Review,High visual/physics QA
Assets/DevDen Arch Viz Scotland/Models/Kitchen Room/side_piece.fbx,3809312,3.6 MB,Requires Unity import audit,Requires Unity import audit,Requires Unity import audit,Requires Unity import audit,Requires Unity import audit,Requires Unity import audit,1,0,0,0,Assets/DevDen Arch Viz Scotland/Prefabs/Kitchen Room/Kitchen_Cabinet-2.prefab; Assets/DevDen Arch Viz Scotland/Scenes/ArchViz.unity,Search scene for MeshCollider refs,Requires Unity/scene object dependency audit,,Requires Unity audit,Requires Unity audit,,,Review,High visual/physics QA
Assets/Furniture Mega Pack/FBX/Sofa/Sofa12.fbx,3673260,3.5 MB,Requires Unity import audit,Requires Unity import audit,Requires Unity import audit,Requires Unity import audit,Requires Unity import audit,Requires Unity import audit,0,0,1,1,Assets/Furniture Mega Pack/Prefabs/Sofas/Sofa12.prefab,Search scene for MeshCollider refs,Requires Unity/scene object dependency audit,,Requires Unity audit,Requires Unity audit,,,Review,High visual/physics QA
Assets/Furniture Mega Pack/FBX/Chair/Chair50.fbx,3466780,3.3 MB,Requires Unity import audit,Requires Unity import audit,Requires Unity import audit,Requires Unity import audit,Requires Unity import audit,Requires Unity import audit,0,0,1,1,Assets/Furniture Mega Pack/Prefabs/Chairs/Chair50.prefab,Search scene for MeshCollider refs,Requires Unity/scene object dependency audit,,Requires Unity audit,Requires Unity audit,,,Review,High visual/physics QA
Assets/Furniture Mega Pack/FBX/Chair/Chair35.fbx,3415916,3.3 MB,Requires Unity import audit,Requires Unity import audit,Requires Unity import audit,Requires Unity import audit,Requires Unity import audit,Requires Unity import audit,0,0,1,1,Assets/Furniture Mega Pack/Prefabs/Chairs/Chair35.prefab,Search scene for MeshCollider refs,Requires Unity/scene object dependency audit,,Requires Unity audit,Requires Unity audit,,,Review,High visual/physics QA
Assets/Furniture Mega Pack/FBX/Chair/Chair34.fbx,3415068,3.3 MB,Requires Unity import audit,Requires Unity import audit,Requires Unity import audit,Requires Unity import audit,Requires Unity import audit,Requires Unity import audit,0,0,1,1,Assets/Furniture Mega Pack/Prefabs/Chairs/Chair34.prefab,Search scene for MeshCollider refs,Requires Unity/scene object dependency audit,,Requires Unity audit,Requires Unity audit,,,Review,High visual/physics QA
Assets/YughuesFreeCobbleMaterials/Preview/sphere.obj,3102241,3.0 MB,Requires Unity import audit,Requires Unity import audit,Requires Unity import audit,Requires Unity import audit,Requires Unity import audit,Requires Unity import audit,0,0,1,1,Assets/YughuesFreeCobbleMaterials/Preview/P_Sphere.prefab,Search scene for MeshCollider refs,Requires Unity/scene object dependency audit,,Requires Unity audit,Requires Unity audit,,,Review,High visual/physics QA
Assets/DevDen Arch Viz Scotland/Models/Bathroom/toilet_accesories.fbx,3059744,2.9 MB,Requires Unity import audit,Requires Unity import audit,Requires Unity import audit,Requires Unity import audit,Requires Unity import audit,Requires Unity import audit,1,0,0,0,Assets/DevDen Arch Viz Scotland/Prefabs/Bathroom/toilet_accesories.prefab,Search scene for MeshCollider refs,Requires Unity/scene object dependency audit,,Requires Unity audit,Requires Unity audit,,,Review,High visual/physics QA
Assets/My_Custom/flower.glb,2924424,2.8 MB,Requires Unity import audit,Requires Unity import audit,Requires Unity import audit,Requires Unity import audit,Requires Unity import audit,Requires Unity import audit,Enabled,,,,,Search scene for MeshCollider refs,Requires Unity/scene object dependency audit,,Requires Unity audit,Requires Unity audit,Likely embedded buffer/textures,"JSON:6748; BIN:2917648",Review,Unknown
Assets/Furniture Mega Pack/FBX/Chair/Chair10.fbx,2658348,2.5 MB,Requires Unity import audit,Requires Unity import audit,Requires Unity import audit,Requires Unity import audit,Requires Unity import audit,Requires Unity import audit,0,0,1,1,Assets/Furniture Mega Pack/Prefabs/Chairs/Chair10.prefab,Search scene for MeshCollider refs,Requires Unity/scene object dependency audit,,Requires Unity audit,Requires Unity audit,,,Review,High visual/physics QA
Assets/picture-frame/source/pictureframe.fbx,2166880,2.1 MB,Requires Unity import audit,Requires Unity import audit,Requires Unity import audit,Requires Unity import audit,Requires Unity import audit,Requires Unity import audit,0,0,1,1,Assets/BCaT_assets/BlackParlors/Assets/pictureframe.prefab,Search scene for MeshCollider refs,Requires Unity/scene object dependency audit,,Requires Unity audit,Requires Unity audit,,,Review,High visual/physics QA
Assets/BCaT_assets/BlackParlors/Assets/picture-frame/source/pictureframe.fbx,2166880,2.1 MB,Requires Unity import audit,Requires Unity import audit,Requires Unity import audit,Requires Unity import audit,Requires Unity import audit,Requires Unity import audit,0,0,1,1,,Search scene for MeshCollider refs,Requires Unity/scene object dependency audit,,Requires Unity audit,Requires Unity audit,,,Review,Unknown
Assets/My_Custom/morten-s.glb,1956156,1.9 MB,Requires Unity import audit,Requires Unity import audit,Requires Unity import audit,Requires Unity import audit,Requires Unity import audit,Requires Unity import audit,Enabled,,,,Assets/BH_XR_MainScene.unity; Assets/_Recovery/0 (1).unity; Assets/_Recovery/0 (10).unity; Assets/_Recovery/0 (11).unity; Assets/_Recovery/0 (13).unity; Assets/_Recovery/0 (14).unity; Assets/_Recovery/0 (15).unity; Assets/_Recovery/0 (16).unity; Assets/_Recovery/0 (17).unity; Assets/_Recovery/0 (18).unity; Assets/_Recovery/0 (2).unity; Assets/_Recovery/0 (21).unity; Assets/_Recovery/0 (22).unity; Assets/_Recovery/0 (23).unity; Assets/_Recovery/0 (3).unity; Assets/_Recovery/0 (5).unity; Assets/_Recovery/0 (6).unity; Assets/_Recovery/0 (7).unity; Assets/_Recovery/0 (8).unity; Assets/_Recovery/0 (9).unity,Search scene for MeshCollider refs,Requires Unity/scene object dependency audit,,Requires Unity audit,Requires Unity audit,Likely embedded buffer/textures,"JSON:21368; BIN:1934760",Review,High visual/physics QA
Assets/Idyllic Italian Coast Town/Meshes/Buildings/SM_villa.fbx,1772256,1.7 MB,Requires Unity import audit,Requires Unity import audit,Requires Unity import audit,Requires Unity import audit,Requires Unity import audit,Requires Unity import audit,0,0,1,1,Assets/Idyllic Italian Coast Town/Scenes/Demo Italy.unity,Search scene for MeshCollider refs,Requires Unity/scene object dependency audit,,Requires Unity audit,Requires Unity audit,,,Review,High visual/physics QA
Assets/Furniture Mega Pack/FBX/Sofa/Sofa14.fbx,1606252,1.5 MB,Requires Unity import audit,Requires Unity import audit,Requires Unity import audit,Requires Unity import audit,Requires Unity import audit,Requires Unity import audit,0,0,1,1,Assets/Furniture Mega Pack/Prefabs/Sofas/Sofa14.prefab,Search scene for MeshCollider refs,Requires Unity/scene object dependency audit,,Requires Unity audit,Requires Unity audit,,,Review,High visual/physics QA
Assets/BCaT_assets/HOMED/Models/Recipe-Box.glb,1578676,1.5 MB,Requires Unity import audit,Requires Unity import audit,Requires Unity import audit,Requires Unity import audit,Requires Unity import audit,Requires Unity import audit,Enabled,,,,Assets/BCaT_assets/HOMED/Prefabs/HOMED.prefab,Search scene for MeshCollider refs,Requires Unity/scene object dependency audit,,Requires Unity audit,Requires Unity audit,Likely embedded buffer/textures,"JSON:1168; BIN:1577480",Review,High visual/physics QA
Assets/Pandazole_Ultimate_Pack/Pandazole Farm Ranch Pack/Models/Demo/Farm_Ranch_Pack_1.0.0.fbx,1551036,1.5 MB,Requires Unity import audit,Requires Unity import audit,Requires Unity import audit,Requires Unity import audit,Requires Unity import audit,Requires Unity import audit,0,0,1,1,Assets/Pandazole_Ultimate_Pack/Pandazole Farm Ranch Pack/Prefabs/Demo/Farm_Ranch_Pack_1.0.0 Variant.prefab,Search scene for MeshCollider refs,Requires Unity/scene object dependency audit,,Requires Unity audit,Requires Unity audit,,,Review,High visual/physics QA
Assets/BCaT_assets/BlackFamilyMuseumArchive/Models/chest.glb,1533900,1.5 MB,Requires Unity import audit,Requires Unity import audit,Requires Unity import audit,Requires Unity import audit,Requires Unity import audit,Requires Unity import audit,,,,,Assets/BCaT_assets/BlackFamilyMuseumArchive/Prefabs/BFM_Chest_OnChair.prefab; Assets/BCaT_assets/BlackFamilyMuseumArchive/Prefabs/BFM_Chest_OnChair_W_Text.prefab,Search scene for MeshCollider refs,Requires Unity/scene object dependency audit,,Requires Unity audit,Requires Unity audit,Likely embedded buffer/textures,"JSON:1168; BIN:1532704",Review,High visual/physics QA
Assets/My_Custom/zedah_prevalent_52_inch_luxury_fan.glb,1522592,1.5 MB,Requires Unity import audit,Requires Unity import audit,Requires Unity import audit,Requires Unity import audit,Requires Unity import audit,Requires Unity import audit,Enabled,,,,Assets/BH_XR_MainScene.unity; Assets/_Recovery/0 (1).unity; Assets/_Recovery/0 (10).unity; Assets/_Recovery/0 (11).unity; Assets/_Recovery/0 (13).unity; Assets/_Recovery/0 (14).unity; Assets/_Recovery/0 (15).unity; Assets/_Recovery/0 (16).unity; Assets/_Recovery/0 (17).unity; Assets/_Recovery/0 (18).unity; Assets/_Recovery/0 (2).unity; Assets/_Recovery/0 (21).unity; Assets/_Recovery/0 (22).unity; Assets/_Recovery/0 (23).unity; Assets/_Recovery/0 (3).unity; Assets/_Recovery/0 (5).unity; Assets/_Recovery/0 (6).unity; Assets/_Recovery/0 (7).unity; Assets/_Recovery/0 (8).unity; Assets/_Recovery/0 (9).unity,Search scene for MeshCollider refs,Requires Unity/scene object dependency audit,,Requires Unity audit,Requires Unity audit,Likely embedded buffer/textures,"JSON:12084; BIN:1510480",Review,High visual/physics QA
Assets/Furniture Mega Pack/FBX/Bed/Bed28.fbx,1471340,1.4 MB,Requires Unity import audit,Requires Unity import audit,Requires Unity import audit,Requires Unity import audit,Requires Unity import audit,Requires Unity import audit,0,0,1,1,Assets/Furniture Mega Pack/Prefabs/Beds/Bed28.prefab,Search scene for MeshCollider refs,Requires Unity/scene object dependency audit,,Requires Unity audit,Requires Unity audit,,,Review,High visual/physics QA
Assets/BCaT_assets/BlackFamilyMuseumArchive/Models/chest_chair.glb,1465168,1.4 MB,Requires Unity import audit,Requires Unity import audit,Requires Unity import audit,Requires Unity import audit,Requires Unity import audit,Requires Unity import audit,,,,,Assets/BCaT_assets/BlackFamilyMuseumArchive/Prefabs/BFM_Chest_OnChair.prefab; Assets/BCaT_assets/BlackFamilyMuseumArchive/Prefabs/BFM_Chest_OnChair_W_Text.prefab,Search scene for MeshCollider refs,Requires Unity/scene object dependency audit,,Requires Unity audit,Requires Unity audit,Likely embedded buffer/textures,"JSON:1168; BIN:1463972",Review,High visual/physics QA
Assets/Furniture Mega Pack/FBX/Chair/Chair20.fbx,1445132,1.4 MB,Requires Unity import audit,Requires Unity import audit,Requires Unity import audit,Requires Unity import audit,Requires Unity import audit,Requires Unity import audit,0,0,1,1,Assets/Furniture Mega Pack/Prefabs/Chairs/Chair20.prefab,Search scene for MeshCollider refs,Requires Unity/scene object dependency audit,,Requires Unity audit,Requires Unity audit,,,Review,High visual/physics QA
Assets/Furniture Mega Pack/FBX/Sofa/Sofa13.fbx,1397324,1.3 MB,Requires Unity import audit,Requires Unity import audit,Requires Unity import audit,Requires Unity import audit,Requires Unity import audit,Requires Unity import audit,0,0,1,1,Assets/Furniture Mega Pack/Prefabs/Sofas/Sofa13.prefab,Search scene for MeshCollider refs,Requires Unity/scene object dependency audit,,Requires Unity audit,Requires Unity audit,,,Review,High visual/physics QA
Assets/Furniture Mega Pack/FBX/Bed/Bed30.fbx,1386156,1.3 MB,Requires Unity import audit,Requires Unity import audit,Requires Unity import audit,Requires Unity import audit,Requires Unity import audit,Requires Unity import audit,0,0,1,1,Assets/Furniture Mega Pack/Prefabs/Beds/Bed30.prefab,Search scene for MeshCollider refs,Requires Unity/scene object dependency audit,,Requires Unity audit,Requires Unity audit,,,Review,High visual/physics QA
Assets/Furniture Mega Pack/FBX/Sofa/Sofa25.fbx,1362220,1.3 MB,Requires Unity import audit,Requires Unity import audit,Requires Unity import audit,Requires Unity import audit,Requires Unity import audit,Requires Unity import audit,0,0,1,1,Assets/Furniture Mega Pack/Prefabs/Sofas/Sofa25.prefab,Search scene for MeshCollider refs,Requires Unity/scene object dependency audit,,Requires Unity audit,Requires Unity audit,,,Review,High visual/physics QA
Assets/My_Custom/dishwasher.glb,1358012,1.3 MB,Requires Unity import audit,Requires Unity import audit,Requires Unity import audit,Requires Unity import audit,Requires Unity import audit,Requires Unity import audit,Enabled,,,,Assets/BH_XR_MainScene.unity; Assets/_Recovery/0 (1).unity; Assets/_Recovery/0 (10).unity; Assets/_Recovery/0 (11).unity; Assets/_Recovery/0 (13).unity; Assets/_Recovery/0 (14).unity; Assets/_Recovery/0 (15).unity; Assets/_Recovery/0 (16).unity; Assets/_Recovery/0 (17).unity; Assets/_Recovery/0 (18).unity; Assets/_Recovery/0 (2).unity; Assets/_Recovery/0 (21).unity; Assets/_Recovery/0 (22).unity; Assets/_Recovery/0 (23).unity; Assets/_Recovery/0 (3).unity; Assets/_Recovery/0 (5).unity; Assets/_Recovery/0 (6).unity; Assets/_Recovery/0 (7).unity; Assets/_Recovery/0 (8).unity; Assets/_Recovery/0 (9).unity,Search scene for MeshCollider refs,Requires Unity/scene object dependency audit,,Requires Unity audit,Requires Unity audit,Likely embedded buffer/textures,"JSON:3400; BIN:1354584",Review,High visual/physics QA
Assets/DevDen Arch Viz Scotland/Models/Dining Room/dinning_chair.fbx,1325633,1.3 MB,Requires Unity import audit,Requires Unity import audit,Requires Unity import audit,Requires Unity import audit,Requires Unity import audit,Requires Unity import audit,1,0,0,0,Assets/DevDen Arch Viz Scotland/Prefabs/Dining Room/dinning_chair.prefab; Assets/DevDen Arch Viz Scotland/Scenes/ArchViz.unity,Search scene for MeshCollider refs,Requires Unity/scene object dependency audit,,Requires Unity audit,Requires Unity audit,,,Review,High visual/physics QA
Assets/Furniture Mega Pack/FBX/Sofa/Sofa35.fbx,1315500,1.3 MB,Requires Unity import audit,Requires Unity import audit,Requires Unity import audit,Requires Unity import audit,Requires Unity import audit,Requires Unity import audit,0,0,1,1,Assets/Furniture Mega Pack/Prefabs/Sofas/Sofa35.prefab,Search scene for MeshCollider refs,Requires Unity/scene object dependency audit,,Requires Unity audit,Requires Unity audit,,,Review,High visual/physics QA
Assets/BCaT_assets/HOMED/Models/Candle.glb,1274652,1.2 MB,Requires Unity import audit,Requires Unity import audit,Requires Unity import audit,Requires Unity import audit,Requires Unity import audit,Requires Unity import audit,Enabled,,,,Assets/BCaT_assets/HOMED/Prefabs/HOMED.prefab,Search scene for MeshCollider refs,Requires Unity/scene object dependency audit,,Requires Unity audit,Requires Unity audit,Likely embedded buffer/textures,"JSON:1164; BIN:1273460",Review,High visual/physics QA
Assets/Furniture Mega Pack/FBX/Sofa/Sofa01.fbx,1218700,1.2 MB,Requires Unity import audit,Requires Unity import audit,Requires Unity import audit,Requires Unity import audit,Requires Unity import audit,Requires Unity import audit,0,0,1,1,Assets/Furniture Mega Pack/Prefabs/Sofas/Sofa01.prefab,Search scene for MeshCollider refs,Requires Unity/scene object dependency audit,,Requires Unity audit,Requires Unity audit,,,Review,High visual/physics QA
Assets/Furniture Mega Pack/FBX/Bed/Bed27.fbx,1188268,1.1 MB,Requires Unity import audit,Requires Unity import audit,Requires Unity import audit,Requires Unity import audit,Requires Unity import audit,Requires Unity import audit,0,0,1,1,Assets/Furniture Mega Pack/Prefabs/Beds/Bed27.prefab,Search scene for MeshCollider refs,Requires Unity/scene object dependency audit,,Requires Unity audit,Requires Unity audit,,,Review,High visual/physics QA
Assets/Idyllic Italian Coast Town/Meshes/Buildings/SM_building_apartment_03.fbx,1174240,1.1 MB,Requires Unity import audit,Requires Unity import audit,Requires Unity import audit,Requires Unity import audit,Requires Unity import audit,Requires Unity import audit,0,0,1,1,Assets/Idyllic Italian Coast Town/Prefabs/Buildings/SM_building_apartment_03 (1).prefab; Assets/Idyllic Italian Coast Town/Prefabs/Buildings/SM_building_apartment_03.prefab; Assets/My_Custom/Window_askew.prefab,Search scene for MeshCollider refs,Requires Unity/scene object dependency audit,,Requires Unity audit,Requires Unity audit,,,Review,High visual/physics QA
Assets/Furniture Mega Pack/FBX/Bed/Bed29.fbx,1155948,1.1 MB,Requires Unity import audit,Requires Unity import audit,Requires Unity import audit,Requires Unity import audit,Requires Unity import audit,Requires Unity import audit,0,0,1,1,Assets/Furniture Mega Pack/Prefabs/Beds/Bed29.prefab,Search scene for MeshCollider refs,Requires Unity/scene object dependency audit,,Requires Unity audit,Requires Unity audit,,,Review,High visual/physics QA
Assets/Idyllic Italian Coast Town/Meshes/Buildings/SM_church_italy.fbx,1139008,1.1 MB,Requires Unity import audit,Requires Unity import audit,Requires Unity import audit,Requires Unity import audit,Requires Unity import audit,Requires Unity import audit,0,0,1,1,Assets/BH_XR_MainScene.unity; Assets/Idyllic Italian Coast Town/Prefabs/Buildings/SM_church_italy (1).prefab; Assets/Idyllic Italian Coast Town/Prefabs/Buildings/SM_church_italy.prefab; Assets/_Recovery/0 (1).unity; Assets/_Recovery/0 (10).unity; Assets/_Recovery/0 (11).unity; Assets/_Recovery/0 (13).unity; Assets/_Recovery/0 (14).unity; Assets/_Recovery/0 (15).unity; Assets/_Recovery/0 (16).unity; Assets/_Recovery/0 (17).unity; Assets/_Recovery/0 (18).unity; Assets/_Recovery/0 (2).unity; Assets/_Recovery/0 (21).unity; Assets/_Recovery/0 (22).unity; Assets/_Recovery/0 (23).unity; Assets/_Recovery/0 (3).unity; Assets/_Recovery/0 (5).unity; Assets/_Recovery/0 (6).unity; Assets/_Recovery/0 (7).unity,Search scene for MeshCollider refs,Requires Unity/scene object dependency audit,,Requires Unity audit,Requires Unity audit,,,Review,High visual/physics QA
Assets/Furniture Mega Pack/FBX/Sofa/Sofa15.fbx,1120892,1.1 MB,Requires Unity import audit,Requires Unity import audit,Requires Unity import audit,Requires Unity import audit,Requires Unity import audit,Requires Unity import audit,0,0,1,1,Assets/Furniture Mega Pack/Prefabs/Sofas/Sofa15.prefab,Search scene for MeshCollider refs,Requires Unity/scene object dependency audit,,Requires Unity audit,Requires Unity audit,,,Review,High visual/physics QA
Assets/Idyllic Italian Coast Town/Meshes/Buildings/SM_building_apartment_01.fbx,1094656,1.0 MB,Requires Unity import audit,Requires Unity import audit,Requires Unity import audit,Requires Unity import audit,Requires Unity import audit,Requires Unity import audit,0,0,1,1,Assets/Idyllic Italian Coast Town/Prefabs/Buildings/SM_building_apartment_01 (1).prefab; Assets/Idyllic Italian Coast Town/Prefabs/Buildings/SM_building_apartment_01.prefab,Search scene for MeshCollider refs,Requires Unity/scene object dependency audit,,Requires Unity audit,Requires Unity audit,,,Review,High visual/physics QA
Assets/Furniture Mega Pack/FBX/Sofa/SectionalSofaLeather.fbx,1031084,1006.9 KB,Requires Unity import audit,Requires Unity import audit,Requires Unity import audit,Requires Unity import audit,Requires Unity import audit,Requires Unity import audit,0,0,1,1,Assets/Furniture Mega Pack/Prefabs/Sofas/Sofa45.prefab; Assets/Furniture Mega Pack/Prefabs/Sofas/Sofa46.prefab; Assets/Furniture Mega Pack/Prefabs/Sofas/Sofa47.prefab; Assets/Furniture Mega Pack/Prefabs/Sofas/Sofa48.prefab; Assets/Furniture Mega Pack/Prefabs/Sofas/Sofa49.prefab; Assets/Furniture Mega Pack/Prefabs/Sofas/Sofa50.prefab,Search scene for MeshCollider refs,Requires Unity/scene object dependency audit,,Requires Unity audit,Requires Unity audit,,,Review,High visual/physics QA
Assets/Furniture Mega Pack/FBX/Chair/Chair49.fbx,1025948,1001.9 KB,Requires Unity import audit,Requires Unity import audit,Requires Unity import audit,Requires Unity import audit,Requires Unity import audit,Requires Unity import audit,0,0,1,1,Assets/Furniture Mega Pack/Prefabs/Chairs/Chair49.prefab,Search scene for MeshCollider refs,Requires Unity/scene object dependency audit,,Requires Unity audit,Requires Unity audit,,,Review,High visual/physics QA
Assets/Furniture Mega Pack/FBX/Chair/Chair38.fbx,1018044,994.2 KB,Requires Unity import audit,Requires Unity import audit,Requires Unity import audit,Requires Unity import audit,Requires Unity import audit,Requires Unity import audit,0,0,1,1,Assets/Furniture Mega Pack/Prefabs/Chairs/Chair38.prefab,Search scene for MeshCollider refs,Requires Unity/scene object dependency audit,,Requires Unity audit,Requires Unity audit,,,Review,High visual/physics QA
Assets/Furniture Mega Pack/FBX/Chair/Chair09.fbx,933484,911.6 KB,Requires Unity import audit,Requires Unity import audit,Requires Unity import audit,Requires Unity import audit,Requires Unity import audit,Requires Unity import audit,0,0,1,1,Assets/Furniture Mega Pack/Prefabs/Chairs/Chair09.prefab,Search scene for MeshCollider refs,Requires Unity/scene object dependency audit,,Requires Unity audit,Requires Unity audit,,,Review,High visual/physics QA
Assets/Animated Tropical Vegetation/Models/Large Palm Trees/large_palm_tree_1.fbx,931308,909.5 KB,Requires Unity import audit,Requires Unity import audit,Requires Unity import audit,Requires Unity import audit,Requires Unity import audit,Requires Unity import audit,0,0,1,1,Assets/Animated Tropical Vegetation/Models/Large Palm Trees/large_palm_tree_1.controller; Assets/Animated Tropical Vegetation/Prefabs/Animated/Large Palm Trees/Large Palm Tree 1.prefab; Assets/Animated Tropical Vegetation/Prefabs/Static/Large Palm Trees/Large Palm Tree 1.prefab,Search scene for MeshCollider refs,Requires Unity/scene object dependency audit,,Requires Unity audit,Requires Unity audit,,,Review,High visual/physics QA
Assets/Animated Tropical Vegetation/Models/Large Palm Trees/large_palm_tree_2.fbx,930124,908.3 KB,Requires Unity import audit,Requires Unity import audit,Requires Unity import audit,Requires Unity import audit,Requires Unity import audit,Requires Unity import audit,0,0,1,1,Assets/Animated Tropical Vegetation/Models/Large Palm Trees/large_palm_tree_2.controller; Assets/Animated Tropical Vegetation/Prefabs/Animated/Large Palm Trees/Large Palm Tree 2.prefab; Assets/Animated Tropical Vegetation/Prefabs/Static/Large Palm Trees/Large Palm Tree 2.prefab,Search scene for MeshCollider refs,Requires Unity/scene object dependency audit,,Requires Unity audit,Requires Unity audit,,,Review,High visual/physics QA
Assets/Animated Tropical Vegetation/Models/Big Palm Tree/big_palm_tree.fbx,929388,907.6 KB,Requires Unity import audit,Requires Unity import audit,Requires Unity import audit,Requires Unity import audit,Requires Unity import audit,Requires Unity import audit,0,0,1,1,Assets/Animated Tropical Vegetation/Models/Big Palm Tree/big_palm_tree.controller; Assets/Animated Tropical Vegetation/Prefabs/Animated/Big Palm Tree/Big Palm Tree.prefab; Assets/Animated Tropical Vegetation/Prefabs/Static/Big Palm Tree/Big Palm Tree.prefab,Search scene for MeshCollider refs,Requires Unity/scene object dependency audit,,Requires Unity audit,Requires Unity audit,,,Review,High visual/physics QA
Assets/Furniture Mega Pack/FBX/Chair/Chair16.fbx,923532,901.9 KB,Requires Unity import audit,Requires Unity import audit,Requires Unity import audit,Requires Unity import audit,Requires Unity import audit,Requires Unity import audit,0,0,1,1,Assets/Furniture Mega Pack/Prefabs/Chairs/Chair16.prefab,Search scene for MeshCollider refs,Requires Unity/scene object dependency audit,,Requires Unity audit,Requires Unity audit,,,Review,High visual/physics QA
Assets/Furniture Mega Pack/FBX/Bed/Bed45.fbx,914844,893.4 KB,Requires Unity import audit,Requires Unity import audit,Requires Unity import audit,Requires Unity import audit,Requires Unity import audit,Requires Unity import audit,0,0,1,1,Assets/Furniture Mega Pack/Prefabs/Beds/Bed45.prefab,Search scene for MeshCollider refs,Requires Unity/scene object dependency audit,,Requires Unity audit,Requires Unity audit,,,Review,High visual/physics QA
Assets/Furniture Mega Pack/FBX/Bed/Bed46.fbx,914732,893.3 KB,Requires Unity import audit,Requires Unity import audit,Requires Unity import audit,Requires Unity import audit,Requires Unity import audit,Requires Unity import audit,0,0,1,1,Assets/Furniture Mega Pack/Prefabs/Beds/Bed46.prefab,Search scene for MeshCollider refs,Requires Unity/scene object dependency audit,,Requires Unity audit,Requires Unity audit,,,Review,High visual/physics QA
Assets/Furniture Mega Pack/FBX/Chair/Chair30.fbx,898124,877.1 KB,Requires Unity import audit,Requires Unity import audit,Requires Unity import audit,Requires Unity import audit,Requires Unity import audit,Requires Unity import audit,0,0,1,1,Assets/Furniture Mega Pack/Prefabs/Chairs/Chair30.prefab,Search scene for MeshCollider refs,Requires Unity/scene object dependency audit,,Requires Unity audit,Requires Unity audit,,,Review,High visual/physics QA
Assets/Furniture Mega Pack/FBX/Chair/Chair33.fbx,889932,869.1 KB,Requires Unity import audit,Requires Unity import audit,Requires Unity import audit,Requires Unity import audit,Requires Unity import audit,Requires Unity import audit,0,0,1,1,Assets/Furniture Mega Pack/Prefabs/Chairs/Chair33.prefab,Search scene for MeshCollider refs,Requires Unity/scene object dependency audit,,Requires Unity audit,Requires Unity audit,,,Review,High visual/physics QA
Assets/Animated Tropical Vegetation/Models/Palm Trees/palm_tree_2.fbx,888444,867.6 KB,Requires Unity import audit,Requires Unity import audit,Requires Unity import audit,Requires Unity import audit,Requires Unity import audit,Requires Unity import audit,0,0,1,1,Assets/Animated Tropical Vegetation/Models/Palm Trees/palm_tree_2.controller; Assets/Animated Tropical Vegetation/Prefabs/Animated/Palm Trees/Palm Tree 2.prefab; Assets/Animated Tropical Vegetation/Prefabs/Static/Palm Trees/Palm Tree 2.prefab,Search scene for MeshCollider refs,Requires Unity/scene object dependency audit,,Requires Unity audit,Requires Unity audit,,,Review,High visual/physics QA
Assets/Animated Tropical Vegetation/Models/Bamboos/bamboo_4.fbx,834092,814.5 KB,Requires Unity import audit,Requires Unity import audit,Requires Unity import audit,Requires Unity import audit,Requires Unity import audit,Requires Unity import audit,0,0,1,1,Assets/Animated Tropical Vegetation/Models/Bamboos/bamboo_4.controller; Assets/Animated Tropical Vegetation/Prefabs/Animated/Bamboos/Bamboo 4.prefab; Assets/Animated Tropical Vegetation/Prefabs/Static/Bamboos/Bamboo 4.prefab,Search scene for MeshCollider refs,Requires Unity/scene object dependency audit,,Requires Unity audit,Requires Unity audit,,,Review,High visual/physics QA
Assets/Animated Tropical Vegetation/Models/Bamboos/bamboo_3.fbx,813948,794.9 KB,Requires Unity import audit,Requires Unity import audit,Requires Unity import audit,Requires Unity import audit,Requires Unity import audit,Requires Unity import audit,0,0,1,1,Assets/Animated Tropical Vegetation/Models/Bamboos/bamboo_3.controller; Assets/Animated Tropical Vegetation/Prefabs/Animated/Bamboos/Bamboo 3.prefab; Assets/Animated Tropical Vegetation/Prefabs/Static/Bamboos/Bamboo 3.prefab,Search scene for MeshCollider refs,Requires Unity/scene object dependency audit,,Requires Unity audit,Requires Unity audit,,,Review,High visual/physics QA
Assets/Animated Tropical Vegetation/Models/Jungle Bushes/jungle_bush_1.fbx,812972,793.9 KB,Requires Unity import audit,Requires Unity import audit,Requires Unity import audit,Requires Unity import audit,Requires Unity import audit,Requires Unity import audit,0,0,1,1,Assets/Animated Tropical Vegetation/Models/Jungle Bushes/jungle_bush_1.controller; Assets/Animated Tropical Vegetation/Prefabs/Animated/Jungle Bushes/Jungle Bush 1.prefab; Assets/Animated Tropical Vegetation/Prefabs/Static/Jungle Bushes/Jungle Bush 1.prefab,Search scene for MeshCollider refs,Requires Unity/scene object dependency audit,,Requires Unity audit,Requires Unity audit,,,Review,High visual/physics QA
Assets/Animated Tropical Vegetation/Models/Bamboos/bamboo_2.fbx,810476,791.5 KB,Requires Unity import audit,Requires Unity import audit,Requires Unity import audit,Requires Unity import audit,Requires Unity import audit,Requires Unity import audit,0,0,1,1,Assets/Animated Tropical Vegetation/Models/Bamboos/bamboo_2.controller; Assets/Animated Tropical Vegetation/Prefabs/Animated/Bamboos/Bamboo 2.prefab; Assets/Animated Tropical Vegetation/Prefabs/Static/Bamboos/Bamboo 2.prefab,Search scene for MeshCollider refs,Requires Unity/scene object dependency audit,,Requires Unity audit,Requires Unity audit,,,Review,High visual/physics QA
Assets/Idyllic Italian Coast Town/Meshes/Buildings/SM_building_apartment_02.fbx,810128,791.1 KB,Requires Unity import audit,Requires Unity import audit,Requires Unity import audit,Requires Unity import audit,Requires Unity import audit,Requires Unity import audit,0,0,1,1,Assets/Idyllic Italian Coast Town/Prefabs/Buildings/SM_building_apartment_02 (1).prefab; Assets/Idyllic Italian Coast Town/Prefabs/Buildings/SM_building_apartment_02.prefab; Assets/Idyllic Italian Coast Town/Scenes/Demo Italy.unity,Search scene for MeshCollider refs,Requires Unity/scene object dependency audit,,Requires Unity audit,Requires Unity audit,,,Review,High visual/physics QA
Assets/Idyllic Italian Coast Town/Meshes/Buildings/SM_building_apartment_04.fbx,806224,787.3 KB,Requires Unity import audit,Requires Unity import audit,Requires Unity import audit,Requires Unity import audit,Requires Unity import audit,Requires Unity import audit,0,0,1,1,Assets/Idyllic Italian Coast Town/Prefabs/Buildings/SM_building_apartment_04 (1).prefab; Assets/Idyllic Italian Coast Town/Prefabs/Buildings/SM_building_apartment_04.prefab,Search scene for MeshCollider refs,Requires Unity/scene object dependency audit,,Requires Unity audit,Requires Unity audit,,,Review,High visual/physics QA
Assets/Furniture Mega Pack/FBX/Bed/Bed41.fbx,798364,779.7 KB,Requires Unity import audit,Requires Unity import audit,Requires Unity import audit,Requires Unity import audit,Requires Unity import audit,Requires Unity import audit,0,0,1,1,Assets/Furniture Mega Pack/Prefabs/Beds/Bed41.prefab,Search scene for MeshCollider refs,Requires Unity/scene object dependency audit,,Requires Unity audit,Requires Unity audit,,,Review,High visual/physics QA
Assets/Furniture Mega Pack/FBX/Bed/Bed42.fbx,794524,775.9 KB,Requires Unity import audit,Requires Unity import audit,Requires Unity import audit,Requires Unity import audit,Requires Unity import audit,Requires Unity import audit,0,0,1,1,Assets/Furniture Mega Pack/Prefabs/Beds/Bed42.prefab,Search scene for MeshCollider refs,Requires Unity/scene object dependency audit,,Requires Unity audit,Requires Unity audit,,,Review,High visual/physics QA
Assets/Furniture Mega Pack/FBX/Bed/Bed48.fbx,770604,752.5 KB,Requires Unity import audit,Requires Unity import audit,Requires Unity import audit,Requires Unity import audit,Requires Unity import audit,Requires Unity import audit,0,0,1,1,Assets/Furniture Mega Pack/Prefabs/Beds/Bed48.prefab,Search scene for MeshCollider refs,Requires Unity/scene object dependency audit,,Requires Unity audit,Requires Unity audit,,,Review,High visual/physics QA
Assets/Furniture Mega Pack/FBX/Bed/Bed47.fbx,767500,749.5 KB,Requires Unity import audit,Requires Unity import audit,Requires Unity import audit,Requires Unity import audit,Requires Unity import audit,Requires Unity import audit,0,0,1,1,Assets/Furniture Mega Pack/Prefabs/Beds/Bed47.prefab,Search scene for MeshCollider refs,Requires Unity/scene object dependency audit,,Requires Unity audit,Requires Unity audit,,,Review,High visual/physics QA
Assets/BCaT_assets/SewingRoom/sewing_machine.glb,762504,744.6 KB,Requires Unity import audit,Requires Unity import audit,Requires Unity import audit,Requires Unity import audit,Requires Unity import audit,Requires Unity import audit,Enabled,,,,Assets/BH_XR_MainScene.unity; Assets/_Recovery/0 (1).unity; Assets/_Recovery/0 (10).unity; Assets/_Recovery/0 (11).unity; Assets/_Recovery/0 (13).unity; Assets/_Recovery/0 (14).unity; Assets/_Recovery/0 (15).unity; Assets/_Recovery/0 (16).unity; Assets/_Recovery/0 (17).unity; Assets/_Recovery/0 (18).unity; Assets/_Recovery/0 (2).unity; Assets/_Recovery/0 (21).unity; Assets/_Recovery/0 (22).unity; Assets/_Recovery/0 (23).unity; Assets/_Recovery/0 (3).unity; Assets/_Recovery/0 (5).unity; Assets/_Recovery/0 (6).unity; Assets/_Recovery/0 (7).unity; Assets/_Recovery/0 (8).unity; Assets/_Recovery/0 (9).unity,Search scene for MeshCollider refs,Requires Unity/scene object dependency audit,,Requires Unity audit,Requires Unity audit,Likely embedded buffer/textures,"JSON:2736; BIN:759740",Review,High visual/physics QA
Assets/Animated Tropical Vegetation/Models/Bamboos/bamboo_1.fbx,752156,734.5 KB,Requires Unity import audit,Requires Unity import audit,Requires Unity import audit,Requires Unity import audit,Requires Unity import audit,Requires Unity import audit,0,0,1,1,Assets/Animated Tropical Vegetation/Models/Bamboos/bamboo_1.controller; Assets/Animated Tropical Vegetation/Prefabs/Animated/Bamboos/Bamboo 1.prefab; Assets/Animated Tropical Vegetation/Prefabs/Static/Bamboos/Bamboo 1.prefab,Search scene for MeshCollider refs,Requires Unity/scene object dependency audit,,Requires Unity audit,Requires Unity audit,,,Review,High visual/physics QA
Assets/Furniture Mega Pack/FBX/Bed/Bed31.fbx,746940,729.4 KB,Requires Unity import audit,Requires Unity import audit,Requires Unity import audit,Requires Unity import audit,Requires Unity import audit,Requires Unity import audit,0,0,1,1,Assets/Furniture Mega Pack/Prefabs/Beds/Bed31.prefab,Search scene for MeshCollider refs,Requires Unity/scene object dependency audit,,Requires Unity audit,Requires Unity audit,,,Review,High visual/physics QA
Assets/Animated Tropical Vegetation/Models/Jungle Bushes/jungle_bush_3.fbx,745740,728.3 KB,Requires Unity import audit,Requires Unity import audit,Requires Unity import audit,Requires Unity import audit,Requires Unity import audit,Requires Unity import audit,0,0,1,1,Assets/Animated Tropical Vegetation/Models/Jungle Bushes/jungle_bush_3.controller; Assets/Animated Tropical Vegetation/Prefabs/Animated/Jungle Bushes/Jungle Bush 3.prefab; Assets/Animated Tropical Vegetation/Prefabs/Static/Jungle Bushes/Jungle Bush 3.prefab,Search scene for MeshCollider refs,Requires Unity/scene object dependency audit,,Requires Unity audit,Requires Unity audit,,,Review,High visual/physics QA
Assets/Furniture Mega Pack/FBX/Bed/Bed21.fbx,743580,726.2 KB,Requires Unity import audit,Requires Unity import audit,Requires Unity import audit,Requires Unity import audit,Requires Unity import audit,Requires Unity import audit,0,0,1,1,Assets/Furniture Mega Pack/Prefabs/Beds/Bed21.prefab,Search scene for MeshCollider refs,Requires Unity/scene object dependency audit,,Requires Unity audit,Requires Unity audit,,,Review,High visual/physics QA
Assets/Furniture Mega Pack/FBX/Sofa/Sofa34.fbx,739868,722.5 KB,Requires Unity import audit,Requires Unity import audit,Requires Unity import audit,Requires Unity import audit,Requires Unity import audit,Requires Unity import audit,0,0,1,1,Assets/Furniture Mega Pack/Prefabs/Sofas/Sofa34.prefab,Search scene for MeshCollider refs,Requires Unity/scene object dependency audit,,Requires Unity audit,Requires Unity audit,,,Review,High visual/physics QA
Assets/Furniture Mega Pack/FBX/Bed/Bed22.fbx,739772,722.4 KB,Requires Unity import audit,Requires Unity import audit,Requires Unity import audit,Requires Unity import audit,Requires Unity import audit,Requires Unity import audit,0,0,1,1,Assets/Furniture Mega Pack/Prefabs/Beds/Bed22.prefab,Search scene for MeshCollider refs,Requires Unity/scene object dependency audit,,Requires Unity audit,Requires Unity audit,,,Review,High visual/physics QA
Assets/Furniture Mega Pack/FBX/Bed/Bed26.fbx,739420,722.1 KB,Requires Unity import audit,Requires Unity import audit,Requires Unity import audit,Requires Unity import audit,Requires Unity import audit,Requires Unity import audit,0,0,1,1,Assets/Furniture Mega Pack/Prefabs/Beds/Bed26.prefab,Search scene for MeshCollider refs,Requires Unity/scene object dependency audit,,Requires Unity audit,Requires Unity audit,,,Review,High visual/physics QA
Assets/Furniture Mega Pack/FBX/Bed/Bed25.fbx,739228,721.9 KB,Requires Unity import audit,Requires Unity import audit,Requires Unity import audit,Requires Unity import audit,Requires Unity import audit,Requires Unity import audit,0,0,1,1,Assets/Furniture Mega Pack/Prefabs/Beds/Bed25.prefab,Search scene for MeshCollider refs,Requires Unity/scene object dependency audit,,Requires Unity audit,Requires Unity audit,,,Review,High visual/physics QA
Assets/Furniture Mega Pack/FBX/Bed/Bed23.fbx,739196,721.9 KB,Requires Unity import audit,Requires Unity import audit,Requires Unity import audit,Requires Unity import audit,Requires Unity import audit,Requires Unity import audit,0,0,1,1,Assets/Furniture Mega Pack/Prefabs/Beds/Bed23.prefab,Search scene for MeshCollider refs,Requires Unity/scene object dependency audit,,Requires Unity audit,Requires Unity audit,,,Review,High visual/physics QA
Assets/Furniture Mega Pack/FBX/Bed/Bed01.fbx,738844,721.5 KB,Requires Unity import audit,Requires Unity import audit,Requires Unity import audit,Requires Unity import audit,Requires Unity import audit,Requires Unity import audit,0,0,1,1,Assets/Furniture Mega Pack/Prefabs/Beds/Bed01.prefab,Search scene for MeshCollider refs,Requires Unity/scene object dependency audit,,Requires Unity audit,Requires Unity audit,,,Review,High visual/physics QA
Assets/Furniture Mega Pack/FBX/Bed/Bed24.fbx,738828,721.5 KB,Requires Unity import audit,Requires Unity import audit,Requires Unity import audit,Requires Unity import audit,Requires Unity import audit,Requires Unity import audit,0,0,1,1,Assets/Furniture Mega Pack/Prefabs/Beds/Bed24.prefab,Search scene for MeshCollider refs,Requires Unity/scene object dependency audit,,Requires Unity audit,Requires Unity audit,,,Review,High visual/physics QA
Assets/Idyllic Italian Coast Town/Meshes/Buildings/SM_building_house_02.fbx,736096,718.8 KB,Requires Unity import audit,Requires Unity import audit,Requires Unity import audit,Requires Unity import audit,Requires Unity import audit,Requires Unity import audit,0,0,1,1,Assets/Idyllic Italian Coast Town/Prefabs/Buildings/SM_building_house_02 (1).prefab; Assets/Idyllic Italian Coast Town/Prefabs/Buildings/SM_building_house_02.prefab,Search scene for MeshCollider refs,Requires Unity/scene object dependency audit,,Requires Unity audit,Requires Unity audit,,,Review,High visual/physics QA
Assets/Furniture Mega Pack/FBX/Chair/Chair08.fbx,721916,705.0 KB,Requires Unity import audit,Requires Unity import audit,Requires Unity import audit,Requires Unity import audit,Requires Unity import audit,Requires Unity import audit,0,0,1,1,Assets/Furniture Mega Pack/Prefabs/Chairs/Chair08.prefab,Search scene for MeshCollider refs,Requires Unity/scene object dependency audit,,Requires Unity audit,Requires Unity audit,,,Review,High visual/physics QA
Assets/Furniture Mega Pack/FBX/Chair/Chair28.fbx,708652,692.0 KB,Requires Unity import audit,Requires Unity import audit,Requires Unity import audit,Requires Unity import audit,Requires Unity import audit,Requires Unity import audit,0,0,1,1,Assets/Furniture Mega Pack/Prefabs/Chairs/Chair28.prefab,Search scene for MeshCollider refs,Requires Unity/scene object dependency audit,,Requires Unity audit,Requires Unity audit,,,Review,High visual/physics QA
Assets/Animated Tropical Vegetation/Models/Banana Trees/banana_tree_2.fbx,693740,677.5 KB,Requires Unity import audit,Requires Unity import audit,Requires Unity import audit,Requires Unity import audit,Requires Unity import audit,Requires Unity import audit,0,0,1,1,Assets/Animated Tropical Vegetation/Models/Banana Trees/banana_tree_2.controller; Assets/Animated Tropical Vegetation/Prefabs/Animated/Banana Trees/Banana Tree 2.prefab; Assets/Animated Tropical Vegetation/Prefabs/Static/Banana Trees/Banana Tree 2.prefab,Search scene for MeshCollider refs,Requires Unity/scene object dependency audit,,Requires Unity audit,Requires Unity audit,,,Review,High visual/physics QA
Assets/Idyllic Italian Coast Town/Meshes/Buildings/SM_building_house_01.fbx,693056,676.8 KB,Requires Unity import audit,Requires Unity import audit,Requires Unity import audit,Requires Unity import audit,Requires Unity import audit,Requires Unity import audit,0,0,1,1,Assets/Idyllic Italian Coast Town/Prefabs/Buildings/SM_building_house_01.prefab; Assets/Idyllic Italian Coast Town/Prefabs/Buildings/SM_building_preset_01 (1).prefab,Search scene for MeshCollider refs,Requires Unity/scene object dependency audit,,Requires Unity audit,Requires Unity audit,,,Review,High visual/physics QA
Assets/Animated Tropical Vegetation/Models/Small Trees/small_tree_2.fbx,687292,671.2 KB,Requires Unity import audit,Requires Unity import audit,Requires Unity import audit,Requires Unity import audit,Requires Unity import audit,Requires Unity import audit,0,0,1,1,Assets/Animated Tropical Vegetation/Models/Small Trees/small_tree_2.controller; Assets/Animated Tropical Vegetation/Prefabs/Animated/Small Trees/Small Tree 2.prefab; Assets/Animated Tropical Vegetation/Prefabs/Static/Small Trees/Small Tree 2.prefab,Search scene for MeshCollider refs,Requires Unity/scene object dependency audit,,Requires Unity audit,Requires Unity audit,,,Review,High visual/physics QA
Assets/Idyllic Italian Coast Town/Meshes/Buildings/SM_building_gate.fbx,678704,662.8 KB,Requires Unity import audit,Requires Unity import audit,Requires Unity import audit,Requires Unity import audit,Requires Unity import audit,Requires Unity import audit,0,0,1,1,Assets/BH_XR_MainScene.unity; Assets/Idyllic Italian Coast Town/Prefabs/Buildings/SM_building_gate (1).prefab; Assets/Idyllic Italian Coast Town/Prefabs/Buildings/SM_building_gate.prefab; Assets/_Recovery/0 (1).unity; Assets/_Recovery/0 (10).unity; Assets/_Recovery/0 (11).unity; Assets/_Recovery/0 (13).unity; Assets/_Recovery/0 (14).unity; Assets/_Recovery/0 (15).unity; Assets/_Recovery/0 (16).unity; Assets/_Recovery/0 (17).unity; Assets/_Recovery/0 (18).unity; Assets/_Recovery/0 (2).unity; Assets/_Recovery/0 (21).unity; Assets/_Recovery/0 (22).unity; Assets/_Recovery/0 (23).unity; Assets/_Recovery/0 (3).unity; Assets/_Recovery/0 (5).unity; Assets/_Recovery/0 (6).unity; Assets/_Recovery/0 (7).unity,Search scene for MeshCollider refs,Requires Unity/scene object dependency audit,,Requires Unity audit,Requires Unity audit,,,Review,High visual/physics QA
Assets/Idyllic Italian Coast Town/Meshes/Buildings/SM_building_house_04.fbx,676976,661.1 KB,Requires Unity import audit,Requires Unity import audit,Requires Unity import audit,Requires Unity import audit,Requires Unity import audit,Requires Unity import audit,0,0,1,1,Assets/Idyllic Italian Coast Town/Prefabs/Buildings/SM_building_house_04 (1).prefab; Assets/Idyllic Italian Coast Town/Prefabs/Buildings/SM_building_house_04.prefab,Search scene for MeshCollider refs,Requires Unity/scene object dependency audit,,Requires Unity audit,Requires Unity audit,,,Review,High visual/physics QA
Assets/Furniture Mega Pack/FBX/Sofa/SectionalSofaFabric.fbx,670172,654.5 KB,Requires Unity import audit,Requires Unity import audit,Requires Unity import audit,Requires Unity import audit,Requires Unity import audit,Requires Unity import audit,0,0,1,1,Assets/Furniture Mega Pack/Prefabs/Sofas/Sofa38.prefab; Assets/Furniture Mega Pack/Prefabs/Sofas/Sofa39.prefab; Assets/Furniture Mega Pack/Prefabs/Sofas/Sofa40.prefab; Assets/Furniture Mega Pack/Prefabs/Sofas/Sofa41.prefab; Assets/Furniture Mega Pack/Prefabs/Sofas/Sofa42.prefab; Assets/Furniture Mega Pack/Prefabs/Sofas/Sofa43.prefab; Assets/Furniture Mega Pack/Prefabs/Sofas/Sofa44.prefab,Search scene for MeshCollider refs,Requires Unity/scene object dependency audit,,Requires Unity audit,Requires Unity audit,,,Review,High visual/physics QA
Assets/Animated Tropical Vegetation/Models/Bushy Palms/bushy_palm_1.fbx,644028,628.9 KB,Requires Unity import audit,Requires Unity import audit,Requires Unity import audit,Requires Unity import audit,Requires Unity import audit,Requires Unity import audit,0,0,1,1,Assets/Animated Tropical Vegetation/Models/Bushy Palms/bushy_palm_1.controller; Assets/Animated Tropical Vegetation/Prefabs/Animated/Bushy Palms/Bushy Palm 1.prefab; Assets/Animated Tropical Vegetation/Prefabs/Static/Bushy Palms/Bushy Palm 1.prefab,Search scene for MeshCollider refs,Requires Unity/scene object dependency audit,,Requires Unity audit,Requires Unity audit,,,Review,High visual/physics QA
Assets/Idyllic Italian Coast Town/Meshes/Buildings/SM_building_gate_02.fbx,641072,626.0 KB,Requires Unity import audit,Requires Unity import audit,Requires Unity import audit,Requires Unity import audit,Requires Unity import audit,Requires Unity import audit,0,0,1,1,Assets/Idyllic Italian Coast Town/Prefabs/Buildings/SM_building_gate_02.prefab,Search scene for MeshCollider refs,Requires Unity/scene object dependency audit,,Requires Unity audit,Requires Unity audit,,,Review,High visual/physics QA
Assets/Furniture Mega Pack/FBX/Chair/Chair15.fbx,640252,625.2 KB,Requires Unity import audit,Requires Unity import audit,Requires Unity import audit,Requires Unity import audit,Requires Unity import audit,Requires Unity import audit,0,0,1,1,Assets/Furniture Mega Pack/Prefabs/Chairs/Chair15.prefab,Search scene for MeshCollider refs,Requires Unity/scene object dependency audit,,Requires Unity audit,Requires Unity audit,,,Review,High visual/physics QA
Assets/Furniture Mega Pack/FBX/Sofa/Sofa24.fbx,634556,619.7 KB,Requires Unity import audit,Requires Unity import audit,Requires Unity import audit,Requires Unity import audit,Requires Unity import audit,Requires Unity import audit,0,0,1,1,Assets/Furniture Mega Pack/Prefabs/Sofas/Sofa24.prefab,Search scene for MeshCollider refs,Requires Unity/scene object dependency audit,,Requires Unity audit,Requires Unity audit,,,Review,High visual/physics QA
Assets/DevDen Arch Viz Scotland/Models/Balcony/flower_pot_1.fbx,605392,591.2 KB,Requires Unity import audit,Requires Unity import audit,Requires Unity import audit,Requires Unity import audit,Requires Unity import audit,Requires Unity import audit,1,0,0,0,Assets/DevDen Arch Viz Scotland/Prefabs/Balcony/flower_pot_1.prefab; Assets/DevDen Arch Viz Scotland/Scenes/ArchViz.unity,Search scene for MeshCollider refs,Requires Unity/scene object dependency audit,,Requires Unity audit,Requires Unity audit,,,Review,High visual/physics QA
Assets/Furniture Mega Pack/FBX/Bed/Bed12.fbx,595532,581.6 KB,Requires Unity import audit,Requires Unity import audit,Requires Unity import audit,Requires Unity import audit,Requires Unity import audit,Requires Unity import audit,0,0,1,1,Assets/Furniture Mega Pack/Prefabs/Beds/Bed12.prefab,Search scene for MeshCollider refs,Requires Unity/scene object dependency audit,,Requires Unity audit,Requires Unity audit,,,Review,High visual/physics QA
Assets/Furniture Mega Pack/FBX/Bed/Bed43.fbx,593964,580.0 KB,Requires Unity import audit,Requires Unity import audit,Requires Unity import audit,Requires Unity import audit,Requires Unity import audit,Requires Unity import audit,0,0,1,1,Assets/Furniture Mega Pack/Prefabs/Beds/Bed43.prefab,Search scene for MeshCollider refs,Requires Unity/scene object dependency audit,,Requires Unity audit,Requires Unity audit,,,Review,High visual/physics QA
Assets/Furniture Mega Pack/FBX/Bed/Bed44.fbx,593852,579.9 KB,Requires Unity import audit,Requires Unity import audit,Requires Unity import audit,Requires Unity import audit,Requires Unity import audit,Requires Unity import audit,0,0,1,1,Assets/Furniture Mega Pack/Prefabs/Beds/Bed44.prefab,Search scene for MeshCollider refs,Requires Unity/scene object dependency audit,,Requires Unity audit,Requires Unity audit,,,Review,High visual/physics QA
Assets/Furniture Mega Pack/FBX/Bed/Bed32.fbx,592908,579.0 KB,Requires Unity import audit,Requires Unity import audit,Requires Unity import audit,Requires Unity import audit,Requires Unity import audit,Requires Unity import audit,0,0,1,1,Assets/Furniture Mega Pack/Prefabs/Beds/Bed32.prefab,Search scene for MeshCollider refs,Requires Unity/scene object dependency audit,,Requires Unity audit,Requires Unity audit,,,Review,High visual/physics QA
Assets/Furniture Mega Pack/FBX/Bed/Bed03.fbx,590140,576.3 KB,Requires Unity import audit,Requires Unity import audit,Requires Unity import audit,Requires Unity import audit,Requires Unity import audit,Requires Unity import audit,0,0,1,1,Assets/Furniture Mega Pack/Prefabs/Beds/Bed03.prefab,Search scene for MeshCollider refs,Requires Unity/scene object dependency audit,,Requires Unity audit,Requires Unity audit,,,Review,High visual/physics QA
Assets/Animated Tropical Vegetation/Models/Banana Trees/banana_tree_6.fbx,580508,566.9 KB,Requires Unity import audit,Requires Unity import audit,Requires Unity import audit,Requires Unity import audit,Requires Unity import audit,Requires Unity import audit,0,0,1,1,Assets/Animated Tropical Vegetation/Models/Banana Trees/banana_tree_6.controller; Assets/Animated Tropical Vegetation/Prefabs/Animated/Banana Trees/Banana Tree 6.prefab; Assets/Animated Tropical Vegetation/Prefabs/Static/Banana Trees/Banana Tree 6.prefab,Search scene for MeshCollider refs,Requires Unity/scene object dependency audit,,Requires Unity audit,Requires Unity audit,,,Review,High visual/physics QA
Assets/DevDen Arch Viz Scotland/Models/Kitchen Room/coffeemachine.FBX,575639,562.1 KB,Requires Unity import audit,Requires Unity import audit,Requires Unity import audit,Requires Unity import audit,Requires Unity import audit,Requires Unity import audit,1,0,0,0,Assets/DevDen Arch Viz Scotland/Prefabs/Kitchen Room/CoffeeMachine.prefab; Assets/DevDen Arch Viz Scotland/Scenes/ArchViz.unity,Search scene for MeshCollider refs,Requires Unity/scene object dependency audit,,Requires Unity audit,Requires Unity audit,,,Review,High visual/physics QA
Assets/Furniture Mega Pack/FBX/Bed/Bed39.fbx,575340,561.9 KB,Requires Unity import audit,Requires Unity import audit,Requires Unity import audit,Requires Unity import audit,Requires Unity import audit,Requires Unity import audit,0,0,1,1,Assets/Furniture Mega Pack/Prefabs/Beds/Bed39.prefab,Search scene for MeshCollider refs,Requires Unity/scene object dependency audit,,Requires Unity audit,Requires Unity audit,,,Review,High visual/physics QA
Assets/Furniture Mega Pack/FBX/Bed/Bed40.fbx,572092,558.7 KB,Requires Unity import audit,Requires Unity import audit,Requires Unity import audit,Requires Unity import audit,Requires Unity import audit,Requires Unity import audit,0,0,1,1,Assets/Furniture Mega Pack/Prefabs/Beds/Bed40.prefab,Search scene for MeshCollider refs,Requires Unity/scene object dependency audit,,Requires Unity audit,Requires Unity audit,,,Review,High visual/physics QA
Assets/Furniture Mega Pack/FBX/Sofa/Sofa02.fbx,565820,552.6 KB,Requires Unity import audit,Requires Unity import audit,Requires Unity import audit,Requires Unity import audit,Requires Unity import audit,Requires Unity import audit,0,0,1,1,Assets/Furniture Mega Pack/Prefabs/Sofas/Sofa02.prefab,Search scene for MeshCollider refs,Requires Unity/scene object dependency audit,,Requires Unity audit,Requires Unity audit,,,Review,High visual/physics QA
Assets/Furniture Mega Pack/FBX/Bathroom/ShowerSystem05.fbx,555612,542.6 KB,Requires Unity import audit,Requires Unity import audit,Requires Unity import audit,Requires Unity import audit,Requires Unity import audit,Requires Unity import audit,0,0,1,1,Assets/Furniture Mega Pack/Prefabs/Bathroom/ShowerSystem05.prefab,Search scene for MeshCollider refs,Requires Unity/scene object dependency audit,,Requires Unity audit,Requires Unity audit,,,Review,High visual/physics QA
Assets/Furniture Mega Pack/FBX/Sofa/Sofa16.fbx,548044,535.2 KB,Requires Unity import audit,Requires Unity import audit,Requires Unity import audit,Requires Unity import audit,Requires Unity import audit,Requires Unity import audit,0,0,1,1,Assets/Furniture Mega Pack/Prefabs/Sofas/Sofa16.prefab,Search scene for MeshCollider refs,Requires Unity/scene object dependency audit,,Requires Unity audit,Requires Unity audit,,,Review,High visual/physics QA
Assets/Animated Tropical Vegetation/Models/Banana Trees/banana_tree_3.fbx,546268,533.5 KB,Requires Unity import audit,Requires Unity import audit,Requires Unity import audit,Requires Unity import audit,Requires Unity import audit,Requires Unity import audit,0,0,1,1,Assets/Animated Tropical Vegetation/Models/Banana Trees/banana_tree_3.controller; Assets/Animated Tropical Vegetation/Prefabs/Animated/Banana Trees/Banana Tree 3.prefab; Assets/Animated Tropical Vegetation/Prefabs/Static/Banana Trees/Banana Tree 3.prefab,Search scene for MeshCollider refs,Requires Unity/scene object dependency audit,,Requires Unity audit,Requires Unity audit,,,Review,High visual/physics QA
Assets/Animated Tropical Vegetation/Models/Banana Trees/banana_tree_5.fbx,545660,532.9 KB,Requires Unity import audit,Requires Unity import audit,Requires Unity import audit,Requires Unity import audit,Requires Unity import audit,Requires Unity import audit,0,0,1,1,Assets/Animated Tropical Vegetation/Models/Banana Trees/banana_tree_5.controller; Assets/Animated Tropical Vegetation/Prefabs/Animated/Banana Trees/Banana Tree 5.prefab; Assets/Animated Tropical Vegetation/Prefabs/Static/Banana Trees/Banana Tree 5.prefab,Search scene for MeshCollider refs,Requires Unity/scene object dependency audit,,Requires Unity audit,Requires Unity audit,,,Review,High visual/physics QA
Assets/DevDen Arch Viz Scotland/Models/Kitchen Room/kitchen_bottom.fbx,531328,518.9 KB,Requires Unity import audit,Requires Unity import audit,Requires Unity import audit,Requires Unity import audit,Requires Unity import audit,Requires Unity import audit,1,0,0,0,Assets/DevDen Arch Viz Scotland/Prefabs/Kitchen Room/Kitchen_Cabinet-1.prefab; Assets/DevDen Arch Viz Scotland/Scenes/ArchViz.unity,Search scene for MeshCollider refs,Requires Unity/scene object dependency audit,,Requires Unity audit,Requires Unity audit,,,Review,High visual/physics QA
Assets/Furniture Mega Pack/FBX/Sofa/Sofa17.fbx,527852,515.5 KB,Requires Unity import audit,Requires Unity import audit,Requires Unity import audit,Requires Unity import audit,Requires Unity import audit,Requires Unity import audit,0,0,1,1,Assets/Furniture Mega Pack/Prefabs/Sofas/Sofa17.prefab,Search scene for MeshCollider refs,Requires Unity/scene object dependency audit,,Requires Unity audit,Requires Unity audit,,,Review,High visual/physics QA
Assets/Furniture Mega Pack/FBX/Bathroom/ShowerSystem07.fbx,508076,496.2 KB,Requires Unity import audit,Requires Unity import audit,Requires Unity import audit,Requires Unity import audit,Requires Unity import audit,Requires Unity import audit,0,0,1,1,Assets/Furniture Mega Pack/Prefabs/Bathroom/ShowerSystem07.prefab,Search scene for MeshCollider refs,Requires Unity/scene object dependency audit,,Requires Unity audit,Requires Unity audit,,,Review,High visual/physics QA
Assets/Furniture Mega Pack/FBX/Bed/Bed13.fbx,505948,494.1 KB,Requires Unity import audit,Requires Unity import audit,Requires Unity import audit,Requires Unity import audit,Requires Unity import audit,Requires Unity import audit,0,0,1,1,Assets/Furniture Mega Pack/Prefabs/Beds/Bed13.prefab,Search scene for MeshCollider refs,Requires Unity/scene object dependency audit,,Requires Unity audit,Requires Unity audit,,,Review,High visual/physics QA
Assets/Furniture Mega Pack/FBX/Bed/Bed20.fbx,504012,492.2 KB,Requires Unity import audit,Requires Unity import audit,Requires Unity import audit,Requires Unity import audit,Requires Unity import audit,Requires Unity import audit,0,0,1,1,Assets/Furniture Mega Pack/Prefabs/Beds/Bed20.prefab,Search scene for MeshCollider refs,Requires Unity/scene object dependency audit,,Requires Unity audit,Requires Unity audit,,,Review,High visual/physics QA
Assets/Furniture Mega Pack/FBX/Chair/Chair14.fbx,501372,489.6 KB,Requires Unity import audit,Requires Unity import audit,Requires Unity import audit,Requires Unity import audit,Requires Unity import audit,Requires Unity import audit,0,0,1,1,Assets/Furniture Mega Pack/Prefabs/Chairs/Chair14.prefab,Search scene for MeshCollider refs,Requires Unity/scene object dependency audit,,Requires Unity audit,Requires Unity audit,,,Review,High visual/physics QA
Assets/Furniture Mega Pack/FBX/Bed/Bed19.fbx,501212,489.5 KB,Requires Unity import audit,Requires Unity import audit,Requires Unity import audit,Requires Unity import audit,Requires Unity import audit,Requires Unity import audit,0,0,1,1,Assets/Furniture Mega Pack/Prefabs/Beds/Bed19.prefab,Search scene for MeshCollider refs,Requires Unity/scene object dependency audit,,Requires Unity audit,Requires Unity audit,,,Review,High visual/physics QA
Assets/Furniture Mega Pack/FBX/Bed/Bed15.fbx,498252,486.6 KB,Requires Unity import audit,Requires Unity import audit,Requires Unity import audit,Requires Unity import audit,Requires Unity import audit,Requires Unity import audit,0,0,1,1,Assets/Furniture Mega Pack/Prefabs/Beds/Bed15.prefab,Search scene for MeshCollider refs,Requires Unity/scene object dependency audit,,Requires Unity audit,Requires Unity audit,,,Review,High visual/physics QA
Assets/Furniture Mega Pack/FBX/Chair/Chair37.fbx,497596,485.9 KB,Requires Unity import audit,Requires Unity import audit,Requires Unity import audit,Requires Unity import audit,Requires Unity import audit,Requires Unity import audit,0,0,1,1,Assets/Furniture Mega Pack/Prefabs/Chairs/Chair37.prefab,Search scene for MeshCollider refs,Requires Unity/scene object dependency audit,,Requires Unity audit,Requires Unity audit,,,Review,High visual/physics QA
Assets/Furniture Mega Pack/FBX/Bed/Bed16.fbx,494540,482.9 KB,Requires Unity import audit,Requires Unity import audit,Requires Unity import audit,Requires Unity import audit,Requires Unity import audit,Requires Unity import audit,0,0,1,1,Assets/Furniture Mega Pack/Prefabs/Beds/Bed16.prefab,Search scene for MeshCollider refs,Requires Unity/scene object dependency audit,,Requires Unity audit,Requires Unity audit,,,Review,High visual/physics QA
Assets/Furniture Mega Pack/FBX/Bed/Bed17.fbx,494060,482.5 KB,Requires Unity import audit,Requires Unity import audit,Requires Unity import audit,Requires Unity import audit,Requires Unity import audit,Requires Unity import audit,0,0,1,1,Assets/Furniture Mega Pack/Prefabs/Beds/Bed17.prefab,Search scene for MeshCollider refs,Requires Unity/scene object dependency audit,,Requires Unity audit,Requires Unity audit,,,Review,High visual/physics QA
Assets/Furniture Mega Pack/FBX/Table/Table50.fbx,493692,482.1 KB,Requires Unity import audit,Requires Unity import audit,Requires Unity import audit,Requires Unity import audit,Requires Unity import audit,Requires Unity import audit,0,0,1,1,Assets/Furniture Mega Pack/Prefabs/Tables/Table50.prefab,Search scene for MeshCollider refs,Requires Unity/scene object dependency audit,,Requires Unity audit,Requires Unity audit,,,Review,High visual/physics QA
Assets/Furniture Mega Pack/FBX/Bed/Bed11.fbx,491372,479.9 KB,Requires Unity import audit,Requires Unity import audit,Requires Unity import audit,Requires Unity import audit,Requires Unity import audit,Requires Unity import audit,0,0,1,1,Assets/Furniture Mega Pack/Prefabs/Beds/Bed11.prefab,Search scene for MeshCollider refs,Requires Unity/scene object dependency audit,,Requires Unity audit,Requires Unity audit,,,Review,High visual/physics QA
Assets/Furniture Mega Pack/FBX/Bed/Bed18.fbx,490780,479.3 KB,Requires Unity import audit,Requires Unity import audit,Requires Unity import audit,Requires Unity import audit,Requires Unity import audit,Requires Unity import audit,0,0,1,1,Assets/Furniture Mega Pack/Prefabs/Beds/Bed18.prefab,Search scene for MeshCollider refs,Requires Unity/scene object dependency audit,,Requires Unity audit,Requires Unity audit,,,Review,High visual/physics QA
Assets/Furniture Mega Pack/FBX/Sofa/Sofa03.fbx,489756,478.3 KB,Requires Unity import audit,Requires Unity import audit,Requires Unity import audit,Requires Unity import audit,Requires Unity import audit,Requires Unity import audit,0,0,1,1,Assets/Furniture Mega Pack/Prefabs/Sofas/Sofa03.prefab,Search scene for MeshCollider refs,Requires Unity/scene object dependency audit,,Requires Unity audit,Requires Unity audit,,,Review,High visual/physics QA
Assets/Animated Tropical Vegetation/Models/Bushy Palms/bushy_palm_2.fbx,487900,476.5 KB,Requires Unity import audit,Requires Unity import audit,Requires Unity import audit,Requires Unity import audit,Requires Unity import audit,Requires Unity import audit,0,0,1,1,Assets/Animated Tropical Vegetation/Models/Bushy Palms/bushy_palm_2.controller; Assets/Animated Tropical Vegetation/Prefabs/Animated/Bushy Palms/Bushy Palm 2.prefab; Assets/Animated Tropical Vegetation/Prefabs/Static/Bushy Palms/Bushy Palm 2.prefab,Search scene for MeshCollider refs,Requires Unity/scene object dependency audit,,Requires Unity audit,Requires Unity audit,,,Review,High visual/physics QA
Assets/Furniture Mega Pack/FBX/Bed/Bed10.fbx,484796,473.4 KB,Requires Unity import audit,Requires Unity import audit,Requires Unity import audit,Requires Unity import audit,Requires Unity import audit,Requires Unity import audit,0,0,1,1,Assets/Furniture Mega Pack/Prefabs/Beds/Bed10.prefab,Search scene for MeshCollider refs,Requires Unity/scene object dependency audit,,Requires Unity audit,Requires Unity audit,,,Review,High visual/physics QA
Assets/Furniture Mega Pack/FBX/Bed/Bed05.fbx,484428,473.1 KB,Requires Unity import audit,Requires Unity import audit,Requires Unity import audit,Requires Unity import audit,Requires Unity import audit,Requires Unity import audit,0,0,1,1,Assets/Furniture Mega Pack/Prefabs/Beds/Bed05.prefab,Search scene for MeshCollider refs,Requires Unity/scene object dependency audit,,Requires Unity audit,Requires Unity audit,,,Review,High visual/physics QA
Assets/Furniture Mega Pack/FBX/Bed/Bed07.fbx,484316,473.0 KB,Requires Unity import audit,Requires Unity import audit,Requires Unity import audit,Requires Unity import audit,Requires Unity import audit,Requires Unity import audit,0,0,1,1,Assets/Furniture Mega Pack/Prefabs/Beds/Bed07.prefab,Search scene for MeshCollider refs,Requires Unity/scene object dependency audit,,Requires Unity audit,Requires Unity audit,,,Review,High visual/physics QA
Assets/Furniture Mega Pack/FBX/Bed/Bed09.fbx,484156,472.8 KB,Requires Unity import audit,Requires Unity import audit,Requires Unity import audit,Requires Unity import audit,Requires Unity import audit,Requires Unity import audit,0,0,1,1,Assets/Furniture Mega Pack/Prefabs/Beds/Bed09.prefab,Search scene for MeshCollider refs,Requires Unity/scene object dependency audit,,Requires Unity audit,Requires Unity audit,,,Review,High visual/physics QA
Assets/Idyllic Italian Coast Town/Meshes/Buildings/SM_building_modular_2x1_01.fbx,482608,471.3 KB,Requires Unity import audit,Requires Unity import audit,Requires Unity import audit,Requires Unity import audit,Requires Unity import audit,Requires Unity import audit,0,0,1,1,Assets/Idyllic Italian Coast Town/Prefabs/Modular Pieces/SM_building_modular_2x1_01.prefab,Search scene for MeshCollider refs,Requires Unity/scene object dependency audit,,Requires Unity audit,Requires Unity audit,,,Review,High visual/physics QA
Assets/Furniture Mega Pack/FBX/Bed/Bed06.fbx,481564,470.3 KB,Requires Unity import audit,Requires Unity import audit,Requires Unity import audit,Requires Unity import audit,Requires Unity import audit,Requires Unity import audit,0,0,1,1,Assets/Furniture Mega Pack/Prefabs/Beds/Bed06.prefab,Search scene for MeshCollider refs,Requires Unity/scene object dependency audit,,Requires Unity audit,Requires Unity audit,,,Review,High visual/physics QA
Assets/Furniture Mega Pack/FBX/Bed/Bed08.fbx,481452,470.2 KB,Requires Unity import audit,Requires Unity import audit,Requires Unity import audit,Requires Unity import audit,Requires Unity import audit,Requires Unity import audit,0,0,1,1,Assets/Furniture Mega Pack/Prefabs/Beds/Bed08.prefab,Search scene for MeshCollider refs,Requires Unity/scene object dependency audit,,Requires Unity audit,Requires Unity audit,,,Review,High visual/physics QA
Assets/Furniture Mega Pack/FBX/Chair/Chair26.fbx,477660,466.5 KB,Requires Unity import audit,Requires Unity import audit,Requires Unity import audit,Requires Unity import audit,Requires Unity import audit,Requires Unity import audit,0,0,1,1,Assets/Furniture Mega Pack/Prefabs/Chairs/Chair26.prefab,Search scene for MeshCollider refs,Requires Unity/scene object dependency audit,,Requires Unity audit,Requires Unity audit,,,Review,High visual/physics QA
Assets/Furniture Mega Pack/FBX/Chair/Chair12.fbx,476940,465.8 KB,Requires Unity import audit,Requires Unity import audit,Requires Unity import audit,Requires Unity import audit,Requires Unity import audit,Requires Unity import audit,0,0,1,1,Assets/Furniture Mega Pack/Prefabs/Chairs/Chair12.prefab,Search scene for MeshCollider refs,Requires Unity/scene object dependency audit,,Requires Unity audit,Requires Unity audit,,,Review,High visual/physics QA
Assets/Furniture Mega Pack/FBX/Bed/Bed04.fbx,471180,460.1 KB,Requires Unity import audit,Requires Unity import audit,Requires Unity import audit,Requires Unity import audit,Requires Unity import audit,Requires Unity import audit,0,0,1,1,Assets/Furniture Mega Pack/Prefabs/Beds/Bed04.prefab,Search scene for MeshCollider refs,Requires Unity/scene object dependency audit,,Requires Unity audit,Requires Unity audit,,,Review,High visual/physics QA
Assets/Furniture Mega Pack/FBX/Sofa/Sofa23.fbx,470812,459.8 KB,Requires Unity import audit,Requires Unity import audit,Requires Unity import audit,Requires Unity import audit,Requires Unity import audit,Requires Unity import audit,0,0,1,1,Assets/Furniture Mega Pack/Prefabs/Sofas/Sofa23.prefab,Search scene for MeshCollider refs,Requires Unity/scene object dependency audit,,Requires Unity audit,Requires Unity audit,,,Review,High visual/physics QA
Assets/Furniture Mega Pack/FBX/Chair/Chair11.fbx,466348,455.4 KB,Requires Unity import audit,Requires Unity import audit,Requires Unity import audit,Requires Unity import audit,Requires Unity import audit,Requires Unity import audit,0,0,1,1,Assets/Furniture Mega Pack/Prefabs/Chairs/Chair11.prefab,Search scene for MeshCollider refs,Requires Unity/scene object dependency audit,,Requires Unity audit,Requires Unity audit,,,Review,High visual/physics QA
Assets/Furniture Mega Pack/FBX/Sofa/Sofa33.fbx,462764,451.9 KB,Requires Unity import audit,Requires Unity import audit,Requires Unity import audit,Requires Unity import audit,Requires Unity import audit,Requires Unity import audit,0,0,1,1,Assets/BH_XR_MainScene.unity; Assets/Furniture Mega Pack/Prefabs/Sofas/Sofa33.prefab; Assets/_Recovery/0 (1).unity; Assets/_Recovery/0 (10).unity; Assets/_Recovery/0 (11).unity; Assets/_Recovery/0 (13).unity; Assets/_Recovery/0 (14).unity; Assets/_Recovery/0 (15).unity; Assets/_Recovery/0 (16).unity; Assets/_Recovery/0 (17).unity; Assets/_Recovery/0 (18).unity; Assets/_Recovery/0 (2).unity; Assets/_Recovery/0 (21).unity; Assets/_Recovery/0 (22).unity; Assets/_Recovery/0 (23).unity; Assets/_Recovery/0 (3).unity; Assets/_Recovery/0 (5).unity; Assets/_Recovery/0 (6).unity; Assets/_Recovery/0 (7).unity; Assets/_Recovery/0 (8).unity,Search scene for MeshCollider refs,Requires Unity/scene object dependency audit,,Requires Unity audit,Requires Unity audit,,,Review,High visual/physics QA
Assets/Idyllic Italian Coast Town/Meshes/Buildings/SM_building_modular_2x1_02.fbx,458384,447.6 KB,Requires Unity import audit,Requires Unity import audit,Requires Unity import audit,Requires Unity import audit,Requires Unity import audit,Requires Unity import audit,0,0,1,1,Assets/Idyllic Italian Coast Town/Prefabs/Modular Pieces/SM_building_modular_2x1_02.prefab,Search scene for MeshCollider refs,Requires Unity/scene object dependency audit,,Requires Unity audit,Requires Unity audit,,,Review,High visual/physics QA
Assets/Idyllic Italian Coast Town/Meshes/Buildings/SM_building_modular_floor_2x1_02.fbx,456032,445.3 KB,Requires Unity import audit,Requires Unity import audit,Requires Unity import audit,Requires Unity import audit,Requires Unity import audit,Requires Unity import audit,0,0,1,1,Assets/Idyllic Italian Coast Town/Prefabs/Modular Pieces/SM_building_modular_floor_2x1_02.prefab,Search scene for MeshCollider refs,Requires Unity/scene object dependency audit,,Requires Unity audit,Requires Unity audit,,,Review,High visual/physics QA
Assets/Furniture Mega Pack/FBX/Bathroom/ShowerSystem06.fbx,454636,444.0 KB,Requires Unity import audit,Requires Unity import audit,Requires Unity import audit,Requires Unity import audit,Requires Unity import audit,Requires Unity import audit,0,0,1,1,Assets/Furniture Mega Pack/Prefabs/Bathroom/ShowerSystem06.prefab,Search scene for MeshCollider refs,Requires Unity/scene object dependency audit,,Requires Unity audit,Requires Unity audit,,,Review,High visual/physics QA
Assets/Animated Tropical Vegetation/Models/Bushy Palms/bushy_palm_3.fbx,454540,443.9 KB,Requires Unity import audit,Requires Unity import audit,Requires Unity import audit,Requires Unity import audit,Requires Unity import audit,Requires Unity import audit,0,0,1,1,Assets/Animated Tropical Vegetation/Models/Bushy Palms/bushy_palm_3.controller; Assets/Animated Tropical Vegetation/Prefabs/Animated/Bushy Palms/Bushy Palm 3.prefab; Assets/Animated Tropical Vegetation/Prefabs/Static/Bushy Palms/Bushy Palm 3.prefab,Search scene for MeshCollider refs,Requires Unity/scene object dependency audit,,Requires Unity audit,Requires Unity audit,,,Review,High visual/physics QA
Assets/Idyllic Italian Coast Town/Meshes/Buildings/SM_building_modular_1x1_04.fbx,448000,437.5 KB,Requires Unity import audit,Requires Unity import audit,Requires Unity import audit,Requires Unity import audit,Requires Unity import audit,Requires Unity import audit,0,0,1,1,Assets/Idyllic Italian Coast Town/Prefabs/Modular Pieces/SM_building_modular_1x1_04.prefab,Search scene for MeshCollider refs,Requires Unity/scene object dependency audit,,Requires Unity audit,Requires Unity audit,,,Review,High visual/physics QA
Assets/DevDen Arch Viz Scotland/Models/Living Room/sofa_2.obj,440972,430.6 KB,Requires Unity import audit,Requires Unity import audit,Requires Unity import audit,Requires Unity import audit,Requires Unity import audit,Requires Unity import audit,1,0,0,0,Assets/DevDen Arch Viz Scotland/Prefabs/Living Room/Sofa.prefab; Assets/DevDen Arch Viz Scotland/Scenes/ArchViz.unity,Search scene for MeshCollider refs,Requires Unity/scene object dependency audit,,Requires Unity audit,Requires Unity audit,,,Review,High visual/physics QA
Assets/Furniture Mega Pack/FBX/Bed/Bed02.fbx,436444,426.2 KB,Requires Unity import audit,Requires Unity import audit,Requires Unity import audit,Requires Unity import audit,Requires Unity import audit,Requires Unity import audit,0,0,1,1,Assets/Furniture Mega Pack/Prefabs/Beds/Bed02.prefab,Search scene for MeshCollider refs,Requires Unity/scene object dependency audit,,Requires Unity audit,Requires Unity audit,,,Review,High visual/physics QA
Assets/DevDen Arch Viz Scotland/Models/Bathroom/shower.FBX,435994,425.8 KB,Requires Unity import audit,Requires Unity import audit,Requires Unity import audit,Requires Unity import audit,Requires Unity import audit,Requires Unity import audit,1,0,0,0,Assets/DevDen Arch Viz Scotland/Prefabs/Bathroom/shower.prefab; Assets/DevDen Arch Viz Scotland/Scenes/ArchViz.unity,Search scene for MeshCollider refs,Requires Unity/scene object dependency audit,,Requires Unity audit,Requires Unity audit,,,Review,High visual/physics QA
Assets/Animated Tropical Vegetation/Models/Banana Trees/banana_tree_4.fbx,432508,422.4 KB,Requires Unity import audit,Requires Unity import audit,Requires Unity import audit,Requires Unity import audit,Requires Unity import audit,Requires Unity import audit,0,0,1,1,Assets/Animated Tropical Vegetation/Models/Banana Trees/banana_tree_4.controller; Assets/Animated Tropical Vegetation/Prefabs/Animated/Banana Trees/Banana Tree 4.prefab; Assets/Animated Tropical Vegetation/Prefabs/Static/Banana Trees/Banana Tree 4.prefab,Search scene for MeshCollider refs,Requires Unity/scene object dependency audit,,Requires Unity audit,Requires Unity audit,,,Review,High visual/physics QA
Assets/Idyllic Italian Coast Town/Meshes/Buildings/SM_building_modular_floor_1x1.fbx,431088,421.0 KB,Requires Unity import audit,Requires Unity import audit,Requires Unity import audit,Requires Unity import audit,Requires Unity import audit,Requires Unity import audit,0,0,1,1,Assets/Idyllic Italian Coast Town/Prefabs/Modular Pieces/SM_building_modular_floor_1x1.prefab,Search scene for MeshCollider refs,Requires Unity/scene object dependency audit,,Requires Unity audit,Requires Unity audit,,,Review,High visual/physics QA
Assets/Animated Tropical Vegetation/Models/Small Trees/small_tree_3.fbx,429868,419.8 KB,Requires Unity import audit,Requires Unity import audit,Requires Unity import audit,Requires Unity import audit,Requires Unity import audit,Requires Unity import audit,0,0,1,1,Assets/Animated Tropical Vegetation/Models/Small Trees/small_tree_3.controller; Assets/Animated Tropical Vegetation/Prefabs/Animated/Small Trees/Small Tree 3.prefab; Assets/Animated Tropical Vegetation/Prefabs/Static/Small Trees/Small Tree 3.prefab,Search scene for MeshCollider refs,Requires Unity/scene object dependency audit,,Requires Unity audit,Requires Unity audit,,,Review,High visual/physics QA
Assets/Animated Tropical Vegetation/Models/Banana Trees/banana_tree_1.fbx,428284,418.2 KB,Requires Unity import audit,Requires Unity import audit,Requires Unity import audit,Requires Unity import audit,Requires Unity import audit,Requires Unity import audit,0,0,1,1,Assets/Animated Tropical Vegetation/Models/Banana Trees/banana_tree_1.controller; Assets/Animated Tropical Vegetation/Prefabs/Animated/Banana Trees/Banana Tree 1.prefab; Assets/Animated Tropical Vegetation/Prefabs/Static/Banana Trees/Banana Tree 1.prefab,Search scene for MeshCollider refs,Requires Unity/scene object dependency audit,,Requires Unity audit,Requires Unity audit,,,Review,High visual/physics QA
Assets/Furniture Mega Pack/FBX/Bed/Bed49.fbx,421804,411.9 KB,Requires Unity import audit,Requires Unity import audit,Requires Unity import audit,Requires Unity import audit,Requires Unity import audit,Requires Unity import audit,0,0,1,1,Assets/Furniture Mega Pack/Prefabs/Beds/Bed49.prefab,Search scene for MeshCollider refs,Requires Unity/scene object dependency audit,,Requires Unity audit,Requires Unity audit,,,Review,High visual/physics QA
Assets/Furniture Mega Pack/FBX/Bed/Bed50.fbx,420588,410.7 KB,Requires Unity import audit,Requires Unity import audit,Requires Unity import audit,Requires Unity import audit,Requires Unity import audit,Requires Unity import audit,0,0,1,1,Assets/Furniture Mega Pack/Prefabs/Beds/Bed50.prefab,Search scene for MeshCollider refs,Requires Unity/scene object dependency audit,,Requires Unity audit,Requires Unity audit,,,Review,High visual/physics QA
Assets/LowPolyLivingRoomPack/ScenesDemo/LowPolyLivingRoomPack_Demo.fbx,417100,407.3 KB,Requires Unity import audit,Requires Unity import audit,Requires Unity import audit,Requires Unity import audit,Requires Unity import audit,Requires Unity import audit,0,0,1,1,Assets/LowPolyLivingRoomPack/ScenesDemo/LowPolyLivingRoomPack_Demo.prefab,Search scene for MeshCollider refs,Requires Unity/scene object dependency audit,,Requires Unity audit,Requires Unity audit,,,Review,High visual/physics QA
Assets/Idyllic Italian Coast Town/Meshes/Buildings/SM_building_modular_roof_1x1_02.fbx,411376,401.7 KB,Requires Unity import audit,Requires Unity import audit,Requires Unity import audit,Requires Unity import audit,Requires Unity import audit,Requires Unity import audit,0,0,1,1,Assets/Idyllic Italian Coast Town/Prefabs/Modular Pieces/SM_building_modular_roof_1x1_02.prefab,Search scene for MeshCollider refs,Requires Unity/scene object dependency audit,,Requires Unity audit,Requires Unity audit,,,Review,High visual/physics QA
Assets/Furniture Mega Pack/FBX/Bed/Bed14.fbx,408892,399.3 KB,Requires Unity import audit,Requires Unity import audit,Requires Unity import audit,Requires Unity import audit,Requires Unity import audit,Requires Unity import audit,0,0,1,1,Assets/Furniture Mega Pack/Prefabs/Beds/Bed14.prefab,Search scene for MeshCollider refs,Requires Unity/scene object dependency audit,,Requires Unity audit,Requires Unity audit,,,Review,High visual/physics QA
Assets/Idyllic Italian Coast Town/Meshes/Buildings/SM_building_modular_roof_1x1_03.fbx,406272,396.8 KB,Requires Unity import audit,Requires Unity import audit,Requires Unity import audit,Requires Unity import audit,Requires Unity import audit,Requires Unity import audit,0,0,1,1,Assets/Idyllic Italian Coast Town/Prefabs/Modular Pieces/SM_building_modular_roof_1x1_03.prefab,Search scene for MeshCollider refs,Requires Unity/scene object dependency audit,,Requires Unity audit,Requires Unity audit,,,Review,High visual/physics QA
Assets/Idyllic Italian Coast Town/Meshes/Buildings/SM_building_modular_roof_2x1_01.fbx,403056,393.6 KB,Requires Unity import audit,Requires Unity import audit,Requires Unity import audit,Requires Unity import audit,Requires Unity import audit,Requires Unity import audit,0,0,1,1,Assets/Idyllic Italian Coast Town/Prefabs/Modular Pieces/SM_building_modular_roof_2x1_01.prefab,Search scene for MeshCollider refs,Requires Unity/scene object dependency audit,,Requires Unity audit,Requires Unity audit,,,Review,High visual/physics QA
Assets/Animated Tropical Vegetation/Models/Small Trees/small_tree_4.fbx,401564,392.2 KB,Requires Unity import audit,Requires Unity import audit,Requires Unity import audit,Requires Unity import audit,Requires Unity import audit,Requires Unity import audit,0,0,1,1,Assets/Animated Tropical Vegetation/Models/Small Trees/small_tree_4.controller; Assets/Animated Tropical Vegetation/Prefabs/Animated/Small Trees/Small Tree 4.prefab; Assets/Animated Tropical Vegetation/Prefabs/Static/Small Trees/Small Tree 4.prefab,Search scene for MeshCollider refs,Requires Unity/scene object dependency audit,,Requires Unity audit,Requires Unity audit,,,Review,High visual/physics QA
Assets/Furniture Mega Pack/FBX/Chair/Chair18.fbx,400044,390.7 KB,Requires Unity import audit,Requires Unity import audit,Requires Unity import audit,Requires Unity import audit,Requires Unity import audit,Requires Unity import audit,0,0,1,1,Assets/Furniture Mega Pack/Prefabs/Chairs/Chair18.prefab,Search scene for MeshCollider refs,Requires Unity/scene object dependency audit,,Requires Unity audit,Requires Unity audit,,,Review,High visual/physics QA
Assets/Idyllic Italian Coast Town/Meshes/Buildings/SM_building_modular_roof_1x1_01.fbx,395472,386.2 KB,Requires Unity import audit,Requires Unity import audit,Requires Unity import audit,Requires Unity import audit,Requires Unity import audit,Requires Unity import audit,0,0,1,1,Assets/Idyllic Italian Coast Town/Prefabs/Modular Pieces/SM_building_modular_roof_1x1_01.prefab,Search scene for MeshCollider refs,Requires Unity/scene object dependency audit,,Requires Unity audit,Requires Unity audit,,,Review,High visual/physics QA
Assets/Idyllic Italian Coast Town/Meshes/Buildings/SM_building_modular_floor_2x1_01.fbx,393168,384.0 KB,Requires Unity import audit,Requires Unity import audit,Requires Unity import audit,Requires Unity import audit,Requires Unity import audit,Requires Unity import audit,0,0,1,1,Assets/Idyllic Italian Coast Town/Prefabs/Modular Pieces/SM_building_modular_floor_2x1_01.prefab,Search scene for MeshCollider refs,Requires Unity/scene object dependency audit,,Requires Unity audit,Requires Unity audit,,,Review,High visual/physics QA
Assets/Furniture Mega Pack/FBX/Chair/Chair44.fbx,386220,377.2 KB,Requires Unity import audit,Requires Unity import audit,Requires Unity import audit,Requires Unity import audit,Requires Unity import audit,Requires Unity import audit,0,0,1,1,Assets/Furniture Mega Pack/Prefabs/Chairs/Chair44.prefab,Search scene for MeshCollider refs,Requires Unity/scene object dependency audit,,Requires Unity audit,Requires Unity audit,,,Review,High visual/physics QA
Assets/Furniture Mega Pack/FBX/Chair/Chair27.fbx,379116,370.2 KB,Requires Unity import audit,Requires Unity import audit,Requires Unity import audit,Requires Unity import audit,Requires Unity import audit,Requires Unity import audit,0,0,1,1,Assets/Furniture Mega Pack/Prefabs/Chairs/Chair27.prefab,Search scene for MeshCollider refs,Requires Unity/scene object dependency audit,,Requires Unity audit,Requires Unity audit,,,Review,High visual/physics QA
Assets/Furniture Mega Pack/FBX/Table/Table17.fbx,366204,357.6 KB,Requires Unity import audit,Requires Unity import audit,Requires Unity import audit,Requires Unity import audit,Requires Unity import audit,Requires Unity import audit,0,0,1,1,Assets/Furniture Mega Pack/Prefabs/Tables/Table17.prefab,Search scene for MeshCollider refs,Requires Unity/scene object dependency audit,,Requires Unity audit,Requires Unity audit,,,Review,High visual/physics QA
Assets/Animated Tropical Vegetation/Models/Tropical Plant/tropical_plant.fbx,364332,355.8 KB,Requires Unity import audit,Requires Unity import audit,Requires Unity import audit,Requires Unity import audit,Requires Unity import audit,Requires Unity import audit,0,0,1,1,Assets/Animated Tropical Vegetation/Models/Tropical Plant/tropical_plant.controller; Assets/Animated Tropical Vegetation/Prefabs/Animated/Tropical Plant/Tropical Plant.prefab; Assets/Animated Tropical Vegetation/Prefabs/Static/Tropical Plant/Tropical Plant.prefab,Search scene for MeshCollider refs,Requires Unity/scene object dependency audit,,Requires Unity audit,Requires Unity audit,,,Review,High visual/physics QA
Assets/Furniture Mega Pack/FBX/Sofa/Sofa08.fbx,363340,354.8 KB,Requires Unity import audit,Requires Unity import audit,Requires Unity import audit,Requires Unity import audit,Requires Unity import audit,Requires Unity import audit,0,0,1,1,Assets/Furniture Mega Pack/Prefabs/Sofas/Sofa08.prefab,Search scene for MeshCollider refs,Requires Unity/scene object dependency audit,,Requires Unity audit,Requires Unity audit,,,Review,High visual/physics QA
Assets/Idyllic Italian Coast Town/Meshes/Buildings/SM_building_modular_1x1_03.fbx,359952,351.5 KB,Requires Unity import audit,Requires Unity import audit,Requires Unity import audit,Requires Unity import audit,Requires Unity import audit,Requires Unity import audit,0,0,1,1,Assets/Idyllic Italian Coast Town/Prefabs/Modular Pieces/SM_building_modular_1x1_03.prefab,Search scene for MeshCollider refs,Requires Unity/scene object dependency audit,,Requires Unity audit,Requires Unity audit,,,Review,High visual/physics QA
Assets/Furniture Mega Pack/FBX/Sofa/Sofa19.fbx,352284,344.0 KB,Requires Unity import audit,Requires Unity import audit,Requires Unity import audit,Requires Unity import audit,Requires Unity import audit,Requires Unity import audit,0,0,1,1,Assets/Furniture Mega Pack/Prefabs/Sofas/Sofa19.prefab,Search scene for MeshCollider refs,Requires Unity/scene object dependency audit,,Requires Unity audit,Requires Unity audit,,,Review,High visual/physics QA
Assets/Idyllic Italian Coast Town/Meshes/Buildings/SM_building_modular_1x1_02.fbx,352080,343.8 KB,Requires Unity import audit,Requires Unity import audit,Requires Unity import audit,Requires Unity import audit,Requires Unity import audit,Requires Unity import audit,0,0,1,1,Assets/Idyllic Italian Coast Town/Prefabs/Modular Pieces/SM_building_modular_1x1_02.prefab,Search scene for MeshCollider refs,Requires Unity/scene object dependency audit,,Requires Unity audit,Requires Unity audit,,,Review,High visual/physics QA
Assets/Idyllic Italian Coast Town/Meshes/Buildings/SM_building_modular_floor_1x1_03.fbx,352032,343.8 KB,Requires Unity import audit,Requires Unity import audit,Requires Unity import audit,Requires Unity import audit,Requires Unity import audit,Requires Unity import audit,0,0,1,1,Assets/Idyllic Italian Coast Town/Prefabs/Modular Pieces/SM_building_modular_floor_1x1_03.prefab,Search scene for MeshCollider refs,Requires Unity/scene object dependency audit,,Requires Unity audit,Requires Unity audit,,,Review,High visual/physics QA
Assets/Idyllic Italian Coast Town/Meshes/Buildings/SM_building_modular_1x1_01.fbx,350976,342.8 KB,Requires Unity import audit,Requires Unity import audit,Requires Unity import audit,Requires Unity import audit,Requires Unity import audit,Requires Unity import audit,0,0,1,1,Assets/Idyllic Italian Coast Town/Prefabs/Modular Pieces/SM_building_modular_1x1_01.prefab,Search scene for MeshCollider refs,Requires Unity/scene object dependency audit,,Requires Unity audit,Requires Unity audit,,,Review,High visual/physics QA
Assets/Furniture Mega Pack/FBX/Sofa/Sofa31.fbx,349084,340.9 KB,Requires Unity import audit,Requires Unity import audit,Requires Unity import audit,Requires Unity import audit,Requires Unity import audit,Requires Unity import audit,0,0,1,1,Assets/Furniture Mega Pack/Prefabs/Sofas/Sofa31.prefab,Search scene for MeshCollider refs,Requires Unity/scene object dependency audit,,Requires Unity audit,Requires Unity audit,,,Review,High visual/physics QA
Assets/DevDen Arch Viz Scotland/Models/Kitchen Room/kitchen_top.fbx,345824,337.7 KB,Requires Unity import audit,Requires Unity import audit,Requires Unity import audit,Requires Unity import audit,Requires Unity import audit,Requires Unity import audit,1,0,0,0,Assets/DevDen Arch Viz Scotland/Prefabs/Kitchen Room/Kitchen_Cabinet-1.prefab; Assets/DevDen Arch Viz Scotland/Scenes/ArchViz.unity,Search scene for MeshCollider refs,Requires Unity/scene object dependency audit,,Requires Unity audit,Requires Unity audit,,,Review,High visual/physics QA
Assets/Furniture Mega Pack/FBX/Chair/Chair42.fbx,344748,336.7 KB,Requires Unity import audit,Requires Unity import audit,Requires Unity import audit,Requires Unity import audit,Requires Unity import audit,Requires Unity import audit,0,0,1,1,Assets/Furniture Mega Pack/Prefabs/Chairs/Chair42.prefab,Search scene for MeshCollider refs,Requires Unity/scene object dependency audit,,Requires Unity audit,Requires Unity audit,,,Review,High visual/physics QA
Assets/BCaT_assets/BTMMP_Workstation_Assembly/blue-oil-barrel-with-lots-of-spray-paint-streaks/source/oil barrel1hig22low uv.fbx,342364,334.3 KB,Requires Unity import audit,Requires Unity import audit,Requires Unity import audit,Requires Unity import audit,Requires Unity import audit,Requires Unity import audit,0,0,1,1,Assets/BH_XR_MainScene.unity; Assets/_Recovery/0 (1).unity; Assets/_Recovery/0 (10).unity; Assets/_Recovery/0 (11).unity; Assets/_Recovery/0 (13).unity; Assets/_Recovery/0 (14).unity; Assets/_Recovery/0 (15).unity; Assets/_Recovery/0 (16).unity; Assets/_Recovery/0 (17).unity; Assets/_Recovery/0 (18).unity; Assets/_Recovery/0 (2).unity; Assets/_Recovery/0 (21).unity; Assets/_Recovery/0 (22).unity; Assets/_Recovery/0 (23).unity; Assets/_Recovery/0 (3).unity; Assets/_Recovery/0 (5).unity; Assets/_Recovery/0 (6).unity; Assets/_Recovery/0 (7).unity; Assets/_Recovery/0 (8).unity; Assets/_Recovery/0 (9).unity,Search scene for MeshCollider refs,Requires Unity/scene object dependency audit,,Requires Unity audit,Requires Unity audit,,,Review,High visual/physics QA
Assets/Furniture Mega Pack/FBX/Cushion/Cushion41_48.fbx,339292,331.3 KB,Requires Unity import audit,Requires Unity import audit,Requires Unity import audit,Requires Unity import audit,Requires Unity import audit,Requires Unity import audit,0,0,1,1,Assets/Furniture Mega Pack/Prefabs/Cushioins/Cushion41.prefab; Assets/Furniture Mega Pack/Prefabs/Cushioins/Cushion42.prefab; Assets/Furniture Mega Pack/Prefabs/Cushioins/Cushion43.prefab; Assets/Furniture Mega Pack/Prefabs/Cushioins/Cushion44.prefab; Assets/Furniture Mega Pack/Prefabs/Cushioins/Cushion45.prefab; Assets/Furniture Mega Pack/Prefabs/Cushioins/Cushion46.prefab; Assets/Furniture Mega Pack/Prefabs/Cushioins/Cushion47.prefab; Assets/Furniture Mega Pack/Prefabs/Cushioins/Cushion48.prefab,Search scene for MeshCollider refs,Requires Unity/scene object dependency audit,,Requires Unity audit,Requires Unity audit,,,Review,High visual/physics QA
Assets/Idyllic Italian Coast Town/Meshes/Buildings/SM_building_modular_floor_1x1_02.fbx,328144,320.5 KB,Requires Unity import audit,Requires Unity import audit,Requires Unity import audit,Requires Unity import audit,Requires Unity import audit,Requires Unity import audit,0,0,1,1,Assets/Idyllic Italian Coast Town/Prefabs/Modular Pieces/SM_building_modular_floor_1x1_02.prefab,Search scene for MeshCollider refs,Requires Unity/scene object dependency audit,,Requires Unity audit,Requires Unity audit,,,Review,High visual/physics QA
Assets/Furniture Mega Pack/FBX/Chair/Chair46.fbx,325612,318.0 KB,Requires Unity import audit,Requires Unity import audit,Requires Unity import audit,Requires Unity import audit,Requires Unity import audit,Requires Unity import audit,0,0,1,1,Assets/Furniture Mega Pack/Prefabs/Chairs/Chair46.prefab,Search scene for MeshCollider refs,Requires Unity/scene object dependency audit,,Requires Unity audit,Requires Unity audit,,,Review,High visual/physics QA
Assets/Furniture Mega Pack/FBX/Chair/Chair29.fbx,322556,315.0 KB,Requires Unity import audit,Requires Unity import audit,Requires Unity import audit,Requires Unity import audit,Requires Unity import audit,Requires Unity import audit,0,0,1,1,Assets/Furniture Mega Pack/Prefabs/Chairs/Chair29.prefab,Search scene for MeshCollider refs,Requires Unity/scene object dependency audit,,Requires Unity audit,Requires Unity audit,,,Review,High visual/physics QA
Assets/DevDen Arch Viz Scotland/Models/Common/socket.FBX,318176,310.7 KB,Requires Unity import audit,Requires Unity import audit,Requires Unity import audit,Requires Unity import audit,Requires Unity import audit,Requires Unity import audit,1,0,0,0,Assets/DevDen Arch Viz Scotland/Prefabs/Common/Switch&Socket .prefab; Assets/DevDen Arch Viz Scotland/Scenes/ArchViz.unity,Search scene for MeshCollider refs,Requires Unity/scene object dependency audit,,Requires Unity audit,Requires Unity audit,,,Review,High visual/physics QA
Assets/Furniture Mega Pack/FBX/Sofa/Sofa18.fbx,317516,310.1 KB,Requires Unity import audit,Requires Unity import audit,Requires Unity import audit,Requires Unity import audit,Requires Unity import audit,Requires Unity import audit,0,0,1,1,Assets/Furniture Mega Pack/Prefabs/Sofas/Sofa18.prefab,Search scene for MeshCollider refs,Requires Unity/scene object dependency audit,,Requires Unity audit,Requires Unity audit,,,Review,High visual/physics QA
Assets/Samples/XR Interaction Toolkit/3.3.1/Starter Assets/Models/UniversalController.fbx,317024,309.6 KB,Requires Unity import audit,Requires Unity import audit,Requires Unity import audit,Requires Unity import audit,Requires Unity import audit,Requires Unity import audit,0,0,1,1,Assets/Samples/XR Interaction Toolkit/3.3.1/Starter Assets/Prefabs/Controllers/XR Controller Left.prefab; Assets/Samples/XR Interaction Toolkit/3.3.1/Starter Assets/Prefabs/Controllers/XR Controller Right.prefab,Search scene for MeshCollider refs,Requires Unity/scene object dependency audit,,Requires Unity audit,Requires Unity audit,,,Review,High visual/physics QA
Assets/Furniture Mega Pack/FBX/Cushion/Cushion17_24.fbx,315404,308.0 KB,Requires Unity import audit,Requires Unity import audit,Requires Unity import audit,Requires Unity import audit,Requires Unity import audit,Requires Unity import audit,0,0,1,1,Assets/Furniture Mega Pack/Prefabs/Cushioins/Cushion17.prefab; Assets/Furniture Mega Pack/Prefabs/Cushioins/Cushion18.prefab; Assets/Furniture Mega Pack/Prefabs/Cushioins/Cushion19.prefab; Assets/Furniture Mega Pack/Prefabs/Cushioins/Cushion20.prefab; Assets/Furniture Mega Pack/Prefabs/Cushioins/Cushion21.prefab; Assets/Furniture Mega Pack/Prefabs/Cushioins/Cushion22.prefab; Assets/Furniture Mega Pack/Prefabs/Cushioins/Cushion23.prefab; Assets/Furniture Mega Pack/Prefabs/Cushioins/Cushion24.prefab,Search scene for MeshCollider refs,Requires Unity/scene object dependency audit,,Requires Unity audit,Requires Unity audit,,,Review,High visual/physics QA
Assets/Idyllic Italian Coast Town/Meshes/Buildings/SM_building_tower.fbx,302992,295.9 KB,Requires Unity import audit,Requires Unity import audit,Requires Unity import audit,Requires Unity import audit,Requires Unity import audit,Requires Unity import audit,0,0,1,1,Assets/Idyllic Italian Coast Town/Prefabs/Buildings/SM_building_tower (1).prefab; Assets/Idyllic Italian Coast Town/Prefabs/Buildings/SM_building_tower.prefab,Search scene for MeshCollider refs,Requires Unity/scene object dependency audit,,Requires Unity audit,Requires Unity audit,,,Review,High visual/physics QA
Assets/BCaT_assets/BTMMP_Workstation_Assembly/camera-canon-eos-400d/source/Cilindro low-bajo.fbx,292192,285.3 KB,Requires Unity import audit,Requires Unity import audit,Requires Unity import audit,Requires Unity import audit,Requires Unity import audit,Requires Unity import audit,0,0,1,1,Assets/BH_XR_MainScene.unity; Assets/_Recovery/0 (1).unity; Assets/_Recovery/0 (10).unity; Assets/_Recovery/0 (11).unity; Assets/_Recovery/0 (13).unity; Assets/_Recovery/0 (14).unity; Assets/_Recovery/0 (15).unity; Assets/_Recovery/0 (16).unity; Assets/_Recovery/0 (17).unity; Assets/_Recovery/0 (18).unity; Assets/_Recovery/0 (2).unity; Assets/_Recovery/0 (21).unity; Assets/_Recovery/0 (22).unity; Assets/_Recovery/0 (23).unity; Assets/_Recovery/0 (3).unity; Assets/_Recovery/0 (5).unity; Assets/_Recovery/0 (6).unity; Assets/_Recovery/0 (7).unity; Assets/_Recovery/0 (8).unity; Assets/_Recovery/0 (9).unity,Search scene for MeshCollider refs,Requires Unity/scene object dependency audit,,Requires Unity audit,Requires Unity audit,,,Review,High visual/physics QA
Assets/Furniture Mega Pack/FBX/Cushion/Cushion01_08.fbx,290924,284.1 KB,Requires Unity import audit,Requires Unity import audit,Requires Unity import audit,Requires Unity import audit,Requires Unity import audit,Requires Unity import audit,0,0,1,1,Assets/Furniture Mega Pack/Prefabs/Cushioins/Cushion01.prefab; Assets/Furniture Mega Pack/Prefabs/Cushioins/Cushion02.prefab; Assets/Furniture Mega Pack/Prefabs/Cushioins/Cushion03.prefab; Assets/Furniture Mega Pack/Prefabs/Cushioins/Cushion04.prefab; Assets/Furniture Mega Pack/Prefabs/Cushioins/Cushion05.prefab; Assets/Furniture Mega Pack/Prefabs/Cushioins/Cushion06.prefab; Assets/Furniture Mega Pack/Prefabs/Cushioins/Cushion07.prefab; Assets/Furniture Mega Pack/Prefabs/Cushioins/Cushion08.prefab,Search scene for MeshCollider refs,Requires Unity/scene object dependency audit,,Requires Unity audit,Requires Unity audit,,,Review,High visual/physics QA
Assets/Furniture Mega Pack/FBX/Chair/Chair39.fbx,285516,278.8 KB,Requires Unity import audit,Requires Unity import audit,Requires Unity import audit,Requires Unity import audit,Requires Unity import audit,Requires Unity import audit,0,0,1,1,Assets/Furniture Mega Pack/Prefabs/Chairs/Chair39.prefab,Search scene for MeshCollider refs,Requires Unity/scene object dependency audit,,Requires Unity audit,Requires Unity audit,,,Review,High visual/physics QA
Assets/Furniture Mega Pack/FBX/Kitchen/CabinetBset.fbx,283532,276.9 KB,Requires Unity import audit,Requires Unity import audit,Requires Unity import audit,Requires Unity import audit,Requires Unity import audit,Requires Unity import audit,0,0,1,1,Assets/Furniture Mega Pack/Prefabs/Kitchen/CabinetB01.prefab; Assets/Furniture Mega Pack/Prefabs/Kitchen/CabinetB02.prefab; Assets/Furniture Mega Pack/Prefabs/Kitchen/CabinetB03.prefab; Assets/Furniture Mega Pack/Prefabs/Kitchen/CabinetB04.prefab; Assets/Furniture Mega Pack/Prefabs/Kitchen/CabinetB05.prefab; Assets/Furniture Mega Pack/Prefabs/Kitchen/CabinetB06.prefab; Assets/Furniture Mega Pack/Prefabs/Kitchen/CabinetB07.prefab; Assets/Furniture Mega Pack/Prefabs/Kitchen/CabinetBCorner01.prefab; Assets/Furniture Mega Pack/Prefabs/Kitchen/CabinetBCorner02.prefab; Assets/Furniture Mega Pack/Prefabs/Kitchen/CabinetB_Sink.prefab,Search scene for MeshCollider refs,Requires Unity/scene object dependency audit,,Requires Unity audit,Requires Unity audit,,,Review,High visual/physics QA
Assets/Idyllic Italian Coast Town/Meshes/Props/SM_rooftiles.fbx,281904,275.3 KB,Requires Unity import audit,Requires Unity import audit,Requires Unity import audit,Requires Unity import audit,Requires Unity import audit,Requires Unity import audit,0,0,1,1,Assets/Idyllic Italian Coast Town/Prefabs/Modular Pieces/SM_rooftiles.prefab,Search scene for MeshCollider refs,Requires Unity/scene object dependency audit,,Requires Unity audit,Requires Unity audit,,,Review,High visual/physics QA
Assets/Idyllic Italian Coast Town/Meshes/Buildings/SM_building_modular_floor_2x1_03.fbx,281840,275.2 KB,Requires Unity import audit,Requires Unity import audit,Requires Unity import audit,Requires Unity import audit,Requires Unity import audit,Requires Unity import audit,0,0,1,1,Assets/Idyllic Italian Coast Town/Prefabs/Modular Pieces/SM_building_modular_floor_2x1_03.prefab,Search scene for MeshCollider refs,Requires Unity/scene object dependency audit,,Requires Unity audit,Requires Unity audit,,,Review,High visual/physics QA
Assets/Furniture Mega Pack/FBX/Chair/Chair13.fbx,281020,274.4 KB,Requires Unity import audit,Requires Unity import audit,Requires Unity import audit,Requires Unity import audit,Requires Unity import audit,Requires Unity import audit,0,0,1,1,Assets/Furniture Mega Pack/Prefabs/Chairs/Chair13.prefab,Search scene for MeshCollider refs,Requires Unity/scene object dependency audit,,Requires Unity audit,Requires Unity audit,,,Review,High visual/physics QA
Assets/Furniture Mega Pack/FBX/Chair/Chair04.fbx,279068,272.5 KB,Requires Unity import audit,Requires Unity import audit,Requires Unity import audit,Requires Unity import audit,Requires Unity import audit,Requires Unity import audit,0,0,1,1,Assets/Furniture Mega Pack/Prefabs/Chairs/Chair04.prefab,Search scene for MeshCollider refs,Requires Unity/scene object dependency audit,,Requires Unity audit,Requires Unity audit,,,Review,High visual/physics QA
Assets/Furniture Mega Pack/FBX/Sofa/Sofa06.fbx,275868,269.4 KB,Requires Unity import audit,Requires Unity import audit,Requires Unity import audit,Requires Unity import audit,Requires Unity import audit,Requires Unity import audit,0,0,1,1,Assets/Furniture Mega Pack/Prefabs/Sofas/Sofa06.prefab,Search scene for MeshCollider refs,Requires Unity/scene object dependency audit,,Requires Unity audit,Requires Unity audit,,,Review,High visual/physics QA
Assets/Furniture Mega Pack/FBX/Cushion/Cushion09_16.fbx,272604,266.2 KB,Requires Unity import audit,Requires Unity import audit,Requires Unity import audit,Requires Unity import audit,Requires Unity import audit,Requires Unity import audit,0,0,1,1,Assets/Furniture Mega Pack/Prefabs/Cushioins/Cushion09.prefab; Assets/Furniture Mega Pack/Prefabs/Cushioins/Cushion10.prefab; Assets/Furniture Mega Pack/Prefabs/Cushioins/Cushion11.prefab; Assets/Furniture Mega Pack/Prefabs/Cushioins/Cushion12.prefab; Assets/Furniture Mega Pack/Prefabs/Cushioins/Cushion13.prefab; Assets/Furniture Mega Pack/Prefabs/Cushioins/Cushion14.prefab; Assets/Furniture Mega Pack/Prefabs/Cushioins/Cushion15.prefab; Assets/Furniture Mega Pack/Prefabs/Cushioins/Cushion16.prefab,Search scene for MeshCollider refs,Requires Unity/scene object dependency audit,,Requires Unity audit,Requires Unity audit,,,Review,High visual/physics QA
Assets/Furniture Mega Pack/FBX/Chair/Chair17.fbx,271676,265.3 KB,Requires Unity import audit,Requires Unity import audit,Requires Unity import audit,Requires Unity import audit,Requires Unity import audit,Requires Unity import audit,0,0,1,1,Assets/Furniture Mega Pack/Prefabs/Chairs/Chair17.prefab,Search scene for MeshCollider refs,Requires Unity/scene object dependency audit,,Requires Unity audit,Requires Unity audit,,,Review,High visual/physics QA
Assets/Furniture Mega Pack/FBX/Chair/Chair36.fbx,271548,265.2 KB,Requires Unity import audit,Requires Unity import audit,Requires Unity import audit,Requires Unity import audit,Requires Unity import audit,Requires Unity import audit,0,0,1,1,Assets/Furniture Mega Pack/Prefabs/Chairs/Chair36.prefab,Search scene for MeshCollider refs,Requires Unity/scene object dependency audit,,Requires Unity audit,Requires Unity audit,,,Review,High visual/physics QA
Assets/Furniture Mega Pack/FBX/Chair/Chair32.fbx,270060,263.7 KB,Requires Unity import audit,Requires Unity import audit,Requires Unity import audit,Requires Unity import audit,Requires Unity import audit,Requires Unity import audit,0,0,1,1,Assets/Furniture Mega Pack/Prefabs/Chairs/Chair32.prefab,Search scene for MeshCollider refs,Requires Unity/scene object dependency audit,,Requires Unity audit,Requires Unity audit,,,Review,High visual/physics QA
Assets/Furniture Mega Pack/FBX/Sofa/Sofa36.fbx,268268,262.0 KB,Requires Unity import audit,Requires Unity import audit,Requires Unity import audit,Requires Unity import audit,Requires Unity import audit,Requires Unity import audit,0,0,1,1,Assets/Furniture Mega Pack/Prefabs/Sofas/Sofa36.prefab,Search scene for MeshCollider refs,Requires Unity/scene object dependency audit,,Requires Unity audit,Requires Unity audit,,,Review,High visual/physics QA
Assets/Furniture Mega Pack/FBX/Drawer/Drawer24.fbx,265596,259.4 KB,Requires Unity import audit,Requires Unity import audit,Requires Unity import audit,Requires Unity import audit,Requires Unity import audit,Requires Unity import audit,0,0,1,1,Assets/Furniture Mega Pack/Prefabs/Drawers/Drawer24.prefab,Search scene for MeshCollider refs,Requires Unity/scene object dependency audit,,Requires Unity audit,Requires Unity audit,,,Review,High visual/physics QA
Assets/Furniture Mega Pack/FBX/Drawer/Drawer26.fbx,265100,258.9 KB,Requires Unity import audit,Requires Unity import audit,Requires Unity import audit,Requires Unity import audit,Requires Unity import audit,Requires Unity import audit,0,0,1,1,Assets/Furniture Mega Pack/Prefabs/Drawers/Drawer26.prefab,Search scene for MeshCollider refs,Requires Unity/scene object dependency audit,,Requires Unity audit,Requires Unity audit,,,Review,High visual/physics QA
Assets/Furniture Mega Pack/FBX/Drawer/Drawer25.fbx,264940,258.7 KB,Requires Unity import audit,Requires Unity import audit,Requires Unity import audit,Requires Unity import audit,Requires Unity import audit,Requires Unity import audit,0,0,1,1,Assets/Furniture Mega Pack/Prefabs/Drawers/Drawer25.prefab,Search scene for MeshCollider refs,Requires Unity/scene object dependency audit,,Requires Unity audit,Requires Unity audit,,,Review,High visual/physics QA
Assets/DevDen Arch Viz Scotland/Models/Bed Room/bed_1.fbx,260544,254.4 KB,Requires Unity import audit,Requires Unity import audit,Requires Unity import audit,Requires Unity import audit,Requires Unity import audit,Requires Unity import audit,1,0,0,0,Assets/DevDen Arch Viz Scotland/Prefabs/Bed Room/Bed.prefab; Assets/DevDen Arch Viz Scotland/Scenes/ArchViz.unity,Search scene for MeshCollider refs,Requires Unity/scene object dependency audit,,Requires Unity audit,Requires Unity audit,,,Review,High visual/physics QA
Assets/DevDen Arch Viz Scotland/Models/Environment/archviz.fbx,259296,253.2 KB,Requires Unity import audit,Requires Unity import audit,Requires Unity import audit,Requires Unity import audit,Requires Unity import audit,Requires Unity import audit,0,0,1,1,Assets/DevDen Arch Viz Scotland/Prefabs/Environment/archviz.prefab; Assets/DevDen Arch Viz Scotland/Scenes/ArchViz.unity,Search scene for MeshCollider refs,Requires Unity/scene object dependency audit,,Requires Unity audit,Requires Unity audit,,,Review,High visual/physics QA
Assets/Furniture Mega Pack/FBX/Bathroom/Toilet01.fbx,256924,250.9 KB,Requires Unity import audit,Requires Unity import audit,Requires Unity import audit,Requires Unity import audit,Requires Unity import audit,Requires Unity import audit,0,0,1,1,Assets/Furniture Mega Pack/Prefabs/Bathroom/Toilet01.prefab,Search scene for MeshCollider refs,Requires Unity/scene object dependency audit,,Requires Unity audit,Requires Unity audit,,,Review,High visual/physics QA
Assets/Furniture Mega Pack/FBX/Bathroom/Toilet02.fbx,256076,250.1 KB,Requires Unity import audit,Requires Unity import audit,Requires Unity import audit,Requires Unity import audit,Requires Unity import audit,Requires Unity import audit,0,0,1,1,Assets/Furniture Mega Pack/Prefabs/Bathroom/Toilet02.prefab,Search scene for MeshCollider refs,Requires Unity/scene object dependency audit,,Requires Unity audit,Requires Unity audit,,,Review,High visual/physics QA
Assets/Furniture Mega Pack/FBX/Sofa/Sofa20.fbx,249500,243.7 KB,Requires Unity import audit,Requires Unity import audit,Requires Unity import audit,Requires Unity import audit,Requires Unity import audit,Requires Unity import audit,0,0,1,1,Assets/Furniture Mega Pack/Prefabs/Sofas/Sofa20.prefab,Search scene for MeshCollider refs,Requires Unity/scene object dependency audit,,Requires Unity audit,Requires Unity audit,,,Review,High visual/physics QA
Assets/Furniture Mega Pack/FBX/Chair/Chair47.fbx,247340,241.5 KB,Requires Unity import audit,Requires Unity import audit,Requires Unity import audit,Requires Unity import audit,Requires Unity import audit,Requires Unity import audit,0,0,1,1,Assets/Furniture Mega Pack/Prefabs/Chairs/Chair47.prefab,Search scene for MeshCollider refs,Requires Unity/scene object dependency audit,,Requires Unity audit,Requires Unity audit,,,Review,High visual/physics QA
Assets/Furniture Mega Pack/FBX/Bathroom/ShowerSystem01.fbx,246316,240.5 KB,Requires Unity import audit,Requires Unity import audit,Requires Unity import audit,Requires Unity import audit,Requires Unity import audit,Requires Unity import audit,0,0,1,1,Assets/Furniture Mega Pack/Prefabs/Bathroom/ShowerSystem01.prefab,Search scene for MeshCollider refs,Requires Unity/scene object dependency audit,,Requires Unity audit,Requires Unity audit,,,Review,High visual/physics QA
Assets/Furniture Mega Pack/FBX/Sofa/Sofa09.fbx,241772,236.1 KB,Requires Unity import audit,Requires Unity import audit,Requires Unity import audit,Requires Unity import audit,Requires Unity import audit,Requires Unity import audit,0,0,1,1,Assets/Furniture Mega Pack/Prefabs/Sofas/Sofa09.prefab,Search scene for MeshCollider refs,Requires Unity/scene object dependency audit,,Requires Unity audit,Requires Unity audit,,,Review,High visual/physics QA
Assets/Furniture Mega Pack/FBX/Kitchen/CabinetCset.fbx,241564,235.9 KB,Requires Unity import audit,Requires Unity import audit,Requires Unity import audit,Requires Unity import audit,Requires Unity import audit,Requires Unity import audit,0,0,1,1,Assets/Furniture Mega Pack/Prefabs/Kitchen/CabinetC01.prefab; Assets/Furniture Mega Pack/Prefabs/Kitchen/CabinetC02.prefab; Assets/Furniture Mega Pack/Prefabs/Kitchen/CabinetC03.prefab; Assets/Furniture Mega Pack/Prefabs/Kitchen/CabinetC04.prefab; Assets/Furniture Mega Pack/Prefabs/Kitchen/CabinetC05.prefab; Assets/Furniture Mega Pack/Prefabs/Kitchen/CabinetC06.prefab; Assets/Furniture Mega Pack/Prefabs/Kitchen/CabinetC07.prefab; Assets/Furniture Mega Pack/Prefabs/Kitchen/CabinetCCorner01.prefab; Assets/Furniture Mega Pack/Prefabs/Kitchen/CabinetCCorner02.prefab; Assets/Furniture Mega Pack/Prefabs/Kitchen/CabinetC_Sink.prefab,Search scene for MeshCollider refs,Requires Unity/scene object dependency audit,,Requires Unity audit,Requires Unity audit,,,Review,High visual/physics QA
Assets/Furniture Mega Pack/FBX/Sofa/Sofa32.fbx,240636,235.0 KB,Requires Unity import audit,Requires Unity import audit,Requires Unity import audit,Requires Unity import audit,Requires Unity import audit,Requires Unity import audit,0,0,1,1,Assets/Furniture Mega Pack/Prefabs/Sofas/Sofa32.prefab,Search scene for MeshCollider refs,Requires Unity/scene object dependency audit,,Requires Unity audit,Requires Unity audit,,,Review,High visual/physics QA
Assets/Furniture Mega Pack/FBX/Cushion/Cushion29_36.fbx,240092,234.5 KB,Requires Unity import audit,Requires Unity import audit,Requires Unity import audit,Requires Unity import audit,Requires Unity import audit,Requires Unity import audit,0,0,1,1,Assets/Furniture Mega Pack/Prefabs/Cushioins/Cushion29.prefab; Assets/Furniture Mega Pack/Prefabs/Cushioins/Cushion30.prefab; Assets/Furniture Mega Pack/Prefabs/Cushioins/Cushion31.prefab; Assets/Furniture Mega Pack/Prefabs/Cushioins/Cushion32.prefab; Assets/Furniture Mega Pack/Prefabs/Cushioins/Cushion33.prefab; Assets/Furniture Mega Pack/Prefabs/Cushioins/Cushion34.prefab; Assets/Furniture Mega Pack/Prefabs/Cushioins/Cushion35.prefab; Assets/Furniture Mega Pack/Prefabs/Cushioins/Cushion36.prefab,Search scene for MeshCollider refs,Requires Unity/scene object dependency audit,,Requires Unity audit,Requires Unity audit,,,Review,High visual/physics QA
Assets/Furniture Mega Pack/FBX/Table/Table16.fbx,237276,231.7 KB,Requires Unity import audit,Requires Unity import audit,Requires Unity import audit,Requires Unity import audit,Requires Unity import audit,Requires Unity import audit,0,0,1,1,Assets/Furniture Mega Pack/Prefabs/Tables/Table16.prefab,Search scene for MeshCollider refs,Requires Unity/scene object dependency audit,,Requires Unity audit,Requires Unity audit,,,Review,High visual/physics QA
Assets/Furniture Mega Pack/FBX/Table/Table46.fbx,237228,231.7 KB,Requires Unity import audit,Requires Unity import audit,Requires Unity import audit,Requires Unity import audit,Requires Unity import audit,Requires Unity import audit,0,0,1,1,Assets/Furniture Mega Pack/Prefabs/Tables/Table46.prefab,Search scene for MeshCollider refs,Requires Unity/scene object dependency audit,,Requires Unity audit,Requires Unity audit,,,Review,High visual/physics QA
Assets/Furniture Mega Pack/FBX/Sofa/Sofa27.fbx,235996,230.5 KB,Requires Unity import audit,Requires Unity import audit,Requires Unity import audit,Requires Unity import audit,Requires Unity import audit,Requires Unity import audit,0,0,1,1,Assets/Furniture Mega Pack/Prefabs/Sofas/Sofa27.prefab,Search scene for MeshCollider refs,Requires Unity/scene object dependency audit,,Requires Unity audit,Requires Unity audit,,,Review,High visual/physics QA
Assets/IgniteCoders/Simple Water Shader/Resources/WaterBlock_50m.mesh,235447,229.9 KB,Requires Unity import audit,Requires Unity import audit,Requires Unity import audit,Requires Unity import audit,Requires Unity import audit,Requires Unity import audit,,,,,Assets/IgniteCoders/Simple Water Shader/Prefabs/WaterBlock_50m.prefab; Assets/_Recovery/0.unity; Resources folder inclusion,Search scene for MeshCollider refs,Requires Unity/scene object dependency audit,,Requires Unity audit,Requires Unity audit,,,Review,High visual/physics QA
Assets/My_Custom/cake_display.glb,227828,222.5 KB,Requires Unity import audit,Requires Unity import audit,Requires Unity import audit,Requires Unity import audit,Requires Unity import audit,Requires Unity import audit,Enabled,,,,Assets/BH_XR_MainScene.unity; Assets/_Recovery/0 (14).unity; Assets/_Recovery/0 (15).unity; Assets/_Recovery/0 (16).unity; Assets/_Recovery/0 (17).unity; Assets/_Recovery/0 (18).unity; Assets/_Recovery/0 (21).unity; Assets/_Recovery/0 (22).unity; Assets/_Recovery/0 (23).unity,Search scene for MeshCollider refs,Requires Unity/scene object dependency audit,,Requires Unity audit,Requires Unity audit,Likely embedded buffer/textures,"JSON:3816; BIN:223984",Review,High visual/physics QA
Assets/Furniture Mega Pack/FBX/Chair/Chair43.fbx,224508,219.2 KB,Requires Unity import audit,Requires Unity import audit,Requires Unity import audit,Requires Unity import audit,Requires Unity import audit,Requires Unity import audit,0,0,1,1,Assets/Furniture Mega Pack/Prefabs/Chairs/Chair43.prefab,Search scene for MeshCollider refs,Requires Unity/scene object dependency audit,,Requires Unity audit,Requires Unity audit,,,Review,High visual/physics QA
Assets/Furniture Mega Pack/FBX/Chair/Chair31.fbx,224220,219.0 KB,Requires Unity import audit,Requires Unity import audit,Requires Unity import audit,Requires Unity import audit,Requires Unity import audit,Requires Unity import audit,0,0,1,1,Assets/Furniture Mega Pack/Prefabs/Chairs/Chair31.prefab,Search scene for MeshCollider refs,Requires Unity/scene object dependency audit,,Requires Unity audit,Requires Unity audit,,,Review,High visual/physics QA
Assets/Furniture Mega Pack/FBX/Chair/Chair19.fbx,223836,218.6 KB,Requires Unity import audit,Requires Unity import audit,Requires Unity import audit,Requires Unity import audit,Requires Unity import audit,Requires Unity import audit,0,0,1,1,Assets/Furniture Mega Pack/Prefabs/Chairs/Chair19.prefab,Search scene for MeshCollider refs,Requires Unity/scene object dependency audit,,Requires Unity audit,Requires Unity audit,,,Review,High visual/physics QA
Assets/Furniture Mega Pack/FBX/Table/Table14.fbx,222956,217.7 KB,Requires Unity import audit,Requires Unity import audit,Requires Unity import audit,Requires Unity import audit,Requires Unity import audit,Requires Unity import audit,0,0,1,1,Assets/Furniture Mega Pack/Prefabs/Tables/Table14.prefab,Search scene for MeshCollider refs,Requires Unity/scene object dependency audit,,Requires Unity audit,Requires Unity audit,,,Review,High visual/physics QA
Assets/Furniture Mega Pack/FBX/Bathroom/Toilet03.fbx,209532,204.6 KB,Requires Unity import audit,Requires Unity import audit,Requires Unity import audit,Requires Unity import audit,Requires Unity import audit,Requires Unity import audit,0,0,1,1,Assets/Furniture Mega Pack/Prefabs/Bathroom/Toilet03.prefab,Search scene for MeshCollider refs,Requires Unity/scene object dependency audit,,Requires Unity audit,Requires Unity audit,,,Review,High visual/physics QA
Assets/Furniture Mega Pack/FBX/Sofa/Sofa04.fbx,209356,204.4 KB,Requires Unity import audit,Requires Unity import audit,Requires Unity import audit,Requires Unity import audit,Requires Unity import audit,Requires Unity import audit,0,0,1,1,Assets/Furniture Mega Pack/Prefabs/Sofas/Sofa04.prefab,Search scene for MeshCollider refs,Requires Unity/scene object dependency audit,,Requires Unity audit,Requires Unity audit,,,Review,High visual/physics QA
Assets/Furniture Mega Pack/FBX/Bathroom/Toilet05.fbx,207980,203.1 KB,Requires Unity import audit,Requires Unity import audit,Requires Unity import audit,Requires Unity import audit,Requires Unity import audit,Requires Unity import audit,0,0,1,1,Assets/Furniture Mega Pack/Prefabs/Bathroom/Toilet05.prefab,Search scene for MeshCollider refs,Requires Unity/scene object dependency audit,,Requires Unity audit,Requires Unity audit,,,Review,High visual/physics QA
Assets/Furniture Mega Pack/FBX/Chair/Chair06.fbx,206252,201.4 KB,Requires Unity import audit,Requires Unity import audit,Requires Unity import audit,Requires Unity import audit,Requires Unity import audit,Requires Unity import audit,0,0,1,1,Assets/Furniture Mega Pack/Prefabs/Chairs/Chair06.prefab,Search scene for MeshCollider refs,Requires Unity/scene object dependency audit,,Requires Unity audit,Requires Unity audit,,,Review,High visual/physics QA
Assets/Furniture Mega Pack/FBX/Table/Table24.fbx,204700,199.9 KB,Requires Unity import audit,Requires Unity import audit,Requires Unity import audit,Requires Unity import audit,Requires Unity import audit,Requires Unity import audit,0,0,1,1,Assets/Furniture Mega Pack/Prefabs/Tables/Table24.prefab,Search scene for MeshCollider refs,Requires Unity/scene object dependency audit,,Requires Unity audit,Requires Unity audit,,,Review,High visual/physics QA
Assets/DevDen Arch Viz Scotland/Models/Study Room/LightTable06_1.FBX,203440,198.7 KB,Requires Unity import audit,Requires Unity import audit,Requires Unity import audit,Requires Unity import audit,Requires Unity import audit,Requires Unity import audit,1,0,0,0,Assets/DevDen Arch Viz Scotland/Prefabs/Study Room/StudyRoom Table Lamp.prefab; Assets/DevDen Arch Viz Scotland/Scenes/ArchViz.unity,Search scene for MeshCollider refs,Requires Unity/scene object dependency audit,,Requires Unity audit,Requires Unity audit,,,Review,High visual/physics QA
Assets/Furniture Mega Pack/FBX/Cushion/Cushion25_28.fbx,203388,198.6 KB,Requires Unity import audit,Requires Unity import audit,Requires Unity import audit,Requires Unity import audit,Requires Unity import audit,Requires Unity import audit,0,0,1,1,Assets/Furniture Mega Pack/Prefabs/Cushioins/Cushion25.prefab; Assets/Furniture Mega Pack/Prefabs/Cushioins/Cushion26.prefab; Assets/Furniture Mega Pack/Prefabs/Cushioins/Cushion27.prefab; Assets/Furniture Mega Pack/Prefabs/Cushioins/Cushion28.prefab,Search scene for MeshCollider refs,Requires Unity/scene object dependency audit,,Requires Unity audit,Requires Unity audit,,,Review,High visual/physics QA
Assets/Furniture Mega Pack/FBX/Table/Table45.fbx,203036,198.3 KB,Requires Unity import audit,Requires Unity import audit,Requires Unity import audit,Requires Unity import audit,Requires Unity import audit,Requires Unity import audit,0,0,1,1,Assets/Furniture Mega Pack/Prefabs/Tables/Table45.prefab,Search scene for MeshCollider refs,Requires Unity/scene object dependency audit,,Requires Unity audit,Requires Unity audit,,,Review,High visual/physics QA
Assets/Furniture Mega Pack/FBX/Bathroom/ShowerSystem02.fbx,201468,196.7 KB,Requires Unity import audit,Requires Unity import audit,Requires Unity import audit,Requires Unity import audit,Requires Unity import audit,Requires Unity import audit,0,0,1,1,Assets/Furniture Mega Pack/Prefabs/Bathroom/ShowerSystem02.prefab,Search scene for MeshCollider refs,Requires Unity/scene object dependency audit,,Requires Unity audit,Requires Unity audit,,,Review,High visual/physics QA
Assets/Idyllic Italian Coast Town/Meshes/Props/SM_tree_01.fbx,200272,195.6 KB,Requires Unity import audit,Requires Unity import audit,Requires Unity import audit,Requires Unity import audit,Requires Unity import audit,Requires Unity import audit,0,0,1,1,Assets/Idyllic Italian Coast Town/Prefabs/Props/SM_tree_01.prefab,Search scene for MeshCollider refs,Requires Unity/scene object dependency audit,,Requires Unity audit,Requires Unity audit,,,Review,High visual/physics QA
Assets/Furniture Mega Pack/FBX/Bathroom/ShowerSystem03.fbx,200044,195.4 KB,Requires Unity import audit,Requires Unity import audit,Requires Unity import audit,Requires Unity import audit,Requires Unity import audit,Requires Unity import audit,0,0,1,1,Assets/Furniture Mega Pack/Prefabs/Bathroom/ShowerSystem03.prefab,Search scene for MeshCollider refs,Requires Unity/scene object dependency audit,,Requires Unity audit,Requires Unity audit,,,Review,High visual/physics QA
Assets/Furniture Mega Pack/FBX/Sofa/Sofa22.fbx,198956,194.3 KB,Requires Unity import audit,Requires Unity import audit,Requires Unity import audit,Requires Unity import audit,Requires Unity import audit,Requires Unity import audit,0,0,1,1,Assets/Furniture Mega Pack/Prefabs/Sofas/Sofa22.prefab,Search scene for MeshCollider refs,Requires Unity/scene object dependency audit,,Requires Unity audit,Requires Unity audit,,,Review,High visual/physics QA
Assets/Idyllic Italian Coast Town/Meshes/Props/SM_balcony_01.fbx,198096,193.5 KB,Requires Unity import audit,Requires Unity import audit,Requires Unity import audit,Requires Unity import audit,Requires Unity import audit,Requires Unity import audit,0,0,1,1,Assets/Idyllic Italian Coast Town/Prefabs/Props/SM_balcony_01.prefab,Search scene for MeshCollider refs,Requires Unity/scene object dependency audit,,Requires Unity audit,Requires Unity audit,,,Review,High visual/physics QA
Assets/Furniture Mega Pack/FBX/Sofa/Sofa26.fbx,194972,190.4 KB,Requires Unity import audit,Requires Unity import audit,Requires Unity import audit,Requires Unity import audit,Requires Unity import audit,Requires Unity import audit,0,0,1,1,Assets/Furniture Mega Pack/Prefabs/Sofas/Sofa26.prefab,Search scene for MeshCollider refs,Requires Unity/scene object dependency audit,,Requires Unity audit,Requires Unity audit,,,Review,High visual/physics QA
Assets/Furniture Mega Pack/FBX/Table/Table19.fbx,192540,188.0 KB,Requires Unity import audit,Requires Unity import audit,Requires Unity import audit,Requires Unity import audit,Requires Unity import audit,Requires Unity import audit,0,0,1,1,Assets/Furniture Mega Pack/Prefabs/Tables/Table19.prefab,Search scene for MeshCollider refs,Requires Unity/scene object dependency audit,,Requires Unity audit,Requires Unity audit,,,Review,High visual/physics QA
Assets/DevDen Arch Viz Scotland/Models/Bathroom/metaldryer.FBX,185738,181.4 KB,Requires Unity import audit,Requires Unity import audit,Requires Unity import audit,Requires Unity import audit,Requires Unity import audit,Requires Unity import audit,1,0,0,0,Assets/DevDen Arch Viz Scotland/Prefabs/Bathroom/Metaldryer.prefab; Assets/DevDen Arch Viz Scotland/Scenes/ArchViz.unity,Search scene for MeshCollider refs,Requires Unity/scene object dependency audit,,Requires Unity audit,Requires Unity audit,,,Review,High visual/physics QA
Assets/Animated Tropical Vegetation/Models/Dead Trees/dead_tree_3.fbx,185340,181.0 KB,Requires Unity import audit,Requires Unity import audit,Requires Unity import audit,Requires Unity import audit,Requires Unity import audit,Requires Unity import audit,0,0,1,1,Assets/Animated Tropical Vegetation/Prefabs/Static/Dead Trees/Dead Tree 3.prefab,Search scene for MeshCollider refs,Requires Unity/scene object dependency audit,,Requires Unity audit,Requires Unity audit,,,Review,High visual/physics QA
Assets/DevDen Arch Viz Scotland/Models/Bathroom/bathroom_wash.fbx,181649,177.4 KB,Requires Unity import audit,Requires Unity import audit,Requires Unity import audit,Requires Unity import audit,Requires Unity import audit,Requires Unity import audit,1,0,0,0,Assets/DevDen Arch Viz Scotland/Prefabs/Bathroom/Wash Basin.prefab; Assets/DevDen Arch Viz Scotland/Scenes/ArchViz.unity,Search scene for MeshCollider refs,Requires Unity/scene object dependency audit,,Requires Unity audit,Requires Unity audit,,,Review,High visual/physics QA
Assets/Furniture Mega Pack/FBX/Kitchen/CabinetFset.fbx,178828,174.6 KB,Requires Unity import audit,Requires Unity import audit,Requires Unity import audit,Requires Unity import audit,Requires Unity import audit,Requires Unity import audit,0,0,1,1,Assets/Furniture Mega Pack/Prefabs/Kitchen/CabinetF01.prefab; Assets/Furniture Mega Pack/Prefabs/Kitchen/CabinetF02.prefab; Assets/Furniture Mega Pack/Prefabs/Kitchen/CabinetF03.prefab; Assets/Furniture Mega Pack/Prefabs/Kitchen/CabinetF04.prefab; Assets/Furniture Mega Pack/Prefabs/Kitchen/CabinetF05.prefab; Assets/Furniture Mega Pack/Prefabs/Kitchen/CabinetF06.prefab; Assets/Furniture Mega Pack/Prefabs/Kitchen/CabinetF07.prefab; Assets/Furniture Mega Pack/Prefabs/Kitchen/CabinetFCorner01.prefab; Assets/Furniture Mega Pack/Prefabs/Kitchen/CabinetFCorner02.prefab; Assets/Furniture Mega Pack/Prefabs/Kitchen/CabinetF_Sink.prefab,Search scene for MeshCollider refs,Requires Unity/scene object dependency audit,,Requires Unity audit,Requires Unity audit,,,Review,High visual/physics QA
Assets/Furniture Mega Pack/FBX/Chair/Chair40.fbx,178524,174.3 KB,Requires Unity import audit,Requires Unity import audit,Requires Unity import audit,Requires Unity import audit,Requires Unity import audit,Requires Unity import audit,0,0,1,1,Assets/Furniture Mega Pack/Prefabs/Chairs/Chair40.prefab,Search scene for MeshCollider refs,Requires Unity/scene object dependency audit,,Requires Unity audit,Requires Unity audit,,,Review,High visual/physics QA
Assets/Furniture Mega Pack/FBX/Table/Table13.fbx,178476,174.3 KB,Requires Unity import audit,Requires Unity import audit,Requires Unity import audit,Requires Unity import audit,Requires Unity import audit,Requires Unity import audit,0,0,1,1,Assets/Furniture Mega Pack/Prefabs/Tables/Table13.prefab,Search scene for MeshCollider refs,Requires Unity/scene object dependency audit,,Requires Unity audit,Requires Unity audit,,,Review,High visual/physics QA
Assets/Furniture Mega Pack/FBX/Sofa/Sofa07.fbx,178188,174.0 KB,Requires Unity import audit,Requires Unity import audit,Requires Unity import audit,Requires Unity import audit,Requires Unity import audit,Requires Unity import audit,0,0,1,1,Assets/Furniture Mega Pack/Prefabs/Sofas/Sofa07.prefab,Search scene for MeshCollider refs,Requires Unity/scene object dependency audit,,Requires Unity audit,Requires Unity audit,,,Review,High visual/physics QA
Assets/Furniture Mega Pack/FBX/Table/Table11.fbx,177020,172.9 KB,Requires Unity import audit,Requires Unity import audit,Requires Unity import audit,Requires Unity import audit,Requires Unity import audit,Requires Unity import audit,0,0,1,1,Assets/Furniture Mega Pack/Prefabs/Tables/Table11.prefab,Search scene for MeshCollider refs,Requires Unity/scene object dependency audit,,Requires Unity audit,Requires Unity audit,,,Review,High visual/physics QA
Assets/Furniture Mega Pack/FBX/Sofa/Sofa37.fbx,176508,172.4 KB,Requires Unity import audit,Requires Unity import audit,Requires Unity import audit,Requires Unity import audit,Requires Unity import audit,Requires Unity import audit,0,0,1,1,Assets/Furniture Mega Pack/Prefabs/Sofas/Sofa37.prefab,Search scene for MeshCollider refs,Requires Unity/scene object dependency audit,,Requires Unity audit,Requires Unity audit,,,Review,High visual/physics QA
Assets/Furniture Mega Pack/FBX/Chair/Chair45.fbx,174604,170.5 KB,Requires Unity import audit,Requires Unity import audit,Requires Unity import audit,Requires Unity import audit,Requires Unity import audit,Requires Unity import audit,0,0,1,1,Assets/Furniture Mega Pack/Prefabs/Chairs/Chair45.prefab,Search scene for MeshCollider refs,Requires Unity/scene object dependency audit,,Requires Unity audit,Requires Unity audit,,,Review,High visual/physics QA
Assets/Furniture Mega Pack/FBX/Bathroom/Toilet06.fbx,172460,168.4 KB,Requires Unity import audit,Requires Unity import audit,Requires Unity import audit,Requires Unity import audit,Requires Unity import audit,Requires Unity import audit,0,0,1,1,Assets/Furniture Mega Pack/Prefabs/Bathroom/Toilet06.prefab,Search scene for MeshCollider refs,Requires Unity/scene object dependency audit,,Requires Unity audit,Requires Unity audit,,,Review,High visual/physics QA
Assets/Furniture Mega Pack/FBX/Sofa/Sofa21.fbx,171868,167.8 KB,Requires Unity import audit,Requires Unity import audit,Requires Unity import audit,Requires Unity import audit,Requires Unity import audit,Requires Unity import audit,0,0,1,1,Assets/Furniture Mega Pack/Prefabs/Sofas/Sofa21.prefab,Search scene for MeshCollider refs,Requires Unity/scene object dependency audit,,Requires Unity audit,Requires Unity audit,,,Review,High visual/physics QA
Assets/Furniture Mega Pack/FBX/Bathroom/Toilet07.fbx,170860,166.9 KB,Requires Unity import audit,Requires Unity import audit,Requires Unity import audit,Requires Unity import audit,Requires Unity import audit,Requires Unity import audit,0,0,1,1,Assets/Furniture Mega Pack/Prefabs/Bathroom/Toilet07.prefab,Search scene for MeshCollider refs,Requires Unity/scene object dependency audit,,Requires Unity audit,Requires Unity audit,,,Review,High visual/physics QA
Assets/Furniture Mega Pack/FBX/Sofa/Sofa28.fbx,169228,165.3 KB,Requires Unity import audit,Requires Unity import audit,Requires Unity import audit,Requires Unity import audit,Requires Unity import audit,Requires Unity import audit,0,0,1,1,Assets/Furniture Mega Pack/Prefabs/Sofas/Sofa28.prefab,Search scene for MeshCollider refs,Requires Unity/scene object dependency audit,,Requires Unity audit,Requires Unity audit,,,Review,High visual/physics QA
Assets/Furniture Mega Pack/FBX/Drawer/Drawer31.fbx,167884,163.9 KB,Requires Unity import audit,Requires Unity import audit,Requires Unity import audit,Requires Unity import audit,Requires Unity import audit,Requires Unity import audit,0,0,1,1,Assets/Furniture Mega Pack/Prefabs/Drawers/Drawer31.prefab,Search scene for MeshCollider refs,Requires Unity/scene object dependency audit,,Requires Unity audit,Requires Unity audit,,,Review,High visual/physics QA
Assets/Furniture Mega Pack/FBX/Table/Table25.fbx,167388,163.5 KB,Requires Unity import audit,Requires Unity import audit,Requires Unity import audit,Requires Unity import audit,Requires Unity import audit,Requires Unity import audit,0,0,1,1,Assets/Furniture Mega Pack/Prefabs/Tables/Table25.prefab,Search scene for MeshCollider refs,Requires Unity/scene object dependency audit,,Requires Unity audit,Requires Unity audit,,,Review,High visual/physics QA
Assets/Furniture Mega Pack/FBX/Table/Table12.fbx,167148,163.2 KB,Requires Unity import audit,Requires Unity import audit,Requires Unity import audit,Requires Unity import audit,Requires Unity import audit,Requires Unity import audit,0,0,1,1,Assets/Furniture Mega Pack/Prefabs/Tables/Table12.prefab,Search scene for MeshCollider refs,Requires Unity/scene object dependency audit,,Requires Unity audit,Requires Unity audit,,,Review,High visual/physics QA
Assets/Furniture Mega Pack/FBX/Drawer/Drawer32.fbx,166076,162.2 KB,Requires Unity import audit,Requires Unity import audit,Requires Unity import audit,Requires Unity import audit,Requires Unity import audit,Requires Unity import audit,0,0,1,1,Assets/Furniture Mega Pack/Prefabs/Drawers/Drawer32.prefab,Search scene for MeshCollider refs,Requires Unity/scene object dependency audit,,Requires Unity audit,Requires Unity audit,,,Review,High visual/physics QA
Assets/DevDen Arch Viz Scotland/Models/Bathroom/washingmachine.FBX,164907,161.0 KB,Requires Unity import audit,Requires Unity import audit,Requires Unity import audit,Requires Unity import audit,Requires Unity import audit,Requires Unity import audit,1,0,0,0,Assets/DevDen Arch Viz Scotland/Prefabs/Bathroom/Washingmachine-1.prefab; Assets/DevDen Arch Viz Scotland/Scenes/ArchViz.unity,Search scene for MeshCollider refs,Requires Unity/scene object dependency audit,,Requires Unity audit,Requires Unity audit,,,Review,High visual/physics QA
Assets/DevDen Arch Viz Scotland/Models/Dining Room/Cutlery.obj,164843,161.0 KB,Requires Unity import audit,Requires Unity import audit,Requires Unity import audit,Requires Unity import audit,Requires Unity import audit,Requires Unity import audit,1,0,0,0,Assets/DevDen Arch Viz Scotland/Prefabs/Dining Room/Cutlery_Set.prefab; Assets/DevDen Arch Viz Scotland/Scenes/ArchViz.unity,Search scene for MeshCollider refs,Requires Unity/scene object dependency audit,,Requires Unity audit,Requires Unity audit,,,Review,High visual/physics QA
Assets/Furniture Mega Pack/FBX/Drawer/Drawer28.fbx,164460,160.6 KB,Requires Unity import audit,Requires Unity import audit,Requires Unity import audit,Requires Unity import audit,Requires Unity import audit,Requires Unity import audit,0,0,1,1,Assets/Furniture Mega Pack/Prefabs/Drawers/Drawer28.prefab,Search scene for MeshCollider refs,Requires Unity/scene object dependency audit,,Requires Unity audit,Requires Unity audit,,,Review,High visual/physics QA
Assets/Furniture Mega Pack/FBX/Drawer/Drawer27.fbx,164460,160.6 KB,Requires Unity import audit,Requires Unity import audit,Requires Unity import audit,Requires Unity import audit,Requires Unity import audit,Requires Unity import audit,0,0,1,1,Assets/Furniture Mega Pack/Prefabs/Drawers/Drawer27.prefab,Search scene for MeshCollider refs,Requires Unity/scene object dependency audit,,Requires Unity audit,Requires Unity audit,,,Review,High visual/physics QA
Assets/Idyllic Italian Coast Town/Meshes/Props/SM_table_seat_set.fbx,164368,160.5 KB,Requires Unity import audit,Requires Unity import audit,Requires Unity import audit,Requires Unity import audit,Requires Unity import audit,Requires Unity import audit,0,0,1,1,Assets/Idyllic Italian Coast Town/Prefabs/Props/SM_table_seat_set.prefab,Search scene for MeshCollider refs,Requires Unity/scene object dependency audit,,Requires Unity audit,Requires Unity audit,,,Review,High visual/physics QA
Assets/DevDen Arch Viz Scotland/Models/Bathroom/toilet.FBX,164059,160.2 KB,Requires Unity import audit,Requires Unity import audit,Requires Unity import audit,Requires Unity import audit,Requires Unity import audit,Requires Unity import audit,1,0,0,0,Assets/DevDen Arch Viz Scotland/Prefabs/Bathroom/Toilet-Sink.prefab; Assets/DevDen Arch Viz Scotland/Scenes/ArchViz.unity,Search scene for MeshCollider refs,Requires Unity/scene object dependency audit,,Requires Unity audit,Requires Unity audit,,,Review,High visual/physics QA
Assets/Furniture Mega Pack/FBX/Kitchen/CabinetAset.fbx,163356,159.5 KB,Requires Unity import audit,Requires Unity import audit,Requires Unity import audit,Requires Unity import audit,Requires Unity import audit,Requires Unity import audit,0,0,1,1,Assets/Furniture Mega Pack/Prefabs/Kitchen/CabinetA01.prefab; Assets/Furniture Mega Pack/Prefabs/Kitchen/CabinetA02.prefab; Assets/Furniture Mega Pack/Prefabs/Kitchen/CabinetA03.prefab; Assets/Furniture Mega Pack/Prefabs/Kitchen/CabinetA04.prefab; Assets/Furniture Mega Pack/Prefabs/Kitchen/CabinetA05.prefab; Assets/Furniture Mega Pack/Prefabs/Kitchen/CabinetA06.prefab; Assets/Furniture Mega Pack/Prefabs/Kitchen/CabinetA07.prefab; Assets/Furniture Mega Pack/Prefabs/Kitchen/CabinetACorner01.prefab; Assets/Furniture Mega Pack/Prefabs/Kitchen/CabinetACorner02.prefab; Assets/Furniture Mega Pack/Prefabs/Kitchen/CabinetA_Sink.prefab,Search scene for MeshCollider refs,Requires Unity/scene object dependency audit,,Requires Unity audit,Requires Unity audit,,,Review,High visual/physics QA
Assets/Furniture Mega Pack/FBX/Chair/Chair03.fbx,158524,154.8 KB,Requires Unity import audit,Requires Unity import audit,Requires Unity import audit,Requires Unity import audit,Requires Unity import audit,Requires Unity import audit,0,0,1,1,Assets/Furniture Mega Pack/Prefabs/Chairs/Chair03.prefab,Search scene for MeshCollider refs,Requires Unity/scene object dependency audit,,Requires Unity audit,Requires Unity audit,,,Review,High visual/physics QA
Assets/Furniture Mega Pack/FBX/Kitchen/GasStove07.fbx,155868,152.2 KB,Requires Unity import audit,Requires Unity import audit,Requires Unity import audit,Requires Unity import audit,Requires Unity import audit,Requires Unity import audit,0,0,1,1,Assets/Furniture Mega Pack/Prefabs/Kitchen/GasStove07.prefab,Search scene for MeshCollider refs,Requires Unity/scene object dependency audit,,Requires Unity audit,Requires Unity audit,,,Review,High visual/physics QA
Assets/Idyllic Italian Coast Town/Meshes/Props/SM_flowerpot_01.fbx,153984,150.4 KB,Requires Unity import audit,Requires Unity import audit,Requires Unity import audit,Requires Unity import audit,Requires Unity import audit,Requires Unity import audit,0,0,1,1,Assets/Idyllic Italian Coast Town/Prefabs/Props/SM_flowerpot_01.prefab,Search scene for MeshCollider refs,Requires Unity/scene object dependency audit,,Requires Unity audit,Requires Unity audit,,,Review,High visual/physics QA
Assets/Idyllic Italian Coast Town/Meshes/Props/SM_flowerpot_07.fbx,153984,150.4 KB,Requires Unity import audit,Requires Unity import audit,Requires Unity import audit,Requires Unity import audit,Requires Unity import audit,Requires Unity import audit,0,0,1,1,Assets/Idyllic Italian Coast Town/Prefabs/Props/SM_flowerpot_07.prefab,Search scene for MeshCollider refs,Requires Unity/scene object dependency audit,,Requires Unity audit,Requires Unity audit,,,Review,High visual/physics QA
Assets/Furniture Mega Pack/FBX/Chair/Chair05.fbx,152604,149.0 KB,Requires Unity import audit,Requires Unity import audit,Requires Unity import audit,Requires Unity import audit,Requires Unity import audit,Requires Unity import audit,0,0,1,1,Assets/Furniture Mega Pack/Prefabs/Chairs/Chair05.prefab,Search scene for MeshCollider refs,Requires Unity/scene object dependency audit,,Requires Unity audit,Requires Unity audit,,,Review,High visual/physics QA
Assets/DevDen Arch Viz Scotland/Models/Bed Room/bedsider.fbx,152344,148.8 KB,Requires Unity import audit,Requires Unity import audit,Requires Unity import audit,Requires Unity import audit,Requires Unity import audit,Requires Unity import audit,1,0,0,0,Assets/DevDen Arch Viz Scotland/Prefabs/Bed Room/bedsider.prefab; Assets/DevDen Arch Viz Scotland/Scenes/ArchViz.unity,Search scene for MeshCollider refs,Requires Unity/scene object dependency audit,,Requires Unity audit,Requires Unity audit,,,Review,High visual/physics QA
Assets/Furniture Mega Pack/FBX/Kitchen/KitchenOven03.fbx,151820,148.3 KB,Requires Unity import audit,Requires Unity import audit,Requires Unity import audit,Requires Unity import audit,Requires Unity import audit,Requires Unity import audit,0,0,1,1,Assets/Furniture Mega Pack/Prefabs/Kitchen/KitchenOven03.prefab,Search scene for MeshCollider refs,Requires Unity/scene object dependency audit,,Requires Unity audit,Requires Unity audit,,,Review,High visual/physics QA
Assets/DevDen Arch Viz Scotland/Models/Study Room/Pen.FBX,151056,147.5 KB,Requires Unity import audit,Requires Unity import audit,Requires Unity import audit,Requires Unity import audit,Requires Unity import audit,Requires Unity import audit,1,0,0,0,Assets/DevDen Arch Viz Scotland/Prefabs/Study Room/Pen.prefab; Assets/DevDen Arch Viz Scotland/Scenes/ArchViz.unity,Search scene for MeshCollider refs,Requires Unity/scene object dependency audit,,Requires Unity audit,Requires Unity audit,,,Review,High visual/physics QA
Assets/Furniture Mega Pack/FBX/Bathroom/Toilet04.fbx,150604,147.1 KB,Requires Unity import audit,Requires Unity import audit,Requires Unity import audit,Requires Unity import audit,Requires Unity import audit,Requires Unity import audit,0,0,1,1,Assets/Furniture Mega Pack/Prefabs/Bathroom/Toilet04.prefab,Search scene for MeshCollider refs,Requires Unity/scene object dependency audit,,Requires Unity audit,Requires Unity audit,,,Review,High visual/physics QA
Assets/Furniture Mega Pack/FBX/Sofa/Sofa29.fbx,149500,146.0 KB,Requires Unity import audit,Requires Unity import audit,Requires Unity import audit,Requires Unity import audit,Requires Unity import audit,Requires Unity import audit,0,0,1,1,Assets/Furniture Mega Pack/Prefabs/Sofas/Sofa29.prefab,Search scene for MeshCollider refs,Requires Unity/scene object dependency audit,,Requires Unity audit,Requires Unity audit,,,Review,High visual/physics QA
Assets/DevDen Arch Viz Scotland/Models/Balcony/balcony_table.fbx,148356,144.9 KB,Requires Unity import audit,Requires Unity import audit,Requires Unity import audit,Requires Unity import audit,Requires Unity import audit,Requires Unity import audit,1,0,0,0,Assets/BH_XR_MainScene.unity; Assets/DevDen Arch Viz Scotland/Prefabs/Balcony/Balcony_table.prefab; Assets/DevDen Arch Viz Scotland/Scenes/ArchViz.unity; Assets/_Recovery/0 (14).unity; Assets/_Recovery/0 (15).unity; Assets/_Recovery/0 (16).unity; Assets/_Recovery/0 (17).unity; Assets/_Recovery/0 (18).unity; Assets/_Recovery/0 (21).unity; Assets/_Recovery/0 (22).unity; Assets/_Recovery/0 (23).unity,Search scene for MeshCollider refs,Requires Unity/scene object dependency audit,,Requires Unity audit,Requires Unity audit,,,Review,High visual/physics QA
Assets/Furniture Mega Pack/FBX/Bathroom/WashBasin06.fbx,148284,144.8 KB,Requires Unity import audit,Requires Unity import audit,Requires Unity import audit,Requires Unity import audit,Requires Unity import audit,Requires Unity import audit,0,0,1,1,Assets/Furniture Mega Pack/Prefabs/Bathroom/WashBasin06.prefab,Search scene for MeshCollider refs,Requires Unity/scene object dependency audit,,Requires Unity audit,Requires Unity audit,,,Review,High visual/physics QA
Assets/Idyllic Italian Coast Town/Meshes/Props/SM_flowerpot_04.fbx,147904,144.4 KB,Requires Unity import audit,Requires Unity import audit,Requires Unity import audit,Requires Unity import audit,Requires Unity import audit,Requires Unity import audit,0,0,1,1,Assets/BCaT_assets/HOMED/Prefabs/HOMED.prefab; Assets/Idyllic Italian Coast Town/Prefabs/Props/SM_flowerpot_04.prefab,Search scene for MeshCollider refs,Requires Unity/scene object dependency audit,,Requires Unity audit,Requires Unity audit,,,Review,High visual/physics QA
Assets/Idyllic Italian Coast Town/Meshes/Props/SM_flowerpot_09.fbx,147904,144.4 KB,Requires Unity import audit,Requires Unity import audit,Requires Unity import audit,Requires Unity import audit,Requires Unity import audit,Requires Unity import audit,0,0,1,1,Assets/Idyllic Italian Coast Town/Prefabs/Props/SM_flowerpot_09.prefab,Search scene for MeshCollider refs,Requires Unity/scene object dependency audit,,Requires Unity audit,Requires Unity audit,,,Review,High visual/physics QA
Assets/Furniture Mega Pack/FBX/Kitchen/CabinetGset.fbx,147100,143.7 KB,Requires Unity import audit,Requires Unity import audit,Requires Unity import audit,Requires Unity import audit,Requires Unity import audit,Requires Unity import audit,0,0,1,1,Assets/Furniture Mega Pack/Prefabs/Kitchen/CabinetG01.prefab; Assets/Furniture Mega Pack/Prefabs/Kitchen/CabinetG02.prefab; Assets/Furniture Mega Pack/Prefabs/Kitchen/CabinetG03.prefab; Assets/Furniture Mega Pack/Prefabs/Kitchen/CabinetG04.prefab; Assets/Furniture Mega Pack/Prefabs/Kitchen/CabinetG05.prefab; Assets/Furniture Mega Pack/Prefabs/Kitchen/CabinetG06.prefab; Assets/Furniture Mega Pack/Prefabs/Kitchen/CabinetG07.prefab; Assets/Furniture Mega Pack/Prefabs/Kitchen/CabinetGCorner01.prefab; Assets/Furniture Mega Pack/Prefabs/Kitchen/CabinetGCorner02.prefab; Assets/Furniture Mega Pack/Prefabs/Kitchen/CabinetG_Sink.prefab,Search scene for MeshCollider refs,Requires Unity/scene object dependency audit,,Requires Unity audit,Requires Unity audit,,,Review,High visual/physics QA
Assets/Furniture Mega Pack/FBX/Kitchen/Sink05.fbx,145004,141.6 KB,Requires Unity import audit,Requires Unity import audit,Requires Unity import audit,Requires Unity import audit,Requires Unity import audit,Requires Unity import audit,0,0,1,1,Assets/Furniture Mega Pack/Prefabs/Kitchen/Sink05.prefab,Search scene for MeshCollider refs,Requires Unity/scene object dependency audit,,Requires Unity audit,Requires Unity audit,,,Review,High visual/physics QA
Assets/Furniture Mega Pack/FBX/Kitchen/CabinetEset.fbx,144940,141.5 KB,Requires Unity import audit,Requires Unity import audit,Requires Unity import audit,Requires Unity import audit,Requires Unity import audit,Requires Unity import audit,0,0,1,1,Assets/Furniture Mega Pack/Prefabs/Kitchen/CabinetE01.prefab; Assets/Furniture Mega Pack/Prefabs/Kitchen/CabinetE02.prefab; Assets/Furniture Mega Pack/Prefabs/Kitchen/CabinetE03.prefab; Assets/Furniture Mega Pack/Prefabs/Kitchen/CabinetE04.prefab; Assets/Furniture Mega Pack/Prefabs/Kitchen/CabinetE05.prefab; Assets/Furniture Mega Pack/Prefabs/Kitchen/CabinetE06.prefab; Assets/Furniture Mega Pack/Prefabs/Kitchen/CabinetE07.prefab; Assets/Furniture Mega Pack/Prefabs/Kitchen/CabinetECorner01.prefab; Assets/Furniture Mega Pack/Prefabs/Kitchen/CabinetECorner02.prefab; Assets/Furniture Mega Pack/Prefabs/Kitchen/CabinetE_Sink.prefab,Search scene for MeshCollider refs,Requires Unity/scene object dependency audit,,Requires Unity audit,Requires Unity audit,,,Review,High visual/physics QA
Assets/Furniture Mega Pack/FBX/Kitchen/CabinetDset.fbx,144908,141.5 KB,Requires Unity import audit,Requires Unity import audit,Requires Unity import audit,Requires Unity import audit,Requires Unity import audit,Requires Unity import audit,0,0,1,1,Assets/Furniture Mega Pack/Prefabs/Kitchen/CabinetD01.prefab; Assets/Furniture Mega Pack/Prefabs/Kitchen/CabinetD02.prefab; Assets/Furniture Mega Pack/Prefabs/Kitchen/CabinetD03.prefab; Assets/Furniture Mega Pack/Prefabs/Kitchen/CabinetD04.prefab; Assets/Furniture Mega Pack/Prefabs/Kitchen/CabinetD05.prefab; Assets/Furniture Mega Pack/Prefabs/Kitchen/CabinetD06.prefab; Assets/Furniture Mega Pack/Prefabs/Kitchen/CabinetD07.prefab; Assets/Furniture Mega Pack/Prefabs/Kitchen/CabinetDCorner01.prefab; Assets/Furniture Mega Pack/Prefabs/Kitchen/CabinetDCorner02.prefab; Assets/Furniture Mega Pack/Prefabs/Kitchen/CabinetD_Sink.prefab,Search scene for MeshCollider refs,Requires Unity/scene object dependency audit,,Requires Unity audit,Requires Unity audit,,,Review,High visual/physics QA
Assets/Idyllic Italian Coast Town/Meshes/Modular/SM_platform_01.fbx,142880,139.5 KB,Requires Unity import audit,Requires Unity import audit,Requires Unity import audit,Requires Unity import audit,Requires Unity import audit,Requires Unity import audit,0,0,1,1,Assets/Idyllic Italian Coast Town/Prefabs/Modular Pieces/SM_platform_01.prefab,Search scene for MeshCollider refs,Requires Unity/scene object dependency audit,,Requires Unity audit,Requires Unity audit,,,Review,High visual/physics QA
Assets/DevDen Arch Viz Scotland/Models/Kitchen Room/kitchen_2.fbx,141968,138.6 KB,Requires Unity import audit,Requires Unity import audit,Requires Unity import audit,Requires Unity import audit,Requires Unity import audit,Requires Unity import audit,1,0,0,0,Assets/DevDen Arch Viz Scotland/Prefabs/Kitchen Room/Kitchen_Cabinet-2.prefab; Assets/DevDen Arch Viz Scotland/Scenes/ArchViz.unity,Search scene for MeshCollider refs,Requires Unity/scene object dependency audit,,Requires Unity audit,Requires Unity audit,,,Review,High visual/physics QA
Assets/Furniture Mega Pack/FBX/Drawer/Drawer35.fbx,138892,135.6 KB,Requires Unity import audit,Requires Unity import audit,Requires Unity import audit,Requires Unity import audit,Requires Unity import audit,Requires Unity import audit,0,0,1,1,Assets/Furniture Mega Pack/Prefabs/Drawers/Drawer35.prefab,Search scene for MeshCollider refs,Requires Unity/scene object dependency audit,,Requires Unity audit,Requires Unity audit,,,Review,High visual/physics QA
Assets/Furniture Mega Pack/FBX/Table/Table39.fbx,138684,135.4 KB,Requires Unity import audit,Requires Unity import audit,Requires Unity import audit,Requires Unity import audit,Requires Unity import audit,Requires Unity import audit,0,0,1,1,Assets/Furniture Mega Pack/Prefabs/Tables/Table39.prefab,Search scene for MeshCollider refs,Requires Unity/scene object dependency audit,,Requires Unity audit,Requires Unity audit,,,Review,High visual/physics QA
Assets/BCaT_assets/BTMMP_Workstation_Assembly/spray-paint-bottle-2/source/spray_paint_bottle_2.fbx,138476,135.2 KB,Requires Unity import audit,Requires Unity import audit,Requires Unity import audit,Requires Unity import audit,Requires Unity import audit,Requires Unity import audit,0,0,1,1,Assets/BH_XR_MainScene.unity; Assets/_Recovery/0 (1).unity; Assets/_Recovery/0 (10).unity; Assets/_Recovery/0 (11).unity; Assets/_Recovery/0 (13).unity; Assets/_Recovery/0 (14).unity; Assets/_Recovery/0 (15).unity; Assets/_Recovery/0 (16).unity; Assets/_Recovery/0 (17).unity; Assets/_Recovery/0 (18).unity; Assets/_Recovery/0 (2).unity; Assets/_Recovery/0 (21).unity; Assets/_Recovery/0 (22).unity; Assets/_Recovery/0 (23).unity; Assets/_Recovery/0 (3).unity; Assets/_Recovery/0 (5).unity; Assets/_Recovery/0 (6).unity; Assets/_Recovery/0 (7).unity; Assets/_Recovery/0 (8).unity; Assets/_Recovery/0 (9).unity,Search scene for MeshCollider refs,Requires Unity/scene object dependency audit,,Requires Unity audit,Requires Unity audit,,,Review,High visual/physics QA
Assets/Furniture Mega Pack/FBX/Kitchen/KitchenOven04.fbx,137772,134.5 KB,Requires Unity import audit,Requires Unity import audit,Requires Unity import audit,Requires Unity import audit,Requires Unity import audit,Requires Unity import audit,0,0,1,1,Assets/Furniture Mega Pack/Prefabs/Kitchen/KitchenOven04.prefab,Search scene for MeshCollider refs,Requires Unity/scene object dependency audit,,Requires Unity audit,Requires Unity audit,,,Review,High visual/physics QA
Assets/Furniture Mega Pack/FBX/Chair/Chair24.fbx,134124,131.0 KB,Requires Unity import audit,Requires Unity import audit,Requires Unity import audit,Requires Unity import audit,Requires Unity import audit,Requires Unity import audit,0,0,1,1,Assets/Furniture Mega Pack/Prefabs/Chairs/Chair24.prefab,Search scene for MeshCollider refs,Requires Unity/scene object dependency audit,,Requires Unity audit,Requires Unity audit,,,Review,High visual/physics QA
Assets/Furniture Mega Pack/FBX/Drawer/Drawer39.fbx,133340,130.2 KB,Requires Unity import audit,Requires Unity import audit,Requires Unity import audit,Requires Unity import audit,Requires Unity import audit,Requires Unity import audit,0,0,1,1,Assets/Furniture Mega Pack/Prefabs/Drawers/Drawer39.prefab,Search scene for MeshCollider refs,Requires Unity/scene object dependency audit,,Requires Unity audit,Requires Unity audit,,,Review,High visual/physics QA
Assets/Furniture Mega Pack/FBX/Kitchen/Sink04.fbx,133068,129.9 KB,Requires Unity import audit,Requires Unity import audit,Requires Unity import audit,Requires Unity import audit,Requires Unity import audit,Requires Unity import audit,0,0,1,1,Assets/Furniture Mega Pack/Prefabs/Kitchen/Sink04.prefab,Search scene for MeshCollider refs,Requires Unity/scene object dependency audit,,Requires Unity audit,Requires Unity audit,,,Review,High visual/physics QA
Assets/Furniture Mega Pack/FBX/Drawer/Drawer38.fbx,132892,129.8 KB,Requires Unity import audit,Requires Unity import audit,Requires Unity import audit,Requires Unity import audit,Requires Unity import audit,Requires Unity import audit,0,0,1,1,Assets/Furniture Mega Pack/Prefabs/Drawers/Drawer38.prefab,Search scene for MeshCollider refs,Requires Unity/scene object dependency audit,,Requires Unity audit,Requires Unity audit,,,Review,High visual/physics QA
Assets/Furniture Mega Pack/FBX/Bathroom/BathTub06.fbx,132732,129.6 KB,Requires Unity import audit,Requires Unity import audit,Requires Unity import audit,Requires Unity import audit,Requires Unity import audit,Requires Unity import audit,0,0,1,1,Assets/Furniture Mega Pack/Prefabs/Bathroom/BathTub06.prefab,Search scene for MeshCollider refs,Requires Unity/scene object dependency audit,,Requires Unity audit,Requires Unity audit,,,Review,High visual/physics QA
Assets/DevDen Arch Viz Scotland/Models/Bathroom/tolpaper.FBX,131537,128.5 KB,Requires Unity import audit,Requires Unity import audit,Requires Unity import audit,Requires Unity import audit,Requires Unity import audit,Requires Unity import audit,1,0,0,0,Assets/DevDen Arch Viz Scotland/Prefabs/Bathroom/Toilet Paper.prefab; Assets/DevDen Arch Viz Scotland/Scenes/ArchViz.unity,Search scene for MeshCollider refs,Requires Unity/scene object dependency audit,,Requires Unity audit,Requires Unity audit,,,Review,High visual/physics QA
Assets/Idyllic Italian Coast Town/Meshes/Modular/SM_staircase_04.fbx,131344,128.3 KB,Requires Unity import audit,Requires Unity import audit,Requires Unity import audit,Requires Unity import audit,Requires Unity import audit,Requires Unity import audit,0,0,1,1,Assets/Idyllic Italian Coast Town/Prefabs/Modular Pieces/SM_staircase_04.prefab,Search scene for MeshCollider refs,Requires Unity/scene object dependency audit,,Requires Unity audit,Requires Unity audit,,,Review,High visual/physics QA
Assets/Furniture Mega Pack/FBX/Drawer/Drawer36.fbx,131132,128.1 KB,Requires Unity import audit,Requires Unity import audit,Requires Unity import audit,Requires Unity import audit,Requires Unity import audit,Requires Unity import audit,0,0,1,1,Assets/Furniture Mega Pack/Prefabs/Drawers/Drawer36.prefab,Search scene for MeshCollider refs,Requires Unity/scene object dependency audit,,Requires Unity audit,Requires Unity audit,,,Review,High visual/physics QA
Assets/Idyllic Italian Coast Town/Meshes/Modular/SM_street_corner_round.fbx,126288,123.3 KB,Requires Unity import audit,Requires Unity import audit,Requires Unity import audit,Requires Unity import audit,Requires Unity import audit,Requires Unity import audit,0,0,1,1,Assets/Idyllic Italian Coast Town/Prefabs/Modular Pieces/SM_street_corner_round.prefab,Search scene for MeshCollider refs,Requires Unity/scene object dependency audit,,Requires Unity audit,Requires Unity audit,,,Review,High visual/physics QA
Assets/Furniture Mega Pack/FBX/Table/Table38.fbx,123868,121.0 KB,Requires Unity import audit,Requires Unity import audit,Requires Unity import audit,Requires Unity import audit,Requires Unity import audit,Requires Unity import audit,0,0,1,1,Assets/Furniture Mega Pack/Prefabs/Tables/Table38.prefab,Search scene for MeshCollider refs,Requires Unity/scene object dependency audit,,Requires Unity audit,Requires Unity audit,,,Review,High visual/physics QA
Assets/Furniture Mega Pack/FBX/Chair/Chair41.fbx,123372,120.5 KB,Requires Unity import audit,Requires Unity import audit,Requires Unity import audit,Requires Unity import audit,Requires Unity import audit,Requires Unity import audit,0,0,1,1,Assets/Furniture Mega Pack/Prefabs/Chairs/Chair41.prefab,Search scene for MeshCollider refs,Requires Unity/scene object dependency audit,,Requires Unity audit,Requires Unity audit,,,Review,High visual/physics QA
Assets/Furniture Mega Pack/FBX/Chair/Chair25.fbx,123244,120.4 KB,Requires Unity import audit,Requires Unity import audit,Requires Unity import audit,Requires Unity import audit,Requires Unity import audit,Requires Unity import audit,0,0,1,1,Assets/Furniture Mega Pack/Prefabs/Chairs/Chair25.prefab,Search scene for MeshCollider refs,Requires Unity/scene object dependency audit,,Requires Unity audit,Requires Unity audit,,,Review,High visual/physics QA
Assets/Furniture Mega Pack/FBX/Table/Table18.fbx,122796,119.9 KB,Requires Unity import audit,Requires Unity import audit,Requires Unity import audit,Requires Unity import audit,Requires Unity import audit,Requires Unity import audit,0,0,1,1,Assets/Furniture Mega Pack/Prefabs/Tables/Table18.prefab,Search scene for MeshCollider refs,Requires Unity/scene object dependency audit,,Requires Unity audit,Requires Unity audit,,,Review,High visual/physics QA
Assets/Furniture Mega Pack/FBX/Kitchen/Sink07.fbx,122300,119.4 KB,Requires Unity import audit,Requires Unity import audit,Requires Unity import audit,Requires Unity import audit,Requires Unity import audit,Requires Unity import audit,0,0,1,1,Assets/Furniture Mega Pack/Prefabs/Kitchen/Sink07.prefab,Search scene for MeshCollider refs,Requires Unity/scene object dependency audit,,Requires Unity audit,Requires Unity audit,,,Review,High visual/physics QA
Assets/Furniture Mega Pack/FBX/Kitchen/Sink06.fbx,121724,118.9 KB,Requires Unity import audit,Requires Unity import audit,Requires Unity import audit,Requires Unity import audit,Requires Unity import audit,Requires Unity import audit,0,0,1,1,Assets/Furniture Mega Pack/Prefabs/Kitchen/Sink06.prefab,Search scene for MeshCollider refs,Requires Unity/scene object dependency audit,,Requires Unity audit,Requires Unity audit,,,Review,High visual/physics QA
Assets/Idyllic Italian Coast Town/Meshes/Modular/SM_platform_rounded.fbx,120912,118.1 KB,Requires Unity import audit,Requires Unity import audit,Requires Unity import audit,Requires Unity import audit,Requires Unity import audit,Requires Unity import audit,0,0,1,1,Assets/Idyllic Italian Coast Town/Prefabs/Modular Pieces/SM_platform_rounded.prefab,Search scene for MeshCollider refs,Requires Unity/scene object dependency audit,,Requires Unity audit,Requires Unity audit,,,Review,High visual/physics QA
Assets/DevDen Arch Viz Scotland/Models/Common/airconditioner.FBX,120579,117.8 KB,Requires Unity import audit,Requires Unity import audit,Requires Unity import audit,Requires Unity import audit,Requires Unity import audit,Requires Unity import audit,1,0,0,0,Assets/DevDen Arch Viz Scotland/Prefabs/Common/AirConditioner.prefab; Assets/DevDen Arch Viz Scotland/Scenes/ArchViz.unity,Search scene for MeshCollider refs,Requires Unity/scene object dependency audit,,Requires Unity audit,Requires Unity audit,,,Review,High visual/physics QA
Assets/Furniture Mega Pack/FBX/Table/Table36.fbx,120396,117.6 KB,Requires Unity import audit,Requires Unity import audit,Requires Unity import audit,Requires Unity import audit,Requires Unity import audit,Requires Unity import audit,0,0,1,1,Assets/Furniture Mega Pack/Prefabs/Tables/Table36.prefab,Search scene for MeshCollider refs,Requires Unity/scene object dependency audit,,Requires Unity audit,Requires Unity audit,,,Review,High visual/physics QA
Assets/Idyllic Italian Coast Town/Meshes/Props/SM_fence_rounded.fbx,118560,115.8 KB,Requires Unity import audit,Requires Unity import audit,Requires Unity import audit,Requires Unity import audit,Requires Unity import audit,Requires Unity import audit,0,0,1,1,Assets/Idyllic Italian Coast Town/Prefabs/Modular Pieces/SM_fence_rounded.prefab,Search scene for MeshCollider refs,Requires Unity/scene object dependency audit,,Requires Unity audit,Requires Unity audit,,,Review,High visual/physics QA
Assets/Furniture Mega Pack/FBX/Kitchen/Sink01.fbx,117964,115.2 KB,Requires Unity import audit,Requires Unity import audit,Requires Unity import audit,Requires Unity import audit,Requires Unity import audit,Requires Unity import audit,0,0,1,1,Assets/Furniture Mega Pack/Prefabs/Kitchen/Sink01.prefab,Search scene for MeshCollider refs,Requires Unity/scene object dependency audit,,Requires Unity audit,Requires Unity audit,,,Review,High visual/physics QA
Assets/Idyllic Italian Coast Town/Meshes/Modular/SM_street_01.fbx,117856,115.1 KB,Requires Unity import audit,Requires Unity import audit,Requires Unity import audit,Requires Unity import audit,Requires Unity import audit,Requires Unity import audit,0,0,1,1,Assets/Idyllic Italian Coast Town/Prefabs/Modular Pieces/SM_street_01.prefab,Search scene for MeshCollider refs,Requires Unity/scene object dependency audit,,Requires Unity audit,Requires Unity audit,,,Review,High visual/physics QA
Assets/Idyllic Italian Coast Town/Meshes/Props/SM_table_cafe_cloth_round.fbx,117008,114.3 KB,Requires Unity import audit,Requires Unity import audit,Requires Unity import audit,Requires Unity import audit,Requires Unity import audit,Requires Unity import audit,0,0,1,1,Assets/Idyllic Italian Coast Town/Prefabs/Props/SM_table_cafe_cloth_round (1).prefab; Assets/Idyllic Italian Coast Town/Prefabs/Props/SM_table_cafe_cloth_round (2).prefab; Assets/Idyllic Italian Coast Town/Prefabs/Props/SM_table_cafe_cloth_round.prefab; Assets/Idyllic Italian Coast Town/Prefabs/Props/SM_table_cafe_cloth_round_04.prefab,Search scene for MeshCollider refs,Requires Unity/scene object dependency audit,,Requires Unity audit,Requires Unity audit,,,Review,High visual/physics QA
Assets/Furniture Mega Pack/FBX/Sofa/Sofa05.fbx,115724,113.0 KB,Requires Unity import audit,Requires Unity import audit,Requires Unity import audit,Requires Unity import audit,Requires Unity import audit,Requires Unity import audit,0,0,1,1,Assets/Furniture Mega Pack/Prefabs/Sofas/Sofa05.prefab,Search scene for MeshCollider refs,Requires Unity/scene object dependency audit,,Requires Unity audit,Requires Unity audit,,,Review,High visual/physics QA
Assets/Idyllic Italian Coast Town/Meshes/Props/SM_flowerpot_03.fbx,113600,110.9 KB,Requires Unity import audit,Requires Unity import audit,Requires Unity import audit,Requires Unity import audit,Requires Unity import audit,Requires Unity import audit,0,0,1,1,Assets/Idyllic Italian Coast Town/Prefabs/Props/SM_flowerpot_03.prefab,Search scene for MeshCollider refs,Requires Unity/scene object dependency audit,,Requires Unity audit,Requires Unity audit,,,Review,High visual/physics QA
Assets/Idyllic Italian Coast Town/Meshes/Props/SM_flowerpot_06.fbx,113600,110.9 KB,Requires Unity import audit,Requires Unity import audit,Requires Unity import audit,Requires Unity import audit,Requires Unity import audit,Requires Unity import audit,0,0,1,1,Assets/Idyllic Italian Coast Town/Prefabs/Props/SM_flowerpot_06.prefab,Search scene for MeshCollider refs,Requires Unity/scene object dependency audit,,Requires Unity audit,Requires Unity audit,,,Review,High visual/physics QA
Assets/Idyllic Italian Coast Town/Meshes/Props/SM_door_01.fbx,113104,110.5 KB,Requires Unity import audit,Requires Unity import audit,Requires Unity import audit,Requires Unity import audit,Requires Unity import audit,Requires Unity import audit,0,0,1,1,Assets/Idyllic Italian Coast Town/Prefabs/Props/SM_door_01.prefab,Search scene for MeshCollider refs,Requires Unity/scene object dependency audit,,Requires Unity audit,Requires Unity audit,,,Review,High visual/physics QA
Assets/Furniture Mega Pack/FBX/Kitchen/MicrowaveOven02.fbx,112604,110.0 KB,Requires Unity import audit,Requires Unity import audit,Requires Unity import audit,Requires Unity import audit,Requires Unity import audit,Requires Unity import audit,0,0,1,1,Assets/Furniture Mega Pack/Prefabs/Kitchen/MicrowaveOven02.prefab,Search scene for MeshCollider refs,Requires Unity/scene object dependency audit,,Requires Unity audit,Requires Unity audit,,,Review,High visual/physics QA
Assets/Furniture Mega Pack/FBX/Bathroom/WashBasin03.fbx,110620,108.0 KB,Requires Unity import audit,Requires Unity import audit,Requires Unity import audit,Requires Unity import audit,Requires Unity import audit,Requires Unity import audit,0,0,1,1,Assets/Furniture Mega Pack/Prefabs/Bathroom/WashBasin03.prefab,Search scene for MeshCollider refs,Requires Unity/scene object dependency audit,,Requires Unity audit,Requires Unity audit,,,Review,High visual/physics QA
Assets/Furniture Mega Pack/FBX/Kitchen/GasStove05.fbx,110620,108.0 KB,Requires Unity import audit,Requires Unity import audit,Requires Unity import audit,Requires Unity import audit,Requires Unity import audit,Requires Unity import audit,0,0,1,1,Assets/Furniture Mega Pack/Prefabs/Kitchen/GasStove05.prefab,Search scene for MeshCollider refs,Requires Unity/scene object dependency audit,,Requires Unity audit,Requires Unity audit,,,Review,High visual/physics QA
Assets/Furniture Mega Pack/FBX/Kitchen/Refrigerator06.fbx,109548,107.0 KB,Requires Unity import audit,Requires Unity import audit,Requires Unity import audit,Requires Unity import audit,Requires Unity import audit,Requires Unity import audit,0,0,1,1,Assets/Furniture Mega Pack/Prefabs/Kitchen/Refrigerator06.prefab,Search scene for MeshCollider refs,Requires Unity/scene object dependency audit,,Requires Unity audit,Requires Unity audit,,,Review,High visual/physics QA
Assets/Furniture Mega Pack/FBX/Bathroom/BathTub07.fbx,109356,106.8 KB,Requires Unity import audit,Requires Unity import audit,Requires Unity import audit,Requires Unity import audit,Requires Unity import audit,Requires Unity import audit,0,0,1,1,Assets/Furniture Mega Pack/Prefabs/Bathroom/BathTub07.prefab,Search scene for MeshCollider refs,Requires Unity/scene object dependency audit,,Requires Unity audit,Requires Unity audit,,,Review,High visual/physics QA
Assets/Furniture Mega Pack/FBX/Table/Table47.fbx,107452,104.9 KB,Requires Unity import audit,Requires Unity import audit,Requires Unity import audit,Requires Unity import audit,Requires Unity import audit,Requires Unity import audit,0,0,1,1,Assets/Furniture Mega Pack/Prefabs/Tables/Table47.prefab,Search scene for MeshCollider refs,Requires Unity/scene object dependency audit,,Requires Unity audit,Requires Unity audit,,,Review,High visual/physics QA
Assets/Idyllic Italian Coast Town/Meshes/Modular/SM_staircase_01.fbx,106912,104.4 KB,Requires Unity import audit,Requires Unity import audit,Requires Unity import audit,Requires Unity import audit,Requires Unity import audit,Requires Unity import audit,0,0,1,1,Assets/Idyllic Italian Coast Town/Prefabs/Modular Pieces/SM_staircase_01.prefab,Search scene for MeshCollider refs,Requires Unity/scene object dependency audit,,Requires Unity audit,Requires Unity audit,,,Review,High visual/physics QA
Assets/Furniture Mega Pack/FBX/Bathroom/WashBasin05.fbx,106636,104.1 KB,Requires Unity import audit,Requires Unity import audit,Requires Unity import audit,Requires Unity import audit,Requires Unity import audit,Requires Unity import audit,0,0,1,1,Assets/Furniture Mega Pack/Prefabs/Bathroom/WashBasin05.prefab,Search scene for MeshCollider refs,Requires Unity/scene object dependency audit,,Requires Unity audit,Requires Unity audit,,,Review,High visual/physics QA
Assets/Idyllic Italian Coast Town/Meshes/Props/SM_fence_03.fbx,106464,104.0 KB,Requires Unity import audit,Requires Unity import audit,Requires Unity import audit,Requires Unity import audit,Requires Unity import audit,Requires Unity import audit,0,0,1,1,Assets/Idyllic Italian Coast Town/Prefabs/Props/SM_fence_03.prefab,Search scene for MeshCollider refs,Requires Unity/scene object dependency audit,,Requires Unity audit,Requires Unity audit,,,Review,High visual/physics QA
Assets/Furniture Mega Pack/FBX/Kitchen/MicrowaveOven03.fbx,106364,103.9 KB,Requires Unity import audit,Requires Unity import audit,Requires Unity import audit,Requires Unity import audit,Requires Unity import audit,Requires Unity import audit,0,0,1,1,Assets/Furniture Mega Pack/Prefabs/Kitchen/MicrowaveOven03.prefab,Search scene for MeshCollider refs,Requires Unity/scene object dependency audit,,Requires Unity audit,Requires Unity audit,,,Review,High visual/physics QA
Assets/DevDen Arch Viz Scotland/Models/Living Room/chair_5.FBX,106032,103.5 KB,Requires Unity import audit,Requires Unity import audit,Requires Unity import audit,Requires Unity import audit,Requires Unity import audit,Requires Unity import audit,1,0,0,0,Assets/DevDen Arch Viz Scotland/Prefabs/Living Room/LivingRoom Chair.prefab; Assets/DevDen Arch Viz Scotland/Scenes/ArchViz.unity,Search scene for MeshCollider refs,Requires Unity/scene object dependency audit,,Requires Unity audit,Requires Unity audit,,,Review,High visual/physics QA
Assets/Furniture Mega Pack/FBX/Bathroom/WashBasin07.fbx,105516,103.0 KB,Requires Unity import audit,Requires Unity import audit,Requires Unity import audit,Requires Unity import audit,Requires Unity import audit,Requires Unity import audit,0,0,1,1,Assets/Furniture Mega Pack/Prefabs/Bathroom/WashBasin07.prefab,Search scene for MeshCollider refs,Requires Unity/scene object dependency audit,,Requires Unity audit,Requires Unity audit,,,Review,High visual/physics QA
Assets/Furniture Mega Pack/FBX/Bathroom/WashBasin01.fbx,104684,102.2 KB,Requires Unity import audit,Requires Unity import audit,Requires Unity import audit,Requires Unity import audit,Requires Unity import audit,Requires Unity import audit,0,0,1,1,Assets/Furniture Mega Pack/Prefabs/Bathroom/WashBasin01.prefab,Search scene for MeshCollider refs,Requires Unity/scene object dependency audit,,Requires Unity audit,Requires Unity audit,,,Review,High visual/physics QA
Assets/Furniture Mega Pack/FBX/Kitchen/Sink02.fbx,104444,102.0 KB,Requires Unity import audit,Requires Unity import audit,Requires Unity import audit,Requires Unity import audit,Requires Unity import audit,Requires Unity import audit,0,0,1,1,Assets/Furniture Mega Pack/Prefabs/Kitchen/Sink02.prefab,Search scene for MeshCollider refs,Requires Unity/scene object dependency audit,,Requires Unity audit,Requires Unity audit,,,Review,High visual/physics QA
Assets/Furniture Mega Pack/FBX/Bathroom/WashBasin02.fbx,102972,100.6 KB,Requires Unity import audit,Requires Unity import audit,Requires Unity import audit,Requires Unity import audit,Requires Unity import audit,Requires Unity import audit,0,0,1,1,Assets/Furniture Mega Pack/Prefabs/Bathroom/WashBasin02.prefab,Search scene for MeshCollider refs,Requires Unity/scene object dependency audit,,Requires Unity audit,Requires Unity audit,,,Review,High visual/physics QA
Assets/Furniture Mega Pack/FBX/Drawer/Drawer40.fbx,102956,100.5 KB,Requires Unity import audit,Requires Unity import audit,Requires Unity import audit,Requires Unity import audit,Requires Unity import audit,Requires Unity import audit,0,0,1,1,Assets/Furniture Mega Pack/Prefabs/Drawers/Drawer40.prefab,Search scene for MeshCollider refs,Requires Unity/scene object dependency audit,,Requires Unity audit,Requires Unity audit,,,Review,High visual/physics QA
Assets/Pandazole_Ultimate_Pack/Pandazole Farm Ranch Pack/Models/Bld_FarmMill_02.fbx,102764,100.4 KB,Requires Unity import audit,Requires Unity import audit,Requires Unity import audit,Requires Unity import audit,Requires Unity import audit,Requires Unity import audit,0,0,1,1,Assets/Pandazole_Ultimate_Pack/Pandazole Farm Ranch Pack/Prefabs/Bld_FarmMill_02.prefab,Search scene for MeshCollider refs,Requires Unity/scene object dependency audit,,Requires Unity audit,Requires Unity audit,,,Review,High visual/physics QA
Assets/Idyllic Italian Coast Town/Meshes/Props/SM_flowerpot_05.fbx,101696,99.3 KB,Requires Unity import audit,Requires Unity import audit,Requires Unity import audit,Requires Unity import audit,Requires Unity import audit,Requires Unity import audit,0,0,1,1,Assets/Idyllic Italian Coast Town/Prefabs/Props/SM_flowerpot_05.prefab,Search scene for MeshCollider refs,Requires Unity/scene object dependency audit,,Requires Unity audit,Requires Unity audit,,,Review,High visual/physics QA
Assets/Idyllic Italian Coast Town/Meshes/Props/SM_flowerpot_08.fbx,101680,99.3 KB,Requires Unity import audit,Requires Unity import audit,Requires Unity import audit,Requires Unity import audit,Requires Unity import audit,Requires Unity import audit,0,0,1,1,Assets/Idyllic Italian Coast Town/Prefabs/Props/SM_flowerpot_08.prefab,Search scene for MeshCollider refs,Requires Unity/scene object dependency audit,,Requires Unity audit,Requires Unity audit,,,Review,High visual/physics QA
Assets/Idyllic Italian Coast Town/Meshes/Props/SM_tree_cypress.fbx,101616,99.2 KB,Requires Unity import audit,Requires Unity import audit,Requires Unity import audit,Requires Unity import audit,Requires Unity import audit,Requires Unity import audit,0,0,1,1,Assets/Idyllic Italian Coast Town/Prefabs/Props/SM_tree_cypress.prefab,Search scene for MeshCollider refs,Requires Unity/scene object dependency audit,,Requires Unity audit,Requires Unity audit,,,Review,High visual/physics QA
Assets/Furniture Mega Pack/FBX/Kitchen/MicrowaveOven05.fbx,100748,98.4 KB,Requires Unity import audit,Requires Unity import audit,Requires Unity import audit,Requires Unity import audit,Requires Unity import audit,Requires Unity import audit,0,0,1,1,Assets/Furniture Mega Pack/Prefabs/Kitchen/MicrowaveOven05.prefab,Search scene for MeshCollider refs,Requires Unity/scene object dependency audit,,Requires Unity audit,Requires Unity audit,,,Review,High visual/physics QA
Assets/Furniture Mega Pack/FBX/Drawer/Drawer33.fbx,100236,97.9 KB,Requires Unity import audit,Requires Unity import audit,Requires Unity import audit,Requires Unity import audit,Requires Unity import audit,Requires Unity import audit,0,0,1,1,Assets/Furniture Mega Pack/Prefabs/Drawers/Drawer33.prefab,Search scene for MeshCollider refs,Requires Unity/scene object dependency audit,,Requires Unity audit,Requires Unity audit,,,Review,High visual/physics QA
Assets/Idyllic Italian Coast Town/Meshes/Props/SM_flower_table.fbx,99968,97.6 KB,Requires Unity import audit,Requires Unity import audit,Requires Unity import audit,Requires Unity import audit,Requires Unity import audit,Requires Unity import audit,0,0,1,1,Assets/Idyllic Italian Coast Town/Prefabs/Props/SM_flower_table.prefab,Search scene for MeshCollider refs,Requires Unity/scene object dependency audit,,Requires Unity audit,Requires Unity audit,,,Review,High visual/physics QA
Assets/Idyllic Italian Coast Town/Meshes/Modular/SM_platform_attachment.fbx,99760,97.4 KB,Requires Unity import audit,Requires Unity import audit,Requires Unity import audit,Requires Unity import audit,Requires Unity import audit,Requires Unity import audit,0,0,1,1,Assets/Idyllic Italian Coast Town/Prefabs/Modular Pieces/SM_platform_attachment.prefab,Search scene for MeshCollider refs,Requires Unity/scene object dependency audit,,Requires Unity audit,Requires Unity audit,,,Review,High visual/physics QA
Assets/Furniture Mega Pack/FBX/Sofa/Sofa30.fbx,99756,97.4 KB,Requires Unity import audit,Requires Unity import audit,Requires Unity import audit,Requires Unity import audit,Requires Unity import audit,Requires Unity import audit,0,0,1,1,Assets/Furniture Mega Pack/Prefabs/Sofas/Sofa30.prefab,Search scene for MeshCollider refs,Requires Unity/scene object dependency audit,,Requires Unity audit,Requires Unity audit,,,Review,High visual/physics QA
Assets/DevDen Arch Viz Scotland/Models/Common/plate_1.fbx,99648,97.3 KB,Requires Unity import audit,Requires Unity import audit,Requires Unity import audit,Requires Unity import audit,Requires Unity import audit,Requires Unity import audit,0,0,1,1,Assets/DevDen Arch Viz Scotland/Prefabs/Dining Room/Cutlery_Set.prefab; Assets/DevDen Arch Viz Scotland/Prefabs/Dining Room/PlateGroup.prefab; Assets/DevDen Arch Viz Scotland/Prefabs/Kitchen Room/Dish-drainer.prefab; Assets/DevDen Arch Viz Scotland/Scenes/ArchViz.unity,Search scene for MeshCollider refs,Requires Unity/scene object dependency audit,,Requires Unity audit,Requires Unity audit,,,Review,High visual/physics QA
Assets/Furniture Mega Pack/FBX/Chair/Chair07.fbx,99500,97.2 KB,Requires Unity import audit,Requires Unity import audit,Requires Unity import audit,Requires Unity import audit,Requires Unity import audit,Requires Unity import audit,0,0,1,1,Assets/Furniture Mega Pack/Prefabs/Chairs/Chair07.prefab,Search scene for MeshCollider refs,Requires Unity/scene object dependency audit,,Requires Unity audit,Requires Unity audit,,,Review,High visual/physics QA
Assets/Furniture Mega Pack/FBX/Table/Table41.fbx,98636,96.3 KB,Requires Unity import audit,Requires Unity import audit,Requires Unity import audit,Requires Unity import audit,Requires Unity import audit,Requires Unity import audit,0,0,1,1,Assets/Furniture Mega Pack/Prefabs/Tables/Table41.prefab,Search scene for MeshCollider refs,Requires Unity/scene object dependency audit,,Requires Unity audit,Requires Unity audit,,,Review,High visual/physics QA
Assets/Furniture Mega Pack/FBX/Chair/Chair01.fbx,98316,96.0 KB,Requires Unity import audit,Requires Unity import audit,Requires Unity import audit,Requires Unity import audit,Requires Unity import audit,Requires Unity import audit,0,0,1,1,Assets/Furniture Mega Pack/Prefabs/Chairs/Chair01.prefab,Search scene for MeshCollider refs,Requires Unity/scene object dependency audit,,Requires Unity audit,Requires Unity audit,,,Review,High visual/physics QA
Assets/Furniture Mega Pack/FBX/Kitchen/GasStove03.fbx,97052,94.8 KB,Requires Unity import audit,Requires Unity import audit,Requires Unity import audit,Requires Unity import audit,Requires Unity import audit,Requires Unity import audit,0,0,1,1,Assets/Furniture Mega Pack/Prefabs/Kitchen/GasStove03.prefab,Search scene for MeshCollider refs,Requires Unity/scene object dependency audit,,Requires Unity audit,Requires Unity audit,,,Review,High visual/physics QA
Assets/DevDen Arch Viz Scotland/Models/Balcony/balcony_ chair.fbx,96950,94.7 KB,Requires Unity import audit,Requires Unity import audit,Requires Unity import audit,Requires Unity import audit,Requires Unity import audit,Requires Unity import audit,1,0,0,0,Assets/DevDen Arch Viz Scotland/Prefabs/Balcony/Balcony_ chair.prefab; Assets/DevDen Arch Viz Scotland/Scenes/ArchViz.unity,Search scene for MeshCollider refs,Requires Unity/scene object dependency audit,,Requires Unity audit,Requires Unity audit,,,Review,High visual/physics QA
Assets/DevDen Arch Viz Scotland/Models/Common/notepad.obj,96734,94.5 KB,Requires Unity import audit,Requires Unity import audit,Requires Unity import audit,Requires Unity import audit,Requires Unity import audit,Requires Unity import audit,1,0,0,0,Assets/DevDen Arch Viz Scotland/Prefabs/Common/Notepad.prefab; Assets/DevDen Arch Viz Scotland/Scenes/ArchViz.unity,Search scene for MeshCollider refs,Requires Unity/scene object dependency audit,,Requires Unity audit,Requires Unity audit,,,Review,High visual/physics QA
Assets/Furniture Mega Pack/FBX/Drawer/Drawer46.fbx,96380,94.1 KB,Requires Unity import audit,Requires Unity import audit,Requires Unity import audit,Requires Unity import audit,Requires Unity import audit,Requires Unity import audit,0,0,1,1,Assets/Furniture Mega Pack/Prefabs/Drawers/Drawer46.prefab,Search scene for MeshCollider refs,Requires Unity/scene object dependency audit,,Requires Unity audit,Requires Unity audit,,,Review,High visual/physics QA
Assets/DevDen Arch Viz Scotland/Models/Living Room/RemoteControl.FBX,96347,94.1 KB,Requires Unity import audit,Requires Unity import audit,Requires Unity import audit,Requires Unity import audit,Requires Unity import audit,Requires Unity import audit,1,0,0,0,Assets/DevDen Arch Viz Scotland/Prefabs/Living Room/RemoteControl.prefab; Assets/DevDen Arch Viz Scotland/Scenes/ArchViz.unity,Search scene for MeshCollider refs,Requires Unity/scene object dependency audit,,Requires Unity audit,Requires Unity audit,,,Review,High visual/physics QA
Assets/Idyllic Italian Coast Town/Meshes/Props/SM_table_cafe_cloth_square.fbx,96256,94.0 KB,Requires Unity import audit,Requires Unity import audit,Requires Unity import audit,Requires Unity import audit,Requires Unity import audit,Requires Unity import audit,0,0,1,1,Assets/Idyllic Italian Coast Town/Prefabs/Props/SM_table_cafe_cloth_square (1).prefab; Assets/Idyllic Italian Coast Town/Prefabs/Props/SM_table_cafe_cloth_square (2).prefab; Assets/Idyllic Italian Coast Town/Prefabs/Props/SM_table_cafe_cloth_square.prefab; Assets/Idyllic Italian Coast Town/Prefabs/Props/SM_table_cafe_cloth_square_04.prefab,Search scene for MeshCollider refs,Requires Unity/scene object dependency audit,,Requires Unity audit,Requires Unity audit,,,Review,High visual/physics QA
Assets/Idyllic Italian Coast Town/Meshes/Props/SM_chair_03.fbx,95888,93.6 KB,Requires Unity import audit,Requires Unity import audit,Requires Unity import audit,Requires Unity import audit,Requires Unity import audit,Requires Unity import audit,0,0,1,1,Assets/Idyllic Italian Coast Town/Prefabs/Props/SM_chair_03.prefab,Search scene for MeshCollider refs,Requires Unity/scene object dependency audit,,Requires Unity audit,Requires Unity audit,,,Review,High visual/physics QA
Assets/Furniture Mega Pack/FBX/Bathroom/ShowerSystem04.fbx,95516,93.3 KB,Requires Unity import audit,Requires Unity import audit,Requires Unity import audit,Requires Unity import audit,Requires Unity import audit,Requires Unity import audit,0,0,1,1,Assets/Furniture Mega Pack/Prefabs/Bathroom/ShowerSystem04.prefab,Search scene for MeshCollider refs,Requires Unity/scene object dependency audit,,Requires Unity audit,Requires Unity audit,,,Review,High visual/physics QA
Assets/Furniture Mega Pack/FBX/Table/Table15.fbx,95180,92.9 KB,Requires Unity import audit,Requires Unity import audit,Requires Unity import audit,Requires Unity import audit,Requires Unity import audit,Requires Unity import audit,0,0,1,1,Assets/Furniture Mega Pack/Prefabs/Tables/Table15.prefab,Search scene for MeshCollider refs,Requires Unity/scene object dependency audit,,Requires Unity audit,Requires Unity audit,,,Review,High visual/physics QA
Assets/Idyllic Italian Coast Town/Meshes/Props/SM_balcony_02.fbx,95120,92.9 KB,Requires Unity import audit,Requires Unity import audit,Requires Unity import audit,Requires Unity import audit,Requires Unity import audit,Requires Unity import audit,0,0,1,1,Assets/Idyllic Italian Coast Town/Prefabs/Props/SM_balcony_02.prefab,Search scene for MeshCollider refs,Requires Unity/scene object dependency audit,,Requires Unity audit,Requires Unity audit,,,Review,High visual/physics QA
Assets/Idyllic Italian Coast Town/Meshes/Props/SM_shopsign_small_06.fbx,94480,92.3 KB,Requires Unity import audit,Requires Unity import audit,Requires Unity import audit,Requires Unity import audit,Requires Unity import audit,Requires Unity import audit,0,0,1,1,Assets/Idyllic Italian Coast Town/Prefabs/Props/SM_shopsign_small_06.prefab,Search scene for MeshCollider refs,Requires Unity/scene object dependency audit,,Requires Unity audit,Requires Unity audit,,,Review,High visual/physics QA
Assets/Animated Tropical Vegetation/Models/Dead Trees/dead_tree_2.fbx,94284,92.1 KB,Requires Unity import audit,Requires Unity import audit,Requires Unity import audit,Requires Unity import audit,Requires Unity import audit,Requires Unity import audit,0,0,1,1,Assets/Animated Tropical Vegetation/Prefabs/Static/Dead Trees/Dead Tree 2.prefab,Search scene for MeshCollider refs,Requires Unity/scene object dependency audit,,Requires Unity audit,Requires Unity audit,,,Review,High visual/physics QA
Assets/Furniture Mega Pack/FBX/Kitchen/Refrigerator03.fbx,93436,91.2 KB,Requires Unity import audit,Requires Unity import audit,Requires Unity import audit,Requires Unity import audit,Requires Unity import audit,Requires Unity import audit,0,0,1,1,Assets/Furniture Mega Pack/Prefabs/Kitchen/Refrigerator03.prefab,Search scene for MeshCollider refs,Requires Unity/scene object dependency audit,,Requires Unity audit,Requires Unity audit,,,Review,High visual/physics QA
Assets/Furniture Mega Pack/FBX/Kitchen/GasStove01.fbx,92684,90.5 KB,Requires Unity import audit,Requires Unity import audit,Requires Unity import audit,Requires Unity import audit,Requires Unity import audit,Requires Unity import audit,0,0,1,1,Assets/Furniture Mega Pack/Prefabs/Kitchen/GasStove01.prefab,Search scene for MeshCollider refs,Requires Unity/scene object dependency audit,,Requires Unity audit,Requires Unity audit,,,Review,High visual/physics QA
Assets/Furniture Mega Pack/FBX/Kitchen/MicrowaveOven04.fbx,92348,90.2 KB,Requires Unity import audit,Requires Unity import audit,Requires Unity import audit,Requires Unity import audit,Requires Unity import audit,Requires Unity import audit,0,0,1,1,Assets/Furniture Mega Pack/Prefabs/Kitchen/MicrowaveOven04.prefab,Search scene for MeshCollider refs,Requires Unity/scene object dependency audit,,Requires Unity audit,Requires Unity audit,,,Review,High visual/physics QA
Assets/Idyllic Italian Coast Town/Meshes/Props/SM_flowerpot_02.fbx,92288,90.1 KB,Requires Unity import audit,Requires Unity import audit,Requires Unity import audit,Requires Unity import audit,Requires Unity import audit,Requires Unity import audit,0,0,1,1,Assets/Idyllic Italian Coast Town/Prefabs/Props/SM_flowerpot_02.prefab,Search scene for MeshCollider refs,Requires Unity/scene object dependency audit,,Requires Unity audit,Requires Unity audit,,,Review,High visual/physics QA
Assets/DevDen Arch Viz Scotland/Models/Common/lamp.fbx,92272,90.1 KB,Requires Unity import audit,Requires Unity import audit,Requires Unity import audit,Requires Unity import audit,Requires Unity import audit,Requires Unity import audit,0,0,0,0,Assets/DevDen Arch Viz Scotland/Prefabs/Common/lamp.prefab; Assets/DevDen Arch Viz Scotland/Scenes/ArchViz.unity,Search scene for MeshCollider refs,Requires Unity/scene object dependency audit,,Requires Unity audit,Requires Unity audit,,,Review,High visual/physics QA
Assets/Furniture Mega Pack/FBX/Cushion/Cushion37_40.fbx,92140,90.0 KB,Requires Unity import audit,Requires Unity import audit,Requires Unity import audit,Requires Unity import audit,Requires Unity import audit,Requires Unity import audit,0,0,1,1,Assets/Furniture Mega Pack/Prefabs/Cushioins/Cushion37.prefab; Assets/Furniture Mega Pack/Prefabs/Cushioins/Cushion38.prefab; Assets/Furniture Mega Pack/Prefabs/Cushioins/Cushion39.prefab; Assets/Furniture Mega Pack/Prefabs/Cushioins/Cushion40.prefab,Search scene for MeshCollider refs,Requires Unity/scene object dependency audit,,Requires Unity audit,Requires Unity audit,,,Review,High visual/physics QA
Assets/Furniture Mega Pack/FBX/Chair/Chair48.fbx,91612,89.5 KB,Requires Unity import audit,Requires Unity import audit,Requires Unity import audit,Requires Unity import audit,Requires Unity import audit,Requires Unity import audit,0,0,1,1,Assets/Furniture Mega Pack/Prefabs/Chairs/Chair48.prefab,Search scene for MeshCollider refs,Requires Unity/scene object dependency audit,,Requires Unity audit,Requires Unity audit,,,Review,High visual/physics QA
Assets/Idyllic Italian Coast Town/Meshes/Modular/SM_staircase_03.fbx,91392,89.2 KB,Requires Unity import audit,Requires Unity import audit,Requires Unity import audit,Requires Unity import audit,Requires Unity import audit,Requires Unity import audit,0,0,1,1,Assets/Idyllic Italian Coast Town/Prefabs/Modular Pieces/SM_staircase_03.prefab,Search scene for MeshCollider refs,Requires Unity/scene object dependency audit,,Requires Unity audit,Requires Unity audit,,,Review,High visual/physics QA
Assets/Furniture Mega Pack/FBX/Bathroom/WashBasin04.fbx,90988,88.9 KB,Requires Unity import audit,Requires Unity import audit,Requires Unity import audit,Requires Unity import audit,Requires Unity import audit,Requires Unity import audit,0,0,1,1,Assets/Furniture Mega Pack/Prefabs/Bathroom/WashBasin04.prefab,Search scene for MeshCollider refs,Requires Unity/scene object dependency audit,,Requires Unity audit,Requires Unity audit,,,Review,High visual/physics QA
Assets/Idyllic Italian Coast Town/Meshes/Props/SM_lantern_wall_02.fbx,90624,88.5 KB,Requires Unity import audit,Requires Unity import audit,Requires Unity import audit,Requires Unity import audit,Requires Unity import audit,Requires Unity import audit,0,0,1,1,Assets/Idyllic Italian Coast Town/Prefabs/Props/SM_lantern_wall_02.prefab,Search scene for MeshCollider refs,Requires Unity/scene object dependency audit,,Requires Unity audit,Requires Unity audit,,,Review,High visual/physics QA
Assets/Furniture Mega Pack/FBX/Drawer/Drawer13.fbx,90332,88.2 KB,Requires Unity import audit,Requires Unity import audit,Requires Unity import audit,Requires Unity import audit,Requires Unity import audit,Requires Unity import audit,0,0,1,1,Assets/Furniture Mega Pack/Prefabs/Drawers/Drawer13.prefab,Search scene for MeshCollider refs,Requires Unity/scene object dependency audit,,Requires Unity audit,Requires Unity audit,,,Review,High visual/physics QA
Assets/Furniture Mega Pack/FBX/Table/Table20.fbx,89676,87.6 KB,Requires Unity import audit,Requires Unity import audit,Requires Unity import audit,Requires Unity import audit,Requires Unity import audit,Requires Unity import audit,0,0,1,1,Assets/Furniture Mega Pack/Prefabs/Tables/Table20.prefab,Search scene for MeshCollider refs,Requires Unity/scene object dependency audit,,Requires Unity audit,Requires Unity audit,,,Review,High visual/physics QA
Assets/Furniture Mega Pack/FBX/Drawer/Drawer23.fbx,87820,85.8 KB,Requires Unity import audit,Requires Unity import audit,Requires Unity import audit,Requires Unity import audit,Requires Unity import audit,Requires Unity import audit,0,0,1,1,Assets/Furniture Mega Pack/Prefabs/Drawers/Drawer23.prefab,Search scene for MeshCollider refs,Requires Unity/scene object dependency audit,,Requires Unity audit,Requires Unity audit,,,Review,High visual/physics QA
Assets/Furniture Mega Pack/FBX/Drawer/Drawer21.fbx,87644,85.6 KB,Requires Unity import audit,Requires Unity import audit,Requires Unity import audit,Requires Unity import audit,Requires Unity import audit,Requires Unity import audit,0,0,1,1,Assets/Furniture Mega Pack/Prefabs/Drawers/Drawer21.prefab,Search scene for MeshCollider refs,Requires Unity/scene object dependency audit,,Requires Unity audit,Requires Unity audit,,,Review,High visual/physics QA
Assets/Furniture Mega Pack/FBX/Bathroom/BathTub01.fbx,87612,85.6 KB,Requires Unity import audit,Requires Unity import audit,Requires Unity import audit,Requires Unity import audit,Requires Unity import audit,Requires Unity import audit,0,0,1,1,Assets/Furniture Mega Pack/Prefabs/Bathroom/BathTub01.prefab,Search scene for MeshCollider refs,Requires Unity/scene object dependency audit,,Requires Unity audit,Requires Unity audit,,,Review,High visual/physics QA
Assets/Idyllic Italian Coast Town/Meshes/Props/SM_boat_pylon.fbx,87536,85.5 KB,Requires Unity import audit,Requires Unity import audit,Requires Unity import audit,Requires Unity import audit,Requires Unity import audit,Requires Unity import audit,0,0,1,1,Assets/Idyllic Italian Coast Town/Prefabs/Props/SM_boat_pylon (1).prefab; Assets/Idyllic Italian Coast Town/Prefabs/Props/SM_boat_pylon.prefab,Search scene for MeshCollider refs,Requires Unity/scene object dependency audit,,Requires Unity audit,Requires Unity audit,,,Review,High visual/physics QA
Assets/Furniture Mega Pack/FBX/Drawer/Drawer45.fbx,87500,85.4 KB,Requires Unity import audit,Requires Unity import audit,Requires Unity import audit,Requires Unity import audit,Requires Unity import audit,Requires Unity import audit,0,0,1,1,Assets/Furniture Mega Pack/Prefabs/Drawers/Drawer45.prefab,Search scene for MeshCollider refs,Requires Unity/scene object dependency audit,,Requires Unity audit,Requires Unity audit,,,Review,High visual/physics QA
Assets/Furniture Mega Pack/FBX/Drawer/Drawer22.fbx,87500,85.4 KB,Requires Unity import audit,Requires Unity import audit,Requires Unity import audit,Requires Unity import audit,Requires Unity import audit,Requires Unity import audit,0,0,1,1,Assets/Furniture Mega Pack/Prefabs/Drawers/Drawer22.prefab,Search scene for MeshCollider refs,Requires Unity/scene object dependency audit,,Requires Unity audit,Requires Unity audit,,,Review,High visual/physics QA
Assets/DevDen Arch Viz Scotland/Models/Living Room/Tea Table.fbx,87049,85.0 KB,Requires Unity import audit,Requires Unity import audit,Requires Unity import audit,Requires Unity import audit,Requires Unity import audit,Requires Unity import audit,1,0,0,0,Assets/BH_XR_MainScene.unity; Assets/DevDen Arch Viz Scotland/Prefabs/Living Room/Tea Table.prefab; Assets/DevDen Arch Viz Scotland/Scenes/ArchViz.unity; Assets/_Recovery/0 (17).unity; Assets/_Recovery/0 (18).unity; Assets/_Recovery/0 (21).unity; Assets/_Recovery/0 (22).unity; Assets/_Recovery/0 (23).unity,Search scene for MeshCollider refs,Requires Unity/scene object dependency audit,,Requires Unity audit,Requires Unity audit,,,Review,High visual/physics QA
Assets/Furniture Mega Pack/FBX/Kitchen/Refrigerator04.fbx,86940,84.9 KB,Requires Unity import audit,Requires Unity import audit,Requires Unity import audit,Requires Unity import audit,Requires Unity import audit,Requires Unity import audit,0,0,1,1,Assets/Furniture Mega Pack/Prefabs/Kitchen/Refrigerator04.prefab,Search scene for MeshCollider refs,Requires Unity/scene object dependency audit,,Requires Unity audit,Requires Unity audit,,,Review,High visual/physics QA
Assets/BCaT_assets/SewingRoom/needle_and_thread.glb,86304,84.3 KB,Requires Unity import audit,Requires Unity import audit,Requires Unity import audit,Requires Unity import audit,Requires Unity import audit,Requires Unity import audit,Enabled,,,,Assets/BH_XR_MainScene.unity; Assets/_Recovery/0 (1).unity; Assets/_Recovery/0 (10).unity; Assets/_Recovery/0 (11).unity; Assets/_Recovery/0 (13).unity; Assets/_Recovery/0 (14).unity; Assets/_Recovery/0 (15).unity; Assets/_Recovery/0 (16).unity; Assets/_Recovery/0 (17).unity; Assets/_Recovery/0 (18).unity; Assets/_Recovery/0 (2).unity; Assets/_Recovery/0 (21).unity; Assets/_Recovery/0 (22).unity; Assets/_Recovery/0 (23).unity; Assets/_Recovery/0 (3).unity; Assets/_Recovery/0 (5).unity; Assets/_Recovery/0 (6).unity; Assets/_Recovery/0 (7).unity; Assets/_Recovery/0 (8).unity; Assets/_Recovery/0 (9).unity,Search scene for MeshCollider refs,Requires Unity/scene object dependency audit,,Requires Unity audit,Requires Unity audit,Likely embedded buffer/textures,"JSON:2396; BIN:83880",Review,High visual/physics QA
Assets/Idyllic Italian Coast Town/Meshes/Modular/SM_wall_pillar.fbx,86000,84.0 KB,Requires Unity import audit,Requires Unity import audit,Requires Unity import audit,Requires Unity import audit,Requires Unity import audit,Requires Unity import audit,0,0,1,1,Assets/Idyllic Italian Coast Town/Prefabs/Modular Pieces/SM_wall_pillar (1).prefab; Assets/Idyllic Italian Coast Town/Prefabs/Modular Pieces/SM_wall_pillar (2).prefab; Assets/Idyllic Italian Coast Town/Prefabs/Modular Pieces/SM_wall_pillar.prefab,Search scene for MeshCollider refs,Requires Unity/scene object dependency audit,,Requires Unity audit,Requires Unity audit,,,Review,High visual/physics QA
Assets/Furniture Mega Pack/FBX/Sofa/Sofa10.fbx,85532,83.5 KB,Requires Unity import audit,Requires Unity import audit,Requires Unity import audit,Requires Unity import audit,Requires Unity import audit,Requires Unity import audit,0,0,1,1,Assets/Furniture Mega Pack/Prefabs/Sofas/Sofa10.prefab,Search scene for MeshCollider refs,Requires Unity/scene object dependency audit,,Requires Unity audit,Requires Unity audit,,,Review,High visual/physics QA
Assets/DevDen Arch Viz Scotland/Models/Bathroom/washingmachine(front closed).FBX,85391,83.4 KB,Requires Unity import audit,Requires Unity import audit,Requires Unity import audit,Requires Unity import audit,Requires Unity import audit,Requires Unity import audit,1,0,0,0,Assets/DevDen Arch Viz Scotland/Prefabs/Bathroom/Washingmachine-2.prefab; Assets/DevDen Arch Viz Scotland/Scenes/ArchViz.unity,Search scene for MeshCollider refs,Requires Unity/scene object dependency audit,,Requires Unity audit,Requires Unity audit,,,Review,High visual/physics QA
Assets/Furniture Mega Pack/FBX/Chair/Chair02.fbx,85340,83.3 KB,Requires Unity import audit,Requires Unity import audit,Requires Unity import audit,Requires Unity import audit,Requires Unity import audit,Requires Unity import audit,0,0,1,1,Assets/Furniture Mega Pack/Prefabs/Chairs/Chair02.prefab,Search scene for MeshCollider refs,Requires Unity/scene object dependency audit,,Requires Unity audit,Requires Unity audit,,,Review,High visual/physics QA
Assets/Furniture Mega Pack/FBX/Table/Table42.fbx,84876,82.9 KB,Requires Unity import audit,Requires Unity import audit,Requires Unity import audit,Requires Unity import audit,Requires Unity import audit,Requires Unity import audit,0,0,1,1,Assets/Furniture Mega Pack/Prefabs/Tables/Table42.prefab,Search scene for MeshCollider refs,Requires Unity/scene object dependency audit,,Requires Unity audit,Requires Unity audit,,,Review,High visual/physics QA
Assets/Idyllic Italian Coast Town/Meshes/Props/SM_lantern_wall_01.fbx,84448,82.5 KB,Requires Unity import audit,Requires Unity import audit,Requires Unity import audit,Requires Unity import audit,Requires Unity import audit,Requires Unity import audit,0,0,1,1,Assets/Idyllic Italian Coast Town/Prefabs/Props/SM_lantern_wall_01.prefab,Search scene for MeshCollider refs,Requires Unity/scene object dependency audit,,Requires Unity audit,Requires Unity audit,,,Review,High visual/physics QA
Assets/Idyllic Italian Coast Town/Meshes/Props/SM_parasol.fbx,84224,82.2 KB,Requires Unity import audit,Requires Unity import audit,Requires Unity import audit,Requires Unity import audit,Requires Unity import audit,Requires Unity import audit,0,0,1,1,Assets/Idyllic Italian Coast Town/Prefabs/Props/SM_parasol (1).prefab; Assets/Idyllic Italian Coast Town/Prefabs/Props/SM_parasol.prefab,Search scene for MeshCollider refs,Requires Unity/scene object dependency audit,,Requires Unity audit,Requires Unity audit,,,Review,High visual/physics QA
Assets/Furniture Mega Pack/FBX/Table/Table29.fbx,84140,82.2 KB,Requires Unity import audit,Requires Unity import audit,Requires Unity import audit,Requires Unity import audit,Requires Unity import audit,Requires Unity import audit,0,0,1,1,Assets/Furniture Mega Pack/Prefabs/Tables/Table29.prefab,Search scene for MeshCollider refs,Requires Unity/scene object dependency audit,,Requires Unity audit,Requires Unity audit,,,Review,High visual/physics QA
Assets/Idyllic Italian Coast Town/Meshes/Props/SM_lantern_wall_03.fbx,83952,82.0 KB,Requires Unity import audit,Requires Unity import audit,Requires Unity import audit,Requires Unity import audit,Requires Unity import audit,Requires Unity import audit,0,0,1,1,Assets/Idyllic Italian Coast Town/Prefabs/Props/SM_lantern_wall_03.prefab,Search scene for MeshCollider refs,Requires Unity/scene object dependency audit,,Requires Unity audit,Requires Unity audit,,,Review,High visual/physics QA
Assets/Furniture Mega Pack/FBX/Drawer/Drawer34.fbx,83740,81.8 KB,Requires Unity import audit,Requires Unity import audit,Requires Unity import audit,Requires Unity import audit,Requires Unity import audit,Requires Unity import audit,0,0,1,1,Assets/Furniture Mega Pack/Prefabs/Drawers/Drawer34.prefab,Search scene for MeshCollider refs,Requires Unity/scene object dependency audit,,Requires Unity audit,Requires Unity audit,,,Review,High visual/physics QA
Assets/DevDen Arch Viz Scotland/Models/Kitchen Room/TOASTER.obj,83712,81.8 KB,Requires Unity import audit,Requires Unity import audit,Requires Unity import audit,Requires Unity import audit,Requires Unity import audit,Requires Unity import audit,1,0,0,0,Assets/DevDen Arch Viz Scotland/Prefabs/Kitchen Room/Toaster.prefab; Assets/DevDen Arch Viz Scotland/Scenes/ArchViz.unity,Search scene for MeshCollider refs,Requires Unity/scene object dependency audit,,Requires Unity audit,Requires Unity audit,,,Review,High visual/physics QA
Assets/Furniture Mega Pack/FBX/Chair/Chair22.fbx,83436,81.5 KB,Requires Unity import audit,Requires Unity import audit,Requires Unity import audit,Requires Unity import audit,Requires Unity import audit,Requires Unity import audit,0,0,1,1,Assets/Furniture Mega Pack/Prefabs/Chairs/Chair22.prefab,Search scene for MeshCollider refs,Requires Unity/scene object dependency audit,,Requires Unity audit,Requires Unity audit,,,Review,High visual/physics QA
Assets/Furniture Mega Pack/FBX/Drawer/Drawer37.fbx,83228,81.3 KB,Requires Unity import audit,Requires Unity import audit,Requires Unity import audit,Requires Unity import audit,Requires Unity import audit,Requires Unity import audit,0,0,1,1,Assets/Furniture Mega Pack/Prefabs/Drawers/Drawer37.prefab,Search scene for MeshCollider refs,Requires Unity/scene object dependency audit,,Requires Unity audit,Requires Unity audit,,,Review,High visual/physics QA
Assets/Furniture Mega Pack/FBX/Kitchen/Refrigerator05.fbx,82172,80.2 KB,Requires Unity import audit,Requires Unity import audit,Requires Unity import audit,Requires Unity import audit,Requires Unity import audit,Requires Unity import audit,0,0,1,1,Assets/Furniture Mega Pack/Prefabs/Kitchen/Refrigerator05.prefab,Search scene for MeshCollider refs,Requires Unity/scene object dependency audit,,Requires Unity audit,Requires Unity audit,,,Review,High visual/physics QA
Assets/Idyllic Italian Coast Town/Meshes/Props/SM_shopsign_small_05.fbx,82032,80.1 KB,Requires Unity import audit,Requires Unity import audit,Requires Unity import audit,Requires Unity import audit,Requires Unity import audit,Requires Unity import audit,0,0,1,1,Assets/Idyllic Italian Coast Town/Prefabs/Props/SM_shopsign_small_05.prefab,Search scene for MeshCollider refs,Requires Unity/scene object dependency audit,,Requires Unity audit,Requires Unity audit,,,Review,High visual/physics QA
Assets/Idyllic Italian Coast Town/Meshes/Props/SM_shopsign_small_04.fbx,81872,80.0 KB,Requires Unity import audit,Requires Unity import audit,Requires Unity import audit,Requires Unity import audit,Requires Unity import audit,Requires Unity import audit,0,0,1,1,Assets/Idyllic Italian Coast Town/Prefabs/Props/SM_shopsign_small_04.prefab,Search scene for MeshCollider refs,Requires Unity/scene object dependency audit,,Requires Unity audit,Requires Unity audit,,,Review,High visual/physics QA
Assets/Furniture Mega Pack/FBX/Kitchen/Sink03.fbx,81372,79.5 KB,Requires Unity import audit,Requires Unity import audit,Requires Unity import audit,Requires Unity import audit,Requires Unity import audit,Requires Unity import audit,0,0,1,1,Assets/Furniture Mega Pack/Prefabs/Kitchen/Sink03.prefab,Search scene for MeshCollider refs,Requires Unity/scene object dependency audit,,Requires Unity audit,Requires Unity audit,,,Review,High visual/physics QA
Assets/DevDen Arch Viz Scotland/Models/Bathroom/bathroom_cabin.fbx,80853,79.0 KB,Requires Unity import audit,Requires Unity import audit,Requires Unity import audit,Requires Unity import audit,Requires Unity import audit,Requires Unity import audit,1,0,0,0,Assets/DevDen Arch Viz Scotland/Prefabs/Bathroom/Bathroom_cabin.prefab; Assets/DevDen Arch Viz Scotland/Scenes/ArchViz.unity,Search scene for MeshCollider refs,Requires Unity/scene object dependency audit,,Requires Unity audit,Requires Unity audit,,,Review,High visual/physics QA
Assets/DevDen Arch Viz Scotland/Models/Bed Room/VaseFloor02_1.FBX,80656,78.8 KB,Requires Unity import audit,Requires Unity import audit,Requires Unity import audit,Requires Unity import audit,Requires Unity import audit,Requires Unity import audit,1,0,0,0,Assets/DevDen Arch Viz Scotland/Prefabs/Common/VaseFloor_1.prefab; Assets/DevDen Arch Viz Scotland/Scenes/ArchViz.unity,Search scene for MeshCollider refs,Requires Unity/scene object dependency audit,,Requires Unity audit,Requires Unity audit,,,Review,High visual/physics QA
Assets/Furniture Mega Pack/FBX/Table/Table40.fbx,79340,77.5 KB,Requires Unity import audit,Requires Unity import audit,Requires Unity import audit,Requires Unity import audit,Requires Unity import audit,Requires Unity import audit,0,0,1,1,Assets/Furniture Mega Pack/Prefabs/Tables/Table40.prefab,Search scene for MeshCollider refs,Requires Unity/scene object dependency audit,,Requires Unity audit,Requires Unity audit,,,Review,High visual/physics QA
Assets/DevDen Arch Viz Scotland/Models/Living Room/laptop.FBX,78849,77.0 KB,Requires Unity import audit,Requires Unity import audit,Requires Unity import audit,Requires Unity import audit,Requires Unity import audit,Requires Unity import audit,1,0,0,0,Assets/DevDen Arch Viz Scotland/Prefabs/Living Room/Laptop.prefab; Assets/DevDen Arch Viz Scotland/Scenes/ArchViz.unity,Search scene for MeshCollider refs,Requires Unity/scene object dependency audit,,Requires Unity audit,Requires Unity audit,,,Review,High visual/physics QA
Assets/Furniture Mega Pack/FBX/Drawer/Drawer12.fbx,77996,76.2 KB,Requires Unity import audit,Requires Unity import audit,Requires Unity import audit,Requires Unity import audit,Requires Unity import audit,Requires Unity import audit,0,0,1,1,Assets/Furniture Mega Pack/Prefabs/Drawers/Drawer12.prefab,Search scene for MeshCollider refs,Requires Unity/scene object dependency audit,,Requires Unity audit,Requires Unity audit,,,Review,High visual/physics QA
Assets/Idyllic Italian Coast Town/Meshes/Props/SM_chair_02.fbx,77968,76.1 KB,Requires Unity import audit,Requires Unity import audit,Requires Unity import audit,Requires Unity import audit,Requires Unity import audit,Requires Unity import audit,0,0,1,1,Assets/Idyllic Italian Coast Town/Prefabs/Props/SM_chair_02.prefab,Search scene for MeshCollider refs,Requires Unity/scene object dependency audit,,Requires Unity audit,Requires Unity audit,,,Review,High visual/physics QA
Assets/Furniture Mega Pack/FBX/Drawer/Drawer47.fbx,77724,75.9 KB,Requires Unity import audit,Requires Unity import audit,Requires Unity import audit,Requires Unity import audit,Requires Unity import audit,Requires Unity import audit,0,0,1,1,Assets/Furniture Mega Pack/Prefabs/Drawers/Drawer47.prefab,Search scene for MeshCollider refs,Requires Unity/scene object dependency audit,,Requires Unity audit,Requires Unity audit,,,Review,High visual/physics QA
Assets/Furniture Mega Pack/FBX/Cushion/Cushion49_50.fbx,77500,75.7 KB,Requires Unity import audit,Requires Unity import audit,Requires Unity import audit,Requires Unity import audit,Requires Unity import audit,Requires Unity import audit,0,0,1,1,Assets/Furniture Mega Pack/Prefabs/Cushioins/Cushion49.prefab; Assets/Furniture Mega Pack/Prefabs/Cushioins/Cushion50.prefab,Search scene for MeshCollider refs,Requires Unity/scene object dependency audit,,Requires Unity audit,Requires Unity audit,,,Review,High visual/physics QA
Assets/Furniture Mega Pack/FBX/Bed/Bed38.fbx,77052,75.2 KB,Requires Unity import audit,Requires Unity import audit,Requires Unity import audit,Requires Unity import audit,Requires Unity import audit,Requires Unity import audit,0,0,1,1,Assets/Furniture Mega Pack/Prefabs/Beds/Bed38.prefab,Search scene for MeshCollider refs,Requires Unity/scene object dependency audit,,Requires Unity audit,Requires Unity audit,,,Review,High visual/physics QA
Assets/Furniture Mega Pack/FBX/Bed/Bed37.fbx,76940,75.1 KB,Requires Unity import audit,Requires Unity import audit,Requires Unity import audit,Requires Unity import audit,Requires Unity import audit,Requires Unity import audit,0,0,1,1,Assets/Furniture Mega Pack/Prefabs/Beds/Bed37.prefab,Search scene for MeshCollider refs,Requires Unity/scene object dependency audit,,Requires Unity audit,Requires Unity audit,,,Review,High visual/physics QA
Assets/Idyllic Italian Coast Town/Meshes/Modular/SM_wall_fence.fbx,76352,74.6 KB,Requires Unity import audit,Requires Unity import audit,Requires Unity import audit,Requires Unity import audit,Requires Unity import audit,Requires Unity import audit,0,0,1,1,Assets/Idyllic Italian Coast Town/Prefabs/Modular Pieces/SM_wall_fence (1).prefab; Assets/Idyllic Italian Coast Town/Prefabs/Modular Pieces/SM_wall_fence (2).prefab; Assets/Idyllic Italian Coast Town/Prefabs/Modular Pieces/SM_wall_fence.prefab,Search scene for MeshCollider refs,Requires Unity/scene object dependency audit,,Requires Unity audit,Requires Unity audit,,,Review,High visual/physics QA
Assets/Animated Tropical Vegetation/Models/Dead Trees/dead_tree_1.fbx,76252,74.5 KB,Requires Unity import audit,Requires Unity import audit,Requires Unity import audit,Requires Unity import audit,Requires Unity import audit,Requires Unity import audit,0,0,1,1,Assets/Animated Tropical Vegetation/Prefabs/Static/Dead Trees/Dead Tree 1.prefab,Search scene for MeshCollider refs,Requires Unity/scene object dependency audit,,Requires Unity audit,Requires Unity audit,,,Review,High visual/physics QA
Assets/Furniture Mega Pack/FBX/Kitchen/GasStove02.fbx,75868,74.1 KB,Requires Unity import audit,Requires Unity import audit,Requires Unity import audit,Requires Unity import audit,Requires Unity import audit,Requires Unity import audit,0,0,1,1,Assets/Furniture Mega Pack/Prefabs/Kitchen/GasStove02.prefab,Search scene for MeshCollider refs,Requires Unity/scene object dependency audit,,Requires Unity audit,Requires Unity audit,,,Review,High visual/physics QA
Assets/Idyllic Italian Coast Town/Meshes/Props/SM_lantern_street_02.fbx,75760,74.0 KB,Requires Unity import audit,Requires Unity import audit,Requires Unity import audit,Requires Unity import audit,Requires Unity import audit,Requires Unity import audit,0,0,1,1,Assets/Idyllic Italian Coast Town/Prefabs/Props/SM_lantern_street_02.prefab,Search scene for MeshCollider refs,Requires Unity/scene object dependency audit,,Requires Unity audit,Requires Unity audit,,,Review,High visual/physics QA
Assets/Furniture Mega Pack/FBX/Kitchen/MicrowaveOven01.fbx,73980,72.2 KB,Requires Unity import audit,Requires Unity import audit,Requires Unity import audit,Requires Unity import audit,Requires Unity import audit,Requires Unity import audit,0,0,1,1,Assets/Furniture Mega Pack/Prefabs/Kitchen/MicrowaveOven01.prefab,Search scene for MeshCollider refs,Requires Unity/scene object dependency audit,,Requires Unity audit,Requires Unity audit,,,Review,High visual/physics QA
Assets/SubstanceAssets/LittleGamesPack/Models/Chess/BlackQueen.fbx,73724,72.0 KB,Requires Unity import audit,Requires Unity import audit,Requires Unity import audit,Requires Unity import audit,Requires Unity import audit,Requires Unity import audit,0,0,1,1,Assets/SubstanceAssets/LittleGamesPack/Prefabs/Individual Pieces/Chess/BlackQueen.prefab; Assets/SubstanceAssets/LittleGamesPack/Prefabs/Individual Pieces/Chess/WhiteQueen.prefab; Assets/SubstanceAssets/LittleGamesPack/Scenes/DemoScene.unity,Search scene for MeshCollider refs,Requires Unity/scene object dependency audit,,Requires Unity audit,Requires Unity audit,,,Review,High visual/physics QA
Assets/SubstanceAssets/LittleGamesPack/Models/Chess/WhiteQueen.fbx,73708,72.0 KB,Requires Unity import audit,Requires Unity import audit,Requires Unity import audit,Requires Unity import audit,Requires Unity import audit,Requires Unity import audit,0,0,1,1,Assets/SubstanceAssets/LittleGamesPack/Prefabs/Individual Pieces/Chess/WhiteQueen.prefab; Assets/SubstanceAssets/LittleGamesPack/Scenes/DemoScene.unity,Search scene for MeshCollider refs,Requires Unity/scene object dependency audit,,Requires Unity audit,Requires Unity audit,,,Review,High visual/physics QA
Assets/Idyllic Italian Coast Town/Meshes/Props/SM_lantern_street_01.fbx,72656,71.0 KB,Requires Unity import audit,Requires Unity import audit,Requires Unity import audit,Requires Unity import audit,Requires Unity import audit,Requires Unity import audit,0,0,1,1,Assets/Idyllic Italian Coast Town/Prefabs/Props/SM_lantern_street_01.prefab,Search scene for MeshCollider refs,Requires Unity/scene object dependency audit,,Requires Unity audit,Requires Unity audit,,,Review,High visual/physics QA
Assets/SubstanceAssets/LittleGamesPack/Models/Chess/BlackBishop.fbx,71980,70.3 KB,Requires Unity import audit,Requires Unity import audit,Requires Unity import audit,Requires Unity import audit,Requires Unity import audit,Requires Unity import audit,0,0,1,1,Assets/SubstanceAssets/LittleGamesPack/Prefabs/Individual Pieces/Chess/BlackBishop.prefab; Assets/SubstanceAssets/LittleGamesPack/Prefabs/Individual Pieces/Chess/WhiteBishop.prefab; Assets/SubstanceAssets/LittleGamesPack/Scenes/DemoScene.unity,Search scene for MeshCollider refs,Requires Unity/scene object dependency audit,,Requires Unity audit,Requires Unity audit,,,Review,High visual/physics QA
Assets/SubstanceAssets/LittleGamesPack/Models/Chess/WhiteBishop.fbx,71948,70.3 KB,Requires Unity import audit,Requires Unity import audit,Requires Unity import audit,Requires Unity import audit,Requires Unity import audit,Requires Unity import audit,0,0,1,1,Assets/SubstanceAssets/LittleGamesPack/Prefabs/Individual Pieces/Chess/WhiteBishop.prefab; Assets/SubstanceAssets/LittleGamesPack/Scenes/DemoScene.unity,Search scene for MeshCollider refs,Requires Unity/scene object dependency audit,,Requires Unity audit,Requires Unity audit,,,Review,High visual/physics QA
Assets/Furniture Mega Pack/FBX/Kitchen/GasStove06.fbx,71324,69.7 KB,Requires Unity import audit,Requires Unity import audit,Requires Unity import audit,Requires Unity import audit,Requires Unity import audit,Requires Unity import audit,0,0,1,1,Assets/Furniture Mega Pack/Prefabs/Kitchen/GasStove06.prefab,Search scene for MeshCollider refs,Requires Unity/scene object dependency audit,,Requires Unity audit,Requires Unity audit,,,Review,High visual/physics QA
Assets/Idyllic Italian Coast Town/Meshes/Props/SM_bush_jungle_01.fbx,71200,69.5 KB,Requires Unity import audit,Requires Unity import audit,Requires Unity import audit,Requires Unity import audit,Requires Unity import audit,Requires Unity import audit,0,0,1,1,Assets/Idyllic Italian Coast Town/Prefabs/Props/SM_leaves.prefab,Search scene for MeshCollider refs,Requires Unity/scene object dependency audit,,Requires Unity audit,Requires Unity audit,,,Review,High visual/physics QA
Assets/Idyllic Italian Coast Town/Meshes/Props/SM_treesquare.fbx,71152,69.5 KB,Requires Unity import audit,Requires Unity import audit,Requires Unity import audit,Requires Unity import audit,Requires Unity import audit,Requires Unity import audit,0,0,1,1,Assets/Idyllic Italian Coast Town/Prefabs/Props/SM_treesquare.prefab,Search scene for MeshCollider refs,Requires Unity/scene object dependency audit,,Requires Unity audit,Requires Unity audit,,,Review,High visual/physics QA
Assets/Idyllic Italian Coast Town/Meshes/Props/SM_rescuering.fbx,71088,69.4 KB,Requires Unity import audit,Requires Unity import audit,Requires Unity import audit,Requires Unity import audit,Requires Unity import audit,Requires Unity import audit,0,0,1,1,Assets/Idyllic Italian Coast Town/Prefabs/Props/SM_rescuering.prefab,Search scene for MeshCollider refs,Requires Unity/scene object dependency audit,,Requires Unity audit,Requires Unity audit,,,Review,High visual/physics QA
Assets/Furniture Mega Pack/FBX/Kitchen/MicrowaveOven06.fbx,70972,69.3 KB,Requires Unity import audit,Requires Unity import audit,Requires Unity import audit,Requires Unity import audit,Requires Unity import audit,Requires Unity import audit,0,0,1,1,Assets/Furniture Mega Pack/Prefabs/Kitchen/MicrowaveOven06.prefab,Search scene for MeshCollider refs,Requires Unity/scene object dependency audit,,Requires Unity audit,Requires Unity audit,,,Review,High visual/physics QA
Assets/Furniture Mega Pack/FBX/Kitchen/KitchenOven02.fbx,70860,69.2 KB,Requires Unity import audit,Requires Unity import audit,Requires Unity import audit,Requires Unity import audit,Requires Unity import audit,Requires Unity import audit,0,0,1,1,Assets/Furniture Mega Pack/Prefabs/Kitchen/KitchenOven02.prefab,Search scene for MeshCollider refs,Requires Unity/scene object dependency audit,,Requires Unity audit,Requires Unity audit,,,Review,High visual/physics QA
Assets/Furniture Mega Pack/FBX/Chair/Chair21.fbx,70460,68.8 KB,Requires Unity import audit,Requires Unity import audit,Requires Unity import audit,Requires Unity import audit,Requires Unity import audit,Requires Unity import audit,0,0,1,1,Assets/Furniture Mega Pack/Prefabs/Chairs/Chair21.prefab,Search scene for MeshCollider refs,Requires Unity/scene object dependency audit,,Requires Unity audit,Requires Unity audit,,,Review,High visual/physics QA
Assets/Furniture Mega Pack/FBX/Drawer/Drawer11.fbx,70140,68.5 KB,Requires Unity import audit,Requires Unity import audit,Requires Unity import audit,Requires Unity import audit,Requires Unity import audit,Requires Unity import audit,0,0,1,1,Assets/Furniture Mega Pack/Prefabs/Drawers/Drawer11.prefab,Search scene for MeshCollider refs,Requires Unity/scene object dependency audit,,Requires Unity audit,Requires Unity audit,,,Review,High visual/physics QA
Assets/Furniture Mega Pack/FBX/Kitchen/MicrowaveOven07.fbx,69164,67.5 KB,Requires Unity import audit,Requires Unity import audit,Requires Unity import audit,Requires Unity import audit,Requires Unity import audit,Requires Unity import audit,0,0,1,1,Assets/Furniture Mega Pack/Prefabs/Kitchen/MicrowaveOven07.prefab,Search scene for MeshCollider refs,Requires Unity/scene object dependency audit,,Requires Unity audit,Requires Unity audit,,,Review,High visual/physics QA
Assets/SubstanceAssets/LittleGamesPack/Models/Chess/WhiteKing.fbx,68764,67.2 KB,Requires Unity import audit,Requires Unity import audit,Requires Unity import audit,Requires Unity import audit,Requires Unity import audit,Requires Unity import audit,0,0,1,1,Assets/SubstanceAssets/LittleGamesPack/Prefabs/Individual Pieces/Chess/WhiteKing.prefab; Assets/SubstanceAssets/LittleGamesPack/Scenes/DemoScene.unity,Search scene for MeshCollider refs,Requires Unity/scene object dependency audit,,Requires Unity audit,Requires Unity audit,,,Review,High visual/physics QA
Assets/SubstanceAssets/LittleGamesPack/Models/Chess/BlackKing.fbx,68700,67.1 KB,Requires Unity import audit,Requires Unity import audit,Requires Unity import audit,Requires Unity import audit,Requires Unity import audit,Requires Unity import audit,0,0,1,1,Assets/SubstanceAssets/LittleGamesPack/Prefabs/Individual Pieces/Chess/BlackKing.prefab; Assets/SubstanceAssets/LittleGamesPack/Prefabs/Individual Pieces/Chess/WhiteKing.prefab; Assets/SubstanceAssets/LittleGamesPack/Scenes/DemoScene.unity,Search scene for MeshCollider refs,Requires Unity/scene object dependency audit,,Requires Unity audit,Requires Unity audit,,,Review,High visual/physics QA
Assets/DevDen Arch Viz Scotland/Models/Bed Room/dressing_mirror.fbx,67599,66.0 KB,Requires Unity import audit,Requires Unity import audit,Requires Unity import audit,Requires Unity import audit,Requires Unity import audit,Requires Unity import audit,1,0,0,0,Assets/DevDen Arch Viz Scotland/Prefabs/Bed Room/Dressing_mirror.prefab; Assets/DevDen Arch Viz Scotland/Scenes/ArchViz.unity,Search scene for MeshCollider refs,Requires Unity/scene object dependency audit,,Requires Unity audit,Requires Unity audit,,,Review,High visual/physics QA
Assets/Pandazole_Ultimate_Pack/Pandazole Farm Ranch Pack/Models/Prop_Wheelbarrow.fbx,66332,64.8 KB,Requires Unity import audit,Requires Unity import audit,Requires Unity import audit,Requires Unity import audit,Requires Unity import audit,Requires Unity import audit,0,0,1,1,Assets/Pandazole_Ultimate_Pack/Pandazole Farm Ranch Pack/Prefabs/Prop_Wheelbarrow.prefab,Search scene for MeshCollider refs,Requires Unity/scene object dependency audit,,Requires Unity audit,Requires Unity audit,,,Review,High visual/physics QA
Assets/Idyllic Italian Coast Town/Meshes/Props/SM_airconditioner.fbx,66192,64.6 KB,Requires Unity import audit,Requires Unity import audit,Requires Unity import audit,Requires Unity import audit,Requires Unity import audit,Requires Unity import audit,0,0,1,1,Assets/Idyllic Italian Coast Town/Prefabs/Props/SM_airconditioner.prefab,Search scene for MeshCollider refs,Requires Unity/scene object dependency audit,,Requires Unity audit,Requires Unity audit,,,Review,High visual/physics QA
Assets/Furniture Mega Pack/FBX/Kitchen/KitchenOven07.fbx,66188,64.6 KB,Requires Unity import audit,Requires Unity import audit,Requires Unity import audit,Requires Unity import audit,Requires Unity import audit,Requires Unity import audit,0,0,1,1,Assets/Furniture Mega Pack/Prefabs/Kitchen/KitchenOven07.prefab,Search scene for MeshCollider refs,Requires Unity/scene object dependency audit,,Requires Unity audit,Requires Unity audit,,,Review,High visual/physics QA
Assets/Furniture Mega Pack/FBX/Kitchen/KitchenOven01.fbx,65500,64.0 KB,Requires Unity import audit,Requires Unity import audit,Requires Unity import audit,Requires Unity import audit,Requires Unity import audit,Requires Unity import audit,0,0,1,1,Assets/Furniture Mega Pack/Prefabs/Kitchen/KitchenOven01.prefab,Search scene for MeshCollider refs,Requires Unity/scene object dependency audit,,Requires Unity audit,Requires Unity audit,,,Review,High visual/physics QA
Assets/Furniture Mega Pack/FBX/Kitchen/GasStove04.fbx,65244,63.7 KB,Requires Unity import audit,Requires Unity import audit,Requires Unity import audit,Requires Unity import audit,Requires Unity import audit,Requires Unity import audit,0,0,1,1,Assets/Furniture Mega Pack/Prefabs/Kitchen/GasStove04.prefab,Search scene for MeshCollider refs,Requires Unity/scene object dependency audit,,Requires Unity audit,Requires Unity audit,,,Review,High visual/physics QA
Assets/DevDen Arch Viz Scotland/Models/Common/switch.FBX,65001,63.5 KB,Requires Unity import audit,Requires Unity import audit,Requires Unity import audit,Requires Unity import audit,Requires Unity import audit,Requires Unity import audit,1,0,0,0,Assets/DevDen Arch Viz Scotland/Prefabs/Common/Switch&Socket .prefab; Assets/DevDen Arch Viz Scotland/Scenes/ArchViz.unity,Search scene for MeshCollider refs,Requires Unity/scene object dependency audit,,Requires Unity audit,Requires Unity audit,,,Review,High visual/physics QA
Assets/Furniture Mega Pack/FBX/Drawer/Drawer15.fbx,64892,63.4 KB,Requires Unity import audit,Requires Unity import audit,Requires Unity import audit,Requires Unity import audit,Requires Unity import audit,Requires Unity import audit,0,0,1,1,Assets/Furniture Mega Pack/Prefabs/Drawers/Drawer15.prefab,Search scene for MeshCollider refs,Requires Unity/scene object dependency audit,,Requires Unity audit,Requires Unity audit,,,Review,High visual/physics QA
Assets/Furniture Mega Pack/FBX/Drawer/Drawer16.fbx,64828,63.3 KB,Requires Unity import audit,Requires Unity import audit,Requires Unity import audit,Requires Unity import audit,Requires Unity import audit,Requires Unity import audit,0,0,1,1,Assets/Furniture Mega Pack/Prefabs/Drawers/Drawer16.prefab,Search scene for MeshCollider refs,Requires Unity/scene object dependency audit,,Requires Unity audit,Requires Unity audit,,,Review,High visual/physics QA
Assets/Furniture Mega Pack/FBX/Table/Table43.fbx,64812,63.3 KB,Requires Unity import audit,Requires Unity import audit,Requires Unity import audit,Requires Unity import audit,Requires Unity import audit,Requires Unity import audit,0,0,1,1,Assets/Furniture Mega Pack/Prefabs/Tables/Table43.prefab,Search scene for MeshCollider refs,Requires Unity/scene object dependency audit,,Requires Unity audit,Requires Unity audit,,,Review,High visual/physics QA
Assets/Furniture Mega Pack/FBX/Kitchen/KitchenOven05.fbx,64764,63.2 KB,Requires Unity import audit,Requires Unity import audit,Requires Unity import audit,Requires Unity import audit,Requires Unity import audit,Requires Unity import audit,0,0,1,1,Assets/Furniture Mega Pack/Prefabs/Kitchen/KitchenOven05.prefab,Search scene for MeshCollider refs,Requires Unity/scene object dependency audit,,Requires Unity audit,Requires Unity audit,,,Review,High visual/physics QA
Assets/Furniture Mega Pack/FBX/Drawer/Drawer17.fbx,64476,63.0 KB,Requires Unity import audit,Requires Unity import audit,Requires Unity import audit,Requires Unity import audit,Requires Unity import audit,Requires Unity import audit,0,0,1,1,Assets/Furniture Mega Pack/Prefabs/Drawers/Drawer17.prefab,Search scene for MeshCollider refs,Requires Unity/scene object dependency audit,,Requires Unity audit,Requires Unity audit,,,Review,High visual/physics QA
Assets/Idyllic Italian Coast Town/Meshes/Props/SM_pipe_attachment.fbx,64368,62.9 KB,Requires Unity import audit,Requires Unity import audit,Requires Unity import audit,Requires Unity import audit,Requires Unity import audit,Requires Unity import audit,0,0,1,1,Assets/Idyllic Italian Coast Town/Prefabs/Props/SM_pipe_attachment.prefab,Search scene for MeshCollider refs,Requires Unity/scene object dependency audit,,Requires Unity audit,Requires Unity audit,,,Review,High visual/physics QA
Assets/Furniture Mega Pack/FBX/Drawer/Drawer18.fbx,64364,62.9 KB,Requires Unity import audit,Requires Unity import audit,Requires Unity import audit,Requires Unity import audit,Requires Unity import audit,Requires Unity import audit,0,0,1,1,Assets/Furniture Mega Pack/Prefabs/Drawers/Drawer18.prefab,Search scene for MeshCollider refs,Requires Unity/scene object dependency audit,,Requires Unity audit,Requires Unity audit,,,Review,High visual/physics QA
Assets/Furniture Mega Pack/FBX/Kitchen/KitchenOven06.fbx,64300,62.8 KB,Requires Unity import audit,Requires Unity import audit,Requires Unity import audit,Requires Unity import audit,Requires Unity import audit,Requires Unity import audit,0,0,1,1,Assets/Furniture Mega Pack/Prefabs/Kitchen/KitchenOven06.prefab,Search scene for MeshCollider refs,Requires Unity/scene object dependency audit,,Requires Unity audit,Requires Unity audit,,,Review,High visual/physics QA
Assets/Idyllic Italian Coast Town/Meshes/Props/SM_boat.fbx,64048,62.5 KB,Requires Unity import audit,Requires Unity import audit,Requires Unity import audit,Requires Unity import audit,Requires Unity import audit,Requires Unity import audit,0,0,1,1,Assets/Idyllic Italian Coast Town/Prefabs/Props/SM_boat (1).prefab; Assets/Idyllic Italian Coast Town/Prefabs/Props/SM_boat.prefab,Search scene for MeshCollider refs,Requires Unity/scene object dependency audit,,Requires Unity audit,Requires Unity audit,,,Review,High visual/physics QA
Assets/Furniture Mega Pack/FBX/Bathroom/BathTub04.fbx,63804,62.3 KB,Requires Unity import audit,Requires Unity import audit,Requires Unity import audit,Requires Unity import audit,Requires Unity import audit,Requires Unity import audit,0,0,1,1,Assets/Furniture Mega Pack/Prefabs/Bathroom/BathTub04.prefab,Search scene for MeshCollider refs,Requires Unity/scene object dependency audit,,Requires Unity audit,Requires Unity audit,,,Review,High visual/physics QA
Assets/Idyllic Italian Coast Town/Meshes/Props/SM_leaves_Small.fbx,62960,61.5 KB,Requires Unity import audit,Requires Unity import audit,Requires Unity import audit,Requires Unity import audit,Requires Unity import audit,Requires Unity import audit,0,0,1,1,Assets/Idyllic Italian Coast Town/Prefabs/Props/SM_leaves_Small.prefab,Search scene for MeshCollider refs,Requires Unity/scene object dependency audit,,Requires Unity audit,Requires Unity audit,,,Review,High visual/physics QA
Assets/danthaigames/DS 80s Television/FBX/TV.fbx,62716,61.2 KB,Requires Unity import audit,Requires Unity import audit,Requires Unity import audit,Requires Unity import audit,Requires Unity import audit,Requires Unity import audit,1,0,1,1,Assets/danthaigames/DS 80s Television/Prefabs/80sTelevision.prefab,Search scene for MeshCollider refs,Requires Unity/scene object dependency audit,,Requires Unity audit,Requires Unity audit,,,Review,High visual/physics QA
Assets/Idyllic Italian Coast Town/Meshes/Props/SM_box_lemons.fbx,62624,61.2 KB,Requires Unity import audit,Requires Unity import audit,Requires Unity import audit,Requires Unity import audit,Requires Unity import audit,Requires Unity import audit,0,0,1,1,Assets/Idyllic Italian Coast Town/Prefabs/Props/SM_box_lemons.prefab,Search scene for MeshCollider refs,Requires Unity/scene object dependency audit,,Requires Unity audit,Requires Unity audit,,,Review,High visual/physics QA
Assets/Furniture Mega Pack/FBX/Chair/Chair23.fbx,62108,60.7 KB,Requires Unity import audit,Requires Unity import audit,Requires Unity import audit,Requires Unity import audit,Requires Unity import audit,Requires Unity import audit,0,0,1,1,Assets/Furniture Mega Pack/Prefabs/Chairs/Chair23.prefab,Search scene for MeshCollider refs,Requires Unity/scene object dependency audit,,Requires Unity audit,Requires Unity audit,,,Review,High visual/physics QA
Assets/SubstanceAssets/LittleGamesPack/Models/Cards/CardTable.fbx,61852,60.4 KB,Requires Unity import audit,Requires Unity import audit,Requires Unity import audit,Requires Unity import audit,Requires Unity import audit,Requires Unity import audit,0,0,1,1,Assets/SubstanceAssets/LittleGamesPack/Prefabs/Individual Pieces/Cards/CardTable.prefab; Assets/SubstanceAssets/LittleGamesPack/Scenes/DemoScene.unity,Search scene for MeshCollider refs,Requires Unity/scene object dependency audit,,Requires Unity audit,Requires Unity audit,,,Review,High visual/physics QA
Assets/Furniture Mega Pack/FBX/Drawer/Drawer48.fbx,60380,59.0 KB,Requires Unity import audit,Requires Unity import audit,Requires Unity import audit,Requires Unity import audit,Requires Unity import audit,Requires Unity import audit,0,0,1,1,Assets/Furniture Mega Pack/Prefabs/Drawers/Drawer48.prefab,Search scene for MeshCollider refs,Requires Unity/scene object dependency audit,,Requires Unity audit,Requires Unity audit,,,Review,High visual/physics QA
Assets/Idyllic Italian Coast Town/Meshes/Props/SM_box_oranges.fbx,59168,57.8 KB,Requires Unity import audit,Requires Unity import audit,Requires Unity import audit,Requires Unity import audit,Requires Unity import audit,Requires Unity import audit,0,0,1,1,Assets/Idyllic Italian Coast Town/Prefabs/Props/SM_box_oranges.prefab,Search scene for MeshCollider refs,Requires Unity/scene object dependency audit,,Requires Unity audit,Requires Unity audit,,,Review,High visual/physics QA
Assets/Furniture Mega Pack/FBX/Table/Table44.fbx,59148,57.8 KB,Requires Unity import audit,Requires Unity import audit,Requires Unity import audit,Requires Unity import audit,Requires Unity import audit,Requires Unity import audit,0,0,1,1,Assets/Furniture Mega Pack/Prefabs/Tables/Table44.prefab,Search scene for MeshCollider refs,Requires Unity/scene object dependency audit,,Requires Unity audit,Requires Unity audit,,,Review,High visual/physics QA
Assets/DevDen Arch Viz Scotland/Models/Living Room/window.fbx,58848,57.5 KB,Requires Unity import audit,Requires Unity import audit,Requires Unity import audit,Requires Unity import audit,Requires Unity import audit,Requires Unity import audit,1,0,0,0,Assets/DevDen Arch Viz Scotland/Prefabs/Living Room/window.prefab; Assets/DevDen Arch Viz Scotland/Scenes/ArchViz.unity,Search scene for MeshCollider refs,Requires Unity/scene object dependency audit,,Requires Unity audit,Requires Unity audit,,,Review,High visual/physics QA
Assets/Furniture Mega Pack/FBX/Drawer/Drawer14.fbx,58668,57.3 KB,Requires Unity import audit,Requires Unity import audit,Requires Unity import audit,Requires Unity import audit,Requires Unity import audit,Requires Unity import audit,0,0,1,1,Assets/Furniture Mega Pack/Prefabs/Drawers/Drawer14.prefab,Search scene for MeshCollider refs,Requires Unity/scene object dependency audit,,Requires Unity audit,Requires Unity audit,,,Review,High visual/physics QA
Assets/Idyllic Italian Coast Town/Meshes/Props/SM_trafficsign_01.fbx,58384,57.0 KB,Requires Unity import audit,Requires Unity import audit,Requires Unity import audit,Requires Unity import audit,Requires Unity import audit,Requires Unity import audit,0,0,1,1,Assets/Idyllic Italian Coast Town/Prefabs/Props/SM_trafficsign_01.prefab,Search scene for MeshCollider refs,Requires Unity/scene object dependency audit,,Requires Unity audit,Requires Unity audit,,,Review,High visual/physics QA
Assets/Idyllic Italian Coast Town/Meshes/Props/SM_trafficsign_02.fbx,58320,57.0 KB,Requires Unity import audit,Requires Unity import audit,Requires Unity import audit,Requires Unity import audit,Requires Unity import audit,Requires Unity import audit,0,0,1,1,Assets/Idyllic Italian Coast Town/Prefabs/Props/SM_trafficsign_02.prefab,Search scene for MeshCollider refs,Requires Unity/scene object dependency audit,,Requires Unity audit,Requires Unity audit,,,Review,High visual/physics QA
Assets/Idyllic Italian Coast Town/Meshes/Props/SM_pot_03.fbx,58112,56.8 KB,Requires Unity import audit,Requires Unity import audit,Requires Unity import audit,Requires Unity import audit,Requires Unity import audit,Requires Unity import audit,0,0,1,1,Assets/Idyllic Italian Coast Town/Prefabs/Props/SM_pot_03.prefab,Search scene for MeshCollider refs,Requires Unity/scene object dependency audit,,Requires Unity audit,Requires Unity audit,,,Review,High visual/physics QA
Assets/Idyllic Italian Coast Town/Meshes/Props/SM_table_cafe_round.fbx,58000,56.6 KB,Requires Unity import audit,Requires Unity import audit,Requires Unity import audit,Requires Unity import audit,Requires Unity import audit,Requires Unity import audit,0,0,1,1,Assets/Idyllic Italian Coast Town/Prefabs/Props/SM_table_cafe_round.prefab,Search scene for MeshCollider refs,Requires Unity/scene object dependency audit,,Requires Unity audit,Requires Unity audit,,,Review,High visual/physics QA
Assets/BrokenVector/LowPolyFencePack/Models/Fence Type2 Door.fbx,57468,56.1 KB,Requires Unity import audit,Requires Unity import audit,Requires Unity import audit,Requires Unity import audit,Requires Unity import audit,Requires Unity import audit,0,0,,,Assets/BrokenVector/LowPolyFencePack/Prefabs/Animated/Fence Type2 Door.prefab; Assets/BrokenVector/LowPolyFencePack/Scenes/All Fences Example.unity,Search scene for MeshCollider refs,Requires Unity/scene object dependency audit,,Requires Unity audit,Requires Unity audit,,,Review,High visual/physics QA
Assets/DevDen Arch Viz Scotland/Models/Kitchen Room/mug-tree.fbx,57248,55.9 KB,Requires Unity import audit,Requires Unity import audit,Requires Unity import audit,Requires Unity import audit,Requires Unity import audit,Requires Unity import audit,1,0,0,0,Assets/DevDen Arch Viz Scotland/Prefabs/Kitchen Room/mug-tree.prefab; Assets/DevDen Arch Viz Scotland/Scenes/ArchViz.unity,Search scene for MeshCollider refs,Requires Unity/scene object dependency audit,,Requires Unity audit,Requires Unity audit,,,Review,High visual/physics QA
Assets/Pandazole_Ultimate_Pack/Pandazole Farm Ranch Pack/Models/food_Grape.fbx,57228,55.9 KB,Requires Unity import audit,Requires Unity import audit,Requires Unity import audit,Requires Unity import audit,Requires Unity import audit,Requires Unity import audit,0,0,1,1,Assets/Pandazole_Ultimate_Pack/Pandazole Farm Ranch Pack/Prefabs/food_Grape.prefab,Search scene for MeshCollider refs,Requires Unity/scene object dependency audit,,Requires Unity audit,Requires Unity audit,,,Review,High visual/physics QA
Assets/BrokenVector/LowPolyFencePack/Models/Fence Type3 Door.fbx,57100,55.8 KB,Requires Unity import audit,Requires Unity import audit,Requires Unity import audit,Requires Unity import audit,Requires Unity import audit,Requires Unity import audit,0,0,,,Assets/BrokenVector/LowPolyFencePack/Prefabs/Animated/Fence Type3 Door.prefab; Assets/BrokenVector/LowPolyFencePack/Scenes/All Fences Example.unity,Search scene for MeshCollider refs,Requires Unity/scene object dependency audit,,Requires Unity audit,Requires Unity audit,,,Review,High visual/physics QA
Assets/Food Pack-Demo/Mesh/Pizza Margarita cut.fbx,56956,55.6 KB,Requires Unity import audit,Requires Unity import audit,Requires Unity import audit,Requires Unity import audit,Requires Unity import audit,Requires Unity import audit,0,0,0,0,Assets/Food Pack-Demo/Prefabs with colliders/Pizza Margarita cut.prefab; Assets/Food Pack-Demo/Prefabs/Pizza Margarita cut.prefab,Search scene for MeshCollider refs,Requires Unity/scene object dependency audit,,Requires Unity audit,Requires Unity audit,,,Review,High visual/physics QA
Assets/BrokenVector/LowPolyFencePack/Models/Fence Type1 Door.fbx,56860,55.5 KB,Requires Unity import audit,Requires Unity import audit,Requires Unity import audit,Requires Unity import audit,Requires Unity import audit,Requires Unity import audit,0,0,,,Assets/BrokenVector/LowPolyFencePack/Prefabs/Animated/Fence Type1 Door.prefab; Assets/BrokenVector/LowPolyFencePack/Scenes/All Fences Example.unity,Search scene for MeshCollider refs,Requires Unity/scene object dependency audit,,Requires Unity audit,Requires Unity audit,,,Review,High visual/physics QA
Assets/SubstanceAssets/LittleGamesPack/Models/Chess/WhiteRook.fbx,56764,55.4 KB,Requires Unity import audit,Requires Unity import audit,Requires Unity import audit,Requires Unity import audit,Requires Unity import audit,Requires Unity import audit,0,0,1,1,Assets/SubstanceAssets/LittleGamesPack/Prefabs/Individual Pieces/Chess/WhiteRook.prefab; Assets/SubstanceAssets/LittleGamesPack/Scenes/DemoScene.unity,Search scene for MeshCollider refs,Requires Unity/scene object dependency audit,,Requires Unity audit,Requires Unity audit,,,Review,High visual/physics QA
Assets/SubstanceAssets/LittleGamesPack/Models/Chess/BlackRook.fbx,56700,55.4 KB,Requires Unity import audit,Requires Unity import audit,Requires Unity import audit,Requires Unity import audit,Requires Unity import audit,Requires Unity import audit,0,0,1,1,Assets/SubstanceAssets/LittleGamesPack/Prefabs/Individual Pieces/Chess/BlackRook.prefab; Assets/SubstanceAssets/LittleGamesPack/Prefabs/Individual Pieces/Chess/WhiteRook.prefab; Assets/SubstanceAssets/LittleGamesPack/Scenes/DemoScene.unity,Search scene for MeshCollider refs,Requires Unity/scene object dependency audit,,Requires Unity audit,Requires Unity audit,,,Review,High visual/physics QA
Assets/Pandazole_Ultimate_Pack/Pandazole Farm Ranch Pack/Models/Bld_GreenMouse.fbx,56428,55.1 KB,Requires Unity import audit,Requires Unity import audit,Requires Unity import audit,Requires Unity import audit,Requires Unity import audit,Requires Unity import audit,0,0,1,1,Assets/Pandazole_Ultimate_Pack/Pandazole Farm Ranch Pack/Prefabs/Bld_GreenMouse.prefab,Search scene for MeshCollider refs,Requires Unity/scene object dependency audit,,Requires Unity audit,Requires Unity audit,,,Review,High visual/physics QA
Assets/Furniture Mega Pack/FBX/Kitchen/Refrigerator01.fbx,55484,54.2 KB,Requires Unity import audit,Requires Unity import audit,Requires Unity import audit,Requires Unity import audit,Requires Unity import audit,Requires Unity import audit,0,0,1,1,Assets/Furniture Mega Pack/Prefabs/Kitchen/Refrigerator01.prefab,Search scene for MeshCollider refs,Requires Unity/scene object dependency audit,,Requires Unity audit,Requires Unity audit,,,Review,High visual/physics QA
Assets/DevDen Arch Viz Scotland/Models/Bed Room/bedside_lamp1.fbx,55440,54.1 KB,Requires Unity import audit,Requires Unity import audit,Requires Unity import audit,Requires Unity import audit,Requires Unity import audit,Requires Unity import audit,1,0,0,0,Assets/DevDen Arch Viz Scotland/Prefabs/Bed Room/Bedside_lamp.prefab; Assets/DevDen Arch Viz Scotland/Scenes/ArchViz.unity,Search scene for MeshCollider refs,Requires Unity/scene object dependency audit,,Requires Unity audit,Requires Unity audit,,,Review,High visual/physics QA
Assets/Furniture Mega Pack/FBX/Kitchen/Refrigerator02.fbx,55436,54.1 KB,Requires Unity import audit,Requires Unity import audit,Requires Unity import audit,Requires Unity import audit,Requires Unity import audit,Requires Unity import audit,0,0,1,1,Assets/Furniture Mega Pack/Prefabs/Kitchen/Refrigerator02.prefab,Search scene for MeshCollider refs,Requires Unity/scene object dependency audit,,Requires Unity audit,Requires Unity audit,,,Review,High visual/physics QA
Assets/Idyllic Italian Coast Town/Meshes/Props/SM_chair_01.fbx,55424,54.1 KB,Requires Unity import audit,Requires Unity import audit,Requires Unity import audit,Requires Unity import audit,Requires Unity import audit,Requires Unity import audit,0,0,1,1,Assets/Idyllic Italian Coast Town/Prefabs/Props/SM_chair_01.prefab,Search scene for MeshCollider refs,Requires Unity/scene object dependency audit,,Requires Unity audit,Requires Unity audit,,,Review,High visual/physics QA
Assets/SubstanceAssets/LittleGamesPack/Models/Chess/BlackPawn.fbx,55132,53.8 KB,Requires Unity import audit,Requires Unity import audit,Requires Unity import audit,Requires Unity import audit,Requires Unity import audit,Requires Unity import audit,0,0,1,1,Assets/SubstanceAssets/LittleGamesPack/Prefabs/Individual Pieces/Chess/BlackPawn.prefab; Assets/SubstanceAssets/LittleGamesPack/Prefabs/Individual Pieces/Chess/WhitePawn.prefab; Assets/SubstanceAssets/LittleGamesPack/Scenes/DemoScene.unity,Search scene for MeshCollider refs,Requires Unity/scene object dependency audit,,Requires Unity audit,Requires Unity audit,,,Review,High visual/physics QA
Assets/SubstanceAssets/LittleGamesPack/Models/Chess/WhitePawn.fbx,55036,53.7 KB,Requires Unity import audit,Requires Unity import audit,Requires Unity import audit,Requires Unity import audit,Requires Unity import audit,Requires Unity import audit,0,0,1,1,Assets/SubstanceAssets/LittleGamesPack/Prefabs/Individual Pieces/Chess/WhitePawn.prefab; Assets/SubstanceAssets/LittleGamesPack/Scenes/DemoScene.unity,Search scene for MeshCollider refs,Requires Unity/scene object dependency audit,,Requires Unity audit,Requires Unity audit,,,Review,High visual/physics QA
Assets/Idyllic Italian Coast Town/Meshes/Props/SM_trafficsign_03.fbx,54832,53.5 KB,Requires Unity import audit,Requires Unity import audit,Requires Unity import audit,Requires Unity import audit,Requires Unity import audit,Requires Unity import audit,0,0,1,1,Assets/Idyllic Italian Coast Town/Prefabs/Props/SM_trafficsign_03.prefab,Search scene for MeshCollider refs,Requires Unity/scene object dependency audit,,Requires Unity audit,Requires Unity audit,,,Review,High visual/physics QA
Assets/Idyllic Italian Coast Town/Meshes/Props/SM_pot_02.fbx,54736,53.5 KB,Requires Unity import audit,Requires Unity import audit,Requires Unity import audit,Requires Unity import audit,Requires Unity import audit,Requires Unity import audit,0,0,1,1,Assets/Idyllic Italian Coast Town/Prefabs/Props/SM_pot_02.prefab,Search scene for MeshCollider refs,Requires Unity/scene object dependency audit,,Requires Unity audit,Requires Unity audit,,,Review,High visual/physics QA
Assets/Idyllic Italian Coast Town/Meshes/Props/SM_canopy_02.fbx,54272,53.0 KB,Requires Unity import audit,Requires Unity import audit,Requires Unity import audit,Requires Unity import audit,Requires Unity import audit,Requires Unity import audit,0,0,1,1,Assets/Idyllic Italian Coast Town/Prefabs/Props/SM_canopy_02 (1).prefab; Assets/Idyllic Italian Coast Town/Prefabs/Props/SM_canopy_02.prefab,Search scene for MeshCollider refs,Requires Unity/scene object dependency audit,,Requires Unity audit,Requires Unity audit,,,Review,High visual/physics QA
Assets/Idyllic Italian Coast Town/Meshes/Props/SM_pylon.fbx,54256,53.0 KB,Requires Unity import audit,Requires Unity import audit,Requires Unity import audit,Requires Unity import audit,Requires Unity import audit,Requires Unity import audit,0,0,1,1,Assets/Idyllic Italian Coast Town/Prefabs/Props/SM_pylon.prefab,Search scene for MeshCollider refs,Requires Unity/scene object dependency audit,,Requires Unity audit,Requires Unity audit,,,Review,High visual/physics QA
Assets/Food Pack-Demo/Mesh/Udon.fbx,53996,52.7 KB,Requires Unity import audit,Requires Unity import audit,Requires Unity import audit,Requires Unity import audit,Requires Unity import audit,Requires Unity import audit,0,0,0,0,Assets/Food Pack-Demo/Prefabs with colliders/Udon.prefab; Assets/Food Pack-Demo/Prefabs/Udon.prefab,Search scene for MeshCollider refs,Requires Unity/scene object dependency audit,,Requires Unity audit,Requires Unity audit,,,Review,High visual/physics QA
Assets/Furniture Mega Pack/FBX/Table/Table35.fbx,53788,52.5 KB,Requires Unity import audit,Requires Unity import audit,Requires Unity import audit,Requires Unity import audit,Requires Unity import audit,Requires Unity import audit,0,0,1,1,Assets/Furniture Mega Pack/Prefabs/Tables/Table35.prefab,Search scene for MeshCollider refs,Requires Unity/scene object dependency audit,,Requires Unity audit,Requires Unity audit,,,Review,High visual/physics QA
Assets/Furniture Mega Pack/FBX/Bathroom/BathTub03.fbx,53692,52.4 KB,Requires Unity import audit,Requires Unity import audit,Requires Unity import audit,Requires Unity import audit,Requires Unity import audit,Requires Unity import audit,0,0,1,1,Assets/Furniture Mega Pack/Prefabs/Bathroom/BathTub03.prefab,Search scene for MeshCollider refs,Requires Unity/scene object dependency audit,,Requires Unity audit,Requires Unity audit,,,Review,High visual/physics QA
Assets/Food Pack-Demo/Mesh/Pizza Margarita.fbx,53500,52.2 KB,Requires Unity import audit,Requires Unity import audit,Requires Unity import audit,Requires Unity import audit,Requires Unity import audit,Requires Unity import audit,0,0,0,0,Assets/Food Pack-Demo/Prefabs with colliders/Pizza Margarita.prefab; Assets/Food Pack-Demo/Prefabs/Pizza Margarita.prefab,Search scene for MeshCollider refs,Requires Unity/scene object dependency audit,,Requires Unity audit,Requires Unity audit,,,Review,High visual/physics QA
Assets/Furniture Mega Pack/FBX/Drawer/Drawer49.fbx,53468,52.2 KB,Requires Unity import audit,Requires Unity import audit,Requires Unity import audit,Requires Unity import audit,Requires Unity import audit,Requires Unity import audit,0,0,1,1,Assets/Furniture Mega Pack/Prefabs/Drawers/Drawer49.prefab,Search scene for MeshCollider refs,Requires Unity/scene object dependency audit,,Requires Unity audit,Requires Unity audit,,,Review,High visual/physics QA
Assets/Idyllic Italian Coast Town/Meshes/Props/SM_trafficsign_06.fbx,53360,52.1 KB,Requires Unity import audit,Requires Unity import audit,Requires Unity import audit,Requires Unity import audit,Requires Unity import audit,Requires Unity import audit,0,0,1,1,Assets/Idyllic Italian Coast Town/Prefabs/Props/SM_trafficsign_06.prefab,Search scene for MeshCollider refs,Requires Unity/scene object dependency audit,,Requires Unity audit,Requires Unity audit,,,Review,High visual/physics QA
Assets/Furniture Mega Pack/FBX/Drawer/Drawer50.fbx,53180,51.9 KB,Requires Unity import audit,Requires Unity import audit,Requires Unity import audit,Requires Unity import audit,Requires Unity import audit,Requires Unity import audit,0,0,1,1,Assets/Furniture Mega Pack/Prefabs/Drawers/Drawer50.prefab,Search scene for MeshCollider refs,Requires Unity/scene object dependency audit,,Requires Unity audit,Requires Unity audit,,,Review,High visual/physics QA
Assets/DevDen Arch Viz Scotland/Models/Kitchen Room/Kettle.fbx,53008,51.8 KB,Requires Unity import audit,Requires Unity import audit,Requires Unity import audit,Requires Unity import audit,Requires Unity import audit,Requires Unity import audit,1,0,0,0,Assets/DevDen Arch Viz Scotland/Prefabs/Kitchen Room/Kettle.prefab; Assets/DevDen Arch Viz Scotland/Scenes/ArchViz.unity,Search scene for MeshCollider refs,Requires Unity/scene object dependency audit,,Requires Unity audit,Requires Unity audit,,,Review,High visual/physics QA
Assets/Pandazole_Ultimate_Pack/Pandazole Farm Ranch Pack/Models/Env_Well_01.fbx,52972,51.7 KB,Requires Unity import audit,Requires Unity import audit,Requires Unity import audit,Requires Unity import audit,Requires Unity import audit,Requires Unity import audit,0,0,1,1,Assets/Pandazole_Ultimate_Pack/Pandazole Farm Ranch Pack/Prefabs/Env_Well_01.prefab,Search scene for MeshCollider refs,Requires Unity/scene object dependency audit,,Requires Unity audit,Requires Unity audit,,,Review,High visual/physics QA
Assets/Furniture Mega Pack/FBX/Bed/Bed36.fbx,52860,51.6 KB,Requires Unity import audit,Requires Unity import audit,Requires Unity import audit,Requires Unity import audit,Requires Unity import audit,Requires Unity import audit,0,0,1,1,Assets/Furniture Mega Pack/Prefabs/Beds/Bed36.prefab,Search scene for MeshCollider refs,Requires Unity/scene object dependency audit,,Requires Unity audit,Requires Unity audit,,,Review,High visual/physics QA
Assets/Furniture Mega Pack/FBX/Table/Table32.fbx,52860,51.6 KB,Requires Unity import audit,Requires Unity import audit,Requires Unity import audit,Requires Unity import audit,Requires Unity import audit,Requires Unity import audit,0,0,1,1,Assets/Furniture Mega Pack/Prefabs/Tables/Table32.prefab,Search scene for MeshCollider refs,Requires Unity/scene object dependency audit,,Requires Unity audit,Requires Unity audit,,,Review,High visual/physics QA
Assets/Furniture Mega Pack/FBX/Bathroom/TissueHanger05.fbx,52844,51.6 KB,Requires Unity import audit,Requires Unity import audit,Requires Unity import audit,Requires Unity import audit,Requires Unity import audit,Requires Unity import audit,0,0,1,1,Assets/Furniture Mega Pack/Prefabs/Bathroom/TissueHanger05.prefab,Search scene for MeshCollider refs,Requires Unity/scene object dependency audit,,Requires Unity audit,Requires Unity audit,,,Review,High visual/physics QA
Assets/Furniture Mega Pack/FBX/Bed/Bed35.fbx,52812,51.6 KB,Requires Unity import audit,Requires Unity import audit,Requires Unity import audit,Requires Unity import audit,Requires Unity import audit,Requires Unity import audit,0,0,1,1,Assets/Furniture Mega Pack/Prefabs/Beds/Bed35.prefab,Search scene for MeshCollider refs,Requires Unity/scene object dependency audit,,Requires Unity audit,Requires Unity audit,,,Review,High visual/physics QA
Assets/Idyllic Italian Coast Town/Meshes/Props/SM_lantern_base.fbx,52736,51.5 KB,Requires Unity import audit,Requires Unity import audit,Requires Unity import audit,Requires Unity import audit,Requires Unity import audit,Requires Unity import audit,0,0,1,1,Assets/Idyllic Italian Coast Town/Prefabs/Props/SM_lantern_base.prefab,Search scene for MeshCollider refs,Requires Unity/scene object dependency audit,,Requires Unity audit,Requires Unity audit,,,Review,High visual/physics QA
Assets/Idyllic Italian Coast Town/Meshes/Props/SM_pot_01.fbx,52464,51.2 KB,Requires Unity import audit,Requires Unity import audit,Requires Unity import audit,Requires Unity import audit,Requires Unity import audit,Requires Unity import audit,0,0,1,1,Assets/Idyllic Italian Coast Town/Prefabs/Props/SM_pot_01.prefab,Search scene for MeshCollider refs,Requires Unity/scene object dependency audit,,Requires Unity audit,Requires Unity audit,,,Review,High visual/physics QA
Assets/Emilulz_Assets/DEMOLowPolyFlowers/Assets/SM_Hyacinth_PastellBlue_Big.fbx,52460,51.2 KB,Requires Unity import audit,Requires Unity import audit,Requires Unity import audit,Requires Unity import audit,Requires Unity import audit,Requires Unity import audit,0,0,1,1,Assets/Emilulz_Assets/DEMOLowPolyFlowers/Prefabs/SM_Hyacinth_PastellBlue_Big.prefab,Search scene for MeshCollider refs,Requires Unity/scene object dependency audit,,Requires Unity audit,Requires Unity audit,,,Review,High visual/physics QA
Assets/Furniture Mega Pack/FBX/Kitchen/Refrigerator07.fbx,52412,51.2 KB,Requires Unity import audit,Requires Unity import audit,Requires Unity import audit,Requires Unity import audit,Requires Unity import audit,Requires Unity import audit,0,0,1,1,Assets/Furniture Mega Pack/Prefabs/Kitchen/Refrigerator07.prefab,Search scene for MeshCollider refs,Requires Unity/scene object dependency audit,,Requires Unity audit,Requires Unity audit,,,Review,High visual/physics QA
Assets/DevDen Arch Viz Scotland/Models/Study Room/shelf.fbx,52303,51.1 KB,Requires Unity import audit,Requires Unity import audit,Requires Unity import audit,Requires Unity import audit,Requires Unity import audit,Requires Unity import audit,1,0,0,0,Assets/DevDen Arch Viz Scotland/Prefabs/Study Room/BookShelf.prefab; Assets/DevDen Arch Viz Scotland/Scenes/ArchViz.unity,Search scene for MeshCollider refs,Requires Unity/scene object dependency audit,,Requires Unity audit,Requires Unity audit,,,Review,High visual/physics QA
Assets/Furniture Mega Pack/FBX/Bathroom/TissueHanger03.fbx,51580,50.4 KB,Requires Unity import audit,Requires Unity import audit,Requires Unity import audit,Requires Unity import audit,Requires Unity import audit,Requires Unity import audit,0,0,1,1,Assets/Furniture Mega Pack/Prefabs/Bathroom/TissueHanger03.prefab,Search scene for MeshCollider refs,Requires Unity/scene object dependency audit,,Requires Unity audit,Requires Unity audit,,,Review,High visual/physics QA
Assets/Furniture Mega Pack/FBX/Drawer/Drawer41.fbx,51516,50.3 KB,Requires Unity import audit,Requires Unity import audit,Requires Unity import audit,Requires Unity import audit,Requires Unity import audit,Requires Unity import audit,0,0,1,1,Assets/Furniture Mega Pack/Prefabs/Drawers/Drawer41.prefab,Search scene for MeshCollider refs,Requires Unity/scene object dependency audit,,Requires Unity audit,Requires Unity audit,,,Review,High visual/physics QA
Assets/SimpleNaturePack/Models/Bush_03.fbx,51388,50.2 KB,Requires Unity import audit,Requires Unity import audit,Requires Unity import audit,Requires Unity import audit,Requires Unity import audit,Requires Unity import audit,0,0,0,0,Assets/SimpleNaturePack/Prefabs/Bush_03.prefab,Search scene for MeshCollider refs,Requires Unity/scene object dependency audit,,Requires Unity audit,Requires Unity audit,,,Review,High visual/physics QA
Assets/Furniture Mega Pack/FBX/Bathroom/BathroomVanity07.fbx,51196,50.0 KB,Requires Unity import audit,Requires Unity import audit,Requires Unity import audit,Requires Unity import audit,Requires Unity import audit,Requires Unity import audit,0,0,1,1,Assets/Furniture Mega Pack/Prefabs/Bathroom/BathroomVanity07.prefab,Search scene for MeshCollider refs,Requires Unity/scene object dependency audit,,Requires Unity audit,Requires Unity audit,,,Review,High visual/physics QA
Assets/Furniture Mega Pack/FBX/Drawer/Drawer04.fbx,51116,49.9 KB,Requires Unity import audit,Requires Unity import audit,Requires Unity import audit,Requires Unity import audit,Requires Unity import audit,Requires Unity import audit,0,0,1,1,Assets/Furniture Mega Pack/Prefabs/Drawers/Drawer04.prefab,Search scene for MeshCollider refs,Requires Unity/scene object dependency audit,,Requires Unity audit,Requires Unity audit,,,Review,High visual/physics QA
Assets/Idyllic Italian Coast Town/Meshes/Props/SM_wine_glass.fbx,51072,49.9 KB,Requires Unity import audit,Requires Unity import audit,Requires Unity import audit,Requires Unity import audit,Requires Unity import audit,Requires Unity import audit,0,0,1,1,Assets/Idyllic Italian Coast Town/Prefabs/Props/SM_wine_glass.prefab,Search scene for MeshCollider refs,Requires Unity/scene object dependency audit,,Requires Unity audit,Requires Unity audit,,,Review,High visual/physics QA
Assets/Idyllic Italian Coast Town/Meshes/Props/SM_pot_04.fbx,50960,49.8 KB,Requires Unity import audit,Requires Unity import audit,Requires Unity import audit,Requires Unity import audit,Requires Unity import audit,Requires Unity import audit,0,0,1,1,Assets/Idyllic Italian Coast Town/Prefabs/Props/SM_pot_04.prefab,Search scene for MeshCollider refs,Requires Unity/scene object dependency audit,,Requires Unity audit,Requires Unity audit,,,Review,High visual/physics QA
Assets/Idyllic Italian Coast Town/Meshes/Props/SM_trafficsign_05.fbx,50960,49.8 KB,Requires Unity import audit,Requires Unity import audit,Requires Unity import audit,Requires Unity import audit,Requires Unity import audit,Requires Unity import audit,0,0,1,1,Assets/Idyllic Italian Coast Town/Prefabs/Props/SM_trafficsign_05.prefab,Search scene for MeshCollider refs,Requires Unity/scene object dependency audit,,Requires Unity audit,Requires Unity audit,,,Review,High visual/physics QA
Assets/Idyllic Italian Coast Town/Meshes/Props/SM_trafficsign_04.fbx,50944,49.8 KB,Requires Unity import audit,Requires Unity import audit,Requires Unity import audit,Requires Unity import audit,Requires Unity import audit,Requires Unity import audit,0,0,1,1,Assets/Idyllic Italian Coast Town/Prefabs/Props/SM_trafficsign_04.prefab,Search scene for MeshCollider refs,Requires Unity/scene object dependency audit,,Requires Unity audit,Requires Unity audit,,,Review,High visual/physics QA
Assets/Furniture Mega Pack/FBX/Drawer/Drawer05.fbx,50892,49.7 KB,Requires Unity import audit,Requires Unity import audit,Requires Unity import audit,Requires Unity import audit,Requires Unity import audit,Requires Unity import audit,0,0,1,1,Assets/Furniture Mega Pack/Prefabs/Drawers/Drawer05.prefab,Search scene for MeshCollider refs,Requires Unity/scene object dependency audit,,Requires Unity audit,Requires Unity audit,,,Review,High visual/physics QA
Assets/SubstanceAssets/LittleGamesPack/Models/Chess/BlackKnight.fbx,50892,49.7 KB,Requires Unity import audit,Requires Unity import audit,Requires Unity import audit,Requires Unity import audit,Requires Unity import audit,Requires Unity import audit,0,0,1,1,Assets/SubstanceAssets/LittleGamesPack/Prefabs/Individual Pieces/Chess/BlackKnight.prefab; Assets/SubstanceAssets/LittleGamesPack/Prefabs/Individual Pieces/Chess/WhiteKnight.prefab; Assets/SubstanceAssets/LittleGamesPack/Scenes/DemoScene.unity,Search scene for MeshCollider refs,Requires Unity/scene object dependency audit,,Requires Unity audit,Requires Unity audit,,,Review,High visual/physics QA
Assets/SubstanceAssets/LittleGamesPack/Models/Chess/WhiteKnight.fbx,50828,49.6 KB,Requires Unity import audit,Requires Unity import audit,Requires Unity import audit,Requires Unity import audit,Requires Unity import audit,Requires Unity import audit,0,0,1,1,Assets/SubstanceAssets/LittleGamesPack/Prefabs/Individual Pieces/Chess/WhiteKnight.prefab; Assets/SubstanceAssets/LittleGamesPack/Scenes/DemoScene.unity,Search scene for MeshCollider refs,Requires Unity/scene object dependency audit,,Requires Unity audit,Requires Unity audit,,,Review,High visual/physics QA
Assets/Furniture Mega Pack/FBX/Bathroom/TowelHanger06.fbx,50604,49.4 KB,Requires Unity import audit,Requires Unity import audit,Requires Unity import audit,Requires Unity import audit,Requires Unity import audit,Requires Unity import audit,0,0,1,1,Assets/Furniture Mega Pack/Prefabs/Bathroom/TowelHanger06.prefab,Search scene for MeshCollider refs,Requires Unity/scene object dependency audit,,Requires Unity audit,Requires Unity audit,,,Review,High visual/physics QA
Assets/Idyllic Italian Coast Town/Meshes/Props/SM_shopsign_small_01.fbx,49680,48.5 KB,Requires Unity import audit,Requires Unity import audit,Requires Unity import audit,Requires Unity import audit,Requires Unity import audit,Requires Unity import audit,0,0,1,1,Assets/Idyllic Italian Coast Town/Prefabs/Props/SM_shopsign_small_01.prefab,Search scene for MeshCollider refs,Requires Unity/scene object dependency audit,,Requires Unity audit,Requires Unity audit,,,Review,High visual/physics QA
Assets/Idyllic Italian Coast Town/Meshes/Props/SM_fence_02.fbx,49504,48.3 KB,Requires Unity import audit,Requires Unity import audit,Requires Unity import audit,Requires Unity import audit,Requires Unity import audit,Requires Unity import audit,0,0,1,1,Assets/BH_XR_MainScene.unity; Assets/Idyllic Italian Coast Town/Prefabs/Props/SM_fence_02.prefab; Assets/_Recovery/0 (1).unity; Assets/_Recovery/0 (10).unity; Assets/_Recovery/0 (11).unity; Assets/_Recovery/0 (13).unity; Assets/_Recovery/0 (14).unity; Assets/_Recovery/0 (15).unity; Assets/_Recovery/0 (16).unity; Assets/_Recovery/0 (17).unity; Assets/_Recovery/0 (18).unity; Assets/_Recovery/0 (2).unity; Assets/_Recovery/0 (21).unity; Assets/_Recovery/0 (22).unity; Assets/_Recovery/0 (23).unity; Assets/_Recovery/0 (3).unity; Assets/_Recovery/0 (5).unity; Assets/_Recovery/0 (6).unity; Assets/_Recovery/0 (7).unity; Assets/_Recovery/0 (8).unity,Search scene for MeshCollider refs,Requires Unity/scene object dependency audit,,Requires Unity audit,Requires Unity audit,,,Review,High visual/physics QA
Assets/Idyllic Italian Coast Town/Meshes/Props/SM_shopsign_small_03.fbx,48896,47.8 KB,Requires Unity import audit,Requires Unity import audit,Requires Unity import audit,Requires Unity import audit,Requires Unity import audit,Requires Unity import audit,0,0,1,1,Assets/Idyllic Italian Coast Town/Prefabs/Props/SM_shopsign_small_03.prefab,Search scene for MeshCollider refs,Requires Unity/scene object dependency audit,,Requires Unity audit,Requires Unity audit,,,Review,High visual/physics QA
Assets/Furniture Mega Pack/FBX/Drawer/Drawer29.fbx,48844,47.7 KB,Requires Unity import audit,Requires Unity import audit,Requires Unity import audit,Requires Unity import audit,Requires Unity import audit,Requires Unity import audit,0,0,1,1,Assets/Furniture Mega Pack/Prefabs/Drawers/Drawer29.prefab,Search scene for MeshCollider refs,Requires Unity/scene object dependency audit,,Requires Unity audit,Requires Unity audit,,,Review,High visual/physics QA
Assets/Idyllic Italian Coast Town/Meshes/Props/SM_pot_05.fbx,48416,47.3 KB,Requires Unity import audit,Requires Unity import audit,Requires Unity import audit,Requires Unity import audit,Requires Unity import audit,Requires Unity import audit,0,0,1,1,Assets/Idyllic Italian Coast Town/Prefabs/Props/SM_pot_05.prefab,Search scene for MeshCollider refs,Requires Unity/scene object dependency audit,,Requires Unity audit,Requires Unity audit,,,Review,High visual/physics QA
Assets/UnityTechnologies/Basic Asset Pack Interior/Models/Walls/WallWindowBay4m.FBX,48208,47.1 KB,Requires Unity import audit,Requires Unity import audit,Requires Unity import audit,Requires Unity import audit,Requires Unity import audit,Requires Unity import audit,0,0,1,1,Assets/BH_XR_MainScene.unity; Assets/UnityTechnologies/Basic Asset Pack Interior/Prefabs/Walls/WallWindowBay4m.prefab; Assets/_Recovery/0 (1).unity; Assets/_Recovery/0 (10).unity; Assets/_Recovery/0 (11).unity; Assets/_Recovery/0 (13).unity; Assets/_Recovery/0 (14).unity; Assets/_Recovery/0 (15).unity; Assets/_Recovery/0 (16).unity; Assets/_Recovery/0 (17).unity; Assets/_Recovery/0 (18).unity; Assets/_Recovery/0 (2).unity; Assets/_Recovery/0 (21).unity; Assets/_Recovery/0 (22).unity; Assets/_Recovery/0 (23).unity; Assets/_Recovery/0 (3).unity; Assets/_Recovery/0 (5).unity; Assets/_Recovery/0 (6).unity; Assets/_Recovery/0 (7).unity; Assets/_Recovery/0 (8).unity,Search scene for MeshCollider refs,Requires Unity/scene object dependency audit,,Requires Unity audit,Requires Unity audit,,,Review,High visual/physics QA
Assets/Furniture Mega Pack/FBX/Table/Table30.fbx,47916,46.8 KB,Requires Unity import audit,Requires Unity import audit,Requires Unity import audit,Requires Unity import audit,Requires Unity import audit,Requires Unity import audit,0,0,1,1,Assets/Furniture Mega Pack/Prefabs/Tables/Table30.prefab,Search scene for MeshCollider refs,Requires Unity/scene object dependency audit,,Requires Unity audit,Requires Unity audit,,,Review,High visual/physics QA
Assets/Furniture Mega Pack/FBX/Bed/Bed33.fbx,47612,46.5 KB,Requires Unity import audit,Requires Unity import audit,Requires Unity import audit,Requires Unity import audit,Requires Unity import audit,Requires Unity import audit,0,0,1,1,Assets/Furniture Mega Pack/Prefabs/Beds/Bed33.prefab,Search scene for MeshCollider refs,Requires Unity/scene object dependency audit,,Requires Unity audit,Requires Unity audit,,,Review,High visual/physics QA
Assets/Idyllic Italian Coast Town/Meshes/Props/SM_cup_cappucino.fbx,47568,46.5 KB,Requires Unity import audit,Requires Unity import audit,Requires Unity import audit,Requires Unity import audit,Requires Unity import audit,Requires Unity import audit,0,0,1,1,Assets/Idyllic Italian Coast Town/Prefabs/Props/SM_cup_cappucino.prefab,Search scene for MeshCollider refs,Requires Unity/scene object dependency audit,,Requires Unity audit,Requires Unity audit,,,Review,High visual/physics QA
Assets/Furniture Mega Pack/FBX/Bed/Bed34.fbx,47548,46.4 KB,Requires Unity import audit,Requires Unity import audit,Requires Unity import audit,Requires Unity import audit,Requires Unity import audit,Requires Unity import audit,0,0,1,1,Assets/Furniture Mega Pack/Prefabs/Beds/Bed34.prefab,Search scene for MeshCollider refs,Requires Unity/scene object dependency audit,,Requires Unity audit,Requires Unity audit,,,Review,High visual/physics QA
Assets/SimpleNaturePack/Models/Tree_04.fbx,47548,46.4 KB,Requires Unity import audit,Requires Unity import audit,Requires Unity import audit,Requires Unity import audit,Requires Unity import audit,Requires Unity import audit,0,0,0,0,Assets/SimpleNaturePack/Prefabs/Tree_04.prefab,Search scene for MeshCollider refs,Requires Unity/scene object dependency audit,,Requires Unity audit,Requires Unity audit,,,Review,High visual/physics QA
Assets/SimpleNaturePack/Models/Tree_02.fbx,47484,46.4 KB,Requires Unity import audit,Requires Unity import audit,Requires Unity import audit,Requires Unity import audit,Requires Unity import audit,Requires Unity import audit,0,0,0,0,Assets/SimpleNaturePack/Prefabs/Tree_02.prefab,Search scene for MeshCollider refs,Requires Unity/scene object dependency audit,,Requires Unity audit,Requires Unity audit,,,Review,High visual/physics QA
Assets/SimpleNaturePack/Models/Tree_01.fbx,46972,45.9 KB,Requires Unity import audit,Requires Unity import audit,Requires Unity import audit,Requires Unity import audit,Requires Unity import audit,Requires Unity import audit,0,0,0,0,Assets/SimpleNaturePack/Prefabs/Tree_01.prefab,Search scene for MeshCollider refs,Requires Unity/scene object dependency audit,,Requires Unity audit,Requires Unity audit,,,Review,High visual/physics QA
Assets/SubstanceAssets/LittleGamesPack/Models/GamePieces/BoardGamePiece_Green.fbx,46012,44.9 KB,Requires Unity import audit,Requires Unity import audit,Requires Unity import audit,Requires Unity import audit,Requires Unity import audit,Requires Unity import audit,0,0,1,1,Assets/SubstanceAssets/LittleGamesPack/Prefabs/Individual Pieces/BoardGamePieces/BoardGamePiece_Green.prefab; Assets/SubstanceAssets/LittleGamesPack/Scenes/DemoScene.unity,Search scene for MeshCollider refs,Requires Unity/scene object dependency audit,,Requires Unity audit,Requires Unity audit,,,Review,High visual/physics QA
Assets/SubstanceAssets/LittleGamesPack/Models/GamePieces/BoardGamePiece_Blue.fbx,45964,44.9 KB,Requires Unity import audit,Requires Unity import audit,Requires Unity import audit,Requires Unity import audit,Requires Unity import audit,Requires Unity import audit,0,0,1,1,Assets/SubstanceAssets/LittleGamesPack/Prefabs/Individual Pieces/BoardGamePieces/BoardGamePiece_Blue.prefab; Assets/SubstanceAssets/LittleGamesPack/Scenes/DemoScene.unity,Search scene for MeshCollider refs,Requires Unity/scene object dependency audit,,Requires Unity audit,Requires Unity audit,,,Review,High visual/physics QA
Assets/SubstanceAssets/LittleGamesPack/Models/GamePieces/BoardGamePiece_Yellow.fbx,45948,44.9 KB,Requires Unity import audit,Requires Unity import audit,Requires Unity import audit,Requires Unity import audit,Requires Unity import audit,Requires Unity import audit,0,0,1,1,Assets/SubstanceAssets/LittleGamesPack/Prefabs/Individual Pieces/BoardGamePieces/BoardGamePiece_Blue.prefab; Assets/SubstanceAssets/LittleGamesPack/Prefabs/Individual Pieces/BoardGamePieces/BoardGamePiece_Green.prefab; Assets/SubstanceAssets/LittleGamesPack/Prefabs/Individual Pieces/BoardGamePieces/BoardGamePiece_Red.prefab; Assets/SubstanceAssets/LittleGamesPack/Prefabs/Individual Pieces/BoardGamePieces/BoardGamePiece_Yellow.prefab; Assets/SubstanceAssets/LittleGamesPack/Scenes/DemoScene.unity,Search scene for MeshCollider refs,Requires Unity/scene object dependency audit,,Requires Unity audit,Requires Unity audit,,,Review,High visual/physics QA
Assets/Idyllic Italian Coast Town/Meshes/Props/SM_wine_bottle.fbx,45936,44.9 KB,Requires Unity import audit,Requires Unity import audit,Requires Unity import audit,Requires Unity import audit,Requires Unity import audit,Requires Unity import audit,0,0,1,1,Assets/Idyllic Italian Coast Town/Prefabs/Props/SM_wine_bottle.prefab,Search scene for MeshCollider refs,Requires Unity/scene object dependency audit,,Requires Unity audit,Requires Unity audit,,,Review,High visual/physics QA
Assets/DevDen Arch Viz Scotland/Models/Study Room/Imac.fbx,45920,44.8 KB,Requires Unity import audit,Requires Unity import audit,Requires Unity import audit,Requires Unity import audit,Requires Unity import audit,Requires Unity import audit,1,0,0,0,Assets/DevDen Arch Viz Scotland/Prefabs/Study Room/Imac.prefab; Assets/DevDen Arch Viz Scotland/Scenes/ArchViz.unity,Search scene for MeshCollider refs,Requires Unity/scene object dependency audit,,Requires Unity audit,Requires Unity audit,,,Review,High visual/physics QA
Assets/SubstanceAssets/LittleGamesPack/Models/GamePieces/BoardGamePiece_Red.fbx,45916,44.8 KB,Requires Unity import audit,Requires Unity import audit,Requires Unity import audit,Requires Unity import audit,Requires Unity import audit,Requires Unity import audit,0,0,1,1,Assets/SubstanceAssets/LittleGamesPack/Prefabs/Individual Pieces/BoardGamePieces/BoardGamePiece_Red.prefab; Assets/SubstanceAssets/LittleGamesPack/Scenes/DemoScene.unity,Search scene for MeshCollider refs,Requires Unity/scene object dependency audit,,Requires Unity audit,Requires Unity audit,,,Review,High visual/physics QA
Assets/Furniture Mega Pack/FBX/Drawer/Drawer44.fbx,45836,44.8 KB,Requires Unity import audit,Requires Unity import audit,Requires Unity import audit,Requires Unity import audit,Requires Unity import audit,Requires Unity import audit,0,0,1,1,Assets/Furniture Mega Pack/Prefabs/Drawers/Drawer44.prefab,Search scene for MeshCollider refs,Requires Unity/scene object dependency audit,,Requires Unity audit,Requires Unity audit,,,Review,High visual/physics QA
Assets/Furniture Mega Pack/FBX/Drawer/Drawer43.fbx,45804,44.7 KB,Requires Unity import audit,Requires Unity import audit,Requires Unity import audit,Requires Unity import audit,Requires Unity import audit,Requires Unity import audit,0,0,1,1,Assets/Furniture Mega Pack/Prefabs/Drawers/Drawer43.prefab,Search scene for MeshCollider refs,Requires Unity/scene object dependency audit,,Requires Unity audit,Requires Unity audit,,,Review,High visual/physics QA
Assets/Furniture Mega Pack/FBX/Bathroom/BathroomVanity02.fbx,45804,44.7 KB,Requires Unity import audit,Requires Unity import audit,Requires Unity import audit,Requires Unity import audit,Requires Unity import audit,Requires Unity import audit,0,0,1,1,Assets/Furniture Mega Pack/Prefabs/Bathroom/BathroomVanity02.prefab,Search scene for MeshCollider refs,Requires Unity/scene object dependency audit,,Requires Unity audit,Requires Unity audit,,,Review,High visual/physics QA
Assets/Furniture Mega Pack/FBX/Table/Table49.fbx,45740,44.7 KB,Requires Unity import audit,Requires Unity import audit,Requires Unity import audit,Requires Unity import audit,Requires Unity import audit,Requires Unity import audit,0,0,1,1,Assets/Furniture Mega Pack/Prefabs/Tables/Table49.prefab,Search scene for MeshCollider refs,Requires Unity/scene object dependency audit,,Requires Unity audit,Requires Unity audit,,,Review,High visual/physics QA
Assets/Furniture Mega Pack/FBX/Table/Table04.fbx,45532,44.5 KB,Requires Unity import audit,Requires Unity import audit,Requires Unity import audit,Requires Unity import audit,Requires Unity import audit,Requires Unity import audit,0,0,1,1,Assets/BH_XR_MainScene.unity; Assets/Furniture Mega Pack/Prefabs/Tables/Table04.prefab; Assets/_Recovery/0 (17).unity; Assets/_Recovery/0 (18).unity; Assets/_Recovery/0 (21).unity; Assets/_Recovery/0 (22).unity; Assets/_Recovery/0 (23).unity,Search scene for MeshCollider refs,Requires Unity/scene object dependency audit,,Requires Unity audit,Requires Unity audit,,,Review,High visual/physics QA
Assets/Idyllic Italian Coast Town/Meshes/Props/SM_pot_06.fbx,45408,44.3 KB,Requires Unity import audit,Requires Unity import audit,Requires Unity import audit,Requires Unity import audit,Requires Unity import audit,Requires Unity import audit,0,0,1,1,Assets/Idyllic Italian Coast Town/Prefabs/Props/SM_pot_06.prefab,Search scene for MeshCollider refs,Requires Unity/scene object dependency audit,,Requires Unity audit,Requires Unity audit,,,Review,High visual/physics QA
Assets/SubstanceAssets/LittleGamesPack/Models/GamePieces/Jax_Yellow.fbx,45388,44.3 KB,Requires Unity import audit,Requires Unity import audit,Requires Unity import audit,Requires Unity import audit,Requires Unity import audit,Requires Unity import audit,0,0,1,1,Assets/SubstanceAssets/LittleGamesPack/Prefabs/Individual Pieces/Jax/Jax_Yellow.prefab; Assets/SubstanceAssets/LittleGamesPack/Scenes/DemoScene.unity,Search scene for MeshCollider refs,Requires Unity/scene object dependency audit,,Requires Unity audit,Requires Unity audit,,,Review,High visual/physics QA
Assets/SimpleNaturePack/Models/Flowers_02.fbx,45388,44.3 KB,Requires Unity import audit,Requires Unity import audit,Requires Unity import audit,Requires Unity import audit,Requires Unity import audit,Requires Unity import audit,0,0,0,0,Assets/SimpleNaturePack/Prefabs/Flowers_02.prefab,Search scene for MeshCollider refs,Requires Unity/scene object dependency audit,,Requires Unity audit,Requires Unity audit,,,Review,High visual/physics QA
Assets/Furniture Mega Pack/FBX/Closet/Closet50.fbx,45308,44.2 KB,Requires Unity import audit,Requires Unity import audit,Requires Unity import audit,Requires Unity import audit,Requires Unity import audit,Requires Unity import audit,0,0,1,1,Assets/Furniture Mega Pack/Prefabs/Closets/Closet50.prefab,Search scene for MeshCollider refs,Requires Unity/scene object dependency audit,,Requires Unity audit,Requires Unity audit,,,Review,High visual/physics QA
Assets/Idyllic Italian Coast Town/Meshes/Props/SM_table_cafe_square.fbx,45280,44.2 KB,Requires Unity import audit,Requires Unity import audit,Requires Unity import audit,Requires Unity import audit,Requires Unity import audit,Requires Unity import audit,0,0,1,1,Assets/Idyllic Italian Coast Town/Prefabs/Props/SM_table_cafe_square.prefab,Search scene for MeshCollider refs,Requires Unity/scene object dependency audit,,Requires Unity audit,Requires Unity audit,,,Review,High visual/physics QA
Assets/Furniture Mega Pack/FBX/Closet/Closet21.fbx,45244,44.2 KB,Requires Unity import audit,Requires Unity import audit,Requires Unity import audit,Requires Unity import audit,Requires Unity import audit,Requires Unity import audit,0,0,1,1,Assets/Furniture Mega Pack/Prefabs/Closets/Closet21.prefab,Search scene for MeshCollider refs,Requires Unity/scene object dependency audit,,Requires Unity audit,Requires Unity audit,,,Review,High visual/physics QA
Assets/SubstanceAssets/LittleGamesPack/Models/GamePieces/Jax_Silver.fbx,45244,44.2 KB,Requires Unity import audit,Requires Unity import audit,Requires Unity import audit,Requires Unity import audit,Requires Unity import audit,Requires Unity import audit,0,0,1,1,Assets/SubstanceAssets/LittleGamesPack/Prefabs/Individual Pieces/Jax/Jax_Silver.prefab; Assets/SubstanceAssets/LittleGamesPack/Scenes/DemoScene.unity,Search scene for MeshCollider refs,Requires Unity/scene object dependency audit,,Requires Unity audit,Requires Unity audit,,,Review,High visual/physics QA
Assets/Idyllic Italian Coast Town/Meshes/Props/SM_saucer_cup.fbx,45232,44.2 KB,Requires Unity import audit,Requires Unity import audit,Requires Unity import audit,Requires Unity import audit,Requires Unity import audit,Requires Unity import audit,0,0,1,1,Assets/Idyllic Italian Coast Town/Prefabs/Props/SM_saucer_cup.prefab,Search scene for MeshCollider refs,Requires Unity/scene object dependency audit,,Requires Unity audit,Requires Unity audit,,,Review,High visual/physics QA
Assets/SubstanceAssets/LittleGamesPack/Models/GamePieces/Jax_Gold.fbx,45228,44.2 KB,Requires Unity import audit,Requires Unity import audit,Requires Unity import audit,Requires Unity import audit,Requires Unity import audit,Requires Unity import audit,0,0,1,1,Assets/SubstanceAssets/LittleGamesPack/Prefabs/Individual Pieces/Jax/Jax_Gold.prefab; Assets/SubstanceAssets/LittleGamesPack/Scenes/DemoScene.unity,Search scene for MeshCollider refs,Requires Unity/scene object dependency audit,,Requires Unity audit,Requires Unity audit,,,Review,High visual/physics QA
Assets/Furniture Mega Pack/FBX/Closet/Closet46.fbx,45212,44.2 KB,Requires Unity import audit,Requires Unity import audit,Requires Unity import audit,Requires Unity import audit,Requires Unity import audit,Requires Unity import audit,0,0,1,1,Assets/Furniture Mega Pack/Prefabs/Closets/Closet46.prefab,Search scene for MeshCollider refs,Requires Unity/scene object dependency audit,,Requires Unity audit,Requires Unity audit,,,Review,High visual/physics QA
Assets/Idyllic Italian Coast Town/Meshes/Modular/SM_wall_base.fbx,45184,44.1 KB,Requires Unity import audit,Requires Unity import audit,Requires Unity import audit,Requires Unity import audit,Requires Unity import audit,Requires Unity import audit,0,0,1,1,Assets/Idyllic Italian Coast Town/Prefabs/Modular Pieces/SM_wall_base (1).prefab; Assets/Idyllic Italian Coast Town/Prefabs/Modular Pieces/SM_wall_base (2).prefab; Assets/Idyllic Italian Coast Town/Prefabs/Modular Pieces/SM_wall_base.prefab,Search scene for MeshCollider refs,Requires Unity/scene object dependency audit,,Requires Unity audit,Requires Unity audit,,,Review,High visual/physics QA
Assets/SubstanceAssets/LittleGamesPack/Models/GamePieces/Jax_Blue.fbx,45180,44.1 KB,Requires Unity import audit,Requires Unity import audit,Requires Unity import audit,Requires Unity import audit,Requires Unity import audit,Requires Unity import audit,0,0,1,1,Assets/SubstanceAssets/LittleGamesPack/Prefabs/Individual Pieces/Jax/Jax_Blue.prefab; Assets/SubstanceAssets/LittleGamesPack/Prefabs/Individual Pieces/Jax/Jax_Gold.prefab; Assets/SubstanceAssets/LittleGamesPack/Prefabs/Individual Pieces/Jax/Jax_Green.prefab; Assets/SubstanceAssets/LittleGamesPack/Prefabs/Individual Pieces/Jax/Jax_Red.prefab; Assets/SubstanceAssets/LittleGamesPack/Prefabs/Individual Pieces/Jax/Jax_Silver.prefab; Assets/SubstanceAssets/LittleGamesPack/Prefabs/Individual Pieces/Jax/Jax_Yellow.prefab; Assets/SubstanceAssets/LittleGamesPack/Scenes/DemoScene.unity,Search scene for MeshCollider refs,Requires Unity/scene object dependency audit,,Requires Unity audit,Requires Unity audit,,,Review,High visual/physics QA
Assets/SubstanceAssets/LittleGamesPack/Models/GamePieces/Jax_Red.fbx,45164,44.1 KB,Requires Unity import audit,Requires Unity import audit,Requires Unity import audit,Requires Unity import audit,Requires Unity import audit,Requires Unity import audit,0,0,1,1,Assets/SubstanceAssets/LittleGamesPack/Prefabs/Individual Pieces/Jax/Jax_Red.prefab; Assets/SubstanceAssets/LittleGamesPack/Scenes/DemoScene.unity,Search scene for MeshCollider refs,Requires Unity/scene object dependency audit,,Requires Unity audit,Requires Unity audit,,,Review,High visual/physics QA
Assets/Idyllic Italian Coast Town/Meshes/Props/SM_bottle_lemon_02.fbx,45152,44.1 KB,Requires Unity import audit,Requires Unity import audit,Requires Unity import audit,Requires Unity import audit,Requires Unity import audit,Requires Unity import audit,0,0,1,1,Assets/Idyllic Italian Coast Town/Prefabs/Props/SM_bottle_lemon_02.prefab,Search scene for MeshCollider refs,Requires Unity/scene object dependency audit,,Requires Unity audit,Requires Unity audit,,,Review,High visual/physics QA
Assets/Pandazole_Ultimate_Pack/Pandazole Farm Ranch Pack/Models/Bld_Barn_02.fbx,45132,44.1 KB,Requires Unity import audit,Requires Unity import audit,Requires Unity import audit,Requires Unity import audit,Requires Unity import audit,Requires Unity import audit,0,0,1,1,Assets/Pandazole_Ultimate_Pack/Pandazole Farm Ranch Pack/Prefabs/Bld_Barn_02.prefab,Search scene for MeshCollider refs,Requires Unity/scene object dependency audit,,Requires Unity audit,Requires Unity audit,,,Review,High visual/physics QA
Assets/DevDen Arch Viz Scotland/Models/Bed Room/bedside_table.fbx,45130,44.1 KB,Requires Unity import audit,Requires Unity import audit,Requires Unity import audit,Requires Unity import audit,Requires Unity import audit,Requires Unity import audit,1,0,0,0,Assets/DevDen Arch Viz Scotland/Prefabs/Bed Room/Bed side_table.prefab; Assets/DevDen Arch Viz Scotland/Scenes/ArchViz.unity,Search scene for MeshCollider refs,Requires Unity/scene object dependency audit,,Requires Unity audit,Requires Unity audit,,,Review,High visual/physics QA
Assets/Idyllic Italian Coast Town/Meshes/Props/SM_bottle_lemon_01.fbx,45120,44.1 KB,Requires Unity import audit,Requires Unity import audit,Requires Unity import audit,Requires Unity import audit,Requires Unity import audit,Requires Unity import audit,0,0,1,1,Assets/Idyllic Italian Coast Town/Prefabs/Props/SM_bottle_lemon_01.prefab,Search scene for MeshCollider refs,Requires Unity/scene object dependency audit,,Requires Unity audit,Requires Unity audit,,,Review,High visual/physics QA
Assets/SubstanceAssets/LittleGamesPack/Models/GamePieces/Jax_Green.fbx,45084,44.0 KB,Requires Unity import audit,Requires Unity import audit,Requires Unity import audit,Requires Unity import audit,Requires Unity import audit,Requires Unity import audit,0,0,1,1,Assets/SubstanceAssets/LittleGamesPack/Prefabs/Individual Pieces/Jax/Jax_Green.prefab; Assets/SubstanceAssets/LittleGamesPack/Scenes/DemoScene.unity,Search scene for MeshCollider refs,Requires Unity/scene object dependency audit,,Requires Unity audit,Requires Unity audit,,,Review,High visual/physics QA
Assets/Idyllic Italian Coast Town/Meshes/Props/SM_bottle_lemon_03.fbx,45056,44.0 KB,Requires Unity import audit,Requires Unity import audit,Requires Unity import audit,Requires Unity import audit,Requires Unity import audit,Requires Unity import audit,0,0,1,1,Assets/Idyllic Italian Coast Town/Prefabs/Props/SM_bottle_lemon_03.prefab,Search scene for MeshCollider refs,Requires Unity/scene object dependency audit,,Requires Unity audit,Requires Unity audit,,,Review,High visual/physics QA
Assets/Furniture Mega Pack/FBX/Drawer/Drawer02.fbx,44956,43.9 KB,Requires Unity import audit,Requires Unity import audit,Requires Unity import audit,Requires Unity import audit,Requires Unity import audit,Requires Unity import audit,0,0,1,1,Assets/Furniture Mega Pack/Prefabs/Drawers/Drawer02.prefab,Search scene for MeshCollider refs,Requires Unity/scene object dependency audit,,Requires Unity audit,Requires Unity audit,,,Review,High visual/physics QA
Assets/DevDen Arch Viz Scotland/Models/Dining Room/dinning_table.fbx,44861,43.8 KB,Requires Unity import audit,Requires Unity import audit,Requires Unity import audit,Requires Unity import audit,Requires Unity import audit,Requires Unity import audit,1,0,0,0,Assets/DevDen Arch Viz Scotland/Prefabs/Dining Room/dinning_table.prefab; Assets/DevDen Arch Viz Scotland/Scenes/ArchViz.unity,Search scene for MeshCollider refs,Requires Unity/scene object dependency audit,,Requires Unity audit,Requires Unity audit,,,Review,High visual/physics QA
Assets/Idyllic Italian Coast Town/Meshes/Props/SM_vase_small.fbx,44688,43.6 KB,Requires Unity import audit,Requires Unity import audit,Requires Unity import audit,Requires Unity import audit,Requires Unity import audit,Requires Unity import audit,0,0,1,1,Assets/Idyllic Italian Coast Town/Prefabs/Props/SM_vase_small.prefab,Search scene for MeshCollider refs,Requires Unity/scene object dependency audit,,Requires Unity audit,Requires Unity audit,,,Review,High visual/physics QA
Assets/Furniture Mega Pack/FBX/Bathroom/BathroomVanity05.fbx,44588,43.5 KB,Requires Unity import audit,Requires Unity import audit,Requires Unity import audit,Requires Unity import audit,Requires Unity import audit,Requires Unity import audit,0,0,1,1,Assets/Furniture Mega Pack/Prefabs/Bathroom/BathroomVanity05.prefab,Search scene for MeshCollider refs,Requires Unity/scene object dependency audit,,Requires Unity audit,Requires Unity audit,,,Review,High visual/physics QA
Assets/Furniture Mega Pack/FBX/Closet/Closet22.fbx,44556,43.5 KB,Requires Unity import audit,Requires Unity import audit,Requires Unity import audit,Requires Unity import audit,Requires Unity import audit,Requires Unity import audit,0,0,1,1,Assets/Furniture Mega Pack/Prefabs/Closets/Closet22.prefab,Search scene for MeshCollider refs,Requires Unity/scene object dependency audit,,Requires Unity audit,Requires Unity audit,,,Review,High visual/physics QA
Assets/Idyllic Italian Coast Town/Meshes/Modular/SM_staircase_02.fbx,44432,43.4 KB,Requires Unity import audit,Requires Unity import audit,Requires Unity import audit,Requires Unity import audit,Requires Unity import audit,Requires Unity import audit,0,0,1,1,Assets/Idyllic Italian Coast Town/Prefabs/Modular Pieces/SM_staircase_02.prefab,Search scene for MeshCollider refs,Requires Unity/scene object dependency audit,,Requires Unity audit,Requires Unity audit,,,Review,High visual/physics QA
Assets/Pandazole_Ultimate_Pack/Pandazole Farm Ranch Pack/Models/food_Broccoli.fbx,44428,43.4 KB,Requires Unity import audit,Requires Unity import audit,Requires Unity import audit,Requires Unity import audit,Requires Unity import audit,Requires Unity import audit,0,0,1,1,Assets/Pandazole_Ultimate_Pack/Pandazole Farm Ranch Pack/Prefabs/food_Broccoli.prefab,Search scene for MeshCollider refs,Requires Unity/scene object dependency audit,,Requires Unity audit,Requires Unity audit,,,Review,High visual/physics QA
Assets/Furniture Mega Pack/FBX/Closet/Closet25.fbx,44252,43.2 KB,Requires Unity import audit,Requires Unity import audit,Requires Unity import audit,Requires Unity import audit,Requires Unity import audit,Requires Unity import audit,0,0,1,1,Assets/Furniture Mega Pack/Prefabs/Closets/Closet25.prefab,Search scene for MeshCollider refs,Requires Unity/scene object dependency audit,,Requires Unity audit,Requires Unity audit,,,Review,High visual/physics QA
Assets/Furniture Mega Pack/FBX/Closet/Closet24.fbx,43996,43.0 KB,Requires Unity import audit,Requires Unity import audit,Requires Unity import audit,Requires Unity import audit,Requires Unity import audit,Requires Unity import audit,0,0,1,1,Assets/Furniture Mega Pack/Prefabs/Closets/Closet24.prefab,Search scene for MeshCollider refs,Requires Unity/scene object dependency audit,,Requires Unity audit,Requires Unity audit,,,Review,High visual/physics QA
Assets/DevDen Arch Viz Scotland/Models/Bathroom/ceiling lamp.fbx,43904,42.9 KB,Requires Unity import audit,Requires Unity import audit,Requires Unity import audit,Requires Unity import audit,Requires Unity import audit,Requires Unity import audit,0,0,0,0,Assets/DevDen Arch Viz Scotland/Prefabs/Bathroom/ceiling lamp.prefab; Assets/DevDen Arch Viz Scotland/Scenes/ArchViz.unity,Search scene for MeshCollider refs,Requires Unity/scene object dependency audit,,Requires Unity audit,Requires Unity audit,,,Review,High visual/physics QA
Assets/Furniture Mega Pack/FBX/Drawer/Drawer03.fbx,43820,42.8 KB,Requires Unity import audit,Requires Unity import audit,Requires Unity import audit,Requires Unity import audit,Requires Unity import audit,Requires Unity import audit,0,0,1,1,Assets/Furniture Mega Pack/Prefabs/Drawers/Drawer03.prefab,Search scene for MeshCollider refs,Requires Unity/scene object dependency audit,,Requires Unity audit,Requires Unity audit,,,Review,High visual/physics QA
Assets/Furniture Mega Pack/FBX/Closet/Closet23.fbx,43756,42.7 KB,Requires Unity import audit,Requires Unity import audit,Requires Unity import audit,Requires Unity import audit,Requires Unity import audit,Requires Unity import audit,0,0,1,1,Assets/Furniture Mega Pack/Prefabs/Closets/Closet23.prefab,Search scene for MeshCollider refs,Requires Unity/scene object dependency audit,,Requires Unity audit,Requires Unity audit,,,Review,High visual/physics QA
Assets/Furniture Mega Pack/FBX/Drawer/Drawer01.fbx,43564,42.5 KB,Requires Unity import audit,Requires Unity import audit,Requires Unity import audit,Requires Unity import audit,Requires Unity import audit,Requires Unity import audit,0,0,1,1,Assets/Furniture Mega Pack/Prefabs/Drawers/Drawer01.prefab,Search scene for MeshCollider refs,Requires Unity/scene object dependency audit,,Requires Unity audit,Requires Unity audit,,,Review,High visual/physics QA
Assets/Furniture Mega Pack/FBX/Drawer/Drawer09.fbx,43468,42.4 KB,Requires Unity import audit,Requires Unity import audit,Requires Unity import audit,Requires Unity import audit,Requires Unity import audit,Requires Unity import audit,0,0,1,1,Assets/Furniture Mega Pack/Prefabs/Drawers/Drawer09.prefab,Search scene for MeshCollider refs,Requires Unity/scene object dependency audit,,Requires Unity audit,Requires Unity audit,,,Review,High visual/physics QA
Assets/SimpleNaturePack/Models/Tree_03.fbx,43388,42.4 KB,Requires Unity import audit,Requires Unity import audit,Requires Unity import audit,Requires Unity import audit,Requires Unity import audit,Requires Unity import audit,0,0,0,0,Assets/SimpleNaturePack/Prefabs/Tree_03.prefab,Search scene for MeshCollider refs,Requires Unity/scene object dependency audit,,Requires Unity audit,Requires Unity audit,,,Review,High visual/physics QA
Assets/Furniture Mega Pack/FBX/Bathroom/BathTub05.fbx,43372,42.4 KB,Requires Unity import audit,Requires Unity import audit,Requires Unity import audit,Requires Unity import audit,Requires Unity import audit,Requires Unity import audit,0,0,1,1,Assets/Furniture Mega Pack/Prefabs/Bathroom/BathTub05.prefab,Search scene for MeshCollider refs,Requires Unity/scene object dependency audit,,Requires Unity audit,Requires Unity audit,,,Review,High visual/physics QA
Assets/Furniture Mega Pack/FBX/Drawer/Drawer10.fbx,43276,42.3 KB,Requires Unity import audit,Requires Unity import audit,Requires Unity import audit,Requires Unity import audit,Requires Unity import audit,Requires Unity import audit,0,0,1,1,Assets/Furniture Mega Pack/Prefabs/Drawers/Drawer10.prefab,Search scene for MeshCollider refs,Requires Unity/scene object dependency audit,,Requires Unity audit,Requires Unity audit,,,Review,High visual/physics QA
Assets/Idyllic Italian Coast Town/Meshes/Props/SM_shopsign_small_02.fbx,43232,42.2 KB,Requires Unity import audit,Requires Unity import audit,Requires Unity import audit,Requires Unity import audit,Requires Unity import audit,Requires Unity import audit,0,0,1,1,Assets/Idyllic Italian Coast Town/Prefabs/Props/SM_shopsign_small_02.prefab,Search scene for MeshCollider refs,Requires Unity/scene object dependency audit,,Requires Unity audit,Requires Unity audit,,,Review,High visual/physics QA
Assets/Furniture Mega Pack/FBX/Bathroom/BathTub02.fbx,43116,42.1 KB,Requires Unity import audit,Requires Unity import audit,Requires Unity import audit,Requires Unity import audit,Requires Unity import audit,Requires Unity import audit,0,0,1,1,Assets/Furniture Mega Pack/Prefabs/Bathroom/BathTub02.prefab,Search scene for MeshCollider refs,Requires Unity/scene object dependency audit,,Requires Unity audit,Requires Unity audit,,,Review,High visual/physics QA
Assets/Pandazole_Ultimate_Pack/Pandazole Farm Ranch Pack/Models/Bld_FarmerHouse.fbx,43004,42.0 KB,Requires Unity import audit,Requires Unity import audit,Requires Unity import audit,Requires Unity import audit,Requires Unity import audit,Requires Unity import audit,0,0,1,1,Assets/Pandazole_Ultimate_Pack/Pandazole Farm Ranch Pack/Prefabs/Bld_FarmerHouse.prefab,Search scene for MeshCollider refs,Requires Unity/scene object dependency audit,,Requires Unity audit,Requires Unity audit,,,Review,High visual/physics QA
Assets/DevDen Arch Viz Scotland/Models/Kitchen Room/dish-rack.fbx,42924,41.9 KB,Requires Unity import audit,Requires Unity import audit,Requires Unity import audit,Requires Unity import audit,Requires Unity import audit,Requires Unity import audit,1,0,0,0,Assets/DevDen Arch Viz Scotland/Prefabs/Kitchen Room/Dish-drainer.prefab; Assets/DevDen Arch Viz Scotland/Scenes/ArchViz.unity,Search scene for MeshCollider refs,Requires Unity/scene object dependency audit,,Requires Unity audit,Requires Unity audit,,,Review,High visual/physics QA
Assets/Furniture Mega Pack/FBX/Drawer/Drawer30.fbx,42780,41.8 KB,Requires Unity import audit,Requires Unity import audit,Requires Unity import audit,Requires Unity import audit,Requires Unity import audit,Requires Unity import audit,0,0,1,1,Assets/Furniture Mega Pack/Prefabs/Drawers/Drawer30.prefab,Search scene for MeshCollider refs,Requires Unity/scene object dependency audit,,Requires Unity audit,Requires Unity audit,,,Review,High visual/physics QA
Assets/Idyllic Italian Coast Town/Meshes/Props/SM_shopsign_large_01.fbx,42672,41.7 KB,Requires Unity import audit,Requires Unity import audit,Requires Unity import audit,Requires Unity import audit,Requires Unity import audit,Requires Unity import audit,0,0,1,1,Assets/Idyllic Italian Coast Town/Prefabs/Props/SM_shopsign_large_01.prefab,Search scene for MeshCollider refs,Requires Unity/scene object dependency audit,,Requires Unity audit,Requires Unity audit,,,Review,High visual/physics QA
Assets/Idyllic Italian Coast Town/Meshes/Props/SM_leaves_wall_04.fbx,42496,41.5 KB,Requires Unity import audit,Requires Unity import audit,Requires Unity import audit,Requires Unity import audit,Requires Unity import audit,Requires Unity import audit,0,0,1,1,Assets/Idyllic Italian Coast Town/Prefabs/Props/SM_leaves_wall_04.prefab,Search scene for MeshCollider refs,Requires Unity/scene object dependency audit,,Requires Unity audit,Requires Unity audit,,,Review,High visual/physics QA
Assets/Furniture Mega Pack/FBX/Drawer/Drawer07.fbx,42300,41.3 KB,Requires Unity import audit,Requires Unity import audit,Requires Unity import audit,Requires Unity import audit,Requires Unity import audit,Requires Unity import audit,0,0,1,1,Assets/Furniture Mega Pack/Prefabs/Drawers/Drawer07.prefab,Search scene for MeshCollider refs,Requires Unity/scene object dependency audit,,Requires Unity audit,Requires Unity audit,,,Review,High visual/physics QA
Assets/Furniture Mega Pack/FBX/Table/Table48.fbx,42204,41.2 KB,Requires Unity import audit,Requires Unity import audit,Requires Unity import audit,Requires Unity import audit,Requires Unity import audit,Requires Unity import audit,0,0,1,1,Assets/Furniture Mega Pack/Prefabs/Tables/Table48.prefab,Search scene for MeshCollider refs,Requires Unity/scene object dependency audit,,Requires Unity audit,Requires Unity audit,,,Review,High visual/physics QA
Assets/Idyllic Italian Coast Town/Meshes/Props/SM_fence_01.fbx,42192,41.2 KB,Requires Unity import audit,Requires Unity import audit,Requires Unity import audit,Requires Unity import audit,Requires Unity import audit,Requires Unity import audit,0,0,1,1,Assets/Idyllic Italian Coast Town/Prefabs/Props/SM_fence_01.prefab,Search scene for MeshCollider refs,Requires Unity/scene object dependency audit,,Requires Unity audit,Requires Unity audit,,,Review,High visual/physics QA
Assets/Furniture Mega Pack/FBX/Drawer/Drawer06.fbx,42188,41.2 KB,Requires Unity import audit,Requires Unity import audit,Requires Unity import audit,Requires Unity import audit,Requires Unity import audit,Requires Unity import audit,0,0,1,1,Assets/Furniture Mega Pack/Prefabs/Drawers/Drawer06.prefab,Search scene for MeshCollider refs,Requires Unity/scene object dependency audit,,Requires Unity audit,Requires Unity audit,,,Review,High visual/physics QA
Assets/Furniture Mega Pack/FBX/Drawer/Drawer08.fbx,42044,41.1 KB,Requires Unity import audit,Requires Unity import audit,Requires Unity import audit,Requires Unity import audit,Requires Unity import audit,Requires Unity import audit,0,0,1,1,Assets/Furniture Mega Pack/Prefabs/Drawers/Drawer08.prefab,Search scene for MeshCollider refs,Requires Unity/scene object dependency audit,,Requires Unity audit,Requires Unity audit,,,Review,High visual/physics QA
Assets/Idyllic Italian Coast Town/Meshes/Props/SM_canopy_03.fbx,41872,40.9 KB,Requires Unity import audit,Requires Unity import audit,Requires Unity import audit,Requires Unity import audit,Requires Unity import audit,Requires Unity import audit,0,0,1,1,Assets/Idyllic Italian Coast Town/Prefabs/Props/SM_canopy_03 (1).prefab; Assets/Idyllic Italian Coast Town/Prefabs/Props/SM_canopy_03.prefab,Search scene for MeshCollider refs,Requires Unity/scene object dependency audit,,Requires Unity audit,Requires Unity audit,,,Review,High visual/physics QA
Assets/Idyllic Italian Coast Town/Meshes/Props/SM_canopy_01.fbx,41856,40.9 KB,Requires Unity import audit,Requires Unity import audit,Requires Unity import audit,Requires Unity import audit,Requires Unity import audit,Requires Unity import audit,0,0,1,1,Assets/Idyllic Italian Coast Town/Prefabs/Props/SM_canopy_01 (1).prefab; Assets/Idyllic Italian Coast Town/Prefabs/Props/SM_canopy_01.prefab,Search scene for MeshCollider refs,Requires Unity/scene object dependency audit,,Requires Unity audit,Requires Unity audit,,,Review,High visual/physics QA
Assets/Furniture Mega Pack/FBX/Drawer/Drawer42.fbx,41852,40.9 KB,Requires Unity import audit,Requires Unity import audit,Requires Unity import audit,Requires Unity import audit,Requires Unity import audit,Requires Unity import audit,0,0,1,1,Assets/Furniture Mega Pack/Prefabs/Drawers/Drawer42.prefab,Search scene for MeshCollider refs,Requires Unity/scene object dependency audit,,Requires Unity audit,Requires Unity audit,,,Review,High visual/physics QA
Assets/Idyllic Italian Coast Town/Meshes/Props/SM_orange_fruit.fbx,41408,40.4 KB,Requires Unity import audit,Requires Unity import audit,Requires Unity import audit,Requires Unity import audit,Requires Unity import audit,Requires Unity import audit,0,0,1,1,Assets/Idyllic Italian Coast Town/Prefabs/Props/SM_orange_fruit.prefab,Search scene for MeshCollider refs,Requires Unity/scene object dependency audit,,Requires Unity audit,Requires Unity audit,,,Review,High visual/physics QA
Assets/UnityTechnologies/Basic Asset Pack Interior/Models/LampSmall.FBX,41360,40.4 KB,Requires Unity import audit,Requires Unity import audit,Requires Unity import audit,Requires Unity import audit,Requires Unity import audit,Requires Unity import audit,0,0,1,1,Assets/UnityTechnologies/Basic Asset Pack Interior/Prefabs/Lights/LampSmall.prefab,Search scene for MeshCollider refs,Requires Unity/scene object dependency audit,,Requires Unity audit,Requires Unity audit,,,Review,High visual/physics QA
Assets/Idyllic Italian Coast Town/Meshes/Props/SM_leaves_wall_02.fbx,41312,40.3 KB,Requires Unity import audit,Requires Unity import audit,Requires Unity import audit,Requires Unity import audit,Requires Unity import audit,Requires Unity import audit,0,0,1,1,Assets/Idyllic Italian Coast Town/Prefabs/Props/SM_leaves_wall_02.prefab,Search scene for MeshCollider refs,Requires Unity/scene object dependency audit,,Requires Unity audit,Requires Unity audit,,,Review,High visual/physics QA
Assets/Idyllic Italian Coast Town/Meshes/Props/SM_lemon_fruit.fbx,41088,40.1 KB,Requires Unity import audit,Requires Unity import audit,Requires Unity import audit,Requires Unity import audit,Requires Unity import audit,Requires Unity import audit,0,0,1,1,Assets/Idyllic Italian Coast Town/Prefabs/Props/SM_lemon_fruit.prefab,Search scene for MeshCollider refs,Requires Unity/scene object dependency audit,,Requires Unity audit,Requires Unity audit,,,Review,High visual/physics QA
Assets/Pandazole_Ultimate_Pack/Pandazole Farm Ranch Pack/Models/Prop_FoodSack_01.fbx,41004,40.0 KB,Requires Unity import audit,Requires Unity import audit,Requires Unity import audit,Requires Unity import audit,Requires Unity import audit,Requires Unity import audit,0,0,1,1,Assets/Pandazole_Ultimate_Pack/Pandazole Farm Ranch Pack/Prefabs/Prop_FoodSack_01.prefab,Search scene for MeshCollider refs,Requires Unity/scene object dependency audit,,Requires Unity audit,Requires Unity audit,,,Review,High visual/physics QA
Assets/Pandazole_Ultimate_Pack/Pandazole Farm Ranch Pack/Models/Prop_FoodSack_02.fbx,40540,39.6 KB,Requires Unity import audit,Requires Unity import audit,Requires Unity import audit,Requires Unity import audit,Requires Unity import audit,Requires Unity import audit,0,0,1,1,Assets/Pandazole_Ultimate_Pack/Pandazole Farm Ranch Pack/Prefabs/Prop_FoodSack_02.prefab,Search scene for MeshCollider refs,Requires Unity/scene object dependency audit,,Requires Unity audit,Requires Unity audit,,,Review,High visual/physics QA
Assets/Idyllic Italian Coast Town/Meshes/Props/SM_menu_restaurant_02.fbx,40064,39.1 KB,Requires Unity import audit,Requires Unity import audit,Requires Unity import audit,Requires Unity import audit,Requires Unity import audit,Requires Unity import audit,0,0,1,1,Assets/Idyllic Italian Coast Town/Prefabs/Props/SM_menu_restaurant_02.prefab,Search scene for MeshCollider refs,Requires Unity/scene object dependency audit,,Requires Unity audit,Requires Unity audit,,,Review,High visual/physics QA
Assets/Idyllic Italian Coast Town/Meshes/Props/SM_menu_restaurant_01.fbx,40016,39.1 KB,Requires Unity import audit,Requires Unity import audit,Requires Unity import audit,Requires Unity import audit,Requires Unity import audit,Requires Unity import audit,0,0,1,1,Assets/Idyllic Italian Coast Town/Prefabs/Props/SM_menu_restaurant_01.prefab,Search scene for MeshCollider refs,Requires Unity/scene object dependency audit,,Requires Unity audit,Requires Unity audit,,,Review,High visual/physics QA
Assets/Furniture Mega Pack/FBX/Table/Table26.fbx,39868,38.9 KB,Requires Unity import audit,Requires Unity import audit,Requires Unity import audit,Requires Unity import audit,Requires Unity import audit,Requires Unity import audit,0,0,1,1,Assets/Furniture Mega Pack/Prefabs/Tables/Table26.prefab,Search scene for MeshCollider refs,Requires Unity/scene object dependency audit,,Requires Unity audit,Requires Unity audit,,,Review,High visual/physics QA
Assets/Pandazole_Ultimate_Pack/Pandazole Farm Ranch Pack/Models/Env_Tree_06.fbx,39756,38.8 KB,Requires Unity import audit,Requires Unity import audit,Requires Unity import audit,Requires Unity import audit,Requires Unity import audit,Requires Unity import audit,0,0,1,1,Assets/Pandazole_Ultimate_Pack/Pandazole Farm Ranch Pack/Prefabs/Env_Tree_06.prefab,Search scene for MeshCollider refs,Requires Unity/scene object dependency audit,,Requires Unity audit,Requires Unity audit,,,Review,High visual/physics QA
Assets/Idyllic Italian Coast Town/Meshes/Props/SM_shopsign_large_03.fbx,39568,38.6 KB,Requires Unity import audit,Requires Unity import audit,Requires Unity import audit,Requires Unity import audit,Requires Unity import audit,Requires Unity import audit,0,0,1,1,Assets/Idyllic Italian Coast Town/Prefabs/Props/SM_shopsign_large_03.prefab,Search scene for MeshCollider refs,Requires Unity/scene object dependency audit,,Requires Unity audit,Requires Unity audit,,,Review,High visual/physics QA
Assets/Idyllic Italian Coast Town/Meshes/Props/SM_shopsign_large_02.fbx,39568,38.6 KB,Requires Unity import audit,Requires Unity import audit,Requires Unity import audit,Requires Unity import audit,Requires Unity import audit,Requires Unity import audit,0,0,1,1,Assets/Idyllic Italian Coast Town/Prefabs/Props/SM_shopsign_large_02.prefab,Search scene for MeshCollider refs,Requires Unity/scene object dependency audit,,Requires Unity audit,Requires Unity audit,,,Review,High visual/physics QA
Assets/Pandazole_Ultimate_Pack/Pandazole Farm Ranch Pack/Models/Bld_Silo_01.fbx,39388,38.5 KB,Requires Unity import audit,Requires Unity import audit,Requires Unity import audit,Requires Unity import audit,Requires Unity import audit,Requires Unity import audit,0,0,1,1,Assets/Pandazole_Ultimate_Pack/Pandazole Farm Ranch Pack/Prefabs/Bld_Silo_01.prefab,Search scene for MeshCollider refs,Requires Unity/scene object dependency audit,,Requires Unity audit,Requires Unity audit,,,Review,High visual/physics QA
Assets/Pandazole_Ultimate_Pack/Pandazole Farm Ranch Pack/Models/Bld_FarmMill_01.fbx,39388,38.5 KB,Requires Unity import audit,Requires Unity import audit,Requires Unity import audit,Requires Unity import audit,Requires Unity import audit,Requires Unity import audit,0,0,1,1,Assets/Pandazole_Ultimate_Pack/Pandazole Farm Ranch Pack/Prefabs/Bld_FarmMill_01.prefab,Search scene for MeshCollider refs,Requires Unity/scene object dependency audit,,Requires Unity audit,Requires Unity audit,,,Review,High visual/physics QA
Assets/Idyllic Italian Coast Town/Meshes/Props/SM_sign_lemonstand_02.fbx,39136,38.2 KB,Requires Unity import audit,Requires Unity import audit,Requires Unity import audit,Requires Unity import audit,Requires Unity import audit,Requires Unity import audit,0,0,1,1,Assets/Idyllic Italian Coast Town/Prefabs/Props/SM_sign_lemonstand_02.prefab,Search scene for MeshCollider refs,Requires Unity/scene object dependency audit,,Requires Unity audit,Requires Unity audit,,,Review,High visual/physics QA
Assets/Idyllic Italian Coast Town/Meshes/Props/SM_sign_lemonstand.fbx,39120,38.2 KB,Requires Unity import audit,Requires Unity import audit,Requires Unity import audit,Requires Unity import audit,Requires Unity import audit,Requires Unity import audit,0,0,1,1,Assets/Idyllic Italian Coast Town/Prefabs/Props/SM_sign_lemonstand.prefab,Search scene for MeshCollider refs,Requires Unity/scene object dependency audit,,Requires Unity audit,Requires Unity audit,,,Review,High visual/physics QA
Assets/Pandazole_Ultimate_Pack/Pandazole Farm Ranch Pack/Models/food_Pumpkin.fbx,39100,38.2 KB,Requires Unity import audit,Requires Unity import audit,Requires Unity import audit,Requires Unity import audit,Requires Unity import audit,Requires Unity import audit,0,0,1,1,Assets/Pandazole_Ultimate_Pack/Pandazole Farm Ranch Pack/Prefabs/food_Pumpkin.prefab,Search scene for MeshCollider refs,Requires Unity/scene object dependency audit,,Requires Unity audit,Requires Unity audit,,,Review,High visual/physics QA
Assets/SimpleNaturePack/Models/Flowers_01.fbx,39036,38.1 KB,Requires Unity import audit,Requires Unity import audit,Requires Unity import audit,Requires Unity import audit,Requires Unity import audit,Requires Unity import audit,0,0,0,0,Assets/SimpleNaturePack/Prefabs/Flowers_01.prefab,Search scene for MeshCollider refs,Requires Unity/scene object dependency audit,,Requires Unity audit,Requires Unity audit,,,Review,High visual/physics QA
Assets/Furniture Mega Pack/FBX/Drawer/Drawer20.fbx,38940,38.0 KB,Requires Unity import audit,Requires Unity import audit,Requires Unity import audit,Requires Unity import audit,Requires Unity import audit,Requires Unity import audit,0,0,1,1,Assets/Furniture Mega Pack/Prefabs/Drawers/Drawer20.prefab,Search scene for MeshCollider refs,Requires Unity/scene object dependency audit,,Requires Unity audit,Requires Unity audit,,,Review,High visual/physics QA
Assets/DevDen Arch Viz Scotland/Models/Living Room/TV_Shelf.FBX,38816,37.9 KB,Requires Unity import audit,Requires Unity import audit,Requires Unity import audit,Requires Unity import audit,Requires Unity import audit,Requires Unity import audit,1,0,0,0,Assets/DevDen Arch Viz Scotland/Prefabs/Living Room/TV_Shelf.prefab; Assets/DevDen Arch Viz Scotland/Scenes/ArchViz.unity,Search scene for MeshCollider refs,Requires Unity/scene object dependency audit,,Requires Unity audit,Requires Unity audit,,,Review,High visual/physics QA
Assets/UnityTechnologies/Basic Asset Pack Interior/Models/LampTall.FBX,38256,37.4 KB,Requires Unity import audit,Requires Unity import audit,Requires Unity import audit,Requires Unity import audit,Requires Unity import audit,Requires Unity import audit,0,0,1,1,Assets/UnityTechnologies/Basic Asset Pack Interior/Prefabs/Lights/LampTall.prefab,Search scene for MeshCollider refs,Requires Unity/scene object dependency audit,,Requires Unity audit,Requires Unity audit,,,Review,High visual/physics QA
Assets/Furniture Mega Pack/FBX/Table/Table23.fbx,37948,37.1 KB,Requires Unity import audit,Requires Unity import audit,Requires Unity import audit,Requires Unity import audit,Requires Unity import audit,Requires Unity import audit,0,0,1,1,Assets/Furniture Mega Pack/Prefabs/Tables/Table23.prefab,Search scene for MeshCollider refs,Requires Unity/scene object dependency audit,,Requires Unity audit,Requires Unity audit,,,Review,High visual/physics QA
Assets/Furniture Mega Pack/FBX/Bathroom/BathroomVanity01.fbx,37292,36.4 KB,Requires Unity import audit,Requires Unity import audit,Requires Unity import audit,Requires Unity import audit,Requires Unity import audit,Requires Unity import audit,0,0,1,1,Assets/BH_XR_MainScene.unity; Assets/Furniture Mega Pack/Prefabs/Bathroom/BathroomVanity01.prefab; Assets/_Recovery/0 (1).unity; Assets/_Recovery/0 (10).unity; Assets/_Recovery/0 (11).unity; Assets/_Recovery/0 (13).unity; Assets/_Recovery/0 (14).unity; Assets/_Recovery/0 (15).unity; Assets/_Recovery/0 (16).unity; Assets/_Recovery/0 (17).unity; Assets/_Recovery/0 (18).unity; Assets/_Recovery/0 (2).unity; Assets/_Recovery/0 (21).unity; Assets/_Recovery/0 (22).unity; Assets/_Recovery/0 (23).unity; Assets/_Recovery/0 (3).unity; Assets/_Recovery/0 (5).unity; Assets/_Recovery/0 (6).unity; Assets/_Recovery/0 (7).unity; Assets/_Recovery/0 (8).unity,Search scene for MeshCollider refs,Requires Unity/scene object dependency audit,,Requires Unity audit,Requires Unity audit,,,Review,High visual/physics QA
Assets/UnityTechnologies/Basic Asset Pack Interior/Models/Walls/Door.FBX,37216,36.3 KB,Requires Unity import audit,Requires Unity import audit,Requires Unity import audit,Requires Unity import audit,Requires Unity import audit,Requires Unity import audit,0,0,1,1,Assets/UnityTechnologies/Basic Asset Pack Interior/Prefabs/Walls/WallDoor2m.prefab,Search scene for MeshCollider refs,Requires Unity/scene object dependency audit,,Requires Unity audit,Requires Unity audit,,,Review,High visual/physics QA
Assets/Furniture Mega Pack/FBX/Bathroom/BathroomVanity04.fbx,37004,36.1 KB,Requires Unity import audit,Requires Unity import audit,Requires Unity import audit,Requires Unity import audit,Requires Unity import audit,Requires Unity import audit,0,0,1,1,Assets/Furniture Mega Pack/Prefabs/Bathroom/BathroomVanity04.prefab,Search scene for MeshCollider refs,Requires Unity/scene object dependency audit,,Requires Unity audit,Requires Unity audit,,,Review,High visual/physics QA
Assets/Furniture Mega Pack/FBX/Table/Table21.fbx,36860,36.0 KB,Requires Unity import audit,Requires Unity import audit,Requires Unity import audit,Requires Unity import audit,Requires Unity import audit,Requires Unity import audit,0,0,1,1,Assets/Furniture Mega Pack/Prefabs/Tables/Table21.prefab,Search scene for MeshCollider refs,Requires Unity/scene object dependency audit,,Requires Unity audit,Requires Unity audit,,,Review,High visual/physics QA
Assets/DevDen Arch Viz Scotland/Models/Dining Room/Table_mat.fbx,36800,35.9 KB,Requires Unity import audit,Requires Unity import audit,Requires Unity import audit,Requires Unity import audit,Requires Unity import audit,Requires Unity import audit,0,0,1,1,Assets/DevDen Arch Viz Scotland/Prefabs/Dining Room/Cutlery_Set.prefab; Assets/DevDen Arch Viz Scotland/Scenes/ArchViz.unity,Search scene for MeshCollider refs,Requires Unity/scene object dependency audit,,Requires Unity audit,Requires Unity audit,,,Review,High visual/physics QA
Assets/DevDen Arch Viz Scotland/Models/Dining Room/trash-can.fbx,36780,35.9 KB,Requires Unity import audit,Requires Unity import audit,Requires Unity import audit,Requires Unity import audit,Requires Unity import audit,Requires Unity import audit,1,0,0,0,Assets/DevDen Arch Viz Scotland/Prefabs/Dining Room/trash-can.prefab; Assets/DevDen Arch Viz Scotland/Scenes/ArchViz.unity,Search scene for MeshCollider refs,Requires Unity/scene object dependency audit,,Requires Unity audit,Requires Unity audit,,,Review,High visual/physics QA
Assets/UnityTechnologies/Basic Asset Pack Interior/Models/Books.FBX,36752,35.9 KB,Requires Unity import audit,Requires Unity import audit,Requires Unity import audit,Requires Unity import audit,Requires Unity import audit,Requires Unity import audit,0,0,1,1,Assets/UnityTechnologies/Basic Asset Pack Interior/Prefabs/Props/Books.prefab,Search scene for MeshCollider refs,Requires Unity/scene object dependency audit,,Requires Unity audit,Requires Unity audit,,,Review,High visual/physics QA
Assets/UnityTechnologies/Basic Asset Pack Interior/Models/PlantSnakeLarge.FBX,36544,35.7 KB,Requires Unity import audit,Requires Unity import audit,Requires Unity import audit,Requires Unity import audit,Requires Unity import audit,Requires Unity import audit,0,0,1,1,Assets/UnityTechnologies/Basic Asset Pack Interior/Prefabs/Props/PlantPotMedium.prefab; Assets/UnityTechnologies/Basic Asset Pack Interior/Prefabs/Props/PlantPotRoundMedium.prefab,Search scene for MeshCollider refs,Requires Unity/scene object dependency audit,,Requires Unity audit,Requires Unity audit,,,Review,High visual/physics QA
Assets/Furniture Mega Pack/FBX/Table/Table27.fbx,36428,35.6 KB,Requires Unity import audit,Requires Unity import audit,Requires Unity import audit,Requires Unity import audit,Requires Unity import audit,Requires Unity import audit,0,0,1,1,Assets/Furniture Mega Pack/Prefabs/Tables/Table27.prefab,Search scene for MeshCollider refs,Requires Unity/scene object dependency audit,,Requires Unity audit,Requires Unity audit,,,Review,High visual/physics QA
Assets/Furniture Mega Pack/FBX/Table/Table22.fbx,36412,35.6 KB,Requires Unity import audit,Requires Unity import audit,Requires Unity import audit,Requires Unity import audit,Requires Unity import audit,Requires Unity import audit,0,0,1,1,Assets/Furniture Mega Pack/Prefabs/Tables/Table22.prefab,Search scene for MeshCollider refs,Requires Unity/scene object dependency audit,,Requires Unity audit,Requires Unity audit,,,Review,High visual/physics QA
Assets/Pandazole_Ultimate_Pack/Pandazole Farm Ranch Pack/Models/Env_Bush_01.fbx,36412,35.6 KB,Requires Unity import audit,Requires Unity import audit,Requires Unity import audit,Requires Unity import audit,Requires Unity import audit,Requires Unity import audit,0,0,1,1,Assets/Pandazole_Ultimate_Pack/Pandazole Farm Ranch Pack/Prefabs/Env_Bush_01.prefab,Search scene for MeshCollider refs,Requires Unity/scene object dependency audit,,Requires Unity audit,Requires Unity audit,,,Review,High visual/physics QA
Assets/Samples/XR Interaction Toolkit/3.3.1/Starter Assets/Models/Pinch_Pointer_LOD0.fbx,36156,35.3 KB,Requires Unity import audit,Requires Unity import audit,Requires Unity import audit,Requires Unity import audit,Requires Unity import audit,Requires Unity import audit,0,0,1,1,Assets/Samples/XR Interaction Toolkit/3.3.1/Starter Assets/Prefabs/Interactors/Poke Interactor.prefab,Search scene for MeshCollider refs,Requires Unity/scene object dependency audit,,Requires Unity audit,Requires Unity audit,,,Review,High visual/physics QA
Assets/Idyllic Italian Coast Town/Meshes/Props/SM_leaves_wall_03.fbx,36144,35.3 KB,Requires Unity import audit,Requires Unity import audit,Requires Unity import audit,Requires Unity import audit,Requires Unity import audit,Requires Unity import audit,0,0,1,1,Assets/Idyllic Italian Coast Town/Prefabs/Props/SM_leaves_wall_03.prefab,Search scene for MeshCollider refs,Requires Unity/scene object dependency audit,,Requires Unity audit,Requires Unity audit,,,Review,High visual/physics QA
Assets/LowPolyLivingRoomPack/Meshes/PottedPlant_Tall_1.fbx,36012,35.2 KB,Requires Unity import audit,Requires Unity import audit,Requires Unity import audit,Requires Unity import audit,Requires Unity import audit,Requires Unity import audit,0,0,1,1,Assets/LowPolyLivingRoomPack/Prefabs/PottedPlant_Tall_1.prefab,Search scene for MeshCollider refs,Requires Unity/scene object dependency audit,,Requires Unity audit,Requires Unity audit,,,Review,High visual/physics QA
Assets/Furniture Mega Pack/FBX/Table/Table28.fbx,35500,34.7 KB,Requires Unity import audit,Requires Unity import audit,Requires Unity import audit,Requires Unity import audit,Requires Unity import audit,Requires Unity import audit,0,0,1,1,Assets/Furniture Mega Pack/Prefabs/Tables/Table28.prefab,Search scene for MeshCollider refs,Requires Unity/scene object dependency audit,,Requires Unity audit,Requires Unity audit,,,Review,High visual/physics QA
Assets/SimpleNaturePack/Models/Ground_02.fbx,35436,34.6 KB,Requires Unity import audit,Requires Unity import audit,Requires Unity import audit,Requires Unity import audit,Requires Unity import audit,Requires Unity import audit,0,0,0,0,Assets/SimpleNaturePack/Prefabs/Ground_02.prefab,Search scene for MeshCollider refs,Requires Unity/scene object dependency audit,,Requires Unity audit,Requires Unity audit,,,Review,High visual/physics QA
Assets/SimpleNaturePack/Models/Ground_01.fbx,35276,34.4 KB,Requires Unity import audit,Requires Unity import audit,Requires Unity import audit,Requires Unity import audit,Requires Unity import audit,Requires Unity import audit,0,0,0,0,Assets/SimpleNaturePack/Prefabs/Ground_01.prefab,Search scene for MeshCollider refs,Requires Unity/scene object dependency audit,,Requires Unity audit,Requires Unity audit,,,Review,High visual/physics QA
Assets/UnityTechnologies/Basic Asset Pack Interior/Models/Walls/WallWindowTall4m.FBX,35248,34.4 KB,Requires Unity import audit,Requires Unity import audit,Requires Unity import audit,Requires Unity import audit,Requires Unity import audit,Requires Unity import audit,0,0,1,1,Assets/UnityTechnologies/Basic Asset Pack Interior/Prefabs/Walls/WallWindowTall4m.prefab,Search scene for MeshCollider refs,Requires Unity/scene object dependency audit,,Requires Unity audit,Requires Unity audit,,,Review,High visual/physics QA
Assets/My_Custom/SecurityCamera_LowPoly.fbx,35148,34.3 KB,Requires Unity import audit,Requires Unity import audit,Requires Unity import audit,Requires Unity import audit,Requires Unity import audit,Requires Unity import audit,0,0,1,1,Assets/BH_XR_MainScene.unity; Assets/_Recovery/0 (18).unity; Assets/_Recovery/0 (21).unity; Assets/_Recovery/0 (22).unity; Assets/_Recovery/0 (23).unity,Search scene for MeshCollider refs,Requires Unity/scene object dependency audit,,Requires Unity audit,Requires Unity audit,,,Review,High visual/physics QA
Assets/DevDen Arch Viz Scotland/Models/Balcony/balcony_mat.fbx,35141,34.3 KB,Requires Unity import audit,Requires Unity import audit,Requires Unity import audit,Requires Unity import audit,Requires Unity import audit,Requires Unity import audit,1,0,0,0,Assets/DevDen Arch Viz Scotland/Prefabs/Balcony/Balcony-Carpet.prefab; Assets/DevDen Arch Viz Scotland/Scenes/ArchViz.unity,Search scene for MeshCollider refs,Requires Unity/scene object dependency audit,,Requires Unity audit,Requires Unity audit,,,Review,High visual/physics QA
Assets/SimpleNaturePack/Models/Ground_03.fbx,35132,34.3 KB,Requires Unity import audit,Requires Unity import audit,Requires Unity import audit,Requires Unity import audit,Requires Unity import audit,Requires Unity import audit,0,0,0,0,Assets/SimpleNaturePack/Prefabs/Ground_03.prefab,Search scene for MeshCollider refs,Requires Unity/scene object dependency audit,,Requires Unity audit,Requires Unity audit,,,Review,High visual/physics QA
Assets/Furniture Mega Pack/FBX/Closet/Closet29.fbx,35052,34.2 KB,Requires Unity import audit,Requires Unity import audit,Requires Unity import audit,Requires Unity import audit,Requires Unity import audit,Requires Unity import audit,0,0,1,1,Assets/Furniture Mega Pack/Prefabs/Closets/Closet29.prefab,Search scene for MeshCollider refs,Requires Unity/scene object dependency audit,,Requires Unity audit,Requires Unity audit,,,Review,High visual/physics QA
Assets/Furniture Mega Pack/FBX/Closet/Closet30.fbx,34908,34.1 KB,Requires Unity import audit,Requires Unity import audit,Requires Unity import audit,Requires Unity import audit,Requires Unity import audit,Requires Unity import audit,0,0,1,1,Assets/Furniture Mega Pack/Prefabs/Closets/Closet30.prefab,Search scene for MeshCollider refs,Requires Unity/scene object dependency audit,,Requires Unity audit,Requires Unity audit,,,Review,High visual/physics QA
Assets/SimpleNaturePack/Models/Mushroom_01.fbx,34908,34.1 KB,Requires Unity import audit,Requires Unity import audit,Requires Unity import audit,Requires Unity import audit,Requires Unity import audit,Requires Unity import audit,0,0,0,0,Assets/SimpleNaturePack/Prefabs/Mushroom_01.prefab,Search scene for MeshCollider refs,Requires Unity/scene object dependency audit,,Requires Unity audit,Requires Unity audit,,,Review,High visual/physics QA
Assets/DevDen Arch Viz Scotland/Models/Living Room/TV.FBX,34848,34.0 KB,Requires Unity import audit,Requires Unity import audit,Requires Unity import audit,Requires Unity import audit,Requires Unity import audit,Requires Unity import audit,1,0,0,0,Assets/DevDen Arch Viz Scotland/Prefabs/Living Room/TV.prefab; Assets/DevDen Arch Viz Scotland/Scenes/ArchViz.unity,Search scene for MeshCollider refs,Requires Unity/scene object dependency audit,,Requires Unity audit,Requires Unity audit,,,Review,High visual/physics QA
Assets/Furniture Mega Pack/FBX/Closet/Closet26.fbx,34844,34.0 KB,Requires Unity import audit,Requires Unity import audit,Requires Unity import audit,Requires Unity import audit,Requires Unity import audit,Requires Unity import audit,0,0,1,1,Assets/Furniture Mega Pack/Prefabs/Closets/Closet26.prefab,Search scene for MeshCollider refs,Requires Unity/scene object dependency audit,,Requires Unity audit,Requires Unity audit,,,Review,High visual/physics QA
Assets/DevDen Arch Viz Scotland/Models/Common/magazine.FBX,34720,33.9 KB,Requires Unity import audit,Requires Unity import audit,Requires Unity import audit,Requires Unity import audit,Requires Unity import audit,Requires Unity import audit,1,0,0,0,Assets/DevDen Arch Viz Scotland/Prefabs/Common/Magazine-2.prefab; Assets/DevDen Arch Viz Scotland/Scenes/ArchViz.unity,Search scene for MeshCollider refs,Requires Unity/scene object dependency audit,,Requires Unity audit,Requires Unity audit,,,Review,High visual/physics QA
Assets/Furniture Mega Pack/FBX/Closet/Closet27.fbx,34700,33.9 KB,Requires Unity import audit,Requires Unity import audit,Requires Unity import audit,Requires Unity import audit,Requires Unity import audit,Requires Unity import audit,0,0,1,1,Assets/Furniture Mega Pack/Prefabs/Closets/Closet27.prefab,Search scene for MeshCollider refs,Requires Unity/scene object dependency audit,,Requires Unity audit,Requires Unity audit,,,Review,High visual/physics QA
Assets/Furniture Mega Pack/FBX/Drawer/Drawer19.fbx,34668,33.9 KB,Requires Unity import audit,Requires Unity import audit,Requires Unity import audit,Requires Unity import audit,Requires Unity import audit,Requires Unity import audit,0,0,1,1,Assets/Furniture Mega Pack/Prefabs/Drawers/Drawer19.prefab,Search scene for MeshCollider refs,Requires Unity/scene object dependency audit,,Requires Unity audit,Requires Unity audit,,,Review,High visual/physics QA
Assets/Furniture Mega Pack/FBX/Bathroom/TowelHanger07.fbx,34540,33.7 KB,Requires Unity import audit,Requires Unity import audit,Requires Unity import audit,Requires Unity import audit,Requires Unity import audit,Requires Unity import audit,0,0,1,1,Assets/Furniture Mega Pack/Prefabs/Bathroom/TowelHanger07.prefab,Search scene for MeshCollider refs,Requires Unity/scene object dependency audit,,Requires Unity audit,Requires Unity audit,,,Review,High visual/physics QA
Assets/Pandazole_Ultimate_Pack/Pandazole Farm Ranch Pack/Models/food_Mango.fbx,34492,33.7 KB,Requires Unity import audit,Requires Unity import audit,Requires Unity import audit,Requires Unity import audit,Requires Unity import audit,Requires Unity import audit,0,0,1,1,Assets/Pandazole_Ultimate_Pack/Pandazole Farm Ranch Pack/Prefabs/food_Mango.prefab,Search scene for MeshCollider refs,Requires Unity/scene object dependency audit,,Requires Unity audit,Requires Unity audit,,,Review,High visual/physics QA
Assets/Samples/XR Interaction Toolkit/3.3.1/Starter Assets/Models/BlinkVisual.fbx,34416,33.6 KB,Requires Unity import audit,Requires Unity import audit,Requires Unity import audit,Requires Unity import audit,Requires Unity import audit,Requires Unity import audit,0,0,1,1,Assets/Samples/XR Interaction Toolkit/3.3.1/Starter Assets/Prefabs/Teleport/Directional Teleport Reticle.prefab,Search scene for MeshCollider refs,Requires Unity/scene object dependency audit,,Requires Unity audit,Requires Unity audit,,,Review,High visual/physics QA
Assets/DevDen Arch Viz Scotland/Models/Kitchen Room/frifge.fbx,34352,33.5 KB,Requires Unity import audit,Requires Unity import audit,Requires Unity import audit,Requires Unity import audit,Requires Unity import audit,Requires Unity import audit,1,0,0,0,Assets/DevDen Arch Viz Scotland/Prefabs/Kitchen Room/Kitchen_Cabinet-2.prefab; Assets/DevDen Arch Viz Scotland/Scenes/ArchViz.unity,Search scene for MeshCollider refs,Requires Unity/scene object dependency audit,,Requires Unity audit,Requires Unity audit,,,Review,High visual/physics QA
Assets/Furniture Mega Pack/FBX/Closet/Closet01.fbx,34236,33.4 KB,Requires Unity import audit,Requires Unity import audit,Requires Unity import audit,Requires Unity import audit,Requires Unity import audit,Requires Unity import audit,0,0,1,1,Assets/Furniture Mega Pack/Prefabs/Closets/Closet01.prefab,Search scene for MeshCollider refs,Requires Unity/scene object dependency audit,,Requires Unity audit,Requires Unity audit,,,Review,High visual/physics QA
Assets/Pandazole_Ultimate_Pack/Pandazole Farm Ranch Pack/Models/Bld_Barn_01.fbx,34204,33.4 KB,Requires Unity import audit,Requires Unity import audit,Requires Unity import audit,Requires Unity import audit,Requires Unity import audit,Requires Unity import audit,0,0,1,1,Assets/Pandazole_Ultimate_Pack/Pandazole Farm Ranch Pack/Prefabs/Bld_Barn_01.prefab,Search scene for MeshCollider refs,Requires Unity/scene object dependency audit,,Requires Unity audit,Requires Unity audit,,,Review,High visual/physics QA
Assets/UnityTechnologies/Basic Asset Pack Interior/Models/Walls/WallWindowBay4mCurtain.FBX,34112,33.3 KB,Requires Unity import audit,Requires Unity import audit,Requires Unity import audit,Requires Unity import audit,Requires Unity import audit,Requires Unity import audit,0,0,1,1,Assets/UnityTechnologies/Basic Asset Pack Interior/Prefabs/Walls/WallWindowBay4m.prefab,Search scene for MeshCollider refs,Requires Unity/scene object dependency audit,,Requires Unity audit,Requires Unity audit,,,Review,High visual/physics QA
Assets/UnityTechnologies/Basic Asset Pack Interior/Models/Walls/WallWindow4m.FBX,34048,33.2 KB,Requires Unity import audit,Requires Unity import audit,Requires Unity import audit,Requires Unity import audit,Requires Unity import audit,Requires Unity import audit,0,0,1,1,Assets/UnityTechnologies/Basic Asset Pack Interior/Prefabs/Walls/WallWindow4m.prefab,Search scene for MeshCollider refs,Requires Unity/scene object dependency audit,,Requires Unity audit,Requires Unity audit,,,Review,High visual/physics QA
Assets/Furniture Mega Pack/FBX/Closet/Closet48.fbx,33916,33.1 KB,Requires Unity import audit,Requires Unity import audit,Requires Unity import audit,Requires Unity import audit,Requires Unity import audit,Requires Unity import audit,0,0,1,1,Assets/Furniture Mega Pack/Prefabs/Closets/Closet48.prefab,Search scene for MeshCollider refs,Requires Unity/scene object dependency audit,,Requires Unity audit,Requires Unity audit,,,Review,High visual/physics QA
Assets/Furniture Mega Pack/FBX/Closet/Closet44.fbx,33916,33.1 KB,Requires Unity import audit,Requires Unity import audit,Requires Unity import audit,Requires Unity import audit,Requires Unity import audit,Requires Unity import audit,0,0,1,1,Assets/Furniture Mega Pack/Prefabs/Closets/Closet44.prefab,Search scene for MeshCollider refs,Requires Unity/scene object dependency audit,,Requires Unity audit,Requires Unity audit,,,Review,High visual/physics QA
Assets/DevDen Arch Viz Scotland/Models/Bathroom/Mirror02_1.FBX,33872,33.1 KB,Requires Unity import audit,Requires Unity import audit,Requires Unity import audit,Requires Unity import audit,Requires Unity import audit,Requires Unity import audit,1,0,0,0,Assets/DevDen Arch Viz Scotland/Prefabs/Bathroom/Bathroom Mirror.prefab; Assets/DevDen Arch Viz Scotland/Scenes/ArchViz.unity,Search scene for MeshCollider refs,Requires Unity/scene object dependency audit,,Requires Unity audit,Requires Unity audit,,,Review,High visual/physics QA
Assets/Furniture Mega Pack/FBX/Closet/Closet49.fbx,33788,33.0 KB,Requires Unity import audit,Requires Unity import audit,Requires Unity import audit,Requires Unity import audit,Requires Unity import audit,Requires Unity import audit,0,0,1,1,Assets/Furniture Mega Pack/Prefabs/Closets/Closet49.prefab,Search scene for MeshCollider refs,Requires Unity/scene object dependency audit,,Requires Unity audit,Requires Unity audit,,,Review,High visual/physics QA
Assets/Furniture Mega Pack/FBX/Closet/Closet45.fbx,33788,33.0 KB,Requires Unity import audit,Requires Unity import audit,Requires Unity import audit,Requires Unity import audit,Requires Unity import audit,Requires Unity import audit,0,0,1,1,Assets/Furniture Mega Pack/Prefabs/Closets/Closet45.prefab,Search scene for MeshCollider refs,Requires Unity/scene object dependency audit,,Requires Unity audit,Requires Unity audit,,,Review,High visual/physics QA
Assets/Furniture Mega Pack/FBX/Closet/Closet47.fbx,33724,32.9 KB,Requires Unity import audit,Requires Unity import audit,Requires Unity import audit,Requires Unity import audit,Requires Unity import audit,Requires Unity import audit,0,0,1,1,Assets/Furniture Mega Pack/Prefabs/Closets/Closet47.prefab,Search scene for MeshCollider refs,Requires Unity/scene object dependency audit,,Requires Unity audit,Requires Unity audit,,,Review,High visual/physics QA
Assets/Furniture Mega Pack/FBX/Closet/Closet43.fbx,33724,32.9 KB,Requires Unity import audit,Requires Unity import audit,Requires Unity import audit,Requires Unity import audit,Requires Unity import audit,Requires Unity import audit,0,0,1,1,Assets/Furniture Mega Pack/Prefabs/Closets/Closet43.prefab,Search scene for MeshCollider refs,Requires Unity/scene object dependency audit,,Requires Unity audit,Requires Unity audit,,,Review,High visual/physics QA
Assets/Furniture Mega Pack/FBX/Closet/Closet08.fbx,33564,32.8 KB,Requires Unity import audit,Requires Unity import audit,Requires Unity import audit,Requires Unity import audit,Requires Unity import audit,Requires Unity import audit,0,0,1,1,Assets/Furniture Mega Pack/Prefabs/Closets/Closet08.prefab,Search scene for MeshCollider refs,Requires Unity/scene object dependency audit,,Requires Unity audit,Requires Unity audit,,,Review,High visual/physics QA
Assets/DevDen Arch Viz Scotland/Models/Living Room/TV_Panels.FBX,33488,32.7 KB,Requires Unity import audit,Requires Unity import audit,Requires Unity import audit,Requires Unity import audit,Requires Unity import audit,Requires Unity import audit,1,0,0,0,Assets/DevDen Arch Viz Scotland/Prefabs/Living Room/TV_Panels.prefab; Assets/DevDen Arch Viz Scotland/Scenes/ArchViz.unity,Search scene for MeshCollider refs,Requires Unity/scene object dependency audit,,Requires Unity audit,Requires Unity audit,,,Review,High visual/physics QA
Assets/Pandazole_Ultimate_Pack/Pandazole Farm Ranch Pack/Models/food_RedChili.fbx,33164,32.4 KB,Requires Unity import audit,Requires Unity import audit,Requires Unity import audit,Requires Unity import audit,Requires Unity import audit,Requires Unity import audit,0,0,1,1,Assets/Pandazole_Ultimate_Pack/Pandazole Farm Ranch Pack/Prefabs/food_RedChili.prefab,Search scene for MeshCollider refs,Requires Unity/scene object dependency audit,,Requires Unity audit,Requires Unity audit,,,Review,High visual/physics QA
Assets/Furniture Mega Pack/FBX/Closet/Closet03.fbx,33148,32.4 KB,Requires Unity import audit,Requires Unity import audit,Requires Unity import audit,Requires Unity import audit,Requires Unity import audit,Requires Unity import audit,0,0,1,1,Assets/Furniture Mega Pack/Prefabs/Closets/Closet03.prefab,Search scene for MeshCollider refs,Requires Unity/scene object dependency audit,,Requires Unity audit,Requires Unity audit,,,Review,High visual/physics QA
Assets/Pandazole_Ultimate_Pack/Pandazole Farm Ranch Pack/Models/Prop_WoodenChest_02.fbx,33116,32.3 KB,Requires Unity import audit,Requires Unity import audit,Requires Unity import audit,Requires Unity import audit,Requires Unity import audit,Requires Unity import audit,0,0,1,1,Assets/Pandazole_Ultimate_Pack/Pandazole Farm Ranch Pack/Prefabs/Prop_WoodenChest_02.prefab,Search scene for MeshCollider refs,Requires Unity/scene object dependency audit,,Requires Unity audit,Requires Unity audit,,,Review,High visual/physics QA
Assets/Samples/XR Interaction Toolkit/3.3.1/Starter Assets/Models/Reticle_Torus.fbx,33056,32.3 KB,Requires Unity import audit,Requires Unity import audit,Requires Unity import audit,Requires Unity import audit,Requires Unity import audit,Requires Unity import audit,0,0,1,1,Assets/Samples/XR Interaction Toolkit/3.3.1/Starter Assets/Prefabs/Teleport/Blocking Teleport Reticle.prefab,Search scene for MeshCollider refs,Requires Unity/scene object dependency audit,,Requires Unity audit,Requires Unity audit,,,Review,High visual/physics QA
Assets/Pandazole_Ultimate_Pack/Pandazole Farm Ranch Pack/Models/Prop_Bucket_04.fbx,32844,32.1 KB,Requires Unity import audit,Requires Unity import audit,Requires Unity import audit,Requires Unity import audit,Requires Unity import audit,Requires Unity import audit,0,0,1,1,Assets/Pandazole_Ultimate_Pack/Pandazole Farm Ranch Pack/Prefabs/Prop_Bucket_04.prefab,Search scene for MeshCollider refs,Requires Unity/scene object dependency audit,,Requires Unity audit,Requires Unity audit,,,Review,High visual/physics QA
Assets/DevDen Arch Viz Scotland/Models/Study Room/table.fbx,32608,31.8 KB,Requires Unity import audit,Requires Unity import audit,Requires Unity import audit,Requires Unity import audit,Requires Unity import audit,Requires Unity import audit,1,0,0,0,Assets/DevDen Arch Viz Scotland/Prefabs/Study Room/Study_table.prefab; Assets/DevDen Arch Viz Scotland/Scenes/ArchViz.unity,Search scene for MeshCollider refs,Requires Unity/scene object dependency audit,,Requires Unity audit,Requires Unity audit,,,Review,High visual/physics QA
Assets/UnityTechnologies/Basic Asset Pack Interior/Models/Walls/WallWindow2m.FBX,32480,31.7 KB,Requires Unity import audit,Requires Unity import audit,Requires Unity import audit,Requires Unity import audit,Requires Unity import audit,Requires Unity import audit,0,0,1,1,Assets/BH_XR_MainScene.unity; Assets/UnityTechnologies/Basic Asset Pack Interior/Prefabs/Walls/WallWindow2m.prefab; Assets/_Recovery/0 (1).unity; Assets/_Recovery/0 (10).unity; Assets/_Recovery/0 (11).unity; Assets/_Recovery/0 (13).unity; Assets/_Recovery/0 (14).unity; Assets/_Recovery/0 (15).unity; Assets/_Recovery/0 (16).unity; Assets/_Recovery/0 (17).unity; Assets/_Recovery/0 (18).unity; Assets/_Recovery/0 (2).unity; Assets/_Recovery/0 (21).unity; Assets/_Recovery/0 (22).unity; Assets/_Recovery/0 (23).unity; Assets/_Recovery/0 (3).unity; Assets/_Recovery/0 (5).unity; Assets/_Recovery/0 (6).unity; Assets/_Recovery/0 (7).unity; Assets/_Recovery/0 (8).unity,Search scene for MeshCollider refs,Requires Unity/scene object dependency audit,,Requires Unity audit,Requires Unity audit,,,Review,High visual/physics QA
Assets/DevDen Arch Viz Scotland/Models/Study Room/Picture01_3.FBX,32432,31.7 KB,Requires Unity import audit,Requires Unity import audit,Requires Unity import audit,Requires Unity import audit,Requires Unity import audit,Requires Unity import audit,1,0,0,0,Assets/DevDen Arch Viz Scotland/Prefabs/Study Room/StudyRoom WallPicture.prefab; Assets/DevDen Arch Viz Scotland/Scenes/ArchViz.unity,Search scene for MeshCollider refs,Requires Unity/scene object dependency audit,,Requires Unity audit,Requires Unity audit,,,Review,High visual/physics QA
Assets/Furniture Mega Pack/FBX/Closet/Closet28.fbx,32428,31.7 KB,Requires Unity import audit,Requires Unity import audit,Requires Unity import audit,Requires Unity import audit,Requires Unity import audit,Requires Unity import audit,0,0,1,1,Assets/Furniture Mega Pack/Prefabs/Closets/Closet28.prefab,Search scene for MeshCollider refs,Requires Unity/scene object dependency audit,,Requires Unity audit,Requires Unity audit,,,Review,High visual/physics QA
Assets/Pandazole_Ultimate_Pack/Pandazole Farm Ranch Pack/Models/Prop_Berrel_01.001.fbx,32236,31.5 KB,Requires Unity import audit,Requires Unity import audit,Requires Unity import audit,Requires Unity import audit,Requires Unity import audit,Requires Unity import audit,0,0,1,1,Assets/Pandazole_Ultimate_Pack/Pandazole Farm Ranch Pack/Prefabs/Prop_Berrel_01.001.prefab,Search scene for MeshCollider refs,Requires Unity/scene object dependency audit,,Requires Unity audit,Requires Unity audit,,,Review,High visual/physics QA
Assets/Furniture Mega Pack/FBX/Closet/Closet09.fbx,32012,31.3 KB,Requires Unity import audit,Requires Unity import audit,Requires Unity import audit,Requires Unity import audit,Requires Unity import audit,Requires Unity import audit,0,0,1,1,Assets/Furniture Mega Pack/Prefabs/Closets/Closet09.prefab,Search scene for MeshCollider refs,Requires Unity/scene object dependency audit,,Requires Unity audit,Requires Unity audit,,,Review,High visual/physics QA
Assets/UnityTechnologies/Basic Asset Pack Interior/Models/SofaDouble.FBX,31984,31.2 KB,Requires Unity import audit,Requires Unity import audit,Requires Unity import audit,Requires Unity import audit,Requires Unity import audit,Requires Unity import audit,0,0,1,1,Assets/UnityTechnologies/Basic Asset Pack Interior/Prefabs/Furniture/SofaDouble.prefab,Search scene for MeshCollider refs,Requires Unity/scene object dependency audit,,Requires Unity audit,Requires Unity audit,,,Review,High visual/physics QA
Assets/Pandazole_Ultimate_Pack/Pandazole Farm Ranch Pack/Models/Prop_FoodSack_03.fbx,31932,31.2 KB,Requires Unity import audit,Requires Unity import audit,Requires Unity import audit,Requires Unity import audit,Requires Unity import audit,Requires Unity import audit,0,0,1,1,Assets/Pandazole_Ultimate_Pack/Pandazole Farm Ranch Pack/Prefabs/Prop_FoodSack_03.prefab,Search scene for MeshCollider refs,Requires Unity/scene object dependency audit,,Requires Unity audit,Requires Unity audit,,,Review,High visual/physics QA
Assets/UnityTechnologies/Basic Asset Pack Interior/Models/LightCeliing.FBX,31824,31.1 KB,Requires Unity import audit,Requires Unity import audit,Requires Unity import audit,Requires Unity import audit,Requires Unity import audit,Requires Unity import audit,0,0,1,1,Assets/UnityTechnologies/Basic Asset Pack Interior/Prefabs/Lights/LightCeliing.prefab; Assets/UnityTechnologies/Basic Asset Pack Interior/Prefabs/Lights/LightCeliingDome.prefab,Search scene for MeshCollider refs,Requires Unity/scene object dependency audit,,Requires Unity audit,Requires Unity audit,,,Review,High visual/physics QA
Assets/LowPolyLivingRoomPack/Meshes/PottedPlant_Tall_3.fbx,31468,30.7 KB,Requires Unity import audit,Requires Unity import audit,Requires Unity import audit,Requires Unity import audit,Requires Unity import audit,Requires Unity import audit,0,0,1,1,Assets/LowPolyLivingRoomPack/Prefabs/PottedPlant_Tall_3.prefab,Search scene for MeshCollider refs,Requires Unity/scene object dependency audit,,Requires Unity audit,Requires Unity audit,,,Review,High visual/physics QA
Assets/Emilulz_Assets/DEMOLowPolyFlowers/Assets/SM_Rose_Black_Open.fbx,31436,30.7 KB,Requires Unity import audit,Requires Unity import audit,Requires Unity import audit,Requires Unity import audit,Requires Unity import audit,Requires Unity import audit,0,0,1,1,Assets/Emilulz_Assets/DEMOLowPolyFlowers/Prefabs/SM_Rose_Black_Open.prefab,Search scene for MeshCollider refs,Requires Unity/scene object dependency audit,,Requires Unity audit,Requires Unity audit,,,Review,High visual/physics QA
Assets/Pandazole_Ultimate_Pack/Pandazole Farm Ranch Pack/Models/Prop_Berrel_03.fbx,31404,30.7 KB,Requires Unity import audit,Requires Unity import audit,Requires Unity import audit,Requires Unity import audit,Requires Unity import audit,Requires Unity import audit,0,0,1,1,Assets/Pandazole_Ultimate_Pack/Pandazole Farm Ranch Pack/Prefabs/Prop_Berrel_03.prefab,Search scene for MeshCollider refs,Requires Unity/scene object dependency audit,,Requires Unity audit,Requires Unity audit,,,Review,High visual/physics QA
Assets/Pandazole_Ultimate_Pack/Pandazole Farm Ranch Pack/Models/Env_Tree_01.fbx,31388,30.7 KB,Requires Unity import audit,Requires Unity import audit,Requires Unity import audit,Requires Unity import audit,Requires Unity import audit,Requires Unity import audit,0,0,1,1,Assets/Pandazole_Ultimate_Pack/Pandazole Farm Ranch Pack/Prefabs/Env_Tree_01.prefab,Search scene for MeshCollider refs,Requires Unity/scene object dependency audit,,Requires Unity audit,Requires Unity audit,,,Review,High visual/physics QA
Assets/Emilulz_Assets/DEMOLowPolyFlowers/Assets/SM_Rose_Red_Open.fbx,31292,30.6 KB,Requires Unity import audit,Requires Unity import audit,Requires Unity import audit,Requires Unity import audit,Requires Unity import audit,Requires Unity import audit,0,0,1,1,Assets/Emilulz_Assets/DEMOLowPolyFlowers/Prefabs/SM_Rose_Red_Open.prefab,Search scene for MeshCollider refs,Requires Unity/scene object dependency audit,,Requires Unity audit,Requires Unity audit,,,Review,High visual/physics QA
Assets/Pandazole_Ultimate_Pack/Pandazole Farm Ranch Pack/Models/Bld_Silo_02.fbx,31292,30.6 KB,Requires Unity import audit,Requires Unity import audit,Requires Unity import audit,Requires Unity import audit,Requires Unity import audit,Requires Unity import audit,0,0,1,1,Assets/Pandazole_Ultimate_Pack/Pandazole Farm Ranch Pack/Prefabs/Bld_Silo_02.prefab,Search scene for MeshCollider refs,Requires Unity/scene object dependency audit,,Requires Unity audit,Requires Unity audit,,,Review,High visual/physics QA
Assets/Pandazole_Ultimate_Pack/Pandazole Farm Ranch Pack/Models/Prop_Berrel_02_A.fbx,31292,30.6 KB,Requires Unity import audit,Requires Unity import audit,Requires Unity import audit,Requires Unity import audit,Requires Unity import audit,Requires Unity import audit,0,0,1,1,Assets/Pandazole_Ultimate_Pack/Pandazole Farm Ranch Pack/Prefabs/Prop_Berrel_02_A.prefab,Search scene for MeshCollider refs,Requires Unity/scene object dependency audit,,Requires Unity audit,Requires Unity audit,,,Review,High visual/physics QA
Assets/Food Pack-Demo/Mesh/Salmon skeleton.fbx,31292,30.6 KB,Requires Unity import audit,Requires Unity import audit,Requires Unity import audit,Requires Unity import audit,Requires Unity import audit,Requires Unity import audit,0,0,0,0,Assets/Food Pack-Demo/Prefabs with colliders/Salmon skeleton.prefab; Assets/Food Pack-Demo/Prefabs/Salmon skeleton.prefab,Search scene for MeshCollider refs,Requires Unity/scene object dependency audit,,Requires Unity audit,Requires Unity audit,,,Review,High visual/physics QA
Assets/Food Pack-Demo/Mesh Collider/Salmon skeleton.fbx,31292,30.6 KB,Requires Unity import audit,Requires Unity import audit,Requires Unity import audit,Requires Unity import audit,Requires Unity import audit,Requires Unity import audit,0,0,1,1,,Search scene for MeshCollider refs,Requires Unity/scene object dependency audit,,Requires Unity audit,Requires Unity audit,,,Review,Unknown
Assets/Furniture Mega Pack/FBX/Closet/Closet10.fbx,31116,30.4 KB,Requires Unity import audit,Requires Unity import audit,Requires Unity import audit,Requires Unity import audit,Requires Unity import audit,Requires Unity import audit,0,0,1,1,Assets/Furniture Mega Pack/Prefabs/Closets/Closet10.prefab,Search scene for MeshCollider refs,Requires Unity/scene object dependency audit,,Requires Unity audit,Requires Unity audit,,,Review,High visual/physics QA
Assets/Furniture Mega Pack/FBX/Closet/Closet07.fbx,30828,30.1 KB,Requires Unity import audit,Requires Unity import audit,Requires Unity import audit,Requires Unity import audit,Requires Unity import audit,Requires Unity import audit,0,0,1,1,Assets/Furniture Mega Pack/Prefabs/Closets/Closet07.prefab,Search scene for MeshCollider refs,Requires Unity/scene object dependency audit,,Requires Unity audit,Requires Unity audit,,,Review,High visual/physics QA
Assets/LowPolyLivingRoomPack/Meshes/PottedPlant_Tall_2.fbx,30812,30.1 KB,Requires Unity import audit,Requires Unity import audit,Requires Unity import audit,Requires Unity import audit,Requires Unity import audit,Requires Unity import audit,0,0,1,1,Assets/LowPolyLivingRoomPack/Prefabs/PottedPlant_Tall_2.prefab,Search scene for MeshCollider refs,Requires Unity/scene object dependency audit,,Requires Unity audit,Requires Unity audit,,,Review,High visual/physics QA
Assets/SimpleNaturePack/Models/Tree_05.fbx,30780,30.1 KB,Requires Unity import audit,Requires Unity import audit,Requires Unity import audit,Requires Unity import audit,Requires Unity import audit,Requires Unity import audit,0,0,0,0,Assets/SimpleNaturePack/Prefabs/Tree_05.prefab,Search scene for MeshCollider refs,Requires Unity/scene object dependency audit,,Requires Unity audit,Requires Unity audit,,,Review,High visual/physics QA
Assets/Furniture Mega Pack/FBX/Closet/Closet02.fbx,30668,29.9 KB,Requires Unity import audit,Requires Unity import audit,Requires Unity import audit,Requires Unity import audit,Requires Unity import audit,Requires Unity import audit,0,0,1,1,Assets/Furniture Mega Pack/Prefabs/Closets/Closet02.prefab,Search scene for MeshCollider refs,Requires Unity/scene object dependency audit,,Requires Unity audit,Requires Unity audit,,,Review,High visual/physics QA
Assets/Furniture Mega Pack/FBX/Bathroom/BathroomVanity03.fbx,30572,29.9 KB,Requires Unity import audit,Requires Unity import audit,Requires Unity import audit,Requires Unity import audit,Requires Unity import audit,Requires Unity import audit,0,0,1,1,Assets/Furniture Mega Pack/Prefabs/Bathroom/BathroomVanity03.prefab,Search scene for MeshCollider refs,Requires Unity/scene object dependency audit,,Requires Unity audit,Requires Unity audit,,,Review,High visual/physics QA
Assets/Furniture Mega Pack/FBX/Closet/Closet05.fbx,30412,29.7 KB,Requires Unity import audit,Requires Unity import audit,Requires Unity import audit,Requires Unity import audit,Requires Unity import audit,Requires Unity import audit,0,0,1,1,Assets/Furniture Mega Pack/Prefabs/Closets/Closet05.prefab,Search scene for MeshCollider refs,Requires Unity/scene object dependency audit,,Requires Unity audit,Requires Unity audit,,,Review,High visual/physics QA
Assets/Pandazole_Ultimate_Pack/Pandazole Farm Ranch Pack/Models/Env_Tree_03.fbx,30412,29.7 KB,Requires Unity import audit,Requires Unity import audit,Requires Unity import audit,Requires Unity import audit,Requires Unity import audit,Requires Unity import audit,0,0,1,1,Assets/Pandazole_Ultimate_Pack/Pandazole Farm Ranch Pack/Prefabs/Env_Tree_03.prefab,Search scene for MeshCollider refs,Requires Unity/scene object dependency audit,,Requires Unity audit,Requires Unity audit,,,Review,High visual/physics QA
Assets/Furniture Mega Pack/FBX/Closet/Closet04.fbx,30364,29.7 KB,Requires Unity import audit,Requires Unity import audit,Requires Unity import audit,Requires Unity import audit,Requires Unity import audit,Requires Unity import audit,0,0,1,1,Assets/Furniture Mega Pack/Prefabs/Closets/Closet04.prefab,Search scene for MeshCollider refs,Requires Unity/scene object dependency audit,,Requires Unity audit,Requires Unity audit,,,Review,High visual/physics QA
Assets/Furniture Mega Pack/FBX/Closet/Closet06.fbx,30156,29.4 KB,Requires Unity import audit,Requires Unity import audit,Requires Unity import audit,Requires Unity import audit,Requires Unity import audit,Requires Unity import audit,0,0,1,1,Assets/Furniture Mega Pack/Prefabs/Closets/Closet06.prefab,Search scene for MeshCollider refs,Requires Unity/scene object dependency audit,,Requires Unity audit,Requires Unity audit,,,Review,High visual/physics QA
Assets/LowPolyLivingRoomPack/Meshes/PottedPlant_Small_2.fbx,30140,29.4 KB,Requires Unity import audit,Requires Unity import audit,Requires Unity import audit,Requires Unity import audit,Requires Unity import audit,Requires Unity import audit,0,0,1,1,Assets/LowPolyLivingRoomPack/Prefabs/PottedPlant_Small_2.prefab,Search scene for MeshCollider refs,Requires Unity/scene object dependency audit,,Requires Unity audit,Requires Unity audit,,,Review,High visual/physics QA
Assets/UnityTechnologies/Basic Asset Pack Interior/Models/Walls/WallWindow4mCurtain.FBX,29936,29.2 KB,Requires Unity import audit,Requires Unity import audit,Requires Unity import audit,Requires Unity import audit,Requires Unity import audit,Requires Unity import audit,0,0,1,1,Assets/BH_XR_MainScene.unity; Assets/UnityTechnologies/Basic Asset Pack Interior/Prefabs/Walls/WallWindow4m.prefab; Assets/_Recovery/0 (1).unity; Assets/_Recovery/0 (10).unity; Assets/_Recovery/0 (11).unity; Assets/_Recovery/0 (13).unity; Assets/_Recovery/0 (14).unity; Assets/_Recovery/0 (15).unity; Assets/_Recovery/0 (16).unity; Assets/_Recovery/0 (17).unity; Assets/_Recovery/0 (18).unity; Assets/_Recovery/0 (2).unity; Assets/_Recovery/0 (21).unity; Assets/_Recovery/0 (22).unity; Assets/_Recovery/0 (23).unity; Assets/_Recovery/0 (3).unity; Assets/_Recovery/0 (5).unity; Assets/_Recovery/0 (6).unity; Assets/_Recovery/0 (7).unity; Assets/_Recovery/0 (8).unity,Search scene for MeshCollider refs,Requires Unity/scene object dependency audit,,Requires Unity audit,Requires Unity audit,,,Review,High visual/physics QA
Assets/Pandazole_Ultimate_Pack/Pandazole Farm Ranch Pack/Models/food_Onion.fbx,29884,29.2 KB,Requires Unity import audit,Requires Unity import audit,Requires Unity import audit,Requires Unity import audit,Requires Unity import audit,Requires Unity import audit,0,0,1,1,Assets/Pandazole_Ultimate_Pack/Pandazole Farm Ranch Pack/Prefabs/food_Onion.prefab,Search scene for MeshCollider refs,Requires Unity/scene object dependency audit,,Requires Unity audit,Requires Unity audit,,,Review,High visual/physics QA
Assets/LowPolyLivingRoomPack/Meshes/PottedPlant_Small_1.fbx,29772,29.1 KB,Requires Unity import audit,Requires Unity import audit,Requires Unity import audit,Requires Unity import audit,Requires Unity import audit,Requires Unity import audit,0,0,1,1,Assets/LowPolyLivingRoomPack/Prefabs/PottedPlant_Small_1.prefab,Search scene for MeshCollider refs,Requires Unity/scene object dependency audit,,Requires Unity audit,Requires Unity audit,,,Review,High visual/physics QA
Assets/DevDen Arch Viz Scotland/Models/Kitchen Room/chopping-board.fbx,29568,28.9 KB,Requires Unity import audit,Requires Unity import audit,Requires Unity import audit,Requires Unity import audit,Requires Unity import audit,Requires Unity import audit,1,0,0,0,Assets/DevDen Arch Viz Scotland/Prefabs/Kitchen Room/chopping-board.prefab; Assets/DevDen Arch Viz Scotland/Scenes/ArchViz.unity,Search scene for MeshCollider refs,Requires Unity/scene object dependency audit,,Requires Unity audit,Requires Unity audit,,,Review,High visual/physics QA
Assets/Furniture Mega Pack/FBX/Bathroom/TowelHanger04.fbx,29436,28.7 KB,Requires Unity import audit,Requires Unity import audit,Requires Unity import audit,Requires Unity import audit,Requires Unity import audit,Requires Unity import audit,0,0,1,1,Assets/Furniture Mega Pack/Prefabs/Bathroom/TowelHanger04.prefab,Search scene for MeshCollider refs,Requires Unity/scene object dependency audit,,Requires Unity audit,Requires Unity audit,,,Review,High visual/physics QA
Assets/Pandazole_Ultimate_Pack/Pandazole Farm Ranch Pack/Models/Prop_FoodSack_04.fbx,29436,28.7 KB,Requires Unity import audit,Requires Unity import audit,Requires Unity import audit,Requires Unity import audit,Requires Unity import audit,Requires Unity import audit,0,0,1,1,Assets/Pandazole_Ultimate_Pack/Pandazole Farm Ranch Pack/Prefabs/Prop_FoodSack_04.prefab,Search scene for MeshCollider refs,Requires Unity/scene object dependency audit,,Requires Unity audit,Requires Unity audit,,,Review,High visual/physics QA
Assets/Pandazole_Ultimate_Pack/Pandazole Farm Ranch Pack/Models/food_Radish.fbx,29388,28.7 KB,Requires Unity import audit,Requires Unity import audit,Requires Unity import audit,Requires Unity import audit,Requires Unity import audit,Requires Unity import audit,0,0,1,1,Assets/Pandazole_Ultimate_Pack/Pandazole Farm Ranch Pack/Prefabs/food_Radish.prefab,Search scene for MeshCollider refs,Requires Unity/scene object dependency audit,,Requires Unity audit,Requires Unity audit,,,Review,High visual/physics QA
Assets/Furniture Mega Pack/FBX/Closet/Closet20.fbx,29244,28.6 KB,Requires Unity import audit,Requires Unity import audit,Requires Unity import audit,Requires Unity import audit,Requires Unity import audit,Requires Unity import audit,0,0,1,1,Assets/Furniture Mega Pack/Prefabs/Closets/Closet20.prefab,Search scene for MeshCollider refs,Requires Unity/scene object dependency audit,,Requires Unity audit,Requires Unity audit,,,Review,High visual/physics QA
Assets/UnityTechnologies/Basic Asset Pack Interior/Models/ChairDinningB.FBX,29088,28.4 KB,Requires Unity import audit,Requires Unity import audit,Requires Unity import audit,Requires Unity import audit,Requires Unity import audit,Requires Unity import audit,0,0,1,1,Assets/UnityTechnologies/Basic Asset Pack Interior/Prefabs/Furniture/ChairDinningB.prefab,Search scene for MeshCollider refs,Requires Unity/scene object dependency audit,,Requires Unity audit,Requires Unity audit,,,Review,High visual/physics QA
Assets/Furniture Mega Pack/FBX/Closet/Closet19.fbx,29084,28.4 KB,Requires Unity import audit,Requires Unity import audit,Requires Unity import audit,Requires Unity import audit,Requires Unity import audit,Requires Unity import audit,0,0,1,1,Assets/Furniture Mega Pack/Prefabs/Closets/Closet19.prefab,Search scene for MeshCollider refs,Requires Unity/scene object dependency audit,,Requires Unity audit,Requires Unity audit,,,Review,High visual/physics QA
Assets/SimpleNaturePack/Models/Grass_01.fbx,29004,28.3 KB,Requires Unity import audit,Requires Unity import audit,Requires Unity import audit,Requires Unity import audit,Requires Unity import audit,Requires Unity import audit,0,0,0,0,Assets/SimpleNaturePack/Prefabs/Grass_01.prefab,Search scene for MeshCollider refs,Requires Unity/scene object dependency audit,,Requires Unity audit,Requires Unity audit,,,Review,High visual/physics QA
Assets/LowPolyLivingRoomPack/Meshes/PottedPlant_Small_3.fbx,28940,28.3 KB,Requires Unity import audit,Requires Unity import audit,Requires Unity import audit,Requires Unity import audit,Requires Unity import audit,Requires Unity import audit,0,0,1,1,Assets/LowPolyLivingRoomPack/Prefabs/PottedPlant_Small_3.prefab,Search scene for MeshCollider refs,Requires Unity/scene object dependency audit,,Requires Unity audit,Requires Unity audit,,,Review,High visual/physics QA
Assets/Pandazole_Ultimate_Pack/Pandazole Farm Ranch Pack/Models/food_Potato.fbx,28876,28.2 KB,Requires Unity import audit,Requires Unity import audit,Requires Unity import audit,Requires Unity import audit,Requires Unity import audit,Requires Unity import audit,0,0,1,1,Assets/Pandazole_Ultimate_Pack/Pandazole Farm Ranch Pack/Prefabs/food_Potato.prefab,Search scene for MeshCollider refs,Requires Unity/scene object dependency audit,,Requires Unity audit,Requires Unity audit,,,Review,High visual/physics QA
Assets/UnityTechnologies/Basic Asset Pack Interior/Models/Walls/WallWindow2mCurtain.FBX,28864,28.2 KB,Requires Unity import audit,Requires Unity import audit,Requires Unity import audit,Requires Unity import audit,Requires Unity import audit,Requires Unity import audit,0,0,1,1,Assets/UnityTechnologies/Basic Asset Pack Interior/Prefabs/Walls/WallWindow2m.prefab,Search scene for MeshCollider refs,Requires Unity/scene object dependency audit,,Requires Unity audit,Requires Unity audit,,,Review,High visual/physics QA
Assets/Furniture Mega Pack/FBX/Bathroom/TowelHanger02.fbx,28668,28.0 KB,Requires Unity import audit,Requires Unity import audit,Requires Unity import audit,Requires Unity import audit,Requires Unity import audit,Requires Unity import audit,0,0,1,1,Assets/Furniture Mega Pack/Prefabs/Bathroom/TowelHanger02.prefab,Search scene for MeshCollider refs,Requires Unity/scene object dependency audit,,Requires Unity audit,Requires Unity audit,,,Review,High visual/physics QA
Assets/SubstanceAssets/LittleGamesPack/Models/GamePieces/PokerChip_Blue.fbx,28668,28.0 KB,Requires Unity import audit,Requires Unity import audit,Requires Unity import audit,Requires Unity import audit,Requires Unity import audit,Requires Unity import audit,0,0,1,1,Assets/SubstanceAssets/LittleGamesPack/Prefabs/Individual Pieces/PokerChips/PokerChip_Blue.prefab; Assets/SubstanceAssets/LittleGamesPack/Scenes/DemoScene.unity,Search scene for MeshCollider refs,Requires Unity/scene object dependency audit,,Requires Unity audit,Requires Unity audit,,,Review,High visual/physics QA
Assets/SubstanceAssets/LittleGamesPack/Models/GamePieces/PokerChip_Red.fbx,28668,28.0 KB,Requires Unity import audit,Requires Unity import audit,Requires Unity import audit,Requires Unity import audit,Requires Unity import audit,Requires Unity import audit,0,0,1,1,Assets/SubstanceAssets/LittleGamesPack/Prefabs/Individual Pieces/PokerChips/PokerChip_Red.prefab; Assets/SubstanceAssets/LittleGamesPack/Scenes/DemoScene.unity,Search scene for MeshCollider refs,Requires Unity/scene object dependency audit,,Requires Unity audit,Requires Unity audit,,,Review,High visual/physics QA
Assets/SubstanceAssets/LittleGamesPack/Models/GamePieces/PokerChip_Black.fbx,28604,27.9 KB,Requires Unity import audit,Requires Unity import audit,Requires Unity import audit,Requires Unity import audit,Requires Unity import audit,Requires Unity import audit,0,0,1,1,Assets/SubstanceAssets/LittleGamesPack/Prefabs/Individual Pieces/PokerChips/PokerChip_Black.prefab; Assets/SubstanceAssets/LittleGamesPack/Prefabs/Individual Pieces/PokerChips/PokerChip_Blue.prefab; Assets/SubstanceAssets/LittleGamesPack/Prefabs/Individual Pieces/PokerChips/PokerChip_Green.prefab; Assets/SubstanceAssets/LittleGamesPack/Prefabs/Individual Pieces/PokerChips/PokerChip_Red.prefab; Assets/SubstanceAssets/LittleGamesPack/Scenes/DemoScene.unity,Search scene for MeshCollider refs,Requires Unity/scene object dependency audit,,Requires Unity audit,Requires Unity audit,,,Review,High visual/physics QA
Assets/Pandazole_Ultimate_Pack/Pandazole Farm Ranch Pack/Models/Prop_Haystack_02.fbx,28604,27.9 KB,Requires Unity import audit,Requires Unity import audit,Requires Unity import audit,Requires Unity import audit,Requires Unity import audit,Requires Unity import audit,0,0,1,1,Assets/Pandazole_Ultimate_Pack/Pandazole Farm Ranch Pack/Prefabs/Prop_Haystack_02.prefab,Search scene for MeshCollider refs,Requires Unity/scene object dependency audit,,Requires Unity audit,Requires Unity audit,,,Review,High visual/physics QA
Assets/SubstanceAssets/LittleGamesPack/Models/GamePieces/PokerChip_Green.fbx,28556,27.9 KB,Requires Unity import audit,Requires Unity import audit,Requires Unity import audit,Requires Unity import audit,Requires Unity import audit,Requires Unity import audit,0,0,1,1,Assets/SubstanceAssets/LittleGamesPack/Prefabs/Individual Pieces/PokerChips/PokerChip_Green.prefab; Assets/SubstanceAssets/LittleGamesPack/Scenes/DemoScene.unity,Search scene for MeshCollider refs,Requires Unity/scene object dependency audit,,Requires Unity audit,Requires Unity audit,,,Review,High visual/physics QA
Assets/Pandazole_Ultimate_Pack/Pandazole Farm Ranch Pack/Models/Prop_Haystack_01.fbx,28540,27.9 KB,Requires Unity import audit,Requires Unity import audit,Requires Unity import audit,Requires Unity import audit,Requires Unity import audit,Requires Unity import audit,0,0,1,1,Assets/Pandazole_Ultimate_Pack/Pandazole Farm Ranch Pack/Prefabs/Prop_Haystack_01.prefab,Search scene for MeshCollider refs,Requires Unity/scene object dependency audit,,Requires Unity audit,Requires Unity audit,,,Review,High visual/physics QA
Assets/Pandazole_Ultimate_Pack/Pandazole Farm Ranch Pack/Models/Prop_Bucket_02.fbx,28412,27.7 KB,Requires Unity import audit,Requires Unity import audit,Requires Unity import audit,Requires Unity import audit,Requires Unity import audit,Requires Unity import audit,0,0,1,1,Assets/Pandazole_Ultimate_Pack/Pandazole Farm Ranch Pack/Prefabs/Prop_Bucket_02.prefab,Search scene for MeshCollider refs,Requires Unity/scene object dependency audit,,Requires Unity audit,Requires Unity audit,,,Review,High visual/physics QA
Assets/Furniture Mega Pack/FBX/Bathroom/TowelHanger05.fbx,28396,27.7 KB,Requires Unity import audit,Requires Unity import audit,Requires Unity import audit,Requires Unity import audit,Requires Unity import audit,Requires Unity import audit,0,0,1,1,Assets/Furniture Mega Pack/Prefabs/Bathroom/TowelHanger05.prefab,Search scene for MeshCollider refs,Requires Unity/scene object dependency audit,,Requires Unity audit,Requires Unity audit,,,Review,High visual/physics QA
Assets/LowPolyLivingRoomPack/Meshes/DeskClock_2.fbx,28364,27.7 KB,Requires Unity import audit,Requires Unity import audit,Requires Unity import audit,Requires Unity import audit,Requires Unity import audit,Requires Unity import audit,0,0,1,1,Assets/LowPolyLivingRoomPack/Prefabs/DeskClock_2.prefab,Search scene for MeshCollider refs,Requires Unity/scene object dependency audit,,Requires Unity audit,Requires Unity audit,,,Review,High visual/physics QA
Assets/Furniture Mega Pack/FBX/Closet/Closet12.fbx,28300,27.6 KB,Requires Unity import audit,Requires Unity import audit,Requires Unity import audit,Requires Unity import audit,Requires Unity import audit,Requires Unity import audit,0,0,1,1,Assets/Furniture Mega Pack/Prefabs/Closets/Closet12.prefab,Search scene for MeshCollider refs,Requires Unity/scene object dependency audit,,Requires Unity audit,Requires Unity audit,,,Review,High visual/physics QA
Assets/UnityTechnologies/Basic Asset Pack Interior/Models/SofaArmChair.FBX,28272,27.6 KB,Requires Unity import audit,Requires Unity import audit,Requires Unity import audit,Requires Unity import audit,Requires Unity import audit,Requires Unity import audit,0,0,1,1,Assets/UnityTechnologies/Basic Asset Pack Interior/Prefabs/Furniture/SofaArmChair.prefab,Search scene for MeshCollider refs,Requires Unity/scene object dependency audit,,Requires Unity audit,Requires Unity audit,,,Review,High visual/physics QA
Assets/Pandazole_Ultimate_Pack/Pandazole Farm Ranch Pack/Models/food_Tangerine.fbx,28108,27.4 KB,Requires Unity import audit,Requires Unity import audit,Requires Unity import audit,Requires Unity import audit,Requires Unity import audit,Requires Unity import audit,0,0,1,1,Assets/Pandazole_Ultimate_Pack/Pandazole Farm Ranch Pack/Prefabs/food_Tangerine.prefab,Search scene for MeshCollider refs,Requires Unity/scene object dependency audit,,Requires Unity audit,Requires Unity audit,,,Review,High visual/physics QA
Assets/Pandazole_Ultimate_Pack/Pandazole Farm Ranch Pack/Models/food_Apple.fbx,28012,27.4 KB,Requires Unity import audit,Requires Unity import audit,Requires Unity import audit,Requires Unity import audit,Requires Unity import audit,Requires Unity import audit,0,0,1,1,Assets/Pandazole_Ultimate_Pack/Pandazole Farm Ranch Pack/Prefabs/food_Apple.prefab,Search scene for MeshCollider refs,Requires Unity/scene object dependency audit,,Requires Unity audit,Requires Unity audit,,,Review,High visual/physics QA
Assets/UnityTechnologies/Basic Asset Pack Interior/Models/VaseTallBottle.FBX,27952,27.3 KB,Requires Unity import audit,Requires Unity import audit,Requires Unity import audit,Requires Unity import audit,Requires Unity import audit,Requires Unity import audit,0,0,1,1,Assets/UnityTechnologies/Basic Asset Pack Interior/Prefabs/Props/VaseTallBottle.prefab,Search scene for MeshCollider refs,Requires Unity/scene object dependency audit,,Requires Unity audit,Requires Unity audit,,,Review,High visual/physics QA
Assets/UnityTechnologies/Basic Asset Pack Interior/Models/VaseSmall.FBX,27936,27.3 KB,Requires Unity import audit,Requires Unity import audit,Requires Unity import audit,Requires Unity import audit,Requires Unity import audit,Requires Unity import audit,0,0,1,1,Assets/UnityTechnologies/Basic Asset Pack Interior/Prefabs/Props/VaseSmall.prefab,Search scene for MeshCollider refs,Requires Unity/scene object dependency audit,,Requires Unity audit,Requires Unity audit,,,Review,High visual/physics QA
Assets/UnityTechnologies/Basic Asset Pack Interior/Models/VaseBulbus.FBX,27856,27.2 KB,Requires Unity import audit,Requires Unity import audit,Requires Unity import audit,Requires Unity import audit,Requires Unity import audit,Requires Unity import audit,0,0,1,1,Assets/UnityTechnologies/Basic Asset Pack Interior/Prefabs/Props/VaseRoundBottom.prefab,Search scene for MeshCollider refs,Requires Unity/scene object dependency audit,,Requires Unity audit,Requires Unity audit,,,Review,High visual/physics QA
Assets/BrokenVector/LowPolyFencePack/Models/Fence Type5 Big.dae,27836,27.2 KB,Requires Unity import audit,Requires Unity import audit,Requires Unity import audit,Requires Unity import audit,Requires Unity import audit,Requires Unity import audit,0,0,,,Assets/BrokenVector/LowPolyFencePack/Prefabs/Fence Type5 Big.prefab; Assets/BrokenVector/LowPolyFencePack/Scenes/All Fences Example.unity,Search scene for MeshCollider refs,Requires Unity/scene object dependency audit,,Requires Unity audit,Requires Unity audit,,,Review,High visual/physics QA
Assets/Pandazole_Ultimate_Pack/Pandazole Farm Ranch Pack/Models/Prop_WateringCan_01.fbx,27804,27.2 KB,Requires Unity import audit,Requires Unity import audit,Requires Unity import audit,Requires Unity import audit,Requires Unity import audit,Requires Unity import audit,0,0,1,1,Assets/Pandazole_Ultimate_Pack/Pandazole Farm Ranch Pack/Prefabs/Prop_WateringCan_01.prefab,Search scene for MeshCollider refs,Requires Unity/scene object dependency audit,,Requires Unity audit,Requires Unity audit,,,Review,High visual/physics QA
Assets/Pandazole_Ultimate_Pack/Pandazole Farm Ranch Pack/Models/Prop_WateringCan_03.fbx,27804,27.2 KB,Requires Unity import audit,Requires Unity import audit,Requires Unity import audit,Requires Unity import audit,Requires Unity import audit,Requires Unity import audit,0,0,1,1,Assets/Pandazole_Ultimate_Pack/Pandazole Farm Ranch Pack/Prefabs/Prop_WateringCan_03.prefab,Search scene for MeshCollider refs,Requires Unity/scene object dependency audit,,Requires Unity audit,Requires Unity audit,,,Review,High visual/physics QA
Assets/Pandazole_Ultimate_Pack/Pandazole Farm Ranch Pack/Models/food_Pepper.fbx,27692,27.0 KB,Requires Unity import audit,Requires Unity import audit,Requires Unity import audit,Requires Unity import audit,Requires Unity import audit,Requires Unity import audit,0,0,1,1,Assets/Pandazole_Ultimate_Pack/Pandazole Farm Ranch Pack/Prefabs/food_Pepper.prefab,Search scene for MeshCollider refs,Requires Unity/scene object dependency audit,,Requires Unity audit,Requires Unity audit,,,Review,High visual/physics QA
Assets/Pandazole_Ultimate_Pack/Pandazole Farm Ranch Pack/Models/Prop_WateringCan_02.fbx,27612,27.0 KB,Requires Unity import audit,Requires Unity import audit,Requires Unity import audit,Requires Unity import audit,Requires Unity import audit,Requires Unity import audit,0,0,1,1,Assets/Pandazole_Ultimate_Pack/Pandazole Farm Ranch Pack/Prefabs/Prop_WateringCan_02.prefab,Search scene for MeshCollider refs,Requires Unity/scene object dependency audit,,Requires Unity audit,Requires Unity audit,,,Review,High visual/physics QA
Assets/UnityTechnologies/Basic Asset Pack Interior/Models/TableNarrowDoubleDraw.FBX,27600,27.0 KB,Requires Unity import audit,Requires Unity import audit,Requires Unity import audit,Requires Unity import audit,Requires Unity import audit,Requires Unity import audit,0,0,1,1,Assets/UnityTechnologies/Basic Asset Pack Interior/Prefabs/Furniture/TableNarrowDoubleDraw.prefab,Search scene for MeshCollider refs,Requires Unity/scene object dependency audit,,Requires Unity audit,Requires Unity audit,,,Review,High visual/physics QA
Assets/Pandazole_Ultimate_Pack/Pandazole Farm Ranch Pack/Models/food_Orange.fbx,27596,26.9 KB,Requires Unity import audit,Requires Unity import audit,Requires Unity import audit,Requires Unity import audit,Requires Unity import audit,Requires Unity import audit,0,0,1,1,Assets/Pandazole_Ultimate_Pack/Pandazole Farm Ranch Pack/Prefabs/food_Orange.prefab,Search scene for MeshCollider refs,Requires Unity/scene object dependency audit,,Requires Unity audit,Requires Unity audit,,,Review,High visual/physics QA
Assets/Pandazole_Ultimate_Pack/Pandazole Farm Ranch Pack/Models/food_Carrot.fbx,27548,26.9 KB,Requires Unity import audit,Requires Unity import audit,Requires Unity import audit,Requires Unity import audit,Requires Unity import audit,Requires Unity import audit,0,0,1,1,Assets/Pandazole_Ultimate_Pack/Pandazole Farm Ranch Pack/Prefabs/food_Carrot.prefab,Search scene for MeshCollider refs,Requires Unity/scene object dependency audit,,Requires Unity audit,Requires Unity audit,,,Review,High visual/physics QA
Assets/Pandazole_Ultimate_Pack/Pandazole Farm Ranch Pack/Models/Prop_BigFarmingTool_04.fbx,27436,26.8 KB,Requires Unity import audit,Requires Unity import audit,Requires Unity import audit,Requires Unity import audit,Requires Unity import audit,Requires Unity import audit,0,0,1,1,Assets/Pandazole_Ultimate_Pack/Pandazole Farm Ranch Pack/Prefabs/Prop_BigFarmingTool_04.prefab,Search scene for MeshCollider refs,Requires Unity/scene object dependency audit,,Requires Unity audit,Requires Unity audit,,,Review,High visual/physics QA
Assets/SimpleNaturePack/Models/Stump_01.fbx,27340,26.7 KB,Requires Unity import audit,Requires Unity import audit,Requires Unity import audit,Requires Unity import audit,Requires Unity import audit,Requires Unity import audit,0,0,0,0,Assets/SimpleNaturePack/Prefabs/Stump_01.prefab,Search scene for MeshCollider refs,Requires Unity/scene object dependency audit,,Requires Unity audit,Requires Unity audit,,,Review,High visual/physics QA
Assets/Pandazole_Ultimate_Pack/Pandazole Farm Ranch Pack/Models/food_Watermelon.fbx,27276,26.6 KB,Requires Unity import audit,Requires Unity import audit,Requires Unity import audit,Requires Unity import audit,Requires Unity import audit,Requires Unity import audit,0,0,1,1,Assets/Pandazole_Ultimate_Pack/Pandazole Farm Ranch Pack/Prefabs/food_Watermelon.prefab,Search scene for MeshCollider refs,Requires Unity/scene object dependency audit,,Requires Unity audit,Requires Unity audit,,,Review,High visual/physics QA
Assets/UnityTechnologies/Basic Asset Pack Interior/Models/LampShadeDome.FBX,27216,26.6 KB,Requires Unity import audit,Requires Unity import audit,Requires Unity import audit,Requires Unity import audit,Requires Unity import audit,Requires Unity import audit,0,0,1,1,Assets/UnityTechnologies/Basic Asset Pack Interior/Prefabs/Lights/LightCeliingDome.prefab,Search scene for MeshCollider refs,Requires Unity/scene object dependency audit,,Requires Unity audit,Requires Unity audit,,,Review,High visual/physics QA
Assets/Pandazole_Ultimate_Pack/Pandazole Farm Ranch Pack/Models/Prop_Berrel_05_A.fbx,27180,26.5 KB,Requires Unity import audit,Requires Unity import audit,Requires Unity import audit,Requires Unity import audit,Requires Unity import audit,Requires Unity import audit,0,0,1,1,Assets/Pandazole_Ultimate_Pack/Pandazole Farm Ranch Pack/Prefabs/Prop_Berrel_05_A.prefab,Search scene for MeshCollider refs,Requires Unity/scene object dependency audit,,Requires Unity audit,Requires Unity audit,,,Review,High visual/physics QA
Assets/Pandazole_Ultimate_Pack/Pandazole Farm Ranch Pack/Models/food_Pear.fbx,27180,26.5 KB,Requires Unity import audit,Requires Unity import audit,Requires Unity import audit,Requires Unity import audit,Requires Unity import audit,Requires Unity import audit,0,0,1,1,Assets/Pandazole_Ultimate_Pack/Pandazole Farm Ranch Pack/Prefabs/food_Pear.prefab,Search scene for MeshCollider refs,Requires Unity/scene object dependency audit,,Requires Unity audit,Requires Unity audit,,,Review,High visual/physics QA
Assets/Emilulz_Assets/DEMOLowPolyFlowers/Assets/SM_Daisy_Single.fbx,27100,26.5 KB,Requires Unity import audit,Requires Unity import audit,Requires Unity import audit,Requires Unity import audit,Requires Unity import audit,Requires Unity import audit,0,0,1,1,Assets/Emilulz_Assets/DEMOLowPolyFlowers/Prefabs/SM_Daisy_Single.prefab,Search scene for MeshCollider refs,Requires Unity/scene object dependency audit,,Requires Unity audit,Requires Unity audit,,,Review,High visual/physics QA
Assets/Furniture Mega Pack/FBX/Bathroom/TissueHanger04.fbx,27084,26.4 KB,Requires Unity import audit,Requires Unity import audit,Requires Unity import audit,Requires Unity import audit,Requires Unity import audit,Requires Unity import audit,0,0,1,1,Assets/Furniture Mega Pack/Prefabs/Bathroom/TissueHanger04.prefab,Search scene for MeshCollider refs,Requires Unity/scene object dependency audit,,Requires Unity audit,Requires Unity audit,,,Review,High visual/physics QA
Assets/Pandazole_Ultimate_Pack/Pandazole Farm Ranch Pack/Models/Prop_MetalBerrel_01.fbx,27052,26.4 KB,Requires Unity import audit,Requires Unity import audit,Requires Unity import audit,Requires Unity import audit,Requires Unity import audit,Requires Unity import audit,0,0,1,1,Assets/Pandazole_Ultimate_Pack/Pandazole Farm Ranch Pack/Prefabs/Prop_MetalBerrel_01.prefab,Search scene for MeshCollider refs,Requires Unity/scene object dependency audit,,Requires Unity audit,Requires Unity audit,,,Review,High visual/physics QA
Assets/BrokenVector/LowPolyFencePack/Models/Fence Type4 Big.dae,27017,26.4 KB,Requires Unity import audit,Requires Unity import audit,Requires Unity import audit,Requires Unity import audit,Requires Unity import audit,Requires Unity import audit,0,0,,,Assets/BrokenVector/LowPolyFencePack/Prefabs/Fence Type4 Big.prefab; Assets/BrokenVector/LowPolyFencePack/Scenes/All Fences Example.unity,Search scene for MeshCollider refs,Requires Unity/scene object dependency audit,,Requires Unity audit,Requires Unity audit,,,Review,High visual/physics QA
Assets/UnityTechnologies/Basic Asset Pack Interior/Models/VaseTall.FBX,26976,26.3 KB,Requires Unity import audit,Requires Unity import audit,Requires Unity import audit,Requires Unity import audit,Requires Unity import audit,Requires Unity import audit,0,0,1,1,Assets/UnityTechnologies/Basic Asset Pack Interior/Prefabs/Props/VaseTall.prefab,Search scene for MeshCollider refs,Requires Unity/scene object dependency audit,,Requires Unity audit,Requires Unity audit,,,Review,High visual/physics QA
Assets/SubstanceAssets/LittleGamesPack/Models/Dominos/Domino_0-0.fbx,26892,26.3 KB,Requires Unity import audit,Requires Unity import audit,Requires Unity import audit,Requires Unity import audit,Requires Unity import audit,Requires Unity import audit,0,0,1,1,Assets/SubstanceAssets/LittleGamesPack/Prefabs/Individual Pieces/Dominos/Domino_0-0.prefab; Assets/SubstanceAssets/LittleGamesPack/Prefabs/Individual Pieces/Dominos/Domino_0-1.prefab; Assets/SubstanceAssets/LittleGamesPack/Prefabs/Individual Pieces/Dominos/Domino_0-2.prefab; Assets/SubstanceAssets/LittleGamesPack/Prefabs/Individual Pieces/Dominos/Domino_0-3.prefab; Assets/SubstanceAssets/LittleGamesPack/Prefabs/Individual Pieces/Dominos/Domino_0-4.prefab; Assets/SubstanceAssets/LittleGamesPack/Prefabs/Individual Pieces/Dominos/Domino_0-5.prefab; Assets/SubstanceAssets/LittleGamesPack/Prefabs/Individual Pieces/Dominos/Domino_0-6.prefab; Assets/SubstanceAssets/LittleGamesPack/Prefabs/Individual Pieces/Dominos/Domino_1-1.prefab; Assets/SubstanceAssets/LittleGamesPack/Prefabs/Individual Pieces/Dominos/Domino_1-2.prefab; Assets/SubstanceAssets/LittleGamesPack/Prefabs/Individual Pieces/Dominos/Domino_1-3.prefab; Assets/SubstanceAssets/LittleGamesPack/Prefabs/Individual Pieces/Dominos/Domino_1-4.prefab; Assets/SubstanceAssets/LittleGamesPack/Prefabs/Individual Pieces/Dominos/Domino_1-5.prefab; Assets/SubstanceAssets/LittleGamesPack/Prefabs/Individual Pieces/Dominos/Domino_1-6.prefab; Assets/SubstanceAssets/LittleGamesPack/Prefabs/Individual Pieces/Dominos/Domino_2-2.prefab; Assets/SubstanceAssets/LittleGamesPack/Prefabs/Individual Pieces/Dominos/Domino_2-3.prefab; Assets/SubstanceAssets/LittleGamesPack/Prefabs/Individual Pieces/Dominos/Domino_2-4.prefab; Assets/SubstanceAssets/LittleGamesPack/Prefabs/Individual Pieces/Dominos/Domino_2-5.prefab; Assets/SubstanceAssets/LittleGamesPack/Prefabs/Individual Pieces/Dominos/Domino_2-6.prefab; Assets/SubstanceAssets/LittleGamesPack/Prefabs/Individual Pieces/Dominos/Domino_3-3.prefab; Assets/SubstanceAssets/LittleGamesPack/Prefabs/Individual Pieces/Dominos/Domino_3-4.prefab,Search scene for MeshCollider refs,Requires Unity/scene object dependency audit,,Requires Unity audit,Requires Unity audit,,,Review,High visual/physics QA
Assets/Pandazole_Ultimate_Pack/Pandazole Farm Ranch Pack/Models/Prop_Berrel_04.fbx,26828,26.2 KB,Requires Unity import audit,Requires Unity import audit,Requires Unity import audit,Requires Unity import audit,Requires Unity import audit,Requires Unity import audit,0,0,1,1,Assets/Pandazole_Ultimate_Pack/Pandazole Farm Ranch Pack/Prefabs/Prop_Berrel_04.prefab,Search scene for MeshCollider refs,Requires Unity/scene object dependency audit,,Requires Unity audit,Requires Unity audit,,,Review,High visual/physics QA
Assets/Furniture Mega Pack/FBX/Closet/Closet18.fbx,26812,26.2 KB,Requires Unity import audit,Requires Unity import audit,Requires Unity import audit,Requires Unity import audit,Requires Unity import audit,Requires Unity import audit,0,0,1,1,Assets/Furniture Mega Pack/Prefabs/Closets/Closet18.prefab,Search scene for MeshCollider refs,Requires Unity/scene object dependency audit,,Requires Unity audit,Requires Unity audit,,,Review,High visual/physics QA
Assets/Food Pack-Demo/Mesh/Curry plate.fbx,26796,26.2 KB,Requires Unity import audit,Requires Unity import audit,Requires Unity import audit,Requires Unity import audit,Requires Unity import audit,Requires Unity import audit,0,0,0,0,Assets/Food Pack-Demo/Prefabs with colliders/Curry plate.prefab; Assets/Food Pack-Demo/Prefabs/Curry plate.prefab,Search scene for MeshCollider refs,Requires Unity/scene object dependency audit,,Requires Unity audit,Requires Unity audit,,,Review,High visual/physics QA
Assets/Furniture Mega Pack/FBX/Bathroom/TissueHanger06.fbx,26764,26.1 KB,Requires Unity import audit,Requires Unity import audit,Requires Unity import audit,Requires Unity import audit,Requires Unity import audit,Requires Unity import audit,0,0,1,1,Assets/Furniture Mega Pack/Prefabs/Bathroom/TissueHanger06.prefab,Search scene for MeshCollider refs,Requires Unity/scene object dependency audit,,Requires Unity audit,Requires Unity audit,,,Review,High visual/physics QA
Assets/Furniture Mega Pack/FBX/Closet/Closet17.fbx,26700,26.1 KB,Requires Unity import audit,Requires Unity import audit,Requires Unity import audit,Requires Unity import audit,Requires Unity import audit,Requires Unity import audit,0,0,1,1,Assets/Furniture Mega Pack/Prefabs/Closets/Closet17.prefab,Search scene for MeshCollider refs,Requires Unity/scene object dependency audit,,Requires Unity audit,Requires Unity audit,,,Review,High visual/physics QA
Assets/Food Pack-Demo/Mesh/Skewer C.fbx,26652,26.0 KB,Requires Unity import audit,Requires Unity import audit,Requires Unity import audit,Requires Unity import audit,Requires Unity import audit,Requires Unity import audit,0,0,0,0,Assets/Food Pack-Demo/Prefabs with colliders/Skewer C.prefab; Assets/Food Pack-Demo/Prefabs/Skewer C.prefab,Search scene for MeshCollider refs,Requires Unity/scene object dependency audit,,Requires Unity audit,Requires Unity audit,,,Review,High visual/physics QA
Assets/Pandazole_Ultimate_Pack/Pandazole Farm Ranch Pack/Models/Env_Well_02.fbx,26572,25.9 KB,Requires Unity import audit,Requires Unity import audit,Requires Unity import audit,Requires Unity import audit,Requires Unity import audit,Requires Unity import audit,0,0,1,1,Assets/Pandazole_Ultimate_Pack/Pandazole Farm Ranch Pack/Prefabs/Env_Well_02.prefab,Search scene for MeshCollider refs,Requires Unity/scene object dependency audit,,Requires Unity audit,Requires Unity audit,,,Review,High visual/physics QA
Assets/Food Pack-Demo/Mesh/Salmon plastic tray.fbx,26524,25.9 KB,Requires Unity import audit,Requires Unity import audit,Requires Unity import audit,Requires Unity import audit,Requires Unity import audit,Requires Unity import audit,0,0,0,0,Assets/Food Pack-Demo/Prefabs with colliders/Salmon plastic tray.prefab; Assets/Food Pack-Demo/Prefabs/Salmon plastic tray.prefab,Search scene for MeshCollider refs,Requires Unity/scene object dependency audit,,Requires Unity audit,Requires Unity audit,,,Review,High visual/physics QA
Assets/Food Pack-Demo/Mesh Collider/Salmon plastic tray.fbx,26524,25.9 KB,Requires Unity import audit,Requires Unity import audit,Requires Unity import audit,Requires Unity import audit,Requires Unity import audit,Requires Unity import audit,0,0,1,1,,Search scene for MeshCollider refs,Requires Unity/scene object dependency audit,,Requires Unity audit,Requires Unity audit,,,Review,Unknown
Assets/LowPolyLivingRoomPack/Meshes/Hanger.fbx,26444,25.8 KB,Requires Unity import audit,Requires Unity import audit,Requires Unity import audit,Requires Unity import audit,Requires Unity import audit,Requires Unity import audit,0,0,1,1,Assets/LowPolyLivingRoomPack/Prefabs/Hanger.prefab,Search scene for MeshCollider refs,Requires Unity/scene object dependency audit,,Requires Unity audit,Requires Unity audit,,,Review,High visual/physics QA
Assets/Furniture Mega Pack/FBX/Closet/Closet15.fbx,26412,25.8 KB,Requires Unity import audit,Requires Unity import audit,Requires Unity import audit,Requires Unity import audit,Requires Unity import audit,Requires Unity import audit,0,0,1,1,Assets/Furniture Mega Pack/Prefabs/Closets/Closet15.prefab,Search scene for MeshCollider refs,Requires Unity/scene object dependency audit,,Requires Unity audit,Requires Unity audit,,,Review,High visual/physics QA
Assets/Furniture Mega Pack/FBX/Bathroom/TissueHanger02.fbx,26396,25.8 KB,Requires Unity import audit,Requires Unity import audit,Requires Unity import audit,Requires Unity import audit,Requires Unity import audit,Requires Unity import audit,0,0,1,1,Assets/Furniture Mega Pack/Prefabs/Bathroom/TissueHanger02.prefab,Search scene for MeshCollider refs,Requires Unity/scene object dependency audit,,Requires Unity audit,Requires Unity audit,,,Review,High visual/physics QA
Assets/SubstanceAssets/LittleGamesPack/Models/Dominos/Domino_0-2.fbx,26348,25.7 KB,Requires Unity import audit,Requires Unity import audit,Requires Unity import audit,Requires Unity import audit,Requires Unity import audit,Requires Unity import audit,0,0,1,1,Assets/SubstanceAssets/LittleGamesPack/Prefabs/Individual Pieces/Dominos/Domino_0-2.prefab; Assets/SubstanceAssets/LittleGamesPack/Scenes/DemoScene.unity,Search scene for MeshCollider refs,Requires Unity/scene object dependency audit,,Requires Unity audit,Requires Unity audit,,,Review,High visual/physics QA
Assets/SubstanceAssets/LittleGamesPack/Models/Dominos/Domino_0-3.fbx,26348,25.7 KB,Requires Unity import audit,Requires Unity import audit,Requires Unity import audit,Requires Unity import audit,Requires Unity import audit,Requires Unity import audit,0,0,1,1,Assets/SubstanceAssets/LittleGamesPack/Prefabs/Individual Pieces/Dominos/Domino_0-3.prefab; Assets/SubstanceAssets/LittleGamesPack/Scenes/DemoScene.unity,Search scene for MeshCollider refs,Requires Unity/scene object dependency audit,,Requires Unity audit,Requires Unity audit,,,Review,High visual/physics QA
Assets/SubstanceAssets/LittleGamesPack/Models/Dominos/Domino_0-1.fbx,26348,25.7 KB,Requires Unity import audit,Requires Unity import audit,Requires Unity import audit,Requires Unity import audit,Requires Unity import audit,Requires Unity import audit,0,0,1,1,Assets/SubstanceAssets/LittleGamesPack/Prefabs/Individual Pieces/Dominos/Domino_0-1.prefab; Assets/SubstanceAssets/LittleGamesPack/Scenes/DemoScene.unity,Search scene for MeshCollider refs,Requires Unity/scene object dependency audit,,Requires Unity audit,Requires Unity audit,,,Review,High visual/physics QA
Assets/SubstanceAssets/LittleGamesPack/Models/Dominos/Domino_0-4.fbx,26332,25.7 KB,Requires Unity import audit,Requires Unity import audit,Requires Unity import audit,Requires Unity import audit,Requires Unity import audit,Requires Unity import audit,0,0,1,1,Assets/SubstanceAssets/LittleGamesPack/Prefabs/Individual Pieces/Dominos/Domino_0-4.prefab; Assets/SubstanceAssets/LittleGamesPack/Scenes/DemoScene.unity,Search scene for MeshCollider refs,Requires Unity/scene object dependency audit,,Requires Unity audit,Requires Unity audit,,,Review,High visual/physics QA
Assets/SubstanceAssets/LittleGamesPack/Models/Dominos/Domino_0-5.fbx,26332,25.7 KB,Requires Unity import audit,Requires Unity import audit,Requires Unity import audit,Requires Unity import audit,Requires Unity import audit,Requires Unity import audit,0,0,1,1,Assets/SubstanceAssets/LittleGamesPack/Prefabs/Individual Pieces/Dominos/Domino_0-5.prefab; Assets/SubstanceAssets/LittleGamesPack/Scenes/DemoScene.unity,Search scene for MeshCollider refs,Requires Unity/scene object dependency audit,,Requires Unity audit,Requires Unity audit,,,Review,High visual/physics QA
Assets/SubstanceAssets/LittleGamesPack/Models/Dominos/Domino_0-6.fbx,26332,25.7 KB,Requires Unity import audit,Requires Unity import audit,Requires Unity import audit,Requires Unity import audit,Requires Unity import audit,Requires Unity import audit,0,0,1,1,Assets/SubstanceAssets/LittleGamesPack/Prefabs/Individual Pieces/Dominos/Domino_0-6.prefab; Assets/SubstanceAssets/LittleGamesPack/Scenes/DemoScene.unity,Search scene for MeshCollider refs,Requires Unity/scene object dependency audit,,Requires Unity audit,Requires Unity audit,,,Review,High visual/physics QA
Assets/SubstanceAssets/LittleGamesPack/Models/Dominos/Domino_5-5.fbx,26252,25.6 KB,Requires Unity import audit,Requires Unity import audit,Requires Unity import audit,Requires Unity import audit,Requires Unity import audit,Requires Unity import audit,0,0,1,1,Assets/SubstanceAssets/LittleGamesPack/Prefabs/Individual Pieces/Dominos/Domino_5-5.prefab; Assets/SubstanceAssets/LittleGamesPack/Scenes/DemoScene.unity,Search scene for MeshCollider refs,Requires Unity/scene object dependency audit,,Requires Unity audit,Requires Unity audit,,,Review,High visual/physics QA
Assets/SubstanceAssets/LittleGamesPack/Models/Dominos/Domino_1-1.fbx,26236,25.6 KB,Requires Unity import audit,Requires Unity import audit,Requires Unity import audit,Requires Unity import audit,Requires Unity import audit,Requires Unity import audit,0,0,1,1,Assets/SubstanceAssets/LittleGamesPack/Prefabs/Individual Pieces/Dominos/Domino_1-1.prefab; Assets/SubstanceAssets/LittleGamesPack/Scenes/DemoScene.unity,Search scene for MeshCollider refs,Requires Unity/scene object dependency audit,,Requires Unity audit,Requires Unity audit,,,Review,High visual/physics QA
Assets/SubstanceAssets/LittleGamesPack/Models/Dominos/Domino_5-6.fbx,26236,25.6 KB,Requires Unity import audit,Requires Unity import audit,Requires Unity import audit,Requires Unity import audit,Requires Unity import audit,Requires Unity import audit,0,0,1,1,Assets/SubstanceAssets/LittleGamesPack/Prefabs/Individual Pieces/Dominos/Domino_5-6.prefab; Assets/SubstanceAssets/LittleGamesPack/Scenes/DemoScene.unity,Search scene for MeshCollider refs,Requires Unity/scene object dependency audit,,Requires Unity audit,Requires Unity audit,,,Review,High visual/physics QA
Assets/Food Pack-Demo/Mesh/Soda bottle Glass A.fbx,26236,25.6 KB,Requires Unity import audit,Requires Unity import audit,Requires Unity import audit,Requires Unity import audit,Requires Unity import audit,Requires Unity import audit,0,0,0,0,Assets/Food Pack-Demo/Prefabs with colliders/Soda bottle Glass A.prefab; Assets/Food Pack-Demo/Prefabs/Soda bottle Glass A.prefab,Search scene for MeshCollider refs,Requires Unity/scene object dependency audit,,Requires Unity audit,Requires Unity audit,,,Review,High visual/physics QA
Assets/Furniture Mega Pack/FBX/Closet/Closet34.fbx,26220,25.6 KB,Requires Unity import audit,Requires Unity import audit,Requires Unity import audit,Requires Unity import audit,Requires Unity import audit,Requires Unity import audit,0,0,1,1,Assets/Furniture Mega Pack/Prefabs/Closets/Closet34.prefab,Search scene for MeshCollider refs,Requires Unity/scene object dependency audit,,Requires Unity audit,Requires Unity audit,,,Review,High visual/physics QA
Assets/LowPolyLivingRoomPack/Meshes/TV_Retro.fbx,26220,25.6 KB,Requires Unity import audit,Requires Unity import audit,Requires Unity import audit,Requires Unity import audit,Requires Unity import audit,Requires Unity import audit,0,0,1,1,Assets/LowPolyLivingRoomPack/Prefabs/TV_Retro.prefab,Search scene for MeshCollider refs,Requires Unity/scene object dependency audit,,Requires Unity audit,Requires Unity audit,,,Review,High visual/physics QA
Assets/SubstanceAssets/LittleGamesPack/Models/Dominos/Domino_2-2.fbx,26220,25.6 KB,Requires Unity import audit,Requires Unity import audit,Requires Unity import audit,Requires Unity import audit,Requires Unity import audit,Requires Unity import audit,0,0,1,1,Assets/SubstanceAssets/LittleGamesPack/Prefabs/Individual Pieces/Dominos/Domino_2-2.prefab; Assets/SubstanceAssets/LittleGamesPack/Scenes/DemoScene.unity,Search scene for MeshCollider refs,Requires Unity/scene object dependency audit,,Requires Unity audit,Requires Unity audit,,,Review,High visual/physics QA
Assets/SubstanceAssets/LittleGamesPack/Models/Dominos/Domino_1-6.fbx,26220,25.6 KB,Requires Unity import audit,Requires Unity import audit,Requires Unity import audit,Requires Unity import audit,Requires Unity import audit,Requires Unity import audit,0,0,1,1,Assets/SubstanceAssets/LittleGamesPack/Prefabs/Individual Pieces/Dominos/Domino_1-6.prefab; Assets/SubstanceAssets/LittleGamesPack/Scenes/DemoScene.unity,Search scene for MeshCollider refs,Requires Unity/scene object dependency audit,,Requires Unity audit,Requires Unity audit,,,Review,High visual/physics QA
Assets/SubstanceAssets/LittleGamesPack/Models/Dominos/Domino_1-4.fbx,26220,25.6 KB,Requires Unity import audit,Requires Unity import audit,Requires Unity import audit,Requires Unity import audit,Requires Unity import audit,Requires Unity import audit,0,0,1,1,Assets/SubstanceAssets/LittleGamesPack/Prefabs/Individual Pieces/Dominos/Domino_1-4.prefab; Assets/SubstanceAssets/LittleGamesPack/Scenes/DemoScene.unity,Search scene for MeshCollider refs,Requires Unity/scene object dependency audit,,Requires Unity audit,Requires Unity audit,,,Review,High visual/physics QA
Assets/SubstanceAssets/LittleGamesPack/Models/Dominos/Domino_3-6.fbx,26220,25.6 KB,Requires Unity import audit,Requires Unity import audit,Requires Unity import audit,Requires Unity import audit,Requires Unity import audit,Requires Unity import audit,0,0,1,1,Assets/SubstanceAssets/LittleGamesPack/Prefabs/Individual Pieces/Dominos/Domino_3-6.prefab; Assets/SubstanceAssets/LittleGamesPack/Scenes/DemoScene.unity,Search scene for MeshCollider refs,Requires Unity/scene object dependency audit,,Requires Unity audit,Requires Unity audit,,,Review,High visual/physics QA
Assets/Furniture Mega Pack/FBX/Closet/Closet38.fbx,26204,25.6 KB,Requires Unity import audit,Requires Unity import audit,Requires Unity import audit,Requires Unity import audit,Requires Unity import audit,Requires Unity import audit,0,0,1,1,Assets/Furniture Mega Pack/Prefabs/Closets/Closet38.prefab,Search scene for MeshCollider refs,Requires Unity/scene object dependency audit,,Requires Unity audit,Requires Unity audit,,,Review,High visual/physics QA
Assets/Furniture Mega Pack/FBX/Closet/Closet42.fbx,26204,25.6 KB,Requires Unity import audit,Requires Unity import audit,Requires Unity import audit,Requires Unity import audit,Requires Unity import audit,Requires Unity import audit,0,0,1,1,Assets/Furniture Mega Pack/Prefabs/Closets/Closet42.prefab,Search scene for MeshCollider refs,Requires Unity/scene object dependency audit,,Requires Unity audit,Requires Unity audit,,,Review,High visual/physics QA
Assets/SubstanceAssets/LittleGamesPack/Models/Dominos/Domino_4-6.fbx,26204,25.6 KB,Requires Unity import audit,Requires Unity import audit,Requires Unity import audit,Requires Unity import audit,Requires Unity import audit,Requires Unity import audit,0,0,1,1,Assets/SubstanceAssets/LittleGamesPack/Prefabs/Individual Pieces/Dominos/Domino_4-6.prefab; Assets/SubstanceAssets/LittleGamesPack/Scenes/DemoScene.unity,Search scene for MeshCollider refs,Requires Unity/scene object dependency audit,,Requires Unity audit,Requires Unity audit,,,Review,High visual/physics QA
Assets/SubstanceAssets/LittleGamesPack/Models/Dominos/Domino_4-5.fbx,26204,25.6 KB,Requires Unity import audit,Requires Unity import audit,Requires Unity import audit,Requires Unity import audit,Requires Unity import audit,Requires Unity import audit,0,0,1,1,Assets/SubstanceAssets/LittleGamesPack/Prefabs/Individual Pieces/Dominos/Domino_4-5.prefab; Assets/SubstanceAssets/LittleGamesPack/Scenes/DemoScene.unity,Search scene for MeshCollider refs,Requires Unity/scene object dependency audit,,Requires Unity audit,Requires Unity audit,,,Review,High visual/physics QA
Assets/SubstanceAssets/LittleGamesPack/Models/Dominos/Domino_1-2.fbx,26204,25.6 KB,Requires Unity import audit,Requires Unity import audit,Requires Unity import audit,Requires Unity import audit,Requires Unity import audit,Requires Unity import audit,0,0,1,1,Assets/SubstanceAssets/LittleGamesPack/Prefabs/Individual Pieces/Dominos/Domino_1-2.prefab; Assets/SubstanceAssets/LittleGamesPack/Scenes/DemoScene.unity,Search scene for MeshCollider refs,Requires Unity/scene object dependency audit,,Requires Unity audit,Requires Unity audit,,,Review,High visual/physics QA
Assets/SubstanceAssets/LittleGamesPack/Models/Dominos/Domino_2-3.fbx,26188,25.6 KB,Requires Unity import audit,Requires Unity import audit,Requires Unity import audit,Requires Unity import audit,Requires Unity import audit,Requires Unity import audit,0,0,1,1,Assets/SubstanceAssets/LittleGamesPack/Prefabs/Individual Pieces/Dominos/Domino_2-3.prefab; Assets/SubstanceAssets/LittleGamesPack/Scenes/DemoScene.unity,Search scene for MeshCollider refs,Requires Unity/scene object dependency audit,,Requires Unity audit,Requires Unity audit,,,Review,High visual/physics QA
Assets/SubstanceAssets/LittleGamesPack/Models/Dominos/Domino_4-4.fbx,26188,25.6 KB,Requires Unity import audit,Requires Unity import audit,Requires Unity import audit,Requires Unity import audit,Requires Unity import audit,Requires Unity import audit,0,0,1,1,Assets/SubstanceAssets/LittleGamesPack/Prefabs/Individual Pieces/Dominos/Domino_4-4.prefab; Assets/SubstanceAssets/LittleGamesPack/Scenes/DemoScene.unity,Search scene for MeshCollider refs,Requires Unity/scene object dependency audit,,Requires Unity audit,Requires Unity audit,,,Review,High visual/physics QA
Assets/SubstanceAssets/LittleGamesPack/Models/Dominos/Domino_6-6.fbx,26188,25.6 KB,Requires Unity import audit,Requires Unity import audit,Requires Unity import audit,Requires Unity import audit,Requires Unity import audit,Requires Unity import audit,0,0,1,1,Assets/SubstanceAssets/LittleGamesPack/Prefabs/Individual Pieces/Dominos/Domino_6-6.prefab; Assets/SubstanceAssets/LittleGamesPack/Scenes/DemoScene.unity,Search scene for MeshCollider refs,Requires Unity/scene object dependency audit,,Requires Unity audit,Requires Unity audit,,,Review,High visual/physics QA
Assets/SubstanceAssets/LittleGamesPack/Models/Dominos/Domino_2-5.fbx,26188,25.6 KB,Requires Unity import audit,Requires Unity import audit,Requires Unity import audit,Requires Unity import audit,Requires Unity import audit,Requires Unity import audit,0,0,1,1,Assets/SubstanceAssets/LittleGamesPack/Prefabs/Individual Pieces/Dominos/Domino_2-5.prefab; Assets/SubstanceAssets/LittleGamesPack/Scenes/DemoScene.unity,Search scene for MeshCollider refs,Requires Unity/scene object dependency audit,,Requires Unity audit,Requires Unity audit,,,Review,High visual/physics QA
Assets/SubstanceAssets/LittleGamesPack/Models/Dominos/Domino_3-3.fbx,26188,25.6 KB,Requires Unity import audit,Requires Unity import audit,Requires Unity import audit,Requires Unity import audit,Requires Unity import audit,Requires Unity import audit,0,0,1,1,Assets/SubstanceAssets/LittleGamesPack/Prefabs/Individual Pieces/Dominos/Domino_3-3.prefab; Assets/SubstanceAssets/LittleGamesPack/Scenes/DemoScene.unity,Search scene for MeshCollider refs,Requires Unity/scene object dependency audit,,Requires Unity audit,Requires Unity audit,,,Review,High visual/physics QA
Assets/SubstanceAssets/LittleGamesPack/Models/Dominos/Domino_1-3.fbx,26188,25.6 KB,Requires Unity import audit,Requires Unity import audit,Requires Unity import audit,Requires Unity import audit,Requires Unity import audit,Requires Unity import audit,0,0,1,1,Assets/SubstanceAssets/LittleGamesPack/Prefabs/Individual Pieces/Dominos/Domino_1-3.prefab; Assets/SubstanceAssets/LittleGamesPack/Scenes/DemoScene.unity,Search scene for MeshCollider refs,Requires Unity/scene object dependency audit,,Requires Unity audit,Requires Unity audit,,,Review,High visual/physics QA
Assets/SubstanceAssets/LittleGamesPack/Models/Dominos/Domino_3-5.fbx,26188,25.6 KB,Requires Unity import audit,Requires Unity import audit,Requires Unity import audit,Requires Unity import audit,Requires Unity import audit,Requires Unity import audit,0,0,1,1,Assets/SubstanceAssets/LittleGamesPack/Prefabs/Individual Pieces/Dominos/Domino_3-5.prefab; Assets/SubstanceAssets/LittleGamesPack/Scenes/DemoScene.unity,Search scene for MeshCollider refs,Requires Unity/scene object dependency audit,,Requires Unity audit,Requires Unity audit,,,Review,High visual/physics QA
Assets/SubstanceAssets/LittleGamesPack/Models/Dominos/Domino_3-4.fbx,26188,25.6 KB,Requires Unity import audit,Requires Unity import audit,Requires Unity import audit,Requires Unity import audit,Requires Unity import audit,Requires Unity import audit,0,0,1,1,Assets/SubstanceAssets/LittleGamesPack/Prefabs/Individual Pieces/Dominos/Domino_3-4.prefab; Assets/SubstanceAssets/LittleGamesPack/Scenes/DemoScene.unity,Search scene for MeshCollider refs,Requires Unity/scene object dependency audit,,Requires Unity audit,Requires Unity audit,,,Review,High visual/physics QA
Assets/SubstanceAssets/LittleGamesPack/Models/Dominos/Domino_1-5.fbx,26188,25.6 KB,Requires Unity import audit,Requires Unity import audit,Requires Unity import audit,Requires Unity import audit,Requires Unity import audit,Requires Unity import audit,0,0,1,1,Assets/SubstanceAssets/LittleGamesPack/Prefabs/Individual Pieces/Dominos/Domino_1-5.prefab; Assets/SubstanceAssets/LittleGamesPack/Scenes/DemoScene.unity,Search scene for MeshCollider refs,Requires Unity/scene object dependency audit,,Requires Unity audit,Requires Unity audit,,,Review,High visual/physics QA
Assets/SubstanceAssets/LittleGamesPack/Models/Dominos/Domino_2-4.fbx,26156,25.5 KB,Requires Unity import audit,Requires Unity import audit,Requires Unity import audit,Requires Unity import audit,Requires Unity import audit,Requires Unity import audit,0,0,1,1,Assets/SubstanceAssets/LittleGamesPack/Prefabs/Individual Pieces/Dominos/Domino_2-4.prefab; Assets/SubstanceAssets/LittleGamesPack/Scenes/DemoScene.unity,Search scene for MeshCollider refs,Requires Unity/scene object dependency audit,,Requires Unity audit,Requires Unity audit,,,Review,High visual/physics QA
Assets/SubstanceAssets/LittleGamesPack/Models/Dominos/Domino_2-6.fbx,26140,25.5 KB,Requires Unity import audit,Requires Unity import audit,Requires Unity import audit,Requires Unity import audit,Requires Unity import audit,Requires Unity import audit,0,0,1,1,Assets/SubstanceAssets/LittleGamesPack/Prefabs/Individual Pieces/Dominos/Domino_2-6.prefab; Assets/SubstanceAssets/LittleGamesPack/Scenes/DemoScene.unity,Search scene for MeshCollider refs,Requires Unity/scene object dependency audit,,Requires Unity audit,Requires Unity audit,,,Review,High visual/physics QA
Assets/Food Pack-Demo/Mesh/Bundt Cake cut.fbx,26092,25.5 KB,Requires Unity import audit,Requires Unity import audit,Requires Unity import audit,Requires Unity import audit,Requires Unity import audit,Requires Unity import audit,0,0,0,0,Assets/Food Pack-Demo/Prefabs with colliders/Bundt Cake cut.prefab; Assets/Food Pack-Demo/Prefabs/Bundt Cake cut.prefab,Search scene for MeshCollider refs,Requires Unity/scene object dependency audit,,Requires Unity audit,Requires Unity audit,,,Review,High visual/physics QA
Assets/Pandazole_Ultimate_Pack/Pandazole Farm Ranch Pack/Models/food_Banana.fbx,26076,25.5 KB,Requires Unity import audit,Requires Unity import audit,Requires Unity import audit,Requires Unity import audit,Requires Unity import audit,Requires Unity import audit,0,0,1,1,Assets/Pandazole_Ultimate_Pack/Pandazole Farm Ranch Pack/Prefabs/food_Banana.prefab,Search scene for MeshCollider refs,Requires Unity/scene object dependency audit,,Requires Unity audit,Requires Unity audit,,,Review,High visual/physics QA
Assets/UnityTechnologies/Basic Asset Pack Interior/Models/Mug.FBX,26016,25.4 KB,Requires Unity import audit,Requires Unity import audit,Requires Unity import audit,Requires Unity import audit,Requires Unity import audit,Requires Unity import audit,0,0,1,1,Assets/UnityTechnologies/Basic Asset Pack Interior/Prefabs/Props/Mug.prefab,Search scene for MeshCollider refs,Requires Unity/scene object dependency audit,,Requires Unity audit,Requires Unity audit,,,Review,High visual/physics QA
Assets/Furniture Mega Pack/FBX/Closet/Closet14.fbx,26012,25.4 KB,Requires Unity import audit,Requires Unity import audit,Requires Unity import audit,Requires Unity import audit,Requires Unity import audit,Requires Unity import audit,0,0,1,1,Assets/Furniture Mega Pack/Prefabs/Closets/Closet14.prefab,Search scene for MeshCollider refs,Requires Unity/scene object dependency audit,,Requires Unity audit,Requires Unity audit,,,Review,High visual/physics QA
Assets/DevDen Arch Viz Scotland/Models/Bathroom/bathroom_wall.fbx,26000,25.4 KB,Requires Unity import audit,Requires Unity import audit,Requires Unity import audit,Requires Unity import audit,Requires Unity import audit,Requires Unity import audit,1,0,0,0,Assets/DevDen Arch Viz Scotland/Prefabs/Bathroom/Bathroom_wall.prefab; Assets/DevDen Arch Viz Scotland/Scenes/ArchViz.unity,Search scene for MeshCollider refs,Requires Unity/scene object dependency audit,,Requires Unity audit,Requires Unity audit,,,Review,High visual/physics QA
Assets/UnityTechnologies/Basic Asset Pack Interior/Models/BedDouble.FBX,25984,25.4 KB,Requires Unity import audit,Requires Unity import audit,Requires Unity import audit,Requires Unity import audit,Requires Unity import audit,Requires Unity import audit,0,0,1,1,Assets/UnityTechnologies/Basic Asset Pack Interior/Prefabs/Furniture/BedDouble.prefab,Search scene for MeshCollider refs,Requires Unity/scene object dependency audit,,Requires Unity audit,Requires Unity audit,,,Review,High visual/physics QA
Assets/SubstanceAssets/LittleGamesPack/Models/GamePieces/Dice_Blue.fbx,25964,25.4 KB,Requires Unity import audit,Requires Unity import audit,Requires Unity import audit,Requires Unity import audit,Requires Unity import audit,Requires Unity import audit,0,0,1,1,Assets/SubstanceAssets/LittleGamesPack/Prefabs/Individual Pieces/Dice/Dice_Blue.prefab; Assets/SubstanceAssets/LittleGamesPack/Scenes/DemoScene.unity,Search scene for MeshCollider refs,Requires Unity/scene object dependency audit,,Requires Unity audit,Requires Unity audit,,,Review,High visual/physics QA
Assets/SubstanceAssets/LittleGamesPack/Models/GamePieces/Dice_Black.fbx,25964,25.4 KB,Requires Unity import audit,Requires Unity import audit,Requires Unity import audit,Requires Unity import audit,Requires Unity import audit,Requires Unity import audit,0,0,1,1,Assets/SubstanceAssets/LittleGamesPack/Prefabs/Individual Pieces/Dice/Dice_Black.prefab; Assets/SubstanceAssets/LittleGamesPack/Prefabs/Individual Pieces/Dice/Dice_Blue.prefab; Assets/SubstanceAssets/LittleGamesPack/Prefabs/Individual Pieces/Dice/Dice_Marble.prefab; Assets/SubstanceAssets/LittleGamesPack/Prefabs/Individual Pieces/Dice/Dice_Red.prefab; Assets/SubstanceAssets/LittleGamesPack/Prefabs/Individual Pieces/Dice/Dice_White.prefab; Assets/SubstanceAssets/LittleGamesPack/Scenes/DemoScene.unity,Search scene for MeshCollider refs,Requires Unity/scene object dependency audit,,Requires Unity audit,Requires Unity audit,,,Review,High visual/physics QA
Assets/Emilulz_Assets/DEMOLowPolyFlowers/Assets/SM_Dandelion_Small.fbx,25948,25.3 KB,Requires Unity import audit,Requires Unity import audit,Requires Unity import audit,Requires Unity import audit,Requires Unity import audit,Requires Unity import audit,0,0,1,1,Assets/Emilulz_Assets/DEMOLowPolyFlowers/Prefabs/SM_Dandelion_Small.prefab,Search scene for MeshCollider refs,Requires Unity/scene object dependency audit,,Requires Unity audit,Requires Unity audit,,,Review,High visual/physics QA
Assets/Furniture Mega Pack/FBX/Closet/Closet11.fbx,25948,25.3 KB,Requires Unity import audit,Requires Unity import audit,Requires Unity import audit,Requires Unity import audit,Requires Unity import audit,Requires Unity import audit,0,0,1,1,Assets/Furniture Mega Pack/Prefabs/Closets/Closet11.prefab,Search scene for MeshCollider refs,Requires Unity/scene object dependency audit,,Requires Unity audit,Requires Unity audit,,,Review,High visual/physics QA
Assets/SubstanceAssets/LittleGamesPack/Models/GamePieces/Dice_Marble.fbx,25948,25.3 KB,Requires Unity import audit,Requires Unity import audit,Requires Unity import audit,Requires Unity import audit,Requires Unity import audit,Requires Unity import audit,0,0,1,1,Assets/SubstanceAssets/LittleGamesPack/Prefabs/Individual Pieces/Dice/Dice_Marble.prefab; Assets/SubstanceAssets/LittleGamesPack/Scenes/DemoScene.unity,Search scene for MeshCollider refs,Requires Unity/scene object dependency audit,,Requires Unity audit,Requires Unity audit,,,Review,High visual/physics QA
Assets/Pandazole_Ultimate_Pack/Pandazole Farm Ranch Pack/Models/Prop_BigFarmingTool_02.fbx,25948,25.3 KB,Requires Unity import audit,Requires Unity import audit,Requires Unity import audit,Requires Unity import audit,Requires Unity import audit,Requires Unity import audit,0,0,1,1,Assets/Pandazole_Ultimate_Pack/Pandazole Farm Ranch Pack/Prefabs/Prop_BigFarmingTool_02.prefab,Search scene for MeshCollider refs,Requires Unity/scene object dependency audit,,Requires Unity audit,Requires Unity audit,,,Review,High visual/physics QA
Assets/SubstanceAssets/LittleGamesPack/Models/GamePieces/Dice_Red.fbx,25900,25.3 KB,Requires Unity import audit,Requires Unity import audit,Requires Unity import audit,Requires Unity import audit,Requires Unity import audit,Requires Unity import audit,0,0,1,1,Assets/SubstanceAssets/LittleGamesPack/Prefabs/Individual Pieces/Dice/Dice_Red.prefab; Assets/SubstanceAssets/LittleGamesPack/Scenes/DemoScene.unity,Search scene for MeshCollider refs,Requires Unity/scene object dependency audit,,Requires Unity audit,Requires Unity audit,,,Review,High visual/physics QA
Assets/SubstanceAssets/LittleGamesPack/Models/GamePieces/Dice_White.fbx,25900,25.3 KB,Requires Unity import audit,Requires Unity import audit,Requires Unity import audit,Requires Unity import audit,Requires Unity import audit,Requires Unity import audit,0,0,1,1,Assets/SubstanceAssets/LittleGamesPack/Prefabs/Individual Pieces/Dice/Dice_White.prefab; Assets/SubstanceAssets/LittleGamesPack/Scenes/DemoScene.unity,Search scene for MeshCollider refs,Requires Unity/scene object dependency audit,,Requires Unity audit,Requires Unity audit,,,Review,High visual/physics QA
Assets/UnityTechnologies/Basic Asset Pack Interior/Models/Walls/WallCornerOuter.FBX,25856,25.2 KB,Requires Unity import audit,Requires Unity import audit,Requires Unity import audit,Requires Unity import audit,Requires Unity import audit,Requires Unity import audit,0,0,1,1,Assets/UnityTechnologies/Basic Asset Pack Interior/Prefabs/Walls/WallCornerOuter.prefab,Search scene for MeshCollider refs,Requires Unity/scene object dependency audit,,Requires Unity audit,Requires Unity audit,,,Review,High visual/physics QA
Assets/UnityTechnologies/Basic Asset Pack Interior/Models/Walls/WallDoor2m.FBX,25696,25.1 KB,Requires Unity import audit,Requires Unity import audit,Requires Unity import audit,Requires Unity import audit,Requires Unity import audit,Requires Unity import audit,0,0,1,1,Assets/UnityTechnologies/Basic Asset Pack Interior/Prefabs/Walls/WallDoor2m.prefab; Assets/UnityTechnologies/Basic Asset Pack Interior/Prefabs/Walls/WallDoorFrame2m.prefab,Search scene for MeshCollider refs,Requires Unity/scene object dependency audit,,Requires Unity audit,Requires Unity audit,,,Review,High visual/physics QA
Assets/UnityTechnologies/Basic Asset Pack Interior/Models/LampShadeTube.FBX,25600,25.0 KB,Requires Unity import audit,Requires Unity import audit,Requires Unity import audit,Requires Unity import audit,Requires Unity import audit,Requires Unity import audit,0,0,1,1,Assets/UnityTechnologies/Basic Asset Pack Interior/Prefabs/Lights/LightCeliing.prefab,Search scene for MeshCollider refs,Requires Unity/scene object dependency audit,,Requires Unity audit,Requires Unity audit,,,Review,High visual/physics QA
Assets/Furniture Mega Pack/FBX/Kitchen/KitchenExhaust06.fbx,25548,24.9 KB,Requires Unity import audit,Requires Unity import audit,Requires Unity import audit,Requires Unity import audit,Requires Unity import audit,Requires Unity import audit,0,0,1,1,Assets/Furniture Mega Pack/Prefabs/Kitchen/KitchenExhaust06.prefab,Search scene for MeshCollider refs,Requires Unity/scene object dependency audit,,Requires Unity audit,Requires Unity audit,,,Review,High visual/physics QA
Assets/Furniture Mega Pack/FBX/Kitchen/KitchenExhaust03.fbx,25532,24.9 KB,Requires Unity import audit,Requires Unity import audit,Requires Unity import audit,Requires Unity import audit,Requires Unity import audit,Requires Unity import audit,0,0,1,1,Assets/Furniture Mega Pack/Prefabs/Kitchen/KitchenExhaust03.prefab,Search scene for MeshCollider refs,Requires Unity/scene object dependency audit,,Requires Unity audit,Requires Unity audit,,,Review,High visual/physics QA
Assets/DevDen Arch Viz Scotland/Models/Bed Room/carpet.fbx,25488,24.9 KB,Requires Unity import audit,Requires Unity import audit,Requires Unity import audit,Requires Unity import audit,Requires Unity import audit,Requires Unity import audit,1,0,0,0,Assets/DevDen Arch Viz Scotland/Prefabs/Bed Room/BedRoom carpet.prefab; Assets/DevDen Arch Viz Scotland/Scenes/ArchViz.unity,Search scene for MeshCollider refs,Requires Unity/scene object dependency audit,,Requires Unity audit,Requires Unity audit,,,Review,High visual/physics QA
Assets/Furniture Mega Pack/FBX/Bathroom/TissueHanger07.fbx,25436,24.8 KB,Requires Unity import audit,Requires Unity import audit,Requires Unity import audit,Requires Unity import audit,Requires Unity import audit,Requires Unity import audit,0,0,1,1,Assets/Furniture Mega Pack/Prefabs/Bathroom/TissueHanger07.prefab,Search scene for MeshCollider refs,Requires Unity/scene object dependency audit,,Requires Unity audit,Requires Unity audit,,,Review,High visual/physics QA
Assets/UnityTechnologies/Basic Asset Pack Interior/Models/PlantPotRoundMedium.FBX,25392,24.8 KB,Requires Unity import audit,Requires Unity import audit,Requires Unity import audit,Requires Unity import audit,Requires Unity import audit,Requires Unity import audit,0,0,1,1,Assets/UnityTechnologies/Basic Asset Pack Interior/Prefabs/Props/PlantPotRoundMedium.prefab,Search scene for MeshCollider refs,Requires Unity/scene object dependency audit,,Requires Unity audit,Requires Unity audit,,,Review,High visual/physics QA
Assets/Pandazole_Ultimate_Pack/Pandazole Farm Ranch Pack/Models/food_Lemon.fbx,25388,24.8 KB,Requires Unity import audit,Requires Unity import audit,Requires Unity import audit,Requires Unity import audit,Requires Unity import audit,Requires Unity import audit,0,0,1,1,Assets/Pandazole_Ultimate_Pack/Pandazole Farm Ranch Pack/Prefabs/food_Lemon.prefab,Search scene for MeshCollider refs,Requires Unity/scene object dependency audit,,Requires Unity audit,Requires Unity audit,,,Review,High visual/physics QA
Assets/Pandazole_Ultimate_Pack/Pandazole Farm Ranch Pack/Models/Prop_WoodenChest_01.fbx,25372,24.8 KB,Requires Unity import audit,Requires Unity import audit,Requires Unity import audit,Requires Unity import audit,Requires Unity import audit,Requires Unity import audit,0,0,1,1,Assets/Pandazole_Ultimate_Pack/Pandazole Farm Ranch Pack/Prefabs/Prop_WoodenChest_01.prefab,Search scene for MeshCollider refs,Requires Unity/scene object dependency audit,,Requires Unity audit,Requires Unity audit,,,Review,High visual/physics QA
Assets/BrokenVector/LowPolyFencePack/Models/Fence Type4 Small.dae,25368,24.8 KB,Requires Unity import audit,Requires Unity import audit,Requires Unity import audit,Requires Unity import audit,Requires Unity import audit,Requires Unity import audit,0,0,,,Assets/BrokenVector/LowPolyFencePack/Prefabs/Fence Type4 Small.prefab; Assets/BrokenVector/LowPolyFencePack/Scenes/All Fences Example.unity,Search scene for MeshCollider refs,Requires Unity/scene object dependency audit,,Requires Unity audit,Requires Unity audit,,,Review,High visual/physics QA
Assets/Pandazole_Ultimate_Pack/Pandazole Farm Ranch Pack/Models/Prop_BigFarmingTool_01.fbx,25340,24.7 KB,Requires Unity import audit,Requires Unity import audit,Requires Unity import audit,Requires Unity import audit,Requires Unity import audit,Requires Unity import audit,0,0,1,1,Assets/Pandazole_Ultimate_Pack/Pandazole Farm Ranch Pack/Prefabs/Prop_BigFarmingTool_01.prefab,Search scene for MeshCollider refs,Requires Unity/scene object dependency audit,,Requires Unity audit,Requires Unity audit,,,Review,High visual/physics QA
Assets/UnityTechnologies/Basic Asset Pack Interior/Models/PlantPotMedium.FBX,25168,24.6 KB,Requires Unity import audit,Requires Unity import audit,Requires Unity import audit,Requires Unity import audit,Requires Unity import audit,Requires Unity import audit,0,0,1,1,Assets/UnityTechnologies/Basic Asset Pack Interior/Prefabs/Props/PlantPotMedium.prefab,Search scene for MeshCollider refs,Requires Unity/scene object dependency audit,,Requires Unity audit,Requires Unity audit,,,Review,High visual/physics QA
Assets/Pandazole_Ultimate_Pack/Pandazole Farm Ranch Pack/Models/Env_GrassPlant_05.fbx,25100,24.5 KB,Requires Unity import audit,Requires Unity import audit,Requires Unity import audit,Requires Unity import audit,Requires Unity import audit,Requires Unity import audit,0,0,1,1,Assets/Pandazole_Ultimate_Pack/Pandazole Farm Ranch Pack/Prefabs/Env_GrassPlant_05.prefab,Search scene for MeshCollider refs,Requires Unity/scene object dependency audit,,Requires Unity audit,Requires Unity audit,,,Review,High visual/physics QA
Assets/SimpleNaturePack/Models/Bush_01.fbx,24940,24.4 KB,Requires Unity import audit,Requires Unity import audit,Requires Unity import audit,Requires Unity import audit,Requires Unity import audit,Requires Unity import audit,0,0,0,0,Assets/SimpleNaturePack/Prefabs/Bush_01.prefab,Search scene for MeshCollider refs,Requires Unity/scene object dependency audit,,Requires Unity audit,Requires Unity audit,,,Review,High visual/physics QA
Assets/Pandazole_Ultimate_Pack/Pandazole Farm Ranch Pack/Models/Prop_SmallFarmingTool_02.fbx,24892,24.3 KB,Requires Unity import audit,Requires Unity import audit,Requires Unity import audit,Requires Unity import audit,Requires Unity import audit,Requires Unity import audit,0,0,1,1,Assets/Pandazole_Ultimate_Pack/Pandazole Farm Ranch Pack/Prefabs/Prop_SmallFarmingTool_02.prefab,Search scene for MeshCollider refs,Requires Unity/scene object dependency audit,,Requires Unity audit,Requires Unity audit,,,Review,High visual/physics QA
Assets/DevDen Arch Viz Scotland/Models/Kitchen Room/knife-block.fbx,24784,24.2 KB,Requires Unity import audit,Requires Unity import audit,Requires Unity import audit,Requires Unity import audit,Requires Unity import audit,Requires Unity import audit,1,0,0,0,Assets/DevDen Arch Viz Scotland/Prefabs/Kitchen Room/knife-block.prefab; Assets/DevDen Arch Viz Scotland/Scenes/ArchViz.unity,Search scene for MeshCollider refs,Requires Unity/scene object dependency audit,,Requires Unity audit,Requires Unity audit,,,Review,High visual/physics QA
Assets/Pandazole_Ultimate_Pack/Pandazole Farm Ranch Pack/Models/Env_GrassPlant_02.fbx,24780,24.2 KB,Requires Unity import audit,Requires Unity import audit,Requires Unity import audit,Requires Unity import audit,Requires Unity import audit,Requires Unity import audit,0,0,1,1,Assets/Pandazole_Ultimate_Pack/Pandazole Farm Ranch Pack/Prefabs/Env_GrassPlant_02.prefab,Search scene for MeshCollider refs,Requires Unity/scene object dependency audit,,Requires Unity audit,Requires Unity audit,,,Review,High visual/physics QA
Assets/Food Pack-Demo/Mesh/Frappe B.fbx,24780,24.2 KB,Requires Unity import audit,Requires Unity import audit,Requires Unity import audit,Requires Unity import audit,Requires Unity import audit,Requires Unity import audit,0,0,0,0,Assets/Food Pack-Demo/Prefabs with colliders/Frappe B.prefab; Assets/Food Pack-Demo/Prefabs/Frappe B.prefab,Search scene for MeshCollider refs,Requires Unity/scene object dependency audit,,Requires Unity audit,Requires Unity audit,,,Review,High visual/physics QA
Assets/Pandazole_Ultimate_Pack/Pandazole Farm Ranch Pack/Models/food_Eggplant.fbx,24748,24.2 KB,Requires Unity import audit,Requires Unity import audit,Requires Unity import audit,Requires Unity import audit,Requires Unity import audit,Requires Unity import audit,0,0,1,1,Assets/Pandazole_Ultimate_Pack/Pandazole Farm Ranch Pack/Prefabs/food_Eggplant.prefab,Search scene for MeshCollider refs,Requires Unity/scene object dependency audit,,Requires Unity audit,Requires Unity audit,,,Review,High visual/physics QA
Assets/Furniture Mega Pack/FBX/Bathroom/BathroomVanity06.fbx,24700,24.1 KB,Requires Unity import audit,Requires Unity import audit,Requires Unity import audit,Requires Unity import audit,Requires Unity import audit,Requires Unity import audit,0,0,1,1,Assets/Furniture Mega Pack/Prefabs/Bathroom/BathroomVanity06.prefab,Search scene for MeshCollider refs,Requires Unity/scene object dependency audit,,Requires Unity audit,Requires Unity audit,,,Review,High visual/physics QA
Assets/Pandazole_Ultimate_Pack/Pandazole Farm Ranch Pack/Models/Prop_BigFarmingTool_03.fbx,24620,24.0 KB,Requires Unity import audit,Requires Unity import audit,Requires Unity import audit,Requires Unity import audit,Requires Unity import audit,Requires Unity import audit,0,0,1,1,Assets/Pandazole_Ultimate_Pack/Pandazole Farm Ranch Pack/Prefabs/Prop_BigFarmingTool_03.prefab,Search scene for MeshCollider refs,Requires Unity/scene object dependency audit,,Requires Unity audit,Requires Unity audit,,,Review,High visual/physics QA
Assets/UnityTechnologies/Basic Asset Pack Interior/Models/Walls/WallCornerInner.FBX,24592,24.0 KB,Requires Unity import audit,Requires Unity import audit,Requires Unity import audit,Requires Unity import audit,Requires Unity import audit,Requires Unity import audit,0,0,1,1,Assets/UnityTechnologies/Basic Asset Pack Interior/Prefabs/Walls/WallCornerInner.prefab,Search scene for MeshCollider refs,Requires Unity/scene object dependency audit,,Requires Unity audit,Requires Unity audit,,,Review,High visual/physics QA
Assets/Food Pack-Demo/Mesh/Bundt Cake.fbx,24588,24.0 KB,Requires Unity import audit,Requires Unity import audit,Requires Unity import audit,Requires Unity import audit,Requires Unity import audit,Requires Unity import audit,0,0,0,0,Assets/Food Pack-Demo/Prefabs with colliders/Bundt Cake.prefab; Assets/Food Pack-Demo/Prefabs/Bundt Cake.prefab,Search scene for MeshCollider refs,Requires Unity/scene object dependency audit,,Requires Unity audit,Requires Unity audit,,,Review,High visual/physics QA
Assets/DevDen Arch Viz Scotland/Models/Bed Room/Painting_StandPhoto_C.FBX,24576,24.0 KB,Requires Unity import audit,Requires Unity import audit,Requires Unity import audit,Requires Unity import audit,Requires Unity import audit,Requires Unity import audit,1,0,0,0,Assets/DevDen Arch Viz Scotland/Prefabs/Bed Room/PhotoFrames.prefab; Assets/DevDen Arch Viz Scotland/Scenes/ArchViz.unity,Search scene for MeshCollider refs,Requires Unity/scene object dependency audit,,Requires Unity audit,Requires Unity audit,,,Review,High visual/physics QA
Assets/Pandazole_Ultimate_Pack/Pandazole Farm Ranch Pack/Models/Prop_BigFarmingTool_06.fbx,24492,23.9 KB,Requires Unity import audit,Requires Unity import audit,Requires Unity import audit,Requires Unity import audit,Requires Unity import audit,Requires Unity import audit,0,0,1,1,Assets/Pandazole_Ultimate_Pack/Pandazole Farm Ranch Pack/Prefabs/Prop_BigFarmingTool_06.prefab,Search scene for MeshCollider refs,Requires Unity/scene object dependency audit,,Requires Unity audit,Requires Unity audit,,,Review,High visual/physics QA
Assets/Pandazole_Ultimate_Pack/Pandazole Farm Ranch Pack/Models/Env_Tree_05.fbx,24492,23.9 KB,Requires Unity import audit,Requires Unity import audit,Requires Unity import audit,Requires Unity import audit,Requires Unity import audit,Requires Unity import audit,0,0,1,1,Assets/Pandazole_Ultimate_Pack/Pandazole Farm Ranch Pack/Prefabs/Env_Tree_05.prefab,Search scene for MeshCollider refs,Requires Unity/scene object dependency audit,,Requires Unity audit,Requires Unity audit,,,Review,High visual/physics QA
Assets/Pandazole_Ultimate_Pack/Pandazole Farm Ranch Pack/Models/Env_Tree_04.fbx,24476,23.9 KB,Requires Unity import audit,Requires Unity import audit,Requires Unity import audit,Requires Unity import audit,Requires Unity import audit,Requires Unity import audit,0,0,1,1,Assets/Pandazole_Ultimate_Pack/Pandazole Farm Ranch Pack/Prefabs/Env_Tree_04.prefab,Search scene for MeshCollider refs,Requires Unity/scene object dependency audit,,Requires Unity audit,Requires Unity audit,,,Review,High visual/physics QA
Assets/SimpleNaturePack/Models/Grass_02.fbx,24444,23.9 KB,Requires Unity import audit,Requires Unity import audit,Requires Unity import audit,Requires Unity import audit,Requires Unity import audit,Requires Unity import audit,0,0,0,0,Assets/SimpleNaturePack/Prefabs/Grass_02.prefab,Search scene for MeshCollider refs,Requires Unity/scene object dependency audit,,Requires Unity audit,Requires Unity audit,,,Review,High visual/physics QA
Assets/Pandazole_Ultimate_Pack/Pandazole Farm Ranch Pack/Models/Prop_BigFarmingTool_05.fbx,24412,23.8 KB,Requires Unity import audit,Requires Unity import audit,Requires Unity import audit,Requires Unity import audit,Requires Unity import audit,Requires Unity import audit,0,0,1,1,Assets/Pandazole_Ultimate_Pack/Pandazole Farm Ranch Pack/Prefabs/Prop_BigFarmingTool_05.prefab,Search scene for MeshCollider refs,Requires Unity/scene object dependency audit,,Requires Unity audit,Requires Unity audit,,,Review,High visual/physics QA
Assets/Furniture Mega Pack/FBX/Closet/Closet32.fbx,24364,23.8 KB,Requires Unity import audit,Requires Unity import audit,Requires Unity import audit,Requires Unity import audit,Requires Unity import audit,Requires Unity import audit,0,0,1,1,Assets/Furniture Mega Pack/Prefabs/Closets/Closet32.prefab,Search scene for MeshCollider refs,Requires Unity/scene object dependency audit,,Requires Unity audit,Requires Unity audit,,,Review,High visual/physics QA
Assets/Furniture Mega Pack/FBX/Closet/Closet36.fbx,24332,23.8 KB,Requires Unity import audit,Requires Unity import audit,Requires Unity import audit,Requires Unity import audit,Requires Unity import audit,Requires Unity import audit,0,0,1,1,Assets/Furniture Mega Pack/Prefabs/Closets/Closet36.prefab,Search scene for MeshCollider refs,Requires Unity/scene object dependency audit,,Requires Unity audit,Requires Unity audit,,,Review,High visual/physics QA
Assets/Furniture Mega Pack/FBX/Closet/Closet40.fbx,24316,23.7 KB,Requires Unity import audit,Requires Unity import audit,Requires Unity import audit,Requires Unity import audit,Requires Unity import audit,Requires Unity import audit,0,0,1,1,Assets/Furniture Mega Pack/Prefabs/Closets/Closet40.prefab,Search scene for MeshCollider refs,Requires Unity/scene object dependency audit,,Requires Unity audit,Requires Unity audit,,,Review,High visual/physics QA
Assets/Pandazole_Ultimate_Pack/Pandazole Farm Ranch Pack/Models/Prop_SmallFarmingTool_01.fbx,24316,23.7 KB,Requires Unity import audit,Requires Unity import audit,Requires Unity import audit,Requires Unity import audit,Requires Unity import audit,Requires Unity import audit,0,0,1,1,Assets/Pandazole_Ultimate_Pack/Pandazole Farm Ranch Pack/Prefabs/Prop_SmallFarmingTool_01.prefab,Search scene for MeshCollider refs,Requires Unity/scene object dependency audit,,Requires Unity audit,Requires Unity audit,,,Review,High visual/physics QA
Assets/UnityTechnologies/Basic Asset Pack Interior/Models/Walls/Wall3m.FBX,24288,23.7 KB,Requires Unity import audit,Requires Unity import audit,Requires Unity import audit,Requires Unity import audit,Requires Unity import audit,Requires Unity import audit,0,0,1,1,Assets/UnityTechnologies/Basic Asset Pack Interior/Prefabs/Walls/Wall3m.prefab,Search scene for MeshCollider refs,Requires Unity/scene object dependency audit,,Requires Unity audit,Requires Unity audit,,,Review,High visual/physics QA
Assets/SubstanceAssets/LittleGamesPack/Models/Chess/ChessBoard.fbx,24268,23.7 KB,Requires Unity import audit,Requires Unity import audit,Requires Unity import audit,Requires Unity import audit,Requires Unity import audit,Requires Unity import audit,0,0,1,1,Assets/SubstanceAssets/LittleGamesPack/Prefabs/Individual Pieces/Chess/ChessBoard.prefab; Assets/SubstanceAssets/LittleGamesPack/Scenes/DemoScene.unity,Search scene for MeshCollider refs,Requires Unity/scene object dependency audit,,Requires Unity audit,Requires Unity audit,,,Review,High visual/physics QA
Assets/UnityTechnologies/Basic Asset Pack Interior/Models/Walls/Wall4m.FBX,24256,23.7 KB,Requires Unity import audit,Requires Unity import audit,Requires Unity import audit,Requires Unity import audit,Requires Unity import audit,Requires Unity import audit,0,0,1,1,Assets/UnityTechnologies/Basic Asset Pack Interior/Prefabs/Walls/Wall4m.prefab,Search scene for MeshCollider refs,Requires Unity/scene object dependency audit,,Requires Unity audit,Requires Unity audit,,,Review,High visual/physics QA
Assets/Furniture Mega Pack/FBX/Closet/Closet33.fbx,24252,23.7 KB,Requires Unity import audit,Requires Unity import audit,Requires Unity import audit,Requires Unity import audit,Requires Unity import audit,Requires Unity import audit,0,0,1,1,Assets/Furniture Mega Pack/Prefabs/Closets/Closet33.prefab,Search scene for MeshCollider refs,Requires Unity/scene object dependency audit,,Requires Unity audit,Requires Unity audit,,,Review,High visual/physics QA
Assets/SimpleNaturePack/Models/Bush_02.fbx,24252,23.7 KB,Requires Unity import audit,Requires Unity import audit,Requires Unity import audit,Requires Unity import audit,Requires Unity import audit,Requires Unity import audit,0,0,0,0,Assets/SimpleNaturePack/Prefabs/Bush_02.prefab,Search scene for MeshCollider refs,Requires Unity/scene object dependency audit,,Requires Unity audit,Requires Unity audit,,,Review,High visual/physics QA
Assets/Pandazole_Ultimate_Pack/Pandazole Farm Ranch Pack/Models/Prop_SmallFarmingTool_03.fbx,24236,23.7 KB,Requires Unity import audit,Requires Unity import audit,Requires Unity import audit,Requires Unity import audit,Requires Unity import audit,Requires Unity import audit,0,0,1,1,Assets/Pandazole_Ultimate_Pack/Pandazole Farm Ranch Pack/Prefabs/Prop_SmallFarmingTool_03.prefab,Search scene for MeshCollider refs,Requires Unity/scene object dependency audit,,Requires Unity audit,Requires Unity audit,,,Review,High visual/physics QA
Assets/DevDen Arch Viz Scotland/Models/Bathroom/bathroom_shelf.fbx,24224,23.7 KB,Requires Unity import audit,Requires Unity import audit,Requires Unity import audit,Requires Unity import audit,Requires Unity import audit,Requires Unity import audit,1,0,0,0,Assets/DevDen Arch Viz Scotland/Prefabs/Bathroom/bathroom_shelf.prefab; Assets/DevDen Arch Viz Scotland/Scenes/ArchViz.unity,Search scene for MeshCollider refs,Requires Unity/scene object dependency audit,,Requires Unity audit,Requires Unity audit,,,Review,High visual/physics QA
Assets/Furniture Mega Pack/FBX/Closet/Closet37.fbx,24220,23.7 KB,Requires Unity import audit,Requires Unity import audit,Requires Unity import audit,Requires Unity import audit,Requires Unity import audit,Requires Unity import audit,0,0,1,1,Assets/Furniture Mega Pack/Prefabs/Closets/Closet37.prefab,Search scene for MeshCollider refs,Requires Unity/scene object dependency audit,,Requires Unity audit,Requires Unity audit,,,Review,High visual/physics QA
Assets/Furniture Mega Pack/FBX/Closet/Closet41.fbx,24220,23.7 KB,Requires Unity import audit,Requires Unity import audit,Requires Unity import audit,Requires Unity import audit,Requires Unity import audit,Requires Unity import audit,0,0,1,1,Assets/Furniture Mega Pack/Prefabs/Closets/Closet41.prefab,Search scene for MeshCollider refs,Requires Unity/scene object dependency audit,,Requires Unity audit,Requires Unity audit,,,Review,High visual/physics QA
Assets/Furniture Mega Pack/FBX/Closet/Closet31.fbx,24188,23.6 KB,Requires Unity import audit,Requires Unity import audit,Requires Unity import audit,Requires Unity import audit,Requires Unity import audit,Requires Unity import audit,0,0,1,1,Assets/Furniture Mega Pack/Prefabs/Closets/Closet31.prefab,Search scene for MeshCollider refs,Requires Unity/scene object dependency audit,,Requires Unity audit,Requires Unity audit,,,Review,High visual/physics QA
Assets/Furniture Mega Pack/FBX/Closet/Closet35.fbx,24156,23.6 KB,Requires Unity import audit,Requires Unity import audit,Requires Unity import audit,Requires Unity import audit,Requires Unity import audit,Requires Unity import audit,0,0,1,1,Assets/Furniture Mega Pack/Prefabs/Closets/Closet35.prefab,Search scene for MeshCollider refs,Requires Unity/scene object dependency audit,,Requires Unity audit,Requires Unity audit,,,Review,High visual/physics QA
Assets/Furniture Mega Pack/FBX/Closet/Closet39.fbx,24140,23.6 KB,Requires Unity import audit,Requires Unity import audit,Requires Unity import audit,Requires Unity import audit,Requires Unity import audit,Requires Unity import audit,0,0,1,1,Assets/Furniture Mega Pack/Prefabs/Closets/Closet39.prefab,Search scene for MeshCollider refs,Requires Unity/scene object dependency audit,,Requires Unity audit,Requires Unity audit,,,Review,High visual/physics QA
Assets/DevDen Arch Viz Scotland/Models/Bed Room/Painting_StandPhoto_A.FBX,24112,23.5 KB,Requires Unity import audit,Requires Unity import audit,Requires Unity import audit,Requires Unity import audit,Requires Unity import audit,Requires Unity import audit,1,0,0,0,Assets/DevDen Arch Viz Scotland/Prefabs/Bed Room/PhotoFrames.prefab; Assets/DevDen Arch Viz Scotland/Scenes/ArchViz.unity,Search scene for MeshCollider refs,Requires Unity/scene object dependency audit,,Requires Unity audit,Requires Unity audit,,,Review,High visual/physics QA
Assets/SimpleNaturePack/Models/Mushroom_02.fbx,23996,23.4 KB,Requires Unity import audit,Requires Unity import audit,Requires Unity import audit,Requires Unity import audit,Requires Unity import audit,Requires Unity import audit,0,0,0,0,Assets/SimpleNaturePack/Prefabs/Mushroom_02.prefab,Search scene for MeshCollider refs,Requires Unity/scene object dependency audit,,Requires Unity audit,Requires Unity audit,,,Review,High visual/physics QA
Assets/LowPolyLivingRoomPack/Meshes/Night_light_1.fbx,23932,23.4 KB,Requires Unity import audit,Requires Unity import audit,Requires Unity import audit,Requires Unity import audit,Requires Unity import audit,Requires Unity import audit,0,0,1,1,Assets/LowPolyLivingRoomPack/Prefabs/Night_light_1.prefab,Search scene for MeshCollider refs,Requires Unity/scene object dependency audit,,Requires Unity audit,Requires Unity audit,,,Review,High visual/physics QA
Assets/Food Pack-Demo/Mesh/Cheesecake B.fbx,23932,23.4 KB,Requires Unity import audit,Requires Unity import audit,Requires Unity import audit,Requires Unity import audit,Requires Unity import audit,Requires Unity import audit,0,0,0,0,Assets/Food Pack-Demo/Prefabs with colliders/Cheesecake B.prefab; Assets/Food Pack-Demo/Prefabs/Cheesecake B.prefab,Search scene for MeshCollider refs,Requires Unity/scene object dependency audit,,Requires Unity audit,Requires Unity audit,,,Review,High visual/physics QA
Assets/Pandazole_Ultimate_Pack/Pandazole Farm Ranch Pack/Models/Bld_ChickenCoop.fbx,23916,23.4 KB,Requires Unity import audit,Requires Unity import audit,Requires Unity import audit,Requires Unity import audit,Requires Unity import audit,Requires Unity import audit,0,0,1,1,Assets/Pandazole_Ultimate_Pack/Pandazole Farm Ranch Pack/Prefabs/Bld_ChickenCoop.prefab,Search scene for MeshCollider refs,Requires Unity/scene object dependency audit,,Requires Unity audit,Requires Unity audit,,,Review,High visual/physics QA
Assets/Pandazole_Ultimate_Pack/Pandazole Farm Ranch Pack/Models/food_Tomato.fbx,23916,23.4 KB,Requires Unity import audit,Requires Unity import audit,Requires Unity import audit,Requires Unity import audit,Requires Unity import audit,Requires Unity import audit,0,0,1,1,Assets/Pandazole_Ultimate_Pack/Pandazole Farm Ranch Pack/Prefabs/food_Tomato.prefab,Search scene for MeshCollider refs,Requires Unity/scene object dependency audit,,Requires Unity audit,Requires Unity audit,,,Review,High visual/physics QA
Assets/Furniture Mega Pack/FBX/Closet/Closet16.fbx,23900,23.3 KB,Requires Unity import audit,Requires Unity import audit,Requires Unity import audit,Requires Unity import audit,Requires Unity import audit,Requires Unity import audit,0,0,1,1,Assets/Furniture Mega Pack/Prefabs/Closets/Closet16.prefab,Search scene for MeshCollider refs,Requires Unity/scene object dependency audit,,Requires Unity audit,Requires Unity audit,,,Review,High visual/physics QA
Assets/UnityTechnologies/Basic Asset Pack Interior/Models/Walls/Wall1m.FBX,23840,23.3 KB,Requires Unity import audit,Requires Unity import audit,Requires Unity import audit,Requires Unity import audit,Requires Unity import audit,Requires Unity import audit,0,0,1,1,Assets/UnityTechnologies/Basic Asset Pack Interior/Prefabs/Walls/Wall1m.prefab,Search scene for MeshCollider refs,Requires Unity/scene object dependency audit,,Requires Unity audit,Requires Unity audit,,,Review,High visual/physics QA
Assets/Food Pack-Demo/Mesh/Salmon.fbx,23836,23.3 KB,Requires Unity import audit,Requires Unity import audit,Requires Unity import audit,Requires Unity import audit,Requires Unity import audit,Requires Unity import audit,0,0,0,0,Assets/Food Pack-Demo/Prefabs with colliders/Salmon.prefab; Assets/Food Pack-Demo/Prefabs/Salmon.prefab,Search scene for MeshCollider refs,Requires Unity/scene object dependency audit,,Requires Unity audit,Requires Unity audit,,,Review,High visual/physics QA
Assets/Food Pack-Demo/Mesh Collider/Salmon.fbx,23836,23.3 KB,Requires Unity import audit,Requires Unity import audit,Requires Unity import audit,Requires Unity import audit,Requires Unity import audit,Requires Unity import audit,0,0,1,1,,Search scene for MeshCollider refs,Requires Unity/scene object dependency audit,,Requires Unity audit,Requires Unity audit,,,Review,Unknown
Assets/LowPolyLivingRoomPack/Meshes/Gamepad_Classic.fbx,23820,23.3 KB,Requires Unity import audit,Requires Unity import audit,Requires Unity import audit,Requires Unity import audit,Requires Unity import audit,Requires Unity import audit,0,0,1,1,Assets/LowPolyLivingRoomPack/Prefabs/Gamepad_Classic.prefab,Search scene for MeshCollider refs,Requires Unity/scene object dependency audit,,Requires Unity audit,Requires Unity audit,,,Review,High visual/physics QA
Assets/LowPolyLivingRoomPack/Meshes/Night_light_3.fbx,23804,23.2 KB,Requires Unity import audit,Requires Unity import audit,Requires Unity import audit,Requires Unity import audit,Requires Unity import audit,Requires Unity import audit,0,0,1,1,Assets/LowPolyLivingRoomPack/Prefabs/Night_light_3.prefab,Search scene for MeshCollider refs,Requires Unity/scene object dependency audit,,Requires Unity audit,Requires Unity audit,,,Review,High visual/physics QA
Assets/Pandazole_Ultimate_Pack/Pandazole Farm Ranch Pack/Models/Bld_StoreBuilding_01.fbx,23804,23.2 KB,Requires Unity import audit,Requires Unity import audit,Requires Unity import audit,Requires Unity import audit,Requires Unity import audit,Requires Unity import audit,0,0,1,1,Assets/Pandazole_Ultimate_Pack/Pandazole Farm Ranch Pack/Prefabs/Bld_StoreBuilding_01.prefab,Search scene for MeshCollider refs,Requires Unity/scene object dependency audit,,Requires Unity audit,Requires Unity audit,,,Review,High visual/physics QA
Assets/UnityTechnologies/Basic Asset Pack Interior/Models/Walls/Wall2m.FBX,23760,23.2 KB,Requires Unity import audit,Requires Unity import audit,Requires Unity import audit,Requires Unity import audit,Requires Unity import audit,Requires Unity import audit,0,0,1,1,Assets/UnityTechnologies/Basic Asset Pack Interior/Prefabs/Walls/Wall2m.prefab,Search scene for MeshCollider refs,Requires Unity/scene object dependency audit,,Requires Unity audit,Requires Unity audit,,,Review,High visual/physics QA
Assets/Furniture Mega Pack/FBX/Kitchen/KitchenExhaust04.fbx,23740,23.2 KB,Requires Unity import audit,Requires Unity import audit,Requires Unity import audit,Requires Unity import audit,Requires Unity import audit,Requires Unity import audit,0,0,1,1,Assets/Furniture Mega Pack/Prefabs/Kitchen/KitchenExhaust04.prefab,Search scene for MeshCollider refs,Requires Unity/scene object dependency audit,,Requires Unity audit,Requires Unity audit,,,Review,High visual/physics QA
Assets/Furniture Mega Pack/FBX/Closet/Closet13.fbx,23740,23.2 KB,Requires Unity import audit,Requires Unity import audit,Requires Unity import audit,Requires Unity import audit,Requires Unity import audit,Requires Unity import audit,0,0,1,1,Assets/Furniture Mega Pack/Prefabs/Closets/Closet13.prefab,Search scene for MeshCollider refs,Requires Unity/scene object dependency audit,,Requires Unity audit,Requires Unity audit,,,Review,High visual/physics QA
Assets/UnityTechnologies/Basic Asset Pack Interior/Models/TableNarrowSingleDraw.FBX,23712,23.2 KB,Requires Unity import audit,Requires Unity import audit,Requires Unity import audit,Requires Unity import audit,Requires Unity import audit,Requires Unity import audit,0,0,1,1,Assets/UnityTechnologies/Basic Asset Pack Interior/Prefabs/Furniture/TableNarrowSingleDraw.prefab,Search scene for MeshCollider refs,Requires Unity/scene object dependency audit,,Requires Unity audit,Requires Unity audit,,,Review,High visual/physics QA
Assets/Furniture Mega Pack/FBX/Bathroom/TowelHanger03.fbx,23708,23.2 KB,Requires Unity import audit,Requires Unity import audit,Requires Unity import audit,Requires Unity import audit,Requires Unity import audit,Requires Unity import audit,0,0,1,1,Assets/Furniture Mega Pack/Prefabs/Bathroom/TowelHanger03.prefab,Search scene for MeshCollider refs,Requires Unity/scene object dependency audit,,Requires Unity audit,Requires Unity audit,,,Review,High visual/physics QA
Assets/Pandazole_Ultimate_Pack/Pandazole Farm Ranch Pack/Models/Prop_SmallFarmingTool_06.fbx,23692,23.1 KB,Requires Unity import audit,Requires Unity import audit,Requires Unity import audit,Requires Unity import audit,Requires Unity import audit,Requires Unity import audit,0,0,1,1,Assets/Pandazole_Ultimate_Pack/Pandazole Farm Ranch Pack/Prefabs/Prop_SmallFarmingTool_06.prefab,Search scene for MeshCollider refs,Requires Unity/scene object dependency audit,,Requires Unity audit,Requires Unity audit,,,Review,High visual/physics QA
Assets/Pandazole_Ultimate_Pack/Pandazole Farm Ranch Pack/Models/Prop_WoodenBox_02.fbx,23676,23.1 KB,Requires Unity import audit,Requires Unity import audit,Requires Unity import audit,Requires Unity import audit,Requires Unity import audit,Requires Unity import audit,0,0,1,1,Assets/Pandazole_Ultimate_Pack/Pandazole Farm Ranch Pack/Prefabs/Prop_WoodenBox_02.prefab,Search scene for MeshCollider refs,Requires Unity/scene object dependency audit,,Requires Unity audit,Requires Unity audit,,,Review,High visual/physics QA
Assets/Furniture Mega Pack/FBX/Kitchen/KitchenExhaust02.fbx,23596,23.0 KB,Requires Unity import audit,Requires Unity import audit,Requires Unity import audit,Requires Unity import audit,Requires Unity import audit,Requires Unity import audit,0,0,1,1,Assets/Furniture Mega Pack/Prefabs/Kitchen/KitchenExhaust02.prefab,Search scene for MeshCollider refs,Requires Unity/scene object dependency audit,,Requires Unity audit,Requires Unity audit,,,Review,High visual/physics QA
Assets/Pandazole_Ultimate_Pack/Pandazole Farm Ranch Pack/Models/food_Common.fbx,23468,22.9 KB,Requires Unity import audit,Requires Unity import audit,Requires Unity import audit,Requires Unity import audit,Requires Unity import audit,Requires Unity import audit,0,0,1,1,Assets/Pandazole_Ultimate_Pack/Pandazole Farm Ranch Pack/Prefabs/food_Common.prefab,Search scene for MeshCollider refs,Requires Unity/scene object dependency audit,,Requires Unity audit,Requires Unity audit,,,Review,High visual/physics QA
Assets/Pandazole_Ultimate_Pack/Pandazole Farm Ranch Pack/Models/Prop_Haystack_05.fbx,23468,22.9 KB,Requires Unity import audit,Requires Unity import audit,Requires Unity import audit,Requires Unity import audit,Requires Unity import audit,Requires Unity import audit,0,0,1,1,Assets/Pandazole_Ultimate_Pack/Pandazole Farm Ranch Pack/Prefabs/Prop_Haystack_05.prefab,Search scene for MeshCollider refs,Requires Unity/scene object dependency audit,,Requires Unity audit,Requires Unity audit,,,Review,High visual/physics QA
Assets/Furniture Mega Pack/FBX/Table/Table08.fbx,23452,22.9 KB,Requires Unity import audit,Requires Unity import audit,Requires Unity import audit,Requires Unity import audit,Requires Unity import audit,Requires Unity import audit,0,0,1,1,Assets/Furniture Mega Pack/Prefabs/Tables/Table08.prefab,Search scene for MeshCollider refs,Requires Unity/scene object dependency audit,,Requires Unity audit,Requires Unity audit,,,Review,High visual/physics QA
Assets/Pandazole_Ultimate_Pack/Pandazole Farm Ranch Pack/Models/Env_Bush_02.fbx,23420,22.9 KB,Requires Unity import audit,Requires Unity import audit,Requires Unity import audit,Requires Unity import audit,Requires Unity import audit,Requires Unity import audit,0,0,1,1,Assets/Pandazole_Ultimate_Pack/Pandazole Farm Ranch Pack/Prefabs/Env_Bush_02.prefab,Search scene for MeshCollider refs,Requires Unity/scene object dependency audit,,Requires Unity audit,Requires Unity audit,,,Review,High visual/physics QA
Assets/DevDen Arch Viz Scotland/Models/Bed Room/Painting_Photo_B.FBX,23392,22.8 KB,Requires Unity import audit,Requires Unity import audit,Requires Unity import audit,Requires Unity import audit,Requires Unity import audit,Requires Unity import audit,1,0,0,0,Assets/DevDen Arch Viz Scotland/Prefabs/Bed Room/PhotoFrames.prefab; Assets/DevDen Arch Viz Scotland/Scenes/ArchViz.unity,Search scene for MeshCollider refs,Requires Unity/scene object dependency audit,,Requires Unity audit,Requires Unity audit,,,Review,High visual/physics QA
Assets/Pandazole_Ultimate_Pack/Pandazole Farm Ranch Pack/Models/Prop_Bucket_01.fbx,23388,22.8 KB,Requires Unity import audit,Requires Unity import audit,Requires Unity import audit,Requires Unity import audit,Requires Unity import audit,Requires Unity import audit,0,0,1,1,Assets/Pandazole_Ultimate_Pack/Pandazole Farm Ranch Pack/Prefabs/Prop_Bucket_01.prefab,Search scene for MeshCollider refs,Requires Unity/scene object dependency audit,,Requires Unity audit,Requires Unity audit,,,Review,High visual/physics QA
Assets/Pandazole_Ultimate_Pack/Pandazole Farm Ranch Pack/Models/Prop_Haystack_04.fbx,23340,22.8 KB,Requires Unity import audit,Requires Unity import audit,Requires Unity import audit,Requires Unity import audit,Requires Unity import audit,Requires Unity import audit,0,0,1,1,Assets/Pandazole_Ultimate_Pack/Pandazole Farm Ranch Pack/Prefabs/Prop_Haystack_04.prefab,Search scene for MeshCollider refs,Requires Unity/scene object dependency audit,,Requires Unity audit,Requires Unity audit,,,Review,High visual/physics QA
Assets/Furniture Mega Pack/FBX/Kitchen/KitchenExhaust05.fbx,23308,22.8 KB,Requires Unity import audit,Requires Unity import audit,Requires Unity import audit,Requires Unity import audit,Requires Unity import audit,Requires Unity import audit,0,0,1,1,Assets/Furniture Mega Pack/Prefabs/Kitchen/KitchenExhaust05.prefab,Search scene for MeshCollider refs,Requires Unity/scene object dependency audit,,Requires Unity audit,Requires Unity audit,,,Review,High visual/physics QA
Assets/Pandazole_Ultimate_Pack/Pandazole Farm Ranch Pack/Models/Prop_WoodenBox_03.fbx,23308,22.8 KB,Requires Unity import audit,Requires Unity import audit,Requires Unity import audit,Requires Unity import audit,Requires Unity import audit,Requires Unity import audit,0,0,1,1,Assets/Pandazole_Ultimate_Pack/Pandazole Farm Ranch Pack/Prefabs/Prop_WoodenBox_03.prefab,Search scene for MeshCollider refs,Requires Unity/scene object dependency audit,,Requires Unity audit,Requires Unity audit,,,Review,High visual/physics QA
Assets/Pandazole_Ultimate_Pack/Pandazole Farm Ranch Pack/Models/Prop_SmallFarmingTool_05.fbx,23276,22.7 KB,Requires Unity import audit,Requires Unity import audit,Requires Unity import audit,Requires Unity import audit,Requires Unity import audit,Requires Unity import audit,0,0,1,1,Assets/Pandazole_Ultimate_Pack/Pandazole Farm Ranch Pack/Prefabs/Prop_SmallFarmingTool_05.prefab,Search scene for MeshCollider refs,Requires Unity/scene object dependency audit,,Requires Unity audit,Requires Unity audit,,,Review,High visual/physics QA
Assets/Food Pack-Demo/Mesh/Ice cream stick C.fbx,23260,22.7 KB,Requires Unity import audit,Requires Unity import audit,Requires Unity import audit,Requires Unity import audit,Requires Unity import audit,Requires Unity import audit,0,0,0,0,Assets/Food Pack-Demo/Prefabs with colliders/Ice cream stick C.prefab; Assets/Food Pack-Demo/Prefabs/Ice cream stick C.prefab,Search scene for MeshCollider refs,Requires Unity/scene object dependency audit,,Requires Unity audit,Requires Unity audit,,,Review,High visual/physics QA
Assets/UnityTechnologies/Basic Asset Pack Interior/Models/SofaCusion.FBX,23200,22.7 KB,Requires Unity import audit,Requires Unity import audit,Requires Unity import audit,Requires Unity import audit,Requires Unity import audit,Requires Unity import audit,0,0,1,1,Assets/UnityTechnologies/Basic Asset Pack Interior/Prefabs/Furniture/SofaArmChair.prefab; Assets/UnityTechnologies/Basic Asset Pack Interior/Prefabs/Furniture/SofaDouble.prefab,Search scene for MeshCollider refs,Requires Unity/scene object dependency audit,,Requires Unity audit,Requires Unity audit,,,Review,High visual/physics QA
Assets/Pandazole_Ultimate_Pack/Pandazole Farm Ranch Pack/Models/Prop_Haystack_06.fbx,23196,22.7 KB,Requires Unity import audit,Requires Unity import audit,Requires Unity import audit,Requires Unity import audit,Requires Unity import audit,Requires Unity import audit,0,0,1,1,Assets/Pandazole_Ultimate_Pack/Pandazole Farm Ranch Pack/Prefabs/Prop_Haystack_06.prefab,Search scene for MeshCollider refs,Requires Unity/scene object dependency audit,,Requires Unity audit,Requires Unity audit,,,Review,High visual/physics QA
Assets/LowPolyLivingRoomPack/Meshes/Armchair_Classic_2.fbx,23180,22.6 KB,Requires Unity import audit,Requires Unity import audit,Requires Unity import audit,Requires Unity import audit,Requires Unity import audit,Requires Unity import audit,0,0,1,1,Assets/LowPolyLivingRoomPack/Prefabs/Armchair_Classic_2.prefab,Search scene for MeshCollider refs,Requires Unity/scene object dependency audit,,Requires Unity audit,Requires Unity audit,,,Review,High visual/physics QA
Assets/Pandazole_Ultimate_Pack/Pandazole Farm Ranch Pack/Models/Prop_AnimalFeeder_02.fbx,23180,22.6 KB,Requires Unity import audit,Requires Unity import audit,Requires Unity import audit,Requires Unity import audit,Requires Unity import audit,Requires Unity import audit,0,0,1,1,Assets/Pandazole_Ultimate_Pack/Pandazole Farm Ranch Pack/Prefabs/Prop_AnimalFeeder_02.prefab,Search scene for MeshCollider refs,Requires Unity/scene object dependency audit,,Requires Unity audit,Requires Unity audit,,,Review,High visual/physics QA
Assets/Furniture Mega Pack/FBX/Bathroom/TissueHanger01.fbx,23164,22.6 KB,Requires Unity import audit,Requires Unity import audit,Requires Unity import audit,Requires Unity import audit,Requires Unity import audit,Requires Unity import audit,0,0,1,1,Assets/Furniture Mega Pack/Prefabs/Bathroom/TissueHanger01.prefab,Search scene for MeshCollider refs,Requires Unity/scene object dependency audit,,Requires Unity audit,Requires Unity audit,,,Review,High visual/physics QA
Assets/BrokenVector/LowPolyFencePack/Models/Fence Type6 Big.dae,23104,22.6 KB,Requires Unity import audit,Requires Unity import audit,Requires Unity import audit,Requires Unity import audit,Requires Unity import audit,Requires Unity import audit,0,0,,,Assets/BrokenVector/LowPolyFencePack/Prefabs/Fence Type6 Big.prefab; Assets/BrokenVector/LowPolyFencePack/Scenes/All Fences Example.unity,Search scene for MeshCollider refs,Requires Unity/scene object dependency audit,,Requires Unity audit,Requires Unity audit,,,Review,High visual/physics QA
Assets/Furniture Mega Pack/FBX/Table/Table31.fbx,23036,22.5 KB,Requires Unity import audit,Requires Unity import audit,Requires Unity import audit,Requires Unity import audit,Requires Unity import audit,Requires Unity import audit,0,0,1,1,Assets/Furniture Mega Pack/Prefabs/Tables/Table31.prefab,Search scene for MeshCollider refs,Requires Unity/scene object dependency audit,,Requires Unity audit,Requires Unity audit,,,Review,High visual/physics QA
Assets/Pandazole_Ultimate_Pack/Pandazole Farm Ranch Pack/Models/Env_Tree_02.fbx,23004,22.5 KB,Requires Unity import audit,Requires Unity import audit,Requires Unity import audit,Requires Unity import audit,Requires Unity import audit,Requires Unity import audit,0,0,1,1,Assets/Pandazole_Ultimate_Pack/Pandazole Farm Ranch Pack/Prefabs/Env_Tree_02.prefab,Search scene for MeshCollider refs,Requires Unity/scene object dependency audit,,Requires Unity audit,Requires Unity audit,,,Review,High visual/physics QA
Assets/Furniture Mega Pack/FBX/Bathroom/TowelHanger01.fbx,22972,22.4 KB,Requires Unity import audit,Requires Unity import audit,Requires Unity import audit,Requires Unity import audit,Requires Unity import audit,Requires Unity import audit,0,0,1,1,Assets/Furniture Mega Pack/Prefabs/Bathroom/TowelHanger01.prefab,Search scene for MeshCollider refs,Requires Unity/scene object dependency audit,,Requires Unity audit,Requires Unity audit,,,Review,High visual/physics QA
Assets/Pandazole_Ultimate_Pack/Pandazole Farm Ranch Pack/Models/food_Garlic.fbx,22972,22.4 KB,Requires Unity import audit,Requires Unity import audit,Requires Unity import audit,Requires Unity import audit,Requires Unity import audit,Requires Unity import audit,0,0,1,1,Assets/Pandazole_Ultimate_Pack/Pandazole Farm Ranch Pack/Prefabs/food_Garlic.prefab,Search scene for MeshCollider refs,Requires Unity/scene object dependency audit,,Requires Unity audit,Requires Unity audit,,,Review,High visual/physics QA
Assets/DevDen Arch Viz Scotland/Models/Bed Room/Painting_Small_C.FBX,22960,22.4 KB,Requires Unity import audit,Requires Unity import audit,Requires Unity import audit,Requires Unity import audit,Requires Unity import audit,Requires Unity import audit,1,0,0,0,Assets/DevDen Arch Viz Scotland/Prefabs/Bed Room/PhotoFrames.prefab; Assets/DevDen Arch Viz Scotland/Scenes/ArchViz.unity,Search scene for MeshCollider refs,Requires Unity/scene object dependency audit,,Requires Unity audit,Requires Unity audit,,,Review,High visual/physics QA
Assets/Furniture Mega Pack/FBX/Kitchen/KitchenExhaust01.fbx,22940,22.4 KB,Requires Unity import audit,Requires Unity import audit,Requires Unity import audit,Requires Unity import audit,Requires Unity import audit,Requires Unity import audit,0,0,1,1,Assets/Furniture Mega Pack/Prefabs/Kitchen/KitchenExhaust01.prefab,Search scene for MeshCollider refs,Requires Unity/scene object dependency audit,,Requires Unity audit,Requires Unity audit,,,Review,High visual/physics QA
Assets/Pandazole_Ultimate_Pack/Pandazole Farm Ranch Pack/Models/Env_Wheat.fbx,22940,22.4 KB,Requires Unity import audit,Requires Unity import audit,Requires Unity import audit,Requires Unity import audit,Requires Unity import audit,Requires Unity import audit,0,0,1,1,Assets/Pandazole_Ultimate_Pack/Pandazole Farm Ranch Pack/Prefabs/Env_Wheat.prefab,Search scene for MeshCollider refs,Requires Unity/scene object dependency audit,,Requires Unity audit,Requires Unity audit,,,Review,High visual/physics QA
Assets/Pandazole_Ultimate_Pack/Pandazole Farm Ranch Pack/Models/Prop_WoodenCrates_03.fbx,22924,22.4 KB,Requires Unity import audit,Requires Unity import audit,Requires Unity import audit,Requires Unity import audit,Requires Unity import audit,Requires Unity import audit,0,0,1,1,Assets/Pandazole_Ultimate_Pack/Pandazole Farm Ranch Pack/Prefabs/Prop_WoodenCrates_03.prefab,Search scene for MeshCollider refs,Requires Unity/scene object dependency audit,,Requires Unity audit,Requires Unity audit,,,Review,High visual/physics QA
Assets/Furniture Mega Pack/FBX/Kitchen/KitchenExhaust07.fbx,22812,22.3 KB,Requires Unity import audit,Requires Unity import audit,Requires Unity import audit,Requires Unity import audit,Requires Unity import audit,Requires Unity import audit,0,0,1,1,Assets/Furniture Mega Pack/Prefabs/Kitchen/KitchenExhaust07.prefab,Search scene for MeshCollider refs,Requires Unity/scene object dependency audit,,Requires Unity audit,Requires Unity audit,,,Review,High visual/physics QA
Assets/Pandazole_Ultimate_Pack/Pandazole Farm Ranch Pack/Models/Env_MetalFence_01.fbx,22812,22.3 KB,Requires Unity import audit,Requires Unity import audit,Requires Unity import audit,Requires Unity import audit,Requires Unity import audit,Requires Unity import audit,0,0,1,1,Assets/Pandazole_Ultimate_Pack/Pandazole Farm Ranch Pack/Prefabs/Env_MetalFence_01.prefab,Search scene for MeshCollider refs,Requires Unity/scene object dependency audit,,Requires Unity audit,Requires Unity audit,,,Review,High visual/physics QA
Assets/Pandazole_Ultimate_Pack/Pandazole Farm Ranch Pack/Models/Env_GrassPlant_07.fbx,22796,22.3 KB,Requires Unity import audit,Requires Unity import audit,Requires Unity import audit,Requires Unity import audit,Requires Unity import audit,Requires Unity import audit,0,0,1,1,Assets/Pandazole_Ultimate_Pack/Pandazole Farm Ranch Pack/Prefabs/Env_GrassPlant_07.prefab,Search scene for MeshCollider refs,Requires Unity/scene object dependency audit,,Requires Unity audit,Requires Unity audit,,,Review,High visual/physics QA
Assets/UnityTechnologies/Basic Asset Pack Interior/Models/BedPillow.FBX,22768,22.2 KB,Requires Unity import audit,Requires Unity import audit,Requires Unity import audit,Requires Unity import audit,Requires Unity import audit,Requires Unity import audit,0,0,1,1,Assets/BH_XR_MainScene.unity; Assets/UnityTechnologies/Basic Asset Pack Interior/Prefabs/Furniture/BedDouble.prefab; Assets/_Recovery/0 (1).unity; Assets/_Recovery/0 (10).unity; Assets/_Recovery/0 (11).unity; Assets/_Recovery/0 (13).unity; Assets/_Recovery/0 (14).unity; Assets/_Recovery/0 (15).unity; Assets/_Recovery/0 (16).unity; Assets/_Recovery/0 (17).unity; Assets/_Recovery/0 (18).unity; Assets/_Recovery/0 (2).unity; Assets/_Recovery/0 (21).unity; Assets/_Recovery/0 (22).unity; Assets/_Recovery/0 (23).unity; Assets/_Recovery/0 (3).unity; Assets/_Recovery/0 (5).unity; Assets/_Recovery/0 (6).unity; Assets/_Recovery/0 (7).unity; Assets/_Recovery/0 (8).unity,Search scene for MeshCollider refs,Requires Unity/scene object dependency audit,,Requires Unity audit,Requires Unity audit,,,Review,High visual/physics QA
Assets/LowPolyLivingRoomPack/Meshes/Sofa_2Seat.fbx,22764,22.2 KB,Requires Unity import audit,Requires Unity import audit,Requires Unity import audit,Requires Unity import audit,Requires Unity import audit,Requires Unity import audit,0,0,1,1,Assets/LowPolyLivingRoomPack/Prefabs/Sofa_2Seat.prefab,Search scene for MeshCollider refs,Requires Unity/scene object dependency audit,,Requires Unity audit,Requires Unity audit,,,Review,High visual/physics QA
Assets/Pandazole_Ultimate_Pack/Pandazole Farm Ranch Pack/Models/food_Avocado.fbx,22684,22.2 KB,Requires Unity import audit,Requires Unity import audit,Requires Unity import audit,Requires Unity import audit,Requires Unity import audit,Requires Unity import audit,0,0,1,1,Assets/Pandazole_Ultimate_Pack/Pandazole Farm Ranch Pack/Prefabs/food_Avocado.prefab,Search scene for MeshCollider refs,Requires Unity/scene object dependency audit,,Requires Unity audit,Requires Unity audit,,,Review,High visual/physics QA
Assets/LowPolyLivingRoomPack/Meshes/Speaker_Floor.fbx,22652,22.1 KB,Requires Unity import audit,Requires Unity import audit,Requires Unity import audit,Requires Unity import audit,Requires Unity import audit,Requires Unity import audit,0,0,1,1,Assets/BH_XR_MainScene.unity; Assets/LowPolyLivingRoomPack/Prefabs/Speaker_Floor.prefab; Assets/_Recovery/0 (17).unity; Assets/_Recovery/0 (18).unity; Assets/_Recovery/0 (21).unity; Assets/_Recovery/0 (22).unity; Assets/_Recovery/0 (23).unity,Search scene for MeshCollider refs,Requires Unity/scene object dependency audit,,Requires Unity audit,Requires Unity audit,,,Review,High visual/physics QA
Assets/LowPolyLivingRoomPack/Meshes/Clock_WallRound.fbx,22636,22.1 KB,Requires Unity import audit,Requires Unity import audit,Requires Unity import audit,Requires Unity import audit,Requires Unity import audit,Requires Unity import audit,0,0,1,1,Assets/LowPolyLivingRoomPack/Prefabs/Clock_WallRound.prefab,Search scene for MeshCollider refs,Requires Unity/scene object dependency audit,,Requires Unity audit,Requires Unity audit,,,Review,High visual/physics QA
Assets/DevDen Arch Viz Scotland/Models/Kitchen Room/kitchen_top_piece.fbx,22624,22.1 KB,Requires Unity import audit,Requires Unity import audit,Requires Unity import audit,Requires Unity import audit,Requires Unity import audit,Requires Unity import audit,1,0,0,0,Assets/DevDen Arch Viz Scotland/Prefabs/Kitchen Room/Kitchen_Cabinet-1.prefab; Assets/DevDen Arch Viz Scotland/Scenes/ArchViz.unity,Search scene for MeshCollider refs,Requires Unity/scene object dependency audit,,Requires Unity audit,Requires Unity audit,,,Review,High visual/physics QA
Assets/Pandazole_Ultimate_Pack/Pandazole Farm Ranch Pack/Models/Env_GrassPlant_03.fbx,22620,22.1 KB,Requires Unity import audit,Requires Unity import audit,Requires Unity import audit,Requires Unity import audit,Requires Unity import audit,Requires Unity import audit,0,0,1,1,Assets/Pandazole_Ultimate_Pack/Pandazole Farm Ranch Pack/Prefabs/Env_GrassPlant_03.prefab,Search scene for MeshCollider refs,Requires Unity/scene object dependency audit,,Requires Unity audit,Requires Unity audit,,,Review,High visual/physics QA
Assets/Pandazole_Ultimate_Pack/Pandazole Farm Ranch Pack/Models/Prop_WoodenBox_01.fbx,22492,22.0 KB,Requires Unity import audit,Requires Unity import audit,Requires Unity import audit,Requires Unity import audit,Requires Unity import audit,Requires Unity import audit,0,0,1,1,Assets/Pandazole_Ultimate_Pack/Pandazole Farm Ranch Pack/Prefabs/Prop_WoodenBox_01.prefab,Search scene for MeshCollider refs,Requires Unity/scene object dependency audit,,Requires Unity audit,Requires Unity audit,,,Review,High visual/physics QA
Assets/Pandazole_Ultimate_Pack/Pandazole Farm Ranch Pack/Models/food_Cucumber.fbx,22492,22.0 KB,Requires Unity import audit,Requires Unity import audit,Requires Unity import audit,Requires Unity import audit,Requires Unity import audit,Requires Unity import audit,0,0,1,1,Assets/Pandazole_Ultimate_Pack/Pandazole Farm Ranch Pack/Prefabs/food_Cucumber.prefab,Search scene for MeshCollider refs,Requires Unity/scene object dependency audit,,Requires Unity audit,Requires Unity audit,,,Review,High visual/physics QA
Assets/Pandazole_Ultimate_Pack/Pandazole Farm Ranch Pack/Models/Env_GrassPlant_01.fbx,22460,21.9 KB,Requires Unity import audit,Requires Unity import audit,Requires Unity import audit,Requires Unity import audit,Requires Unity import audit,Requires Unity import audit,0,0,1,1,Assets/Pandazole_Ultimate_Pack/Pandazole Farm Ranch Pack/Prefabs/Env_GrassPlant_01.prefab,Search scene for MeshCollider refs,Requires Unity/scene object dependency audit,,Requires Unity audit,Requires Unity audit,,,Review,High visual/physics QA
Assets/Pandazole_Ultimate_Pack/Pandazole Farm Ranch Pack/Models/Prop_SmallFarmingTool_04.fbx,22444,21.9 KB,Requires Unity import audit,Requires Unity import audit,Requires Unity import audit,Requires Unity import audit,Requires Unity import audit,Requires Unity import audit,0,0,1,1,Assets/Pandazole_Ultimate_Pack/Pandazole Farm Ranch Pack/Prefabs/Prop_SmallFarmingTool_04.prefab,Search scene for MeshCollider refs,Requires Unity/scene object dependency audit,,Requires Unity audit,Requires Unity audit,,,Review,High visual/physics QA
Assets/Pandazole_Ultimate_Pack/Pandazole Farm Ranch Pack/Models/Prop_WoodenBox_04.fbx,22412,21.9 KB,Requires Unity import audit,Requires Unity import audit,Requires Unity import audit,Requires Unity import audit,Requires Unity import audit,Requires Unity import audit,0,0,1,1,Assets/Pandazole_Ultimate_Pack/Pandazole Farm Ranch Pack/Prefabs/Prop_WoodenBox_04.prefab,Search scene for MeshCollider refs,Requires Unity/scene object dependency audit,,Requires Unity audit,Requires Unity audit,,,Review,High visual/physics QA
Assets/LowPolyLivingRoomPack/Meshes/Vase_2.fbx,22348,21.8 KB,Requires Unity import audit,Requires Unity import audit,Requires Unity import audit,Requires Unity import audit,Requires Unity import audit,Requires Unity import audit,0,0,1,1,Assets/LowPolyLivingRoomPack/Prefabs/Vase_2.prefab,Search scene for MeshCollider refs,Requires Unity/scene object dependency audit,,Requires Unity audit,Requires Unity audit,,,Review,High visual/physics QA
Assets/LowPolyLivingRoomPack/Meshes/Stereo_Speaker.fbx,22204,21.7 KB,Requires Unity import audit,Requires Unity import audit,Requires Unity import audit,Requires Unity import audit,Requires Unity import audit,Requires Unity import audit,0,0,1,1,Assets/LowPolyLivingRoomPack/Prefabs/Stereo_Speaker.prefab,Search scene for MeshCollider refs,Requires Unity/scene object dependency audit,,Requires Unity audit,Requires Unity audit,,,Review,High visual/physics QA
Assets/Furniture Mega Pack/FBX/Table/Table09.fbx,22124,21.6 KB,Requires Unity import audit,Requires Unity import audit,Requires Unity import audit,Requires Unity import audit,Requires Unity import audit,Requires Unity import audit,0,0,1,1,Assets/Furniture Mega Pack/Prefabs/Tables/Table09.prefab,Search scene for MeshCollider refs,Requires Unity/scene object dependency audit,,Requires Unity audit,Requires Unity audit,,,Review,High visual/physics QA
Assets/Food Pack-Demo/Mesh/Pretzel.fbx,22124,21.6 KB,Requires Unity import audit,Requires Unity import audit,Requires Unity import audit,Requires Unity import audit,Requires Unity import audit,Requires Unity import audit,0,0,0,0,Assets/Food Pack-Demo/Prefabs with colliders/Pretzel.prefab; Assets/Food Pack-Demo/Prefabs/Pretzel.prefab,Search scene for MeshCollider refs,Requires Unity/scene object dependency audit,,Requires Unity audit,Requires Unity audit,,,Review,High visual/physics QA
Assets/Pandazole_Ultimate_Pack/Pandazole Farm Ranch Pack/Models/Env_Tree_07.fbx,22092,21.6 KB,Requires Unity import audit,Requires Unity import audit,Requires Unity import audit,Requires Unity import audit,Requires Unity import audit,Requires Unity import audit,0,0,1,1,Assets/Pandazole_Ultimate_Pack/Pandazole Farm Ranch Pack/Prefabs/Env_Tree_07.prefab,Search scene for MeshCollider refs,Requires Unity/scene object dependency audit,,Requires Unity audit,Requires Unity audit,,,Review,High visual/physics QA
Assets/LowPolyLivingRoomPack/Meshes/Lamp_Tall.fbx,22076,21.6 KB,Requires Unity import audit,Requires Unity import audit,Requires Unity import audit,Requires Unity import audit,Requires Unity import audit,Requires Unity import audit,0,0,1,1,Assets/LowPolyLivingRoomPack/Prefabs/Lamp_Tall.prefab,Search scene for MeshCollider refs,Requires Unity/scene object dependency audit,,Requires Unity audit,Requires Unity audit,,,Review,High visual/physics QA
Assets/UnityTechnologies/Basic Asset Pack Interior/Models/ChairDinningA.FBX,21984,21.5 KB,Requires Unity import audit,Requires Unity import audit,Requires Unity import audit,Requires Unity import audit,Requires Unity import audit,Requires Unity import audit,0,0,1,1,Assets/UnityTechnologies/Basic Asset Pack Interior/Prefabs/Furniture/ChairDinningA.prefab,Search scene for MeshCollider refs,Requires Unity/scene object dependency audit,,Requires Unity audit,Requires Unity audit,,,Review,High visual/physics QA
Assets/Furniture Mega Pack/FBX/Table/Table10.fbx,21916,21.4 KB,Requires Unity import audit,Requires Unity import audit,Requires Unity import audit,Requires Unity import audit,Requires Unity import audit,Requires Unity import audit,0,0,1,1,Assets/Furniture Mega Pack/Prefabs/Tables/Table10.prefab,Search scene for MeshCollider refs,Requires Unity/scene object dependency audit,,Requires Unity audit,Requires Unity audit,,,Review,High visual/physics QA
Assets/Food Pack-Demo/Mesh/Lamb Chop Cooked.fbx,21900,21.4 KB,Requires Unity import audit,Requires Unity import audit,Requires Unity import audit,Requires Unity import audit,Requires Unity import audit,Requires Unity import audit,0,0,0,0,Assets/Food Pack-Demo/Prefabs with colliders/Lamb Chop Cooked.prefab; Assets/Food Pack-Demo/Prefabs/Lamb Chop Cooked.prefab,Search scene for MeshCollider refs,Requires Unity/scene object dependency audit,,Requires Unity audit,Requires Unity audit,,,Review,High visual/physics QA
Assets/Food Pack-Demo/Mesh Collider/Lamb Chop Cooked.fbx,21900,21.4 KB,Requires Unity import audit,Requires Unity import audit,Requires Unity import audit,Requires Unity import audit,Requires Unity import audit,Requires Unity import audit,0,0,1,1,,Search scene for MeshCollider refs,Requires Unity/scene object dependency audit,,Requires Unity audit,Requires Unity audit,,,Review,Unknown
Assets/LowPolyLivingRoomPack/Meshes/Armchair_Classic.fbx,21868,21.4 KB,Requires Unity import audit,Requires Unity import audit,Requires Unity import audit,Requires Unity import audit,Requires Unity import audit,Requires Unity import audit,0,0,1,1,Assets/LowPolyLivingRoomPack/Prefabs/Armchair_Classic.prefab,Search scene for MeshCollider refs,Requires Unity/scene object dependency audit,,Requires Unity audit,Requires Unity audit,,,Review,High visual/physics QA
Assets/Pandazole_Ultimate_Pack/Pandazole Farm Ranch Pack/Models/Prop_Haystack_07.fbx,21836,21.3 KB,Requires Unity import audit,Requires Unity import audit,Requires Unity import audit,Requires Unity import audit,Requires Unity import audit,Requires Unity import audit,0,0,1,1,Assets/Pandazole_Ultimate_Pack/Pandazole Farm Ranch Pack/Prefabs/Prop_Haystack_07.prefab,Search scene for MeshCollider refs,Requires Unity/scene object dependency audit,,Requires Unity audit,Requires Unity audit,,,Review,High visual/physics QA
Assets/Food Pack-Demo/Mesh/Lamb Chop.fbx,21820,21.3 KB,Requires Unity import audit,Requires Unity import audit,Requires Unity import audit,Requires Unity import audit,Requires Unity import audit,Requires Unity import audit,0,0,0,0,Assets/Food Pack-Demo/Prefabs with colliders/Lamb Chop.prefab; Assets/Food Pack-Demo/Prefabs/Lamb Chop.prefab,Search scene for MeshCollider refs,Requires Unity/scene object dependency audit,,Requires Unity audit,Requires Unity audit,,,Review,High visual/physics QA
Assets/Food Pack-Demo/Mesh Collider/Lamb Chop.fbx,21820,21.3 KB,Requires Unity import audit,Requires Unity import audit,Requires Unity import audit,Requires Unity import audit,Requires Unity import audit,Requires Unity import audit,0,0,1,1,,Search scene for MeshCollider refs,Requires Unity/scene object dependency audit,,Requires Unity audit,Requires Unity audit,,,Review,Unknown
Assets/Pandazole_Ultimate_Pack/Pandazole Farm Ranch Pack/Models/Prop_BigFarmingTool_07.fbx,21756,21.2 KB,Requires Unity import audit,Requires Unity import audit,Requires Unity import audit,Requires Unity import audit,Requires Unity import audit,Requires Unity import audit,0,0,1,1,Assets/Pandazole_Ultimate_Pack/Pandazole Farm Ranch Pack/Prefabs/Prop_BigFarmingTool_07.prefab,Search scene for MeshCollider refs,Requires Unity/scene object dependency audit,,Requires Unity audit,Requires Unity audit,,,Review,High visual/physics QA
Assets/Food Pack-Demo/Mesh/Tomato Quarter.fbx,21740,21.2 KB,Requires Unity import audit,Requires Unity import audit,Requires Unity import audit,Requires Unity import audit,Requires Unity import audit,Requires Unity import audit,0,0,0,0,Assets/Food Pack-Demo/Prefabs with colliders/Tomato Quarter.prefab; Assets/Food Pack-Demo/Prefabs/Tomato Quarter.prefab,Search scene for MeshCollider refs,Requires Unity/scene object dependency audit,,Requires Unity audit,Requires Unity audit,,,Review,High visual/physics QA
Assets/LowPolyLivingRoomPack/Meshes/Nightstand_2.fbx,21724,21.2 KB,Requires Unity import audit,Requires Unity import audit,Requires Unity import audit,Requires Unity import audit,Requires Unity import audit,Requires Unity import audit,0,0,1,1,Assets/LowPolyLivingRoomPack/Prefabs/Nightstand_2.prefab,Search scene for MeshCollider refs,Requires Unity/scene object dependency audit,,Requires Unity audit,Requires Unity audit,,,Review,High visual/physics QA
Assets/UnityTechnologies/Basic Asset Pack Interior/Models/LightBulb.FBX,21680,21.2 KB,Requires Unity import audit,Requires Unity import audit,Requires Unity import audit,Requires Unity import audit,Requires Unity import audit,Requires Unity import audit,0,0,1,1,Assets/UnityTechnologies/Basic Asset Pack Interior/Prefabs/Lights/LampSmall.prefab; Assets/UnityTechnologies/Basic Asset Pack Interior/Prefabs/Lights/LampTall.prefab,Search scene for MeshCollider refs,Requires Unity/scene object dependency audit,,Requires Unity audit,Requires Unity audit,,,Review,High visual/physics QA
Assets/Pandazole_Ultimate_Pack/Pandazole Farm Ranch Pack/Models/Prop_AnimalFeeder_01.fbx,21676,21.2 KB,Requires Unity import audit,Requires Unity import audit,Requires Unity import audit,Requires Unity import audit,Requires Unity import audit,Requires Unity import audit,0,0,1,1,Assets/Pandazole_Ultimate_Pack/Pandazole Farm Ranch Pack/Prefabs/Prop_AnimalFeeder_01.prefab,Search scene for MeshCollider refs,Requires Unity/scene object dependency audit,,Requires Unity audit,Requires Unity audit,,,Review,High visual/physics QA
Assets/Samples/XR Interaction Toolkit/3.3.1/Starter Assets/DemoSceneAssets/Models/Primitive_Pyramid.fbx,21632,21.1 KB,Requires Unity import audit,Requires Unity import audit,Requires Unity import audit,Requires Unity import audit,Requires Unity import audit,Requires Unity import audit,0,0,1,1,Assets/Samples/XR Interaction Toolkit/3.3.1/Starter Assets/DemoSceneAssets/Prefabs/Gaze Interactables.prefab,Search scene for MeshCollider refs,Requires Unity/scene object dependency audit,,Requires Unity audit,Requires Unity audit,,,Review,High visual/physics QA
Assets/Pandazole_Ultimate_Pack/Pandazole Farm Ranch Pack/Models/Prop_WoodenCrates_01.fbx,21532,21.0 KB,Requires Unity import audit,Requires Unity import audit,Requires Unity import audit,Requires Unity import audit,Requires Unity import audit,Requires Unity import audit,0,0,1,1,Assets/Pandazole_Ultimate_Pack/Pandazole Farm Ranch Pack/Prefabs/Prop_WoodenCrates_01.prefab,Search scene for MeshCollider refs,Requires Unity/scene object dependency audit,,Requires Unity audit,Requires Unity audit,,,Review,High visual/physics QA
Assets/UnityTechnologies/Basic Asset Pack Interior/Models/SofaFootRest.FBX,21488,21.0 KB,Requires Unity import audit,Requires Unity import audit,Requires Unity import audit,Requires Unity import audit,Requires Unity import audit,Requires Unity import audit,0,0,1,1,Assets/UnityTechnologies/Basic Asset Pack Interior/Prefabs/Furniture/SofaFootRest.prefab,Search scene for MeshCollider refs,Requires Unity/scene object dependency audit,,Requires Unity audit,Requires Unity audit,,,Review,High visual/physics QA
Assets/UnityTechnologies/Basic Asset Pack Interior/Models/ShelvesTallA.FBX,21264,20.8 KB,Requires Unity import audit,Requires Unity import audit,Requires Unity import audit,Requires Unity import audit,Requires Unity import audit,Requires Unity import audit,0,0,1,1,Assets/UnityTechnologies/Basic Asset Pack Interior/Prefabs/Furniture/ShelvesTallA.prefab,Search scene for MeshCollider refs,Requires Unity/scene object dependency audit,,Requires Unity audit,Requires Unity audit,,,Review,High visual/physics QA
Assets/Food Pack-Demo/Mesh/Tomato Half.fbx,21164,20.7 KB,Requires Unity import audit,Requires Unity import audit,Requires Unity import audit,Requires Unity import audit,Requires Unity import audit,Requires Unity import audit,0,0,0,0,Assets/Food Pack-Demo/Prefabs with colliders/Tomato Half.prefab; Assets/Food Pack-Demo/Prefabs/Tomato Half.prefab,Search scene for MeshCollider refs,Requires Unity/scene object dependency audit,,Requires Unity audit,Requires Unity audit,,,Review,High visual/physics QA
Assets/UnityTechnologies/Basic Asset Pack Interior/Models/Switch.FBX,21152,20.7 KB,Requires Unity import audit,Requires Unity import audit,Requires Unity import audit,Requires Unity import audit,Requires Unity import audit,Requires Unity import audit,0,0,1,1,Assets/UnityTechnologies/Basic Asset Pack Interior/Prefabs/Props/Switch.prefab,Search scene for MeshCollider refs,Requires Unity/scene object dependency audit,,Requires Unity audit,Requires Unity audit,,,Review,High visual/physics QA
Assets/Furniture Mega Pack/FBX/Table/Table37.fbx,21148,20.7 KB,Requires Unity import audit,Requires Unity import audit,Requires Unity import audit,Requires Unity import audit,Requires Unity import audit,Requires Unity import audit,0,0,1,1,Assets/Furniture Mega Pack/Prefabs/Tables/Table37.prefab,Search scene for MeshCollider refs,Requires Unity/scene object dependency audit,,Requires Unity audit,Requires Unity audit,,,Review,High visual/physics QA
Assets/LowPolyLivingRoomPack/Meshes/Vase_3.fbx,21148,20.7 KB,Requires Unity import audit,Requires Unity import audit,Requires Unity import audit,Requires Unity import audit,Requires Unity import audit,Requires Unity import audit,0,0,1,1,Assets/LowPolyLivingRoomPack/Prefabs/Vase_3.prefab,Search scene for MeshCollider refs,Requires Unity/scene object dependency audit,,Requires Unity audit,Requires Unity audit,,,Review,High visual/physics QA
Assets/LowPolyLivingRoomPack/Meshes/Night_stand_4.fbx,21148,20.7 KB,Requires Unity import audit,Requires Unity import audit,Requires Unity import audit,Requires Unity import audit,Requires Unity import audit,Requires Unity import audit,0,0,1,1,Assets/LowPolyLivingRoomPack/Prefabs/Night_stand_4.prefab,Search scene for MeshCollider refs,Requires Unity/scene object dependency audit,,Requires Unity audit,Requires Unity audit,,,Review,High visual/physics QA
Assets/Pandazole_Ultimate_Pack/Pandazole Farm Ranch Pack/Models/Prop_WoodenBox_06.fbx,21148,20.7 KB,Requires Unity import audit,Requires Unity import audit,Requires Unity import audit,Requires Unity import audit,Requires Unity import audit,Requires Unity import audit,0,0,1,1,Assets/Pandazole_Ultimate_Pack/Pandazole Farm Ranch Pack/Prefabs/Prop_WoodenBox_06.prefab,Search scene for MeshCollider refs,Requires Unity/scene object dependency audit,,Requires Unity audit,Requires Unity audit,,,Review,High visual/physics QA
Assets/LowPolyLivingRoomPack/Meshes/Nightstand_1.fbx,21100,20.6 KB,Requires Unity import audit,Requires Unity import audit,Requires Unity import audit,Requires Unity import audit,Requires Unity import audit,Requires Unity import audit,0,0,1,1,Assets/LowPolyLivingRoomPack/Prefabs/Nightstand_1.prefab,Search scene for MeshCollider refs,Requires Unity/scene object dependency audit,,Requires Unity audit,Requires Unity audit,,,Review,High visual/physics QA
Assets/Pandazole_Ultimate_Pack/Pandazole Farm Ranch Pack/Models/Prop_WoodenCrates_02.fbx,21068,20.6 KB,Requires Unity import audit,Requires Unity import audit,Requires Unity import audit,Requires Unity import audit,Requires Unity import audit,Requires Unity import audit,0,0,1,1,Assets/Pandazole_Ultimate_Pack/Pandazole Farm Ranch Pack/Prefabs/Prop_WoodenCrates_02.prefab,Search scene for MeshCollider refs,Requires Unity/scene object dependency audit,,Requires Unity audit,Requires Unity audit,,,Review,High visual/physics QA
Assets/Food Pack-Demo/Mesh/Doughnut D.fbx,21036,20.5 KB,Requires Unity import audit,Requires Unity import audit,Requires Unity import audit,Requires Unity import audit,Requires Unity import audit,Requires Unity import audit,0,0,0,0,Assets/Food Pack-Demo/Prefabs with colliders/Doughnut D.prefab; Assets/Food Pack-Demo/Prefabs/Doughnut D.prefab,Search scene for MeshCollider refs,Requires Unity/scene object dependency audit,,Requires Unity audit,Requires Unity audit,,,Review,High visual/physics QA
Assets/Pandazole_Ultimate_Pack/Pandazole Farm Ranch Pack/Models/Prop_WoodenBox_05.fbx,20956,20.5 KB,Requires Unity import audit,Requires Unity import audit,Requires Unity import audit,Requires Unity import audit,Requires Unity import audit,Requires Unity import audit,0,0,1,1,Assets/Pandazole_Ultimate_Pack/Pandazole Farm Ranch Pack/Prefabs/Prop_WoodenBox_05.prefab,Search scene for MeshCollider refs,Requires Unity/scene object dependency audit,,Requires Unity audit,Requires Unity audit,,,Review,High visual/physics QA
Assets/Furniture Mega Pack/FBX/Table/Table07.fbx,20940,20.4 KB,Requires Unity import audit,Requires Unity import audit,Requires Unity import audit,Requires Unity import audit,Requires Unity import audit,Requires Unity import audit,0,0,1,1,Assets/Furniture Mega Pack/Prefabs/Tables/Table07.prefab,Search scene for MeshCollider refs,Requires Unity/scene object dependency audit,,Requires Unity audit,Requires Unity audit,,,Review,High visual/physics QA
Assets/DevDen Arch Viz Scotland/Models/Kitchen Room/knife1.fbx,20892,20.4 KB,Requires Unity import audit,Requires Unity import audit,Requires Unity import audit,Requires Unity import audit,Requires Unity import audit,Requires Unity import audit,1,0,0,0,Assets/DevDen Arch Viz Scotland/Prefabs/Kitchen Room/knife-block.prefab; Assets/DevDen Arch Viz Scotland/Scenes/ArchViz.unity,Search scene for MeshCollider refs,Requires Unity/scene object dependency audit,,Requires Unity audit,Requires Unity audit,,,Review,High visual/physics QA
Assets/LowPolyLivingRoomPack/Meshes/Vase_1.fbx,20860,20.4 KB,Requires Unity import audit,Requires Unity import audit,Requires Unity import audit,Requires Unity import audit,Requires Unity import audit,Requires Unity import audit,0,0,1,1,Assets/LowPolyLivingRoomPack/Prefabs/Vase_1.prefab,Search scene for MeshCollider refs,Requires Unity/scene object dependency audit,,Requires Unity audit,Requires Unity audit,,,Review,High visual/physics QA
Assets/Pandazole_Ultimate_Pack/Pandazole Farm Ranch Pack/Models/Env_WoodFence_06.fbx,20828,20.3 KB,Requires Unity import audit,Requires Unity import audit,Requires Unity import audit,Requires Unity import audit,Requires Unity import audit,Requires Unity import audit,0,0,1,1,Assets/Pandazole_Ultimate_Pack/Pandazole Farm Ranch Pack/Prefabs/Env_WoodFence_06.prefab,Search scene for MeshCollider refs,Requires Unity/scene object dependency audit,,Requires Unity audit,Requires Unity audit,,,Review,High visual/physics QA
Assets/Pandazole_Ultimate_Pack/Pandazole Farm Ranch Pack/Models/Prop_Haystack_03.fbx,20828,20.3 KB,Requires Unity import audit,Requires Unity import audit,Requires Unity import audit,Requires Unity import audit,Requires Unity import audit,Requires Unity import audit,0,0,1,1,Assets/Pandazole_Ultimate_Pack/Pandazole Farm Ranch Pack/Prefabs/Prop_Haystack_03.prefab,Search scene for MeshCollider refs,Requires Unity/scene object dependency audit,,Requires Unity audit,Requires Unity audit,,,Review,High visual/physics QA
Assets/LowPolyLivingRoomPack/Meshes/Bookshelf_Tall.fbx,20796,20.3 KB,Requires Unity import audit,Requires Unity import audit,Requires Unity import audit,Requires Unity import audit,Requires Unity import audit,Requires Unity import audit,0,0,1,1,Assets/LowPolyLivingRoomPack/Prefabs/Bookshelf_Tall.prefab,Search scene for MeshCollider refs,Requires Unity/scene object dependency audit,,Requires Unity audit,Requires Unity audit,,,Review,High visual/physics QA
Assets/Food Pack-Demo/Mesh/Bell pepper green.fbx,20780,20.3 KB,Requires Unity import audit,Requires Unity import audit,Requires Unity import audit,Requires Unity import audit,Requires Unity import audit,Requires Unity import audit,0,0,0,0,Assets/Food Pack-Demo/Prefabs with colliders/Bell pepper green.prefab; Assets/Food Pack-Demo/Prefabs/Bell pepper green.prefab,Search scene for MeshCollider refs,Requires Unity/scene object dependency audit,,Requires Unity audit,Requires Unity audit,,,Review,High visual/physics QA
Assets/Pandazole_Ultimate_Pack/Pandazole Farm Ranch Pack/Models/Prop_Pallete_02.fbx,20764,20.3 KB,Requires Unity import audit,Requires Unity import audit,Requires Unity import audit,Requires Unity import audit,Requires Unity import audit,Requires Unity import audit,0,0,1,1,Assets/Pandazole_Ultimate_Pack/Pandazole Farm Ranch Pack/Prefabs/Prop_Pallete_02.prefab,Search scene for MeshCollider refs,Requires Unity/scene object dependency audit,,Requires Unity audit,Requires Unity audit,,,Review,High visual/physics QA
Assets/UnityTechnologies/Basic Asset Pack Interior/Models/ShelfWallSmall.FBX,20736,20.2 KB,Requires Unity import audit,Requires Unity import audit,Requires Unity import audit,Requires Unity import audit,Requires Unity import audit,Requires Unity import audit,0,0,1,1,Assets/UnityTechnologies/Basic Asset Pack Interior/Prefabs/Furniture/ShelfWallSmall.prefab,Search scene for MeshCollider refs,Requires Unity/scene object dependency audit,,Requires Unity audit,Requires Unity audit,,,Review,High visual/physics QA
Assets/Pandazole_Ultimate_Pack/Pandazole Farm Ranch Pack/Models/Prop_Pallete_01.fbx,20732,20.2 KB,Requires Unity import audit,Requires Unity import audit,Requires Unity import audit,Requires Unity import audit,Requires Unity import audit,Requires Unity import audit,0,0,1,1,Assets/Pandazole_Ultimate_Pack/Pandazole Farm Ranch Pack/Prefabs/Prop_Pallete_01.prefab,Search scene for MeshCollider refs,Requires Unity/scene object dependency audit,,Requires Unity audit,Requires Unity audit,,,Review,High visual/physics QA
Assets/SimpleNaturePack/Models/Branch_01.fbx,20652,20.2 KB,Requires Unity import audit,Requires Unity import audit,Requires Unity import audit,Requires Unity import audit,Requires Unity import audit,Requires Unity import audit,0,0,0,0,Assets/SimpleNaturePack/Prefabs/Branch_01.prefab,Search scene for MeshCollider refs,Requires Unity/scene object dependency audit,,Requires Unity audit,Requires Unity audit,,,Review,High visual/physics QA
Assets/Pandazole_Ultimate_Pack/Pandazole Farm Ranch Pack/Models/Prop_Bucket_03.fbx,20636,20.2 KB,Requires Unity import audit,Requires Unity import audit,Requires Unity import audit,Requires Unity import audit,Requires Unity import audit,Requires Unity import audit,0,0,1,1,Assets/Pandazole_Ultimate_Pack/Pandazole Farm Ranch Pack/Prefabs/Prop_Bucket_03.prefab,Search scene for MeshCollider refs,Requires Unity/scene object dependency audit,,Requires Unity audit,Requires Unity audit,,,Review,High visual/physics QA
Assets/LowPolyLivingRoomPack/Meshes/Mirror.fbx,20620,20.1 KB,Requires Unity import audit,Requires Unity import audit,Requires Unity import audit,Requires Unity import audit,Requires Unity import audit,Requires Unity import audit,0,0,1,1,Assets/LowPolyLivingRoomPack/Prefabs/Mirror.prefab,Search scene for MeshCollider refs,Requires Unity/scene object dependency audit,,Requires Unity audit,Requires Unity audit,,,Review,High visual/physics QA
Assets/Furniture Mega Pack/FBX/Table/Table06.fbx,20588,20.1 KB,Requires Unity import audit,Requires Unity import audit,Requires Unity import audit,Requires Unity import audit,Requires Unity import audit,Requires Unity import audit,0,0,1,1,Assets/Furniture Mega Pack/Prefabs/Tables/Table06.prefab,Search scene for MeshCollider refs,Requires Unity/scene object dependency audit,,Requires Unity audit,Requires Unity audit,,,Review,High visual/physics QA
Assets/Furniture Mega Pack/FBX/Table/Table03.fbx,20572,20.1 KB,Requires Unity import audit,Requires Unity import audit,Requires Unity import audit,Requires Unity import audit,Requires Unity import audit,Requires Unity import audit,0,0,1,1,Assets/Furniture Mega Pack/Prefabs/Tables/Table03.prefab,Search scene for MeshCollider refs,Requires Unity/scene object dependency audit,,Requires Unity audit,Requires Unity audit,,,Review,High visual/physics QA
Assets/Pandazole_Ultimate_Pack/Pandazole Farm Ranch Pack/Models/Prop_WoodenCrates_04.fbx,20524,20.0 KB,Requires Unity import audit,Requires Unity import audit,Requires Unity import audit,Requires Unity import audit,Requires Unity import audit,Requires Unity import audit,0,0,1,1,Assets/Pandazole_Ultimate_Pack/Pandazole Farm Ranch Pack/Prefabs/Prop_WoodenCrates_04.prefab,Search scene for MeshCollider refs,Requires Unity/scene object dependency audit,,Requires Unity audit,Requires Unity audit,,,Review,High visual/physics QA
Assets/Pandazole_Ultimate_Pack/Pandazole Farm Ranch Pack/Models/Env_WoodFence_01.fbx,20508,20.0 KB,Requires Unity import audit,Requires Unity import audit,Requires Unity import audit,Requires Unity import audit,Requires Unity import audit,Requires Unity import audit,0,0,1,1,Assets/Pandazole_Ultimate_Pack/Pandazole Farm Ranch Pack/Prefabs/Env_WoodFence_01.prefab,Search scene for MeshCollider refs,Requires Unity/scene object dependency audit,,Requires Unity audit,Requires Unity audit,,,Review,High visual/physics QA
Assets/LowPolyLivingRoomPack/Meshes/Night_stand_2.fbx,20476,20.0 KB,Requires Unity import audit,Requires Unity import audit,Requires Unity import audit,Requires Unity import audit,Requires Unity import audit,Requires Unity import audit,0,0,1,1,Assets/LowPolyLivingRoomPack/Prefabs/Night_stand_2.prefab,Search scene for MeshCollider refs,Requires Unity/scene object dependency audit,,Requires Unity audit,Requires Unity audit,,,Review,High visual/physics QA
Assets/UnityTechnologies/Basic Asset Pack Interior/Models/ShelvesMediumA.FBX,20464,20.0 KB,Requires Unity import audit,Requires Unity import audit,Requires Unity import audit,Requires Unity import audit,Requires Unity import audit,Requires Unity import audit,0,0,1,1,Assets/UnityTechnologies/Basic Asset Pack Interior/Prefabs/Furniture/ShelvesMediumA.prefab,Search scene for MeshCollider refs,Requires Unity/scene object dependency audit,,Requires Unity audit,Requires Unity audit,,,Review,High visual/physics QA
Assets/Pandazole_Ultimate_Pack/Pandazole Farm Ranch Pack/Models/Env_WoodFence_02.fbx,20412,19.9 KB,Requires Unity import audit,Requires Unity import audit,Requires Unity import audit,Requires Unity import audit,Requires Unity import audit,Requires Unity import audit,0,0,1,1,Assets/Pandazole_Ultimate_Pack/Pandazole Farm Ranch Pack/Prefabs/Env_WoodFence_02.prefab,Search scene for MeshCollider refs,Requires Unity/scene object dependency audit,,Requires Unity audit,Requires Unity audit,,,Review,High visual/physics QA
Assets/LowPolyLivingRoomPack/Meshes/Mug.fbx,20396,19.9 KB,Requires Unity import audit,Requires Unity import audit,Requires Unity import audit,Requires Unity import audit,Requires Unity import audit,Requires Unity import audit,0,0,1,1,Assets/LowPolyLivingRoomPack/Prefabs/Mug.prefab,Search scene for MeshCollider refs,Requires Unity/scene object dependency audit,,Requires Unity audit,Requires Unity audit,,,Review,High visual/physics QA
Assets/LowPolyLivingRoomPack/Meshes/Night_stand_1.fbx,20332,19.9 KB,Requires Unity import audit,Requires Unity import audit,Requires Unity import audit,Requires Unity import audit,Requires Unity import audit,Requires Unity import audit,0,0,1,1,Assets/LowPolyLivingRoomPack/Prefabs/Night_stand_1.prefab,Search scene for MeshCollider refs,Requires Unity/scene object dependency audit,,Requires Unity audit,Requires Unity audit,,,Review,High visual/physics QA
Assets/LowPolyLivingRoomPack/Meshes/Newspaper.fbx,20252,19.8 KB,Requires Unity import audit,Requires Unity import audit,Requires Unity import audit,Requires Unity import audit,Requires Unity import audit,Requires Unity import audit,0,0,1,1,Assets/LowPolyLivingRoomPack/Prefabs/Newspaper.prefab,Search scene for MeshCollider refs,Requires Unity/scene object dependency audit,,Requires Unity audit,Requires Unity audit,,,Review,High visual/physics QA
Assets/SubstanceAssets/LittleGamesPack/Models/Cards/Card_Diamond8.fbx,20252,19.8 KB,Requires Unity import audit,Requires Unity import audit,Requires Unity import audit,Requires Unity import audit,Requires Unity import audit,Requires Unity import audit,0,0,1,1,Assets/SubstanceAssets/LittleGamesPack/Prefabs/Individual Pieces/Cards/Diamonds/Card_Diamond8.prefab; Assets/SubstanceAssets/LittleGamesPack/Scenes/DemoScene.unity,Search scene for MeshCollider refs,Requires Unity/scene object dependency audit,,Requires Unity audit,Requires Unity audit,,,Review,High visual/physics QA
Assets/SubstanceAssets/LittleGamesPack/Models/Cards/Card_Heart8.fbx,20252,19.8 KB,Requires Unity import audit,Requires Unity import audit,Requires Unity import audit,Requires Unity import audit,Requires Unity import audit,Requires Unity import audit,0,0,1,1,Assets/SubstanceAssets/LittleGamesPack/Prefabs/Individual Pieces/Cards/Hearts/Card_Heart8.prefab; Assets/SubstanceAssets/LittleGamesPack/Scenes/DemoScene.unity,Search scene for MeshCollider refs,Requires Unity/scene object dependency audit,,Requires Unity audit,Requires Unity audit,,,Review,High visual/physics QA
Assets/SubstanceAssets/LittleGamesPack/Models/Cards/Card_Club8.fbx,20236,19.8 KB,Requires Unity import audit,Requires Unity import audit,Requires Unity import audit,Requires Unity import audit,Requires Unity import audit,Requires Unity import audit,0,0,1,1,Assets/SubstanceAssets/LittleGamesPack/Prefabs/Individual Pieces/Cards/Clubs/Card_Club8.prefab; Assets/SubstanceAssets/LittleGamesPack/Scenes/DemoScene.unity,Search scene for MeshCollider refs,Requires Unity/scene object dependency audit,,Requires Unity audit,Requires Unity audit,,,Review,High visual/physics QA
Assets/SubstanceAssets/LittleGamesPack/Models/Cards/Card_Spade10.fbx,20236,19.8 KB,Requires Unity import audit,Requires Unity import audit,Requires Unity import audit,Requires Unity import audit,Requires Unity import audit,Requires Unity import audit,0,0,1,1,Assets/SubstanceAssets/LittleGamesPack/Prefabs/Individual Pieces/Cards/Spades/Card_Spade10.prefab; Assets/SubstanceAssets/LittleGamesPack/Scenes/DemoScene.unity,Search scene for MeshCollider refs,Requires Unity/scene object dependency audit,,Requires Unity audit,Requires Unity audit,,,Review,High visual/physics QA
Assets/SubstanceAssets/LittleGamesPack/Models/Cards/Card_Heart10.fbx,20236,19.8 KB,Requires Unity import audit,Requires Unity import audit,Requires Unity import audit,Requires Unity import audit,Requires Unity import audit,Requires Unity import audit,0,0,1,1,Assets/SubstanceAssets/LittleGamesPack/Prefabs/Individual Pieces/Cards/Hearts/Card_Heart10.prefab; Assets/SubstanceAssets/LittleGamesPack/Scenes/DemoScene.unity,Search scene for MeshCollider refs,Requires Unity/scene object dependency audit,,Requires Unity audit,Requires Unity audit,,,Review,High visual/physics QA
Assets/SubstanceAssets/LittleGamesPack/Models/Cards/Card_Diamond10.fbx,20236,19.8 KB,Requires Unity import audit,Requires Unity import audit,Requires Unity import audit,Requires Unity import audit,Requires Unity import audit,Requires Unity import audit,0,0,1,1,Assets/SubstanceAssets/LittleGamesPack/Prefabs/Individual Pieces/Cards/Diamonds/Card_Diamond10.prefab; Assets/SubstanceAssets/LittleGamesPack/Scenes/DemoScene.unity,Search scene for MeshCollider refs,Requires Unity/scene object dependency audit,,Requires Unity audit,Requires Unity audit,,,Review,High visual/physics QA
Assets/SubstanceAssets/LittleGamesPack/Models/Cards/Card_Spade8.fbx,20236,19.8 KB,Requires Unity import audit,Requires Unity import audit,Requires Unity import audit,Requires Unity import audit,Requires Unity import audit,Requires Unity import audit,0,0,1,1,Assets/SubstanceAssets/LittleGamesPack/Prefabs/Individual Pieces/Cards/Spades/Card_Spade8.prefab; Assets/SubstanceAssets/LittleGamesPack/Scenes/DemoScene.unity,Search scene for MeshCollider refs,Requires Unity/scene object dependency audit,,Requires Unity audit,Requires Unity audit,,,Review,High visual/physics QA
Assets/LowPolyLivingRoomPack/Meshes/Night_stand_3.fbx,20220,19.7 KB,Requires Unity import audit,Requires Unity import audit,Requires Unity import audit,Requires Unity import audit,Requires Unity import audit,Requires Unity import audit,0,0,1,1,Assets/LowPolyLivingRoomPack/Prefabs/Night_stand_3.prefab,Search scene for MeshCollider refs,Requires Unity/scene object dependency audit,,Requires Unity audit,Requires Unity audit,,,Review,High visual/physics QA
Assets/SubstanceAssets/LittleGamesPack/Models/Cards/Card_Club10.fbx,20220,19.7 KB,Requires Unity import audit,Requires Unity import audit,Requires Unity import audit,Requires Unity import audit,Requires Unity import audit,Requires Unity import audit,0,0,1,1,Assets/SubstanceAssets/LittleGamesPack/Prefabs/Individual Pieces/Cards/Clubs/Card_Club10.prefab; Assets/SubstanceAssets/LittleGamesPack/Scenes/DemoScene.unity,Search scene for MeshCollider refs,Requires Unity/scene object dependency audit,,Requires Unity audit,Requires Unity audit,,,Review,High visual/physics QA
Assets/SubstanceAssets/LittleGamesPack/Models/Cards/Card_HeartKing.fbx,20220,19.7 KB,Requires Unity import audit,Requires Unity import audit,Requires Unity import audit,Requires Unity import audit,Requires Unity import audit,Requires Unity import audit,0,0,1,1,Assets/SubstanceAssets/LittleGamesPack/Prefabs/Individual Pieces/Cards/Hearts/Card_HeartKing.prefab; Assets/SubstanceAssets/LittleGamesPack/Scenes/DemoScene.unity,Search scene for MeshCollider refs,Requires Unity/scene object dependency audit,,Requires Unity audit,Requires Unity audit,,,Review,High visual/physics QA
Assets/SubstanceAssets/LittleGamesPack/Models/Cards/Card_Diamond9.fbx,20220,19.7 KB,Requires Unity import audit,Requires Unity import audit,Requires Unity import audit,Requires Unity import audit,Requires Unity import audit,Requires Unity import audit,0,0,1,1,Assets/SubstanceAssets/LittleGamesPack/Prefabs/Individual Pieces/Cards/Diamonds/Card_Diamond9.prefab; Assets/SubstanceAssets/LittleGamesPack/Scenes/DemoScene.unity,Search scene for MeshCollider refs,Requires Unity/scene object dependency audit,,Requires Unity audit,Requires Unity audit,,,Review,High visual/physics QA
Assets/SubstanceAssets/LittleGamesPack/Models/Cards/Card_Heart9.fbx,20220,19.7 KB,Requires Unity import audit,Requires Unity import audit,Requires Unity import audit,Requires Unity import audit,Requires Unity import audit,Requires Unity import audit,0,0,1,1,Assets/SubstanceAssets/LittleGamesPack/Prefabs/Individual Pieces/Cards/Hearts/Card_Heart9.prefab; Assets/SubstanceAssets/LittleGamesPack/Scenes/DemoScene.unity,Search scene for MeshCollider refs,Requires Unity/scene object dependency audit,,Requires Unity audit,Requires Unity audit,,,Review,High visual/physics QA
Assets/SubstanceAssets/LittleGamesPack/Models/Cards/Card_ClubJack.fbx,20220,19.7 KB,Requires Unity import audit,Requires Unity import audit,Requires Unity import audit,Requires Unity import audit,Requires Unity import audit,Requires Unity import audit,0,0,1,1,Assets/SubstanceAssets/LittleGamesPack/Prefabs/Individual Pieces/Cards/Clubs/Card_ClubJack.prefab; Assets/SubstanceAssets/LittleGamesPack/Scenes/DemoScene.unity,Search scene for MeshCollider refs,Requires Unity/scene object dependency audit,,Requires Unity audit,Requires Unity audit,,,Review,High visual/physics QA
Assets/SubstanceAssets/LittleGamesPack/Models/Cards/Card_DiamondKing.fbx,20220,19.7 KB,Requires Unity import audit,Requires Unity import audit,Requires Unity import audit,Requires Unity import audit,Requires Unity import audit,Requires Unity import audit,0,0,1,1,Assets/SubstanceAssets/LittleGamesPack/Prefabs/Individual Pieces/Cards/Diamonds/Card_DiamondKing.prefab; Assets/SubstanceAssets/LittleGamesPack/Scenes/DemoScene.unity,Search scene for MeshCollider refs,Requires Unity/scene object dependency audit,,Requires Unity audit,Requires Unity audit,,,Review,High visual/physics QA
Assets/SubstanceAssets/LittleGamesPack/Models/Cards/Card_HeartJack.fbx,20220,19.7 KB,Requires Unity import audit,Requires Unity import audit,Requires Unity import audit,Requires Unity import audit,Requires Unity import audit,Requires Unity import audit,0,0,1,1,Assets/SubstanceAssets/LittleGamesPack/Prefabs/Individual Pieces/Cards/Hearts/Card_HeartJack.prefab; Assets/SubstanceAssets/LittleGamesPack/Scenes/DemoScene.unity,Search scene for MeshCollider refs,Requires Unity/scene object dependency audit,,Requires Unity audit,Requires Unity audit,,,Review,High visual/physics QA
Assets/SubstanceAssets/LittleGamesPack/Models/Cards/Card_SpadeJack.fbx,20220,19.7 KB,Requires Unity import audit,Requires Unity import audit,Requires Unity import audit,Requires Unity import audit,Requires Unity import audit,Requires Unity import audit,0,0,1,1,Assets/SubstanceAssets/LittleGamesPack/Prefabs/Individual Pieces/Cards/Spades/Card_SpadeJack.prefab; Assets/SubstanceAssets/LittleGamesPack/Scenes/DemoScene.unity,Search scene for MeshCollider refs,Requires Unity/scene object dependency audit,,Requires Unity audit,Requires Unity audit,,,Review,High visual/physics QA
Assets/SubstanceAssets/LittleGamesPack/Models/Cards/Card_Spade9.fbx,20220,19.7 KB,Requires Unity import audit,Requires Unity import audit,Requires Unity import audit,Requires Unity import audit,Requires Unity import audit,Requires Unity import audit,0,0,1,1,Assets/SubstanceAssets/LittleGamesPack/Prefabs/Individual Pieces/Cards/Spades/Card_Spade9.prefab; Assets/SubstanceAssets/LittleGamesPack/Scenes/DemoScene.unity,Search scene for MeshCollider refs,Requires Unity/scene object dependency audit,,Requires Unity audit,Requires Unity audit,,,Review,High visual/physics QA
Assets/SubstanceAssets/LittleGamesPack/Models/Cards/Card_DiamondJack.fbx,20220,19.7 KB,Requires Unity import audit,Requires Unity import audit,Requires Unity import audit,Requires Unity import audit,Requires Unity import audit,Requires Unity import audit,0,0,1,1,Assets/SubstanceAssets/LittleGamesPack/Prefabs/Individual Pieces/Cards/Diamonds/Card_DiamondJack.prefab; Assets/SubstanceAssets/LittleGamesPack/Scenes/DemoScene.unity,Search scene for MeshCollider refs,Requires Unity/scene object dependency audit,,Requires Unity audit,Requires Unity audit,,,Review,High visual/physics QA
Assets/Pandazole_Ultimate_Pack/Pandazole Farm Ranch Pack/Models/Env_WaterLand_05.fbx,20220,19.7 KB,Requires Unity import audit,Requires Unity import audit,Requires Unity import audit,Requires Unity import audit,Requires Unity import audit,Requires Unity import audit,0,0,1,1,Assets/Pandazole_Ultimate_Pack/Pandazole Farm Ranch Pack/Prefabs/Env_WaterLand_05.prefab,Search scene for MeshCollider refs,Requires Unity/scene object dependency audit,,Requires Unity audit,Requires Unity audit,,,Review,High visual/physics QA
Assets/SubstanceAssets/LittleGamesPack/Models/Cards/Card_Club9.fbx,20204,19.7 KB,Requires Unity import audit,Requires Unity import audit,Requires Unity import audit,Requires Unity import audit,Requires Unity import audit,Requires Unity import audit,0,0,1,1,Assets/SubstanceAssets/LittleGamesPack/Prefabs/Individual Pieces/Cards/Clubs/Card_Club9.prefab; Assets/SubstanceAssets/LittleGamesPack/Scenes/DemoScene.unity,Search scene for MeshCollider refs,Requires Unity/scene object dependency audit,,Requires Unity audit,Requires Unity audit,,,Review,High visual/physics QA
Assets/SubstanceAssets/LittleGamesPack/Models/Cards/Card_SpadeKing.fbx,20204,19.7 KB,Requires Unity import audit,Requires Unity import audit,Requires Unity import audit,Requires Unity import audit,Requires Unity import audit,Requires Unity import audit,0,0,1,1,Assets/SubstanceAssets/LittleGamesPack/Prefabs/Individual Pieces/Cards/Spades/Card_SpadeKing.prefab; Assets/SubstanceAssets/LittleGamesPack/Scenes/DemoScene.unity,Search scene for MeshCollider refs,Requires Unity/scene object dependency audit,,Requires Unity audit,Requires Unity audit,,,Review,High visual/physics QA
Assets/SubstanceAssets/LittleGamesPack/Models/Cards/Card_ClubQueen.fbx,20188,19.7 KB,Requires Unity import audit,Requires Unity import audit,Requires Unity import audit,Requires Unity import audit,Requires Unity import audit,Requires Unity import audit,0,0,1,1,Assets/SubstanceAssets/LittleGamesPack/Prefabs/Individual Pieces/Cards/Clubs/Card_ClubQueen.prefab; Assets/SubstanceAssets/LittleGamesPack/Scenes/DemoScene.unity,Search scene for MeshCollider refs,Requires Unity/scene object dependency audit,,Requires Unity audit,Requires Unity audit,,,Review,High visual/physics QA
Assets/SubstanceAssets/LittleGamesPack/Models/Cards/Card_DiamondAce.fbx,20188,19.7 KB,Requires Unity import audit,Requires Unity import audit,Requires Unity import audit,Requires Unity import audit,Requires Unity import audit,Requires Unity import audit,0,0,1,1,Assets/SubstanceAssets/LittleGamesPack/Prefabs/Individual Pieces/Cards/Diamonds/Card_DiamondAce.prefab; Assets/SubstanceAssets/LittleGamesPack/Scenes/DemoScene.unity,Search scene for MeshCollider refs,Requires Unity/scene object dependency audit,,Requires Unity audit,Requires Unity audit,,,Review,High visual/physics QA
Assets/SubstanceAssets/LittleGamesPack/Models/Cards/Card_HeartAce.fbx,20188,19.7 KB,Requires Unity import audit,Requires Unity import audit,Requires Unity import audit,Requires Unity import audit,Requires Unity import audit,Requires Unity import audit,0,0,1,1,Assets/SubstanceAssets/LittleGamesPack/Prefabs/Individual Pieces/Cards/Hearts/Card_HeartAce.prefab; Assets/SubstanceAssets/LittleGamesPack/Scenes/DemoScene.unity,Search scene for MeshCollider refs,Requires Unity/scene object dependency audit,,Requires Unity audit,Requires Unity audit,,,Review,High visual/physics QA
Assets/SubstanceAssets/LittleGamesPack/Models/Cards/Card_DiamondQueen.fbx,20188,19.7 KB,Requires Unity import audit,Requires Unity import audit,Requires Unity import audit,Requires Unity import audit,Requires Unity import audit,Requires Unity import audit,0,0,1,1,Assets/SubstanceAssets/LittleGamesPack/Prefabs/Individual Pieces/Cards/Diamonds/Card_DiamondQueen.prefab; Assets/SubstanceAssets/LittleGamesPack/Scenes/DemoScene.unity,Search scene for MeshCollider refs,Requires Unity/scene object dependency audit,,Requires Unity audit,Requires Unity audit,,,Review,High visual/physics QA
Assets/SubstanceAssets/LittleGamesPack/Models/Cards/Card_Diamond6.fbx,20188,19.7 KB,Requires Unity import audit,Requires Unity import audit,Requires Unity import audit,Requires Unity import audit,Requires Unity import audit,Requires Unity import audit,0,0,1,1,Assets/SubstanceAssets/LittleGamesPack/Prefabs/Individual Pieces/Cards/Diamonds/Card_Diamond6.prefab; Assets/SubstanceAssets/LittleGamesPack/Scenes/DemoScene.unity,Search scene for MeshCollider refs,Requires Unity/scene object dependency audit,,Requires Unity audit,Requires Unity audit,,,Review,High visual/physics QA
Assets/SubstanceAssets/LittleGamesPack/Models/Cards/Card_Heart4.fbx,20188,19.7 KB,Requires Unity import audit,Requires Unity import audit,Requires Unity import audit,Requires Unity import audit,Requires Unity import audit,Requires Unity import audit,0,0,1,1,Assets/SubstanceAssets/LittleGamesPack/Prefabs/Individual Pieces/Cards/Hearts/Card_Heart4.prefab; Assets/SubstanceAssets/LittleGamesPack/Scenes/DemoScene.unity,Search scene for MeshCollider refs,Requires Unity/scene object dependency audit,,Requires Unity audit,Requires Unity audit,,,Review,High visual/physics QA
Assets/SubstanceAssets/LittleGamesPack/Models/Cards/Card_Heart6.fbx,20188,19.7 KB,Requires Unity import audit,Requires Unity import audit,Requires Unity import audit,Requires Unity import audit,Requires Unity import audit,Requires Unity import audit,0,0,1,1,Assets/SubstanceAssets/LittleGamesPack/Prefabs/Individual Pieces/Cards/Hearts/Card_Heart6.prefab; Assets/SubstanceAssets/LittleGamesPack/Scenes/DemoScene.unity,Search scene for MeshCollider refs,Requires Unity/scene object dependency audit,,Requires Unity audit,Requires Unity audit,,,Review,High visual/physics QA
Assets/SubstanceAssets/LittleGamesPack/Models/Cards/Card_Diamond4.fbx,20188,19.7 KB,Requires Unity import audit,Requires Unity import audit,Requires Unity import audit,Requires Unity import audit,Requires Unity import audit,Requires Unity import audit,0,0,1,1,Assets/SubstanceAssets/LittleGamesPack/Prefabs/Individual Pieces/Cards/Diamonds/Card_Diamond4.prefab; Assets/SubstanceAssets/LittleGamesPack/Scenes/DemoScene.unity,Search scene for MeshCollider refs,Requires Unity/scene object dependency audit,,Requires Unity audit,Requires Unity audit,,,Review,High visual/physics QA
Assets/SubstanceAssets/LittleGamesPack/Models/Cards/Card_HeartQueen.fbx,20188,19.7 KB,Requires Unity import audit,Requires Unity import audit,Requires Unity import audit,Requires Unity import audit,Requires Unity import audit,Requires Unity import audit,0,0,1,1,Assets/SubstanceAssets/LittleGamesPack/Prefabs/Individual Pieces/Cards/Hearts/Card_HeartQueen.prefab; Assets/SubstanceAssets/LittleGamesPack/Scenes/DemoScene.unity,Search scene for MeshCollider refs,Requires Unity/scene object dependency audit,,Requires Unity audit,Requires Unity audit,,,Review,High visual/physics QA
Assets/UnityTechnologies/Basic Asset Pack Interior/Models/BenchDinning.FBX,20176,19.7 KB,Requires Unity import audit,Requires Unity import audit,Requires Unity import audit,Requires Unity import audit,Requires Unity import audit,Requires Unity import audit,0,0,1,1,Assets/UnityTechnologies/Basic Asset Pack Interior/Prefabs/Furniture/BenchDinning.prefab,Search scene for MeshCollider refs,Requires Unity/scene object dependency audit,,Requires Unity audit,Requires Unity audit,,,Review,High visual/physics QA
Assets/SubstanceAssets/LittleGamesPack/Models/Cards/Card_Spade6.fbx,20172,19.7 KB,Requires Unity import audit,Requires Unity import audit,Requires Unity import audit,Requires Unity import audit,Requires Unity import audit,Requires Unity import audit,0,0,1,1,Assets/SubstanceAssets/LittleGamesPack/Prefabs/Individual Pieces/Cards/Spades/Card_Spade6.prefab; Assets/SubstanceAssets/LittleGamesPack/Scenes/DemoScene.unity,Search scene for MeshCollider refs,Requires Unity/scene object dependency audit,,Requires Unity audit,Requires Unity audit,,,Review,High visual/physics QA
Assets/SubstanceAssets/LittleGamesPack/Models/Cards/Card_Spade4.fbx,20172,19.7 KB,Requires Unity import audit,Requires Unity import audit,Requires Unity import audit,Requires Unity import audit,Requires Unity import audit,Requires Unity import audit,0,0,1,1,Assets/SubstanceAssets/LittleGamesPack/Prefabs/Individual Pieces/Cards/Spades/Card_Spade4.prefab; Assets/SubstanceAssets/LittleGamesPack/Scenes/DemoScene.unity,Search scene for MeshCollider refs,Requires Unity/scene object dependency audit,,Requires Unity audit,Requires Unity audit,,,Review,High visual/physics QA
Assets/SubstanceAssets/LittleGamesPack/Models/Cards/Card_SpadeQueen.fbx,20172,19.7 KB,Requires Unity import audit,Requires Unity import audit,Requires Unity import audit,Requires Unity import audit,Requires Unity import audit,Requires Unity import audit,0,0,1,1,Assets/SubstanceAssets/LittleGamesPack/Prefabs/Individual Pieces/Cards/Spades/Card_SpadeQueen.prefab; Assets/SubstanceAssets/LittleGamesPack/Scenes/DemoScene.unity,Search scene for MeshCollider refs,Requires Unity/scene object dependency audit,,Requires Unity audit,Requires Unity audit,,,Review,High visual/physics QA
Assets/SubstanceAssets/LittleGamesPack/Models/Cards/Card_SpadeAce.fbx,20172,19.7 KB,Requires Unity import audit,Requires Unity import audit,Requires Unity import audit,Requires Unity import audit,Requires Unity import audit,Requires Unity import audit,0,0,1,1,Assets/SubstanceAssets/LittleGamesPack/Prefabs/Individual Pieces/Cards/Spades/Card_SpadeAce.prefab; Assets/SubstanceAssets/LittleGamesPack/Scenes/DemoScene.unity,Search scene for MeshCollider refs,Requires Unity/scene object dependency audit,,Requires Unity audit,Requires Unity audit,,,Review,High visual/physics QA
Assets/SubstanceAssets/LittleGamesPack/Models/Cards/Card_Club6.fbx,20172,19.7 KB,Requires Unity import audit,Requires Unity import audit,Requires Unity import audit,Requires Unity import audit,Requires Unity import audit,Requires Unity import audit,0,0,1,1,Assets/SubstanceAssets/LittleGamesPack/Prefabs/Individual Pieces/Cards/Clubs/Card_Club6.prefab; Assets/SubstanceAssets/LittleGamesPack/Scenes/DemoScene.unity,Search scene for MeshCollider refs,Requires Unity/scene object dependency audit,,Requires Unity audit,Requires Unity audit,,,Review,High visual/physics QA
Assets/SubstanceAssets/LittleGamesPack/Models/Cards/Card_Club4.fbx,20172,19.7 KB,Requires Unity import audit,Requires Unity import audit,Requires Unity import audit,Requires Unity import audit,Requires Unity import audit,Requires Unity import audit,0,0,1,1,Assets/SubstanceAssets/LittleGamesPack/Prefabs/Individual Pieces/Cards/Clubs/Card_Club4.prefab; Assets/SubstanceAssets/LittleGamesPack/Scenes/DemoScene.unity,Search scene for MeshCollider refs,Requires Unity/scene object dependency audit,,Requires Unity audit,Requires Unity audit,,,Review,High visual/physics QA
Assets/Food Pack-Demo/Mesh/Swirl lollipop C.fbx,20172,19.7 KB,Requires Unity import audit,Requires Unity import audit,Requires Unity import audit,Requires Unity import audit,Requires Unity import audit,Requires Unity import audit,0,0,0,0,Assets/Food Pack-Demo/Prefabs with colliders/Swirl lollipop C.prefab; Assets/Food Pack-Demo/Prefabs/Swirl lollipop C.prefab,Search scene for MeshCollider refs,Requires Unity/scene object dependency audit,,Requires Unity audit,Requires Unity audit,,,Review,High visual/physics QA
Assets/SubstanceAssets/LittleGamesPack/Models/Cards/Card_Spade2.fbx,20156,19.7 KB,Requires Unity import audit,Requires Unity import audit,Requires Unity import audit,Requires Unity import audit,Requires Unity import audit,Requires Unity import audit,0,0,1,1,Assets/SubstanceAssets/LittleGamesPack/Prefabs/Individual Pieces/Cards/Spades/Card_Spade2.prefab; Assets/SubstanceAssets/LittleGamesPack/Scenes/DemoScene.unity,Search scene for MeshCollider refs,Requires Unity/scene object dependency audit,,Requires Unity audit,Requires Unity audit,,,Review,High visual/physics QA
Assets/SubstanceAssets/LittleGamesPack/Models/Cards/Card_Club2.fbx,20156,19.7 KB,Requires Unity import audit,Requires Unity import audit,Requires Unity import audit,Requires Unity import audit,Requires Unity import audit,Requires Unity import audit,0,0,1,1,Assets/SubstanceAssets/LittleGamesPack/Prefabs/Individual Pieces/Cards/Clubs/Card_Club2.prefab; Assets/SubstanceAssets/LittleGamesPack/Scenes/DemoScene.unity,Search scene for MeshCollider refs,Requires Unity/scene object dependency audit,,Requires Unity audit,Requires Unity audit,,,Review,High visual/physics QA
Assets/SubstanceAssets/LittleGamesPack/Models/Cards/Card_Heart2.fbx,20156,19.7 KB,Requires Unity import audit,Requires Unity import audit,Requires Unity import audit,Requires Unity import audit,Requires Unity import audit,Requires Unity import audit,0,0,1,1,Assets/SubstanceAssets/LittleGamesPack/Prefabs/Individual Pieces/Cards/Hearts/Card_Heart2.prefab; Assets/SubstanceAssets/LittleGamesPack/Scenes/DemoScene.unity,Search scene for MeshCollider refs,Requires Unity/scene object dependency audit,,Requires Unity audit,Requires Unity audit,,,Review,High visual/physics QA
Assets/SubstanceAssets/LittleGamesPack/Models/Cards/Card_Diamond2.fbx,20156,19.7 KB,Requires Unity import audit,Requires Unity import audit,Requires Unity import audit,Requires Unity import audit,Requires Unity import audit,Requires Unity import audit,0,0,1,1,Assets/SubstanceAssets/LittleGamesPack/Prefabs/Individual Pieces/Cards/Diamonds/Card_Diamond2.prefab; Assets/SubstanceAssets/LittleGamesPack/Scenes/DemoScene.unity,Search scene for MeshCollider refs,Requires Unity/scene object dependency audit,,Requires Unity audit,Requires Unity audit,,,Review,High visual/physics QA
Assets/SubstanceAssets/LittleGamesPack/Models/Cards/Card_Heart5.fbx,20140,19.7 KB,Requires Unity import audit,Requires Unity import audit,Requires Unity import audit,Requires Unity import audit,Requires Unity import audit,Requires Unity import audit,0,0,1,1,Assets/SubstanceAssets/LittleGamesPack/Prefabs/Individual Pieces/Cards/Hearts/Card_Heart5.prefab; Assets/SubstanceAssets/LittleGamesPack/Scenes/DemoScene.unity,Search scene for MeshCollider refs,Requires Unity/scene object dependency audit,,Requires Unity audit,Requires Unity audit,,,Review,High visual/physics QA
Assets/SubstanceAssets/LittleGamesPack/Models/Cards/Card_Diamond7.fbx,20140,19.7 KB,Requires Unity import audit,Requires Unity import audit,Requires Unity import audit,Requires Unity import audit,Requires Unity import audit,Requires Unity import audit,0,0,1,1,Assets/SubstanceAssets/LittleGamesPack/Prefabs/Individual Pieces/Cards/Diamonds/Card_Diamond7.prefab; Assets/SubstanceAssets/LittleGamesPack/Scenes/DemoScene.unity,Search scene for MeshCollider refs,Requires Unity/scene object dependency audit,,Requires Unity audit,Requires Unity audit,,,Review,High visual/physics QA
Assets/SubstanceAssets/LittleGamesPack/Models/Cards/Card_Diamond5.fbx,20140,19.7 KB,Requires Unity import audit,Requires Unity import audit,Requires Unity import audit,Requires Unity import audit,Requires Unity import audit,Requires Unity import audit,0,0,1,1,Assets/SubstanceAssets/LittleGamesPack/Prefabs/Individual Pieces/Cards/Diamonds/Card_Diamond5.prefab; Assets/SubstanceAssets/LittleGamesPack/Scenes/DemoScene.unity,Search scene for MeshCollider refs,Requires Unity/scene object dependency audit,,Requires Unity audit,Requires Unity audit,,,Review,High visual/physics QA
Assets/SubstanceAssets/LittleGamesPack/Models/Cards/Card_Heart7.fbx,20140,19.7 KB,Requires Unity import audit,Requires Unity import audit,Requires Unity import audit,Requires Unity import audit,Requires Unity import audit,Requires Unity import audit,0,0,1,1,Assets/SubstanceAssets/LittleGamesPack/Prefabs/Individual Pieces/Cards/Hearts/Card_Heart7.prefab; Assets/SubstanceAssets/LittleGamesPack/Scenes/DemoScene.unity,Search scene for MeshCollider refs,Requires Unity/scene object dependency audit,,Requires Unity audit,Requires Unity audit,,,Review,High visual/physics QA
Assets/SubstanceAssets/LittleGamesPack/Models/Cards/Card_Club3.fbx,20140,19.7 KB,Requires Unity import audit,Requires Unity import audit,Requires Unity import audit,Requires Unity import audit,Requires Unity import audit,Requires Unity import audit,0,0,1,1,Assets/SubstanceAssets/LittleGamesPack/Prefabs/Individual Pieces/Cards/Clubs/Card_Club3.prefab; Assets/SubstanceAssets/LittleGamesPack/Scenes/DemoScene.unity,Search scene for MeshCollider refs,Requires Unity/scene object dependency audit,,Requires Unity audit,Requires Unity audit,,,Review,High visual/physics QA
Assets/SubstanceAssets/LittleGamesPack/Models/Cards/Card_Heart3.fbx,20140,19.7 KB,Requires Unity import audit,Requires Unity import audit,Requires Unity import audit,Requires Unity import audit,Requires Unity import audit,Requires Unity import audit,0,0,1,1,Assets/SubstanceAssets/LittleGamesPack/Prefabs/Individual Pieces/Cards/Hearts/Card_Heart3.prefab; Assets/SubstanceAssets/LittleGamesPack/Scenes/DemoScene.unity,Search scene for MeshCollider refs,Requires Unity/scene object dependency audit,,Requires Unity audit,Requires Unity audit,,,Review,High visual/physics QA
Assets/SubstanceAssets/LittleGamesPack/Models/Cards/Card_Diamond3.fbx,20140,19.7 KB,Requires Unity import audit,Requires Unity import audit,Requires Unity import audit,Requires Unity import audit,Requires Unity import audit,Requires Unity import audit,0,0,1,1,Assets/SubstanceAssets/LittleGamesPack/Prefabs/Individual Pieces/Cards/Diamonds/Card_Diamond3.prefab; Assets/SubstanceAssets/LittleGamesPack/Scenes/DemoScene.unity,Search scene for MeshCollider refs,Requires Unity/scene object dependency audit,,Requires Unity audit,Requires Unity audit,,,Review,High visual/physics QA
Assets/Pandazole_Ultimate_Pack/Pandazole Farm Ranch Pack/Models/Env_WaterLand_06.fbx,20140,19.7 KB,Requires Unity import audit,Requires Unity import audit,Requires Unity import audit,Requires Unity import audit,Requires Unity import audit,Requires Unity import audit,0,0,1,1,Assets/Pandazole_Ultimate_Pack/Pandazole Farm Ranch Pack/Prefabs/Env_WaterLand_06.prefab,Search scene for MeshCollider refs,Requires Unity/scene object dependency audit,,Requires Unity audit,Requires Unity audit,,,Review,High visual/physics QA
Assets/Pandazole_Ultimate_Pack/Pandazole Farm Ranch Pack/Models/Env_WaterLand_08.fbx,20140,19.7 KB,Requires Unity import audit,Requires Unity import audit,Requires Unity import audit,Requires Unity import audit,Requires Unity import audit,Requires Unity import audit,0,0,1,1,Assets/Pandazole_Ultimate_Pack/Pandazole Farm Ranch Pack/Prefabs/Env_WaterLand_08.prefab,Search scene for MeshCollider refs,Requires Unity/scene object dependency audit,,Requires Unity audit,Requires Unity audit,,,Review,High visual/physics QA
Assets/SubstanceAssets/LittleGamesPack/Models/Cards/Card_Spade7.fbx,20124,19.7 KB,Requires Unity import audit,Requires Unity import audit,Requires Unity import audit,Requires Unity import audit,Requires Unity import audit,Requires Unity import audit,0,0,1,1,Assets/SubstanceAssets/LittleGamesPack/Prefabs/Individual Pieces/Cards/Spades/Card_Spade7.prefab; Assets/SubstanceAssets/LittleGamesPack/Scenes/DemoScene.unity,Search scene for MeshCollider refs,Requires Unity/scene object dependency audit,,Requires Unity audit,Requires Unity audit,,,Review,High visual/physics QA
Assets/SubstanceAssets/LittleGamesPack/Models/Cards/Card_Spade5.fbx,20124,19.7 KB,Requires Unity import audit,Requires Unity import audit,Requires Unity import audit,Requires Unity import audit,Requires Unity import audit,Requires Unity import audit,0,0,1,1,Assets/SubstanceAssets/LittleGamesPack/Prefabs/Individual Pieces/Cards/Spades/Card_Spade5.prefab; Assets/SubstanceAssets/LittleGamesPack/Scenes/DemoScene.unity,Search scene for MeshCollider refs,Requires Unity/scene object dependency audit,,Requires Unity audit,Requires Unity audit,,,Review,High visual/physics QA
Assets/SubstanceAssets/LittleGamesPack/Models/Cards/Card_Spade3.fbx,20124,19.7 KB,Requires Unity import audit,Requires Unity import audit,Requires Unity import audit,Requires Unity import audit,Requires Unity import audit,Requires Unity import audit,0,0,1,1,Assets/SubstanceAssets/LittleGamesPack/Prefabs/Individual Pieces/Cards/Spades/Card_Spade3.prefab; Assets/SubstanceAssets/LittleGamesPack/Scenes/DemoScene.unity,Search scene for MeshCollider refs,Requires Unity/scene object dependency audit,,Requires Unity audit,Requires Unity audit,,,Review,High visual/physics QA
Assets/SubstanceAssets/LittleGamesPack/Models/Cards/Card_ClubKing.fbx,20124,19.7 KB,Requires Unity import audit,Requires Unity import audit,Requires Unity import audit,Requires Unity import audit,Requires Unity import audit,Requires Unity import audit,0,0,1,1,Assets/SubstanceAssets/LittleGamesPack/Prefabs/Individual Pieces/Cards/Clubs/Card_ClubKing.prefab; Assets/SubstanceAssets/LittleGamesPack/Scenes/DemoScene.unity,Search scene for MeshCollider refs,Requires Unity/scene object dependency audit,,Requires Unity audit,Requires Unity audit,,,Review,High visual/physics QA
Assets/SubstanceAssets/LittleGamesPack/Models/Cards/Card_Club7.fbx,20124,19.7 KB,Requires Unity import audit,Requires Unity import audit,Requires Unity import audit,Requires Unity import audit,Requires Unity import audit,Requires Unity import audit,0,0,1,1,Assets/SubstanceAssets/LittleGamesPack/Prefabs/Individual Pieces/Cards/Clubs/Card_Club7.prefab; Assets/SubstanceAssets/LittleGamesPack/Scenes/DemoScene.unity,Search scene for MeshCollider refs,Requires Unity/scene object dependency audit,,Requires Unity audit,Requires Unity audit,,,Review,High visual/physics QA
Assets/SubstanceAssets/LittleGamesPack/Models/Cards/Card_Club5.fbx,20124,19.7 KB,Requires Unity import audit,Requires Unity import audit,Requires Unity import audit,Requires Unity import audit,Requires Unity import audit,Requires Unity import audit,0,0,1,1,Assets/SubstanceAssets/LittleGamesPack/Prefabs/Individual Pieces/Cards/Clubs/Card_Club5.prefab; Assets/SubstanceAssets/LittleGamesPack/Scenes/DemoScene.unity,Search scene for MeshCollider refs,Requires Unity/scene object dependency audit,,Requires Unity audit,Requires Unity audit,,,Review,High visual/physics QA
Assets/BrokenVector/LowPolyFencePack/Models/Fence Type3 02.dae,20109,19.6 KB,Requires Unity import audit,Requires Unity import audit,Requires Unity import audit,Requires Unity import audit,Requires Unity import audit,Requires Unity import audit,0,0,,,Assets/BrokenVector/LowPolyFencePack/Prefabs/Fence Type3 02.prefab; Assets/BrokenVector/LowPolyFencePack/Scenes/All Fences Example.unity,Search scene for MeshCollider refs,Requires Unity/scene object dependency audit,,Requires Unity audit,Requires Unity audit,,,Review,High visual/physics QA
Assets/Pandazole_Ultimate_Pack/Pandazole Farm Ranch Pack/Models/Env_WoodFence_05.fbx,20108,19.6 KB,Requires Unity import audit,Requires Unity import audit,Requires Unity import audit,Requires Unity import audit,Requires Unity import audit,Requires Unity import audit,0,0,1,1,Assets/Pandazole_Ultimate_Pack/Pandazole Farm Ranch Pack/Prefabs/Env_WoodFence_05.prefab,Search scene for MeshCollider refs,Requires Unity/scene object dependency audit,,Requires Unity audit,Requires Unity audit,,,Review,High visual/physics QA
Assets/SubstanceAssets/LittleGamesPack/Models/Cards/Card_ClubAce.fbx,20092,19.6 KB,Requires Unity import audit,Requires Unity import audit,Requires Unity import audit,Requires Unity import audit,Requires Unity import audit,Requires Unity import audit,0,0,1,1,Assets/SubstanceAssets/LittleGamesPack/Prefabs/Individual Pieces/Cards/Clubs/Card_ClubAce.prefab; Assets/SubstanceAssets/LittleGamesPack/Scenes/DemoScene.unity,Search scene for MeshCollider refs,Requires Unity/scene object dependency audit,,Requires Unity audit,Requires Unity audit,,,Review,High visual/physics QA
Assets/Pandazole_Ultimate_Pack/Pandazole Farm Ranch Pack/Models/Env_WaterLand_07.fbx,20092,19.6 KB,Requires Unity import audit,Requires Unity import audit,Requires Unity import audit,Requires Unity import audit,Requires Unity import audit,Requires Unity import audit,0,0,1,1,Assets/Pandazole_Ultimate_Pack/Pandazole Farm Ranch Pack/Prefabs/Env_WaterLand_07.prefab,Search scene for MeshCollider refs,Requires Unity/scene object dependency audit,,Requires Unity audit,Requires Unity audit,,,Review,High visual/physics QA
Assets/BrokenVector/LowPolyFencePack/Models/Fence Type6 Small.dae,20046,19.6 KB,Requires Unity import audit,Requires Unity import audit,Requires Unity import audit,Requires Unity import audit,Requires Unity import audit,Requires Unity import audit,0,0,,,Assets/BrokenVector/LowPolyFencePack/Prefabs/Fence Type6 Small.prefab; Assets/BrokenVector/LowPolyFencePack/Scenes/All Fences Example.unity,Search scene for MeshCollider refs,Requires Unity/scene object dependency audit,,Requires Unity audit,Requires Unity audit,,,Review,High visual/physics QA
Assets/Pandazole_Ultimate_Pack/Pandazole Farm Ranch Pack/Models/Env_GrassPlant_06.fbx,20044,19.6 KB,Requires Unity import audit,Requires Unity import audit,Requires Unity import audit,Requires Unity import audit,Requires Unity import audit,Requires Unity import audit,0,0,1,1,Assets/Pandazole_Ultimate_Pack/Pandazole Farm Ranch Pack/Prefabs/Env_GrassPlant_06.prefab,Search scene for MeshCollider refs,Requires Unity/scene object dependency audit,,Requires Unity audit,Requires Unity audit,,,Review,High visual/physics QA
Assets/Furniture Mega Pack/FBX/Table/Table02.fbx,20012,19.5 KB,Requires Unity import audit,Requires Unity import audit,Requires Unity import audit,Requires Unity import audit,Requires Unity import audit,Requires Unity import audit,0,0,1,1,Assets/Furniture Mega Pack/Prefabs/Tables/Table02.prefab,Search scene for MeshCollider refs,Requires Unity/scene object dependency audit,,Requires Unity audit,Requires Unity audit,,,Review,High visual/physics QA
Assets/Furniture Mega Pack/FBX/Table/Table34.fbx,19996,19.5 KB,Requires Unity import audit,Requires Unity import audit,Requires Unity import audit,Requires Unity import audit,Requires Unity import audit,Requires Unity import audit,0,0,1,1,Assets/Furniture Mega Pack/Prefabs/Tables/Table34.prefab,Search scene for MeshCollider refs,Requires Unity/scene object dependency audit,,Requires Unity audit,Requires Unity audit,,,Review,High visual/physics QA
Assets/Furniture Mega Pack/FBX/Table/Table01.fbx,19980,19.5 KB,Requires Unity import audit,Requires Unity import audit,Requires Unity import audit,Requires Unity import audit,Requires Unity import audit,Requires Unity import audit,0,0,1,1,Assets/Furniture Mega Pack/Prefabs/Tables/Table01.prefab,Search scene for MeshCollider refs,Requires Unity/scene object dependency audit,,Requires Unity audit,Requires Unity audit,,,Review,High visual/physics QA
Assets/SimpleNaturePack/Models/Rock_05.fbx,19980,19.5 KB,Requires Unity import audit,Requires Unity import audit,Requires Unity import audit,Requires Unity import audit,Requires Unity import audit,Requires Unity import audit,0,0,0,0,Assets/SimpleNaturePack/Prefabs/Rock_05.prefab,Search scene for MeshCollider refs,Requires Unity/scene object dependency audit,,Requires Unity audit,Requires Unity audit,,,Review,High visual/physics QA
Assets/LowPolyLivingRoomPack/Meshes/Side_table_1.fbx,19900,19.4 KB,Requires Unity import audit,Requires Unity import audit,Requires Unity import audit,Requires Unity import audit,Requires Unity import audit,Requires Unity import audit,0,0,1,1,Assets/LowPolyLivingRoomPack/Prefabs/Side_table_1.prefab,Search scene for MeshCollider refs,Requires Unity/scene object dependency audit,,Requires Unity audit,Requires Unity audit,,,Review,High visual/physics QA
Assets/Pandazole_Ultimate_Pack/Pandazole Farm Ranch Pack/Models/Env_FarmLand_03_Watered.fbx,19900,19.4 KB,Requires Unity import audit,Requires Unity import audit,Requires Unity import audit,Requires Unity import audit,Requires Unity import audit,Requires Unity import audit,0,0,1,1,Assets/Pandazole_Ultimate_Pack/Pandazole Farm Ranch Pack/Prefabs/Env_FarmLand_03_Watered.prefab,Search scene for MeshCollider refs,Requires Unity/scene object dependency audit,,Requires Unity audit,Requires Unity audit,,,Review,High visual/physics QA
Assets/UnityTechnologies/Basic Asset Pack Interior/Models/TableSquareMedium.FBX,19872,19.4 KB,Requires Unity import audit,Requires Unity import audit,Requires Unity import audit,Requires Unity import audit,Requires Unity import audit,Requires Unity import audit,0,0,1,1,Assets/UnityTechnologies/Basic Asset Pack Interior/Prefabs/Furniture/TableSquareMedium.prefab,Search scene for MeshCollider refs,Requires Unity/scene object dependency audit,,Requires Unity audit,Requires Unity audit,,,Review,High visual/physics QA
Assets/Pandazole_Ultimate_Pack/Pandazole Farm Ranch Pack/Models/Env_FarmLand_03.fbx,19868,19.4 KB,Requires Unity import audit,Requires Unity import audit,Requires Unity import audit,Requires Unity import audit,Requires Unity import audit,Requires Unity import audit,0,0,1,1,Assets/Pandazole_Ultimate_Pack/Pandazole Farm Ranch Pack/Prefabs/Env_FarmLand_03.prefab,Search scene for MeshCollider refs,Requires Unity/scene object dependency audit,,Requires Unity audit,Requires Unity audit,,,Review,High visual/physics QA
Assets/LowPolyLivingRoomPack/Meshes/Coffee_table_3.fbx,19804,19.3 KB,Requires Unity import audit,Requires Unity import audit,Requires Unity import audit,Requires Unity import audit,Requires Unity import audit,Requires Unity import audit,0,0,1,1,Assets/LowPolyLivingRoomPack/Prefabs/Coffee_table_3.prefab,Search scene for MeshCollider refs,Requires Unity/scene object dependency audit,,Requires Unity audit,Requires Unity audit,,,Review,High visual/physics QA
Assets/LowPolyLivingRoomPack/Meshes/TV_remote_control.fbx,19804,19.3 KB,Requires Unity import audit,Requires Unity import audit,Requires Unity import audit,Requires Unity import audit,Requires Unity import audit,Requires Unity import audit,0,0,1,1,Assets/LowPolyLivingRoomPack/Prefabs/TV_remote_control.prefab,Search scene for MeshCollider refs,Requires Unity/scene object dependency audit,,Requires Unity audit,Requires Unity audit,,,Review,High visual/physics QA
Assets/Pandazole_Ultimate_Pack/Pandazole Farm Ranch Pack/Models/Env_FarmLand_09.fbx,19788,19.3 KB,Requires Unity import audit,Requires Unity import audit,Requires Unity import audit,Requires Unity import audit,Requires Unity import audit,Requires Unity import audit,0,0,1,1,Assets/Pandazole_Ultimate_Pack/Pandazole Farm Ranch Pack/Prefabs/Env_FarmLand_09.prefab,Search scene for MeshCollider refs,Requires Unity/scene object dependency audit,,Requires Unity audit,Requires Unity audit,,,Review,High visual/physics QA
Assets/LowPolyLivingRoomPack/Meshes/Coffee_table_1.fbx,19756,19.3 KB,Requires Unity import audit,Requires Unity import audit,Requires Unity import audit,Requires Unity import audit,Requires Unity import audit,Requires Unity import audit,0,0,1,1,Assets/LowPolyLivingRoomPack/Prefabs/Coffee_table_1.prefab,Search scene for MeshCollider refs,Requires Unity/scene object dependency audit,,Requires Unity audit,Requires Unity audit,,,Review,High visual/physics QA
Assets/LowPolyLivingRoomPack/Meshes/Stereo_MainUnit.fbx,19756,19.3 KB,Requires Unity import audit,Requires Unity import audit,Requires Unity import audit,Requires Unity import audit,Requires Unity import audit,Requires Unity import audit,0,0,1,1,Assets/LowPolyLivingRoomPack/Prefabs/Stereo_MainUnit.prefab,Search scene for MeshCollider refs,Requires Unity/scene object dependency audit,,Requires Unity audit,Requires Unity audit,,,Review,High visual/physics QA
Assets/Pandazole_Ultimate_Pack/Pandazole Farm Ranch Pack/Models/Env_FarmLand_09_Watered.fbx,19740,19.3 KB,Requires Unity import audit,Requires Unity import audit,Requires Unity import audit,Requires Unity import audit,Requires Unity import audit,Requires Unity import audit,0,0,1,1,Assets/Pandazole_Ultimate_Pack/Pandazole Farm Ranch Pack/Prefabs/Env_FarmLand_09_Watered.prefab,Search scene for MeshCollider refs,Requires Unity/scene object dependency audit,,Requires Unity audit,Requires Unity audit,,,Review,High visual/physics QA
Assets/UnityTechnologies/Basic Asset Pack Interior/Models/TableRectangleMedium.FBX,19728,19.3 KB,Requires Unity import audit,Requires Unity import audit,Requires Unity import audit,Requires Unity import audit,Requires Unity import audit,Requires Unity import audit,0,0,1,1,Assets/UnityTechnologies/Basic Asset Pack Interior/Prefabs/Furniture/TableRectangleMedium.prefab,Search scene for MeshCollider refs,Requires Unity/scene object dependency audit,,Requires Unity audit,Requires Unity audit,,,Review,High visual/physics QA
Assets/DevDen Arch Viz Scotland/Models/Kitchen Room/knife2.fbx,19724,19.3 KB,Requires Unity import audit,Requires Unity import audit,Requires Unity import audit,Requires Unity import audit,Requires Unity import audit,Requires Unity import audit,1,0,0,0,Assets/DevDen Arch Viz Scotland/Prefabs/Kitchen Room/knife-block.prefab; Assets/DevDen Arch Viz Scotland/Scenes/ArchViz.unity,Search scene for MeshCollider refs,Requires Unity/scene object dependency audit,,Requires Unity audit,Requires Unity audit,,,Review,High visual/physics QA
Assets/LowPolyLivingRoomPack/Meshes/Coffee_table_2.fbx,19708,19.2 KB,Requires Unity import audit,Requires Unity import audit,Requires Unity import audit,Requires Unity import audit,Requires Unity import audit,Requires Unity import audit,0,0,1,1,Assets/LowPolyLivingRoomPack/Prefabs/Coffee_table_2.prefab,Search scene for MeshCollider refs,Requires Unity/scene object dependency audit,,Requires Unity audit,Requires Unity audit,,,Review,High visual/physics QA
Assets/Pandazole_Ultimate_Pack/Pandazole Farm Ranch Pack/Models/Bld_Outhouses.fbx,19708,19.2 KB,Requires Unity import audit,Requires Unity import audit,Requires Unity import audit,Requires Unity import audit,Requires Unity import audit,Requires Unity import audit,0,0,1,1,Assets/Pandazole_Ultimate_Pack/Pandazole Farm Ranch Pack/Prefabs/Bld_Outhouses.prefab,Search scene for MeshCollider refs,Requires Unity/scene object dependency audit,,Requires Unity audit,Requires Unity audit,,,Review,High visual/physics QA
Assets/DevDen Arch Viz Scotland/Models/Common/magazine1.FBX,19676,19.2 KB,Requires Unity import audit,Requires Unity import audit,Requires Unity import audit,Requires Unity import audit,Requires Unity import audit,Requires Unity import audit,1,0,0,0,Assets/DevDen Arch Viz Scotland/Prefabs/Common/Magazine.prefab; Assets/DevDen Arch Viz Scotland/Scenes/ArchViz.unity,Search scene for MeshCollider refs,Requires Unity/scene object dependency audit,,Requires Unity audit,Requires Unity audit,,,Review,High visual/physics QA
Assets/UnityTechnologies/Basic Asset Pack Interior/Models/TableRectangleShort.FBX,19664,19.2 KB,Requires Unity import audit,Requires Unity import audit,Requires Unity import audit,Requires Unity import audit,Requires Unity import audit,Requires Unity import audit,0,0,1,1,Assets/UnityTechnologies/Basic Asset Pack Interior/Prefabs/Furniture/TableRectangleShort.prefab,Search scene for MeshCollider refs,Requires Unity/scene object dependency audit,,Requires Unity audit,Requires Unity audit,,,Review,High visual/physics QA
Assets/Furniture Mega Pack/FBX/Table/Table33.fbx,19660,19.2 KB,Requires Unity import audit,Requires Unity import audit,Requires Unity import audit,Requires Unity import audit,Requires Unity import audit,Requires Unity import audit,0,0,1,1,Assets/Furniture Mega Pack/Prefabs/Tables/Table33.prefab,Search scene for MeshCollider refs,Requires Unity/scene object dependency audit,,Requires Unity audit,Requires Unity audit,,,Review,High visual/physics QA
Assets/Food Pack-Demo/Mesh/Bell pepper green slice.fbx,19644,19.2 KB,Requires Unity import audit,Requires Unity import audit,Requires Unity import audit,Requires Unity import audit,Requires Unity import audit,Requires Unity import audit,0,0,0,0,Assets/Food Pack-Demo/Prefabs with colliders/Bell pepper green slice.prefab; Assets/Food Pack-Demo/Prefabs/Bell pepper green slice.prefab,Search scene for MeshCollider refs,Requires Unity/scene object dependency audit,,Requires Unity audit,Requires Unity audit,,,Review,High visual/physics QA
Assets/Furniture Mega Pack/FBX/Table/Table05.fbx,19612,19.2 KB,Requires Unity import audit,Requires Unity import audit,Requires Unity import audit,Requires Unity import audit,Requires Unity import audit,Requires Unity import audit,0,0,1,1,Assets/Furniture Mega Pack/Prefabs/Tables/Table05.prefab,Search scene for MeshCollider refs,Requires Unity/scene object dependency audit,,Requires Unity audit,Requires Unity audit,,,Review,High visual/physics QA
Assets/Food Pack-Demo/Mesh/Doughnut H.fbx,19612,19.2 KB,Requires Unity import audit,Requires Unity import audit,Requires Unity import audit,Requires Unity import audit,Requires Unity import audit,Requires Unity import audit,0,0,0,0,Assets/Food Pack-Demo/Prefabs with colliders/Doughnut H.prefab; Assets/Food Pack-Demo/Prefabs/Doughnut H.prefab,Search scene for MeshCollider refs,Requires Unity/scene object dependency audit,,Requires Unity audit,Requires Unity audit,,,Review,High visual/physics QA
Assets/Pandazole_Ultimate_Pack/Pandazole Farm Ranch Pack/Models/Env_GrassPlant_04.fbx,19596,19.1 KB,Requires Unity import audit,Requires Unity import audit,Requires Unity import audit,Requires Unity import audit,Requires Unity import audit,Requires Unity import audit,0,0,1,1,Assets/Pandazole_Ultimate_Pack/Pandazole Farm Ranch Pack/Prefabs/Env_GrassPlant_04.prefab,Search scene for MeshCollider refs,Requires Unity/scene object dependency audit,,Requires Unity audit,Requires Unity audit,,,Review,High visual/physics QA
Assets/LowPolyLivingRoomPack/Meshes/TV_Modern.fbx,19564,19.1 KB,Requires Unity import audit,Requires Unity import audit,Requires Unity import audit,Requires Unity import audit,Requires Unity import audit,Requires Unity import audit,0,0,1,1,Assets/LowPolyLivingRoomPack/Prefabs/TV_Modern.prefab,Search scene for MeshCollider refs,Requires Unity/scene object dependency audit,,Requires Unity audit,Requires Unity audit,,,Review,High visual/physics QA
Assets/LowPolyLivingRoomPack/Meshes/Stool_4.fbx,19548,19.1 KB,Requires Unity import audit,Requires Unity import audit,Requires Unity import audit,Requires Unity import audit,Requires Unity import audit,Requires Unity import audit,0,0,1,1,Assets/LowPolyLivingRoomPack/Prefabs/Stool_4.prefab,Search scene for MeshCollider refs,Requires Unity/scene object dependency audit,,Requires Unity audit,Requires Unity audit,,,Review,High visual/physics QA
Assets/LowPolyLivingRoomPack/Meshes/Stool_3.fbx,19532,19.1 KB,Requires Unity import audit,Requires Unity import audit,Requires Unity import audit,Requires Unity import audit,Requires Unity import audit,Requires Unity import audit,0,0,1,1,Assets/LowPolyLivingRoomPack/Prefabs/Stool_3.prefab,Search scene for MeshCollider refs,Requires Unity/scene object dependency audit,,Requires Unity audit,Requires Unity audit,,,Review,High visual/physics QA
Assets/LowPolyLivingRoomPack/Meshes/Console_Modern.fbx,19500,19.0 KB,Requires Unity import audit,Requires Unity import audit,Requires Unity import audit,Requires Unity import audit,Requires Unity import audit,Requires Unity import audit,0,0,1,1,Assets/LowPolyLivingRoomPack/Prefabs/Console_Modern.prefab,Search scene for MeshCollider refs,Requires Unity/scene object dependency audit,,Requires Unity audit,Requires Unity audit,,,Review,High visual/physics QA
Assets/Pandazole_Ultimate_Pack/Pandazole Farm Ranch Pack/Models/Env_WoodFence_04.fbx,19484,19.0 KB,Requires Unity import audit,Requires Unity import audit,Requires Unity import audit,Requires Unity import audit,Requires Unity import audit,Requires Unity import audit,0,0,1,1,Assets/Pandazole_Ultimate_Pack/Pandazole Farm Ranch Pack/Prefabs/Env_WoodFence_04.prefab,Search scene for MeshCollider refs,Requires Unity/scene object dependency audit,,Requires Unity audit,Requires Unity audit,,,Review,High visual/physics QA
Assets/UnityTechnologies/Basic Asset Pack Interior/Models/Floor/RugRectangleLong.FBX,19472,19.0 KB,Requires Unity import audit,Requires Unity import audit,Requires Unity import audit,Requires Unity import audit,Requires Unity import audit,Requires Unity import audit,0,0,1,1,Assets/UnityTechnologies/Basic Asset Pack Interior/Prefabs/Floor/RugRectangleLong.prefab,Search scene for MeshCollider refs,Requires Unity/scene object dependency audit,,Requires Unity audit,Requires Unity audit,,,Review,High visual/physics QA
Assets/UnityTechnologies/Basic Asset Pack Interior/Models/Floor/RugRectangleMedium.FBX,19472,19.0 KB,Requires Unity import audit,Requires Unity import audit,Requires Unity import audit,Requires Unity import audit,Requires Unity import audit,Requires Unity import audit,0,0,1,1,Assets/UnityTechnologies/Basic Asset Pack Interior/Prefabs/Floor/RugRectangleMedium.prefab,Search scene for MeshCollider refs,Requires Unity/scene object dependency audit,,Requires Unity audit,Requires Unity audit,,,Review,High visual/physics QA
Assets/LowPolyLivingRoomPack/Meshes/Pillow_Square_2.fbx,19468,19.0 KB,Requires Unity import audit,Requires Unity import audit,Requires Unity import audit,Requires Unity import audit,Requires Unity import audit,Requires Unity import audit,0,0,1,1,Assets/LowPolyLivingRoomPack/Prefabs/Pillow_Square_2.prefab,Search scene for MeshCollider refs,Requires Unity/scene object dependency audit,,Requires Unity audit,Requires Unity audit,,,Review,High visual/physics QA
Assets/LowPolyLivingRoomPack/Meshes/DeskClock_1.fbx,19468,19.0 KB,Requires Unity import audit,Requires Unity import audit,Requires Unity import audit,Requires Unity import audit,Requires Unity import audit,Requires Unity import audit,0,0,1,1,Assets/LowPolyLivingRoomPack/Prefabs/DeskClock_1.prefab,Search scene for MeshCollider refs,Requires Unity/scene object dependency audit,,Requires Unity audit,Requires Unity audit,,,Review,High visual/physics QA
Assets/Food Pack-Demo/Mesh/Melon half.fbx,19388,18.9 KB,Requires Unity import audit,Requires Unity import audit,Requires Unity import audit,Requires Unity import audit,Requires Unity import audit,Requires Unity import audit,0,0,0,0,Assets/Food Pack-Demo/Prefabs with colliders/Melon half.prefab; Assets/Food Pack-Demo/Prefabs/Melon half.prefab,Search scene for MeshCollider refs,Requires Unity/scene object dependency audit,,Requires Unity audit,Requires Unity audit,,,Review,High visual/physics QA
Assets/LowPolyLivingRoomPack/Meshes/Table.fbx,19372,18.9 KB,Requires Unity import audit,Requires Unity import audit,Requires Unity import audit,Requires Unity import audit,Requires Unity import audit,Requires Unity import audit,0,0,1,1,Assets/LowPolyLivingRoomPack/Prefabs/Table.prefab,Search scene for MeshCollider refs,Requires Unity/scene object dependency audit,,Requires Unity audit,Requires Unity audit,,,Review,High visual/physics QA
Assets/LowPolyLivingRoomPack/Meshes/Pillow_Square_1.fbx,19356,18.9 KB,Requires Unity import audit,Requires Unity import audit,Requires Unity import audit,Requires Unity import audit,Requires Unity import audit,Requires Unity import audit,0,0,1,1,Assets/LowPolyLivingRoomPack/Prefabs/Pillow_Square_1.prefab,Search scene for MeshCollider refs,Requires Unity/scene object dependency audit,,Requires Unity audit,Requires Unity audit,,,Review,High visual/physics QA
Assets/Pandazole_Ultimate_Pack/Pandazole Farm Ranch Pack/Models/Env_WoodFence_03.fbx,19340,18.9 KB,Requires Unity import audit,Requires Unity import audit,Requires Unity import audit,Requires Unity import audit,Requires Unity import audit,Requires Unity import audit,0,0,1,1,Assets/Pandazole_Ultimate_Pack/Pandazole Farm Ranch Pack/Prefabs/Env_WoodFence_03.prefab,Search scene for MeshCollider refs,Requires Unity/scene object dependency audit,,Requires Unity audit,Requires Unity audit,,,Review,High visual/physics QA
Assets/LowPolyLivingRoomPack/Meshes/Night_light_2.fbx,19292,18.8 KB,Requires Unity import audit,Requires Unity import audit,Requires Unity import audit,Requires Unity import audit,Requires Unity import audit,Requires Unity import audit,0,0,1,1,Assets/LowPolyLivingRoomPack/Prefabs/Night_light_2.prefab,Search scene for MeshCollider refs,Requires Unity/scene object dependency audit,,Requires Unity audit,Requires Unity audit,,,Review,High visual/physics QA
Assets/Pandazole_Ultimate_Pack/Pandazole Farm Ranch Pack/Models/Env_FarmLand_07_Watered.fbx,19292,18.8 KB,Requires Unity import audit,Requires Unity import audit,Requires Unity import audit,Requires Unity import audit,Requires Unity import audit,Requires Unity import audit,0,0,1,1,Assets/Pandazole_Ultimate_Pack/Pandazole Farm Ranch Pack/Prefabs/Env_FarmLand_07_Watered.prefab,Search scene for MeshCollider refs,Requires Unity/scene object dependency audit,,Requires Unity audit,Requires Unity audit,,,Review,High visual/physics QA
Assets/Pandazole_Ultimate_Pack/Pandazole Farm Ranch Pack/Models/Env_FarmLand_05_Watered.fbx,19276,18.8 KB,Requires Unity import audit,Requires Unity import audit,Requires Unity import audit,Requires Unity import audit,Requires Unity import audit,Requires Unity import audit,0,0,1,1,Assets/Pandazole_Ultimate_Pack/Pandazole Farm Ranch Pack/Prefabs/Env_FarmLand_05_Watered.prefab,Search scene for MeshCollider refs,Requires Unity/scene object dependency audit,,Requires Unity audit,Requires Unity audit,,,Review,High visual/physics QA
Assets/Pandazole_Ultimate_Pack/Pandazole Farm Ranch Pack/Models/Env_FarmLand_07.fbx,19276,18.8 KB,Requires Unity import audit,Requires Unity import audit,Requires Unity import audit,Requires Unity import audit,Requires Unity import audit,Requires Unity import audit,0,0,1,1,Assets/Pandazole_Ultimate_Pack/Pandazole Farm Ranch Pack/Prefabs/Env_FarmLand_07.prefab,Search scene for MeshCollider refs,Requires Unity/scene object dependency audit,,Requires Unity audit,Requires Unity audit,,,Review,High visual/physics QA
Assets/LowPolyLivingRoomPack/Meshes/Coffee_table_5.fbx,19260,18.8 KB,Requires Unity import audit,Requires Unity import audit,Requires Unity import audit,Requires Unity import audit,Requires Unity import audit,Requires Unity import audit,0,0,1,1,Assets/LowPolyLivingRoomPack/Prefabs/Coffee_table_5.prefab,Search scene for MeshCollider refs,Requires Unity/scene object dependency audit,,Requires Unity audit,Requires Unity audit,,,Review,High visual/physics QA
Assets/UnityTechnologies/Basic Asset Pack Interior/Models/Floor/RugRectangleSmall.FBX,19248,18.8 KB,Requires Unity import audit,Requires Unity import audit,Requires Unity import audit,Requires Unity import audit,Requires Unity import audit,Requires Unity import audit,0,0,1,1,Assets/UnityTechnologies/Basic Asset Pack Interior/Prefabs/Floor/RugRectangleSmall.prefab,Search scene for MeshCollider refs,Requires Unity/scene object dependency audit,,Requires Unity audit,Requires Unity audit,,,Review,High visual/physics QA
Assets/Pandazole_Ultimate_Pack/Pandazole Farm Ranch Pack/Models/Env_FarmLand_05.fbx,19244,18.8 KB,Requires Unity import audit,Requires Unity import audit,Requires Unity import audit,Requires Unity import audit,Requires Unity import audit,Requires Unity import audit,0,0,1,1,Assets/Pandazole_Ultimate_Pack/Pandazole Farm Ranch Pack/Prefabs/Env_FarmLand_05.prefab,Search scene for MeshCollider refs,Requires Unity/scene object dependency audit,,Requires Unity audit,Requires Unity audit,,,Review,High visual/physics QA
Assets/LowPolyLivingRoomPack/Meshes/Carpet_2.fbx,19228,18.8 KB,Requires Unity import audit,Requires Unity import audit,Requires Unity import audit,Requires Unity import audit,Requires Unity import audit,Requires Unity import audit,0,0,1,1,Assets/LowPolyLivingRoomPack/Prefabs/Carpet_2.prefab,Search scene for MeshCollider refs,Requires Unity/scene object dependency audit,,Requires Unity audit,Requires Unity audit,,,Review,High visual/physics QA
Assets/LowPolyLivingRoomPack/Meshes/Carpet_1.fbx,19228,18.8 KB,Requires Unity import audit,Requires Unity import audit,Requires Unity import audit,Requires Unity import audit,Requires Unity import audit,Requires Unity import audit,0,0,1,1,Assets/LowPolyLivingRoomPack/Prefabs/Carpet_1.prefab,Search scene for MeshCollider refs,Requires Unity/scene object dependency audit,,Requires Unity audit,Requires Unity audit,,,Review,High visual/physics QA
Assets/Pandazole_Ultimate_Pack/Pandazole Farm Ranch Pack/Models/Env_FarmLand_04_Watered.fbx,19228,18.8 KB,Requires Unity import audit,Requires Unity import audit,Requires Unity import audit,Requires Unity import audit,Requires Unity import audit,Requires Unity import audit,0,0,1,1,Assets/Pandazole_Ultimate_Pack/Pandazole Farm Ranch Pack/Prefabs/Env_FarmLand_04_Watered.prefab,Search scene for MeshCollider refs,Requires Unity/scene object dependency audit,,Requires Unity audit,Requires Unity audit,,,Review,High visual/physics QA
Assets/Pandazole_Ultimate_Pack/Pandazole Farm Ranch Pack/Models/Env_FarmLand_04.fbx,19212,18.8 KB,Requires Unity import audit,Requires Unity import audit,Requires Unity import audit,Requires Unity import audit,Requires Unity import audit,Requires Unity import audit,0,0,1,1,Assets/Pandazole_Ultimate_Pack/Pandazole Farm Ranch Pack/Prefabs/Env_FarmLand_04.prefab,Search scene for MeshCollider refs,Requires Unity/scene object dependency audit,,Requires Unity audit,Requires Unity audit,,,Review,High visual/physics QA
Assets/LowPolyLivingRoomPack/Meshes/Stool_2.fbx,19196,18.7 KB,Requires Unity import audit,Requires Unity import audit,Requires Unity import audit,Requires Unity import audit,Requires Unity import audit,Requires Unity import audit,0,0,1,1,Assets/LowPolyLivingRoomPack/Prefabs/Stool_2.prefab,Search scene for MeshCollider refs,Requires Unity/scene object dependency audit,,Requires Unity audit,Requires Unity audit,,,Review,High visual/physics QA
Assets/SimpleNaturePack/Models/Rock_04.fbx,19196,18.7 KB,Requires Unity import audit,Requires Unity import audit,Requires Unity import audit,Requires Unity import audit,Requires Unity import audit,Requires Unity import audit,0,0,0,0,Assets/SimpleNaturePack/Prefabs/Rock_04.prefab,Search scene for MeshCollider refs,Requires Unity/scene object dependency audit,,Requires Unity audit,Requires Unity audit,,,Review,High visual/physics QA
Assets/SimpleNaturePack/Models/Rock_01.fbx,19196,18.7 KB,Requires Unity import audit,Requires Unity import audit,Requires Unity import audit,Requires Unity import audit,Requires Unity import audit,Requires Unity import audit,0,0,0,0,Assets/SimpleNaturePack/Prefabs/Rock_01.prefab,Search scene for MeshCollider refs,Requires Unity/scene object dependency audit,,Requires Unity audit,Requires Unity audit,,,Review,High visual/physics QA
Assets/UnityTechnologies/Basic Asset Pack Interior/Models/Floor/RugDoorMat.FBX,19184,18.7 KB,Requires Unity import audit,Requires Unity import audit,Requires Unity import audit,Requires Unity import audit,Requires Unity import audit,Requires Unity import audit,0,0,1,1,Assets/UnityTechnologies/Basic Asset Pack Interior/Prefabs/Floor/RugDoorMat.prefab,Search scene for MeshCollider refs,Requires Unity/scene object dependency audit,,Requires Unity audit,Requires Unity audit,,,Review,High visual/physics QA
Assets/LowPolyLivingRoomPack/Meshes/Stool_1.fbx,19180,18.7 KB,Requires Unity import audit,Requires Unity import audit,Requires Unity import audit,Requires Unity import audit,Requires Unity import audit,Requires Unity import audit,0,0,1,1,Assets/LowPolyLivingRoomPack/Prefabs/Stool_1.prefab,Search scene for MeshCollider refs,Requires Unity/scene object dependency audit,,Requires Unity audit,Requires Unity audit,,,Review,High visual/physics QA
Assets/LowPolyLivingRoomPack/Meshes/Book_2.fbx,19180,18.7 KB,Requires Unity import audit,Requires Unity import audit,Requires Unity import audit,Requires Unity import audit,Requires Unity import audit,Requires Unity import audit,0,0,1,1,Assets/LowPolyLivingRoomPack/Prefabs/Book_2.prefab,Search scene for MeshCollider refs,Requires Unity/scene object dependency audit,,Requires Unity audit,Requires Unity audit,,,Review,High visual/physics QA
Assets/LowPolyLivingRoomPack/Meshes/Book_3.fbx,19180,18.7 KB,Requires Unity import audit,Requires Unity import audit,Requires Unity import audit,Requires Unity import audit,Requires Unity import audit,Requires Unity import audit,0,0,1,1,Assets/LowPolyLivingRoomPack/Prefabs/Book_3.prefab,Search scene for MeshCollider refs,Requires Unity/scene object dependency audit,,Requires Unity audit,Requires Unity audit,,,Review,High visual/physics QA
Assets/LowPolyLivingRoomPack/Meshes/Book_1.fbx,19180,18.7 KB,Requires Unity import audit,Requires Unity import audit,Requires Unity import audit,Requires Unity import audit,Requires Unity import audit,Requires Unity import audit,0,0,1,1,Assets/LowPolyLivingRoomPack/Prefabs/Book_1.prefab,Search scene for MeshCollider refs,Requires Unity/scene object dependency audit,,Requires Unity audit,Requires Unity audit,,,Review,High visual/physics QA
Assets/LowPolyLivingRoomPack/Meshes/Book_8.fbx,19180,18.7 KB,Requires Unity import audit,Requires Unity import audit,Requires Unity import audit,Requires Unity import audit,Requires Unity import audit,Requires Unity import audit,0,0,1,1,Assets/LowPolyLivingRoomPack/Prefabs/Book_8.prefab,Search scene for MeshCollider refs,Requires Unity/scene object dependency audit,,Requires Unity audit,Requires Unity audit,,,Review,High visual/physics QA
Assets/LowPolyLivingRoomPack/Meshes/Book_9.fbx,19180,18.7 KB,Requires Unity import audit,Requires Unity import audit,Requires Unity import audit,Requires Unity import audit,Requires Unity import audit,Requires Unity import audit,0,0,1,1,Assets/LowPolyLivingRoomPack/Prefabs/Book_9.prefab,Search scene for MeshCollider refs,Requires Unity/scene object dependency audit,,Requires Unity audit,Requires Unity audit,,,Review,High visual/physics QA
Assets/Pandazole_Ultimate_Pack/Pandazole Farm Ranch Pack/Models/Env_WaterLand_02.fbx,19148,18.7 KB,Requires Unity import audit,Requires Unity import audit,Requires Unity import audit,Requires Unity import audit,Requires Unity import audit,Requires Unity import audit,0,0,1,1,Assets/Pandazole_Ultimate_Pack/Pandazole Farm Ranch Pack/Prefabs/Env_WaterLand_02.prefab,Search scene for MeshCollider refs,Requires Unity/scene object dependency audit,,Requires Unity audit,Requires Unity audit,,,Review,High visual/physics QA
Assets/LowPolyLivingRoomPack/Meshes/Book_4.fbx,19132,18.7 KB,Requires Unity import audit,Requires Unity import audit,Requires Unity import audit,Requires Unity import audit,Requires Unity import audit,Requires Unity import audit,0,0,1,1,Assets/LowPolyLivingRoomPack/Prefabs/Book_4.prefab,Search scene for MeshCollider refs,Requires Unity/scene object dependency audit,,Requires Unity audit,Requires Unity audit,,,Review,High visual/physics QA
Assets/LowPolyLivingRoomPack/Meshes/Book_5.fbx,19132,18.7 KB,Requires Unity import audit,Requires Unity import audit,Requires Unity import audit,Requires Unity import audit,Requires Unity import audit,Requires Unity import audit,0,0,1,1,Assets/LowPolyLivingRoomPack/Prefabs/Book_5.prefab,Search scene for MeshCollider refs,Requires Unity/scene object dependency audit,,Requires Unity audit,Requires Unity audit,,,Review,High visual/physics QA
Assets/LowPolyLivingRoomPack/Meshes/Book_7.fbx,19132,18.7 KB,Requires Unity import audit,Requires Unity import audit,Requires Unity import audit,Requires Unity import audit,Requires Unity import audit,Requires Unity import audit,0,0,1,1,Assets/LowPolyLivingRoomPack/Prefabs/Book_7.prefab,Search scene for MeshCollider refs,Requires Unity/scene object dependency audit,,Requires Unity audit,Requires Unity audit,,,Review,High visual/physics QA
Assets/LowPolyLivingRoomPack/Meshes/Book_6.fbx,19132,18.7 KB,Requires Unity import audit,Requires Unity import audit,Requires Unity import audit,Requires Unity import audit,Requires Unity import audit,Requires Unity import audit,0,0,1,1,Assets/LowPolyLivingRoomPack/Prefabs/Book_6.prefab,Search scene for MeshCollider refs,Requires Unity/scene object dependency audit,,Requires Unity audit,Requires Unity audit,,,Review,High visual/physics QA
Assets/LowPolyLivingRoomPack/Meshes/Book_10.fbx,19116,18.7 KB,Requires Unity import audit,Requires Unity import audit,Requires Unity import audit,Requires Unity import audit,Requires Unity import audit,Requires Unity import audit,0,0,1,1,Assets/LowPolyLivingRoomPack/Prefabs/Book_10.prefab,Search scene for MeshCollider refs,Requires Unity/scene object dependency audit,,Requires Unity audit,Requires Unity audit,,,Review,High visual/physics QA
Assets/Pandazole_Ultimate_Pack/Pandazole Farm Ranch Pack/Models/Env_FarmLand_10_Watered.fbx,19116,18.7 KB,Requires Unity import audit,Requires Unity import audit,Requires Unity import audit,Requires Unity import audit,Requires Unity import audit,Requires Unity import audit,0,0,1,1,Assets/Pandazole_Ultimate_Pack/Pandazole Farm Ranch Pack/Prefabs/Env_FarmLand_10_Watered.prefab,Search scene for MeshCollider refs,Requires Unity/scene object dependency audit,,Requires Unity audit,Requires Unity audit,,,Review,High visual/physics QA
Assets/SimpleNaturePack/Models/Rock_02.fbx,19100,18.7 KB,Requires Unity import audit,Requires Unity import audit,Requires Unity import audit,Requires Unity import audit,Requires Unity import audit,Requires Unity import audit,0,0,0,0,Assets/SimpleNaturePack/Prefabs/Rock_02.prefab,Search scene for MeshCollider refs,Requires Unity/scene object dependency audit,,Requires Unity audit,Requires Unity audit,,,Review,High visual/physics QA
Assets/Pandazole_Ultimate_Pack/Pandazole Farm Ranch Pack/Models/Env_FarmLand_10.fbx,19084,18.6 KB,Requires Unity import audit,Requires Unity import audit,Requires Unity import audit,Requires Unity import audit,Requires Unity import audit,Requires Unity import audit,0,0,1,1,Assets/Pandazole_Ultimate_Pack/Pandazole Farm Ranch Pack/Prefabs/Env_FarmLand_10.prefab,Search scene for MeshCollider refs,Requires Unity/scene object dependency audit,,Requires Unity audit,Requires Unity audit,,,Review,High visual/physics QA
Assets/BrokenVector/LowPolyFencePack/Models/Fence Type5 Small.dae,19076,18.6 KB,Requires Unity import audit,Requires Unity import audit,Requires Unity import audit,Requires Unity import audit,Requires Unity import audit,Requires Unity import audit,0,0,,,Assets/BrokenVector/LowPolyFencePack/Prefabs/Fence Type5 Small.prefab; Assets/BrokenVector/LowPolyFencePack/Scenes/All Fences Example.unity,Search scene for MeshCollider refs,Requires Unity/scene object dependency audit,,Requires Unity audit,Requires Unity audit,,,Review,High visual/physics QA
Assets/Pandazole_Ultimate_Pack/Pandazole Farm Ranch Pack/Models/Prop_AnimalFeeder_03.fbx,19052,18.6 KB,Requires Unity import audit,Requires Unity import audit,Requires Unity import audit,Requires Unity import audit,Requires Unity import audit,Requires Unity import audit,0,0,1,1,Assets/Pandazole_Ultimate_Pack/Pandazole Farm Ranch Pack/Prefabs/Prop_AnimalFeeder_03.prefab,Search scene for MeshCollider refs,Requires Unity/scene object dependency audit,,Requires Unity audit,Requires Unity audit,,,Review,High visual/physics QA
Assets/Food Pack-Demo/Mesh/Lamb leg.fbx,19020,18.6 KB,Requires Unity import audit,Requires Unity import audit,Requires Unity import audit,Requires Unity import audit,Requires Unity import audit,Requires Unity import audit,0,0,0,0,Assets/Food Pack-Demo/Prefabs with colliders/Lamb leg.prefab; Assets/Food Pack-Demo/Prefabs/Lamb leg.prefab,Search scene for MeshCollider refs,Requires Unity/scene object dependency audit,,Requires Unity audit,Requires Unity audit,,,Review,High visual/physics QA
Assets/Food Pack-Demo/Mesh Collider/Lamb leg.fbx,19020,18.6 KB,Requires Unity import audit,Requires Unity import audit,Requires Unity import audit,Requires Unity import audit,Requires Unity import audit,Requires Unity import audit,0,0,1,1,,Search scene for MeshCollider refs,Requires Unity/scene object dependency audit,,Requires Unity audit,Requires Unity audit,,,Review,Unknown
Assets/LowPolyLivingRoomPack/Meshes/Painting_Modern_1.fbx,18988,18.5 KB,Requires Unity import audit,Requires Unity import audit,Requires Unity import audit,Requires Unity import audit,Requires Unity import audit,Requires Unity import audit,0,0,1,1,Assets/LowPolyLivingRoomPack/Prefabs/Painting_Modern_1.prefab,Search scene for MeshCollider refs,Requires Unity/scene object dependency audit,,Requires Unity audit,Requires Unity audit,,,Review,High visual/physics QA
Assets/LowPolyLivingRoomPack/Meshes/Painting_Modern_3.fbx,18956,18.5 KB,Requires Unity import audit,Requires Unity import audit,Requires Unity import audit,Requires Unity import audit,Requires Unity import audit,Requires Unity import audit,0,0,1,1,Assets/LowPolyLivingRoomPack/Prefabs/Painting_Modern_3.prefab,Search scene for MeshCollider refs,Requires Unity/scene object dependency audit,,Requires Unity audit,Requires Unity audit,,,Review,High visual/physics QA
Assets/LowPolyLivingRoomPack/Meshes/Box_Open.fbx,18956,18.5 KB,Requires Unity import audit,Requires Unity import audit,Requires Unity import audit,Requires Unity import audit,Requires Unity import audit,Requires Unity import audit,0,0,1,1,Assets/LowPolyLivingRoomPack/Prefabs/Box_Open.prefab,Search scene for MeshCollider refs,Requires Unity/scene object dependency audit,,Requires Unity audit,Requires Unity audit,,,Review,High visual/physics QA
Assets/Pandazole_Ultimate_Pack/Pandazole Farm Ranch Pack/Models/Env_GrassLand_Cornor.fbx,18940,18.5 KB,Requires Unity import audit,Requires Unity import audit,Requires Unity import audit,Requires Unity import audit,Requires Unity import audit,Requires Unity import audit,0,0,1,1,Assets/Pandazole_Ultimate_Pack/Pandazole Farm Ranch Pack/Prefabs/Env_GrassLand_Cornor.prefab,Search scene for MeshCollider refs,Requires Unity/scene object dependency audit,,Requires Unity audit,Requires Unity audit,,,Review,High visual/physics QA
Assets/Pandazole_Ultimate_Pack/Pandazole Farm Ranch Pack/Models/Env_WaterLand_09.fbx,18940,18.5 KB,Requires Unity import audit,Requires Unity import audit,Requires Unity import audit,Requires Unity import audit,Requires Unity import audit,Requires Unity import audit,0,0,1,1,Assets/Pandazole_Ultimate_Pack/Pandazole Farm Ranch Pack/Prefabs/Env_WaterLand_09.prefab,Search scene for MeshCollider refs,Requires Unity/scene object dependency audit,,Requires Unity audit,Requires Unity audit,,,Review,High visual/physics QA
Assets/Pandazole_Ultimate_Pack/Pandazole Farm Ranch Pack/Models/Env_GrassLand_Cross.fbx,18924,18.5 KB,Requires Unity import audit,Requires Unity import audit,Requires Unity import audit,Requires Unity import audit,Requires Unity import audit,Requires Unity import audit,0,0,1,1,Assets/Pandazole_Ultimate_Pack/Pandazole Farm Ranch Pack/Prefabs/Env_GrassLand_Cross.prefab,Search scene for MeshCollider refs,Requires Unity/scene object dependency audit,,Requires Unity audit,Requires Unity audit,,,Review,High visual/physics QA
Assets/Pandazole_Ultimate_Pack/Pandazole Farm Ranch Pack/Models/Env_FarmLand_02_Watered.fbx,18924,18.5 KB,Requires Unity import audit,Requires Unity import audit,Requires Unity import audit,Requires Unity import audit,Requires Unity import audit,Requires Unity import audit,0,0,1,1,Assets/Pandazole_Ultimate_Pack/Pandazole Farm Ranch Pack/Prefabs/Env_FarmLand_02_Watered.prefab,Search scene for MeshCollider refs,Requires Unity/scene object dependency audit,,Requires Unity audit,Requires Unity audit,,,Review,High visual/physics QA
Assets/Pandazole_Ultimate_Pack/Pandazole Farm Ranch Pack/Models/Prop_Berrel_02_B.fbx,18924,18.5 KB,Requires Unity import audit,Requires Unity import audit,Requires Unity import audit,Requires Unity import audit,Requires Unity import audit,Requires Unity import audit,0,0,1,1,Assets/Pandazole_Ultimate_Pack/Pandazole Farm Ranch Pack/Prefabs/Prop_Berrel_02_B.prefab,Search scene for MeshCollider refs,Requires Unity/scene object dependency audit,,Requires Unity audit,Requires Unity audit,,,Review,High visual/physics QA
Assets/SimpleNaturePack/Models/Rock_03.fbx,18908,18.5 KB,Requires Unity import audit,Requires Unity import audit,Requires Unity import audit,Requires Unity import audit,Requires Unity import audit,Requires Unity import audit,0,0,0,0,Assets/SimpleNaturePack/Prefabs/Rock_03.prefab,Search scene for MeshCollider refs,Requires Unity/scene object dependency audit,,Requires Unity audit,Requires Unity audit,,,Review,High visual/physics QA
Assets/Pandazole_Ultimate_Pack/Pandazole Farm Ranch Pack/Models/Env_FarmLand_02.fbx,18908,18.5 KB,Requires Unity import audit,Requires Unity import audit,Requires Unity import audit,Requires Unity import audit,Requires Unity import audit,Requires Unity import audit,0,0,1,1,Assets/Pandazole_Ultimate_Pack/Pandazole Farm Ranch Pack/Prefabs/Env_FarmLand_02.prefab,Search scene for MeshCollider refs,Requires Unity/scene object dependency audit,,Requires Unity audit,Requires Unity audit,,,Review,High visual/physics QA
Assets/Pandazole_Ultimate_Pack/Pandazole Farm Ranch Pack/Models/Prop_Berrel_05_B.fbx,18908,18.5 KB,Requires Unity import audit,Requires Unity import audit,Requires Unity import audit,Requires Unity import audit,Requires Unity import audit,Requires Unity import audit,0,0,1,1,Assets/Pandazole_Ultimate_Pack/Pandazole Farm Ranch Pack/Prefabs/Prop_Berrel_05_B.prefab,Search scene for MeshCollider refs,Requires Unity/scene object dependency audit,,Requires Unity audit,Requires Unity audit,,,Review,High visual/physics QA
Assets/Food Pack-Demo/Mesh/Soda can C.fbx,18908,18.5 KB,Requires Unity import audit,Requires Unity import audit,Requires Unity import audit,Requires Unity import audit,Requires Unity import audit,Requires Unity import audit,0,0,0,0,Assets/Food Pack-Demo/Prefabs with colliders/Soda can C.prefab; Assets/Food Pack-Demo/Prefabs/Soda can C.prefab,Search scene for MeshCollider refs,Requires Unity/scene object dependency audit,,Requires Unity audit,Requires Unity audit,,,Review,High visual/physics QA
Assets/LowPolyLivingRoomPack/Meshes/Box_2.fbx,18892,18.4 KB,Requires Unity import audit,Requires Unity import audit,Requires Unity import audit,Requires Unity import audit,Requires Unity import audit,Requires Unity import audit,0,0,1,1,Assets/LowPolyLivingRoomPack/Prefabs/Box_2.prefab,Search scene for MeshCollider refs,Requires Unity/scene object dependency audit,,Requires Unity audit,Requires Unity audit,,,Review,High visual/physics QA
Assets/LowPolyLivingRoomPack/Meshes/Box_1.fbx,18876,18.4 KB,Requires Unity import audit,Requires Unity import audit,Requires Unity import audit,Requires Unity import audit,Requires Unity import audit,Requires Unity import audit,0,0,1,1,Assets/LowPolyLivingRoomPack/Prefabs/Box_1.prefab,Search scene for MeshCollider refs,Requires Unity/scene object dependency audit,,Requires Unity audit,Requires Unity audit,,,Review,High visual/physics QA
Assets/LowPolyLivingRoomPack/Meshes/DVD_Player.fbx,18844,18.4 KB,Requires Unity import audit,Requires Unity import audit,Requires Unity import audit,Requires Unity import audit,Requires Unity import audit,Requires Unity import audit,0,0,1,1,Assets/LowPolyLivingRoomPack/Prefabs/DVD_Player.prefab,Search scene for MeshCollider refs,Requires Unity/scene object dependency audit,,Requires Unity audit,Requires Unity audit,,,Review,High visual/physics QA
Assets/Pandazole_Ultimate_Pack/Pandazole Farm Ranch Pack/Models/Env_FarmLand_06_Watered.fbx,18844,18.4 KB,Requires Unity import audit,Requires Unity import audit,Requires Unity import audit,Requires Unity import audit,Requires Unity import audit,Requires Unity import audit,0,0,1,1,Assets/Pandazole_Ultimate_Pack/Pandazole Farm Ranch Pack/Prefabs/Env_FarmLand_06_Watered.prefab,Search scene for MeshCollider refs,Requires Unity/scene object dependency audit,,Requires Unity audit,Requires Unity audit,,,Review,High visual/physics QA
Assets/Pandazole_Ultimate_Pack/Pandazole Farm Ranch Pack/Models/Env_FarmLand_08_Watered.fbx,18844,18.4 KB,Requires Unity import audit,Requires Unity import audit,Requires Unity import audit,Requires Unity import audit,Requires Unity import audit,Requires Unity import audit,0,0,1,1,Assets/Pandazole_Ultimate_Pack/Pandazole Farm Ranch Pack/Prefabs/Env_FarmLand_08_Watered.prefab,Search scene for MeshCollider refs,Requires Unity/scene object dependency audit,,Requires Unity audit,Requires Unity audit,,,Review,High visual/physics QA
Assets/LowPolyLivingRoomPack/Meshes/Painting_Modern_2.fbx,18828,18.4 KB,Requires Unity import audit,Requires Unity import audit,Requires Unity import audit,Requires Unity import audit,Requires Unity import audit,Requires Unity import audit,0,0,1,1,Assets/LowPolyLivingRoomPack/Prefabs/Painting_Modern_2.prefab,Search scene for MeshCollider refs,Requires Unity/scene object dependency audit,,Requires Unity audit,Requires Unity audit,,,Review,High visual/physics QA
Assets/Pandazole_Ultimate_Pack/Pandazole Farm Ranch Pack/Models/Env_FarmLand_08.fbx,18828,18.4 KB,Requires Unity import audit,Requires Unity import audit,Requires Unity import audit,Requires Unity import audit,Requires Unity import audit,Requires Unity import audit,0,0,1,1,Assets/Pandazole_Ultimate_Pack/Pandazole Farm Ranch Pack/Prefabs/Env_FarmLand_08.prefab,Search scene for MeshCollider refs,Requires Unity/scene object dependency audit,,Requires Unity audit,Requires Unity audit,,,Review,High visual/physics QA
Assets/Pandazole_Ultimate_Pack/Pandazole Farm Ranch Pack/Models/Env_FarmLand_06.fbx,18828,18.4 KB,Requires Unity import audit,Requires Unity import audit,Requires Unity import audit,Requires Unity import audit,Requires Unity import audit,Requires Unity import audit,0,0,1,1,Assets/Pandazole_Ultimate_Pack/Pandazole Farm Ranch Pack/Prefabs/Env_FarmLand_06.prefab,Search scene for MeshCollider refs,Requires Unity/scene object dependency audit,,Requires Unity audit,Requires Unity audit,,,Review,High visual/physics QA
Assets/LowPolyLivingRoomPack/Meshes/Coffee_table_4.fbx,18716,18.3 KB,Requires Unity import audit,Requires Unity import audit,Requires Unity import audit,Requires Unity import audit,Requires Unity import audit,Requires Unity import audit,0,0,1,1,Assets/LowPolyLivingRoomPack/Prefabs/Coffee_table_4.prefab,Search scene for MeshCollider refs,Requires Unity/scene object dependency audit,,Requires Unity audit,Requires Unity audit,,,Review,High visual/physics QA
Assets/Pandazole_Ultimate_Pack/Pandazole Farm Ranch Pack/Models/Env_WaterLand_03.fbx,18652,18.2 KB,Requires Unity import audit,Requires Unity import audit,Requires Unity import audit,Requires Unity import audit,Requires Unity import audit,Requires Unity import audit,0,0,1,1,Assets/Pandazole_Ultimate_Pack/Pandazole Farm Ranch Pack/Prefabs/Env_WaterLand_03.prefab,Search scene for MeshCollider refs,Requires Unity/scene object dependency audit,,Requires Unity audit,Requires Unity audit,,,Review,High visual/physics QA
Assets/LowPolyLivingRoomPack/Meshes/Speaker_Soundbar.fbx,18556,18.1 KB,Requires Unity import audit,Requires Unity import audit,Requires Unity import audit,Requires Unity import audit,Requires Unity import audit,Requires Unity import audit,0,0,1,1,Assets/BH_XR_MainScene.unity; Assets/LowPolyLivingRoomPack/Prefabs/Speaker_Soundbar.prefab; Assets/_Recovery/0 (17).unity; Assets/_Recovery/0 (18).unity; Assets/_Recovery/0 (21).unity; Assets/_Recovery/0 (22).unity; Assets/_Recovery/0 (23).unity,Search scene for MeshCollider refs,Requires Unity/scene object dependency audit,,Requires Unity audit,Requires Unity audit,,,Review,High visual/physics QA
Assets/Pandazole_Ultimate_Pack/Pandazole Farm Ranch Pack/Models/Env_GrassLand_Stright.fbx,18476,18.0 KB,Requires Unity import audit,Requires Unity import audit,Requires Unity import audit,Requires Unity import audit,Requires Unity import audit,Requires Unity import audit,0,0,1,1,Assets/Pandazole_Ultimate_Pack/Pandazole Farm Ranch Pack/Prefabs/Env_GrassLand_Stright.prefab,Search scene for MeshCollider refs,Requires Unity/scene object dependency audit,,Requires Unity audit,Requires Unity audit,,,Review,High visual/physics QA
Assets/Pandazole_Ultimate_Pack/Pandazole Farm Ranch Pack/Models/Env_WaterLand_01.fbx,18460,18.0 KB,Requires Unity import audit,Requires Unity import audit,Requires Unity import audit,Requires Unity import audit,Requires Unity import audit,Requires Unity import audit,0,0,1,1,Assets/Pandazole_Ultimate_Pack/Pandazole Farm Ranch Pack/Prefabs/Env_WaterLand_01.prefab,Search scene for MeshCollider refs,Requires Unity/scene object dependency audit,,Requires Unity audit,Requires Unity audit,,,Review,High visual/physics QA
Assets/BrokenVector/LowPolyFencePack/Models/Fence Type2 03.dae,18386,18.0 KB,Requires Unity import audit,Requires Unity import audit,Requires Unity import audit,Requires Unity import audit,Requires Unity import audit,Requires Unity import audit,0,0,,,Assets/BH_XR_MainScene.unity; Assets/BrokenVector/LowPolyFencePack/Prefabs/Fence Type2 03.prefab; Assets/BrokenVector/LowPolyFencePack/Scenes/All Fences Example.unity; Assets/_Recovery/0 (17).unity; Assets/_Recovery/0 (18).unity; Assets/_Recovery/0 (21).unity; Assets/_Recovery/0 (22).unity; Assets/_Recovery/0 (23).unity,Search scene for MeshCollider refs,Requires Unity/scene object dependency audit,,Requires Unity audit,Requires Unity audit,,,Review,High visual/physics QA
Assets/Food Pack-Demo/Mesh/Salami slice A.fbx,18348,17.9 KB,Requires Unity import audit,Requires Unity import audit,Requires Unity import audit,Requires Unity import audit,Requires Unity import audit,Requires Unity import audit,0,0,0,0,Assets/Food Pack-Demo/Prefabs with colliders/Salami slice A.prefab; Assets/Food Pack-Demo/Prefabs/Salami slice A.prefab,Search scene for MeshCollider refs,Requires Unity/scene object dependency audit,,Requires Unity audit,Requires Unity audit,,,Review,High visual/physics QA
Assets/Food Pack-Demo/Mesh Collider/Salami slice A.fbx,18348,17.9 KB,Requires Unity import audit,Requires Unity import audit,Requires Unity import audit,Requires Unity import audit,Requires Unity import audit,Requires Unity import audit,0,0,1,1,,Search scene for MeshCollider refs,Requires Unity/scene object dependency audit,,Requires Unity audit,Requires Unity audit,,,Review,Unknown
Assets/Pandazole_Ultimate_Pack/Pandazole Farm Ranch Pack/Models/Env_FarmLand_01.fbx,18300,17.9 KB,Requires Unity import audit,Requires Unity import audit,Requires Unity import audit,Requires Unity import audit,Requires Unity import audit,Requires Unity import audit,0,0,1,1,Assets/Pandazole_Ultimate_Pack/Pandazole Farm Ranch Pack/Prefabs/Env_FarmLand_01.prefab,Search scene for MeshCollider refs,Requires Unity/scene object dependency audit,,Requires Unity audit,Requires Unity audit,,,Review,High visual/physics QA
Assets/Pandazole_Ultimate_Pack/Pandazole Farm Ranch Pack/Models/Env_GrassLand_Plain.fbx,18300,17.9 KB,Requires Unity import audit,Requires Unity import audit,Requires Unity import audit,Requires Unity import audit,Requires Unity import audit,Requires Unity import audit,0,0,1,1,Assets/Pandazole_Ultimate_Pack/Pandazole Farm Ranch Pack/Prefabs/Env_GrassLand_Plain.prefab,Search scene for MeshCollider refs,Requires Unity/scene object dependency audit,,Requires Unity audit,Requires Unity audit,,,Review,High visual/physics QA
Assets/Pandazole_Ultimate_Pack/Pandazole Farm Ranch Pack/Models/Env_WaterLand_04.fbx,18252,17.8 KB,Requires Unity import audit,Requires Unity import audit,Requires Unity import audit,Requires Unity import audit,Requires Unity import audit,Requires Unity import audit,0,0,1,1,Assets/Pandazole_Ultimate_Pack/Pandazole Farm Ranch Pack/Prefabs/Env_WaterLand_04.prefab,Search scene for MeshCollider refs,Requires Unity/scene object dependency audit,,Requires Unity audit,Requires Unity audit,,,Review,High visual/physics QA
Assets/Food Pack-Demo/Mesh/Coffee Cup C.fbx,18220,17.8 KB,Requires Unity import audit,Requires Unity import audit,Requires Unity import audit,Requires Unity import audit,Requires Unity import audit,Requires Unity import audit,0,0,0,0,Assets/Food Pack-Demo/Prefabs with colliders/Coffee Cup C.prefab; Assets/Food Pack-Demo/Prefabs/Coffee Cup C.prefab,Search scene for MeshCollider refs,Requires Unity/scene object dependency audit,,Requires Unity audit,Requires Unity audit,,,Review,High visual/physics QA
Assets/Food Pack-Demo/Mesh/Hotdog A.fbx,18108,17.7 KB,Requires Unity import audit,Requires Unity import audit,Requires Unity import audit,Requires Unity import audit,Requires Unity import audit,Requires Unity import audit,0,0,0,0,Assets/Food Pack-Demo/Prefabs with colliders/Hotdog A.prefab; Assets/Food Pack-Demo/Prefabs/Hotdog A.prefab,Search scene for MeshCollider refs,Requires Unity/scene object dependency audit,,Requires Unity audit,Requires Unity audit,,,Review,High visual/physics QA
Assets/Food Pack-Demo/Mesh/Ketchup Plastic Bottle.fbx,18060,17.6 KB,Requires Unity import audit,Requires Unity import audit,Requires Unity import audit,Requires Unity import audit,Requires Unity import audit,Requires Unity import audit,0,0,0,0,Assets/Food Pack-Demo/Prefabs with colliders/Ketchup Plastic Bottle.prefab; Assets/Food Pack-Demo/Prefabs/Ketchup Plastic Bottle.prefab,Search scene for MeshCollider refs,Requires Unity/scene object dependency audit,,Requires Unity audit,Requires Unity audit,,,Review,High visual/physics QA
Assets/Food Pack-Demo/Mesh/Salami cut A.fbx,17692,17.3 KB,Requires Unity import audit,Requires Unity import audit,Requires Unity import audit,Requires Unity import audit,Requires Unity import audit,Requires Unity import audit,0,0,0,0,Assets/Food Pack-Demo/Prefabs with colliders/Salami cut A.prefab; Assets/Food Pack-Demo/Prefabs/Salami cut A.prefab,Search scene for MeshCollider refs,Requires Unity/scene object dependency audit,,Requires Unity audit,Requires Unity audit,,,Review,High visual/physics QA
Assets/Food Pack-Demo/Mesh Collider/Salami cut A.fbx,17692,17.3 KB,Requires Unity import audit,Requires Unity import audit,Requires Unity import audit,Requires Unity import audit,Requires Unity import audit,Requires Unity import audit,0,0,1,1,,Search scene for MeshCollider refs,Requires Unity/scene object dependency audit,,Requires Unity audit,Requires Unity audit,,,Review,Unknown
Assets/Food Pack-Demo/Mesh/Salmon Cut.fbx,17596,17.2 KB,Requires Unity import audit,Requires Unity import audit,Requires Unity import audit,Requires Unity import audit,Requires Unity import audit,Requires Unity import audit,0,0,0,0,Assets/Food Pack-Demo/Prefabs with colliders/Salmon Cut.prefab; Assets/Food Pack-Demo/Prefabs/Salmon Cut.prefab,Search scene for MeshCollider refs,Requires Unity/scene object dependency audit,,Requires Unity audit,Requires Unity audit,,,Review,High visual/physics QA
Assets/Food Pack-Demo/Mesh Collider/Salmon Cut.fbx,17596,17.2 KB,Requires Unity import audit,Requires Unity import audit,Requires Unity import audit,Requires Unity import audit,Requires Unity import audit,Requires Unity import audit,0,0,1,1,,Search scene for MeshCollider refs,Requires Unity/scene object dependency audit,,Requires Unity audit,Requires Unity audit,,,Review,Unknown
Assets/Food Pack-Demo/Mesh/Pizza Margarita Slice.fbx,17532,17.1 KB,Requires Unity import audit,Requires Unity import audit,Requires Unity import audit,Requires Unity import audit,Requires Unity import audit,Requires Unity import audit,0,0,0,0,Assets/Food Pack-Demo/Prefabs with colliders/Pizza Margarita Slice.prefab; Assets/Food Pack-Demo/Prefabs/Pizza Margarita Slice.prefab,Search scene for MeshCollider refs,Requires Unity/scene object dependency audit,,Requires Unity audit,Requires Unity audit,,,Review,High visual/physics QA
Assets/UnityTechnologies/Basic Asset Pack Interior/Models/Floor/Floor2x4m.FBX,17520,17.1 KB,Requires Unity import audit,Requires Unity import audit,Requires Unity import audit,Requires Unity import audit,Requires Unity import audit,Requires Unity import audit,0,0,1,1,Assets/UnityTechnologies/Basic Asset Pack Interior/Prefabs/Floor/Floor2x4m.prefab,Search scene for MeshCollider refs,Requires Unity/scene object dependency audit,,Requires Unity audit,Requires Unity audit,,,Review,High visual/physics QA
Assets/UnityTechnologies/Basic Asset Pack Interior/Models/Floor/Floor1m.FBX,17440,17.0 KB,Requires Unity import audit,Requires Unity import audit,Requires Unity import audit,Requires Unity import audit,Requires Unity import audit,Requires Unity import audit,0,0,1,1,Assets/UnityTechnologies/Basic Asset Pack Interior/Prefabs/Floor/Floor1m.prefab,Search scene for MeshCollider refs,Requires Unity/scene object dependency audit,,Requires Unity audit,Requires Unity audit,,,Review,High visual/physics QA
Assets/UnityTechnologies/Basic Asset Pack Interior/Models/Floor/Floor4m.FBX,17440,17.0 KB,Requires Unity import audit,Requires Unity import audit,Requires Unity import audit,Requires Unity import audit,Requires Unity import audit,Requires Unity import audit,0,0,1,1,Assets/BH_XR_MainScene.unity; Assets/UnityTechnologies/Basic Asset Pack Interior/Prefabs/Floor/Floor4m.prefab; Assets/_Recovery/0 (14).unity; Assets/_Recovery/0 (15).unity; Assets/_Recovery/0 (16).unity; Assets/_Recovery/0 (17).unity; Assets/_Recovery/0 (18).unity; Assets/_Recovery/0 (21).unity; Assets/_Recovery/0 (22).unity; Assets/_Recovery/0 (23).unity,Search scene for MeshCollider refs,Requires Unity/scene object dependency audit,,Requires Unity audit,Requires Unity audit,,,Review,High visual/physics QA
Assets/UnityTechnologies/Basic Asset Pack Interior/Models/Floor/Floor3m.FBX,17440,17.0 KB,Requires Unity import audit,Requires Unity import audit,Requires Unity import audit,Requires Unity import audit,Requires Unity import audit,Requires Unity import audit,0,0,1,1,Assets/UnityTechnologies/Basic Asset Pack Interior/Prefabs/Floor/Floor3m.prefab,Search scene for MeshCollider refs,Requires Unity/scene object dependency audit,,Requires Unity audit,Requires Unity audit,,,Review,High visual/physics QA
Assets/UnityTechnologies/Basic Asset Pack Interior/Models/Floor/Floor2m.FBX,17440,17.0 KB,Requires Unity import audit,Requires Unity import audit,Requires Unity import audit,Requires Unity import audit,Requires Unity import audit,Requires Unity import audit,0,0,1,1,Assets/UnityTechnologies/Basic Asset Pack Interior/Prefabs/Floor/Floor2m.prefab,Search scene for MeshCollider refs,Requires Unity/scene object dependency audit,,Requires Unity audit,Requires Unity audit,,,Review,High visual/physics QA
Assets/Food Pack-Demo/Mesh/Cookies.fbx,17372,17.0 KB,Requires Unity import audit,Requires Unity import audit,Requires Unity import audit,Requires Unity import audit,Requires Unity import audit,Requires Unity import audit,0,0,0,0,Assets/Food Pack-Demo/Prefabs with colliders/Cookies.prefab; Assets/Food Pack-Demo/Prefabs/Cookies.prefab,Search scene for MeshCollider refs,Requires Unity/scene object dependency audit,,Requires Unity audit,Requires Unity audit,,,Review,High visual/physics QA
Assets/Food Pack-Demo/Mesh/Peach.fbx,17148,16.7 KB,Requires Unity import audit,Requires Unity import audit,Requires Unity import audit,Requires Unity import audit,Requires Unity import audit,Requires Unity import audit,0,0,0,0,Assets/Food Pack-Demo/Prefabs with colliders/Peach.prefab; Assets/Food Pack-Demo/Prefabs/Peach.prefab,Search scene for MeshCollider refs,Requires Unity/scene object dependency audit,,Requires Unity audit,Requires Unity audit,,,Review,High visual/physics QA
Assets/Food Pack-Demo/Mesh/Tomato.fbx,17132,16.7 KB,Requires Unity import audit,Requires Unity import audit,Requires Unity import audit,Requires Unity import audit,Requires Unity import audit,Requires Unity import audit,0,0,0,0,Assets/Food Pack-Demo/Prefabs with colliders/Tomato.prefab; Assets/Food Pack-Demo/Prefabs/Tomato.prefab,Search scene for MeshCollider refs,Requires Unity/scene object dependency audit,,Requires Unity audit,Requires Unity audit,,,Review,High visual/physics QA
Assets/Food Pack-Demo/Mesh/Candy Cane B.fbx,17116,16.7 KB,Requires Unity import audit,Requires Unity import audit,Requires Unity import audit,Requires Unity import audit,Requires Unity import audit,Requires Unity import audit,0,0,0,0,Assets/Food Pack-Demo/Prefabs with colliders/Candy Cane B.prefab; Assets/Food Pack-Demo/Prefabs/Candy Cane B.prefab,Search scene for MeshCollider refs,Requires Unity/scene object dependency audit,,Requires Unity audit,Requires Unity audit,,,Review,High visual/physics QA
Assets/Food Pack-Demo/Mesh/Melon.fbx,17020,16.6 KB,Requires Unity import audit,Requires Unity import audit,Requires Unity import audit,Requires Unity import audit,Requires Unity import audit,Requires Unity import audit,0,0,0,0,Assets/Food Pack-Demo/Prefabs with colliders/Melon.prefab; Assets/Food Pack-Demo/Prefabs/Melon.prefab,Search scene for MeshCollider refs,Requires Unity/scene object dependency audit,,Requires Unity audit,Requires Unity audit,,,Review,High visual/physics QA
Assets/Food Pack-Demo/Mesh/Maki C1.fbx,16812,16.4 KB,Requires Unity import audit,Requires Unity import audit,Requires Unity import audit,Requires Unity import audit,Requires Unity import audit,Requires Unity import audit,0,0,0,0,Assets/Food Pack-Demo/Prefabs with colliders/Maki C1.prefab; Assets/Food Pack-Demo/Prefabs/Maki C1.prefab,Search scene for MeshCollider refs,Requires Unity/scene object dependency audit,,Requires Unity audit,Requires Unity audit,,,Review,High visual/physics QA
Assets/Food Pack-Demo/Mesh/Unagi.fbx,16508,16.1 KB,Requires Unity import audit,Requires Unity import audit,Requires Unity import audit,Requires Unity import audit,Requires Unity import audit,Requires Unity import audit,0,0,0,0,Assets/Food Pack-Demo/Prefabs with colliders/Unagi.prefab; Assets/Food Pack-Demo/Prefabs/Unagi.prefab,Search scene for MeshCollider refs,Requires Unity/scene object dependency audit,,Requires Unity audit,Requires Unity audit,,,Review,High visual/physics QA
Assets/Food Pack-Demo/Mesh/Salami A.fbx,16044,15.7 KB,Requires Unity import audit,Requires Unity import audit,Requires Unity import audit,Requires Unity import audit,Requires Unity import audit,Requires Unity import audit,0,0,0,0,Assets/Food Pack-Demo/Prefabs with colliders/Salami A.prefab; Assets/Food Pack-Demo/Prefabs/Salami A.prefab,Search scene for MeshCollider refs,Requires Unity/scene object dependency audit,,Requires Unity audit,Requires Unity audit,,,Review,High visual/physics QA
Assets/Food Pack-Demo/Mesh Collider/Salami A.fbx,16044,15.7 KB,Requires Unity import audit,Requires Unity import audit,Requires Unity import audit,Requires Unity import audit,Requires Unity import audit,Requires Unity import audit,0,0,1,1,,Search scene for MeshCollider refs,Requires Unity/scene object dependency audit,,Requires Unity audit,Requires Unity audit,,,Review,Unknown
Assets/BrokenVector/LowPolyFencePack/Models/Fence Type3 01.dae,15945,15.6 KB,Requires Unity import audit,Requires Unity import audit,Requires Unity import audit,Requires Unity import audit,Requires Unity import audit,Requires Unity import audit,0,0,,,Assets/BrokenVector/LowPolyFencePack/Prefabs/Fence Type3 01.prefab; Assets/BrokenVector/LowPolyFencePack/Scenes/All Fences Example.unity,Search scene for MeshCollider refs,Requires Unity/scene object dependency audit,,Requires Unity audit,Requires Unity audit,,,Review,High visual/physics QA
Assets/Food Pack-Demo/Mesh/Peach half with seed.fbx,15740,15.4 KB,Requires Unity import audit,Requires Unity import audit,Requires Unity import audit,Requires Unity import audit,Requires Unity import audit,Requires Unity import audit,0,0,0,0,Assets/Food Pack-Demo/Prefabs with colliders/Peach half with seed.prefab; Assets/Food Pack-Demo/Prefabs/Peach half with seed.prefab,Search scene for MeshCollider refs,Requires Unity/scene object dependency audit,,Requires Unity audit,Requires Unity audit,,,Review,High visual/physics QA
Assets/Food Pack-Demo/Mesh/Peach half no seed.fbx,15676,15.3 KB,Requires Unity import audit,Requires Unity import audit,Requires Unity import audit,Requires Unity import audit,Requires Unity import audit,Requires Unity import audit,0,0,0,0,Assets/Food Pack-Demo/Prefabs with colliders/Peach half no seed.prefab; Assets/Food Pack-Demo/Prefabs/Peach half no seed.prefab,Search scene for MeshCollider refs,Requires Unity/scene object dependency audit,,Requires Unity audit,Requires Unity audit,,,Review,High visual/physics QA
Assets/Food Pack-Demo/Mesh/Salmon fillet.fbx,15580,15.2 KB,Requires Unity import audit,Requires Unity import audit,Requires Unity import audit,Requires Unity import audit,Requires Unity import audit,Requires Unity import audit,0,0,0,0,Assets/Food Pack-Demo/Prefabs with colliders/Salmon fillet.prefab; Assets/Food Pack-Demo/Prefabs/Salmon fillet.prefab,Search scene for MeshCollider refs,Requires Unity/scene object dependency audit,,Requires Unity audit,Requires Unity audit,,,Review,High visual/physics QA
Assets/Food Pack-Demo/Mesh Collider/Salmon fillet.fbx,15580,15.2 KB,Requires Unity import audit,Requires Unity import audit,Requires Unity import audit,Requires Unity import audit,Requires Unity import audit,Requires Unity import audit,0,0,1,1,,Search scene for MeshCollider refs,Requires Unity/scene object dependency audit,,Requires Unity audit,Requires Unity audit,,,Review,Unknown
Assets/BrokenVector/LowPolyFencePack/Models/Fence Type2 02.dae,15330,15.0 KB,Requires Unity import audit,Requires Unity import audit,Requires Unity import audit,Requires Unity import audit,Requires Unity import audit,Requires Unity import audit,0,0,,,Assets/BrokenVector/LowPolyFencePack/Prefabs/Fence Type2 02.prefab; Assets/BrokenVector/LowPolyFencePack/Scenes/All Fences Example.unity,Search scene for MeshCollider refs,Requires Unity/scene object dependency audit,,Requires Unity audit,Requires Unity audit,,,Review,High visual/physics QA
Assets/Food Pack-Demo/Mesh/Sushi Wood Table.fbx,15324,15.0 KB,Requires Unity import audit,Requires Unity import audit,Requires Unity import audit,Requires Unity import audit,Requires Unity import audit,Requires Unity import audit,0,0,0,0,Assets/Food Pack-Demo/Prefabs with colliders/Sushi Wood Table.prefab; Assets/Food Pack-Demo/Prefabs/Sushi Wood Table.prefab,Search scene for MeshCollider refs,Requires Unity/scene object dependency audit,,Requires Unity audit,Requires Unity audit,,,Review,High visual/physics QA
Assets/BrokenVector/LowPolyFencePack/Models/Fence Type2 01.dae,15324,15.0 KB,Requires Unity import audit,Requires Unity import audit,Requires Unity import audit,Requires Unity import audit,Requires Unity import audit,Requires Unity import audit,0,0,,,Assets/BrokenVector/LowPolyFencePack/Prefabs/Fence Type2 01.prefab; Assets/BrokenVector/LowPolyFencePack/Scenes/All Fences Example.unity,Search scene for MeshCollider refs,Requires Unity/scene object dependency audit,,Requires Unity audit,Requires Unity audit,,,Review,High visual/physics QA
Assets/DevDen Arch Viz Scotland/Models/Kitchen Room/induction-hob.fbx,14988,14.6 KB,Requires Unity import audit,Requires Unity import audit,Requires Unity import audit,Requires Unity import audit,Requires Unity import audit,Requires Unity import audit,1,0,0,0,Assets/DevDen Arch Viz Scotland/Prefabs/Kitchen Room/Kitchen_Cabinet-1.prefab; Assets/DevDen Arch Viz Scotland/Scenes/ArchViz.unity,Search scene for MeshCollider refs,Requires Unity/scene object dependency audit,,Requires Unity audit,Requires Unity audit,,,Review,High visual/physics QA
Assets/Food Pack-Demo/Mesh/Bundt Cake Piece.fbx,14780,14.4 KB,Requires Unity import audit,Requires Unity import audit,Requires Unity import audit,Requires Unity import audit,Requires Unity import audit,Requires Unity import audit,0,0,0,0,Assets/Food Pack-Demo/Prefabs with colliders/Bundt Cake Piece.prefab; Assets/Food Pack-Demo/Prefabs/Bundt Cake Piece.prefab,Search scene for MeshCollider refs,Requires Unity/scene object dependency audit,,Requires Unity audit,Requires Unity audit,,,Review,High visual/physics QA
Assets/Food Pack-Demo/Mesh/Wasabi.fbx,14716,14.4 KB,Requires Unity import audit,Requires Unity import audit,Requires Unity import audit,Requires Unity import audit,Requires Unity import audit,Requires Unity import audit,0,0,0,0,Assets/Food Pack-Demo/Prefabs with colliders/Wasabi.prefab; Assets/Food Pack-Demo/Prefabs/Wasabi.prefab,Search scene for MeshCollider refs,Requires Unity/scene object dependency audit,,Requires Unity audit,Requires Unity audit,,,Review,High visual/physics QA
Assets/Food Pack-Demo/Mesh/Melon Piece.fbx,14684,14.3 KB,Requires Unity import audit,Requires Unity import audit,Requires Unity import audit,Requires Unity import audit,Requires Unity import audit,Requires Unity import audit,0,0,0,0,Assets/Food Pack-Demo/Prefabs with colliders/Melon Piece.prefab; Assets/Food Pack-Demo/Prefabs/Melon Piece.prefab,Search scene for MeshCollider refs,Requires Unity/scene object dependency audit,,Requires Unity audit,Requires Unity audit,,,Review,High visual/physics QA
Assets/DevDen Arch Viz Scotland/Models/Bed Room/fotostand.fbx,14638,14.3 KB,Requires Unity import audit,Requires Unity import audit,Requires Unity import audit,Requires Unity import audit,Requires Unity import audit,Requires Unity import audit,1,0,0,0,Assets/DevDen Arch Viz Scotland/Prefabs/Bed Room/fotostand.prefab; Assets/DevDen Arch Viz Scotland/Scenes/ArchViz.unity,Search scene for MeshCollider refs,Requires Unity/scene object dependency audit,,Requires Unity audit,Requires Unity audit,,,Review,High visual/physics QA
Assets/Food Pack-Demo/Mesh/Tamago.fbx,14524,14.2 KB,Requires Unity import audit,Requires Unity import audit,Requires Unity import audit,Requires Unity import audit,Requires Unity import audit,Requires Unity import audit,0,0,0,0,Assets/Food Pack-Demo/Prefabs with colliders/Tamago.prefab; Assets/Food Pack-Demo/Prefabs/Tamago.prefab,Search scene for MeshCollider refs,Requires Unity/scene object dependency audit,,Requires Unity audit,Requires Unity audit,,,Review,High visual/physics QA
Assets/Food Pack-Demo/Mesh/Sake Pot C.fbx,14108,13.8 KB,Requires Unity import audit,Requires Unity import audit,Requires Unity import audit,Requires Unity import audit,Requires Unity import audit,Requires Unity import audit,0,0,0,0,Assets/Food Pack-Demo/Prefabs with colliders/Sake Pot C.prefab; Assets/Food Pack-Demo/Prefabs/Sake Pot C.prefab,Search scene for MeshCollider refs,Requires Unity/scene object dependency audit,,Requires Unity audit,Requires Unity audit,,,Review,High visual/physics QA
Assets/Food Pack-Demo/Mesh/Peach slice.fbx,14092,13.8 KB,Requires Unity import audit,Requires Unity import audit,Requires Unity import audit,Requires Unity import audit,Requires Unity import audit,Requires Unity import audit,0,0,0,0,Assets/Food Pack-Demo/Prefabs with colliders/Peach slice.prefab; Assets/Food Pack-Demo/Prefabs/Peach slice.prefab,Search scene for MeshCollider refs,Requires Unity/scene object dependency audit,,Requires Unity audit,Requires Unity audit,,,Review,High visual/physics QA
Assets/Food Pack-Demo/Mesh/Sake cup C.fbx,13932,13.6 KB,Requires Unity import audit,Requires Unity import audit,Requires Unity import audit,Requires Unity import audit,Requires Unity import audit,Requires Unity import audit,0,0,0,0,Assets/Food Pack-Demo/Prefabs with colliders/Sake cup C.prefab; Assets/Food Pack-Demo/Prefabs/Sake cup C.prefab,Search scene for MeshCollider refs,Requires Unity/scene object dependency audit,,Requires Unity audit,Requires Unity audit,,,Review,High visual/physics QA
Assets/Food Pack-Demo/Mesh Collider/Bell pepper_collider.fbx,13596,13.3 KB,Requires Unity import audit,Requires Unity import audit,Requires Unity import audit,Requires Unity import audit,Requires Unity import audit,Requires Unity import audit,0,0,0,0,Assets/Food Pack-Demo/Prefabs with colliders/Bell pepper green.prefab,Search scene for MeshCollider refs,Requires Unity/scene object dependency audit,,Requires Unity audit,Requires Unity audit,,,Review,High visual/physics QA
Assets/Food Pack-Demo/Mesh Collider/Skewer C_collider.fbx,13052,12.7 KB,Requires Unity import audit,Requires Unity import audit,Requires Unity import audit,Requires Unity import audit,Requires Unity import audit,Requires Unity import audit,0,0,0,0,Assets/Food Pack-Demo/Prefabs with colliders/Skewer C.prefab,Search scene for MeshCollider refs,Requires Unity/scene object dependency audit,,Requires Unity audit,Requires Unity audit,,,Review,High visual/physics QA
Assets/Food Pack-Demo/Mesh Collider/Candy Cane_collider 1.fbx,12812,12.5 KB,Requires Unity import audit,Requires Unity import audit,Requires Unity import audit,Requires Unity import audit,Requires Unity import audit,Requires Unity import audit,0,0,0,0,Assets/Food Pack-Demo/Prefabs with colliders/Candy Cane B.prefab,Search scene for MeshCollider refs,Requires Unity/scene object dependency audit,,Requires Unity audit,Requires Unity audit,,,Review,High visual/physics QA
Assets/Food Pack-Demo/Mesh Collider/Melon_collider.fbx,12652,12.4 KB,Requires Unity import audit,Requires Unity import audit,Requires Unity import audit,Requires Unity import audit,Requires Unity import audit,Requires Unity import audit,0,0,0,0,Assets/Food Pack-Demo/Prefabs with colliders/Melon.prefab,Search scene for MeshCollider refs,Requires Unity/scene object dependency audit,,Requires Unity audit,Requires Unity audit,,,Review,High visual/physics QA
Assets/Food Pack-Demo/Mesh Collider/Pizza cut_collider.fbx,12556,12.3 KB,Requires Unity import audit,Requires Unity import audit,Requires Unity import audit,Requires Unity import audit,Requires Unity import audit,Requires Unity import audit,0,0,0,0,Assets/Food Pack-Demo/Prefabs with colliders/Pizza Margarita cut.prefab,Search scene for MeshCollider refs,Requires Unity/scene object dependency audit,,Requires Unity audit,Requires Unity audit,,,Review,High visual/physics QA
Assets/Food Pack-Demo/Mesh Collider/Hotdog_collider.fbx,12444,12.2 KB,Requires Unity import audit,Requires Unity import audit,Requires Unity import audit,Requires Unity import audit,Requires Unity import audit,Requires Unity import audit,0,0,0,0,Assets/Food Pack-Demo/Prefabs with colliders/Hotdog A.prefab,Search scene for MeshCollider refs,Requires Unity/scene object dependency audit,,Requires Unity audit,Requires Unity audit,,,Review,High visual/physics QA
Assets/Food Pack-Demo/Mesh Collider/Tomato_collider.fbx,12380,12.1 KB,Requires Unity import audit,Requires Unity import audit,Requires Unity import audit,Requires Unity import audit,Requires Unity import audit,Requires Unity import audit,0,0,0,0,Assets/Food Pack-Demo/Prefabs with colliders/Tomato.prefab,Search scene for MeshCollider refs,Requires Unity/scene object dependency audit,,Requires Unity audit,Requires Unity audit,,,Review,High visual/physics QA
Assets/Food Pack-Demo/Mesh Collider/Pizza_collider.fbx,12348,12.1 KB,Requires Unity import audit,Requires Unity import audit,Requires Unity import audit,Requires Unity import audit,Requires Unity import audit,Requires Unity import audit,0,0,0,0,Assets/Food Pack-Demo/Prefabs with colliders/Pizza Margarita.prefab,Search scene for MeshCollider refs,Requires Unity/scene object dependency audit,,Requires Unity audit,Requires Unity audit,,,Review,High visual/physics QA
Assets/Food Pack-Demo/Mesh Collider/Pretzel_collider.fbx,12316,12.0 KB,Requires Unity import audit,Requires Unity import audit,Requires Unity import audit,Requires Unity import audit,Requires Unity import audit,Requires Unity import audit,0,0,0,0,Assets/Food Pack-Demo/Prefabs with colliders/Pretzel.prefab,Search scene for MeshCollider refs,Requires Unity/scene object dependency audit,,Requires Unity audit,Requires Unity audit,,,Review,High visual/physics QA
Assets/Food Pack-Demo/Mesh Collider/Melon half_collider.fbx,12300,12.0 KB,Requires Unity import audit,Requires Unity import audit,Requires Unity import audit,Requires Unity import audit,Requires Unity import audit,Requires Unity import audit,0,0,0,0,Assets/Food Pack-Demo/Prefabs with colliders/Melon half.prefab,Search scene for MeshCollider refs,Requires Unity/scene object dependency audit,,Requires Unity audit,Requires Unity audit,,,Review,High visual/physics QA
Assets/Food Pack-Demo/Mesh Collider/Peach_collider.fbx,12284,12.0 KB,Requires Unity import audit,Requires Unity import audit,Requires Unity import audit,Requires Unity import audit,Requires Unity import audit,Requires Unity import audit,0,0,0,0,Assets/Food Pack-Demo/Prefabs with colliders/Peach.prefab,Search scene for MeshCollider refs,Requires Unity/scene object dependency audit,,Requires Unity audit,Requires Unity audit,,,Review,High visual/physics QA
Assets/Food Pack-Demo/Mesh Collider/Udon_collider.fbx,12268,12.0 KB,Requires Unity import audit,Requires Unity import audit,Requires Unity import audit,Requires Unity import audit,Requires Unity import audit,Requires Unity import audit,0,0,0,0,Assets/Food Pack-Demo/Prefabs with colliders/Udon.prefab,Search scene for MeshCollider refs,Requires Unity/scene object dependency audit,,Requires Unity audit,Requires Unity audit,,,Review,High visual/physics QA
Assets/Food Pack-Demo/Mesh Collider/Lamb leg_collider.fbx,12172,11.9 KB,Requires Unity import audit,Requires Unity import audit,Requires Unity import audit,Requires Unity import audit,Requires Unity import audit,Requires Unity import audit,0,0,0,0,Assets/Food Pack-Demo/Prefabs with colliders/Lamb leg.prefab,Search scene for MeshCollider refs,Requires Unity/scene object dependency audit,,Requires Unity audit,Requires Unity audit,,,Review,High visual/physics QA
Assets/Food Pack-Demo/Mesh Collider/Salami A_collider.fbx,12172,11.9 KB,Requires Unity import audit,Requires Unity import audit,Requires Unity import audit,Requires Unity import audit,Requires Unity import audit,Requires Unity import audit,0,0,0,0,Assets/Food Pack-Demo/Prefabs with colliders/Salami A.prefab,Search scene for MeshCollider refs,Requires Unity/scene object dependency audit,,Requires Unity audit,Requires Unity audit,,,Review,High visual/physics QA
Assets/Food Pack-Demo/Mesh Collider/Peach half_collider.fbx,12156,11.9 KB,Requires Unity import audit,Requires Unity import audit,Requires Unity import audit,Requires Unity import audit,Requires Unity import audit,Requires Unity import audit,0,0,0,0,Assets/Food Pack-Demo/Prefabs with colliders/Peach half no seed.prefab; Assets/Food Pack-Demo/Prefabs with colliders/Peach half with seed.prefab,Search scene for MeshCollider refs,Requires Unity/scene object dependency audit,,Requires Unity audit,Requires Unity audit,,,Review,High visual/physics QA
Assets/Food Pack-Demo/Mesh Collider/Doughnut_collider.fbx,12140,11.9 KB,Requires Unity import audit,Requires Unity import audit,Requires Unity import audit,Requires Unity import audit,Requires Unity import audit,Requires Unity import audit,0,0,0,0,Assets/Food Pack-Demo/Prefabs with colliders/Doughnut D.prefab; Assets/Food Pack-Demo/Prefabs with colliders/Doughnut H.prefab,Search scene for MeshCollider refs,Requires Unity/scene object dependency audit,,Requires Unity audit,Requires Unity audit,,,Review,High visual/physics QA
Assets/Food Pack-Demo/Mesh/Chopsticks holder.fbx,12092,11.8 KB,Requires Unity import audit,Requires Unity import audit,Requires Unity import audit,Requires Unity import audit,Requires Unity import audit,Requires Unity import audit,0,0,0,0,Assets/Food Pack-Demo/Prefabs with colliders/Chopsticks holder.prefab; Assets/Food Pack-Demo/Prefabs/Chopsticks holder.prefab,Search scene for MeshCollider refs,Requires Unity/scene object dependency audit,,Requires Unity audit,Requires Unity audit,,,Review,High visual/physics QA
Assets/Food Pack-Demo/Mesh Collider/Candy Cane_collider 2.fbx,12076,11.8 KB,Requires Unity import audit,Requires Unity import audit,Requires Unity import audit,Requires Unity import audit,Requires Unity import audit,Requires Unity import audit,0,0,0,0,Assets/Food Pack-Demo/Prefabs with colliders/Candy Cane B.prefab,Search scene for MeshCollider refs,Requires Unity/scene object dependency audit,,Requires Unity audit,Requires Unity audit,,,Review,High visual/physics QA
Assets/Food Pack-Demo/Mesh Collider/Soda bottle Glass_collider.fbx,12028,11.7 KB,Requires Unity import audit,Requires Unity import audit,Requires Unity import audit,Requires Unity import audit,Requires Unity import audit,Requires Unity import audit,0,0,0,0,Assets/Food Pack-Demo/Prefabs with colliders/Soda bottle Glass A.prefab,Search scene for MeshCollider refs,Requires Unity/scene object dependency audit,,Requires Unity audit,Requires Unity audit,,,Review,High visual/physics QA
Assets/Food Pack-Demo/Mesh/Chopsticks B.fbx,11964,11.7 KB,Requires Unity import audit,Requires Unity import audit,Requires Unity import audit,Requires Unity import audit,Requires Unity import audit,Requires Unity import audit,0,0,0,0,Assets/Food Pack-Demo/Prefabs with colliders/Chopsticks B.prefab; Assets/Food Pack-Demo/Prefabs/Chopsticks B.prefab,Search scene for MeshCollider refs,Requires Unity/scene object dependency audit,,Requires Unity audit,Requires Unity audit,,,Review,High visual/physics QA
Assets/Food Pack-Demo/Mesh Collider/Unagi_collider.fbx,11964,11.7 KB,Requires Unity import audit,Requires Unity import audit,Requires Unity import audit,Requires Unity import audit,Requires Unity import audit,Requires Unity import audit,0,0,0,0,Assets/Food Pack-Demo/Prefabs with colliders/Unagi.prefab,Search scene for MeshCollider refs,Requires Unity/scene object dependency audit,,Requires Unity audit,Requires Unity audit,,,Review,High visual/physics QA
Assets/Food Pack-Demo/Mesh Collider/Salmon fillet_collider.fbx,11964,11.7 KB,Requires Unity import audit,Requires Unity import audit,Requires Unity import audit,Requires Unity import audit,Requires Unity import audit,Requires Unity import audit,0,0,0,0,Assets/Food Pack-Demo/Prefabs with colliders/Salmon fillet.prefab,Search scene for MeshCollider refs,Requires Unity/scene object dependency audit,,Requires Unity audit,Requires Unity audit,,,Review,High visual/physics QA
Assets/Food Pack-Demo/Mesh Collider/Tomato Half_collider.fbx,11916,11.6 KB,Requires Unity import audit,Requires Unity import audit,Requires Unity import audit,Requires Unity import audit,Requires Unity import audit,Requires Unity import audit,0,0,0,0,Assets/Food Pack-Demo/Prefabs with colliders/Tomato Half.prefab,Search scene for MeshCollider refs,Requires Unity/scene object dependency audit,,Requires Unity audit,Requires Unity audit,,,Review,High visual/physics QA
Assets/Food Pack-Demo/Mesh Collider/Salmon_collider.fbx,11852,11.6 KB,Requires Unity import audit,Requires Unity import audit,Requires Unity import audit,Requires Unity import audit,Requires Unity import audit,Requires Unity import audit,0,0,0,0,Assets/Food Pack-Demo/Prefabs with colliders/Salmon.prefab,Search scene for MeshCollider refs,Requires Unity/scene object dependency audit,,Requires Unity audit,Requires Unity audit,,,Review,High visual/physics QA
Assets/Food Pack-Demo/Mesh Collider/Tamago_collider.fbx,11788,11.5 KB,Requires Unity import audit,Requires Unity import audit,Requires Unity import audit,Requires Unity import audit,Requires Unity import audit,Requires Unity import audit,0,0,0,0,Assets/Food Pack-Demo/Prefabs with colliders/Tamago.prefab,Search scene for MeshCollider refs,Requires Unity/scene object dependency audit,,Requires Unity audit,Requires Unity audit,,,Review,High visual/physics QA
Assets/Food Pack-Demo/Mesh Collider/Coffee Cup_collider.fbx,11740,11.5 KB,Requires Unity import audit,Requires Unity import audit,Requires Unity import audit,Requires Unity import audit,Requires Unity import audit,Requires Unity import audit,0,0,0,0,Assets/Food Pack-Demo/Prefabs with colliders/Coffee Cup C.prefab,Search scene for MeshCollider refs,Requires Unity/scene object dependency audit,,Requires Unity audit,Requires Unity audit,,,Review,High visual/physics QA
Assets/Food Pack-Demo/Mesh Collider/Salmon skeleton_collider.fbx,11740,11.5 KB,Requires Unity import audit,Requires Unity import audit,Requires Unity import audit,Requires Unity import audit,Requires Unity import audit,Requires Unity import audit,0,0,0,0,Assets/Food Pack-Demo/Prefabs with colliders/Salmon skeleton.prefab,Search scene for MeshCollider refs,Requires Unity/scene object dependency audit,,Requires Unity audit,Requires Unity audit,,,Review,High visual/physics QA
Assets/Food Pack-Demo/Mesh Collider/Soda can_collider.fbx,11740,11.5 KB,Requires Unity import audit,Requires Unity import audit,Requires Unity import audit,Requires Unity import audit,Requires Unity import audit,Requires Unity import audit,0,0,0,0,Assets/Food Pack-Demo/Prefabs with colliders/Soda can C.prefab,Search scene for MeshCollider refs,Requires Unity/scene object dependency audit,,Requires Unity audit,Requires Unity audit,,,Review,High visual/physics QA
Assets/Food Pack-Demo/Mesh Collider/Cookies_collider.fbx,11724,11.4 KB,Requires Unity import audit,Requires Unity import audit,Requires Unity import audit,Requires Unity import audit,Requires Unity import audit,Requires Unity import audit,0,0,0,0,Assets/Food Pack-Demo/Prefabs with colliders/Cookies.prefab,Search scene for MeshCollider refs,Requires Unity/scene object dependency audit,,Requires Unity audit,Requires Unity audit,,,Review,High visual/physics QA
Assets/Food Pack-Demo/Mesh Collider/Bell pepper green slice_collider.fbx,11692,11.4 KB,Requires Unity import audit,Requires Unity import audit,Requires Unity import audit,Requires Unity import audit,Requires Unity import audit,Requires Unity import audit,0,0,0,0,Assets/Food Pack-Demo/Prefabs with colliders/Bell pepper green slice.prefab,Search scene for MeshCollider refs,Requires Unity/scene object dependency audit,,Requires Unity audit,Requires Unity audit,,,Review,High visual/physics QA
Assets/Food Pack-Demo/Mesh Collider/Salami cut A_collider.fbx,11692,11.4 KB,Requires Unity import audit,Requires Unity import audit,Requires Unity import audit,Requires Unity import audit,Requires Unity import audit,Requires Unity import audit,0,0,0,0,Assets/Food Pack-Demo/Prefabs with colliders/Salami cut A.prefab,Search scene for MeshCollider refs,Requires Unity/scene object dependency audit,,Requires Unity audit,Requires Unity audit,,,Review,High visual/physics QA
Assets/Food Pack-Demo/Mesh Collider/Frappe B_collider 2.fbx,11660,11.4 KB,Requires Unity import audit,Requires Unity import audit,Requires Unity import audit,Requires Unity import audit,Requires Unity import audit,Requires Unity import audit,0,0,0,0,Assets/Food Pack-Demo/Prefabs with colliders/Frappe B.prefab,Search scene for MeshCollider refs,Requires Unity/scene object dependency audit,,Requires Unity audit,Requires Unity audit,,,Review,High visual/physics QA
Assets/Food Pack-Demo/Mesh Collider/Curry plate_collider.fbx,11644,11.4 KB,Requires Unity import audit,Requires Unity import audit,Requires Unity import audit,Requires Unity import audit,Requires Unity import audit,Requires Unity import audit,0,0,0,0,Assets/Food Pack-Demo/Prefabs with colliders/Curry plate.prefab,Search scene for MeshCollider refs,Requires Unity/scene object dependency audit,,Requires Unity audit,Requires Unity audit,,,Review,High visual/physics QA
Assets/Food Pack-Demo/Mesh Collider/Salmon Cut_collider.fbx,11580,11.3 KB,Requires Unity import audit,Requires Unity import audit,Requires Unity import audit,Requires Unity import audit,Requires Unity import audit,Requires Unity import audit,0,0,0,0,Assets/Food Pack-Demo/Prefabs with colliders/Salmon Cut.prefab,Search scene for MeshCollider refs,Requires Unity/scene object dependency audit,,Requires Unity audit,Requires Unity audit,,,Review,High visual/physics QA
Assets/Food Pack-Demo/Mesh Collider/Peach slice_collider.fbx,11548,11.3 KB,Requires Unity import audit,Requires Unity import audit,Requires Unity import audit,Requires Unity import audit,Requires Unity import audit,Requires Unity import audit,0,0,0,0,Assets/Food Pack-Demo/Prefabs with colliders/Peach slice.prefab,Search scene for MeshCollider refs,Requires Unity/scene object dependency audit,,Requires Unity audit,Requires Unity audit,,,Review,High visual/physics QA
Assets/Food Pack-Demo/Mesh Collider/Wasabi_collider.fbx,11532,11.3 KB,Requires Unity import audit,Requires Unity import audit,Requires Unity import audit,Requires Unity import audit,Requires Unity import audit,Requires Unity import audit,0,0,0,0,Assets/Food Pack-Demo/Prefabs with colliders/Wasabi.prefab,Search scene for MeshCollider refs,Requires Unity/scene object dependency audit,,Requires Unity audit,Requires Unity audit,,,Review,High visual/physics QA
Assets/Food Pack-Demo/Mesh Collider/Sake cup B+C_collider.fbx,11484,11.2 KB,Requires Unity import audit,Requires Unity import audit,Requires Unity import audit,Requires Unity import audit,Requires Unity import audit,Requires Unity import audit,0,0,0,0,Assets/Food Pack-Demo/Prefabs with colliders/Sake cup C.prefab,Search scene for MeshCollider refs,Requires Unity/scene object dependency audit,,Requires Unity audit,Requires Unity audit,,,Review,High visual/physics QA
Assets/Food Pack-Demo/Mesh Collider/Lamb Chop_collider.fbx,11468,11.2 KB,Requires Unity import audit,Requires Unity import audit,Requires Unity import audit,Requires Unity import audit,Requires Unity import audit,Requires Unity import audit,0,0,0,0,Assets/Food Pack-Demo/Prefabs with colliders/Lamb Chop Cooked.prefab; Assets/Food Pack-Demo/Prefabs with colliders/Lamb Chop.prefab,Search scene for MeshCollider refs,Requires Unity/scene object dependency audit,,Requires Unity audit,Requires Unity audit,,,Review,High visual/physics QA
Assets/Food Pack-Demo/Mesh Collider/Salmon plastic tray_collider.fbx,11468,11.2 KB,Requires Unity import audit,Requires Unity import audit,Requires Unity import audit,Requires Unity import audit,Requires Unity import audit,Requires Unity import audit,0,0,0,0,Assets/Food Pack-Demo/Prefabs with colliders/Salmon plastic tray.prefab,Search scene for MeshCollider refs,Requires Unity/scene object dependency audit,,Requires Unity audit,Requires Unity audit,,,Review,High visual/physics QA
Assets/Food Pack-Demo/Mesh Collider/Melon Piece_collider.fbx,11436,11.2 KB,Requires Unity import audit,Requires Unity import audit,Requires Unity import audit,Requires Unity import audit,Requires Unity import audit,Requires Unity import audit,0,0,0,0,Assets/Food Pack-Demo/Prefabs with colliders/Melon Piece.prefab,Search scene for MeshCollider refs,Requires Unity/scene object dependency audit,,Requires Unity audit,Requires Unity audit,,,Review,High visual/physics QA
Assets/Food Pack-Demo/Mesh Collider/Bundt Cake cut_collider 2.fbx,11388,11.1 KB,Requires Unity import audit,Requires Unity import audit,Requires Unity import audit,Requires Unity import audit,Requires Unity import audit,Requires Unity import audit,0,0,0,0,Assets/Food Pack-Demo/Prefabs with colliders/Bundt Cake cut.prefab,Search scene for MeshCollider refs,Requires Unity/scene object dependency audit,,Requires Unity audit,Requires Unity audit,,,Review,High visual/physics QA
Assets/Food Pack-Demo/Mesh Collider/Bundt Cake cut_collider 1.fbx,11388,11.1 KB,Requires Unity import audit,Requires Unity import audit,Requires Unity import audit,Requires Unity import audit,Requires Unity import audit,Requires Unity import audit,0,0,0,0,Assets/Food Pack-Demo/Prefabs with colliders/Bundt Cake cut.prefab,Search scene for MeshCollider refs,Requires Unity/scene object dependency audit,,Requires Unity audit,Requires Unity audit,,,Review,High visual/physics QA
Assets/Food Pack-Demo/Mesh Collider/Tomato Quarter_collider.fbx,11388,11.1 KB,Requires Unity import audit,Requires Unity import audit,Requires Unity import audit,Requires Unity import audit,Requires Unity import audit,Requires Unity import audit,0,0,0,0,Assets/Food Pack-Demo/Prefabs with colliders/Tomato Quarter.prefab,Search scene for MeshCollider refs,Requires Unity/scene object dependency audit,,Requires Unity audit,Requires Unity audit,,,Review,High visual/physics QA
Assets/Food Pack-Demo/Mesh Collider/Bundt Cake_collider.fbx,11372,11.1 KB,Requires Unity import audit,Requires Unity import audit,Requires Unity import audit,Requires Unity import audit,Requires Unity import audit,Requires Unity import audit,0,0,0,0,Assets/Food Pack-Demo/Prefabs with colliders/Bundt Cake.prefab,Search scene for MeshCollider refs,Requires Unity/scene object dependency audit,,Requires Unity audit,Requires Unity audit,,,Review,High visual/physics QA
Assets/Food Pack-Demo/Mesh Collider/Ketchup+Mustard Plastic Bottle_collider.fbx,11356,11.1 KB,Requires Unity import audit,Requires Unity import audit,Requires Unity import audit,Requires Unity import audit,Requires Unity import audit,Requires Unity import audit,0,0,0,0,Assets/Food Pack-Demo/Prefabs with colliders/Ketchup Plastic Bottle.prefab,Search scene for MeshCollider refs,Requires Unity/scene object dependency audit,,Requires Unity audit,Requires Unity audit,,,Review,High visual/physics QA
Assets/Food Pack-Demo/Mesh Collider/Swirl lollipop_collider.fbx,11356,11.1 KB,Requires Unity import audit,Requires Unity import audit,Requires Unity import audit,Requires Unity import audit,Requires Unity import audit,Requires Unity import audit,0,0,0,0,Assets/Food Pack-Demo/Prefabs with colliders/Swirl lollipop C.prefab,Search scene for MeshCollider refs,Requires Unity/scene object dependency audit,,Requires Unity audit,Requires Unity audit,,,Review,High visual/physics QA
Assets/Food Pack-Demo/Mesh Collider/Maki 1_collider.fbx,11340,11.1 KB,Requires Unity import audit,Requires Unity import audit,Requires Unity import audit,Requires Unity import audit,Requires Unity import audit,Requires Unity import audit,0,0,0,0,Assets/Food Pack-Demo/Prefabs with colliders/Maki C1.prefab,Search scene for MeshCollider refs,Requires Unity/scene object dependency audit,,Requires Unity audit,Requires Unity audit,,,Review,High visual/physics QA
Assets/Food Pack-Demo/Mesh Collider/Ice cream stick B to H_collider.fbx,11292,11.0 KB,Requires Unity import audit,Requires Unity import audit,Requires Unity import audit,Requires Unity import audit,Requires Unity import audit,Requires Unity import audit,0,0,0,0,Assets/Food Pack-Demo/Prefabs with colliders/Ice cream stick C.prefab,Search scene for MeshCollider refs,Requires Unity/scene object dependency audit,,Requires Unity audit,Requires Unity audit,,,Review,High visual/physics QA
Assets/Food Pack-Demo/Mesh Collider/Pizza Slice_collider.fbx,11260,11.0 KB,Requires Unity import audit,Requires Unity import audit,Requires Unity import audit,Requires Unity import audit,Requires Unity import audit,Requires Unity import audit,0,0,0,0,Assets/Food Pack-Demo/Prefabs with colliders/Pizza Margarita Slice.prefab,Search scene for MeshCollider refs,Requires Unity/scene object dependency audit,,Requires Unity audit,Requires Unity audit,,,Review,High visual/physics QA
Assets/Food Pack-Demo/Mesh Collider/Salami slice A_collider.fbx,11260,11.0 KB,Requires Unity import audit,Requires Unity import audit,Requires Unity import audit,Requires Unity import audit,Requires Unity import audit,Requires Unity import audit,0,0,0,0,Assets/Food Pack-Demo/Prefabs with colliders/Salami slice A.prefab,Search scene for MeshCollider refs,Requires Unity/scene object dependency audit,,Requires Unity audit,Requires Unity audit,,,Review,High visual/physics QA
Assets/Food Pack-Demo/Mesh Collider/Bundt Cake Piece_collider.fbx,11196,10.9 KB,Requires Unity import audit,Requires Unity import audit,Requires Unity import audit,Requires Unity import audit,Requires Unity import audit,Requires Unity import audit,0,0,0,0,Assets/Food Pack-Demo/Prefabs with colliders/Bundt Cake Piece.prefab,Search scene for MeshCollider refs,Requires Unity/scene object dependency audit,,Requires Unity audit,Requires Unity audit,,,Review,High visual/physics QA
Assets/Food Pack-Demo/Mesh Collider/Sake Pot C_collider.fbx,11180,10.9 KB,Requires Unity import audit,Requires Unity import audit,Requires Unity import audit,Requires Unity import audit,Requires Unity import audit,Requires Unity import audit,0,0,0,0,Assets/Food Pack-Demo/Prefabs with colliders/Sake Pot C.prefab,Search scene for MeshCollider refs,Requires Unity/scene object dependency audit,,Requires Unity audit,Requires Unity audit,,,Review,High visual/physics QA
Assets/Food Pack-Demo/Mesh Collider/Sushi Wood Table_collider.fbx,11180,10.9 KB,Requires Unity import audit,Requires Unity import audit,Requires Unity import audit,Requires Unity import audit,Requires Unity import audit,Requires Unity import audit,0,0,0,0,Assets/Food Pack-Demo/Prefabs with colliders/Sushi Wood Table.prefab,Search scene for MeshCollider refs,Requires Unity/scene object dependency audit,,Requires Unity audit,Requires Unity audit,,,Review,High visual/physics QA
Assets/Animated Tropical Vegetation/DemoSceneContent/background.fbx,11068,10.8 KB,Requires Unity import audit,Requires Unity import audit,Requires Unity import audit,Requires Unity import audit,Requires Unity import audit,Requires Unity import audit,0,0,1,1,Assets/Animated Tropical Vegetation/DemoScene.unity,Search scene for MeshCollider refs,Requires Unity/scene object dependency audit,,Requires Unity audit,Requires Unity audit,,,Review,High visual/physics QA
Assets/Food Pack-Demo/Mesh Collider/Frappe B_collider 1.fbx,11052,10.8 KB,Requires Unity import audit,Requires Unity import audit,Requires Unity import audit,Requires Unity import audit,Requires Unity import audit,Requires Unity import audit,0,0,0,0,Assets/Food Pack-Demo/Prefabs with colliders/Frappe B.prefab,Search scene for MeshCollider refs,Requires Unity/scene object dependency audit,,Requires Unity audit,Requires Unity audit,,,Review,High visual/physics QA
Assets/Food Pack-Demo/Mesh Collider/Chopsticks A+B_collider.fbx,11036,10.8 KB,Requires Unity import audit,Requires Unity import audit,Requires Unity import audit,Requires Unity import audit,Requires Unity import audit,Requires Unity import audit,0,0,0,0,Assets/Food Pack-Demo/Prefabs with colliders/Chopsticks B.prefab,Search scene for MeshCollider refs,Requires Unity/scene object dependency audit,,Requires Unity audit,Requires Unity audit,,,Review,High visual/physics QA
Assets/Food Pack-Demo/Mesh Collider/Chopsticks holder_collider.fbx,10988,10.7 KB,Requires Unity import audit,Requires Unity import audit,Requires Unity import audit,Requires Unity import audit,Requires Unity import audit,Requires Unity import audit,0,0,0,0,Assets/Food Pack-Demo/Prefabs with colliders/Chopsticks holder.prefab,Search scene for MeshCollider refs,Requires Unity/scene object dependency audit,,Requires Unity audit,Requires Unity audit,,,Review,High visual/physics QA
Assets/Food Pack-Demo/Mesh Collider/Cheesecake_collider.fbx,10988,10.7 KB,Requires Unity import audit,Requires Unity import audit,Requires Unity import audit,Requires Unity import audit,Requires Unity import audit,Requires Unity import audit,0,0,0,0,Assets/Food Pack-Demo/Prefabs with colliders/Cheesecake B.prefab,Search scene for MeshCollider refs,Requires Unity/scene object dependency audit,,Requires Unity audit,Requires Unity audit,,,Review,High visual/physics QA
Assets/BrokenVector/LowPolyFencePack/Models/Fence Type1 02.dae,10311,10.1 KB,Requires Unity import audit,Requires Unity import audit,Requires Unity import audit,Requires Unity import audit,Requires Unity import audit,Requires Unity import audit,0,0,,,Assets/BrokenVector/LowPolyFencePack/Prefabs/Fence Type1 02.prefab; Assets/BrokenVector/LowPolyFencePack/Scenes/All Fences Example.unity,Search scene for MeshCollider refs,Requires Unity/scene object dependency audit,,Requires Unity audit,Requires Unity audit,,,Review,High visual/physics QA
Assets/BrokenVector/LowPolyFencePack/Models/Fence Type1 01.dae,8285,8.1 KB,Requires Unity import audit,Requires Unity import audit,Requires Unity import audit,Requires Unity import audit,Requires Unity import audit,Requires Unity import audit,0,0,,,Assets/BrokenVector/LowPolyFencePack/Prefabs/Fence Type1 01.prefab; Assets/BrokenVector/LowPolyFencePack/Scenes/All Fences Example.unity,Search scene for MeshCollider refs,Requires Unity/scene object dependency audit,,Requires Unity audit,Requires Unity audit,,,Review,High visual/physics QA
Assets/DevDen Arch Viz Scotland/Models/Study Room/Rug_Square_3.obj,3100,3.0 KB,Requires Unity import audit,Requires Unity import audit,Requires Unity import audit,Requires Unity import audit,Requires Unity import audit,Requires Unity import audit,1,0,0,0,Assets/DevDen Arch Viz Scotland/Prefabs/Study Room/StudyRoomCarpet.prefab; Assets/DevDen Arch Viz Scotland/Scenes/ArchViz.unity,Search scene for MeshCollider refs,Requires Unity/scene object dependency audit,,Requires Unity audit,Requires Unity audit,,,Review,High visual/physics QA
Assets/MeshellNotebookInteractionProxy.obj,255,255 B,Requires Unity import audit,Requires Unity import audit,Requires Unity import audit,Requires Unity import audit,Requires Unity import audit,Requires Unity import audit,1,0,0,0,,Search scene for MeshCollider refs,Requires Unity/scene object dependency audit,,Requires Unity audit,Requires Unity audit,,,Review,Unknown
