Path,Source file size,Source file size human,Width,Height,Texture type,Format/source,Alpha usage,Mipmap setting,Read/Write setting,Compression setting,Web platform override,Max texture size,Estimated runtime memory,Estimated runtime memory human,Referencing assets,Usage classification,Flags,Recommended action,Risk level
Assets/SubstanceAssets/LittleGamesPack/Textures/ChessPieces/ChessPieces_Normal_OpenGL.png,69681270,66.5 MB,4096,4096,1,PNG,Unknown,1,0,1,WebGL,2048,67108864,64.0 MB,Assets/SubstanceAssets/LittleGamesPack/Materials/ChessPieces.mat,Normal map,Large 4096+,P1/P2: downscale/compress or externalize,Visual QA required
Assets/DevDen Arch Viz Scotland/Scenes/ArchViz/ReflectionProbe-3.exr,49748560,47.4 MB,0,0,0,,Unknown,1,0,0,None found,2048,,,,Unknown,,P1/P2: downscale/compress or externalize,Unknown/runtime or unused candidate
Assets/SubstanceAssets/LittleGamesPack/Textures/GamePieces/GamePieces_Normal_OpenGL.png,46705734,44.5 MB,4096,4096,1,PNG,Unknown,1,0,1,WebGL,2048,67108864,64.0 MB,Assets/SubstanceAssets/LittleGamesPack/Materials/GamePieces.mat,Normal map,Large 4096+,P1/P2: downscale/compress or externalize,Visual QA required
Assets/DevDen Arch Viz Scotland/HDRI/HDRI.png,44743385,42.7 MB,8192,4096,0,PNG,Unknown,1,0,1,None found,2048,134217728,128.0 MB,Assets/DevDen Arch Viz Scotland/HDRI/Sky.mat,Unknown,Large 4096+; Huge 8192+,P1/P2: downscale/compress or externalize,Visual QA required
Assets/TerrainSampleAssets/Textures/Terrain/Heather_Normal.tif,36128884,34.5 MB,2048,2048,1,TIFF,Unknown,1,0,2,None found,2048,16777216,16.0 MB,,Normal map,,P1/P2: downscale/compress or externalize,Unknown/runtime or unused candidate
Assets/TerrainSampleAssets/Textures/Terrain/Pebbles_C_Normal.tif,36107892,34.4 MB,2048,2048,1,TIFF,Unknown,1,0,2,None found,2048,16777216,16.0 MB,,Normal map,,P1/P2: downscale/compress or externalize,Unknown/runtime or unused candidate
Assets/TerrainSampleAssets/Textures/Terrain/Grass_B_Normal.tif,36105608,34.4 MB,2048,2048,1,TIFF,Unknown,1,0,2,None found,2048,16777216,16.0 MB,,Normal map,,P1/P2: downscale/compress or externalize,Unknown/runtime or unused candidate
Assets/TerrainSampleAssets/Textures/Terrain/Grass_A_Normal.tif,36089180,34.4 MB,2048,2048,1,TIFF,Unknown,1,0,2,None found,2048,16777216,16.0 MB,,Normal map,,P1/P2: downscale/compress or externalize,Unknown/runtime or unused candidate
Assets/TerrainSampleAssets/Textures/Terrain/Grass_Moss_Normal.tif,36063976,34.4 MB,2048,2048,1,TIFF,Unknown,1,0,2,None found,2048,16777216,16.0 MB,,Normal map,,P1/P2: downscale/compress or externalize,Unknown/runtime or unused candidate
Assets/TerrainSampleAssets/Textures/Terrain/Grass_Dry_Normal.tif,36044732,34.4 MB,2048,2048,1,TIFF,Unknown,1,0,2,None found,2048,16777216,16.0 MB,,Normal map,,P1/P2: downscale/compress or externalize,Unknown/runtime or unused candidate
Assets/TerrainSampleAssets/Textures/Terrain/Soil_Rocks_MaskMap.tif,36039052,34.4 MB,2048,2048,0,TIFF,Unknown,1,0,1,None found,2048,16777216,16.0 MB,,Unknown,,P1/P2: downscale/compress or externalize,Unknown/runtime or unused candidate
Assets/TerrainSampleAssets/Textures/Terrain/Grass_Soil_Normal.tif,35994420,34.3 MB,2048,2048,1,TIFF,Unknown,1,0,2,None found,2048,16777216,16.0 MB,,Normal map,,P1/P2: downscale/compress or externalize,Unknown/runtime or unused candidate
Assets/TerrainSampleAssets/Textures/Terrain/Muddy_Normal.tif,35888960,34.2 MB,2048,2048,1,TIFF,Unknown,1,0,2,None found,2048,16777216,16.0 MB,,Normal map,,P1/P2: downscale/compress or externalize,Unknown/runtime or unused candidate
Assets/TerrainSampleAssets/Textures/Terrain/Pebbles_A_Normal.tif,35828800,34.2 MB,2048,2048,1,TIFF,Unknown,1,0,2,None found,2048,16777216,16.0 MB,,Normal map,,P1/P2: downscale/compress or externalize,Unknown/runtime or unused candidate
Assets/TerrainSampleAssets/Textures/Terrain/Black_Sand_Normal.tif,35725576,34.1 MB,2048,2048,1,TIFF,Unknown,1,0,2,None found,2048,16777216,16.0 MB,,Normal map,,P1/P2: downscale/compress or externalize,Unknown/runtime or unused candidate
Assets/TerrainSampleAssets/Textures/Terrain/Soil_Rocks_Normal.tif,35677264,34.0 MB,2048,2048,1,TIFF,Unknown,1,0,2,None found,2048,16777216,16.0 MB,,Normal map,,P1/P2: downscale/compress or externalize,Unknown/runtime or unused candidate
Assets/TerrainSampleAssets/Textures/Terrain/Grass_Moss_MaskMap.tif,35519108,33.9 MB,2048,2048,0,TIFF,Unknown,1,0,1,None found,2048,16777216,16.0 MB,,Unknown,,P1/P2: downscale/compress or externalize,Unknown/runtime or unused candidate
Assets/TerrainSampleAssets/Textures/Terrain/Black_Sand_MaskMap.tif,35296540,33.7 MB,2048,2048,0,TIFF,Unknown,1,0,1,None found,2048,16777216,16.0 MB,,Unknown,,P1/P2: downscale/compress or externalize,Unknown/runtime or unused candidate
Assets/TerrainSampleAssets/Textures/Terrain/Pebbles_B_Normal.tif,35279552,33.6 MB,2048,2048,1,TIFF,Unknown,1,0,2,None found,2048,16777216,16.0 MB,,Normal map,,P1/P2: downscale/compress or externalize,Unknown/runtime or unused candidate
Assets/TerrainSampleAssets/Textures/Terrain/Sand_Normal.tif,35255012,33.6 MB,2048,2048,1,TIFF,Unknown,1,0,2,None found,2048,16777216,16.0 MB,,Normal map,,P1/P2: downscale/compress or externalize,Unknown/runtime or unused candidate
Assets/TerrainSampleAssets/Textures/Terrain/Heather_BaseColor.tif,35233308,33.6 MB,2048,2048,0,TIFF,Unknown,1,0,1,None found,2048,16777216,16.0 MB,,Unknown,,P1/P2: downscale/compress or externalize,Unknown/runtime or unused candidate
Assets/TerrainSampleAssets/Textures/Terrain/Tidal_Pools_Normal.tif,35033448,33.4 MB,2048,2048,1,TIFF,Unknown,1,0,2,None found,2048,16777216,16.0 MB,,Normal map,,P1/P2: downscale/compress or externalize,Unknown/runtime or unused candidate
Assets/TerrainSampleAssets/Textures/Terrain/Grass_Dry_BaseColor.tif,35027440,33.4 MB,2048,2048,0,TIFF,Unknown,1,0,1,None found,2048,16777216,16.0 MB,,Unknown,,P1/P2: downscale/compress or externalize,Unknown/runtime or unused candidate
Assets/TerrainSampleAssets/Textures/Terrain/Rock_Normal.tif,34933620,33.3 MB,2048,2048,1,TIFF,Unknown,1,0,2,None found,2048,16777216,16.0 MB,,Normal map,,P1/P2: downscale/compress or externalize,Unknown/runtime or unused candidate
Assets/TerrainSampleAssets/Textures/Terrain/Rock_MaskMap.tif,34865184,33.3 MB,2048,2048,0,TIFF,Unknown,1,0,1,None found,2048,16777216,16.0 MB,,Unknown,,P1/P2: downscale/compress or externalize,Unknown/runtime or unused candidate
Assets/TerrainSampleAssets/Textures/Terrain/Snow_Normal.tif,34687396,33.1 MB,2048,2048,1,TIFF,Unknown,1,0,2,None found,2048,16777216,16.0 MB,,Normal map,,P1/P2: downscale/compress or externalize,Unknown/runtime or unused candidate
Assets/TerrainSampleAssets/Textures/Terrain/Soil_Rocks_BaseColor.tif,34369328,32.8 MB,2048,2048,0,TIFF,Unknown,1,0,1,None found,2048,16777216,16.0 MB,,Unknown,,P1/P2: downscale/compress or externalize,Unknown/runtime or unused candidate
Assets/TerrainSampleAssets/Textures/Terrain/Grass_B_BaseColor.tif,34232048,32.6 MB,2048,2048,0,TIFF,Unknown,1,0,1,None found,2048,16777216,16.0 MB,,Unknown,,P1/P2: downscale/compress or externalize,Unknown/runtime or unused candidate
Assets/TerrainSampleAssets/Textures/Terrain/Grass_Moss_BaseColor.tif,34198928,32.6 MB,2048,2048,0,TIFF,Unknown,1,0,1,None found,2048,16777216,16.0 MB,,Unknown,,P1/P2: downscale/compress or externalize,Unknown/runtime or unused candidate
Assets/TerrainSampleAssets/Textures/Terrain/Rock_BaseColor.tif,34189544,32.6 MB,2048,2048,0,TIFF,Unknown,1,0,1,None found,2048,16777216,16.0 MB,,Unknown,,P1/P2: downscale/compress or externalize,Unknown/runtime or unused candidate
Assets/TerrainSampleAssets/Textures/Terrain/Grass_A_BaseColor.tif,34136344,32.6 MB,2048,2048,0,TIFF,Unknown,1,0,1,None found,2048,16777216,16.0 MB,,Unknown,,P1/P2: downscale/compress or externalize,Unknown/runtime or unused candidate
Assets/TerrainSampleAssets/Textures/Terrain/Pebbles_C_BaseColor.tif,33735820,32.2 MB,2048,2048,0,TIFF,Unknown,1,0,1,None found,2048,16777216,16.0 MB,,Unknown,,P1/P2: downscale/compress or externalize,Unknown/runtime or unused candidate
Assets/TerrainSampleAssets/Textures/Terrain/Muddy_BaseColor.tif,33725212,32.2 MB,2048,2048,0,TIFF,Unknown,1,0,1,None found,2048,16777216,16.0 MB,,Unknown,,P1/P2: downscale/compress or externalize,Unknown/runtime or unused candidate
Assets/TerrainSampleAssets/Textures/Heightmaps/Ridge05_Heightmap.tif,33577404,32.0 MB,4096,4096,10,TIFF,Yes,0,0,1,None found,2048,67108864,64.0 MB,,Unknown,Large 4096+,P1/P2: downscale/compress or externalize,Unknown/runtime or unused candidate
Assets/TerrainSampleAssets/Textures/Heightmaps/Ridge06_Heightmap.tif,33574684,32.0 MB,4096,4096,10,TIFF,Yes,0,0,1,None found,2048,67108864,64.0 MB,,Unknown,Large 4096+,P1/P2: downscale/compress or externalize,Unknown/runtime or unused candidate
Assets/TerrainSampleAssets/Textures/Heightmaps/Errosion02_Heightmap.tif,33573800,32.0 MB,4096,4096,10,TIFF,Yes,0,0,1,None found,2048,67108864,64.0 MB,,Unknown,Large 4096+,P1/P2: downscale/compress or externalize,Unknown/runtime or unused candidate
Assets/TerrainSampleAssets/Textures/Heightmaps/Hills01_Heightmap.tiff,33554858,32.0 MB,4096,4096,10,TIFF,Yes,0,0,1,None found,2048,67108864,64.0 MB,,Unknown,Large 4096+,P1/P2: downscale/compress or externalize,Unknown/runtime or unused candidate
Assets/TerrainSampleAssets/Textures/Heightmaps/Hills02_Heightmap.tiff,33554858,32.0 MB,4096,4096,10,TIFF,Yes,0,0,1,None found,2048,67108864,64.0 MB,,Unknown,Large 4096+,P1/P2: downscale/compress or externalize,Unknown/runtime or unused candidate
Assets/TerrainSampleAssets/Textures/Heightmaps/Mountain10_Heightmap.tiff,33554858,32.0 MB,4096,4096,10,TIFF,Yes,0,0,1,None found,2048,67108864,64.0 MB,,Unknown,Large 4096+,P1/P2: downscale/compress or externalize,Unknown/runtime or unused candidate
Assets/TerrainSampleAssets/Textures/Heightmaps/Slope04_Heightmap.tiff,33554858,32.0 MB,4096,4096,10,TIFF,Yes,0,0,1,None found,2048,67108864,64.0 MB,,Unknown,Large 4096+,P1/P2: downscale/compress or externalize,Unknown/runtime or unused candidate
Assets/TerrainSampleAssets/Textures/Heightmaps/Slope03_Heightmap.tiff,33554858,32.0 MB,4096,4096,10,TIFF,Yes,0,0,1,None found,2048,67108864,64.0 MB,,Unknown,Large 4096+,P1/P2: downscale/compress or externalize,Unknown/runtime or unused candidate
Assets/TerrainSampleAssets/Textures/Heightmaps/Slope02_Heightmap.tiff,33554858,32.0 MB,4096,4096,10,TIFF,Yes,0,0,1,None found,2048,67108864,64.0 MB,,Unknown,Large 4096+,P1/P2: downscale/compress or externalize,Unknown/runtime or unused candidate
Assets/TerrainSampleAssets/Textures/Heightmaps/Mountain11_Heightmap.tiff,33554858,32.0 MB,4096,4096,10,TIFF,Yes,0,0,1,None found,2048,67108864,64.0 MB,,Unknown,Large 4096+,P1/P2: downscale/compress or externalize,Unknown/runtime or unused candidate
Assets/TerrainSampleAssets/Textures/Heightmaps/Mountain09_Heightmap.tiff,33554858,32.0 MB,4096,4096,10,TIFF,Yes,0,0,1,None found,2048,67108864,64.0 MB,,Unknown,Large 4096+,P1/P2: downscale/compress or externalize,Unknown/runtime or unused candidate
Assets/TerrainSampleAssets/Textures/Heightmaps/Slope01_Heightmap.tiff,33554858,32.0 MB,4096,4096,10,TIFF,Yes,0,0,1,None found,2048,67108864,64.0 MB,,Unknown,Large 4096+,P1/P2: downscale/compress or externalize,Unknown/runtime or unused candidate
Assets/TerrainSampleAssets/Textures/Terrain/Grass_Soil_BaseColor.tif,33421736,31.9 MB,2048,2048,0,TIFF,Unknown,1,0,1,None found,2048,16777216,16.0 MB,,Unknown,,P1/P2: downscale/compress or externalize,Unknown/runtime or unused candidate
Assets/TerrainSampleAssets/Textures/Terrain/Black_Sand_BaseColor.tif,33337120,31.8 MB,2048,2048,0,TIFF,Unknown,1,0,1,None found,2048,16777216,16.0 MB,,Unknown,,P1/P2: downscale/compress or externalize,Unknown/runtime or unused candidate
Assets/TerrainSampleAssets/Textures/Terrain/Pebbles_A_BaseColor.tif,32999956,31.5 MB,2048,2048,0,TIFF,Unknown,1,0,1,None found,2048,16777216,16.0 MB,,Unknown,,P1/P2: downscale/compress or externalize,Unknown/runtime or unused candidate
Assets/TerrainSampleAssets/Textures/Terrain/Pebbles_B_BaseColor.tif,32092168,30.6 MB,2048,2048,0,TIFF,Unknown,1,0,1,None found,2048,16777216,16.0 MB,,Unknown,,P1/P2: downscale/compress or externalize,Unknown/runtime or unused candidate
Assets/TerrainSampleAssets/Textures/Terrain/Tidal_Pools_BaseColor.tif,31929948,30.5 MB,2048,2048,0,TIFF,Unknown,1,0,1,None found,2048,16777216,16.0 MB,,Unknown,,P1/P2: downscale/compress or externalize,Unknown/runtime or unused candidate
Assets/TerrainSampleAssets/Textures/Terrain/Snow_BaseColor.tif,29474316,28.1 MB,2048,2048,0,TIFF,Unknown,1,0,1,None found,2048,16777216,16.0 MB,,Unknown,,P1/P2: downscale/compress or externalize,Unknown/runtime or unused candidate
Assets/RealBlend/Art/Materials/Textures/rough_plaster_brick_04_diff_2k.png,26399365,25.2 MB,2048,2048,0,PNG,Yes,1,0,1,None found,2048,16777216,16.0 MB,Assets/RealBlend/Art/Materials/BuiltIn/VariationExampleBuilt-In.mat; Assets/RealBlend/Art/Materials/HDRP/5BlendExample.mat; Assets/RealBlend/Art/Materials/HDRP/VariationExample.mat; Assets/RealBlend/Art/Materials/HDRP/VariationExample_ExperimentalSPOM.mat; Assets/RealBlend/Art/Materials/URP/VariationExampleURP.mat,Unknown,,P1/P2: downscale/compress or externalize,Visual QA required
Assets/TerrainSampleAssets/Textures/Heightmaps/Volcano02_Heightmap.tif,26231012,25.0 MB,3620,3620,10,TIFF,Yes,0,0,1,None found,2048,52417600,50.0 MB,,Unknown,,P1/P2: downscale/compress or externalize,Unknown/runtime or unused candidate
Assets/TerrainSampleAssets/Textures/Heightmaps/Volcano01_Heightmap.tif,25188260,24.0 MB,2048,2048,10,TIFF,Yes,0,0,1,None found,2048,16777216,16.0 MB,,Unknown,,P1/P2: downscale/compress or externalize,Unknown/runtime or unused candidate
Assets/RealBlend/Art/Materials/Textures/Moss002_2K-PNG_NormalGL.png,24636888,23.5 MB,2048,2048,1,PNG,Unknown,1,0,1,None found,2048,16777216,16.0 MB,Assets/RealBlend/Art/Materials/HDRP/5BlendExample.mat,Normal map,,P1/P2: downscale/compress or externalize,Visual QA required
Assets/TerrainSampleAssets/Textures/Terrain/Grass_A_MaskMap.tif,23264240,22.2 MB,2048,2048,0,TIFF,Unknown,1,0,1,None found,2048,16777216,16.0 MB,,Unknown,,P1/P2: downscale/compress or externalize,Unknown/runtime or unused candidate
Assets/RealBlend/Art/Materials/Textures/concrete_moss_diff_2k.png,21166815,20.2 MB,2048,2048,0,PNG,Unknown,1,0,1,None found,2048,16777216,16.0 MB,Assets/RealBlend/Art/Materials/HDRP/5BlendExample.mat,Unknown,,P1/P2: downscale/compress or externalize,Visual QA required
Assets/DevDen Arch Viz Scotland/Scenes/ArchViz/ReflectionProbe-8.exr,18705070,17.8 MB,0,0,0,,Unknown,1,0,0,None found,2048,,,,Unknown,,P1/P2: downscale/compress or externalize,Unknown/runtime or unused candidate
Assets/SubstanceAssets/LittleGamesPack/Textures/ChessPieces/ChessPieces_Base_color.png,17751521,16.9 MB,4096,4096,0,PNG,Unknown,1,0,1,WebGL,2048,67108864,64.0 MB,Assets/SubstanceAssets/LittleGamesPack/Materials/ChessPieces.mat,Unknown,Large 4096+,P1/P2: downscale/compress or externalize,Visual QA required
Assets/DevDen Arch Viz Scotland/Scenes/ArchViz/ReflectionProbe-5.exr,16824063,16.0 MB,0,0,0,,Unknown,1,0,0,None found,2048,,,,Unknown,,P1/P2: downscale/compress or externalize,Unknown/runtime or unused candidate
Assets/SubstanceAssets/LittleGamesPack/Textures/CardsAndTables/CardsAndTables_Normal_OpenGL.png,16669029,15.9 MB,4096,4096,1,PNG,Unknown,1,0,1,WebGL,2048,67108864,64.0 MB,Assets/SubstanceAssets/LittleGamesPack/Materials/CardsAndTables.mat,Normal map,Large 4096+,P1/P2: downscale/compress or externalize,Visual QA required
Assets/BCaT_assets/Meshell_Sturgis/My Grandma's Garden.png,16537844,15.8 MB,4032,3024,0,PNG,Unknown,0,0,1,WebGL,2048,48771072,46.5 MB,Assets/BH_XR_MainScene.unity; Assets/_Recovery/0 (23).unity,Unknown,,P1/P2: downscale/compress or externalize,Visual QA required
Assets/danthaigames/DS 80s Television/PSDs/TV_Textures.psd,16315733,15.6 MB,2048,2048,0,PSD,Unknown,1,0,1,None found,2048,16777216,16.0 MB,,Unknown,,P1/P2: downscale/compress or externalize,Unknown/runtime or unused candidate
Assets/DevDen Arch Viz Scotland/Scenes/ArchViz/ReflectionProbe-6.exr,15709972,15.0 MB,0,0,0,,Unknown,1,0,0,None found,2048,,,,Unknown,,P1/P2: downscale/compress or externalize,Unknown/runtime or unused candidate
Assets/danthaigames/DS 80s Television/PSDs/TVScreen_Textures.psd,15585486,14.9 MB,2048,2048,0,PSD,Unknown,1,0,1,None found,2048,16777216,16.0 MB,,Unknown,,P1/P2: downscale/compress or externalize,Unknown/runtime or unused candidate
Assets/SubstanceAssets/LittleGamesPack/Textures/CardsAndTables/CardsAndTables_Base_color.png,15515356,14.8 MB,4096,4096,0,PNG,Unknown,1,0,1,WebGL,2048,67108864,64.0 MB,Assets/SubstanceAssets/LittleGamesPack/Materials/CardsAndTables.mat,Unknown,Large 4096+,P1/P2: downscale/compress or externalize,Visual QA required
Assets/TerrainSampleAssets/Textures/Terrain/Grass_B_MaskMap.tif,15253592,14.5 MB,2048,2048,0,TIFF,Unknown,1,0,1,None found,2048,16777216,16.0 MB,,Unknown,,P1/P2: downscale/compress or externalize,Unknown/runtime or unused candidate
Assets/Coconut Palm Tree Pack/Textures/Coconut_Palm_Tree_diffuse.psd,15023852,14.3 MB,2048,2048,5,PSD,Unknown,1,1,,None found,2048,16777216,16.0 MB,Assets/Coconut Palm Tree Pack/Materials/Coconut_Palm_Tree_AFS.mat; Assets/Coconut Palm Tree Pack/Materials/bark.mat; Assets/Coconut Palm Tree Pack/Materials/leaf.mat,Unknown,ReadWrite enabled,P1/P2: downscale/compress or externalize,Visual QA required
Assets/TerrainSampleAssets/Textures/Terrain/Grass_Dry_MaskMap.tif,15006184,14.3 MB,2048,2048,0,TIFF,Unknown,1,0,1,None found,2048,16777216,16.0 MB,,Unknown,,P1/P2: downscale/compress or externalize,Unknown/runtime or unused candidate
Assets/DevDen Arch Viz Scotland/Scenes/ArchViz/ReflectionProbe-4.exr,14975272,14.3 MB,0,0,0,,Unknown,1,0,0,None found,2048,,,,Unknown,,P1/P2: downscale/compress or externalize,Unknown/runtime or unused candidate
Assets/DevDen Arch Viz Scotland/Scenes/ArchViz/ReflectionProbe-1.exr,14974493,14.3 MB,0,0,0,,Unknown,1,0,0,None found,2048,,,,Unknown,,P1/P2: downscale/compress or externalize,Unknown/runtime or unused candidate
Assets/TerrainSampleAssets/Textures/Terrain/Heather_MaskMap.tif,14310964,13.6 MB,2048,2048,0,TIFF,Unknown,1,0,1,None found,2048,16777216,16.0 MB,,Unknown,,P1/P2: downscale/compress or externalize,Unknown/runtime or unused candidate
Assets/BCaT_assets/BTMMP_Workstation_Assembly/camera-canon-eos-400d/textures/Camara_Low_V2_lambert3_Normal.png,14076281,13.4 MB,4096,4096,0,PNG,Unknown,1,0,1,WebGL,2048,67108864,64.0 MB,,Normal map,Large 4096+,P1/P2: downscale/compress or externalize,Unknown/runtime or unused candidate
Assets/DevDen Arch Viz Scotland/Scenes/ArchViz/ReflectionProbe-7.exr,13830688,13.2 MB,0,0,0,,Unknown,1,0,0,None found,2048,,,,Unknown,,P1/P2: downscale/compress or externalize,Unknown/runtime or unused candidate
Assets/TerrainSampleAssets/Textures/Terrain/Pebbles_C_MaskMap.tif,13710252,13.1 MB,2048,2048,0,TIFF,Unknown,1,0,1,None found,2048,16777216,16.0 MB,,Unknown,,P1/P2: downscale/compress or externalize,Unknown/runtime or unused candidate
Assets/Shaded Spectrum/Cozy Interiors Demo Pack/Textures/Oak Ladder Shelf Panels/OakLadderShelfPanelsNormalMap.png,13546741,12.9 MB,2048,2048,1,PNG,Yes,1,0,1,None found,2048,16777216,16.0 MB,,Normal map,,P1/P2: downscale/compress or externalize,Unknown/runtime or unused candidate
Assets/TerrainSampleAssets/Textures/Terrain/Grass_Soil_MaskMap.tif,13303440,12.7 MB,2048,2048,0,TIFF,Unknown,1,0,1,None found,2048,16777216,16.0 MB,,Unknown,,P1/P2: downscale/compress or externalize,Unknown/runtime or unused candidate
Assets/Shaded Spectrum/Cozy Interiors Demo Pack/Textures/Cracked Terracotta Floor/CrackedTerracottaFloorNormalMap.png,13245240,12.6 MB,2048,2048,1,PNG,Yes,1,0,1,None found,2048,16777216,16.0 MB,,Normal map,,P1/P2: downscale/compress or externalize,Unknown/runtime or unused candidate
Assets/Shaded Spectrum/Cozy Interiors Demo Pack/Textures/Coarse Burlap Upholstery/CoarseBurlapUpholsteryNormalMap.png,13192666,12.6 MB,2048,2048,1,PNG,Yes,1,0,1,None found,2048,16777216,16.0 MB,,Normal map,,P1/P2: downscale/compress or externalize,Unknown/runtime or unused candidate
Assets/Shaded Spectrum/Cozy Interiors Demo Pack/Textures/Gingham Kitchen Linen/GinghamKitchenLinenNormalMap.png,13090673,12.5 MB,2048,2048,1,PNG,Yes,1,0,1,None found,2048,16777216,16.0 MB,Assets/Shaded Spectrum/Cozy Interiors Demo Pack/Materials/Gingham Kitchen Linen.mat,Normal map,,P1/P2: downscale/compress or externalize,Visual QA required
Assets/TerrainSampleAssets/Textures/Terrain/Muddy_MaskMap.tif,13002296,12.4 MB,2048,2048,0,TIFF,Unknown,1,0,1,None found,2048,16777216,16.0 MB,,Unknown,,P1/P2: downscale/compress or externalize,Unknown/runtime or unused candidate
Assets/Shaded Spectrum/Cozy Interiors Demo Pack/Textures/Mossy Flagstone Floor/MossyFlagstoneFloorNormalMap.png,12849635,12.3 MB,2048,2048,1,PNG,Yes,1,0,1,None found,2048,16777216,16.0 MB,,Normal map,,P1/P2: downscale/compress or externalize,Unknown/runtime or unused candidate
Assets/TerrainSampleAssets/Textures/Terrain/Pebbles_A_MaskMap.tif,12823500,12.2 MB,2048,2048,0,TIFF,Unknown,1,0,1,None found,2048,16777216,16.0 MB,,Unknown,,P1/P2: downscale/compress or externalize,Unknown/runtime or unused candidate
Assets/SubstanceAssets/LittleGamesPack/Textures/ChessPieces/ChessPieces_Height.png,12635918,12.1 MB,4096,4096,0,PNG,Yes,1,0,1,WebGL,2048,67108864,64.0 MB,Assets/SubstanceAssets/LittleGamesPack/Materials/ChessPieces.mat,Unknown,Large 4096+,P1/P2: downscale/compress or externalize,Visual QA required
Assets/BCAT_GLB_TextureRemediation/metal_table_asset/Texture_0 _00.png,12377140,11.8 MB,4096,4096,0,PNG,Unknown,1,0,2,WebGL,2048,67108864,64.0 MB,,Unknown,Large 4096+,P1/P2: downscale/compress or externalize,Unknown/runtime or unused candidate
Assets/BCAT_GLB_TextureRemediation/metal_table_asset/Texture_2 _02.png,12298145,11.7 MB,4096,4096,1,PNG,Yes,1,0,2,WebGL,2048,67108864,64.0 MB,,Unknown,Large 4096+,P1/P2: downscale/compress or externalize,Unknown/runtime or unused candidate
Assets/Shaded Spectrum/Cozy Interiors Demo Pack/Textures/Painted Beech Wall Boards/PaintedBeechWallBoardsNormalMap.png,12207021,11.6 MB,2048,2048,1,PNG,Yes,1,0,1,None found,2048,16777216,16.0 MB,Assets/Shaded Spectrum/Cozy Interiors Demo Pack/Materials/Painted Beech Wall Boards.mat,Normal map,,P1/P2: downscale/compress or externalize,Visual QA required
Assets/Furniture Mega Pack/Textures/Bed/Mattress/AtlasTexture_Mattress_DefaultMaterial_Normal.png,12162323,11.6 MB,2048,2048,1,PNG,Unknown,1,0,1,None found,2048,16777216,16.0 MB,Assets/Furniture Mega Pack/Materials/Bathroom/mat_Bathroom.mat; Assets/Furniture Mega Pack/Materials/Bed/mat_Mattress.mat,Normal map,,P1/P2: downscale/compress or externalize,Visual QA required
Assets/DevDen Arch Viz Scotland/Scenes/ArchViz/ReflectionProbe-0.exr,12040903,11.5 MB,0,0,0,,Unknown,1,0,0,None found,2048,,,,Unknown,,P1/P2: downscale/compress or externalize,Unknown/runtime or unused candidate
Assets/RealBlend/Art/Materials/Textures/MossMask.png,11628530,11.1 MB,2048,2048,0,PNG,Yes,1,0,1,None found,2048,16777216,16.0 MB,Assets/RealBlend/Art/Materials/HDRP/5BlendExample.mat,Unknown,,P1/P2: downscale/compress or externalize,Visual QA required
Assets/Furniture Mega Pack/Textures/Bed/Blanket/AtlasTexture_Blanket_DefaultMaterial_Normal.png,11151857,10.6 MB,2048,2048,1,PNG,Unknown,1,0,1,None found,2048,16777216,16.0 MB,Assets/Furniture Mega Pack/Materials/Bed/mat_Blanket.mat,Normal map,,P1/P2: downscale/compress or externalize,Visual QA required
Assets/TerrainSampleAssets/Textures/Terrain/Pebbles_B_MaskMap.tif,10837300,10.3 MB,2048,2048,0,TIFF,Unknown,1,0,1,None found,2048,16777216,16.0 MB,,Unknown,,P1/P2: downscale/compress or externalize,Unknown/runtime or unused candidate
Assets/TerrainSampleAssets/Textures/Terrain/Sand_BaseColor.tif,10380156,9.9 MB,2048,2048,0,TIFF,Unknown,1,0,1,None found,2048,16777216,16.0 MB,,Unknown,,P1/P2: downscale/compress or externalize,Unknown/runtime or unused candidate
Assets/Furniture Mega Pack/Textures/Sofas/Sofa01/Sofa01_mat_Sofa01_Normal.png,10336893,9.9 MB,2048,2048,1,PNG,Unknown,1,0,1,None found,2048,16777216,16.0 MB,Assets/Furniture Mega Pack/Materials/Sofa/mat_Sofa01.mat,Normal map,,P1/P2: downscale/compress or externalize,Visual QA required
Assets/BCaT_assets/LindaLeaks/Images/LL_CoopHousing_06.png,10301780,9.8 MB,3491,2334,8,PNG,Yes,0,0,1,WebGL,2048,32591976,31.1 MB,Assets/BCaT_assets/LindaLeaks/Prefabs/LindaLeaks_Exhibit_PhotoAlbum.prefab,Unknown,,P1/P2: downscale/compress or externalize,Visual QA required
Assets/BCaT_assets/Ri/360_images/living_room.jpg,10180982,9.7 MB,11968,5984,0,JPEG,Unknown,1,0,1,WebGL,2048,286466048,273.2 MB,,Panorama,Large 4096+; Huge 8192+,P1/P2: downscale/compress or externalize,Unknown/runtime or unused candidate
Assets/Furniture Mega Pack/Textures/Sofas/Sofa19/Sofa19_mat_Sofa19_Normal.png,10114309,9.6 MB,2048,2048,1,PNG,Unknown,1,0,1,None found,2048,16777216,16.0 MB,Assets/Furniture Mega Pack/Materials/Sofa/mat_Sofa19.mat,Normal map,,P1/P2: downscale/compress or externalize,Visual QA required
Assets/Furniture Mega Pack/Textures/Sofas/Sofa29/Sofa29_mat_Sofa29_Normal.png,9742763,9.3 MB,2048,2048,1,PNG,Unknown,1,0,1,None found,2048,16777216,16.0 MB,Assets/Furniture Mega Pack/Materials/Sofa/mat_Sofa29.mat,Normal map,,P1/P2: downscale/compress or externalize,Visual QA required
Assets/Shaded Spectrum/Cozy Interiors Demo Pack/Textures/Coarse Burlap Upholstery/CoarseBurlapUpholsteryAlbedo.png,9619380,9.2 MB,2048,2048,0,PNG,Yes,1,0,1,None found,2048,16777216,16.0 MB,,Unknown,,P1/P2: downscale/compress or externalize,Unknown/runtime or unused candidate
Assets/Furniture Mega Pack/Textures/Sofas/Sofa16/Sofa16_mat_Sofa16_Normal.png,9433516,9.0 MB,2048,2048,1,PNG,Unknown,1,0,1,None found,2048,16777216,16.0 MB,Assets/Furniture Mega Pack/Materials/Sofa/mat_Sofa16.mat,Normal map,,P1/P2: downscale/compress or externalize,Visual QA required
Assets/Shaded Spectrum/Cozy Interiors Demo Pack/Textures/Cracked Terracotta Floor/CrackedTerracottaFloorAlbedo.png,9300671,8.9 MB,2048,2048,0,PNG,Yes,1,0,1,None found,2048,16777216,16.0 MB,,Unknown,,P1/P2: downscale/compress or externalize,Unknown/runtime or unused candidate
Assets/Shaded Spectrum/Cozy Interiors Demo Pack/Textures/Gingham Kitchen Linen/GinghamKitchenLinenAlbedo.png,9262133,8.8 MB,2048,2048,0,PNG,Yes,1,0,1,None found,2048,16777216,16.0 MB,Assets/Shaded Spectrum/Cozy Interiors Demo Pack/Materials/Gingham Kitchen Linen.mat,Unknown,,P1/P2: downscale/compress or externalize,Visual QA required
Assets/TerrainSampleAssets/Textures/Terrain/Sand_MaskMap.tif,9257068,8.8 MB,2048,2048,0,TIFF,Unknown,1,0,1,None found,2048,16777216,16.0 MB,,Unknown,,P1/P2: downscale/compress or externalize,Unknown/runtime or unused candidate
Assets/TerrainSampleAssets/Textures/Terrain/Tidal_Pools_MaskMap.tif,9235380,8.8 MB,2048,2048,0,TIFF,Unknown,1,0,1,None found,2048,16777216,16.0 MB,,Unknown,,P1/P2: downscale/compress or externalize,Unknown/runtime or unused candidate
Assets/Furniture Mega Pack/Textures/Sofas/Sofa06/Sofa06_mat_Sofa06_Normal.png,9225103,8.8 MB,2048,2048,1,PNG,Unknown,1,0,1,None found,2048,16777216,16.0 MB,Assets/Furniture Mega Pack/Materials/Sofa/mat_Sofa06.mat,Normal map,,P1/P2: downscale/compress or externalize,Visual QA required
Assets/Furniture Mega Pack/Textures/Sofas/Sofa27/Sofa27_mat_Sofa27_Normal.png,9203679,8.8 MB,2048,2048,1,PNG,Unknown,1,0,1,None found,2048,16777216,16.0 MB,Assets/Furniture Mega Pack/Materials/Sofa/mat_Sofa27.mat,Normal map,,P1/P2: downscale/compress or externalize,Visual QA required
Assets/Furniture Mega Pack/Textures/Sofas/Sofa36/Sofa36_mat_Sofa36_Normal.png,9193864,8.8 MB,2048,2048,1,PNG,Unknown,1,0,1,None found,2048,16777216,16.0 MB,Assets/Furniture Mega Pack/Materials/Sofa/mat_Sofa36.mat,Normal map,,P1/P2: downscale/compress or externalize,Visual QA required
Assets/SubstanceAssets/LittleGamesPack/Textures/GamePieces/GamePieces_Base_color.png,9139813,8.7 MB,4096,4096,0,PNG,Unknown,1,0,1,WebGL,2048,67108864,64.0 MB,Assets/SubstanceAssets/LittleGamesPack/Materials/GamePieces.mat,Unknown,Large 4096+,P1/P2: downscale/compress or externalize,Visual QA required
Assets/RealBlend/Art/Materials/Textures/Moss002_2K-PNG_Color 1.png,9129253,8.7 MB,2048,2048,0,PNG,Unknown,1,0,1,None found,2048,16777216,16.0 MB,,Unknown,,P1/P2: downscale/compress or externalize,Unknown/runtime or unused candidate
Assets/RealBlend/Art/Materials/Textures/Moss002_2K-PNG_Color.png,9129253,8.7 MB,2048,2048,0,PNG,Unknown,1,0,1,None found,2048,16777216,16.0 MB,Assets/RealBlend/Art/Materials/HDRP/5BlendExample.mat,Unknown,,P1/P2: downscale/compress or externalize,Visual QA required
Assets/Furniture Mega Pack/Textures/Chairs/Chair42/Chair42_mat_Chair42_Normal.png,9106967,8.7 MB,2048,2048,1,PNG,Unknown,1,0,1,None found,2048,16777216,16.0 MB,Assets/Furniture Mega Pack/Materials/Chair/mat_Chair42.mat,Normal map,,P1/P2: downscale/compress or externalize,Visual QA required
Assets/Furniture Mega Pack/Textures/Sofas/Sofa26/Sofa26_mat_Sofa26_Normal.png,9100946,8.7 MB,2048,2048,1,PNG,Unknown,1,0,1,None found,2048,16777216,16.0 MB,Assets/Furniture Mega Pack/Materials/Sofa/mat_Sofa26.mat,Normal map,,P1/P2: downscale/compress or externalize,Visual QA required
Assets/RealBlend/Art/Materials/Textures/white_rough_plaster_diff_2k.png,9081200,8.7 MB,2048,2048,0,PNG,Unknown,1,0,1,None found,2048,16777216,16.0 MB,Assets/RealBlend/Art/Materials/BuiltIn/VariationExampleBuilt-In.mat; Assets/RealBlend/Art/Materials/HDRP/5BlendExample.mat; Assets/RealBlend/Art/Materials/HDRP/VariationExample.mat; Assets/RealBlend/Art/Materials/HDRP/VariationExample_ExperimentalSPOM.mat; Assets/RealBlend/Art/Materials/URP/VariationExampleURP.mat,Unknown,,P1/P2: downscale/compress or externalize,Visual QA required
Assets/Furniture Mega Pack/Textures/Sofas/Sofa28/Sofa28_mat_Sofa28_Normal.png,9018596,8.6 MB,2048,2048,1,PNG,Unknown,1,0,1,None found,2048,16777216,16.0 MB,Assets/Furniture Mega Pack/Materials/Sofa/mat_Sofa28.mat,Normal map,,P1/P2: downscale/compress or externalize,Visual QA required
Assets/Furniture Mega Pack/Textures/Sofas/Sofa02/Sofa02_mat_Sofa02_Normal.png,9000021,8.6 MB,2048,2048,1,PNG,Unknown,1,0,1,None found,2048,16777216,16.0 MB,Assets/Furniture Mega Pack/Materials/Sofa/mat_Sofa02.mat,Normal map,,P1/P2: downscale/compress or externalize,Visual QA required
Assets/Furniture Mega Pack/Textures/Sofas/Sofa30/Sofa30_mat_Sofa30_Normal.png,8937998,8.5 MB,2048,2048,1,PNG,Unknown,1,0,1,None found,2048,16777216,16.0 MB,Assets/Furniture Mega Pack/Materials/Sofa/mat_Sofa30.mat,Normal map,,P1/P2: downscale/compress or externalize,Visual QA required
Assets/Furniture Mega Pack/Textures/Sofas/Sofa33/Sofa33_mat_Sofa33_Normal.png,8934538,8.5 MB,2048,2048,1,PNG,Unknown,1,0,1,None found,2048,16777216,16.0 MB,Assets/Furniture Mega Pack/Materials/Sofa/mat_Sofa33.mat,Normal map,,P1/P2: downscale/compress or externalize,Visual QA required
Assets/Furniture Mega Pack/Textures/Sofas/Sofa07/Sofa07_mat_Sofa07_Normal.png,8842464,8.4 MB,2048,2048,1,PNG,Unknown,1,0,1,None found,2048,16777216,16.0 MB,Assets/Furniture Mega Pack/Materials/Sofa/mat_Sofa07.mat,Normal map,,P1/P2: downscale/compress or externalize,Visual QA required
Assets/BCAT_GLB_TextureRemediation/metal_table_asset/Texture_1 _01.png,8796351,8.4 MB,4096,4096,0,PNG,Unknown,1,0,2,WebGL,2048,67108864,64.0 MB,,Unknown,Large 4096+,P1/P2: downscale/compress or externalize,Unknown/runtime or unused candidate
Assets/Furniture Mega Pack/Textures/Sofas/Sofa32/Sofa32_mat_Sofa32_Normal.png,8795991,8.4 MB,2048,2048,1,PNG,Unknown,1,0,1,None found,2048,16777216,16.0 MB,Assets/Furniture Mega Pack/Materials/Sofa/mat_Sofa32.mat,Normal map,,P1/P2: downscale/compress or externalize,Visual QA required
Assets/Furniture Mega Pack/Textures/Sofas/Sofa14/Sofa14_mat_Sofa14_Normal.png,8780504,8.4 MB,2048,2048,1,PNG,Unknown,1,0,1,None found,2048,16777216,16.0 MB,Assets/Furniture Mega Pack/Materials/Sofa/mat_Sofa14.mat,Normal map,,P1/P2: downscale/compress or externalize,Visual QA required
Assets/Furniture Mega Pack/Textures/Sofas/Sofa37/Sofa37_mat_Sofa37_Normal.png,8760854,8.4 MB,2048,2048,1,PNG,Unknown,1,0,1,None found,2048,16777216,16.0 MB,Assets/Furniture Mega Pack/Materials/Sofa/mat_Sofa37.mat,Normal map,,P1/P2: downscale/compress or externalize,Visual QA required
Assets/BCaT_assets/Ri/360_images/kitchen.jpg,8724936,8.3 MB,11968,5984,0,JPEG,Unknown,1,0,1,WebGL,2048,286466048,273.2 MB,,Panorama,Large 4096+; Huge 8192+,P1/P2: downscale/compress or externalize,Unknown/runtime or unused candidate
Assets/RealBlend/Art/Materials/Textures/rough_plaster_brick_04_nor_gl_2k.exr,8702048,8.3 MB,0,0,1,,Unknown,1,0,1,None found,2048,,,Assets/RealBlend/Art/Materials/BuiltIn/VariationExampleBuilt-In.mat; Assets/RealBlend/Art/Materials/HDRP/5BlendExample.mat; Assets/RealBlend/Art/Materials/HDRP/VariationExample.mat; Assets/RealBlend/Art/Materials/HDRP/VariationExample_ExperimentalSPOM.mat; Assets/RealBlend/Art/Materials/URP/VariationExampleURP.mat,Normal map,,P1/P2: downscale/compress or externalize,Visual QA required
Assets/RealBlend/Art/Materials/Textures/red_brick_plaster_patch_02_diff_2k.png,8659576,8.3 MB,2048,2048,0,PNG,Unknown,1,0,1,None found,2048,16777216,16.0 MB,Assets/RealBlend/Art/Materials/BuiltIn/VariationExampleBuilt-In.mat; Assets/RealBlend/Art/Materials/HDRP/5BlendExample.mat; Assets/RealBlend/Art/Materials/HDRP/VariationExample.mat; Assets/RealBlend/Art/Materials/HDRP/VariationExample_ExperimentalSPOM.mat; Assets/RealBlend/Art/Materials/URP/VariationExampleURP.mat,Unknown,,P1/P2: downscale/compress or externalize,Visual QA required
Assets/Furniture Mega Pack/Textures/Sofas/Sofa20/Sofa20_mat_Sofa20_Normal.png,8598462,8.2 MB,2048,2048,1,PNG,Unknown,1,0,1,None found,2048,16777216,16.0 MB,Assets/Furniture Mega Pack/Materials/Sofa/mat_Sofa20.mat,Normal map,,P1/P2: downscale/compress or externalize,Visual QA required
Assets/Furniture Mega Pack/Textures/Sofas/Sofa31/Sofa31_mat_Sofa31_Normal.png,8547161,8.2 MB,2048,2048,1,PNG,Unknown,1,0,1,None found,2048,16777216,16.0 MB,Assets/Furniture Mega Pack/Materials/Sofa/mat_Sofa31.mat,Normal map,,P1/P2: downscale/compress or externalize,Visual QA required
Assets/Furniture Mega Pack/Textures/Sofas/Sofa21/Sofa21_mat_Sofa21_Normal.png,8479840,8.1 MB,2048,2048,1,PNG,Unknown,1,0,1,None found,2048,16777216,16.0 MB,Assets/Furniture Mega Pack/Materials/Sofa/mat_Sofa21.mat,Normal map,,P1/P2: downscale/compress or externalize,Visual QA required
Assets/Furniture Mega Pack/Textures/Chairs/Chair20/Chair20_mat_Chair20_Normal.png,8425334,8.0 MB,2048,2048,1,PNG,Unknown,1,0,1,None found,2048,16777216,16.0 MB,Assets/Furniture Mega Pack/Materials/Chair/mat_Chair20.mat,Normal map,,P1/P2: downscale/compress or externalize,Visual QA required
Assets/Furniture Mega Pack/Textures/Sofas/Sofa03/Sofa03_mat_Sofa03_Normal.png,8418057,8.0 MB,2048,2048,1,PNG,Unknown,1,0,1,None found,2048,16777216,16.0 MB,Assets/Furniture Mega Pack/Materials/Sofa/mat_Sofa03.mat,Normal map,,P1/P2: downscale/compress or externalize,Visual QA required
Assets/TerrainSampleAssets/Textures/Heightmaps/Flat_Mountain01_Heightmap.tif,8408404,8.0 MB,2048,2048,10,TIFF,Yes,0,0,1,None found,2048,16777216,16.0 MB,,Unknown,,P1/P2: downscale/compress or externalize,Unknown/runtime or unused candidate
Assets/TerrainSampleAssets/Textures/Heightmaps/Canyon05_Heightmap.tif,8408304,8.0 MB,2048,2048,10,TIFF,Yes,0,0,1,None found,2048,16777216,16.0 MB,,Unknown,,P1/P2: downscale/compress or externalize,Unknown/runtime or unused candidate
Assets/TerrainSampleAssets/Textures/Heightmaps/Mountain01_Heightmap.tif,8408244,8.0 MB,2048,2048,10,TIFF,Yes,0,0,1,None found,2048,16777216,16.0 MB,,Unknown,,P1/P2: downscale/compress or externalize,Unknown/runtime or unused candidate
Assets/TerrainSampleAssets/Textures/Heightmaps/Mountain05_Heightmap.tif,8408244,8.0 MB,2048,2048,10,TIFF,Yes,0,0,1,None found,2048,16777216,16.0 MB,,Unknown,,P1/P2: downscale/compress or externalize,Unknown/runtime or unused candidate
Assets/TerrainSampleAssets/Textures/Heightmaps/Ridge02_Heightmap.tif,8408128,8.0 MB,2048,2048,10,TIFF,Yes,0,0,1,None found,2048,16777216,16.0 MB,,Unknown,,P1/P2: downscale/compress or externalize,Unknown/runtime or unused candidate
Assets/TerrainSampleAssets/Textures/Heightmaps/Errosion01_Heightmap.tif,8408128,8.0 MB,2048,2048,10,TIFF,Yes,0,0,1,None found,2048,16777216,16.0 MB,,Unknown,,P1/P2: downscale/compress or externalize,Unknown/runtime or unused candidate
Assets/TerrainSampleAssets/Textures/Heightmaps/Ridge03_Heightmap.tif,8408112,8.0 MB,2048,2048,10,TIFF,Yes,0,0,1,None found,2048,16777216,16.0 MB,,Unknown,,P1/P2: downscale/compress or externalize,Unknown/runtime or unused candidate
Assets/TerrainSampleAssets/Textures/Heightmaps/Mountain08_Heightmap.tif,8408100,8.0 MB,2048,2048,10,TIFF,Yes,0,0,1,None found,2048,16777216,16.0 MB,,Unknown,,P1/P2: downscale/compress or externalize,Unknown/runtime or unused candidate
Assets/TerrainSampleAssets/Textures/Heightmaps/Mountain04_Heightmap.tif,8408040,8.0 MB,2048,2048,10,TIFF,Yes,0,0,1,None found,2048,16777216,16.0 MB,,Unknown,,P1/P2: downscale/compress or externalize,Unknown/runtime or unused candidate
Assets/TerrainSampleAssets/Textures/Heightmaps/Ridge01_Heightmap.tif,8408020,8.0 MB,2048,2048,10,TIFF,Yes,0,0,1,None found,2048,16777216,16.0 MB,,Unknown,,P1/P2: downscale/compress or externalize,Unknown/runtime or unused candidate
Assets/TerrainSampleAssets/Textures/Heightmaps/Ridge04_Heightmap.tif,8407856,8.0 MB,2048,2048,10,TIFF,Yes,0,0,1,None found,2048,16777216,16.0 MB,,Unknown,,P1/P2: downscale/compress or externalize,Unknown/runtime or unused candidate
Assets/TerrainSampleAssets/Textures/Heightmaps/Mountain07_Heightmap.tif,8407828,8.0 MB,2048,2048,10,TIFF,Yes,0,0,1,None found,2048,16777216,16.0 MB,,Unknown,,P1/P2: downscale/compress or externalize,Unknown/runtime or unused candidate
Assets/Furniture Mega Pack/Textures/Chairs/Chair09/Chair09_mat_Chair09_Normal.png,8397819,8.0 MB,2048,2048,1,PNG,Unknown,1,0,1,None found,2048,16777216,16.0 MB,Assets/Furniture Mega Pack/Materials/Chair/mat_Chair09.mat,Normal map,,P1/P2: downscale/compress or externalize,Visual QA required
Assets/Furniture Mega Pack/Textures/Sofas/Sofa10/Sofa10_mat_Sofa10_Normal.png,8337722,8.0 MB,2048,2048,1,PNG,Unknown,1,0,1,None found,2048,16777216,16.0 MB,Assets/Furniture Mega Pack/Materials/Sofa/mat_Sofa10.mat,Normal map,,P1/P2: downscale/compress or externalize,Visual QA required
Assets/Shaded Spectrum/Cozy Interiors Demo Pack/Textures/Mossy Flagstone Floor/MossyFlagstoneFloorAlbedo.png,8332818,7.9 MB,2048,2048,0,PNG,Yes,1,0,1,None found,2048,16777216,16.0 MB,,Unknown,,P1/P2: downscale/compress or externalize,Unknown/runtime or unused candidate
Assets/Furniture Mega Pack/Textures/Cushions/Cushion41_48/Cushion41_48_mat_Cushion41_48_Normal.png,8309499,7.9 MB,2048,2048,1,PNG,Unknown,1,0,1,None found,2048,16777216,16.0 MB,Assets/Furniture Mega Pack/Materials/Cushion/mat_Cushion41_48.mat,Normal map,,P1/P2: downscale/compress or externalize,Visual QA required
Assets/Furniture Mega Pack/Textures/Chairs/Chair45/Chair45_mat_Chair45_Normal.png,8223727,7.8 MB,2048,2048,1,PNG,Unknown,1,0,1,None found,2048,16777216,16.0 MB,Assets/Furniture Mega Pack/Materials/Chair/mat_Chair45.mat,Normal map,,P1/P2: downscale/compress or externalize,Visual QA required
Assets/Shaded Spectrum/Cozy Interiors Demo Pack/Textures/Oak Ladder Shelf Panels/OakLadderShelfPanelsAlbedo.png,8182648,7.8 MB,2048,2048,0,PNG,Yes,1,0,1,None found,2048,16777216,16.0 MB,,Unknown,,P1/P2: downscale/compress or externalize,Unknown/runtime or unused candidate
Assets/RealBlend/Art/Materials/Textures/ConcreteMossMask.png,8165263,7.8 MB,2048,2048,0,PNG,Yes,1,0,1,None found,2048,16777216,16.0 MB,Assets/RealBlend/Art/Materials/HDRP/5BlendExample.mat,Unknown,,P1/P2: downscale/compress or externalize,Visual QA required
Assets/Furniture Mega Pack/Textures/Sofas/Sofa17/Sofa17_mat_Sofa17_Normal.png,8085631,7.7 MB,2048,2048,1,PNG,Unknown,1,0,1,None found,2048,16777216,16.0 MB,Assets/Furniture Mega Pack/Materials/Sofa/mat_Sofa17.mat,Normal map,,P1/P2: downscale/compress or externalize,Visual QA required
Assets/Furniture Mega Pack/Textures/Sofas/Sofa12/Sofa12_mat_Sofa12_Normal.png,8007151,7.6 MB,2048,2048,1,PNG,Unknown,1,0,1,None found,2048,16777216,16.0 MB,Assets/Furniture Mega Pack/Materials/Sofa/mat_Sofa12.mat,Normal map,,P1/P2: downscale/compress or externalize,Visual QA required
Assets/TerrainSampleAssets/Textures/Details/Plant_BaseColor.tif,7989328,7.6 MB,1024,1024,0,TIFF,Unknown,1,0,2,None found,2048,4194304,4.0 MB,Assets/TerrainSampleAssets/Materials/Plant.asset,Unknown,,P1/P2: downscale/compress or externalize,Visual QA required
Assets/Furniture Mega Pack/Textures/Sofas/Sofa15/Sofa15_mat_Sofa15_Normal.png,7979576,7.6 MB,2048,2048,1,PNG,Unknown,1,0,1,None found,2048,16777216,16.0 MB,Assets/Furniture Mega Pack/Materials/Sofa/mat_Sofa15.mat,Normal map,,P1/P2: downscale/compress or externalize,Visual QA required
Assets/RealBlend/Art/Materials/Textures/concrete_moss_nor_gl_2k.exr,7969876,7.6 MB,0,0,1,,Unknown,1,0,1,None found,2048,,,Assets/RealBlend/Art/Materials/HDRP/5BlendExample.mat,Normal map,,P1/P2: downscale/compress or externalize,Visual QA required
Assets/Furniture Mega Pack/Textures/Cushions/Cushion17_24/Cushion17_24_mat_Cushion17_24_Normal.png,7957032,7.6 MB,2048,2048,1,PNG,Unknown,1,0,1,None found,2048,16777216,16.0 MB,Assets/Furniture Mega Pack/Materials/Cushion/mat_Cushion17_24.mat,Normal map,,P1/P2: downscale/compress or externalize,Visual QA required
Assets/Furniture Mega Pack/Textures/Chairs/Chair14/Chair14_mat_Chair14_Normal.png,7945056,7.6 MB,2048,2048,1,PNG,Unknown,1,0,1,None found,2048,16777216,16.0 MB,Assets/Furniture Mega Pack/Materials/Chair/mat_Chair14.mat,Normal map,,P1/P2: downscale/compress or externalize,Visual QA required
Assets/SubstanceAssets/LittleGamesPack/Textures/CardsAndTables/CardsAndTables_Roughness.png,7937492,7.6 MB,4096,4096,0,PNG,Yes,1,0,1,WebGL,2048,67108864,64.0 MB,,Unknown,Large 4096+,P1/P2: downscale/compress or externalize,Unknown/runtime or unused candidate
Assets/Furniture Mega Pack/Textures/Sofas/Sofa18/Sofa18_mat_Sofa18_Normal.png,7906394,7.5 MB,2048,2048,1,PNG,Unknown,1,0,1,None found,2048,16777216,16.0 MB,Assets/Furniture Mega Pack/Materials/Sofa/mat_Sofa18.mat,Normal map,,P1/P2: downscale/compress or externalize,Visual QA required
Assets/Furniture Mega Pack/Textures/Chairs/Chair12/Chair12_mat_Chair12_Normal.png,7791304,7.4 MB,2048,2048,1,PNG,Unknown,1,0,1,None found,2048,16777216,16.0 MB,Assets/Furniture Mega Pack/Materials/Chair/mat_Chair12.mat,Normal map,,P1/P2: downscale/compress or externalize,Visual QA required
Assets/Furniture Mega Pack/Textures/Chairs/Chair48/Chair48_mat_Chair48_Normal.png,7776845,7.4 MB,2048,2048,1,PNG,Unknown,1,0,1,None found,2048,16777216,16.0 MB,Assets/Furniture Mega Pack/Materials/Chair/mat_Chair48.mat,Normal map,,P1/P2: downscale/compress or externalize,Visual QA required
Assets/Furniture Mega Pack/Textures/Sofas/Sofa08/Sofa08_mat_Sofa08_Normal.png,7671661,7.3 MB,2048,2048,1,PNG,Unknown,1,0,1,None found,2048,16777216,16.0 MB,Assets/Furniture Mega Pack/Materials/Sofa/mat_Sofa08.mat,Normal map,,P1/P2: downscale/compress or externalize,Visual QA required
Assets/Furniture Mega Pack/Textures/Sofas/Sofa04/Sofa04_mat_Sofa04_Normal.png,7641613,7.3 MB,2048,2048,1,PNG,Unknown,1,0,1,None found,2048,16777216,16.0 MB,Assets/Furniture Mega Pack/Materials/Sofa/mat_Sofa04.mat,Normal map,,P1/P2: downscale/compress or externalize,Visual QA required
Assets/Furniture Mega Pack/Textures/Sofas/Sofa10/Sofa10_mat_Sofa10_AlbedoTransparency.png,7557704,7.2 MB,2048,2048,0,PNG,Unknown,1,0,1,None found,2048,16777216,16.0 MB,Assets/Furniture Mega Pack/Materials/Sofa/mat_Sofa10.mat,Unknown,,P1/P2: downscale/compress or externalize,Visual QA required
Assets/Furniture Mega Pack/Textures/Chairs/Chair11/Chair11_mat_Chair11_Normal.png,7556918,7.2 MB,2048,2048,1,PNG,Unknown,1,0,1,None found,2048,16777216,16.0 MB,Assets/Furniture Mega Pack/Materials/Chair/mat_Chair11.mat,Normal map,,P1/P2: downscale/compress or externalize,Visual QA required
Assets/SubstanceAssets/LittleGamesPack/Textures/CardsAndTables/CardsAndTables_Mixed_AO.png,7556200,7.2 MB,4096,4096,0,PNG,Yes,1,0,1,WebGL,2048,67108864,64.0 MB,Assets/SubstanceAssets/LittleGamesPack/Materials/CardsAndTables.mat,Unknown,Large 4096+,P1/P2: downscale/compress or externalize,Visual QA required
Assets/Furniture Mega Pack/Textures/Sofas/Sofa09/Sofa09_mat_Sofa09_Normal.png,7508152,7.2 MB,2048,2048,1,PNG,Unknown,1,0,1,None found,2048,16777216,16.0 MB,Assets/Furniture Mega Pack/Materials/Sofa/mat_Sofa09.mat,Normal map,,P1/P2: downscale/compress or externalize,Visual QA required
Assets/Furniture Mega Pack/Textures/Sofas/Sofa11/Sofa11_mat_Sofa11_Normal.png,7435064,7.1 MB,2048,2048,1,PNG,Unknown,1,0,1,None found,2048,16777216,16.0 MB,Assets/Furniture Mega Pack/Materials/Sofa/mat_Sofa11.mat,Normal map,,P1/P2: downscale/compress or externalize,Visual QA required
Assets/Furniture Mega Pack/Textures/Cushions/Cushion37_40/Cushion37_40_mat_Cushion37_40_Normal.png,7426122,7.1 MB,2048,2048,1,PNG,Unknown,1,0,1,None found,2048,16777216,16.0 MB,Assets/Furniture Mega Pack/Materials/Cushion/mat_Cushion37_40.mat,Normal map,,P1/P2: downscale/compress or externalize,Visual QA required
Assets/Furniture Mega Pack/Textures/Sofas/Sofa13/Sofa13_mat_Sofa13_Normal.png,7354660,7.0 MB,2048,2048,1,PNG,Unknown,1,0,1,None found,2048,16777216,16.0 MB,Assets/Furniture Mega Pack/Materials/Sofa/mat_Sofa13.mat,Normal map,,P1/P2: downscale/compress or externalize,Visual QA required
Assets/Furniture Mega Pack/Textures/Sofas/Sofa22/Sofa22_mat_Sofa22_Normal.png,7347213,7.0 MB,2048,2048,1,PNG,Unknown,1,0,1,None found,2048,16777216,16.0 MB,Assets/Furniture Mega Pack/Materials/Sofa/mat_Sofa22.mat,Normal map,,P1/P2: downscale/compress or externalize,Visual QA required
Assets/Furniture Mega Pack/Textures/Cushions/Cushion01_08/Cushion01_08_mat_Cushion01_08_Normal.png,7292178,7.0 MB,2048,2048,1,PNG,Unknown,1,0,1,None found,2048,16777216,16.0 MB,Assets/Furniture Mega Pack/Materials/Cushion/mat_Cushion01_08.mat,Normal map,,P1/P2: downscale/compress or externalize,Visual QA required
Assets/Furniture Mega Pack/Textures/Sofas/Sofa12/Sofa12_mat_Sofa12_AlbedoTransparency.png,7270259,6.9 MB,2048,2048,0,PNG,Unknown,1,0,1,None found,2048,16777216,16.0 MB,Assets/Furniture Mega Pack/Materials/Sofa/mat_Sofa12.mat,Unknown,,P1/P2: downscale/compress or externalize,Visual QA required
Assets/Furniture Mega Pack/Textures/Sofas/Sofa06/Sofa06_mat_Sofa06_AlbedoTransparency.png,7222530,6.9 MB,2048,2048,0,PNG,Unknown,1,0,1,None found,2048,16777216,16.0 MB,Assets/Furniture Mega Pack/Materials/Sofa/mat_Sofa06.mat,Unknown,,P1/P2: downscale/compress or externalize,Visual QA required
Assets/Furniture Mega Pack/Textures/Tables/Table02/Table02_mat_Table02_AlbedoTransparency.png,7213640,6.9 MB,2048,2048,0,PNG,Unknown,1,0,1,None found,2048,16777216,16.0 MB,Assets/Furniture Mega Pack/Materials/Table/mat_Table02.mat,Unknown,,P1/P2: downscale/compress or externalize,Visual QA required
Assets/Furniture Mega Pack/Textures/Sofas/Sofa33/Sofa33_mat_Sofa33_AlbedoTransparency.png,7107098,6.8 MB,2048,2048,0,PNG,Unknown,1,0,1,None found,2048,16777216,16.0 MB,Assets/Furniture Mega Pack/Materials/Sofa/mat_Sofa33.mat,Unknown,,P1/P2: downscale/compress or externalize,Visual QA required
Assets/Furniture Mega Pack/Textures/Sofas/Sofa32/Sofa32_mat_Sofa32_AlbedoTransparency.png,7018865,6.7 MB,2048,2048,0,PNG,Unknown,1,0,1,None found,2048,16777216,16.0 MB,Assets/Furniture Mega Pack/Materials/Sofa/mat_Sofa32.mat,Unknown,,P1/P2: downscale/compress or externalize,Visual QA required
Assets/Furniture Mega Pack/Textures/Tables/Table47/Table47_mat_Table47_Normal.png,6966251,6.6 MB,2048,2048,1,PNG,Unknown,1,0,1,None found,2048,16777216,16.0 MB,Assets/Furniture Mega Pack/Materials/Table/mat_Table47.mat,Normal map,,P1/P2: downscale/compress or externalize,Visual QA required
Assets/Furniture Mega Pack/Textures/Chairs/Chair04/Chair04_mat_Chair04_Normal.png,6907392,6.6 MB,2048,2048,1,PNG,Unknown,1,0,1,None found,2048,16777216,16.0 MB,Assets/Furniture Mega Pack/Materials/Chair/mat_Chair04.mat,Normal map,,P1/P2: downscale/compress or externalize,Visual QA required
Assets/Furniture Mega Pack/Textures/Tables/Table15/Table15_mat_Table15_Normal.png,6848142,6.5 MB,2048,2048,1,PNG,Unknown,1,0,1,None found,2048,16777216,16.0 MB,Assets/Furniture Mega Pack/Materials/Table/mat_Table15.mat,Normal map,,P1/P2: downscale/compress or externalize,Visual QA required
Assets/Furniture Mega Pack/Textures/Chairs/Chair21/Chair21_mat_Chair21_Normal.png,6807842,6.5 MB,2048,2048,1,PNG,Unknown,1,0,1,None found,2048,16777216,16.0 MB,Assets/Furniture Mega Pack/Materials/Chair/mat_Chair21.mat,Normal map,,P1/P2: downscale/compress or externalize,Visual QA required
Assets/Furniture Mega Pack/Textures/Sofas/Sofa07/Sofa07_mat_Sofa07_AlbedoTransparency.png,6804882,6.5 MB,2048,2048,0,PNG,Unknown,1,0,1,None found,2048,16777216,16.0 MB,Assets/Furniture Mega Pack/Materials/Sofa/mat_Sofa07.mat,Unknown,,P1/P2: downscale/compress or externalize,Visual QA required
Assets/SubstanceAssets/LittleGamesPack/Textures/GamePieces/GamePieces_Roughness.png,6770500,6.5 MB,4096,4096,0,PNG,Yes,1,0,1,WebGL,2048,67108864,64.0 MB,,Unknown,Large 4096+,P1/P2: downscale/compress or externalize,Unknown/runtime or unused candidate
Assets/Shaded Spectrum/Cozy Interiors Demo Pack/Textures/Painted Beech Wall Boards/PaintedBeechWallBoardsAlbedo.png,6764177,6.5 MB,2048,2048,0,PNG,Yes,1,0,1,None found,2048,16777216,16.0 MB,Assets/Shaded Spectrum/Cozy Interiors Demo Pack/Materials/Painted Beech Wall Boards.mat,Unknown,,P1/P2: downscale/compress or externalize,Visual QA required
Assets/Furniture Mega Pack/Textures/Chairs/Chair15/Chair15_mat_Chair15_Normal.png,6733612,6.4 MB,2048,2048,1,PNG,Unknown,1,0,1,None found,2048,16777216,16.0 MB,Assets/Furniture Mega Pack/Materials/Chair/mat_Chair15.mat,Normal map,,P1/P2: downscale/compress or externalize,Visual QA required
Assets/Furniture Mega Pack/Textures/Sofas/Sofa31/Sofa31_mat_Sofa31_AlbedoTransparency.png,6705717,6.4 MB,2048,2048,0,PNG,Unknown,1,0,1,None found,2048,16777216,16.0 MB,Assets/Furniture Mega Pack/Materials/Sofa/mat_Sofa31.mat,Unknown,,P1/P2: downscale/compress or externalize,Visual QA required
Assets/SubstanceAssets/LittleGamesPack/Textures/ChessPieces/ChessPieces_Mixed_AO.png,6648132,6.3 MB,4096,4096,0,PNG,Yes,1,0,1,WebGL,2048,67108864,64.0 MB,Assets/SubstanceAssets/LittleGamesPack/Materials/ChessPieces.mat,Unknown,Large 4096+,P1/P2: downscale/compress or externalize,Visual QA required
Assets/Furniture Mega Pack/Textures/Bed/Blanket/AtlasTexture_Blanket_DefaultMaterial_AlbedoTransparency.png,6560489,6.3 MB,2048,2048,0,PNG,Unknown,1,0,1,None found,2048,16777216,16.0 MB,Assets/Furniture Mega Pack/Materials/Bed/mat_Blanket.mat,Unknown,,P1/P2: downscale/compress or externalize,Visual QA required
Assets/Furniture Mega Pack/Textures/Sofas/Sofa08/Sofa08_mat_Sofa08_AlbedoTransparency.png,6550416,6.2 MB,2048,2048,0,PNG,Unknown,1,0,1,None found,2048,16777216,16.0 MB,Assets/Furniture Mega Pack/Materials/Sofa/mat_Sofa08.mat,Unknown,,P1/P2: downscale/compress or externalize,Visual QA required
Assets/BCaT_assets/LindaLeaks/Images/LL_map.png,6543523,6.2 MB,2332,1566,8,PNG,Yes,0,0,1,WebGL,2048,14607648,13.9 MB,Assets/BH_XR_MainScene.unity; Assets/_Recovery/0 (10).unity; Assets/_Recovery/0 (11).unity; Assets/_Recovery/0 (13).unity; Assets/_Recovery/0 (14).unity; Assets/_Recovery/0 (15).unity; Assets/_Recovery/0 (16).unity; Assets/_Recovery/0 (17).unity; Assets/_Recovery/0 (18).unity; Assets/_Recovery/0 (21).unity; Assets/_Recovery/0 (22).unity; Assets/_Recovery/0 (23).unity; Assets/_Recovery/0 (8).unity; Assets/_Recovery/0 (9).unity,Unknown,,P1/P2: downscale/compress or externalize,Visual QA required
Assets/SubstanceAssets/LittleGamesPack/Textures/ChessPieces/ChessPieces_Roughness.png,6528692,6.2 MB,4096,4096,0,PNG,Yes,1,0,1,WebGL,2048,67108864,64.0 MB,,Unknown,Large 4096+,P1/P2: downscale/compress or externalize,Unknown/runtime or unused candidate
Assets/Furniture Mega Pack/Textures/Tables/Table17/Table17_mat_Table17_Normal.png,6527854,6.2 MB,2048,2048,1,PNG,Unknown,1,0,1,None found,2048,16777216,16.0 MB,Assets/Furniture Mega Pack/Materials/Table/mat_Table17.mat,Normal map,,P1/P2: downscale/compress or externalize,Visual QA required
Assets/Furniture Mega Pack/Textures/Sofas/Sofa24/Sofa24_mat_Sofa24_Normal.png,6495434,6.2 MB,2048,2048,1,PNG,Unknown,1,0,1,None found,2048,16777216,16.0 MB,Assets/Furniture Mega Pack/Materials/Sofa/mat_Sofa24.mat,Normal map,,P1/P2: downscale/compress or externalize,Visual QA required
Assets/Furniture Mega Pack/Textures/Bed/BedFrame/AtlasTexture_BedFrame_AtlasTexture_BedFrame_Normal.png,6486874,6.2 MB,2048,2048,1,PNG,Unknown,1,0,1,None found,2048,16777216,16.0 MB,Assets/Furniture Mega Pack/Materials/Bed/mat_BedFrame.mat,Normal map,,P1/P2: downscale/compress or externalize,Visual QA required
Assets/Furniture Mega Pack/Textures/Tables/Table14/Table14_mat_Table14_Normal.png,6416164,6.1 MB,2048,2048,1,PNG,Unknown,1,0,1,None found,2048,16777216,16.0 MB,Assets/Furniture Mega Pack/Materials/Table/mat_Table14.mat,Normal map,,P1/P2: downscale/compress or externalize,Visual QA required
Assets/Furniture Mega Pack/Textures/Tables/Table03/Table03_mat_Table03_Normal.png,6406475,6.1 MB,2048,2048,1,PNG,Unknown,1,0,1,None found,2048,16777216,16.0 MB,Assets/Furniture Mega Pack/Materials/Table/mat_Table03.mat,Normal map,,P1/P2: downscale/compress or externalize,Visual QA required
Assets/Furniture Mega Pack/Textures/Chairs/Chair50/Chair50_mat_Chair50_Normal.png,6383961,6.1 MB,2048,2048,1,PNG,Unknown,1,0,1,None found,2048,16777216,16.0 MB,Assets/Furniture Mega Pack/Materials/Chair/mat_Chair50.mat,Normal map,,P1/P2: downscale/compress or externalize,Visual QA required
Assets/RealBlend/Art/Materials/Textures/white_rough_plaster_nor_gl_2k.exr,6359882,6.1 MB,0,0,1,,Unknown,1,0,1,None found,2048,,,Assets/RealBlend/Art/Materials/BuiltIn/VariationExampleBuilt-In.mat; Assets/RealBlend/Art/Materials/HDRP/5BlendExample.mat; Assets/RealBlend/Art/Materials/HDRP/VariationExample.mat; Assets/RealBlend/Art/Materials/HDRP/VariationExample_ExperimentalSPOM.mat; Assets/RealBlend/Art/Materials/URP/VariationExampleURP.mat,Normal map,,P1/P2: downscale/compress or externalize,Visual QA required
Assets/Furniture Mega Pack/Textures/Sofas/Sofa11/Sofa11_mat_Sofa11_AlbedoTransparency.png,6327404,6.0 MB,2048,2048,0,PNG,Unknown,1,0,1,None found,2048,16777216,16.0 MB,Assets/Furniture Mega Pack/Materials/Sofa/mat_Sofa11.mat,Unknown,,P1/P2: downscale/compress or externalize,Visual QA required
Assets/Furniture Mega Pack/Textures/Sofas/Sofa35/Sofa35_mat_Sofa35_Normal.png,6318430,6.0 MB,2048,2048,1,PNG,Unknown,1,0,1,None found,2048,16777216,16.0 MB,Assets/Furniture Mega Pack/Materials/Sofa/mat_Sofa35.mat,Normal map,,P1/P2: downscale/compress or externalize,Visual QA required
Assets/TerrainSampleAssets/Textures/Heightmaps/Canyon03_Heightmap.tif,6316568,6.0 MB,1024,1024,10,TIFF,Yes,0,0,1,None found,2048,4194304,4.0 MB,,Unknown,,P1/P2: downscale/compress or externalize,Unknown/runtime or unused candidate
Assets/Furniture Mega Pack/Textures/Sofas/Sofa09/Sofa09_mat_Sofa09_AlbedoTransparency.png,6313804,6.0 MB,2048,2048,0,PNG,Unknown,1,0,1,None found,2048,16777216,16.0 MB,Assets/Furniture Mega Pack/Materials/Sofa/mat_Sofa09.mat,Unknown,,P1/P2: downscale/compress or externalize,Visual QA required
Assets/Furniture Mega Pack/Textures/Chairs/Chair39/Chair39_mat_Chair39_Normal.png,6289346,6.0 MB,2048,2048,1,PNG,Unknown,1,0,1,None found,2048,16777216,16.0 MB,Assets/Furniture Mega Pack/Materials/Chair/mat_Chair39.mat,Normal map,,P1/P2: downscale/compress or externalize,Visual QA required
Assets/Furniture Mega Pack/Textures/Chairs/Chair41/Chair41_mat_Chair41_AlbedoTransparency.png,6253384,6.0 MB,2048,2048,0,PNG,Unknown,1,0,1,None found,2048,16777216,16.0 MB,Assets/Furniture Mega Pack/Materials/Chair/mat_Chair41.mat,Unknown,,P1/P2: downscale/compress or externalize,Visual QA required
Assets/Idyllic Italian Coast Town/Textures/M_floortiles_ceramic_BaseColor.png,6234209,5.9 MB,2048,2048,0,PNG,Unknown,1,0,1,None found,2048,16777216,16.0 MB,Assets/Idyllic Italian Coast Town/Materials/M_floortiles_ceramic 2.mat; Assets/Idyllic Italian Coast Town/Materials/M_floortiles_ceramic 3.mat; Assets/Idyllic Italian Coast Town/Materials/M_floortiles_ceramic.mat,Unknown,,P1/P2: downscale/compress or externalize,Visual QA required
Assets/RealBlend/Art/Materials/Textures/Red_Brick_Mask.png,6210794,5.9 MB,2048,2048,0,PNG,Yes,1,0,1,None found,2048,16777216,16.0 MB,Assets/RealBlend/Art/Materials/BuiltIn/VariationExampleBuilt-In.mat; Assets/RealBlend/Art/Materials/HDRP/5BlendExample.mat; Assets/RealBlend/Art/Materials/HDRP/VariationExample.mat; Assets/RealBlend/Art/Materials/HDRP/VariationExample_ExperimentalSPOM.mat; Assets/RealBlend/Art/Materials/URP/VariationExampleURP.mat,Unknown,,P1/P2: downscale/compress or externalize,Visual QA required
Assets/Furniture Mega Pack/Textures/Cushions/Cushion29_36/Cushion29_36_mat_Cushion29_36_Normal.png,6194992,5.9 MB,2048,2048,1,PNG,Unknown,1,0,1,None found,2048,16777216,16.0 MB,Assets/Furniture Mega Pack/Materials/Cushion/mat_Cushion29_36.mat,Normal map,,P1/P2: downscale/compress or externalize,Visual QA required
Assets/TerrainSampleAssets/Textures/Terrain/Snow_MaskMap.tif,6136652,5.9 MB,2048,2048,0,TIFF,Unknown,1,0,1,None found,2048,16777216,16.0 MB,,Unknown,,P1/P2: downscale/compress or externalize,Unknown/runtime or unused candidate
Assets/Furniture Mega Pack/Textures/Chairs/Chair22/Chair22_mat_Chair22_Normal.png,6132886,5.8 MB,2048,2048,1,PNG,Unknown,1,0,1,None found,2048,16777216,16.0 MB,Assets/Furniture Mega Pack/Materials/Chair/mat_Chair22.mat,Normal map,,P1/P2: downscale/compress or externalize,Visual QA required
Assets/Furniture Mega Pack/Textures/Sofas/Sofa01/Sofa01_mat_Sofa01_AlbedoTransparency.png,6122420,5.8 MB,2048,2048,0,PNG,Unknown,1,0,1,None found,2048,16777216,16.0 MB,Assets/Furniture Mega Pack/Materials/Sofa/mat_Sofa01.mat,Unknown,,P1/P2: downscale/compress or externalize,Visual QA required
Assets/Furniture Mega Pack/Textures/Sofas/Sofa34/Sofa34_mat_Sofa34_Normal.png,6073628,5.8 MB,2048,2048,1,PNG,Unknown,1,0,1,None found,2048,16777216,16.0 MB,Assets/Furniture Mega Pack/Materials/Sofa/mat_Sofa34.mat,Normal map,,P1/P2: downscale/compress or externalize,Visual QA required
Assets/Furniture Mega Pack/Textures/Chairs/Chair23/Chair23_mat_Chair23_Normal.png,6015948,5.7 MB,2048,2048,1,PNG,Unknown,1,0,1,None found,2048,16777216,16.0 MB,Assets/Furniture Mega Pack/Materials/Chair/mat_Chair23.mat,Normal map,,P1/P2: downscale/compress or externalize,Visual QA required
Assets/Idyllic Italian Coast Town/Textures/M_floortiles_terracotta_BaseColro.png,5997787,5.7 MB,2048,2048,0,PNG,Yes,1,0,1,None found,2048,16777216,16.0 MB,Assets/Idyllic Italian Coast Town/Materials/M_floortiles_ceramic 1.mat,Unknown,,P1/P2: downscale/compress or externalize,Visual QA required
Assets/Furniture Mega Pack/Textures/Chairs/Chair10/Chair10_mat_Chair10_Normal.png,5984097,5.7 MB,2048,2048,1,PNG,Unknown,1,0,1,None found,2048,16777216,16.0 MB,Assets/Furniture Mega Pack/Materials/Chair/mat_Chair10.mat,Normal map,,P1/P2: downscale/compress or externalize,Visual QA required
Assets/Furniture Mega Pack/Textures/Chairs/Chair46/Chair46_mat_Chair46_Normal.png,5956413,5.7 MB,2048,2048,1,PNG,Unknown,1,0,1,None found,2048,16777216,16.0 MB,Assets/Furniture Mega Pack/Materials/Chair/mat_Chair46.mat,Normal map,,P1/P2: downscale/compress or externalize,Visual QA required
Assets/Idyllic Italian Coast Town/Textures/M_gravel_Normal.png,5946714,5.7 MB,1024,1024,1,PNG,Unknown,1,0,1,None found,2048,4194304,4.0 MB,Assets/Idyllic Italian Coast Town/Materials/M_gravel.mat,Normal map,,P1/P2: downscale/compress or externalize,Visual QA required
Assets/Furniture Mega Pack/Textures/Chairs/Chair20/Chair20_mat_Chair20_AlbedoTransparency.png,5932467,5.7 MB,2048,2048,0,PNG,Unknown,1,0,1,None found,2048,16777216,16.0 MB,Assets/Furniture Mega Pack/Materials/Chair/mat_Chair20.mat,Unknown,,P1/P2: downscale/compress or externalize,Visual QA required
Assets/Furniture Mega Pack/Textures/Tables/Table46/Table46_mat_Table46_Normal.png,5927898,5.7 MB,2048,2048,1,PNG,Unknown,1,0,1,None found,2048,16777216,16.0 MB,Assets/Furniture Mega Pack/Materials/Table/mat_Table46.mat,Normal map,,P1/P2: downscale/compress or externalize,Visual QA required
Assets/Idyllic Italian Coast Town/Textures/M_asphalt_Normal.png,5917938,5.6 MB,1024,1024,1,PNG,Unknown,1,0,1,None found,2048,4194304,4.0 MB,Assets/Idyllic Italian Coast Town/Materials/M_asphalt.mat,Normal map,,P1/P2: downscale/compress or externalize,Visual QA required
Assets/Furniture Mega Pack/Textures/Chairs/Chair22/Chair22_mat_Chair22_AlbedoTransparency.png,5882482,5.6 MB,2048,2048,0,PNG,Unknown,1,0,1,None found,2048,16777216,16.0 MB,Assets/Furniture Mega Pack/Materials/Chair/mat_Chair22.mat,Unknown,,P1/P2: downscale/compress or externalize,Visual QA required
Assets/DevDen Arch Viz Scotland/Scenes/ArchViz/Lightmap-0_comp_light.exr,5866388,5.6 MB,0,0,6,,Unknown,1,0,2,None found,2048,,,,Lightmap/baked lighting,,P1/P2: downscale/compress or externalize,Unknown/runtime or unused candidate
Assets/Idyllic Italian Coast Town/Textures/M_treebark_BaseMap.png,5820606,5.6 MB,2048,2048,0,PNG,Unknown,1,0,1,None found,2048,16777216,16.0 MB,Assets/Idyllic Italian Coast Town/Materials/M_treebark.mat,Unknown,,P1/P2: downscale/compress or externalize,Visual QA required
Assets/Furniture Mega Pack/Textures/Chairs/Chair49/Chair49_mat_Chair49_Normal.png,5786125,5.5 MB,2048,2048,1,PNG,Unknown,1,0,1,None found,2048,16777216,16.0 MB,Assets/Furniture Mega Pack/Materials/Chair/mat_Chair49.mat,Normal map,,P1/P2: downscale/compress or externalize,Visual QA required
Assets/Furniture Mega Pack/Textures/Tables/Table01/Table01_mat_Table01_AlbedoTransparency.png,5781961,5.5 MB,2048,2048,0,PNG,Unknown,1,0,1,None found,2048,16777216,16.0 MB,Assets/Furniture Mega Pack/Materials/Table/mat_Table01.mat,Unknown,,P1/P2: downscale/compress or externalize,Visual QA required
Assets/Furniture Mega Pack/Textures/Cushions/Cushion41_48/Cushion41_48_mat_Cushion41_48_AlbedoTransparency.png,5772910,5.5 MB,2048,2048,0,PNG,Unknown,1,0,1,None found,2048,16777216,16.0 MB,Assets/Furniture Mega Pack/Materials/Cushion/mat_Cushion41_48.mat,Unknown,,P1/P2: downscale/compress or externalize,Visual QA required
Assets/RealBlend/Art/Materials/Textures/RoughPlasterMask.png,5761765,5.5 MB,2048,2048,0,PNG,Yes,1,0,1,None found,2048,16777216,16.0 MB,Assets/RealBlend/Art/Materials/BuiltIn/VariationExampleBuilt-In.mat; Assets/RealBlend/Art/Materials/HDRP/5BlendExample.mat; Assets/RealBlend/Art/Materials/HDRP/VariationExample.mat; Assets/RealBlend/Art/Materials/HDRP/VariationExample_ExperimentalSPOM.mat; Assets/RealBlend/Art/Materials/URP/VariationExampleURP.mat,Unknown,,P1/P2: downscale/compress or externalize,Visual QA required
Assets/Furniture Mega Pack/Textures/Chairs/Chair03/Chair03_mat_Chair03_Normal.png,5751338,5.5 MB,2048,2048,1,PNG,Unknown,1,0,1,None found,2048,16777216,16.0 MB,Assets/Furniture Mega Pack/Materials/Chair/mat_Chair03.mat,Normal map,,P1/P2: downscale/compress or externalize,Visual QA required
Assets/Furniture Mega Pack/Textures/Chairs/Chair05/Chair05_mat_Chair05_Normal.png,5744432,5.5 MB,2048,2048,1,PNG,Unknown,1,0,1,None found,2048,16777216,16.0 MB,Assets/Furniture Mega Pack/Materials/Chair/mat_Chair05.mat,Normal map,,P1/P2: downscale/compress or externalize,Visual QA required
Assets/Furniture Mega Pack/Textures/Sofas/SectionalSofaFabric/SectionalSofaFabric_mat_SectionalSofaLeather_Normal.png,5702601,5.4 MB,2048,2048,1,PNG,Unknown,1,0,1,None found,2048,16777216,16.0 MB,Assets/Furniture Mega Pack/Materials/Sofa/mat_SectionalSofaFabric.mat,Normal map,,P1/P2: downscale/compress or externalize,Visual QA required
Assets/Idyllic Italian Coast Town/Textures/M_cliff_rocks_normal.png,5678951,5.4 MB,1024,1024,1,PNG,Unknown,1,0,1,None found,2048,4194304,4.0 MB,,Normal map,,P1/P2: downscale/compress or externalize,Unknown/runtime or unused candidate
Assets/Furniture Mega Pack/Textures/Tables/Table28/Table28_mat_Table28_Normal.png,5663214,5.4 MB,2048,2048,1,PNG,Unknown,1,0,1,None found,2048,16777216,16.0 MB,Assets/Furniture Mega Pack/Materials/Table/mat_Table28.mat,Normal map,,P1/P2: downscale/compress or externalize,Visual QA required
Assets/Furniture Mega Pack/Textures/Tables/Table45/Table45_mat_Table45_Normal.png,5660246,5.4 MB,2048,2048,1,PNG,Unknown,1,0,1,None found,2048,16777216,16.0 MB,Assets/Furniture Mega Pack/Materials/Table/mat_Table45.mat,Normal map,,P1/P2: downscale/compress or externalize,Visual QA required
Assets/Furniture Mega Pack/Textures/Cushions/Cushion25_28/Cushion25_28_mat_Cushion25_28_Normal.png,5651063,5.4 MB,2048,2048,1,PNG,Unknown,1,0,1,None found,2048,16777216,16.0 MB,Assets/Furniture Mega Pack/Materials/Cushion/mat_Cushion25_28.mat,Normal map,,P1/P2: downscale/compress or externalize,Visual QA required
Assets/Furniture Mega Pack/Textures/Sofas/Sofa22/Sofa22_mat_Sofa22_AlbedoTransparency.png,5630316,5.4 MB,2048,2048,0,PNG,Unknown,1,0,1,None found,2048,16777216,16.0 MB,Assets/Furniture Mega Pack/Materials/Sofa/mat_Sofa22.mat,Unknown,,P1/P2: downscale/compress or externalize,Visual QA required
Assets/Furniture Mega Pack/Textures/Tables/Table15/Table15_mat_Table15_AlbedoTransparency.png,5610172,5.4 MB,2048,2048,0,PNG,Unknown,1,0,1,None found,2048,16777216,16.0 MB,Assets/Furniture Mega Pack/Materials/Table/mat_Table15.mat,Unknown,,P1/P2: downscale/compress or externalize,Visual QA required
Assets/BCaT_assets/Meshell_Sturgis/Big Mama_s Living Room.jpg,5590566,5.3 MB,3590,2684,0,JPEG,Unknown,1,0,1,WebGL,2048,38542240,36.8 MB,Assets/BCaT_assets/Meshell_Sturgis/BMLR.mat,Unknown,,P1/P2: downscale/compress or externalize,Visual QA required
Assets/Furniture Mega Pack/Textures/Closet/AtlasTexture_Closet_AlbedoTransparency.png,5572886,5.3 MB,2048,2048,0,PNG,Unknown,1,0,1,None found,2048,16777216,16.0 MB,Assets/Furniture Mega Pack/Materials/Closet/mat_Closet.mat,Unknown,,P1/P2: downscale/compress or externalize,Visual QA required
Assets/Furniture Mega Pack/Textures/Tables/Table05/Table05_mat_Table05_Normal.png,5507443,5.3 MB,2048,2048,1,PNG,Unknown,1,0,1,None found,2048,16777216,16.0 MB,Assets/Furniture Mega Pack/Materials/Table/mat_Table05.mat,Normal map,,P1/P2: downscale/compress or externalize,Visual QA required
Assets/Furniture Mega Pack/Textures/Tables/Table33/Table33_mat_Table33_Normal.png,5464225,5.2 MB,2048,2048,1,PNG,Unknown,1,0,1,None found,2048,16777216,16.0 MB,Assets/Furniture Mega Pack/Materials/Table/mat_Table33.mat,Normal map,,P1/P2: downscale/compress or externalize,Visual QA required
Assets/Furniture Mega Pack/Textures/Chairs/Chair15/Chair15_mat_Chair15_AlbedoTransparency.png,5442370,5.2 MB,2048,2048,0,PNG,Unknown,1,0,1,None found,2048,16777216,16.0 MB,Assets/Furniture Mega Pack/Materials/Chair/mat_Chair15.mat,Unknown,,P1/P2: downscale/compress or externalize,Visual QA required
Assets/Furniture Mega Pack/Textures/Chairs/Chair44/Chair44_mat_Chair44_Normal.png,5415290,5.2 MB,2048,2048,1,PNG,Unknown,1,0,1,None found,2048,16777216,16.0 MB,Assets/Furniture Mega Pack/Materials/Chair/mat_Chair44.mat,Normal map,,P1/P2: downscale/compress or externalize,Visual QA required
Assets/Furniture Mega Pack/Textures/Cushions/Cushion09_16/Cushion09_16_mat_Cushion09_16_Normal.png,5412843,5.2 MB,2048,2048,1,PNG,Unknown,1,0,1,None found,2048,16777216,16.0 MB,Assets/Furniture Mega Pack/Materials/Cushion/mat_Cushion09_16.mat,Normal map,,P1/P2: downscale/compress or externalize,Visual QA required
Assets/Furniture Mega Pack/Textures/Tables/Table13/Table13_mat_Table13_Normal.png,5349184,5.1 MB,2048,2048,1,PNG,Unknown,1,0,1,None found,2048,16777216,16.0 MB,Assets/Furniture Mega Pack/Materials/Table/mat_Table13.mat,Normal map,,P1/P2: downscale/compress or externalize,Visual QA required
Assets/Furniture Mega Pack/Textures/Chairs/Chair42/Chair42_mat_Chair42_AlbedoTransparency.png,5337693,5.1 MB,2048,2048,0,PNG,Unknown,1,0,1,None found,2048,16777216,16.0 MB,Assets/Furniture Mega Pack/Materials/Chair/mat_Chair42.mat,Unknown,,P1/P2: downscale/compress or externalize,Visual QA required
Assets/Furniture Mega Pack/Textures/Chairs/Chair02/Chair02_mat_Chair02_AlbedoTransparency.png,5334361,5.1 MB,2048,2048,0,PNG,Unknown,1,0,1,None found,2048,16777216,16.0 MB,Assets/Furniture Mega Pack/Materials/Chair/mat_Chair02.mat,Unknown,,P1/P2: downscale/compress or externalize,Visual QA required
Assets/Furniture Mega Pack/Textures/Cushions/Cushion09_16/Cushion09_16_mat_Cushion09_16_AlbedoTransparency.png,5333470,5.1 MB,2048,2048,0,PNG,Unknown,1,0,1,None found,2048,16777216,16.0 MB,Assets/Furniture Mega Pack/Materials/Cushion/mat_Cushion09_16.mat,Unknown,,P1/P2: downscale/compress or externalize,Visual QA required
Assets/Furniture Mega Pack/Textures/Tables/Table19/Table19_mat_Table19_Normal.png,5298807,5.1 MB,2048,2048,1,PNG,Unknown,1,0,1,None found,2048,16777216,16.0 MB,Assets/Furniture Mega Pack/Materials/Table/mat_Table19.mat,Normal map,,P1/P2: downscale/compress or externalize,Visual QA required
Assets/Furniture Mega Pack/Textures/Tables/Table33/Table33_mat_Table33_AlbedoTransparency.png,5270939,5.0 MB,2048,2048,0,PNG,Unknown,1,0,1,None found,2048,16777216,16.0 MB,Assets/Furniture Mega Pack/Materials/Table/mat_Table33.mat,Unknown,,P1/P2: downscale/compress or externalize,Visual QA required
Assets/Furniture Mega Pack/Textures/Tables/Table25/Table25_mat_Table25_Normal.png,5267596,5.0 MB,2048,2048,1,PNG,Unknown,1,0,1,None found,2048,16777216,16.0 MB,Assets/Furniture Mega Pack/Materials/Table/mat_Table25.mat,Normal map,,P1/P2: downscale/compress or externalize,Visual QA required
Assets/Furniture Mega Pack/Textures/Tables/Table34/Table34_mat_Table34_Normal.png,5261152,5.0 MB,2048,2048,1,PNG,Unknown,1,0,1,None found,2048,16777216,16.0 MB,Assets/Furniture Mega Pack/Materials/Table/mat_Table34.mat,Normal map,,P1/P2: downscale/compress or externalize,Visual QA required
Assets/Furniture Mega Pack/Textures/Chairs/Chair02/Chair02_mat_Chair02_Normal.png,5218828,5.0 MB,2048,2048,1,PNG,Unknown,1,0,1,None found,2048,16777216,16.0 MB,Assets/Furniture Mega Pack/Materials/Chair/mat_Chair02.mat,Normal map,,Review if referenced,Visual QA required
Assets/Furniture Mega Pack/Textures/Tables/Table16/Table16_mat_Table16_Normal.png,5191621,5.0 MB,2048,2048,1,PNG,Unknown,1,0,1,None found,2048,16777216,16.0 MB,Assets/Furniture Mega Pack/Materials/Table/mat_Table16.mat,Normal map,,Review if referenced,Visual QA required
Assets/danthaigames/DS 80s Television/PSDs/Screen_Surround_And_Handles.psd,5146155,4.9 MB,2048,2048,0,PSD,Unknown,1,0,1,None found,2048,16777216,16.0 MB,,Unknown,,Review if referenced,Unknown/runtime or unused candidate
Assets/Furniture Mega Pack/Textures/Tables/Table24/Table24_mat_Table24_Normal.png,5135266,4.9 MB,2048,2048,1,PNG,Unknown,1,0,1,None found,2048,16777216,16.0 MB,Assets/Furniture Mega Pack/Materials/Table/mat_Table24.mat,Normal map,,Review if referenced,Visual QA required
Assets/Furniture Mega Pack/Textures/Chairs/Chair43/Chair43_mat_Chair43_Normal.png,5127469,4.9 MB,2048,2048,1,PNG,Unknown,1,0,1,None found,2048,16777216,16.0 MB,Assets/Furniture Mega Pack/Materials/Chair/mat_Chair43.mat,Normal map,,Review if referenced,Visual QA required
Assets/Furniture Mega Pack/Textures/Tables/Table12/Table12_mat_Table12_Normal.png,5127050,4.9 MB,2048,2048,1,PNG,Unknown,1,0,1,None found,2048,16777216,16.0 MB,Assets/Furniture Mega Pack/Materials/Table/mat_Table12.mat,Normal map,,Review if referenced,Visual QA required
Assets/Furniture Mega Pack/Textures/Cushions/Cushion25_28/Cushion25_28_mat_Cushion25_28_AlbedoTransparency.png,5120087,4.9 MB,2048,2048,0,PNG,Unknown,1,0,1,None found,2048,16777216,16.0 MB,Assets/Furniture Mega Pack/Materials/Cushion/mat_Cushion25_28.mat,Unknown,,Review if referenced,Visual QA required
Assets/Idyllic Italian Coast Town/Textures/M_attachments_stone_BaseMap.png,5109032,4.9 MB,2048,2048,0,PNG,Unknown,1,0,1,None found,2048,16777216,16.0 MB,Assets/Idyllic Italian Coast Town/Materials/M_attachments_stone 1.mat; Assets/Idyllic Italian Coast Town/Materials/M_attachments_stone.mat,Unknown,,Review if referenced,Visual QA required
Assets/Furniture Mega Pack/Textures/Tables/Table20/Table20_mat_Table20_Normal.png,5098170,4.9 MB,2048,2048,1,PNG,Unknown,1,0,1,None found,2048,16777216,16.0 MB,Assets/Furniture Mega Pack/Materials/Table/mat_Table20.mat,Normal map,,Review if referenced,Visual QA required
Assets/Furniture Mega Pack/Textures/Tables/Table04/Table04_mat_Table04_Normal.png,5066218,4.8 MB,2048,2048,1,PNG,Unknown,1,0,1,None found,2048,16777216,16.0 MB,Assets/Furniture Mega Pack/Materials/Table/mat_Table04.mat,Normal map,,Review if referenced,Visual QA required
Assets/Furniture Mega Pack/Textures/Tables/Table19/Table19_mat_Table19_AlbedoTransparency.png,5053115,4.8 MB,2048,2048,0,PNG,Unknown,1,0,1,None found,2048,16777216,16.0 MB,Assets/Furniture Mega Pack/Materials/Table/mat_Table19.mat,Unknown,,Review if referenced,Visual QA required
Assets/Furniture Mega Pack/Textures/Tables/Table27/Table27_mat_Table27_Normal.png,5050874,4.8 MB,2048,2048,1,PNG,Unknown,1,0,1,None found,2048,16777216,16.0 MB,Assets/Furniture Mega Pack/Materials/Table/mat_Table27.mat,Normal map,,Review if referenced,Visual QA required
Assets/Furniture Mega Pack/Textures/Chairs/Chair23/Chair23_mat_Chair23_AlbedoTransparency.png,5047669,4.8 MB,2048,2048,0,PNG,Unknown,1,0,1,None found,2048,16777216,16.0 MB,Assets/Furniture Mega Pack/Materials/Chair/mat_Chair23.mat,Unknown,,Review if referenced,Visual QA required
Assets/Furniture Mega Pack/Textures/Tables/Table02/Table02_mat_Table02_Normal.png,5021077,4.8 MB,2048,2048,1,PNG,Unknown,1,0,1,None found,2048,16777216,16.0 MB,Assets/Furniture Mega Pack/Materials/Table/mat_Table02.mat,Normal map,,Review if referenced,Visual QA required
Assets/Furniture Mega Pack/Textures/Cushions/Cushion49_50/Cushion49_50_mat_Cushion49_50_Normal.png,5005076,4.8 MB,2048,2048,1,PNG,Unknown,1,0,1,None found,2048,16777216,16.0 MB,Assets/Furniture Mega Pack/Materials/Cushion/mat_Cushion49_50.mat,Normal map,,Review if referenced,Visual QA required
Assets/Furniture Mega Pack/Textures/Tables/Table34/Table34_mat_Table34_AlbedoTransparency.png,4999955,4.8 MB,2048,2048,0,PNG,Unknown,1,0,1,None found,2048,16777216,16.0 MB,Assets/Furniture Mega Pack/Materials/Table/mat_Table34.mat,Unknown,,Review if referenced,Visual QA required
Assets/Furniture Mega Pack/Textures/Sofas/Sofa02/Sofa02_mat_Sofa02_AlbedoTransparency.png,4981717,4.8 MB,2048,2048,0,PNG,Unknown,1,0,1,None found,2048,16777216,16.0 MB,Assets/Furniture Mega Pack/Materials/Sofa/mat_Sofa02.mat,Unknown,,Review if referenced,Visual QA required
Assets/Furniture Mega Pack/Textures/Tables/Table35/Table35_mat_Table35_Normal.png,4957582,4.7 MB,2048,2048,1,PNG,Unknown,1,0,1,None found,2048,16777216,16.0 MB,Assets/Furniture Mega Pack/Materials/Table/mat_Table35.mat,Normal map,,Review if referenced,Visual QA required
Assets/Furniture Mega Pack/Textures/Chairs/Chair36/Chair36_mat_Chair36_Normal.png,4865919,4.6 MB,2048,2048,1,PNG,Unknown,1,0,1,None found,2048,16777216,16.0 MB,Assets/Furniture Mega Pack/Materials/Chair/mat_Chair36.mat,Normal map,,Review if referenced,Visual QA required
Assets/Furniture Mega Pack/Textures/Bed/BedFrame/AtlasTexture_BedFrame_AtlasTexture_BedFrame_AlbedoTransparency.png,4861539,4.6 MB,2048,2048,0,PNG,Unknown,1,0,1,None found,2048,16777216,16.0 MB,Assets/Furniture Mega Pack/Materials/Bed/mat_BedFrame.mat,Unknown,,Review if referenced,Visual QA required
Assets/Furniture Mega Pack/Textures/Sofas/Sofa23/Sofa23_mat_Sofa23_Normal.png,4818657,4.6 MB,2048,2048,1,PNG,Unknown,1,0,1,None found,2048,16777216,16.0 MB,Assets/Furniture Mega Pack/Materials/Sofa/mat_Sofa23.mat,Normal map,,Review if referenced,Visual QA required
Assets/Idyllic Italian Coast Town/Textures/M_treebark_Normal.png,4816249,4.6 MB,2048,2048,1,PNG,Unknown,1,0,1,None found,2048,16777216,16.0 MB,Assets/Idyllic Italian Coast Town/Materials/M_treebark.mat,Normal map,,Review if referenced,Visual QA required
Assets/Furniture Mega Pack/Textures/Tables/Table20/Table20_mat_Table20_AlbedoTransparency.png,4791575,4.6 MB,2048,2048,0,PNG,Unknown,1,0,1,None found,2048,16777216,16.0 MB,Assets/Furniture Mega Pack/Materials/Table/mat_Table20.mat,Unknown,,Review if referenced,Visual QA required
Assets/Furniture Mega Pack/Textures/Tables/Table18/Table18_mat_Table18_Normal.png,4788821,4.6 MB,2048,2048,1,PNG,Unknown,1,0,1,None found,2048,16777216,16.0 MB,Assets/Furniture Mega Pack/Materials/Table/mat_Table18.mat,Normal map,,Review if referenced,Visual QA required
Assets/Furniture Mega Pack/Textures/Chairs/Chair39/Chair39_mat_Chair39_AlbedoTransparency.png,4756822,4.5 MB,2048,2048,0,PNG,Unknown,1,0,1,None found,2048,16777216,16.0 MB,Assets/Furniture Mega Pack/Materials/Chair/mat_Chair39.mat,Unknown,,Review if referenced,Visual QA required
Assets/Furniture Mega Pack/Textures/Tables/Table11/Table11_mat_Table11_AlbedoTransparency.png,4741125,4.5 MB,2048,2048,0,PNG,Unknown,1,0,1,None found,2048,16777216,16.0 MB,Assets/Furniture Mega Pack/Materials/Table/mat_Table11.mat,Unknown,,Review if referenced,Visual QA required
Assets/Furniture Mega Pack/Textures/Sofas/Sofa14/Sofa14_mat_Sofa14_AlbedoTransparency.png,4717571,4.5 MB,2048,2048,0,PNG,Unknown,1,0,1,None found,2048,16777216,16.0 MB,Assets/Furniture Mega Pack/Materials/Sofa/mat_Sofa14.mat,Unknown,,Review if referenced,Visual QA required
Assets/Furniture Mega Pack/Textures/Tables/Table01/Table01_mat_Table01_Normal.png,4697649,4.5 MB,2048,2048,1,PNG,Unknown,1,0,1,None found,2048,16777216,16.0 MB,Assets/Furniture Mega Pack/Materials/Table/mat_Table01.mat,Normal map,,Review if referenced,Visual QA required
Assets/Furniture Mega Pack/Textures/Tables/Table35/Table35_mat_Table35_AlbedoTransparency.png,4683665,4.5 MB,2048,2048,0,PNG,Unknown,1,0,1,None found,2048,16777216,16.0 MB,Assets/Furniture Mega Pack/Materials/Table/mat_Table35.mat,Unknown,,Review if referenced,Visual QA required
Assets/Furniture Mega Pack/Textures/Sofas/Sofa26/Sofa26_mat_Sofa26_AlbedoTransparency.png,4660501,4.4 MB,2048,2048,0,PNG,Unknown,1,0,1,None found,2048,16777216,16.0 MB,Assets/Furniture Mega Pack/Materials/Sofa/mat_Sofa26.mat,Unknown,,Review if referenced,Visual QA required
Assets/Idyllic Italian Coast Town/Textures/M_flowerpots_Normal.png,4655958,4.4 MB,2048,2048,1,PNG,Unknown,1,0,1,None found,2048,16777216,16.0 MB,Assets/Idyllic Italian Coast Town/Materials/M_flowerpots 1.mat; Assets/Idyllic Italian Coast Town/Materials/M_flowerpots.mat,Normal map,,Review if referenced,Visual QA required
Assets/Furniture Mega Pack/Textures/Chairs/Chair06/Chair06_mat_Chair06_AlbedoTransparency.png,4649154,4.4 MB,2048,2048,0,PNG,Unknown,1,0,1,None found,2048,16777216,16.0 MB,Assets/Furniture Mega Pack/Materials/Chair/mat_Chair06.mat,Unknown,,Review if referenced,Visual QA required
Assets/Furniture Mega Pack/Textures/Tables/Table45/Table45_mat_Table45_AlbedoTransparency.png,4618509,4.4 MB,2048,2048,0,PNG,Unknown,1,0,1,None found,2048,16777216,16.0 MB,Assets/Furniture Mega Pack/Materials/Table/mat_Table45.mat,Unknown,,Review if referenced,Visual QA required
Assets/Furniture Mega Pack/Textures/Tables/Table03/Table03_mat_Table03_AlbedoTransparency.png,4617202,4.4 MB,2048,2048,0,PNG,Unknown,1,0,1,None found,2048,16777216,16.0 MB,Assets/Furniture Mega Pack/Materials/Table/mat_Table03.mat,Unknown,,Review if referenced,Visual QA required
Assets/Furniture Mega Pack/Textures/Tables/Table11/Table11_mat_Table11_Normal.png,4616922,4.4 MB,2048,2048,1,PNG,Unknown,1,0,1,None found,2048,16777216,16.0 MB,Assets/Furniture Mega Pack/Materials/Table/mat_Table11.mat,Normal map,,Review if referenced,Visual QA required
Assets/Furniture Mega Pack/Textures/Chairs/Chair21/Chair21_mat_Chair21_AlbedoTransparency.png,4613275,4.4 MB,2048,2048,0,PNG,Unknown,1,0,1,None found,2048,16777216,16.0 MB,Assets/Furniture Mega Pack/Materials/Chair/mat_Chair21.mat,Unknown,,Review if referenced,Visual QA required
Assets/DevDen Arch Viz Scotland/Textures/Kitchen Room/side_piece/side_piece_marble_AlbedoTransparency.png,4606213,4.4 MB,2048,2048,0,PNG,Yes,1,1,1,WebGL,2048,16777216,16.0 MB,Assets/DevDen Arch Viz Scotland/Materials/Kitchen Room/marble.mat; Assets/HyTeKGames/SRPMaterialConverter/ConvertedMaterials/marble.mat,Unknown,ReadWrite enabled,Review if referenced,Visual QA required
Assets/Furniture Mega Pack/Textures/Tables/Table39/Table39_mat_Table39_AlbedoTransparency.png,4602163,4.4 MB,2048,2048,0,PNG,Unknown,1,0,1,None found,2048,16777216,16.0 MB,Assets/Furniture Mega Pack/Materials/Table/mat_Table39.mat,Unknown,,Review if referenced,Visual QA required
Assets/Furniture Mega Pack/Textures/Chairs/Chair47/Chair47_mat_Chair47_Normal.png,4567915,4.4 MB,2048,2048,1,PNG,Unknown,1,0,1,None found,2048,16777216,16.0 MB,Assets/Furniture Mega Pack/Materials/Chair/mat_Chair47.mat,Normal map,,Review if referenced,Visual QA required
Assets/Furniture Mega Pack/Textures/Tables/Table47/Table47_mat_Table47_AlbedoTransparency.png,4560978,4.3 MB,2048,2048,0,PNG,Unknown,1,0,1,None found,2048,16777216,16.0 MB,Assets/Furniture Mega Pack/Materials/Table/mat_Table47.mat,Unknown,,Review if referenced,Visual QA required
Assets/Furniture Mega Pack/Textures/Tables/Table21/Table21_mat_Table21_AlbedoTransparency.png,4537134,4.3 MB,2048,2048,0,PNG,Unknown,1,0,1,None found,2048,16777216,16.0 MB,Assets/Furniture Mega Pack/Materials/Table/mat_Table21.mat,Unknown,,Review if referenced,Visual QA required
Assets/Furniture Mega Pack/Textures/Tables/Table46/Table46_mat_Table46_AlbedoTransparency.png,4521086,4.3 MB,2048,2048,0,PNG,Unknown,1,0,1,None found,2048,16777216,16.0 MB,Assets/Furniture Mega Pack/Materials/Table/mat_Table46.mat,Unknown,,Review if referenced,Visual QA required
Assets/Furniture Mega Pack/Textures/Sofas/Sofa03/Sofa03_mat_Sofa03_AlbedoTransparency.png,4504988,4.3 MB,2048,2048,0,PNG,Unknown,1,0,1,None found,2048,16777216,16.0 MB,Assets/Furniture Mega Pack/Materials/Sofa/mat_Sofa03.mat,Unknown,,Review if referenced,Visual QA required
Assets/Furniture Mega Pack/Textures/Chairs/Chair40/Chair40_mat_Chair40_Normal.png,4492836,4.3 MB,2048,2048,1,PNG,Unknown,1,0,1,None found,2048,16777216,16.0 MB,Assets/Furniture Mega Pack/Materials/Chair/mat_Chair40.mat,Normal map,,Review if referenced,Visual QA required
Assets/Idyllic Italian Coast Town/Textures/M_windows_italian_MaskMap.png,4491482,4.3 MB,2048,2048,0,PNG,Yes,1,0,1,None found,2048,16777216,16.0 MB,Assets/Idyllic Italian Coast Town/Materials/M_windows.mat,Unknown,,Review if referenced,Visual QA required
Assets/Furniture Mega Pack/Textures/Chairs/Chair32/Chair32_mat_Chair32_Normal.png,4482663,4.3 MB,2048,2048,1,PNG,Unknown,1,0,1,None found,2048,16777216,16.0 MB,Assets/Furniture Mega Pack/Materials/Chair/mat_Chair32.mat,Normal map,,Review if referenced,Visual QA required
Assets/DevDen Arch Viz Scotland/Textures/Common/SmallObj/dish-rack_ao.png,4482210,4.3 MB,4096,4096,0,PNG,Unknown,1,0,1,None found,2048,67108864,64.0 MB,Assets/DevDen Arch Viz Scotland/Materials/Kitchen Room/DrainerNew.mat,Unknown,Large 4096+,P1/P2: downscale/compress or externalize,Visual QA required
Assets/Furniture Mega Pack/Textures/Sofas/Sofa36/Sofa36_mat_Sofa36_AlbedoTransparency.png,4482137,4.3 MB,2048,2048,0,PNG,Unknown,1,0,1,None found,2048,16777216,16.0 MB,Assets/Furniture Mega Pack/Materials/Sofa/mat_Sofa36.mat,Unknown,,Review if referenced,Visual QA required
Assets/Furniture Mega Pack/Textures/Tables/Table38/Table38_mat_Table38_Normal.png,4477878,4.3 MB,2048,2048,1,PNG,Unknown,1,0,1,None found,2048,16777216,16.0 MB,Assets/Furniture Mega Pack/Materials/Table/mat_Table38.mat,Normal map,,Review if referenced,Visual QA required
Assets/RealBlend/Art/Materials/Textures/red_brick_plaster_patch_02_nor_gl_2k.exr,4472925,4.3 MB,0,0,1,,Unknown,1,0,1,None found,2048,,,Assets/RealBlend/Art/Materials/BuiltIn/VariationExampleBuilt-In.mat; Assets/RealBlend/Art/Materials/HDRP/5BlendExample.mat; Assets/RealBlend/Art/Materials/HDRP/VariationExample.mat; Assets/RealBlend/Art/Materials/HDRP/VariationExample_ExperimentalSPOM.mat; Assets/RealBlend/Art/Materials/URP/VariationExampleURP.mat,Normal map,,Review if referenced,Visual QA required
Assets/Furniture Mega Pack/Textures/Closet/AtlasTexture_Closet_Normal.png,4446409,4.2 MB,2048,2048,1,PNG,Unknown,1,0,1,None found,2048,16777216,16.0 MB,Assets/Furniture Mega Pack/Materials/Closet/mat_Closet.mat,Normal map,,Review if referenced,Visual QA required
Assets/Furniture Mega Pack/Textures/Chairs/Chair40/Chair40_mat_Chair40_AlbedoTransparency.png,4446124,4.2 MB,2048,2048,0,PNG,Unknown,1,0,1,None found,2048,16777216,16.0 MB,Assets/Furniture Mega Pack/Materials/Chair/mat_Chair40.mat,Unknown,,Review if referenced,Visual QA required
Assets/Furniture Mega Pack/Textures/Sofas/SectionalSofaFabric/SectionalSofaFabric_mat_SectionalSofaLeather_MetallicSmoothness.png,4426651,4.2 MB,2048,2048,0,PNG,Yes,1,0,1,None found,2048,16777216,16.0 MB,Assets/Furniture Mega Pack/Materials/Sofa/mat_SectionalSofaFabric.mat,Unknown,,Review if referenced,Visual QA required
Assets/Furniture Mega Pack/Textures/Chairs/Chair12/Chair12_mat_Chair12_AlbedoTransparency.png,4420969,4.2 MB,2048,2048,0,PNG,Unknown,1,0,1,None found,2048,16777216,16.0 MB,Assets/Furniture Mega Pack/Materials/Chair/mat_Chair12.mat,Unknown,,Review if referenced,Visual QA required
Assets/DevDen Arch Viz Scotland/Textures/Common/Interior_props/StudyRoom_BG1.png,4368367,4.2 MB,2048,2048,0,PNG,Unknown,1,1,1,None found,2048,16777216,16.0 MB,Assets/DevDen Arch Viz Scotland/Materials/Study Room/PictureImage03.mat; Assets/HyTeKGames/SRPMaterialConverter/ConvertedMaterials/PictureImage03.mat,Unknown,ReadWrite enabled,Review if referenced,Visual QA required
Assets/Furniture Mega Pack/Textures/Tables/Table14/Table14_mat_Table14_AlbedoTransparency.png,4347019,4.1 MB,2048,2048,0,PNG,Unknown,1,0,1,None found,2048,16777216,16.0 MB,Assets/Furniture Mega Pack/Materials/Table/mat_Table14.mat,Unknown,,Review if referenced,Visual QA required
Assets/Furniture Mega Pack/Textures/Tables/Table12/Table12_mat_Table12_AlbedoTransparency.png,4342552,4.1 MB,2048,2048,0,PNG,Unknown,1,0,1,None found,2048,16777216,16.0 MB,Assets/Furniture Mega Pack/Materials/Table/mat_Table12.mat,Unknown,,Review if referenced,Visual QA required
Assets/Furniture Mega Pack/Textures/Chairs/Chair19/Chair19_mat_Chair19_AlbedoTransparency.png,4339697,4.1 MB,2048,2048,0,PNG,Unknown,1,0,1,None found,2048,16777216,16.0 MB,Assets/Furniture Mega Pack/Materials/Chair/mat_Chair19.mat,Unknown,,Review if referenced,Visual QA required
Assets/Furniture Mega Pack/Textures/Chairs/Chair14/Chair14_mat_Chair14_AlbedoTransparency.png,4333732,4.1 MB,2048,2048,0,PNG,Unknown,1,0,1,None found,2048,16777216,16.0 MB,Assets/Furniture Mega Pack/Materials/Chair/mat_Chair14.mat,Unknown,,Review if referenced,Visual QA required
Assets/Idyllic Italian Coast Town/Textures/M_attachments_metal_MaskMap.png,4320284,4.1 MB,2048,2048,0,PNG,Yes,1,0,1,None found,2048,16777216,16.0 MB,Assets/Idyllic Italian Coast Town/Materials/M_attachments_metal.mat,Unknown,,Review if referenced,Visual QA required
Assets/Furniture Mega Pack/Textures/Tables/Table25/Table25_mat_Table25_AlbedoTransparency.png,4318437,4.1 MB,2048,2048,0,PNG,Unknown,1,0,1,None found,2048,16777216,16.0 MB,Assets/Furniture Mega Pack/Materials/Table/mat_Table25.mat,Unknown,,Review if referenced,Visual QA required
Assets/Furniture Mega Pack/Textures/Chairs/Chair01/Chair01_mat_Chair01_Normal.png,4313707,4.1 MB,2048,2048,1,PNG,Unknown,1,0,1,None found,2048,16777216,16.0 MB,Assets/Furniture Mega Pack/Materials/Chair/mat_Chair01.mat,Normal map,,Review if referenced,Visual QA required
Assets/Furniture Mega Pack/Textures/Chairs/Chair37/Chair37_mat_Chair37_Normal.png,4305754,4.1 MB,2048,2048,1,PNG,Unknown,1,0,1,None found,2048,16777216,16.0 MB,Assets/Furniture Mega Pack/Materials/Chair/mat_Chair37.mat,Normal map,,Review if referenced,Visual QA required
Assets/Furniture Mega Pack/Textures/Tables/Table16/Table16_mat_Table16_AlbedoTransparency.png,4288082,4.1 MB,2048,2048,0,PNG,Unknown,1,0,1,None found,2048,16777216,16.0 MB,Assets/Furniture Mega Pack/Materials/Table/mat_Table16.mat,Unknown,,Review if referenced,Visual QA required
Assets/Furniture Mega Pack/Textures/Sofas/SectionalSofaFabric/SectionalSofaFabric_mat_SectionalSofaLeather_AlbedoTransparency.png,4228499,4.0 MB,2048,2048,0,PNG,Unknown,1,0,1,None found,2048,16777216,16.0 MB,Assets/Furniture Mega Pack/Materials/Sofa/mat_SectionalSofaFabric.mat,Unknown,,Review if referenced,Visual QA required
Assets/Furniture Mega Pack/Textures/Sofas/Sofa29/Sofa29_mat_Sofa29_AlbedoTransparency.png,4203154,4.0 MB,2048,2048,0,PNG,Unknown,1,0,1,None found,2048,16777216,16.0 MB,Assets/Furniture Mega Pack/Materials/Sofa/mat_Sofa29.mat,Unknown,,Review if referenced,Visual QA required
Assets/YughuesFreeCobbleMaterials/Textures/T_YFCM_08_s.tga,4194348,4.0 MB,1024,1024,0,TGA,Yes,1,0,1,None found,2048,4194304,4.0 MB,Assets/YughuesFreeCobbleMaterials/Materials/M_YFCM_08.mat,Unknown,,Review if referenced,Visual QA required
Assets/YughuesFreeCobbleMaterials/Textures/T_YFCM_11_s.tga,4194348,4.0 MB,1024,1024,0,TGA,Yes,1,0,1,None found,2048,4194304,4.0 MB,Assets/YughuesFreeCobbleMaterials/Materials/M_YFCM_11.mat,Unknown,,Review if referenced,Visual QA required
Assets/YughuesFreeCobbleMaterials/Textures/T_YFCM_13_s.tga,4194348,4.0 MB,1024,1024,0,TGA,Yes,1,0,1,None found,2048,4194304,4.0 MB,Assets/YughuesFreeCobbleMaterials/Materials/M_YFCM_13.mat,Unknown,,Review if referenced,Visual QA required
Assets/YughuesFreeCobbleMaterials/Textures/T_YFCM_12_s.tga,4194348,4.0 MB,1024,1024,0,TGA,Yes,1,0,1,None found,2048,4194304,4.0 MB,Assets/YughuesFreeCobbleMaterials/Materials/M_YFCM_12.mat,Unknown,,Review if referenced,Visual QA required
Assets/YughuesFreeCobbleMaterials/Textures/T_YFCM_09_s.tga,4194348,4.0 MB,1024,1024,0,TGA,Yes,1,0,1,None found,2048,4194304,4.0 MB,,Unknown,,Review if referenced,Unknown/runtime or unused candidate
Assets/YughuesFreeCobbleMaterials/Textures/T_YFCM_10_s.tga,4194348,4.0 MB,1024,1024,0,TGA,Yes,1,0,1,None found,2048,4194304,4.0 MB,Assets/YughuesFreeCobbleMaterials/Materials/M_YFCM_10.mat,Unknown,,Review if referenced,Visual QA required
Assets/YughuesFreeCobbleMaterials/Textures/T_YFCM_05_s.tga,4194348,4.0 MB,1024,1024,0,TGA,Yes,1,0,1,None found,2048,4194304,4.0 MB,Assets/YughuesFreeCobbleMaterials/Materials/M_YFCM_05.mat,Unknown,,Review if referenced,Visual QA required
Assets/YughuesFreeCobbleMaterials/Textures/T_YFCM_07_s.tga,4194348,4.0 MB,1024,1024,0,TGA,Yes,1,0,1,None found,2048,4194304,4.0 MB,Assets/YughuesFreeCobbleMaterials/Materials/M_YFCM_07.mat,Unknown,,Review if referenced,Visual QA required
Assets/YughuesFreeCobbleMaterials/Textures/T_YFCM_03_s.tga,4194348,4.0 MB,1024,1024,0,TGA,Yes,1,0,1,None found,2048,4194304,4.0 MB,Assets/YughuesFreeCobbleMaterials/Materials/M_YFCM_03.mat,Unknown,,Review if referenced,Visual QA required
Assets/YughuesFreeCobbleMaterials/Textures/T_YFCM_01_s.tga,4194348,4.0 MB,1024,1024,0,TGA,Yes,1,0,1,None found,2048,4194304,4.0 MB,Assets/YughuesFreeCobbleMaterials/Materials/M_YFCM_01.mat,Unknown,,Review if referenced,Visual QA required
Assets/YughuesFreeCobbleMaterials/Textures/T_YFCM_06_s.tga,4194348,4.0 MB,1024,1024,0,TGA,Yes,1,0,1,None found,2048,4194304,4.0 MB,Assets/YughuesFreeCobbleMaterials/Materials/M_YFCM_06.mat; Assets/YughuesFreeCobbleMaterials/Materials/M_YFCM_09.mat,Unknown,,Review if referenced,Visual QA required
Assets/YughuesFreeCobbleMaterials/Textures/T_YFCM_04_s.tga,4194348,4.0 MB,1024,1024,0,TGA,Yes,1,0,1,None found,2048,4194304,4.0 MB,Assets/YughuesFreeCobbleMaterials/Materials/M_YFCM_04.mat,Unknown,,Review if referenced,Visual QA required
Assets/YughuesFreeCobbleMaterials/Textures/T_YFCM_02_s.tga,4194348,4.0 MB,1024,1024,0,TGA,Yes,1,0,1,None found,2048,4194304,4.0 MB,Assets/YughuesFreeCobbleMaterials/Materials/M_YFCM_02.mat,Unknown,,Review if referenced,Visual QA required
Assets/Idyllic Italian Coast Town/Textures/M_attachments_stone_MaskMap.png,4193225,4.0 MB,2048,2048,0,PNG,Yes,1,0,1,None found,2048,16777216,16.0 MB,Assets/Idyllic Italian Coast Town/Materials/M_attachments_stone 1.mat; Assets/Idyllic Italian Coast Town/Materials/M_attachments_stone.mat,Unknown,,Review if referenced,Visual QA required
Assets/Idyllic Italian Coast Town/Textures/M_canopies02_Normal.png,4190537,4.0 MB,2048,2048,1,PNG,Unknown,1,0,1,None found,2048,16777216,16.0 MB,Assets/Idyllic Italian Coast Town/Materials/M_canopies.mat,Normal map,,Review if referenced,Visual QA required
Assets/Furniture Mega Pack/Textures/Chairs/Chair08/Chair08_mat_Chair08_Normal.png,4171917,4.0 MB,2048,2048,1,PNG,Unknown,1,0,1,None found,2048,16777216,16.0 MB,Assets/Furniture Mega Pack/Materials/Chair/mat_Chair08.mat,Normal map,,Review if referenced,Visual QA required
Assets/Furniture Mega Pack/Textures/Chairs/Chair44/Chair44_mat_Chair44_AlbedoTransparency.png,4168132,4.0 MB,2048,2048,0,PNG,Unknown,1,0,1,None found,2048,16777216,16.0 MB,Assets/Furniture Mega Pack/Materials/Chair/mat_Chair44.mat,Unknown,,Review if referenced,Visual QA required
Assets/Furniture Mega Pack/Textures/Tables/Table17/Table17_mat_Table17_AlbedoTransparency.png,4162164,4.0 MB,2048,2048,0,PNG,Unknown,1,0,1,None found,2048,16777216,16.0 MB,Assets/Furniture Mega Pack/Materials/Table/mat_Table17.mat,Unknown,,Review if referenced,Visual QA required
Assets/Furniture Mega Pack/Textures/Sofas/Sofa17/Sofa17_mat_Sofa17_AlbedoTransparency.png,4160459,4.0 MB,2048,2048,0,PNG,Unknown,1,0,1,None found,2048,16777216,16.0 MB,Assets/Furniture Mega Pack/Materials/Sofa/mat_Sofa17.mat,Unknown,,Review if referenced,Visual QA required
Assets/Idyllic Italian Coast Town/Textures/M_canopies_Normal.png,4154722,4.0 MB,2048,2048,1,PNG,Unknown,1,0,1,None found,2048,16777216,16.0 MB,Assets/Idyllic Italian Coast Town/Materials/M_canopies 1.mat,Normal map,,Review if referenced,Visual QA required
Assets/Furniture Mega Pack/Textures/Tables/Table31/Table31_mat_Table31_Normal.png,4152549,4.0 MB,2048,2048,1,PNG,Unknown,1,0,1,None found,2048,16777216,16.0 MB,Assets/Furniture Mega Pack/Materials/Table/mat_Table31.mat,Normal map,,Review if referenced,Visual QA required
Assets/Furniture Mega Pack/Textures/Chairs/Chair18/Chair18_mat_Chair18_Normal.png,4140514,3.9 MB,2048,2048,1,PNG,Unknown,1,0,1,None found,2048,16777216,16.0 MB,Assets/Furniture Mega Pack/Materials/Chair/mat_Chair18.mat,Normal map,,Review if referenced,Visual QA required
Assets/Furniture Mega Pack/Textures/Chairs/Chair13/Chair13_mat_Chair13_AlbedoTransparency.png,4135790,3.9 MB,2048,2048,0,PNG,Unknown,1,0,1,None found,2048,16777216,16.0 MB,Assets/Furniture Mega Pack/Materials/Chair/mat_Chair13.mat,Unknown,,Review if referenced,Visual QA required
Assets/RealBlend/Art/Materials/Textures/WhitePlaster.png,4122921,3.9 MB,2048,2048,0,PNG,Yes,1,0,1,None found,2048,16777216,16.0 MB,Assets/RealBlend/Art/Materials/BuiltIn/VariationExampleBuilt-In.mat; Assets/RealBlend/Art/Materials/HDRP/5BlendExample.mat; Assets/RealBlend/Art/Materials/HDRP/VariationExample.mat; Assets/RealBlend/Art/Materials/HDRP/VariationExample_ExperimentalSPOM.mat; Assets/RealBlend/Art/Materials/URP/VariationExampleURP.mat,Unknown,,Review if referenced,Visual QA required
Assets/Furniture Mega Pack/Textures/Tables/Table30/Table30_mat_Table30_Normal.png,4106381,3.9 MB,2048,2048,1,PNG,Unknown,1,0,1,None found,2048,16777216,16.0 MB,Assets/Furniture Mega Pack/Materials/Table/mat_Table30.mat,Normal map,,Review if referenced,Visual QA required
Assets/Furniture Mega Pack/Textures/Sofas/Sofa16/Sofa16_mat_Sofa16_AlbedoTransparency.png,4096375,3.9 MB,2048,2048,0,PNG,Unknown,1,0,1,None found,2048,16777216,16.0 MB,Assets/Furniture Mega Pack/Materials/Sofa/mat_Sofa16.mat,Unknown,,Review if referenced,Visual QA required
Assets/Furniture Mega Pack/Textures/Sofas/Sofa37/Sofa37_mat_Sofa37_AlbedoTransparency.png,4083498,3.9 MB,2048,2048,0,PNG,Unknown,1,0,1,None found,2048,16777216,16.0 MB,Assets/Furniture Mega Pack/Materials/Sofa/mat_Sofa37.mat,Unknown,,Review if referenced,Visual QA required
Assets/Furniture Mega Pack/Textures/Chairs/Chair29/Chair29_mat_Chair29_Normal.png,4073084,3.9 MB,2048,2048,1,PNG,Unknown,1,0,1,None found,2048,16777216,16.0 MB,Assets/Furniture Mega Pack/Materials/Chair/mat_Chair29.mat,Normal map,,Review if referenced,Visual QA required
Assets/Idyllic Italian Coast Town/Textures/M_attachments_metal_BaseMap.png,4048267,3.9 MB,2048,2048,0,PNG,Unknown,1,0,1,None found,2048,16777216,16.0 MB,Assets/Idyllic Italian Coast Town/Materials/M_attachments_metal.mat,Unknown,,Review if referenced,Visual QA required
Assets/Furniture Mega Pack/Textures/Tables/Table13/Table13_mat_Table13_AlbedoTransparency.png,3971551,3.8 MB,2048,2048,0,PNG,Unknown,1,0,1,None found,2048,16777216,16.0 MB,Assets/Furniture Mega Pack/Materials/Table/mat_Table13.mat,Unknown,,Review if referenced,Visual QA required
Assets/Furniture Mega Pack/Textures/Tables/Table04/Table04_mat_Table04_AlbedoTransparency.png,3967222,3.8 MB,2048,2048,0,PNG,Unknown,1,0,1,None found,2048,16777216,16.0 MB,Assets/Furniture Mega Pack/Materials/Table/mat_Table04.mat,Unknown,,Review if referenced,Visual QA required
Assets/BCAT_GLB_TextureRemediation/generic_tulip_flower/Texture_2 _02.png,3965650,3.8 MB,2048,2048,0,PNG,Yes,1,0,2,WebGL,2048,16777216,16.0 MB,,Unknown,,Review if referenced,Unknown/runtime or unused candidate
Assets/DevDen Arch Viz Scotland/Textures/Kitchen Room/Knife Holder/Knife Holder_AlbedoTransparency.png,3957216,3.8 MB,2048,2048,0,PNG,Unknown,1,0,1,None found,2048,16777216,16.0 MB,Assets/DevDen Arch Viz Scotland/Materials/Kitchen Room/Knife_Holder_mat.mat; Assets/HyTeKGames/SRPMaterialConverter/ConvertedMaterials/Knife_Holder_mat.mat,Unknown,,Review if referenced,Visual QA required
Assets/Furniture Mega Pack/Textures/Chairs/Chair31/Chair31_mat_Chair31_Normal.png,3938152,3.8 MB,2048,2048,1,PNG,Unknown,1,0,1,None found,2048,16777216,16.0 MB,Assets/Furniture Mega Pack/Materials/Chair/mat_Chair31.mat,Normal map,,Review if referenced,Visual QA required
Assets/Shaded Spectrum/Cozy Interiors Demo Pack/Textures/Oak Ladder Shelf Panels/OakLadderShelfPanelsAmbientOcclusionMap.png,3933163,3.8 MB,2048,2048,0,PNG,Yes,1,0,1,None found,2048,16777216,16.0 MB,,Unknown,,Review if referenced,Unknown/runtime or unused candidate
Assets/Furniture Mega Pack/Textures/Sofas/Sofa23/Sofa23_mat_Sofa23_AlbedoTransparency.png,3926259,3.7 MB,2048,2048,0,PNG,Unknown,1,0,1,None found,2048,16777216,16.0 MB,Assets/Furniture Mega Pack/Materials/Sofa/mat_Sofa23.mat,Unknown,,Review if referenced,Visual QA required
Assets/DevDen Arch Viz Scotland/Textures/Kitchen Room/Chopboard/Chopboard_AlbedoTransparency.png,3921287,3.7 MB,2048,2048,0,PNG,Unknown,1,0,1,None found,2048,16777216,16.0 MB,Assets/DevDen Arch Viz Scotland/Materials/Kitchen Room/Chopboard_mat.mat; Assets/HyTeKGames/SRPMaterialConverter/ConvertedMaterials/Chopboard_mat.mat,Unknown,,Review if referenced,Visual QA required
Assets/Furniture Mega Pack/Textures/Chairs/Chair46/Chair46_mat_Chair46_AlbedoTransparency.png,3916588,3.7 MB,2048,2048,0,PNG,Unknown,1,0,1,None found,2048,16777216,16.0 MB,Assets/Furniture Mega Pack/Materials/Chair/mat_Chair46.mat,Unknown,,Review if referenced,Visual QA required
Assets/Furniture Mega Pack/Textures/Sofas/Sofa04/Sofa04_mat_Sofa04_AlbedoTransparency.png,3914855,3.7 MB,2048,2048,0,PNG,Unknown,1,0,1,None found,2048,16777216,16.0 MB,Assets/Furniture Mega Pack/Materials/Sofa/mat_Sofa04.mat,Unknown,,Review if referenced,Visual QA required
Assets/DevDen Arch Viz Scotland/Textures/Living Room/Laptop/laptop_DefaultMaterial_AlbedoTransparency.png,3909074,3.7 MB,4096,4096,0,PNG,Unknown,1,1,1,WebGL,2048,67108864,64.0 MB,Assets/DevDen Arch Viz Scotland/Materials/Living Room/laptop.mat; Assets/HyTeKGames/SRPMaterialConverter/ConvertedMaterials/laptop.mat,Unknown,Large 4096+; ReadWrite enabled,P1/P2: downscale/compress or externalize,Visual QA required
Assets/Furniture Mega Pack/Textures/Sofas/Sofa35/Sofa35_mat_Sofa35_MetallicSmoothness.png,3898397,3.7 MB,2048,2048,0,PNG,Yes,1,0,1,None found,2048,16777216,16.0 MB,Assets/Furniture Mega Pack/Materials/Sofa/mat_Sofa35.mat,Unknown,,Review if referenced,Visual QA required
Assets/Furniture Mega Pack/Textures/Sofas/Sofa27/Sofa27_mat_Sofa27_AlbedoTransparency.png,3891251,3.7 MB,2048,2048,0,PNG,Unknown,1,0,1,None found,2048,16777216,16.0 MB,Assets/Furniture Mega Pack/Materials/Sofa/mat_Sofa27.mat,Unknown,,Review if referenced,Visual QA required
Assets/Furniture Mega Pack/Textures/Chairs/Chair27/Chair27_mat_Chair27_Normal.png,3871488,3.7 MB,2048,2048,1,PNG,Unknown,1,0,1,None found,2048,16777216,16.0 MB,Assets/Furniture Mega Pack/Materials/Chair/mat_Chair27.mat,Normal map,,Review if referenced,Visual QA required
Assets/Furniture Mega Pack/Textures/Tables/Table08/Table08_mat_Table08_Normal.png,3867458,3.7 MB,2048,2048,1,PNG,Unknown,1,0,1,None found,2048,16777216,16.0 MB,Assets/Furniture Mega Pack/Materials/Table/mat_Table08.mat,Normal map,,Review if referenced,Visual QA required
Assets/Furniture Mega Pack/Textures/Tables/Table27/Table27_mat_Table27_AlbedoTransparency.png,3859905,3.7 MB,2048,2048,0,PNG,Unknown,1,0,1,None found,2048,16777216,16.0 MB,Assets/Furniture Mega Pack/Materials/Table/mat_Table27.mat,Unknown,,Review if referenced,Visual QA required
Assets/Shaded Spectrum/Cozy Interiors Demo Pack/Textures/Oak Ladder Shelf Panels/OakLadderShelfPanelsDisplacementMap.png,3859240,3.7 MB,2048,2048,0,PNG,Yes,1,0,1,None found,2048,16777216,16.0 MB,,Unknown,,Review if referenced,Unknown/runtime or unused candidate
Assets/Furniture Mega Pack/Textures/Tables/Table18/Table18_mat_Table18_AlbedoTransparency.png,3859221,3.7 MB,2048,2048,0,PNG,Unknown,1,0,1,None found,2048,16777216,16.0 MB,Assets/Furniture Mega Pack/Materials/Table/mat_Table18.mat,Unknown,,Review if referenced,Visual QA required
Assets/Shaded Spectrum/Cozy Interiors Demo Pack/Textures/Coarse Burlap Upholstery/CoarseBurlapUpholsteryAmbientOcclusionMap.png,3850400,3.7 MB,2048,2048,0,PNG,Yes,1,0,1,None found,2048,16777216,16.0 MB,,Unknown,,Review if referenced,Unknown/runtime or unused candidate
Assets/Furniture Mega Pack/Textures/Tables/Table40/Table40_mat_Table40_AlbedoTransparency.png,3839411,3.7 MB,2048,2048,0,PNG,Unknown,1,0,1,None found,2048,16777216,16.0 MB,Assets/Furniture Mega Pack/Materials/Table/mat_Table40.mat,Unknown,,Review if referenced,Visual QA required
Assets/Furniture Mega Pack/Textures/Tables/Table26/Table26_mat_Table26_Normal.png,3835826,3.7 MB,2048,2048,1,PNG,Unknown,1,0,1,None found,2048,16777216,16.0 MB,Assets/Furniture Mega Pack/Materials/Table/mat_Table26.mat,Normal map,,Review if referenced,Visual QA required
Assets/Furniture Mega Pack/Textures/Tables/Table28/Table28_mat_Table28_AlbedoTransparency.png,3830850,3.7 MB,2048,2048,0,PNG,Unknown,1,0,1,None found,2048,16777216,16.0 MB,Assets/Furniture Mega Pack/Materials/Table/mat_Table28.mat,Unknown,,Review if referenced,Visual QA required
Assets/Furniture Mega Pack/Textures/Tables/Table26/Table26_mat_Table26_AlbedoTransparency.png,3790413,3.6 MB,2048,2048,0,PNG,Unknown,1,0,1,None found,2048,16777216,16.0 MB,Assets/Furniture Mega Pack/Materials/Table/mat_Table26.mat,Unknown,,Review if referenced,Visual QA required
Assets/Furniture Mega Pack/Textures/Chairs/Chair28/Chair28_mat_Chair28_Normal.png,3779716,3.6 MB,2048,2048,1,PNG,Unknown,1,0,1,None found,2048,16777216,16.0 MB,Assets/Furniture Mega Pack/Materials/Chair/mat_Chair28.mat,Normal map,,Review if referenced,Visual QA required
Assets/Furniture Mega Pack/Textures/Tables/Table24/Table24_mat_Table24_AlbedoTransparency.png,3776177,3.6 MB,2048,2048,0,PNG,Unknown,1,0,1,None found,2048,16777216,16.0 MB,Assets/Furniture Mega Pack/Materials/Table/mat_Table24.mat,Unknown,,Review if referenced,Visual QA required
Assets/Shaded Spectrum/Cozy Interiors Demo Pack/Textures/Cracked Terracotta Floor/CrackedTerracottaFloorAmbientOcclusionMap.png,3760864,3.6 MB,2048,2048,0,PNG,Yes,1,0,1,None found,2048,16777216,16.0 MB,,Unknown,,Review if referenced,Unknown/runtime or unused candidate
Assets/Furniture Mega Pack/Textures/Tables/Table21/Table21_mat_Table21_Normal.png,3745243,3.6 MB,2048,2048,1,PNG,Unknown,1,0,1,None found,2048,16777216,16.0 MB,Assets/Furniture Mega Pack/Materials/Table/mat_Table21.mat,Normal map,,Review if referenced,Visual QA required
Assets/Idyllic Italian Coast Town/Textures/M_attachments_tech_MaskMap.png,3743990,3.6 MB,2048,2048,0,PNG,Yes,1,0,1,None found,2048,16777216,16.0 MB,Assets/Idyllic Italian Coast Town/Materials/M_attachments_tech.mat,Unknown,,Review if referenced,Visual QA required
Assets/Furniture Mega Pack/Textures/Tables/Table07/Table07_mat_Table07_Normal.png,3735573,3.6 MB,2048,2048,1,PNG,Unknown,1,0,1,None found,2048,16777216,16.0 MB,Assets/Furniture Mega Pack/Materials/Table/mat_Table07.mat,Normal map,,Review if referenced,Visual QA required
Assets/Shaded Spectrum/Cozy Interiors Demo Pack/Textures/Gingham Kitchen Linen/GinghamKitchenLinenAmbientOcclusionMap.png,3728242,3.6 MB,2048,2048,0,PNG,Yes,1,0,1,None found,2048,16777216,16.0 MB,Assets/Shaded Spectrum/Cozy Interiors Demo Pack/Materials/Gingham Kitchen Linen.mat,Unknown,,Review if referenced,Visual QA required
Assets/Furniture Mega Pack/Textures/Chairs/Chair35/Chair35_mat_Chair35_Normal.png,3714823,3.5 MB,2048,2048,1,PNG,Unknown,1,0,1,None found,2048,16777216,16.0 MB,Assets/Furniture Mega Pack/Materials/Chair/mat_Chair35.mat,Normal map,,Review if referenced,Visual QA required
Assets/Furniture Mega Pack/Textures/Chairs/Chair34/Chair34_mat_Chair34_Normal.png,3714823,3.5 MB,2048,2048,1,PNG,Unknown,1,0,1,None found,2048,16777216,16.0 MB,Assets/Furniture Mega Pack/Materials/Chair/mat_Chair34.mat,Normal map,,Review if referenced,Visual QA required
Assets/DevDen Arch Viz Scotland/Textures/Common/SmallObj/trash-can_normal.png,3703805,3.5 MB,4096,4096,1,PNG,Unknown,1,0,1,None found,2048,67108864,64.0 MB,Assets/DevDen Arch Viz Scotland/Materials/Dining Room/trash-can.mat; Assets/HyTeKGames/SRPMaterialConverter/ConvertedMaterials/trash-can.mat,Normal map,Large 4096+,P1/P2: downscale/compress or externalize,Visual QA required
Assets/Furniture Mega Pack/Textures/Sofas/Sofa21/Sofa21_mat_Sofa21_AlbedoTransparency.png,3700257,3.5 MB,2048,2048,0,PNG,Unknown,1,0,1,None found,2048,16777216,16.0 MB,Assets/Furniture Mega Pack/Materials/Sofa/mat_Sofa21.mat,Unknown,,Review if referenced,Visual QA required
Assets/Shaded Spectrum/Cozy Interiors Demo Pack/Textures/Coarse Burlap Upholstery/CoarseBurlapUpholsteryDisplacementMap.png,3692367,3.5 MB,2048,2048,0,PNG,Yes,1,0,1,None found,2048,16777216,16.0 MB,,Unknown,,Review if referenced,Unknown/runtime or unused candidate
Assets/Idyllic Italian Coast Town/Textures/M_windows_italian_BaseMap.png,3686448,3.5 MB,2048,2048,0,PNG,Unknown,1,0,1,None found,2048,16777216,16.0 MB,Assets/Idyllic Italian Coast Town/Materials/M_windows.mat,Unknown,,Review if referenced,Visual QA required
Assets/Furniture Mega Pack/Textures/Chairs/Chair37/Chair37_mat_Chair37_AlbedoTransparency.png,3665272,3.5 MB,2048,2048,0,PNG,Unknown,1,0,1,None found,2048,16777216,16.0 MB,Assets/Furniture Mega Pack/Materials/Chair/mat_Chair37.mat,Unknown,,Review if referenced,Visual QA required
Assets/Furniture Mega Pack/Textures/Sofas/Sofa13/Sofa13_mat_Sofa13_AlbedoTransparency.png,3660447,3.5 MB,2048,2048,0,PNG,Unknown,1,0,1,None found,2048,16777216,16.0 MB,Assets/Furniture Mega Pack/Materials/Sofa/mat_Sofa13.mat,Unknown,,Review if referenced,Visual QA required
Assets/Furniture Mega Pack/Textures/Chairs/Chair24/Chair24_mat_Chair24_Normal.png,3659888,3.5 MB,2048,2048,1,PNG,Unknown,1,0,1,None found,2048,16777216,16.0 MB,Assets/Furniture Mega Pack/Materials/Chair/mat_Chair24.mat,Normal map,,Review if referenced,Visual QA required
Assets/Furniture Mega Pack/Textures/Bed/Mattress/AtlasTexture_Mattress_DefaultMaterial_AlbedoTransparency.png,3650635,3.5 MB,2048,2048,0,PNG,Unknown,1,0,1,None found,2048,16777216,16.0 MB,Assets/Furniture Mega Pack/Materials/Bathroom/mat_Bathroom.mat; Assets/Furniture Mega Pack/Materials/Bed/mat_Mattress.mat,Unknown,,Review if referenced,Visual QA required
Assets/Shaded Spectrum/Cozy Interiors Demo Pack/Textures/Gingham Kitchen Linen/GinghamKitchenLinenDisplacementMap.png,3644957,3.5 MB,2048,2048,0,PNG,Yes,1,0,1,None found,2048,16777216,16.0 MB,Assets/Shaded Spectrum/Cozy Interiors Demo Pack/Materials/Gingham Kitchen Linen.mat,Unknown,,Review if referenced,Visual QA required
Assets/Furniture Mega Pack/Textures/Chairs/Chair10/Chair10_mat_Chair10_AlbedoTransparency.png,3640069,3.5 MB,2048,2048,0,PNG,Unknown,1,0,1,None found,2048,16777216,16.0 MB,Assets/Furniture Mega Pack/Materials/Chair/mat_Chair10.mat,Unknown,,Review if referenced,Visual QA required
Assets/Shaded Spectrum/Cozy Interiors Demo Pack/Textures/Cracked Terracotta Floor/CrackedTerracottaFloorDisplacementMap.png,3636341,3.5 MB,2048,2048,0,PNG,Yes,1,0,1,None found,2048,16777216,16.0 MB,,Unknown,,Review if referenced,Unknown/runtime or unused candidate
Assets/Furniture Mega Pack/Textures/Chairs/Chair47/Chair47_mat_Chair47_AlbedoTransparency.png,3633489,3.5 MB,2048,2048,0,PNG,Unknown,1,0,1,None found,2048,16777216,16.0 MB,Assets/Furniture Mega Pack/Materials/Chair/mat_Chair47.mat,Unknown,,Review if referenced,Visual QA required
Assets/Idyllic Italian Coast Town/Textures/M_floortiles_terracotta_Normal.png,3629557,3.5 MB,2048,2048,1,PNG,Unknown,1,0,1,None found,2048,16777216,16.0 MB,Assets/Idyllic Italian Coast Town/Materials/M_floortiles_ceramic 1.mat,Normal map,,Review if referenced,Visual QA required
Assets/Furniture Mega Pack/Textures/Chairs/Chair26/Chair26_mat_Chair26_Normal.png,3618054,3.5 MB,2048,2048,1,PNG,Unknown,1,0,1,None found,2048,16777216,16.0 MB,Assets/Furniture Mega Pack/Materials/Chair/mat_Chair26.mat,Normal map,,Review if referenced,Visual QA required
Assets/Furniture Mega Pack/Textures/Sofas/Sofa30/Sofa30_mat_Sofa30_AlbedoTransparency.png,3614512,3.4 MB,2048,2048,0,PNG,Unknown,1,0,1,None found,2048,16777216,16.0 MB,Assets/Furniture Mega Pack/Materials/Sofa/mat_Sofa30.mat,Unknown,,Review if referenced,Visual QA required
Assets/Furniture Mega Pack/Textures/Tables/Table36/Table36_mat_Table36_AlbedoTransparency.png,3608459,3.4 MB,2048,2048,0,PNG,Unknown,1,0,1,None found,2048,16777216,16.0 MB,Assets/Furniture Mega Pack/Materials/Table/mat_Table36.mat,Unknown,,Review if referenced,Visual QA required
Assets/Idyllic Italian Coast Town/Textures/M_floortiles_ceramic_Normal.png,3607833,3.4 MB,2048,2048,1,PNG,Unknown,1,0,1,None found,2048,16777216,16.0 MB,Assets/Idyllic Italian Coast Town/Materials/M_floortiles_ceramic 2.mat; Assets/Idyllic Italian Coast Town/Materials/M_floortiles_ceramic 3.mat; Assets/Idyllic Italian Coast Town/Materials/M_floortiles_ceramic.mat,Normal map,,Review if referenced,Visual QA required
Assets/Coconut Palm Tree Pack/Textures/Coconut_Palm_Tree_AFS.psd,3606262,3.4 MB,1024,1024,5,PSD,Unknown,1,1,,None found,2048,4194304,4.0 MB,Assets/Coconut Palm Tree Pack/Materials/Coconut_Palm_Tree_AFS.mat; Assets/Coconut Palm Tree Pack/Materials/leaf.mat,Unknown,ReadWrite enabled,Review if referenced,Visual QA required
Assets/Furniture Mega Pack/Textures/Chairs/Chair25/Chair25_mat_Chair25_MetallicSmoothness.png,3589357,3.4 MB,2048,2048,0,PNG,Yes,1,0,1,None found,2048,16777216,16.0 MB,Assets/Furniture Mega Pack/Materials/Chair/mat_Chair25.mat,Unknown,,Review if referenced,Visual QA required
Assets/Idyllic Italian Coast Town/Textures/M_chairs_Normal.png,3579351,3.4 MB,2048,2048,1,PNG,Unknown,1,0,1,None found,2048,16777216,16.0 MB,Assets/Idyllic Italian Coast Town/Materials/M_chairs.mat,Normal map,,Review if referenced,Visual QA required
Assets/Furniture Mega Pack/Textures/Sofas/Sofa34/Sofa34_mat_Sofa34_MetallicSmoothness.png,3579337,3.4 MB,2048,2048,0,PNG,Yes,1,0,1,None found,2048,16777216,16.0 MB,Assets/Furniture Mega Pack/Materials/Sofa/mat_Sofa34.mat,Unknown,,Review if referenced,Visual QA required
Assets/Furniture Mega Pack/Textures/Tables/Table36/Table36_mat_Table36_Normal.png,3576592,3.4 MB,2048,2048,1,PNG,Unknown,1,0,1,None found,2048,16777216,16.0 MB,Assets/Furniture Mega Pack/Materials/Table/mat_Table36.mat,Normal map,,Review if referenced,Visual QA required
Assets/Furniture Mega Pack/Textures/Sofas/SectionalSofaLeather/SectionalSofaLeather_mat_SectionalSofaLeather_Normal.png,3560791,3.4 MB,2048,2048,1,PNG,Unknown,1,0,1,None found,2048,16777216,16.0 MB,Assets/Furniture Mega Pack/Materials/Sofa/mat_SectionalSofaLeather.mat,Normal map,,Review if referenced,Visual QA required
Assets/Furniture Mega Pack/Textures/Chairs/Chair30/Chair30_mat_Chair30_Normal.png,3553092,3.4 MB,2048,2048,1,PNG,Unknown,1,0,1,None found,2048,16777216,16.0 MB,Assets/Furniture Mega Pack/Materials/Chair/mat_Chair30.mat,Normal map,,Review if referenced,Visual QA required
Assets/Furniture Mega Pack/Textures/Tables/Table40/Table40_mat_Table40_Normal.png,3549692,3.4 MB,2048,2048,1,PNG,Unknown,1,0,1,None found,2048,16777216,16.0 MB,Assets/Furniture Mega Pack/Materials/Table/mat_Table40.mat,Normal map,,Review if referenced,Visual QA required
Assets/Furniture Mega Pack/Textures/Tables/Table23/Table23_mat_Table23_AlbedoTransparency.png,3540457,3.4 MB,2048,2048,0,PNG,Unknown,1,0,1,None found,2048,16777216,16.0 MB,Assets/Furniture Mega Pack/Materials/Table/mat_Table23.mat,Unknown,,Review if referenced,Visual QA required
Assets/Furniture Mega Pack/Textures/Sofas/Sofa28/Sofa28_mat_Sofa28_AlbedoTransparency.png,3532782,3.4 MB,2048,2048,0,PNG,Unknown,1,0,1,None found,2048,16777216,16.0 MB,Assets/Furniture Mega Pack/Materials/Sofa/mat_Sofa28.mat,Unknown,,Review if referenced,Visual QA required
Assets/Furniture Mega Pack/Textures/Chairs/Chair07/Chair07_mat_Chair07_Normal.png,3529507,3.4 MB,2048,2048,1,PNG,Unknown,1,0,1,None found,2048,16777216,16.0 MB,Assets/Furniture Mega Pack/Materials/Chair/mat_Chair07.mat,Normal map,,Review if referenced,Visual QA required
Assets/Furniture Mega Pack/Textures/Tables/Table39/Table39_mat_Table39_MetallicSmoothness.png,3523109,3.4 MB,2048,2048,0,PNG,Yes,1,0,1,None found,2048,16777216,16.0 MB,Assets/Furniture Mega Pack/Materials/Table/mat_Table39.mat,Unknown,,Review if referenced,Visual QA required
Assets/Furniture Mega Pack/Textures/Chairs/Chair11/Chair11_mat_Chair11_AlbedoTransparency.png,3516617,3.4 MB,2048,2048,0,PNG,Unknown,1,0,1,None found,2048,16777216,16.0 MB,Assets/Furniture Mega Pack/Materials/Chair/mat_Chair11.mat,Unknown,,Review if referenced,Visual QA required
Assets/Furniture Mega Pack/Textures/Tables/Table06/Table06_mat_Table06_Normal.png,3472976,3.3 MB,2048,2048,1,PNG,Unknown,1,0,1,None found,2048,16777216,16.0 MB,Assets/Furniture Mega Pack/Materials/Table/mat_Table06.mat,Normal map,,Review if referenced,Visual QA required
Assets/Furniture Mega Pack/Textures/Chairs/Chair33/Chair33_mat_Chair33_Normal.png,3464939,3.3 MB,2048,2048,1,PNG,Unknown,1,0,1,None found,2048,16777216,16.0 MB,Assets/Furniture Mega Pack/Materials/Chair/mat_Chair33.mat,Normal map,,Review if referenced,Visual QA required
Assets/Idyllic Italian Coast Town/Textures/M_boat_kit_Normal.png,3463901,3.3 MB,2048,2048,1,PNG,Unknown,1,0,1,None found,2048,16777216,16.0 MB,Assets/Idyllic Italian Coast Town/Materials/M_boat 1.mat; Assets/Idyllic Italian Coast Town/Materials/M_boat.mat,Normal map,,Review if referenced,Visual QA required
Assets/Furniture Mega Pack/Textures/Tables/Table42/Table42_mat_Table42_Normal.png,3461283,3.3 MB,2048,2048,1,PNG,Unknown,1,0,1,None found,2048,16777216,16.0 MB,Assets/Furniture Mega Pack/Materials/Table/mat_Table42.mat,Normal map,,Review if referenced,Visual QA required
Assets/Furniture Mega Pack/Textures/Sofas/Sofa15/Sofa15_mat_Sofa15_AlbedoTransparency.png,3455314,3.3 MB,2048,2048,0,PNG,Unknown,1,0,1,None found,2048,16777216,16.0 MB,Assets/Furniture Mega Pack/Materials/Sofa/mat_Sofa15.mat,Unknown,,Review if referenced,Visual QA required
Assets/Idyllic Italian Coast Town/Textures/M_attachments_metal_Normal.png,3451057,3.3 MB,2048,2048,1,PNG,Unknown,1,0,1,None found,2048,16777216,16.0 MB,Assets/Idyllic Italian Coast Town/Materials/M_attachments_metal.mat,Normal map,,Review if referenced,Visual QA required
Assets/Furniture Mega Pack/Textures/Chairs/Chair45/Chair45_mat_Chair45_AlbedoTransparency.png,3441808,3.3 MB,2048,2048,0,PNG,Unknown,1,0,1,None found,2048,16777216,16.0 MB,Assets/Furniture Mega Pack/Materials/Chair/mat_Chair45.mat,Unknown,,Review if referenced,Visual QA required
Assets/Idyllic Italian Coast Town/Textures/M_canopies_BaseMap.png,3439982,3.3 MB,2048,2048,0,PNG,Unknown,1,0,1,None found,2048,16777216,16.0 MB,Assets/Idyllic Italian Coast Town/Materials/M_boat 1.mat; Assets/Idyllic Italian Coast Town/Materials/M_canopies 1.mat,Unknown,,Review if referenced,Visual QA required
Assets/Furniture Mega Pack/Textures/Chairs/Chair05/Chair05_mat_Chair05_AlbedoTransparency.png,3426266,3.3 MB,2048,2048,0,PNG,Unknown,1,0,1,None found,2048,16777216,16.0 MB,Assets/Furniture Mega Pack/Materials/Chair/mat_Chair05.mat,Unknown,,Review if referenced,Visual QA required
Assets/Shaded Spectrum/Cozy Interiors Demo Pack/Textures/Mossy Flagstone Floor/MossyFlagstoneFloorAmbientOcclusionMap.png,3418086,3.3 MB,2048,2048,0,PNG,Yes,1,0,1,None found,2048,16777216,16.0 MB,,Unknown,,Review if referenced,Unknown/runtime or unused candidate
Assets/Idyllic Italian Coast Town/Textures/M_lemonstand_BaseMap.png,3413219,3.3 MB,2048,2048,0,PNG,Yes,1,0,1,None found,2048,16777216,16.0 MB,Assets/Idyllic Italian Coast Town/Materials/M_lemonstand 1.mat; Assets/Idyllic Italian Coast Town/Materials/M_lemonstand.mat,Unknown,,Review if referenced,Visual QA required
Assets/Furniture Mega Pack/Textures/Tables/Table50/Table50_mat_Table50_Normal.png,3399886,3.2 MB,2048,2048,1,PNG,Unknown,1,0,1,None found,2048,16777216,16.0 MB,Assets/Furniture Mega Pack/Materials/Table/mat_Table50.mat,Normal map,,Review if referenced,Visual QA required
Assets/Furniture Mega Pack/Textures/Cushions/Cushion49_50/Cushion49_50_mat_Cushion49_50_AlbedoTransparency.png,3384506,3.2 MB,2048,2048,0,PNG,Unknown,1,0,1,None found,2048,16777216,16.0 MB,Assets/Furniture Mega Pack/Materials/Cushion/mat_Cushion49_50.mat,Unknown,,Review if referenced,Visual QA required
Assets/Furniture Mega Pack/Textures/Tables/Table22/Table22_mat_Table22_AlbedoTransparency.png,3381728,3.2 MB,2048,2048,0,PNG,Unknown,1,0,1,None found,2048,16777216,16.0 MB,Assets/Furniture Mega Pack/Materials/Table/mat_Table22.mat,Unknown,,Review if referenced,Visual QA required
Assets/BCAT_GLB_TextureRemediation/generic_tulip_flower/Texture_0 _00.png,3381213,3.2 MB,2048,2048,0,PNG,Unknown,1,0,2,WebGL,2048,16777216,16.0 MB,,Unknown,,Review if referenced,Unknown/runtime or unused candidate
Assets/Shaded Spectrum/Cozy Interiors Demo Pack/Textures/Mossy Flagstone Floor/MossyFlagstoneFloorDisplacementMap.png,3376621,3.2 MB,2048,2048,0,PNG,Yes,1,0,1,None found,2048,16777216,16.0 MB,,Unknown,,Review if referenced,Unknown/runtime or unused candidate
Assets/Idyllic Italian Coast Town/Textures/M_chairs_MaskMap.png,3376544,3.2 MB,2048,2048,0,PNG,Yes,1,0,1,None found,2048,16777216,16.0 MB,Assets/Idyllic Italian Coast Town/Materials/M_chairs.mat,Unknown,,Review if referenced,Visual QA required
Assets/Furniture Mega Pack/Textures/Sofas/Sofa15/Sofa15_mat_Sofa15_MetallicSmoothness.png,3375783,3.2 MB,2048,2048,0,PNG,Yes,1,0,1,None found,2048,16777216,16.0 MB,Assets/Furniture Mega Pack/Materials/Sofa/mat_Sofa15.mat,Unknown,,Review if referenced,Visual QA required
Assets/Furniture Mega Pack/Textures/Sofas/Sofa25/Sofa25_mat_Sofa25_Normal.png,3373724,3.2 MB,2048,2048,1,PNG,Unknown,1,0,1,None found,2048,16777216,16.0 MB,Assets/Furniture Mega Pack/Materials/Sofa/mat_Sofa25.mat,Normal map,,Review if referenced,Visual QA required
Assets/SubstanceAssets/LittleGamesPack/Textures/GamePieces/GamePieces_Mixed_AO.png,3364336,3.2 MB,4096,4096,0,PNG,Yes,1,0,1,WebGL,2048,67108864,64.0 MB,Assets/SubstanceAssets/LittleGamesPack/Materials/GamePieces.mat,Unknown,Large 4096+,P1/P2: downscale/compress or externalize,Visual QA required
Assets/Furniture Mega Pack/Textures/Tables/Table41/Table41_mat_Table41_Normal.png,3322512,3.2 MB,2048,2048,1,PNG,Unknown,1,0,1,None found,2048,16777216,16.0 MB,Assets/Furniture Mega Pack/Materials/Table/mat_Table41.mat,Normal map,,Review if referenced,Visual QA required
Assets/Furniture Mega Pack/Textures/Tables/Table40/Table40_mat_Table40_MetallicSmoothness.png,3321277,3.2 MB,2048,2048,0,PNG,Yes,1,0,1,None found,2048,16777216,16.0 MB,Assets/Furniture Mega Pack/Materials/Table/mat_Table40.mat,Unknown,,Review if referenced,Visual QA required
Assets/Idyllic Italian Coast Town/Textures/M_shopsigns_small_Normal.png,3315639,3.2 MB,2048,2048,1,PNG,Unknown,1,0,1,None found,2048,16777216,16.0 MB,Assets/Idyllic Italian Coast Town/Materials/M_shopsigns_small.mat,Normal map,,Review if referenced,Visual QA required
Assets/DevDen Arch Viz Scotland/Textures/Environment/inner_wall/inner_wall_studyroom_floor3_AlbedoTransparency.png,3306609,3.2 MB,2048,2048,0,PNG,Yes,1,1,1,WebGL,2048,16777216,16.0 MB,Assets/DevDen Arch Viz Scotland/Materials/Study Room/studyroom_floor3.mat; Assets/HyTeKGames/SRPMaterialConverter/ConvertedMaterials/studyroom_floor3.mat,Unknown,ReadWrite enabled,Review if referenced,Visual QA required
Assets/SubstanceAssets/LittleGamesPack/Textures/GamePieces/GamePieces_Height.png,3274590,3.1 MB,4096,4096,0,PNG,Yes,1,0,1,WebGL,2048,67108864,64.0 MB,,Unknown,Large 4096+,P1/P2: downscale/compress or externalize,Unknown/runtime or unused candidate
Assets/Furniture Mega Pack/Textures/Sofas/Sofa19/Sofa19_mat_Sofa19_AlbedoTransparency.png,3270978,3.1 MB,2048,2048,0,PNG,Unknown,1,0,1,None found,2048,16777216,16.0 MB,Assets/Furniture Mega Pack/Materials/Sofa/mat_Sofa19.mat,Unknown,,Review if referenced,Visual QA required
Assets/Shaded Spectrum/Cozy Interiors Demo Pack/Textures/Painted Beech Wall Boards/PaintedBeechWallBoardsDisplacementMap.png,3265356,3.1 MB,2048,2048,0,PNG,Yes,1,0,1,None found,2048,16777216,16.0 MB,Assets/Shaded Spectrum/Cozy Interiors Demo Pack/Materials/Painted Beech Wall Boards.mat,Unknown,,Review if referenced,Visual QA required
Assets/Furniture Mega Pack/Textures/Cushions/Cushion29_36/Cushion29_36_mat_Cushion29_36_AlbedoTransparency.png,3255347,3.1 MB,2048,2048,0,PNG,Unknown,1,0,1,None found,2048,16777216,16.0 MB,Assets/Furniture Mega Pack/Materials/Cushion/mat_Cushion29_36.mat,Unknown,,Review if referenced,Visual QA required
Assets/Furniture Mega Pack/Textures/Chairs/Chair17/Chair17_mat_Chair17_AlbedoTransparency.png,3250907,3.1 MB,2048,2048,0,PNG,Unknown,1,0,1,None found,2048,16777216,16.0 MB,Assets/Furniture Mega Pack/Materials/Chair/mat_Chair17.mat,Unknown,,Review if referenced,Visual QA required
Assets/Furniture Mega Pack/Textures/Tables/Table08/Table08_mat_Table08_AlbedoTransparency.png,3247146,3.1 MB,2048,2048,0,PNG,Unknown,1,0,1,None found,2048,16777216,16.0 MB,Assets/Furniture Mega Pack/Materials/Table/mat_Table08.mat,Unknown,,Review if referenced,Visual QA required
Assets/Idyllic Italian Coast Town/Textures/M_lemonstand_MaskMap.png,3240016,3.1 MB,2048,2048,0,PNG,Yes,1,0,1,None found,2048,16777216,16.0 MB,Assets/Idyllic Italian Coast Town/Materials/M_lemonstand 1.mat; Assets/Idyllic Italian Coast Town/Materials/M_lemonstand.mat,Unknown,,Review if referenced,Visual QA required
Assets/Furniture Mega Pack/Textures/Tables/Table22/Table22_mat_Table22_Normal.png,3225941,3.1 MB,2048,2048,1,PNG,Unknown,1,0,1,None found,2048,16777216,16.0 MB,Assets/Furniture Mega Pack/Materials/Table/mat_Table22.mat,Normal map,,Review if referenced,Visual QA required
Assets/Coconut Palm Tree Pack/Textures/Parts/Coconut_Palm_Bark2_diffuse.psd,3209178,3.1 MB,512,1024,5,PSD,Yes,1,0,,None found,1024,2097152,2.0 MB,Assets/Coconut Palm Tree Pack/Materials/Parts/Coconut_Palm_Tree_Bark2.mat,Unknown,,Review if referenced,Visual QA required
Assets/Shaded Spectrum/Cozy Interiors Demo Pack/Textures/Painted Beech Wall Boards/PaintedBeechWallBoardsAmbientOcclusionMap.png,3177049,3.0 MB,2048,2048,0,PNG,Yes,1,0,1,None found,2048,16777216,16.0 MB,Assets/Shaded Spectrum/Cozy Interiors Demo Pack/Materials/Painted Beech Wall Boards.mat,Unknown,,Review if referenced,Visual QA required
Assets/Idyllic Italian Coast Town/Textures/M_flowerpots_BaseMap.png,3171259,3.0 MB,2048,2048,0,PNG,Unknown,1,0,1,None found,2048,16777216,16.0 MB,Assets/Idyllic Italian Coast Town/Materials/M_flowerpots 1.mat; Assets/Idyllic Italian Coast Town/Materials/M_flowerpots.mat,Unknown,,Review if referenced,Visual QA required
Assets/Furniture Mega Pack/Textures/Cushions/Cushion17_24/Cushion17_24_mat_Cushion17_24_AlbedoTransparency.png,3152843,3.0 MB,2048,2048,0,PNG,Unknown,1,0,1,None found,2048,16777216,16.0 MB,Assets/Furniture Mega Pack/Materials/Cushion/mat_Cushion17_24.mat,Unknown,,Review if referenced,Visual QA required
Assets/YughuesFreeCobbleMaterials/Textures/T_YFCM_04_n.tga,3145772,3.0 MB,1024,1024,1,TGA,Unknown,1,0,1,None found,2048,4194304,4.0 MB,Assets/YughuesFreeCobbleMaterials/Materials/M_YFCM_04.mat,Normal map,,Review if referenced,Visual QA required
Assets/YughuesFreeCobbleMaterials/Textures/T_YFCM_06_n.tga,3145772,3.0 MB,1024,1024,1,TGA,Unknown,1,0,1,None found,2048,4194304,4.0 MB,Assets/YughuesFreeCobbleMaterials/Materials/M_YFCM_06.mat; Assets/YughuesFreeCobbleMaterials/Materials/M_YFCM_09.mat,Normal map,,Review if referenced,Visual QA required
Assets/YughuesFreeCobbleMaterials/Textures/T_YFCM_08_d.tga,3145772,3.0 MB,1024,1024,0,TGA,Unknown,1,0,1,None found,2048,4194304,4.0 MB,Assets/YughuesFreeCobbleMaterials/Materials/M_YFCM_08.mat,Unknown,,Review if referenced,Visual QA required
Assets/YughuesFreeCobbleMaterials/Textures/T_YFCM_11_d.tga,3145772,3.0 MB,1024,1024,0,TGA,Unknown,1,0,1,None found,2048,4194304,4.0 MB,Assets/YughuesFreeCobbleMaterials/Materials/M_YFCM_11.mat,Unknown,,Review if referenced,Visual QA required
Assets/YughuesFreeCobbleMaterials/Textures/T_YFCM_02_n.tga,3145772,3.0 MB,1024,1024,1,TGA,Unknown,1,0,1,None found,2048,4194304,4.0 MB,Assets/YughuesFreeCobbleMaterials/Materials/M_YFCM_02.mat,Normal map,,Review if referenced,Visual QA required
Assets/YughuesFreeCobbleMaterials/Textures/T_YFCM_13_d.tga,3145772,3.0 MB,1024,1024,0,TGA,Unknown,1,0,1,None found,2048,4194304,4.0 MB,Assets/YughuesFreeCobbleMaterials/Materials/M_YFCM_13.mat,Unknown,,Review if referenced,Visual QA required
Assets/YughuesFreeCobbleMaterials/Textures/T_YFCM_07_n.tga,3145772,3.0 MB,1024,1024,1,TGA,Unknown,1,0,1,None found,2048,4194304,4.0 MB,Assets/YughuesFreeCobbleMaterials/Materials/M_YFCM_07.mat,Normal map,,Review if referenced,Visual QA required
Assets/YughuesFreeCobbleMaterials/Textures/T_YFCM_05_n.tga,3145772,3.0 MB,1024,1024,1,TGA,Unknown,1,0,1,None found,2048,4194304,4.0 MB,Assets/YughuesFreeCobbleMaterials/Materials/M_YFCM_05.mat,Normal map,,Review if referenced,Visual QA required
Assets/YughuesFreeCobbleMaterials/Textures/T_YFCM_12_d.tga,3145772,3.0 MB,1024,1024,0,TGA,Unknown,1,0,1,None found,2048,4194304,4.0 MB,Assets/YughuesFreeCobbleMaterials/Materials/M_YFCM_12.mat,Unknown,,Review if referenced,Visual QA required
Assets/YughuesFreeCobbleMaterials/Textures/T_YFCM_01_n.tga,3145772,3.0 MB,1024,1024,1,TGA,Unknown,1,0,1,None found,2048,4194304,4.0 MB,Assets/YughuesFreeCobbleMaterials/Materials/M_YFCM_01.mat,Normal map,,Review if referenced,Visual QA required
Assets/YughuesFreeCobbleMaterials/Textures/T_YFCM_09_d.tga,3145772,3.0 MB,1024,1024,0,TGA,Unknown,1,0,1,None found,2048,4194304,4.0 MB,Assets/YughuesFreeCobbleMaterials/Materials/M_YFCM_09.mat,Unknown,,Review if referenced,Visual QA required
Assets/YughuesFreeCobbleMaterials/Textures/T_YFCM_10_d.tga,3145772,3.0 MB,1024,1024,0,TGA,Unknown,1,0,1,None found,2048,4194304,4.0 MB,Assets/YughuesFreeCobbleMaterials/Materials/M_YFCM_10.mat,Unknown,,Review if referenced,Visual QA required
Assets/YughuesFreeCobbleMaterials/Textures/T_YFCM_03_n.tga,3145772,3.0 MB,1024,1024,1,TGA,Unknown,1,0,1,None found,2048,4194304,4.0 MB,Assets/YughuesFreeCobbleMaterials/Materials/M_YFCM_03.mat,Normal map,,Review if referenced,Visual QA required
Assets/YughuesFreeCobbleMaterials/Textures/T_YFCM_05_d.tga,3145772,3.0 MB,1024,1024,0,TGA,Unknown,1,0,1,None found,2048,4194304,4.0 MB,Assets/YughuesFreeCobbleMaterials/Materials/M_YFCM_05.mat,Unknown,,Review if referenced,Visual QA required
Assets/YughuesFreeCobbleMaterials/Textures/T_YFCM_07_d.tga,3145772,3.0 MB,1024,1024,0,TGA,Unknown,1,0,1,None found,2048,4194304,4.0 MB,Assets/YughuesFreeCobbleMaterials/Materials/M_YFCM_07.mat,Unknown,,Review if referenced,Visual QA required
Assets/YughuesFreeCobbleMaterials/Textures/T_YFCM_09_n.tga,3145772,3.0 MB,1024,1024,1,TGA,Unknown,1,0,1,None found,2048,4194304,4.0 MB,,Normal map,,Review if referenced,Unknown/runtime or unused candidate
Assets/YughuesFreeCobbleMaterials/Textures/T_YFCM_10_n.tga,3145772,3.0 MB,1024,1024,1,TGA,Unknown,1,0,1,None found,2048,4194304,4.0 MB,Assets/YughuesFreeCobbleMaterials/Materials/M_YFCM_10.mat,Normal map,,Review if referenced,Visual QA required
Assets/YughuesFreeCobbleMaterials/Textures/T_YFCM_03_d.tga,3145772,3.0 MB,1024,1024,0,TGA,Unknown,1,0,1,None found,2048,4194304,4.0 MB,Assets/YughuesFreeCobbleMaterials/Materials/M_YFCM_03.mat,Unknown,,Review if referenced,Visual QA required
Assets/YughuesFreeCobbleMaterials/Textures/T_YFCM_12_n.tga,3145772,3.0 MB,1024,1024,1,TGA,Unknown,1,0,1,None found,2048,4194304,4.0 MB,Assets/YughuesFreeCobbleMaterials/Materials/M_YFCM_12.mat,Normal map,,Review if referenced,Visual QA required
Assets/YughuesFreeCobbleMaterials/Textures/T_YFCM_01_d.tga,3145772,3.0 MB,1024,1024,0,TGA,Unknown,1,0,1,None found,2048,4194304,4.0 MB,Assets/YughuesFreeCobbleMaterials/Materials/M_YFCM_01.mat,Unknown,,Review if referenced,Visual QA required
Assets/YughuesFreeCobbleMaterials/Textures/T_YFCM_06_d.tga,3145772,3.0 MB,1024,1024,0,TGA,Unknown,1,0,1,None found,2048,4194304,4.0 MB,Assets/YughuesFreeCobbleMaterials/Materials/M_YFCM_06.mat,Unknown,,Review if referenced,Visual QA required
Assets/YughuesFreeCobbleMaterials/Textures/T_YFCM_04_d.tga,3145772,3.0 MB,1024,1024,0,TGA,Unknown,1,0,1,None found,2048,4194304,4.0 MB,Assets/YughuesFreeCobbleMaterials/Materials/M_YFCM_04.mat,Unknown,,Review if referenced,Visual QA required
Assets/YughuesFreeCobbleMaterials/Textures/T_YFCM_13_n.tga,3145772,3.0 MB,1024,1024,1,TGA,Unknown,1,0,1,None found,2048,4194304,4.0 MB,Assets/YughuesFreeCobbleMaterials/Materials/M_YFCM_13.mat,Normal map,,Review if referenced,Visual QA required
Assets/YughuesFreeCobbleMaterials/Textures/T_YFCM_08_n.tga,3145772,3.0 MB,1024,1024,1,TGA,Unknown,1,0,1,None found,2048,4194304,4.0 MB,Assets/YughuesFreeCobbleMaterials/Materials/M_YFCM_08.mat,Normal map,,Review if referenced,Visual QA required
Assets/YughuesFreeCobbleMaterials/Textures/T_YFCM_11_n.tga,3145772,3.0 MB,1024,1024,1,TGA,Unknown,1,0,1,None found,2048,4194304,4.0 MB,Assets/YughuesFreeCobbleMaterials/Materials/M_YFCM_11.mat,Normal map,,Review if referenced,Visual QA required
Assets/YughuesFreeCobbleMaterials/Textures/T_YFCM_02_d.tga,3145772,3.0 MB,1024,1024,0,TGA,Unknown,1,0,1,None found,2048,4194304,4.0 MB,Assets/YughuesFreeCobbleMaterials/Materials/M_YFCM_02.mat,Unknown,,Review if referenced,Visual QA required
Assets/Idyllic Italian Coast Town/Textures/M_boat_kit_blue_BaseMap.png,3136193,3.0 MB,2048,2048,0,PNG,Unknown,1,0,1,None found,2048,16777216,16.0 MB,,Unknown,,Review if referenced,Unknown/runtime or unused candidate
Assets/Idyllic Italian Coast Town/Textures/M_trafficsigns_MaskMap.png,3129053,3.0 MB,2048,2048,0,PNG,Yes,1,0,1,None found,2048,16777216,16.0 MB,Assets/Idyllic Italian Coast Town/Materials/M_trafficsigns.mat,Unknown,,Review if referenced,Visual QA required
Assets/Furniture Mega Pack/Textures/Chairs/Chair02/Chair02_mat_Chair02_MetallicSmoothness.png,3115630,3.0 MB,2048,2048,0,PNG,Yes,1,0,1,None found,2048,16777216,16.0 MB,Assets/Furniture Mega Pack/Materials/Chair/mat_Chair02.mat,Unknown,,Review if referenced,Visual QA required
Assets/Furniture Mega Pack/Textures/Tables/Table50/Table50_mat_Table50_AlbedoTransparency.png,3112325,3.0 MB,2048,2048,0,PNG,Unknown,1,0,1,None found,2048,16777216,16.0 MB,Assets/Furniture Mega Pack/Materials/Table/mat_Table50.mat,Unknown,,Review if referenced,Visual QA required
Assets/Furniture Mega Pack/Textures/Tables/Table07/Table07_mat_Table07_AlbedoTransparency.png,3110934,3.0 MB,2048,2048,0,PNG,Unknown,1,0,1,None found,2048,16777216,16.0 MB,Assets/Furniture Mega Pack/Materials/Table/mat_Table07.mat,Unknown,,Review if referenced,Visual QA required
Assets/Furniture Mega Pack/Textures/Tables/Table35/Table35_mat_Table35_MetallicSmoothness.png,3096704,3.0 MB,2048,2048,0,PNG,Yes,1,0,1,None found,2048,16777216,16.0 MB,Assets/Furniture Mega Pack/Materials/Table/mat_Table35.mat,Unknown,,Review if referenced,Visual QA required
Assets/Furniture Mega Pack/Textures/Chairs/Chair36/Chair36_mat_Chair36_AlbedoTransparency.png,3094783,3.0 MB,2048,2048,0,PNG,Unknown,1,0,1,None found,2048,16777216,16.0 MB,Assets/Furniture Mega Pack/Materials/Chair/mat_Chair36.mat,Unknown,,Review if referenced,Visual QA required
Assets/Furniture Mega Pack/Textures/Tables/Table05/Table05_mat_Table05_AlbedoTransparency.png,3075007,2.9 MB,2048,2048,0,PNG,Unknown,1,0,1,None found,2048,16777216,16.0 MB,Assets/Furniture Mega Pack/Materials/Table/mat_Table05.mat,Unknown,,Review if referenced,Visual QA required
Assets/Furniture Mega Pack/Textures/Chairs/Chair17/Chair17_mat_Chair17_Normal.png,3073400,2.9 MB,2048,2048,1,PNG,Unknown,1,0,1,None found,2048,16777216,16.0 MB,Assets/Furniture Mega Pack/Materials/Chair/mat_Chair17.mat,Normal map,,Review if referenced,Visual QA required
Assets/Furniture Mega Pack/Textures/Tables/Table29/Table29_mat_Table29_AlbedoTransparency.png,3071669,2.9 MB,2048,2048,0,PNG,Unknown,1,0,1,None found,2048,16777216,16.0 MB,Assets/Furniture Mega Pack/Materials/Table/mat_Table29.mat,Unknown,,Review if referenced,Visual QA required
Assets/Furniture Mega Pack/Textures/Chairs/Chair01/Chair01_mat_Chair01_AlbedoTransparency.png,3062895,2.9 MB,2048,2048,0,PNG,Unknown,1,0,1,None found,2048,16777216,16.0 MB,Assets/Furniture Mega Pack/Materials/Chair/mat_Chair01.mat,Unknown,,Review if referenced,Visual QA required
Assets/Idyllic Italian Coast Town/Textures/M_skybox_cloudy.png,3057621,2.9 MB,2048,2048,0,PNG,Yes,0,0,1,None found,2048,16777216,16.0 MB,Assets/Idyllic Italian Coast Town/Materials/M_skybox 1.mat; Assets/Idyllic Italian Coast Town/Materials/M_skybox 3.mat,Unknown,,Review if referenced,Visual QA required
Assets/DevDen Arch Viz Scotland/Textures/Dining Room/dinning_chair/dinning_chair_diining_chair_wood_AlbedoTransparency.png,3051844,2.9 MB,1536,1536,0,PNG,Yes,1,1,1,WebGL,2048,9437184,9.0 MB,Assets/DevDen Arch Viz Scotland/Materials/Dining Room/diining_chair_wood.mat; Assets/HyTeKGames/SRPMaterialConverter/ConvertedMaterials/diining_chair_wood.mat,Unknown,ReadWrite enabled,Review if referenced,Visual QA required
Assets/Furniture Mega Pack/Textures/Chairs/Chair10/Chair10_mat_Chair10_MetallicSmoothness.png,3048234,2.9 MB,2048,2048,0,PNG,Yes,1,0,1,None found,2048,16777216,16.0 MB,Assets/Furniture Mega Pack/Materials/Chair/mat_Chair10.mat,Unknown,,Review if referenced,Visual QA required
Assets/Idyllic Italian Coast Town/Textures/M_attachments_tech_Normal.png,3046372,2.9 MB,2048,2048,1,PNG,Unknown,1,0,1,None found,2048,16777216,16.0 MB,Assets/Idyllic Italian Coast Town/Materials/M_attachments_tech.mat,Normal map,,Review if referenced,Visual QA required
Assets/Idyllic Italian Coast Town/Textures/M_doors_italian_BaseMap.png,3045753,2.9 MB,2048,2048,0,PNG,Unknown,1,0,1,None found,2048,16777216,16.0 MB,Assets/Idyllic Italian Coast Town/Materials/M_doors.mat,Unknown,,Review if referenced,Visual QA required
Assets/TerrainSampleAssets/Textures/Details/Heather_A_Normal.tif,3041936,2.9 MB,1024,1024,1,TIFF,Unknown,1,0,1,None found,2048,4194304,4.0 MB,Assets/TerrainSampleAssets/Materials/Heather.asset,Normal map,,Review if referenced,Visual QA required
Assets/Idyllic Italian Coast Town/Textures/M_canopies02_BaseMap.png,3037945,2.9 MB,2048,2048,0,PNG,Unknown,1,0,1,None found,2048,16777216,16.0 MB,Assets/Idyllic Italian Coast Town/Materials/M_canopies.mat,Unknown,,Review if referenced,Visual QA required
Assets/Furniture Mega Pack/Textures/Chairs/Chair41/Chair41_mat_Chair41_Normal.png,3022667,2.9 MB,2048,2048,1,PNG,Unknown,1,0,1,None found,2048,16777216,16.0 MB,Assets/Furniture Mega Pack/Materials/Chair/mat_Chair41.mat,Normal map,,Review if referenced,Visual QA required
Assets/Furniture Mega Pack/Textures/Chairs/Chair16/Chair16_mat_Chair16_AlbedoTransparency.png,3007179,2.9 MB,2048,2048,0,PNG,Unknown,1,0,1,None found,2048,16777216,16.0 MB,Assets/Furniture Mega Pack/Materials/Chair/mat_Chair16.mat,Unknown,,Review if referenced,Visual QA required
Assets/DevDen Arch Viz Scotland/Textures/Study Room/table/Study Table_AlbedoTransparency.png,3005971,2.9 MB,2048,2048,0,PNG,Unknown,1,0,1,None found,2048,16777216,16.0 MB,Assets/DevDen Arch Viz Scotland/Materials/Study Room/table1.mat; Assets/HyTeKGames/SRPMaterialConverter/ConvertedMaterials/table1.mat,Unknown,,Review if referenced,Visual QA required
Assets/Furniture Mega Pack/Textures/Tables/Table33/Table33_mat_Table33_MetallicSmoothness.png,2993538,2.9 MB,2048,2048,0,PNG,Yes,1,0,1,None found,2048,16777216,16.0 MB,Assets/Furniture Mega Pack/Materials/Table/mat_Table33.mat,Unknown,,Review if referenced,Visual QA required
Assets/Idyllic Italian Coast Town/Textures/M_doors_italian_Normal.png,2991492,2.9 MB,2048,2048,1,PNG,Unknown,1,0,1,None found,2048,16777216,16.0 MB,Assets/Idyllic Italian Coast Town/Materials/M_doors.mat,Normal map,,Review if referenced,Visual QA required
Assets/Furniture Mega Pack/Textures/Sofas/Sofa18/Sofa18_mat_Sofa18_AlbedoTransparency.png,2979245,2.8 MB,2048,2048,0,PNG,Unknown,1,0,1,None found,2048,16777216,16.0 MB,Assets/Furniture Mega Pack/Materials/Sofa/mat_Sofa18.mat,Unknown,,Review if referenced,Visual QA required
Assets/Furniture Mega Pack/Textures/Tables/Table38/Table38_mat_Table38_AlbedoTransparency.png,2973386,2.8 MB,2048,2048,0,PNG,Unknown,1,0,1,None found,2048,16777216,16.0 MB,Assets/Furniture Mega Pack/Materials/Table/mat_Table38.mat,Unknown,,Review if referenced,Visual QA required
Assets/DevDen Arch Viz Scotland/Textures/Living Room/Laptop/laptop_DefaultMaterial_emission.png,2971734,2.8 MB,4096,4096,0,PNG,Unknown,1,0,1,None found,2048,67108864,64.0 MB,Assets/DevDen Arch Viz Scotland/Materials/Living Room/laptop.mat; Assets/HyTeKGames/SRPMaterialConverter/ConvertedMaterials/laptop.mat,Unknown,Large 4096+,P1/P2: downscale/compress or externalize,Visual QA required
Assets/Furniture Mega Pack/Textures/Tables/Table22/Table22_mat_Table22_MetallicSmoothness.png,2961156,2.8 MB,2048,2048,0,PNG,Yes,1,0,1,None found,2048,16777216,16.0 MB,Assets/Furniture Mega Pack/Materials/Table/mat_Table22.mat,Unknown,,Review if referenced,Visual QA required
Assets/Idyllic Italian Coast Town/Textures/M_trafficsigns_Normal.png,2960732,2.8 MB,2048,2048,1,PNG,Unknown,1,0,1,None found,2048,16777216,16.0 MB,Assets/Idyllic Italian Coast Town/Materials/M_trafficsigns.mat,Normal map,,Review if referenced,Visual QA required
Assets/Furniture Mega Pack/Textures/Cushions/Cushion37_40/Cushion37_40_mat_Cushion37_40_AlbedoTransparency.png,2957770,2.8 MB,2048,2048,0,PNG,Unknown,1,0,1,None found,2048,16777216,16.0 MB,Assets/Furniture Mega Pack/Materials/Cushion/mat_Cushion37_40.mat,Unknown,,Review if referenced,Visual QA required
Assets/Idyllic Italian Coast Town/Textures/M_windows_italian_Normal.png,2948570,2.8 MB,2048,2048,1,PNG,Unknown,1,0,1,None found,2048,16777216,16.0 MB,Assets/Idyllic Italian Coast Town/Materials/M_windows.mat,Normal map,,Review if referenced,Visual QA required
Assets/Furniture Mega Pack/Textures/Tables/Table50/Table50_mat_Table50_MetallicSmoothness.png,2942978,2.8 MB,2048,2048,0,PNG,Yes,1,0,1,None found,2048,16777216,16.0 MB,Assets/Furniture Mega Pack/Materials/Table/mat_Table50.mat,Unknown,,Review if referenced,Visual QA required
Assets/Furniture Mega Pack/Textures/Tables/Table06/Table06_mat_Table06_AlbedoTransparency.png,2938717,2.8 MB,2048,2048,0,PNG,Unknown,1,0,1,None found,2048,16777216,16.0 MB,Assets/Furniture Mega Pack/Materials/Table/mat_Table06.mat,Unknown,,Review if referenced,Visual QA required
Assets/Furniture Mega Pack/Textures/Tables/Table34/Table34_mat_Table34_MetallicSmoothness.png,2925744,2.8 MB,2048,2048,0,PNG,Yes,1,0,1,None found,2048,16777216,16.0 MB,Assets/Furniture Mega Pack/Materials/Table/mat_Table34.mat,Unknown,,Review if referenced,Visual QA required
Assets/BCaT_assets/HOMED/Recipe_Box_letters.png,2924497,2.8 MB,1093,676,0,PNG,Yes,1,0,1,WebGL,2048,2955472,2.8 MB,Assets/BCaT_assets/HOMED/Letters.mat,Unknown,,Review if referenced,Visual QA required
Assets/Furniture Mega Pack/Textures/Chairs/Chair06/Chair06_mat_Chair06_Normal.png,2888725,2.8 MB,2048,2048,1,PNG,Unknown,1,0,1,None found,2048,16777216,16.0 MB,Assets/Furniture Mega Pack/Materials/Chair/mat_Chair06.mat,Normal map,,Review if referenced,Visual QA required
Assets/Furniture Mega Pack/Textures/Cushions/Cushion41_48/Cushion41_48_mat_Cushion41_48_MetallicSmoothness.png,2880629,2.7 MB,2048,2048,0,PNG,Yes,1,0,1,None found,2048,16777216,16.0 MB,Assets/Furniture Mega Pack/Materials/Cushion/mat_Cushion41_48.mat,Unknown,,Review if referenced,Visual QA required
Assets/Furniture Mega Pack/Textures/Tables/Table13/Table13_mat_Table13_MetallicSmoothness.png,2871621,2.7 MB,2048,2048,0,PNG,Yes,1,0,1,None found,2048,16777216,16.0 MB,Assets/Furniture Mega Pack/Materials/Table/mat_Table13.mat,Unknown,,Review if referenced,Visual QA required
Assets/Furniture Mega Pack/Textures/Chairs/Chair50/Chair50_mat_Chair50_AlbedoTransparency.png,2869856,2.7 MB,2048,2048,0,PNG,Unknown,1,0,1,None found,2048,16777216,16.0 MB,Assets/Furniture Mega Pack/Materials/Chair/mat_Chair50.mat,Unknown,,Review if referenced,Visual QA required
Assets/Furniture Mega Pack/Textures/Chairs/Chair08/Chair08_mat_Chair08_AlbedoTransparency.png,2869372,2.7 MB,2048,2048,0,PNG,Unknown,1,0,1,None found,2048,16777216,16.0 MB,Assets/Furniture Mega Pack/Materials/Chair/mat_Chair08.mat,Unknown,,Review if referenced,Visual QA required
Assets/Furniture Mega Pack/Textures/Tables/Table37/Table37_mat_Table37_Normal.png,2864337,2.7 MB,2048,2048,1,PNG,Unknown,1,0,1,None found,2048,16777216,16.0 MB,Assets/Furniture Mega Pack/Materials/Table/mat_Table37.mat,Normal map,,Review if referenced,Visual QA required
Assets/Furniture Mega Pack/Textures/Chairs/Chair19/Chair19_mat_Chair19_Normal.png,2861909,2.7 MB,2048,2048,1,PNG,Unknown,1,0,1,None found,2048,16777216,16.0 MB,Assets/Furniture Mega Pack/Materials/Chair/mat_Chair19.mat,Normal map,,Review if referenced,Visual QA required
Assets/Idyllic Italian Coast Town/Textures/M_lemonstand_Normal.png,2855504,2.7 MB,2048,2048,1,PNG,Unknown,1,0,1,None found,2048,16777216,16.0 MB,Assets/Idyllic Italian Coast Town/Materials/M_lemonstand 1.mat; Assets/Idyllic Italian Coast Town/Materials/M_lemonstand.mat,Normal map,,Review if referenced,Visual QA required
Assets/DevDen Arch Viz Scotland/Textures/Kitchen Room/Kettle/kitchan mat 2_kitchan_mat_2_Normal.png,2849297,2.7 MB,2048,2048,1,PNG,Yes,1,0,1,WebGL,2048,16777216,16.0 MB,Assets/DevDen Arch Viz Scotland/Materials/Kitchen Room/kitchan_mat_2.mat; Assets/HyTeKGames/SRPMaterialConverter/ConvertedMaterials/kitchan_mat_2.mat,Normal map,,Review if referenced,Visual QA required
Assets/Idyllic Italian Coast Town/Textures/M_skybox_cloudy_02.png,2842275,2.7 MB,2048,2048,0,PNG,Yes,1,0,1,None found,2048,16777216,16.0 MB,,Unknown,,Review if referenced,Unknown/runtime or unused candidate
Assets/DevDen Arch Viz Scotland/Textures/Environment/inner_wall/inner_wall_hall_way_Normal.png,2841509,2.7 MB,2048,2048,1,PNG,Yes,1,1,1,WebGL,2048,16777216,16.0 MB,,Normal map,ReadWrite enabled,Review if referenced,Unknown/runtime or unused candidate
Assets/DevDen Arch Viz Scotland/Textures/Common/SmallObj/dish-rack_normal.png,2841205,2.7 MB,1229,1229,1,PNG,Yes,1,0,1,None found,2048,6041764,5.8 MB,Assets/DevDen Arch Viz Scotland/Materials/Kitchen Room/DrainerNew.mat; Assets/HyTeKGames/SRPMaterialConverter/ConvertedMaterials/DrainerNew.mat,Normal map,,Review if referenced,Visual QA required
Assets/Idyllic Italian Coast Town/Textures/M_boat_kit_MaskMap.png,2837213,2.7 MB,2048,2048,0,PNG,Yes,1,0,1,None found,2048,16777216,16.0 MB,Assets/Idyllic Italian Coast Town/Materials/M_boat 1.mat; Assets/Idyllic Italian Coast Town/Materials/M_boat.mat,Unknown,,Review if referenced,Visual QA required
Assets/Furniture Mega Pack/Textures/Tables/Table23/Table23_mat_Table23_Normal.png,2832226,2.7 MB,2048,2048,1,PNG,Unknown,1,0,1,None found,2048,16777216,16.0 MB,Assets/Furniture Mega Pack/Materials/Table/mat_Table23.mat,Normal map,,Review if referenced,Visual QA required
Assets/Idyllic Italian Coast Town/Textures/M_doors_italian_MaskMap.png,2829425,2.7 MB,2048,2048,0,PNG,Yes,1,0,1,None found,2048,16777216,16.0 MB,Assets/Idyllic Italian Coast Town/Materials/M_doors.mat,Unknown,,Review if referenced,Visual QA required
Assets/Furniture Mega Pack/Textures/Cushions/Cushion49_50/Cushion49_50_mat_Cushion49_50_MetallicSmoothness.png,2827756,2.7 MB,2048,2048,0,PNG,Yes,1,0,1,None found,2048,16777216,16.0 MB,Assets/Furniture Mega Pack/Materials/Cushion/mat_Cushion49_50.mat,Unknown,,Review if referenced,Visual QA required
Assets/DevDen Arch Viz Scotland/Textures/Bed Room/dressing_mirror/dresing_mirror_dressing_mirror1_AlbedoTransparency.png,2826330,2.7 MB,2048,2048,0,PNG,Yes,1,1,1,WebGL,2048,16777216,16.0 MB,Assets/DevDen Arch Viz Scotland/Materials/Bed Room/dressing_mirror1.mat; Assets/HyTeKGames/SRPMaterialConverter/ConvertedMaterials/dressing_mirror1.mat,Unknown,ReadWrite enabled,Review if referenced,Visual QA required
Assets/DevDen Arch Viz Scotland/Textures/Study Room/imac/Imac_imac_Normal.png,2816229,2.7 MB,2048,2048,1,PNG,Unknown,1,0,1,None found,2048,16777216,16.0 MB,Assets/DevDen Arch Viz Scotland/Materials/Study Room/imac.mat; Assets/HyTeKGames/SRPMaterialConverter/ConvertedMaterials/imac.mat,Normal map,,Review if referenced,Visual QA required
Assets/Furniture Mega Pack/Textures/Chairs/Chair03/Chair03_mat_Chair03_AlbedoTransparency.png,2815808,2.7 MB,2048,2048,0,PNG,Unknown,1,0,1,None found,2048,16777216,16.0 MB,Assets/Furniture Mega Pack/Materials/Chair/mat_Chair03.mat,Unknown,,Review if referenced,Visual QA required
Assets/DevDen Arch Viz Scotland/Textures/Study Room/StudyRoom Carpet/Atlas_1.png,2814449,2.7 MB,2048,2048,0,PNG,Unknown,1,0,1,None found,2048,16777216,16.0 MB,Assets/DevDen Arch Viz Scotland/Materials/Study Room/Furniture_Atlas_1.mat; Assets/HyTeKGames/SRPMaterialConverter/ConvertedMaterials/Furniture_Atlas_1.mat,Unknown,,Review if referenced,Visual QA required
Assets/Idyllic Italian Coast Town/Textures/M_shopsigns_small_BaseMap.png,2814016,2.7 MB,2048,2048,0,PNG,Unknown,1,0,1,None found,2048,16777216,16.0 MB,Assets/Idyllic Italian Coast Town/Materials/M_shopsigns_small.mat,Unknown,,Review if referenced,Visual QA required
Assets/Idyllic Italian Coast Town/Textures/M_boat_kit_BaseMap.png,2802620,2.7 MB,2048,2048,0,PNG,Unknown,1,0,1,None found,2048,16777216,16.0 MB,Assets/Idyllic Italian Coast Town/Materials/M_boat.mat,Unknown,,Review if referenced,Visual QA required
Assets/Furniture Mega Pack/Textures/Kitchen/AtlasTexture_KitchenCollection_Atlastexture_KitchenCollection_Normal.png,2796912,2.7 MB,2048,2048,1,PNG,Unknown,1,0,1,None found,2048,16777216,16.0 MB,Assets/Furniture Mega Pack/Materials/Kitchen/mat_Kitchen.mat,Normal map,,Review if referenced,Visual QA required
Assets/Furniture Mega Pack/Textures/Chairs/Chair13/Chair13_mat_Chair13_Normal.png,2777283,2.6 MB,2048,2048,1,PNG,Unknown,1,0,1,None found,2048,16777216,16.0 MB,Assets/Furniture Mega Pack/Materials/Chair/mat_Chair13.mat,Normal map,,Review if referenced,Visual QA required
Assets/Furniture Mega Pack/Textures/Tables/Table27/Table27_mat_Table27_MetallicSmoothness.png,2762932,2.6 MB,2048,2048,0,PNG,Yes,1,0,1,None found,2048,16777216,16.0 MB,Assets/Furniture Mega Pack/Materials/Table/mat_Table27.mat,Unknown,,Review if referenced,Visual QA required
Assets/TerrainSampleAssets/Textures/Details/Plant_Normal.tif,2744260,2.6 MB,1024,1024,1,TIFF,Unknown,1,0,1,None found,2048,4194304,4.0 MB,Assets/TerrainSampleAssets/Materials/Plant.asset,Normal map,,Review if referenced,Visual QA required
Assets/Furniture Mega Pack/Textures/Tables/Table11/Table11_mat_Table11_MetallicSmoothness.png,2743662,2.6 MB,2048,2048,0,PNG,Yes,1,0,1,None found,2048,16777216,16.0 MB,Assets/Furniture Mega Pack/Materials/Table/mat_Table11.mat,Unknown,,Review if referenced,Visual QA required
Assets/Furniture Mega Pack/Textures/Tables/Table31/Table31_mat_Table31_AlbedoTransparency.png,2742020,2.6 MB,2048,2048,0,PNG,Unknown,1,0,1,None found,2048,16777216,16.0 MB,Assets/Furniture Mega Pack/Materials/Table/mat_Table31.mat,Unknown,,Review if referenced,Visual QA required
Assets/Idyllic Italian Coast Town/Textures/M_attachments_stone_Normal.png,2728269,2.6 MB,2048,2048,1,PNG,Unknown,1,0,1,None found,2048,16777216,16.0 MB,Assets/Idyllic Italian Coast Town/Materials/M_attachments_stone 1.mat; Assets/Idyllic Italian Coast Town/Materials/M_attachments_stone.mat,Normal map,,Review if referenced,Visual QA required
Assets/Idyllic Italian Coast Town/Textures/M_shopsigns_large_MaskMap.png,2721954,2.6 MB,2048,2048,0,PNG,Yes,1,0,1,None found,2048,16777216,16.0 MB,Assets/Idyllic Italian Coast Town/Materials/M_shopsigns_large.mat,Unknown,,Review if referenced,Visual QA required
Assets/Furniture Mega Pack/Textures/Tables/Table25/Table25_mat_Table25_MetallicSmoothness.png,2719713,2.6 MB,2048,2048,0,PNG,Yes,1,0,1,None found,2048,16777216,16.0 MB,Assets/Furniture Mega Pack/Materials/Table/mat_Table25.mat,Unknown,,Review if referenced,Visual QA required
Assets/Idyllic Italian Coast Town/Textures/M_shopsigns_large_Normal.png,2716700,2.6 MB,2048,2048,1,PNG,Unknown,1,0,1,None found,2048,16777216,16.0 MB,Assets/Idyllic Italian Coast Town/Materials/M_shopsigns_large.mat,Normal map,,Review if referenced,Visual QA required
Assets/Furniture Mega Pack/Textures/Tables/Table19/Table19_mat_Table19_MetallicSmoothness.png,2715278,2.6 MB,2048,2048,0,PNG,Yes,1,0,1,None found,2048,16777216,16.0 MB,Assets/Furniture Mega Pack/Materials/Table/mat_Table19.mat,Unknown,,Review if referenced,Visual QA required
Assets/Furniture Mega Pack/Textures/Chairs/Chair38/Chair38_mat_Chair38_Normal.png,2701792,2.6 MB,2048,2048,1,PNG,Unknown,1,0,1,None found,2048,16777216,16.0 MB,Assets/Furniture Mega Pack/Materials/Chair/mat_Chair38.mat,Normal map,,Review if referenced,Visual QA required
Assets/Idyllic Italian Coast Town/Textures/M_flowerpots_MaskMap.png,2698253,2.6 MB,2048,2048,0,PNG,Yes,1,0,1,None found,2048,16777216,16.0 MB,Assets/Idyllic Italian Coast Town/Materials/M_flowerpots 1.mat; Assets/Idyllic Italian Coast Town/Materials/M_flowerpots.mat,Unknown,,Review if referenced,Visual QA required
Assets/Furniture Mega Pack/Textures/Tables/Table12/Table12_mat_Table12_MetallicSmoothness.png,2675466,2.6 MB,2048,2048,0,PNG,Yes,1,0,1,None found,2048,16777216,16.0 MB,Assets/Furniture Mega Pack/Materials/Table/mat_Table12.mat,Unknown,,Review if referenced,Visual QA required
Assets/DevDen Arch Viz Scotland/Textures/Kitchen Room/TOASTER/toaster_toaster_Normal.png,2674821,2.6 MB,2048,2048,1,PNG,Yes,1,1,1,WebGL,2048,16777216,16.0 MB,Assets/DevDen Arch Viz Scotland/Materials/Kitchen Room/toasterNew.mat; Assets/HyTeKGames/SRPMaterialConverter/ConvertedMaterials/toasterNew.mat,Normal map,ReadWrite enabled,Review if referenced,Visual QA required
Assets/Furniture Mega Pack/Textures/Tables/Table16/Table16_mat_Table16_MetallicSmoothness.png,2659975,2.5 MB,2048,2048,0,PNG,Yes,1,0,1,None found,2048,16777216,16.0 MB,Assets/Furniture Mega Pack/Materials/Table/mat_Table16.mat,Unknown,,Review if referenced,Visual QA required
Assets/Furniture Mega Pack/Textures/Tables/Table20/Table20_mat_Table20_MetallicSmoothness.png,2645883,2.5 MB,2048,2048,0,PNG,Yes,1,0,1,None found,2048,16777216,16.0 MB,Assets/Furniture Mega Pack/Materials/Table/mat_Table20.mat,Unknown,,Review if referenced,Visual QA required
Assets/DevDen Arch Viz Scotland/Textures/Kitchen Room/Kitchen_cupboard_2/kitchen_green_wood_AO 1.png,2643578,2.5 MB,2048,2048,0,PNG,Yes,1,1,1,WebGL,2048,16777216,16.0 MB,Assets/DevDen Arch Viz Scotland/Materials/Kitchen Room/green_wood_2.mat,Unknown,ReadWrite enabled,Review if referenced,Visual QA required
Assets/Furniture Mega Pack/Textures/Sofas/Sofa36/Sofa36_mat_Sofa36_MetallicSmoothness.png,2627815,2.5 MB,2048,2048,0,PNG,Yes,1,0,1,None found,2048,16777216,16.0 MB,Assets/Furniture Mega Pack/Materials/Sofa/mat_Sofa36.mat,Unknown,,Review if referenced,Visual QA required
Assets/Furniture Mega Pack/Textures/Tables/Table44/Table44_mat_Table44_Normal.png,2627657,2.5 MB,2048,2048,1,PNG,Unknown,1,0,1,None found,2048,16777216,16.0 MB,Assets/Furniture Mega Pack/Materials/Table/mat_Table44.mat,Normal map,,Review if referenced,Visual QA required
Assets/Furniture Mega Pack/Textures/Sofas/Sofa20/Sofa20_mat_Sofa20_AlbedoTransparency.png,2603345,2.5 MB,2048,2048,0,PNG,Unknown,1,0,1,None found,2048,16777216,16.0 MB,Assets/Furniture Mega Pack/Materials/Sofa/mat_Sofa20.mat,Unknown,,Review if referenced,Visual QA required
Assets/Furniture Mega Pack/Textures/Sofas/SectionalSofaLeather/SectionalSofaLeather_mat_SectionalSofaLeather_AlbedoTransparency.png,2598111,2.5 MB,2048,2048,0,PNG,Unknown,1,0,1,None found,2048,16777216,16.0 MB,Assets/Furniture Mega Pack/Materials/Sofa/mat_SectionalSofaLeather.mat,Unknown,,Review if referenced,Visual QA required
Assets/Animated Tropical Vegetation/Textures/palm_tree_1_bark_normal.png,2595514,2.5 MB,1024,1024,1,PNG,Unknown,1,0,1,None found,2048,4194304,4.0 MB,Assets/Animated Tropical Vegetation/Materials/palm_tree_1_bark.mat,Normal map,,Review if referenced,Visual QA required
Assets/TerrainSampleAssets/Textures/Details/Plant_Thickness.tif,2593708,2.5 MB,1024,1024,10,TIFF,Yes,1,0,1,None found,2048,4194304,4.0 MB,Assets/TerrainSampleAssets/Materials/Plant.asset,Unknown,,Review if referenced,Visual QA required
Assets/Furniture Mega Pack/Textures/Tables/Table30/Table30_mat_Table30_AlbedoTransparency.png,2573509,2.5 MB,2048,2048,0,PNG,Unknown,1,0,1,None found,2048,16777216,16.0 MB,Assets/Furniture Mega Pack/Materials/Table/mat_Table30.mat,Unknown,,Review if referenced,Visual QA required
Assets/Furniture Mega Pack/Textures/Tables/Table10/Table10_mat_Table10_Normal.png,2566102,2.4 MB,2048,2048,1,PNG,Unknown,1,0,1,None found,2048,16777216,16.0 MB,Assets/Furniture Mega Pack/Materials/Table/mat_Table10.mat,Normal map,,Review if referenced,Visual QA required
Assets/Furniture Mega Pack/Textures/Sofas/SectionalSofaLeather/SectionalSofaLeather_mat_SectionalSofaLeather_MetallicSmoothness.png,2561135,2.4 MB,2048,2048,0,PNG,Yes,1,0,1,None found,2048,16777216,16.0 MB,Assets/Furniture Mega Pack/Materials/Sofa/mat_SectionalSofaLeather.mat,Unknown,,Review if referenced,Visual QA required
Assets/Furniture Mega Pack/Textures/Chairs/Chair36/Chair36_mat_Chair36_MetallicSmoothness.png,2528779,2.4 MB,2048,2048,0,PNG,Yes,1,0,1,None found,2048,16777216,16.0 MB,Assets/Furniture Mega Pack/Materials/Chair/mat_Chair36.mat,Unknown,,Review if referenced,Visual QA required
Assets/Furniture Mega Pack/Textures/Bathroom/AtlasTexture_BathroomCollection_BathroomCollection_Normal.png,2526123,2.4 MB,2048,2048,1,PNG,Unknown,1,0,1,None found,2048,16777216,16.0 MB,Assets/Furniture Mega Pack/Materials/Bathroom/mat_Bathroom.mat,Normal map,,Review if referenced,Visual QA required
Assets/Furniture Mega Pack/Textures/Tables/Table09/Table09_mat_Table09_Normal.png,2521245,2.4 MB,2048,2048,1,PNG,Unknown,1,0,1,None found,2048,16777216,16.0 MB,Assets/Furniture Mega Pack/Materials/Table/mat_Table09.mat,Normal map,,Review if referenced,Visual QA required
Assets/Furniture Mega Pack/Textures/Sofas/Sofa14/Sofa14_mat_Sofa14_MetallicSmoothness.png,2519093,2.4 MB,2048,2048,0,PNG,Yes,1,0,1,None found,2048,16777216,16.0 MB,Assets/Furniture Mega Pack/Materials/Sofa/mat_Sofa14.mat,Unknown,,Review if referenced,Visual QA required
Assets/Animated Tropical Vegetation/Textures/palm_tree_1_bark_color.png,2516353,2.4 MB,1024,1024,0,PNG,Unknown,1,0,1,None found,2048,4194304,4.0 MB,Assets/Animated Tropical Vegetation/Materials/palm_tree_1_bark.mat,Unknown,,Review if referenced,Visual QA required
Assets/Furniture Mega Pack/Textures/Chairs/Chair18/Chair18_mat_Chair18_AlbedoTransparency.png,2510227,2.4 MB,2048,2048,0,PNG,Unknown,1,0,1,None found,2048,16777216,16.0 MB,Assets/Furniture Mega Pack/Materials/Chair/mat_Chair18.mat,Unknown,,Review if referenced,Visual QA required
Assets/Furniture Mega Pack/Textures/Tables/Table04/Table04_mat_Table04_MetallicSmoothness.png,2502739,2.4 MB,2048,2048,0,PNG,Yes,1,0,1,None found,2048,16777216,16.0 MB,Assets/Furniture Mega Pack/Materials/Table/mat_Table04.mat,Unknown,,Review if referenced,Visual QA required
Assets/Furniture Mega Pack/Textures/Chairs/Chair29/Chair29_mat_Chair29_MetallicSmoothness.png,2497556,2.4 MB,2048,2048,0,PNG,Yes,1,0,1,None found,2048,16777216,16.0 MB,Assets/Furniture Mega Pack/Materials/Chair/mat_Chair29.mat,Unknown,,Review if referenced,Visual QA required
Assets/DevDen Arch Viz Scotland/Textures/Kitchen Room/kitchen_1/kitchen_steel_Normal.png,2493218,2.4 MB,2048,2048,1,PNG,Yes,1,1,1,WebGL,2048,16777216,16.0 MB,Assets/DevDen Arch Viz Scotland/Materials/Kitchen Room/steel.mat; Assets/HyTeKGames/SRPMaterialConverter/ConvertedMaterials/steel.mat,Normal map,ReadWrite enabled,Review if referenced,Visual QA required
Assets/DevDen Arch Viz Scotland/Textures/Common/AirConditioner/airconditioner_DefaultMaterial_MetallicSmoothness.png,2493060,2.4 MB,2048,2048,0,PNG,Yes,1,1,1,WebGL,2048,16777216,16.0 MB,Assets/DevDen Arch Viz Scotland/Materials/Common/Air Conditioner.mat,Unknown,ReadWrite enabled,Review if referenced,Visual QA required
Assets/DevDen Arch Viz Scotland/Textures/Common/SmallObj/dish-rack_albedo.png,2486123,2.4 MB,1229,1229,0,PNG,Yes,1,0,1,None found,2048,6041764,5.8 MB,Assets/DevDen Arch Viz Scotland/Materials/Kitchen Room/DrainerNew.mat; Assets/HyTeKGames/SRPMaterialConverter/ConvertedMaterials/DrainerNew.mat,Unknown,,Review if referenced,Visual QA required
Assets/DevDen Arch Viz Scotland/Textures/Kitchen Room/kitchen_1/kitchen_chimini_Normal.png,2483175,2.4 MB,2048,2048,1,PNG,Yes,1,1,1,WebGL,2048,16777216,16.0 MB,Assets/DevDen Arch Viz Scotland/Materials/Kitchen Room/chimini.mat; Assets/HyTeKGames/SRPMaterialConverter/ConvertedMaterials/chimini.mat,Normal map,ReadWrite enabled,Review if referenced,Visual QA required
Assets/DevDen Arch Viz Scotland/Textures/Bed Room/bed/bed_bed_MetallicSmoothness.png,2463381,2.3 MB,2048,2048,0,PNG,Yes,1,1,1,WebGL,2048,16777216,16.0 MB,Assets/DevDen Arch Viz Scotland/Materials/Bed Room/bed.mat,Unknown,ReadWrite enabled,Review if referenced,Visual QA required
Assets/Furniture Mega Pack/Textures/Tables/Table43/Table43_mat_Table43_Normal.png,2447118,2.3 MB,2048,2048,1,PNG,Unknown,1,0,1,None found,2048,16777216,16.0 MB,Assets/Furniture Mega Pack/Materials/Table/mat_Table43.mat,Normal map,,Review if referenced,Visual QA required
Assets/Furniture Mega Pack/Textures/Chairs/Chair07/Chair07_mat_Chair07_MetallicSmoothness.png,2443534,2.3 MB,2048,2048,0,PNG,Yes,1,0,1,None found,2048,16777216,16.0 MB,Assets/Furniture Mega Pack/Materials/Chair/mat_Chair07.mat,Unknown,,Review if referenced,Visual QA required
Assets/My_Custom/txtrs/PavingStones049_1K-PNG_Color.png,2440606,2.3 MB,1024,1024,0,PNG,Yes,1,0,1,WebGL,2048,4194304,4.0 MB,Assets/My_Custom/mtrls/OldStone.mat,Unknown,,Review if referenced,Visual QA required
Assets/Idyllic Italian Coast Town/Textures/M_skybox_01.png,2433239,2.3 MB,2048,2048,0,PNG,Yes,1,0,1,None found,2048,16777216,16.0 MB,Assets/Idyllic Italian Coast Town/Materials/M_skybox 2.mat; Assets/Idyllic Italian Coast Town/Materials/M_skybox.mat,Unknown,,Review if referenced,Visual QA required
Assets/Furniture Mega Pack/Textures/Tables/Table30/Table30_mat_Table30_MetallicSmoothness.png,2432823,2.3 MB,2048,2048,0,PNG,Yes,1,0,1,None found,2048,16777216,16.0 MB,Assets/Furniture Mega Pack/Materials/Table/mat_Table30.mat,Unknown,,Review if referenced,Visual QA required
Assets/Furniture Mega Pack/Textures/Sofas/Sofa10/Sofa10_mat_Sofa10_MetallicSmoothness.png,2423260,2.3 MB,2048,2048,0,PNG,Yes,1,0,1,None found,2048,16777216,16.0 MB,Assets/Furniture Mega Pack/Materials/Sofa/mat_Sofa10.mat,Unknown,,Review if referenced,Visual QA required
Assets/Coconut Palm Tree Pack/Textures/Coconut_Palm_Tree_normalspec.psd,2418758,2.3 MB,1024,1024,5,PSD,Unknown,1,1,,None found,2048,4194304,4.0 MB,Assets/Coconut Palm Tree Pack/Materials/leaf.mat,Normal map,ReadWrite enabled,Review if referenced,Visual QA required
Assets/Coconut Palm Tree Pack/Textures/Coconut_Palm_Tree_normalspec_bark.psd,2418758,2.3 MB,1024,1024,5,PSD,Unknown,1,1,,None found,2048,4194304,4.0 MB,Assets/Coconut Palm Tree Pack/Materials/bark.mat,Normal map,ReadWrite enabled,Review if referenced,Visual QA required
Assets/Idyllic Italian Coast Town/Textures/M_gravel_02_BaseMap.png,2413437,2.3 MB,1024,1024,0,PNG,Yes,1,0,1,None found,2048,4194304,4.0 MB,Assets/Idyllic Italian Coast Town/Materials/M_gravel.mat,Unknown,,Review if referenced,Visual QA required
Assets/Furniture Mega Pack/Textures/Tables/Table07/Table07_mat_Table07_MetallicSmoothness.png,2401040,2.3 MB,2048,2048,0,PNG,Yes,1,0,1,None found,2048,16777216,16.0 MB,Assets/Furniture Mega Pack/Materials/Table/mat_Table07.mat,Unknown,,Review if referenced,Visual QA required
Assets/Furniture Mega Pack/Textures/Sofas/Sofa37/Sofa37_mat_Sofa37_MetallicSmoothness.png,2399873,2.3 MB,2048,2048,0,PNG,Yes,1,0,1,None found,2048,16777216,16.0 MB,Assets/Furniture Mega Pack/Materials/Sofa/mat_Sofa37.mat,Unknown,,Review if referenced,Visual QA required
Assets/DevDen Arch Viz Scotland/Textures/Kitchen Room/side_piece/side_piece_metal_Normal.png,2396454,2.3 MB,2048,2048,1,PNG,Yes,1,1,1,WebGL,2048,16777216,16.0 MB,Assets/DevDen Arch Viz Scotland/Materials/Kitchen Room/metal.mat,Normal map,ReadWrite enabled,Review if referenced,Visual QA required
Assets/DevDen Arch Viz Scotland/Textures/Environment/inner_wall/inner_wall_inner_roof3_Normal.png,2383929,2.3 MB,2048,2048,1,PNG,Yes,1,1,1,WebGL,2048,16777216,16.0 MB,Assets/DevDen Arch Viz Scotland/Materials/Environment/inner_roof3.mat; Assets/HyTeKGames/SRPMaterialConverter/ConvertedMaterials/inner_roof3.mat,Normal map,ReadWrite enabled,Review if referenced,Visual QA required
Assets/DevDen Arch Viz Scotland/Textures/Bathroom/Washbasin/washbasin_M_washbasin_Normal.png,2383014,2.3 MB,2048,2048,1,PNG,Yes,1,1,1,WebGL,2048,16777216,16.0 MB,Assets/DevDen Arch Viz Scotland/Materials/Bathroom/M_washbasin2.mat; Assets/HyTeKGames/SRPMaterialConverter/ConvertedMaterials/M_washbasin2.mat,Normal map,ReadWrite enabled,Review if referenced,Visual QA required
Assets/DevDen Arch Viz Scotland/Textures/Environment/inner_wall/inner_wall_glass_wall_glass4_Normal.png,2382454,2.3 MB,2048,2048,1,PNG,Yes,1,1,1,WebGL,2048,16777216,16.0 MB,Assets/DevDen Arch Viz Scotland/Materials/Bed Room/glass_wall_glass4.mat; Assets/HyTeKGames/SRPMaterialConverter/ConvertedMaterials/glass_wall_glass4.mat,Normal map,ReadWrite enabled,Review if referenced,Visual QA required
Assets/DevDen Arch Viz Scotland/Textures/Balcony/balcony/balcony_balcony_glass_Normal.png,2382331,2.3 MB,2048,2048,1,PNG,Yes,1,1,1,WebGL,2048,16777216,16.0 MB,Assets/DevDen Arch Viz Scotland/Materials/balcony/balcony_glass.mat; Assets/HyTeKGames/SRPMaterialConverter/ConvertedMaterials/balcony_glass.mat,Normal map,ReadWrite enabled,Review if referenced,Visual QA required
Assets/DevDen Arch Viz Scotland/Textures/Environment/inner_wall/inner_wall_livingroom_floor4_Normal.png,2382221,2.3 MB,2048,2048,1,PNG,Yes,1,1,1,WebGL,2048,16777216,16.0 MB,,Normal map,ReadWrite enabled,Review if referenced,Unknown/runtime or unused candidate
Assets/DevDen Arch Viz Scotland/Textures/Environment/inner_wall/inner_wall_pattern_wall_Normal.png,2382213,2.3 MB,2048,2048,1,PNG,Yes,1,1,1,WebGL,2048,16777216,16.0 MB,Assets/DevDen Arch Viz Scotland/Materials/Bed Room/pattern_wall.mat; Assets/DevDen Arch Viz Scotland/Materials/Environment/livingroom_wall3.mat; Assets/HyTeKGames/SRPMaterialConverter/ConvertedMaterials/livingroom_wall3.mat; Assets/HyTeKGames/SRPMaterialConverter/ConvertedMaterials/pattern_wall.mat,Normal map,ReadWrite enabled,Review if referenced,Visual QA required
Assets/DevDen Arch Viz Scotland/Textures/Environment/inner_wall/inner_wall_bedroom_wall4_Normal.png,2381597,2.3 MB,2048,2048,1,PNG,Yes,1,1,1,WebGL,2048,16777216,16.0 MB,Assets/DevDen Arch Viz Scotland/Materials/Bed Room/bedroom_wall4.mat; Assets/HyTeKGames/SRPMaterialConverter/ConvertedMaterials/bedroom_wall4.mat,Normal map,ReadWrite enabled,Review if referenced,Visual QA required
Assets/DevDen Arch Viz Scotland/Textures/Environment/inner_wall/inner_wall_bathroom_wall3_Normal.png,2381255,2.3 MB,2048,2048,1,PNG,Yes,1,1,1,WebGL,2048,16777216,16.0 MB,Assets/DevDen Arch Viz Scotland/Materials/Bathroom/bathroom_wall3.mat; Assets/HyTeKGames/SRPMaterialConverter/ConvertedMaterials/bathroom_wall3.mat,Normal map,ReadWrite enabled,Review if referenced,Visual QA required
Assets/DevDen Arch Viz Scotland/Textures/Environment/inner_wall/inner_wall_bedroom_floor3_Normal.png,2381170,2.3 MB,2048,2048,1,PNG,Yes,1,1,1,WebGL,2048,16777216,16.0 MB,,Normal map,ReadWrite enabled,Review if referenced,Unknown/runtime or unused candidate
Assets/DevDen Arch Viz Scotland/Textures/Environment/inner_wall/inner_wall_studyroom_wall3_Normal.png,2381105,2.3 MB,2048,2048,1,PNG,Yes,1,1,1,WebGL,2048,16777216,16.0 MB,Assets/DevDen Arch Viz Scotland/Materials/Study Room/studyroom_wall3.mat; Assets/HyTeKGames/SRPMaterialConverter/ConvertedMaterials/studyroom_wall3.mat,Normal map,ReadWrite enabled,Review if referenced,Visual QA required
Assets/DevDen Arch Viz Scotland/Textures/Kitchen Room/side_piece/side_piece_white_wood_Normal.png,2380812,2.3 MB,2048,2048,1,PNG,Yes,1,1,1,WebGL,2048,16777216,16.0 MB,Assets/DevDen Arch Viz Scotland/Materials/Kitchen Room/white_wood.mat; Assets/HyTeKGames/SRPMaterialConverter/ConvertedMaterials/white_wood.mat,Normal map,ReadWrite enabled,Review if referenced,Visual QA required
Assets/DevDen Arch Viz Scotland/Textures/Kitchen Room/kitchen_1/kitchen_gold_tap_handle_Normal.png,2379809,2.3 MB,2048,2048,1,PNG,Yes,1,1,1,WebGL,2048,16777216,16.0 MB,Assets/DevDen Arch Viz Scotland/Materials/Kitchen Room/gold_tap_handle 1.mat; Assets/DevDen Arch Viz Scotland/Materials/Kitchen Room/gold_tap_handle.mat; Assets/HyTeKGames/SRPMaterialConverter/ConvertedMaterials/gold_tap_handle 1.mat; Assets/HyTeKGames/SRPMaterialConverter/ConvertedMaterials/gold_tap_handle.mat,Normal map,ReadWrite enabled,Review if referenced,Visual QA required
Assets/DevDen Arch Viz Scotland/Textures/Environment/inner_wall/inner_wall_studyroom_floor3_Normal.png,2379248,2.3 MB,2048,2048,1,PNG,Yes,1,1,1,WebGL,2048,16777216,16.0 MB,Assets/DevDen Arch Viz Scotland/Materials/Study Room/studyroom_floor3.mat; Assets/HyTeKGames/SRPMaterialConverter/ConvertedMaterials/studyroom_floor3.mat,Normal map,ReadWrite enabled,Review if referenced,Visual QA required
Assets/DevDen Arch Viz Scotland/Textures/Kitchen Room/kitchen_1/kitchen_glass_Normal.png,2378630,2.3 MB,2048,2048,1,PNG,Yes,1,1,1,WebGL,2048,16777216,16.0 MB,Assets/DevDen Arch Viz Scotland/Materials/Kitchen Room/glass.mat; Assets/HyTeKGames/SRPMaterialConverter/ConvertedMaterials/glass.mat; Assets/HyTeKGames/SRPMaterialConverter/ConvertedMaterials/glass_1.mat,Normal map,ReadWrite enabled,Review if referenced,Visual QA required
Assets/DevDen Arch Viz Scotland/Textures/Kitchen Room/kitchen_1/kitchen_plastic_Normal.png,2377184,2.3 MB,2048,2048,1,PNG,Yes,1,1,1,WebGL,2048,16777216,16.0 MB,,Normal map,ReadWrite enabled,Review if referenced,Unknown/runtime or unused candidate
Assets/DevDen Arch Viz Scotland/Textures/Kitchen Room/Fridge/frifge_green_wood_Normal.png,2374335,2.3 MB,2048,2048,1,PNG,Yes,1,1,1,WebGL,2048,16777216,16.0 MB,Assets/DevDen Arch Viz Scotland/Materials/Kitchen Room/green_wood_1 Metal.mat; Assets/DevDen Arch Viz Scotland/Materials/Kitchen Room/green_wood_1.mat; Assets/HyTeKGames/SRPMaterialConverter/ConvertedMaterials/green_wood_1 Metal.mat; Assets/HyTeKGames/SRPMaterialConverter/ConvertedMaterials/green_wood_1.mat,Normal map,ReadWrite enabled,Review if referenced,Visual QA required
Assets/DevDen Arch Viz Scotland/Textures/Kitchen Room/fridge_2/frifge_gold_tap_handle_Normal.png,2373344,2.3 MB,2048,2048,1,PNG,Yes,1,1,1,WebGL,2048,16777216,16.0 MB,Assets/DevDen Arch Viz Scotland/Materials/Kitchen Room/gold_tap_handle_1.mat; Assets/DevDen Arch Viz Scotland/Materials/Kitchen Room/gold_tap_handle_2.mat; Assets/HyTeKGames/SRPMaterialConverter/ConvertedMaterials/gold_tap_handle_1.mat; Assets/HyTeKGames/SRPMaterialConverter/ConvertedMaterials/gold_tap_handle_2.mat,Normal map,ReadWrite enabled,Review if referenced,Visual QA required
Assets/Furniture Mega Pack/Textures/Chairs/Chair38/Chair38_mat_Chair38_MetallicSmoothness.png,2371590,2.3 MB,2048,2048,0,PNG,Yes,1,0,1,None found,2048,16777216,16.0 MB,Assets/Furniture Mega Pack/Materials/Chair/mat_Chair38.mat,Unknown,,Review if referenced,Visual QA required
Assets/DevDen Arch Viz Scotland/Textures/Study Room/lamp/lamp_Normal.png,2371311,2.3 MB,2048,2048,1,PNG,Yes,1,1,1,WebGL,2048,16777216,16.0 MB,Assets/DevDen Arch Viz Scotland/Materials/Common/lamp.mat; Assets/HyTeKGames/SRPMaterialConverter/ConvertedMaterials/lamp.mat,Normal map,ReadWrite enabled,Review if referenced,Visual QA required
Assets/DevDen Arch Viz Scotland/Textures/Kitchen Room/Kitchen_cupboard_2/kitchen_granite_Normal.png,2370653,2.3 MB,4096,4096,1,PNG,Unknown,1,1,1,WebGL,2048,67108864,64.0 MB,Assets/DevDen Arch Viz Scotland/Materials/Kitchen Room/granite.mat; Assets/DevDen Arch Viz Scotland/Materials/Kitchen Room/green_wood_2.mat; Assets/HyTeKGames/SRPMaterialConverter/ConvertedMaterials/granite.mat; Assets/HyTeKGames/SRPMaterialConverter/ConvertedMaterials/green_wood_2.mat,Normal map,Large 4096+; ReadWrite enabled,P1/P2: downscale/compress or externalize,Visual QA required
Assets/DevDen Arch Viz Scotland/Textures/Study Room/lamp/Lamp_emission_Normal.png,2368311,2.3 MB,2048,2048,1,PNG,Yes,1,1,1,WebGL,2048,16777216,16.0 MB,Assets/DevDen Arch Viz Scotland/Materials/Common/Lamp_emission.mat; Assets/HyTeKGames/SRPMaterialConverter/ConvertedMaterials/Lamp_emission.mat,Normal map,ReadWrite enabled,Review if referenced,Visual QA required
Assets/Furniture Mega Pack/Textures/Chairs/Chair14/Chair14_mat_Chair14_MetallicSmoothness.png,2366968,2.3 MB,2048,2048,0,PNG,Yes,1,0,1,None found,2048,16777216,16.0 MB,Assets/Furniture Mega Pack/Materials/Chair/mat_Chair14.mat,Unknown,,Review if referenced,Visual QA required
Assets/Furniture Mega Pack/Textures/Chairs/Chair17/Chair17_mat_Chair17_MetallicSmoothness.png,2366755,2.3 MB,2048,2048,0,PNG,Yes,1,0,1,None found,2048,16777216,16.0 MB,Assets/Furniture Mega Pack/Materials/Chair/mat_Chair17.mat,Unknown,,Review if referenced,Visual QA required
Assets/Furniture Mega Pack/Textures/Tables/Table08/Table08_mat_Table08_MetallicSmoothness.png,2364067,2.3 MB,2048,2048,0,PNG,Yes,1,0,1,None found,2048,16777216,16.0 MB,Assets/Furniture Mega Pack/Materials/Table/mat_Table08.mat,Unknown,,Review if referenced,Visual QA required
Assets/DevDen Arch Viz Scotland/Textures/Study Room/imac/Imac_imac_AlbedoTransparency.png,2361977,2.3 MB,2048,2048,0,PNG,Unknown,1,0,1,None found,2048,16777216,16.0 MB,Assets/DevDen Arch Viz Scotland/Materials/Study Room/imac.mat; Assets/HyTeKGames/SRPMaterialConverter/ConvertedMaterials/imac.mat,Unknown,,Review if referenced,Visual QA required
Assets/Furniture Mega Pack/Textures/Chairs/Chair16/Chair16_mat_Chair16_MetallicSmoothness.png,2361767,2.3 MB,2048,2048,0,PNG,Yes,1,0,1,None found,2048,16777216,16.0 MB,Assets/Furniture Mega Pack/Materials/Chair/mat_Chair16.mat,Unknown,,Review if referenced,Visual QA required
Assets/TerrainSampleAssets/Textures/Heightmaps/Canyon02_Heightmap.tif,2359436,2.3 MB,1081,1081,10,TIFF,Yes,0,0,0,None found,2048,4674244,4.5 MB,,Unknown,,Review if referenced,Unknown/runtime or unused candidate
Assets/Furniture Mega Pack/Textures/Chairs/Chair38/Chair38_mat_Chair38_AlbedoTransparency.png,2359005,2.2 MB,2048,2048,0,PNG,Unknown,1,0,1,None found,2048,16777216,16.0 MB,Assets/Furniture Mega Pack/Materials/Chair/mat_Chair38.mat,Unknown,,Review if referenced,Visual QA required
Assets/TerrainSampleAssets/Textures/Heightmaps/Mountain03_Heightmap.tif,2358680,2.2 MB,1081,1081,10,TIFF,Yes,0,0,1,None found,2048,4674244,4.5 MB,,Unknown,,Review if referenced,Unknown/runtime or unused candidate
Assets/TerrainSampleAssets/Textures/Heightmaps/Soft_Peaks01_Heightmap.tif,2358664,2.2 MB,1081,1081,10,TIFF,Yes,0,0,1,None found,2048,4674244,4.5 MB,,Unknown,,Review if referenced,Unknown/runtime or unused candidate
Assets/Furniture Mega Pack/Textures/Tables/Table10/Table10_mat_Table10_AlbedoTransparency.png,2358389,2.2 MB,2048,2048,0,PNG,Unknown,1,0,1,None found,2048,16777216,16.0 MB,Assets/Furniture Mega Pack/Materials/Table/mat_Table10.mat,Unknown,,Review if referenced,Visual QA required
Assets/TerrainSampleAssets/Textures/Heightmaps/Island01_Heightmap.tif,2357356,2.2 MB,1081,1081,10,TIFF,Yes,0,0,1,None found,2048,4674244,4.5 MB,,Unknown,,Review if referenced,Unknown/runtime or unused candidate
Assets/TerrainSampleAssets/Textures/Heightmaps/Plateau01_Heightmap.tif,2357184,2.2 MB,1081,1081,10,TIFF,Yes,0,0,1,None found,2048,4674244,4.5 MB,,Unknown,,Review if referenced,Unknown/runtime or unused candidate
Assets/TerrainSampleAssets/Textures/Heightmaps/Ridge_Edge01_Heightmap.tif,2357132,2.2 MB,1081,1081,10,TIFF,Yes,0,0,1,None found,2048,4674244,4.5 MB,,Unknown,,Review if referenced,Unknown/runtime or unused candidate
Assets/TerrainSampleAssets/Textures/Heightmaps/Plateau02_Heightmap.tif,2356888,2.2 MB,1081,1081,10,TIFF,Yes,0,0,1,None found,2048,4674244,4.5 MB,,Unknown,,Review if referenced,Unknown/runtime or unused candidate
Assets/TerrainSampleAssets/Textures/Heightmaps/Plateau03_Heightmap.tif,2356824,2.2 MB,1081,1081,10,TIFF,Yes,0,0,1,None found,2048,4674244,4.5 MB,,Unknown,,Review if referenced,Unknown/runtime or unused candidate
Assets/TerrainSampleAssets/Textures/Heightmaps/Rolling_Hills01_Heightmap.tif,2356672,2.2 MB,1081,1081,10,TIFF,Yes,0,0,1,None found,2048,4674244,4.5 MB,,Unknown,,Review if referenced,Unknown/runtime or unused candidate
Assets/DevDen Arch Viz Scotland/Textures/Balcony/balcony/balcony_balcony_metal_Normal.png,2353381,2.2 MB,2048,2048,1,PNG,Yes,1,1,1,WebGL,2048,16777216,16.0 MB,Assets/DevDen Arch Viz Scotland/Materials/balcony/balcony_metal.mat; Assets/HyTeKGames/SRPMaterialConverter/ConvertedMaterials/balcony_metal.mat,Normal map,ReadWrite enabled,Review if referenced,Visual QA required
Assets/Furniture Mega Pack/Textures/Drawer/AtlasTexture_Drawer_DefaultMaterial_Normal.png,2348430,2.2 MB,2048,2048,1,PNG,Unknown,1,0,1,None found,2048,16777216,16.0 MB,Assets/Furniture Mega Pack/Materials/Drawer/mat_Drawer.mat,Normal map,,Review if referenced,Visual QA required
Assets/Furniture Mega Pack/Textures/Tables/Table42/Table42_mat_Table42_AlbedoTransparency.png,2345797,2.2 MB,2048,2048,0,PNG,Unknown,1,0,1,None found,2048,16777216,16.0 MB,Assets/Furniture Mega Pack/Materials/Table/mat_Table42.mat,Unknown,,Review if referenced,Visual QA required
Assets/Furniture Mega Pack/Textures/Chairs/Chair16/Chair16_mat_Chair16_Normal.png,2345720,2.2 MB,2048,2048,1,PNG,Unknown,1,0,1,None found,2048,16777216,16.0 MB,Assets/Furniture Mega Pack/Materials/Chair/mat_Chair16.mat,Normal map,,Review if referenced,Visual QA required
Assets/Furniture Mega Pack/Textures/Tables/Table36/Table36_mat_Table36_MetallicSmoothness.png,2345526,2.2 MB,2048,2048,0,PNG,Yes,1,0,1,None found,2048,16777216,16.0 MB,Assets/Furniture Mega Pack/Materials/Table/mat_Table36.mat,Unknown,,Review if referenced,Visual QA required
Assets/DevDen Arch Viz Scotland/Textures/Environment/inner_wall/inner_wall_pattern_wall_MetallicSmoothness.png,2338154,2.2 MB,2048,2048,0,PNG,Yes,1,1,1,WebGL,2048,16777216,16.0 MB,Assets/DevDen Arch Viz Scotland/Materials/Bed Room/pattern_wall.mat,Unknown,ReadWrite enabled,Review if referenced,Visual QA required
Assets/Furniture Mega Pack/Textures/Tables/Table09/Table09_mat_Table09_MetallicSmoothness.png,2337816,2.2 MB,2048,2048,0,PNG,Yes,1,0,1,None found,2048,16777216,16.0 MB,Assets/Furniture Mega Pack/Materials/Table/mat_Table09.mat,Unknown,,Review if referenced,Visual QA required
Assets/Furniture Mega Pack/Textures/Sofas/Sofa24/Sofa24_mat_Sofa24_AlbedoTransparency.png,2335972,2.2 MB,2048,2048,0,PNG,Unknown,1,0,1,None found,2048,16777216,16.0 MB,Assets/Furniture Mega Pack/Materials/Sofa/mat_Sofa24.mat,Unknown,,Review if referenced,Visual QA required
Assets/DevDen Arch Viz Scotland/Textures/Kitchen Room/kitchen_1/kitchen_switch1_Normal.png,2332249,2.2 MB,2048,2048,1,PNG,Yes,1,1,1,WebGL,2048,16777216,16.0 MB,Assets/DevDen Arch Viz Scotland/Materials/Common/switch1.mat; Assets/DevDen Arch Viz Scotland/Materials/Common/switch2.mat; Assets/HyTeKGames/SRPMaterialConverter/ConvertedMaterials/switch1.mat; Assets/HyTeKGames/SRPMaterialConverter/ConvertedMaterials/switch2.mat,Normal map,ReadWrite enabled,Review if referenced,Visual QA required
Assets/DevDen Arch Viz Scotland/Textures/Bed Room/bedsider/bedsider_bed_sider_AlbedoTransparency.png,2332225,2.2 MB,1331,1331,0,PNG,Yes,1,1,1,WebGL,2048,7086244,6.8 MB,Assets/DevDen Arch Viz Scotland/Materials/Bed Room/bed_sider.mat; Assets/HyTeKGames/SRPMaterialConverter/ConvertedMaterials/bed_sider.mat,Unknown,ReadWrite enabled,Review if referenced,Visual QA required
Assets/Idyllic Italian Coast Town/Textures/M_shopsigns_large_BaseMap.png,2327825,2.2 MB,2048,2048,0,PNG,Unknown,1,0,1,None found,2048,16777216,16.0 MB,Assets/Idyllic Italian Coast Town/Materials/M_shopsigns_large.mat,Unknown,,Review if referenced,Visual QA required
Assets/Furniture Mega Pack/Textures/Tables/Table10/Table10_mat_Table10_MetallicSmoothness.png,2326368,2.2 MB,2048,2048,0,PNG,Yes,1,0,1,None found,2048,16777216,16.0 MB,Assets/Furniture Mega Pack/Materials/Table/mat_Table10.mat,Unknown,,Review if referenced,Visual QA required
Assets/Furniture Mega Pack/Textures/Tables/Table49/Table49_mat_Table49_Normal.png,2306610,2.2 MB,2048,2048,1,PNG,Unknown,1,0,1,None found,2048,16777216,16.0 MB,Assets/Furniture Mega Pack/Materials/Table/mat_Table49.mat,Normal map,,Review if referenced,Visual QA required
Assets/Furniture Mega Pack/Textures/Chairs/Chair48/Chair48_mat_Chair48_AlbedoTransparency.png,2295487,2.2 MB,2048,2048,0,PNG,Unknown,1,0,1,None found,2048,16777216,16.0 MB,Assets/Furniture Mega Pack/Materials/Chair/mat_Chair48.mat,Unknown,,Review if referenced,Visual QA required
Assets/Furniture Mega Pack/Textures/Tables/Table48/Table48_mat_Table48_Normal.png,2279595,2.2 MB,2048,2048,1,PNG,Unknown,1,0,1,None found,2048,16777216,16.0 MB,Assets/Furniture Mega Pack/Materials/Table/mat_Table48.mat,Normal map,,Review if referenced,Visual QA required
Assets/Furniture Mega Pack/Textures/Tables/Table39/Table39_mat_Table39_Normal.png,2276193,2.2 MB,2048,2048,1,PNG,Unknown,1,0,1,None found,2048,16777216,16.0 MB,Assets/Furniture Mega Pack/Materials/Table/mat_Table39.mat,Normal map,,Review if referenced,Visual QA required
Assets/DevDen Arch Viz Scotland/Textures/Environment/Floor Texture/floor mat 1_Normal.png,2272612,2.2 MB,2048,2048,1,PNG,Unknown,1,0,1,None found,2048,16777216,16.0 MB,Assets/DevDen Arch Viz Scotland/Materials/Bed Room/bedroom_floor3.mat; Assets/DevDen Arch Viz Scotland/Materials/Environment/livingroom_floor4.mat; Assets/DevDen Arch Viz Scotland/Materials/balcony/balcony_wood.mat; Assets/HyTeKGames/SRPMaterialConverter/ConvertedMaterials/balcony_wood.mat; Assets/HyTeKGames/SRPMaterialConverter/ConvertedMaterials/bedroom_floor3.mat; Assets/HyTeKGames/SRPMaterialConverter/ConvertedMaterials/livingroom_floor4.mat,Normal map,,Review if referenced,Visual QA required
Assets/Furniture Mega Pack/Textures/Tables/Table32/Table32_mat_Table32_Normal.png,2272376,2.2 MB,2048,2048,1,PNG,Unknown,1,0,1,None found,2048,16777216,16.0 MB,Assets/Furniture Mega Pack/Materials/Table/mat_Table32.mat,Normal map,,Review if referenced,Visual QA required
Assets/DevDen Arch Viz Scotland/Textures/Common/note_pad/note_pad_note_pad_Normal.png,2272259,2.2 MB,2048,2048,1,PNG,Unknown,1,0,1,None found,2048,16777216,16.0 MB,Assets/DevDen Arch Viz Scotland/Materials/Study Room/Notepad.mat; Assets/HyTeKGames/SRPMaterialConverter/ConvertedMaterials/Notepad.mat,Normal map,,Review if referenced,Visual QA required
Assets/Furniture Mega Pack/Textures/Tables/Table29/Table29_mat_Table29_Normal.png,2272222,2.2 MB,2048,2048,1,PNG,Unknown,1,0,1,None found,2048,16777216,16.0 MB,Assets/Furniture Mega Pack/Materials/Table/mat_Table29.mat,Normal map,,Review if referenced,Visual QA required
Assets/Idyllic Italian Coast Town/Textures/M_shopsigns_small_MaskMap.png,2255581,2.2 MB,2048,2048,0,PNG,Yes,1,0,1,None found,2048,16777216,16.0 MB,Assets/Idyllic Italian Coast Town/Materials/M_shopsigns_small.mat,Unknown,,Review if referenced,Visual QA required
Assets/BCaT_assets/Ri/360_images/dining_room.jpg,2253027,2.1 MB,5952,2976,0,JPEG,Unknown,1,0,1,WebGL,2048,70852608,67.6 MB,,Panorama,Large 4096+,P1/P2: downscale/compress or externalize,Unknown/runtime or unused candidate
Assets/Furniture Mega Pack/Textures/Sofas/Sofa12/Sofa12_mat_Sofa12_MetallicSmoothness.png,2252986,2.1 MB,2048,2048,0,PNG,Yes,1,0,1,None found,2048,16777216,16.0 MB,Assets/Furniture Mega Pack/Materials/Sofa/mat_Sofa12.mat,Unknown,,Review if referenced,Visual QA required
Assets/BCAT_GLB_TextureRemediation/generic_tulip_flower/Texture_1 _01.png,2252034,2.1 MB,2048,2048,1,PNG,Yes,1,0,2,WebGL,2048,16777216,16.0 MB,,Unknown,,Review if referenced,Unknown/runtime or unused candidate
Assets/TerrainSampleAssets/Textures/Details/BushDry_Normal.tif,2238032,2.1 MB,1024,1024,1,TIFF,Unknown,1,0,1,None found,2048,4194304,4.0 MB,Assets/TerrainSampleAssets/Materials/BushDry.asset,Normal map,,Review if referenced,Visual QA required
Assets/Furniture Mega Pack/Textures/Chairs/Chair25/Chair25_mat_Chair25_Normal.png,2228921,2.1 MB,2048,2048,1,PNG,Unknown,1,0,1,None found,2048,16777216,16.0 MB,Assets/Furniture Mega Pack/Materials/Chair/mat_Chair25.mat,Normal map,,Review if referenced,Visual QA required
Assets/Furniture Mega Pack/Textures/Tables/Table24/Table24_mat_Table24_MetallicSmoothness.png,2225502,2.1 MB,2048,2048,0,PNG,Yes,1,0,1,None found,2048,16777216,16.0 MB,Assets/Furniture Mega Pack/Materials/Table/mat_Table24.mat,Unknown,,Review if referenced,Visual QA required
Assets/DevDen Arch Viz Scotland/Textures/Kitchen Room/Kettle/kitchan mat 2_kitchan_mat_2_MetallicSmoothness.png,2225061,2.1 MB,2048,2048,0,PNG,Yes,1,0,1,WebGL,2048,16777216,16.0 MB,Assets/DevDen Arch Viz Scotland/Materials/Kitchen Room/kitchan_mat_2.mat,Unknown,,Review if referenced,Visual QA required
Assets/Idyllic Italian Coast Town/Textures/M_asphalt_BaseColor.png,2222190,2.1 MB,1024,1024,0,PNG,Yes,1,0,1,None found,2048,4194304,4.0 MB,Assets/Idyllic Italian Coast Town/Materials/M_asphalt.mat,Unknown,,Review if referenced,Visual QA required
Assets/DevDen Arch Viz Scotland/Textures/Kitchen Room/Mug Holder/Mug Holder_AlbedoTransparency.png,2221284,2.1 MB,2048,2048,0,PNG,Unknown,1,0,1,None found,2048,16777216,16.0 MB,Assets/DevDen Arch Viz Scotland/Materials/Kitchen Room/Mug_Holder_mat.mat; Assets/HyTeKGames/SRPMaterialConverter/ConvertedMaterials/Mug_Holder_mat.mat,Unknown,,Review if referenced,Visual QA required
Assets/Furniture Mega Pack/Textures/Tables/Table09/Table09_mat_Table09_AlbedoTransparency.png,2219647,2.1 MB,2048,2048,0,PNG,Unknown,1,0,1,None found,2048,16777216,16.0 MB,Assets/Furniture Mega Pack/Materials/Table/mat_Table09.mat,Unknown,,Review if referenced,Visual QA required
Assets/BCaT_assets/Ri/360_images/living_room_2.jpg,2213686,2.1 MB,5952,2976,0,JPEG,Unknown,1,0,1,WebGL,2048,70852608,67.6 MB,,Panorama,Large 4096+,P1/P2: downscale/compress or externalize,Unknown/runtime or unused candidate
Assets/DevDen Arch Viz Scotland/Textures/Living Room/sofa_2/sofa_2_01 - Default_MetallicSmoothness.png,2203480,2.1 MB,1638,1638,0,PNG,Yes,1,1,1,WebGL,2048,10732176,10.2 MB,Assets/DevDen Arch Viz Scotland/Materials/Living Room/Sofa Set.mat,Unknown,ReadWrite enabled,Review if referenced,Visual QA required
Assets/Furniture Mega Pack/Textures/Chairs/Chair09/Chair09_mat_Chair09_AlbedoTransparency.png,2185686,2.1 MB,2048,2048,0,PNG,Unknown,1,0,1,None found,2048,16777216,16.0 MB,Assets/Furniture Mega Pack/Materials/Chair/mat_Chair09.mat,Unknown,,Review if referenced,Visual QA required
Assets/DevDen Arch Viz Scotland/Textures/Environment/Floor Texture/floor mat 1_AlbedoTransparency.png,2184564,2.1 MB,1024,1024,0,PNG,Yes,1,0,1,None found,2048,4194304,4.0 MB,Assets/DevDen Arch Viz Scotland/Materials/Bed Room/bedroom_floor3.mat; Assets/DevDen Arch Viz Scotland/Materials/Environment/livingroom_floor4.mat; Assets/DevDen Arch Viz Scotland/Materials/balcony/balcony_wood.mat; Assets/HyTeKGames/SRPMaterialConverter/ConvertedMaterials/balcony_wood.mat; Assets/HyTeKGames/SRPMaterialConverter/ConvertedMaterials/bedroom_floor3.mat; Assets/HyTeKGames/SRPMaterialConverter/ConvertedMaterials/livingroom_floor4.mat,Unknown,,Review if referenced,Visual QA required
Assets/Furniture Mega Pack/Textures/Chairs/Chair28/Chair28_mat_Chair28_MetallicSmoothness.png,2183213,2.1 MB,2048,2048,0,PNG,Yes,1,0,1,None found,2048,16777216,16.0 MB,Assets/Furniture Mega Pack/Materials/Chair/mat_Chair28.mat,Unknown,,Review if referenced,Visual QA required
Assets/DevDen Arch Viz Scotland/Textures/Balcony/balcony_chair/balcony_ chair_balcony_chair1_Normal.png,2178178,2.1 MB,1434,1434,1,PNG,Yes,1,1,1,WebGL,2048,8225424,7.8 MB,Assets/DevDen Arch Viz Scotland/Materials/balcony/balcony_chair1.mat; Assets/HyTeKGames/SRPMaterialConverter/ConvertedMaterials/balcony_chair1.mat,Normal map,ReadWrite enabled,Review if referenced,Visual QA required
Assets/TerrainSampleAssets/Textures/Details/Plant_MaskMap.tif,2173712,2.1 MB,1024,1024,0,TIFF,Unknown,1,0,2,None found,2048,4194304,4.0 MB,Assets/TerrainSampleAssets/Materials/Plant.asset,Unknown,,Review if referenced,Visual QA required
Assets/Furniture Mega Pack/Textures/Cushions/Cushion17_24/Cushion17_24_mat_Cushion17_24_MetallicSmoothness.png,2163889,2.1 MB,2048,2048,0,PNG,Yes,1,0,1,None found,2048,16777216,16.0 MB,Assets/Furniture Mega Pack/Materials/Cushion/mat_Cushion17_24.mat,Unknown,,Review if referenced,Visual QA required
Assets/HyTeKGames/SRPMaterialConverter/ConvertedMaterials/Maps/Chopboard_mat_AO.png,2151751,2.1 MB,2048,2048,0,PNG,Yes,1,0,1,WebGL,2048,16777216,16.0 MB,Assets/HyTeKGames/SRPMaterialConverter/ConvertedMaterials/Chopboard_mat.mat,Unknown,,Review if referenced,Visual QA required
Assets/HyTeKGames/SRPMaterialConverter/ConvertedMaterials/Maps/Chopboard_mat_1_AO.png,2151751,2.1 MB,2048,2048,0,PNG,Yes,1,0,1,WebGL,2048,16777216,16.0 MB,,Unknown,,Review if referenced,Unknown/runtime or unused candidate
Assets/Furniture Mega Pack/Textures/Chairs/Chair09/Chair09_mat_Chair09_MetallicSmoothness.png,2133722,2.0 MB,2048,2048,0,PNG,Yes,1,0,1,None found,2048,16777216,16.0 MB,Assets/Furniture Mega Pack/Materials/Chair/mat_Chair09.mat,Unknown,,Review if referenced,Visual QA required
Assets/DevDen Arch Viz Scotland/Textures/Bed Room/bed/bed_low_bed_sheet_MetallicSmoothness.png,2128743,2.0 MB,1434,1434,0,PNG,Yes,1,1,1,WebGL,2048,8225424,7.8 MB,,Unknown,ReadWrite enabled,Review if referenced,Unknown/runtime or unused candidate
Assets/DevDen Arch Viz Scotland/Textures/Kitchen Room/kitchen_1/kitchen_gold_tap_handle_AO.png,2128265,2.0 MB,2048,2048,0,PNG,Yes,1,1,1,WebGL,2048,16777216,16.0 MB,Assets/DevDen Arch Viz Scotland/Materials/Kitchen Room/gold_tap_handle 1.mat; Assets/DevDen Arch Viz Scotland/Materials/Kitchen Room/gold_tap_handle.mat,Unknown,ReadWrite enabled,Review if referenced,Visual QA required
Assets/DevDen Arch Viz Scotland/Textures/Balcony/balcony_chair/balcony_ chair_balcony_chair1_AlbedoTransparency.png,2124684,2.0 MB,2048,2048,0,PNG,Yes,1,1,1,WebGL,2048,16777216,16.0 MB,Assets/DevDen Arch Viz Scotland/Materials/balcony/balcony_chair1.mat; Assets/HyTeKGames/SRPMaterialConverter/ConvertedMaterials/balcony_chair1.mat,Unknown,ReadWrite enabled,Review if referenced,Visual QA required
Assets/TerrainSampleAssets/Textures/Heightmaps/Mountain06_Heightmap.tif,2120956,2.0 MB,1024,1024,10,TIFF,Yes,0,0,1,None found,2048,4194304,4.0 MB,,Unknown,,Review if referenced,Unknown/runtime or unused candidate
Assets/TerrainSampleAssets/Textures/Heightmaps/Mountain02_Heightmap.tif,2119304,2.0 MB,1024,1024,10,TIFF,Yes,0,0,1,None found,2048,4194304,4.0 MB,,Unknown,,Review if referenced,Unknown/runtime or unused candidate
Assets/TerrainSampleAssets/Textures/Heightmaps/Canyon04_Heightmap.tif,2116256,2.0 MB,1024,1024,10,TIFF,Yes,0,0,1,None found,2048,4194304,4.0 MB,,Unknown,,Review if referenced,Unknown/runtime or unused candidate
Assets/Furniture Mega Pack/Textures/Sofas/Sofa08/Sofa08_mat_Sofa08_MetallicSmoothness.png,2110006,2.0 MB,2048,2048,0,PNG,Yes,1,0,1,None found,2048,16777216,16.0 MB,Assets/Furniture Mega Pack/Materials/Sofa/mat_Sofa08.mat,Unknown,,Review if referenced,Visual QA required
Assets/My_Custom/txtrs/PavingStones119_1K-PNG_Color.png,2109300,2.0 MB,1024,1024,0,PNG,Unknown,1,0,1,WebGL,2048,4194304,4.0 MB,Assets/My_Custom/mtrls/OldPathway.mat; Assets/My_Custom/mtrls/OldStairway.mat,Unknown,,Review if referenced,Visual QA required
Assets/DevDen Arch Viz Scotland/Textures/Bed Room/bed/bed_pillow_1_AlbedoTransparency.png,2104122,2.0 MB,1229,1229,0,PNG,Yes,1,1,1,None found,2048,6041764,5.8 MB,Assets/DevDen Arch Viz Scotland/Materials/Bed Room/pillow_1.mat; Assets/HyTeKGames/SRPMaterialConverter/ConvertedMaterials/pillow_1.mat,Unknown,ReadWrite enabled,Review if referenced,Visual QA required
Assets/DevDen Arch Viz Scotland/Textures/Bathroom/Washing_machine/washingmachine_M_washingmachine_Normal.png,2087997,2.0 MB,1638,1638,1,PNG,Yes,1,1,1,WebGL,2048,10732176,10.2 MB,Assets/DevDen Arch Viz Scotland/Materials/Bathroom/washingMachine.mat; Assets/DevDen Arch Viz Scotland/Materials/Bathroom/washingmachineclosed.mat; Assets/HyTeKGames/SRPMaterialConverter/ConvertedMaterials/washingMachine.mat; Assets/HyTeKGames/SRPMaterialConverter/ConvertedMaterials/washingmachineclosed.mat,Normal map,ReadWrite enabled,Review if referenced,Visual QA required
Assets/DevDen Arch Viz Scotland/Textures/Kitchen Room/kitchen_1/kitchen_glass_AO.png,2079185,2.0 MB,2048,2048,0,PNG,Yes,1,1,1,WebGL,2048,16777216,16.0 MB,Assets/DevDen Arch Viz Scotland/Materials/Kitchen Room/glass.mat,Unknown,ReadWrite enabled,Review if referenced,Visual QA required
Assets/DevDen Arch Viz Scotland/Textures/Environment/inner_wall/inner_wall_pattern_wall_AlbedoTransparency.png,2076892,2.0 MB,2048,2048,0,PNG,Yes,1,1,1,WebGL,2048,16777216,16.0 MB,Assets/DevDen Arch Viz Scotland/Materials/Bed Room/pattern_wall.mat; Assets/HyTeKGames/SRPMaterialConverter/ConvertedMaterials/pattern_wall.mat,Unknown,ReadWrite enabled,Review if referenced,Visual QA required
Assets/BCAT_GLB_TextureRemediation/drone/Texture_3 _01.png,2075038,2.0 MB,2048,2048,0,PNG,Unknown,1,0,2,WebGL,2048,16777216,16.0 MB,,Unknown,,Review if referenced,Unknown/runtime or unused candidate
Assets/Furniture Mega Pack/Textures/Chairs/Chair20/Chair20_mat_Chair20_MetallicSmoothness.png,2071199,2.0 MB,2048,2048,0,PNG,Yes,1,0,1,None found,2048,16777216,16.0 MB,Assets/Furniture Mega Pack/Materials/Chair/mat_Chair20.mat,Unknown,,Review if referenced,Visual QA required
Assets/HyTeKGames/SRPMaterialConverter/ConvertedMaterials/Maps/Knife_Holder_mat_1_AO.png,2070257,2.0 MB,2048,2048,0,PNG,Yes,1,0,1,WebGL,2048,16777216,16.0 MB,,Unknown,,Review if referenced,Unknown/runtime or unused candidate
Assets/HyTeKGames/SRPMaterialConverter/ConvertedMaterials/Maps/Knife_Holder_mat_AO.png,2070257,2.0 MB,2048,2048,0,PNG,Yes,1,0,1,WebGL,2048,16777216,16.0 MB,Assets/HyTeKGames/SRPMaterialConverter/ConvertedMaterials/Knife_Holder_mat.mat,Unknown,,Review if referenced,Visual QA required
Assets/Furniture Mega Pack/Textures/Chairs/Chair05/Chair05_mat_Chair05_MetallicSmoothness.png,2068820,2.0 MB,2048,2048,0,PNG,Yes,1,0,1,None found,2048,16777216,16.0 MB,Assets/Furniture Mega Pack/Materials/Chair/mat_Chair05.mat,Unknown,,Review if referenced,Visual QA required
Assets/Furniture Mega Pack/Textures/Chairs/Chair47/Chair47_mat_Chair47_MetallicSmoothness.png,2067806,2.0 MB,2048,2048,0,PNG,Yes,1,0,1,None found,2048,16777216,16.0 MB,Assets/Furniture Mega Pack/Materials/Chair/mat_Chair47.mat,Unknown,,Review if referenced,Visual QA required
Assets/DevDen Arch Viz Scotland/Textures/Bathroom/towel_2/2_towl_2_AlbedoTransparency.png,2059132,2.0 MB,1331,1331,0,PNG,Yes,1,1,1,WebGL,2048,7086244,6.8 MB,Assets/DevDen Arch Viz Scotland/Materials/Bathroom/towl_2.mat; Assets/HyTeKGames/SRPMaterialConverter/ConvertedMaterials/towl_2.mat,Unknown,ReadWrite enabled,Review if referenced,Visual QA required
Assets/TerrainSampleAssets/Textures/Details/BushDry_BaseColor.tif,2056464,2.0 MB,1024,1024,0,TIFF,Unknown,1,0,2,None found,2048,4194304,4.0 MB,Assets/TerrainSampleAssets/Materials/BushDry.asset,Unknown,,Review if referenced,Visual QA required
Assets/Furniture Mega Pack/Textures/Chairs/Chair21/Chair21_mat_Chair21_MetallicSmoothness.png,2053644,2.0 MB,2048,2048,0,PNG,Yes,1,0,1,None found,2048,16777216,16.0 MB,Assets/Furniture Mega Pack/Materials/Chair/mat_Chair21.mat,Unknown,,Review if referenced,Visual QA required
Assets/Furniture Mega Pack/Textures/Chairs/Chair39/Chair39_mat_Chair39_MetallicSmoothness.png,2052022,2.0 MB,2048,2048,0,PNG,Yes,1,0,1,None found,2048,16777216,16.0 MB,Assets/Furniture Mega Pack/Materials/Chair/mat_Chair39.mat,Unknown,,Review if referenced,Visual QA required
Assets/Furniture Mega Pack/Textures/Tables/Table37/Table37_mat_Table37_AlbedoTransparency.png,2043981,1.9 MB,2048,2048,0,PNG,Unknown,1,0,1,None found,2048,16777216,16.0 MB,Assets/Furniture Mega Pack/Materials/Table/mat_Table37.mat,Unknown,,Review if referenced,Visual QA required
Assets/DevDen Arch Viz Scotland/Textures/Bed Room/bed/bed_bed_coat_AlbedoTransparency.png,2040436,1.9 MB,1229,1229,0,PNG,Yes,1,1,1,None found,2048,6041764,5.8 MB,Assets/DevDen Arch Viz Scotland/Materials/Bed Room/bed_coat.mat; Assets/HyTeKGames/SRPMaterialConverter/ConvertedMaterials/bed_coat.mat,Unknown,ReadWrite enabled,Review if referenced,Visual QA required
Assets/Furniture Mega Pack/Textures/Sofas/Sofa11/Sofa11_mat_Sofa11_MetallicSmoothness.png,2037788,1.9 MB,2048,2048,0,PNG,Yes,1,0,1,None found,2048,16777216,16.0 MB,Assets/Furniture Mega Pack/Materials/Sofa/mat_Sofa11.mat,Unknown,,Review if referenced,Visual QA required
Assets/Furniture Mega Pack/Textures/Sofas/Sofa09/Sofa09_mat_Sofa09_MetallicSmoothness.png,2034270,1.9 MB,2048,2048,0,PNG,Yes,1,0,1,None found,2048,16777216,16.0 MB,Assets/Furniture Mega Pack/Materials/Sofa/mat_Sofa09.mat,Unknown,,Review if referenced,Visual QA required
Assets/DevDen Arch Viz Scotland/Textures/Dining Room/dinning_chair/dinning_chair_diining_chair_wood_Normal.png,2030473,1.9 MB,1638,1638,1,PNG,Yes,1,1,1,WebGL,2048,10732176,10.2 MB,Assets/DevDen Arch Viz Scotland/Materials/Dining Room/diining_chair_wood.mat; Assets/HyTeKGames/SRPMaterialConverter/ConvertedMaterials/diining_chair_wood.mat,Normal map,ReadWrite enabled,Review if referenced,Visual QA required
Assets/Furniture Mega Pack/Textures/Chairs/Chair46/Chair46_mat_Chair46_MetallicSmoothness.png,2024608,1.9 MB,2048,2048,0,PNG,Yes,1,0,1,None found,2048,16777216,16.0 MB,Assets/Furniture Mega Pack/Materials/Chair/mat_Chair46.mat,Unknown,,Review if referenced,Visual QA required
Assets/Furniture Mega Pack/Textures/Sofas/Sofa13/Sofa13_mat_Sofa13_MetallicSmoothness.png,2022774,1.9 MB,2048,2048,0,PNG,Yes,1,0,1,None found,2048,16777216,16.0 MB,Assets/Furniture Mega Pack/Materials/Sofa/mat_Sofa13.mat,Unknown,,Review if referenced,Visual QA required
Assets/Coconut Palm Tree Pack/Textures/Parts/Coconut_Palm_Tree_Branch2_diffuse.psd,2017864,1.9 MB,512,1024,5,PSD,Unknown,1,1,,None found,1024,2097152,2.0 MB,Assets/Coconut Palm Tree Pack/Materials/Parts/Coconut_Palm_Tree_Leaf2.mat,Unknown,ReadWrite enabled,Review if referenced,Visual QA required
Assets/Furniture Mega Pack/Textures/Tables/Table31/Table31_mat_Table31_MetallicSmoothness.png,2012153,1.9 MB,2048,2048,0,PNG,Yes,1,0,1,None found,2048,16777216,16.0 MB,Assets/Furniture Mega Pack/Materials/Table/mat_Table31.mat,Unknown,,Review if referenced,Visual QA required
Assets/DevDen Arch Viz Scotland/Textures/Common/Magazine/magazine.png,2008673,1.9 MB,2048,2048,0,PNG,Unknown,1,0,1,None found,2048,16777216,16.0 MB,Assets/DevDen Arch Viz Scotland/Materials/Common/magazine1.mat; Assets/HyTeKGames/SRPMaterialConverter/ConvertedMaterials/magazine1.mat,Unknown,,Review if referenced,Visual QA required
Assets/Furniture Mega Pack/Textures/Sofas/Sofa35/Sofa35_mat_Sofa35_AlbedoTransparency.png,2008257,1.9 MB,2048,2048,0,PNG,Unknown,1,0,1,None found,2048,16777216,16.0 MB,Assets/Furniture Mega Pack/Materials/Sofa/mat_Sofa35.mat,Unknown,,Review if referenced,Visual QA required
Assets/Furniture Mega Pack/Textures/Chairs/Chair34/Chair34_mat_Chair34_MetallicSmoothness.png,2007113,1.9 MB,2048,2048,0,PNG,Yes,1,0,1,None found,2048,16777216,16.0 MB,Assets/Furniture Mega Pack/Materials/Chair/mat_Chair34.mat,Unknown,,Review if referenced,Visual QA required
Assets/Furniture Mega Pack/Textures/Chairs/Chair35/Chair35_mat_Chair35_MetallicSmoothness.png,2007097,1.9 MB,2048,2048,0,PNG,Yes,1,0,1,None found,2048,16777216,16.0 MB,Assets/Furniture Mega Pack/Materials/Chair/mat_Chair35.mat,Unknown,,Review if referenced,Visual QA required
Assets/DevDen Arch Viz Scotland/Textures/Dining Room/dinning_table/dinning_table_dinning_table_AlbedoTransparency.png,2002824,1.9 MB,1331,1331,0,PNG,Yes,1,1,1,WebGL,2048,7086244,6.8 MB,Assets/DevDen Arch Viz Scotland/Materials/Dining Room/dinning_table.mat; Assets/HyTeKGames/SRPMaterialConverter/ConvertedMaterials/dinning_table.mat,Unknown,ReadWrite enabled,Review if referenced,Visual QA required
Assets/IgniteCoders/Simple Water Shader/Resources/WaterSurface_atlas.tif,2002736,1.9 MB,1024,1024,0,TIFF,Unknown,1,0,1,WebGL,2048,4194304,4.0 MB,Assets/IgniteCoders/Simple Water Shader/Resources/Water_mat_01.mat; Assets/IgniteCoders/Simple Water Shader/Resources/Water_mat_02.mat; Assets/IgniteCoders/Simple Water Shader/Resources/Water_mat_03.mat; Resources folder inclusion,Unknown,,Review if referenced,Visual QA required
Assets/Furniture Mega Pack/Textures/Chairs/Chair24/Chair24_mat_Chair24_MetallicSmoothness.png,1995521,1.9 MB,2048,2048,0,PNG,Yes,1,0,1,None found,2048,16777216,16.0 MB,Assets/Furniture Mega Pack/Materials/Chair/mat_Chair24.mat,Unknown,,Review if referenced,Visual QA required
Assets/Furniture Mega Pack/Textures/Sofas/Sofa34/Sofa34_mat_Sofa34_AlbedoTransparency.png,1994327,1.9 MB,2048,2048,0,PNG,Unknown,1,0,1,None found,2048,16777216,16.0 MB,Assets/Furniture Mega Pack/Materials/Sofa/mat_Sofa34.mat,Unknown,,Review if referenced,Visual QA required
Assets/BCaT_assets/BTMMP_Workstation_Assembly/spray-paint-bottle-2/textures/normal.jpg,1985517,1.9 MB,4096,4096,0,JPEG,Unknown,1,0,1,WebGL,2048,67108864,64.0 MB,,Normal map,Large 4096+,P1/P2: downscale/compress or externalize,Unknown/runtime or unused candidate
Assets/DevDen Arch Viz Scotland/Textures/Environment/inner_wall/inner_wall_livingroom_floor4_AlbedoTransparency.png,1982897,1.9 MB,1024,1024,0,PNG,Yes,1,1,1,WebGL,2048,4194304,4.0 MB,,Unknown,ReadWrite enabled,Review if referenced,Unknown/runtime or unused candidate
Assets/DevDen Arch Viz Scotland/Textures/Balcony/balcony_mat/balcony_mat_balcony_mat1_AlbedoTransparency.png,1982836,1.9 MB,1434,1434,0,PNG,Yes,1,1,1,WebGL,2048,8225424,7.8 MB,Assets/DevDen Arch Viz Scotland/Materials/balcony/balcony_mat1.mat; Assets/HyTeKGames/SRPMaterialConverter/ConvertedMaterials/balcony_mat1.mat,Unknown,ReadWrite enabled,Review if referenced,Visual QA required
Assets/DevDen Arch Viz Scotland/Textures/Common/note_pad/note_pad_note_pad_AlbedoTransparency.png,1980002,1.9 MB,2048,2048,0,PNG,Unknown,1,0,1,None found,2048,16777216,16.0 MB,Assets/DevDen Arch Viz Scotland/Materials/Study Room/Notepad.mat; Assets/HyTeKGames/SRPMaterialConverter/ConvertedMaterials/Notepad.mat,Normal map,,Review if referenced,Visual QA required
Assets/Furniture Mega Pack/Textures/Tables/Table37/Table37_mat_Table37_MetallicSmoothness.png,1964415,1.9 MB,2048,2048,0,PNG,Yes,1,0,1,None found,2048,16777216,16.0 MB,Assets/Furniture Mega Pack/Materials/Table/mat_Table37.mat,Unknown,,Review if referenced,Visual QA required
Assets/Furniture Mega Pack/Textures/Tables/Table42/Table42_mat_Table42_MetallicSmoothness.png,1963018,1.9 MB,2048,2048,0,PNG,Yes,1,0,1,None found,2048,16777216,16.0 MB,Assets/Furniture Mega Pack/Materials/Table/mat_Table42.mat,Unknown,,Review if referenced,Visual QA required
Assets/Furniture Mega Pack/Textures/Tables/Table17/Table17_mat_Table17_MetallicSmoothness.png,1959541,1.9 MB,2048,2048,0,PNG,Yes,1,0,1,None found,2048,16777216,16.0 MB,Assets/Furniture Mega Pack/Materials/Table/mat_Table17.mat,Unknown,,Review if referenced,Visual QA required
Assets/SubstanceAssets/LittleGamesPack/Textures/CardsAndTables/CardsAndTables_Height.png,1959148,1.9 MB,4096,4096,0,PNG,Yes,1,0,1,WebGL,2048,67108864,64.0 MB,Assets/SubstanceAssets/LittleGamesPack/Materials/CardsAndTables.mat,Unknown,Large 4096+,P1/P2: downscale/compress or externalize,Visual QA required
Assets/HyTeKGames/SRPMaterialConverter/ConvertedMaterials/Maps/DrainerNew_1_AO.png,1954760,1.9 MB,2048,2048,0,PNG,Yes,1,0,1,WebGL,2048,16777216,16.0 MB,,Unknown,,Review if referenced,Unknown/runtime or unused candidate
Assets/HyTeKGames/SRPMaterialConverter/ConvertedMaterials/Maps/DrainerNew_AO.png,1954760,1.9 MB,2048,2048,0,PNG,Yes,1,0,1,WebGL,2048,16777216,16.0 MB,Assets/HyTeKGames/SRPMaterialConverter/ConvertedMaterials/DrainerNew.mat,Unknown,,Review if referenced,Visual QA required
Assets/DevDen Arch Viz Scotland/Textures/Study Room/imac/Imac_imac_AlbedoTransparency_emission.png,1952400,1.9 MB,2048,2048,0,PNG,Unknown,1,0,1,None found,2048,16777216,16.0 MB,Assets/DevDen Arch Viz Scotland/Materials/Study Room/imac.mat; Assets/HyTeKGames/SRPMaterialConverter/ConvertedMaterials/imac.mat,Unknown,,Review if referenced,Visual QA required
Assets/Idyllic Italian Coast Town/Textures/M_brickwall_plaster_Normal.png,1944823,1.9 MB,1024,1024,1,PNG,Unknown,1,0,1,None found,2048,4194304,4.0 MB,Assets/Idyllic Italian Coast Town/Materials/M_brickwall 1.mat,Normal map,,Review if referenced,Visual QA required
Assets/Furniture Mega Pack/Textures/Closet/AtlasTexture_Closet_MetallicSmoothness.png,1941861,1.9 MB,2048,2048,0,PNG,Yes,1,0,1,None found,2048,16777216,16.0 MB,Assets/Furniture Mega Pack/Materials/Closet/mat_Closet.mat,Unknown,,Review if referenced,Visual QA required
Assets/Furniture Mega Pack/Textures/Chairs/Chair24/Chair24_mat_Chair24_AlbedoTransparency.png,1939646,1.8 MB,2048,2048,0,PNG,Unknown,1,0,1,None found,2048,16777216,16.0 MB,Assets/Furniture Mega Pack/Materials/Chair/mat_Chair24.mat,Unknown,,Review if referenced,Visual QA required
Assets/TerrainSampleAssets/Textures/Details/Grass_A_BaseColor.tif,1938408,1.8 MB,1024,1024,0,TIFF,Unknown,1,0,2,WebGL,2048,4194304,4.0 MB,Assets/TerrainSampleAssets/Materials/Grass.asset,Unknown,,Review if referenced,Visual QA required
Assets/Furniture Mega Pack/Textures/Chairs/Chair37/Chair37_mat_Chair37_MetallicSmoothness.png,1934302,1.8 MB,2048,2048,0,PNG,Yes,1,0,1,None found,2048,16777216,16.0 MB,Assets/Furniture Mega Pack/Materials/Chair/mat_Chair37.mat,Unknown,,Review if referenced,Visual QA required
Assets/Furniture Mega Pack/Textures/Chairs/Chair01/Chair01_mat_Chair01_MetallicSmoothness.png,1930951,1.8 MB,2048,2048,0,PNG,Yes,1,0,1,None found,2048,16777216,16.0 MB,Assets/Furniture Mega Pack/Materials/Chair/mat_Chair01.mat,Unknown,,Review if referenced,Visual QA required
Assets/Coconut Palm Tree Pack/Textures/Parts/Coconut_Palm_Bark2_normal.tif,1924258,1.8 MB,512,1024,5,TIFF,Unknown,1,1,,None found,1024,2097152,2.0 MB,Assets/Coconut Palm Tree Pack/Materials/Parts/Coconut_Palm_Tree_Bark2.mat,Normal map,ReadWrite enabled,Review if referenced,Visual QA required
Assets/Idyllic Italian Coast Town/Textures/M_chairs_BaseMap.png,1922253,1.8 MB,2048,2048,0,PNG,Unknown,1,0,1,None found,2048,16777216,16.0 MB,Assets/Idyllic Italian Coast Town/Materials/M_chairs.mat,Unknown,,Review if referenced,Visual QA required
Assets/DevDen Arch Viz Scotland/Textures/Environment/inner_wall/inner_wall_bedroom_floor3_AlbedoTransparency.png,1916969,1.8 MB,1434,1434,0,PNG,Yes,1,1,1,WebGL,2048,8225424,7.8 MB,,Unknown,ReadWrite enabled,Review if referenced,Unknown/runtime or unused candidate
Assets/DevDen Arch Viz Scotland/Textures/Dining Room/dinning_table/dinning_table_dinning_table_MetallicSmoothness.png,1911126,1.8 MB,2048,2048,0,PNG,Yes,1,1,1,WebGL,2048,16777216,16.0 MB,Assets/DevDen Arch Viz Scotland/Materials/Dining Room/dinning_table.mat,Unknown,ReadWrite enabled,Review if referenced,Visual QA required
Assets/Furniture Mega Pack/Textures/Chairs/Chair25/Chair25_mat_Chair25_AlbedoTransparency.png,1909881,1.8 MB,2048,2048,0,PNG,Unknown,1,0,1,None found,2048,16777216,16.0 MB,Assets/Furniture Mega Pack/Materials/Chair/mat_Chair25.mat,Unknown,,Review if referenced,Visual QA required
Assets/Furniture Mega Pack/Textures/Tables/Table29/Table29_mat_Table29_MetallicSmoothness.png,1907327,1.8 MB,2048,2048,0,PNG,Yes,1,0,1,None found,2048,16777216,16.0 MB,Assets/Furniture Mega Pack/Materials/Table/mat_Table29.mat,Unknown,,Review if referenced,Visual QA required
Assets/Furniture Mega Pack/Textures/Chairs/Chair08/Chair08_mat_Chair08_MetallicSmoothness.png,1907260,1.8 MB,2048,2048,0,PNG,Yes,1,0,1,None found,2048,16777216,16.0 MB,Assets/Furniture Mega Pack/Materials/Chair/mat_Chair08.mat,Unknown,,Review if referenced,Visual QA required
Assets/Furniture Mega Pack/Textures/Tables/Table38/Table38_mat_Table38_MetallicSmoothness.png,1906818,1.8 MB,2048,2048,0,PNG,Yes,1,0,1,None found,2048,16777216,16.0 MB,Assets/Furniture Mega Pack/Materials/Table/mat_Table38.mat,Unknown,,Review if referenced,Visual QA required
Assets/DevDen Arch Viz Scotland/Textures/Bed Room/bed/bed_bed_coat_MetallicSmoothness.png,1904079,1.8 MB,1434,1434,0,PNG,Yes,1,1,1,WebGL,2048,8225424,7.8 MB,Assets/DevDen Arch Viz Scotland/Materials/Bed Room/bed_coat.mat,Unknown,ReadWrite enabled,Review if referenced,Visual QA required
Assets/DevDen Arch Viz Scotland/Textures/Kitchen Room/side_piece/side_piece_white_wood_AO.png,1900348,1.8 MB,2048,2048,0,PNG,Yes,1,1,1,WebGL,2048,16777216,16.0 MB,Assets/DevDen Arch Viz Scotland/Materials/Kitchen Room/white_wood.mat,Unknown,ReadWrite enabled,Review if referenced,Visual QA required
Assets/DevDen Arch Viz Scotland/Textures/Bed Room/bed/bed_pillow_1_MetallicSmoothness.png,1896252,1.8 MB,1434,1434,0,PNG,Yes,1,1,1,WebGL,2048,8225424,7.8 MB,Assets/DevDen Arch Viz Scotland/Materials/Bed Room/pillow_1.mat,Unknown,ReadWrite enabled,Review if referenced,Visual QA required
Assets/TerrainSampleAssets/Textures/Details/Heather_A_BaseColor.tif,1894236,1.8 MB,1024,1024,0,TIFF,Unknown,1,0,2,None found,2048,4194304,4.0 MB,Assets/TerrainSampleAssets/Materials/Heather.asset,Unknown,,Review if referenced,Visual QA required
Assets/DevDen Arch Viz Scotland/Textures/Kitchen Room/TOASTER/toaster_toaster_AlbedoTransparency.png,1894074,1.8 MB,2048,2048,0,PNG,Yes,1,1,1,WebGL,2048,16777216,16.0 MB,Assets/DevDen Arch Viz Scotland/Materials/Kitchen Room/toasterNew.mat; Assets/HyTeKGames/SRPMaterialConverter/ConvertedMaterials/toasterNew.mat,Unknown,ReadWrite enabled,Review if referenced,Visual QA required
Assets/DevDen Arch Viz Scotland/Textures/Bathroom/MetalDryer/dry_M_metaldryer_AO.png,1892317,1.8 MB,4096,4096,0,PNG,Yes,1,1,1,WebGL,2048,67108864,64.0 MB,Assets/DevDen Arch Viz Scotland/Materials/Bathroom/metaldryer.mat,Unknown,Large 4096+; ReadWrite enabled,P1/P2: downscale/compress or externalize,Visual QA required
Assets/DevDen Arch Viz Scotland/Textures/Dining Room/dinning_chair/dinning_chair_dinning_chair_cusion_Normal.png,1887075,1.8 MB,1229,1229,1,PNG,Yes,1,1,1,WebGL,2048,6041764,5.8 MB,Assets/DevDen Arch Viz Scotland/Materials/Dining Room/dinning_chair_cusion.mat; Assets/HyTeKGames/SRPMaterialConverter/ConvertedMaterials/dinning_chair_cusion.mat,Normal map,ReadWrite enabled,Review if referenced,Visual QA required
Assets/DevDen Arch Viz Scotland/Textures/Bathroom/MetalDryer/dry_M_metaldryer_Normal.png,1884304,1.8 MB,1761,1761,1,PNG,Yes,1,1,1,WebGL,2048,12404484,11.8 MB,Assets/DevDen Arch Viz Scotland/Materials/Bathroom/metaldryer.mat,Normal map,ReadWrite enabled,Review if referenced,Visual QA required
Assets/Furniture Mega Pack/Textures/Chairs/Chair49/Chair49_mat_Chair49_MetallicSmoothness.png,1884063,1.8 MB,2048,2048,0,PNG,Yes,1,0,1,None found,2048,16777216,16.0 MB,Assets/Furniture Mega Pack/Materials/Chair/mat_Chair49.mat,Unknown,,Review if referenced,Visual QA required
Assets/DevDen Arch Viz Scotland/Textures/Bed Room/bed/bed_bed_coat_Normal.png,1876068,1.8 MB,1024,1024,1,PNG,Yes,1,1,1,WebGL,2048,4194304,4.0 MB,Assets/DevDen Arch Viz Scotland/Materials/Bed Room/bed_coat.mat; Assets/HyTeKGames/SRPMaterialConverter/ConvertedMaterials/bed_coat.mat,Normal map,ReadWrite enabled,Review if referenced,Visual QA required
Assets/Furniture Mega Pack/Textures/Tables/Table47/Table47_mat_Table47_MetallicSmoothness.png,1867825,1.8 MB,2048,2048,0,PNG,Yes,1,0,1,None found,2048,16777216,16.0 MB,Assets/Furniture Mega Pack/Materials/Table/mat_Table47.mat,Unknown,,Review if referenced,Visual QA required
Assets/TerrainSampleAssets/Textures/Details/Bush_A_MaskMap.tif,1867232,1.8 MB,1024,1024,0,TIFF,Unknown,1,0,2,None found,2048,4194304,4.0 MB,Assets/TerrainSampleAssets/Materials/Bush.asset,Unknown,,Review if referenced,Visual QA required
Assets/DevDen Arch Viz Scotland/Textures/Kitchen Room/kitchen_1/kitchen_plastic_AO.png,1858428,1.8 MB,2048,2048,0,PNG,Yes,1,1,1,WebGL,2048,16777216,16.0 MB,,Unknown,ReadWrite enabled,Review if referenced,Unknown/runtime or unused candidate
Assets/DevDen Arch Viz Scotland/Textures/Living Room/sofa_2/sofa_2_01 - Default_AO.png,1857745,1.8 MB,1638,1638,0,PNG,Yes,1,1,1,WebGL,2048,10732176,10.2 MB,Assets/DevDen Arch Viz Scotland/Materials/Living Room/Sofa Set.mat,Unknown,ReadWrite enabled,Review if referenced,Visual QA required
Assets/Furniture Mega Pack/Textures/Tables/Table26/Table26_mat_Table26_MetallicSmoothness.png,1857308,1.8 MB,2048,2048,0,PNG,Yes,1,0,1,None found,2048,16777216,16.0 MB,Assets/Furniture Mega Pack/Materials/Table/mat_Table26.mat,Unknown,,Review if referenced,Visual QA required
Assets/Furniture Mega Pack/Textures/Sofas/Sofa22/Sofa22_mat_Sofa22_MetallicSmoothness.png,1857203,1.8 MB,2048,2048,0,PNG,Yes,1,0,1,None found,2048,16777216,16.0 MB,Assets/Furniture Mega Pack/Materials/Sofa/mat_Sofa22.mat,Unknown,,Review if referenced,Visual QA required
Assets/Idyllic Italian Coast Town/Textures/M_wall_plaster_Normal.png,1855863,1.8 MB,1024,1024,1,PNG,Yes,1,0,1,None found,2048,4194304,4.0 MB,Assets/Idyllic Italian Coast Town/Materials/M_wall_plaster 10.mat; Assets/Idyllic Italian Coast Town/Materials/M_wall_plaster 3.mat; Assets/Idyllic Italian Coast Town/Materials/M_wall_plaster 4.mat; Assets/Idyllic Italian Coast Town/Materials/M_wall_plaster 5.mat; Assets/Idyllic Italian Coast Town/Materials/M_wall_plaster 6.mat; Assets/Idyllic Italian Coast Town/Materials/M_wall_plaster 7.mat; Assets/Idyllic Italian Coast Town/Materials/M_wall_plaster 8.mat; Assets/Idyllic Italian Coast Town/Materials/M_wall_plaster 9.mat; Assets/Idyllic Italian Coast Town/Materials/M_wall_plaster.mat,Normal map,,Review if referenced,Visual QA required
Assets/DevDen Arch Viz Scotland/Textures/Living Room/sofa_2/sofa_2_01 - Default_AlbedoTransparency.png,1854457,1.8 MB,1638,1638,0,PNG,Yes,1,1,1,WebGL,2048,10732176,10.2 MB,Assets/DevDen Arch Viz Scotland/Materials/Living Room/Sofa Set.mat; Assets/HyTeKGames/SRPMaterialConverter/ConvertedMaterials/Sofa Set.mat,Unknown,ReadWrite enabled,Review if referenced,Visual QA required
Assets/DevDen Arch Viz Scotland/Textures/Bed Room/bed/bed_low_bed_sheet_Normal.png,1846115,1.8 MB,1024,1024,1,PNG,Yes,1,1,1,WebGL,2048,4194304,4.0 MB,Assets/DevDen Arch Viz Scotland/Materials/Bed Room/bed_sheet.mat; Assets/HyTeKGames/SRPMaterialConverter/ConvertedMaterials/bed_sheet.mat,Normal map,ReadWrite enabled,Review if referenced,Visual QA required
Assets/Furniture Mega Pack/Textures/Chairs/Chair04/Chair04_mat_Chair04_MetallicSmoothness.png,1837139,1.8 MB,2048,2048,0,PNG,Yes,1,0,1,None found,2048,16777216,16.0 MB,Assets/Furniture Mega Pack/Materials/Chair/mat_Chair04.mat,Unknown,,Review if referenced,Visual QA required
Assets/DevDen Arch Viz Scotland/Textures/Bathroom/towel_2/2_toilet_wood_1_AlbedoTransparency.png,1836465,1.8 MB,1331,1331,0,PNG,Yes,1,1,1,WebGL,2048,7086244,6.8 MB,Assets/DevDen Arch Viz Scotland/Materials/Bathroom/toilet_wood_1.mat; Assets/HyTeKGames/SRPMaterialConverter/ConvertedMaterials/toilet_wood_1.mat,Unknown,ReadWrite enabled,Review if referenced,Visual QA required
Assets/DevDen Arch Viz Scotland/Textures/Balcony/balcony_mat/balcony_mat_balcony_mat1_Normal.png,1834288,1.7 MB,1024,1024,1,PNG,Yes,1,1,1,WebGL,2048,4194304,4.0 MB,Assets/DevDen Arch Viz Scotland/Materials/balcony/balcony_mat1.mat; Assets/HyTeKGames/SRPMaterialConverter/ConvertedMaterials/balcony_mat1.mat,Normal map,ReadWrite enabled,Review if referenced,Visual QA required
Assets/Furniture Mega Pack/Textures/Chairs/Chair32/Chair32_mat_Chair32_AlbedoTransparency.png,1823013,1.7 MB,2048,2048,0,PNG,Unknown,1,0,1,None found,2048,16777216,16.0 MB,Assets/Furniture Mega Pack/Materials/Chair/mat_Chair32.mat,Unknown,,Review if referenced,Visual QA required
Assets/DevDen Arch Viz Scotland/Textures/Living Room/chair_2/chair_5_n.png,1822452,1.7 MB,1331,1331,1,PNG,Yes,1,0,1,None found,2048,7086244,6.8 MB,Assets/DevDen Arch Viz Scotland/Materials/Living Room/chair_2.mat; Assets/HyTeKGames/SRPMaterialConverter/ConvertedMaterials/chair_2.mat,Normal map,,Review if referenced,Visual QA required
Assets/TerrainSampleAssets/Textures/Details/Grass_C_MaskMap.tif,1817748,1.7 MB,1024,1024,0,TIFF,Unknown,1,0,2,None found,2048,4194304,4.0 MB,Assets/TerrainSampleAssets/Materials/Grass_C.asset,Unknown,,Review if referenced,Visual QA required
Assets/DevDen Arch Viz Scotland/Textures/Bed Room/bedsider/bedsider_bed_sider_MetallicSmoothness.png,1813518,1.7 MB,1536,1536,0,PNG,Yes,1,1,1,WebGL,2048,9437184,9.0 MB,Assets/DevDen Arch Viz Scotland/Materials/Bed Room/bed_sider.mat,Unknown,ReadWrite enabled,Review if referenced,Visual QA required
Assets/DevDen Arch Viz Scotland/Textures/Bed Room/bed/bed_bed_Normal.png,1806986,1.7 MB,1434,1434,1,PNG,Yes,1,1,1,WebGL,2048,8225424,7.8 MB,Assets/DevDen Arch Viz Scotland/Materials/Bed Room/bed.mat; Assets/HyTeKGames/SRPMaterialConverter/ConvertedMaterials/bed.mat,Normal map,ReadWrite enabled,Review if referenced,Visual QA required
Assets/Furniture Mega Pack/Textures/Chairs/Chair27/Chair27_mat_Chair27_MetallicSmoothness.png,1804356,1.7 MB,2048,2048,0,PNG,Yes,1,0,1,None found,2048,16777216,16.0 MB,Assets/Furniture Mega Pack/Materials/Chair/mat_Chair27.mat,Unknown,,Review if referenced,Visual QA required
Assets/Furniture Mega Pack/Textures/Cushions/Cushion25_28/Cushion25_28_mat_Cushion25_28_MetallicSmoothness.png,1804059,1.7 MB,2048,2048,0,PNG,Yes,1,0,1,None found,2048,16777216,16.0 MB,Assets/Furniture Mega Pack/Materials/Cushion/mat_Cushion25_28.mat,Unknown,,Review if referenced,Visual QA required
Assets/Idyllic Italian Coast Town/Textures/M_cliff_rocks_BaseMap.png,1799824,1.7 MB,1024,1024,0,PNG,Yes,1,0,1,None found,2048,4194304,4.0 MB,,Unknown,,Review if referenced,Unknown/runtime or unused candidate
Assets/TerrainSampleAssets/Textures/Details/Grass_C_Normal.tif,1796564,1.7 MB,1024,1024,1,TIFF,Unknown,1,0,1,None found,2048,4194304,4.0 MB,Assets/TerrainSampleAssets/Materials/Grass_C.asset,Normal map,,Review if referenced,Visual QA required
Assets/Furniture Mega Pack/Textures/Cushions/Cushion09_16/Cushion09_16_mat_Cushion09_16_MetallicSmoothness.png,1789814,1.7 MB,2048,2048,0,PNG,Yes,1,0,1,None found,2048,16777216,16.0 MB,Assets/Furniture Mega Pack/Materials/Cushion/mat_Cushion09_16.mat,Unknown,,Review if referenced,Visual QA required
Assets/Furniture Mega Pack/Textures/Chairs/Chair07/Chair07_mat_Chair07_AlbedoTransparency.png,1781983,1.7 MB,2048,2048,0,PNG,Unknown,1,0,1,None found,2048,16777216,16.0 MB,Assets/Furniture Mega Pack/Materials/Chair/mat_Chair07.mat,Unknown,,Review if referenced,Visual QA required
Assets/DevDen Arch Viz Scotland/Textures/Bathroom/bathroom_wall/bathroom_wall_phong1_AlbedoTransparency.png,1780370,1.7 MB,1024,1024,0,PNG,Yes,1,1,1,WebGL,2048,4194304,4.0 MB,Assets/DevDen Arch Viz Scotland/Materials/Bathroom/phong1.mat; Assets/HyTeKGames/SRPMaterialConverter/ConvertedMaterials/phong1.mat,Unknown,ReadWrite enabled,Review if referenced,Visual QA required
Assets/My_Custom/txtrs/Grass007_1K-JPG_Color.jpg,1767495,1.7 MB,1024,1024,0,JPEG,Unknown,1,0,1,WebGL,2048,4194304,4.0 MB,Assets/My_Custom/mtrls/Grass.mat,Unknown,,Review if referenced,Visual QA required
Assets/DevDen Arch Viz Scotland/Textures/Bathroom/towel_2/2_towl_2_Normal.png,1765553,1.7 MB,819,819,1,PNG,Yes,1,1,1,WebGL,2048,2683044,2.6 MB,Assets/DevDen Arch Viz Scotland/Materials/Bathroom/towl_2.mat; Assets/HyTeKGames/SRPMaterialConverter/ConvertedMaterials/towl_2.mat,Normal map,ReadWrite enabled,Review if referenced,Visual QA required
Assets/Animated Tropical Vegetation/Textures/palm_tree_3_bark_normal.png,1765514,1.7 MB,1024,1024,1,PNG,Unknown,1,0,1,None found,2048,4194304,4.0 MB,Assets/Animated Tropical Vegetation/Materials/palm_tree_3_bark.mat,Normal map,,Review if referenced,Visual QA required
Assets/DevDen Arch Viz Scotland/Scenes/ArchViz/Lightmap-0_comp_dir.png,1762838,1.7 MB,2048,2048,12,PNG,Yes,1,0,2,None found,2048,16777216,16.0 MB,,Lightmap/baked lighting,,Review if referenced,Unknown/runtime or unused candidate
Assets/Furniture Mega Pack/Textures/Tables/Table32/Table32_mat_Table32_MetallicSmoothness.png,1748402,1.7 MB,2048,2048,0,PNG,Yes,1,0,1,None found,2048,16777216,16.0 MB,Assets/Furniture Mega Pack/Materials/Table/mat_Table32.mat,Unknown,,Review if referenced,Visual QA required
Assets/HyTeKGames/SRPMaterialConverter/ConvertedMaterials/Maps/table1_AO.png,1745905,1.7 MB,2048,2048,0,PNG,Yes,1,0,1,WebGL,2048,16777216,16.0 MB,Assets/HyTeKGames/SRPMaterialConverter/ConvertedMaterials/table1.mat,Unknown,,Review if referenced,Visual QA required
Assets/HyTeKGames/SRPMaterialConverter/ConvertedMaterials/Maps/table1_1_AO.png,1745905,1.7 MB,2048,2048,0,PNG,Yes,1,0,1,WebGL,2048,16777216,16.0 MB,,Unknown,,Review if referenced,Unknown/runtime or unused candidate
Assets/DevDen Arch Viz Scotland/Textures/Kitchen Room/Chopboard/Chopboard_AO.png,1742086,1.7 MB,2048,2048,0,PNG,Unknown,1,0,1,None found,2048,16777216,16.0 MB,Assets/DevDen Arch Viz Scotland/Materials/Kitchen Room/Chopboard_mat.mat,Unknown,,Review if referenced,Visual QA required
Assets/Furniture Mega Pack/Textures/Sofas/Sofa03/Sofa03_mat_Sofa03_MetallicSmoothness.png,1730368,1.7 MB,2048,2048,0,PNG,Yes,1,0,1,None found,2048,16777216,16.0 MB,Assets/Furniture Mega Pack/Materials/Sofa/mat_Sofa03.mat,Unknown,,Review if referenced,Visual QA required
Assets/DevDen Arch Viz Scotland/Textures/Bathroom/towel_2/2_toilet_wood_1_Normal.png,1723786,1.6 MB,1024,1024,1,PNG,Yes,1,1,1,WebGL,2048,4194304,4.0 MB,Assets/DevDen Arch Viz Scotland/Materials/Bathroom/toilet_wood_1.mat; Assets/HyTeKGames/SRPMaterialConverter/ConvertedMaterials/toilet_wood_1.mat,Normal map,ReadWrite enabled,Review if referenced,Visual QA required
Assets/Furniture Mega Pack/Textures/Sofas/Sofa28/Sofa28_mat_Sofa28_MetallicSmoothness.png,1723090,1.6 MB,2048,2048,0,PNG,Yes,1,0,1,None found,2048,16777216,16.0 MB,Assets/Furniture Mega Pack/Materials/Sofa/mat_Sofa28.mat,Unknown,,Review if referenced,Visual QA required
Assets/DevDen Arch Viz Scotland/Textures/Bathroom/Toilet_wood/3_toilet_wood1_AlbedoTransparency.png,1720147,1.6 MB,1331,1331,0,PNG,Yes,1,1,1,WebGL,2048,7086244,6.8 MB,Assets/DevDen Arch Viz Scotland/Materials/Bathroom/toilet_wood1.mat; Assets/HyTeKGames/SRPMaterialConverter/ConvertedMaterials/toilet_wood1.mat,Unknown,ReadWrite enabled,Review if referenced,Visual QA required
Assets/DevDen Arch Viz Scotland/Textures/Kitchen Room/Knife Holder/Knife Holder_AO.png,1712542,1.6 MB,2048,2048,0,PNG,Unknown,1,0,1,None found,2048,16777216,16.0 MB,Assets/DevDen Arch Viz Scotland/Materials/Kitchen Room/Knife_Holder_mat.mat,Unknown,,Review if referenced,Visual QA required
Assets/Furniture Mega Pack/Textures/Tables/Table41/Table41_mat_Table41_AlbedoTransparency.png,1709582,1.6 MB,2048,2048,0,PNG,Unknown,1,0,1,None found,2048,16777216,16.0 MB,Assets/Furniture Mega Pack/Materials/Table/mat_Table41.mat,Unknown,,Review if referenced,Visual QA required
Assets/Furniture Mega Pack/Textures/Sofas/Sofa06/Sofa06_mat_Sofa06_MetallicSmoothness.png,1709112,1.6 MB,2048,2048,0,PNG,Yes,1,0,1,None found,2048,16777216,16.0 MB,Assets/Furniture Mega Pack/Materials/Sofa/mat_Sofa06.mat,Unknown,,Review if referenced,Visual QA required
Assets/DevDen Arch Viz Scotland/Textures/Bed Room/bed/bed_low_bed_sheet_AlbedoTransparency.png,1707778,1.6 MB,1024,1024,0,PNG,Yes,1,1,1,None found,2048,4194304,4.0 MB,Assets/DevDen Arch Viz Scotland/Materials/Bed Room/bed_sheet.mat; Assets/HyTeKGames/SRPMaterialConverter/ConvertedMaterials/bed_sheet.mat,Unknown,ReadWrite enabled,Review if referenced,Visual QA required
Assets/Samples/XR Interaction Toolkit/3.3.1/Starter Assets/DemoSceneAssets/Textures/Concrete_Normal.tif,1707440,1.6 MB,1024,1024,1,TIFF,Unknown,1,0,1,None found,2048,4194304,4.0 MB,Assets/Samples/XR Interaction Toolkit/3.3.1/Starter Assets/Materials/Interactable.mat,Normal map,,Review if referenced,Visual QA required
Assets/DevDen Arch Viz Scotland/Textures/Environment/Floor Texture/floor mat 1_MetallicSmoothness.png,1705949,1.6 MB,2048,2048,0,PNG,Yes,1,0,1,None found,2048,16777216,16.0 MB,Assets/DevDen Arch Viz Scotland/Materials/Bed Room/bedroom_floor3.mat; Assets/DevDen Arch Viz Scotland/Materials/Environment/livingroom_floor4.mat; Assets/DevDen Arch Viz Scotland/Materials/balcony/balcony_wood.mat,Unknown,,Review if referenced,Visual QA required
Assets/HyTeKGames/SRPMaterialConverter/ConvertedMaterials/Maps/green_wood_2_1_AO.png,1701303,1.6 MB,2048,2048,0,PNG,Yes,1,0,1,WebGL,2048,16777216,16.0 MB,,Unknown,,Review if referenced,Unknown/runtime or unused candidate
Assets/HyTeKGames/SRPMaterialConverter/ConvertedMaterials/Maps/green_wood_2_AO.png,1701303,1.6 MB,2048,2048,0,PNG,Yes,1,0,1,WebGL,2048,16777216,16.0 MB,Assets/HyTeKGames/SRPMaterialConverter/ConvertedMaterials/green_wood_2.mat,Unknown,,Review if referenced,Visual QA required
Assets/DevDen Arch Viz Scotland/Textures/Bathroom/Toilet_wood/3_toilet_wood1_Normal.png,1695685,1.6 MB,1024,1024,1,PNG,Yes,1,1,1,WebGL,2048,4194304,4.0 MB,Assets/DevDen Arch Viz Scotland/Materials/Bathroom/toilet_wood1.mat; Assets/HyTeKGames/SRPMaterialConverter/ConvertedMaterials/toilet_wood1.mat,Normal map,ReadWrite enabled,Review if referenced,Visual QA required
Assets/picture-frame/textures/pictureframe.png,1692975,1.6 MB,2048,2048,0,PNG,Unknown,1,0,1,WebGL,2048,16777216,16.0 MB,,Unknown,,Review if referenced,Unknown/runtime or unused candidate
Assets/BCaT_assets/BlackParlors/Assets/picture-frame/textures/pictureframe.png,1692975,1.6 MB,2048,2048,0,PNG,Unknown,1,0,1,WebGL,2048,16777216,16.0 MB,,Unknown,,Review if referenced,Unknown/runtime or unused candidate
Assets/Furniture Mega Pack/Textures/Sofas/Sofa17/Sofa17_mat_Sofa17_MetallicSmoothness.png,1689056,1.6 MB,2048,2048,0,PNG,Yes,1,0,1,None found,2048,16777216,16.0 MB,Assets/Furniture Mega Pack/Materials/Sofa/mat_Sofa17.mat,Unknown,,Review if referenced,Visual QA required
Assets/Furniture Mega Pack/Textures/Tables/Table49/Table49_mat_Table49_AlbedoTransparency.png,1683912,1.6 MB,2048,2048,0,PNG,Unknown,1,0,1,None found,2048,16777216,16.0 MB,Assets/Furniture Mega Pack/Materials/Table/mat_Table49.mat,Unknown,,Review if referenced,Visual QA required
Assets/Furniture Mega Pack/Textures/Bed/BedFrame/AtlasTexture_BedFrame_AtlasTexture_BedFrame_MetallicSmoothness.png,1683128,1.6 MB,2048,2048,0,PNG,Yes,1,0,1,None found,2048,16777216,16.0 MB,Assets/Furniture Mega Pack/Materials/Bed/mat_BedFrame.mat,Unknown,,Review if referenced,Visual QA required
Assets/BCAT_GLB_TextureRemediation/dishwasher/Texture_2 _02.png,1682613,1.6 MB,4096,4096,1,PNG,Yes,1,0,2,WebGL,2048,67108864,64.0 MB,,Unknown,Large 4096+,P1/P2: downscale/compress or externalize,Unknown/runtime or unused candidate
Assets/Furniture Mega Pack/Textures/Chairs/Chair49/Chair49_mat_Chair49_AlbedoTransparency.png,1682339,1.6 MB,2048,2048,0,PNG,Unknown,1,0,1,None found,2048,16777216,16.0 MB,Assets/Furniture Mega Pack/Materials/Chair/mat_Chair49.mat,Unknown,,Review if referenced,Visual QA required
Assets/DevDen Arch Viz Scotland/Textures/Bed Room/bed/bed_bed_AlbedoTransparency.png,1680973,1.6 MB,1434,1434,0,PNG,Yes,1,1,1,None found,2048,8225424,7.8 MB,Assets/DevDen Arch Viz Scotland/Materials/Bed Room/bed.mat; Assets/HyTeKGames/SRPMaterialConverter/ConvertedMaterials/bed.mat,Unknown,ReadWrite enabled,Review if referenced,Visual QA required
Assets/DevDen Arch Viz Scotland/Textures/Dining Room/dinning_table/dinning_table_dinning_table_Normal.png,1680618,1.6 MB,1638,1638,1,PNG,Yes,1,1,1,WebGL,2048,10732176,10.2 MB,Assets/DevDen Arch Viz Scotland/Materials/Dining Room/dinning_table.mat; Assets/HyTeKGames/SRPMaterialConverter/ConvertedMaterials/dinning_table.mat,Normal map,ReadWrite enabled,Review if referenced,Visual QA required
Assets/HyTeKGames/SRPMaterialConverter/ConvertedMaterials/Maps/Mug_Holder_mat_1_AO.png,1668979,1.6 MB,2048,2048,0,PNG,Yes,1,0,1,WebGL,2048,16777216,16.0 MB,,Unknown,,Review if referenced,Unknown/runtime or unused candidate
Assets/HyTeKGames/SRPMaterialConverter/ConvertedMaterials/Maps/Mug_Holder_mat_AO.png,1668979,1.6 MB,2048,2048,0,PNG,Yes,1,0,1,WebGL,2048,16777216,16.0 MB,Assets/HyTeKGames/SRPMaterialConverter/ConvertedMaterials/Mug_Holder_mat.mat,Unknown,,Review if referenced,Visual QA required
Assets/DevDen Arch Viz Scotland/Textures/Study Room/table/Study Table_AO.png,1660237,1.6 MB,2048,2048,0,PNG,Unknown,1,0,1,None found,2048,16777216,16.0 MB,Assets/DevDen Arch Viz Scotland/Materials/Study Room/table1.mat,Unknown,,Review if referenced,Visual QA required
Assets/Furniture Mega Pack/Textures/Chairs/Chair04/Chair04_mat_Chair04_AlbedoTransparency.png,1659666,1.6 MB,2048,2048,0,PNG,Unknown,1,0,1,None found,2048,16777216,16.0 MB,Assets/Furniture Mega Pack/Materials/Chair/mat_Chair04.mat,Unknown,,Review if referenced,Visual QA required
Assets/DevDen Arch Viz Scotland/Textures/Kitchen Room/kitchen_1/kitchen_steel_AO.png,1651480,1.6 MB,2048,2048,0,PNG,Yes,1,1,1,WebGL,2048,16777216,16.0 MB,Assets/DevDen Arch Viz Scotland/Materials/Kitchen Room/steel.mat,Unknown,ReadWrite enabled,Review if referenced,Visual QA required
Assets/Furniture Mega Pack/Textures/Sofas/Sofa19/Sofa19_mat_Sofa19_MetallicSmoothness.png,1648131,1.6 MB,2048,2048,0,PNG,Yes,1,0,1,None found,2048,16777216,16.0 MB,Assets/Furniture Mega Pack/Materials/Sofa/mat_Sofa19.mat,Unknown,,Review if referenced,Visual QA required
Assets/Furniture Mega Pack/Textures/Chairs/Chair15/Chair15_mat_Chair15_MetallicSmoothness.png,1647999,1.6 MB,2048,2048,0,PNG,Yes,1,0,1,None found,2048,16777216,16.0 MB,Assets/Furniture Mega Pack/Materials/Chair/mat_Chair15.mat,Unknown,,Review if referenced,Visual QA required
Assets/Furniture Mega Pack/Textures/Tables/Table41/Table41_mat_Table41_MetallicSmoothness.png,1646667,1.6 MB,2048,2048,0,PNG,Yes,1,0,1,None found,2048,16777216,16.0 MB,Assets/Furniture Mega Pack/Materials/Table/mat_Table41.mat,Unknown,,Review if referenced,Visual QA required
Assets/Furniture Mega Pack/Textures/Chairs/Chair03/Chair03_mat_Chair03_MetallicSmoothness.png,1645359,1.6 MB,2048,2048,0,PNG,Yes,1,0,1,None found,2048,16777216,16.0 MB,Assets/Furniture Mega Pack/Materials/Chair/mat_Chair03.mat,Unknown,,Review if referenced,Visual QA required
Assets/HyTeKGames/SRPMaterialConverter/ConvertedMaterials/Maps/gold_tap_handle_AO.png,1643662,1.6 MB,2048,2048,0,PNG,Yes,1,0,1,WebGL,2048,16777216,16.0 MB,Assets/HyTeKGames/SRPMaterialConverter/ConvertedMaterials/gold_tap_handle.mat,Unknown,,Review if referenced,Visual QA required
Assets/HyTeKGames/SRPMaterialConverter/ConvertedMaterials/Maps/gold_tap_handle_3_AO.png,1643662,1.6 MB,2048,2048,0,PNG,Yes,1,0,1,WebGL,2048,16777216,16.0 MB,,Unknown,,Review if referenced,Unknown/runtime or unused candidate
Assets/HyTeKGames/SRPMaterialConverter/ConvertedMaterials/Maps/gold_tap_handle 1_AO.png,1639590,1.6 MB,2048,2048,0,PNG,Yes,1,0,1,WebGL,2048,16777216,16.0 MB,Assets/HyTeKGames/SRPMaterialConverter/ConvertedMaterials/gold_tap_handle 1.mat,Unknown,,Review if referenced,Visual QA required
Assets/HyTeKGames/SRPMaterialConverter/ConvertedMaterials/Maps/gold_tap_handle 1_1_AO.png,1639590,1.6 MB,2048,2048,0,PNG,Yes,1,0,1,WebGL,2048,16777216,16.0 MB,,Unknown,,Review if referenced,Unknown/runtime or unused candidate
Assets/DevDen Arch Viz Scotland/Textures/Bed Room/dressing_mirror/dresing_mirror_dressing_mirror1_MetallicSmoothness.png,1639501,1.6 MB,2048,2048,0,PNG,Yes,1,1,1,WebGL,2048,16777216,16.0 MB,Assets/DevDen Arch Viz Scotland/Materials/Bed Room/dressing_mirror1.mat,Unknown,ReadWrite enabled,Review if referenced,Visual QA required
Assets/Furniture Mega Pack/Textures/Sofas/Sofa24/Sofa24_mat_Sofa24_MetallicSmoothness.png,1634040,1.6 MB,2048,2048,0,PNG,Yes,1,0,1,None found,2048,16777216,16.0 MB,Assets/Furniture Mega Pack/Materials/Sofa/mat_Sofa24.mat,Unknown,,Review if referenced,Visual QA required
Assets/DevDen Arch Viz Scotland/Textures/Bathroom/Washing_machine/washingmachine_M_washingmachine_MetallicSmoothness.png,1633860,1.6 MB,2048,2048,0,PNG,Yes,1,1,1,WebGL,2048,16777216,16.0 MB,Assets/DevDen Arch Viz Scotland/Materials/Bathroom/washingMachine.mat; Assets/DevDen Arch Viz Scotland/Materials/Bathroom/washingmachineclosed.mat,Unknown,ReadWrite enabled,Review if referenced,Visual QA required
Assets/TerrainSampleAssets/Textures/Details/Grass_C_BaseColor.tif,1632764,1.6 MB,1024,1024,0,TIFF,Unknown,1,0,2,None found,2048,4194304,4.0 MB,Assets/TerrainSampleAssets/Materials/Grass_C.asset,Unknown,,Review if referenced,Visual QA required
Assets/DevDen Arch Viz Scotland/Textures/Common/AirConditioner/airconditioner_DefaultMaterial_AlbedoTransparency.png,1632206,1.6 MB,2048,2048,0,PNG,Yes,1,1,1,None found,2048,16777216,16.0 MB,Assets/DevDen Arch Viz Scotland/Materials/Common/Air Conditioner.mat; Assets/HyTeKGames/SRPMaterialConverter/ConvertedMaterials/Air Conditioner.mat,Unknown,ReadWrite enabled,Review if referenced,Visual QA required
Assets/Furniture Mega Pack/Textures/Sofas/Sofa26/Sofa26_mat_Sofa26_MetallicSmoothness.png,1629058,1.6 MB,2048,2048,0,PNG,Yes,1,0,1,None found,2048,16777216,16.0 MB,Assets/Furniture Mega Pack/Materials/Sofa/mat_Sofa26.mat,Unknown,,Review if referenced,Visual QA required
Assets/Furniture Mega Pack/Textures/Sofas/Sofa07/Sofa07_mat_Sofa07_MetallicSmoothness.png,1625005,1.5 MB,2048,2048,0,PNG,Yes,1,0,1,None found,2048,16777216,16.0 MB,Assets/Furniture Mega Pack/Materials/Sofa/mat_Sofa07.mat,Unknown,,Review if referenced,Visual QA required
Assets/Idyllic Italian Coast Town/Textures/M_wallbricks_yellow_01.png,1621666,1.5 MB,1024,1024,1,PNG,Unknown,1,0,1,None found,2048,4194304,4.0 MB,Assets/Idyllic Italian Coast Town/Materials/M_wall_plaster 2.mat,Unknown,,Review if referenced,Visual QA required
Assets/Furniture Mega Pack/Textures/Bed/Mattress/AtlasTexture_Mattress_DefaultMaterial_MetallicSmoothness.png,1621187,1.5 MB,2048,2048,0,PNG,Yes,1,0,1,None found,2048,16777216,16.0 MB,Assets/Furniture Mega Pack/Materials/Bathroom/mat_Bathroom.mat; Assets/Furniture Mega Pack/Materials/Bed/mat_Mattress.mat,Unknown,,Review if referenced,Visual QA required
Assets/DevDen Arch Viz Scotland/Textures/Common/Plate/plate_1_plate_1_Normal.png,1621058,1.5 MB,2048,2048,1,PNG,Yes,1,0,1,None found,2048,16777216,16.0 MB,Assets/DevDen Arch Viz Scotland/Materials/Common/plate.mat; Assets/HyTeKGames/SRPMaterialConverter/ConvertedMaterials/plate.mat,Normal map,,Review if referenced,Visual QA required
Assets/TerrainSampleAssets/Textures/Details/Bush_A_BaseColor.tif,1618296,1.5 MB,1024,1024,0,TIFF,Unknown,1,0,1,None found,2048,4194304,4.0 MB,Assets/TerrainSampleAssets/Materials/Bush.asset,Unknown,,Review if referenced,Visual QA required
Assets/DevDen Arch Viz Scotland/Textures/Living Room/sofa_2/sofa_2_01 - Default_Normal.png,1617708,1.5 MB,1024,1024,1,PNG,Yes,1,1,1,WebGL,2048,4194304,4.0 MB,Assets/DevDen Arch Viz Scotland/Materials/Living Room/Sofa Set.mat; Assets/HyTeKGames/SRPMaterialConverter/ConvertedMaterials/Sofa Set.mat,Normal map,ReadWrite enabled,Review if referenced,Visual QA required
Assets/Furniture Mega Pack/Textures/Sofas/Sofa27/Sofa27_mat_Sofa27_MetallicSmoothness.png,1614106,1.5 MB,2048,2048,0,PNG,Yes,1,0,1,None found,2048,16777216,16.0 MB,Assets/Furniture Mega Pack/Materials/Sofa/mat_Sofa27.mat,Unknown,,Review if referenced,Visual QA required
Assets/Idyllic Italian Coast Town/Textures/M_wallbricks_red_01.png,1610855,1.5 MB,1024,1024,1,PNG,Unknown,1,0,1,None found,2048,4194304,4.0 MB,Assets/Idyllic Italian Coast Town/Materials/M_wall_plaster 1.mat,Unknown,,Review if referenced,Visual QA required
Assets/Animated Tropical Vegetation/Textures/palm_tree_3_bark_color.png,1607430,1.5 MB,1024,1024,0,PNG,Unknown,1,0,1,None found,2048,4194304,4.0 MB,Assets/Animated Tropical Vegetation/Materials/palm_tree_3_bark.mat,Unknown,,Review if referenced,Visual QA required
Assets/Furniture Mega Pack/Textures/Sofas/Sofa29/Sofa29_mat_Sofa29_MetallicSmoothness.png,1605824,1.5 MB,2048,2048,0,PNG,Yes,1,0,1,None found,2048,16777216,16.0 MB,Assets/Furniture Mega Pack/Materials/Sofa/mat_Sofa29.mat,Unknown,,Review if referenced,Visual QA required
Assets/Coconut Palm Tree Pack/Textures/Parts/Coconut_Palm_Bark1_diffuse.psd,1604144,1.5 MB,512,512,-1,PSD,Yes,1,0,,None found,1024,1048576,1.0 MB,Assets/Coconut Palm Tree Pack/Materials/Parts/Coconut_Palm_Tree_Bark1.mat,Unknown,,Review if referenced,Visual QA required
Assets/Furniture Mega Pack/Textures/Bathroom/AtlasTexture_BathroomCollection_BathroomCollection_MetallicSmoothness.png,1604071,1.5 MB,2048,2048,0,PNG,Yes,1,0,1,None found,2048,16777216,16.0 MB,Assets/Furniture Mega Pack/Materials/Bathroom/mat_Bathroom.mat,Unknown,,Review if referenced,Visual QA required
Assets/My_Custom/txtrs/122_fine plaster painted wall texture-seamless.jpg,1601135,1.5 MB,1300,867,0,JPEG,Unknown,1,0,1,WebGL,2048,4508400,4.3 MB,Assets/My_Custom/mtrls/Blue_Wall.mat,Unknown,,Review if referenced,Visual QA required
Assets/DevDen Arch Viz Scotland/Textures/Bed Room/bedside_carpet/carpet_carpet_AlbedoTransparency.png,1599153,1.5 MB,2048,2048,0,PNG,Yes,1,1,1,WebGL,2048,16777216,16.0 MB,Assets/DevDen Arch Viz Scotland/Materials/Bed Room/carpet.mat; Assets/HyTeKGames/SRPMaterialConverter/ConvertedMaterials/carpet.mat,Unknown,ReadWrite enabled,Review if referenced,Visual QA required
Assets/BCaT_assets/BTMMP_Workstation_Assembly/spray-paint-bottle-2/textures/diffuse.jpg,1590799,1.5 MB,4096,4096,0,JPEG,Unknown,1,0,1,WebGL,2048,67108864,64.0 MB,,Unknown,Large 4096+,P1/P2: downscale/compress or externalize,Unknown/runtime or unused candidate
Assets/Furniture Mega Pack/Textures/Chairs/Chair50/Chair50_mat_Chair50_MetallicSmoothness.png,1584627,1.5 MB,2048,2048,0,PNG,Yes,1,0,1,None found,2048,16777216,16.0 MB,Assets/Furniture Mega Pack/Materials/Chair/mat_Chair50.mat,Unknown,,Review if referenced,Visual QA required
Assets/Furniture Mega Pack/Textures/Sofas/Sofa23/Sofa23_mat_Sofa23_MetallicSmoothness.png,1583612,1.5 MB,2048,2048,0,PNG,Yes,1,0,1,None found,2048,16777216,16.0 MB,Assets/Furniture Mega Pack/Materials/Sofa/mat_Sofa23.mat,Unknown,,Review if referenced,Visual QA required
Assets/Furniture Mega Pack/Textures/Chairs/Chair11/Chair11_mat_Chair11_MetallicSmoothness.png,1574200,1.5 MB,2048,2048,0,PNG,Yes,1,0,1,None found,2048,16777216,16.0 MB,Assets/Furniture Mega Pack/Materials/Chair/mat_Chair11.mat,Unknown,,Review if referenced,Visual QA required
Assets/Furniture Mega Pack/Textures/Sofas/Sofa16/Sofa16_mat_Sofa16_MetallicSmoothness.png,1564548,1.5 MB,2048,2048,0,PNG,Yes,1,0,1,None found,2048,16777216,16.0 MB,Assets/Furniture Mega Pack/Materials/Sofa/mat_Sofa16.mat,Unknown,,Review if referenced,Visual QA required
Assets/DevDen Arch Viz Scotland/Textures/Bed Room/bed/bed_pillow_1_Normal.png,1559363,1.5 MB,1024,1024,1,PNG,Yes,1,1,1,WebGL,2048,4194304,4.0 MB,Assets/DevDen Arch Viz Scotland/Materials/Bed Room/pillow_1.mat; Assets/HyTeKGames/SRPMaterialConverter/ConvertedMaterials/pillow_1.mat,Normal map,ReadWrite enabled,Review if referenced,Visual QA required
Assets/Furniture Mega Pack/Textures/Tables/Table32/Table32_mat_Table32_AlbedoTransparency.png,1558927,1.5 MB,2048,2048,0,PNG,Unknown,1,0,1,None found,2048,16777216,16.0 MB,Assets/Furniture Mega Pack/Materials/Table/mat_Table32.mat,Unknown,,Review if referenced,Visual QA required
Assets/DevDen Arch Viz Scotland/Textures/Bed Room/foto_frame_2/Painting_Small_C_Paintings_House_Normal.png,1558606,1.5 MB,1843,1843,1,PNG,Yes,1,1,1,WebGL,2048,13586596,13.0 MB,Assets/DevDen Arch Viz Scotland/Materials/Bed Room/Paintings_House.mat; Assets/HyTeKGames/SRPMaterialConverter/ConvertedMaterials/Paintings_House.mat,Normal map,ReadWrite enabled,Review if referenced,Visual QA required
Assets/DevDen Arch Viz Scotland/Textures/Bed Room/FOTO_FRAME_4/Painting_StandPhoto_C_Paintings_House_Normal.png,1556504,1.5 MB,1843,1843,1,PNG,Yes,1,1,1,WebGL,2048,13586596,13.0 MB,Assets/DevDen Arch Viz Scotland/Materials/Bed Room/Paintings_House_1.mat; Assets/HyTeKGames/SRPMaterialConverter/ConvertedMaterials/Paintings_House_1.mat,Normal map,ReadWrite enabled,Review if referenced,Visual QA required
Assets/DevDen Arch Viz Scotland/Textures/Bed Room/foto_frame_3/Painting_StandPhoto_A_Paintings_House_Normal.png,1556346,1.5 MB,1843,1843,1,PNG,Yes,1,1,1,WebGL,2048,13586596,13.0 MB,Assets/DevDen Arch Viz Scotland/Materials/Bed Room/Paintings_House_2.mat; Assets/HyTeKGames/SRPMaterialConverter/ConvertedMaterials/Paintings_House_2.mat,Normal map,ReadWrite enabled,Review if referenced,Visual QA required
Assets/Furniture Mega Pack/Textures/Cushions/Cushion01_08/Cushion01_08_mat_Cushion01_08_AlbedoTransparency.png,1550685,1.5 MB,2048,2048,0,PNG,Unknown,1,0,1,None found,2048,16777216,16.0 MB,Assets/Furniture Mega Pack/Materials/Cushion/mat_Cushion01_08.mat,Unknown,,Review if referenced,Visual QA required
Assets/DevDen Arch Viz Scotland/Textures/Dining Room/food_cloth/tablemat_1.1_Normal.png,1526080,1.5 MB,1024,1024,1,PNG,Yes,1,0,1,None found,2048,4194304,4.0 MB,Assets/DevDen Arch Viz Scotland/Materials/Dining Room/Table Mat.mat; Assets/HyTeKGames/SRPMaterialConverter/ConvertedMaterials/Table Mat.mat,Normal map,,Review if referenced,Visual QA required
Assets/DevDen Arch Viz Scotland/Textures/Common/Interior_props/CommonCeramic02_NM.png,1519274,1.4 MB,1024,1024,1,PNG,Yes,1,1,1,None found,2048,4194304,4.0 MB,Assets/DevDen Arch Viz Scotland/Materials/Bed Room/CommonCeramic02Biege.mat; Assets/HyTeKGames/SRPMaterialConverter/ConvertedMaterials/CommonCeramic02Biege.mat,Normal map,ReadWrite enabled,Review if referenced,Visual QA required
Assets/DevDen Arch Viz Scotland/Textures/Kitchen Room/kitchen_1/kitchen_chimini_AO.png,1513597,1.4 MB,2048,2048,0,PNG,Yes,1,1,1,WebGL,2048,16777216,16.0 MB,Assets/DevDen Arch Viz Scotland/Materials/Kitchen Room/chimini.mat,Unknown,ReadWrite enabled,Review if referenced,Visual QA required
Assets/Furniture Mega Pack/Textures/Sofas/Sofa21/Sofa21_mat_Sofa21_MetallicSmoothness.png,1500726,1.4 MB,2048,2048,0,PNG,Yes,1,0,1,None found,2048,16777216,16.0 MB,Assets/Furniture Mega Pack/Materials/Sofa/mat_Sofa21.mat,Unknown,,Review if referenced,Visual QA required
Assets/Furniture Mega Pack/Textures/Chairs/Chair45/Chair45_mat_Chair45_MetallicSmoothness.png,1490366,1.4 MB,2048,2048,0,PNG,Yes,1,0,1,None found,2048,16777216,16.0 MB,Assets/Furniture Mega Pack/Materials/Chair/mat_Chair45.mat,Unknown,,Review if referenced,Visual QA required
Assets/DevDen Arch Viz Scotland/Textures/Bathroom/MetalDryer/dry_M_metaldryer_MetallicSmoothness.png,1487834,1.4 MB,1229,1229,0,PNG,Yes,1,1,1,WebGL,2048,6041764,5.8 MB,Assets/DevDen Arch Viz Scotland/Materials/Bathroom/metaldryer.mat,Unknown,ReadWrite enabled,Review if referenced,Visual QA required
Assets/Furniture Mega Pack/Textures/Sofas/Sofa04/Sofa04_mat_Sofa04_MetallicSmoothness.png,1486003,1.4 MB,2048,2048,0,PNG,Yes,1,0,1,None found,2048,16777216,16.0 MB,Assets/Furniture Mega Pack/Materials/Sofa/mat_Sofa04.mat,Unknown,,Review if referenced,Visual QA required
Assets/Furniture Mega Pack/Textures/Chairs/Chair30/Chair30_mat_Chair30_MetallicSmoothness.png,1485378,1.4 MB,2048,2048,0,PNG,Yes,1,0,1,None found,2048,16777216,16.0 MB,Assets/Furniture Mega Pack/Materials/Chair/mat_Chair30.mat,Unknown,,Review if referenced,Visual QA required
Assets/Furniture Mega Pack/Textures/Sofas/Sofa25/Sofa25_mat_Sofa25_MetallicSmoothness.png,1483661,1.4 MB,2048,2048,0,PNG,Yes,1,0,1,None found,2048,16777216,16.0 MB,Assets/Furniture Mega Pack/Materials/Sofa/mat_Sofa25.mat,Unknown,,Review if referenced,Visual QA required
Assets/Furniture Mega Pack/Textures/Chairs/Chair26/Chair26_mat_Chair26_MetallicSmoothness.png,1481375,1.4 MB,2048,2048,0,PNG,Yes,1,0,1,None found,2048,16777216,16.0 MB,Assets/Furniture Mega Pack/Materials/Chair/mat_Chair26.mat,Unknown,,Review if referenced,Visual QA required
Assets/Furniture Mega Pack/Textures/Sofas/Sofa18/Sofa18_mat_Sofa18_MetallicSmoothness.png,1480243,1.4 MB,2048,2048,0,PNG,Yes,1,0,1,None found,2048,16777216,16.0 MB,Assets/Furniture Mega Pack/Materials/Sofa/mat_Sofa18.mat,Unknown,,Review if referenced,Visual QA required
Assets/DevDen Arch Viz Scotland/Textures/Bathroom/TolPaper/tolpaper_DefaultMaterial_Normal.png,1476685,1.4 MB,1024,1024,1,PNG,Yes,1,1,1,WebGL,2048,4194304,4.0 MB,Assets/DevDen Arch Viz Scotland/Materials/Bathroom/tolpaper.mat; Assets/HyTeKGames/SRPMaterialConverter/ConvertedMaterials/tolpaper.mat,Normal map,ReadWrite enabled,Review if referenced,Visual QA required
Assets/DevDen Arch Viz Scotland/Textures/Kitchen Room/kitchen_1/kitchen_granite_AlbedoTransparency.png,1474669,1.4 MB,2048,2048,0,PNG,Yes,1,1,1,WebGL,2048,16777216,16.0 MB,Assets/DevDen Arch Viz Scotland/Materials/Kitchen Room/granite.mat; Assets/HyTeKGames/SRPMaterialConverter/ConvertedMaterials/granite.mat,Unknown,ReadWrite enabled,Review if referenced,Visual QA required
Assets/Furniture Mega Pack/Textures/Tables/Table14/Table14_mat_Table14_MetallicSmoothness.png,1473490,1.4 MB,2048,2048,0,PNG,Yes,1,0,1,None found,2048,16777216,16.0 MB,Assets/Furniture Mega Pack/Materials/Table/mat_Table14.mat,Unknown,,Review if referenced,Visual QA required
Assets/Animated Tropical Vegetation/Textures/dead_tree_bark_normal.png,1469356,1.4 MB,1024,1024,1,PNG,Unknown,1,0,1,None found,2048,4194304,4.0 MB,Assets/Animated Tropical Vegetation/Materials/dead_tree_bark.mat,Normal map,,Review if referenced,Visual QA required
Assets/DevDen Arch Viz Scotland/Textures/Bed Room/bedside_table/bedside_table_bedside_AlbedoTransparency.png,1458738,1.4 MB,1024,1024,0,PNG,Yes,1,1,1,WebGL,2048,4194304,4.0 MB,Assets/DevDen Arch Viz Scotland/Materials/Bed Room/bedroom_wood_side_table.mat; Assets/HyTeKGames/SRPMaterialConverter/ConvertedMaterials/bedroom_wood_side_table.mat,Unknown,ReadWrite enabled,Review if referenced,Visual QA required
Assets/Furniture Mega Pack/Textures/Sofas/Sofa20/Sofa20_mat_Sofa20_MetallicSmoothness.png,1452721,1.4 MB,2048,2048,0,PNG,Yes,1,0,1,None found,2048,16777216,16.0 MB,Assets/Furniture Mega Pack/Materials/Sofa/mat_Sofa20.mat,Unknown,,Review if referenced,Visual QA required
Assets/DevDen Arch Viz Scotland/Textures/Kitchen Room/fridge_2/frifge_gold_tap_handle_AO.png,1452370,1.4 MB,2048,2048,0,PNG,Yes,1,1,1,WebGL,2048,16777216,16.0 MB,Assets/DevDen Arch Viz Scotland/Materials/Kitchen Room/gold_tap_handle_1.mat; Assets/DevDen Arch Viz Scotland/Materials/Kitchen Room/gold_tap_handle_2.mat,Unknown,ReadWrite enabled,Review if referenced,Visual QA required
Assets/DevDen Arch Viz Scotland/Textures/Balcony/flower_pot/flower_pot_1_plant_pot_AlbedoTransparency.png,1450955,1.4 MB,1024,1024,0,PNG,Yes,1,0,1,None found,2048,4194304,4.0 MB,Assets/DevDen Arch Viz Scotland/Materials/balcony/plant_pot.mat; Assets/HyTeKGames/SRPMaterialConverter/ConvertedMaterials/plant_pot.mat,Unknown,,Review if referenced,Visual QA required
Assets/Coconut Palm Tree Pack/Textures/Parts/Coconut_Palm_Tree_Branch1_diffuse.psd,1450017,1.4 MB,256,1024,5,PSD,Unknown,1,1,,None found,1024,1048576,1.0 MB,Assets/Coconut Palm Tree Pack/Materials/Parts/Coconut_Palm_Tree_Leaf1.mat,Unknown,ReadWrite enabled,Review if referenced,Visual QA required
Assets/Furniture Mega Pack/Textures/Tables/Table18/Table18_mat_Table18_MetallicSmoothness.png,1441436,1.4 MB,2048,2048,0,PNG,Yes,1,0,1,None found,2048,16777216,16.0 MB,Assets/Furniture Mega Pack/Materials/Table/mat_Table18.mat,Unknown,,Review if referenced,Visual QA required
Assets/TerrainSampleAssets/Textures/Details/Heather_A_MaskMap.tif,1434952,1.4 MB,1024,1024,0,TIFF,Unknown,1,0,2,None found,2048,4194304,4.0 MB,Assets/TerrainSampleAssets/Materials/Heather.asset,Unknown,,Review if referenced,Visual QA required
Assets/Furniture Mega Pack/Textures/Chairs/Chair13/Chair13_mat_Chair13_MetallicSmoothness.png,1424845,1.4 MB,2048,2048,0,PNG,Yes,1,0,1,None found,2048,16777216,16.0 MB,Assets/Furniture Mega Pack/Materials/Chair/mat_Chair13.mat,Unknown,,Review if referenced,Visual QA required
Assets/Furniture Mega Pack/Textures/Chairs/Chair33/Chair33_mat_Chair33_MetallicSmoothness.png,1423946,1.4 MB,2048,2048,0,PNG,Yes,1,0,1,None found,2048,16777216,16.0 MB,Assets/Furniture Mega Pack/Materials/Chair/mat_Chair33.mat,Unknown,,Review if referenced,Visual QA required
Assets/BCaT_assets/BTMMP_Workstation_Assembly/camera-canon-eos-400d/textures/Camara_Low_V2_lambert3_BaseColor.png,1422749,1.4 MB,4096,4096,0,PNG,Yes,1,0,1,WebGL,2048,67108864,64.0 MB,,Unknown,Large 4096+,P1/P2: downscale/compress or externalize,Unknown/runtime or unused candidate
Assets/Idyllic Italian Coast Town/Textures/M_clothtable_Normal.png,1421979,1.4 MB,1024,1024,1,PNG,Unknown,1,0,1,None found,2048,4194304,4.0 MB,Assets/Idyllic Italian Coast Town/Materials/M_clothtable 1.mat; Assets/Idyllic Italian Coast Town/Materials/M_clothtable 2.mat; Assets/Idyllic Italian Coast Town/Materials/M_clothtable 3.mat; Assets/Idyllic Italian Coast Town/Materials/M_clothtable.mat,Normal map,,Review if referenced,Visual QA required
Assets/DevDen Arch Viz Scotland/Textures/Bed Room/bedsider/bedsider_bed_sider_Normal.png,1417750,1.4 MB,819,819,1,PNG,Yes,1,1,1,WebGL,2048,2683044,2.6 MB,Assets/DevDen Arch Viz Scotland/Materials/Bed Room/bed_sider.mat; Assets/HyTeKGames/SRPMaterialConverter/ConvertedMaterials/bed_sider.mat,Normal map,ReadWrite enabled,Review if referenced,Visual QA required
Assets/Furniture Mega Pack/Textures/Sofas/Sofa32/Sofa32_mat_Sofa32_MetallicSmoothness.png,1416400,1.4 MB,2048,2048,0,PNG,Yes,1,0,1,None found,2048,16777216,16.0 MB,Assets/Furniture Mega Pack/Materials/Sofa/mat_Sofa32.mat,Unknown,,Review if referenced,Visual QA required
Assets/Idyllic Italian Coast Town/Textures/M_rooftiles_roman_tiling_BaseColor.png,1413663,1.3 MB,1024,1024,0,PNG,Unknown,1,0,1,None found,2048,4194304,4.0 MB,Assets/Idyllic Italian Coast Town/Materials/M_rooftexture.mat,Unknown,,Review if referenced,Visual QA required
Assets/DevDen Arch Viz Scotland/Textures/Kitchen Room/Mug Holder/Mug Holder_AO.png,1412238,1.3 MB,2048,2048,0,PNG,Unknown,1,0,1,None found,2048,16777216,16.0 MB,Assets/DevDen Arch Viz Scotland/Materials/Kitchen Room/Mug_Holder_mat.mat,Unknown,,Review if referenced,Visual QA required
Assets/DevDen Arch Viz Scotland/Textures/Kitchen Room/CoffeeMachine/coffeemachine_DefaultMaterial_AlbedoTransparency_2.png,1411912,1.3 MB,2048,2048,0,PNG,Yes,1,0,1,None found,2048,16777216,16.0 MB,Assets/DevDen Arch Viz Scotland/Materials/Kitchen Room/coffee_maker.mat; Assets/HyTeKGames/SRPMaterialConverter/ConvertedMaterials/coffee_maker.mat,Unknown,,Review if referenced,Visual QA required
Assets/Furniture Mega Pack/Textures/Sofas/Sofa30/Sofa30_mat_Sofa30_MetallicSmoothness.png,1411550,1.3 MB,2048,2048,0,PNG,Yes,1,0,1,None found,2048,16777216,16.0 MB,Assets/Furniture Mega Pack/Materials/Sofa/mat_Sofa30.mat,Unknown,,Review if referenced,Visual QA required
Assets/DevDen Arch Viz Scotland/Textures/Living Room/chair_2/chair_5_d.png,1397299,1.3 MB,1024,1024,0,PNG,Yes,1,0,1,None found,2048,4194304,4.0 MB,Assets/DevDen Arch Viz Scotland/Materials/Living Room/chair_2.mat; Assets/HyTeKGames/SRPMaterialConverter/ConvertedMaterials/chair_2.mat,Unknown,,Review if referenced,Visual QA required
Assets/My_Custom/txtrs/99_jaquard fabric texture-seamless.jpg,1378452,1.3 MB,1000,1000,0,JPEG,Unknown,1,0,1,WebGL,2048,4000000,3.8 MB,Assets/My_Custom/FrontDoorRug.mat,Unknown,,Review if referenced,Visual QA required
Assets/Furniture Mega Pack/Textures/Chairs/Chair32/Chair32_mat_Chair32_MetallicSmoothness.png,1373532,1.3 MB,2048,2048,0,PNG,Yes,1,0,1,None found,2048,16777216,16.0 MB,Assets/Furniture Mega Pack/Materials/Chair/mat_Chair32.mat,Unknown,,Review if referenced,Visual QA required
Assets/TerrainSampleAssets/Textures/Details/Fern_BaseColor.tif,1373108,1.3 MB,1024,1024,0,TIFF,Unknown,1,0,2,None found,2048,4194304,4.0 MB,Assets/TerrainSampleAssets/Materials/Fern.asset,Unknown,,Review if referenced,Visual QA required
Assets/TerrainSampleAssets/Textures/Details/Grass_A_MaskMap.tif,1368360,1.3 MB,1024,1024,0,TIFF,Unknown,1,0,2,None found,2048,4194304,4.0 MB,Assets/TerrainSampleAssets/Materials/Grass.asset,Unknown,,Review if referenced,Visual QA required
Assets/DevDen Arch Viz Scotland/Textures/Bathroom/Toilet/toilet_DefaultMaterial_Normal.png,1357156,1.3 MB,1536,1536,1,PNG,Yes,1,1,1,WebGL,2048,9437184,9.0 MB,Assets/DevDen Arch Viz Scotland/Materials/Bathroom/M_toilet.mat; Assets/HyTeKGames/SRPMaterialConverter/ConvertedMaterials/M_toilet.mat,Normal map,ReadWrite enabled,Review if referenced,Visual QA required
Assets/DevDen Arch Viz Scotland/Textures/Bed Room/dressing_mirror/dresing_mirror_dressing_mirror1_Normal.png,1351579,1.3 MB,1024,1024,1,PNG,Yes,1,1,1,WebGL,2048,4194304,4.0 MB,Assets/DevDen Arch Viz Scotland/Materials/Bed Room/dressing_mirror1.mat,Normal map,ReadWrite enabled,Review if referenced,Visual QA required
Assets/HyTeKGames/SRPMaterialConverter/ConvertedMaterials/Maps/glass_AO.png,1351144,1.3 MB,2048,2048,0,PNG,Yes,1,0,1,WebGL,2048,16777216,16.0 MB,Assets/HyTeKGames/SRPMaterialConverter/ConvertedMaterials/glass.mat,Unknown,,Review if referenced,Visual QA required
Assets/HyTeKGames/SRPMaterialConverter/ConvertedMaterials/Maps/glass_1_AO.png,1351144,1.3 MB,2048,2048,0,PNG,Yes,1,0,1,WebGL,2048,16777216,16.0 MB,Assets/HyTeKGames/SRPMaterialConverter/ConvertedMaterials/glass_1.mat,Unknown,,Review if referenced,Visual QA required
Assets/Furniture Mega Pack/Textures/Chairs/Chair43/Chair43_mat_Chair43_MetallicSmoothness.png,1346253,1.3 MB,2048,2048,0,PNG,Yes,1,0,1,None found,2048,16777216,16.0 MB,Assets/Furniture Mega Pack/Materials/Chair/mat_Chair43.mat,Unknown,,Review if referenced,Visual QA required
Assets/DevDen Arch Viz Scotland/Textures/Bathroom/Toilet/toilet_DefaultMaterial_MetallicSmoothness.png,1345917,1.3 MB,2048,2048,0,PNG,Yes,1,1,1,WebGL,2048,16777216,16.0 MB,Assets/DevDen Arch Viz Scotland/Materials/Bathroom/M_toilet.mat,Unknown,ReadWrite enabled,Review if referenced,Visual QA required
Assets/DevDen Arch Viz Scotland/Textures/Bed Room/bedsider/bedsider_bed_sider_AO.png,1340173,1.3 MB,2048,2048,0,PNG,Yes,1,1,1,WebGL,2048,16777216,16.0 MB,Assets/DevDen Arch Viz Scotland/Materials/Bed Room/bed_sider.mat,Unknown,ReadWrite enabled,Review if referenced,Visual QA required
Assets/Furniture Mega Pack/Textures/Sofas/Sofa33/Sofa33_mat_Sofa33_MetallicSmoothness.png,1333453,1.3 MB,2048,2048,0,PNG,Yes,1,0,1,None found,2048,16777216,16.0 MB,Assets/Furniture Mega Pack/Materials/Sofa/mat_Sofa33.mat,Unknown,,Review if referenced,Visual QA required
Assets/DevDen Arch Viz Scotland/Textures/Kitchen Room/Fridge/frifge_green_wood_AO.png,1329878,1.3 MB,2048,2048,0,PNG,Yes,1,0,1,None found,2048,16777216,16.0 MB,Assets/DevDen Arch Viz Scotland/Materials/Kitchen Room/green_wood_1 Metal.mat; Assets/DevDen Arch Viz Scotland/Materials/Kitchen Room/green_wood_1.mat,Unknown,,Review if referenced,Visual QA required
Assets/DevDen Arch Viz Scotland/Textures/Kitchen Room/fridge_2/frifge_green_wood_AO.png,1329878,1.3 MB,2048,2048,0,PNG,Yes,1,0,1,None found,2048,16777216,16.0 MB,,Unknown,,Review if referenced,Unknown/runtime or unused candidate
Assets/Furniture Mega Pack/Textures/Chairs/Chair48/Chair48_mat_Chair48_MetallicSmoothness.png,1323674,1.3 MB,2048,2048,0,PNG,Yes,1,0,1,None found,2048,16777216,16.0 MB,Assets/Furniture Mega Pack/Materials/Chair/mat_Chair48.mat,Unknown,,Review if referenced,Visual QA required
Assets/Furniture Mega Pack/Textures/Chairs/Chair41/Chair41_mat_Chair41_MetallicSmoothness.png,1322746,1.3 MB,2048,2048,0,PNG,Yes,1,0,1,None found,2048,16777216,16.0 MB,Assets/Furniture Mega Pack/Materials/Chair/mat_Chair41.mat,Unknown,,Review if referenced,Visual QA required
Assets/Furniture Mega Pack/Textures/Tables/Table06/Table06_mat_Table06_MetallicSmoothness.png,1321933,1.3 MB,2048,2048,0,PNG,Yes,1,0,1,None found,2048,16777216,16.0 MB,Assets/Furniture Mega Pack/Materials/Table/mat_Table06.mat,Unknown,,Review if referenced,Visual QA required
Assets/Animated Tropical Vegetation/Textures/dead_tree_bark_color.png,1319627,1.3 MB,1024,1024,0,PNG,Unknown,1,0,1,None found,2048,4194304,4.0 MB,Assets/Animated Tropical Vegetation/Materials/dead_tree_bark.mat,Unknown,,Review if referenced,Visual QA required
Assets/BCaT_assets/HOMED/Recipe_box_img.jpeg,1315171,1.3 MB,3024,1621,0,JPEG,Unknown,1,0,1,WebGL,2048,19607616,18.7 MB,Assets/BCaT_assets/HOMED/Box_Img.mat,Unknown,,Review if referenced,Visual QA required
Assets/DevDen Arch Viz Scotland/Textures/Common/Interior_props/CommonCeramic01.png,1301251,1.2 MB,1024,1024,0,PNG,Yes,1,1,1,None found,2048,4194304,4.0 MB,Assets/DevDen Arch Viz Scotland/Materials/Bed Room/CommonCeramic01.mat; Assets/DevDen Arch Viz Scotland/Models/Bed Room/Materials/CommonCeramic01.mat; Assets/HyTeKGames/SRPMaterialConverter/ConvertedMaterials/CommonCeramic01.mat,Unknown,ReadWrite enabled,Review if referenced,Visual QA required
Assets/TerrainSampleAssets/Textures/Details/Grass_A_Normal.tif,1298172,1.2 MB,1024,1024,1,TIFF,Unknown,1,0,1,WebGL,2048,4194304,4.0 MB,Assets/TerrainSampleAssets/Materials/Grass.asset,Normal map,,Review if referenced,Visual QA required
Assets/DevDen Arch Viz Scotland/Textures/Balcony/balcony/balcony_balcony_glass_AO.png,1295507,1.2 MB,2048,2048,0,PNG,Yes,1,1,1,WebGL,2048,16777216,16.0 MB,Assets/DevDen Arch Viz Scotland/Materials/balcony/balcony_glass.mat,Unknown,ReadWrite enabled,Review if referenced,Visual QA required
Assets/Furniture Mega Pack/Textures/Chairs/Chair27/Chair27_mat_Chair27_AlbedoTransparency.png,1293338,1.2 MB,2048,2048,0,PNG,Unknown,1,0,1,None found,2048,16777216,16.0 MB,Assets/Furniture Mega Pack/Materials/Chair/mat_Chair27.mat,Unknown,,Review if referenced,Visual QA required
Assets/Coconut Palm Tree Pack/Textures/Parts/Palm_Brush_diffuse.psd,1291277,1.2 MB,512,512,5,PSD,Unknown,1,1,,None found,1024,1048576,1.0 MB,Assets/Coconut Palm Tree Pack/Materials/Parts/Coconut_Palm_Tree_Brush.mat,Unknown,ReadWrite enabled,Review if referenced,Visual QA required
Assets/Furniture Mega Pack/Textures/Sofas/Sofa31/Sofa31_mat_Sofa31_MetallicSmoothness.png,1290998,1.2 MB,2048,2048,0,PNG,Yes,1,0,1,None found,2048,16777216,16.0 MB,Assets/Furniture Mega Pack/Materials/Sofa/mat_Sofa31.mat,Unknown,,Review if referenced,Visual QA required
Assets/Furniture Mega Pack/Textures/Tables/Table01/Table01_mat_Table01_MetallicSmoothness.png,1289291,1.2 MB,2048,2048,0,PNG,Yes,1,0,1,None found,2048,16777216,16.0 MB,Assets/Furniture Mega Pack/Materials/Table/mat_Table01.mat,Unknown,,Review if referenced,Visual QA required
Assets/Furniture Mega Pack/Textures/Chairs/Chair42/Chair42_mat_Chair42_MetallicSmoothness.png,1285830,1.2 MB,2048,2048,0,PNG,Yes,1,0,1,None found,2048,16777216,16.0 MB,Assets/Furniture Mega Pack/Materials/Chair/mat_Chair42.mat,Unknown,,Review if referenced,Visual QA required
Assets/Idyllic Italian Coast Town/Textures/M_lanterns_MaskMap.png,1280502,1.2 MB,1024,1024,0,PNG,Yes,1,0,1,None found,2048,4194304,4.0 MB,Assets/Idyllic Italian Coast Town/Materials/M_lanterns.mat,Unknown,,Review if referenced,Visual QA required
Assets/HyTeKGames/SRPMaterialConverter/ConvertedMaterials/Maps/steel_AO.png,1278652,1.2 MB,2048,2048,0,PNG,Yes,1,0,1,WebGL,2048,16777216,16.0 MB,Assets/HyTeKGames/SRPMaterialConverter/ConvertedMaterials/steel.mat,Unknown,,Review if referenced,Visual QA required
Assets/HyTeKGames/SRPMaterialConverter/ConvertedMaterials/Maps/steel_1_AO.png,1278652,1.2 MB,2048,2048,0,PNG,Yes,1,0,1,WebGL,2048,16777216,16.0 MB,,Unknown,,Review if referenced,Unknown/runtime or unused candidate
Assets/Idyllic Italian Coast Town/Textures/M_canopies02_MaskMap.png,1274263,1.2 MB,2048,2048,0,PNG,Yes,1,0,1,None found,2048,16777216,16.0 MB,Assets/Idyllic Italian Coast Town/Materials/M_canopies.mat,Unknown,,Review if referenced,Visual QA required
Assets/Coconut Palm Tree Pack/Textures/Parts/Coconut_Palm_Tree_Bark_diffuse.tif,1272484,1.2 MB,512,1024,5,TIFF,Unknown,1,1,,None found,1024,2097152,2.0 MB,Assets/Coconut Palm Tree Pack/Materials/Parts/Coconut_Palm_Tree_Bark3.mat,Unknown,ReadWrite enabled,Review if referenced,Visual QA required
Assets/Animated Tropical Vegetation/Textures/palm_tree_1_leaves_color.png,1259815,1.2 MB,1024,1024,0,PNG,Yes,1,0,1,None found,2048,4194304,4.0 MB,Assets/Animated Tropical Vegetation/Materials/palm_tree_1_leaves.mat,Unknown,,Review if referenced,Visual QA required
Assets/My_Custom/txtrs/1_pavers stone regular blocks texture-seamless.jpg,1258251,1.2 MB,1024,1021,0,JPEG,Unknown,1,0,1,WebGL,2048,4182016,4.0 MB,Assets/My_Custom/mtrls/square_Stone_pattern.mat,Unknown,,Review if referenced,Visual QA required
Assets/TerrainSampleAssets/Textures/Details/Heather_A_Thickness.tif,1256132,1.2 MB,1024,1024,10,TIFF,Unknown,1,0,2,None found,2048,4194304,4.0 MB,Assets/TerrainSampleAssets/Materials/Heather.asset,Unknown,,Review if referenced,Visual QA required
Assets/Idyllic Italian Coast Town/Textures/M_canopies_MaskMap.png,1254877,1.2 MB,2048,2048,0,PNG,Yes,1,0,1,None found,2048,16777216,16.0 MB,Assets/Idyllic Italian Coast Town/Materials/M_canopies 1.mat,Unknown,,Review if referenced,Visual QA required
Assets/Furniture Mega Pack/Textures/Tables/Table02/Table02_mat_Table02_MetallicSmoothness.png,1252442,1.2 MB,2048,2048,0,PNG,Yes,1,0,1,None found,2048,16777216,16.0 MB,Assets/Furniture Mega Pack/Materials/Table/mat_Table02.mat,Unknown,,Review if referenced,Visual QA required
Assets/DevDen Arch Viz Scotland/Textures/Common/Interior_props/CommonCeramic04_NM.png,1252153,1.2 MB,1024,1024,1,PNG,Yes,1,1,1,None found,2048,4194304,4.0 MB,,Normal map,ReadWrite enabled,Review if referenced,Unknown/runtime or unused candidate
Assets/DevDen Arch Viz Scotland/Textures/Common/Interior_props/CommonCeramic01_NM.png,1247881,1.2 MB,1024,1024,1,PNG,Yes,1,1,1,None found,2048,4194304,4.0 MB,Assets/DevDen Arch Viz Scotland/Materials/Bed Room/CommonCeramic01.mat; Assets/HyTeKGames/SRPMaterialConverter/ConvertedMaterials/CommonCeramic01.mat,Normal map,ReadWrite enabled,Review if referenced,Visual QA required
Assets/danthaigames/DS 80s Television/Textures/TV.png,1247417,1.2 MB,2048,2048,0,PNG,Yes,1,0,1,None found,2048,16777216,16.0 MB,Assets/danthaigames/DS 80s Television/Materials/TV.mat,Unknown,,Review if referenced,Visual QA required
Assets/Idyllic Italian Coast Town/Textures/M_brickwall_Normal.png,1237072,1.2 MB,1024,1024,1,PNG,Yes,1,0,1,None found,2048,4194304,4.0 MB,Assets/Idyllic Italian Coast Town/Materials/M_brickwall.mat,Normal map,,Review if referenced,Visual QA required
Assets/DevDen Arch Viz Scotland/Textures/Bed Room/bedside_carpet/carpet_carpet_Normal.png,1236561,1.2 MB,1024,1024,1,PNG,Yes,1,1,1,WebGL,2048,4194304,4.0 MB,Assets/DevDen Arch Viz Scotland/Materials/Bed Room/carpet.mat; Assets/HyTeKGames/SRPMaterialConverter/ConvertedMaterials/carpet.mat,Normal map,ReadWrite enabled,Review if referenced,Visual QA required
Assets/Furniture Mega Pack/Textures/Chairs/Chair35/Chair35_mat_Chair35_AlbedoTransparency.png,1235318,1.2 MB,2048,2048,0,PNG,Unknown,1,0,1,None found,2048,16777216,16.0 MB,Assets/Furniture Mega Pack/Materials/Chair/mat_Chair35.mat,Unknown,,Review if referenced,Visual QA required
Assets/DevDen Arch Viz Scotland/Textures/Bed Room/foto_frame_1/Painting_Photo_B_Paintings_House_Normal.png,1231947,1.2 MB,1638,1638,1,PNG,Yes,1,1,1,WebGL,2048,10732176,10.2 MB,Assets/DevDen Arch Viz Scotland/Materials/Bed Room/Paintings_House_4.mat; Assets/HyTeKGames/SRPMaterialConverter/ConvertedMaterials/Paintings_House_4.mat,Normal map,ReadWrite enabled,Review if referenced,Visual QA required
Assets/DevDen Arch Viz Scotland/Textures/Bathroom/Washing_machine/washingmachine_M_washingmachine_AlbedoTransparency.png,1231301,1.2 MB,4096,4096,0,PNG,Unknown,1,1,1,WebGL,2048,67108864,64.0 MB,Assets/DevDen Arch Viz Scotland/Materials/Bathroom/washingMachine.mat; Assets/DevDen Arch Viz Scotland/Materials/Bathroom/washingmachineclosed.mat; Assets/HyTeKGames/SRPMaterialConverter/ConvertedMaterials/washingMachine.mat; Assets/HyTeKGames/SRPMaterialConverter/ConvertedMaterials/washingmachineclosed.mat,Unknown,Large 4096+; ReadWrite enabled,P1/P2: downscale/compress or externalize,Visual QA required
Assets/TerrainSampleAssets/Textures/Details/BushDry_MaskMap.tif,1226124,1.2 MB,1024,1024,0,TIFF,Unknown,1,0,2,None found,2048,4194304,4.0 MB,Assets/TerrainSampleAssets/Materials/BushDry.asset,Unknown,,Review if referenced,Visual QA required
Assets/Furniture Mega Pack/Textures/Tables/Table23/Table23_mat_Table23_MetallicSmoothness.png,1223997,1.2 MB,2048,2048,0,PNG,Yes,1,0,1,None found,2048,16777216,16.0 MB,Assets/Furniture Mega Pack/Materials/Table/mat_Table23.mat,Unknown,,Review if referenced,Visual QA required
Assets/TerrainSampleAssets/Textures/Details/Bush_A_Normal.tif,1223460,1.2 MB,1024,1024,1,TIFF,Unknown,1,0,1,None found,2048,4194304,4.0 MB,Assets/TerrainSampleAssets/Materials/Bush.asset,Normal map,,Review if referenced,Visual QA required
Assets/Coconut Palm Tree Pack/Textures/Parts/Coconut_Palm_Tree_Bark_normal.tif,1221470,1.2 MB,512,1024,5,TIFF,Unknown,1,1,,None found,1024,2097152,2.0 MB,Assets/Coconut Palm Tree Pack/Materials/Parts/Coconut_Palm_Tree_Bark3.mat,Normal map,ReadWrite enabled,Review if referenced,Visual QA required
Assets/BCaT_assets/HOMED/Recipe_Box_Rice.jpeg,1213608,1.2 MB,3024,1736,0,JPEG,Unknown,1,0,1,WebGL,2048,20998656,20.0 MB,Assets/BCaT_assets/HOMED/Rice.mat,Unknown,,Review if referenced,Visual QA required
Assets/Idyllic Italian Coast Town/Textures/M_groundtiles_01_BaseColor.png,1188618,1.1 MB,1024,1024,0,PNG,Yes,1,0,1,None found,2048,4194304,4.0 MB,Assets/Idyllic Italian Coast Town/Materials/M_ground 1.mat,Unknown,,Review if referenced,Visual QA required
Assets/DevDen Arch Viz Scotland/Textures/Common/Plate/plate_1_plate_1_BaseColor.png,1185593,1.1 MB,4096,4096,0,PNG,Unknown,1,0,1,None found,2048,67108864,64.0 MB,Assets/DevDen Arch Viz Scotland/Materials/Common/plate.mat; Assets/HyTeKGames/SRPMaterialConverter/ConvertedMaterials/plate.mat,Unknown,Large 4096+,P1/P2: downscale/compress or externalize,Visual QA required
Assets/DevDen Arch Viz Scotland/Textures/Balcony/balconY_tacle/balcony_table_balcony_table_2_Normal.png,1173534,1.1 MB,1024,1024,1,PNG,Yes,1,1,1,WebGL,2048,4194304,4.0 MB,Assets/DevDen Arch Viz Scotland/Materials/balcony/balcony_table_2.mat; Assets/HyTeKGames/SRPMaterialConverter/ConvertedMaterials/balcony_table_2.mat,Normal map,ReadWrite enabled,Review if referenced,Visual QA required
Assets/Furniture Mega Pack/Textures/Tables/Table21/Table21_mat_Table21_MetallicSmoothness.png,1170920,1.1 MB,2048,2048,0,PNG,Yes,1,0,1,None found,2048,16777216,16.0 MB,Assets/Furniture Mega Pack/Materials/Table/mat_Table21.mat,Unknown,,Review if referenced,Visual QA required
Assets/DevDen Arch Viz Scotland/Textures/Balcony/balcony_chair/balcony_ chair_balcony_chair1_MetallicSmoothness.png,1158618,1.1 MB,2048,2048,0,PNG,Yes,1,1,1,WebGL,2048,16777216,16.0 MB,Assets/DevDen Arch Viz Scotland/Materials/balcony/balcony_chair1.mat,Unknown,ReadWrite enabled,Review if referenced,Visual QA required
Assets/Furniture Mega Pack/Textures/Chairs/Chair18/Chair18_mat_Chair18_MetallicSmoothness.png,1151342,1.1 MB,2048,2048,0,PNG,Yes,1,0,1,None found,2048,16777216,16.0 MB,Assets/Furniture Mega Pack/Materials/Chair/mat_Chair18.mat,Unknown,,Review if referenced,Visual QA required
Assets/Idyllic Italian Coast Town/Textures/M_brickwall_BaseColor.png,1147147,1.1 MB,1024,1024,0,PNG,Yes,1,0,1,None found,2048,4194304,4.0 MB,Assets/Idyllic Italian Coast Town/Materials/M_brickwall.mat,Unknown,,Review if referenced,Visual QA required
Assets/Idyllic Italian Coast Town/Textures/M_groundtiles_01_Normal.png,1140086,1.1 MB,1024,1024,1,PNG,Yes,1,0,1,None found,2048,4194304,4.0 MB,Assets/Idyllic Italian Coast Town/Materials/M_ground 1.mat,Normal map,,Review if referenced,Visual QA required
Assets/TerrainSampleAssets/Textures/Details/Fern_Normal.tif,1136364,1.1 MB,1024,1024,1,TIFF,Unknown,1,0,1,None found,2048,4194304,4.0 MB,Assets/TerrainSampleAssets/Materials/Fern.asset,Normal map,,Review if referenced,Visual QA required
Assets/DevDen Arch Viz Scotland/Textures/Dining Room/dinning_chair/dinning_chair_dinning_chair_cusion_MetallicSmoothness.png,1132851,1.1 MB,2048,2048,0,PNG,Yes,1,1,1,WebGL,2048,16777216,16.0 MB,Assets/DevDen Arch Viz Scotland/Materials/Dining Room/dinning_chair_cusion.mat,Unknown,ReadWrite enabled,Review if referenced,Visual QA required
Assets/Furniture Mega Pack/Textures/Chairs/Chair30/Chair30_mat_Chair30_AlbedoTransparency.png,1130540,1.1 MB,2048,2048,0,PNG,Unknown,1,0,1,None found,2048,16777216,16.0 MB,Assets/Furniture Mega Pack/Materials/Chair/mat_Chair30.mat,Unknown,,Review if referenced,Visual QA required
Assets/My_Custom/txtrs/Wood004_1K-PNG_Color.png,1126576,1.1 MB,1024,1024,0,PNG,Unknown,1,0,1,WebGL,2048,4194304,4.0 MB,Assets/My_Custom/mtrls/RawWood.mat,Unknown,,Review if referenced,Visual QA required
Assets/DevDen Arch Viz Scotland/Textures/Study Room/shelf/shelf_shelf1_Normal.png,1123795,1.1 MB,1024,1024,1,PNG,Yes,1,1,1,WebGL,2048,4194304,4.0 MB,Assets/DevDen Arch Viz Scotland/Materials/Study Room/shelf1.mat; Assets/HyTeKGames/SRPMaterialConverter/ConvertedMaterials/shelf1.mat,Normal map,ReadWrite enabled,Review if referenced,Visual QA required
Assets/DevDen Arch Viz Scotland/Textures/Bathroom/towel_2/2_toilet_wood_1_AO.png,1123300,1.1 MB,2048,2048,0,PNG,Yes,1,1,1,WebGL,2048,16777216,16.0 MB,Assets/DevDen Arch Viz Scotland/Materials/Bathroom/toilet_wood_1.mat,Unknown,ReadWrite enabled,Review if referenced,Visual QA required
Assets/DevDen Arch Viz Scotland/Textures/Common/SmallObj/knives_albedo.png,1122321,1.1 MB,2048,2048,0,PNG,Unknown,1,0,1,None found,2048,16777216,16.0 MB,Assets/DevDen Arch Viz Scotland/Materials/Kitchen Room/knives.mat; Assets/HyTeKGames/SRPMaterialConverter/ConvertedMaterials/knives.mat,Unknown,,Review if referenced,Visual QA required
Assets/Idyllic Italian Coast Town/Textures/M_attachments_tech_BaseMap.png,1122035,1.1 MB,2048,2048,0,PNG,Unknown,1,0,1,None found,2048,16777216,16.0 MB,Assets/Idyllic Italian Coast Town/Materials/M_attachments_tech.mat,Unknown,,Review if referenced,Visual QA required
Assets/Furniture Mega Pack/Textures/Kitchen/AtlasTexture_KitchenCollection_Atlastexture_KitchenCollection_AlbedoTransparency.png,1119816,1.1 MB,2048,2048,0,PNG,Unknown,1,0,1,None found,2048,16777216,16.0 MB,Assets/Furniture Mega Pack/Materials/Kitchen/mat_Kitchen.mat,Unknown,,Review if referenced,Visual QA required
Assets/Idyllic Italian Coast Town/Textures/M_brickwall_plaster_BaseMap.png,1113106,1.1 MB,1024,1024,0,PNG,Unknown,1,0,1,None found,2048,4194304,4.0 MB,Assets/Idyllic Italian Coast Town/Materials/M_brickwall 1.mat,Unknown,,Review if referenced,Visual QA required
Assets/DevDen Arch Viz Scotland/Textures/Balcony/balcony_chair/balcony_ chair_balcony_chair1_AO.png,1111596,1.1 MB,2048,2048,0,PNG,Yes,1,1,1,WebGL,2048,16777216,16.0 MB,Assets/DevDen Arch Viz Scotland/Materials/balcony/balcony_chair1.mat,Unknown,ReadWrite enabled,Review if referenced,Visual QA required
Assets/DevDen Arch Viz Scotland/Textures/Bed Room/dressing_mirror/dresing_mirror_dressing_mirror1_AO.png,1103049,1.1 MB,2048,2048,0,PNG,Yes,1,1,1,WebGL,2048,16777216,16.0 MB,Assets/DevDen Arch Viz Scotland/Materials/Bed Room/dressing_mirror1.mat,Unknown,ReadWrite enabled,Review if referenced,Visual QA required
Assets/HyTeKGames/SRPMaterialConverter/ConvertedMaterials/Maps/white_wood_AO.png,1097352,1.0 MB,2048,2048,0,PNG,Yes,1,0,1,WebGL,2048,16777216,16.0 MB,Assets/HyTeKGames/SRPMaterialConverter/ConvertedMaterials/white_wood.mat,Unknown,,Review if referenced,Visual QA required
Assets/HyTeKGames/SRPMaterialConverter/ConvertedMaterials/Maps/white_wood_1_AO.png,1097352,1.0 MB,2048,2048,0,PNG,Yes,1,0,1,WebGL,2048,16777216,16.0 MB,,Unknown,,Review if referenced,Unknown/runtime or unused candidate
Assets/DevDen Arch Viz Scotland/Textures/Kitchen Room/CoffeeMachine/coffeemachine_DefaultMaterial_AO.png,1096842,1.0 MB,2048,2048,0,PNG,Yes,1,1,1,WebGL,2048,16777216,16.0 MB,Assets/DevDen Arch Viz Scotland/Materials/Kitchen Room/coffee_maker.mat,Unknown,ReadWrite enabled,Review if referenced,Visual QA required
Assets/DevDen Arch Viz Scotland/Textures/Study Room/Books Pack/book_6.png,1093589,1.0 MB,1024,1024,0,PNG,Unknown,1,0,1,None found,2048,4194304,4.0 MB,Assets/DevDen Arch Viz Scotland/Materials/Study Room/book_6.mat; Assets/HyTeKGames/SRPMaterialConverter/ConvertedMaterials/book_6.mat,Unknown,,Review if referenced,Visual QA required
Assets/DevDen Arch Viz Scotland/Textures/Bathroom/bathroom_wall/bathroom_wall_phong1_MetallicSmoothness.png,1089740,1.0 MB,1024,1024,0,PNG,Yes,1,1,1,WebGL,2048,4194304,4.0 MB,Assets/DevDen Arch Viz Scotland/Materials/Bathroom/phong1.mat,Unknown,ReadWrite enabled,Review if referenced,Visual QA required
Assets/TerrainSampleAssets/Textures/Details/GrassDry_BaseColor.tif,1088768,1.0 MB,1024,1024,0,TIFF,Unknown,1,0,1,None found,2048,4194304,4.0 MB,Assets/TerrainSampleAssets/Materials/GrassDry.asset,Unknown,,Review if referenced,Visual QA required
Assets/Furniture Mega Pack/Textures/Chairs/Chair06/Chair06_mat_Chair06_MetallicSmoothness.png,1088208,1.0 MB,2048,2048,0,PNG,Yes,1,0,1,None found,2048,16777216,16.0 MB,Assets/Furniture Mega Pack/Materials/Chair/mat_Chair06.mat,Unknown,,Review if referenced,Visual QA required
Assets/DevDen Arch Viz Scotland/Textures/Common/AirConditioner/airconditioner_DefaultMaterial_Normal.png,1084779,1.0 MB,2048,2048,1,PNG,Yes,1,1,1,WebGL,2048,16777216,16.0 MB,Assets/DevDen Arch Viz Scotland/Materials/Common/Air Conditioner.mat; Assets/HyTeKGames/SRPMaterialConverter/ConvertedMaterials/Air Conditioner.mat,Normal map,ReadWrite enabled,Review if referenced,Visual QA required
Assets/Idyllic Italian Coast Town/Textures/M_bricks_red_BaseMap.png,1077282,1.0 MB,1024,1024,0,PNG,Unknown,1,0,1,None found,2048,4194304,4.0 MB,Assets/Idyllic Italian Coast Town/Materials/M_bricks 1.mat,Unknown,,Review if referenced,Visual QA required
Assets/DevDen Arch Viz Scotland/Textures/Balcony/flower_pot/flower_pot_1_wines_AlbedoTransparency.png,1068496,1.0 MB,1024,1024,0,PNG,Yes,1,0,1,None found,2048,4194304,4.0 MB,Assets/DevDen Arch Viz Scotland/Materials/balcony/wines.mat; Assets/HyTeKGames/SRPMaterialConverter/ConvertedMaterials/wines.mat,Unknown,,Review if referenced,Visual QA required
Assets/Furniture Mega Pack/Textures/Bed/Blanket/AtlasTexture_Blanket_DefaultMaterial_MetallicSmoothness.png,1060641,1.0 MB,2048,2048,0,PNG,Yes,1,0,1,None found,2048,16777216,16.0 MB,Assets/Furniture Mega Pack/Materials/Bed/mat_Blanket.mat,Unknown,,Review if referenced,Visual QA required
Assets/Furniture Mega Pack/Textures/Chairs/Chair19/Chair19_mat_Chair19_MetallicSmoothness.png,1057269,1.0 MB,2048,2048,0,PNG,Yes,1,0,1,None found,2048,16777216,16.0 MB,Assets/Furniture Mega Pack/Materials/Chair/mat_Chair19.mat,Unknown,,Review if referenced,Visual QA required
Assets/Idyllic Italian Coast Town/Textures/M_stonewall_BaseColor.png,1050854,1.0 MB,1024,1024,0,PNG,Yes,1,0,1,None found,2048,4194304,4.0 MB,Assets/Idyllic Italian Coast Town/Materials/M_stonewall.mat,Unknown,,Review if referenced,Visual QA required
Assets/DevDen Arch Viz Scotland/Textures/Balcony/flower_pot/flower_pot_1_plant_pot_Normal.png,1050175,1.0 MB,1024,1024,1,PNG,Yes,1,0,1,WebGL,2048,4194304,4.0 MB,Assets/DevDen Arch Viz Scotland/Materials/balcony/plant_pot.mat; Assets/HyTeKGames/SRPMaterialConverter/ConvertedMaterials/plant_pot.mat,Normal map,,Review if referenced,Visual QA required
Assets/Furniture Mega Pack/Textures/Chairs/Chair28/Chair28_mat_Chair28_AlbedoTransparency.png,1044672,1020.2 KB,2048,2048,0,PNG,Unknown,1,0,1,None found,2048,16777216,16.0 MB,Assets/Furniture Mega Pack/Materials/Chair/mat_Chair28.mat,Unknown,,Review if referenced,Visual QA required
Assets/Idyllic Italian Coast Town/Textures/M_pillartop_BaseMap.png,1037259,1012.9 KB,1024,1024,0,PNG,Unknown,1,0,1,None found,2048,4194304,4.0 MB,Assets/Idyllic Italian Coast Town/Materials/M_pillartop.mat,Unknown,,Review if referenced,Visual QA required
Assets/Idyllic Italian Coast Town/Textures/M_lanterns_Normal.png,1036983,1012.7 KB,1024,1024,1,PNG,Unknown,1,0,1,None found,2048,4194304,4.0 MB,Assets/Idyllic Italian Coast Town/Materials/M_lanterns.mat,Normal map,,Review if referenced,Visual QA required
Assets/Animated Tropical Vegetation/Textures/palm_tree_3_leaves_color.png,1019279,995.4 KB,2048,1024,0,PNG,Yes,1,0,1,None found,2048,8388608,8.0 MB,Assets/Animated Tropical Vegetation/Materials/palm_tree_3_leaves.mat,Unknown,,Review if referenced,Visual QA required
Assets/Idyllic Italian Coast Town/Textures/M_bricks_BaseMap.png,1016074,992.3 KB,1024,1024,0,PNG,Unknown,1,0,1,None found,2048,4194304,4.0 MB,Assets/Idyllic Italian Coast Town/Materials/M_bricks.mat,Unknown,,Review if referenced,Visual QA required
Assets/DevDen Arch Viz Scotland/Textures/Study Room/Books Pack/book_7.png,1009755,986.1 KB,1024,1024,0,PNG,Unknown,1,0,1,None found,2048,4194304,4.0 MB,Assets/DevDen Arch Viz Scotland/Materials/Study Room/book_7.mat; Assets/HyTeKGames/SRPMaterialConverter/ConvertedMaterials/book_7.mat,Unknown,,Review if referenced,Visual QA required
Assets/DevDen Arch Viz Scotland/Textures/Study Room/Books Pack/book_8.png,997010,973.6 KB,1024,1024,0,PNG,Unknown,1,0,1,None found,2048,4194304,4.0 MB,Assets/DevDen Arch Viz Scotland/Materials/Study Room/book_8.mat; Assets/HyTeKGames/SRPMaterialConverter/ConvertedMaterials/book_8.mat,Unknown,,Review if referenced,Visual QA required
Assets/Furniture Mega Pack/Textures/Chairs/Chair31/Chair31_mat_Chair31_MetallicSmoothness.png,988958,965.8 KB,2048,2048,0,PNG,Yes,1,0,1,None found,2048,16777216,16.0 MB,Assets/Furniture Mega Pack/Materials/Chair/mat_Chair31.mat,Unknown,,Review if referenced,Visual QA required
Assets/Furniture Mega Pack/Textures/Chairs/Chair40/Chair40_mat_Chair40_MetallicSmoothness.png,983042,960.0 KB,2048,2048,0,PNG,Yes,1,0,1,None found,2048,16777216,16.0 MB,Assets/Furniture Mega Pack/Materials/Chair/mat_Chair40.mat,Unknown,,Review if referenced,Visual QA required
Assets/BCAT_GLB_TextureRemediation/drone/Texture_2 _00.png,970365,947.6 KB,2048,2048,0,PNG,Yes,1,0,2,WebGL,2048,16777216,16.0 MB,,Unknown,,Review if referenced,Unknown/runtime or unused candidate
Assets/HyTeKGames/SRPMaterialConverter/ConvertedMaterials/Maps/chimini_2_AO.png,966986,944.3 KB,2048,2048,0,PNG,Yes,1,0,1,WebGL,2048,16777216,16.0 MB,,Unknown,,Review if referenced,Unknown/runtime or unused candidate
Assets/HyTeKGames/SRPMaterialConverter/ConvertedMaterials/Maps/chimini_AO.png,966986,944.3 KB,2048,2048,0,PNG,Yes,1,0,1,WebGL,2048,16777216,16.0 MB,Assets/HyTeKGames/SRPMaterialConverter/ConvertedMaterials/chimini.mat,Unknown,,Review if referenced,Visual QA required
Assets/HyTeKGames/SRPMaterialConverter/ConvertedMaterials/Maps/chimini_3_AO.png,966986,944.3 KB,2048,2048,0,PNG,Yes,1,0,1,WebGL,2048,16777216,16.0 MB,,Unknown,,Review if referenced,Unknown/runtime or unused candidate
Assets/HyTeKGames/SRPMaterialConverter/ConvertedMaterials/Maps/chimini_1_AO.png,966986,944.3 KB,2048,2048,0,PNG,Yes,1,0,1,WebGL,2048,16777216,16.0 MB,,Unknown,,Review if referenced,Unknown/runtime or unused candidate
Assets/HyTeKGames/SRPMaterialConverter/ConvertedMaterials/Maps/gold_tap_handle_1_1_AO.png,960363,937.9 KB,2048,2048,0,PNG,Yes,1,0,1,WebGL,2048,16777216,16.0 MB,,Unknown,,Review if referenced,Unknown/runtime or unused candidate
Assets/HyTeKGames/SRPMaterialConverter/ConvertedMaterials/Maps/gold_tap_handle_1_AO.png,960363,937.9 KB,2048,2048,0,PNG,Yes,1,0,1,WebGL,2048,16777216,16.0 MB,Assets/HyTeKGames/SRPMaterialConverter/ConvertedMaterials/gold_tap_handle_1.mat,Unknown,,Review if referenced,Visual QA required
Assets/HyTeKGames/SRPMaterialConverter/ConvertedMaterials/Maps/gold_tap_handle_2_AO.png,960363,937.9 KB,2048,2048,0,PNG,Yes,1,0,1,WebGL,2048,16777216,16.0 MB,Assets/HyTeKGames/SRPMaterialConverter/ConvertedMaterials/gold_tap_handle_2.mat,Unknown,,Review if referenced,Visual QA required
Assets/HyTeKGames/SRPMaterialConverter/ConvertedMaterials/Maps/gold_tap_handle_2_1_AO.png,960363,937.9 KB,2048,2048,0,PNG,Yes,1,0,1,WebGL,2048,16777216,16.0 MB,,Unknown,,Review if referenced,Unknown/runtime or unused candidate
Assets/HyTeKGames/SRPMaterialConverter/ConvertedMaterials/Maps/green_wood_1 Metal_1_AO.png,958628,936.2 KB,2048,2048,0,PNG,Yes,1,0,1,WebGL,2048,16777216,16.0 MB,,Unknown,,Review if referenced,Unknown/runtime or unused candidate
Assets/HyTeKGames/SRPMaterialConverter/ConvertedMaterials/Maps/green_wood_1 Metal_AO.png,958628,936.2 KB,2048,2048,0,PNG,Yes,1,0,1,WebGL,2048,16777216,16.0 MB,Assets/HyTeKGames/SRPMaterialConverter/ConvertedMaterials/green_wood_1 Metal.mat,Unknown,,Review if referenced,Visual QA required
Assets/HyTeKGames/SRPMaterialConverter/ConvertedMaterials/Maps/green_wood_1_AO.png,958628,936.2 KB,2048,2048,0,PNG,Yes,1,0,1,WebGL,2048,16777216,16.0 MB,Assets/HyTeKGames/SRPMaterialConverter/ConvertedMaterials/green_wood_1.mat,Unknown,,Review if referenced,Visual QA required
Assets/HyTeKGames/SRPMaterialConverter/ConvertedMaterials/Maps/green_wood_1_1_AO.png,958628,936.2 KB,2048,2048,0,PNG,Yes,1,0,1,WebGL,2048,16777216,16.0 MB,,Unknown,,Review if referenced,Unknown/runtime or unused candidate
Assets/Furniture Mega Pack/Textures/Sofas/Sofa25/Sofa25_mat_Sofa25_AlbedoTransparency.png,943898,921.8 KB,2048,2048,0,PNG,Unknown,1,0,1,None found,2048,16777216,16.0 MB,Assets/Furniture Mega Pack/Materials/Sofa/mat_Sofa25.mat,Unknown,,Review if referenced,Visual QA required
Assets/DevDen Arch Viz Scotland/Textures/Balcony/balconY_tacle/balcony_table_balcony_table_2_AlbedoTransparency.png,926140,904.4 KB,1024,1024,0,PNG,Yes,1,1,1,WebGL,2048,4194304,4.0 MB,Assets/DevDen Arch Viz Scotland/Materials/balcony/balcony_table_2.mat; Assets/HyTeKGames/SRPMaterialConverter/ConvertedMaterials/balcony_table_2.mat,Unknown,ReadWrite enabled,Review if referenced,Visual QA required
Assets/Furniture Mega Pack/Textures/Chairs/Chair26/Chair26_mat_Chair26_AlbedoTransparency.png,923192,901.6 KB,2048,2048,0,PNG,Unknown,1,0,1,None found,2048,16777216,16.0 MB,Assets/Furniture Mega Pack/Materials/Chair/mat_Chair26.mat,Unknown,,Review if referenced,Visual QA required
Assets/DevDen Arch Viz Scotland/Textures/Study Room/Books Pack/book_3.png,915151,893.7 KB,1024,1024,0,PNG,Unknown,1,0,1,None found,2048,4194304,4.0 MB,Assets/DevDen Arch Viz Scotland/Materials/Study Room/book_3.mat; Assets/HyTeKGames/SRPMaterialConverter/ConvertedMaterials/book_3.mat,Unknown,,Review if referenced,Visual QA required
Assets/DevDen Arch Viz Scotland/Textures/Study Room/Books Pack/book_1.png,902583,881.4 KB,1024,1024,0,PNG,Unknown,1,0,1,None found,2048,4194304,4.0 MB,Assets/DevDen Arch Viz Scotland/Materials/Study Room/book_1.mat; Assets/HyTeKGames/SRPMaterialConverter/ConvertedMaterials/book_1.mat,Unknown,,Review if referenced,Visual QA required
Assets/DevDen Arch Viz Scotland/Textures/Bathroom/Washbasin/washbasin_M_washbasin_AO.png,901661,880.5 KB,2048,2048,0,PNG,Yes,1,1,1,WebGL,2048,16777216,16.0 MB,Assets/DevDen Arch Viz Scotland/Materials/Bathroom/M_washbasin2.mat,Unknown,ReadWrite enabled,Review if referenced,Visual QA required
Assets/Coconut Palm Tree Pack/Textures/Parts/Coconut_Palm_Bark1_normal.tif,897560,876.5 KB,512,512,5,TIFF,Yes,1,1,,None found,1024,1048576,1.0 MB,Assets/Coconut Palm Tree Pack/Materials/Parts/Coconut_Palm_Tree_Bark1.mat,Normal map,ReadWrite enabled,Review if referenced,Visual QA required
Assets/DevDen Arch Viz Scotland/Textures/Bathroom/MetalDryer/dry_M_metaldryer_AlbedoTransparency.png,896368,875.4 KB,4096,4096,0,PNG,Unknown,1,1,1,WebGL,2048,67108864,64.0 MB,Assets/DevDen Arch Viz Scotland/Materials/Bathroom/metaldryer.mat,Unknown,Large 4096+; ReadWrite enabled,P1/P2: downscale/compress or externalize,Visual QA required
Assets/Idyllic Italian Coast Town/Textures/M_stonewall_Normal.png,895547,874.6 KB,1024,1024,1,PNG,Yes,1,0,1,None found,2048,4194304,4.0 MB,Assets/Idyllic Italian Coast Town/Materials/M_stonewall.mat,Normal map,,Review if referenced,Visual QA required
Assets/Samples/XR Interaction Toolkit/3.3.1/Starter Assets/Textures/DefaultMaterial_AO.png,891404,870.5 KB,2048,2048,0,PNG,Yes,1,0,1,None found,2048,16777216,16.0 MB,Assets/Samples/XR Interaction Toolkit/3.3.1/Starter Assets/Materials/Controller_Grey.mat; Assets/Samples/XR Interaction Toolkit/3.3.1/Starter Assets/Materials/Controller_White.mat,Unknown,,Review if referenced,Visual QA required
Assets/DevDen Arch Viz Scotland/Textures/Study Room/Books Pack/book_10.png,889542,868.7 KB,1024,1024,0,PNG,Unknown,1,0,1,None found,2048,4194304,4.0 MB,Assets/DevDen Arch Viz Scotland/Materials/Study Room/book_10.mat; Assets/HyTeKGames/SRPMaterialConverter/ConvertedMaterials/book_10.mat,Unknown,,Review if referenced,Visual QA required
Assets/DevDen Arch Viz Scotland/Textures/Common/AirConditioner/airconditioner_DefaultMaterial_AO.png,885928,865.2 KB,2048,2048,0,PNG,Yes,1,1,1,WebGL,2048,16777216,16.0 MB,Assets/DevDen Arch Viz Scotland/Materials/Common/Air Conditioner.mat,Unknown,ReadWrite enabled,Review if referenced,Visual QA required
Assets/TerrainSampleAssets/Textures/Details/Grass_C_Thickness.tif,874072,853.6 KB,1024,1024,10,TIFF,Unknown,1,0,2,None found,2048,4194304,4.0 MB,Assets/TerrainSampleAssets/Materials/Grass_C.asset,Unknown,,Review if referenced,Visual QA required
Assets/Idyllic Italian Coast Town/Textures/M_beverages_Normal.png,871214,850.8 KB,1024,1024,1,PNG,Unknown,1,0,1,None found,2048,4194304,4.0 MB,Assets/Idyllic Italian Coast Town/Materials/M_beverages 1.mat; Assets/Idyllic Italian Coast Town/Materials/M_beverages.mat,Normal map,,Review if referenced,Visual QA required
Assets/Idyllic Italian Coast Town/Textures/M_lanterns_BaseMap.png,870287,849.9 KB,1024,1024,0,PNG,Unknown,1,0,1,None found,2048,4194304,4.0 MB,Assets/Idyllic Italian Coast Town/Materials/M_lanterns.mat,Unknown,,Review if referenced,Visual QA required
Assets/DevDen Arch Viz Scotland/Textures/Bathroom/TolPaper/tolpaper_DefaultMaterial_MetallicSmoothness.png,867879,847.5 KB,1024,1024,0,PNG,Yes,1,1,1,WebGL,2048,4194304,4.0 MB,Assets/DevDen Arch Viz Scotland/Materials/Bathroom/tolpaper.mat,Unknown,ReadWrite enabled,Review if referenced,Visual QA required
Assets/DevDen Arch Viz Scotland/Textures/Study Room/Books Pack/book_9.png,848866,829.0 KB,1024,1024,0,PNG,Unknown,1,0,1,None found,2048,4194304,4.0 MB,Assets/DevDen Arch Viz Scotland/Materials/Study Room/book_9.mat; Assets/HyTeKGames/SRPMaterialConverter/ConvertedMaterials/book_9.mat,Unknown,,Review if referenced,Visual QA required
Assets/Animated Tropical Vegetation/Textures/billboards/bamboo_4_billboard_color.png,844994,825.2 KB,1024,1024,0,PNG,Yes,1,0,1,None found,2048,4194304,4.0 MB,Assets/Animated Tropical Vegetation/Materials/Billboards/bamboo_4_billboard.mat,Unknown,,Review if referenced,Visual QA required
Assets/Coconut Palm Tree Pack/Textures/Coconut_Palm_Tree_transgloss.psd,843662,823.9 KB,1024,1024,5,PSD,Unknown,1,1,,None found,2048,4194304,4.0 MB,Assets/Coconut Palm Tree Pack/Materials/bark.mat; Assets/Coconut Palm Tree Pack/Materials/leaf.mat,Unknown,ReadWrite enabled,Review if referenced,Visual QA required
Assets/DevDen Arch Viz Scotland/Textures/Bed Room/Photo_stand/fotostand_fotostand_AlbedoTransparency.png,843466,823.7 KB,1024,1024,0,PNG,Yes,1,1,1,WebGL,2048,4194304,4.0 MB,Assets/DevDen Arch Viz Scotland/Materials/Bed Room/Bedroom_wood_table.mat; Assets/HyTeKGames/SRPMaterialConverter/ConvertedMaterials/Bedroom_wood_table.mat,Unknown,ReadWrite enabled,Review if referenced,Visual QA required
Assets/Animated Tropical Vegetation/Textures/palm_tree_2_leaves_color.png,841605,821.9 KB,1024,1024,0,PNG,Yes,1,0,1,None found,2048,4194304,4.0 MB,Assets/Animated Tropical Vegetation/Materials/palm_tree_2_leaves.mat,Unknown,,Review if referenced,Visual QA required
Assets/DevDen Arch Viz Scotland/Textures/Study Room/Books Pack/book_2.png,833205,813.7 KB,1024,1024,0,PNG,Unknown,1,0,1,None found,2048,4194304,4.0 MB,Assets/DevDen Arch Viz Scotland/Materials/Study Room/book_2.mat; Assets/HyTeKGames/SRPMaterialConverter/ConvertedMaterials/book_2.mat,Unknown,,Review if referenced,Visual QA required
Assets/DevDen Arch Viz Scotland/Textures/Balcony/balconY_tacle/balcony_table_balcony_table_2_MetallicSmoothness.png,830373,810.9 KB,1024,1024,0,PNG,Yes,1,1,1,WebGL,2048,4194304,4.0 MB,Assets/DevDen Arch Viz Scotland/Materials/balcony/balcony_table_2.mat,Unknown,ReadWrite enabled,Review if referenced,Visual QA required
Assets/DevDen Arch Viz Scotland/Textures/Balcony/balcony/balcony_balcony_metal_AO.png,830325,810.9 KB,2048,2048,0,PNG,Yes,1,1,1,WebGL,2048,16777216,16.0 MB,Assets/DevDen Arch Viz Scotland/Materials/balcony/balcony_metal.mat,Unknown,ReadWrite enabled,Review if referenced,Visual QA required
Assets/TerrainSampleAssets/Textures/Details/GrassDry_Normal.tif,826008,806.6 KB,1024,1024,1,TIFF,Unknown,1,0,1,WebGL,2048,4194304,4.0 MB,Assets/TerrainSampleAssets/Materials/GrassDry.asset; Assets/TerrainSampleAssets/Materials/Grass_C.asset,Normal map,,Review if referenced,Visual QA required
Assets/Idyllic Italian Coast Town/Textures/M_wallbricks_yellow_01_BaseMap.png,822095,802.8 KB,1024,1024,0,PNG,Yes,1,0,1,None found,2048,4194304,4.0 MB,Assets/Idyllic Italian Coast Town/Materials/M_wall_plaster 2.mat,Unknown,,Review if referenced,Visual QA required
Assets/My_Custom/txtrs/27_reinassance plaster texture seamless.jpg,819702,800.5 KB,1000,1000,0,JPEG,Unknown,1,0,1,WebGL,2048,4000000,3.8 MB,Assets/My_Custom/mtrls/YellowWall.mat,Unknown,,Review if referenced,Visual QA required
Assets/Animated Tropical Vegetation/Textures/billboards/palm_tree_2_billboard_color.png,816518,797.4 KB,1024,1024,0,PNG,Yes,1,0,1,None found,2048,4194304,4.0 MB,Assets/Animated Tropical Vegetation/Materials/Billboards/palm_tree_2_billboard.mat,Unknown,,Review if referenced,Visual QA required
Assets/Idyllic Italian Coast Town/Textures/M_trafficsigns_BaseMap.png,815328,796.2 KB,2048,2048,0,PNG,Unknown,1,0,1,None found,2048,16777216,16.0 MB,Assets/Idyllic Italian Coast Town/Materials/M_trafficsigns.mat,Unknown,,Review if referenced,Visual QA required
Assets/DevDen Arch Viz Scotland/Textures/Study Room/study_chair/CHair2_study_chairI_Leg_AlbedoTransparency.png,814722,795.6 KB,1024,1024,0,PNG,Yes,1,1,1,WebGL,2048,4194304,4.0 MB,Assets/DevDen Arch Viz Scotland/Materials/Study Room/study_chairI_Leg.mat; Assets/HyTeKGames/SRPMaterialConverter/ConvertedMaterials/study_chairI_Leg.mat,Unknown,ReadWrite enabled,Review if referenced,Visual QA required
Assets/DevDen Arch Viz Scotland/Textures/Common/SmallObj/trash-can_albedo.png,808254,789.3 KB,4096,4096,0,PNG,Unknown,1,0,1,None found,2048,67108864,64.0 MB,Assets/DevDen Arch Viz Scotland/Materials/Dining Room/trash-can.mat; Assets/HyTeKGames/SRPMaterialConverter/ConvertedMaterials/trash-can.mat,Unknown,Large 4096+,P1/P2: downscale/compress or externalize,Visual QA required
Assets/My_Custom/txtrs/67_sponged venetian plaster texture-seamless.jpg,803907,785.1 KB,1000,1000,0,JPEG,Unknown,1,0,1,WebGL,2048,4000000,3.8 MB,Assets/My_Custom/mtrls/Mint_wall_plaster.mat,Unknown,,Review if referenced,Visual QA required
Assets/Idyllic Italian Coast Town/Textures/M_rooftiles_roman_tiling_Normal.png,798202,779.5 KB,1024,1024,1,PNG,Unknown,1,0,1,None found,2048,4194304,4.0 MB,Assets/Idyllic Italian Coast Town/Materials/M_rooftexture.mat,Normal map,,Review if referenced,Visual QA required
Assets/DevDen Arch Viz Scotland/Textures/Balcony/flower_pot/flower_pot_1_plant_pot_MetallicSmoothness.png,795276,776.6 KB,1024,1024,0,PNG,Yes,1,0,1,WebGL,2048,4194304,4.0 MB,Assets/DevDen Arch Viz Scotland/Materials/balcony/plant_pot.mat,Unknown,,Review if referenced,Visual QA required
Assets/BCaT_assets/Meshell_Sturgis/articles/Pages/Tesseract/page_008.png,793787,775.2 KB,1120,1363,0,PNG,Unknown,0,0,0,WebGL,2048,6106240,5.8 MB,Assets/BH_XR_MainScene.unity; Assets/_Recovery/0 (21).unity; Assets/_Recovery/0 (22).unity; Assets/_Recovery/0 (23).unity,Article/document page,,Review if referenced,Visual QA required
Assets/HyTeKGames/SRPMaterialConverter/ConvertedMaterials/Maps/coffee_maker_1_AO.png,793039,774.5 KB,2048,2048,0,PNG,Yes,1,0,1,WebGL,2048,16777216,16.0 MB,,Unknown,,Review if referenced,Unknown/runtime or unused candidate
Assets/HyTeKGames/SRPMaterialConverter/ConvertedMaterials/Maps/coffee_maker_AO.png,793039,774.5 KB,2048,2048,0,PNG,Yes,1,0,1,WebGL,2048,16777216,16.0 MB,Assets/HyTeKGames/SRPMaterialConverter/ConvertedMaterials/coffee_maker.mat,Unknown,,Review if referenced,Visual QA required
Assets/DevDen Arch Viz Scotland/Textures/Balcony/flower_pot/flower_pot_1_leaf_AlbedoTransparency.png,792435,773.9 KB,1024,1024,0,PNG,Yes,1,0,1,None found,2048,4194304,4.0 MB,Assets/DevDen Arch Viz Scotland/Materials/balcony/leaf.mat; Assets/HyTeKGames/SRPMaterialConverter/ConvertedMaterials/leaf.mat,Unknown,,Review if referenced,Visual QA required
Assets/BCaT_assets/Meshell_Sturgis/articles/Pages/Tesseract/page_007.png,782018,763.7 KB,1120,1395,0,PNG,Unknown,0,0,0,WebGL,2048,6249600,6.0 MB,Assets/BH_XR_MainScene.unity; Assets/_Recovery/0 (21).unity; Assets/_Recovery/0 (22).unity; Assets/_Recovery/0 (23).unity,Article/document page,,Review if referenced,Visual QA required
Assets/BCaT_assets/Meshell_Sturgis/articles/Pages/Tesseract/page_006.png,781530,763.2 KB,1120,1395,0,PNG,Unknown,0,0,0,WebGL,2048,6249600,6.0 MB,Assets/BH_XR_MainScene.unity; Assets/_Recovery/0 (21).unity; Assets/_Recovery/0 (22).unity; Assets/_Recovery/0 (23).unity,Article/document page,,Review if referenced,Visual QA required
Assets/DevDen Arch Viz Scotland/Scenes/ArchViz/ReflectionProbe-2.png,774024,755.9 KB,3072,512,0,PNG,Unknown,1,0,0,None found,2048,6291456,6.0 MB,,Unknown,,Review if referenced,Unknown/runtime or unused candidate
Assets/Idyllic Italian Coast Town/Textures/M_pillartop_Normal.png,768885,750.9 KB,1024,1024,1,PNG,Unknown,1,0,1,None found,2048,4194304,4.0 MB,Assets/Idyllic Italian Coast Town/Materials/M_pillartop.mat,Normal map,,Review if referenced,Visual QA required
Assets/DevDen Arch Viz Scotland/Textures/Balcony/flower_pot/flower_pot_1_leaf_Normal.png,764264,746.4 KB,1024,1024,1,PNG,Yes,1,0,1,WebGL,2048,4194304,4.0 MB,Assets/DevDen Arch Viz Scotland/Materials/balcony/leaf.mat; Assets/HyTeKGames/SRPMaterialConverter/ConvertedMaterials/leaf.mat,Normal map,,Review if referenced,Visual QA required
Assets/Idyllic Italian Coast Town/Textures/M_bricks_Normal.png,759715,741.9 KB,1024,1024,1,PNG,Unknown,1,0,1,None found,2048,4194304,4.0 MB,Assets/Idyllic Italian Coast Town/Materials/M_bricks 1.mat; Assets/Idyllic Italian Coast Town/Materials/M_bricks 2.mat; Assets/Idyllic Italian Coast Town/Materials/M_bricks.mat,Normal map,,Review if referenced,Visual QA required
Assets/Idyllic Italian Coast Town/Textures/M_pipes_Normal.png,751414,733.8 KB,1024,1024,1,PNG,Unknown,1,0,1,None found,2048,4194304,4.0 MB,Assets/Idyllic Italian Coast Town/Materials/M_pipes.mat,Normal map,,Review if referenced,Visual QA required
Assets/BCaT_assets/Meshell_Sturgis/articles/Pages/Tesseract/page_004.png,751246,733.6 KB,1120,1395,0,PNG,Unknown,0,0,0,WebGL,2048,6249600,6.0 MB,Assets/BH_XR_MainScene.unity; Assets/_Recovery/0 (21).unity; Assets/_Recovery/0 (22).unity; Assets/_Recovery/0 (23).unity,Article/document page,,Review if referenced,Visual QA required
Assets/HyTeKGames/SRPMaterialConverter/ConvertedMaterials/Maps/toilet_wood_1_AO.png,750568,733.0 KB,2048,2048,0,PNG,Yes,1,0,1,WebGL,2048,16777216,16.0 MB,Assets/HyTeKGames/SRPMaterialConverter/ConvertedMaterials/toilet_wood_1.mat,Unknown,,Review if referenced,Visual QA required
Assets/HyTeKGames/SRPMaterialConverter/ConvertedMaterials/Maps/toilet_wood_1_1_AO.png,750568,733.0 KB,2048,2048,0,PNG,Yes,1,0,1,WebGL,2048,16777216,16.0 MB,,Unknown,,Review if referenced,Unknown/runtime or unused candidate
Assets/BCaT_assets/Meshell_Sturgis/articles/Pages/Tesseract/page_005.png,747479,730.0 KB,1120,1395,0,PNG,Unknown,0,0,0,WebGL,2048,6249600,6.0 MB,Assets/BH_XR_MainScene.unity; Assets/_Recovery/0 (21).unity; Assets/_Recovery/0 (22).unity; Assets/_Recovery/0 (23).unity,Article/document page,,Review if referenced,Visual QA required
Assets/Animated Tropical Vegetation/Textures/palm_tree_3_leaves_normal.png,747291,729.8 KB,2048,1024,1,PNG,Unknown,1,0,1,None found,2048,8388608,8.0 MB,Assets/Animated Tropical Vegetation/Materials/palm_tree_3_leaves.mat,Normal map,,Review if referenced,Visual QA required
Assets/TerrainSampleAssets/Textures/Details/Fern_MaskMap.tif,741596,724.2 KB,1024,1024,0,TIFF,Unknown,1,0,2,WebGL,2048,4194304,4.0 MB,Assets/TerrainSampleAssets/Materials/Fern.asset,Unknown,,Review if referenced,Visual QA required
Assets/Furniture Mega Pack/Textures/Chairs/Chair34/Chair34_mat_Chair34_AlbedoTransparency.png,741114,723.7 KB,2048,2048,0,PNG,Unknown,1,0,1,None found,2048,16777216,16.0 MB,Assets/Furniture Mega Pack/Materials/Chair/mat_Chair34.mat,Unknown,,Review if referenced,Visual QA required
Assets/DevDen Arch Viz Scotland/Textures/Bathroom/Toilet/toilet_DefaultMaterial_AO.png,732271,715.1 KB,2048,2048,0,PNG,Yes,1,1,1,WebGL,2048,16777216,16.0 MB,Assets/DevDen Arch Viz Scotland/Materials/Bathroom/M_toilet.mat,Unknown,ReadWrite enabled,Review if referenced,Visual QA required
Assets/HyTeKGames/SRPMaterialConverter/ConvertedMaterials/Maps/plate_AO.png,721509,704.6 KB,2048,2048,0,PNG,Yes,1,0,1,WebGL,2048,16777216,16.0 MB,Assets/HyTeKGames/SRPMaterialConverter/ConvertedMaterials/plate.mat,Unknown,,Review if referenced,Visual QA required
Assets/HyTeKGames/SRPMaterialConverter/ConvertedMaterials/Maps/plate_1_AO.png,721509,704.6 KB,2048,2048,0,PNG,Yes,1,0,1,WebGL,2048,16777216,16.0 MB,,Unknown,,Review if referenced,Unknown/runtime or unused candidate
Assets/My_Custom/txtrs/33_quartzite pavers stone regular blocks texture-seamless.jpg,715152,698.4 KB,1024,1024,0,JPEG,Unknown,1,0,1,WebGL,2048,4194304,4.0 MB,Assets/My_Custom/mtrls/Black_Stone.mat,Unknown,,Review if referenced,Visual QA required
Assets/Idyllic Italian Coast Town/Textures/M_wall_painted_BaseMap.png,705664,689.1 KB,1024,1024,0,PNG,Unknown,1,0,1,None found,2048,4194304,4.0 MB,Assets/Idyllic Italian Coast Town/Materials/M_wall_plaster 7.mat,Unknown,,Review if referenced,Visual QA required
Assets/DevDen Arch Viz Scotland/Textures/Dining Room/dinning_chair/dinning_chair_diining_chair_wood_AO.png,690358,674.2 KB,2048,2048,0,PNG,Yes,1,1,1,WebGL,2048,16777216,16.0 MB,Assets/DevDen Arch Viz Scotland/Materials/Dining Room/diining_chair_wood.mat,Unknown,ReadWrite enabled,Review if referenced,Visual QA required
Assets/Idyllic Italian Coast Town/Textures/M_wall_plaster_BaseColor.png,684618,668.6 KB,1024,1024,0,PNG,Yes,1,0,1,None found,2048,4194304,4.0 MB,Assets/Idyllic Italian Coast Town/Materials/M_bricks 2.mat; Assets/Idyllic Italian Coast Town/Materials/M_wall_plaster 10.mat; Assets/Idyllic Italian Coast Town/Materials/M_wall_plaster 3.mat; Assets/Idyllic Italian Coast Town/Materials/M_wall_plaster 4.mat; Assets/Idyllic Italian Coast Town/Materials/M_wall_plaster 5.mat; Assets/Idyllic Italian Coast Town/Materials/M_wall_plaster 6.mat; Assets/Idyllic Italian Coast Town/Materials/M_wall_plaster 8.mat; Assets/Idyllic Italian Coast Town/Materials/M_wall_plaster 9.mat; Assets/Idyllic Italian Coast Town/Materials/M_wall_plaster.mat; Assets/Idyllic Italian Coast Town/Materials/M_window.mat,Unknown,,Review if referenced,Visual QA required
Assets/Idyllic Italian Coast Town/Textures/M_wallbricks_red_01_BaseMap.png,683140,667.1 KB,1024,1024,0,PNG,Unknown,1,0,1,None found,2048,4194304,4.0 MB,Assets/Idyllic Italian Coast Town/Materials/M_wall_plaster 1.mat,Unknown,,Review if referenced,Visual QA required
Assets/My_Custom/txtrs/84_floral wallpaper texture-seamless.jpg,681273,665.3 KB,1000,1000,0,JPEG,Unknown,1,0,1,WebGL,2048,4000000,3.8 MB,Assets/My_Custom/mtrls/Wall_Floral.mat,Unknown,,Review if referenced,Visual QA required
Assets/DevDen Arch Viz Scotland/Textures/Study Room/shelf/shelf_shelf1_AlbedoTransparency.png,681094,665.1 KB,1024,1024,0,PNG,Yes,1,1,1,WebGL,2048,4194304,4.0 MB,Assets/DevDen Arch Viz Scotland/Materials/Study Room/shelf1.mat; Assets/HyTeKGames/SRPMaterialConverter/ConvertedMaterials/shelf1.mat,Unknown,ReadWrite enabled,Review if referenced,Visual QA required
Assets/HyTeKGames/SRPMaterialConverter/ConvertedMaterials/Maps/Air Conditioner_AO.png,674997,659.2 KB,2048,2048,0,PNG,Yes,1,0,1,WebGL,2048,16777216,16.0 MB,Assets/HyTeKGames/SRPMaterialConverter/ConvertedMaterials/Air Conditioner.mat,Unknown,,Review if referenced,Visual QA required
Assets/HyTeKGames/SRPMaterialConverter/ConvertedMaterials/Maps/Air Conditioner_1_AO.png,674997,659.2 KB,2048,2048,0,PNG,Yes,1,0,1,WebGL,2048,16777216,16.0 MB,,Unknown,,Review if referenced,Unknown/runtime or unused candidate
Assets/Animated Tropical Vegetation/Textures/billboards/small_tree_3_billboard_color.png,672615,656.9 KB,1024,1024,0,PNG,Yes,1,0,1,None found,2048,4194304,4.0 MB,Assets/Animated Tropical Vegetation/Materials/Billboards/small_tree_3_billboard.mat,Unknown,,Review if referenced,Visual QA required
Assets/Idyllic Italian Coast Town/Textures/M_bricks_MaskMap.png,670982,655.3 KB,1024,1024,0,PNG,Yes,1,0,1,None found,2048,4194304,4.0 MB,Assets/Idyllic Italian Coast Town/Materials/M_bricks 1.mat; Assets/Idyllic Italian Coast Town/Materials/M_bricks 2.mat; Assets/Idyllic Italian Coast Town/Materials/M_bricks.mat,Unknown,,Review if referenced,Visual QA required
Assets/Animated Tropical Vegetation/Textures/banana_tree_2_leaves_color.png,662550,647.0 KB,1024,1024,0,PNG,Yes,1,0,1,None found,2048,4194304,4.0 MB,Assets/Animated Tropical Vegetation/Materials/banana_tree_2_leaves.mat,Unknown,,Review if referenced,Visual QA required
Assets/DevDen Arch Viz Scotland/Textures/Common/Plate/plate_1_plate_1_AO.png,657746,642.3 KB,2048,2048,0,PNG,Yes,1,0,1,None found,2048,16777216,16.0 MB,Assets/DevDen Arch Viz Scotland/Materials/Common/plate.mat,Unknown,,Review if referenced,Visual QA required
Assets/IgniteCoders/Simple Water Shader/Resources/WaterSurface_single.tif,655032,639.7 KB,512,512,0,TIFF,Unknown,1,0,1,None found,2048,1048576,1.0 MB,Assets/IgniteCoders/Simple Water Shader/Resources/Water_mat_01.mat; Assets/IgniteCoders/Simple Water Shader/Resources/Water_mat_02.mat; Assets/IgniteCoders/Simple Water Shader/Resources/Water_mat_03.mat; Resources folder inclusion,Unknown,,Review if referenced,Visual QA required
Assets/Coconut Palm Tree Pack/Textures/Parts/Coconut_Palm_Tree_Branch1_normal.tif,649188,634.0 KB,256,1024,5,TIFF,Unknown,1,1,,None found,1024,1048576,1.0 MB,Assets/Coconut Palm Tree Pack/Materials/Parts/Coconut_Palm_Tree_Leaf1.mat,Normal map,ReadWrite enabled,Review if referenced,Visual QA required
Assets/DevDen Arch Viz Scotland/Textures/Living Room/little_props/little_props_d-Recovered_1.png,648863,633.7 KB,1024,1024,0,PNG,Unknown,1,0,1,None found,2048,4194304,4.0 MB,Assets/DevDen Arch Viz Scotland/Materials/Common/little_props.mat; Assets/HyTeKGames/SRPMaterialConverter/ConvertedMaterials/little_props.mat,Unknown,,Review if referenced,Visual QA required
Assets/DevDen Arch Viz Scotland/Textures/Balcony/balcony_mat/balcony_mat_balcony_mat1_MetallicSmoothness.png,647206,632.0 KB,2048,2048,0,PNG,Yes,1,1,1,WebGL,2048,16777216,16.0 MB,Assets/DevDen Arch Viz Scotland/Materials/balcony/balcony_mat1.mat,Unknown,ReadWrite enabled,Review if referenced,Visual QA required
Assets/HyTeKGames/SRPMaterialConverter/ConvertedMaterials/Maps/balcony_chair1_2_AO.png,640293,625.3 KB,2048,2048,0,PNG,Yes,1,0,1,WebGL,2048,16777216,16.0 MB,,Unknown,,Review if referenced,Unknown/runtime or unused candidate
Assets/HyTeKGames/SRPMaterialConverter/ConvertedMaterials/Maps/balcony_chair1_AO.png,640293,625.3 KB,2048,2048,0,PNG,Yes,1,0,1,WebGL,2048,16777216,16.0 MB,Assets/HyTeKGames/SRPMaterialConverter/ConvertedMaterials/balcony_chair1.mat,Unknown,,Review if referenced,Visual QA required
Assets/HyTeKGames/SRPMaterialConverter/ConvertedMaterials/Maps/balcony_chair1_4_AO.png,640293,625.3 KB,2048,2048,0,PNG,Yes,1,0,1,WebGL,2048,16777216,16.0 MB,,Unknown,,Review if referenced,Unknown/runtime or unused candidate
Assets/HyTeKGames/SRPMaterialConverter/ConvertedMaterials/Maps/pillow_1_1_Metallic.png,637254,622.3 KB,1024,1024,0,PNG,Yes,1,0,1,WebGL,2048,4194304,4.0 MB,,Unknown,,Review if referenced,Unknown/runtime or unused candidate
Assets/HyTeKGames/SRPMaterialConverter/ConvertedMaterials/Maps/pillow_1_Metallic.png,637254,622.3 KB,1024,1024,0,PNG,Yes,1,0,1,WebGL,2048,4194304,4.0 MB,Assets/HyTeKGames/SRPMaterialConverter/ConvertedMaterials/pillow_1.mat,Unknown,,Review if referenced,Visual QA required
Assets/Animated Tropical Vegetation/Textures/billboards/small_tree_2_billboard_color.png,635033,620.1 KB,1024,1024,0,PNG,Yes,1,0,1,None found,2048,4194304,4.0 MB,Assets/Animated Tropical Vegetation/Materials/Billboards/small_tree_2_billboard.mat,Unknown,,Review if referenced,Visual QA required
Assets/Furniture Mega Pack/Textures/Chairs/Chair43/Chair43_mat_Chair43_AlbedoTransparency.png,632893,618.1 KB,2048,2048,0,PNG,Unknown,1,0,1,None found,2048,16777216,16.0 MB,Assets/Furniture Mega Pack/Materials/Chair/mat_Chair43.mat,Unknown,,Review if referenced,Visual QA required
Assets/HyTeKGames/SRPMaterialConverter/ConvertedMaterials/Maps/dressing_mirror1_1_AO.png,628342,613.6 KB,2048,2048,0,PNG,Yes,1,0,1,WebGL,2048,16777216,16.0 MB,,Unknown,,Review if referenced,Unknown/runtime or unused candidate
Assets/HyTeKGames/SRPMaterialConverter/ConvertedMaterials/Maps/dressing_mirror1_AO.png,628342,613.6 KB,2048,2048,0,PNG,Yes,1,0,1,WebGL,2048,16777216,16.0 MB,Assets/HyTeKGames/SRPMaterialConverter/ConvertedMaterials/dressing_mirror1.mat,Unknown,,Review if referenced,Visual QA required
Assets/Animated Tropical Vegetation/Textures/billboards/small_tree_4_billboard_color.png,626055,611.4 KB,1024,1024,0,PNG,Yes,1,0,1,None found,2048,4194304,4.0 MB,Assets/Animated Tropical Vegetation/Materials/Billboards/small_tree_4_billboard.mat,Unknown,,Review if referenced,Visual QA required
Assets/Furniture Mega Pack/Textures/Chairs/Chair33/Chair33_mat_Chair33_AlbedoTransparency.png,621109,606.6 KB,2048,2048,0,PNG,Unknown,1,0,1,None found,2048,16777216,16.0 MB,Assets/Furniture Mega Pack/Materials/Chair/mat_Chair33.mat,Unknown,,Review if referenced,Visual QA required
Assets/HyTeKGames/SRPMaterialConverter/ConvertedMaterials/Maps/bed_coat_1_Metallic.png,620722,606.2 KB,1024,1024,0,PNG,Yes,1,0,1,WebGL,2048,4194304,4.0 MB,,Unknown,,Review if referenced,Unknown/runtime or unused candidate
Assets/HyTeKGames/SRPMaterialConverter/ConvertedMaterials/Maps/bed_coat_Metallic.png,620722,606.2 KB,1024,1024,0,PNG,Yes,1,0,1,WebGL,2048,4194304,4.0 MB,Assets/HyTeKGames/SRPMaterialConverter/ConvertedMaterials/bed_coat.mat,Unknown,,Review if referenced,Visual QA required
Assets/DevDen Arch Viz Scotland/Textures/Bed Room/bedside_carpet/carpet_carpet_MetallicSmoothness.png,620161,605.6 KB,2048,2048,0,PNG,Yes,1,1,1,WebGL,2048,16777216,16.0 MB,Assets/DevDen Arch Viz Scotland/Materials/Bed Room/carpet.mat,Unknown,ReadWrite enabled,Review if referenced,Visual QA required
Assets/DevDen Arch Viz Scotland/Textures/Bathroom/bathroom_shelf/bathroom_shelf_bathroom_shelf_Normal.png,619987,605.5 KB,1024,1024,1,PNG,Yes,1,1,1,WebGL,2048,4194304,4.0 MB,Assets/DevDen Arch Viz Scotland/Materials/Bathroom/bathroom_shelf.mat; Assets/HyTeKGames/SRPMaterialConverter/ConvertedMaterials/bathroom_shelf.mat,Normal map,ReadWrite enabled,Review if referenced,Visual QA required
Assets/Idyllic Italian Coast Town/Textures/M_pillartop_MaskMap.png,618559,604.1 KB,1024,1024,0,PNG,Yes,1,0,1,None found,2048,4194304,4.0 MB,Assets/Idyllic Italian Coast Town/Materials/M_pillartop.mat,Unknown,,Review if referenced,Visual QA required
Assets/Animated Tropical Vegetation/Textures/small_tree_bark_color.png,615443,601.0 KB,512,512,0,PNG,Unknown,1,0,1,None found,2048,1048576,1.0 MB,Assets/Animated Tropical Vegetation/Materials/small_tree_bark.mat,Unknown,,Review if referenced,Visual QA required
Assets/Animated Tropical Vegetation/Textures/billboards/bamboo_3_billboard_color.png,612495,598.1 KB,1024,1024,0,PNG,Yes,1,0,1,None found,2048,4194304,4.0 MB,Assets/Animated Tropical Vegetation/Materials/Billboards/bamboo_3_billboard.mat,Unknown,,Review if referenced,Visual QA required
Assets/Animated Tropical Vegetation/Textures/billboards/large_palm_tree_2_billboard_color.png,611808,597.5 KB,1024,1024,0,PNG,Yes,1,0,1,None found,2048,4194304,4.0 MB,Assets/Animated Tropical Vegetation/Materials/Billboards/large_palm_tree_2_billboard.mat,Unknown,,Review if referenced,Visual QA required
Assets/BCaT_assets/Meshell_Sturgis/articles/Pages/BlackRefractions/page_019.png,611703,597.4 KB,792,1224,0,PNG,Unknown,0,0,0,WebGL,2048,3877632,3.7 MB,Assets/BH_XR_MainScene.unity; Assets/_Recovery/0 (21).unity; Assets/_Recovery/0 (22).unity; Assets/_Recovery/0 (23).unity,Article/document page,,Review if referenced,Visual QA required
Assets/DevDen Arch Viz Scotland/Textures/Kitchen Room/kitchen_1/kitchen_chimini_AlbedoTransparency.png,610701,596.4 KB,2048,2048,0,PNG,Yes,1,1,1,WebGL,2048,16777216,16.0 MB,Assets/DevDen Arch Viz Scotland/Materials/Kitchen Room/chimini.mat; Assets/HyTeKGames/SRPMaterialConverter/ConvertedMaterials/chimini.mat,Unknown,ReadWrite enabled,Review if referenced,Visual QA required
Assets/Idyllic Italian Coast Town/Textures/M_pipes_BaseMap.png,610508,596.2 KB,1024,1024,0,PNG,Unknown,1,0,1,None found,2048,4194304,4.0 MB,Assets/Idyllic Italian Coast Town/Materials/M_pipes.mat,Unknown,,Review if referenced,Visual QA required
Assets/DevDen Arch Viz Scotland/Textures/Bed Room/foto_frame_3/Painting_StandPhoto_A_Paintings_House_AlbedoTransparency.png,609469,595.2 KB,2048,2048,0,PNG,Yes,1,1,1,WebGL,2048,16777216,16.0 MB,Assets/DevDen Arch Viz Scotland/Materials/Bed Room/Paintings_House_2.mat; Assets/HyTeKGames/SRPMaterialConverter/ConvertedMaterials/Paintings_House_2.mat,Unknown,ReadWrite enabled,Review if referenced,Visual QA required
Assets/DevDen Arch Viz Scotland/Textures/Dining Room/dinning_chair/dinning_chair_dinning_chair_cusion_AlbedoTransparency.png,606886,592.7 KB,2048,2048,0,PNG,Yes,1,1,1,WebGL,2048,16777216,16.0 MB,Assets/DevDen Arch Viz Scotland/Materials/Dining Room/dinning_chair_cusion.mat; Assets/HyTeKGames/SRPMaterialConverter/ConvertedMaterials/dinning_chair_cusion.mat,Unknown,ReadWrite enabled,Review if referenced,Visual QA required
Assets/DevDen Arch Viz Scotland/Textures/Bathroom/bathroom_cabin/bathroom_cabin_bathroom_cabin_Normal.png,601273,587.2 KB,1024,1024,1,PNG,Yes,1,1,1,WebGL,2048,4194304,4.0 MB,Assets/DevDen Arch Viz Scotland/Materials/Bathroom/bathroom_cabin.mat; Assets/HyTeKGames/SRPMaterialConverter/ConvertedMaterials/bathroom_cabin.mat,Normal map,ReadWrite enabled,Review if referenced,Visual QA required
Assets/Idyllic Italian Coast Town/Textures/M_groundtiles_02_Normal.png,598972,584.9 KB,1024,1024,1,PNG,Yes,1,0,1,None found,2048,4194304,4.0 MB,,Normal map,,Review if referenced,Unknown/runtime or unused candidate
Assets/DevDen Arch Viz Scotland/Textures/Common/CUTLERY/Cutlery FBX_Cutlery_Normal.png,597573,583.6 KB,1024,1024,1,PNG,Yes,1,1,1,WebGL,2048,4194304,4.0 MB,Assets/DevDen Arch Viz Scotland/Materials/Dining Room/Cutlery.mat; Assets/HyTeKGames/SRPMaterialConverter/ConvertedMaterials/Cutlery.mat,Normal map,ReadWrite enabled,Review if referenced,Visual QA required
Assets/DevDen Arch Viz Scotland/Textures/Bathroom/bathroom_wall/bathroom_wall_phong1_Normal.png,597510,583.5 KB,1024,1024,1,PNG,Yes,1,1,1,WebGL,2048,4194304,4.0 MB,Assets/DevDen Arch Viz Scotland/Materials/Bathroom/phong1.mat; Assets/HyTeKGames/SRPMaterialConverter/ConvertedMaterials/phong1.mat,Normal map,ReadWrite enabled,Review if referenced,Visual QA required
Assets/DevDen Arch Viz Scotland/Textures/Bed Room/bedside_table/bedside_table_bedside_Normal.png,596746,582.8 KB,1024,1024,1,PNG,Yes,1,1,1,WebGL,2048,4194304,4.0 MB,Assets/DevDen Arch Viz Scotland/Materials/Bed Room/bedroom_wood_side_table.mat; Assets/HyTeKGames/SRPMaterialConverter/ConvertedMaterials/bedroom_wood_side_table.mat,Normal map,ReadWrite enabled,Review if referenced,Visual QA required
Assets/DevDen Arch Viz Scotland/Textures/Bed Room/Photo_stand/fotostand_fotostand_Normal.png,596666,582.7 KB,1024,1024,1,PNG,Yes,1,1,1,WebGL,2048,4194304,4.0 MB,Assets/DevDen Arch Viz Scotland/Materials/Bed Room/Bedroom_wood_table.mat; Assets/HyTeKGames/SRPMaterialConverter/ConvertedMaterials/Bedroom_wood_table.mat,Normal map,ReadWrite enabled,Review if referenced,Visual QA required
Assets/DevDen Arch Viz Scotland/Textures/Common/door and handle/door and handles_door1_Normal.png,596622,582.6 KB,1024,1024,1,PNG,Yes,1,1,1,WebGL,2048,4194304,4.0 MB,Assets/DevDen Arch Viz Scotland/Materials/Common/door1.mat; Assets/HyTeKGames/SRPMaterialConverter/ConvertedMaterials/door1.mat,Normal map,ReadWrite enabled,Review if referenced,Visual QA required
Assets/DevDen Arch Viz Scotland/Textures/Study Room/study_chair/CHair2_study_chair_seat_Normal.png,595108,581.2 KB,1024,1024,1,PNG,Yes,1,1,1,WebGL,2048,4194304,4.0 MB,Assets/DevDen Arch Viz Scotland/Materials/Study Room/study_chair_seat.mat; Assets/HyTeKGames/SRPMaterialConverter/ConvertedMaterials/study_chair_seat.mat,Normal map,ReadWrite enabled,Review if referenced,Visual QA required
Assets/TerrainSampleAssets/Textures/Heightmaps/Cracked_Earth01_Heightmap.tif,594044,580.1 KB,533,533,10,TIFF,Yes,0,0,1,None found,2048,1136356,1.1 MB,,Unknown,,Review if referenced,Unknown/runtime or unused candidate
Assets/Idyllic Italian Coast Town/Textures/M_groundtiles_02_BaseColor.png,593882,580.0 KB,1024,1024,0,PNG,Yes,1,0,1,None found,2048,4194304,4.0 MB,,Unknown,,Review if referenced,Unknown/runtime or unused candidate
Assets/Animated Tropical Vegetation/Textures/small_tree_bark_normal.png,592089,578.2 KB,512,512,1,PNG,Unknown,1,0,1,None found,2048,1048576,1.0 MB,Assets/Animated Tropical Vegetation/Materials/small_tree_bark.mat,Normal map,,Review if referenced,Visual QA required
Assets/DevDen Arch Viz Scotland/Textures/Study Room/study_chair/CHair2_study_chairI_Leg_Normal.png,591825,578.0 KB,1024,1024,1,PNG,Yes,1,1,1,WebGL,2048,4194304,4.0 MB,Assets/DevDen Arch Viz Scotland/Materials/Study Room/study_chairI_Leg.mat; Assets/HyTeKGames/SRPMaterialConverter/ConvertedMaterials/study_chairI_Leg.mat,Normal map,ReadWrite enabled,Review if referenced,Visual QA required
Assets/TerrainSampleAssets/Textures/Heightmaps/Cracked_Earth02_Heightmap.tif,590376,576.5 KB,533,533,10,TIFF,Yes,0,0,1,None found,2048,1136356,1.1 MB,,Unknown,,Review if referenced,Unknown/runtime or unused candidate
Assets/DevDen Arch Viz Scotland/Textures/Common/door and handle/door and handles_handle_Normal.png,588860,575.1 KB,1024,1024,1,PNG,Yes,1,1,1,WebGL,2048,4194304,4.0 MB,Assets/DevDen Arch Viz Scotland/Materials/Environment/handle.mat,Normal map,ReadWrite enabled,Review if referenced,Visual QA required
Assets/Furniture Mega Pack/Textures/Cushions/Cushion01_08/Cushion01_08_mat_Cushion01_08_MetallicSmoothness.png,587678,573.9 KB,2048,2048,0,PNG,Yes,1,0,1,None found,2048,16777216,16.0 MB,Assets/Furniture Mega Pack/Materials/Cushion/mat_Cushion01_08.mat,Unknown,,Review if referenced,Visual QA required
Assets/TerrainSampleAssets/Textures/Details/BushDry_Thickness.tif,586044,572.3 KB,1024,1024,10,TIFF,Yes,1,0,2,None found,2048,4194304,4.0 MB,Assets/TerrainSampleAssets/Materials/BushDry.asset,Unknown,,Review if referenced,Visual QA required
Assets/BCaT_assets/BlackParlors/Assets/breonna-taylor-mural-img.jpeg,586038,572.3 KB,2048,1152,0,JPEG,Unknown,1,0,1,WebGL,2048,9437184,9.0 MB,Assets/BCaT_assets/BlackParlors/Assets/BreonnaTaylorMural.mat,Unknown,,Review if referenced,Visual QA required
Assets/Animated Tropical Vegetation/Textures/banana_tree_2_bark_color.png,582471,568.8 KB,512,1024,0,PNG,Unknown,1,0,1,None found,2048,2097152,2.0 MB,Assets/Animated Tropical Vegetation/Materials/banana_tree_2_bark.mat,Unknown,,Review if referenced,Visual QA required
Assets/DevDen Arch Viz Scotland/Textures/Kitchen Room/Kitchen_cupboard_1/kitchen_2_green_wood_Normal.png,579107,565.5 KB,1024,1024,1,PNG,Yes,1,1,1,WebGL,2048,4194304,4.0 MB,Assets/DevDen Arch Viz Scotland/Materials/Kitchen Room/green_wood.mat; Assets/HyTeKGames/SRPMaterialConverter/ConvertedMaterials/green_wood.mat,Normal map,ReadWrite enabled,Review if referenced,Visual QA required
Assets/DevDen Arch Viz Scotland/Textures/Kitchen Room/kitchen_1/kitchen_granite_AO.png,578123,564.6 KB,2048,2048,0,PNG,Yes,1,1,1,WebGL,2048,16777216,16.0 MB,Assets/DevDen Arch Viz Scotland/Materials/Kitchen Room/granite.mat,Unknown,ReadWrite enabled,Review if referenced,Visual QA required
Assets/Idyllic Italian Coast Town/Textures/M_beverages_MaskMap.png,575848,562.4 KB,1024,1024,0,PNG,Yes,1,0,1,None found,2048,4194304,4.0 MB,Assets/Idyllic Italian Coast Town/Materials/M_beverages 1.mat; Assets/Idyllic Italian Coast Town/Materials/M_beverages.mat,Unknown,,Review if referenced,Visual QA required
Assets/DevDen Arch Viz Scotland/Textures/Common/Interior_props/CommonPlastic01_NM.png,575150,561.7 KB,1024,1024,1,PNG,Unknown,1,0,1,None found,2048,4194304,4.0 MB,Assets/DevDen Arch Viz Scotland/Materials/Study Room/LightPlastic02.mat; Assets/HyTeKGames/SRPMaterialConverter/ConvertedMaterials/LightPlastic02.mat,Normal map,,Review if referenced,Visual QA required
Assets/Animated Tropical Vegetation/Textures/billboards/large_palm_tree_1_billboard_color.png,570105,556.7 KB,1024,1024,0,PNG,Yes,1,0,1,None found,2048,4194304,4.0 MB,Assets/Animated Tropical Vegetation/Materials/Billboards/large_palm_tree_1_billboard.mat,Unknown,,Review if referenced,Visual QA required
Assets/DevDen Arch Viz Scotland/Textures/Living Room/Laptop/laptop_DefaultMaterial_AO.png,568853,555.5 KB,2048,2048,0,PNG,Yes,1,1,1,WebGL,2048,16777216,16.0 MB,Assets/DevDen Arch Viz Scotland/Materials/Living Room/laptop.mat,Unknown,ReadWrite enabled,Review if referenced,Visual QA required
Assets/Animated Tropical Vegetation/Textures/palm_tree_2_bark_color.png,567268,554.0 KB,512,1024,0,PNG,Unknown,1,0,1,None found,2048,2097152,2.0 MB,Assets/Animated Tropical Vegetation/Materials/palm_tree_2_bark.mat,Unknown,,Review if referenced,Visual QA required
Assets/Furniture Mega Pack/Textures/Tables/Table49/Table49_mat_Table49_MetallicSmoothness.png,563632,550.4 KB,2048,2048,0,PNG,Yes,1,0,1,None found,2048,16777216,16.0 MB,Assets/Furniture Mega Pack/Materials/Table/mat_Table49.mat,Unknown,,Review if referenced,Visual QA required
Assets/My_Custom/txtrs/Ground093C_1K-JPG_Color.jpg,563256,550.1 KB,1024,1024,0,JPEG,Unknown,1,0,1,WebGL,2048,4194304,4.0 MB,Assets/TerrainSampleAssets/Textures/Terrain/sand.mat,Unknown,,Review if referenced,Visual QA required
Assets/Idyllic Italian Coast Town/Textures/M_clothtable_crosspattern_BaseMap.png,559435,546.3 KB,1024,1024,0,PNG,Unknown,1,0,1,None found,2048,4194304,4.0 MB,Assets/Idyllic Italian Coast Town/Materials/M_clothtable.mat,Unknown,,Review if referenced,Visual QA required
Assets/HyTeKGames/SRPMaterialConverter/ConvertedMaterials/Maps/M_washbasin2_1_AO.png,555017,542.0 KB,2048,2048,0,PNG,Yes,1,0,1,WebGL,2048,16777216,16.0 MB,,Unknown,,Review if referenced,Unknown/runtime or unused candidate
Assets/HyTeKGames/SRPMaterialConverter/ConvertedMaterials/Maps/M_washbasin2_AO.png,555017,542.0 KB,2048,2048,0,PNG,Yes,1,0,1,WebGL,2048,16777216,16.0 MB,Assets/HyTeKGames/SRPMaterialConverter/ConvertedMaterials/M_washbasin2.mat,Unknown,,Review if referenced,Visual QA required
Assets/TerrainSampleAssets/Textures/Heightmaps/Canyon01_Heightmap.tif,548868,536.0 KB,512,512,10,TIFF,Yes,0,0,1,None found,2048,1048576,1.0 MB,,Unknown,,Review if referenced,Unknown/runtime or unused candidate
Assets/DevDen Arch Viz Scotland/Textures/Bathroom/TolPaper/tolpaper_DefaultMaterial_AlbedoTransparency.png,548850,536.0 KB,1024,1024,0,PNG,Yes,1,1,1,WebGL,2048,4194304,4.0 MB,Assets/DevDen Arch Viz Scotland/Materials/Bathroom/tolpaper.mat; Assets/HyTeKGames/SRPMaterialConverter/ConvertedMaterials/tolpaper.mat,Unknown,ReadWrite enabled,Review if referenced,Visual QA required
Assets/HyTeKGames/SRPMaterialConverter/ConvertedMaterials/Maps/bed_sider_AO.png,544935,532.2 KB,2048,2048,0,PNG,Yes,1,0,1,WebGL,2048,16777216,16.0 MB,Assets/HyTeKGames/SRPMaterialConverter/ConvertedMaterials/bed_sider.mat,Unknown,,Review if referenced,Visual QA required
Assets/HyTeKGames/SRPMaterialConverter/ConvertedMaterials/Maps/bed_sider_1_AO.png,544935,532.2 KB,2048,2048,0,PNG,Yes,1,0,1,WebGL,2048,16777216,16.0 MB,,Unknown,,Review if referenced,Unknown/runtime or unused candidate
Assets/Idyllic Italian Coast Town/Textures/M_pipes_MaskMap.png,544836,532.1 KB,1024,1024,0,PNG,Yes,1,0,1,None found,2048,4194304,4.0 MB,Assets/Idyllic Italian Coast Town/Materials/M_pipes.mat,Unknown,,Review if referenced,Visual QA required
Assets/Furniture Mega Pack/Textures/Kitchen/AtlasTexture_KitchenCollection_Atlastexture_KitchenCollection_MetallicSmoothness.png,544803,532.0 KB,2048,2048,0,PNG,Yes,1,0,1,None found,2048,16777216,16.0 MB,Assets/Furniture Mega Pack/Materials/Kitchen/mat_Kitchen.mat,Unknown,,Review if referenced,Visual QA required
Assets/HyTeKGames/SRPMaterialConverter/ConvertedMaterials/Maps/kitchan_mat_2_1_Metallic.png,542995,530.3 KB,2048,2048,0,PNG,Yes,1,0,1,WebGL,2048,16777216,16.0 MB,,Unknown,,Review if referenced,Unknown/runtime or unused candidate
Assets/HyTeKGames/SRPMaterialConverter/ConvertedMaterials/Maps/kitchan_mat_2_Metallic.png,542995,530.3 KB,2048,2048,0,PNG,Yes,1,0,1,WebGL,2048,16777216,16.0 MB,Assets/HyTeKGames/SRPMaterialConverter/ConvertedMaterials/kitchan_mat_2.mat,Unknown,,Review if referenced,Visual QA required
Assets/Coconut Palm Tree Pack/Textures/Parts/Coconut_Palm_Tree_Branch2_normal.png,540374,527.7 KB,512,1024,5,PNG,Unknown,1,1,,None found,1024,2097152,2.0 MB,Assets/Coconut Palm Tree Pack/Materials/Parts/Coconut_Palm_Tree_Leaf2.mat,Normal map,ReadWrite enabled,Review if referenced,Visual QA required
Assets/DevDen Arch Viz Scotland/Textures/Balcony/balcony/balcony_balcony_glass_AlbedoTransparency.png,538126,525.5 KB,2048,2048,0,PNG,Yes,1,1,1,WebGL,2048,16777216,16.0 MB,Assets/DevDen Arch Viz Scotland/Materials/balcony/balcony_glass.mat; Assets/HyTeKGames/SRPMaterialConverter/ConvertedMaterials/balcony_glass.mat,Unknown,ReadWrite enabled,Review if referenced,Visual QA required
Assets/Furniture Mega Pack/Textures/Tables/Table28/Table28_mat_Table28_MetallicSmoothness.png,537235,524.6 KB,2048,2048,0,PNG,Yes,1,0,1,None found,2048,16777216,16.0 MB,Assets/Furniture Mega Pack/Materials/Table/mat_Table28.mat,Unknown,,Review if referenced,Visual QA required
Assets/Samples/XR Interaction Toolkit/3.3.1/Starter Assets/DemoSceneAssets/Sprites/LegibilityMask.png,532145,519.7 KB,1424,1424,8,PNG,Yes,0,0,1,None found,2048,8111104,7.7 MB,Assets/Samples/XR Interaction Toolkit/3.3.1/Starter Assets/Prefabs/Teleport/Climb Teleport Arrow.prefab,Unknown,,Review if referenced,Visual QA required
Assets/Animated Tropical Vegetation/Textures/billboards/bushy_palm_2_billboard_color.png,530205,517.8 KB,1024,1024,0,PNG,Yes,1,0,1,None found,2048,4194304,4.0 MB,Assets/Animated Tropical Vegetation/Materials/Billboards/bushy_palm_2_billboard.mat,Unknown,,Review if referenced,Visual QA required
Assets/DevDen Arch Viz Scotland/Textures/Bed Room/foto_frame_2/Painting_Small_C_Paintings_House_AlbedoTransparency.png,523710,511.4 KB,2048,2048,0,PNG,Yes,1,1,1,WebGL,2048,16777216,16.0 MB,Assets/DevDen Arch Viz Scotland/Materials/Bed Room/Paintings_House.mat; Assets/HyTeKGames/SRPMaterialConverter/ConvertedMaterials/Paintings_House.mat,Unknown,ReadWrite enabled,Review if referenced,Visual QA required
Assets/Animated Tropical Vegetation/Textures/banana_tree_2_bark_normal.png,521382,509.2 KB,512,1024,1,PNG,Unknown,1,0,1,None found,2048,2097152,2.0 MB,Assets/Animated Tropical Vegetation/Materials/banana_tree_2_bark.mat,Normal map,,Review if referenced,Visual QA required
Assets/BCaT_assets/Meshell_Sturgis/articles/Pages/BlackRefractions/page_020.png,519983,507.8 KB,792,1203,0,PNG,Unknown,0,0,0,WebGL,2048,3811104,3.6 MB,Assets/BH_XR_MainScene.unity; Assets/_Recovery/0 (21).unity; Assets/_Recovery/0 (22).unity; Assets/_Recovery/0 (23).unity,Article/document page,,Review if referenced,Visual QA required
Assets/Animated Tropical Vegetation/Textures/palm_tree_2_bark_normal.png,509386,497.4 KB,512,1024,1,PNG,Unknown,1,0,1,None found,2048,2097152,2.0 MB,Assets/Animated Tropical Vegetation/Materials/palm_tree_2_bark.mat,Normal map,,Review if referenced,Visual QA required
Assets/TerrainSampleAssets/Textures/Details/Grass_A_Thickness.tif,508392,496.5 KB,1024,1024,10,TIFF,Yes,1,0,1,None found,2048,4194304,4.0 MB,Assets/TerrainSampleAssets/Materials/Grass.asset,Unknown,,Review if referenced,Visual QA required
Assets/Animated Tropical Vegetation/Textures/billboards/bushy_palm_3_billboard_color.png,506269,494.4 KB,1024,1024,0,PNG,Yes,1,0,1,None found,2048,4194304,4.0 MB,Assets/Animated Tropical Vegetation/Materials/Billboards/bushy_palm_3_billboard.mat,Unknown,,Review if referenced,Visual QA required
Assets/Idyllic Italian Coast Town/Textures/M_beverages_BaseMap.png,502112,490.3 KB,1024,1024,0,PNG,Yes,1,0,1,None found,2048,4194304,4.0 MB,Assets/Idyllic Italian Coast Town/Materials/M_beverages 1.mat; Assets/Idyllic Italian Coast Town/Materials/M_beverages.mat,Unknown,,Review if referenced,Visual QA required
Assets/HyTeKGames/SRPMaterialConverter/ConvertedMaterials/Maps/M_toilet_AO.png,500349,488.6 KB,2048,2048,0,PNG,Yes,1,0,1,WebGL,2048,16777216,16.0 MB,Assets/HyTeKGames/SRPMaterialConverter/ConvertedMaterials/M_toilet.mat,Unknown,,Review if referenced,Visual QA required
Assets/HyTeKGames/SRPMaterialConverter/ConvertedMaterials/Maps/M_toilet_1_AO.png,500349,488.6 KB,2048,2048,0,PNG,Yes,1,0,1,WebGL,2048,16777216,16.0 MB,,Unknown,,Review if referenced,Unknown/runtime or unused candidate
Assets/Coconut Palm Tree Pack/Textures/Parts/Palm_Brush_normal.tif,494778,483.2 KB,512,512,5,TIFF,Unknown,1,1,,None found,1024,1048576,1.0 MB,Assets/Coconut Palm Tree Pack/Materials/Parts/Coconut_Palm_Tree_Brush.mat,Normal map,ReadWrite enabled,Review if referenced,Visual QA required
Assets/Animated Tropical Vegetation/Textures/billboards/banana_tree_1_billboard_color.png,493215,481.7 KB,1024,1024,0,PNG,Yes,1,0,1,None found,2048,4194304,4.0 MB,Assets/Animated Tropical Vegetation/Materials/Billboards/banana_tree_1_billboard.mat,Unknown,,Review if referenced,Visual QA required
Assets/TerrainSampleAssets/Textures/Details/GrassDry_MaskMap.tif,491744,480.2 KB,1024,1024,0,TIFF,Unknown,1,0,2,WebGL,2048,4194304,4.0 MB,Assets/TerrainSampleAssets/Materials/GrassDry.asset; Assets/TerrainSampleAssets/Materials/Grass_C.asset,Unknown,,Review if referenced,Visual QA required
Assets/DevDen Arch Viz Scotland/Textures/Bathroom/Tile_Bath/SubwayTile - normal (Modified).png,487117,475.7 KB,1024,1024,1,PNG,Yes,1,0,1,None found,2048,4194304,4.0 MB,Assets/DevDen Arch Viz Scotland/Materials/Bathroom/bathroom_wall_mat_1.mat; Assets/HyTeKGames/SRPMaterialConverter/ConvertedMaterials/bathroom_wall_mat_1.mat,Normal map,,Review if referenced,Visual QA required
Assets/Animated Tropical Vegetation/Textures/billboards/jungle_bush_1_billboard_color.png,482007,470.7 KB,1024,1024,0,PNG,Yes,1,0,1,None found,2048,4194304,4.0 MB,Assets/Animated Tropical Vegetation/Materials/Billboards/jungle_bush_1_billboard.mat,Unknown,,Review if referenced,Visual QA required
Assets/DevDen Arch Viz Scotland/Textures/Bathroom/bathroom_cabin/bathroom_cabin_bathroom_cabin_AO.png,479043,467.8 KB,1024,1024,0,PNG,Yes,1,1,1,WebGL,2048,4194304,4.0 MB,Assets/DevDen Arch Viz Scotland/Materials/Bathroom/bathroom_cabin.mat,Unknown,ReadWrite enabled,Review if referenced,Visual QA required
Assets/DevDen Arch Viz Scotland/Textures/Balcony/flower_pot/flower_pot_1_flower_Normal.png,477600,466.4 KB,1024,1024,1,PNG,Yes,1,0,1,WebGL,2048,4194304,4.0 MB,Assets/DevDen Arch Viz Scotland/Materials/balcony/flower.mat; Assets/HyTeKGames/SRPMaterialConverter/ConvertedMaterials/flower.mat,Normal map,,Review if referenced,Visual QA required
Assets/DevDen Arch Viz Scotland/Textures/Living Room/Remotecontrol/RemoteControl_DefaultMaterial_MetallicSmoothness.png,476271,465.1 KB,1024,1024,0,PNG,Yes,1,1,1,WebGL,2048,4194304,4.0 MB,Assets/DevDen Arch Viz Scotland/Materials/Living Room/Remote.mat,Unknown,ReadWrite enabled,Review if referenced,Visual QA required
Assets/HyTeKGames/SRPMaterialConverter/ConvertedMaterials/Maps/balcony_metal_2_AO.png,474116,463.0 KB,2048,2048,0,PNG,Yes,1,0,1,WebGL,2048,16777216,16.0 MB,,Unknown,,Review if referenced,Unknown/runtime or unused candidate
Assets/HyTeKGames/SRPMaterialConverter/ConvertedMaterials/Maps/balcony_metal_1_AO.png,474116,463.0 KB,2048,2048,0,PNG,Yes,1,0,1,WebGL,2048,16777216,16.0 MB,,Unknown,,Review if referenced,Unknown/runtime or unused candidate
Assets/HyTeKGames/SRPMaterialConverter/ConvertedMaterials/Maps/balcony_metal_AO.png,474116,463.0 KB,2048,2048,0,PNG,Yes,1,0,1,WebGL,2048,16777216,16.0 MB,Assets/HyTeKGames/SRPMaterialConverter/ConvertedMaterials/balcony_metal.mat,Unknown,,Review if referenced,Visual QA required
Assets/DevDen Arch Viz Scotland/Textures/Living Room/tea_table/Tea Table_teatable_AlbedoTransparency.png,473603,462.5 KB,1024,1024,0,PNG,Yes,1,1,1,WebGL,2048,4194304,4.0 MB,Assets/DevDen Arch Viz Scotland/Materials/Living Room/teatable.mat; Assets/HyTeKGames/SRPMaterialConverter/ConvertedMaterials/teatable.mat,Unknown,ReadWrite enabled,Review if referenced,Visual QA required
Assets/HyTeKGames/SRPMaterialConverter/ConvertedMaterials/Maps/Table Mat_AO.png,471346,460.3 KB,2048,2048,0,PNG,Yes,1,0,1,WebGL,2048,16777216,16.0 MB,Assets/HyTeKGames/SRPMaterialConverter/ConvertedMaterials/Table Mat.mat,Unknown,,Review if referenced,Visual QA required
Assets/HyTeKGames/SRPMaterialConverter/ConvertedMaterials/Maps/Table Mat_1_AO.png,471346,460.3 KB,2048,2048,0,PNG,Yes,1,0,1,WebGL,2048,16777216,16.0 MB,,Unknown,,Review if referenced,Unknown/runtime or unused candidate
Assets/HyTeKGames/SRPMaterialConverter/ConvertedMaterials/Maps/diining_chair_wood_1_AO.png,469667,458.7 KB,2048,2048,0,PNG,Yes,1,0,1,WebGL,2048,16777216,16.0 MB,,Unknown,,Review if referenced,Unknown/runtime or unused candidate
Assets/HyTeKGames/SRPMaterialConverter/ConvertedMaterials/Maps/diining_chair_wood_AO.png,469667,458.7 KB,2048,2048,0,PNG,Yes,1,0,1,WebGL,2048,16777216,16.0 MB,Assets/HyTeKGames/SRPMaterialConverter/ConvertedMaterials/diining_chair_wood.mat,Unknown,,Review if referenced,Visual QA required
Assets/BCaT_assets/Meshell_Sturgis/articles/Pages/Tesseract/page_003.png,465720,454.8 KB,1120,1395,0,PNG,Unknown,0,0,0,WebGL,2048,6249600,6.0 MB,Assets/BH_XR_MainScene.unity; Assets/_Recovery/0 (21).unity; Assets/_Recovery/0 (22).unity; Assets/_Recovery/0 (23).unity,Article/document page,,Review if referenced,Visual QA required
Assets/DevDen Arch Viz Scotland/Textures/Bathroom/Bathroom_Glass/glass_glass_Normal.png,461977,451.1 KB,2048,2048,1,PNG,Yes,1,1,1,WebGL,2048,16777216,16.0 MB,Assets/DevDen Arch Viz Scotland/Materials/Bathroom/Bathroom_glass_1.mat; Assets/HyTeKGames/SRPMaterialConverter/ConvertedMaterials/Bathroom_glass_1.mat,Normal map,ReadWrite enabled,Review if referenced,Visual QA required
Assets/Furniture Mega Pack/Textures/Drawer/AtlasTexture_Drawer_DefaultMaterial_AlbedoTransparency.png,460816,450.0 KB,2048,2048,0,PNG,Unknown,1,0,1,None found,2048,16777216,16.0 MB,Assets/Furniture Mega Pack/Materials/Drawer/mat_Drawer.mat,Unknown,,Review if referenced,Visual QA required
Assets/DevDen Arch Viz Scotland/Textures/Living Room/TV/TV_AlbedoTransparency.png,457820,447.1 KB,1024,1024,0,PNG,Unknown,1,0,1,None found,2048,4194304,4.0 MB,Assets/DevDen Arch Viz Scotland/Materials/Living Room/TV.mat; Assets/HyTeKGames/SRPMaterialConverter/ConvertedMaterials/TV.mat,Unknown,,Review if referenced,Visual QA required
Assets/BCaT_assets/Meshell_Sturgis/articles/Pages/BlackRefractions/page_001.png,455322,444.7 KB,792,1224,0,PNG,Unknown,0,0,0,WebGL,2048,3877632,3.7 MB,Assets/BH_XR_MainScene.unity; Assets/_Recovery/0 (21).unity; Assets/_Recovery/0 (22).unity; Assets/_Recovery/0 (23).unity,Article/document page,,Review if referenced,Visual QA required
Assets/TerrainSampleAssets/Textures/Details/Fern_Thickness.tif,451368,440.8 KB,1024,1024,10,TIFF,Yes,1,0,1,None found,2048,4194304,4.0 MB,Assets/TerrainSampleAssets/Materials/Fern.asset,Unknown,,Review if referenced,Visual QA required
Assets/BCaT/Exhibits/PrivacyLawExhibit/Textures/PrivacyLaw_SourceBlueprint.png,449433,438.9 KB,2427,1250,8,PNG,Yes,0,0,2,WebGL,2048,12135000,11.6 MB,,Unknown,,Review if referenced,Unknown/runtime or unused candidate
Assets/DevDen Arch Viz Scotland/Textures/Kitchen Room/CoffeeMachine/coffeemachine_DefaultMaterial_Normal.png,448098,437.6 KB,2048,2048,1,PNG,Yes,1,1,1,WebGL,2048,16777216,16.0 MB,Assets/DevDen Arch Viz Scotland/Materials/Kitchen Room/coffee_maker.mat; Assets/HyTeKGames/SRPMaterialConverter/ConvertedMaterials/coffee_maker.mat,Normal map,ReadWrite enabled,Review if referenced,Visual QA required
Assets/Animated Tropical Vegetation/Textures/billboards/jungle_bush_3_billboard_color.png,443960,433.6 KB,1024,1024,0,PNG,Yes,1,0,1,None found,2048,4194304,4.0 MB,Assets/Animated Tropical Vegetation/Materials/Billboards/jungle_bush_3_billboard.mat,Unknown,,Review if referenced,Visual QA required
Assets/Animated Tropical Vegetation/Textures/banana_tree_1_bark_color.png,442420,432.1 KB,512,512,0,PNG,Unknown,1,0,1,None found,2048,1048576,1.0 MB,Assets/Animated Tropical Vegetation/Materials/banana_tree_1_bark.mat,Unknown,,Review if referenced,Visual QA required
Assets/DevDen Arch Viz Scotland/Textures/Dining Room/food_cloth/tablemat_1.1_BaseColor.png,438859,428.6 KB,2048,2048,0,PNG,Unknown,1,0,1,None found,2048,16777216,16.0 MB,Assets/DevDen Arch Viz Scotland/Materials/Dining Room/Table Mat.mat; Assets/HyTeKGames/SRPMaterialConverter/ConvertedMaterials/Table Mat.mat,Unknown,,Review if referenced,Visual QA required
Assets/Animated Tropical Vegetation/Textures/banana_tree_2_leaves_normal.png,438298,428.0 KB,1024,1024,1,PNG,Unknown,1,0,1,None found,2048,4194304,4.0 MB,Assets/Animated Tropical Vegetation/Materials/banana_tree_2_leaves.mat,Normal map,,Review if referenced,Visual QA required
Assets/Furniture Mega Pack/Textures/Chairs/Chair31/Chair31_mat_Chair31_AlbedoTransparency.png,437147,426.9 KB,2048,2048,0,PNG,Unknown,1,0,1,None found,2048,16777216,16.0 MB,Assets/Furniture Mega Pack/Materials/Chair/mat_Chair31.mat,Unknown,,Review if referenced,Visual QA required
Assets/BCaT_assets/Meshell_Sturgis/articles/Pages/BlackRefractions/page_030.png,435890,425.7 KB,708,1203,0,PNG,Unknown,0,0,0,WebGL,2048,3406896,3.2 MB,Assets/BH_XR_MainScene.unity; Assets/_Recovery/0 (21).unity; Assets/_Recovery/0 (22).unity; Assets/_Recovery/0 (23).unity,Article/document page,,Review if referenced,Visual QA required
Assets/DevDen Arch Viz Scotland/Textures/Balcony/balconY_tacle/balcony_table_balcony_table_2_AO.png,433365,423.2 KB,1024,1024,0,PNG,Yes,1,1,1,WebGL,2048,4194304,4.0 MB,Assets/DevDen Arch Viz Scotland/Materials/balcony/balcony_table_2.mat,Unknown,ReadWrite enabled,Review if referenced,Visual QA required
Assets/DevDen Arch Viz Scotland/Textures/Balcony/flower_pot/flower_pot_1_leaf_MetallicSmoothness.png,433332,423.2 KB,1024,1024,0,PNG,Yes,1,0,1,WebGL,2048,4194304,4.0 MB,Assets/DevDen Arch Viz Scotland/Materials/balcony/leaf.mat,Unknown,,Review if referenced,Visual QA required
Assets/DevDen Arch Viz Scotland/Textures/Bathroom/bathroom_shelf/bathroom_shelf_bathroom_shelf_AO.png,428196,418.2 KB,1024,1024,0,PNG,Yes,1,1,1,WebGL,2048,4194304,4.0 MB,Assets/DevDen Arch Viz Scotland/Materials/Bathroom/bathroom_shelf.mat,Unknown,ReadWrite enabled,Review if referenced,Visual QA required
Assets/DevDen Arch Viz Scotland/Textures/Study Room/Books Pack/book_5.png,425578,415.6 KB,1024,1024,0,PNG,Unknown,1,0,1,None found,2048,4194304,4.0 MB,Assets/DevDen Arch Viz Scotland/Materials/Study Room/book_5.mat; Assets/HyTeKGames/SRPMaterialConverter/ConvertedMaterials/book_5.mat,Unknown,,Review if referenced,Visual QA required
Assets/BCAT_GLB_TextureRemediation/dishwasher/Texture_1 _01.png,417536,407.8 KB,4096,4096,0,PNG,Unknown,1,0,2,WebGL,2048,67108864,64.0 MB,,Unknown,Large 4096+,P1/P2: downscale/compress or externalize,Unknown/runtime or unused candidate
Assets/DevDen Arch Viz Scotland/Textures/Common/Interior_props/CommonCeramic02_Metallic.png,414462,404.7 KB,1024,1024,0,PNG,Yes,1,1,1,WebGL,2048,4194304,4.0 MB,Assets/DevDen Arch Viz Scotland/Materials/Bed Room/CommonCeramic02Biege.mat,Unknown,ReadWrite enabled,Review if referenced,Visual QA required
Assets/DevDen Arch Viz Scotland/Textures/Living Room/tea_table/Tea Table_teatable_Normal.png,414244,404.5 KB,1024,1024,1,PNG,Yes,1,1,1,WebGL,2048,4194304,4.0 MB,Assets/DevDen Arch Viz Scotland/Materials/Living Room/teatable.mat; Assets/HyTeKGames/SRPMaterialConverter/ConvertedMaterials/teatable.mat,Normal map,ReadWrite enabled,Review if referenced,Visual QA required
Assets/Animated Tropical Vegetation/Textures/billboards/banana_tree_3_billboard_color.png,408889,399.3 KB,1024,1024,0,PNG,Yes,1,0,1,None found,2048,4194304,4.0 MB,Assets/Animated Tropical Vegetation/Materials/Billboards/banana_tree_3_billboard.mat,Unknown,,Review if referenced,Visual QA required
Assets/danthaigames/DS 80s Television/Textures/TVHandlesSurround.png,407694,398.1 KB,2048,2048,0,PNG,Yes,1,0,1,None found,2048,16777216,16.0 MB,Assets/danthaigames/DS 80s Television/Materials/TV Handles and Surround.mat,Unknown,,Review if referenced,Visual QA required
Assets/Animated Tropical Vegetation/Textures/billboards/banana_tree_6_billboard_color.png,407252,397.7 KB,1024,1024,0,PNG,Yes,1,0,1,None found,2048,4194304,4.0 MB,Assets/Animated Tropical Vegetation/Materials/Billboards/banana_tree_6_billboard.mat,Unknown,,Review if referenced,Visual QA required
Assets/Animated Tropical Vegetation/Textures/billboards/bamboo_2_billboard_color.png,403375,393.9 KB,1024,1024,0,PNG,Yes,1,0,1,None found,2048,4194304,4.0 MB,Assets/Animated Tropical Vegetation/Materials/Billboards/bamboo_2_billboard.mat,Unknown,,Review if referenced,Visual QA required
Assets/DevDen Arch Viz Scotland/Textures/Study Room/shelf/shelf_shelf1_MetallicSmoothness.png,397753,388.4 KB,1024,1024,0,PNG,Yes,1,1,1,WebGL,2048,4194304,4.0 MB,Assets/DevDen Arch Viz Scotland/Materials/Study Room/shelf1.mat,Unknown,ReadWrite enabled,Review if referenced,Visual QA required
Assets/Animated Tropical Vegetation/Textures/billboards/banana_tree_2_billboard_color.png,394146,384.9 KB,1024,1024,0,PNG,Yes,1,0,1,None found,2048,4194304,4.0 MB,Assets/Animated Tropical Vegetation/Materials/Billboards/banana_tree_2_billboard.mat,Unknown,,Review if referenced,Visual QA required
Assets/HyTeKGames/SRPMaterialConverter/ConvertedMaterials/Maps/Air Conditioner_1_Metallic.png,389195,380.1 KB,2048,2048,0,PNG,Yes,1,0,1,WebGL,2048,16777216,16.0 MB,,Unknown,,Review if referenced,Unknown/runtime or unused candidate
Assets/HyTeKGames/SRPMaterialConverter/ConvertedMaterials/Maps/Air Conditioner_Metallic.png,389195,380.1 KB,2048,2048,0,PNG,Yes,1,0,1,WebGL,2048,16777216,16.0 MB,Assets/HyTeKGames/SRPMaterialConverter/ConvertedMaterials/Air Conditioner.mat,Unknown,,Review if referenced,Visual QA required
Assets/My_Custom/txtrs/221_siding wood texture-seamless.jpg,388700,379.6 KB,1000,1000,0,JPEG,Unknown,1,0,1,WebGL,2048,4000000,3.8 MB,Assets/My_Custom/mtrls/HallWood 1.mat; Assets/My_Custom/mtrls/HallWood 2.mat; Assets/My_Custom/mtrls/HallWood 3.mat; Assets/My_Custom/mtrls/HallWood 4.mat,Unknown,,Review if referenced,Visual QA required
Assets/Animated Tropical Vegetation/Textures/billboards/bamboo_1_billboard_color.png,383152,374.2 KB,1024,1024,0,PNG,Yes,1,0,1,None found,2048,4194304,4.0 MB,Assets/Animated Tropical Vegetation/Materials/Billboards/bamboo_1_billboard.mat,Unknown,,Review if referenced,Visual QA required
Assets/DevDen Arch Viz Scotland/Textures/Dining Room/dinning_chair/dinning_chair_dinning_chair_cusion_AO.png,382903,373.9 KB,2048,2048,0,PNG,Yes,1,1,1,WebGL,2048,16777216,16.0 MB,Assets/DevDen Arch Viz Scotland/Materials/Dining Room/dinning_chair_cusion.mat,Unknown,ReadWrite enabled,Review if referenced,Visual QA required
Assets/Animated Tropical Vegetation/Textures/billboards/banana_tree_4_billboard_color.png,382423,373.5 KB,1024,1024,0,PNG,Yes,1,0,1,None found,2048,4194304,4.0 MB,Assets/Animated Tropical Vegetation/Materials/Billboards/banana_tree_4_billboard.mat,Unknown,,Review if referenced,Visual QA required
Assets/DevDen Arch Viz Scotland/Textures/Common/Socket/socket_M_socket_AlbedoTransparency.png,380148,371.2 KB,1024,1024,0,PNG,Yes,1,1,1,WebGL,2048,4194304,4.0 MB,Assets/DevDen Arch Viz Scotland/Materials/Common/Socket.mat; Assets/HyTeKGames/SRPMaterialConverter/ConvertedMaterials/Socket.mat,Unknown,ReadWrite enabled,Review if referenced,Visual QA required
Assets/BCaT/Exhibits/PrivacyLawExhibit/Textures/PrivacyLaw_Figure02.png,377310,368.5 KB,1920,1080,8,PNG,Unknown,0,0,2,WebGL,2048,8294400,7.9 MB,Assets/BCaT/Exhibits/PrivacyLawExhibit/Prefabs/PrivacyLawExhibit.prefab; Assets/BH_XR_MainScene.unity,Unknown,,Review if referenced,Visual QA required
Assets/Furniture Mega Pack/Textures/Bathroom/AtlasTexture_BathroomCollection_BathroomCollection_AlbedoTransparency.png,375705,366.9 KB,2048,2048,0,PNG,Unknown,1,0,1,None found,2048,16777216,16.0 MB,Assets/Furniture Mega Pack/Materials/Bathroom/mat_Bathroom.mat,Unknown,,Review if referenced,Visual QA required
Assets/DevDen Arch Viz Scotland/Textures/Bed Room/foto_frame_3/Painting_StandPhoto_A_Paintings_House_AO.png,374917,366.1 KB,2048,2048,0,PNG,Yes,1,1,1,WebGL,2048,16777216,16.0 MB,Assets/DevDen Arch Viz Scotland/Materials/Bed Room/Paintings_House_2.mat,Unknown,ReadWrite enabled,Review if referenced,Visual QA required
Assets/BCaT_assets/LindaLeaks/Images/LL_CoopHousing_04.jpg,369875,361.2 KB,1744,1182,8,JPEG,Unknown,0,0,1,WebGL,2048,8245632,7.9 MB,Assets/BCaT_assets/LindaLeaks/Prefabs/LindaLeaks_Exhibit_PhotoAlbum.prefab,Unknown,,Review if referenced,Visual QA required
Assets/BCaT_assets/LindaLeaks/Images/LL_CoopHousing_05.jpg,367470,358.9 KB,1711,1180,8,JPEG,Unknown,0,0,1,WebGL,2048,8075920,7.7 MB,Assets/BCaT_assets/LindaLeaks/Prefabs/LindaLeaks_Exhibit_PhotoAlbum.prefab,Unknown,,Review if referenced,Visual QA required
Assets/BCaT/Exhibits/PrivacyLawExhibit/Textures/PrivacyLaw_Figure03.jpg,365251,356.7 KB,1920,1080,8,JPEG,Unknown,0,0,2,WebGL,2048,8294400,7.9 MB,Assets/BCaT/Exhibits/PrivacyLawExhibit/Prefabs/PrivacyLawExhibit.prefab; Assets/BH_XR_MainScene.unity,Unknown,,Review if referenced,Visual QA required
Assets/Animated Tropical Vegetation/Textures/billboards/big_palm_tree_billboard_color.png,362636,354.1 KB,1024,1024,0,PNG,Yes,1,0,1,None found,2048,4194304,4.0 MB,Assets/Animated Tropical Vegetation/Materials/Billboards/big_palm_tree_billboard.mat,Unknown,,Review if referenced,Visual QA required
Assets/BCaT_assets/Meshell_Sturgis/articles/Pages/BlackRefractions/page_031.png,358642,350.2 KB,760,1224,0,PNG,Unknown,0,0,0,WebGL,2048,3720960,3.5 MB,Assets/BH_XR_MainScene.unity; Assets/_Recovery/0 (21).unity; Assets/_Recovery/0 (22).unity; Assets/_Recovery/0 (23).unity,Article/document page,,Review if referenced,Visual QA required
Assets/Animated Tropical Vegetation/Textures/billboards/banana_tree_5_billboard_color.png,358439,350.0 KB,1024,1024,0,PNG,Yes,1,0,1,None found,2048,4194304,4.0 MB,Assets/Animated Tropical Vegetation/Materials/Billboards/banana_tree_5_billboard.mat,Unknown,,Review if referenced,Visual QA required
Assets/HyTeKGames/SRPMaterialConverter/ConvertedMaterials/Maps/washingMachine_1_Metallic.png,358001,349.6 KB,2048,2048,0,PNG,Yes,1,0,1,WebGL,2048,16777216,16.0 MB,,Unknown,,Review if referenced,Unknown/runtime or unused candidate
Assets/HyTeKGames/SRPMaterialConverter/ConvertedMaterials/Maps/washingmachineclosed_Metallic.png,358001,349.6 KB,2048,2048,0,PNG,Yes,1,0,1,WebGL,2048,16777216,16.0 MB,Assets/HyTeKGames/SRPMaterialConverter/ConvertedMaterials/washingmachineclosed.mat,Unknown,,Review if referenced,Visual QA required
Assets/HyTeKGames/SRPMaterialConverter/ConvertedMaterials/Maps/washingmachineclosed_1_Metallic.png,358001,349.6 KB,2048,2048,0,PNG,Yes,1,0,1,WebGL,2048,16777216,16.0 MB,,Unknown,,Review if referenced,Unknown/runtime or unused candidate
Assets/HyTeKGames/SRPMaterialConverter/ConvertedMaterials/Maps/washingMachine_Metallic.png,358001,349.6 KB,2048,2048,0,PNG,Yes,1,0,1,WebGL,2048,16777216,16.0 MB,Assets/HyTeKGames/SRPMaterialConverter/ConvertedMaterials/washingMachine.mat,Unknown,,Review if referenced,Visual QA required
Assets/DevDen Arch Viz Scotland/Textures/Bed Room/FOTO_FRAME_4/Painting_StandPhoto_C_Paintings_House_AlbedoTransparency.png,358000,349.6 KB,2048,2048,0,PNG,Yes,1,1,1,WebGL,2048,16777216,16.0 MB,Assets/DevDen Arch Viz Scotland/Materials/Bed Room/Paintings_House_1.mat; Assets/HyTeKGames/SRPMaterialConverter/ConvertedMaterials/Paintings_House_1.mat,Unknown,ReadWrite enabled,Review if referenced,Visual QA required
Assets/DevDen Arch Viz Scotland/Textures/Kitchen Room/CoffeeMachine/coffeemachine_DefaultMaterial_MetallicSmoothness.png,357840,349.5 KB,2048,2048,0,PNG,Yes,1,1,1,WebGL,2048,16777216,16.0 MB,Assets/DevDen Arch Viz Scotland/Materials/Kitchen Room/coffee_maker.mat,Unknown,ReadWrite enabled,Review if referenced,Visual QA required
Assets/BCaT_assets/LindaLeaks/Images/image22b.jpg,356459,348.1 KB,1744,1182,8,JPEG,Unknown,0,0,1,WebGL,2048,8245632,7.9 MB,,Unknown,,Review if referenced,Unknown/runtime or unused candidate
Assets/Idyllic Italian Coast Town/Textures/M_grasstexture_stylized.png,355694,347.4 KB,1024,1024,0,PNG,Yes,1,0,1,None found,2048,4194304,4.0 MB,,Unknown,,Review if referenced,Unknown/runtime or unused candidate
Assets/BCaT_assets/LindaLeaks/Images/image26b.jpg,354669,346.4 KB,1711,1180,8,JPEG,Unknown,0,0,1,WebGL,2048,8075920,7.7 MB,,Unknown,,Review if referenced,Unknown/runtime or unused candidate
Assets/DevDen Arch Viz Scotland/Textures/Environment/inner_wall/inner_wall_bathroom_floor3_AlbedoTransparency.png,349618,341.4 KB,2048,2048,0,PNG,Yes,1,1,1,WebGL,2048,16777216,16.0 MB,Assets/DevDen Arch Viz Scotland/Materials/Bathroom/bathroom_floor3.mat; Assets/HyTeKGames/SRPMaterialConverter/ConvertedMaterials/bathroom_floor3.mat,Unknown,ReadWrite enabled,Review if referenced,Visual QA required
Assets/Idyllic Italian Coast Town/Textures/M_water_Normal.png,349068,340.9 KB,512,512,1,PNG,Unknown,1,0,1,None found,2048,1048576,1.0 MB,Assets/Idyllic Italian Coast Town/Materials/M_water.mat,Normal map,,Review if referenced,Visual QA required
Assets/DevDen Arch Viz Scotland/Textures/Bed Room/bedside_table/bedside_table_bedside_AO.png,347840,339.7 KB,1024,1024,0,PNG,Yes,1,1,1,WebGL,2048,4194304,4.0 MB,Assets/DevDen Arch Viz Scotland/Materials/Bed Room/bedroom_wood_side_table.mat,Unknown,ReadWrite enabled,Review if referenced,Visual QA required
Assets/DevDen Arch Viz Scotland/Textures/Bathroom/TolPaper/tolpaper_DefaultMaterial_AO.png,347707,339.6 KB,1024,1024,0,PNG,Yes,1,1,1,WebGL,2048,4194304,4.0 MB,Assets/DevDen Arch Viz Scotland/Materials/Bathroom/tolpaper.mat,Unknown,ReadWrite enabled,Review if referenced,Visual QA required
Assets/HyTeKGames/SRPMaterialConverter/ConvertedMaterials/Maps/granite_1_AO.png,346109,338.0 KB,2048,2048,0,PNG,Yes,1,0,1,WebGL,2048,16777216,16.0 MB,,Unknown,,Review if referenced,Unknown/runtime or unused candidate
Assets/HyTeKGames/SRPMaterialConverter/ConvertedMaterials/Maps/granite_AO.png,346109,338.0 KB,2048,2048,0,PNG,Yes,1,0,1,WebGL,2048,16777216,16.0 MB,Assets/HyTeKGames/SRPMaterialConverter/ConvertedMaterials/granite.mat,Unknown,,Review if referenced,Visual QA required
Assets/DevDen Arch Viz Scotland/Textures/Study Room/Books Pack/book_4.png,343503,335.5 KB,1024,1024,0,PNG,Unknown,1,0,1,None found,2048,4194304,4.0 MB,Assets/DevDen Arch Viz Scotland/Materials/Study Room/book_4.mat; Assets/HyTeKGames/SRPMaterialConverter/ConvertedMaterials/book_4.mat,Unknown,,Review if referenced,Visual QA required
Assets/DevDen Arch Viz Scotland/Textures/Bathroom/Toilet/toilet_DefaultMaterial_AlbedoTransparency.png,340603,332.6 KB,2048,2048,0,PNG,Yes,1,1,1,WebGL,2048,16777216,16.0 MB,Assets/DevDen Arch Viz Scotland/Materials/Bathroom/M_toilet.mat; Assets/HyTeKGames/SRPMaterialConverter/ConvertedMaterials/M_toilet.mat,Unknown,ReadWrite enabled,Review if referenced,Visual QA required
Assets/Animated Tropical Vegetation/Textures/bushy_palm_2_color.png,340346,332.4 KB,1024,512,0,PNG,Yes,1,0,1,None found,2048,2097152,2.0 MB,Assets/Animated Tropical Vegetation/Materials/bushy_palm_2.mat,Unknown,,Review if referenced,Visual QA required
Assets/Idyllic Italian Coast Town/Textures/M_clothtable_BaseMap.png,339038,331.1 KB,1024,1024,0,PNG,Unknown,1,0,1,None found,2048,4194304,4.0 MB,Assets/Idyllic Italian Coast Town/Materials/M_clothtable 1.mat; Assets/Idyllic Italian Coast Town/Materials/M_clothtable 2.mat; Assets/Idyllic Italian Coast Town/Materials/M_clothtable 3.mat,Unknown,,Review if referenced,Visual QA required
Assets/DevDen Arch Viz Scotland/Textures/Living Room/Laptop/laptop_DefaultMaterial_Normal.png,335470,327.6 KB,2048,2048,1,PNG,Yes,1,1,1,WebGL,2048,16777216,16.0 MB,Assets/DevDen Arch Viz Scotland/Materials/Living Room/laptop.mat; Assets/HyTeKGames/SRPMaterialConverter/ConvertedMaterials/laptop.mat,Normal map,ReadWrite enabled,Review if referenced,Visual QA required
Assets/Idyllic Italian Coast Town/Textures/bricks_wall_02_height_1k.png,334882,327.0 KB,1024,1024,0,PNG,Unknown,1,0,1,None found,2048,4194304,4.0 MB,,Unknown,,Review if referenced,Unknown/runtime or unused candidate
Assets/DevDen Arch Viz Scotland/Textures/Balcony/flower_pot/flower_pot_1_flower_AlbedoTransparency.png,334135,326.3 KB,1024,1024,0,PNG,Yes,1,0,1,None found,2048,4194304,4.0 MB,Assets/DevDen Arch Viz Scotland/Materials/balcony/flower.mat; Assets/HyTeKGames/SRPMaterialConverter/ConvertedMaterials/flower.mat,Unknown,,Review if referenced,Visual QA required
Assets/DevDen Arch Viz Scotland/Textures/Kitchen Room/Kettle/kitchan mat 2_kitchan_mat_2_BaseColor 1.png,332814,325.0 KB,2048,2048,0,PNG,Yes,1,0,1,None found,2048,16777216,16.0 MB,Assets/DevDen Arch Viz Scotland/Materials/Kitchen Room/kitchan_mat_2.mat; Assets/HyTeKGames/SRPMaterialConverter/ConvertedMaterials/kitchan_mat_2.mat,Unknown,,Review if referenced,Visual QA required
Assets/DevDen Arch Viz Scotland/Textures/Balcony/flower_pot/flower_pot_1_wines_Normal.png,332139,324.4 KB,1024,1024,1,PNG,Yes,1,0,1,WebGL,2048,4194304,4.0 MB,Assets/DevDen Arch Viz Scotland/Materials/balcony/wines.mat; Assets/HyTeKGames/SRPMaterialConverter/ConvertedMaterials/wines.mat,Normal map,,Review if referenced,Visual QA required
Assets/Animated Tropical Vegetation/Textures/banana_tree_1_bark_normal.png,330408,322.7 KB,512,512,1,PNG,Unknown,1,0,1,None found,2048,1048576,1.0 MB,Assets/Animated Tropical Vegetation/Materials/banana_tree_1_bark.mat,Normal map,,Review if referenced,Visual QA required
Assets/DevDen Arch Viz Scotland/Textures/Balcony/balcony/balcony_balcony_glass_MetallicSmoothness.png,329309,321.6 KB,2048,2048,0,PNG,Yes,1,1,1,WebGL,2048,16777216,16.0 MB,Assets/DevDen Arch Viz Scotland/Materials/balcony/balcony_glass.mat,Unknown,ReadWrite enabled,Review if referenced,Visual QA required
Assets/BCaT_assets/Meshell_Sturgis/articles/Pages/GettingHome/page_002.png,324130,316.5 KB,684,1124,0,PNG,Unknown,0,0,0,WebGL,2048,3075264,2.9 MB,Assets/BH_XR_MainScene.unity; Assets/_Recovery/0 (21).unity; Assets/_Recovery/0 (22).unity; Assets/_Recovery/0 (23).unity,Article/document page,,Review if referenced,Visual QA required
Assets/BCaT_assets/LindaLeaks/Images/image58.jpg,323695,316.1 KB,1920,1284,8,JPEG,Unknown,0,0,1,WebGL,2048,9861120,9.4 MB,,Unknown,,Review if referenced,Unknown/runtime or unused candidate
Assets/BCaT_assets/LindaLeaks/Images/LL_CoopHousing_02.jpg,321221,313.7 KB,1492,1031,8,JPEG,Unknown,0,0,1,WebGL,2048,6153008,5.9 MB,Assets/BCaT_assets/LindaLeaks/Prefabs/LindaLeaks_Exhibit_PhotoAlbum.prefab,Unknown,,Review if referenced,Visual QA required
Assets/HyTeKGames/SRPMaterialConverter/ConvertedMaterials/Maps/bathroom_cabin_AO.png,320199,312.7 KB,1024,1024,0,PNG,Yes,1,0,1,WebGL,2048,4194304,4.0 MB,Assets/HyTeKGames/SRPMaterialConverter/ConvertedMaterials/bathroom_cabin.mat,Unknown,,Review if referenced,Visual QA required
Assets/HyTeKGames/SRPMaterialConverter/ConvertedMaterials/Maps/bathroom_cabin_1_AO.png,320199,312.7 KB,1024,1024,0,PNG,Yes,1,0,1,WebGL,2048,4194304,4.0 MB,,Unknown,,Review if referenced,Unknown/runtime or unused candidate
Assets/UnityTechnologies/Basic Asset Pack Interior/Textures/SpotsGreen.jpg,319739,312.2 KB,1024,1024,0,JPEG,Unknown,1,0,1,None found,2048,4194304,4.0 MB,Assets/UnityTechnologies/Basic Asset Pack Interior/Materials/PatternSpotGreenBlue.mat,Unknown,,Review if referenced,Visual QA required
Assets/DevDen Arch Viz Scotland/Textures/Kitchen Room/kitchen_1/kitchen_switch1_AO.png,316976,309.5 KB,2048,2048,0,PNG,Yes,1,1,1,WebGL,2048,16777216,16.0 MB,Assets/DevDen Arch Viz Scotland/Materials/Common/switch1.mat; Assets/DevDen Arch Viz Scotland/Materials/Common/switch2.mat,Unknown,ReadWrite enabled,Review if referenced,Visual QA required
Assets/DevDen Arch Viz Scotland/Textures/Common/Interior_props/CommonCeramic02.png,314244,306.9 KB,1024,1024,0,PNG,Yes,1,1,1,None found,2048,4194304,4.0 MB,Assets/DevDen Arch Viz Scotland/Materials/Bed Room/CommonCeramic02Biege.mat; Assets/HyTeKGames/SRPMaterialConverter/ConvertedMaterials/CommonCeramic02Biege.mat,Unknown,ReadWrite enabled,Review if referenced,Visual QA required
Assets/DevDen Arch Viz Scotland/Textures/Bed Room/FOTO_FRAME_4/Paintings_House_MaskMap.png,313611,306.3 KB,2048,2048,0,PNG,Yes,1,1,1,None found,2048,16777216,16.0 MB,Assets/DevDen Arch Viz Scotland/Materials/Bed Room/Paintings_House_1.mat,Unknown,ReadWrite enabled,Review if referenced,Visual QA required
Assets/UnityTechnologies/Basic Asset Pack Interior/Textures/SpotsGreenBlue.jpg,312488,305.2 KB,1024,1024,0,JPEG,Unknown,1,0,1,None found,2048,4194304,4.0 MB,Assets/UnityTechnologies/Basic Asset Pack Interior/Materials/PatternSpotBlue.mat,Unknown,,Review if referenced,Visual QA required
Assets/DevDen Arch Viz Scotland/Textures/Living Room/TV_Shelf/TV_Shelf_DefaultMaterial_Normal.png,311930,304.6 KB,1024,1024,1,PNG,Unknown,1,0,1,None found,2048,4194304,4.0 MB,Assets/DevDen Arch Viz Scotland/Materials/Living Room/TV_Shelf.mat; Assets/HyTeKGames/SRPMaterialConverter/ConvertedMaterials/TV_Shelf.mat,Normal map,,Review if referenced,Visual QA required
Assets/BCaT_assets/Meshell_Sturgis/articles/Pages/BlackRefractions/page_009.png,309505,302.3 KB,753,1184,0,PNG,Unknown,0,0,0,WebGL,2048,3566208,3.4 MB,Assets/BH_XR_MainScene.unity; Assets/_Recovery/0 (21).unity; Assets/_Recovery/0 (22).unity; Assets/_Recovery/0 (23).unity,Article/document page,,Review if referenced,Visual QA required
Assets/DevDen Arch Viz Scotland/Textures/Common/Switch/switch_M_switch_AlbedoTransparency.png,309317,302.1 KB,1024,1024,0,PNG,Yes,1,1,1,WebGL,2048,4194304,4.0 MB,Assets/DevDen Arch Viz Scotland/Materials/Common/Switch.mat; Assets/HyTeKGames/SRPMaterialConverter/ConvertedMaterials/Switch.mat,Unknown,ReadWrite enabled,Review if referenced,Visual QA required
Assets/DevDen Arch Viz Scotland/Textures/Kitchen Room/TOASTER/toaster_toaster_AO.png,309091,301.8 KB,1024,1024,0,PNG,Yes,1,1,1,WebGL,2048,4194304,4.0 MB,Assets/DevDen Arch Viz Scotland/Materials/Kitchen Room/toasterNew.mat,Unknown,ReadWrite enabled,Review if referenced,Visual QA required
Assets/BCaT_assets/Meshell_Sturgis/articles/Pages/GettingHome/page_003.png,308587,301.4 KB,685,1124,0,PNG,Unknown,0,0,0,WebGL,2048,3079760,2.9 MB,Assets/BH_XR_MainScene.unity; Assets/_Recovery/0 (21).unity; Assets/_Recovery/0 (22).unity; Assets/_Recovery/0 (23).unity,Article/document page,,Review if referenced,Visual QA required
Assets/BCaT_assets/Meshell_Sturgis/articles/Pages/GettingHome/page_005.png,305537,298.4 KB,684,1124,0,PNG,Unknown,0,0,0,WebGL,2048,3075264,2.9 MB,Assets/BH_XR_MainScene.unity; Assets/_Recovery/0 (21).unity; Assets/_Recovery/0 (22).unity; Assets/_Recovery/0 (23).unity,Article/document page,,Review if referenced,Visual QA required
Assets/DevDen Arch Viz Scotland/Textures/Bed Room/BedsideLamp/bedside_lamp_bedside_lamp1_Normal.png,301485,294.4 KB,512,1024,1,PNG,Yes,1,1,1,WebGL,2048,2097152,2.0 MB,Assets/DevDen Arch Viz Scotland/Materials/Bed Room/bedside_lamp1.mat; Assets/HyTeKGames/SRPMaterialConverter/ConvertedMaterials/bedside_lamp1.mat,Normal map,ReadWrite enabled,Review if referenced,Visual QA required
Assets/BCaT_assets/LindaLeaks/Images/image05b.jpg,301193,294.1 KB,1492,1031,8,JPEG,Unknown,0,0,1,WebGL,2048,6153008,5.9 MB,,Unknown,,Review if referenced,Unknown/runtime or unused candidate
Assets/BCaT_assets/BlackParlors/Assets/Parlor_img.jpg,298614,291.6 KB,1187,795,0,JPEG,Unknown,1,0,1,WebGL,2048,3774660,3.6 MB,Assets/BCaT_assets/BlackParlors/Assets/Photo_Parlor.mat,Unknown,,Review if referenced,Visual QA required
Assets/DevDen Arch Viz Scotland/Textures/Bed Room/BedsideLamp/bedside_lamp_bed_lamp_glass1_Normal.png,298536,291.5 KB,512,1024,1,PNG,Yes,1,1,1,WebGL,2048,2097152,2.0 MB,Assets/DevDen Arch Viz Scotland/Materials/Bed Room/bed_lamp_glass1.mat; Assets/HyTeKGames/SRPMaterialConverter/ConvertedMaterials/bed_lamp_glass1.mat,Normal map,ReadWrite enabled,Review if referenced,Visual QA required
Assets/HyTeKGames/SRPMaterialConverter/ConvertedMaterials/Maps/balcony_table_2_AO.png,296889,289.9 KB,1024,1024,0,PNG,Yes,1,0,1,WebGL,2048,4194304,4.0 MB,Assets/HyTeKGames/SRPMaterialConverter/ConvertedMaterials/balcony_table_2.mat,Unknown,,Review if referenced,Visual QA required
Assets/HyTeKGames/SRPMaterialConverter/ConvertedMaterials/Maps/balcony_table_2_1_AO.png,296889,289.9 KB,1024,1024,0,PNG,Yes,1,0,1,WebGL,2048,4194304,4.0 MB,,Unknown,,Review if referenced,Unknown/runtime or unused candidate
Assets/HyTeKGames/SRPMaterialConverter/ConvertedMaterials/Maps/balcony_table_2_2_AO.png,296889,289.9 KB,1024,1024,0,PNG,Yes,1,0,1,WebGL,2048,4194304,4.0 MB,,Unknown,,Review if referenced,Unknown/runtime or unused candidate
Assets/BCaT_assets/Meshell_Sturgis/articles/Pages/GettingHome/page_004.png,296681,289.7 KB,685,1124,0,PNG,Unknown,0,0,0,WebGL,2048,3079760,2.9 MB,Assets/BH_XR_MainScene.unity; Assets/_Recovery/0 (21).unity; Assets/_Recovery/0 (22).unity; Assets/_Recovery/0 (23).unity,Article/document page,,Review if referenced,Visual QA required
Assets/BCAT_GLB_TextureRemediation/dishwasher/Texture_0 _00.png,292413,285.6 KB,4096,4096,0,PNG,Unknown,1,0,2,WebGL,2048,67108864,64.0 MB,,Unknown,Large 4096+,P1/P2: downscale/compress or externalize,Unknown/runtime or unused candidate
Assets/BCaT_assets/Meshell_Sturgis/articles/Pages/BlackRefractions/page_005.png,290827,284.0 KB,757,1059,0,PNG,Unknown,0,0,0,WebGL,2048,3206652,3.1 MB,Assets/BH_XR_MainScene.unity; Assets/_Recovery/0 (21).unity; Assets/_Recovery/0 (22).unity; Assets/_Recovery/0 (23).unity,Article/document page,,Review if referenced,Visual QA required
Assets/DevDen Arch Viz Scotland/Textures/Common/Interior_props/CommonCeramic01_Metallic.png,289984,283.2 KB,1024,1024,0,PNG,Yes,1,1,1,WebGL,2048,4194304,4.0 MB,Assets/DevDen Arch Viz Scotland/Materials/Bed Room/CommonCeramic01.mat,Unknown,ReadWrite enabled,Review if referenced,Visual QA required
Assets/DevDen Arch Viz Scotland/Textures/Common/Interior_props/CommonCeramic04_Metallic.png,289984,283.2 KB,1024,1024,0,PNG,Yes,1,1,1,WebGL,2048,4194304,4.0 MB,,Unknown,ReadWrite enabled,Review if referenced,Unknown/runtime or unused candidate
Assets/DevDen Arch Viz Scotland/Textures/Environment/inner_wall/inner_wall_bathroom_floor3_MetallicSmoothness.png,288837,282.1 KB,2048,2048,0,PNG,Yes,1,1,1,WebGL,2048,16777216,16.0 MB,Assets/DevDen Arch Viz Scotland/Materials/Bathroom/bathroom_floor3.mat,Unknown,ReadWrite enabled,Review if referenced,Visual QA required
Assets/DevDen Arch Viz Scotland/Textures/Kitchen Room/side_piece/side_piece_marble_AO.png,288814,282.0 KB,2048,2048,0,PNG,Yes,1,1,1,WebGL,2048,16777216,16.0 MB,Assets/DevDen Arch Viz Scotland/Materials/Kitchen Room/marble.mat,Unknown,ReadWrite enabled,Review if referenced,Visual QA required
Assets/DevDen Arch Viz Scotland/Textures/Bathroom/Tile_Bath/SubwayTile - baseColor.png,288156,281.4 KB,1024,1024,0,PNG,Yes,1,0,1,None found,2048,4194304,4.0 MB,Assets/DevDen Arch Viz Scotland/Materials/Bathroom/bathroom_wall_mat_1.mat; Assets/HyTeKGames/SRPMaterialConverter/ConvertedMaterials/bathroom_wall_mat_1.mat,Unknown,,Review if referenced,Visual QA required
Assets/DevDen Arch Viz Scotland/Textures/Bed Room/FOTO_FRAME_4/Painting_StandPhoto_C_Paintings_House_AO.png,286962,280.2 KB,2048,2048,0,PNG,Yes,1,1,1,WebGL,2048,16777216,16.0 MB,Assets/DevDen Arch Viz Scotland/Materials/Bed Room/Paintings_House_1.mat,Unknown,ReadWrite enabled,Review if referenced,Visual QA required
Assets/Animated Tropical Vegetation/Textures/billboards/tropical_plant_billboard_color.png,286929,280.2 KB,1024,1024,0,PNG,Yes,1,0,1,None found,2048,4194304,4.0 MB,Assets/Animated Tropical Vegetation/Materials/Billboards/tropical_plant_billboard.mat,Unknown,,Review if referenced,Visual QA required
Assets/BCaT_assets/Meshell_Sturgis/articles/Pages/BlackRefractions/page_041.png,286326,279.6 KB,792,1060,0,PNG,Unknown,0,0,0,WebGL,2048,3358080,3.2 MB,Assets/BH_XR_MainScene.unity; Assets/_Recovery/0 (21).unity; Assets/_Recovery/0 (22).unity; Assets/_Recovery/0 (23).unity,Article/document page,,Review if referenced,Visual QA required
Assets/BCaT_assets/Meshell_Sturgis/articles/Pages/GettingHome/page_007.png,286009,279.3 KB,671,1116,0,PNG,Unknown,0,0,0,WebGL,2048,2995344,2.9 MB,Assets/BH_XR_MainScene.unity; Assets/_Recovery/0 (21).unity; Assets/_Recovery/0 (22).unity; Assets/_Recovery/0 (23).unity,Article/document page,,Review if referenced,Visual QA required
Assets/BCaT_assets/LindaLeaks/Images/LL_CoopHousing_08.jpg,285776,279.1 KB,1180,1756,8,JPEG,Unknown,0,0,1,WebGL,2048,8288320,7.9 MB,Assets/BCaT_assets/LindaLeaks/Prefabs/LindaLeaks_Exhibit_PhotoAlbum.prefab,Unknown,,Review if referenced,Visual QA required
Assets/BCaT_assets/Meshell_Sturgis/articles/Pages/GettingHome/page_006.png,285447,278.8 KB,684,1122,0,PNG,Unknown,0,0,0,WebGL,2048,3069792,2.9 MB,Assets/BH_XR_MainScene.unity; Assets/_Recovery/0 (21).unity; Assets/_Recovery/0 (22).unity; Assets/_Recovery/0 (23).unity,Article/document page,,Review if referenced,Visual QA required
Assets/UnityTechnologies/Basic Asset Pack Interior/Textures/SpotsGreenLime.jpg,284698,278.0 KB,1024,1024,0,JPEG,Unknown,1,0,1,None found,2048,4194304,4.0 MB,Assets/UnityTechnologies/Basic Asset Pack Interior/Materials/PatternSpotGreenBig.mat,Unknown,,Review if referenced,Visual QA required
Assets/DevDen Arch Viz Scotland/Textures/Bed Room/foto_frame_2/Painting_Small_C_Paintings_House_AO.png,283663,277.0 KB,2048,2048,0,PNG,Yes,1,1,1,WebGL,2048,16777216,16.0 MB,Assets/DevDen Arch Viz Scotland/Materials/Bed Room/Paintings_House.mat,Unknown,ReadWrite enabled,Review if referenced,Visual QA required
Assets/BCaT_assets/LindaLeaks/Images/LL_CoopHousing_09.jpg,282610,276.0 KB,1753,1185,8,JPEG,Unknown,0,0,1,WebGL,2048,8309220,7.9 MB,Assets/BCaT_assets/LindaLeaks/Prefabs/LindaLeaks_Exhibit_PhotoAlbum.prefab,Unknown,,Review if referenced,Visual QA required
Assets/Animated Tropical Vegetation/Textures/jungle_bush_leaves_color.png,277959,271.4 KB,512,512,0,PNG,Yes,1,0,1,None found,2048,1048576,1.0 MB,Assets/Animated Tropical Vegetation/Materials/jungle_bush_leaves.mat,Unknown,,Review if referenced,Visual QA required
Assets/TerrainSampleAssets/Textures/Details/GrassDry_Thickness.tif,277564,271.1 KB,1024,1024,10,TIFF,Yes,1,0,1,None found,2048,4194304,4.0 MB,Assets/TerrainSampleAssets/Materials/GrassDry.asset,Unknown,,Review if referenced,Visual QA required
Assets/BCaT_assets/LindaLeaks/Images/image68.jpg,276410,269.9 KB,1180,1756,8,JPEG,Unknown,0,0,1,WebGL,2048,8288320,7.9 MB,,Unknown,,Review if referenced,Unknown/runtime or unused candidate
Assets/DevDen Arch Viz Scotland/Textures/Living Room/Living_room_carpet/normal.png,274661,268.2 KB,512,512,1,PNG,Unknown,1,0,1,None found,2048,1048576,1.0 MB,Assets/DevDen Arch Viz Scotland/Materials/Living Room/NewCarpet.mat; Assets/HyTeKGames/SRPMaterialConverter/ConvertedMaterials/NewCarpet.mat,Normal map,,Review if referenced,Visual QA required
Assets/DevDen Arch Viz Scotland/Textures/Living Room/TV_Panels/TV_Panels_DefaultMaterial_AlbedoTransparency.png,273452,267.0 KB,1024,1024,0,PNG,Unknown,1,0,1,None found,2048,4194304,4.0 MB,Assets/DevDen Arch Viz Scotland/Materials/Living Room/TV_Panels.mat; Assets/HyTeKGames/SRPMaterialConverter/ConvertedMaterials/TV_Panels.mat,Unknown,,Review if referenced,Visual QA required
Assets/BCaT_assets/LindaLeaks/Images/LL_CoopHousing_03.jpg,273241,266.8 KB,1503,1030,8,JPEG,Unknown,0,0,1,WebGL,2048,6192360,5.9 MB,Assets/BCaT_assets/LindaLeaks/Prefabs/LindaLeaks_Exhibit_PhotoAlbum.prefab,Unknown,,Review if referenced,Visual QA required
Assets/BCaT_assets/LindaLeaks/Images/image69.jpg,272867,266.5 KB,1753,1185,8,JPEG,Unknown,0,0,1,WebGL,2048,8309220,7.9 MB,Assets/BCaT_assets/LindaLeaks/Images/image69.asset,Unknown,,Review if referenced,Visual QA required
Assets/HyTeKGames/SRPMaterialConverter/ConvertedMaterials/Maps/metaldryer_1_AO.png,270717,264.4 KB,1024,1024,0,PNG,Yes,1,0,1,WebGL,2048,4194304,4.0 MB,,Unknown,,Review if referenced,Unknown/runtime or unused candidate
Assets/HyTeKGames/SRPMaterialConverter/ConvertedMaterials/Maps/metaldryer_AO.png,270717,264.4 KB,1024,1024,0,PNG,Yes,1,0,1,WebGL,2048,4194304,4.0 MB,Assets/HyTeKGames/SRPMaterialConverter/ConvertedMaterials/metaldryer.mat,Unknown,,Review if referenced,Visual QA required
Assets/Animated Tropical Vegetation/Textures/tropical_plant_leaf_color.png,268666,262.4 KB,512,512,0,PNG,Yes,1,0,1,None found,2048,1048576,1.0 MB,Assets/Animated Tropical Vegetation/Materials/tropical_plant_leaf.mat,Unknown,,Review if referenced,Visual QA required
Assets/DevDen Arch Viz Scotland/Textures/Kitchen Room/Kitchen_cupboard_1/kitchen_2_green_wood_AO.png,268596,262.3 KB,1024,1024,0,PNG,Yes,1,1,1,WebGL,2048,4194304,4.0 MB,Assets/DevDen Arch Viz Scotland/Materials/Kitchen Room/green_wood.mat,Unknown,ReadWrite enabled,Review if referenced,Visual QA required
Assets/BCaT_assets/Meshell_Sturgis/articles/Pages/BlackRefractions/page_011.png,267551,261.3 KB,729,1112,0,PNG,Unknown,0,0,0,WebGL,2048,3242592,3.1 MB,Assets/BH_XR_MainScene.unity; Assets/_Recovery/0 (21).unity; Assets/_Recovery/0 (22).unity; Assets/_Recovery/0 (23).unity,Article/document page,,Review if referenced,Visual QA required
Assets/BCaT_assets/Meshell_Sturgis/articles/Pages/BlackRefractions/page_003.png,266758,260.5 KB,755,1145,0,PNG,Unknown,0,0,0,WebGL,2048,3457900,3.3 MB,Assets/BH_XR_MainScene.unity; Assets/_Recovery/0 (21).unity; Assets/_Recovery/0 (22).unity; Assets/_Recovery/0 (23).unity,Article/document page,,Review if referenced,Visual QA required
Assets/HyTeKGames/SRPMaterialConverter/ConvertedMaterials/Maps/bathroom_shelf_1_AO.png,266488,260.2 KB,1024,1024,0,PNG,Yes,1,0,1,WebGL,2048,4194304,4.0 MB,,Unknown,,Review if referenced,Unknown/runtime or unused candidate
Assets/HyTeKGames/SRPMaterialConverter/ConvertedMaterials/Maps/bathroom_shelf_AO.png,266488,260.2 KB,1024,1024,0,PNG,Yes,1,0,1,WebGL,2048,4194304,4.0 MB,Assets/HyTeKGames/SRPMaterialConverter/ConvertedMaterials/bathroom_shelf.mat,Unknown,,Review if referenced,Visual QA required
Assets/BCaT_assets/Meshell_Sturgis/articles/Pages/BlackRefractions/page_004.png,266016,259.8 KB,758,1074,0,PNG,Unknown,0,0,0,WebGL,2048,3256368,3.1 MB,Assets/BH_XR_MainScene.unity; Assets/_Recovery/0 (21).unity; Assets/_Recovery/0 (22).unity; Assets/_Recovery/0 (23).unity,Article/document page,,Review if referenced,Visual QA required
Assets/UnityTechnologies/Basic Asset Pack Interior/Textures/StripesGreenLime.jpg,265929,259.7 KB,1024,1024,0,JPEG,Unknown,1,0,1,None found,2048,4194304,4.0 MB,,Unknown,,Review if referenced,Unknown/runtime or unused candidate
Assets/Furniture Mega Pack/Textures/Chairs/Chair12/Chair12_mat_Chair12_MetallicSmoothness.png,263581,257.4 KB,2048,2048,0,PNG,Yes,1,0,1,None found,2048,16777216,16.0 MB,Assets/Furniture Mega Pack/Materials/Chair/mat_Chair12.mat,Unknown,,Review if referenced,Visual QA required
Assets/YughuesFreeCobbleMaterials/Preview/T_YFCM_checker.tga,262188,256.0 KB,512,512,0,TGA,Yes,1,0,1,None found,2048,1048576,1.0 MB,Assets/YughuesFreeCobbleMaterials/Preview/M_YFCM_Preview.mat,Unknown,,Review if referenced,Visual QA required
Assets/UnityTechnologies/Basic Asset Pack Interior/Textures/StripesPurple.jpg,262001,255.9 KB,1024,1024,0,JPEG,Unknown,1,0,1,None found,2048,4194304,4.0 MB,,Unknown,,Review if referenced,Unknown/runtime or unused candidate
Assets/Idyllic Italian Coast Town/Textures/M_flowers_base_BaseColor.png,260179,254.1 KB,987,1024,0,PNG,Yes,1,0,1,None found,2048,4042752,3.9 MB,Assets/Idyllic Italian Coast Town/Materials/M_flowers 1.mat,Unknown,,Review if referenced,Visual QA required
Assets/BCaT_assets/LindaLeaks/Images/LL_CoopHousing_01.jpg,257869,251.8 KB,1495,1025,8,JPEG,Unknown,0,0,1,WebGL,2048,6129500,5.8 MB,Assets/BCaT_assets/LindaLeaks/Prefabs/LindaLeaks_Exhibit_PhotoAlbum.prefab,Unknown,,Review if referenced,Visual QA required
Assets/BCaT_assets/LindaLeaks/Images/image07b.jpg,257869,251.8 KB,1503,1030,8,JPEG,Unknown,0,0,1,WebGL,2048,6192360,5.9 MB,,Unknown,,Review if referenced,Unknown/runtime or unused candidate
Assets/HyTeKGames/SRPMaterialConverter/ConvertedMaterials/Maps/dinning_chair_cusion_1_AO.png,255033,249.1 KB,2048,2048,0,PNG,Yes,1,0,1,WebGL,2048,16777216,16.0 MB,,Unknown,,Review if referenced,Unknown/runtime or unused candidate
Assets/HyTeKGames/SRPMaterialConverter/ConvertedMaterials/Maps/dinning_chair_cusion_AO.png,255033,249.1 KB,2048,2048,0,PNG,Yes,1,0,1,WebGL,2048,16777216,16.0 MB,Assets/HyTeKGames/SRPMaterialConverter/ConvertedMaterials/dinning_chair_cusion.mat,Unknown,,Review if referenced,Visual QA required
Assets/BCaT_assets/LindaLeaks/Images/image03b.jpg,248536,242.7 KB,1495,1025,8,JPEG,Unknown,0,0,1,WebGL,2048,6129500,5.8 MB,,Unknown,,Review if referenced,Unknown/runtime or unused candidate
Assets/DevDen Arch Viz Scotland/Textures/Common/Socket/socket_M_socket_Normal.png,246580,240.8 KB,1024,1024,1,PNG,Yes,1,1,1,WebGL,2048,4194304,4.0 MB,Assets/DevDen Arch Viz Scotland/Materials/Common/Socket.mat; Assets/HyTeKGames/SRPMaterialConverter/ConvertedMaterials/Socket.mat,Normal map,ReadWrite enabled,Review if referenced,Visual QA required
Assets/BCaT_assets/Meshell_Sturgis/articles/Pages/BlackRefractions/page_016.png,245915,240.2 KB,759,1161,0,PNG,Unknown,0,0,0,WebGL,2048,3524796,3.4 MB,Assets/BH_XR_MainScene.unity; Assets/_Recovery/0 (21).unity; Assets/_Recovery/0 (22).unity; Assets/_Recovery/0 (23).unity,Article/document page,,Review if referenced,Visual QA required
Assets/UnityTechnologies/Basic Asset Pack Interior/Textures/SpotsGreenLight.jpg,242934,237.2 KB,1024,1024,0,JPEG,Unknown,1,0,1,None found,2048,4194304,4.0 MB,Assets/UnityTechnologies/Basic Asset Pack Interior/Materials/PatternSpotGreenSmall.mat,Unknown,,Review if referenced,Visual QA required
Assets/BCaT_assets/Meshell_Sturgis/articles/Pages/BlackRefractions/page_017.png,240551,234.9 KB,715,1163,0,PNG,Unknown,0,0,0,WebGL,2048,3326180,3.2 MB,Assets/BH_XR_MainScene.unity; Assets/_Recovery/0 (21).unity; Assets/_Recovery/0 (22).unity; Assets/_Recovery/0 (23).unity,Article/document page,,Review if referenced,Visual QA required
Assets/DevDen Arch Viz Scotland/Textures/Living Room/tea_table/Tea Table_teatable_MetallicSmoothness.png,237597,232.0 KB,1024,1024,0,PNG,Yes,1,1,1,WebGL,2048,4194304,4.0 MB,Assets/DevDen Arch Viz Scotland/Materials/Living Room/teatable.mat,Unknown,ReadWrite enabled,Review if referenced,Visual QA required
Assets/DevDen Arch Viz Scotland/Textures/Common/CUTLERY/Cutlery FBX_Cutlery_AO.png,236789,231.2 KB,1024,1024,0,PNG,Yes,1,1,1,WebGL,2048,4194304,4.0 MB,Assets/DevDen Arch Viz Scotland/Materials/Dining Room/Cutlery.mat,Unknown,ReadWrite enabled,Review if referenced,Visual QA required
Assets/HyTeKGames/SRPMaterialConverter/ConvertedMaterials/Maps/Paintings_House_2_AO.png,233381,227.9 KB,2048,2048,0,PNG,Yes,1,0,1,WebGL,2048,16777216,16.0 MB,Assets/HyTeKGames/SRPMaterialConverter/ConvertedMaterials/Paintings_House_2.mat,Unknown,,Review if referenced,Visual QA required
Assets/HyTeKGames/SRPMaterialConverter/ConvertedMaterials/Maps/Paintings_House_2_1_AO.png,233381,227.9 KB,2048,2048,0,PNG,Yes,1,0,1,WebGL,2048,16777216,16.0 MB,,Unknown,,Review if referenced,Unknown/runtime or unused candidate
Assets/StarterAssets/TutorialInfo/Icons/ReadMeImg.PNG,230181,224.8 KB,512,512,0,PNG,Unknown,1,0,1,None found,2048,1048576,1.0 MB,Assets/StarterAssets/Readme.asset,Unknown,,Review if referenced,Visual QA required
Assets/BCaT_assets/Meshell_Sturgis/articles/Pages/BlackRefractions/page_012.png,229965,224.6 KB,754,1166,0,PNG,Unknown,0,0,0,WebGL,2048,3516656,3.4 MB,Assets/BH_XR_MainScene.unity; Assets/_Recovery/0 (21).unity; Assets/_Recovery/0 (22).unity; Assets/_Recovery/0 (23).unity,Article/document page,,Review if referenced,Visual QA required
Assets/BCaT_assets/Meshell_Sturgis/articles/Pages/BlackRefractions/page_029.png,225443,220.2 KB,760,1113,0,PNG,Unknown,0,0,0,WebGL,2048,3383520,3.2 MB,Assets/BH_XR_MainScene.unity; Assets/_Recovery/0 (21).unity; Assets/_Recovery/0 (22).unity; Assets/_Recovery/0 (23).unity,Article/document page,,Review if referenced,Visual QA required
Assets/DevDen Arch Viz Scotland/Textures/Kitchen Room/side_piece/side_piece_metal_AO.png,224514,219.3 KB,2048,2048,0,PNG,Yes,1,1,1,WebGL,2048,16777216,16.0 MB,Assets/DevDen Arch Viz Scotland/Materials/Kitchen Room/metal.mat,Unknown,ReadWrite enabled,Review if referenced,Visual QA required
Assets/BCaT_assets/Meshell_Sturgis/articles/Pages/BlackRefractions/page_021.png,224076,218.8 KB,760,1148,0,PNG,Unknown,0,0,0,WebGL,2048,3489920,3.3 MB,Assets/BH_XR_MainScene.unity; Assets/_Recovery/0 (21).unity; Assets/_Recovery/0 (22).unity; Assets/_Recovery/0 (23).unity,Article/document page,,Review if referenced,Visual QA required
Assets/DevDen Arch Viz Scotland/Textures/Balcony/balcony_mat/balcony_mat1_MaskMap.png,223018,217.8 KB,1024,1024,0,PNG,Yes,1,1,1,None found,2048,4194304,4.0 MB,Assets/DevDen Arch Viz Scotland/Materials/balcony/balcony_mat1.mat,Unknown,ReadWrite enabled,Review if referenced,Visual QA required
Assets/DevDen Arch Viz Scotland/Textures/Living Room/tea_table/Tea Table_teatable_AO.png,222961,217.7 KB,1024,1024,0,PNG,Yes,1,1,1,WebGL,2048,4194304,4.0 MB,Assets/DevDen Arch Viz Scotland/Materials/Living Room/teatable.mat,Unknown,ReadWrite enabled,Review if referenced,Visual QA required
Assets/Animated Tropical Vegetation/Textures/billboards/bamboo_4_billboard_normal.png,222263,217.1 KB,1024,1024,1,PNG,Unknown,1,0,1,None found,2048,4194304,4.0 MB,Assets/Animated Tropical Vegetation/Materials/Billboards/bamboo_4_billboard.mat,Normal map,,Review if referenced,Visual QA required
Assets/HyTeKGames/SRPMaterialConverter/ConvertedMaterials/Maps/toasterNew_AO.png,221706,216.5 KB,1024,1024,0,PNG,Yes,1,0,1,WebGL,2048,4194304,4.0 MB,Assets/HyTeKGames/SRPMaterialConverter/ConvertedMaterials/toasterNew.mat,Unknown,,Review if referenced,Visual QA required
Assets/HyTeKGames/SRPMaterialConverter/ConvertedMaterials/Maps/toasterNew_1_AO.png,221706,216.5 KB,1024,1024,0,PNG,Yes,1,0,1,WebGL,2048,4194304,4.0 MB,,Unknown,,Review if referenced,Unknown/runtime or unused candidate
Assets/DevDen Arch Viz Scotland/Textures/Living Room/TV_Shelf/TV_Shelf_DefaultMaterial_AlbedoTransparency.png,220293,215.1 KB,1024,1024,0,PNG,Unknown,1,0,1,None found,2048,4194304,4.0 MB,Assets/DevDen Arch Viz Scotland/Materials/Living Room/TV_Shelf.mat; Assets/HyTeKGames/SRPMaterialConverter/ConvertedMaterials/TV_Shelf.mat,Unknown,,Review if referenced,Visual QA required
Assets/BCaT/Exhibits/PrivacyLawExhibit/Textures/PrivacyLaw_Figure01.png,217242,212.2 KB,1920,1080,8,PNG,Unknown,0,0,2,WebGL,2048,8294400,7.9 MB,Assets/BCaT/Exhibits/PrivacyLawExhibit/Prefabs/PrivacyLawExhibit.prefab; Assets/BH_XR_MainScene.unity,Unknown,,Review if referenced,Visual QA required
Assets/BCaT_assets/Meshell_Sturgis/articles/Pages/BlackRefractions/page_034.png,214720,209.7 KB,698,1174,0,PNG,Unknown,0,0,0,WebGL,2048,3277808,3.1 MB,Assets/BH_XR_MainScene.unity; Assets/_Recovery/0 (21).unity; Assets/_Recovery/0 (22).unity; Assets/_Recovery/0 (23).unity,Article/document page,,Review if referenced,Visual QA required
Assets/UnityTechnologies/Basic Asset Pack Interior/Textures/SpotsPurpleBright.jpg,213484,208.5 KB,1024,1024,0,JPEG,Unknown,1,0,1,None found,2048,4194304,4.0 MB,Assets/UnityTechnologies/Basic Asset Pack Interior/Materials/PatternSpotPurple.mat,Unknown,,Review if referenced,Visual QA required
Assets/BCaT_assets/Meshell_Sturgis/articles/Pages/BlackRefractions/page_014.png,212562,207.6 KB,750,1113,0,PNG,Unknown,0,0,0,WebGL,2048,3339000,3.2 MB,Assets/BH_XR_MainScene.unity; Assets/_Recovery/0 (21).unity; Assets/_Recovery/0 (22).unity; Assets/_Recovery/0 (23).unity,Article/document page,,Review if referenced,Visual QA required
Assets/DevDen Arch Viz Scotland/Textures/Living Room/Remotecontrol/RemoteControl_DefaultMaterial_Normal.png,211809,206.8 KB,1024,1024,1,PNG,Yes,1,1,1,WebGL,2048,4194304,4.0 MB,Assets/DevDen Arch Viz Scotland/Materials/Living Room/Remote.mat; Assets/HyTeKGames/SRPMaterialConverter/ConvertedMaterials/Remote.mat,Normal map,ReadWrite enabled,Review if referenced,Visual QA required
Assets/BCaT_assets/Meshell_Sturgis/articles/Pages/BlackRefractions/page_024.png,211709,206.7 KB,764,1224,0,PNG,Unknown,0,0,0,WebGL,2048,3740544,3.6 MB,Assets/BH_XR_MainScene.unity; Assets/_Recovery/0 (21).unity; Assets/_Recovery/0 (22).unity; Assets/_Recovery/0 (23).unity,Article/document page,,Review if referenced,Visual QA required
Assets/HyTeKGames/SRPMaterialConverter/ConvertedMaterials/Maps/tolpaper_1_AO.png,211561,206.6 KB,1024,1024,0,PNG,Yes,1,0,1,WebGL,2048,4194304,4.0 MB,,Unknown,,Review if referenced,Unknown/runtime or unused candidate
Assets/HyTeKGames/SRPMaterialConverter/ConvertedMaterials/Maps/tolpaper_AO.png,211561,206.6 KB,1024,1024,0,PNG,Yes,1,0,1,WebGL,2048,4194304,4.0 MB,Assets/HyTeKGames/SRPMaterialConverter/ConvertedMaterials/tolpaper.mat,Unknown,,Review if referenced,Visual QA required
Assets/BCaT_assets/Meshell_Sturgis/articles/Pages/BlackRefractions/page_028.png,210591,205.7 KB,758,1174,0,PNG,Unknown,0,0,0,WebGL,2048,3559568,3.4 MB,Assets/BH_XR_MainScene.unity; Assets/_Recovery/0 (21).unity; Assets/_Recovery/0 (22).unity; Assets/_Recovery/0 (23).unity,Article/document page,,Review if referenced,Visual QA required
Assets/HyTeKGames/SRPMaterialConverter/ConvertedMaterials/Maps/marble_AO.png,210393,205.5 KB,2048,2048,0,PNG,Yes,1,0,1,WebGL,2048,16777216,16.0 MB,Assets/HyTeKGames/SRPMaterialConverter/ConvertedMaterials/marble.mat,Unknown,,Review if referenced,Visual QA required
Assets/HyTeKGames/SRPMaterialConverter/ConvertedMaterials/Maps/marble_1_AO.png,210393,205.5 KB,2048,2048,0,PNG,Yes,1,0,1,WebGL,2048,16777216,16.0 MB,,Unknown,,Review if referenced,Unknown/runtime or unused candidate
Assets/Animated Tropical Vegetation/Textures/billboards/bushy_palm_1_billboard_color.png,209528,204.6 KB,1024,1024,0,PNG,Yes,1,0,1,None found,2048,4194304,4.0 MB,Assets/Animated Tropical Vegetation/Materials/Billboards/bushy_palm_1_billboard.mat,Unknown,,Review if referenced,Visual QA required
Assets/BCaT_assets/Meshell_Sturgis/articles/Pages/Tesseract/page_001.png,209258,204.4 KB,1120,1395,0,PNG,Unknown,0,0,0,WebGL,2048,6249600,6.0 MB,Assets/BH_XR_MainScene.unity; Assets/_Recovery/0 (21).unity; Assets/_Recovery/0 (22).unity; Assets/_Recovery/0 (23).unity,Article/document page,,Review if referenced,Visual QA required
Assets/BCaT_assets/Meshell_Sturgis/articles/Pages/BlackRefractions/page_040.png,209196,204.3 KB,759,1180,0,PNG,Unknown,0,0,0,WebGL,2048,3582480,3.4 MB,Assets/BH_XR_MainScene.unity; Assets/_Recovery/0 (21).unity; Assets/_Recovery/0 (22).unity; Assets/_Recovery/0 (23).unity,Article/document page,,Review if referenced,Visual QA required
Assets/HyTeKGames/SRPMaterialConverter/ConvertedMaterials/Maps/switch1_1_AO.png,207574,202.7 KB,2048,2048,0,PNG,Yes,1,0,1,WebGL,2048,16777216,16.0 MB,,Unknown,,Review if referenced,Unknown/runtime or unused candidate
Assets/HyTeKGames/SRPMaterialConverter/ConvertedMaterials/Maps/switch1_AO.png,207574,202.7 KB,2048,2048,0,PNG,Yes,1,0,1,WebGL,2048,16777216,16.0 MB,Assets/HyTeKGames/SRPMaterialConverter/ConvertedMaterials/switch1.mat,Unknown,,Review if referenced,Visual QA required
Assets/HyTeKGames/SRPMaterialConverter/ConvertedMaterials/Maps/switch2_1_AO.png,207574,202.7 KB,2048,2048,0,PNG,Yes,1,0,1,WebGL,2048,16777216,16.0 MB,,Unknown,,Review if referenced,Unknown/runtime or unused candidate
Assets/HyTeKGames/SRPMaterialConverter/ConvertedMaterials/Maps/switch2_AO.png,207574,202.7 KB,2048,2048,0,PNG,Yes,1,0,1,WebGL,2048,16777216,16.0 MB,Assets/HyTeKGames/SRPMaterialConverter/ConvertedMaterials/switch2.mat,Unknown,,Review if referenced,Visual QA required
Assets/DevDen Arch Viz Scotland/Textures/Dining Room/food_cloth/tablemat_1.1_AO.png,206750,201.9 KB,2048,2048,0,PNG,Yes,1,0,1,None found,2048,16777216,16.0 MB,Assets/DevDen Arch Viz Scotland/Materials/Dining Room/Table Mat.mat,Unknown,,Review if referenced,Visual QA required
Assets/BCaT_assets/Meshell_Sturgis/articles/Pages/GettingHome/page_001.png,206739,201.9 KB,864,1248,0,PNG,Unknown,0,0,0,WebGL,2048,4313088,4.1 MB,Assets/BH_XR_MainScene.unity; Assets/_Recovery/0 (21).unity; Assets/_Recovery/0 (22).unity; Assets/_Recovery/0 (23).unity,Article/document page,,Review if referenced,Visual QA required
Assets/UnityTechnologies/Basic Asset Pack Interior/Textures/StripesGreen.jpg,204853,200.1 KB,1024,1024,0,JPEG,Unknown,1,0,1,None found,2048,4194304,4.0 MB,Assets/UnityTechnologies/Basic Asset Pack Interior/Materials/PatternStripeGreen.mat,Unknown,,Review if referenced,Visual QA required
Assets/DevDen Arch Viz Scotland/Textures/Kitchen Room/kitchen/induction-hob_albedo.png,204683,199.9 KB,4096,4096,0,PNG,Unknown,1,0,1,None found,2048,67108864,64.0 MB,Assets/DevDen Arch Viz Scotland/Materials/Kitchen Room/induction-hob.mat; Assets/HyTeKGames/SRPMaterialConverter/ConvertedMaterials/induction-hob.mat,Unknown,Large 4096+,P1/P2: downscale/compress or externalize,Visual QA required
Assets/BCaT_assets/Meshell_Sturgis/articles/Pages/BlackRefractions/page_042.png,201904,197.2 KB,760,1175,0,PNG,Unknown,0,0,0,WebGL,2048,3572000,3.4 MB,Assets/BH_XR_MainScene.unity; Assets/_Recovery/0 (21).unity; Assets/_Recovery/0 (22).unity; Assets/_Recovery/0 (23).unity,Article/document page,,Review if referenced,Visual QA required
Assets/Animated Tropical Vegetation/Textures/palm_tree_1_leaves_normal.png,201269,196.6 KB,1024,1024,1,PNG,Unknown,1,0,1,None found,2048,4194304,4.0 MB,Assets/Animated Tropical Vegetation/Materials/palm_tree_1_leaves.mat,Normal map,,Review if referenced,Visual QA required
Assets/BCaT_assets/Meshell_Sturgis/articles/Pages/BlackRefractions/page_035.png,200737,196.0 KB,707,1103,0,PNG,Unknown,0,0,0,WebGL,2048,3119284,3.0 MB,Assets/BH_XR_MainScene.unity; Assets/_Recovery/0 (21).unity; Assets/_Recovery/0 (22).unity; Assets/_Recovery/0 (23).unity,Article/document page,,Review if referenced,Visual QA required
Assets/BCaT_assets/Meshell_Sturgis/articles/Pages/BlackRefractions/page_025.png,197478,192.8 KB,762,1224,0,PNG,Unknown,0,0,0,WebGL,2048,3730752,3.6 MB,Assets/BH_XR_MainScene.unity; Assets/_Recovery/0 (21).unity; Assets/_Recovery/0 (22).unity; Assets/_Recovery/0 (23).unity,Article/document page,,Review if referenced,Visual QA required
Assets/HyTeKGames/SRPMaterialConverter/ConvertedMaterials/Maps/glass_Metallic.png,195490,190.9 KB,2048,2048,0,PNG,Yes,1,0,1,WebGL,2048,16777216,16.0 MB,Assets/HyTeKGames/SRPMaterialConverter/ConvertedMaterials/glass.mat,Unknown,,Review if referenced,Visual QA required
Assets/HyTeKGames/SRPMaterialConverter/ConvertedMaterials/Maps/glass_1_Metallic.png,195490,190.9 KB,2048,2048,0,PNG,Yes,1,0,1,WebGL,2048,16777216,16.0 MB,Assets/HyTeKGames/SRPMaterialConverter/ConvertedMaterials/glass_1.mat,Unknown,,Review if referenced,Visual QA required
Assets/DevDen Arch Viz Scotland/Textures/Environment/inner_wall/inner_wall_hall_way_MetallicSmoothness.png,195338,190.8 KB,2048,2048,0,PNG,Yes,1,1,1,WebGL,2048,16777216,16.0 MB,,Unknown,ReadWrite enabled,Review if referenced,Unknown/runtime or unused candidate
Assets/BCaT_assets/Meshell_Sturgis/articles/Pages/BlackRefractions/page_032.png,194860,190.3 KB,686,1158,0,PNG,Unknown,0,0,0,WebGL,2048,3177552,3.0 MB,Assets/BH_XR_MainScene.unity; Assets/_Recovery/0 (21).unity; Assets/_Recovery/0 (22).unity; Assets/_Recovery/0 (23).unity,Article/document page,,Review if referenced,Visual QA required
Assets/DevDen Arch Viz Scotland/Textures/Study Room/StudyRoom Carpet/Emission.png,194769,190.2 KB,2048,2048,0,PNG,Unknown,1,0,1,None found,2048,16777216,16.0 MB,Assets/DevDen Arch Viz Scotland/Materials/Study Room/Furniture_Atlas_1.mat; Assets/HyTeKGames/SRPMaterialConverter/ConvertedMaterials/Furniture_Atlas_1.mat,Unknown,,Review if referenced,Visual QA required
Assets/Animated Tropical Vegetation/Textures/small_tree_leaves_color.png,194295,189.7 KB,512,512,0,PNG,Yes,1,0,1,None found,2048,1048576,1.0 MB,Assets/Animated Tropical Vegetation/Materials/small_tree_leaves.mat,Unknown,,Review if referenced,Visual QA required
Assets/Furniture Mega Pack/Textures/Sofas/Sofa01/Sofa01_mat_Sofa01_MetallicSmoothness.png,193990,189.4 KB,2048,2048,0,PNG,Yes,1,0,1,None found,2048,16777216,16.0 MB,Assets/Furniture Mega Pack/Materials/Sofa/mat_Sofa01.mat,Unknown,,Review if referenced,Visual QA required
Assets/Idyllic Italian Coast Town/Textures/M_stonewall_height.png,193739,189.2 KB,1024,1024,0,PNG,Unknown,1,0,1,None found,2048,4194304,4.0 MB,Assets/Idyllic Italian Coast Town/Materials/M_stonewall.mat,Unknown,,Review if referenced,Visual QA required
Assets/HyTeKGames/SRPMaterialConverter/ConvertedMaterials/Maps/bedroom_wood_side_table_AO.png,192823,188.3 KB,1024,1024,0,PNG,Yes,1,0,1,WebGL,2048,4194304,4.0 MB,Assets/HyTeKGames/SRPMaterialConverter/ConvertedMaterials/bedroom_wood_side_table.mat,Unknown,,Review if referenced,Visual QA required
Assets/HyTeKGames/SRPMaterialConverter/ConvertedMaterials/Maps/bedroom_wood_side_table_1_AO.png,192823,188.3 KB,1024,1024,0,PNG,Yes,1,0,1,WebGL,2048,4194304,4.0 MB,,Unknown,,Review if referenced,Unknown/runtime or unused candidate
Assets/DevDen Arch Viz Scotland/Textures/Bed Room/BedsideLamp/bedside_lamp_bedside_lamp1_AO.png,191534,187.0 KB,512,1024,0,PNG,Yes,1,1,1,WebGL,2048,2097152,2.0 MB,Assets/DevDen Arch Viz Scotland/Materials/Bed Room/bedside_lamp1.mat,Unknown,ReadWrite enabled,Review if referenced,Visual QA required
Assets/TerrainSampleAssets/Textures/Heightmaps/Clouds_Heightmap.tif,191372,186.9 KB,256,256,10,TIFF,Yes,0,0,1,None found,2048,262144,256.0 KB,,Unknown,,Review if referenced,Unknown/runtime or unused candidate
Assets/HyTeKGames/SRPMaterialConverter/ConvertedMaterials/Maps/balcony_table_2_2_Metallic.png,189322,184.9 KB,1024,1024,0,PNG,Yes,1,0,1,WebGL,2048,4194304,4.0 MB,,Unknown,,Review if referenced,Unknown/runtime or unused candidate
Assets/HyTeKGames/SRPMaterialConverter/ConvertedMaterials/Maps/balcony_table_2_1_Metallic.png,189322,184.9 KB,1024,1024,0,PNG,Yes,1,0,1,WebGL,2048,4194304,4.0 MB,,Unknown,,Review if referenced,Unknown/runtime or unused candidate
Assets/HyTeKGames/SRPMaterialConverter/ConvertedMaterials/Maps/balcony_table_2_Metallic.png,189322,184.9 KB,1024,1024,0,PNG,Yes,1,0,1,WebGL,2048,4194304,4.0 MB,Assets/HyTeKGames/SRPMaterialConverter/ConvertedMaterials/balcony_table_2.mat,Unknown,,Review if referenced,Visual QA required
Assets/HyTeKGames/SRPMaterialConverter/ConvertedMaterials/Maps/Paintings_House_1_1_AO.png,188245,183.8 KB,2048,2048,0,PNG,Yes,1,0,1,WebGL,2048,16777216,16.0 MB,,Unknown,,Review if referenced,Unknown/runtime or unused candidate
Assets/HyTeKGames/SRPMaterialConverter/ConvertedMaterials/Maps/Paintings_House_1_AO.png,188245,183.8 KB,2048,2048,0,PNG,Yes,1,0,1,WebGL,2048,16777216,16.0 MB,Assets/HyTeKGames/SRPMaterialConverter/ConvertedMaterials/Paintings_House_1.mat,Unknown,,Review if referenced,Visual QA required
Assets/UnityTechnologies/Basic Asset Pack Interior/Textures/SpotsGrey.jpg,187845,183.4 KB,1024,1024,0,JPEG,Unknown,1,0,1,None found,2048,4194304,4.0 MB,,Unknown,,Review if referenced,Unknown/runtime or unused candidate
Assets/BCaT_assets/Meshell_Sturgis/articles/Pages/BlackRefractions/page_033.png,186370,182.0 KB,691,1157,0,PNG,Unknown,0,0,0,WebGL,2048,3197948,3.0 MB,Assets/BH_XR_MainScene.unity; Assets/_Recovery/0 (21).unity; Assets/_Recovery/0 (22).unity; Assets/_Recovery/0 (23).unity,Article/document page,,Review if referenced,Visual QA required
Assets/HyTeKGames/SRPMaterialConverter/ConvertedMaterials/Maps/green_wood_AO.png,184635,180.3 KB,1024,1024,0,PNG,Yes,1,0,1,WebGL,2048,4194304,4.0 MB,Assets/HyTeKGames/SRPMaterialConverter/ConvertedMaterials/green_wood.mat,Unknown,,Review if referenced,Visual QA required
Assets/HyTeKGames/SRPMaterialConverter/ConvertedMaterials/Maps/green_wood_3_AO.png,184635,180.3 KB,1024,1024,0,PNG,Yes,1,0,1,WebGL,2048,4194304,4.0 MB,,Unknown,,Review if referenced,Unknown/runtime or unused candidate
Assets/Idyllic Italian Coast Town/Textures/M_wall_plaster_height.png,184116,179.8 KB,1024,1024,0,PNG,Unknown,1,0,1,None found,2048,4194304,4.0 MB,Assets/Idyllic Italian Coast Town/Materials/M_wall_plaster 10.mat; Assets/Idyllic Italian Coast Town/Materials/M_wall_plaster 2.mat; Assets/Idyllic Italian Coast Town/Materials/M_wall_plaster 3.mat; Assets/Idyllic Italian Coast Town/Materials/M_wall_plaster 4.mat; Assets/Idyllic Italian Coast Town/Materials/M_wall_plaster 5.mat; Assets/Idyllic Italian Coast Town/Materials/M_wall_plaster 6.mat; Assets/Idyllic Italian Coast Town/Materials/M_wall_plaster 7.mat; Assets/Idyllic Italian Coast Town/Materials/M_wall_plaster 8.mat; Assets/Idyllic Italian Coast Town/Materials/M_wall_plaster 9.mat; Assets/Idyllic Italian Coast Town/Materials/M_wall_plaster.mat,Unknown,,Review if referenced,Visual QA required
Assets/DevDen Arch Viz Scotland/Textures/Study Room/study_chair/CHair2_study_chair_seat_AO.png,183859,179.5 KB,1024,1024,0,PNG,Yes,1,1,1,WebGL,2048,4194304,4.0 MB,Assets/DevDen Arch Viz Scotland/Materials/Study Room/study_chair_seat.mat,Unknown,ReadWrite enabled,Review if referenced,Visual QA required
Assets/Animated Tropical Vegetation/Textures/tropical_plant_leaf_normal.png,183729,179.4 KB,512,512,1,PNG,Unknown,1,0,1,None found,2048,1048576,1.0 MB,Assets/Animated Tropical Vegetation/Materials/tropical_plant_leaf.mat,Normal map,,Review if referenced,Visual QA required
Assets/Animated Tropical Vegetation/Textures/billboards/small_tree_3_billboard_normal.png,183465,179.2 KB,1024,1024,1,PNG,Unknown,1,0,1,None found,2048,4194304,4.0 MB,Assets/Animated Tropical Vegetation/Materials/Billboards/small_tree_3_billboard.mat,Normal map,,Review if referenced,Visual QA required
Assets/HyTeKGames/SRPMaterialConverter/ConvertedMaterials/Maps/Paintings_House_3_AO.png,182727,178.4 KB,2048,2048,0,PNG,Yes,1,0,1,WebGL,2048,16777216,16.0 MB,,Unknown,,Review if referenced,Unknown/runtime or unused candidate
Assets/HyTeKGames/SRPMaterialConverter/ConvertedMaterials/Maps/Paintings_House_AO.png,182727,178.4 KB,2048,2048,0,PNG,Yes,1,0,1,WebGL,2048,16777216,16.0 MB,Assets/HyTeKGames/SRPMaterialConverter/ConvertedMaterials/Paintings_House.mat,Unknown,,Review if referenced,Visual QA required
Assets/UnityTechnologies/Basic Asset Pack Interior/Textures/Floor_BeigeStripes.jpg,182366,178.1 KB,1024,1024,0,JPEG,Unknown,1,0,1,None found,2048,4194304,4.0 MB,,Unknown,,Review if referenced,Unknown/runtime or unused candidate
Assets/UnityTechnologies/Basic Asset Pack Interior/Textures/StripesGrey.jpg,175984,171.9 KB,1024,1024,0,JPEG,Unknown,1,0,1,None found,2048,4194304,4.0 MB,,Unknown,,Review if referenced,Unknown/runtime or unused candidate
Assets/DevDen Arch Viz Scotland/Textures/Study Room/study_chair/CHair2_study_chairI_Leg_AO.png,173819,169.7 KB,1024,1024,0,PNG,Yes,1,1,1,WebGL,2048,4194304,4.0 MB,Assets/DevDen Arch Viz Scotland/Materials/Study Room/study_chairI_Leg.mat,Unknown,ReadWrite enabled,Review if referenced,Visual QA required
Assets/HyTeKGames/SRPMaterialConverter/ConvertedMaterials/Maps/TV_Shelf_1_AO.png,173523,169.5 KB,1024,1024,0,PNG,Yes,1,0,1,WebGL,2048,4194304,4.0 MB,,Unknown,,Review if referenced,Unknown/runtime or unused candidate
Assets/HyTeKGames/SRPMaterialConverter/ConvertedMaterials/Maps/TV_Shelf_AO.png,173523,169.5 KB,1024,1024,0,PNG,Yes,1,0,1,WebGL,2048,4194304,4.0 MB,Assets/HyTeKGames/SRPMaterialConverter/ConvertedMaterials/TV_Shelf.mat,Unknown,,Review if referenced,Visual QA required
Assets/BCaT_assets/Meshell_Sturgis/articles/Pages/BlackRefractions/page_039.png,171430,167.4 KB,760,1163,0,PNG,Unknown,0,0,0,WebGL,2048,3535520,3.4 MB,Assets/BH_XR_MainScene.unity; Assets/_Recovery/0 (21).unity; Assets/_Recovery/0 (22).unity; Assets/_Recovery/0 (23).unity,Article/document page,,Review if referenced,Visual QA required
Assets/UnityTechnologies/Basic Asset Pack Interior/Textures/Floor_WoodPlanksWhitewash.jpg,171265,167.3 KB,1024,1024,0,JPEG,Unknown,1,0,1,None found,2048,4194304,4.0 MB,Assets/UnityTechnologies/Basic Asset Pack Interior/Materials/WoodPlanksBeige.mat,Unknown,,Review if referenced,Visual QA required
Assets/Animated Tropical Vegetation/Textures/palm_tree_2_leaves_normal.png,171238,167.2 KB,1024,1024,1,PNG,Unknown,1,0,1,None found,2048,4194304,4.0 MB,Assets/Animated Tropical Vegetation/Materials/palm_tree_2_leaves.mat,Normal map,,Review if referenced,Visual QA required
Assets/BCaT_assets/Meshell_Sturgis/articles/Pages/BlackRefractions/page_013.png,170795,166.8 KB,760,1112,0,PNG,Unknown,0,0,0,WebGL,2048,3380480,3.2 MB,Assets/BH_XR_MainScene.unity; Assets/_Recovery/0 (21).unity; Assets/_Recovery/0 (22).unity; Assets/_Recovery/0 (23).unity,Article/document page,,Review if referenced,Visual QA required
Assets/HyTeKGames/SRPMaterialConverter/ConvertedMaterials/Maps/TV_Panels_AO.png,169834,165.9 KB,1024,1024,0,PNG,Yes,1,0,1,WebGL,2048,4194304,4.0 MB,Assets/HyTeKGames/SRPMaterialConverter/ConvertedMaterials/TV_Panels.mat,Unknown,,Review if referenced,Visual QA required
Assets/HyTeKGames/SRPMaterialConverter/ConvertedMaterials/Maps/TV_Panels_1_AO.png,169834,165.9 KB,1024,1024,0,PNG,Yes,1,0,1,WebGL,2048,4194304,4.0 MB,,Unknown,,Review if referenced,Unknown/runtime or unused candidate
Assets/BCaT_assets/Meshell_Sturgis/articles/Pages/Tesseract/page_002.png,169512,165.5 KB,1120,1395,0,PNG,Unknown,0,0,0,WebGL,2048,6249600,6.0 MB,Assets/BH_XR_MainScene.unity; Assets/_Recovery/0 (21).unity; Assets/_Recovery/0 (22).unity; Assets/_Recovery/0 (23).unity,Article/document page,,Review if referenced,Visual QA required
Assets/BCaT_assets/Meshell_Sturgis/articles/Pages/BlackRefractions/page_043.png,169019,165.1 KB,734,1036,0,PNG,Unknown,0,0,0,WebGL,2048,3041696,2.9 MB,Assets/BH_XR_MainScene.unity; Assets/_Recovery/0 (21).unity; Assets/_Recovery/0 (22).unity; Assets/_Recovery/0 (23).unity,Article/document page,,Review if referenced,Visual QA required
Assets/DevDen Arch Viz Scotland/Textures/Living Room/Remotecontrol/RemoteControl_DefaultMaterial_AlbedoTransparency.png,168985,165.0 KB,2048,2048,0,PNG,Unknown,1,0,1,None found,2048,16777216,16.0 MB,Assets/DevDen Arch Viz Scotland/Materials/Living Room/Remote.mat; Assets/HyTeKGames/SRPMaterialConverter/ConvertedMaterials/Remote.mat,Unknown,,Review if referenced,Visual QA required
Assets/Animated Tropical Vegetation/Textures/bushy_palm_1_color.png,167053,163.1 KB,512,512,0,PNG,Yes,1,0,1,None found,2048,1048576,1.0 MB,Assets/Animated Tropical Vegetation/Materials/bushy_palm_1.mat,Unknown,,Review if referenced,Visual QA required
Assets/Animated Tropical Vegetation/Textures/billboards/small_tree_2_billboard_normal.png,166534,162.6 KB,1024,1024,1,PNG,Unknown,1,0,1,None found,2048,4194304,4.0 MB,Assets/Animated Tropical Vegetation/Materials/Billboards/small_tree_2_billboard.mat,Normal map,,Review if referenced,Visual QA required
Assets/Animated Tropical Vegetation/Textures/billboards/small_tree_4_billboard_normal.png,165484,161.6 KB,1024,1024,1,PNG,Unknown,1,0,1,None found,2048,4194304,4.0 MB,Assets/Animated Tropical Vegetation/Materials/Billboards/small_tree_4_billboard.mat,Normal map,,Review if referenced,Visual QA required
Assets/HyTeKGames/SRPMaterialConverter/ConvertedMaterials/Maps/bedside_lamp1_1_AO.png,165036,161.2 KB,512,1024,0,PNG,Yes,1,0,1,WebGL,2048,2097152,2.0 MB,,Unknown,,Review if referenced,Unknown/runtime or unused candidate
Assets/HyTeKGames/SRPMaterialConverter/ConvertedMaterials/Maps/bedside_lamp1_AO.png,165036,161.2 KB,512,1024,0,PNG,Yes,1,0,1,WebGL,2048,2097152,2.0 MB,Assets/HyTeKGames/SRPMaterialConverter/ConvertedMaterials/bedside_lamp1.mat,Unknown,,Review if referenced,Visual QA required
Assets/danthaigames/DS 80s Television/Textures/TVScreen.png,164904,161.0 KB,2048,2048,0,PNG,Yes,1,0,1,None found,2048,16777216,16.0 MB,Assets/danthaigames/DS 80s Television/Materials/TV Screen.mat,Unknown,,Review if referenced,Visual QA required
Assets/Furniture Mega Pack/Textures/Drawer/AtlasTexture_Drawer_DefaultMaterial_MetallicSmoothness.png,164885,161.0 KB,2048,2048,0,PNG,Yes,1,0,1,None found,2048,16777216,16.0 MB,Assets/Furniture Mega Pack/Materials/Drawer/mat_Drawer.mat,Unknown,,Review if referenced,Visual QA required
Assets/Furniture Mega Pack/Scenes/Furniture Mega Pack/ReflectionProbe-0.exr,164012,160.2 KB,0,0,0,,Unknown,1,0,1,None found,2048,,,,Unknown,,Review if referenced,Unknown/runtime or unused candidate
Assets/Furniture Mega Pack/Scenes/Furniture Mega Pack/ReflectionProbe-1.exr,163864,160.0 KB,0,0,0,,Unknown,1,0,1,None found,2048,,,,Unknown,,Review if referenced,Unknown/runtime or unused candidate
Assets/Furniture Mega Pack/Textures/Tables/Table43/Table43_mat_Table43_AlbedoTransparency.png,163228,159.4 KB,2048,2048,0,PNG,Unknown,1,0,1,None found,2048,16777216,16.0 MB,Assets/Furniture Mega Pack/Materials/Table/mat_Table43.mat,Unknown,,Review if referenced,Visual QA required
Assets/Animated Tropical Vegetation/Textures/billboards/bamboo_3_billboard_normal.png,161436,157.7 KB,1024,1024,1,PNG,Unknown,1,0,1,None found,2048,4194304,4.0 MB,Assets/Animated Tropical Vegetation/Materials/Billboards/bamboo_3_billboard.mat,Normal map,,Review if referenced,Visual QA required
Assets/DevDen Arch Viz Scotland/Textures/Bed Room/BedsideLamp/bedside_lamp_bedside_lamp1_AlbedoTransparency.png,160047,156.3 KB,512,1024,0,PNG,Yes,1,1,1,WebGL,2048,2097152,2.0 MB,Assets/DevDen Arch Viz Scotland/Materials/Bed Room/bedside_lamp1.mat; Assets/HyTeKGames/SRPMaterialConverter/ConvertedMaterials/bedside_lamp1.mat,Unknown,ReadWrite enabled,Review if referenced,Visual QA required
Assets/Animated Tropical Vegetation/Textures/banana_tree_1_leaf_color.png,159408,155.7 KB,512,512,0,PNG,Yes,1,0,1,None found,2048,1048576,1.0 MB,Assets/Animated Tropical Vegetation/Materials/banana_tree_1_leaf.mat,Unknown,,Review if referenced,Visual QA required
Assets/Furniture Mega Pack/Textures/Tables/Table44/Table44_mat_Table44_AlbedoTransparency.png,157473,153.8 KB,2048,2048,0,PNG,Unknown,1,0,1,None found,2048,16777216,16.0 MB,Assets/Furniture Mega Pack/Materials/Table/mat_Table44.mat,Unknown,,Review if referenced,Visual QA required
Assets/Animated Tropical Vegetation/Textures/billboards/palm_tree_2_billboard_normal.png,153477,149.9 KB,1024,1024,1,PNG,Unknown,1,0,1,None found,2048,4194304,4.0 MB,Assets/Animated Tropical Vegetation/Materials/Billboards/palm_tree_2_billboard.mat,Normal map,,Review if referenced,Visual QA required
Assets/BCaT_assets/Meshell_Sturgis/articles/Pages/BlackRefractions/page_038.png,151451,147.9 KB,758,1165,0,PNG,Unknown,0,0,0,WebGL,2048,3532280,3.4 MB,Assets/BH_XR_MainScene.unity; Assets/_Recovery/0 (21).unity; Assets/_Recovery/0 (22).unity; Assets/_Recovery/0 (23).unity,Article/document page,,Review if referenced,Visual QA required
Assets/DevDen Arch Viz Scotland/Textures/Living Room/Living_room_carpet/Carpet.png,149394,145.9 KB,350,350,0,PNG,Unknown,1,0,1,None found,2048,490000,478.5 KB,Assets/DevDen Arch Viz Scotland/Materials/Living Room/NewCarpet.mat; Assets/HyTeKGames/SRPMaterialConverter/ConvertedMaterials/NewCarpet.mat,Unknown,,Review if referenced,Visual QA required
Assets/DevDen Arch Viz Scotland/Decals/Tree.png,148878,145.4 KB,1920,1080,0,PNG,Yes,0,0,1,None found,2048,8294400,7.9 MB,Assets/DevDen Arch Viz Scotland/Decals/Materials/Tree.mat; Assets/HyTeKGames/SRPMaterialConverter/ConvertedMaterials/Tree.mat,Unknown,,Review if referenced,Visual QA required
Assets/BCaT_assets/Meshell_Sturgis/articles/Pages/BlackRefractions/page_037.png,147763,144.3 KB,792,1039,0,PNG,Unknown,0,0,0,WebGL,2048,3291552,3.1 MB,Assets/BH_XR_MainScene.unity; Assets/_Recovery/0 (21).unity; Assets/_Recovery/0 (22).unity; Assets/_Recovery/0 (23).unity,Article/document page,,Review if referenced,Visual QA required
Assets/Furniture Mega Pack/Textures/Chairs/Chair29/Chair29_mat_Chair29_AlbedoTransparency.png,147084,143.6 KB,2048,2048,0,PNG,Unknown,1,0,1,None found,2048,16777216,16.0 MB,Assets/Furniture Mega Pack/Materials/Chair/mat_Chair29.mat,Unknown,,Review if referenced,Visual QA required
Assets/HyTeKGames/SRPMaterialConverter/ConvertedMaterials/Maps/metal_1_AO.png,147036,143.6 KB,2048,2048,0,PNG,Yes,1,0,1,WebGL,2048,16777216,16.0 MB,Assets/HyTeKGames/SRPMaterialConverter/ConvertedMaterials/metal_1.mat,Unknown,,Review if referenced,Visual QA required
Assets/HyTeKGames/SRPMaterialConverter/ConvertedMaterials/Maps/metal_AO.png,147036,143.6 KB,2048,2048,0,PNG,Yes,1,0,1,WebGL,2048,16777216,16.0 MB,Assets/HyTeKGames/SRPMaterialConverter/ConvertedMaterials/metal.mat,Unknown,,Review if referenced,Visual QA required
Assets/DevDen Arch Viz Scotland/Textures/Living Room/TV_Shelf/TV_Shelf_DefaultMaterial_AO.png,147023,143.6 KB,1024,1024,0,PNG,Unknown,1,0,1,None found,2048,4194304,4.0 MB,Assets/DevDen Arch Viz Scotland/Materials/Living Room/TV_Shelf.mat,Unknown,,Review if referenced,Visual QA required
Assets/DevDen Arch Viz Scotland/Textures/Living Room/TV_Panels/TV_Panels_DefaultMaterial_Normal.png,145132,141.7 KB,1024,1024,1,PNG,Unknown,1,0,1,None found,2048,4194304,4.0 MB,Assets/DevDen Arch Viz Scotland/Materials/Living Room/TV_Panels.mat; Assets/HyTeKGames/SRPMaterialConverter/ConvertedMaterials/TV_Panels.mat,Normal map,,Review if referenced,Visual QA required
Assets/Furniture Mega Pack/Textures/Tables/Table44/Table44_mat_Table44_MetallicSmoothness.png,144527,141.1 KB,2048,2048,0,PNG,Yes,1,0,1,None found,2048,16777216,16.0 MB,Assets/Furniture Mega Pack/Materials/Table/mat_Table44.mat,Unknown,,Review if referenced,Visual QA required
Assets/Idyllic Italian Coast Town/Textures/M_groundtiles_01_height.png,142327,139.0 KB,1024,1024,0,PNG,Unknown,1,0,1,None found,2048,4194304,4.0 MB,Assets/Idyllic Italian Coast Town/Materials/M_ground 1.mat,Unknown,,Review if referenced,Visual QA required
Assets/UnityTechnologies/Basic Asset Pack Interior/Textures/Floor_WoodPlanks.jpg,140138,136.9 KB,1024,1024,0,JPEG,Unknown,1,0,1,None found,2048,4194304,4.0 MB,,Unknown,,Review if referenced,Unknown/runtime or unused candidate
Assets/Furniture Mega Pack/Textures/Sofas/Sofa02/Sofa02_mat_Sofa02_MetallicSmoothness.png,139752,136.5 KB,2048,2048,0,PNG,Yes,1,0,1,None found,2048,16777216,16.0 MB,Assets/Furniture Mega Pack/Materials/Sofa/mat_Sofa02.mat,Unknown,,Review if referenced,Visual QA required
Assets/DevDen Arch Viz Scotland/Textures/Study Room/table/Study Table_MetallicSmoothness.png,139707,136.4 KB,2048,2048,0,PNG,Yes,1,0,1,None found,2048,16777216,16.0 MB,Assets/DevDen Arch Viz Scotland/Materials/Study Room/table1.mat,Unknown,,Review if referenced,Visual QA required
Assets/Animated Tropical Vegetation/DemoSceneContent/background.png,138384,135.1 KB,512,512,0,PNG,Unknown,1,0,1,None found,2048,1048576,1.0 MB,Assets/Animated Tropical Vegetation/DemoSceneContent/surface.mat,Unknown,,Review if referenced,Visual QA required
Assets/Animated Tropical Vegetation/Textures/bushy_palm_2_normal.png,137628,134.4 KB,1024,512,1,PNG,Unknown,1,0,1,None found,2048,2097152,2.0 MB,Assets/Animated Tropical Vegetation/Materials/bushy_palm_2.mat,Normal map,,Review if referenced,Visual QA required
Assets/DevDen Arch Viz Scotland/Textures/Living Room/TV/TV_Emission.png,137461,134.2 KB,512,512,0,PNG,Unknown,1,0,1,None found,2048,1048576,1.0 MB,,Unknown,,Review if referenced,Unknown/runtime or unused candidate
Assets/DevDen Arch Viz Scotland/Textures/Bed Room/BedsideLamp/bedside_lamp_bedside_lamp1_MetallicSmoothness.png,134388,131.2 KB,512,1024,0,PNG,Yes,1,1,1,WebGL,2048,2097152,2.0 MB,Assets/DevDen Arch Viz Scotland/Materials/Bed Room/bedside_lamp1.mat,Unknown,ReadWrite enabled,Review if referenced,Visual QA required
Assets/DevDen Arch Viz Scotland/Textures/Common/Interior_props/CommonCeramic04.png,129617,126.6 KB,1024,1024,0,PNG,Yes,1,1,1,None found,2048,4194304,4.0 MB,,Unknown,ReadWrite enabled,Review if referenced,Unknown/runtime or unused candidate
Assets/BCaT_assets/Meshell_Sturgis/articles/Pages/BlackRefractions/page_022.png,128868,125.8 KB,759,1087,0,PNG,Unknown,0,0,0,WebGL,2048,3300132,3.1 MB,Assets/BH_XR_MainScene.unity; Assets/_Recovery/0 (21).unity; Assets/_Recovery/0 (22).unity; Assets/_Recovery/0 (23).unity,Article/document page,,Review if referenced,Visual QA required
Assets/Animated Tropical Vegetation/Textures/billboards/bushy_palm_2_billboard_normal.png,128837,125.8 KB,1024,1024,1,PNG,Unknown,1,0,1,None found,2048,4194304,4.0 MB,Assets/Animated Tropical Vegetation/Materials/Billboards/bushy_palm_2_billboard.mat,Normal map,,Review if referenced,Visual QA required
Assets/HyTeKGames/SRPMaterialConverter/ConvertedMaterials/Maps/coffee_maker_Metallic.png,128394,125.4 KB,2048,2048,0,PNG,Yes,1,0,1,WebGL,2048,16777216,16.0 MB,Assets/HyTeKGames/SRPMaterialConverter/ConvertedMaterials/coffee_maker.mat,Unknown,,Review if referenced,Visual QA required
Assets/HyTeKGames/SRPMaterialConverter/ConvertedMaterials/Maps/coffee_maker_1_Metallic.png,128394,125.4 KB,2048,2048,0,PNG,Yes,1,0,1,WebGL,2048,16777216,16.0 MB,,Unknown,,Review if referenced,Unknown/runtime or unused candidate
Assets/HyTeKGames/SRPMaterialConverter/ConvertedMaterials/Maps/study_chairI_Leg_AO.png,126880,123.9 KB,1024,1024,0,PNG,Yes,1,0,1,WebGL,2048,4194304,4.0 MB,Assets/HyTeKGames/SRPMaterialConverter/ConvertedMaterials/study_chairI_Leg.mat,Unknown,,Review if referenced,Visual QA required
Assets/HyTeKGames/SRPMaterialConverter/ConvertedMaterials/Maps/study_chairI_Leg_1_AO.png,126880,123.9 KB,1024,1024,0,PNG,Yes,1,0,1,WebGL,2048,4194304,4.0 MB,,Unknown,,Review if referenced,Unknown/runtime or unused candidate
Assets/Animated Tropical Vegetation/Textures/bamboo_bark_color.png,124783,121.9 KB,256,512,0,PNG,Unknown,1,0,1,None found,2048,524288,512.0 KB,Assets/Animated Tropical Vegetation/Materials/bamboo_bark.mat,Unknown,,Review if referenced,Visual QA required
Assets/DevDen Arch Viz Scotland/Textures/Study Room/shelf/shelf_shelf1_AO.png,123442,120.5 KB,1024,1024,0,PNG,Yes,1,1,1,WebGL,2048,4194304,4.0 MB,Assets/DevDen Arch Viz Scotland/Materials/Study Room/shelf1.mat,Unknown,ReadWrite enabled,Review if referenced,Visual QA required
Assets/BCaT_assets/Meshell_Sturgis/articles/Pages/BlackRefractions/page_026.png,122986,120.1 KB,761,1224,0,PNG,Unknown,0,0,0,WebGL,2048,3725856,3.6 MB,Assets/BH_XR_MainScene.unity; Assets/_Recovery/0 (21).unity; Assets/_Recovery/0 (22).unity; Assets/_Recovery/0 (23).unity,Article/document page,,Review if referenced,Visual QA required
Assets/BCaT_assets/Meshell_Sturgis/articles/Pages/GettingHome/page_008.png,122794,119.9 KB,682,558,0,PNG,Unknown,0,0,0,WebGL,2048,1522224,1.5 MB,Assets/BH_XR_MainScene.unity; Assets/_Recovery/0 (21).unity; Assets/_Recovery/0 (22).unity; Assets/_Recovery/0 (23).unity,Article/document page,,Review if referenced,Visual QA required
Assets/TutorialInfo/Icons/Water Shader icon.PNG,122056,119.2 KB,300,300,0,PNG,Yes,1,0,1,None found,2048,360000,351.6 KB,,Unknown,,Review if referenced,Unknown/runtime or unused candidate
Assets/Animated Tropical Vegetation/Textures/billboards/bushy_palm_3_billboard_normal.png,121395,118.5 KB,1024,1024,1,PNG,Unknown,1,0,1,None found,2048,4194304,4.0 MB,Assets/Animated Tropical Vegetation/Materials/Billboards/bushy_palm_3_billboard.mat,Normal map,,Review if referenced,Visual QA required
Assets/Animated Tropical Vegetation/Textures/billboards/bamboo_2_billboard_normal.png,119911,117.1 KB,1024,1024,1,PNG,Unknown,1,0,1,None found,2048,4194304,4.0 MB,Assets/Animated Tropical Vegetation/Materials/Billboards/bamboo_2_billboard.mat,Normal map,,Review if referenced,Visual QA required
Assets/DevDen Arch Viz Scotland/Textures/Living Room/TV_Panels/TV_Panels_DefaultMaterial_AO.png,117523,114.8 KB,1024,1024,0,PNG,Unknown,1,0,1,None found,2048,4194304,4.0 MB,Assets/DevDen Arch Viz Scotland/Materials/Living Room/TV_Panels.mat,Unknown,,Review if referenced,Visual QA required
Assets/BCaT_assets/Meshell_Sturgis/articles/Pages/BlackRefractions/page_018.png,117151,114.4 KB,752,1224,0,PNG,Unknown,0,0,0,WebGL,2048,3681792,3.5 MB,Assets/BH_XR_MainScene.unity; Assets/_Recovery/0 (21).unity; Assets/_Recovery/0 (22).unity; Assets/_Recovery/0 (23).unity,Article/document page,,Review if referenced,Visual QA required
Assets/DevDen Arch Viz Scotland/Textures/Kitchen Room/kitchen_1/kitchen_granite_Normal.png,116801,114.1 KB,2048,2048,0,PNG,Yes,1,0,1,None found,2048,16777216,16.0 MB,,Normal map,,Review if referenced,Unknown/runtime or unused candidate
Assets/UnityTechnologies/Basic Asset Pack Interior/Textures/SmallProps.jpg,116376,113.6 KB,1024,1024,0,JPEG,Unknown,1,0,1,None found,2048,4194304,4.0 MB,Assets/UnityTechnologies/Basic Asset Pack Interior/Materials/SmallProps.mat; Assets/UnityTechnologies/Basic Asset Pack Interior/Materials/SmallProps_Light.mat,Unknown,,Review if referenced,Visual QA required
Assets/Animated Tropical Vegetation/Textures/billboards/jungle_bush_1_billboard_normal.png,113383,110.7 KB,1024,1024,1,PNG,Unknown,1,0,1,None found,2048,4194304,4.0 MB,Assets/Animated Tropical Vegetation/Materials/Billboards/jungle_bush_1_billboard.mat,Normal map,,Review if referenced,Visual QA required
Assets/TextMesh Pro/Sprites/EmojiOne.png,112319,109.7 KB,512,512,0,PNG,Yes,1,0,1,None found,2048,1048576,1.0 MB,Assets/TextMesh Pro/Resources/Sprite Assets/EmojiOne.asset,Unknown,,Review if referenced,Visual QA required
Assets/HyTeKGames/SRPMaterialConverter/ConvertedMaterials/Maps/knives_2_Metallic.png,111973,109.3 KB,2048,2048,0,PNG,Yes,1,0,1,WebGL,2048,16777216,16.0 MB,,Unknown,,Review if referenced,Unknown/runtime or unused candidate
Assets/HyTeKGames/SRPMaterialConverter/ConvertedMaterials/Maps/knives_Metallic.png,111973,109.3 KB,2048,2048,0,PNG,Yes,1,0,1,WebGL,2048,16777216,16.0 MB,Assets/HyTeKGames/SRPMaterialConverter/ConvertedMaterials/knives.mat,Unknown,,Review if referenced,Visual QA required
Assets/UnityTechnologies/Basic Asset Pack Interior/Textures/TrimSheet_GreenPurple.jpg,111286,108.7 KB,1024,1024,0,JPEG,Unknown,1,0,1,None found,2048,4194304,4.0 MB,Assets/UnityTechnologies/Basic Asset Pack Interior/Materials/TrimSheetGreenPurple.mat,Unknown,,Review if referenced,Visual QA required
Assets/UnityTechnologies/Basic Asset Pack Interior/Textures/TrimSheet_Purples.jpg,111258,108.7 KB,1024,1024,0,JPEG,Unknown,1,0,1,None found,2048,4194304,4.0 MB,,Unknown,,Review if referenced,Unknown/runtime or unused candidate
Assets/DevDen Arch Viz Scotland/Textures/Kitchen Room/side_piece/side_piece_marble_Normal.png,111190,108.6 KB,2048,2048,1,PNG,Yes,1,1,1,WebGL,2048,16777216,16.0 MB,Assets/DevDen Arch Viz Scotland/Materials/Kitchen Room/marble.mat; Assets/HyTeKGames/SRPMaterialConverter/ConvertedMaterials/marble.mat,Normal map,ReadWrite enabled,Review if referenced,Visual QA required
Assets/HyTeKGames/SRPMaterialConverter/ConvertedMaterials/Maps/plate_Metallic.png,111009,108.4 KB,2048,2048,0,PNG,Yes,1,0,1,WebGL,2048,16777216,16.0 MB,Assets/HyTeKGames/SRPMaterialConverter/ConvertedMaterials/plate.mat,Unknown,,Review if referenced,Visual QA required
Assets/HyTeKGames/SRPMaterialConverter/ConvertedMaterials/Maps/plate_1_Metallic.png,111009,108.4 KB,2048,2048,0,PNG,Yes,1,0,1,WebGL,2048,16777216,16.0 MB,,Unknown,,Review if referenced,Unknown/runtime or unused candidate
Assets/Animated Tropical Vegetation/Textures/billboards/jungle_bush_3_billboard_normal.png,109816,107.2 KB,1024,1024,1,PNG,Unknown,1,0,1,None found,2048,4194304,4.0 MB,Assets/Animated Tropical Vegetation/Materials/Billboards/jungle_bush_3_billboard.mat,Normal map,,Review if referenced,Visual QA required
Assets/UnityTechnologies/Basic Asset Pack Interior/Textures/TrimSheet_Blues.jpg,109364,106.8 KB,1024,1024,0,JPEG,Unknown,1,0,1,None found,2048,4194304,4.0 MB,,Unknown,,Review if referenced,Unknown/runtime or unused candidate
Assets/DevDen Arch Viz Scotland/Textures/Common/door and handle/door and handles_handle_AO.png,108720,106.2 KB,1024,1024,0,PNG,Yes,1,1,1,WebGL,2048,4194304,4.0 MB,Assets/DevDen Arch Viz Scotland/Materials/Environment/handle.mat,Unknown,ReadWrite enabled,Review if referenced,Visual QA required
Assets/Animated Tropical Vegetation/Textures/bushy_palm_1_normal.png,107798,105.3 KB,512,512,1,PNG,Unknown,1,0,1,None found,2048,1048576,1.0 MB,Assets/Animated Tropical Vegetation/Materials/bushy_palm_1.mat,Normal map,,Review if referenced,Visual QA required
Assets/HyTeKGames/SRPMaterialConverter/ConvertedMaterials/Maps/trash-can_1_Metallic.png,107487,105.0 KB,2048,2048,0,PNG,Yes,1,0,1,WebGL,2048,16777216,16.0 MB,,Unknown,,Review if referenced,Unknown/runtime or unused candidate
Assets/HyTeKGames/SRPMaterialConverter/ConvertedMaterials/Maps/trash-can_Metallic.png,107487,105.0 KB,2048,2048,0,PNG,Yes,1,0,1,WebGL,2048,16777216,16.0 MB,Assets/HyTeKGames/SRPMaterialConverter/ConvertedMaterials/trash-can.mat,Unknown,,Review if referenced,Visual QA required
Assets/HyTeKGames/SRPMaterialConverter/ConvertedMaterials/Maps/study_chair_seat_1_AO.png,106520,104.0 KB,1024,1024,0,PNG,Yes,1,0,1,WebGL,2048,4194304,4.0 MB,,Unknown,,Review if referenced,Unknown/runtime or unused candidate
Assets/HyTeKGames/SRPMaterialConverter/ConvertedMaterials/Maps/study_chair_seat_AO.png,106520,104.0 KB,1024,1024,0,PNG,Yes,1,0,1,WebGL,2048,4194304,4.0 MB,Assets/HyTeKGames/SRPMaterialConverter/ConvertedMaterials/study_chair_seat.mat,Unknown,,Review if referenced,Visual QA required
Assets/Animated Tropical Vegetation/Textures/banana_tree_1_leaf_normal.png,106321,103.8 KB,512,512,1,PNG,Unknown,1,0,1,None found,2048,1048576,1.0 MB,Assets/Animated Tropical Vegetation/Materials/banana_tree_1_leaf.mat,Normal map,,Review if referenced,Visual QA required
Assets/Animated Tropical Vegetation/Textures/bamboo_leaves_color.png,105966,103.5 KB,512,512,0,PNG,Yes,1,0,1,None found,2048,1048576,1.0 MB,Assets/Animated Tropical Vegetation/Materials/bamboo_leaves.mat,Unknown,,Review if referenced,Visual QA required
Assets/DevDen Arch Viz Scotland/Textures/Bed Room/FOTO_FRAME_4/Painting_StandPhoto_C_Paintings_House_MetallicSmoothness.png,104294,101.8 KB,2048,2048,0,PNG,Yes,1,1,1,WebGL,2048,16777216,16.0 MB,Assets/DevDen Arch Viz Scotland/Materials/Bed Room/Paintings_House_1.mat,Unknown,ReadWrite enabled,Review if referenced,Visual QA required
Assets/HyTeKGames/SRPMaterialConverter/ConvertedMaterials/Maps/teatable_1_AO.png,104289,101.8 KB,1024,1024,0,PNG,Yes,1,0,1,WebGL,2048,4194304,4.0 MB,,Unknown,,Review if referenced,Unknown/runtime or unused candidate
Assets/HyTeKGames/SRPMaterialConverter/ConvertedMaterials/Maps/teatable_AO.png,104289,101.8 KB,1024,1024,0,PNG,Yes,1,0,1,WebGL,2048,4194304,4.0 MB,Assets/HyTeKGames/SRPMaterialConverter/ConvertedMaterials/teatable.mat,Unknown,,Review if referenced,Visual QA required
Assets/DevDen Arch Viz Scotland/Textures/Bed Room/foto_frame_1/Painting_Photo_B_Paintings_House_AlbedoTransparency.png,102740,100.3 KB,2048,2048,0,PNG,Yes,1,1,1,WebGL,2048,16777216,16.0 MB,Assets/DevDen Arch Viz Scotland/Materials/Bed Room/Paintings_House_4.mat; Assets/HyTeKGames/SRPMaterialConverter/ConvertedMaterials/Paintings_House_4.mat,Unknown,ReadWrite enabled,Review if referenced,Visual QA required
Assets/Animated Tropical Vegetation/Textures/billboards/bamboo_1_billboard_normal.png,102478,100.1 KB,1024,1024,1,PNG,Unknown,1,0,1,None found,2048,4194304,4.0 MB,Assets/Animated Tropical Vegetation/Materials/Billboards/bamboo_1_billboard.mat,Normal map,,Review if referenced,Visual QA required
Assets/Animated Tropical Vegetation/Textures/billboards/large_palm_tree_2_billboard_normal.png,102131,99.7 KB,1024,1024,1,PNG,Unknown,1,0,1,None found,2048,4194304,4.0 MB,Assets/Animated Tropical Vegetation/Materials/Billboards/large_palm_tree_2_billboard.mat,Normal map,,Review if referenced,Visual QA required
Assets/Idyllic Italian Coast Town/Textures/M_leaves_01.png,100078,97.7 KB,1024,1024,0,PNG,Yes,1,0,1,None found,2048,4194304,4.0 MB,Assets/Idyllic Italian Coast Town/Materials/M_leaves.mat,Unknown,,Review if referenced,Visual QA required
Assets/BCaT_assets/Meshell_Sturgis/articles/Pages/BlackRefractions/page_027.png,98546,96.2 KB,763,1224,0,PNG,Unknown,0,0,0,WebGL,2048,3735648,3.6 MB,Assets/BH_XR_MainScene.unity; Assets/_Recovery/0 (21).unity; Assets/_Recovery/0 (22).unity; Assets/_Recovery/0 (23).unity,Article/document page,,Review if referenced,Visual QA required
Assets/Animated Tropical Vegetation/Textures/billboards/large_palm_tree_1_billboard_normal.png,98428,96.1 KB,1024,1024,1,PNG,Unknown,1,0,1,None found,2048,4194304,4.0 MB,Assets/Animated Tropical Vegetation/Materials/Billboards/large_palm_tree_1_billboard.mat,Normal map,,Review if referenced,Visual QA required
Assets/HyTeKGames/SRPMaterialConverter/ConvertedMaterials/Maps/Table Mat_Metallic.png,98369,96.1 KB,2048,2048,0,PNG,Yes,1,0,1,WebGL,2048,16777216,16.0 MB,Assets/HyTeKGames/SRPMaterialConverter/ConvertedMaterials/Table Mat.mat,Unknown,,Review if referenced,Visual QA required
Assets/HyTeKGames/SRPMaterialConverter/ConvertedMaterials/Maps/Table Mat_1_Metallic.png,98369,96.1 KB,2048,2048,0,PNG,Yes,1,0,1,WebGL,2048,16777216,16.0 MB,,Unknown,,Review if referenced,Unknown/runtime or unused candidate
Assets/BCaT_assets/Meshell_Sturgis/articles/Pages/BlackRefractions/page_006.png,97873,95.6 KB,699,1138,0,PNG,Unknown,0,0,0,WebGL,2048,3181848,3.0 MB,Assets/BH_XR_MainScene.unity; Assets/_Recovery/0 (21).unity; Assets/_Recovery/0 (22).unity; Assets/_Recovery/0 (23).unity,Article/document page,,Review if referenced,Visual QA required
Assets/HyTeKGames/SRPMaterialConverter/ConvertedMaterials/Maps/M_toilet_1_Metallic.png,95500,93.3 KB,2048,2048,0,PNG,Yes,1,0,1,WebGL,2048,16777216,16.0 MB,,Unknown,,Review if referenced,Unknown/runtime or unused candidate
Assets/HyTeKGames/SRPMaterialConverter/ConvertedMaterials/Maps/M_toilet_Metallic.png,95500,93.3 KB,2048,2048,0,PNG,Yes,1,0,1,WebGL,2048,16777216,16.0 MB,Assets/HyTeKGames/SRPMaterialConverter/ConvertedMaterials/M_toilet.mat,Unknown,,Review if referenced,Visual QA required
Assets/HyTeKGames/SRPMaterialConverter/ConvertedMaterials/Maps/imac_Metallic.png,95260,93.0 KB,2048,2048,0,PNG,Yes,1,0,1,WebGL,2048,16777216,16.0 MB,Assets/HyTeKGames/SRPMaterialConverter/ConvertedMaterials/imac.mat,Unknown,,Review if referenced,Visual QA required
Assets/HyTeKGames/SRPMaterialConverter/ConvertedMaterials/Maps/imac_1_Metallic.png,95260,93.0 KB,2048,2048,0,PNG,Yes,1,0,1,WebGL,2048,16777216,16.0 MB,,Unknown,,Review if referenced,Unknown/runtime or unused candidate
Assets/Coconut Palm Tree Pack/Textures/Parts/Frond_Stem_diffuse.psd,95250,93.0 KB,128,128,5,PSD,Unknown,1,0,,None found,1024,65536,64.0 KB,Assets/Coconut Palm Tree Pack/Materials/Parts/Coconut_Palm_Tree_Frond_Stem.mat,Unknown,,Review if referenced,Visual QA required
Assets/DevDen Arch Viz Scotland/Textures/Kitchen Room/Fridge/frifge_green_wood_MetallicSmoothness.png,95003,92.8 KB,2048,2048,0,PNG,Yes,1,1,1,WebGL,2048,16777216,16.0 MB,Assets/DevDen Arch Viz Scotland/Materials/Kitchen Room/green_wood_1 Metal.mat; Assets/DevDen Arch Viz Scotland/Materials/Kitchen Room/green_wood_1.mat,Unknown,ReadWrite enabled,Review if referenced,Visual QA required
Assets/UnityTechnologies/Basic Asset Pack Interior/Textures/WallGreenLight.jpg,94644,92.4 KB,1024,1024,0,JPEG,Unknown,1,0,1,None found,2048,4194304,4.0 MB,Assets/UnityTechnologies/Basic Asset Pack Interior/Materials/WallGreen.mat,Unknown,,Review if referenced,Visual QA required
Assets/HyTeKGames/SRPMaterialConverter/ConvertedMaterials/Maps/balcony_chair1_2_Metallic.png,94634,92.4 KB,2048,2048,0,PNG,Yes,1,0,1,WebGL,2048,16777216,16.0 MB,,Unknown,,Review if referenced,Unknown/runtime or unused candidate
Assets/HyTeKGames/SRPMaterialConverter/ConvertedMaterials/Maps/balcony_chair1_4_Metallic.png,94634,92.4 KB,2048,2048,0,PNG,Yes,1,0,1,WebGL,2048,16777216,16.0 MB,,Unknown,,Review if referenced,Unknown/runtime or unused candidate
Assets/HyTeKGames/SRPMaterialConverter/ConvertedMaterials/Maps/balcony_chair1_Metallic.png,94634,92.4 KB,2048,2048,0,PNG,Yes,1,0,1,WebGL,2048,16777216,16.0 MB,Assets/HyTeKGames/SRPMaterialConverter/ConvertedMaterials/balcony_chair1.mat,Unknown,,Review if referenced,Visual QA required
Assets/DevDen Arch Viz Scotland/Textures/Kitchen Room/Fridge/frifge_green_wood_AlbedoTransparency.png,94602,92.4 KB,2048,2048,0,PNG,Yes,1,0,1,None found,2048,16777216,16.0 MB,Assets/DevDen Arch Viz Scotland/Materials/Kitchen Room/green_wood_1 Metal.mat; Assets/DevDen Arch Viz Scotland/Materials/Kitchen Room/green_wood_1.mat; Assets/HyTeKGames/SRPMaterialConverter/ConvertedMaterials/green_wood_1 Metal.mat; Assets/HyTeKGames/SRPMaterialConverter/ConvertedMaterials/green_wood_1.mat,Unknown,,Review if referenced,Visual QA required
Assets/DevDen Arch Viz Scotland/Textures/Kitchen Room/fridge_2/frifge_green_wood_AlbedoTransparency.png,94602,92.4 KB,2048,2048,0,PNG,Yes,1,0,1,None found,2048,16777216,16.0 MB,,Unknown,,Review if referenced,Unknown/runtime or unused candidate
Assets/UnityTechnologies/Basic Asset Pack Interior/Textures/WallBlule.jpg,94496,92.3 KB,1024,1024,0,JPEG,Unknown,1,0,1,None found,2048,4194304,4.0 MB,,Unknown,,Review if referenced,Unknown/runtime or unused candidate
Assets/UnityTechnologies/Basic Asset Pack Interior/Textures/WallGreen.jpg,94243,92.0 KB,1024,1024,0,JPEG,Unknown,1,0,1,None found,2048,4194304,4.0 MB,,Unknown,,Review if referenced,Unknown/runtime or unused candidate
Assets/Animated Tropical Vegetation/Textures/bamboo_bark_normal.png,93619,91.4 KB,256,512,1,PNG,Unknown,1,0,1,None found,2048,524288,512.0 KB,Assets/Animated Tropical Vegetation/Materials/bamboo_bark.mat,Normal map,,Review if referenced,Visual QA required
Assets/Animated Tropical Vegetation/Textures/dead_tree_leaves_color.png,93176,91.0 KB,512,512,0,PNG,Yes,1,0,1,None found,2048,1048576,1.0 MB,Assets/Animated Tropical Vegetation/Materials/dead_tree_leaves.mat,Unknown,,Review if referenced,Visual QA required
Assets/DevDen Arch Viz Scotland/Textures/Kitchen Room/kitchen_1/kitchen_chimini_Emission.png,93159,91.0 KB,2048,2048,0,PNG,Yes,1,1,1,WebGL,2048,16777216,16.0 MB,Assets/DevDen Arch Viz Scotland/Materials/Kitchen Room/chimini.mat; Assets/HyTeKGames/SRPMaterialConverter/ConvertedMaterials/chimini.mat,Unknown,ReadWrite enabled,Review if referenced,Visual QA required
Assets/DevDen Arch Viz Scotland/Textures/Bed Room/bedside_carpet/carpet_carpet_AO.png,92750,90.6 KB,2048,2048,0,PNG,Yes,1,1,1,WebGL,2048,16777216,16.0 MB,Assets/DevDen Arch Viz Scotland/Materials/Bed Room/carpet.mat,Unknown,ReadWrite enabled,Review if referenced,Visual QA required
Assets/HyTeKGames/SRPMaterialConverter/ConvertedMaterials/Maps/green_wood_1_1_Metallic.png,92625,90.5 KB,2048,2048,0,PNG,Yes,1,0,1,WebGL,2048,16777216,16.0 MB,,Unknown,,Review if referenced,Unknown/runtime or unused candidate
Assets/HyTeKGames/SRPMaterialConverter/ConvertedMaterials/Maps/green_wood_1 Metal_1_Metallic.png,92625,90.5 KB,2048,2048,0,PNG,Yes,1,0,1,WebGL,2048,16777216,16.0 MB,,Unknown,,Review if referenced,Unknown/runtime or unused candidate
Assets/HyTeKGames/SRPMaterialConverter/ConvertedMaterials/Maps/green_wood_1_Metallic.png,92625,90.5 KB,2048,2048,0,PNG,Yes,1,0,1,WebGL,2048,16777216,16.0 MB,Assets/HyTeKGames/SRPMaterialConverter/ConvertedMaterials/green_wood_1.mat,Unknown,,Review if referenced,Visual QA required
Assets/HyTeKGames/SRPMaterialConverter/ConvertedMaterials/Maps/green_wood_1 Metal_Metallic.png,92625,90.5 KB,2048,2048,0,PNG,Yes,1,0,1,WebGL,2048,16777216,16.0 MB,Assets/HyTeKGames/SRPMaterialConverter/ConvertedMaterials/green_wood_1 Metal.mat,Unknown,,Review if referenced,Visual QA required
Assets/BCaT_assets/LindaLeaks/Images/LL_CoopHousing_07.jpeg,92353,90.2 KB,424,640,8,JPEG,Unknown,0,0,1,WebGL,2048,1085440,1.0 MB,Assets/BCaT_assets/LindaLeaks/Prefabs/LindaLeaks_Exhibit_PhotoAlbum.prefab,Unknown,,Review if referenced,Visual QA required
Assets/UnityTechnologies/Basic Asset Pack Interior/Textures/WallPurple.jpg,91795,89.6 KB,1024,1024,0,JPEG,Unknown,1,0,1,None found,2048,4194304,4.0 MB,,Unknown,,Review if referenced,Unknown/runtime or unused candidate
Assets/UnityTechnologies/Basic Asset Pack Interior/Textures/WallGrey.jpg,90300,88.2 KB,1024,1024,0,JPEG,Unknown,1,0,1,None found,2048,4194304,4.0 MB,,Unknown,,Review if referenced,Unknown/runtime or unused candidate
Assets/DevDen Arch Viz Scotland/Textures/Bed Room/foto_frame_3/Painting_StandPhoto_A_Paintings_House_MetallicSmoothness.png,89028,86.9 KB,2048,2048,0,PNG,Yes,1,1,1,WebGL,2048,16777216,16.0 MB,Assets/DevDen Arch Viz Scotland/Materials/Bed Room/Paintings_House_2.mat,Unknown,ReadWrite enabled,Review if referenced,Visual QA required
Assets/DevDen Arch Viz Scotland/Textures/Kitchen Room/TOASTER/toaster_toaster_Emission.png,88432,86.4 KB,2048,2048,0,PNG,Yes,1,1,1,None found,2048,16777216,16.0 MB,Assets/DevDen Arch Viz Scotland/Materials/Kitchen Room/toasterNew.mat; Assets/HyTeKGames/SRPMaterialConverter/ConvertedMaterials/toasterNew.mat,Unknown,ReadWrite enabled,Review if referenced,Visual QA required
Assets/Furniture Mega Pack/Textures/Tables/Table43/Table43_mat_Table43_MetallicSmoothness.png,87909,85.8 KB,2048,2048,0,PNG,Yes,1,0,1,None found,2048,16777216,16.0 MB,Assets/Furniture Mega Pack/Materials/Table/mat_Table43.mat,Unknown,,Review if referenced,Visual QA required
Assets/DevDen Arch Viz Scotland/Textures/Bed Room/foto_frame_2/Painting_Small_C_Paintings_House_MetallicSmoothness.png,87815,85.8 KB,2048,2048,0,PNG,Yes,1,1,1,WebGL,2048,16777216,16.0 MB,Assets/DevDen Arch Viz Scotland/Materials/Bed Room/Paintings_House.mat,Unknown,ReadWrite enabled,Review if referenced,Visual QA required
Assets/DevDen Arch Viz Scotland/Textures/Study Room/Table_Lamp/LightBulb02_NM.png,87677,85.6 KB,512,512,1,PNG,Unknown,1,0,1,None found,2048,1048576,1.0 MB,Assets/DevDen Arch Viz Scotland/Materials/Study Room/LightBulb02On.mat; Assets/HyTeKGames/SRPMaterialConverter/ConvertedMaterials/LightBulb02On.mat,Normal map,,Review if referenced,Visual QA required
Assets/Idyllic Italian Coast Town/Textures/M_leaf_01.png,87666,85.6 KB,1024,1024,0,PNG,Yes,1,0,1,None found,2048,4194304,4.0 MB,Assets/Idyllic Italian Coast Town/Materials/M_flowers 3.mat,Unknown,,Review if referenced,Visual QA required
Assets/HyTeKGames/SRPMaterialConverter/ConvertedMaterials/Maps/dressing_mirror1_1_Metallic.png,86808,84.8 KB,2048,2048,0,PNG,Yes,1,0,1,WebGL,2048,16777216,16.0 MB,,Unknown,,Review if referenced,Unknown/runtime or unused candidate
Assets/HyTeKGames/SRPMaterialConverter/ConvertedMaterials/Maps/dressing_mirror1_Metallic.png,86808,84.8 KB,2048,2048,0,PNG,Yes,1,0,1,WebGL,2048,16777216,16.0 MB,Assets/HyTeKGames/SRPMaterialConverter/ConvertedMaterials/dressing_mirror1.mat,Unknown,,Review if referenced,Visual QA required
Assets/DevDen Arch Viz Scotland/Textures/Living Room/Laptop/laptop_DefaultMaterial_MetallicSmoothness.png,86784,84.8 KB,2048,2048,0,PNG,Yes,1,1,1,WebGL,2048,16777216,16.0 MB,Assets/DevDen Arch Viz Scotland/Materials/Living Room/laptop.mat,Unknown,ReadWrite enabled,Review if referenced,Visual QA required
Assets/Animated Tropical Vegetation/DemoSceneContent/controls.png,84294,82.3 KB,1250,1250,8,PNG,Yes,0,0,1,WebGL,2048,6250000,6.0 MB,Assets/Animated Tropical Vegetation/DemoScene.unity,Unknown,,Review if referenced,Visual QA required
Assets/HyTeKGames/SRPMaterialConverter/ConvertedMaterials/Maps/carpet_AO.png,84060,82.1 KB,2048,2048,0,PNG,Yes,1,0,1,WebGL,2048,16777216,16.0 MB,Assets/HyTeKGames/SRPMaterialConverter/ConvertedMaterials/carpet.mat,Unknown,,Review if referenced,Visual QA required
Assets/HyTeKGames/SRPMaterialConverter/ConvertedMaterials/Maps/carpet_1_AO.png,84060,82.1 KB,2048,2048,0,PNG,Yes,1,0,1,WebGL,2048,16777216,16.0 MB,,Unknown,,Review if referenced,Unknown/runtime or unused candidate
Assets/Animated Tropical Vegetation/Textures/billboards/big_palm_tree_billboard_normal.png,83008,81.1 KB,1024,1024,1,PNG,Unknown,1,0,1,None found,2048,4194304,4.0 MB,Assets/Animated Tropical Vegetation/Materials/Billboards/big_palm_tree_billboard.mat,Normal map,,Review if referenced,Visual QA required
Assets/DevDen Arch Viz Scotland/Textures/Balcony/balcony_mat/balcony_mat_balcony_mat1_AO.png,82283,80.4 KB,2048,2048,0,PNG,Yes,1,1,1,WebGL,2048,16777216,16.0 MB,Assets/DevDen Arch Viz Scotland/Materials/balcony/balcony_mat1.mat,Unknown,ReadWrite enabled,Review if referenced,Visual QA required
Assets/DevDen Arch Viz Scotland/Textures/Common/AirConditioner/airconditioner_emision.png,81777,79.9 KB,2048,2048,0,PNG,Yes,1,1,1,None found,2048,16777216,16.0 MB,Assets/DevDen Arch Viz Scotland/Materials/Common/Air Conditioner.mat; Assets/HyTeKGames/SRPMaterialConverter/ConvertedMaterials/Air Conditioner.mat,Unknown,ReadWrite enabled,Review if referenced,Visual QA required
Assets/Idyllic Italian Coast Town/Textures/M_leaf_pinetree.png,80415,78.5 KB,1024,1024,0,PNG,Yes,1,0,1,None found,2048,4194304,4.0 MB,Assets/Idyllic Italian Coast Town/Materials/M_leaves 1.mat,Unknown,,Review if referenced,Visual QA required
Assets/Furniture Mega Pack/Textures/Tables/Table46/Table46_mat_Table46_MetallicSmoothness.png,80042,78.2 KB,2048,2048,0,PNG,Yes,1,0,1,None found,2048,16777216,16.0 MB,Assets/Furniture Mega Pack/Materials/Table/mat_Table46.mat,Unknown,,Review if referenced,Visual QA required
Assets/DevDen Arch Viz Scotland/Textures/Bed Room/foto_frame_1/Painting_Photo_B_Paintings_House_MetallicSmoothness.png,79577,77.7 KB,2048,2048,0,PNG,Yes,1,1,1,WebGL,2048,16777216,16.0 MB,Assets/DevDen Arch Viz Scotland/Materials/Bed Room/Paintings_House_4.mat,Unknown,ReadWrite enabled,Review if referenced,Visual QA required
Assets/HyTeKGames/SRPMaterialConverter/ConvertedMaterials/Maps/balcony_mat1_AO.png,78182,76.3 KB,2048,2048,0,PNG,Yes,1,0,1,WebGL,2048,16777216,16.0 MB,Assets/HyTeKGames/SRPMaterialConverter/ConvertedMaterials/balcony_mat1.mat,Unknown,,Review if referenced,Visual QA required
Assets/HyTeKGames/SRPMaterialConverter/ConvertedMaterials/Maps/balcony_mat1_2_AO.png,78182,76.3 KB,2048,2048,0,PNG,Yes,1,0,1,WebGL,2048,16777216,16.0 MB,,Unknown,,Review if referenced,Unknown/runtime or unused candidate
Assets/HyTeKGames/SRPMaterialConverter/ConvertedMaterials/Maps/balcony_mat1_1_AO.png,78182,76.3 KB,2048,2048,0,PNG,Yes,1,0,1,WebGL,2048,16777216,16.0 MB,,Unknown,,Review if referenced,Unknown/runtime or unused candidate
Assets/DevDen Arch Viz Scotland/Textures/Kitchen Room/side_piece/side_piece_white_wood_AlbedoTransparency.png,78124,76.3 KB,2048,2048,0,PNG,Yes,1,1,1,WebGL,2048,16777216,16.0 MB,Assets/DevDen Arch Viz Scotland/Materials/Kitchen Room/white_wood.mat; Assets/HyTeKGames/SRPMaterialConverter/ConvertedMaterials/white_wood.mat,Unknown,ReadWrite enabled,Review if referenced,Visual QA required
Assets/DevDen Arch Viz Scotland/Textures/Kitchen Room/side_piece/side_piece_metal_AlbedoTransparency.png,78122,76.3 KB,2048,2048,0,PNG,Yes,1,1,1,WebGL,2048,16777216,16.0 MB,Assets/DevDen Arch Viz Scotland/Materials/Kitchen Room/metal.mat,Unknown,ReadWrite enabled,Review if referenced,Visual QA required
Assets/DevDen Arch Viz Scotland/Textures/Kitchen Room/fridge_2/frifge_gold_tap_handle_AlbedoTransparency.png,78122,76.3 KB,2048,2048,0,PNG,Yes,1,1,1,WebGL,2048,16777216,16.0 MB,Assets/DevDen Arch Viz Scotland/Materials/Kitchen Room/gold_tap_handle_1.mat; Assets/DevDen Arch Viz Scotland/Materials/Kitchen Room/gold_tap_handle_2.mat; Assets/HyTeKGames/SRPMaterialConverter/ConvertedMaterials/gold_tap_handle_1.mat; Assets/HyTeKGames/SRPMaterialConverter/ConvertedMaterials/gold_tap_handle_2.mat,Unknown,ReadWrite enabled,Review if referenced,Visual QA required
Assets/DevDen Arch Viz Scotland/Textures/Kitchen Room/kitchen_1/kitchen_gold_tap_handle_AlbedoTransparency.png,78122,76.3 KB,2048,2048,0,PNG,Yes,1,1,1,WebGL,2048,16777216,16.0 MB,Assets/DevDen Arch Viz Scotland/Materials/Kitchen Room/gold_tap_handle 1.mat; Assets/DevDen Arch Viz Scotland/Materials/Kitchen Room/gold_tap_handle.mat; Assets/HyTeKGames/SRPMaterialConverter/ConvertedMaterials/gold_tap_handle 1.mat; Assets/HyTeKGames/SRPMaterialConverter/ConvertedMaterials/gold_tap_handle.mat,Unknown,ReadWrite enabled,Review if referenced,Visual QA required
Assets/DevDen Arch Viz Scotland/Textures/Balcony/balcony/balcony_balcony_metal_MetallicSmoothness.png,78121,76.3 KB,2048,2048,0,PNG,Yes,1,1,1,WebGL,2048,16777216,16.0 MB,Assets/DevDen Arch Viz Scotland/Materials/balcony/balcony_metal.mat,Unknown,ReadWrite enabled,Review if referenced,Visual QA required
Assets/DevDen Arch Viz Scotland/Textures/Kitchen Room/kitchen_1/kitchen_glass_MetallicSmoothness.png,78121,76.3 KB,2048,2048,0,PNG,Yes,1,1,1,WebGL,2048,16777216,16.0 MB,Assets/DevDen Arch Viz Scotland/Materials/Kitchen Room/glass.mat,Unknown,ReadWrite enabled,Review if referenced,Visual QA required
Assets/DevDen Arch Viz Scotland/Textures/Environment/inner_wall/inner_wall_glass_wall_glass4_AlbedoTransparency.png,78121,76.3 KB,2048,2048,0,PNG,Yes,1,1,1,WebGL,2048,16777216,16.0 MB,Assets/DevDen Arch Viz Scotland/Materials/Bed Room/glass_wall_glass4.mat; Assets/HyTeKGames/SRPMaterialConverter/ConvertedMaterials/glass_wall_glass4.mat,Unknown,ReadWrite enabled,Review if referenced,Visual QA required
Assets/DevDen Arch Viz Scotland/Textures/Kitchen Room/side_piece/side_piece_metal_MetallicSmoothness.png,78120,76.3 KB,2048,2048,0,PNG,Yes,1,1,1,WebGL,2048,16777216,16.0 MB,Assets/DevDen Arch Viz Scotland/Materials/Kitchen Room/metal.mat,Unknown,ReadWrite enabled,Review if referenced,Visual QA required
Assets/DevDen Arch Viz Scotland/Textures/Kitchen Room/side_piece/side_piece_white_wood_MetallicSmoothness.png,78120,76.3 KB,2048,2048,0,PNG,Yes,1,1,1,WebGL,2048,16777216,16.0 MB,Assets/DevDen Arch Viz Scotland/Materials/Kitchen Room/white_wood.mat,Unknown,ReadWrite enabled,Review if referenced,Visual QA required
Assets/DevDen Arch Viz Scotland/Textures/Kitchen Room/side_piece/side_piece_marble_MetallicSmoothness.png,78120,76.3 KB,2048,2048,0,PNG,Yes,1,1,1,WebGL,2048,16777216,16.0 MB,Assets/DevDen Arch Viz Scotland/Materials/Kitchen Room/marble.mat,Unknown,ReadWrite enabled,Review if referenced,Visual QA required
Assets/DevDen Arch Viz Scotland/Textures/Kitchen Room/Kitchen_cupboard_2/kitchen_green_wood_MetallicSmoothness.png,78120,76.3 KB,2048,2048,0,PNG,Yes,1,1,1,WebGL,2048,16777216,16.0 MB,Assets/DevDen Arch Viz Scotland/Materials/Kitchen Room/green_wood_2.mat,Unknown,ReadWrite enabled,Review if referenced,Visual QA required
Assets/DevDen Arch Viz Scotland/Textures/Kitchen Room/fridge_2/frifge_gold_tap_handle_MetallicSmoothness.png,78120,76.3 KB,2048,2048,0,PNG,Yes,1,1,1,WebGL,2048,16777216,16.0 MB,Assets/DevDen Arch Viz Scotland/Materials/Kitchen Room/gold_tap_handle_1.mat; Assets/DevDen Arch Viz Scotland/Materials/Kitchen Room/gold_tap_handle_2.mat,Unknown,ReadWrite enabled,Review if referenced,Visual QA required
Assets/DevDen Arch Viz Scotland/Textures/Kitchen Room/kitchen_1/kitchen_steel_MetallicSmoothness.png,78120,76.3 KB,2048,2048,0,PNG,Yes,1,1,1,WebGL,2048,16777216,16.0 MB,Assets/DevDen Arch Viz Scotland/Materials/Kitchen Room/steel.mat,Unknown,ReadWrite enabled,Review if referenced,Visual QA required
Assets/DevDen Arch Viz Scotland/Textures/Kitchen Room/kitchen_1/kitchen_gold_tap_handle_MetallicSmoothness.png,78120,76.3 KB,2048,2048,0,PNG,Yes,1,1,1,WebGL,2048,16777216,16.0 MB,Assets/DevDen Arch Viz Scotland/Materials/Kitchen Room/gold_tap_handle 1.mat; Assets/DevDen Arch Viz Scotland/Materials/Kitchen Room/gold_tap_handle.mat,Unknown,ReadWrite enabled,Review if referenced,Visual QA required
Assets/DevDen Arch Viz Scotland/Textures/Kitchen Room/kitchen_1/kitchen_granite_MetallicSmoothness.png,78120,76.3 KB,2048,2048,0,PNG,Yes,1,1,1,WebGL,2048,16777216,16.0 MB,Assets/DevDen Arch Viz Scotland/Materials/Kitchen Room/granite.mat,Unknown,ReadWrite enabled,Review if referenced,Visual QA required
Assets/DevDen Arch Viz Scotland/Textures/Kitchen Room/kitchen_1/kitchen_switch1_MetallicSmoothness.png,78120,76.3 KB,2048,2048,0,PNG,Yes,1,1,1,WebGL,2048,16777216,16.0 MB,Assets/DevDen Arch Viz Scotland/Materials/Common/switch1.mat; Assets/DevDen Arch Viz Scotland/Materials/Common/switch2.mat,Unknown,ReadWrite enabled,Review if referenced,Visual QA required
Assets/DevDen Arch Viz Scotland/Textures/Bathroom/towel_2/2_toilet_wood_1_MetallicSmoothness.png,78120,76.3 KB,2048,2048,0,PNG,Yes,1,1,1,WebGL,2048,16777216,16.0 MB,Assets/DevDen Arch Viz Scotland/Materials/Bathroom/toilet_wood_1.mat,Unknown,ReadWrite enabled,Review if referenced,Visual QA required
Assets/DevDen Arch Viz Scotland/Textures/Bathroom/towel_2/2_towl_2_MetallicSmoothness.png,78120,76.3 KB,2048,2048,0,PNG,Yes,1,1,1,WebGL,2048,16777216,16.0 MB,Assets/DevDen Arch Viz Scotland/Materials/Bathroom/towl_2.mat,Unknown,ReadWrite enabled,Review if referenced,Visual QA required
Assets/DevDen Arch Viz Scotland/Textures/Bathroom/Toilet_wood/3_toilet_wood1_MetallicSmoothness.png,78120,76.3 KB,2048,2048,0,PNG,Yes,1,1,1,WebGL,2048,16777216,16.0 MB,Assets/DevDen Arch Viz Scotland/Materials/Bathroom/toilet_wood1.mat,Unknown,ReadWrite enabled,Review if referenced,Visual QA required
Assets/DevDen Arch Viz Scotland/Textures/Bathroom/Washbasin/washbasin_M_washbasin_MetallicSmoothness.png,78120,76.3 KB,2048,2048,0,PNG,Yes,1,1,1,WebGL,2048,16777216,16.0 MB,Assets/DevDen Arch Viz Scotland/Materials/Bathroom/M_washbasin2.mat,Unknown,ReadWrite enabled,Review if referenced,Visual QA required
Assets/DevDen Arch Viz Scotland/Textures/Bathroom/Washbasin/washbasin_M_washbasin_AlbedoTransparency.png,78120,76.3 KB,2048,2048,0,PNG,Yes,1,1,1,None found,2048,16777216,16.0 MB,Assets/DevDen Arch Viz Scotland/Materials/Bathroom/M_washbasin2.mat; Assets/HyTeKGames/SRPMaterialConverter/ConvertedMaterials/M_washbasin2.mat,Unknown,ReadWrite enabled,Review if referenced,Visual QA required
Assets/DevDen Arch Viz Scotland/Textures/Study Room/lamp/lamp_MetallicSmoothness.png,78120,76.3 KB,2048,2048,0,PNG,Yes,1,1,1,WebGL,2048,16777216,16.0 MB,Assets/DevDen Arch Viz Scotland/Materials/Common/lamp.mat,Unknown,ReadWrite enabled,Review if referenced,Visual QA required
Assets/DevDen Arch Viz Scotland/Textures/Study Room/lamp/Lamp_emission_MetallicSmoothness.png,78120,76.3 KB,2048,2048,0,PNG,Yes,1,1,1,WebGL,2048,16777216,16.0 MB,Assets/DevDen Arch Viz Scotland/Materials/Common/Lamp_emission.mat,Unknown,ReadWrite enabled,Review if referenced,Visual QA required
Assets/DevDen Arch Viz Scotland/Textures/Environment/inner_wall/inner_wall_bedroom_floor3_MetallicSmoothness.png,78120,76.3 KB,2048,2048,0,PNG,Yes,1,1,1,WebGL,2048,16777216,16.0 MB,,Unknown,ReadWrite enabled,Review if referenced,Unknown/runtime or unused candidate
Assets/DevDen Arch Viz Scotland/Textures/Environment/inner_wall/inner_wall_bedroom_wall4_MetallicSmoothness.png,78120,76.3 KB,2048,2048,0,PNG,Yes,1,1,1,WebGL,2048,16777216,16.0 MB,Assets/DevDen Arch Viz Scotland/Materials/Bed Room/bedroom_wall4.mat,Unknown,ReadWrite enabled,Review if referenced,Visual QA required
Assets/DevDen Arch Viz Scotland/Textures/Environment/inner_wall/inner_wall_studyroom_floor3_MetallicSmoothness.png,78120,76.3 KB,2048,2048,0,PNG,Yes,1,1,1,WebGL,2048,16777216,16.0 MB,Assets/DevDen Arch Viz Scotland/Materials/Study Room/studyroom_floor3.mat,Unknown,ReadWrite enabled,Review if referenced,Visual QA required
Assets/DevDen Arch Viz Scotland/Textures/Environment/inner_wall/inner_wall_bathroom_wall3_MetallicSmoothness.png,78120,76.3 KB,2048,2048,0,PNG,Yes,1,1,1,WebGL,2048,16777216,16.0 MB,Assets/DevDen Arch Viz Scotland/Materials/Bathroom/bathroom_wall3.mat,Unknown,ReadWrite enabled,Review if referenced,Visual QA required
Assets/DevDen Arch Viz Scotland/Textures/Environment/inner_wall/inner_wall_studyroom_wall3_MetallicSmoothness.png,78120,76.3 KB,2048,2048,0,PNG,Yes,1,1,1,WebGL,2048,16777216,16.0 MB,Assets/DevDen Arch Viz Scotland/Materials/Study Room/studyroom_wall3.mat,Unknown,ReadWrite enabled,Review if referenced,Visual QA required
Assets/DevDen Arch Viz Scotland/Textures/Environment/inner_wall/inner_wall_livingroom_floor4_MetallicSmoothness.png,78120,76.3 KB,2048,2048,0,PNG,Yes,1,1,1,WebGL,2048,16777216,16.0 MB,,Unknown,ReadWrite enabled,Review if referenced,Unknown/runtime or unused candidate
Assets/DevDen Arch Viz Scotland/Textures/Environment/inner_wall/inner_wall_inner_roof3_MetallicSmoothness.png,78120,76.3 KB,2048,2048,0,PNG,Yes,1,1,1,WebGL,2048,16777216,16.0 MB,Assets/DevDen Arch Viz Scotland/Materials/Environment/inner_roof3.mat,Unknown,ReadWrite enabled,Review if referenced,Visual QA required
Assets/DevDen Arch Viz Scotland/Textures/Environment/inner_wall/inner_wall_livingroom_wall3_MetallicSmoothness.png,78120,76.3 KB,2048,2048,0,PNG,Yes,1,1,1,WebGL,2048,16777216,16.0 MB,Assets/DevDen Arch Viz Scotland/Materials/Environment/livingroom_wall3.mat,Unknown,ReadWrite enabled,Review if referenced,Visual QA required
Assets/DevDen Arch Viz Scotland/Textures/Dining Room/dinning_chair/dinning_chair_diining_chair_wood_MetallicSmoothness.png,78120,76.3 KB,2048,2048,0,PNG,Yes,1,1,1,WebGL,2048,16777216,16.0 MB,Assets/DevDen Arch Viz Scotland/Materials/Dining Room/diining_chair_wood.mat,Unknown,ReadWrite enabled,Review if referenced,Visual QA required
Assets/HyTeKGames/SRPMaterialConverter/ConvertedMaterials/Maps/balcony_metal_1_Metallic.png,78119,76.3 KB,2048,2048,0,PNG,Yes,1,0,1,WebGL,2048,16777216,16.0 MB,,Unknown,,Review if referenced,Unknown/runtime or unused candidate
Assets/HyTeKGames/SRPMaterialConverter/ConvertedMaterials/Maps/balcony_metal_2_Metallic.png,78119,76.3 KB,2048,2048,0,PNG,Yes,1,0,1,WebGL,2048,16777216,16.0 MB,,Unknown,,Review if referenced,Unknown/runtime or unused candidate
Assets/HyTeKGames/SRPMaterialConverter/ConvertedMaterials/Maps/balcony_metal_Metallic.png,78119,76.3 KB,2048,2048,0,PNG,Yes,1,0,1,WebGL,2048,16777216,16.0 MB,Assets/HyTeKGames/SRPMaterialConverter/ConvertedMaterials/balcony_metal.mat,Unknown,,Review if referenced,Visual QA required
Assets/DevDen Arch Viz Scotland/Textures/Balcony/balcony/balcony_balcony_metal_AlbedoTransparency.png,78119,76.3 KB,2048,2048,0,PNG,Yes,1,1,1,WebGL,2048,16777216,16.0 MB,Assets/DevDen Arch Viz Scotland/Materials/balcony/balcony_metal.mat; Assets/HyTeKGames/SRPMaterialConverter/ConvertedMaterials/balcony_metal.mat,Unknown,ReadWrite enabled,Review if referenced,Visual QA required
Assets/DevDen Arch Viz Scotland/Textures/Kitchen Room/Kitchen_cupboard_2/kitchen_green_wood_AlbedoTransparencyTest.png,78119,76.3 KB,2048,2048,0,PNG,Yes,1,1,1,WebGL,2048,16777216,16.0 MB,Assets/DevDen Arch Viz Scotland/Materials/Kitchen Room/green_wood_2.mat; Assets/HyTeKGames/SRPMaterialConverter/ConvertedMaterials/green_wood_2.mat,Unknown,ReadWrite enabled,Review if referenced,Visual QA required
Assets/DevDen Arch Viz Scotland/Textures/Kitchen Room/kitchen_1/kitchen_steel_AlbedoTransparency.png,78119,76.3 KB,2048,2048,0,PNG,Yes,1,1,1,WebGL,2048,16777216,16.0 MB,Assets/DevDen Arch Viz Scotland/Materials/Kitchen Room/steel.mat; Assets/HyTeKGames/SRPMaterialConverter/ConvertedMaterials/steel.mat,Unknown,ReadWrite enabled,Review if referenced,Visual QA required
Assets/DevDen Arch Viz Scotland/Textures/Kitchen Room/kitchen_1/kitchen_switch1_AlbedoTransparency.png,78119,76.3 KB,2048,2048,0,PNG,Yes,1,1,1,WebGL,2048,16777216,16.0 MB,Assets/DevDen Arch Viz Scotland/Materials/Common/switch1.mat; Assets/DevDen Arch Viz Scotland/Materials/Common/switch2.mat; Assets/HyTeKGames/SRPMaterialConverter/ConvertedMaterials/switch1.mat; Assets/HyTeKGames/SRPMaterialConverter/ConvertedMaterials/switch2.mat,Unknown,ReadWrite enabled,Review if referenced,Visual QA required
Assets/DevDen Arch Viz Scotland/Textures/Kitchen Room/kitchen_1/kitchen_glass_AlbedoTransparency.png,78119,76.3 KB,2048,2048,0,PNG,Yes,1,1,1,WebGL,2048,16777216,16.0 MB,Assets/DevDen Arch Viz Scotland/Materials/Kitchen Room/glass.mat; Assets/HyTeKGames/SRPMaterialConverter/ConvertedMaterials/glass.mat; Assets/HyTeKGames/SRPMaterialConverter/ConvertedMaterials/glass_1.mat,Unknown,ReadWrite enabled,Review if referenced,Visual QA required
Assets/DevDen Arch Viz Scotland/Textures/Kitchen Room/kitchen_1/kitchen_plastic_AlbedoTransparency.png,78119,76.3 KB,2048,2048,0,PNG,Yes,1,1,1,WebGL,2048,16777216,16.0 MB,,Unknown,ReadWrite enabled,Review if referenced,Unknown/runtime or unused candidate
Assets/DevDen Arch Viz Scotland/Textures/Study Room/lamp/lamp_AlbedoTransparency.png,78119,76.3 KB,2048,2048,0,PNG,Yes,1,1,1,WebGL,2048,16777216,16.0 MB,Assets/DevDen Arch Viz Scotland/Materials/Common/lamp.mat; Assets/HyTeKGames/SRPMaterialConverter/ConvertedMaterials/lamp.mat,Unknown,ReadWrite enabled,Review if referenced,Visual QA required
Assets/DevDen Arch Viz Scotland/Textures/Study Room/lamp/Lamp_emission_Emission.png,78119,76.3 KB,2048,2048,0,PNG,Yes,1,1,1,None found,2048,16777216,16.0 MB,Assets/DevDen Arch Viz Scotland/Materials/Common/Lamp_emission.mat; Assets/HyTeKGames/SRPMaterialConverter/ConvertedMaterials/Lamp_emission.mat,Unknown,ReadWrite enabled,Review if referenced,Visual QA required
Assets/DevDen Arch Viz Scotland/Textures/Environment/inner_wall/inner_wall_hall_way_AlbedoTransparency.png,78119,76.3 KB,2048,2048,0,PNG,Yes,1,1,1,WebGL,2048,16777216,16.0 MB,,Unknown,ReadWrite enabled,Review if referenced,Unknown/runtime or unused candidate
Assets/DevDen Arch Viz Scotland/Textures/Environment/inner_wall/inner_wall_bedroom_wall4_AlbedoTransparency.png,78119,76.3 KB,2048,2048,0,PNG,Yes,1,1,1,WebGL,2048,16777216,16.0 MB,Assets/DevDen Arch Viz Scotland/Materials/Bed Room/bedroom_wall4.mat; Assets/HyTeKGames/SRPMaterialConverter/ConvertedMaterials/bedroom_wall4.mat,Unknown,ReadWrite enabled,Review if referenced,Visual QA required
Assets/DevDen Arch Viz Scotland/Textures/Environment/inner_wall/inner_wall_livingroom_wall3_AlbedoTransparency.png,78119,76.3 KB,2048,2048,0,PNG,Yes,1,1,1,WebGL,2048,16777216,16.0 MB,Assets/DevDen Arch Viz Scotland/Materials/Environment/livingroom_wall3.mat; Assets/HyTeKGames/SRPMaterialConverter/ConvertedMaterials/livingroom_wall3.mat,Unknown,ReadWrite enabled,Review if referenced,Visual QA required
Assets/DevDen Arch Viz Scotland/Textures/Environment/inner_wall/inner_wall_inner_roof3_AlbedoTransparency.png,78119,76.3 KB,2048,2048,0,PNG,Yes,1,1,1,WebGL,2048,16777216,16.0 MB,Assets/DevDen Arch Viz Scotland/Materials/Environment/inner_roof3.mat; Assets/HyTeKGames/SRPMaterialConverter/ConvertedMaterials/inner_roof3.mat,Unknown,ReadWrite enabled,Review if referenced,Visual QA required
Assets/DevDen Arch Viz Scotland/Textures/Environment/inner_wall/inner_wall_bathroom_wall3_AlbedoTransparency.png,78119,76.3 KB,2048,2048,0,PNG,Yes,1,1,1,WebGL,2048,16777216,16.0 MB,Assets/DevDen Arch Viz Scotland/Materials/Bathroom/bathroom_wall3.mat; Assets/HyTeKGames/SRPMaterialConverter/ConvertedMaterials/bathroom_wall3.mat,Unknown,ReadWrite enabled,Review if referenced,Visual QA required
Assets/DevDen Arch Viz Scotland/Textures/Environment/inner_wall/inner_wall_glass_wall_glass4_MetallicSmoothness.png,78119,76.3 KB,2048,2048,0,PNG,Yes,1,1,1,WebGL,2048,16777216,16.0 MB,Assets/DevDen Arch Viz Scotland/Materials/Bed Room/glass_wall_glass4.mat,Unknown,ReadWrite enabled,Review if referenced,Visual QA required
Assets/DevDen Arch Viz Scotland/Textures/Environment/inner_wall/inner_wall_studyroom_wall3_AlbedoTransparency.png,78119,76.3 KB,2048,2048,0,PNG,Yes,1,1,1,WebGL,2048,16777216,16.0 MB,Assets/DevDen Arch Viz Scotland/Materials/Study Room/studyroom_wall3.mat; Assets/HyTeKGames/SRPMaterialConverter/ConvertedMaterials/studyroom_wall3.mat,Unknown,ReadWrite enabled,Review if referenced,Visual QA required
Assets/HyTeKGames/SRPMaterialConverter/ConvertedMaterials/Maps/pattern_wall_1_AO.png,78118,76.3 KB,2048,2048,0,PNG,Yes,1,0,1,WebGL,2048,16777216,16.0 MB,,Unknown,,Review if referenced,Unknown/runtime or unused candidate
Assets/HyTeKGames/SRPMaterialConverter/ConvertedMaterials/Maps/Furniture_Atlas_1_1_AO.png,78118,76.3 KB,2048,2048,0,PNG,Yes,1,0,1,WebGL,2048,16777216,16.0 MB,,Unknown,,Review if referenced,Unknown/runtime or unused candidate
Assets/HyTeKGames/SRPMaterialConverter/ConvertedMaterials/Maps/bedroom_wall4_1_AO.png,78118,76.3 KB,2048,2048,0,PNG,Yes,1,0,1,WebGL,2048,16777216,16.0 MB,,Unknown,,Review if referenced,Unknown/runtime or unused candidate
Assets/HyTeKGames/SRPMaterialConverter/ConvertedMaterials/Maps/dinning_table_1_AO.png,78118,76.3 KB,2048,2048,0,PNG,Yes,1,0,1,WebGL,2048,16777216,16.0 MB,,Unknown,,Review if referenced,Unknown/runtime or unused candidate
Assets/HyTeKGames/SRPMaterialConverter/ConvertedMaterials/Maps/Lamp_emission_1_Metallic.png,78118,76.3 KB,2048,2048,0,PNG,Yes,1,0,1,WebGL,2048,16777216,16.0 MB,,Unknown,,Review if referenced,Unknown/runtime or unused candidate
Assets/HyTeKGames/SRPMaterialConverter/ConvertedMaterials/Maps/bed_1_AO.png,78118,76.3 KB,2048,2048,0,PNG,Yes,1,0,1,WebGL,2048,16777216,16.0 MB,,Unknown,,Review if referenced,Unknown/runtime or unused candidate
Assets/HyTeKGames/SRPMaterialConverter/ConvertedMaterials/Maps/Lamp_emission_Metallic.png,78118,76.3 KB,2048,2048,0,PNG,Yes,1,0,1,WebGL,2048,16777216,16.0 MB,Assets/HyTeKGames/SRPMaterialConverter/ConvertedMaterials/Lamp_emission.mat,Unknown,,Review if referenced,Visual QA required
Assets/HyTeKGames/SRPMaterialConverter/ConvertedMaterials/Maps/bathroom_wall3_1_AO.png,78118,76.3 KB,2048,2048,0,PNG,Yes,1,0,1,WebGL,2048,16777216,16.0 MB,,Unknown,,Review if referenced,Unknown/runtime or unused candidate
Assets/HyTeKGames/SRPMaterialConverter/ConvertedMaterials/Maps/chimini_3_Metallic.png,78118,76.3 KB,2048,2048,0,PNG,Yes,1,0,1,WebGL,2048,16777216,16.0 MB,,Unknown,,Review if referenced,Unknown/runtime or unused candidate
Assets/HyTeKGames/SRPMaterialConverter/ConvertedMaterials/Maps/Lamp_emission_1_AO.png,78118,76.3 KB,2048,2048,0,PNG,Yes,1,0,1,WebGL,2048,16777216,16.0 MB,,Unknown,,Review if referenced,Unknown/runtime or unused candidate
Assets/HyTeKGames/SRPMaterialConverter/ConvertedMaterials/Maps/bed_AO.png,78118,76.3 KB,2048,2048,0,PNG,Yes,1,0,1,WebGL,2048,16777216,16.0 MB,Assets/HyTeKGames/SRPMaterialConverter/ConvertedMaterials/bed.mat,Unknown,,Review if referenced,Visual QA required
Assets/HyTeKGames/SRPMaterialConverter/ConvertedMaterials/Maps/washingmachineclosed_1_AO.png,78118,76.3 KB,2048,2048,0,PNG,Yes,1,0,1,WebGL,2048,16777216,16.0 MB,,Unknown,,Review if referenced,Unknown/runtime or unused candidate
Assets/HyTeKGames/SRPMaterialConverter/ConvertedMaterials/Maps/toilet_wood1_1_AO.png,78118,76.3 KB,2048,2048,0,PNG,Yes,1,0,1,WebGL,2048,16777216,16.0 MB,,Unknown,,Review if referenced,Unknown/runtime or unused candidate
Assets/HyTeKGames/SRPMaterialConverter/ConvertedMaterials/Maps/Notepad_1_AO.png,78118,76.3 KB,2048,2048,0,PNG,Yes,1,0,1,WebGL,2048,16777216,16.0 MB,,Unknown,,Review if referenced,Unknown/runtime or unused candidate
Assets/HyTeKGames/SRPMaterialConverter/ConvertedMaterials/Maps/balcony_wood_AO.png,78118,76.3 KB,2048,2048,0,PNG,Yes,1,0,1,WebGL,2048,16777216,16.0 MB,Assets/HyTeKGames/SRPMaterialConverter/ConvertedMaterials/balcony_wood.mat,Unknown,,Review if referenced,Visual QA required
Assets/HyTeKGames/SRPMaterialConverter/ConvertedMaterials/Maps/bedroom_floor3_AO.png,78118,76.3 KB,2048,2048,0,PNG,Yes,1,0,1,WebGL,2048,16777216,16.0 MB,Assets/HyTeKGames/SRPMaterialConverter/ConvertedMaterials/bedroom_floor3.mat,Unknown,,Review if referenced,Visual QA required
Assets/HyTeKGames/SRPMaterialConverter/ConvertedMaterials/Maps/lamp_1_Metallic.png,78118,76.3 KB,2048,2048,0,PNG,Yes,1,0,1,WebGL,2048,16777216,16.0 MB,,Unknown,,Review if referenced,Unknown/runtime or unused candidate
Assets/HyTeKGames/SRPMaterialConverter/ConvertedMaterials/Maps/chimini_2_Metallic.png,78118,76.3 KB,2048,2048,0,PNG,Yes,1,0,1,WebGL,2048,16777216,16.0 MB,,Unknown,,Review if referenced,Unknown/runtime or unused candidate
Assets/HyTeKGames/SRPMaterialConverter/ConvertedMaterials/Maps/washingMachine_1_AO.png,78118,76.3 KB,2048,2048,0,PNG,Yes,1,0,1,WebGL,2048,16777216,16.0 MB,,Unknown,,Review if referenced,Unknown/runtime or unused candidate
Assets/HyTeKGames/SRPMaterialConverter/ConvertedMaterials/Maps/washingMachine_AO.png,78118,76.3 KB,2048,2048,0,PNG,Yes,1,0,1,WebGL,2048,16777216,16.0 MB,Assets/HyTeKGames/SRPMaterialConverter/ConvertedMaterials/washingMachine.mat,Unknown,,Review if referenced,Visual QA required
Assets/HyTeKGames/SRPMaterialConverter/ConvertedMaterials/Maps/inner_roof3_AO.png,78118,76.3 KB,2048,2048,0,PNG,Yes,1,0,1,WebGL,2048,16777216,16.0 MB,Assets/HyTeKGames/SRPMaterialConverter/ConvertedMaterials/inner_roof3.mat,Unknown,,Review if referenced,Visual QA required
Assets/HyTeKGames/SRPMaterialConverter/ConvertedMaterials/Maps/glass_wall_glass4_AO.png,78118,76.3 KB,2048,2048,0,PNG,Yes,1,0,1,WebGL,2048,16777216,16.0 MB,Assets/HyTeKGames/SRPMaterialConverter/ConvertedMaterials/glass_wall_glass4.mat,Unknown,,Review if referenced,Visual QA required
Assets/HyTeKGames/SRPMaterialConverter/ConvertedMaterials/Maps/kitchan_mat_2_AO.png,78118,76.3 KB,2048,2048,0,PNG,Yes,1,0,1,WebGL,2048,16777216,16.0 MB,Assets/HyTeKGames/SRPMaterialConverter/ConvertedMaterials/kitchan_mat_2.mat,Unknown,,Review if referenced,Visual QA required
Assets/HyTeKGames/SRPMaterialConverter/ConvertedMaterials/Maps/metal_1_Metallic.png,78118,76.3 KB,2048,2048,0,PNG,Yes,1,0,1,WebGL,2048,16777216,16.0 MB,Assets/HyTeKGames/SRPMaterialConverter/ConvertedMaterials/metal_1.mat,Unknown,,Review if referenced,Visual QA required
Assets/HyTeKGames/SRPMaterialConverter/ConvertedMaterials/Maps/pattern_wall_AO.png,78118,76.3 KB,2048,2048,0,PNG,Yes,1,0,1,WebGL,2048,16777216,16.0 MB,Assets/HyTeKGames/SRPMaterialConverter/ConvertedMaterials/pattern_wall.mat,Unknown,,Review if referenced,Visual QA required
Assets/HyTeKGames/SRPMaterialConverter/ConvertedMaterials/Maps/gold_tap_handle_3_Metallic.png,78118,76.3 KB,2048,2048,0,PNG,Yes,1,0,1,WebGL,2048,16777216,16.0 MB,,Unknown,,Review if referenced,Unknown/runtime or unused candidate
Assets/HyTeKGames/SRPMaterialConverter/ConvertedMaterials/Maps/livingroom_wall3_AO.png,78118,76.3 KB,2048,2048,0,PNG,Yes,1,0,1,WebGL,2048,16777216,16.0 MB,Assets/HyTeKGames/SRPMaterialConverter/ConvertedMaterials/livingroom_wall3.mat,Unknown,,Review if referenced,Visual QA required
Assets/HyTeKGames/SRPMaterialConverter/ConvertedMaterials/Maps/lamp_Metallic.png,78118,76.3 KB,2048,2048,0,PNG,Yes,1,0,1,WebGL,2048,16777216,16.0 MB,Assets/HyTeKGames/SRPMaterialConverter/ConvertedMaterials/lamp.mat,Unknown,,Review if referenced,Visual QA required
Assets/HyTeKGames/SRPMaterialConverter/ConvertedMaterials/Maps/balcony_wood_2_AO.png,78118,76.3 KB,2048,2048,0,PNG,Yes,1,0,1,WebGL,2048,16777216,16.0 MB,,Unknown,,Review if referenced,Unknown/runtime or unused candidate
Assets/HyTeKGames/SRPMaterialConverter/ConvertedMaterials/Maps/trash-can_1_AO.png,78118,76.3 KB,2048,2048,0,PNG,Yes,1,0,1,WebGL,2048,16777216,16.0 MB,,Unknown,,Review if referenced,Unknown/runtime or unused candidate
Assets/HyTeKGames/SRPMaterialConverter/ConvertedMaterials/Maps/lamp_AO.png,78118,76.3 KB,2048,2048,0,PNG,Yes,1,0,1,WebGL,2048,16777216,16.0 MB,Assets/HyTeKGames/SRPMaterialConverter/ConvertedMaterials/lamp.mat,Unknown,,Review if referenced,Visual QA required
Assets/HyTeKGames/SRPMaterialConverter/ConvertedMaterials/Maps/towl_2_AO.png,78118,76.3 KB,2048,2048,0,PNG,Yes,1,0,1,WebGL,2048,16777216,16.0 MB,Assets/HyTeKGames/SRPMaterialConverter/ConvertedMaterials/towl_2.mat,Unknown,,Review if referenced,Visual QA required
Assets/HyTeKGames/SRPMaterialConverter/ConvertedMaterials/Maps/gold_tap_handle 1_1_Metallic.png,78118,76.3 KB,2048,2048,0,PNG,Yes,1,0,1,WebGL,2048,16777216,16.0 MB,,Unknown,,Review if referenced,Unknown/runtime or unused candidate
Assets/HyTeKGames/SRPMaterialConverter/ConvertedMaterials/Maps/induction-hob_AO.png,78118,76.3 KB,2048,2048,0,PNG,Yes,1,0,1,WebGL,2048,16777216,16.0 MB,Assets/HyTeKGames/SRPMaterialConverter/ConvertedMaterials/induction-hob.mat,Unknown,,Review if referenced,Visual QA required
Assets/HyTeKGames/SRPMaterialConverter/ConvertedMaterials/Maps/Furniture_Atlas_1_AO.png,78118,76.3 KB,2048,2048,0,PNG,Yes,1,0,1,WebGL,2048,16777216,16.0 MB,Assets/HyTeKGames/SRPMaterialConverter/ConvertedMaterials/Furniture_Atlas_1.mat,Unknown,,Review if referenced,Visual QA required
Assets/HyTeKGames/SRPMaterialConverter/ConvertedMaterials/Maps/towl_2_1_AO.png,78118,76.3 KB,2048,2048,0,PNG,Yes,1,0,1,WebGL,2048,16777216,16.0 MB,,Unknown,,Review if referenced,Unknown/runtime or unused candidate
Assets/HyTeKGames/SRPMaterialConverter/ConvertedMaterials/Maps/dinning_table_AO.png,78118,76.3 KB,2048,2048,0,PNG,Yes,1,0,1,WebGL,2048,16777216,16.0 MB,Assets/HyTeKGames/SRPMaterialConverter/ConvertedMaterials/dinning_table.mat,Unknown,,Review if referenced,Visual QA required
Assets/HyTeKGames/SRPMaterialConverter/ConvertedMaterials/Maps/livingroom_floor4_AO.png,78118,76.3 KB,2048,2048,0,PNG,Yes,1,0,1,WebGL,2048,16777216,16.0 MB,Assets/HyTeKGames/SRPMaterialConverter/ConvertedMaterials/livingroom_floor4.mat,Unknown,,Review if referenced,Visual QA required
Assets/HyTeKGames/SRPMaterialConverter/ConvertedMaterials/Maps/trash-can_AO.png,78118,76.3 KB,2048,2048,0,PNG,Yes,1,0,1,WebGL,2048,16777216,16.0 MB,Assets/HyTeKGames/SRPMaterialConverter/ConvertedMaterials/trash-can.mat,Unknown,,Review if referenced,Visual QA required
Assets/HyTeKGames/SRPMaterialConverter/ConvertedMaterials/Maps/gold_tap_handle_2_Metallic.png,78118,76.3 KB,2048,2048,0,PNG,Yes,1,0,1,WebGL,2048,16777216,16.0 MB,Assets/HyTeKGames/SRPMaterialConverter/ConvertedMaterials/gold_tap_handle_2.mat,Unknown,,Review if referenced,Visual QA required
Assets/HyTeKGames/SRPMaterialConverter/ConvertedMaterials/Maps/imac_1_AO.png,78118,76.3 KB,2048,2048,0,PNG,Yes,1,0,1,WebGL,2048,16777216,16.0 MB,,Unknown,,Review if referenced,Unknown/runtime or unused candidate
Assets/HyTeKGames/SRPMaterialConverter/ConvertedMaterials/Maps/Paintings_House_4_AO.png,78118,76.3 KB,2048,2048,0,PNG,Yes,1,0,1,WebGL,2048,16777216,16.0 MB,Assets/HyTeKGames/SRPMaterialConverter/ConvertedMaterials/Paintings_House_4.mat,Unknown,,Review if referenced,Visual QA required
Assets/HyTeKGames/SRPMaterialConverter/ConvertedMaterials/Maps/bathroom_floor3_AO.png,78118,76.3 KB,2048,2048,0,PNG,Yes,1,0,1,WebGL,2048,16777216,16.0 MB,Assets/HyTeKGames/SRPMaterialConverter/ConvertedMaterials/bathroom_floor3.mat,Unknown,,Review if referenced,Visual QA required
Assets/HyTeKGames/SRPMaterialConverter/ConvertedMaterials/Maps/gold_tap_handle 1_Metallic.png,78118,76.3 KB,2048,2048,0,PNG,Yes,1,0,1,WebGL,2048,16777216,16.0 MB,Assets/HyTeKGames/SRPMaterialConverter/ConvertedMaterials/gold_tap_handle 1.mat,Unknown,,Review if referenced,Visual QA required
Assets/HyTeKGames/SRPMaterialConverter/ConvertedMaterials/Maps/gold_tap_handle_2_1_Metallic.png,78118,76.3 KB,2048,2048,0,PNG,Yes,1,0,1,WebGL,2048,16777216,16.0 MB,,Unknown,,Review if referenced,Unknown/runtime or unused candidate
Assets/HyTeKGames/SRPMaterialConverter/ConvertedMaterials/Maps/studyroom_wall3_1_AO.png,78118,76.3 KB,2048,2048,0,PNG,Yes,1,0,1,WebGL,2048,16777216,16.0 MB,,Unknown,,Review if referenced,Unknown/runtime or unused candidate
Assets/HyTeKGames/SRPMaterialConverter/ConvertedMaterials/Maps/steel_1_Metallic.png,78118,76.3 KB,2048,2048,0,PNG,Yes,1,0,1,WebGL,2048,16777216,16.0 MB,,Unknown,,Review if referenced,Unknown/runtime or unused candidate
Assets/HyTeKGames/SRPMaterialConverter/ConvertedMaterials/Maps/gold_tap_handle_Metallic.png,78118,76.3 KB,2048,2048,0,PNG,Yes,1,0,1,WebGL,2048,16777216,16.0 MB,Assets/HyTeKGames/SRPMaterialConverter/ConvertedMaterials/gold_tap_handle.mat,Unknown,,Review if referenced,Visual QA required
Assets/HyTeKGames/SRPMaterialConverter/ConvertedMaterials/Maps/induction-hob_1_AO.png,78118,76.3 KB,2048,2048,0,PNG,Yes,1,0,1,WebGL,2048,16777216,16.0 MB,,Unknown,,Review if referenced,Unknown/runtime or unused candidate
Assets/HyTeKGames/SRPMaterialConverter/ConvertedMaterials/Maps/Notepad_AO.png,78118,76.3 KB,2048,2048,0,PNG,Yes,1,0,1,WebGL,2048,16777216,16.0 MB,Assets/HyTeKGames/SRPMaterialConverter/ConvertedMaterials/Notepad.mat,Unknown,,Review if referenced,Visual QA required
Assets/HyTeKGames/SRPMaterialConverter/ConvertedMaterials/Maps/studyroom_wall3_AO.png,78118,76.3 KB,2048,2048,0,PNG,Yes,1,0,1,WebGL,2048,16777216,16.0 MB,Assets/HyTeKGames/SRPMaterialConverter/ConvertedMaterials/studyroom_wall3.mat,Unknown,,Review if referenced,Visual QA required
Assets/HyTeKGames/SRPMaterialConverter/ConvertedMaterials/Maps/glass_wall_glass4_1_AO.png,78118,76.3 KB,2048,2048,0,PNG,Yes,1,0,1,WebGL,2048,16777216,16.0 MB,,Unknown,,Review if referenced,Unknown/runtime or unused candidate
Assets/HyTeKGames/SRPMaterialConverter/ConvertedMaterials/Maps/washingmachineclosed_AO.png,78118,76.3 KB,2048,2048,0,PNG,Yes,1,0,1,WebGL,2048,16777216,16.0 MB,Assets/HyTeKGames/SRPMaterialConverter/ConvertedMaterials/washingmachineclosed.mat,Unknown,,Review if referenced,Visual QA required
Assets/HyTeKGames/SRPMaterialConverter/ConvertedMaterials/Maps/bathroom_wall3_AO.png,78118,76.3 KB,2048,2048,0,PNG,Yes,1,0,1,WebGL,2048,16777216,16.0 MB,Assets/HyTeKGames/SRPMaterialConverter/ConvertedMaterials/bathroom_wall3.mat,Unknown,,Review if referenced,Visual QA required
Assets/HyTeKGames/SRPMaterialConverter/ConvertedMaterials/Maps/gold_tap_handle_1_Metallic.png,78118,76.3 KB,2048,2048,0,PNG,Yes,1,0,1,WebGL,2048,16777216,16.0 MB,Assets/HyTeKGames/SRPMaterialConverter/ConvertedMaterials/gold_tap_handle_1.mat,Unknown,,Review if referenced,Visual QA required
Assets/HyTeKGames/SRPMaterialConverter/ConvertedMaterials/Maps/studyroom_floor3_1_AO.png,78118,76.3 KB,2048,2048,0,PNG,Yes,1,0,1,WebGL,2048,16777216,16.0 MB,,Unknown,,Review if referenced,Unknown/runtime or unused candidate
Assets/HyTeKGames/SRPMaterialConverter/ConvertedMaterials/Maps/steel_Metallic.png,78118,76.3 KB,2048,2048,0,PNG,Yes,1,0,1,WebGL,2048,16777216,16.0 MB,Assets/HyTeKGames/SRPMaterialConverter/ConvertedMaterials/steel.mat,Unknown,,Review if referenced,Visual QA required
Assets/HyTeKGames/SRPMaterialConverter/ConvertedMaterials/Maps/studyroom_floor3_AO.png,78118,76.3 KB,2048,2048,0,PNG,Yes,1,0,1,WebGL,2048,16777216,16.0 MB,Assets/HyTeKGames/SRPMaterialConverter/ConvertedMaterials/studyroom_floor3.mat,Unknown,,Review if referenced,Visual QA required
Assets/HyTeKGames/SRPMaterialConverter/ConvertedMaterials/Maps/inner_roof3_1_AO.png,78118,76.3 KB,2048,2048,0,PNG,Yes,1,0,1,WebGL,2048,16777216,16.0 MB,,Unknown,,Review if referenced,Unknown/runtime or unused candidate
Assets/HyTeKGames/SRPMaterialConverter/ConvertedMaterials/Maps/knives_AO.png,78118,76.3 KB,2048,2048,0,PNG,Yes,1,0,1,WebGL,2048,16777216,16.0 MB,Assets/HyTeKGames/SRPMaterialConverter/ConvertedMaterials/knives.mat,Unknown,,Review if referenced,Visual QA required
Assets/HyTeKGames/SRPMaterialConverter/ConvertedMaterials/Maps/Lamp_emission_AO.png,78118,76.3 KB,2048,2048,0,PNG,Yes,1,0,1,WebGL,2048,16777216,16.0 MB,Assets/HyTeKGames/SRPMaterialConverter/ConvertedMaterials/Lamp_emission.mat,Unknown,,Review if referenced,Visual QA required
Assets/HyTeKGames/SRPMaterialConverter/ConvertedMaterials/Maps/bedroom_wall4_AO.png,78118,76.3 KB,2048,2048,0,PNG,Yes,1,0,1,WebGL,2048,16777216,16.0 MB,Assets/HyTeKGames/SRPMaterialConverter/ConvertedMaterials/bedroom_wall4.mat,Unknown,,Review if referenced,Visual QA required
Assets/HyTeKGames/SRPMaterialConverter/ConvertedMaterials/Maps/knives_2_AO.png,78118,76.3 KB,2048,2048,0,PNG,Yes,1,0,1,WebGL,2048,16777216,16.0 MB,,Unknown,,Review if referenced,Unknown/runtime or unused candidate
Assets/HyTeKGames/SRPMaterialConverter/ConvertedMaterials/Maps/gold_tap_handle_1_1_Metallic.png,78118,76.3 KB,2048,2048,0,PNG,Yes,1,0,1,WebGL,2048,16777216,16.0 MB,,Unknown,,Review if referenced,Unknown/runtime or unused candidate
Assets/HyTeKGames/SRPMaterialConverter/ConvertedMaterials/Maps/toilet_wood1_AO.png,78118,76.3 KB,2048,2048,0,PNG,Yes,1,0,1,WebGL,2048,16777216,16.0 MB,Assets/HyTeKGames/SRPMaterialConverter/ConvertedMaterials/toilet_wood1.mat,Unknown,,Review if referenced,Visual QA required
Assets/HyTeKGames/SRPMaterialConverter/ConvertedMaterials/Maps/bedroom_floor3_1_AO.png,78118,76.3 KB,2048,2048,0,PNG,Yes,1,0,1,WebGL,2048,16777216,16.0 MB,,Unknown,,Review if referenced,Unknown/runtime or unused candidate
Assets/HyTeKGames/SRPMaterialConverter/ConvertedMaterials/Maps/imac_AO.png,78118,76.3 KB,2048,2048,0,PNG,Yes,1,0,1,WebGL,2048,16777216,16.0 MB,Assets/HyTeKGames/SRPMaterialConverter/ConvertedMaterials/imac.mat,Unknown,,Review if referenced,Visual QA required
Assets/HyTeKGames/SRPMaterialConverter/ConvertedMaterials/Maps/livingroom_wall3_1_AO.png,78118,76.3 KB,2048,2048,0,PNG,Yes,1,0,1,WebGL,2048,16777216,16.0 MB,,Unknown,,Review if referenced,Unknown/runtime or unused candidate
Assets/HyTeKGames/SRPMaterialConverter/ConvertedMaterials/Maps/bathroom_floor3_1_AO.png,78118,76.3 KB,2048,2048,0,PNG,Yes,1,0,1,WebGL,2048,16777216,16.0 MB,,Unknown,,Review if referenced,Unknown/runtime or unused candidate
Assets/HyTeKGames/SRPMaterialConverter/ConvertedMaterials/Maps/Paintings_House_4_1_AO.png,78118,76.3 KB,2048,2048,0,PNG,Yes,1,0,1,WebGL,2048,16777216,16.0 MB,,Unknown,,Review if referenced,Unknown/runtime or unused candidate
Assets/HyTeKGames/SRPMaterialConverter/ConvertedMaterials/Maps/metal_Metallic.png,78118,76.3 KB,2048,2048,0,PNG,Yes,1,0,1,WebGL,2048,16777216,16.0 MB,Assets/HyTeKGames/SRPMaterialConverter/ConvertedMaterials/metal.mat,Unknown,,Review if referenced,Visual QA required
Assets/HyTeKGames/SRPMaterialConverter/ConvertedMaterials/Maps/lamp_1_AO.png,78118,76.3 KB,2048,2048,0,PNG,Yes,1,0,1,WebGL,2048,16777216,16.0 MB,,Unknown,,Review if referenced,Unknown/runtime or unused candidate
Assets/HyTeKGames/SRPMaterialConverter/ConvertedMaterials/Maps/kitchan_mat_2_1_AO.png,78118,76.3 KB,2048,2048,0,PNG,Yes,1,0,1,WebGL,2048,16777216,16.0 MB,,Unknown,,Review if referenced,Unknown/runtime or unused candidate
Assets/HyTeKGames/SRPMaterialConverter/ConvertedMaterials/Maps/chimini_Metallic.png,78118,76.3 KB,2048,2048,0,PNG,Yes,1,0,1,WebGL,2048,16777216,16.0 MB,Assets/HyTeKGames/SRPMaterialConverter/ConvertedMaterials/chimini.mat,Unknown,,Review if referenced,Visual QA required
Assets/HyTeKGames/SRPMaterialConverter/ConvertedMaterials/Maps/chimini_1_Metallic.png,78118,76.3 KB,2048,2048,0,PNG,Yes,1,0,1,WebGL,2048,16777216,16.0 MB,,Unknown,,Review if referenced,Unknown/runtime or unused candidate
Assets/HyTeKGames/SRPMaterialConverter/ConvertedMaterials/Maps/livingroom_floor4_1_AO.png,78118,76.3 KB,2048,2048,0,PNG,Yes,1,0,1,WebGL,2048,16777216,16.0 MB,,Unknown,,Review if referenced,Unknown/runtime or unused candidate
Assets/HyTeKGames/SRPMaterialConverter/ConvertedMaterials/Maps/balcony_wood_1_AO.png,78118,76.3 KB,2048,2048,0,PNG,Yes,1,0,1,WebGL,2048,16777216,16.0 MB,,Unknown,,Review if referenced,Unknown/runtime or unused candidate
Assets/HyTeKGames/SRPMaterialConverter/ConvertedMaterials/Maps/handle_AO.png,75999,74.2 KB,1024,1024,0,PNG,Yes,1,0,1,WebGL,2048,4194304,4.0 MB,Assets/HyTeKGames/SRPMaterialConverter/ConvertedMaterials/handle.mat,Unknown,,Review if referenced,Visual QA required
Assets/HyTeKGames/SRPMaterialConverter/ConvertedMaterials/Maps/handle_1_AO.png,75999,74.2 KB,1024,1024,0,PNG,Yes,1,0,1,WebGL,2048,4194304,4.0 MB,Assets/HyTeKGames/SRPMaterialConverter/ConvertedMaterials/handle_1.mat,Unknown,,Review if referenced,Visual QA required
Assets/HyTeKGames/SRPMaterialConverter/ConvertedMaterials/Maps/DrainerNew_1_Metallic.png,75474,73.7 KB,2048,2048,0,PNG,Yes,1,0,1,WebGL,2048,16777216,16.0 MB,,Unknown,,Review if referenced,Unknown/runtime or unused candidate
Assets/HyTeKGames/SRPMaterialConverter/ConvertedMaterials/Maps/DrainerNew_Metallic.png,75474,73.7 KB,2048,2048,0,PNG,Yes,1,0,1,WebGL,2048,16777216,16.0 MB,Assets/HyTeKGames/SRPMaterialConverter/ConvertedMaterials/DrainerNew.mat,Unknown,,Review if referenced,Visual QA required
Assets/HyTeKGames/SRPMaterialConverter/ConvertedMaterials/Maps/Furniture_Atlas_1_Metallic.png,74958,73.2 KB,2048,2048,0,PNG,Yes,1,0,1,WebGL,2048,16777216,16.0 MB,Assets/HyTeKGames/SRPMaterialConverter/ConvertedMaterials/Furniture_Atlas_1.mat,Unknown,,Review if referenced,Visual QA required
Assets/HyTeKGames/SRPMaterialConverter/ConvertedMaterials/Maps/Furniture_Atlas_1_1_Metallic.png,74958,73.2 KB,2048,2048,0,PNG,Yes,1,0,1,WebGL,2048,16777216,16.0 MB,,Unknown,,Review if referenced,Unknown/runtime or unused candidate
Assets/Coconut Palm Tree Pack/Textures/Parts/Frond_Stem_normal.psd,73934,72.2 KB,128,128,5,PSD,Unknown,1,0,,None found,1024,65536,64.0 KB,Assets/Coconut Palm Tree Pack/Materials/Parts/Coconut_Palm_Tree_Frond_Stem.mat,Normal map,,Review if referenced,Visual QA required
Assets/HyTeKGames/SRPMaterialConverter/ConvertedMaterials/Maps/bathroom_wall3_Metallic.png,73381,71.7 KB,2048,2048,0,PNG,Yes,1,0,1,WebGL,2048,16777216,16.0 MB,Assets/HyTeKGames/SRPMaterialConverter/ConvertedMaterials/bathroom_wall3.mat,Unknown,,Review if referenced,Visual QA required
Assets/HyTeKGames/SRPMaterialConverter/ConvertedMaterials/Maps/pattern_wall_Metallic.png,73381,71.7 KB,2048,2048,0,PNG,Yes,1,0,1,WebGL,2048,16777216,16.0 MB,Assets/HyTeKGames/SRPMaterialConverter/ConvertedMaterials/pattern_wall.mat,Unknown,,Review if referenced,Visual QA required
Assets/HyTeKGames/SRPMaterialConverter/ConvertedMaterials/Maps/balcony_wood_1_Metallic.png,73381,71.7 KB,2048,2048,0,PNG,Yes,1,0,1,WebGL,2048,16777216,16.0 MB,,Unknown,,Review if referenced,Unknown/runtime or unused candidate
Assets/HyTeKGames/SRPMaterialConverter/ConvertedMaterials/Maps/bedroom_floor3_1_Metallic.png,73381,71.7 KB,2048,2048,0,PNG,Yes,1,0,1,WebGL,2048,16777216,16.0 MB,,Unknown,,Review if referenced,Unknown/runtime or unused candidate
Assets/HyTeKGames/SRPMaterialConverter/ConvertedMaterials/Maps/laptop_1_AO.png,73381,71.7 KB,2048,2048,0,PNG,Yes,1,0,1,WebGL,2048,16777216,16.0 MB,,Unknown,,Review if referenced,Unknown/runtime or unused candidate
Assets/HyTeKGames/SRPMaterialConverter/ConvertedMaterials/Maps/towl_2_Metallic.png,73381,71.7 KB,2048,2048,0,PNG,Yes,1,0,1,WebGL,2048,16777216,16.0 MB,Assets/HyTeKGames/SRPMaterialConverter/ConvertedMaterials/towl_2.mat,Unknown,,Review if referenced,Visual QA required
Assets/HyTeKGames/SRPMaterialConverter/ConvertedMaterials/Maps/balcony_glass_Metallic.png,73381,71.7 KB,2048,2048,0,PNG,Yes,1,0,1,WebGL,2048,16777216,16.0 MB,Assets/HyTeKGames/SRPMaterialConverter/ConvertedMaterials/balcony_glass.mat,Unknown,,Review if referenced,Visual QA required
Assets/HyTeKGames/SRPMaterialConverter/ConvertedMaterials/Maps/livingroom_floor4_Metallic.png,73381,71.7 KB,2048,2048,0,PNG,Yes,1,0,1,WebGL,2048,16777216,16.0 MB,Assets/HyTeKGames/SRPMaterialConverter/ConvertedMaterials/livingroom_floor4.mat,Unknown,,Review if referenced,Visual QA required
Assets/HyTeKGames/SRPMaterialConverter/ConvertedMaterials/Maps/Paintings_House_2_1_Metallic.png,73381,71.7 KB,2048,2048,0,PNG,Yes,1,0,1,WebGL,2048,16777216,16.0 MB,,Unknown,,Review if referenced,Unknown/runtime or unused candidate
Assets/HyTeKGames/SRPMaterialConverter/ConvertedMaterials/Maps/diining_chair_wood_Metallic.png,73381,71.7 KB,2048,2048,0,PNG,Yes,1,0,1,WebGL,2048,16777216,16.0 MB,Assets/HyTeKGames/SRPMaterialConverter/ConvertedMaterials/diining_chair_wood.mat,Unknown,,Review if referenced,Visual QA required
Assets/HyTeKGames/SRPMaterialConverter/ConvertedMaterials/Maps/switch1_1_Metallic.png,73381,71.7 KB,2048,2048,0,PNG,Yes,1,0,1,WebGL,2048,16777216,16.0 MB,,Unknown,,Review if referenced,Unknown/runtime or unused candidate
Assets/HyTeKGames/SRPMaterialConverter/ConvertedMaterials/Maps/dinning_chair_cusion_1_Metallic.png,73381,71.7 KB,2048,2048,0,PNG,Yes,1,0,1,WebGL,2048,16777216,16.0 MB,,Unknown,,Review if referenced,Unknown/runtime or unused candidate
Assets/HyTeKGames/SRPMaterialConverter/ConvertedMaterials/Maps/towl_2_1_Metallic.png,73381,71.7 KB,2048,2048,0,PNG,Yes,1,0,1,WebGL,2048,16777216,16.0 MB,,Unknown,,Review if referenced,Unknown/runtime or unused candidate
Assets/HyTeKGames/SRPMaterialConverter/ConvertedMaterials/Maps/laptop_AO.png,73381,71.7 KB,2048,2048,0,PNG,Yes,1,0,1,WebGL,2048,16777216,16.0 MB,Assets/HyTeKGames/SRPMaterialConverter/ConvertedMaterials/laptop.mat,Unknown,,Review if referenced,Visual QA required
Assets/HyTeKGames/SRPMaterialConverter/ConvertedMaterials/Maps/green_wood_2_1_Metallic.png,73381,71.7 KB,2048,2048,0,PNG,Yes,1,0,1,WebGL,2048,16777216,16.0 MB,,Unknown,,Review if referenced,Unknown/runtime or unused candidate
Assets/HyTeKGames/SRPMaterialConverter/ConvertedMaterials/Maps/bed_1_Metallic.png,73381,71.7 KB,2048,2048,0,PNG,Yes,1,0,1,WebGL,2048,16777216,16.0 MB,,Unknown,,Review if referenced,Unknown/runtime or unused candidate
Assets/HyTeKGames/SRPMaterialConverter/ConvertedMaterials/Maps/laptop_1_Metallic.png,73381,71.7 KB,2048,2048,0,PNG,Yes,1,0,1,WebGL,2048,16777216,16.0 MB,,Unknown,,Review if referenced,Unknown/runtime or unused candidate
Assets/HyTeKGames/SRPMaterialConverter/ConvertedMaterials/Maps/Paintings_House_1_Metallic.png,73381,71.7 KB,2048,2048,0,PNG,Yes,1,0,1,WebGL,2048,16777216,16.0 MB,Assets/HyTeKGames/SRPMaterialConverter/ConvertedMaterials/Paintings_House_1.mat,Unknown,,Review if referenced,Visual QA required
Assets/HyTeKGames/SRPMaterialConverter/ConvertedMaterials/Maps/balcony_mat1_2_Metallic.png,73381,71.7 KB,2048,2048,0,PNG,Yes,1,0,1,WebGL,2048,16777216,16.0 MB,,Unknown,,Review if referenced,Unknown/runtime or unused candidate
Assets/HyTeKGames/SRPMaterialConverter/ConvertedMaterials/Maps/glass_wall_glass4_1_Metallic.png,73381,71.7 KB,2048,2048,0,PNG,Yes,1,0,1,WebGL,2048,16777216,16.0 MB,,Unknown,,Review if referenced,Unknown/runtime or unused candidate
Assets/HyTeKGames/SRPMaterialConverter/ConvertedMaterials/Maps/Paintings_House_4_1_Metallic.png,73381,71.7 KB,2048,2048,0,PNG,Yes,1,0,1,WebGL,2048,16777216,16.0 MB,,Unknown,,Review if referenced,Unknown/runtime or unused candidate
Assets/HyTeKGames/SRPMaterialConverter/ConvertedMaterials/Maps/bathroom_floor3_1_Metallic.png,73381,71.7 KB,2048,2048,0,PNG,Yes,1,0,1,WebGL,2048,16777216,16.0 MB,,Unknown,,Review if referenced,Unknown/runtime or unused candidate
Assets/HyTeKGames/SRPMaterialConverter/ConvertedMaterials/Maps/Chopboard_mat_1_Metallic.png,73381,71.7 KB,2048,2048,0,PNG,Yes,1,0,1,WebGL,2048,16777216,16.0 MB,,Unknown,,Review if referenced,Unknown/runtime or unused candidate
Assets/HyTeKGames/SRPMaterialConverter/ConvertedMaterials/Maps/bathroom_floor3_Metallic.png,73381,71.7 KB,2048,2048,0,PNG,Yes,1,0,1,WebGL,2048,16777216,16.0 MB,Assets/HyTeKGames/SRPMaterialConverter/ConvertedMaterials/bathroom_floor3.mat,Unknown,,Review if referenced,Visual QA required
Assets/HyTeKGames/SRPMaterialConverter/ConvertedMaterials/Maps/bed_Metallic.png,73381,71.7 KB,2048,2048,0,PNG,Yes,1,0,1,WebGL,2048,16777216,16.0 MB,Assets/HyTeKGames/SRPMaterialConverter/ConvertedMaterials/bed.mat,Unknown,,Review if referenced,Visual QA required
Assets/HyTeKGames/SRPMaterialConverter/ConvertedMaterials/Maps/toilet_wood_1_Metallic.png,73381,71.7 KB,2048,2048,0,PNG,Yes,1,0,1,WebGL,2048,16777216,16.0 MB,Assets/HyTeKGames/SRPMaterialConverter/ConvertedMaterials/toilet_wood_1.mat,Unknown,,Review if referenced,Visual QA required
Assets/HyTeKGames/SRPMaterialConverter/ConvertedMaterials/Maps/carpet_Metallic.png,73381,71.7 KB,2048,2048,0,PNG,Yes,1,0,1,WebGL,2048,16777216,16.0 MB,Assets/HyTeKGames/SRPMaterialConverter/ConvertedMaterials/carpet.mat,Unknown,,Review if referenced,Visual QA required
Assets/HyTeKGames/SRPMaterialConverter/ConvertedMaterials/Maps/livingroom_wall3_Metallic.png,73381,71.7 KB,2048,2048,0,PNG,Yes,1,0,1,WebGL,2048,16777216,16.0 MB,Assets/HyTeKGames/SRPMaterialConverter/ConvertedMaterials/livingroom_wall3.mat,Unknown,,Review if referenced,Visual QA required
Assets/HyTeKGames/SRPMaterialConverter/ConvertedMaterials/Maps/Paintings_House_1_1_Metallic.png,73381,71.7 KB,2048,2048,0,PNG,Yes,1,0,1,WebGL,2048,16777216,16.0 MB,,Unknown,,Review if referenced,Unknown/runtime or unused candidate
Assets/HyTeKGames/SRPMaterialConverter/ConvertedMaterials/Maps/dinning_table_1_Metallic.png,73381,71.7 KB,2048,2048,0,PNG,Yes,1,0,1,WebGL,2048,16777216,16.0 MB,,Unknown,,Review if referenced,Unknown/runtime or unused candidate
Assets/HyTeKGames/SRPMaterialConverter/ConvertedMaterials/Maps/bedroom_wall4_Metallic.png,73381,71.7 KB,2048,2048,0,PNG,Yes,1,0,1,WebGL,2048,16777216,16.0 MB,Assets/HyTeKGames/SRPMaterialConverter/ConvertedMaterials/bedroom_wall4.mat,Unknown,,Review if referenced,Visual QA required
Assets/HyTeKGames/SRPMaterialConverter/ConvertedMaterials/Maps/balcony_glass_2_Metallic.png,73381,71.7 KB,2048,2048,0,PNG,Yes,1,0,1,WebGL,2048,16777216,16.0 MB,,Unknown,,Review if referenced,Unknown/runtime or unused candidate
Assets/HyTeKGames/SRPMaterialConverter/ConvertedMaterials/Maps/balcony_glass_1_AO.png,73381,71.7 KB,2048,2048,0,PNG,Yes,1,0,1,WebGL,2048,16777216,16.0 MB,,Unknown,,Review if referenced,Unknown/runtime or unused candidate
Assets/HyTeKGames/SRPMaterialConverter/ConvertedMaterials/Maps/toilet_wood1_1_Metallic.png,73381,71.7 KB,2048,2048,0,PNG,Yes,1,0,1,WebGL,2048,16777216,16.0 MB,,Unknown,,Review if referenced,Unknown/runtime or unused candidate
Assets/HyTeKGames/SRPMaterialConverter/ConvertedMaterials/Maps/bathroom_wall3_1_Metallic.png,73381,71.7 KB,2048,2048,0,PNG,Yes,1,0,1,WebGL,2048,16777216,16.0 MB,,Unknown,,Review if referenced,Unknown/runtime or unused candidate
Assets/HyTeKGames/SRPMaterialConverter/ConvertedMaterials/Maps/green_wood_2_Metallic.png,73381,71.7 KB,2048,2048,0,PNG,Yes,1,0,1,WebGL,2048,16777216,16.0 MB,Assets/HyTeKGames/SRPMaterialConverter/ConvertedMaterials/green_wood_2.mat,Unknown,,Review if referenced,Visual QA required
Assets/HyTeKGames/SRPMaterialConverter/ConvertedMaterials/Maps/switch2_1_Metallic.png,73381,71.7 KB,2048,2048,0,PNG,Yes,1,0,1,WebGL,2048,16777216,16.0 MB,,Unknown,,Review if referenced,Unknown/runtime or unused candidate
Assets/HyTeKGames/SRPMaterialConverter/ConvertedMaterials/Maps/balcony_glass_AO.png,73381,71.7 KB,2048,2048,0,PNG,Yes,1,0,1,WebGL,2048,16777216,16.0 MB,Assets/HyTeKGames/SRPMaterialConverter/ConvertedMaterials/balcony_glass.mat,Unknown,,Review if referenced,Visual QA required
Assets/HyTeKGames/SRPMaterialConverter/ConvertedMaterials/Maps/Chopboard_mat_Metallic.png,73381,71.7 KB,2048,2048,0,PNG,Yes,1,0,1,WebGL,2048,16777216,16.0 MB,Assets/HyTeKGames/SRPMaterialConverter/ConvertedMaterials/Chopboard_mat.mat,Unknown,,Review if referenced,Visual QA required
Assets/HyTeKGames/SRPMaterialConverter/ConvertedMaterials/Maps/switch2_Metallic.png,73381,71.7 KB,2048,2048,0,PNG,Yes,1,0,1,WebGL,2048,16777216,16.0 MB,Assets/HyTeKGames/SRPMaterialConverter/ConvertedMaterials/switch2.mat,Unknown,,Review if referenced,Visual QA required
Assets/HyTeKGames/SRPMaterialConverter/ConvertedMaterials/Maps/studyroom_wall3_1_Metallic.png,73381,71.7 KB,2048,2048,0,PNG,Yes,1,0,1,WebGL,2048,16777216,16.0 MB,,Unknown,,Review if referenced,Unknown/runtime or unused candidate
Assets/HyTeKGames/SRPMaterialConverter/ConvertedMaterials/Maps/inner_roof3_1_Metallic.png,73381,71.7 KB,2048,2048,0,PNG,Yes,1,0,1,WebGL,2048,16777216,16.0 MB,,Unknown,,Review if referenced,Unknown/runtime or unused candidate
Assets/HyTeKGames/SRPMaterialConverter/ConvertedMaterials/Maps/Knife_Holder_mat_1_Metallic.png,73381,71.7 KB,2048,2048,0,PNG,Yes,1,0,1,WebGL,2048,16777216,16.0 MB,,Unknown,,Review if referenced,Unknown/runtime or unused candidate
Assets/HyTeKGames/SRPMaterialConverter/ConvertedMaterials/Maps/M_washbasin2_1_Metallic.png,73381,71.7 KB,2048,2048,0,PNG,Yes,1,0,1,WebGL,2048,16777216,16.0 MB,,Unknown,,Review if referenced,Unknown/runtime or unused candidate
Assets/HyTeKGames/SRPMaterialConverter/ConvertedMaterials/Maps/Notepad_Metallic.png,73381,71.7 KB,2048,2048,0,PNG,Yes,1,0,1,WebGL,2048,16777216,16.0 MB,Assets/HyTeKGames/SRPMaterialConverter/ConvertedMaterials/Notepad.mat,Unknown,,Review if referenced,Visual QA required
Assets/HyTeKGames/SRPMaterialConverter/ConvertedMaterials/Maps/induction-hob_Metallic.png,73381,71.7 KB,2048,2048,0,PNG,Yes,1,0,1,WebGL,2048,16777216,16.0 MB,Assets/HyTeKGames/SRPMaterialConverter/ConvertedMaterials/induction-hob.mat,Unknown,,Review if referenced,Visual QA required
Assets/HyTeKGames/SRPMaterialConverter/ConvertedMaterials/Maps/studyroom_floor3_1_Metallic.png,73381,71.7 KB,2048,2048,0,PNG,Yes,1,0,1,WebGL,2048,16777216,16.0 MB,,Unknown,,Review if referenced,Unknown/runtime or unused candidate
Assets/HyTeKGames/SRPMaterialConverter/ConvertedMaterials/Maps/balcony_wood_Metallic.png,73381,71.7 KB,2048,2048,0,PNG,Yes,1,0,1,WebGL,2048,16777216,16.0 MB,Assets/HyTeKGames/SRPMaterialConverter/ConvertedMaterials/balcony_wood.mat,Unknown,,Review if referenced,Visual QA required
Assets/HyTeKGames/SRPMaterialConverter/ConvertedMaterials/Maps/induction-hob_1_Metallic.png,73381,71.7 KB,2048,2048,0,PNG,Yes,1,0,1,WebGL,2048,16777216,16.0 MB,,Unknown,,Review if referenced,Unknown/runtime or unused candidate
Assets/HyTeKGames/SRPMaterialConverter/ConvertedMaterials/Maps/bed_sider_1_Metallic.png,73381,71.7 KB,2048,2048,0,PNG,Yes,1,0,1,WebGL,2048,16777216,16.0 MB,,Unknown,,Review if referenced,Unknown/runtime or unused candidate
Assets/HyTeKGames/SRPMaterialConverter/ConvertedMaterials/Maps/studyroom_wall3_Metallic.png,73381,71.7 KB,2048,2048,0,PNG,Yes,1,0,1,WebGL,2048,16777216,16.0 MB,Assets/HyTeKGames/SRPMaterialConverter/ConvertedMaterials/studyroom_wall3.mat,Unknown,,Review if referenced,Visual QA required
Assets/HyTeKGames/SRPMaterialConverter/ConvertedMaterials/Maps/glass_wall_glass4_Metallic.png,73381,71.7 KB,2048,2048,0,PNG,Yes,1,0,1,WebGL,2048,16777216,16.0 MB,Assets/HyTeKGames/SRPMaterialConverter/ConvertedMaterials/glass_wall_glass4.mat,Unknown,,Review if referenced,Visual QA required
Assets/HyTeKGames/SRPMaterialConverter/ConvertedMaterials/Maps/bedroom_floor3_Metallic.png,73381,71.7 KB,2048,2048,0,PNG,Yes,1,0,1,WebGL,2048,16777216,16.0 MB,Assets/HyTeKGames/SRPMaterialConverter/ConvertedMaterials/bedroom_floor3.mat,Unknown,,Review if referenced,Visual QA required
Assets/HyTeKGames/SRPMaterialConverter/ConvertedMaterials/Maps/white_wood_1_Metallic.png,73381,71.7 KB,2048,2048,0,PNG,Yes,1,0,1,WebGL,2048,16777216,16.0 MB,,Unknown,,Review if referenced,Unknown/runtime or unused candidate
Assets/HyTeKGames/SRPMaterialConverter/ConvertedMaterials/Maps/livingroom_wall3_1_Metallic.png,73381,71.7 KB,2048,2048,0,PNG,Yes,1,0,1,WebGL,2048,16777216,16.0 MB,,Unknown,,Review if referenced,Unknown/runtime or unused candidate
Assets/HyTeKGames/SRPMaterialConverter/ConvertedMaterials/Maps/Mug_Holder_mat_Metallic.png,73381,71.7 KB,2048,2048,0,PNG,Yes,1,0,1,WebGL,2048,16777216,16.0 MB,Assets/HyTeKGames/SRPMaterialConverter/ConvertedMaterials/Mug_Holder_mat.mat,Unknown,,Review if referenced,Visual QA required
Assets/HyTeKGames/SRPMaterialConverter/ConvertedMaterials/Maps/granite_1_Metallic.png,73381,71.7 KB,2048,2048,0,PNG,Yes,1,0,1,WebGL,2048,16777216,16.0 MB,,Unknown,,Review if referenced,Unknown/runtime or unused candidate
Assets/HyTeKGames/SRPMaterialConverter/ConvertedMaterials/Maps/inner_roof3_Metallic.png,73381,71.7 KB,2048,2048,0,PNG,Yes,1,0,1,WebGL,2048,16777216,16.0 MB,Assets/HyTeKGames/SRPMaterialConverter/ConvertedMaterials/inner_roof3.mat,Unknown,,Review if referenced,Visual QA required
Assets/HyTeKGames/SRPMaterialConverter/ConvertedMaterials/Maps/balcony_glass_1_Metallic.png,73381,71.7 KB,2048,2048,0,PNG,Yes,1,0,1,WebGL,2048,16777216,16.0 MB,,Unknown,,Review if referenced,Unknown/runtime or unused candidate
Assets/HyTeKGames/SRPMaterialConverter/ConvertedMaterials/Maps/white_wood_Metallic.png,73381,71.7 KB,2048,2048,0,PNG,Yes,1,0,1,WebGL,2048,16777216,16.0 MB,Assets/HyTeKGames/SRPMaterialConverter/ConvertedMaterials/white_wood.mat,Unknown,,Review if referenced,Visual QA required
Assets/HyTeKGames/SRPMaterialConverter/ConvertedMaterials/Maps/table1_1_Metallic.png,73381,71.7 KB,2048,2048,0,PNG,Yes,1,0,1,WebGL,2048,16777216,16.0 MB,,Unknown,,Review if referenced,Unknown/runtime or unused candidate
Assets/HyTeKGames/SRPMaterialConverter/ConvertedMaterials/Maps/laptop_Metallic.png,73381,71.7 KB,2048,2048,0,PNG,Yes,1,0,1,WebGL,2048,16777216,16.0 MB,Assets/HyTeKGames/SRPMaterialConverter/ConvertedMaterials/laptop.mat,Unknown,,Review if referenced,Visual QA required
Assets/HyTeKGames/SRPMaterialConverter/ConvertedMaterials/Maps/Mug_Holder_mat_1_Metallic.png,73381,71.7 KB,2048,2048,0,PNG,Yes,1,0,1,WebGL,2048,16777216,16.0 MB,,Unknown,,Review if referenced,Unknown/runtime or unused candidate
Assets/HyTeKGames/SRPMaterialConverter/ConvertedMaterials/Maps/bedroom_wall4_1_Metallic.png,73381,71.7 KB,2048,2048,0,PNG,Yes,1,0,1,WebGL,2048,16777216,16.0 MB,,Unknown,,Review if referenced,Unknown/runtime or unused candidate
Assets/HyTeKGames/SRPMaterialConverter/ConvertedMaterials/Maps/switch1_Metallic.png,73381,71.7 KB,2048,2048,0,PNG,Yes,1,0,1,WebGL,2048,16777216,16.0 MB,Assets/HyTeKGames/SRPMaterialConverter/ConvertedMaterials/switch1.mat,Unknown,,Review if referenced,Visual QA required
Assets/HyTeKGames/SRPMaterialConverter/ConvertedMaterials/Maps/studyroom_floor3_Metallic.png,73381,71.7 KB,2048,2048,0,PNG,Yes,1,0,1,WebGL,2048,16777216,16.0 MB,Assets/HyTeKGames/SRPMaterialConverter/ConvertedMaterials/studyroom_floor3.mat,Unknown,,Review if referenced,Visual QA required
Assets/HyTeKGames/SRPMaterialConverter/ConvertedMaterials/Maps/marble_Metallic.png,73381,71.7 KB,2048,2048,0,PNG,Yes,1,0,1,WebGL,2048,16777216,16.0 MB,Assets/HyTeKGames/SRPMaterialConverter/ConvertedMaterials/marble.mat,Unknown,,Review if referenced,Visual QA required
Assets/HyTeKGames/SRPMaterialConverter/ConvertedMaterials/Maps/marble_1_Metallic.png,73381,71.7 KB,2048,2048,0,PNG,Yes,1,0,1,WebGL,2048,16777216,16.0 MB,,Unknown,,Review if referenced,Unknown/runtime or unused candidate
Assets/HyTeKGames/SRPMaterialConverter/ConvertedMaterials/Maps/bed_sider_Metallic.png,73381,71.7 KB,2048,2048,0,PNG,Yes,1,0,1,WebGL,2048,16777216,16.0 MB,Assets/HyTeKGames/SRPMaterialConverter/ConvertedMaterials/bed_sider.mat,Unknown,,Review if referenced,Visual QA required
Assets/HyTeKGames/SRPMaterialConverter/ConvertedMaterials/Maps/Knife_Holder_mat_Metallic.png,73381,71.7 KB,2048,2048,0,PNG,Yes,1,0,1,WebGL,2048,16777216,16.0 MB,Assets/HyTeKGames/SRPMaterialConverter/ConvertedMaterials/Knife_Holder_mat.mat,Unknown,,Review if referenced,Visual QA required
Assets/HyTeKGames/SRPMaterialConverter/ConvertedMaterials/Maps/balcony_mat1_Metallic.png,73381,71.7 KB,2048,2048,0,PNG,Yes,1,0,1,WebGL,2048,16777216,16.0 MB,Assets/HyTeKGames/SRPMaterialConverter/ConvertedMaterials/balcony_mat1.mat,Unknown,,Review if referenced,Visual QA required
Assets/HyTeKGames/SRPMaterialConverter/ConvertedMaterials/Maps/carpet_1_Metallic.png,73381,71.7 KB,2048,2048,0,PNG,Yes,1,0,1,WebGL,2048,16777216,16.0 MB,,Unknown,,Review if referenced,Unknown/runtime or unused candidate
Assets/HyTeKGames/SRPMaterialConverter/ConvertedMaterials/Maps/toilet_wood1_Metallic.png,73381,71.7 KB,2048,2048,0,PNG,Yes,1,0,1,WebGL,2048,16777216,16.0 MB,Assets/HyTeKGames/SRPMaterialConverter/ConvertedMaterials/toilet_wood1.mat,Unknown,,Review if referenced,Visual QA required
Assets/HyTeKGames/SRPMaterialConverter/ConvertedMaterials/Maps/dinning_chair_cusion_Metallic.png,73381,71.7 KB,2048,2048,0,PNG,Yes,1,0,1,WebGL,2048,16777216,16.0 MB,Assets/HyTeKGames/SRPMaterialConverter/ConvertedMaterials/dinning_chair_cusion.mat,Unknown,,Review if referenced,Visual QA required
Assets/HyTeKGames/SRPMaterialConverter/ConvertedMaterials/Maps/pattern_wall_1_Metallic.png,73381,71.7 KB,2048,2048,0,PNG,Yes,1,0,1,WebGL,2048,16777216,16.0 MB,,Unknown,,Review if referenced,Unknown/runtime or unused candidate
Assets/HyTeKGames/SRPMaterialConverter/ConvertedMaterials/Maps/granite_Metallic.png,73381,71.7 KB,2048,2048,0,PNG,Yes,1,0,1,WebGL,2048,16777216,16.0 MB,Assets/HyTeKGames/SRPMaterialConverter/ConvertedMaterials/granite.mat,Unknown,,Review if referenced,Visual QA required
Assets/HyTeKGames/SRPMaterialConverter/ConvertedMaterials/Maps/balcony_wood_2_Metallic.png,73381,71.7 KB,2048,2048,0,PNG,Yes,1,0,1,WebGL,2048,16777216,16.0 MB,,Unknown,,Review if referenced,Unknown/runtime or unused candidate
Assets/HyTeKGames/SRPMaterialConverter/ConvertedMaterials/Maps/Paintings_House_2_Metallic.png,73381,71.7 KB,2048,2048,0,PNG,Yes,1,0,1,WebGL,2048,16777216,16.0 MB,Assets/HyTeKGames/SRPMaterialConverter/ConvertedMaterials/Paintings_House_2.mat,Unknown,,Review if referenced,Visual QA required
Assets/HyTeKGames/SRPMaterialConverter/ConvertedMaterials/Maps/table1_Metallic.png,73381,71.7 KB,2048,2048,0,PNG,Yes,1,0,1,WebGL,2048,16777216,16.0 MB,Assets/HyTeKGames/SRPMaterialConverter/ConvertedMaterials/table1.mat,Unknown,,Review if referenced,Visual QA required
Assets/HyTeKGames/SRPMaterialConverter/ConvertedMaterials/Maps/toilet_wood_1_1_Metallic.png,73381,71.7 KB,2048,2048,0,PNG,Yes,1,0,1,WebGL,2048,16777216,16.0 MB,,Unknown,,Review if referenced,Unknown/runtime or unused candidate
Assets/HyTeKGames/SRPMaterialConverter/ConvertedMaterials/Maps/diining_chair_wood_1_Metallic.png,73381,71.7 KB,2048,2048,0,PNG,Yes,1,0,1,WebGL,2048,16777216,16.0 MB,,Unknown,,Review if referenced,Unknown/runtime or unused candidate
Assets/HyTeKGames/SRPMaterialConverter/ConvertedMaterials/Maps/balcony_glass_2_AO.png,73381,71.7 KB,2048,2048,0,PNG,Yes,1,0,1,WebGL,2048,16777216,16.0 MB,,Unknown,,Review if referenced,Unknown/runtime or unused candidate
Assets/HyTeKGames/SRPMaterialConverter/ConvertedMaterials/Maps/M_washbasin2_Metallic.png,73381,71.7 KB,2048,2048,0,PNG,Yes,1,0,1,WebGL,2048,16777216,16.0 MB,Assets/HyTeKGames/SRPMaterialConverter/ConvertedMaterials/M_washbasin2.mat,Unknown,,Review if referenced,Visual QA required
Assets/HyTeKGames/SRPMaterialConverter/ConvertedMaterials/Maps/Paintings_House_Metallic.png,73381,71.7 KB,2048,2048,0,PNG,Yes,1,0,1,WebGL,2048,16777216,16.0 MB,Assets/HyTeKGames/SRPMaterialConverter/ConvertedMaterials/Paintings_House.mat,Unknown,,Review if referenced,Visual QA required
Assets/HyTeKGames/SRPMaterialConverter/ConvertedMaterials/Maps/balcony_mat1_1_Metallic.png,73381,71.7 KB,2048,2048,0,PNG,Yes,1,0,1,WebGL,2048,16777216,16.0 MB,,Unknown,,Review if referenced,Unknown/runtime or unused candidate
Assets/HyTeKGames/SRPMaterialConverter/ConvertedMaterials/Maps/livingroom_floor4_1_Metallic.png,73381,71.7 KB,2048,2048,0,PNG,Yes,1,0,1,WebGL,2048,16777216,16.0 MB,,Unknown,,Review if referenced,Unknown/runtime or unused candidate
Assets/HyTeKGames/SRPMaterialConverter/ConvertedMaterials/Maps/dinning_table_Metallic.png,73381,71.7 KB,2048,2048,0,PNG,Yes,1,0,1,WebGL,2048,16777216,16.0 MB,Assets/HyTeKGames/SRPMaterialConverter/ConvertedMaterials/dinning_table.mat,Unknown,,Review if referenced,Visual QA required
Assets/HyTeKGames/SRPMaterialConverter/ConvertedMaterials/Maps/Notepad_1_Metallic.png,73381,71.7 KB,2048,2048,0,PNG,Yes,1,0,1,WebGL,2048,16777216,16.0 MB,,Unknown,,Review if referenced,Unknown/runtime or unused candidate
Assets/HyTeKGames/SRPMaterialConverter/ConvertedMaterials/Maps/Paintings_House_3_Metallic.png,73381,71.7 KB,2048,2048,0,PNG,Yes,1,0,1,WebGL,2048,16777216,16.0 MB,,Unknown,,Review if referenced,Unknown/runtime or unused candidate
Assets/HyTeKGames/SRPMaterialConverter/ConvertedMaterials/Maps/Paintings_House_4_Metallic.png,73381,71.7 KB,2048,2048,0,PNG,Yes,1,0,1,WebGL,2048,16777216,16.0 MB,Assets/HyTeKGames/SRPMaterialConverter/ConvertedMaterials/Paintings_House_4.mat,Unknown,,Review if referenced,Visual QA required
Assets/Furniture Mega Pack/Textures/Tables/Table45/Table45_mat_Table45_MetallicSmoothness.png,71251,69.6 KB,2048,2048,0,PNG,Yes,1,0,1,None found,2048,16777216,16.0 MB,Assets/Furniture Mega Pack/Materials/Table/mat_Table45.mat,Unknown,,Review if referenced,Visual QA required
Assets/DevDen Arch Viz Scotland/Textures/Study Room/imac/Imac_imac_MetallicSmoothness.png,71195,69.5 KB,2048,2048,0,PNG,Yes,1,0,1,None found,2048,16777216,16.0 MB,Assets/DevDen Arch Viz Scotland/Materials/Study Room/imac.mat,Unknown,,Review if referenced,Visual QA required
Assets/HyTeKGames/SRPMaterialConverter/ConvertedMaterials/Maps/shelf1_AO.png,71102,69.4 KB,1024,1024,0,PNG,Yes,1,0,1,WebGL,2048,4194304,4.0 MB,Assets/HyTeKGames/SRPMaterialConverter/ConvertedMaterials/shelf1.mat,Unknown,,Review if referenced,Visual QA required
Assets/HyTeKGames/SRPMaterialConverter/ConvertedMaterials/Maps/shelf1_1_AO.png,71102,69.4 KB,1024,1024,0,PNG,Yes,1,0,1,WebGL,2048,4194304,4.0 MB,,Unknown,,Review if referenced,Unknown/runtime or unused candidate
Assets/Animated Tropical Vegetation/Textures/billboards/banana_tree_3_billboard_normal.png,70088,68.4 KB,1024,1024,1,PNG,Unknown,1,0,1,None found,2048,4194304,4.0 MB,Assets/Animated Tropical Vegetation/Materials/Billboards/banana_tree_3_billboard.mat,Normal map,,Review if referenced,Visual QA required
Assets/Animated Tropical Vegetation/Textures/billboards/banana_tree_5_billboard_normal.png,67003,65.4 KB,1024,1024,1,PNG,Unknown,1,0,1,None found,2048,4194304,4.0 MB,Assets/Animated Tropical Vegetation/Materials/Billboards/banana_tree_5_billboard.mat,Normal map,,Review if referenced,Visual QA required
Assets/Animated Tropical Vegetation/Textures/billboards/banana_tree_2_billboard_normal.png,65130,63.6 KB,1024,1024,1,PNG,Unknown,1,0,1,None found,2048,4194304,4.0 MB,Assets/Animated Tropical Vegetation/Materials/Billboards/banana_tree_2_billboard.mat,Normal map,,Review if referenced,Visual QA required
Assets/DevDen Arch Viz Scotland/Textures/Bed Room/BedsideLamp/bedside_lamp_bed_lamp_glass1_AO.png,64658,63.1 KB,512,1024,0,PNG,Yes,1,1,1,WebGL,2048,2097152,2.0 MB,Assets/DevDen Arch Viz Scotland/Materials/Bed Room/bed_lamp_glass1.mat,Unknown,ReadWrite enabled,Review if referenced,Visual QA required
Assets/Emilulz_Assets/DEMOLowPolyFlowers/Assets/DEMOAtlas_Flowerpack.png,62957,61.5 KB,306,306,0,PNG,Yes,1,0,1,None found,2048,374544,365.8 KB,Assets/Emilulz_Assets/DEMOLowPolyFlowers/Prefabs/M_DEMOAtlas_LowPolyFlowers.mat,Unknown,,Review if referenced,Visual QA required
Assets/Animated Tropical Vegetation/Textures/billboards/banana_tree_6_billboard_normal.png,61302,59.9 KB,1024,1024,1,PNG,Unknown,1,0,1,None found,2048,4194304,4.0 MB,Assets/Animated Tropical Vegetation/Materials/Billboards/banana_tree_6_billboard.mat,Normal map,,Review if referenced,Visual QA required
Assets/Animated Tropical Vegetation/Textures/jungle_bush_leaves_normal.png,61250,59.8 KB,512,512,1,PNG,Yes,1,0,1,None found,2048,1048576,1.0 MB,Assets/Animated Tropical Vegetation/Materials/jungle_bush_leaves.mat,Normal map,,Review if referenced,Visual QA required
Assets/BCaT_assets/LindaLeaks/Images/image66.jpg,61100,59.7 KB,424,640,8,JPEG,Unknown,0,0,1,WebGL,2048,1085440,1.0 MB,,Unknown,,Review if referenced,Unknown/runtime or unused candidate
Assets/BCaT_assets/Meshell_Sturgis/articles/Pages/BlackRefractions/page_008.png,60412,59.0 KB,719,814,0,PNG,Unknown,0,0,0,WebGL,2048,2341064,2.2 MB,Assets/BH_XR_MainScene.unity; Assets/_Recovery/0 (21).unity; Assets/_Recovery/0 (22).unity; Assets/_Recovery/0 (23).unity,Article/document page,,Review if referenced,Visual QA required
Assets/DevDen Arch Viz Scotland/Textures/Common/Plate/plate_1_plate_1_Metallic.png,59913,58.5 KB,4096,4096,0,PNG,Yes,1,0,1,None found,2048,67108864,64.0 MB,Assets/DevDen Arch Viz Scotland/Materials/Common/plate.mat,Unknown,Large 4096+,P1/P2: downscale/compress or externalize,Visual QA required
Assets/BCaT_assets/Meshell_Sturgis/articles/Pages/BlackRefractions/page_010.png,58141,56.8 KB,740,912,0,PNG,Unknown,0,0,0,WebGL,2048,2699520,2.6 MB,Assets/BH_XR_MainScene.unity; Assets/_Recovery/0 (21).unity; Assets/_Recovery/0 (22).unity; Assets/_Recovery/0 (23).unity,Article/document page,,Review if referenced,Visual QA required
Assets/Animated Tropical Vegetation/Textures/billboards/banana_tree_1_billboard_normal.png,57927,56.6 KB,1024,1024,1,PNG,Unknown,1,0,1,None found,2048,4194304,4.0 MB,Assets/Animated Tropical Vegetation/Materials/Billboards/banana_tree_1_billboard.mat,Normal map,,Review if referenced,Visual QA required
Assets/DevDen Arch Viz Scotland/Textures/Study Room/Table_Lamp/LightBulb02.png,56015,54.7 KB,512,512,0,PNG,Unknown,1,0,1,None found,2048,1048576,1.0 MB,Assets/DevDen Arch Viz Scotland/Materials/Study Room/LightBulb02On.mat; Assets/DevDen Arch Viz Scotland/Models/Study Room/Materials/LightBulb02.mat; Assets/HyTeKGames/SRPMaterialConverter/ConvertedMaterials/LightBulb02.mat; Assets/HyTeKGames/SRPMaterialConverter/ConvertedMaterials/LightBulb02On.mat,Unknown,,Review if referenced,Visual QA required
Assets/Animated Tropical Vegetation/Textures/billboards/bushy_palm_1_billboard_normal.png,55949,54.6 KB,1024,1024,1,PNG,Unknown,1,0,1,None found,2048,4194304,4.0 MB,Assets/Animated Tropical Vegetation/Materials/Billboards/bushy_palm_1_billboard.mat,Normal map,,Review if referenced,Visual QA required
Assets/RealBlend/Art/Brushes/face.png,53813,52.6 KB,2048,2048,0,PNG,Unknown,1,1,1,None found,2048,16777216,16.0 MB,,Unknown,ReadWrite enabled,Review if referenced,Unknown/runtime or unused candidate
Assets/Animated Tropical Vegetation/Textures/billboards/banana_tree_4_billboard_normal.png,52478,51.2 KB,1024,1024,1,PNG,Unknown,1,0,1,None found,2048,4194304,4.0 MB,Assets/Animated Tropical Vegetation/Materials/Billboards/banana_tree_4_billboard.mat,Normal map,,Review if referenced,Visual QA required
Assets/HyTeKGames/SRPMaterialConverter/ConvertedMaterials/Maps/bed_lamp_glass1_1_AO.png,51510,50.3 KB,512,1024,0,PNG,Yes,1,0,1,WebGL,2048,2097152,2.0 MB,,Unknown,,Review if referenced,Unknown/runtime or unused candidate
Assets/HyTeKGames/SRPMaterialConverter/ConvertedMaterials/Maps/bed_lamp_glass1_AO.png,51510,50.3 KB,512,1024,0,PNG,Yes,1,0,1,WebGL,2048,2097152,2.0 MB,Assets/HyTeKGames/SRPMaterialConverter/ConvertedMaterials/bed_lamp_glass1.mat,Unknown,,Review if referenced,Visual QA required
Assets/Furniture Mega Pack/Textures/Tables/Table48/Table48_mat_Table48_AlbedoTransparency.png,49134,48.0 KB,2048,2048,0,PNG,Unknown,1,0,1,None found,2048,16777216,16.0 MB,Assets/Furniture Mega Pack/Materials/Table/mat_Table48.mat,Unknown,,Review if referenced,Visual QA required
Assets/DevDen Arch Viz Scotland/Textures/Living Room/TV/TV_Normal.png,47529,46.4 KB,512,512,1,PNG,Unknown,1,0,1,None found,2048,1048576,1.0 MB,Assets/DevDen Arch Viz Scotland/Materials/Living Room/TV.mat; Assets/HyTeKGames/SRPMaterialConverter/ConvertedMaterials/TV.mat,Normal map,,Review if referenced,Visual QA required
Assets/DevDen Arch Viz Scotland/Decals/Let's Eat.png,47151,46.0 KB,1875,1875,0,PNG,Yes,0,1,2,WebGL,2048,14062500,13.4 MB,Assets/DevDen Arch Viz Scotland/Decals/Materials/Lets Eat.mat; Assets/HyTeKGames/SRPMaterialConverter/ConvertedMaterials/Lets Eat.mat,Unknown,ReadWrite enabled,Review if referenced,Visual QA required
Assets/Animated Tropical Vegetation/Textures/billboards/tropical_plant_billboard_normal.png,46364,45.3 KB,1024,1024,1,PNG,Unknown,1,0,1,None found,2048,4194304,4.0 MB,Assets/Animated Tropical Vegetation/Materials/Billboards/tropical_plant_billboard.mat,Normal map,,Review if referenced,Visual QA required
Assets/Animated Tropical Vegetation/Textures/small_tree_leaves_normal.png,43128,42.1 KB,512,512,1,PNG,Unknown,1,0,1,None found,2048,1048576,1.0 MB,Assets/Animated Tropical Vegetation/Materials/small_tree_leaves.mat,Normal map,,Review if referenced,Visual QA required
Assets/Coconut Palm Tree Pack/Textures/Parts/Coconut_Palm_Tree_Bark_gloss.tif,40348,39.4 KB,256,512,5,TIFF,Yes,1,1,,None found,1024,524288,512.0 KB,Assets/Coconut Palm Tree Pack/Materials/Parts/Coconut_Palm_Tree_Bark3.mat,Unknown,ReadWrite enabled,Review if referenced,Visual QA required
Assets/Coconut Palm Tree Pack/Textures/Parts/Palm_Brush_trans.psd,40224,39.3 KB,256,256,5,PSD,Unknown,1,0,,None found,1024,262144,256.0 KB,Assets/Coconut Palm Tree Pack/Materials/Parts/Coconut_Palm_Tree_Brush.mat,Unknown,,Review if referenced,Visual QA required
Assets/BCaT_assets/Meshell_Sturgis/articles/Pages/BlackRefractions/page_002.png,38835,37.9 KB,583,1224,0,PNG,Unknown,0,0,0,WebGL,2048,2854368,2.7 MB,Assets/BH_XR_MainScene.unity; Assets/_Recovery/0 (21).unity; Assets/_Recovery/0 (22).unity; Assets/_Recovery/0 (23).unity,Article/document page,,Review if referenced,Visual QA required
Assets/DevDen Arch Viz Scotland/Textures/Bathroom/Tile_Bath/SubwayTile - metallic (Modified).png,37488,36.6 KB,1024,1024,0,PNG,Yes,1,0,1,None found,2048,4194304,4.0 MB,Assets/DevDen Arch Viz Scotland/Materials/Bathroom/bathroom_wall_mat_1.mat,Unknown,,Review if referenced,Visual QA required
Assets/DevDen Arch Viz Scotland/Decals/Decor 1.png,36968,36.1 KB,800,600,0,PNG,Yes,0,1,2,WebGL,2048,1920000,1.8 MB,Assets/DevDen Arch Viz Scotland/Decals/Materials/Decor.mat; Assets/HyTeKGames/SRPMaterialConverter/ConvertedMaterials/Decor.mat,Unknown,ReadWrite enabled,Review if referenced,Visual QA required
Assets/HyTeKGames/SRPMaterialConverter/ConvertedMaterials/Maps/tolpaper_Metallic.png,36722,35.9 KB,1024,1024,0,PNG,Yes,1,0,1,WebGL,2048,4194304,4.0 MB,Assets/HyTeKGames/SRPMaterialConverter/ConvertedMaterials/tolpaper.mat,Unknown,,Review if referenced,Visual QA required
Assets/HyTeKGames/SRPMaterialConverter/ConvertedMaterials/Maps/tolpaper_1_Metallic.png,36722,35.9 KB,1024,1024,0,PNG,Yes,1,0,1,WebGL,2048,4194304,4.0 MB,,Unknown,,Review if referenced,Unknown/runtime or unused candidate
Assets/Idyllic Italian Coast Town/Textures/M_leaf.png,36506,35.7 KB,1024,1024,0,PNG,Yes,1,0,1,None found,2048,4194304,4.0 MB,Assets/Idyllic Italian Coast Town/Materials/M_leaf.mat,Unknown,,Review if referenced,Visual QA required
Assets/DevDen Arch Viz Scotland/Textures/Common/Socket/socket_M_socket_MetallicSmoothness.png,35815,35.0 KB,1024,1024,0,PNG,Yes,1,1,1,WebGL,2048,4194304,4.0 MB,Assets/DevDen Arch Viz Scotland/Materials/Common/Socket.mat,Unknown,ReadWrite enabled,Review if referenced,Visual QA required
Assets/Furniture Mega Pack/Textures/Chairs/Chair44/Chair44_mat_Chair44_MetallicSmoothness.png,35371,34.5 KB,2048,2048,0,PNG,Yes,1,0,1,None found,2048,16777216,16.0 MB,Assets/Furniture Mega Pack/Materials/Chair/mat_Chair44.mat,Unknown,,Review if referenced,Visual QA required
Assets/BCaT_assets/Meshell_Sturgis/articles/Pages/BlackRefractions/page_023.png,34446,33.6 KB,792,1224,0,PNG,Unknown,0,0,0,WebGL,2048,3877632,3.7 MB,Assets/BH_XR_MainScene.unity; Assets/_Recovery/0 (21).unity; Assets/_Recovery/0 (22).unity; Assets/_Recovery/0 (23).unity,Article/document page,,Review if referenced,Visual QA required
Assets/Animated Tropical Vegetation/Textures/bamboo_leaves_normal.png,33237,32.5 KB,512,512,1,PNG,Unknown,1,0,1,None found,2048,1048576,1.0 MB,Assets/Animated Tropical Vegetation/Materials/bamboo_leaves.mat,Normal map,,Review if referenced,Visual QA required
Assets/DevDen Arch Viz Scotland/Textures/Living Room/little_props/little_props_n.png,33061,32.3 KB,512,512,0,PNG,Yes,1,0,1,None found,2048,1048576,1.0 MB,,Normal map,,Review if referenced,Unknown/runtime or unused candidate
Assets/DevDen Arch Viz Scotland/Textures/Study Room/Table_Lamp/LightBulb02_Emission.png,32924,32.2 KB,512,512,0,PNG,Unknown,1,0,1,None found,2048,1048576,1.0 MB,,Unknown,,Review if referenced,Unknown/runtime or unused candidate
Assets/DevDen Arch Viz Scotland/Textures/Common/SmallObj/dish-rack_metal.png,32402,31.6 KB,4096,4096,0,PNG,Unknown,1,0,1,None found,2048,67108864,64.0 MB,Assets/DevDen Arch Viz Scotland/Materials/Kitchen Room/DrainerNew.mat,Unknown,Large 4096+,P1/P2: downscale/compress or externalize,Visual QA required
Assets/DevDen Arch Viz Scotland/Textures/Common/SmallObj/knives_metal.png,31148,30.4 KB,2048,2048,0,PNG,Unknown,1,0,1,None found,2048,16777216,16.0 MB,Assets/DevDen Arch Viz Scotland/Materials/Kitchen Room/knives.mat,Unknown,,Review if referenced,Visual QA required
Assets/BCaT_assets/Meshell_Sturgis/articles/Pages/BlackRefractions/page_015.png,30880,30.2 KB,278,1000,0,PNG,Unknown,0,0,0,WebGL,2048,1112000,1.1 MB,Assets/BH_XR_MainScene.unity; Assets/_Recovery/0 (21).unity; Assets/_Recovery/0 (22).unity; Assets/_Recovery/0 (23).unity,Article/document page,,Review if referenced,Visual QA required
Assets/DevDen Arch Viz Scotland/Decals/Family Love.png,30154,29.4 KB,700,525,0,PNG,Yes,0,1,1,WebGL,2048,1470000,1.4 MB,Assets/DevDen Arch Viz Scotland/Decals/Materials/Family Love.mat; Assets/HyTeKGames/SRPMaterialConverter/ConvertedMaterials/Family Love.mat,Unknown,ReadWrite enabled,Review if referenced,Visual QA required
Assets/Coconut Palm Tree Pack/Textures/Parts/Frond_Stem_gloss.psd,29448,28.8 KB,64,64,5,PSD,Unknown,1,0,,None found,1024,16384,16.0 KB,Assets/Coconut Palm Tree Pack/Materials/Parts/Coconut_Palm_Tree_Frond_Stem.mat,Unknown,,Review if referenced,Visual QA required
Assets/DevDen Arch Viz Scotland/Textures/Bathroom/bathroom_cabin/bathroom_cabin_bathroom_cabin_MetallicSmoothness.png,29171,28.5 KB,1024,1024,0,PNG,Yes,1,1,1,WebGL,2048,4194304,4.0 MB,Assets/DevDen Arch Viz Scotland/Materials/Bathroom/bathroom_cabin.mat,Unknown,ReadWrite enabled,Review if referenced,Visual QA required
Assets/DevDen Arch Viz Scotland/Textures/Bathroom/bathroom_cabin/bathroom_cabin_bathroom_cabin_AlbedoTransparency.png,29091,28.4 KB,1024,1024,0,PNG,Yes,1,1,1,WebGL,2048,4194304,4.0 MB,Assets/DevDen Arch Viz Scotland/Materials/Bathroom/bathroom_cabin.mat; Assets/HyTeKGames/SRPMaterialConverter/ConvertedMaterials/bathroom_cabin.mat,Unknown,ReadWrite enabled,Review if referenced,Visual QA required
Assets/DevDen Arch Viz Scotland/Textures/Bathroom/bathroom_shelf/bathroom_shelf_bathroom_shelf_AlbedoTransparency.png,28444,27.8 KB,1024,1024,0,PNG,Yes,1,1,1,WebGL,2048,4194304,4.0 MB,Assets/DevDen Arch Viz Scotland/Materials/Bathroom/bathroom_shelf.mat; Assets/HyTeKGames/SRPMaterialConverter/ConvertedMaterials/bathroom_shelf.mat,Unknown,ReadWrite enabled,Review if referenced,Visual QA required
Assets/SubstanceAssets/LittleGamesPack/Textures/GamePieces/GamePieces_Metallic.png,28403,27.7 KB,4096,4096,0,PNG,Yes,1,0,1,WebGL,2048,67108864,64.0 MB,Assets/SubstanceAssets/LittleGamesPack/Materials/GamePieces.mat,Unknown,Large 4096+,P1/P2: downscale/compress or externalize,Visual QA required
Assets/DevDen Arch Viz Scotland/Textures/Bathroom/bathroom_shelf/bathroom_shelf_bathroom_shelf_MetallicSmoothness.png,28336,27.7 KB,1024,1024,0,PNG,Yes,1,1,1,WebGL,2048,4194304,4.0 MB,Assets/DevDen Arch Viz Scotland/Materials/Bathroom/bathroom_shelf.mat,Unknown,ReadWrite enabled,Review if referenced,Visual QA required
Assets/HyTeKGames/SRPMaterialConverter/ConvertedMaterials/Maps/metaldryer_1_Metallic.png,28011,27.4 KB,1024,1024,0,PNG,Yes,1,0,1,WebGL,2048,4194304,4.0 MB,,Unknown,,Review if referenced,Unknown/runtime or unused candidate
Assets/HyTeKGames/SRPMaterialConverter/ConvertedMaterials/Maps/metaldryer_Metallic.png,28011,27.4 KB,1024,1024,0,PNG,Yes,1,0,1,WebGL,2048,4194304,4.0 MB,Assets/HyTeKGames/SRPMaterialConverter/ConvertedMaterials/metaldryer.mat,Unknown,,Review if referenced,Visual QA required
Assets/HyTeKGames/SRPMaterialConverter/ConvertedMaterials/Maps/TV_1_AO.png,27514,26.9 KB,512,512,0,PNG,Yes,1,0,1,WebGL,2048,1048576,1.0 MB,,Unknown,,Review if referenced,Unknown/runtime or unused candidate
Assets/HyTeKGames/SRPMaterialConverter/ConvertedMaterials/Maps/TV_AO.png,27514,26.9 KB,512,512,0,PNG,Yes,1,0,1,WebGL,2048,1048576,1.0 MB,Assets/HyTeKGames/SRPMaterialConverter/ConvertedMaterials/TV.mat,Unknown,,Review if referenced,Visual QA required
Assets/DevDen Arch Viz Scotland/Textures/Common/SmallObj/trash-can_metal.png,26797,26.2 KB,4096,4096,0,PNG,Unknown,1,0,1,None found,2048,67108864,64.0 MB,Assets/DevDen Arch Viz Scotland/Materials/Dining Room/trash-can.mat,Unknown,Large 4096+,P1/P2: downscale/compress or externalize,Visual QA required
Assets/Samples/XR Interaction Toolkit/3.3.1/XR Device Simulator/UI/Controller/ControllerLeft.png,25129,24.5 KB,591,982,8,PNG,Yes,0,0,1,WebGL,2048,2321448,2.2 MB,Assets/Samples/XR Interaction Toolkit/3.3.1/XR Device Simulator/UI/XR Device Simulator UI.prefab,Unknown,,Review if referenced,Visual QA required
Assets/Samples/XR Interaction Toolkit/3.3.1/XR Device Simulator/UI/Controller/ControllerRight.png,25056,24.5 KB,591,982,8,PNG,Yes,0,0,1,WebGL,2048,2321448,2.2 MB,Assets/Samples/XR Interaction Toolkit/3.3.1/XR Device Simulator/UI/XR Device Simulator UI.prefab,Unknown,,Review if referenced,Visual QA required
Assets/TutorialInfo/Icons/URP.png,24069,23.5 KB,350,200,2,JPEG,Unknown,0,0,0,None found,2048,280000,273.4 KB,Assets/Readme.asset,Unknown,,Review if referenced,Visual QA required
Assets/HyTeKGames/SRPMaterialConverter/ConvertedMaterials/Maps/TV_Shelf_Metallic.png,23433,22.9 KB,1024,1024,0,PNG,Yes,1,0,1,WebGL,2048,4194304,4.0 MB,Assets/HyTeKGames/SRPMaterialConverter/ConvertedMaterials/TV_Shelf.mat,Unknown,,Review if referenced,Visual QA required
Assets/HyTeKGames/SRPMaterialConverter/ConvertedMaterials/Maps/TV_Shelf_1_Metallic.png,23433,22.9 KB,1024,1024,0,PNG,Yes,1,0,1,WebGL,2048,4194304,4.0 MB,,Unknown,,Review if referenced,Unknown/runtime or unused candidate
Assets/DevDen Arch Viz Scotland/Decals/Bird and Nest.png,23206,22.7 KB,1200,1200,0,PNG,Yes,0,1,2,WebGL,2048,5760000,5.5 MB,Assets/DevDen Arch Viz Scotland/Decals/Materials/Bird and Nest.mat; Assets/HyTeKGames/SRPMaterialConverter/ConvertedMaterials/Bird and Nest.mat,Unknown,ReadWrite enabled,Review if referenced,Visual QA required
Assets/HyTeKGames/SRPMaterialConverter/ConvertedMaterials/Maps/Remote_Metallic.png,23139,22.6 KB,1024,1024,0,PNG,Yes,1,0,1,WebGL,2048,4194304,4.0 MB,Assets/HyTeKGames/SRPMaterialConverter/ConvertedMaterials/Remote.mat,Unknown,,Review if referenced,Visual QA required
Assets/HyTeKGames/SRPMaterialConverter/ConvertedMaterials/Maps/Remote_2_Metallic.png,23139,22.6 KB,1024,1024,0,PNG,Yes,1,0,1,WebGL,2048,4194304,4.0 MB,,Unknown,,Review if referenced,Unknown/runtime or unused candidate
Assets/HyTeKGames/SRPMaterialConverter/ConvertedMaterials/Maps/Socket_1_Metallic.png,22430,21.9 KB,1024,1024,0,PNG,Yes,1,0,1,WebGL,2048,4194304,4.0 MB,,Unknown,,Review if referenced,Unknown/runtime or unused candidate
Assets/HyTeKGames/SRPMaterialConverter/ConvertedMaterials/Maps/Socket_Metallic.png,22430,21.9 KB,1024,1024,0,PNG,Yes,1,0,1,WebGL,2048,4194304,4.0 MB,Assets/HyTeKGames/SRPMaterialConverter/ConvertedMaterials/Socket.mat,Unknown,,Review if referenced,Visual QA required
Assets/DevDen Arch Viz Scotland/Textures/Bed Room/Photo_stand/fotostand_fotostand_AO.png,22287,21.8 KB,1024,1024,0,PNG,Yes,1,1,1,WebGL,2048,4194304,4.0 MB,Assets/DevDen Arch Viz Scotland/Materials/Bed Room/Bedroom_wood_table.mat,Unknown,ReadWrite enabled,Review if referenced,Visual QA required
Assets/DevDen Arch Viz Scotland/Textures/Kitchen Room/Knife Holder/Knife Holder_MetallicSmoothness.png,21608,21.1 KB,2048,2048,0,PNG,Yes,1,0,1,None found,2048,16777216,16.0 MB,Assets/DevDen Arch Viz Scotland/Materials/Kitchen Room/Knife_Holder_mat.mat,Unknown,,Review if referenced,Visual QA required
Assets/Animated Tropical Vegetation/Textures/dead_tree_leaves_normal.png,21447,20.9 KB,512,512,1,PNG,Unknown,1,0,1,None found,2048,1048576,1.0 MB,Assets/Animated Tropical Vegetation/Materials/dead_tree_leaves.mat,Normal map,,Review if referenced,Visual QA required
Assets/Furniture Mega Pack/Textures/Tables/Table15/Table15_mat_Table15_MetallicSmoothness.png,21250,20.8 KB,2048,2048,0,PNG,Yes,1,0,1,None found,2048,16777216,16.0 MB,Assets/Furniture Mega Pack/Materials/Table/mat_Table15.mat,Unknown,,Review if referenced,Visual QA required
Assets/Furniture Mega Pack/Textures/Tables/Table03/Table03_mat_Table03_MetallicSmoothness.png,21250,20.8 KB,2048,2048,0,PNG,Yes,1,0,1,None found,2048,16777216,16.0 MB,Assets/Furniture Mega Pack/Materials/Table/mat_Table03.mat,Unknown,,Review if referenced,Visual QA required
Assets/Furniture Mega Pack/Textures/Tables/Table05/Table05_mat_Table05_MetallicSmoothness.png,21250,20.8 KB,2048,2048,0,PNG,Yes,1,0,1,None found,2048,16777216,16.0 MB,Assets/Furniture Mega Pack/Materials/Table/mat_Table05.mat,Unknown,,Review if referenced,Visual QA required
Assets/Furniture Mega Pack/Textures/Cushions/Cushion37_40/Cushion37_40_mat_Cushion37_40_MetallicSmoothness.png,21250,20.8 KB,2048,2048,0,PNG,Yes,1,0,1,None found,2048,16777216,16.0 MB,Assets/Furniture Mega Pack/Materials/Cushion/mat_Cushion37_40.mat,Unknown,,Review if referenced,Visual QA required
Assets/Furniture Mega Pack/Textures/Cushions/Cushion29_36/Cushion29_36_mat_Cushion29_36_MetallicSmoothness.png,21250,20.8 KB,2048,2048,0,PNG,Yes,1,0,1,None found,2048,16777216,16.0 MB,Assets/Furniture Mega Pack/Materials/Cushion/mat_Cushion29_36.mat,Unknown,,Review if referenced,Visual QA required
Assets/Furniture Mega Pack/Textures/Chairs/Chair23/Chair23_mat_Chair23_MetallicSmoothness.png,21250,20.8 KB,2048,2048,0,PNG,Yes,1,0,1,None found,2048,16777216,16.0 MB,Assets/Furniture Mega Pack/Materials/Chair/mat_Chair23.mat,Unknown,,Review if referenced,Visual QA required
Assets/Furniture Mega Pack/Textures/Chairs/Chair22/Chair22_mat_Chair22_MetallicSmoothness.png,21250,20.8 KB,2048,2048,0,PNG,Yes,1,0,1,None found,2048,16777216,16.0 MB,Assets/Furniture Mega Pack/Materials/Chair/mat_Chair22.mat,Unknown,,Review if referenced,Visual QA required
Assets/DevDen Arch Viz Scotland/Textures/Kitchen Room/Chopboard/Chopboard_MetallicSmoothness.png,21250,20.8 KB,2048,2048,0,PNG,Yes,1,0,1,None found,2048,16777216,16.0 MB,Assets/DevDen Arch Viz Scotland/Materials/Kitchen Room/Chopboard_mat.mat,Unknown,,Review if referenced,Visual QA required
Assets/DevDen Arch Viz Scotland/Textures/Kitchen Room/Mug Holder/Mug Holder_MetallicSmoothness.png,21250,20.8 KB,2048,2048,0,PNG,Yes,1,0,1,None found,2048,16777216,16.0 MB,Assets/DevDen Arch Viz Scotland/Materials/Kitchen Room/Mug_Holder_mat.mat,Unknown,,Review if referenced,Visual QA required
Assets/DevDen Arch Viz Scotland/Textures/Common/note_pad/note_pad_note_pad_MetallicSmoothness.png,21250,20.8 KB,2048,2048,0,PNG,Yes,1,0,1,None found,2048,16777216,16.0 MB,Assets/DevDen Arch Viz Scotland/Materials/Study Room/Notepad.mat,Normal map,,Review if referenced,Visual QA required
Assets/Furniture Mega Pack/Textures/Tables/Table48/Table48_mat_Table48_MetallicSmoothness.png,21249,20.8 KB,2048,2048,0,PNG,Yes,1,0,1,None found,2048,16777216,16.0 MB,Assets/Furniture Mega Pack/Materials/Table/mat_Table48.mat,Unknown,,Review if referenced,Visual QA required
Assets/HyTeKGames/SRPMaterialConverter/ConvertedMaterials/Maps/Bedroom_wood_table_1_AO.png,21247,20.7 KB,1024,1024,0,PNG,Yes,1,0,1,WebGL,2048,4194304,4.0 MB,,Unknown,,Review if referenced,Unknown/runtime or unused candidate
Assets/HyTeKGames/SRPMaterialConverter/ConvertedMaterials/Maps/Bedroom_wood_table_AO.png,21247,20.7 KB,1024,1024,0,PNG,Yes,1,0,1,WebGL,2048,4194304,4.0 MB,Assets/HyTeKGames/SRPMaterialConverter/ConvertedMaterials/Bedroom_wood_table.mat,Unknown,,Review if referenced,Visual QA required
Assets/HyTeKGames/SRPMaterialConverter/ConvertedMaterials/Maps/bathroom_cabin_1_Metallic.png,21126,20.6 KB,1024,1024,0,PNG,Yes,1,0,1,WebGL,2048,4194304,4.0 MB,,Unknown,,Review if referenced,Unknown/runtime or unused candidate
Assets/HyTeKGames/SRPMaterialConverter/ConvertedMaterials/Maps/bathroom_cabin_Metallic.png,21126,20.6 KB,1024,1024,0,PNG,Yes,1,0,1,WebGL,2048,4194304,4.0 MB,Assets/HyTeKGames/SRPMaterialConverter/ConvertedMaterials/bathroom_cabin.mat,Unknown,,Review if referenced,Visual QA required
Assets/BCaT_assets/Meshell_Sturgis/articles/Pages/BlackRefractions/page_036.png,20887,20.4 KB,792,1224,0,PNG,Unknown,0,0,0,WebGL,2048,3877632,3.7 MB,Assets/BH_XR_MainScene.unity; Assets/_Recovery/0 (21).unity; Assets/_Recovery/0 (22).unity; Assets/_Recovery/0 (23).unity,Article/document page,,Review if referenced,Visual QA required
Assets/TerrainSampleAssets/Textures/Heightmaps/Default_White.tif,20840,20.4 KB,128,128,10,TIFF,Yes,0,0,1,None found,2048,65536,64.0 KB,,Unknown,,Review if referenced,Unknown/runtime or unused candidate
Assets/DevDen Arch Viz Scotland/Textures/Living Room/TV/TV_AO.png,20720,20.2 KB,512,512,0,PNG,Unknown,1,0,1,None found,2048,1048576,1.0 MB,Assets/DevDen Arch Viz Scotland/Materials/Living Room/TV.mat,Unknown,,Review if referenced,Visual QA required
Assets/DevDen Arch Viz Scotland/Textures/Kitchen Room/Kitchen_cupboard_1/kitchen_2_green_wood_AlbedoTransparency.png,20548,20.1 KB,1024,1024,0,PNG,Yes,1,1,1,WebGL,2048,4194304,4.0 MB,Assets/DevDen Arch Viz Scotland/Materials/Kitchen Room/green_wood.mat; Assets/HyTeKGames/SRPMaterialConverter/ConvertedMaterials/green_wood.mat,Unknown,ReadWrite enabled,Review if referenced,Visual QA required
Assets/DevDen Arch Viz Scotland/Textures/Study Room/study_chair/CHair2_study_chair_seat_AlbedoTransparency.png,20548,20.1 KB,1024,1024,0,PNG,Yes,1,1,1,WebGL,2048,4194304,4.0 MB,Assets/DevDen Arch Viz Scotland/Materials/Study Room/study_chair_seat.mat; Assets/HyTeKGames/SRPMaterialConverter/ConvertedMaterials/study_chair_seat.mat,Unknown,ReadWrite enabled,Review if referenced,Visual QA required
Assets/DevDen Arch Viz Scotland/Textures/Common/door and handle/door and handles_door_AlbedoTransparency.png,20544,20.1 KB,1024,1024,0,PNG,Yes,1,1,1,WebGL,2048,4194304,4.0 MB,Assets/DevDen Arch Viz Scotland/Materials/Common/door1.mat; Assets/HyTeKGames/SRPMaterialConverter/ConvertedMaterials/door1.mat,Unknown,ReadWrite enabled,Review if referenced,Visual QA required
Assets/DevDen Arch Viz Scotland/Textures/Common/door and handle/door and handles_handle_AlbedoTransparency.png,20544,20.1 KB,1024,1024,0,PNG,Yes,1,1,1,None found,2048,4194304,4.0 MB,Assets/DevDen Arch Viz Scotland/Materials/Environment/handle.mat; Assets/HyTeKGames/SRPMaterialConverter/ConvertedMaterials/handle.mat; Assets/HyTeKGames/SRPMaterialConverter/ConvertedMaterials/handle_1.mat,Unknown,ReadWrite enabled,Review if referenced,Visual QA required
Assets/DevDen Arch Viz Scotland/Textures/Common/door and handle/door and handles_handle_MetallicSmoothness.png,20544,20.1 KB,1024,1024,0,PNG,Yes,1,1,1,WebGL,2048,4194304,4.0 MB,Assets/DevDen Arch Viz Scotland/Materials/Environment/handle.mat,Unknown,ReadWrite enabled,Review if referenced,Visual QA required
Assets/DevDen Arch Viz Scotland/Textures/Common/CUTLERY/Cutlery FBX_Cutlery_AlbedoTransparency.png,20544,20.1 KB,1024,1024,0,PNG,Yes,1,1,1,WebGL,2048,4194304,4.0 MB,Assets/DevDen Arch Viz Scotland/Materials/Dining Room/Cutlery.mat; Assets/HyTeKGames/SRPMaterialConverter/ConvertedMaterials/Cutlery.mat,Unknown,ReadWrite enabled,Review if referenced,Visual QA required
Assets/DevDen Arch Viz Scotland/Textures/Bed Room/bedside_table/bedside_table_bedside_MetallicSmoothness.png,20543,20.1 KB,1024,1024,0,PNG,Yes,1,1,1,WebGL,2048,4194304,4.0 MB,Assets/DevDen Arch Viz Scotland/Materials/Bed Room/bedroom_wood_side_table.mat,Unknown,ReadWrite enabled,Review if referenced,Visual QA required
Assets/DevDen Arch Viz Scotland/Textures/Bed Room/Photo_stand/fotostand_fotostand_MetallicSmoothness.png,20543,20.1 KB,1024,1024,0,PNG,Yes,1,1,1,WebGL,2048,4194304,4.0 MB,Assets/DevDen Arch Viz Scotland/Materials/Bed Room/Bedroom_wood_table.mat,Unknown,ReadWrite enabled,Review if referenced,Visual QA required
Assets/DevDen Arch Viz Scotland/Textures/Balcony/flower_pot/flower_pot_1_flower_MetallicSmoothness.png,20543,20.1 KB,1024,1024,0,PNG,Yes,1,0,1,WebGL,2048,4194304,4.0 MB,Assets/DevDen Arch Viz Scotland/Materials/balcony/flower.mat,Unknown,,Review if referenced,Visual QA required
Assets/DevDen Arch Viz Scotland/Textures/Balcony/flower_pot/flower_pot_1_wines_MetallicSmoothness.png,20543,20.1 KB,1024,1024,0,PNG,Yes,1,0,1,WebGL,2048,4194304,4.0 MB,Assets/DevDen Arch Viz Scotland/Materials/balcony/wines.mat,Unknown,,Review if referenced,Visual QA required
Assets/DevDen Arch Viz Scotland/Textures/Kitchen Room/Kitchen_cupboard_1/kitchen_2_green_wood_MetallicSmoothness.png,20543,20.1 KB,1024,1024,0,PNG,Yes,1,1,1,WebGL,2048,4194304,4.0 MB,Assets/DevDen Arch Viz Scotland/Materials/Kitchen Room/green_wood.mat,Unknown,ReadWrite enabled,Review if referenced,Visual QA required
Assets/DevDen Arch Viz Scotland/Textures/Study Room/study_chair/CHair2_study_chairI_Leg_MetallicSmoothness.png,20543,20.1 KB,1024,1024,0,PNG,Yes,1,1,1,WebGL,2048,4194304,4.0 MB,Assets/DevDen Arch Viz Scotland/Materials/Study Room/study_chairI_Leg.mat,Unknown,ReadWrite enabled,Review if referenced,Visual QA required
Assets/DevDen Arch Viz Scotland/Textures/Common/door and handle/door and handles_door1_MetallicSmoothness.png,20543,20.1 KB,1024,1024,0,PNG,Yes,1,1,1,WebGL,2048,4194304,4.0 MB,Assets/DevDen Arch Viz Scotland/Materials/Common/door1.mat,Unknown,ReadWrite enabled,Review if referenced,Visual QA required
Assets/DevDen Arch Viz Scotland/Textures/Common/Switch/switch_M_switch_Normal.png,20543,20.1 KB,1024,1024,1,PNG,Yes,1,1,1,WebGL,2048,4194304,4.0 MB,Assets/DevDen Arch Viz Scotland/Materials/Common/Switch.mat; Assets/HyTeKGames/SRPMaterialConverter/ConvertedMaterials/Switch.mat,Normal map,ReadWrite enabled,Review if referenced,Visual QA required
Assets/DevDen Arch Viz Scotland/Textures/Common/Switch/switch_M_switch_MetallicSmoothness.png,20542,20.1 KB,1024,1024,0,PNG,Yes,1,1,1,WebGL,2048,4194304,4.0 MB,Assets/DevDen Arch Viz Scotland/Materials/Common/Switch.mat,Unknown,ReadWrite enabled,Review if referenced,Visual QA required
Assets/HyTeKGames/SRPMaterialConverter/ConvertedMaterials/Maps/study_chair_seat_1_Metallic.png,20540,20.1 KB,1024,1024,0,PNG,Yes,1,0,1,WebGL,2048,4194304,4.0 MB,,Unknown,,Review if referenced,Unknown/runtime or unused candidate
Assets/HyTeKGames/SRPMaterialConverter/ConvertedMaterials/Maps/study_chair_seat_Metallic.png,20540,20.1 KB,1024,1024,0,PNG,Yes,1,0,1,WebGL,2048,4194304,4.0 MB,Assets/HyTeKGames/SRPMaterialConverter/ConvertedMaterials/study_chair_seat.mat,Unknown,,Review if referenced,Visual QA required
Assets/HyTeKGames/SRPMaterialConverter/ConvertedMaterials/Maps/CommonCeramic01_AO.png,20538,20.1 KB,1024,1024,0,PNG,Yes,1,0,1,WebGL,2048,4194304,4.0 MB,Assets/HyTeKGames/SRPMaterialConverter/ConvertedMaterials/CommonCeramic01.mat,Unknown,,Review if referenced,Visual QA required
Assets/HyTeKGames/SRPMaterialConverter/ConvertedMaterials/Maps/pillow_1_AO.png,20538,20.1 KB,1024,1024,0,PNG,Yes,1,0,1,WebGL,2048,4194304,4.0 MB,Assets/HyTeKGames/SRPMaterialConverter/ConvertedMaterials/pillow_1.mat,Unknown,,Review if referenced,Visual QA required
Assets/HyTeKGames/SRPMaterialConverter/ConvertedMaterials/Maps/door1_1_AO.png,20538,20.1 KB,1024,1024,0,PNG,Yes,1,0,1,WebGL,2048,4194304,4.0 MB,,Unknown,,Review if referenced,Unknown/runtime or unused candidate
Assets/HyTeKGames/SRPMaterialConverter/ConvertedMaterials/Maps/flower_1_AO.png,20538,20.1 KB,1024,1024,0,PNG,Yes,1,0,1,WebGL,2048,4194304,4.0 MB,,Unknown,,Review if referenced,Unknown/runtime or unused candidate
Assets/HyTeKGames/SRPMaterialConverter/ConvertedMaterials/Maps/wines_2_AO.png,20538,20.1 KB,1024,1024,0,PNG,Yes,1,0,1,WebGL,2048,4194304,4.0 MB,,Unknown,,Review if referenced,Unknown/runtime or unused candidate
Assets/HyTeKGames/SRPMaterialConverter/ConvertedMaterials/Maps/Remote_AO.png,20538,20.1 KB,1024,1024,0,PNG,Yes,1,0,1,WebGL,2048,4194304,4.0 MB,Assets/HyTeKGames/SRPMaterialConverter/ConvertedMaterials/Remote.mat,Unknown,,Review if referenced,Visual QA required
Assets/HyTeKGames/SRPMaterialConverter/ConvertedMaterials/Maps/bathroom_wall_mat_1_AO.png,20538,20.1 KB,1024,1024,0,PNG,Yes,1,0,1,WebGL,2048,4194304,4.0 MB,Assets/HyTeKGames/SRPMaterialConverter/ConvertedMaterials/bathroom_wall_mat_1.mat,Unknown,,Review if referenced,Visual QA required
Assets/HyTeKGames/SRPMaterialConverter/ConvertedMaterials/Maps/handle_1_Metallic.png,20538,20.1 KB,1024,1024,0,PNG,Yes,1,0,1,WebGL,2048,4194304,4.0 MB,Assets/HyTeKGames/SRPMaterialConverter/ConvertedMaterials/handle_1.mat,Unknown,,Review if referenced,Visual QA required
Assets/HyTeKGames/SRPMaterialConverter/ConvertedMaterials/Maps/plant_pot_1_AO.png,20538,20.1 KB,1024,1024,0,PNG,Yes,1,0,1,WebGL,2048,4194304,4.0 MB,,Unknown,,Review if referenced,Unknown/runtime or unused candidate
Assets/HyTeKGames/SRPMaterialConverter/ConvertedMaterials/Maps/pillow_1_1_AO.png,20538,20.1 KB,1024,1024,0,PNG,Yes,1,0,1,WebGL,2048,4194304,4.0 MB,,Unknown,,Review if referenced,Unknown/runtime or unused candidate
Assets/HyTeKGames/SRPMaterialConverter/ConvertedMaterials/Maps/toasterNew_Metallic.png,20538,20.1 KB,1024,1024,0,PNG,Yes,1,0,1,WebGL,2048,4194304,4.0 MB,Assets/HyTeKGames/SRPMaterialConverter/ConvertedMaterials/toasterNew.mat,Unknown,,Review if referenced,Visual QA required
Assets/HyTeKGames/SRPMaterialConverter/ConvertedMaterials/Maps/toasterNew_1_Metallic.png,20538,20.1 KB,1024,1024,0,PNG,Yes,1,0,1,WebGL,2048,4194304,4.0 MB,,Unknown,,Review if referenced,Unknown/runtime or unused candidate
Assets/HyTeKGames/SRPMaterialConverter/ConvertedMaterials/Maps/flower_2_AO.png,20538,20.1 KB,1024,1024,0,PNG,Yes,1,0,1,WebGL,2048,4194304,4.0 MB,,Unknown,,Review if referenced,Unknown/runtime or unused candidate
Assets/HyTeKGames/SRPMaterialConverter/ConvertedMaterials/Maps/phong1_AO.png,20538,20.1 KB,1024,1024,0,PNG,Yes,1,0,1,WebGL,2048,4194304,4.0 MB,Assets/HyTeKGames/SRPMaterialConverter/ConvertedMaterials/phong1.mat,Unknown,,Review if referenced,Visual QA required
Assets/HyTeKGames/SRPMaterialConverter/ConvertedMaterials/Maps/door1_AO.png,20538,20.1 KB,1024,1024,0,PNG,Yes,1,0,1,WebGL,2048,4194304,4.0 MB,Assets/HyTeKGames/SRPMaterialConverter/ConvertedMaterials/door1.mat,Unknown,,Review if referenced,Visual QA required
Assets/HyTeKGames/SRPMaterialConverter/ConvertedMaterials/Maps/wines_1_AO.png,20538,20.1 KB,1024,1024,0,PNG,Yes,1,0,1,WebGL,2048,4194304,4.0 MB,,Unknown,,Review if referenced,Unknown/runtime or unused candidate
Assets/HyTeKGames/SRPMaterialConverter/ConvertedMaterials/Maps/bed_coat_AO.png,20538,20.1 KB,1024,1024,0,PNG,Yes,1,0,1,WebGL,2048,4194304,4.0 MB,Assets/HyTeKGames/SRPMaterialConverter/ConvertedMaterials/bed_coat.mat,Unknown,,Review if referenced,Visual QA required
Assets/HyTeKGames/SRPMaterialConverter/ConvertedMaterials/Maps/phong1_1_AO.png,20538,20.1 KB,1024,1024,0,PNG,Yes,1,0,1,WebGL,2048,4194304,4.0 MB,,Unknown,,Review if referenced,Unknown/runtime or unused candidate
Assets/HyTeKGames/SRPMaterialConverter/ConvertedMaterials/Maps/bed_coat_1_AO.png,20538,20.1 KB,1024,1024,0,PNG,Yes,1,0,1,WebGL,2048,4194304,4.0 MB,,Unknown,,Review if referenced,Unknown/runtime or unused candidate
Assets/HyTeKGames/SRPMaterialConverter/ConvertedMaterials/Maps/wines_AO.png,20538,20.1 KB,1024,1024,0,PNG,Yes,1,0,1,WebGL,2048,4194304,4.0 MB,Assets/HyTeKGames/SRPMaterialConverter/ConvertedMaterials/wines.mat,Unknown,,Review if referenced,Visual QA required
Assets/HyTeKGames/SRPMaterialConverter/ConvertedMaterials/Maps/plant_pot_AO.png,20538,20.1 KB,1024,1024,0,PNG,Yes,1,0,1,WebGL,2048,4194304,4.0 MB,Assets/HyTeKGames/SRPMaterialConverter/ConvertedMaterials/plant_pot.mat,Unknown,,Review if referenced,Visual QA required
Assets/HyTeKGames/SRPMaterialConverter/ConvertedMaterials/Maps/CommonCeramic02Biege_1_AO.png,20538,20.1 KB,1024,1024,0,PNG,Yes,1,0,1,WebGL,2048,4194304,4.0 MB,,Unknown,,Review if referenced,Unknown/runtime or unused candidate
Assets/HyTeKGames/SRPMaterialConverter/ConvertedMaterials/Maps/plant_pot_2_AO.png,20538,20.1 KB,1024,1024,0,PNG,Yes,1,0,1,WebGL,2048,4194304,4.0 MB,,Unknown,,Review if referenced,Unknown/runtime or unused candidate
Assets/HyTeKGames/SRPMaterialConverter/ConvertedMaterials/Maps/CommonCeramic01_2_AO.png,20538,20.1 KB,1024,1024,0,PNG,Yes,1,0,1,WebGL,2048,4194304,4.0 MB,,Unknown,,Review if referenced,Unknown/runtime or unused candidate
Assets/HyTeKGames/SRPMaterialConverter/ConvertedMaterials/Maps/Socket_AO.png,20538,20.1 KB,1024,1024,0,PNG,Yes,1,0,1,WebGL,2048,4194304,4.0 MB,Assets/HyTeKGames/SRPMaterialConverter/ConvertedMaterials/Socket.mat,Unknown,,Review if referenced,Visual QA required
Assets/HyTeKGames/SRPMaterialConverter/ConvertedMaterials/Maps/bathroom_wall_mat_1_1_AO.png,20538,20.1 KB,1024,1024,0,PNG,Yes,1,0,1,WebGL,2048,4194304,4.0 MB,,Unknown,,Review if referenced,Unknown/runtime or unused candidate
Assets/HyTeKGames/SRPMaterialConverter/ConvertedMaterials/Maps/handle_Metallic.png,20538,20.1 KB,1024,1024,0,PNG,Yes,1,0,1,WebGL,2048,4194304,4.0 MB,Assets/HyTeKGames/SRPMaterialConverter/ConvertedMaterials/handle.mat,Unknown,,Review if referenced,Visual QA required
Assets/HyTeKGames/SRPMaterialConverter/ConvertedMaterials/Maps/flower_AO.png,20538,20.1 KB,1024,1024,0,PNG,Yes,1,0,1,WebGL,2048,4194304,4.0 MB,Assets/HyTeKGames/SRPMaterialConverter/ConvertedMaterials/flower.mat,Unknown,,Review if referenced,Visual QA required
Assets/HyTeKGames/SRPMaterialConverter/ConvertedMaterials/Maps/Remote_2_AO.png,20538,20.1 KB,1024,1024,0,PNG,Yes,1,0,1,WebGL,2048,4194304,4.0 MB,,Unknown,,Review if referenced,Unknown/runtime or unused candidate
Assets/HyTeKGames/SRPMaterialConverter/ConvertedMaterials/Maps/Socket_1_AO.png,20538,20.1 KB,1024,1024,0,PNG,Yes,1,0,1,WebGL,2048,4194304,4.0 MB,,Unknown,,Review if referenced,Unknown/runtime or unused candidate
Assets/HyTeKGames/SRPMaterialConverter/ConvertedMaterials/Maps/CommonCeramic02Biege_AO.png,20538,20.1 KB,1024,1024,0,PNG,Yes,1,0,1,WebGL,2048,4194304,4.0 MB,Assets/HyTeKGames/SRPMaterialConverter/ConvertedMaterials/CommonCeramic02Biege.mat,Unknown,,Review if referenced,Visual QA required
Assets/HyTeKGames/SRPMaterialConverter/ConvertedMaterials/Maps/bathroom_shelf_1_Metallic.png,20287,19.8 KB,1024,1024,0,PNG,Yes,1,0,1,WebGL,2048,4194304,4.0 MB,,Unknown,,Review if referenced,Unknown/runtime or unused candidate
Assets/HyTeKGames/SRPMaterialConverter/ConvertedMaterials/Maps/bathroom_shelf_Metallic.png,20287,19.8 KB,1024,1024,0,PNG,Yes,1,0,1,WebGL,2048,4194304,4.0 MB,Assets/HyTeKGames/SRPMaterialConverter/ConvertedMaterials/bathroom_shelf.mat,Unknown,,Review if referenced,Visual QA required
Assets/DevDen Arch Viz Scotland/Decals/Cartoon.png,19087,18.6 KB,1200,1200,0,PNG,Yes,0,1,2,WebGL,2048,5760000,5.5 MB,Assets/DevDen Arch Viz Scotland/Decals/Materials/Cartoon.mat; Assets/HyTeKGames/SRPMaterialConverter/ConvertedMaterials/Cartoon.mat,Unknown,ReadWrite enabled,Review if referenced,Visual QA required
Assets/HyTeKGames/SRPMaterialConverter/ConvertedMaterials/Maps/Bedroom_wood_table_Metallic.png,18397,18.0 KB,1024,1024,0,PNG,Yes,1,0,1,WebGL,2048,4194304,4.0 MB,Assets/HyTeKGames/SRPMaterialConverter/ConvertedMaterials/Bedroom_wood_table.mat,Unknown,,Review if referenced,Visual QA required
Assets/HyTeKGames/SRPMaterialConverter/ConvertedMaterials/Maps/shelf1_Metallic.png,18397,18.0 KB,1024,1024,0,PNG,Yes,1,0,1,WebGL,2048,4194304,4.0 MB,Assets/HyTeKGames/SRPMaterialConverter/ConvertedMaterials/shelf1.mat,Unknown,,Review if referenced,Visual QA required
Assets/HyTeKGames/SRPMaterialConverter/ConvertedMaterials/Maps/bedroom_wood_side_table_1_Metallic.png,18397,18.0 KB,1024,1024,0,PNG,Yes,1,0,1,WebGL,2048,4194304,4.0 MB,,Unknown,,Review if referenced,Unknown/runtime or unused candidate
Assets/HyTeKGames/SRPMaterialConverter/ConvertedMaterials/Maps/phong1_Metallic.png,18397,18.0 KB,1024,1024,0,PNG,Yes,1,0,1,WebGL,2048,4194304,4.0 MB,Assets/HyTeKGames/SRPMaterialConverter/ConvertedMaterials/phong1.mat,Unknown,,Review if referenced,Visual QA required
Assets/HyTeKGames/SRPMaterialConverter/ConvertedMaterials/Maps/study_chairI_Leg_Metallic.png,18397,18.0 KB,1024,1024,0,PNG,Yes,1,0,1,WebGL,2048,4194304,4.0 MB,Assets/HyTeKGames/SRPMaterialConverter/ConvertedMaterials/study_chairI_Leg.mat,Unknown,,Review if referenced,Visual QA required
Assets/HyTeKGames/SRPMaterialConverter/ConvertedMaterials/Maps/CommonCeramic01_Metallic.png,18397,18.0 KB,1024,1024,0,PNG,Yes,1,0,1,WebGL,2048,4194304,4.0 MB,Assets/HyTeKGames/SRPMaterialConverter/ConvertedMaterials/CommonCeramic01.mat,Unknown,,Review if referenced,Visual QA required
Assets/HyTeKGames/SRPMaterialConverter/ConvertedMaterials/Maps/wines_2_Metallic.png,18397,18.0 KB,1024,1024,0,PNG,Yes,1,0,1,WebGL,2048,4194304,4.0 MB,,Unknown,,Review if referenced,Unknown/runtime or unused candidate
Assets/HyTeKGames/SRPMaterialConverter/ConvertedMaterials/Maps/flower_1_Metallic.png,18397,18.0 KB,1024,1024,0,PNG,Yes,1,0,1,WebGL,2048,4194304,4.0 MB,,Unknown,,Review if referenced,Unknown/runtime or unused candidate
Assets/HyTeKGames/SRPMaterialConverter/ConvertedMaterials/Maps/plant_pot_2_Metallic.png,18397,18.0 KB,1024,1024,0,PNG,Yes,1,0,1,WebGL,2048,4194304,4.0 MB,,Unknown,,Review if referenced,Unknown/runtime or unused candidate
Assets/HyTeKGames/SRPMaterialConverter/ConvertedMaterials/Maps/teatable_1_Metallic.png,18397,18.0 KB,1024,1024,0,PNG,Yes,1,0,1,WebGL,2048,4194304,4.0 MB,,Unknown,,Review if referenced,Unknown/runtime or unused candidate
Assets/HyTeKGames/SRPMaterialConverter/ConvertedMaterials/Maps/teatable_Metallic.png,18397,18.0 KB,1024,1024,0,PNG,Yes,1,0,1,WebGL,2048,4194304,4.0 MB,Assets/HyTeKGames/SRPMaterialConverter/ConvertedMaterials/teatable.mat,Unknown,,Review if referenced,Visual QA required
Assets/HyTeKGames/SRPMaterialConverter/ConvertedMaterials/Maps/Bedroom_wood_table_1_Metallic.png,18397,18.0 KB,1024,1024,0,PNG,Yes,1,0,1,WebGL,2048,4194304,4.0 MB,,Unknown,,Review if referenced,Unknown/runtime or unused candidate
Assets/HyTeKGames/SRPMaterialConverter/ConvertedMaterials/Maps/bedroom_wood_side_table_Metallic.png,18397,18.0 KB,1024,1024,0,PNG,Yes,1,0,1,WebGL,2048,4194304,4.0 MB,Assets/HyTeKGames/SRPMaterialConverter/ConvertedMaterials/bedroom_wood_side_table.mat,Unknown,,Review if referenced,Visual QA required
Assets/HyTeKGames/SRPMaterialConverter/ConvertedMaterials/Maps/green_wood_3_Metallic.png,18397,18.0 KB,1024,1024,0,PNG,Yes,1,0,1,WebGL,2048,4194304,4.0 MB,,Unknown,,Review if referenced,Unknown/runtime or unused candidate
Assets/HyTeKGames/SRPMaterialConverter/ConvertedMaterials/Maps/bathroom_wall_mat_1_Metallic.png,18397,18.0 KB,1024,1024,0,PNG,Yes,1,0,1,WebGL,2048,4194304,4.0 MB,Assets/HyTeKGames/SRPMaterialConverter/ConvertedMaterials/bathroom_wall_mat_1.mat,Unknown,,Review if referenced,Visual QA required
Assets/HyTeKGames/SRPMaterialConverter/ConvertedMaterials/Maps/TV_Panels_1_Metallic.png,18397,18.0 KB,1024,1024,0,PNG,Yes,1,0,1,WebGL,2048,4194304,4.0 MB,,Unknown,,Review if referenced,Unknown/runtime or unused candidate
Assets/HyTeKGames/SRPMaterialConverter/ConvertedMaterials/Maps/flower_Metallic.png,18397,18.0 KB,1024,1024,0,PNG,Yes,1,0,1,WebGL,2048,4194304,4.0 MB,Assets/HyTeKGames/SRPMaterialConverter/ConvertedMaterials/flower.mat,Unknown,,Review if referenced,Visual QA required
Assets/HyTeKGames/SRPMaterialConverter/ConvertedMaterials/Maps/phong1_1_Metallic.png,18397,18.0 KB,1024,1024,0,PNG,Yes,1,0,1,WebGL,2048,4194304,4.0 MB,,Unknown,,Review if referenced,Unknown/runtime or unused candidate
Assets/HyTeKGames/SRPMaterialConverter/ConvertedMaterials/Maps/bathroom_wall_mat_1_1_Metallic.png,18397,18.0 KB,1024,1024,0,PNG,Yes,1,0,1,WebGL,2048,4194304,4.0 MB,,Unknown,,Review if referenced,Unknown/runtime or unused candidate
Assets/HyTeKGames/SRPMaterialConverter/ConvertedMaterials/Maps/door1_Metallic.png,18397,18.0 KB,1024,1024,0,PNG,Yes,1,0,1,WebGL,2048,4194304,4.0 MB,Assets/HyTeKGames/SRPMaterialConverter/ConvertedMaterials/door1.mat,Unknown,,Review if referenced,Visual QA required
Assets/HyTeKGames/SRPMaterialConverter/ConvertedMaterials/Maps/plant_pot_Metallic.png,18397,18.0 KB,1024,1024,0,PNG,Yes,1,0,1,WebGL,2048,4194304,4.0 MB,Assets/HyTeKGames/SRPMaterialConverter/ConvertedMaterials/plant_pot.mat,Unknown,,Review if referenced,Visual QA required
Assets/HyTeKGames/SRPMaterialConverter/ConvertedMaterials/Maps/green_wood_Metallic.png,18397,18.0 KB,1024,1024,0,PNG,Yes,1,0,1,WebGL,2048,4194304,4.0 MB,Assets/HyTeKGames/SRPMaterialConverter/ConvertedMaterials/green_wood.mat,Unknown,,Review if referenced,Visual QA required
Assets/HyTeKGames/SRPMaterialConverter/ConvertedMaterials/Maps/door1_1_Metallic.png,18397,18.0 KB,1024,1024,0,PNG,Yes,1,0,1,WebGL,2048,4194304,4.0 MB,,Unknown,,Review if referenced,Unknown/runtime or unused candidate
Assets/HyTeKGames/SRPMaterialConverter/ConvertedMaterials/Maps/CommonCeramic01_2_Metallic.png,18397,18.0 KB,1024,1024,0,PNG,Yes,1,0,1,WebGL,2048,4194304,4.0 MB,,Unknown,,Review if referenced,Unknown/runtime or unused candidate
Assets/HyTeKGames/SRPMaterialConverter/ConvertedMaterials/Maps/CommonCeramic02Biege_Metallic.png,18397,18.0 KB,1024,1024,0,PNG,Yes,1,0,1,WebGL,2048,4194304,4.0 MB,Assets/HyTeKGames/SRPMaterialConverter/ConvertedMaterials/CommonCeramic02Biege.mat,Unknown,,Review if referenced,Visual QA required
Assets/HyTeKGames/SRPMaterialConverter/ConvertedMaterials/Maps/study_chairI_Leg_1_Metallic.png,18397,18.0 KB,1024,1024,0,PNG,Yes,1,0,1,WebGL,2048,4194304,4.0 MB,,Unknown,,Review if referenced,Unknown/runtime or unused candidate
Assets/HyTeKGames/SRPMaterialConverter/ConvertedMaterials/Maps/CommonCeramic02Biege_1_Metallic.png,18397,18.0 KB,1024,1024,0,PNG,Yes,1,0,1,WebGL,2048,4194304,4.0 MB,,Unknown,,Review if referenced,Unknown/runtime or unused candidate
Assets/HyTeKGames/SRPMaterialConverter/ConvertedMaterials/Maps/wines_1_Metallic.png,18397,18.0 KB,1024,1024,0,PNG,Yes,1,0,1,WebGL,2048,4194304,4.0 MB,,Unknown,,Review if referenced,Unknown/runtime or unused candidate
Assets/HyTeKGames/SRPMaterialConverter/ConvertedMaterials/Maps/shelf1_1_Metallic.png,18397,18.0 KB,1024,1024,0,PNG,Yes,1,0,1,WebGL,2048,4194304,4.0 MB,,Unknown,,Review if referenced,Unknown/runtime or unused candidate
Assets/HyTeKGames/SRPMaterialConverter/ConvertedMaterials/Maps/plant_pot_1_Metallic.png,18397,18.0 KB,1024,1024,0,PNG,Yes,1,0,1,WebGL,2048,4194304,4.0 MB,,Unknown,,Review if referenced,Unknown/runtime or unused candidate
Assets/HyTeKGames/SRPMaterialConverter/ConvertedMaterials/Maps/wines_Metallic.png,18397,18.0 KB,1024,1024,0,PNG,Yes,1,0,1,WebGL,2048,4194304,4.0 MB,Assets/HyTeKGames/SRPMaterialConverter/ConvertedMaterials/wines.mat,Unknown,,Review if referenced,Visual QA required
Assets/HyTeKGames/SRPMaterialConverter/ConvertedMaterials/Maps/flower_2_Metallic.png,18397,18.0 KB,1024,1024,0,PNG,Yes,1,0,1,WebGL,2048,4194304,4.0 MB,,Unknown,,Review if referenced,Unknown/runtime or unused candidate
Assets/HyTeKGames/SRPMaterialConverter/ConvertedMaterials/Maps/TV_Panels_Metallic.png,18397,18.0 KB,1024,1024,0,PNG,Yes,1,0,1,WebGL,2048,4194304,4.0 MB,Assets/HyTeKGames/SRPMaterialConverter/ConvertedMaterials/TV_Panels.mat,Unknown,,Review if referenced,Visual QA required
Assets/DevDen Arch Viz Scotland/Textures/Kitchen Room/Knife Holder/Knife Holder_Normal.png,18395,18.0 KB,2048,2048,1,PNG,Unknown,1,0,1,None found,2048,16777216,16.0 MB,Assets/DevDen Arch Viz Scotland/Materials/Kitchen Room/Knife_Holder_mat.mat; Assets/HyTeKGames/SRPMaterialConverter/ConvertedMaterials/Knife_Holder_mat.mat,Normal map,,Review if referenced,Visual QA required
Assets/DevDen Arch Viz Scotland/Textures/Kitchen Room/Mug Holder/Mug Holder_Normal.png,18121,17.7 KB,2048,2048,1,PNG,Unknown,1,0,1,None found,2048,16777216,16.0 MB,Assets/DevDen Arch Viz Scotland/Materials/Kitchen Room/Mug_Holder_mat.mat; Assets/HyTeKGames/SRPMaterialConverter/ConvertedMaterials/Mug_Holder_mat.mat,Normal map,,Review if referenced,Visual QA required
Assets/TutorialInfo/Icons/Help_Icon.png,18108,17.7 KB,48,48,2,PNG,Yes,0,0,1,None found,2048,9216,9.0 KB,,Unknown,,Review if referenced,Unknown/runtime or unused candidate
Assets/Samples/XR Interaction Toolkit/3.3.1/XR Device Simulator/UI/Controller/xr_ctlr.png,17982,17.6 KB,512,512,8,PNG,Yes,0,0,1,None found,2048,1048576,1.0 MB,Assets/Samples/XR Interaction Toolkit/3.3.1/XR Device Simulator/UI/XR Device Simulator UI.prefab,Unknown,,Review if referenced,Visual QA required
Assets/Idyllic Italian Coast Town/Textures/leaf_hanging2.png,17901,17.5 KB,512,512,0,PNG,Yes,1,0,1,None found,2048,1048576,1.0 MB,,Unknown,,Review if referenced,Unknown/runtime or unused candidate
Assets/DevDen Arch Viz Scotland/Textures/Study Room/table/Study Table_Normal.png,17290,16.9 KB,2048,2048,1,PNG,Unknown,1,0,1,None found,2048,16777216,16.0 MB,Assets/DevDen Arch Viz Scotland/Materials/Study Room/table1.mat; Assets/HyTeKGames/SRPMaterialConverter/ConvertedMaterials/table1.mat,Normal map,,Review if referenced,Visual QA required
Assets/DevDen Arch Viz Scotland/Textures/Kitchen Room/Chopboard/Chopboard_Normal.png,17150,16.7 KB,2048,2048,1,PNG,Unknown,1,0,1,None found,2048,16777216,16.0 MB,Assets/DevDen Arch Viz Scotland/Materials/Kitchen Room/Chopboard_mat.mat; Assets/HyTeKGames/SRPMaterialConverter/ConvertedMaterials/Chopboard_mat.mat,Normal map,,Review if referenced,Visual QA required
Assets/DevDen Arch Viz Scotland/Textures/Common/Interior_props/LightPlastic02.png,17135,16.7 KB,512,512,0,PNG,Yes,1,0,1,None found,2048,1048576,1.0 MB,Assets/DevDen Arch Viz Scotland/Materials/Study Room/LightPlastic02.mat; Assets/DevDen Arch Viz Scotland/Models/Study Room/Materials/LightPlastic02.mat; Assets/HyTeKGames/SRPMaterialConverter/ConvertedMaterials/LightPlastic02.mat,Unknown,,Review if referenced,Visual QA required
Assets/DevDen Arch Viz Scotland/Textures/Environment/Floor Texture/floor mat 1_AO.png,16902,16.5 KB,2048,2048,0,PNG,Unknown,1,0,1,None found,2048,16777216,16.0 MB,Assets/DevDen Arch Viz Scotland/Materials/Bed Room/bedroom_floor3.mat; Assets/DevDen Arch Viz Scotland/Materials/Environment/livingroom_floor4.mat; Assets/DevDen Arch Viz Scotland/Materials/balcony/balcony_wood.mat,Unknown,,Review if referenced,Visual QA required
Assets/SubstanceAssets/LittleGamesPack/Textures/ChessPieces/ChessPieces_Metallic.png,16411,16.0 KB,4096,4096,0,PNG,Yes,1,0,1,WebGL,2048,67108864,64.0 MB,Assets/SubstanceAssets/LittleGamesPack/Materials/ChessPieces.mat,Unknown,Large 4096+,P1/P2: downscale/compress or externalize,Visual QA required
Assets/SubstanceAssets/LittleGamesPack/Textures/CardsAndTables/CardsAndTables_Metallic.png,16411,16.0 KB,4096,4096,0,PNG,Yes,1,0,1,WebGL,2048,67108864,64.0 MB,Assets/SubstanceAssets/LittleGamesPack/Materials/CardsAndTables.mat,Unknown,Large 4096+,P1/P2: downscale/compress or externalize,Visual QA required
Assets/Samples/XR Interaction Toolkit/3.3.1/XR Device Simulator/UI/Head/MoveRotateTool.png,15421,15.1 KB,512,512,8,PNG,Yes,0,0,1,None found,2048,1048576,1.0 MB,Assets/Samples/XR Interaction Toolkit/3.3.1/XR Device Simulator/UI/XR Device Simulator UI.prefab,Unknown,,Review if referenced,Visual QA required
Assets/Samples/XR Interaction Toolkit/3.3.1/XR Device Simulator/UI/Hands/Hand_Grab.png,15126,14.8 KB,512,619,8,PNG,Yes,0,0,1,None found,2048,1267712,1.2 MB,Assets/Samples/XR Interaction Toolkit/3.3.1/XR Device Simulator/Hand Expression Captures/Grab Expression Capture.asset; Assets/Samples/XR Interaction Toolkit/3.3.1/XR Device Simulator/UI/XR Device Simulator UI.prefab,Unknown,,Review if referenced,Visual QA required
Assets/Samples/XR Interaction Toolkit/3.3.1/XR Device Simulator/UI/Mouse/MouseR.png,13952,13.6 KB,512,512,8,PNG,Yes,0,0,1,None found,2048,1048576,1.0 MB,Assets/Samples/XR Interaction Toolkit/3.3.1/XR Device Simulator/UI/XR Device Simulator UI.prefab,Unknown,,Review if referenced,Visual QA required
Assets/Idyllic Italian Coast Town/Textures/M_windows_italian_Emissive.png,13762,13.4 KB,2048,2048,0,PNG,Unknown,1,0,1,None found,2048,16777216,16.0 MB,Assets/Idyllic Italian Coast Town/Materials/M_windows.mat,Unknown,,Review if referenced,Visual QA required
Assets/Samples/XR Interaction Toolkit/3.3.1/XR Device Simulator/UI/Head/xr_hmd.png,13063,12.8 KB,512,512,8,PNG,Yes,0,0,1,None found,2048,1048576,1.0 MB,Assets/Samples/XR Interaction Toolkit/3.3.1/XR Device Simulator/UI/XR Device Simulator UI.prefab,Unknown,,Review if referenced,Visual QA required
Assets/DevDen Arch Viz Scotland/Textures/Living Room/TV_Panels/TV_Panels_DefaultMaterial_Emissive.png,13023,12.7 KB,1024,1024,0,PNG,Unknown,1,0,1,None found,2048,4194304,4.0 MB,Assets/DevDen Arch Viz Scotland/Materials/Living Room/TV_Panels.mat; Assets/HyTeKGames/SRPMaterialConverter/ConvertedMaterials/TV_Panels.mat,Unknown,,Review if referenced,Visual QA required
Assets/Coconut Palm Tree Pack/Textures/Parts/Coconut_Palm_Tree_Branch2_translucency.png,12997,12.7 KB,128,256,5,PNG,Yes,1,1,,None found,1024,131072,128.0 KB,Assets/Coconut Palm Tree Pack/Materials/Parts/Coconut_Palm_Tree_Leaf2.mat,Unknown,ReadWrite enabled,Review if referenced,Visual QA required
Assets/Samples/XR Interaction Toolkit/3.3.1/XR Device Simulator/UI/Hands/Hand_Fist.png,12933,12.6 KB,512,619,8,PNG,Yes,0,0,1,None found,2048,1267712,1.2 MB,Assets/Samples/XR Interaction Toolkit/3.3.1/XR Device Simulator/Hand Expression Captures/Fist Expression Capture.asset; Assets/Samples/XR Interaction Toolkit/3.3.1/XR Device Simulator/UI/XR Device Simulator UI.prefab,Unknown,,Review if referenced,Visual QA required
Assets/DevDen Arch Viz Scotland/Textures/Dining Room/food_cloth/tablemat_1.1_Metallic.png,12819,12.5 KB,2048,2048,0,PNG,Yes,1,0,1,None found,2048,16777216,16.0 MB,Assets/DevDen Arch Viz Scotland/Materials/Dining Room/Table Mat.mat,Unknown,,Review if referenced,Visual QA required
Assets/Samples/XR Interaction Toolkit/3.3.1/XR Device Simulator/UI/Hands/Hand_Pinch.png,12073,11.8 KB,512,619,8,PNG,Yes,0,0,1,None found,2048,1267712,1.2 MB,Assets/Samples/XR Interaction Toolkit/3.3.1/XR Device Simulator/Hand Expression Captures/Pinch Expression Capture.asset; Assets/Samples/XR Interaction Toolkit/3.3.1/XR Device Simulator/UI/XR Device Simulator UI.prefab,Unknown,,Review if referenced,Visual QA required
Assets/Idyllic Italian Coast Town/Textures/M_lanterns_Emissive.png,11806,11.5 KB,1024,1024,0,PNG,Unknown,1,0,1,None found,2048,4194304,4.0 MB,Assets/Idyllic Italian Coast Town/Materials/M_lanterns.mat,Unknown,,Review if referenced,Visual QA required
Assets/Samples/XR Interaction Toolkit/3.3.1/XR Device Simulator/UI/Head/HMD_d.png,11463,11.2 KB,512,293,8,PNG,Yes,0,0,1,None found,2048,600064,586.0 KB,Assets/Samples/XR Interaction Toolkit/3.3.1/XR Device Simulator/UI/XR Device Simulator UI.prefab,Unknown,,Review if referenced,Visual QA required
Assets/Samples/XR Interaction Toolkit/3.3.1/XR Device Simulator/UI/Hands/hand.png,11255,11.0 KB,512,512,8,PNG,Yes,0,0,1,None found,2048,1048576,1.0 MB,Assets/Samples/XR Interaction Toolkit/3.3.1/XR Device Simulator/UI/XR Device Simulator UI.prefab,Unknown,,Review if referenced,Visual QA required
Assets/DevDen Arch Viz Scotland/Textures/Bed Room/BedsideLamp/bedside_lamp_bed_lamp_glass1_AlbedoTransparency.png,11174,10.9 KB,512,1024,0,PNG,Yes,1,1,1,WebGL,2048,2097152,2.0 MB,Assets/DevDen Arch Viz Scotland/Materials/Bed Room/bed_lamp_glass1.mat; Assets/HyTeKGames/SRPMaterialConverter/ConvertedMaterials/bed_lamp_glass1.mat,Unknown,ReadWrite enabled,Review if referenced,Visual QA required
Assets/DevDen Arch Viz Scotland/Textures/Bed Room/BedsideLamp/bedside_lamp_bed_lamp_glass1_MetallicSmoothness.png,11171,10.9 KB,512,1024,0,PNG,Yes,1,1,1,WebGL,2048,2097152,2.0 MB,Assets/DevDen Arch Viz Scotland/Materials/Bed Room/bed_lamp_glass1.mat,Unknown,ReadWrite enabled,Review if referenced,Visual QA required
Assets/Samples/XR Interaction Toolkit/3.3.1/XR Device Simulator/UI/Controller/ControllerOverlayLinesRight.png,10696,10.4 KB,454,1050,8,PNG,Yes,0,0,1,WebGL,2048,1906800,1.8 MB,Assets/Samples/XR Interaction Toolkit/3.3.1/XR Device Simulator/UI/XR Device Simulator UI.prefab,Unknown,,Review if referenced,Visual QA required
Assets/Coconut Palm Tree Pack/Textures/Parts/Coconut_Palm_Tree_Branch2_gloss.png,10340,10.1 KB,128,256,5,PNG,Yes,1,1,,None found,1024,131072,128.0 KB,Assets/Coconut Palm Tree Pack/Materials/Parts/Coconut_Palm_Tree_Leaf2.mat,Unknown,ReadWrite enabled,Review if referenced,Visual QA required
Assets/Samples/XR Interaction Toolkit/3.3.1/XR Device Simulator/UI/Controller/ControllerOverlayLinesLeft.png,10158,9.9 KB,454,1050,8,PNG,Yes,0,0,1,WebGL,2048,1906800,1.8 MB,Assets/Samples/XR Interaction Toolkit/3.3.1/XR Device Simulator/UI/XR Device Simulator UI.prefab,Unknown,,Review if referenced,Visual QA required
Assets/Samples/XR Interaction Toolkit/3.3.1/XR Device Simulator/UI/Hands/Hand_Open.png,9927,9.7 KB,512,619,8,PNG,Yes,0,0,1,None found,2048,1267712,1.2 MB,Assets/Samples/XR Interaction Toolkit/3.3.1/XR Device Simulator/Hand Expression Captures/Open Expression Capture.asset; Assets/Samples/XR Interaction Toolkit/3.3.1/XR Device Simulator/UI/XR Device Simulator UI.prefab,Unknown,,Review if referenced,Visual QA required
Assets/Samples/XR Interaction Toolkit/3.3.1/XR Device Simulator/UI/Head/HMD.png,9918,9.7 KB,512,293,8,PNG,Yes,0,0,1,None found,2048,600064,586.0 KB,Assets/Samples/XR Interaction Toolkit/3.3.1/XR Device Simulator/UI/XR Device Simulator UI.prefab,Unknown,,Review if referenced,Visual QA required
Assets/Samples/XR Interaction Toolkit/3.3.1/XR Device Simulator/UI/Hands/Hand_Default.png,9881,9.6 KB,512,619,8,PNG,Yes,0,0,1,None found,2048,1267712,1.2 MB,Assets/Samples/XR Interaction Toolkit/3.3.1/XR Device Simulator/Hand Expression Captures/Resting Expression Capture.asset; Assets/Samples/XR Interaction Toolkit/3.3.1/XR Device Simulator/UI/XR Device Simulator UI.prefab,Unknown,,Review if referenced,Visual QA required
Assets/DevDen Arch Viz Scotland/Textures/Kitchen Room/kitchen/induction-hob_normal.png,9860,9.6 KB,4096,4096,1,PNG,Unknown,1,0,1,None found,2048,67108864,64.0 MB,Assets/DevDen Arch Viz Scotland/Materials/Kitchen Room/induction-hob.mat; Assets/HyTeKGames/SRPMaterialConverter/ConvertedMaterials/induction-hob.mat,Normal map,Large 4096+,P1/P2: downscale/compress or externalize,Visual QA required
Assets/DevDen Arch Viz Scotland/Textures/Kitchen Room/kitchen/induction-hob_metal.png,9860,9.6 KB,4096,4096,0,PNG,Unknown,1,0,1,None found,2048,67108864,64.0 MB,Assets/DevDen Arch Viz Scotland/Materials/Kitchen Room/induction-hob.mat,Unknown,Large 4096+,P1/P2: downscale/compress or externalize,Visual QA required
Assets/Coconut Palm Tree Pack/Textures/Parts/Coconut_Palm_Tree_Branch1_translucency.png,9605,9.4 KB,64,256,5,PNG,Yes,1,1,,None found,1024,65536,64.0 KB,Assets/Coconut Palm Tree Pack/Materials/Parts/Coconut_Palm_Tree_Leaf1.mat,Unknown,ReadWrite enabled,Review if referenced,Visual QA required
Assets/HyTeKGames/SRPMaterialConverter/ConvertedMaterials/Maps/bed_lamp_glass1_Metallic.png,9242,9.0 KB,512,1024,0,PNG,Yes,1,0,1,WebGL,2048,2097152,2.0 MB,Assets/HyTeKGames/SRPMaterialConverter/ConvertedMaterials/bed_lamp_glass1.mat,Unknown,,Review if referenced,Visual QA required
Assets/HyTeKGames/SRPMaterialConverter/ConvertedMaterials/Maps/bedside_lamp1_Metallic.png,9242,9.0 KB,512,1024,0,PNG,Yes,1,0,1,WebGL,2048,2097152,2.0 MB,Assets/HyTeKGames/SRPMaterialConverter/ConvertedMaterials/bedside_lamp1.mat,Unknown,,Review if referenced,Visual QA required
Assets/HyTeKGames/SRPMaterialConverter/ConvertedMaterials/Maps/bed_lamp_glass1_1_Metallic.png,9242,9.0 KB,512,1024,0,PNG,Yes,1,0,1,WebGL,2048,2097152,2.0 MB,,Unknown,,Review if referenced,Unknown/runtime or unused candidate
Assets/HyTeKGames/SRPMaterialConverter/ConvertedMaterials/Maps/bedside_lamp1_1_Metallic.png,9242,9.0 KB,512,1024,0,PNG,Yes,1,0,1,WebGL,2048,2097152,2.0 MB,,Unknown,,Review if referenced,Unknown/runtime or unused candidate
Assets/Pandazole_Ultimate_Pack/Pandazole Farm Ranch Pack/Textures/PandaMat.png,8965,8.8 KB,1024,1024,0,PNG,Yes,1,0,1,None found,2048,4194304,4.0 MB,Assets/Pandazole_Ultimate_Pack/Pandazole Farm Ranch Pack/Materials/PandaMat.mat,Unknown,,Review if referenced,Visual QA required
Assets/Samples/XR Interaction Toolkit/3.3.1/XR Device Simulator/UI/Mouse/MouseR_d.png,8840,8.6 KB,512,512,8,PNG,Yes,0,0,1,None found,2048,1048576,1.0 MB,Assets/Samples/XR Interaction Toolkit/3.3.1/XR Device Simulator/UI/XR Device Simulator UI.prefab,Unknown,,Review if referenced,Visual QA required
Assets/Samples/XR Interaction Toolkit/3.3.1/XR Device Simulator/UI/Head/Movement.png,8801,8.6 KB,512,512,8,PNG,Yes,0,0,1,None found,2048,1048576,1.0 MB,Assets/Samples/XR Interaction Toolkit/3.3.1/XR Device Simulator/UI/XR Device Simulator UI.prefab,Unknown,,Review if referenced,Visual QA required
Assets/Samples/XR Interaction Toolkit/3.3.1/XR Device Simulator/UI/Mouse/Mouse.png,8314,8.1 KB,512,512,8,PNG,Yes,0,0,1,None found,2048,1048576,1.0 MB,Assets/Samples/XR Interaction Toolkit/3.3.1/XR Device Simulator/UI/XR Device Simulator UI.prefab,Unknown,,Review if referenced,Visual QA required
Assets/Food Pack-Demo/Texture/Texture.png,8104,7.9 KB,512,512,0,PNG,Yes,1,0,1,None found,2048,1048576,1.0 MB,Assets/Food Pack-Demo/Materials/Base color.mat,Unknown,,Review if referenced,Visual QA required
Assets/Samples/XR Interaction Toolkit/3.3.1/XR Device Simulator/UI/Head/XR.png,8084,7.9 KB,512,512,8,PNG,Yes,0,0,1,None found,2048,1048576,1.0 MB,,Unknown,,Review if referenced,Unknown/runtime or unused candidate
Assets/SimpleNaturePack/Textures/NaturePackLite_Texture_01.png,8008,7.8 KB,1024,1024,0,PNG,Unknown,1,0,2,None found,2048,4194304,4.0 MB,Assets/SimpleNaturePack/Materials/SimpleNaturePack_Texture_01.mat,Unknown,,Review if referenced,Visual QA required
Assets/Samples/XR Interaction Toolkit/3.3.1/XR Device Simulator/UI/General/CycleXRDevices.png,7983,7.8 KB,512,512,8,PNG,Yes,0,0,1,WebGL,2048,1048576,1.0 MB,Assets/Samples/XR Interaction Toolkit/3.3.1/XR Device Simulator/UI/XR Device Simulator UI.prefab,Unknown,,Review if referenced,Visual QA required
Assets/Samples/XR Interaction Toolkit/3.3.1/XR Device Simulator/UI/Hands/Hand_Poke.png,7376,7.2 KB,512,619,8,PNG,Yes,0,0,1,None found,2048,1267712,1.2 MB,Assets/Samples/XR Interaction Toolkit/3.3.1/XR Device Simulator/Hand Expression Captures/Poke Expression Capture.asset; Assets/Samples/XR Interaction Toolkit/3.3.1/XR Device Simulator/UI/XR Device Simulator UI.prefab,Unknown,,Review if referenced,Visual QA required
Assets/Samples/XR Interaction Toolkit/3.3.1/XR Device Simulator/UI/Mouse/Cursor.png,7340,7.2 KB,512,512,8,PNG,Yes,0,0,1,None found,2048,1048576,1.0 MB,Assets/Samples/XR Interaction Toolkit/3.3.1/XR Device Simulator/UI/XR Device Simulator UI.prefab,Unknown,,Review if referenced,Visual QA required
Assets/Animated Tropical Vegetation/DemoSceneContent/hand_cursor.png,7238,7.1 KB,128,128,7,PNG,Yes,0,1,1,WebGL,2048,65536,64.0 KB,Assets/Animated Tropical Vegetation/DemoScene.unity,Unknown,ReadWrite enabled,Review if referenced,Visual QA required
Assets/Samples/XR Interaction Toolkit/3.3.1/XR Device Simulator/UI/General/CloseWindow.png,7147,7.0 KB,512,512,8,PNG,Yes,0,0,1,WebGL,2048,1048576,1.0 MB,Assets/Samples/XR Interaction Toolkit/3.3.1/XR Device Simulator/UI/XR Device Simulator UI.prefab,Unknown,,Review if referenced,Visual QA required
Assets/DevDen Arch Viz Scotland/Decals/Loading.png,6974,6.8 KB,1200,1200,0,PNG,Yes,0,1,1,WebGL,2048,5760000,5.5 MB,Assets/DevDen Arch Viz Scotland/Decals/Materials/Loading.mat; Assets/HyTeKGames/SRPMaterialConverter/ConvertedMaterials/Loading.mat,Unknown,ReadWrite enabled,Review if referenced,Visual QA required
Assets/Animated Tropical Vegetation/DemoSceneContent/click_cursor.png,6750,6.6 KB,128,128,7,PNG,Yes,0,1,1,WebGL,2048,65536,64.0 KB,Assets/Animated Tropical Vegetation/DemoScene.unity,Unknown,ReadWrite enabled,Review if referenced,Visual QA required
Assets/Samples/XR Interaction Toolkit/3.3.1/XR Device Simulator/UI/General/Look.png,6733,6.6 KB,512,512,8,PNG,Yes,0,0,1,WebGL,2048,1048576,1.0 MB,Assets/Samples/XR Interaction Toolkit/3.3.1/XR Device Simulator/UI/XR Device Simulator UI.prefab,Unknown,,Review if referenced,Visual QA required
Assets/DevDen Arch Viz Scotland/Textures/Living Room/TV_Shelf/TV_Shelf_DefaultMaterial_MetallicSmoothness.png,6540,6.4 KB,2048,2048,0,PNG,Unknown,1,0,1,None found,2048,16777216,16.0 MB,Assets/DevDen Arch Viz Scotland/Materials/Living Room/TV_Shelf.mat,Unknown,,Review if referenced,Visual QA required
Assets/Samples/XR Interaction Toolkit/3.3.1/XR Device Simulator/UI/Hands/Hand_Thumb.png,6530,6.4 KB,512,619,8,PNG,Yes,0,0,1,None found,2048,1267712,1.2 MB,Assets/Samples/XR Interaction Toolkit/3.3.1/XR Device Simulator/Hand Expression Captures/Thumb Expression Capture.asset; Assets/Samples/XR Interaction Toolkit/3.3.1/XR Device Simulator/UI/XR Device Simulator UI.prefab,Unknown,,Review if referenced,Visual QA required
Assets/DevDen Arch Viz Scotland/Textures/Common/SmallObj/knives_normal.png,6264,6.1 KB,2048,2048,1,PNG,Unknown,1,0,1,None found,2048,16777216,16.0 MB,Assets/DevDen Arch Viz Scotland/Materials/Kitchen Room/knives.mat; Assets/HyTeKGames/SRPMaterialConverter/ConvertedMaterials/knives.mat,Normal map,,Review if referenced,Visual QA required
Assets/Animated Tropical Vegetation/DemoSceneContent/grab_cursor.png,5996,5.9 KB,128,128,7,PNG,Yes,0,1,1,WebGL,2048,65536,64.0 KB,Assets/Animated Tropical Vegetation/DemoScene.unity,Unknown,ReadWrite enabled,Review if referenced,Visual QA required
Assets/Samples/XR Interaction Toolkit/3.3.1/XR Device Simulator/UI/General/KeyboardIcon.png,5866,5.7 KB,512,512,8,PNG,Yes,0,0,1,WebGL,2048,1048576,1.0 MB,Assets/Samples/XR Interaction Toolkit/3.3.1/XR Device Simulator/UI/XR Device Simulator UI.prefab,Unknown,,Review if referenced,Visual QA required
Assets/Samples/XR Interaction Toolkit/3.3.1/XR Device Simulator/UI/General/OpenWindow.png,5680,5.5 KB,512,512,8,PNG,Yes,0,0,1,WebGL,2048,1048576,1.0 MB,Assets/Samples/XR Interaction Toolkit/3.3.1/XR Device Simulator/UI/XR Device Simulator UI.prefab,Unknown,,Review if referenced,Visual QA required
Assets/Samples/XR Interaction Toolkit/3.3.1/XR Device Simulator/UI/General/Locked.png,5673,5.5 KB,512,512,8,PNG,Yes,0,0,1,WebGL,2048,1048576,1.0 MB,,Unknown,,Review if referenced,Unknown/runtime or unused candidate
Assets/HyTeKGames/SRPMaterialConverter/ConvertedMaterials/Maps/TV_1_Metallic.png,5623,5.5 KB,512,512,0,PNG,Yes,1,0,1,WebGL,2048,1048576,1.0 MB,,Unknown,,Review if referenced,Unknown/runtime or unused candidate
Assets/HyTeKGames/SRPMaterialConverter/ConvertedMaterials/Maps/TV_Metallic.png,5623,5.5 KB,512,512,0,PNG,Yes,1,0,1,WebGL,2048,1048576,1.0 MB,Assets/HyTeKGames/SRPMaterialConverter/ConvertedMaterials/TV.mat,Unknown,,Review if referenced,Visual QA required
Assets/DevDen Arch Viz Scotland/Decals/Line.png,4854,4.7 KB,800,600,0,PNG,Yes,0,1,1,WebGL,2048,1920000,1.8 MB,Assets/DevDen Arch Viz Scotland/Decals/Materials/Line.mat; Assets/HyTeKGames/SRPMaterialConverter/ConvertedMaterials/Line.mat,Unknown,ReadWrite enabled,Review if referenced,Visual QA required
Assets/HyTeKGames/SRPMaterialConverter/ConvertedMaterials/Maps/LightBulb02On_AO.png,4655,4.5 KB,512,512,0,PNG,Yes,1,0,1,WebGL,2048,1048576,1.0 MB,Assets/HyTeKGames/SRPMaterialConverter/ConvertedMaterials/LightBulb02On.mat,Unknown,,Review if referenced,Visual QA required
Assets/HyTeKGames/SRPMaterialConverter/ConvertedMaterials/Maps/LightBulb02On_1_AO.png,4655,4.5 KB,512,512,0,PNG,Yes,1,0,1,WebGL,2048,1048576,1.0 MB,,Unknown,,Review if referenced,Unknown/runtime or unused candidate
Assets/HyTeKGames/SRPMaterialConverter/ConvertedMaterials/Maps/LightBulb02On_Metallic.png,4655,4.5 KB,512,512,0,PNG,Yes,1,0,1,WebGL,2048,1048576,1.0 MB,Assets/HyTeKGames/SRPMaterialConverter/ConvertedMaterials/LightBulb02On.mat,Unknown,,Review if referenced,Visual QA required
Assets/HyTeKGames/SRPMaterialConverter/ConvertedMaterials/Maps/LightBulb02On_1_Metallic.png,4655,4.5 KB,512,512,0,PNG,Yes,1,0,1,WebGL,2048,1048576,1.0 MB,,Unknown,,Review if referenced,Unknown/runtime or unused candidate
Assets/BCaT_assets/Meshell_Sturgis/articles/Pages/BlackRefractions/page_007.png,4592,4.5 KB,792,1224,0,PNG,Unknown,0,0,0,WebGL,2048,3877632,3.7 MB,Assets/BH_XR_MainScene.unity; Assets/_Recovery/0 (21).unity; Assets/_Recovery/0 (22).unity; Assets/_Recovery/0 (23).unity,Article/document page,,Review if referenced,Visual QA required
Assets/Coconut Palm Tree Pack/Textures/Parts/Coconut_Palm_Tree_Branch1_gloss.png,4349,4.2 KB,64,256,5,PNG,Yes,1,1,,None found,1024,65536,64.0 KB,Assets/Coconut Palm Tree Pack/Materials/Parts/Coconut_Palm_Tree_Leaf1.mat,Unknown,ReadWrite enabled,Review if referenced,Visual QA required
Assets/DevDen Arch Viz Scotland/Textures/Study Room/StudyRoom Carpet/Atlas1_Metallic_Smoothness.png,4292,4.2 KB,2048,2048,0,PNG,Unknown,1,0,1,None found,2048,16777216,16.0 MB,Assets/DevDen Arch Viz Scotland/Materials/Study Room/Furniture_Atlas_1.mat,Unknown,,Review if referenced,Visual QA required
Assets/DevDen Arch Viz Scotland/Textures/Living Room/TV_Panels/TV_Panels_DefaultMaterial_MetallicSmoothness.png,3972,3.9 KB,2048,2048,0,PNG,Unknown,1,0,1,None found,2048,16777216,16.0 MB,Assets/DevDen Arch Viz Scotland/Materials/Living Room/TV_Panels.mat,Unknown,,Review if referenced,Visual QA required
Assets/Coconut Palm Tree Pack/Textures/Parts/Palm_Brush_gloss.png,3322,3.2 KB,128,128,5,PNG,Yes,1,1,,None found,1024,65536,64.0 KB,Assets/Coconut Palm Tree Pack/Materials/Parts/Coconut_Palm_Tree_Brush.mat,Unknown,ReadWrite enabled,Review if referenced,Visual QA required
Assets/Samples/XR Interaction Toolkit/3.3.1/XR Device Simulator/UI/General/Gripper.png,3154,3.1 KB,512,640,8,PNG,Yes,0,0,1,None found,2048,1310720,1.2 MB,Assets/Samples/XR Interaction Toolkit/3.3.1/XR Device Simulator/UI/XR Device Simulator UI.prefab,Unknown,,Review if referenced,Visual QA required
Assets/DevDen Arch Viz Scotland/Decals/Lamp Pole.png,3071,3.0 KB,1200,1200,0,PNG,Yes,1,0,1,None found,2048,5760000,5.5 MB,Assets/DevDen Arch Viz Scotland/Decals/Materials/Plant.mat; Assets/HyTeKGames/SRPMaterialConverter/ConvertedMaterials/Plant.mat,Unknown,,Review if referenced,Visual QA required
Assets/LowPolyLivingRoomPack/Textures/T_Palette_LivingRoom.png,2624,2.6 KB,8,8,0,PNG,Unknown,1,0,1,None found,2048,256,256 B,Assets/LowPolyLivingRoomPack/Materials/M_LowPolyLivingRoom.mat,Unknown,,Review if referenced,Visual QA required
Assets/Tree_Textures/shadow.png,2330,2.3 KB,64,1024,0,PNG,Unknown,1,0,1,WebGL,2048,262144,256.0 KB,Assets/Tree.prefab,Unknown,,Review if referenced,Visual QA required
Assets/DevDen Arch Viz Scotland/Textures/Study Room/Table_Lamp/LightBulb02_Metallic.png,2290,2.2 KB,512,512,0,PNG,Yes,1,0,1,None found,2048,1048576,1.0 MB,Assets/DevDen Arch Viz Scotland/Materials/Study Room/LightBulb02On.mat,Unknown,,Review if referenced,Visual QA required
Assets/Samples/XR Interaction Toolkit/3.3.1/XR Device Simulator/UI/General/DeviceSimUI_bg.png,1945,1.9 KB,320,320,8,PNG,Yes,1,0,1,WebGL,2048,409600,400.0 KB,Assets/Samples/XR Interaction Toolkit/3.3.1/XR Device Simulator/UI/XR Device Simulator UI.prefab,Unknown,,Review if referenced,Visual QA required
Assets/Tree_Textures/normal_specular.png,1759,1.7 KB,64,1024,0,PNG,Yes,1,0,1,WebGL,2048,262144,256.0 KB,Assets/Tree.prefab,Normal map,,Review if referenced,Visual QA required
Assets/Tree_Textures/diffuse.png,1755,1.7 KB,64,1024,0,PNG,Yes,1,0,1,WebGL,2048,262144,256.0 KB,Assets/Tree.prefab,Unknown,,Review if referenced,Visual QA required
Assets/Tree_Textures/translucency_gloss.png,1754,1.7 KB,64,1024,0,PNG,Yes,1,0,1,WebGL,2048,262144,256.0 KB,Assets/Tree.prefab,Unknown,,Review if referenced,Visual QA required
Assets/Samples/XR Interaction Toolkit/3.3.1/Starter Assets/DemoSceneAssets/Sprites/Round Radius 4.png,829,829 B,192,192,8,PNG,Yes,0,0,1,None found,2048,147456,144.0 KB,Assets/BH_XR_MainScene.unity; Assets/_Recovery/0 (1).unity; Assets/_Recovery/0 (10).unity; Assets/_Recovery/0 (11).unity; Assets/_Recovery/0 (13).unity; Assets/_Recovery/0 (14).unity; Assets/_Recovery/0 (15).unity; Assets/_Recovery/0 (16).unity; Assets/_Recovery/0 (17).unity; Assets/_Recovery/0 (18).unity; Assets/_Recovery/0 (2).unity; Assets/_Recovery/0 (21).unity; Assets/_Recovery/0 (22).unity; Assets/_Recovery/0 (23).unity; Assets/_Recovery/0 (3).unity; Assets/_Recovery/0 (5).unity; Assets/_Recovery/0 (6).unity; Assets/_Recovery/0 (7).unity; Assets/_Recovery/0 (8).unity; Assets/_Recovery/0 (9).unity,Unknown,,Review if referenced,Visual QA required
Assets/Samples/XR Interaction Toolkit/3.3.1/Starter Assets/DemoSceneAssets/Sprites/Forward.png,589,589 B,128,128,8,PNG,Yes,0,0,1,None found,2048,65536,64.0 KB,Assets/Samples/XR Interaction Toolkit/3.3.1/Starter Assets/Prefabs/Teleport/Climb Teleport Arrow.prefab,Unknown,,Review if referenced,Visual QA required
Assets/Samples/XR Interaction Toolkit/3.3.1/XR Device Simulator/UI/General/btn_bgbottom.png,569,569 B,352,80,8,PNG,Yes,0,0,1,None found,2048,112640,110.0 KB,Assets/Samples/XR Interaction Toolkit/3.3.1/XR Device Simulator/UI/XR Device Simulator UI.prefab,Unknown,,Review if referenced,Visual QA required
Assets/BrokenVector/LowPolyFencePack/Materials/Colorsheets/Colorsheet Wood Red.png,166,166 B,6,6,0,PNG,Unknown,0,0,0,None found,32,144,144 B,Assets/BrokenVector/LowPolyFencePack/Materials/Red Wood.mat,Unknown,,Review if referenced,Visual QA required
Assets/BrokenVector/LowPolyFencePack/Materials/Colorsheets/Colorsheet Wood Brown.png,166,166 B,6,6,0,PNG,Unknown,0,0,0,None found,32,144,144 B,Assets/BrokenVector/LowPolyFencePack/Materials/Brown Wood.mat,Unknown,,Review if referenced,Visual QA required
Assets/BrokenVector/LowPolyFencePack/Materials/Colorsheets/Colorsheet Wood Yellow.png,166,166 B,6,6,0,PNG,Unknown,0,0,0,None found,32,144,144 B,Assets/BrokenVector/LowPolyFencePack/Materials/Yellow Wood.mat,Unknown,,Review if referenced,Visual QA required
Assets/BrokenVector/LowPolyFencePack/Materials/Occlusion/Occlusion Wood.png,158,158 B,6,6,0,PNG,Unknown,0,0,0,None found,32,144,144 B,,Unknown,,Review if referenced,Unknown/runtime or unused candidate
Assets/Animated Tropical Vegetation/DemoSceneContent/cursorZone.png,156,156 B,16,16,8,PNG,Yes,0,0,1,WebGL,2048,1024,1.0 KB,Assets/Animated Tropical Vegetation/DemoScene.unity,Unknown,,Review if referenced,Visual QA required
Assets/Coconut Palm Tree Pack/Textures/Parts/Coconut_Palm_Tree_Branch2_shadowoffset.png,151,151 B,128,256,5,PNG,Yes,1,1,,None found,1024,131072,128.0 KB,,Unknown,ReadWrite enabled,Review if referenced,Unknown/runtime or unused candidate
Assets/Coconut Palm Tree Pack/Textures/Parts/Coconut_Palm_Tree_Branch1_shadowoffset.png,136,136 B,64,256,5,PNG,Yes,1,1,,None found,1024,65536,64.0 KB,Assets/Coconut Palm Tree Pack/Materials/Parts/Coconut_Palm_Tree_Leaf1.mat; Assets/Coconut Palm Tree Pack/Materials/Parts/Coconut_Palm_Tree_Leaf2.mat,Unknown,ReadWrite enabled,Review if referenced,Visual QA required
