path	guid	type	sizeBytes	tags
Assets/Animated Tropical Vegetation/DemoScene.unity	7afb7ea2e98a33847b723d9df64bf5e1	SceneAsset	259443	-
Assets/Animated Tropical Vegetation/DemoSceneContent/Buttons.cs	740e65b5766c9a74c839f5ac2abbd1d2	MonoScript	9197	-
Assets/Animated Tropical Vegetation/DemoSceneContent/CameraPosition.cs	22ffdce6ea099fa4aa8e3536b90a3176	MonoScript	677	-
Assets/Animated Tropical Vegetation/DemoSceneContent/Controller.cs	4d660fe3caf00be4e8e07768266b4aaf	MonoScript	660	-
Assets/Animated Tropical Vegetation/DemoSceneContent/Cursors.cs	e5a39b948bcac354d979e89ca06582c4	MonoScript	644	-
Assets/Animated Tropical Vegetation/DemoSceneContent/HideImage.cs	4bffb483baf0d5c4780ab27d0cc21929	MonoScript	178	-
Assets/Animated Tropical Vegetation/DemoSceneContent/HideShowButtons.cs	6a517cdbd66aab74cb5c5d321cf79830	MonoScript	562	-
Assets/Animated Tropical Vegetation/DemoSceneContent/background.fbx	2fddc6a26060e734a8fab2bc1d6b70f7	GameObject	11068	-
Assets/Animated Tropical Vegetation/DemoSceneContent/background.png	8f92c1d98d9fd18409c3934e7236136c	Texture2D	138384	-
Assets/Animated Tropical Vegetation/DemoSceneContent/click_cursor.png	ecebca711bbe61a4ea4ed9313e328938	Texture2D	6750	-
Assets/Animated Tropical Vegetation/DemoSceneContent/controls.png	16045556d23cce541aaa11b5f7ae8d4e	Texture2D	84294	-
Assets/Animated Tropical Vegetation/DemoSceneContent/cursorZone.png	857bcc75498f5cc44b3630460316425c	Texture2D	156	-
Assets/Animated Tropical Vegetation/DemoSceneContent/grab_cursor.png	5ab8e1c7965eee04bb8a55640a91eebf	Texture2D	5996	-
Assets/Animated Tropical Vegetation/DemoSceneContent/hand_cursor.png	2c4a8df59cf3fad4ab9b840e0d741002	Texture2D	7238	-
Assets/Animated Tropical Vegetation/DemoSceneContent/surface.mat	a271d12d58c9cf1488a61b3ac1b48543	Material	4201	-
Assets/Animated Tropical Vegetation/HDRP Materials.unitypackage	e8f8cc88bb64aaa46b9dc3ac6cf301b1	DefaultAsset	1052492	-
Assets/Animated Tropical Vegetation/Materials/Billboards/bamboo_1_billboard.mat	c78134542457a24468bc074330cfed7a	Material	5409	-
Assets/Animated Tropical Vegetation/Materials/Billboards/bamboo_2_billboard.mat	2febb67fc92e5b340b7c3deb360fad26	Material	5409	-
Assets/Animated Tropical Vegetation/Materials/Billboards/bamboo_3_billboard.mat	93c430939cc3e284ab92dedb15b71019	Material	5410	-
Assets/Animated Tropical Vegetation/Materials/Billboards/bamboo_4_billboard.mat	c18f895f2c21f334e9e40b74d03a9d3c	Material	5410	-
Assets/Animated Tropical Vegetation/Materials/Billboards/banana_tree_1_billboard.mat	c4f2ef24dfd7702439b3368753d8df34	Material	5415	-
Assets/Animated Tropical Vegetation/Materials/Billboards/banana_tree_2_billboard.mat	318f8eea43a27af42907cce36ee5d706	Material	5414	-
Assets/Animated Tropical Vegetation/Materials/Billboards/banana_tree_3_billboard.mat	a667a1c934f29fc429d5b685cf246436	Material	5413	-
Assets/Animated Tropical Vegetation/Materials/Billboards/banana_tree_4_billboard.mat	2b12ba0e97baee34bb7f5199c1254410	Material	5415	-
Assets/Animated Tropical Vegetation/Materials/Billboards/banana_tree_5_billboard.mat	92adbd866e41fef469eb59f0f5cba2d7	Material	5414	-
Assets/Animated Tropical Vegetation/Materials/Billboards/banana_tree_6_billboard.mat	d642ef792963b544a9c4888bba57c5e0	Material	5415	-
Assets/Animated Tropical Vegetation/Materials/Billboards/big_palm_tree_billboard.mat	a249a08fd6d6c674491983dd5d00e429	Material	5414	-
Assets/Animated Tropical Vegetation/Materials/Billboards/bushy_palm_1_billboard.mat	5450ba6b86a39c543ba2ba8922b30717	Material	5414	-
Assets/Animated Tropical Vegetation/Materials/Billboards/bushy_palm_2_billboard.mat	4e2ce03c60fb1b54a844e777b6564a88	Material	5414	-
Assets/Animated Tropical Vegetation/Materials/Billboards/bushy_palm_3_billboard.mat	c61c30b7af517004080ea4f250dcd0cc	Material	5414	-
Assets/Animated Tropical Vegetation/Materials/Billboards/jungle_bush_1_billboard.mat	10858c1f763490d4da12d4709f70bc87	Material	5414	scene:BH_XR_MainScene
Assets/Animated Tropical Vegetation/Materials/Billboards/jungle_bush_3_billboard.mat	46355c632c26f424b8ec220530222a4f	Material	5415	scene:BH_XR_MainScene
Assets/Animated Tropical Vegetation/Materials/Billboards/large_palm_tree_1_billboard.mat	bda7a589a8e0fd346ad278787ea0c9a4	Material	5419	-
Assets/Animated Tropical Vegetation/Materials/Billboards/large_palm_tree_2_billboard.mat	e2f3a2e5fa51b344b82ad3a40bfcc18b	Material	5417	-
Assets/Animated Tropical Vegetation/Materials/Billboards/palm_tree_2_billboard.mat	dad9ea13a7972624fb8a9fd0ee63c060	Material	5413	-
Assets/Animated Tropical Vegetation/Materials/Billboards/small_tree_2_billboard.mat	570063f1b54a595498977055a9c1a86a	Material	5413	-
Assets/Animated Tropical Vegetation/Materials/Billboards/small_tree_3_billboard.mat	b8621f704065b7e4785512953375098b	Material	5413	-
Assets/Animated Tropical Vegetation/Materials/Billboards/small_tree_4_billboard.mat	cf6be056ec4626b4fa3b03e266ffd08e	Material	5414	-
Assets/Animated Tropical Vegetation/Materials/Billboards/tropical_plant_billboard.mat	d190c7b7e81f2724da66c8ec1c67f4f5	Material	5414	-
Assets/Animated Tropical Vegetation/Materials/bamboo_bark.mat	4f4d914de6b8dc24689e13b44e4ace4c	Material	4995	-
Assets/Animated Tropical Vegetation/Materials/bamboo_leaves.mat	9d98cea824cb30a4dab0af48a065d77f	Material	5242	-
Assets/Animated Tropical Vegetation/Materials/banana_tree_1_bark.mat	2feda1563c42f084d966990817db64ef	Material	5001	-
Assets/Animated Tropical Vegetation/Materials/banana_tree_1_leaf.mat	a02e25af0e6559f4896bf7ca2019747a	Material	5247	-
Assets/Animated Tropical Vegetation/Materials/banana_tree_2_bark.mat	676d60d9ed25d0a4ab3929484b8da60d	Material	5001	-
Assets/Animated Tropical Vegetation/Materials/banana_tree_2_leaves.mat	967180635ca4a294989f56c9b2522a10	Material	5250	-
Assets/Animated Tropical Vegetation/Materials/bushy_palm_1.mat	a1ffd5637404f75489705119b6125d7e	Material	5241	-
Assets/Animated Tropical Vegetation/Materials/bushy_palm_2.mat	eb5b4b947310b964ca6e556233923425	Material	5242	-
Assets/Animated Tropical Vegetation/Materials/dead_tree_bark.mat	47f76fbf194fe714dbd68d8be4dbeb82	Material	4998	-
Assets/Animated Tropical Vegetation/Materials/dead_tree_leaves.mat	a7f27285dead96d43a61822423846f9d	Material	5245	-
Assets/Animated Tropical Vegetation/Materials/jungle_bush_leaves.mat	50647db4684ab1449b12835e43300d1c	Material	5247	scene:BH_XR_MainScene
Assets/Animated Tropical Vegetation/Materials/palm_tree_1_bark.mat	a2479f9e4b8bc4549ba08c6c1d88d146	Material	5000	-
Assets/Animated Tropical Vegetation/Materials/palm_tree_1_leaves.mat	599021f8d8f6ca34793c728d1735d55f	Material	5247	-
Assets/Animated Tropical Vegetation/Materials/palm_tree_2_bark.mat	208ef61656ee6a24d80f455a596efd04	Material	5000	-
Assets/Animated Tropical Vegetation/Materials/palm_tree_2_leaves.mat	f55646f8c14433544bc001d920d2945e	Material	5248	-
Assets/Animated Tropical Vegetation/Materials/palm_tree_3_bark.mat	3bc0dbcbebe777740bd3547135053219	Material	4999	-
Assets/Animated Tropical Vegetation/Materials/palm_tree_3_leaves.mat	8b4fb2c31c9ba114988ec4f95b9e745d	Material	5247	-
Assets/Animated Tropical Vegetation/Materials/small_tree_bark.mat	f0a23fa518e1f4e448c016295fd5b548	Material	4998	-
Assets/Animated Tropical Vegetation/Materials/small_tree_leaves.mat	ca46affe501ab91479032bcc6b947d96	Material	5246	-
Assets/Animated Tropical Vegetation/Materials/tropical_plant_leaf.mat	87b56f8a4e8f59249af36b4681a6f20f	Material	5249	-
Assets/Animated Tropical Vegetation/Models/Bamboos/bamboo_1.controller	13b61dcf6d9a4e14387ebb7878ef4511	AnimatorController	2035	-
Assets/Animated Tropical Vegetation/Models/Bamboos/bamboo_1.fbx	e7d64ad58328a4243acbcc9ff77a0991	GameObject	752156	-
Assets/Animated Tropical Vegetation/Models/Bamboos/bamboo_2.controller	48ec461cb4754c249b33186dc24d5702	AnimatorController	2050	-
Assets/Animated Tropical Vegetation/Models/Bamboos/bamboo_2.fbx	99313ec3e81d8d74b9d267944a405ffd	GameObject	810476	-
Assets/Animated Tropical Vegetation/Models/Bamboos/bamboo_3.controller	d0655a71fbb7b154bad3a4282766d791	AnimatorController	2049	-
Assets/Animated Tropical Vegetation/Models/Bamboos/bamboo_3.fbx	6da88998ca6d4a146a6281a09331441e	GameObject	813948	-
Assets/Animated Tropical Vegetation/Models/Bamboos/bamboo_4.controller	5bae37de9ff07864cbc69eed6e05ab9b	AnimatorController	2044	-
Assets/Animated Tropical Vegetation/Models/Bamboos/bamboo_4.fbx	662ef18fcf8c65b409e8c3d94aa28e34	GameObject	834092	-
Assets/Animated Tropical Vegetation/Models/Banana Trees/banana_tree_1.controller	dcf1b9daa88727745bf64bdbb27ffd93	AnimatorController	2056	-
Assets/Animated Tropical Vegetation/Models/Banana Trees/banana_tree_1.fbx	3fd854e1382903a44be30ef262d4435e	GameObject	428284	-
Assets/Animated Tropical Vegetation/Models/Banana Trees/banana_tree_2.controller	ed386685b817cd0498745cc26af25385	AnimatorController	2048	-
Assets/Animated Tropical Vegetation/Models/Banana Trees/banana_tree_2.fbx	244935be8c9880149944f05da525b74d	GameObject	693740	-
Assets/Animated Tropical Vegetation/Models/Banana Trees/banana_tree_3.controller	88508fa87c1538d4bbc534c127650f3e	AnimatorController	2048	-
Assets/Animated Tropical Vegetation/Models/Banana Trees/banana_tree_3.fbx	6fc4b02ceef78f641bf5decc35b73fa9	GameObject	546268	-
Assets/Animated Tropical Vegetation/Models/Banana Trees/banana_tree_4.controller	f84b18f9d2456214e8b96352bc74e821	AnimatorController	2052	-
Assets/Animated Tropical Vegetation/Models/Banana Trees/banana_tree_4.fbx	2526003a9918d9a448bb351d84d28239	GameObject	432508	-
Assets/Animated Tropical Vegetation/Models/Banana Trees/banana_tree_5.controller	c84fdb328f0607b42add932a39fca5ac	AnimatorController	2053	-
Assets/Animated Tropical Vegetation/Models/Banana Trees/banana_tree_5.fbx	63e8211175783b74187dfbf29e6f2029	GameObject	545660	-
Assets/Animated Tropical Vegetation/Models/Banana Trees/banana_tree_6.controller	418e74801cadc2745806b21cf759c5ab	AnimatorController	2055	-
Assets/Animated Tropical Vegetation/Models/Banana Trees/banana_tree_6.fbx	fca50d3d7326d2e438c745e594b5c572	GameObject	580508	-
Assets/Animated Tropical Vegetation/Models/Big Palm Tree/big_palm_tree.controller	55a5c6c62c3a7ef4989fc8ecd475d9a7	AnimatorController	2056	-
Assets/Animated Tropical Vegetation/Models/Big Palm Tree/big_palm_tree.fbx	7c2964d452ec1b548982da6d1d750723	GameObject	929388	-
Assets/Animated Tropical Vegetation/Models/Bushy Palms/bushy_palm_1.controller	c2afed0d236d38f41a68939ad86978d9	AnimatorController	2055	-
Assets/Animated Tropical Vegetation/Models/Bushy Palms/bushy_palm_1.fbx	d236d781e2f7b51439e8e9674e3c8716	GameObject	644028	-
Assets/Animated Tropical Vegetation/Models/Bushy Palms/bushy_palm_2.controller	bf7929672f2a1d94cbd6e9bf076301d1	AnimatorController	2053	-
Assets/Animated Tropical Vegetation/Models/Bushy Palms/bushy_palm_2.fbx	864ae6a5a4f9b1846a19dcc80215f04f	GameObject	487900	-
Assets/Animated Tropical Vegetation/Models/Bushy Palms/bushy_palm_3.controller	8d842955fc0236c4e925f6e8989bc9d2	AnimatorController	2051	-
Assets/Animated Tropical Vegetation/Models/Bushy Palms/bushy_palm_3.fbx	5b9f548f3727ff94c9f6d148a290e08f	GameObject	454540	-
Assets/Animated Tropical Vegetation/Models/Dead Trees/dead_tree_1.fbx	b1eecd88a8dfe864d99242c102ee01a6	GameObject	76252	-
Assets/Animated Tropical Vegetation/Models/Dead Trees/dead_tree_2.fbx	9f8ce34cb89f17544b331b70ec12b899	GameObject	94284	-
Assets/Animated Tropical Vegetation/Models/Dead Trees/dead_tree_3.fbx	e98067f547e5f954cb2c8126b09b1660	GameObject	185340	-
Assets/Animated Tropical Vegetation/Models/Jungle Bushes/jungle_bush_1.controller	ceb5583a00e7c05429946e4b358edb41	AnimatorController	2051	-
Assets/Animated Tropical Vegetation/Models/Jungle Bushes/jungle_bush_1.fbx	53b1d5758541ed648a3d091ac04c77e4	GameObject	812972	scene:BH_XR_MainScene
Assets/Animated Tropical Vegetation/Models/Jungle Bushes/jungle_bush_3.controller	721a2a37bfcaa6e40be542879b8b7a2f	AnimatorController	2048	-
Assets/Animated Tropical Vegetation/Models/Jungle Bushes/jungle_bush_3.fbx	5ab6a36b5d9a7414d8212f41993ac48e	GameObject	745740	scene:BH_XR_MainScene
Assets/Animated Tropical Vegetation/Models/Large Palm Trees/large_palm_tree_1.controller	01bed7493a41589438af0374b0080b47	AnimatorController	2058	-
Assets/Animated Tropical Vegetation/Models/Large Palm Trees/large_palm_tree_1.fbx	4be5c990e0d07ff479514bddf5aa4773	GameObject	931308	-
Assets/Animated Tropical Vegetation/Models/Large Palm Trees/large_palm_tree_2.controller	5aa1ff18e6b19b646a813ce6a24ed847	AnimatorController	2054	-
Assets/Animated Tropical Vegetation/Models/Large Palm Trees/large_palm_tree_2.fbx	cc0f3aa8a06eb504cb468abf52df97be	GameObject	930124	-
Assets/Animated Tropical Vegetation/Models/Palm Trees/palm_tree_2.controller	73485869615d717478e7da9955d01cdc	AnimatorController	2052	-
Assets/Animated Tropical Vegetation/Models/Palm Trees/palm_tree_2.fbx	44ad6084ab52db2448da7ba37af952d3	GameObject	888444	-
Assets/Animated Tropical Vegetation/Models/Small Trees/small_tree_2.controller	051360e0bdbb46f41b73464dacc7bbe2	AnimatorController	2050	-
Assets/Animated Tropical Vegetation/Models/Small Trees/small_tree_2.fbx	8e0181b5db17ae944bab141cbe821a92	GameObject	687292	-
Assets/Animated Tropical Vegetation/Models/Small Trees/small_tree_3.controller	f642138fad4c9ba4080aef375333ff98	AnimatorController	2050	-
Assets/Animated Tropical Vegetation/Models/Small Trees/small_tree_3.fbx	ef2c22e0fed842e4e8c045cc6e49fe25	GameObject	429868	-
Assets/Animated Tropical Vegetation/Models/Small Trees/small_tree_4.controller	6279f966d6e66e146bdd8ab54366515e	AnimatorController	2056	-
Assets/Animated Tropical Vegetation/Models/Small Trees/small_tree_4.fbx	53a60305fe28f39438391e7fd120b07b	GameObject	401564	-
Assets/Animated Tropical Vegetation/Models/Tropical Plant/tropical_plant.controller	0d625077ca0400e4da89aab907a6d109	AnimatorController	2055	-
Assets/Animated Tropical Vegetation/Models/Tropical Plant/tropical_plant.fbx	08dce13f698e6e242b8bef3f1338835b	GameObject	364332	-
Assets/Animated Tropical Vegetation/Prefabs/Animated/Bamboos/Bamboo 1.prefab	93d37782b9842274e9355cd9f2bd1d47	GameObject	6153	-
Assets/Animated Tropical Vegetation/Prefabs/Animated/Bamboos/Bamboo 2.prefab	5c870a771341d4d45b58b16a6e8f9090	GameObject	6157	-
Assets/Animated Tropical Vegetation/Prefabs/Animated/Bamboos/Bamboo 3.prefab	39e93fb0a61a9844786fae65e092afab	GameObject	6154	-
Assets/Animated Tropical Vegetation/Prefabs/Animated/Bamboos/Bamboo 4.prefab	d49b9caf020b11142b66df5a3343b45e	GameObject	6148	-
Assets/Animated Tropical Vegetation/Prefabs/Animated/Banana Trees/Banana Tree 1.prefab	68a3845a08e9da348a5222ac413de1ed	GameObject	6161	-
Assets/Animated Tropical Vegetation/Prefabs/Animated/Banana Trees/Banana Tree 2.prefab	60b4caf03c18cb44199cfd705f025b67	GameObject	6161	-
Assets/Animated Tropical Vegetation/Prefabs/Animated/Banana Trees/Banana Tree 3.prefab	b127d465c85519f4e87d2d3772f8a73d	GameObject	6158	-
Assets/Animated Tropical Vegetation/Prefabs/Animated/Banana Trees/Banana Tree 4.prefab	a1e70f7014b16a8408ca8f4cc31cd66c	GameObject	6156	-
Assets/Animated Tropical Vegetation/Prefabs/Animated/Banana Trees/Banana Tree 5.prefab	38d1e5c1708c43c4bb75a9b5b8fd0477	GameObject	6158	-
Assets/Animated Tropical Vegetation/Prefabs/Animated/Banana Trees/Banana Tree 6.prefab	eb4844312fcc9a5428ef34ded5ccefd1	GameObject	6157	-
Assets/Animated Tropical Vegetation/Prefabs/Animated/Big Palm Tree/Big Palm Tree.prefab	b56cdff35337d044f8fec8ee309b5aba	GameObject	6156	-
Assets/Animated Tropical Vegetation/Prefabs/Animated/Bushy Palms/Bushy Palm 1.prefab	b4610ce3d23dab6449ec7a628b498ed6	GameObject	5838	-
Assets/Animated Tropical Vegetation/Prefabs/Animated/Bushy Palms/Bushy Palm 2.prefab	a19f2fa348576b34789be11b9bd20060	GameObject	5836	-
Assets/Animated Tropical Vegetation/Prefabs/Animated/Bushy Palms/Bushy Palm 3.prefab	8b1bf1823e529834b8f9c3c1690215d5	GameObject	5838	-
Assets/Animated Tropical Vegetation/Prefabs/Animated/Jungle Bushes/Jungle Bush 1.prefab	857d1c916aa979c4095f85bc7d7fce17	GameObject	5639	-
Assets/Animated Tropical Vegetation/Prefabs/Animated/Jungle Bushes/Jungle Bush 3.prefab	b29e990887c32bd45a1ef536b22d4d69	GameObject	5720	-
Assets/Animated Tropical Vegetation/Prefabs/Animated/Large Palm Trees/Large Palm Tree 1.prefab	63e14570382e72a4790d3d8c22d12271	GameObject	6159	-
Assets/Animated Tropical Vegetation/Prefabs/Animated/Large Palm Trees/Large Palm Tree 2.prefab	af49159b84f9e8845b8676e99bb136d2	GameObject	6160	-
Assets/Animated Tropical Vegetation/Prefabs/Animated/Palm Trees/Palm Tree 2.prefab	14d87f489b2a3e94da6ac653f41dd45a	GameObject	6157	-
Assets/Animated Tropical Vegetation/Prefabs/Animated/Small Trees/Small Tree 2.prefab	5f1c951998e7d844a8b00772c03d01ba	GameObject	6893	-
Assets/Animated Tropical Vegetation/Prefabs/Animated/Small Trees/Small Tree 3.prefab	1ec9247568198e84bb77cc05214e6b36	GameObject	6153	-
Assets/Animated Tropical Vegetation/Prefabs/Animated/Small Trees/Small Tree 4.prefab	7a470c2f4fcd50c4c9b922e40e6f4c26	GameObject	6153	-
Assets/Animated Tropical Vegetation/Prefabs/Animated/Tropical Plant/Tropical Plant.prefab	5b77abe1afde305448dc337d2b8d8b6c	GameObject	6011	-
Assets/Animated Tropical Vegetation/Prefabs/Static/Bamboos/Bamboo 1.prefab	4c1748b15a072f242801941e57979cbc	GameObject	12522	-
Assets/Animated Tropical Vegetation/Prefabs/Static/Bamboos/Bamboo 2.prefab	0c7d6be033fbbe947ba034f7c88e70ee	GameObject	12518	-
Assets/Animated Tropical Vegetation/Prefabs/Static/Bamboos/Bamboo 3.prefab	49a30e2c22542c74585b3500b02e0c32	GameObject	12515	-
Assets/Animated Tropical Vegetation/Prefabs/Static/Bamboos/Bamboo 4.prefab	ba6a89650af8a454c9adc08d8b82bc9c	GameObject	12513	-
Assets/Animated Tropical Vegetation/Prefabs/Static/Banana Trees/Banana Tree 1.prefab	b1dfcfa38e0309c47938b3a3fac33706	GameObject	12534	-
Assets/Animated Tropical Vegetation/Prefabs/Static/Banana Trees/Banana Tree 2.prefab	9a7a89a91528e934993f5e4430d85a02	GameObject	12542	-
Assets/Animated Tropical Vegetation/Prefabs/Static/Banana Trees/Banana Tree 3.prefab	67db929b6e2f69e43b884702a78ee0b5	GameObject	12541	-
Assets/Animated Tropical Vegetation/Prefabs/Static/Banana Trees/Banana Tree 4.prefab	0d36599607c408644840219194933382	GameObject	12546	-
Assets/Animated Tropical Vegetation/Prefabs/Static/Banana Trees/Banana Tree 5.prefab	af4a3639a01b7514c94383850ca92c4a	GameObject	12538	-
Assets/Animated Tropical Vegetation/Prefabs/Static/Banana Trees/Banana Tree 6.prefab	6605d699e94cb5142b72c6abf85cefc9	GameObject	12544	-
Assets/Animated Tropical Vegetation/Prefabs/Static/Big Palm Tree/Big Palm Tree.prefab	549a779d7f13c1e41a2a4cda6340fd2a	GameObject	12558	-
Assets/Animated Tropical Vegetation/Prefabs/Static/Bushy Palms/Bushy Palm 1.prefab	2e3d73e499596b149ba0a731f904c82d	GameObject	11687	-
Assets/Animated Tropical Vegetation/Prefabs/Static/Bushy Palms/Bushy Palm 2.prefab	656b3a5c50b57564aba0011c2b02189d	GameObject	11690	-
Assets/Animated Tropical Vegetation/Prefabs/Static/Bushy Palms/Bushy Palm 3.prefab	bf7b9ccc1f145b64d940ca5523c958ea	GameObject	11691	-
Assets/Animated Tropical Vegetation/Prefabs/Static/Dead Trees/Dead Tree 1.prefab	0ece2711b94372f4488b055506bbc76a	GameObject	9750	-
Assets/Animated Tropical Vegetation/Prefabs/Static/Dead Trees/Dead Tree 2.prefab	239dfbfeb3a17e04491f5539d8672555	GameObject	9746	-
Assets/Animated Tropical Vegetation/Prefabs/Static/Dead Trees/Dead Tree 3.prefab	c281147c7404f294bbb100dbe6835a59	GameObject	9945	-
Assets/Animated Tropical Vegetation/Prefabs/Static/Jungle Bushes/Jungle Bush 1.prefab	23877097e4a25a94cb2b4892fbdc5066	GameObject	9117	scene:BH_XR_MainScene
Assets/Animated Tropical Vegetation/Prefabs/Static/Jungle Bushes/Jungle Bush 3.prefab	0d72691bd450eb449956124f61a13032	GameObject	9115	scene:BH_XR_MainScene
Assets/Animated Tropical Vegetation/Prefabs/Static/Large Palm Trees/Large Palm Tree 1.prefab	45846fdfe6487ac41846d1fa27628fc4	GameObject	13508	-
Assets/Animated Tropical Vegetation/Prefabs/Static/Large Palm Trees/Large Palm Tree 2.prefab	ebb974b2a3cfbbf42afa8ff6b3a60d9f	GameObject	12567	-
Assets/Animated Tropical Vegetation/Prefabs/Static/Palm Trees/Palm Tree 2.prefab	5801e9c10ab2b4543a42e02fc0ddacd3	GameObject	13482	-
Assets/Animated Tropical Vegetation/Prefabs/Static/Small Trees/Small Tree 2.prefab	ceafd600431ec274fb00e6bec7d7ba06	GameObject	12538	-
Assets/Animated Tropical Vegetation/Prefabs/Static/Small Trees/Small Tree 3.prefab	b474810f32ea6314db52fcd629ac1062	GameObject	12548	-
Assets/Animated Tropical Vegetation/Prefabs/Static/Small Trees/Small Tree 4.prefab	016d659416b95a44dbacd80d3e8f1adf	GameObject	12540	-
Assets/Animated Tropical Vegetation/Prefabs/Static/Tropical Plant/Tropical Plant.prefab	64d33ab24b5bc7b46817846a5e06e086	GameObject	11703	-
Assets/Animated Tropical Vegetation/Readme.pdf	4f9a4529f85528441be0f44c3c586221	DefaultAsset	104320	-
Assets/Animated Tropical Vegetation/Shaders/StandardDoubleSided.shader	b9e449a1a47fdbd448e132232d1f3c94	Shader	12435	-
Assets/Animated Tropical Vegetation/Textures/bamboo_bark_color.png	67bdd7cc9b46db449ae8833782fa808e	Texture2D	124783	-
Assets/Animated Tropical Vegetation/Textures/bamboo_bark_normal.png	e35b2a0f59fc9dd4a8be559c3952556a	Texture2D	93619	-
Assets/Animated Tropical Vegetation/Textures/bamboo_leaves_color.png	3738576a4eb1a0f46b394ff2a3d9b435	Texture2D	105966	-
Assets/Animated Tropical Vegetation/Textures/bamboo_leaves_normal.png	3475cfac7e8be8c4db1b8d478a868671	Texture2D	33237	-
Assets/Animated Tropical Vegetation/Textures/banana_tree_1_bark_color.png	7e4794925617909438e48c468b4f0dd4	Texture2D	442420	-
Assets/Animated Tropical Vegetation/Textures/banana_tree_1_bark_normal.png	48e749eeea2cb15409b0854393dffd4f	Texture2D	330408	-
Assets/Animated Tropical Vegetation/Textures/banana_tree_1_leaf_color.png	1d48a25c117f6ac43803f79328bd3c0b	Texture2D	159408	-
Assets/Animated Tropical Vegetation/Textures/banana_tree_1_leaf_normal.png	c8cb6bcdc6da8124a9657b8c56d20ce0	Texture2D	106321	-
Assets/Animated Tropical Vegetation/Textures/banana_tree_2_bark_color.png	7ac2cea0b636797458d737224a15a552	Texture2D	582471	-
Assets/Animated Tropical Vegetation/Textures/banana_tree_2_bark_normal.png	2d6c9f5040b106d408492c311ff84a0b	Texture2D	521382	-
Assets/Animated Tropical Vegetation/Textures/banana_tree_2_leaves_color.png	09cdf22bce7c98c4592afbf0a446df48	Texture2D	662550	-
Assets/Animated Tropical Vegetation/Textures/banana_tree_2_leaves_normal.png	7e8152e70cc8c9d4c9746f1ffcd68a8c	Texture2D	438298	-
Assets/Animated Tropical Vegetation/Textures/billboards/bamboo_1_billboard_color.png	c893931e98586674aa44d16a550ea3b9	Texture2D	383152	-
Assets/Animated Tropical Vegetation/Textures/billboards/bamboo_1_billboard_normal.png	e93799deb6a81e643822b623d793b15d	Texture2D	102478	-
Assets/Animated Tropical Vegetation/Textures/billboards/bamboo_2_billboard_color.png	1a12cf6c7ec866343befe8c7115e16a3	Texture2D	403375	-
Assets/Animated Tropical Vegetation/Textures/billboards/bamboo_2_billboard_normal.png	eae1447280aace14d8484e50020712aa	Texture2D	119911	-
Assets/Animated Tropical Vegetation/Textures/billboards/bamboo_3_billboard_color.png	fefb3272401d73d4cb4534f76277ab56	Texture2D	612495	-
Assets/Animated Tropical Vegetation/Textures/billboards/bamboo_3_billboard_normal.png	c41c2d10c858e754883283f70896d014	Texture2D	161436	-
Assets/Animated Tropical Vegetation/Textures/billboards/bamboo_4_billboard_color.png	0d4339111bd75f4408c7c47684015c5d	Texture2D	844994	-
Assets/Animated Tropical Vegetation/Textures/billboards/bamboo_4_billboard_normal.png	dd5372ccadf0b624bbb104c1f08ca7f6	Texture2D	222263	-
Assets/Animated Tropical Vegetation/Textures/billboards/banana_tree_1_billboard_color.png	87ed4bac76b9e3741b4576ddcf328930	Texture2D	493215	-
Assets/Animated Tropical Vegetation/Textures/billboards/banana_tree_1_billboard_normal.png	64326b06d414a7641a0b44be09b9bc88	Texture2D	57927	-
Assets/Animated Tropical Vegetation/Textures/billboards/banana_tree_2_billboard_color.png	96a4048256d22c94aa120a92f42d1d08	Texture2D	394146	-
Assets/Animated Tropical Vegetation/Textures/billboards/banana_tree_2_billboard_normal.png	4a349d90006e60f438c5f5cc9aef28af	Texture2D	65130	-
Assets/Animated Tropical Vegetation/Textures/billboards/banana_tree_3_billboard_color.png	1ab72d7c83b69054bbf94f52f5f2d9d3	Texture2D	408889	-
Assets/Animated Tropical Vegetation/Textures/billboards/banana_tree_3_billboard_normal.png	312a44885d571684ca1ef229363a72f0	Texture2D	70088	-
Assets/Animated Tropical Vegetation/Textures/billboards/banana_tree_4_billboard_color.png	882e2b6b17a55e14fa6c713f2fcab70f	Texture2D	382423	-
Assets/Animated Tropical Vegetation/Textures/billboards/banana_tree_4_billboard_normal.png	09180255cef9ee74db1d75d9159b9fc0	Texture2D	52478	-
Assets/Animated Tropical Vegetation/Textures/billboards/banana_tree_5_billboard_color.png	e1e6c75ea82c2df4388fe84e93fa86ca	Texture2D	358439	-
Assets/Animated Tropical Vegetation/Textures/billboards/banana_tree_5_billboard_normal.png	1b16cdab5c6c2624995964cf0ef3e686	Texture2D	67003	-
Assets/Animated Tropical Vegetation/Textures/billboards/banana_tree_6_billboard_color.png	4b55616182e72e34da250af02636c02b	Texture2D	407252	-
Assets/Animated Tropical Vegetation/Textures/billboards/banana_tree_6_billboard_normal.png	68203cd4483fa31448ae5d348036a3f8	Texture2D	61302	-
Assets/Animated Tropical Vegetation/Textures/billboards/big_palm_tree_billboard_color.png	5d9534d747ab6674aa56b4b30f8f3551	Texture2D	362636	-
Assets/Animated Tropical Vegetation/Textures/billboards/big_palm_tree_billboard_normal.png	716d19293e891164aa8a667dbfb37d78	Texture2D	83008	-
Assets/Animated Tropical Vegetation/Textures/billboards/bushy_palm_1_billboard_color.png	2901b8f6010263e42a7d7736d18d1f56	Texture2D	209528	-
Assets/Animated Tropical Vegetation/Textures/billboards/bushy_palm_1_billboard_normal.png	776c42beb9de2ac48868ce2a8e3d5c2a	Texture2D	55949	-
Assets/Animated Tropical Vegetation/Textures/billboards/bushy_palm_2_billboard_color.png	4a8483584f373344690806462d7410be	Texture2D	530205	-
Assets/Animated Tropical Vegetation/Textures/billboards/bushy_palm_2_billboard_normal.png	26198f9d14ab4e9458aed0d1cff55c2f	Texture2D	128837	-
Assets/Animated Tropical Vegetation/Textures/billboards/bushy_palm_3_billboard_color.png	65df9a2b4d05c93459a833eddf583d3f	Texture2D	506269	-
Assets/Animated Tropical Vegetation/Textures/billboards/bushy_palm_3_billboard_normal.png	17d8eaa845351854a91240b5cf69b585	Texture2D	121395	-
Assets/Animated Tropical Vegetation/Textures/billboards/jungle_bush_1_billboard_color.png	c3330bb7770816c4882f339c119ac294	Texture2D	482007	scene:BH_XR_MainScene
Assets/Animated Tropical Vegetation/Textures/billboards/jungle_bush_1_billboard_normal.png	13271172b92114243aa844332153c3c8	Texture2D	113383	scene:BH_XR_MainScene
Assets/Animated Tropical Vegetation/Textures/billboards/jungle_bush_3_billboard_color.png	591d1ed4e1e9b2f40b379bf1743f146c	Texture2D	443960	scene:BH_XR_MainScene
Assets/Animated Tropical Vegetation/Textures/billboards/jungle_bush_3_billboard_normal.png	c77f6ff3f364ec54aa7287a4860da27b	Texture2D	109816	scene:BH_XR_MainScene
Assets/Animated Tropical Vegetation/Textures/billboards/large_palm_tree_1_billboard_color.png	5f5da21ac3a7bca40a0da0251ab70290	Texture2D	570105	-
Assets/Animated Tropical Vegetation/Textures/billboards/large_palm_tree_1_billboard_normal.png	e97115127bb692945af8028694eecf6f	Texture2D	98428	-
Assets/Animated Tropical Vegetation/Textures/billboards/large_palm_tree_2_billboard_color.png	970c8b5d9c8383848844489561c5fddf	Texture2D	611808	-
Assets/Animated Tropical Vegetation/Textures/billboards/large_palm_tree_2_billboard_normal.png	eb219b8cb282cf34699aaebd894aaa17	Texture2D	102131	-
Assets/Animated Tropical Vegetation/Textures/billboards/palm_tree_2_billboard_color.png	a4613ebdc292f2347bc82c1fcc9719bb	Texture2D	816518	-
Assets/Animated Tropical Vegetation/Textures/billboards/palm_tree_2_billboard_normal.png	4abca99299348e44abd2fc170bfd8dd0	Texture2D	153477	-
Assets/Animated Tropical Vegetation/Textures/billboards/small_tree_2_billboard_color.png	2d3c01f0a504ec5499fb42716103be98	Texture2D	635033	-
Assets/Animated Tropical Vegetation/Textures/billboards/small_tree_2_billboard_normal.png	523ea09350d09f54e96126d17aca8d73	Texture2D	166534	-
Assets/Animated Tropical Vegetation/Textures/billboards/small_tree_3_billboard_color.png	3dbeeaa8b455c7f449cd6a5bf1df0529	Texture2D	672615	-
Assets/Animated Tropical Vegetation/Textures/billboards/small_tree_3_billboard_normal.png	15342a2b060135f45bb57a067a9a0cc2	Texture2D	183465	-
Assets/Animated Tropical Vegetation/Textures/billboards/small_tree_4_billboard_color.png	e341bb582df8c19439152a06d64cd431	Texture2D	626055	-
Assets/Animated Tropical Vegetation/Textures/billboards/small_tree_4_billboard_normal.png	1e8d7d57b4ed30e45a508888b5a08ba4	Texture2D	165484	-
Assets/Animated Tropical Vegetation/Textures/billboards/tropical_plant_billboard_color.png	ddff7b9626b1eb04aac019fc5dcee163	Texture2D	286929	-
Assets/Animated Tropical Vegetation/Textures/billboards/tropical_plant_billboard_normal.png	71327dbd83a1a0f409f0638001e64f95	Texture2D	46364	-
Assets/Animated Tropical Vegetation/Textures/bushy_palm_1_color.png	607077434c56915488064bd3793e15f7	Texture2D	167053	-
Assets/Animated Tropical Vegetation/Textures/bushy_palm_1_normal.png	72b75242b84cad64e8da73cbb6b6bbe9	Texture2D	107798	-
Assets/Animated Tropical Vegetation/Textures/bushy_palm_2_color.png	92bdab1f465e68b4f946a0d1ec6dc08d	Texture2D	340346	-
Assets/Animated Tropical Vegetation/Textures/bushy_palm_2_normal.png	7ccc63fe1d95fc3479f5579e4444ec73	Texture2D	137628	-
Assets/Animated Tropical Vegetation/Textures/dead_tree_bark_color.png	fa7330c8dcad02642b714cd583cc912b	Texture2D	1319627	-
Assets/Animated Tropical Vegetation/Textures/dead_tree_bark_normal.png	bcecdbf82439cc9479c0882ee7593e7c	Texture2D	1469356	-
Assets/Animated Tropical Vegetation/Textures/dead_tree_leaves_color.png	42edafbd2f785d3458a6611932ac3e6a	Texture2D	93176	-
Assets/Animated Tropical Vegetation/Textures/dead_tree_leaves_normal.png	251294be9f5936b45ba39ba4ddaee68f	Texture2D	21447	-
Assets/Animated Tropical Vegetation/Textures/jungle_bush_leaves_color.png	2096f98097ccf1340a3d7d148c227509	Texture2D	277959	scene:BH_XR_MainScene
Assets/Animated Tropical Vegetation/Textures/jungle_bush_leaves_normal.png	e73fb4a14181cf745b24272562a1b084	Texture2D	61250	scene:BH_XR_MainScene
Assets/Animated Tropical Vegetation/Textures/palm_tree_1_bark_color.png	9c416b5d998ca174a86f2f3b4b9473f0	Texture2D	2516353	-
Assets/Animated Tropical Vegetation/Textures/palm_tree_1_bark_normal.png	f8ed87812711eda4cbc92e6f1feb8c25	Texture2D	2595514	-
Assets/Animated Tropical Vegetation/Textures/palm_tree_1_leaves_color.png	5c348f044840fcc40accc1a851f9dc1e	Texture2D	1259815	-
Assets/Animated Tropical Vegetation/Textures/palm_tree_1_leaves_normal.png	bdcde455485f459478240c75eb134b99	Texture2D	201269	-
Assets/Animated Tropical Vegetation/Textures/palm_tree_2_bark_color.png	5b31fcf8c7e3cb34aac19d1493442159	Texture2D	567268	-
Assets/Animated Tropical Vegetation/Textures/palm_tree_2_bark_normal.png	61f1880e066451b4a9a7d4e28d41e11b	Texture2D	509386	-
Assets/Animated Tropical Vegetation/Textures/palm_tree_2_leaves_color.png	c68d0061848d3c94cb3dc04c0404d26e	Texture2D	841605	-
Assets/Animated Tropical Vegetation/Textures/palm_tree_2_leaves_normal.png	db0b08e9f4d6c6142bec2844d1e6525a	Texture2D	171238	-
Assets/Animated Tropical Vegetation/Textures/palm_tree_3_bark_color.png	c86b96e775f3c5f49a4ffc955379e62e	Texture2D	1607430	-
Assets/Animated Tropical Vegetation/Textures/palm_tree_3_bark_normal.png	4413d93077f724246b56c27f39dec20e	Texture2D	1765514	-
Assets/Animated Tropical Vegetation/Textures/palm_tree_3_leaves_color.png	74ab009edab3b8540938382f50a3a6aa	Texture2D	1019279	-
Assets/Animated Tropical Vegetation/Textures/palm_tree_3_leaves_normal.png	c6e17efa0d0a2dd419dcc6cfc34864d3	Texture2D	747291	-
Assets/Animated Tropical Vegetation/Textures/small_tree_bark_color.png	07f87c744a3d1484bb97dc03d69c2b37	Texture2D	615443	-
Assets/Animated Tropical Vegetation/Textures/small_tree_bark_normal.png	ea03e60569f18b94c8fa754d45a826f3	Texture2D	592089	-
Assets/Animated Tropical Vegetation/Textures/small_tree_leaves_color.png	595a2d52706e9b44087f984e23c329c9	Texture2D	194295	-
Assets/Animated Tropical Vegetation/Textures/small_tree_leaves_normal.png	6d9f7f63cae324c46bdf73b73b4b5127	Texture2D	43128	-
Assets/Animated Tropical Vegetation/Textures/tropical_plant_leaf_color.png	b121e5db81a0b1d4fb5cd45f364fe343	Texture2D	268666	-
Assets/Animated Tropical Vegetation/Textures/tropical_plant_leaf_normal.png	5e0ba90107b543d47956b2b78fefa450	Texture2D	183729	-
Assets/Animated Tropical Vegetation/Tools/ObjectPainter.cs	5be435bdab32b554284cc5ffd1e270b6	MonoScript	6492	-
Assets/BCAT_AuditReports/WebGL_Performance_Audit_20260626_120243.txt	cad0b57b1a148448e844a388bdde9d3f	TextAsset	6558	-
Assets/BCAT_GLB_TextureRemediation/dishwasher/Texture_0 _00.png	c8f775df5c4a049f493a4e05afe8579e	Texture2D	292413	scene:BH_XR_MainScene
Assets/BCAT_GLB_TextureRemediation/dishwasher/Texture_1 _01.png	43d61fb9301d8444baaf0afd3ef95852	Texture2D	417536	scene:BH_XR_MainScene
Assets/BCAT_GLB_TextureRemediation/dishwasher/Texture_2 _02.png	c8b710220c9594ec5a5afd47ab3c6cb4	Texture2D	1682613	scene:BH_XR_MainScene
Assets/BCAT_GLB_TextureRemediation/drone/Texture_2 _00.png	212900795a83b41a7aed9cc73bf058f2	Texture2D	970365	scene:BH_XR_MainScene
Assets/BCAT_GLB_TextureRemediation/drone/Texture_3 _01.png	9d545f4acc60f4b63a24c3887f71320a	Texture2D	2075038	scene:BH_XR_MainScene
Assets/BCAT_GLB_TextureRemediation/generic_tulip_flower/Texture_0 _00.png	ed768d908afcc44ecbc909dafbc4b86a	Texture2D	3381213	scene:BH_XR_MainScene
Assets/BCAT_GLB_TextureRemediation/generic_tulip_flower/Texture_1 _01.png	944d0b267e1ff407991b26fe51773b65	Texture2D	2252034	scene:BH_XR_MainScene
Assets/BCAT_GLB_TextureRemediation/generic_tulip_flower/Texture_2 _02.png	552a576ab46ba411e9f9a5ddf0864490	Texture2D	3965650	scene:BH_XR_MainScene
Assets/BCAT_GLB_TextureRemediation/metal_table_asset/Texture_0 _00.png	d466b51507a60413886c7fd9ef86ce29	Texture2D	12377140	scene:BH_XR_MainScene
Assets/BCAT_GLB_TextureRemediation/metal_table_asset/Texture_1 _01.png	7f5da3bd6ccec4821879274a4d711a76	Texture2D	8796351	scene:BH_XR_MainScene
Assets/BCAT_GLB_TextureRemediation/metal_table_asset/Texture_2 _02.png	b6475189a2d134c61b9d5887f8e23fb3	Texture2D	12298145	scene:BH_XR_MainScene
Assets/BCaT/Exhibits/BlackKitchen/Audio/birthday_cake.mp3	0c2392e9f788d40b2b0e8a9ca64e0175	AudioClip	2693086	scene:BlackKitchen_MemoryScene
Assets/BCaT/Exhibits/BlackKitchen/Audio/cultural_background.mp3	6d121ffb58789489c8cc7f4597d5bd04	AudioClip	731633	scene:BlackKitchen_MemoryScene
Assets/BCaT/Exhibits/BlackKitchen/Audio/exit_reflection.mp3	0d565266d0cb1404c93901cb9e501aae	AudioClip	3399471	scene:BlackKitchen_MemoryScene
Assets/BCaT/Exhibits/BlackKitchen/Audio/kitchen_conversation.mp3	a7a58814e7ab248da9b73f8c22610567	AudioClip	2211889	scene:BlackKitchen_MemoryScene
Assets/BCaT/Exhibits/BlackKitchen/Audio/niece_cake.mp3	d0e9a89aab5d74a0e810aa40c32144c3	AudioClip	627681	scene:BlackKitchen_MemoryScene
Assets/BCaT/Exhibits/BlackKitchen/Audio/rice_and_bean_pot.mp3	7a87e41b6419e4f34b2a72ca1285cba2	AudioClip	1509859	scene:BlackKitchen_MemoryScene
Assets/BCaT/Exhibits/BlackKitchen/Documentation/BlackKitchen_ImplementationNotes.txt	b5ec6b75f35ec48b5a2001b6bcec1bf4	TextAsset	378	-
Assets/BCaT/Exhibits/BlackKitchen/Editor/BlackKitchenExperienceBuilder.cs	0e6f9cb84fd3740e693080e8b2d7aa98	MonoScript	23360	-
Assets/BCaT/Exhibits/BlackKitchen/Materials/BlackKitchen_DarkFloor.mat	2f68208d7eb0a462d93f0bed42e1bf8e	Material	3839	scene:BlackKitchen_MemoryScene
Assets/BCaT/Exhibits/BlackKitchen/Materials/BlackKitchen_DarkWall.mat	61d4ed4e31f29485cbd65f9817047248	Material	3827	-
Assets/BCaT/Exhibits/BlackKitchen/Materials/BlackKitchen_PromptPanel.mat	c5d368c6ddf3444b4bbd1316fc7f02e7	Material	3832	-
Assets/BCaT/Exhibits/BlackKitchen/Models/BlackKitchen_ScannedEnvironment.glb	9219852dcb8fc461ca23946a136c6119	GameObject	34495692	scene:BlackKitchen_MemoryScene
Assets/BCaT/Exhibits/BlackKitchen/Models/Reference/point_cloud_scan_REFERENCE_ONLY_DO_NOT_BUILD.ply	07d524d5782484ade815a913c3cfcc75	DefaultAsset	76945833	-
Assets/BCaT/Exhibits/BlackKitchen/Scenes/BlackKitchen_MemoryScene.unity	22bc6237247ca41a09d4974e94a690a7	SceneAsset	120017	scene:BlackKitchen_MemoryScene
Assets/BCaT/Exhibits/BlackKitchen/Scripts/BlackKitchenAmbientZone.cs	cbb68e5354bbb45eea7f51ccb88447d4	MonoScript	3101	scene:BlackKitchen_MemoryScene
Assets/BCaT/Exhibits/BlackKitchen/Scripts/BlackKitchenAudioCoordinator.cs	21ee6d0fd3fc04d26bcc02c4e9c3153b	MonoScript	10450	scene:BlackKitchen_MemoryScene
Assets/BCaT/Exhibits/BlackKitchen/Scripts/BlackKitchenExperienceController.cs	4a43b1f92735d4031aec13ff009abbd3	MonoScript	28618	scene:BlackKitchen_MemoryScene
Assets/BCaT/Exhibits/BlackKitchen/Scripts/BlackKitchenInteractionGate.cs	7a64c207f7d3e49109c3fb7d7ce817b8	MonoScript	899	-
Assets/BCaT/Exhibits/BlackKitchen/Scripts/BlackKitchenOvenInteraction.cs	422dbe83c8f9f496cbec80c83f7a851b	MonoScript	10840	scene:BlackKitchen_MemoryScene
Assets/BCaT/Exhibits/BlackKitchen/Scripts/BlackKitchenPortalController.cs	8b7d3107327604f349b38e2bef26026e	MonoScript	8455	scene:BH_XR_MainScene
Assets/BCaT/Exhibits/BlackKitchen/Scripts/BlackKitchenSessionState.cs	9041d6110842344e8bce9fce2130d147	MonoScript	307	-
Assets/BCaT/Exhibits/BlackKitchen/Scripts/BlackKitchenStoryInteractable.cs	a0bb57647572b4453884e1738897fd39	MonoScript	9613	scene:BlackKitchen_MemoryScene
Assets/BCaT/Exhibits/BlackKitchen/Scripts/BlackKitchenXrSelectRelay.cs	daac22aa381da47a986e499839d94195	MonoScript	1165	scene:BH_XR_MainScene,scene:BlackKitchen_MemoryScene
Assets/BCaT/Exhibits/PrivacyLawExhibit/Editor/PrivacyLawExhibitContentUpdater.cs	c3a1fcf4c264c40de86878a73af23fb0	MonoScript	16282	-
Assets/BCaT/Exhibits/PrivacyLawExhibit/Editor/PrivacyLawExhibitSceneBuilder.cs	6d5a089b686564c11969dab7db9d4381	MonoScript	21809	-
Assets/BCaT/Exhibits/PrivacyLawExhibit/Materials/PrivacyLaw_DarkPanel.mat	c4fab3806e38840808a7fe3ef72e9b7c	Material	1984	scene:BH_XR_MainScene
Assets/BCaT/Exhibits/PrivacyLawExhibit/Materials/PrivacyLaw_HologramLine.mat	6ebad9ebdbd31455c959f4c4941b5577	Material	1976	scene:BH_XR_MainScene
Assets/BCaT/Exhibits/PrivacyLawExhibit/Materials/PrivacyLaw_Panel.mat	46cd517bf715d4089ab5d294fb92a3ee	Material	1980	scene:BH_XR_MainScene
Assets/BCaT/Exhibits/PrivacyLawExhibit/Prefabs/PrivacyLawExhibit.prefab	509b34ff9299141aba5ddcca37a8a11e	GameObject	264735	scene:BH_XR_MainScene
Assets/BCaT/Exhibits/PrivacyLawExhibit/Scripts/PrivacyLawExhibitController.cs	602d63ba096df438391e19497bc6cd57	MonoScript	20042	scene:BH_XR_MainScene
Assets/BCaT/Exhibits/PrivacyLawExhibit/Scripts/PrivacyLawProximityRelay.cs	c84fee66963144520ac04596ec754f27	MonoScript	547	scene:BH_XR_MainScene
Assets/BCaT/Exhibits/PrivacyLawExhibit/Textures/PrivacyLaw_Figure01.png	899d69ff38a9e473388271f8c97f5b11	Texture2D	217242	scene:BH_XR_MainScene
Assets/BCaT/Exhibits/PrivacyLawExhibit/Textures/PrivacyLaw_Figure02.png	a7efe9d18be3043398857439fba7a4af	Texture2D	377310	scene:BH_XR_MainScene
Assets/BCaT/Exhibits/PrivacyLawExhibit/Textures/PrivacyLaw_Figure03.jpg	29cf27d2cd336447089762f1aa32d011	Texture2D	365251	scene:BH_XR_MainScene
Assets/BCaT/Exhibits/PrivacyLawExhibit/Textures/PrivacyLaw_SourceBlueprint.png	5c6b0cdb7c4c74fb3b94443a6dc96265	Texture2D	449433	-
Assets/BCaT/SceneTransitions/Scenes/LoadingScene.unity	e4b6edc3be9c46caada6c5451608bc17	SceneAsset	6420	scene:LoadingScene
Assets/BCaT/SceneTransitions/Scripts/LoadingSceneController.cs	e4e904f4a0f54ee383e0e820ce7ef400	MonoScript	2588	scene:LoadingScene
Assets/BCaT/SceneTransitions/Scripts/SceneArrivalController.cs	2d468affb3744e03abe7bbe019fb0179	MonoScript	18614	scene:BH_XR_MainScene,scene:BlackKitchen_MemoryScene
Assets/BCaT/SceneTransitions/Scripts/ScenePlatformRigSelector.cs	b02981f9fe884bc8b9c657dfff56123a	MonoScript	2214	scene:BlackKitchen_MemoryScene
Assets/BCaT/SceneTransitions/Scripts/ScenePlayerRig.cs	1235cc432bdf4f5d94d1323b509c6a48	MonoScript	217	scene:BH_XR_MainScene,scene:BlackKitchen_MemoryScene
Assets/BCaT/SceneTransitions/Scripts/SceneSpawnPoint.cs	85a5fc6885d1414682f2caf173ba75f3	MonoScript	160	scene:BH_XR_MainScene,scene:BlackKitchen_MemoryScene
Assets/BCaT/SceneTransitions/Scripts/SceneTransitionState.cs	5124cc9b25ee48fa83300b212e815886	MonoScript	2180	-
Assets/BCaT_assets/9night/9night-soundscape.wav	c6874aa1fef6c48578572af25c282d73	AudioClip	99988554	scene:BH_XR_MainScene
Assets/BCaT_assets/9night/drum.glb	78899a072c6b0420bbf557b45b4d7377	GameObject	12389116	scene:BH_XR_MainScene
Assets/BCaT_assets/BTMMP_Workstation_Assembly/blue-oil-barrel-with-lots-of-spray-paint-streaks/source/oil barrel1hig22low uv.fbx	3d28e6eac3b1f497984cd501d17d3a48	GameObject	342364	scene:BH_XR_MainScene
Assets/BCaT_assets/BTMMP_Workstation_Assembly/camera-canon-eos-400d/source/Cilindro low-bajo.fbx	91bf82b17ad434a32801944e0081b62d	GameObject	292192	scene:BH_XR_MainScene
Assets/BCaT_assets/BTMMP_Workstation_Assembly/camera-canon-eos-400d/textures/Camara_Low_V2_lambert3_BaseColor.png	4a1537a049d9d4295bbd3049ba73b02c	Texture2D	1422749	scene:BH_XR_MainScene
Assets/BCaT_assets/BTMMP_Workstation_Assembly/camera-canon-eos-400d/textures/Camara_Low_V2_lambert3_Normal.png	8f159b3ecfda548c4957fcba5425ced3	Texture2D	14076281	scene:BH_XR_MainScene
Assets/BCaT_assets/BTMMP_Workstation_Assembly/drone.glb	be050899573234ff29a4adc68b64602a	GameObject	16633652	scene:BH_XR_MainScene
Assets/BCaT_assets/BTMMP_Workstation_Assembly/flowerbarrel_with_tulips.glb	487b20c2c3ddf435cb2cedcbf42ff6e7	GameObject	17575828	scene:BH_XR_MainScene
Assets/BCaT_assets/BTMMP_Workstation_Assembly/generic_tulip_flower.glb	227059631a98c4609b6d2337b7d30c96	GameObject	8429860	scene:BH_XR_MainScene
Assets/BCaT_assets/BTMMP_Workstation_Assembly/metal_table_asset.glb	cd8c855b4f149409abcb50b2e6306004	GameObject	29600972	scene:BH_XR_MainScene
Assets/BCaT_assets/BTMMP_Workstation_Assembly/notebook.glb	eac12f59922e443f49156425a73f4d90	GameObject	4185300	scene:BH_XR_MainScene
Assets/BCaT_assets/BTMMP_Workstation_Assembly/spray-paint-bottle-2/source/spray_paint_bottle_2.fbx	a27e2e5c0f5c345428baf6ad94db21d7	GameObject	138476	scene:BH_XR_MainScene
Assets/BCaT_assets/BTMMP_Workstation_Assembly/spray-paint-bottle-2/textures/diffuse.jpg	79c1fd104381245f3b1fb20efa2b9e8d	Texture2D	1590799	scene:BH_XR_MainScene
Assets/BCaT_assets/BTMMP_Workstation_Assembly/spray-paint-bottle-2/textures/normal.jpg	46469bd4c8a0b4aef968dafc43f0e121	Texture2D	1985517	scene:BH_XR_MainScene
Assets/BCaT_assets/BTMMP_Workstation_Assembly/spray_can.glb	9d8b205b917f041a281779b5a95da0f3	GameObject	5592488	scene:BH_XR_MainScene
Assets/BCaT_assets/BlackFamilyMuseumArchive/Models/chest.glb	11e54bb98a1bf497e95f2f7662f0c9b8	GameObject	1533900	scene:BH_XR_MainScene
Assets/BCaT_assets/BlackFamilyMuseumArchive/Models/chest_chair.glb	1cd7df1d0648c414abb812bfedab3d2f	GameObject	1465168	scene:BH_XR_MainScene
Assets/BCaT_assets/BlackFamilyMuseumArchive/Prefabs/BFM_Chest_OnChair.prefab	3e5f78fa113094fd082c01b8d4af416b	GameObject	6942	-
Assets/BCaT_assets/BlackFamilyMuseumArchive/Prefabs/BFM_Chest_OnChair_W_Text.prefab	8d8c050586c6d48c683dfa01ce310f80	GameObject	19064	scene:BH_XR_MainScene
Assets/BCaT_assets/BlackParlors/Assets/BreonnaTaylorMural.mat	e837c35389aba49158001b66925687e1	Material	3958	scene:BH_XR_MainScene
Assets/BCaT_assets/BlackParlors/Assets/Parlor_img.jpg	5cd987a1e6d344d68b3af76ddfa34f63	Texture2D	298614	scene:BH_XR_MainScene
Assets/BCaT_assets/BlackParlors/Assets/Photo_Parlor.mat	3743dc9c7658b44c2bb0b43fa4b4a7a2	Material	3952	scene:BH_XR_MainScene
Assets/BCaT_assets/BlackParlors/Assets/breonna-taylor-mural-img.jpeg	100b7c8aee2434bdab1ce47b91d948cf	Texture2D	586038	scene:BH_XR_MainScene
Assets/BCaT_assets/BlackParlors/Assets/picture-frame/source/pictureframe.fbx	de96f11f610d649188ad95efa70d15fc	GameObject	2166880	-
Assets/BCaT_assets/BlackParlors/Assets/picture-frame/textures/pictureframe.png	793066a1575be4799b1a061bc3adb6aa	Texture2D	1692975	-
Assets/BCaT_assets/BlackParlors/Assets/pictureframe.prefab	c5c7119b6a3cc4204bef06ab172171eb	GameObject	6163	scene:BH_XR_MainScene
Assets/BCaT_assets/BlackParlors/Prefabs/Black_Parlors.prefab	ef8a7d3f0dc744045886f7669c7e482f	GameObject	15198	scene:BH_XR_MainScene
Assets/BCaT_assets/ExhibitCanvases/DigitalExhibitCanvas.prefab	7dd700f132ab4ebea1b8c3f24cda1944	GameObject	13503	-
Assets/BCaT_assets/ExhibitCanvases/HolographicPhotoSlideshow.prefab	e411903cb54041b3945a90393c7f3449	GameObject	50553	-
Assets/BCaT_assets/ExhibitCanvases/MediaExhibitCanvas.prefab	04afc7f85dd4436d932df34844bccac2	GameObject	13495	-
Assets/BCaT_assets/ExhibitCanvases/MediaVideoExhibit_Billboard.prefab	08d443fd45c44a608b90b7ebace7e57a	GameObject	36708	-
Assets/BCaT_assets/ExhibitCanvases/MediaVideoExhibit_Hologram.prefab	376c7a7fe6604c2084ea3a3aae447387	GameObject	30970	-
Assets/BCaT_assets/ExhibitCanvases/SoundExhibitCanvas.prefab	d9dbe053d52d4bd19024730bec691c74	GameObject	13521	-
Assets/BCaT_assets/HOMED/Box_Img.mat	0008191c6b16946818aa1d7b42e3e769	Material	3911	scene:BH_XR_MainScene
Assets/BCaT_assets/HOMED/Letters.mat	b05223ade2cae420c8e98a4d9bcb6626	Material	3978	scene:BH_XR_MainScene
Assets/BCaT_assets/HOMED/Models/Candle.glb	861898bb17b4d44178aeebfb7ff10aad	GameObject	1274652	scene:BH_XR_MainScene
Assets/BCaT_assets/HOMED/Models/Recipe-Box.glb	e933342e531354997b0bc3899c77c744	GameObject	1578676	scene:BH_XR_MainScene
Assets/BCaT_assets/HOMED/Prefabs/HOMED.prefab	5bb49e593d71148b88b4a0730b72b942	GameObject	21321	scene:BH_XR_MainScene
Assets/BCaT_assets/HOMED/Recipe_Box_Rice.jpeg	c044f51d9fc4841aa8b3704c46edfa5d	Texture2D	1213608	scene:BH_XR_MainScene
Assets/BCaT_assets/HOMED/Recipe_Box_letters.png	ec08db90d8fc84da7bd554dc4b20d619	Texture2D	2924497	scene:BH_XR_MainScene
Assets/BCaT_assets/HOMED/Recipe_box_img.jpeg	96465846cb1574ab89b10e170fdd4880	Texture2D	1315171	scene:BH_XR_MainScene
Assets/BCaT_assets/HOMED/Rice.mat	56ab3b63440bc409e8b205546b809005	Material	3907	scene:BH_XR_MainScene
Assets/BCaT_assets/LindaLeaks/Images/LL_CoopHousing_01.jpg	e51153e6b49064bf1a0110fad38d0f88	Texture2D	257869	scene:BH_XR_MainScene
Assets/BCaT_assets/LindaLeaks/Images/LL_CoopHousing_02.jpg	445da8dd22caf4171878975d3a9e6acf	Texture2D	321221	scene:BH_XR_MainScene
Assets/BCaT_assets/LindaLeaks/Images/LL_CoopHousing_03.jpg	77242ffc304434b878b068fbccc6d54f	Texture2D	273241	scene:BH_XR_MainScene
Assets/BCaT_assets/LindaLeaks/Images/LL_CoopHousing_04.jpg	49b19f608fdcf4aeda795ee18c81b5b9	Texture2D	369875	scene:BH_XR_MainScene
Assets/BCaT_assets/LindaLeaks/Images/LL_CoopHousing_05.jpg	2c7f179bbd2534b7a84e6f590aa9063f	Texture2D	367470	scene:BH_XR_MainScene
Assets/BCaT_assets/LindaLeaks/Images/LL_CoopHousing_06.png	d329c7b86fd7b4e2193c9fab4d74e192	Texture2D	10301780	scene:BH_XR_MainScene
Assets/BCaT_assets/LindaLeaks/Images/LL_CoopHousing_07.jpeg	93610d61e898e4d62823a323a686ebc1	Texture2D	92353	scene:BH_XR_MainScene
Assets/BCaT_assets/LindaLeaks/Images/LL_CoopHousing_08.jpg	7a631fee961ff47e4a7c11f45ba31104	Texture2D	285776	scene:BH_XR_MainScene
Assets/BCaT_assets/LindaLeaks/Images/LL_CoopHousing_09.jpg	38ea0cb33b6b04eba8a0af0dd74637c8	Texture2D	282610	scene:BH_XR_MainScene
Assets/BCaT_assets/LindaLeaks/Images/LL_map.png	44eeffb0d387448bcb81257325a8b5a0	Texture2D	6543523	scene:BH_XR_MainScene
Assets/BCaT_assets/LindaLeaks/Images/image03b.jpg	523c5df7dec434a6899087e8d1b205a9	Texture2D	248536	-
Assets/BCaT_assets/LindaLeaks/Images/image05b.jpg	6da669281fbd042c9831b697e48939a6	Texture2D	301193	-
Assets/BCaT_assets/LindaLeaks/Images/image07b.jpg	cdd4916329c6b4400a37e175a95e62e7	Texture2D	257869	-
Assets/BCaT_assets/LindaLeaks/Images/image22b.jpg	d8d361d757709411d9b57d2ffc6298ab	Texture2D	356459	-
Assets/BCaT_assets/LindaLeaks/Images/image26b.jpg	f1c029fb138fd407298446f7e35a3cba	Texture2D	354669	-
Assets/BCaT_assets/LindaLeaks/Images/image58.jpg	e50d6566c714d41c887f1652cef46c6c	Texture2D	323695	-
Assets/BCaT_assets/LindaLeaks/Images/image66.jpg	afa0001c1065a46059c758eac0cbc1bd	Texture2D	61100	-
Assets/BCaT_assets/LindaLeaks/Images/image68.jpg	80f7cfae854044f4a8d3593d51027cb6	Texture2D	276410	-
Assets/BCaT_assets/LindaLeaks/Images/image69.asset	f2b62439dfe934a5fb834caba7412c44	Sprite	5028	-
Assets/BCaT_assets/LindaLeaks/Images/image69.jpg	0553074ef708d44e18f051a8373d0a67	Texture2D	272867	-
Assets/BCaT_assets/LindaLeaks/Linda_Leaks_CHOF_720p.mp4	e8f8953eb957a423788fd5aae2865145	VideoClip	34127159	-
Assets/BCaT_assets/LindaLeaks/Linda_Leaks_CHOF_720p_audio.wav	38ed8bab06df4a70be98811a329efad1	AudioClip	55976110	scene:BH_XR_MainScene
Assets/BCaT_assets/LindaLeaks/Materials/LL_Brass.mat	ce55db32f43514d1fa8cac33d33464b2	Material	3835	scene:BH_XR_MainScene
Assets/BCaT_assets/LindaLeaks/Materials/LL_DeepPlum.mat	45563a30070084b65b497fdf5c19f79e	Material	3840	scene:BH_XR_MainScene
Assets/BCaT_assets/LindaLeaks/Materials/LL_MossGreen.mat	e00377e87783e4dfba16c27fcf16782d	Material	3843	scene:BH_XR_MainScene
Assets/BCaT_assets/LindaLeaks/Materials/LL_RoseClay.mat	6e007b25e8d7a4eaaaf287117e55a510	Material	3835	-
Assets/BCaT_assets/LindaLeaks/Materials/LL_WarmPaper.mat	061f2f44dda414550b115d817fa80563	Material	3830	scene:BH_XR_MainScene
Assets/BCaT_assets/LindaLeaks/Models/LL_AntiqueCamera.glb	8b5065b9dbf104db49b211f1124cb164	GameObject	5022528	scene:BH_XR_MainScene
Assets/BCaT_assets/LindaLeaks/Models/LL_PhotoAlbum.glb	f49453a7cba9548f39155f0e8be63582	GameObject	6004636	scene:BH_XR_MainScene
Assets/BCaT_assets/LindaLeaks/Prefabs/LindaLeaks_Exhibit_HousingMap.prefab	a9f223bb7d2664f04b5756fd4765c76c	GameObject	46751	scene:BH_XR_MainScene
Assets/BCaT_assets/LindaLeaks/Prefabs/LindaLeaks_Exhibit_PhotoAlbum.prefab	1c215db076e9b43d3ab42c99efce3915	GameObject	87148	scene:BH_XR_MainScene
Assets/BCaT_assets/LindaLeaks/Prefabs/LindaLeaks_Exhibit_VintageCamera.prefab	ac65b22932d074699851b897dabb3f50	GameObject	63518	scene:BH_XR_MainScene
Assets/BCaT_assets/LindaLeaks/Scripts/Editor/LindaLeaksPhase2Builder.cs	6be31be9b4f6545a79d2b784571221c5	MonoScript	31109	-
Assets/BCaT_assets/LindaLeaks/Scripts/LindaLeaksPanelOpener.cs	eccaedd6d8f9f4dbb9f85eef839af47a	MonoScript	4166	scene:BH_XR_MainScene
Assets/BCaT_assets/LindaLeaks/Scripts/LindaLeaksPhotoAlbumController.cs	266a1887da8bc464082b9bb6da153bbc	MonoScript	3022	-
Assets/BCaT_assets/LindaLeaks/Scripts/LindaLeaksVideoPopUp.cs	9cc50aef8f2f34b599339c9f0cdffeef	MonoScript	7128	-
Assets/BCaT_assets/LindaLeaks/UI/LL_HallOfFameVideo_RenderTexture.renderTexture	52cccaf26cd8d44b3bc9759791bb03c3	RenderTexture	877	scene:BH_XR_MainScene
Assets/BCaT_assets/Meshell_Sturgis/BMLR.mat	8cdbbc0d748d84b9181f1aca9b57992b	Material	3944	scene:BH_XR_MainScene
Assets/BCaT_assets/Meshell_Sturgis/Big Mama_s Living Room.jpg	3525912678f064c1f9b0d237c539ef7d	Texture2D	5590566	scene:BH_XR_MainScene
Assets/BCaT_assets/Meshell_Sturgis/My Grandma's Garden.heif	fb629ae2b921c441987923982913a896	DefaultAsset	2423929	-
Assets/BCaT_assets/Meshell_Sturgis/My Grandma's Garden.png	ff6780826a6794ee395898a313252993	Texture2D	16537844	scene:BH_XR_MainScene
Assets/BCaT_assets/Meshell_Sturgis/articles/A Tesseract for Art & Scholarship _ New Archives.pdf	1edef08dbae9a4a0e8dde648f0b53e30	DefaultAsset	4971816	-
Assets/BCaT_assets/Meshell_Sturgis/articles/AYIBA_2020_2021.pdf	62baf69fd1a724b5dbfa726763501c54	DefaultAsset	6741337	-
Assets/BCaT_assets/Meshell_Sturgis/articles/Getting Home Article.pdf	95b0eb9bda21a44d69878f53d30258bd	DefaultAsset	91121	-
Assets/BCaT_assets/Meshell_Sturgis/articles/Pages/BlackRefractions/page_001.png	6ab6e12ca2d234b228ba6082edbb5ad7	Texture2D	455322	scene:BH_XR_MainScene
Assets/BCaT_assets/Meshell_Sturgis/articles/Pages/BlackRefractions/page_002.png	937a255e21ec04e419230d39aaf590b0	Texture2D	38835	scene:BH_XR_MainScene
Assets/BCaT_assets/Meshell_Sturgis/articles/Pages/BlackRefractions/page_003.png	64a9c5127f2064bd389e9d12ab71d6e6	Texture2D	266758	scene:BH_XR_MainScene
Assets/BCaT_assets/Meshell_Sturgis/articles/Pages/BlackRefractions/page_004.png	7123641c741fa4ae9af9e1b4c77a8199	Texture2D	266016	scene:BH_XR_MainScene
Assets/BCaT_assets/Meshell_Sturgis/articles/Pages/BlackRefractions/page_005.png	4220722edfef5432a9354ed1cd5937de	Texture2D	290827	scene:BH_XR_MainScene
Assets/BCaT_assets/Meshell_Sturgis/articles/Pages/BlackRefractions/page_006.png	88629c8e8524941c0b45fa55ffd6179e	Texture2D	97873	scene:BH_XR_MainScene
Assets/BCaT_assets/Meshell_Sturgis/articles/Pages/BlackRefractions/page_007.png	69f394606485d4015a37fdee1dc4d917	Texture2D	4592	scene:BH_XR_MainScene
Assets/BCaT_assets/Meshell_Sturgis/articles/Pages/BlackRefractions/page_008.png	509152b3f05354197954352e5d259cd4	Texture2D	60412	scene:BH_XR_MainScene
Assets/BCaT_assets/Meshell_Sturgis/articles/Pages/BlackRefractions/page_009.png	151ee79b1a0b548f3b28ead835ee51b3	Texture2D	309505	scene:BH_XR_MainScene
Assets/BCaT_assets/Meshell_Sturgis/articles/Pages/BlackRefractions/page_010.png	1bbc53d7e137b4d71871f38f0da74e68	Texture2D	58141	scene:BH_XR_MainScene
Assets/BCaT_assets/Meshell_Sturgis/articles/Pages/BlackRefractions/page_011.png	4f5d8fbf97252429fa66d0e1785fdfda	Texture2D	267551	scene:BH_XR_MainScene
Assets/BCaT_assets/Meshell_Sturgis/articles/Pages/BlackRefractions/page_012.png	e7c63bc2fd1754720b3bafb58d863a38	Texture2D	229965	scene:BH_XR_MainScene
Assets/BCaT_assets/Meshell_Sturgis/articles/Pages/BlackRefractions/page_013.png	9263392cb03c841d3b0dad6b6be093cf	Texture2D	170795	scene:BH_XR_MainScene
Assets/BCaT_assets/Meshell_Sturgis/articles/Pages/BlackRefractions/page_014.png	0f0dec3ae04224cb09802e6ded3accc6	Texture2D	212562	scene:BH_XR_MainScene
Assets/BCaT_assets/Meshell_Sturgis/articles/Pages/BlackRefractions/page_015.png	4762cfd716c4d40c2a0f57792c872a13	Texture2D	30880	scene:BH_XR_MainScene
Assets/BCaT_assets/Meshell_Sturgis/articles/Pages/BlackRefractions/page_016.png	b44513cefe8884553be53956c95d0457	Texture2D	245915	scene:BH_XR_MainScene
Assets/BCaT_assets/Meshell_Sturgis/articles/Pages/BlackRefractions/page_017.png	fef5baed9045a48989b96615b98a9699	Texture2D	240551	scene:BH_XR_MainScene
Assets/BCaT_assets/Meshell_Sturgis/articles/Pages/BlackRefractions/page_018.png	a65783a8bf0234f718554ca0f124f63b	Texture2D	117151	scene:BH_XR_MainScene
Assets/BCaT_assets/Meshell_Sturgis/articles/Pages/BlackRefractions/page_019.png	65878d177b7e24b47b11750a034d41d5	Texture2D	611703	scene:BH_XR_MainScene
Assets/BCaT_assets/Meshell_Sturgis/articles/Pages/BlackRefractions/page_020.png	ede9a1deaa3e04269ac6597dc16b3e8a	Texture2D	519983	scene:BH_XR_MainScene
Assets/BCaT_assets/Meshell_Sturgis/articles/Pages/BlackRefractions/page_021.png	41d30235fd42e4a97a62e93aec063d9a	Texture2D	224076	scene:BH_XR_MainScene
Assets/BCaT_assets/Meshell_Sturgis/articles/Pages/BlackRefractions/page_022.png	f88a13cb1f7534b13b21555512ef67e2	Texture2D	128868	scene:BH_XR_MainScene
Assets/BCaT_assets/Meshell_Sturgis/articles/Pages/BlackRefractions/page_023.png	3240d88d89b884e0389ca8aada4c2653	Texture2D	34446	scene:BH_XR_MainScene
Assets/BCaT_assets/Meshell_Sturgis/articles/Pages/BlackRefractions/page_024.png	8590ee113ec464c839a37b8ec92b688b	Texture2D	211709	scene:BH_XR_MainScene
Assets/BCaT_assets/Meshell_Sturgis/articles/Pages/BlackRefractions/page_025.png	43a6352b6b87c484493f949c646705e0	Texture2D	197478	scene:BH_XR_MainScene
Assets/BCaT_assets/Meshell_Sturgis/articles/Pages/BlackRefractions/page_026.png	25abd7bf36e2844d092922c80a2ca7cc	Texture2D	122986	scene:BH_XR_MainScene
Assets/BCaT_assets/Meshell_Sturgis/articles/Pages/BlackRefractions/page_027.png	2c9a6aa11f6804540981cb84083ff1f8	Texture2D	98546	scene:BH_XR_MainScene
Assets/BCaT_assets/Meshell_Sturgis/articles/Pages/BlackRefractions/page_028.png	0d8b627ca59034288bf2ee22bd90a95b	Texture2D	210591	scene:BH_XR_MainScene
Assets/BCaT_assets/Meshell_Sturgis/articles/Pages/BlackRefractions/page_029.png	ef1ccfe4d87e748d493438a59e5ae62b	Texture2D	225443	scene:BH_XR_MainScene
Assets/BCaT_assets/Meshell_Sturgis/articles/Pages/BlackRefractions/page_030.png	89f6f80a80654428eb9d786bced1f126	Texture2D	435890	scene:BH_XR_MainScene
Assets/BCaT_assets/Meshell_Sturgis/articles/Pages/BlackRefractions/page_031.png	910edfe5257744ae59f0de41e9c9b132	Texture2D	358642	scene:BH_XR_MainScene
Assets/BCaT_assets/Meshell_Sturgis/articles/Pages/BlackRefractions/page_032.png	1e45f77efaea9480a834c2aa6cd8f8b6	Texture2D	194860	scene:BH_XR_MainScene
Assets/BCaT_assets/Meshell_Sturgis/articles/Pages/BlackRefractions/page_033.png	55b2a01eb47504e4d8eff902dc051332	Texture2D	186370	scene:BH_XR_MainScene
Assets/BCaT_assets/Meshell_Sturgis/articles/Pages/BlackRefractions/page_034.png	a17329733db9341928b0009b61cb33bd	Texture2D	214720	scene:BH_XR_MainScene
Assets/BCaT_assets/Meshell_Sturgis/articles/Pages/BlackRefractions/page_035.png	34e7cf465f3a64e839e74f118740b08f	Texture2D	200737	scene:BH_XR_MainScene
Assets/BCaT_assets/Meshell_Sturgis/articles/Pages/BlackRefractions/page_036.png	73b45a3c598db4afc9e229c3121840f9	Texture2D	20887	scene:BH_XR_MainScene
Assets/BCaT_assets/Meshell_Sturgis/articles/Pages/BlackRefractions/page_037.png	a477efab83d114241b9548c86dc2021f	Texture2D	147763	scene:BH_XR_MainScene
Assets/BCaT_assets/Meshell_Sturgis/articles/Pages/BlackRefractions/page_038.png	c4f8bc603b6684ffe98abed627225f92	Texture2D	151451	scene:BH_XR_MainScene
Assets/BCaT_assets/Meshell_Sturgis/articles/Pages/BlackRefractions/page_039.png	c95e486fcdb334982bd635d32b82a9e8	Texture2D	171430	scene:BH_XR_MainScene
Assets/BCaT_assets/Meshell_Sturgis/articles/Pages/BlackRefractions/page_040.png	3c1ac3b8b11484ef8aa7425211744ad0	Texture2D	209196	scene:BH_XR_MainScene
Assets/BCaT_assets/Meshell_Sturgis/articles/Pages/BlackRefractions/page_041.png	15e13db57820841d9b63bacd78c7cef9	Texture2D	286326	scene:BH_XR_MainScene
Assets/BCaT_assets/Meshell_Sturgis/articles/Pages/BlackRefractions/page_042.png	b80e5ded1cba94f9191de11cbe12e227	Texture2D	201904	scene:BH_XR_MainScene
Assets/BCaT_assets/Meshell_Sturgis/articles/Pages/BlackRefractions/page_043.png	ea37382c8cac54709942ac0d81ffddb9	Texture2D	169019	scene:BH_XR_MainScene
Assets/BCaT_assets/Meshell_Sturgis/articles/Pages/GettingHome/page_001.png	cceae4be620a0482b9a1733463bd483e	Texture2D	206739	scene:BH_XR_MainScene
Assets/BCaT_assets/Meshell_Sturgis/articles/Pages/GettingHome/page_002.png	bb80a3ae18d2d4556b7ed7bcf9540630	Texture2D	324130	scene:BH_XR_MainScene
Assets/BCaT_assets/Meshell_Sturgis/articles/Pages/GettingHome/page_003.png	52e088b28ae11421596734d815c905f3	Texture2D	308587	scene:BH_XR_MainScene
Assets/BCaT_assets/Meshell_Sturgis/articles/Pages/GettingHome/page_004.png	3ceb79b0d78df48748fd01a714708521	Texture2D	296681	scene:BH_XR_MainScene
Assets/BCaT_assets/Meshell_Sturgis/articles/Pages/GettingHome/page_005.png	6cc12a4fa88a0486aa27a81e2952b153	Texture2D	305537	scene:BH_XR_MainScene
Assets/BCaT_assets/Meshell_Sturgis/articles/Pages/GettingHome/page_006.png	4b7baa33cfd1d4427bcc03f15f71f81a	Texture2D	285447	scene:BH_XR_MainScene
Assets/BCaT_assets/Meshell_Sturgis/articles/Pages/GettingHome/page_007.png	16f04410540284ae48240ef33338868d	Texture2D	286009	scene:BH_XR_MainScene
Assets/BCaT_assets/Meshell_Sturgis/articles/Pages/GettingHome/page_008.png	39689fcd829284f0a8eec65d4b8e807f	Texture2D	122794	scene:BH_XR_MainScene
Assets/BCaT_assets/Meshell_Sturgis/articles/Pages/Tesseract/page_001.png	4ebac9f318d324f468665621c4263697	Texture2D	209258	scene:BH_XR_MainScene
Assets/BCaT_assets/Meshell_Sturgis/articles/Pages/Tesseract/page_002.png	f4e4e19030394439593f7576ba98a765	Texture2D	169512	scene:BH_XR_MainScene
Assets/BCaT_assets/Meshell_Sturgis/articles/Pages/Tesseract/page_003.png	b47cad7f78f2b4c49a8f8ff04af9c65c	Texture2D	465720	scene:BH_XR_MainScene
Assets/BCaT_assets/Meshell_Sturgis/articles/Pages/Tesseract/page_004.png	560f14805b1d5472793791860401dacf	Texture2D	751246	scene:BH_XR_MainScene
Assets/BCaT_assets/Meshell_Sturgis/articles/Pages/Tesseract/page_005.png	5bf5c0bb8981a43419fb610db9dfbf94	Texture2D	747479	scene:BH_XR_MainScene
Assets/BCaT_assets/Meshell_Sturgis/articles/Pages/Tesseract/page_006.png	2e5d251094a3b4dc4972a3a14876bf08	Texture2D	781530	scene:BH_XR_MainScene
Assets/BCaT_assets/Meshell_Sturgis/articles/Pages/Tesseract/page_007.png	02061ae63908448ccb6fcefb9dae1323	Texture2D	782018	scene:BH_XR_MainScene
Assets/BCaT_assets/Meshell_Sturgis/articles/Pages/Tesseract/page_008.png	89ebdaf2aa3494e2aa370634d38e58e1	Texture2D	793787	scene:BH_XR_MainScene
Assets/BCaT_assets/Meshell_Sturgis/subjected_to_recognition_720p.mp4	80e74142482094496b0af508561a2042	VideoClip	230720	-
Assets/BCaT_assets/Ri/360_images/dining_room.jpg	47cf6d6256c1c447689c5b4d115faa01	Texture2D	2253027	-
Assets/BCaT_assets/Ri/360_images/kitchen.jpg	e67859cb580564c4783e75d877231824	Texture2D	8724936	-
Assets/BCaT_assets/Ri/360_images/living_room.jpg	0ad6dd3e40562448cb8cc50eca5549de	Texture2D	10180982	-
Assets/BCaT_assets/Ri/360_images/living_room_2.jpg	2ad5ac4ff409e4456a029cb082862372	Texture2D	2213686	-
Assets/BCaT_assets/Ri/Video/Kitchen_Video_RenderTexture.renderTexture	e30c5e5b906914aa3be200c0c87db299	RenderTexture	873	scene:BH_XR_MainScene
Assets/BCaT_assets/Ri/Video/TV_Video_RenderTexture.renderTexture	03f492ed06ed49eb9a6bcb2f496f3112	RenderTexture	868	scene:BH_XR_MainScene
Assets/BCaT_assets/Ri/Video/Vanity_Video_RenderTexture.renderTexture	2c5896b2cb25c4cb697c776a9cf67d00	RenderTexture	872	scene:BH_XR_MainScene
Assets/BCaT_assets/Ri/and that is the truth - you know what I'm meaning.mp3	e0f01f58060404e439304abce828cdde	AudioClip	17999572	scene:BH_XR_MainScene
Assets/BCaT_assets/Ri/and that is the truth - you know what I'm meaning_720p.mp4	2a51ef1f3fb7a4f9481aa5eaac8d9620	VideoClip	124790760	-
Assets/BCaT_assets/Ri/duppy know who fi frighten.mp3	52cbd48ff7f804572a0e18cc31d46d60	AudioClip	2669004	scene:BH_XR_MainScene
Assets/BCaT_assets/Ri/glass_fish.glb	d862f5550e3de454eb6fcbb90656bd5a	GameObject	10489132	scene:BH_XR_MainScene
Assets/BCaT_assets/Ri/such lovely gravy.mp3	307ac7eed40b942e6bc2bf8349756c98	AudioClip	1008340	scene:BH_XR_MainScene
Assets/BCaT_assets/Ri/such lovely gravy_720p.mp4	0fa9c270dbc194001aa700a9f0737386	VideoClip	7518495	-
Assets/BCaT_assets/Ri/you don't know about style my darling.mp3	6e787c8b7a35e4dcfa1e2349267ee16f	AudioClip	2660692	scene:BH_XR_MainScene
Assets/BCaT_assets/Ri/you don't know about style my darling_720p.mp4	0b58676588fca44be8eac322beaf1662	VideoClip	14920335	-
Assets/BCaT_assets/SewingRoom/VideoTexture.renderTexture	596edbebaad0f4a3a960f06c3a46225f	RenderTexture	859	scene:BH_XR_MainScene
Assets/BCaT_assets/SewingRoom/bed.glb	b1651a3289f334245b9bec82007dfd02	GameObject	21972076	scene:BH_XR_MainScene
Assets/BCaT_assets/SewingRoom/in_my_sisters_room_audio.wav	fad88a03a6bc148cda446e8c4a2d71a1	AudioClip	36634702	scene:BH_XR_MainScene
Assets/BCaT_assets/SewingRoom/needle_and_thread.glb	78445511b2c194a2ca401b6eb2bfc65b	GameObject	86304	scene:BH_XR_MainScene
Assets/BCaT_assets/SewingRoom/old_sewing_box.glb	ebc42e710279f4d68867b200027526be	GameObject	4369120	scene:BH_XR_MainScene
Assets/BCaT_assets/SewingRoom/pillow__quilt.glb	ade6cd34bd0614ae6b27475de588b3dc	GameObject	13420528	scene:BH_XR_MainScene
Assets/BCaT_assets/SewingRoom/sewing-sounds.wav	09d605ff6ebf4453fa8004309215b4c9	AudioClip	36757578	scene:BH_XR_MainScene
Assets/BCaT_assets/SewingRoom/sewing_machine.glb	0f13d814b4ac04fd8bcef2314125a2b3	GameObject	762504	scene:BH_XR_MainScene
Assets/BH_XR_MainScene.unity	682df8046c3564f1b92d250dd0fcf67b	SceneAsset	6372025	scene:BH_XR_MainScene
Assets/BH_XR_MainScene/LightingData.asset	2e9dece802dbe4f1880128fb637e987a	Object	20721	-
Assets/BH_XR_MainScene/ProBuilder Meshes/pb_Mesh-380728.asset	a8ee53aac2e084ac4be54f0ec8b50988	Mesh	8353	scene:BH_XR_MainScene
Assets/BrokenVector/LowPolyFencePack/Materials/Brown Wood.mat	1fc121be3f680634fbb8cab1fa2d47c8	Material	4000	-
Assets/BrokenVector/LowPolyFencePack/Materials/Colorsheets/Colorsheet Wood Brown.png	d63761f76a7a53b43b47dd37908310e3	Texture2D	166	-
Assets/BrokenVector/LowPolyFencePack/Materials/Colorsheets/Colorsheet Wood Red.png	ca19cfe9276d1af45a186e87e77f0d18	Texture2D	166	-
Assets/BrokenVector/LowPolyFencePack/Materials/Colorsheets/Colorsheet Wood Yellow.png	ab4f5d749d277bf4b97c8e86f257ee9c	Texture2D	166	-
Assets/BrokenVector/LowPolyFencePack/Materials/Occlusion/Occlusion Wood.png	e6b815121a9ab9042a015f0766222deb	Texture2D	158	-
Assets/BrokenVector/LowPolyFencePack/Materials/Red Wood.mat	6c7da534adf849442ab00c554ac221d1	Material	3997	-
Assets/BrokenVector/LowPolyFencePack/Materials/Yellow Wood.mat	ec2b0ecd91bd412439a8bab0d5f8a62d	Material	4002	-
Assets/BrokenVector/LowPolyFencePack/Models/Fence Type1 01.dae	607fa0a0a8b6097479348b4480edc606	GameObject	8285	-
Assets/BrokenVector/LowPolyFencePack/Models/Fence Type1 02.dae	e004c3c6d0ca04944ad39f9de61d9606	GameObject	10311	-
Assets/BrokenVector/LowPolyFencePack/Models/Fence Type1 Door.fbx	3bd29fe4ed3569940ac7518a56a0adfe	GameObject	56860	-
Assets/BrokenVector/LowPolyFencePack/Models/Fence Type2 01.dae	836c223527ea5104ea614a4dc350d6f8	GameObject	15324	-
Assets/BrokenVector/LowPolyFencePack/Models/Fence Type2 02.dae	e5af5116aa5f71b4fb5f5ffc3443447d	GameObject	15330	-
Assets/BrokenVector/LowPolyFencePack/Models/Fence Type2 03.dae	d48bf2190ea9990478b126e5e2540a8d	GameObject	18386	scene:BH_XR_MainScene
Assets/BrokenVector/LowPolyFencePack/Models/Fence Type2 Door.fbx	919734941a900d24090f2925025373f2	GameObject	57468	-
Assets/BrokenVector/LowPolyFencePack/Models/Fence Type3 01.dae	7e1ddd08b1b2c354a8ad951245480569	GameObject	15945	-
Assets/BrokenVector/LowPolyFencePack/Models/Fence Type3 02.dae	35aff7f9767a6ee429d8bdf31328705f	GameObject	20109	-
Assets/BrokenVector/LowPolyFencePack/Models/Fence Type3 Door.fbx	d70931b351fe10a45a0bfc07fd362a1b	GameObject	57100	-
Assets/BrokenVector/LowPolyFencePack/Models/Fence Type4 Big.dae	73b1ed3ef1428a24787cba8b7d5ac6b1	GameObject	27017	-
Assets/BrokenVector/LowPolyFencePack/Models/Fence Type4 Small.dae	6a52aea886ff71343a7b3ac3ec6dfd92	GameObject	25368	-
Assets/BrokenVector/LowPolyFencePack/Models/Fence Type5 Big.dae	1f40fa7399dd9aa4b93f77317682f7ed	GameObject	27836	-
Assets/BrokenVector/LowPolyFencePack/Models/Fence Type5 Small.dae	860b4a48bd6f3cf4b958a1d928e3c111	GameObject	19076	-
Assets/BrokenVector/LowPolyFencePack/Models/Fence Type6 Big.dae	528e1a5bd85e7dd4781f1fdd6a8cb01a	GameObject	23104	-
Assets/BrokenVector/LowPolyFencePack/Models/Fence Type6 Small.dae	32ece367df421af48acad3f16120520c	GameObject	20046	-
Assets/BrokenVector/LowPolyFencePack/Prefabs/Animated/Fence Type1 Door.prefab	9c385ba4a2784df4e957601bf4fafac1	GameObject	8906	-
Assets/BrokenVector/LowPolyFencePack/Prefabs/Animated/Fence Type2 Door.prefab	3ad8812903a70904f96d2fb56031ca18	GameObject	8908	-
Assets/BrokenVector/LowPolyFencePack/Prefabs/Animated/Fence Type3 Door.prefab	c3db2cebc8fb0e54ab37bf47bacb4b4a	GameObject	8940	-
Assets/BrokenVector/LowPolyFencePack/Prefabs/Fence Type1 01.prefab	4cc487e002327cb43995ca1871bd142e	GameObject	2559	-
Assets/BrokenVector/LowPolyFencePack/Prefabs/Fence Type1 02.prefab	d4f06407f06d8cf41b643015132cafca	GameObject	2575	-
Assets/BrokenVector/LowPolyFencePack/Prefabs/Fence Type2 01.prefab	b10237067370545479ead9bdac817d9c	GameObject	2575	-
Assets/BrokenVector/LowPolyFencePack/Prefabs/Fence Type2 02.prefab	c107d6218da3747479b38075e3042255	GameObject	2575	-
Assets/BrokenVector/LowPolyFencePack/Prefabs/Fence Type2 03.prefab	ab5e0beb1c36778479983f28b65d97dd	GameObject	2608	-
Assets/BrokenVector/LowPolyFencePack/Prefabs/Fence Type3 01.prefab	ee17d9afd26027744b8c7d0cc0f25022	GameObject	2575	-
Assets/BrokenVector/LowPolyFencePack/Prefabs/Fence Type3 02.prefab	49e86d56904ce434e84ead31c131cfbc	GameObject	2575	-
Assets/BrokenVector/LowPolyFencePack/Prefabs/Fence Type4 Big.prefab	6c7e01809ee343847a660faeaa78d718	GameObject	2576	-
Assets/BrokenVector/LowPolyFencePack/Prefabs/Fence Type4 Small.prefab	da8e893168526164591f81d60c0e06b1	GameObject	2578	-
Assets/BrokenVector/LowPolyFencePack/Prefabs/Fence Type5 Big.prefab	6bea119038cba374387862a060db5358	GameObject	2576	-
Assets/BrokenVector/LowPolyFencePack/Prefabs/Fence Type5 Small.prefab	a14aa485a8d4afa46a5e7e72b745ad92	GameObject	2578	-
Assets/BrokenVector/LowPolyFencePack/Prefabs/Fence Type6 Big.prefab	ac1f0ef7b8bec92458549c915b3114b7	GameObject	2600	-
Assets/BrokenVector/LowPolyFencePack/Prefabs/Fence Type6 Small.prefab	2d525f55a99e5bd4e98aec363e675a60	GameObject	2578	-
Assets/BrokenVector/LowPolyFencePack/Scenes/All Fences Example.unity	9fe87e25a2a95c940b6653376b9bf280	SceneAsset	116419	-
Assets/BrokenVector/LowPolyFencePack/Scenes/Animated Doors Example.unity	97633206e5a33f548ad39bb2bea8cad9	SceneAsset	18105	-
Assets/BrokenVector/LowPolyFencePack/Scenes/Animated Doors ExampleSettings.lighting	5cf272a11b12e4b9cbaef5c887e2ebfc	LightingSettings	1991	-
Assets/BrokenVector/LowPolyFencePack/Scripts/DoorController.cs	4bb6081b4a37bbe4dbe02dfbf915c25f	MonoScript	3550	-
Assets/BrokenVector/LowPolyFencePack/Scripts/DoorToggle.cs	f6a88a59113dd8940a03ac435b0f5a5e	MonoScript	686	-
Assets/BuildReports/Mobile/1aa58368c0fa4346bf86620c5fb2301f	30d60f8817ce048cf9a6d0b21e560e6c	DefaultAsset	22901	-
Assets/BuildReports/Mobile/1eefdeaab2224668891a2807ce507058	e4e05b98e9adf49e2bed9d027c41935c	DefaultAsset	22901	-
Assets/BuildReports/Mobile/220cbb4254c9460e900e78f82c58651c	f97ced929213444d98a85f19de8a2b99	DefaultAsset	22901	-
Assets/BuildReports/Mobile/29529e6364c54e10aa47a03e982b92d4	676e9727354604ee1998e84d4290343f	DefaultAsset	22901	-
Assets/BuildReports/Mobile/44adcd90dbbc4c528f73915ed14142bb	7b167228a3be7427d948dd3db0cfa5e8	DefaultAsset	22969	-
Assets/BuildReports/Mobile/57007e1103d5493daf17e1a7418a35f0	440474f108a9f4183a0378616e0f1ef6	DefaultAsset	22901	-
Assets/BuildReports/Mobile/65a0bc9f350f42abb151c748a6e72cdb	441b0b6ed9e9246dfbc1388f79998a55	DefaultAsset	22901	-
Assets/BuildReports/Mobile/6876888e7c514bd6ba6d9d542ada3c79	d6930f7e2da6240a699868ccf4c3775f	DefaultAsset	22901	-
Assets/BuildReports/Mobile/87e58408ab7543b183f9b508240be209	73202cf0657d84f8890f316dbe3d76c0	DefaultAsset	22901	-
Assets/BuildReports/Mobile/89fd0c775ede4cf692e5f403b4d420f6	11f6ed12bb3374338ab1daba917aba8d	DefaultAsset	22901	-
Assets/BuildReports/Mobile/a991b9f8f4b04192aae6d8776bc736a4	06f4f53c6cba44be79dc35d1ba40c9fc	DefaultAsset	22969	-
Assets/BuildReports/Mobile/c41d6576e8bc4d57a8f03203a9880128	4914ea1dec19349b096583e7d120b63c	DefaultAsset	22901	-
Assets/BuildReports/Mobile/da6d4a0669224482905c7c4285296f47	5f160be6f202b477d9c338168e994aea	DefaultAsset	22901	-
Assets/BuildReports/Mobile/e0a593999c99484e8f24f5bfd5f64d50	67d6991f106194295be6d204d8eda4b3	DefaultAsset	22901	-
Assets/BuildReports/Mobile/f8dace416cc34322af5fe76896b5d77c	ceba87163b09a4e7ca70ec9422b78035	DefaultAsset	22901	-
Assets/BuildReports/Mobile/f978f0e4e4944e9f8aa1fb8e8ef98817	06be51cdaca484d91b0ac444bd858a7f	DefaultAsset	22901	-
Assets/Coconut Palm Tree Pack/Coconut Palm Tree Pack.unity	2c82eb48b983f3545b1e251554f084ef	SceneAsset	92053	-
Assets/Coconut Palm Tree Pack/Coconut Palm Tree PackSettings.lighting	f9feb669e95df4d2baf4466720d7610a	LightingSettings	1991	-
Assets/Coconut Palm Tree Pack/Materials/Coconut_Palm_Tree_AFS.mat	4123024ef4e58b446bc6eebae6957516	Material	4663	scene:BH_XR_MainScene
Assets/Coconut Palm Tree Pack/Materials/Parts/Coconut_Palm_Tree_Bark1.mat	f1821e7f65ffbc44987652168539f8d2	Material	1471	-
Assets/Coconut Palm Tree Pack/Materials/Parts/Coconut_Palm_Tree_Bark2.mat	2bdcdb310dae9164187a5125ee7e4068	Material	1473	-
Assets/Coconut Palm Tree Pack/Materials/Parts/Coconut_Palm_Tree_Bark3.mat	a8b758070d5a9f349b7c20a99e301e35	Material	1542	-
Assets/Coconut Palm Tree Pack/Materials/Parts/Coconut_Palm_Tree_Brush.mat	01f88f8053e244f4f877846008c6e1eb	Material	1944	-
Assets/Coconut Palm Tree Pack/Materials/Parts/Coconut_Palm_Tree_Frond_Stem.mat	811fc76a48a2e4b4990e1c9997697274	Material	1533	-
Assets/Coconut Palm Tree Pack/Materials/Parts/Coconut_Palm_Tree_Leaf1.mat	4b5f9e711712e6d4e970e6b690cc30cc	Material	1968	-
Assets/Coconut Palm Tree Pack/Materials/Parts/Coconut_Palm_Tree_Leaf2.mat	08c6252b92ffc4344a02ee1d5dc8e603	Material	1969	-
Assets/Coconut Palm Tree Pack/Materials/bark.mat	77efaf0c87af98d44a142f9aaeafc89a	Material	3190	-
Assets/Coconut Palm Tree Pack/Materials/leaf.mat	6f16583b3cb065f48b487527b1fa5f05	Material	3332	-
Assets/Coconut Palm Tree Pack/Models/Coconut_Palm_Tree01_AFS.asset	aec9aca9c61be254dab4cd87d24b925c	Mesh	559967	scene:BH_XR_MainScene
Assets/Coconut Palm Tree Pack/Models/Coconut_Palm_Tree02_AFS.asset	09bd5d4c6f3acdd47ae3c2b5ddafb40e	Mesh	515819	-
Assets/Coconut Palm Tree Pack/Models/Coconut_Palm_Tree03_AFS.asset	4e975c9fee9059240ad6148f758dc61b	Mesh	582037	-
Assets/Coconut Palm Tree Pack/Models/Coconut_Palm_Tree04_AFS.asset	9c10318fd7011e74b892c4fd7f8c0e74	Mesh	444379	-
Assets/Coconut Palm Tree Pack/Models/Coconut_Palm_Tree05_AFS.asset	a7abdbdc306969943a5219f1b5bf045c	Mesh	481619	-
Assets/Coconut Palm Tree Pack/Models/Coconut_Palm_Tree06_AFS.asset	7ccbd4930801e5e489cb60b9731f1bc8	Mesh	512871	-
Assets/Coconut Palm Tree Pack/Models/Coconut_Palm_Tree07_AFS.asset	fc8bcf76009ae6d4a9a79ddef3564770	Mesh	428533	-
Assets/Coconut Palm Tree Pack/Models/Coconut_Palm_Tree08_AFS.asset	b79cc7efb52743a49845ad5df5e1ae39	Mesh	532457	-
Assets/Coconut Palm Tree Pack/Models/Coconut_Palm_Tree09_AFS.asset	32a6e14db291a864f8942915d1567814	Mesh	486149	-
Assets/Coconut Palm Tree Pack/Models/Coconut_Palm_Tree10_AFS.asset	fd686b3417408bd43a259893e39c040a	Mesh	458373	-
Assets/Coconut Palm Tree Pack/Models/Coconut_Palm_Tree11_AFS.asset	e7d1e0d2854fff548a409283f167da8b	Mesh	574275	-
Assets/Coconut Palm Tree Pack/Models/Coconut_Palm_Tree12_AFS.asset	61b5451e551a2dd4e912f4d961fbb366	Mesh	437803	scene:BH_XR_MainScene
Assets/Coconut Palm Tree Pack/Prefabs/AFS/Coconut_Palm_Tree01_AFS.prefab	f9ec4219b4d0d414fb84988d28dbf504	GameObject	3699	scene:BH_XR_MainScene
Assets/Coconut Palm Tree Pack/Prefabs/AFS/Coconut_Palm_Tree02_AFS.prefab	c0797f06b3843bd479cff53d3ec73eef	GameObject	3110	-
Assets/Coconut Palm Tree Pack/Prefabs/AFS/Coconut_Palm_Tree03_AFS.prefab	360ab34753a7cfd47980f83d207ace27	GameObject	3112	-
Assets/Coconut Palm Tree Pack/Prefabs/AFS/Coconut_Palm_Tree04_AFS.prefab	b75e8d8222ec3e24ab74b7ba10ddd7a4	GameObject	3114	-
Assets/Coconut Palm Tree Pack/Prefabs/AFS/Coconut_Palm_Tree05_AFS.prefab	2c6f9b7f465b34e4c87e12adf663b39f	GameObject	3118	-
Assets/Coconut Palm Tree Pack/Prefabs/AFS/Coconut_Palm_Tree06_AFS.prefab	49f9ca51c63f1fd42a2fc61105f3e983	GameObject	3119	-
Assets/Coconut Palm Tree Pack/Prefabs/AFS/Coconut_Palm_Tree07_AFS.prefab	cd2001d15a8eb6d499482429c97830fd	GameObject	3117	-
Assets/Coconut Palm Tree Pack/Prefabs/AFS/Coconut_Palm_Tree08_AFS.prefab	3f7ab927998f2f246ae149265ed28407	GameObject	3114	-
Assets/Coconut Palm Tree Pack/Prefabs/AFS/Coconut_Palm_Tree09_AFS.prefab	1e21637fa77e9354bb389cc801db24d3	GameObject	3113	-
Assets/Coconut Palm Tree Pack/Prefabs/AFS/Coconut_Palm_Tree10_AFS.prefab	ddcd9d32ee511f14989f024994afb261	GameObject	3113	-
Assets/Coconut Palm Tree Pack/Prefabs/AFS/Coconut_Palm_Tree11_AFS.prefab	1dd747f6af056e24aa35f4f1bf556d1c	GameObject	3116	-
Assets/Coconut Palm Tree Pack/Prefabs/AFS/Coconut_Palm_Tree12_AFS.prefab	eec387462a1a9464797ef20669c5ed46	GameObject	3705	scene:BH_XR_MainScene
Assets/Coconut Palm Tree Pack/Prefabs/Coconut_Palm_Tree01.prefab	13f6097cdfae79d44acca4175298212a	GameObject	3420	-
Assets/Coconut Palm Tree Pack/Prefabs/Coconut_Palm_Tree02.prefab	c7bc3a9d18ad39d43a6927004d0c24d8	GameObject	3489	-
Assets/Coconut Palm Tree Pack/Prefabs/Coconut_Palm_Tree03.prefab	1e96e737ba439e54a858591faf6298c2	GameObject	3491	-
Assets/Coconut Palm Tree Pack/Prefabs/Coconut_Palm_Tree04.prefab	95f86f1f0990c4b41ab62be60974c732	GameObject	3491	-
Assets/Coconut Palm Tree Pack/Prefabs/Coconut_Palm_Tree05.prefab	ccafd6649062902409b7847275334b66	GameObject	3511	-
Assets/Coconut Palm Tree Pack/Prefabs/Coconut_Palm_Tree06.prefab	b7015e10553e74c42be74bf4c42965a1	GameObject	3515	-
Assets/Coconut Palm Tree Pack/Prefabs/Coconut_Palm_Tree07.prefab	0d1a48b95430c604b93adbd07a23d89d	GameObject	3511	-
Assets/Coconut Palm Tree Pack/Prefabs/Coconut_Palm_Tree08.prefab	ef42109948810e64b94083d7a3c6d924	GameObject	3500	-
Assets/Coconut Palm Tree Pack/Prefabs/Coconut_Palm_Tree09.prefab	dffcbbf99069f3949a4ee08ce7052432	GameObject	3501	-
Assets/Coconut Palm Tree Pack/Prefabs/Coconut_Palm_Tree10.prefab	7b8c7a0967ea29b4a8313a1ba3ca0bde	GameObject	3508	-
Assets/Coconut Palm Tree Pack/Prefabs/Coconut_Palm_Tree11.prefab	fa0b15e3267056f4da7aa5d4d7bff7de	GameObject	3510	-
Assets/Coconut Palm Tree Pack/Prefabs/Coconut_Palm_Tree12.prefab	cf3fc3bb61400ef4c85d231500be1ebb	GameObject	3503	-
Assets/Coconut Palm Tree Pack/Prefabs/TreeCreatorEditable/Coconut_Palm_Tree01.prefab	32284b0ddf7eba2469cec0d0f6006f26	GameObject	604578	-
Assets/Coconut Palm Tree Pack/Prefabs/TreeCreatorEditable/Coconut_Palm_Tree02.prefab	84f582d01d32d3b42907ae29f9cc588e	GameObject	560492	-
Assets/Coconut Palm Tree Pack/Prefabs/TreeCreatorEditable/Coconut_Palm_Tree03.prefab	e318997edd53a1a4c922b2deee669aaa	GameObject	622826	-
Assets/Coconut Palm Tree Pack/Prefabs/TreeCreatorEditable/Coconut_Palm_Tree04.prefab	c6a0b547476f98441ab0a1e6338101b1	GameObject	465121	-
Assets/Coconut Palm Tree Pack/Prefabs/TreeCreatorEditable/Coconut_Palm_Tree05.prefab	af8f633b22ea4eb42a5f54897ae30dee	GameObject	525790	-
Assets/Coconut Palm Tree Pack/Prefabs/TreeCreatorEditable/Coconut_Palm_Tree06.prefab	fa685d05f0ae3cd46b1a25ad845962f6	GameObject	563247	-
Assets/Coconut Palm Tree Pack/Prefabs/TreeCreatorEditable/Coconut_Palm_Tree07.prefab	cd04206a30c78e84fbc449686e6b254c	GameObject	482954	-
Assets/Coconut Palm Tree Pack/Prefabs/TreeCreatorEditable/Coconut_Palm_Tree08.prefab	e575a0aa287f92f4c8d8b935845f7780	GameObject	578269	-
Assets/Coconut Palm Tree Pack/Prefabs/TreeCreatorEditable/Coconut_Palm_Tree09.prefab	f84c94350c56b594082c07f8ef831fbe	GameObject	533709	-
Assets/Coconut Palm Tree Pack/Prefabs/TreeCreatorEditable/Coconut_Palm_Tree10.prefab	fbc5cd716e0ce9c41b07f09611b2fe28	GameObject	511250	-
Assets/Coconut Palm Tree Pack/Prefabs/TreeCreatorEditable/Coconut_Palm_Tree11.prefab	744e5ce69c552f04daa65190ed02187e	GameObject	614328	-
Assets/Coconut Palm Tree Pack/Prefabs/TreeCreatorEditable/Coconut_Palm_Tree12.prefab	9103cb21a8485ed4aafddc0a27c9d9a1	GameObject	494578	-
Assets/Coconut Palm Tree Pack/Shaders/TFP_treecreator/TFPTreeCreatorBarkOptimized.shader	e8b8fbd985faf174cb0e810efec8c066	Shader	1376	-
Assets/Coconut Palm Tree Pack/Shaders/TFP_treecreator/TFPTreeCreatorLeavesOptimized.shader	17e009e15a323e541862cfaf4f5788b5	Shader	2805	-
Assets/Coconut Palm Tree Pack/Textures/Coconut_Palm_Tree_AFS.psd	a77c7ca359b47564f87329ac91dfaf0c	Texture2D	3606262	scene:BH_XR_MainScene
Assets/Coconut Palm Tree Pack/Textures/Coconut_Palm_Tree_diffuse.psd	69c952e0cacbc0c428fbb6b81f6c4035	Texture2D	15023852	scene:BH_XR_MainScene
Assets/Coconut Palm Tree Pack/Textures/Coconut_Palm_Tree_normalspec.psd	50c99bdf4a8177d4f8901f7cd9af46a8	Texture2D	2418758	-
Assets/Coconut Palm Tree Pack/Textures/Coconut_Palm_Tree_normalspec_bark.psd	41db16db92611aa498f3379b2f23be96	Texture2D	2418758	-
Assets/Coconut Palm Tree Pack/Textures/Coconut_Palm_Tree_transgloss.psd	5325128a82fad4b4db6e4fdb2e6a790c	Texture2D	843662	-
Assets/Coconut Palm Tree Pack/Textures/Parts/Coconut_Palm_Bark1_diffuse.psd	d1e9cd077ea79eb4baa8eecd14e9afb3	Texture2D	1604144	-
Assets/Coconut Palm Tree Pack/Textures/Parts/Coconut_Palm_Bark1_normal.tif	dfb207cb03df38541a0a4559385db1c3	Texture2D	897560	-
Assets/Coconut Palm Tree Pack/Textures/Parts/Coconut_Palm_Bark2_diffuse.psd	89da037c7c492514f9e92f8d401be761	Texture2D	3209178	-
Assets/Coconut Palm Tree Pack/Textures/Parts/Coconut_Palm_Bark2_normal.tif	27be2962e4b2b2d4eb9362d2135f6331	Texture2D	1924258	-
Assets/Coconut Palm Tree Pack/Textures/Parts/Coconut_Palm_Tree_Bark_diffuse.tif	54054dbf5a8a60f45a1379fdec49fae9	Texture2D	1272484	-
Assets/Coconut Palm Tree Pack/Textures/Parts/Coconut_Palm_Tree_Bark_gloss.tif	0dffe2fc5737be3488eaaf8dc423a082	Texture2D	40348	-
Assets/Coconut Palm Tree Pack/Textures/Parts/Coconut_Palm_Tree_Bark_normal.tif	8d17c3e5418f938499dc4e55fdbc4f3f	Texture2D	1221470	-
Assets/Coconut Palm Tree Pack/Textures/Parts/Coconut_Palm_Tree_Branch1_diffuse.psd	16ea72dd21e6343488bb3a817d30e6cf	Texture2D	1450017	-
Assets/Coconut Palm Tree Pack/Textures/Parts/Coconut_Palm_Tree_Branch1_gloss.png	ded2058333b20b44caed3f73bf275f9b	Texture2D	4349	-
Assets/Coconut Palm Tree Pack/Textures/Parts/Coconut_Palm_Tree_Branch1_normal.tif	d783fab3ba1456147949e7a8c7bf4aea	Texture2D	649188	-
Assets/Coconut Palm Tree Pack/Textures/Parts/Coconut_Palm_Tree_Branch1_shadowoffset.png	b09e7e34f2ccdb4469ff6dde8c3ebabf	Texture2D	136	-
Assets/Coconut Palm Tree Pack/Textures/Parts/Coconut_Palm_Tree_Branch1_translucency.png	13dae0eac9956254180d4e76b203db4d	Texture2D	9605	-
Assets/Coconut Palm Tree Pack/Textures/Parts/Coconut_Palm_Tree_Branch2_diffuse.psd	f8883751afb979b43af59adbb48ef465	Texture2D	2017864	-
Assets/Coconut Palm Tree Pack/Textures/Parts/Coconut_Palm_Tree_Branch2_gloss.png	1aeac123f1d9e2a4aad9c32bfd25eab7	Texture2D	10340	-
Assets/Coconut Palm Tree Pack/Textures/Parts/Coconut_Palm_Tree_Branch2_normal.png	815fb985cccc47141bf1e486ac9d3df4	Texture2D	540374	-
Assets/Coconut Palm Tree Pack/Textures/Parts/Coconut_Palm_Tree_Branch2_shadowoffset.png	9238265c535372340a719cce16c833a2	Texture2D	151	-
Assets/Coconut Palm Tree Pack/Textures/Parts/Coconut_Palm_Tree_Branch2_translucency.png	8620dcc4adbdeee4b88549a56b9bf221	Texture2D	12997	-
Assets/Coconut Palm Tree Pack/Textures/Parts/Frond_Stem_diffuse.psd	faafacff7a1fd6a48b83ae94bba129eb	Texture2D	95250	-
Assets/Coconut Palm Tree Pack/Textures/Parts/Frond_Stem_gloss.psd	a4f433611f808d1438bab86f9c2b87ff	Texture2D	29448	-
Assets/Coconut Palm Tree Pack/Textures/Parts/Frond_Stem_normal.psd	b199c89962c042844bb5d19f31b84dc3	Texture2D	73934	-
Assets/Coconut Palm Tree Pack/Textures/Parts/Palm_Brush_diffuse.psd	9cd8cff609aaf234f946e620c14ffb05	Texture2D	1291277	-
Assets/Coconut Palm Tree Pack/Textures/Parts/Palm_Brush_gloss.png	7d86926c175021744956548284febc35	Texture2D	3322	-
Assets/Coconut Palm Tree Pack/Textures/Parts/Palm_Brush_normal.tif	00d939a5e964c1e468fb0ba0f978bba9	Texture2D	494778	-
Assets/Coconut Palm Tree Pack/Textures/Parts/Palm_Brush_trans.psd	c3f6d5d12f1c76a44864bd390dea6414	Texture2D	40224	-
Assets/Coconut Palm Tree Pack/readme.txt	d49cdbd775340684baaf458d255c46a9	TextAsset	5138	-
Assets/DevDen Arch Viz Scotland/Decals/Bird and Nest.png	52b942cbf9f81164989a2a370ad93315	Texture2D	23206	-
Assets/DevDen Arch Viz Scotland/Decals/Cartoon.png	c0ef6b7d0d7688a4db2762a700da03dc	Texture2D	19087	-
Assets/DevDen Arch Viz Scotland/Decals/Decor 1.png	f1ec8d7b47306914e8f775c6eef5fcd2	Texture2D	36968	-
Assets/DevDen Arch Viz Scotland/Decals/Family Love.png	69e697b4c5e340b4cadd3c06e6ba7ab9	Texture2D	30154	-
Assets/DevDen Arch Viz Scotland/Decals/Lamp Pole.png	aa9639c40a10dce4aa0ed5d4deb62b53	Texture2D	3071	-
Assets/DevDen Arch Viz Scotland/Decals/Let's Eat.png	f632aecb7e14d904bb68db74ead2dd03	Texture2D	47151	-
Assets/DevDen Arch Viz Scotland/Decals/Line.png	a516d44a317b60c4d92415a68322bbdf	Texture2D	4854	-
Assets/DevDen Arch Viz Scotland/Decals/Loading.png	dce6d135a871c6947a238e0fa913df6d	Texture2D	6974	-
Assets/DevDen Arch Viz Scotland/Decals/Materials/Bird and Nest.mat	e397eeceb9462894ba27976176a005b8	Material	3947	-
Assets/DevDen Arch Viz Scotland/Decals/Materials/Cartoon.mat	7f24400b347940f44ab3962fb411f6a0	Material	3941	-
Assets/DevDen Arch Viz Scotland/Decals/Materials/Decor.mat	cdabdaeac725a214183fc5864c8e4f92	Material	3940	-
Assets/DevDen Arch Viz Scotland/Decals/Materials/Family Love.mat	1fb25e7557c99fb4a8bc83a81b2ae47b	Material	3945	-
Assets/DevDen Arch Viz Scotland/Decals/Materials/Lets Eat.mat	c9ade4d4ab1842745a6df1d07a75a6c1	Material	3943	-
Assets/DevDen Arch Viz Scotland/Decals/Materials/Line.mat	90a2573d62e34f44c98e2dab046b0e56	Material	3939	-
Assets/DevDen Arch Viz Scotland/Decals/Materials/Loading.mat	d54a8490ad1596c449406f8707aa3f6f	Material	3941	-
Assets/DevDen Arch Viz Scotland/Decals/Materials/Plant.mat	029fe475f8c63664db1816d6e1f1b48f	Material	3940	-
Assets/DevDen Arch Viz Scotland/Decals/Materials/Tree.mat	46a85fbf084dcdb40a6646e6074fd0f7	Material	3939	-
Assets/DevDen Arch Viz Scotland/Decals/Tree.png	4dd0f42ece144f344a2fe5addcfe5fb6	Texture2D	148878	-
Assets/DevDen Arch Viz Scotland/HDRI/HDRI.png	ae22126814d70cb47bdf62011cb728e0	Texture2D	44743385	-
Assets/DevDen Arch Viz Scotland/HDRI/Sky.mat	1b968943b3262304e99e3188b4645f23	Material	2749	-
Assets/DevDen Arch Viz Scotland/Materials/Bathroom/Bathroom Shelf.mat	cb2888fa4fbb2b440a15b6741685109c	Material	9383	-
Assets/DevDen Arch Viz Scotland/Materials/Bathroom/Bathroom_glass_1.mat	e25a3e5a28bef0a4ab5d7cada6b31f35	Material	10613	scene:BH_XR_MainScene
Assets/DevDen Arch Viz Scotland/Materials/Bathroom/LightEmission01.mat	127f549d75d93b041a572db38c6a5e82	Material	9476	scene:BH_XR_MainScene
Assets/DevDen Arch Viz Scotland/Materials/Bathroom/M_toilet.mat	055cd490cde30e645aadd86a19e0db98	Material	9986	-
Assets/DevDen Arch Viz Scotland/Materials/Bathroom/M_washbasin2.mat	8d9f04025c3e6f641a21bdfe18e87f69	Material	9991	-
Assets/DevDen Arch Viz Scotland/Materials/Bathroom/Mirror01.mat	7cd3f9a5e79dc3b42a8bf0afa28f36be	Material	9826	scene:BH_XR_MainScene
Assets/DevDen Arch Viz Scotland/Materials/Bathroom/bathroom_cabin.mat	8b0989f7705aa3a4e9dec261f9a560e2	Material	4153	-
Assets/DevDen Arch Viz Scotland/Materials/Bathroom/bathroom_floor3.mat	f8c17ff9f8feeb741aaeddeed04b5fe6	Material	3960	-
Assets/DevDen Arch Viz Scotland/Materials/Bathroom/bathroom_shelf.mat	4b3b75ab9f8a5b54686f043b939225b7	Material	4152	-
Assets/DevDen Arch Viz Scotland/Materials/Bathroom/bathroom_wall3.mat	13e6dea8ba650134da22910b8a9db217	Material	4028	-
Assets/DevDen Arch Viz Scotland/Materials/Bathroom/bathroom_wall_mat_1.mat	fcf304fcd42e7cc419322b0eb15297dd	Material	4071	-
Assets/DevDen Arch Viz Scotland/Materials/Bathroom/ceiling_light.mat	20198fd9cba9f9e438e0fabbf72ec944	Material	3926	scene:BH_XR_MainScene
Assets/DevDen Arch Viz Scotland/Materials/Bathroom/ceiling_light_emission.mat	3eb871d9b4890414baa393572ce8e80e	Material	3954	scene:BH_XR_MainScene
Assets/DevDen Arch Viz Scotland/Materials/Bathroom/ceramic.mat	12e6f9ff373ca6945b1b0336dca53519	Material	3794	-
Assets/DevDen Arch Viz Scotland/Materials/Bathroom/metaldryer.mat	118be71a95b2f214d9253a3ffc192d00	Material	9878	-
Assets/DevDen Arch Viz Scotland/Materials/Bathroom/phong1.mat	c6fc8e8d24a39324da3a81ba04501f09	Material	4071	scene:BH_XR_MainScene
Assets/DevDen Arch Viz Scotland/Materials/Bathroom/toilet_wood1.mat	29534a1eeec33734b90c42ba7a7066e4	Material	4035	-
Assets/DevDen Arch Viz Scotland/Materials/Bathroom/toilet_wood_1.mat	dbb709c26c7673949a486d24f29d8d14	Material	4100	-
Assets/DevDen Arch Viz Scotland/Materials/Bathroom/tolpaper.mat	67ab0de9b29785745a0151837810ff6f	Material	9986	-
Assets/DevDen Arch Viz Scotland/Materials/Bathroom/towl_2.mat	d796445f419d9874d8d6f09dee7d0fe3	Material	4021	-
Assets/DevDen Arch Viz Scotland/Materials/Bathroom/washingMachine.mat	76e5b83b916d91a45b05dfa43946b5ef	Material	9879	-
Assets/DevDen Arch Viz Scotland/Materials/Bathroom/washingglass.mat	3a507e3dcb39c594589ea28d4821a88e	Material	9839	-
Assets/DevDen Arch Viz Scotland/Materials/Bathroom/washingmachineclosed.mat	ea636fb6a1773c14d9c8a721de688596	Material	9881	-
Assets/DevDen Arch Viz Scotland/Materials/Bed Room/Bedroom_wood_table.mat	70c95c892379c10408084b3a5254ca62	Material	9943	scene:BH_XR_MainScene
Assets/DevDen Arch Viz Scotland/Materials/Bed Room/CommonCeramic01.mat	3f4d10a148e720b4a8913797ad111902	Material	9883	scene:BH_XR_MainScene
Assets/DevDen Arch Viz Scotland/Materials/Bed Room/CommonCeramic02Biege.mat	4e632116817848e4697d7a4c038f5566	Material	9922	scene:BH_XR_MainScene
Assets/DevDen Arch Viz Scotland/Materials/Bed Room/CommonPlastic01.mat	cf1264f540ebacd479cd135c22c04384	Material	9584	scene:BH_XR_MainScene
Assets/DevDen Arch Viz Scotland/Materials/Bed Room/Paintings_House.mat	0f0c0c2cd56be3347be8892ed0f763f9	Material	9941	-
Assets/DevDen Arch Viz Scotland/Materials/Bed Room/Paintings_House_1.mat	364cd3221926eca4ab567684bb1dc1bb	Material	9942	-
Assets/DevDen Arch Viz Scotland/Materials/Bed Room/Paintings_House_2.mat	419992a69d9c4c84fa2eee846cebc8b7	Material	9941	-
Assets/DevDen Arch Viz Scotland/Materials/Bed Room/Paintings_House_4.mat	859c7f67d5ea0c643a0f7c8832fcd2f4	Material	9869	-
Assets/DevDen Arch Viz Scotland/Materials/Bed Room/bed.mat	4ee8702e8f868b04b92185b1302489f3	Material	4018	-
Assets/DevDen Arch Viz Scotland/Materials/Bed Room/bed_coat.mat	bc1d2a062c9df8d479f4bedc28f66f33	Material	4022	-
Assets/DevDen Arch Viz Scotland/Materials/Bed Room/bed_lamp_glass1.mat	0476d91d11d6954499adc7d2a79ddfc2	Material	4631	-
Assets/DevDen Arch Viz Scotland/Materials/Bed Room/bed_sheet.mat	ad8429ce1e2344944a02762692c807dd	Material	3924	-
Assets/DevDen Arch Viz Scotland/Materials/Bed Room/bed_sider.mat	821e9eda63b5a8a4cb0e09dabef40299	Material	4096	-
Assets/DevDen Arch Viz Scotland/Materials/Bed Room/bedroom_floor3.mat	3ba88002234dbb74996ea5fbf5aecea1	Material	4149	-
Assets/DevDen Arch Viz Scotland/Materials/Bed Room/bedroom_wall4.mat	311aafff32c751c45a0c7fea27421fde	Material	4028	-
Assets/DevDen Arch Viz Scotland/Materials/Bed Room/bedroom_wood_side_table.mat	ccdcec0ab7aff904b87a7d9f5bfde5d5	Material	9928	scene:BH_XR_MainScene
Assets/DevDen Arch Viz Scotland/Materials/Bed Room/bedside_lamp1.mat	d56a4d29ce55da24590399d455d6a0ea	Material	4099	-
Assets/DevDen Arch Viz Scotland/Materials/Bed Room/carpet.mat	66b83f817b941ce4a981d942ffd70251	Material	9939	-
Assets/DevDen Arch Viz Scotland/Materials/Bed Room/dressing_mirror1.mat	c0c473242512cdf468d23f8d6472b2e9	Material	9871	-
Assets/DevDen Arch Viz Scotland/Materials/Bed Room/dressing_mirror_glass.mat	7ddcf91acb54342419dd991d9086774e	Material	4190	-
Assets/DevDen Arch Viz Scotland/Materials/Bed Room/glass_wall_glass4.mat	008b48c168d07c8449b55d0ad65c3824	Material	4539	-
Assets/DevDen Arch Viz Scotland/Materials/Bed Room/pattern_wall.mat	aa836f3edcc065f499123139a8482262	Material	4026	-
Assets/DevDen Arch Viz Scotland/Materials/Bed Room/pillow_1.mat	04e9839828d93974b88334d297508516	Material	4030	-
Assets/DevDen Arch Viz Scotland/Materials/Common/Air Conditioner.mat	0ce7d6b2628db734b8d7cfbd7a853d4c	Material	10312	-
Assets/DevDen Arch Viz Scotland/Materials/Common/Brass.mat	783bc178246db014aaab079742fec3da	Material	3753	-
Assets/DevDen Arch Viz Scotland/Materials/Common/Cherry Highgloss.mat	15ee22aa0cfdcc942a7d2a7949bb76a0	Material	3813	scene:BH_XR_MainScene
Assets/DevDen Arch Viz Scotland/Materials/Common/Chrome Clean.mat	2fdbedb0af1e9c540a9b3505c3c5150f	Material	3749	scene:BH_XR_MainScene
Assets/DevDen Arch Viz Scotland/Materials/Common/Lamp_emission.mat	0cc86b1a13dc042419f7d8aa6c46ada5	Material	4011	-
Assets/DevDen Arch Viz Scotland/Materials/Common/Shadow Caster.mat	2dfb1c7a38faf874f9c377e121ba5828	Material	3755	-
Assets/DevDen Arch Viz Scotland/Materials/Common/Socket.mat	03d392b7533ea364385a659548bec1e2	Material	9788	-
Assets/DevDen Arch Viz Scotland/Materials/Common/Switch.mat	5fc3c32671be2124997ecb7786357845	Material	9788	-
Assets/DevDen Arch Viz Scotland/Materials/Common/door1.mat	4abd9d431835ffc4ba75287ba2b174ba	Material	9790	-
Assets/DevDen Arch Viz Scotland/Materials/Common/lamp.mat	6911511329f6102419f6fe28895aa4de	Material	4019	-
Assets/DevDen Arch Viz Scotland/Materials/Common/little_props.mat	4d20fd2d0876d2043a6b30802636f668	Material	9929	-
Assets/DevDen Arch Viz Scotland/Materials/Common/magazine1.mat	a520e1c1400c95f4189f929b80620599	Material	9580	-
Assets/DevDen Arch Viz Scotland/Materials/Common/plate.mat	43f6d7742c794f24ebb9b67ef7351d57	Material	9960	-
Assets/DevDen Arch Viz Scotland/Materials/Common/switch1.mat	b24e8bf6f46cd704784e1c3c6425881a	Material	4095	-
Assets/DevDen Arch Viz Scotland/Materials/Common/switch2.mat	0d680d986d494944c95ccbac773fd978	Material	4094	-
Assets/DevDen Arch Viz Scotland/Materials/Dining Room/Cutlery.mat	ca036a9211fcb89459f19455d5c956dd	Material	9823	-
Assets/DevDen Arch Viz Scotland/Materials/Dining Room/Table Mat.mat	d8125c70b3a7e0142836129df47ed75c	Material	4110	-
Assets/DevDen Arch Viz Scotland/Materials/Dining Room/diining_chair_wood.mat	61594ca01e4a599448181c46022b039a	Material	4188	scene:BH_XR_MainScene
Assets/DevDen Arch Viz Scotland/Materials/Dining Room/dinning_chair_cusion.mat	24444165555c79047a53d7810e690459	Material	4108	-
Assets/DevDen Arch Viz Scotland/Materials/Dining Room/dinning_table.mat	4930f9a2e09dff6408b186b41dd7e6f7	Material	4076	-
Assets/DevDen Arch Viz Scotland/Materials/Dining Room/trash-can.mat	9e1744e4e18d6a643b3fa83fa0517540	Material	9930	scene:BH_XR_MainScene
Assets/DevDen Arch Viz Scotland/Materials/Environment/Door_frame_mat_1.mat	db15a96dadcffe44a965ae901eee7056	Material	3801	-
Assets/DevDen Arch Viz Scotland/Materials/Environment/exterior_wall.mat	201f281aab59b0640a4ddddff2eca6b7	Material	3799	-
Assets/DevDen Arch Viz Scotland/Materials/Environment/handle.mat	9bc43993712333c41a7fbc62c926cace	Material	9845	-
Assets/DevDen Arch Viz Scotland/Materials/Environment/inner_roof3.mat	300297cd0a6e80848b476f5154c73793	Material	4026	-
Assets/DevDen Arch Viz Scotland/Materials/Environment/livingroom_floor4.mat	6dfd78c1d93ad604f9d0f62ddd69d3c6	Material	4116	-
Assets/DevDen Arch Viz Scotland/Materials/Environment/livingroom_wall3.mat	e1bfd52f4c5d1954ab5735a56127c8a4	Material	4030	-
Assets/DevDen Arch Viz Scotland/Materials/Kitchen Room/Chopboard_mat.mat	31f29290b10e4074690a7aa6c08f97de	Material	4100	-
Assets/DevDen Arch Viz Scotland/Materials/Kitchen Room/DrainerNew.mat	d8431a273a4d9e44593372bbd3a9d090	Material	4106	-
Assets/DevDen Arch Viz Scotland/Materials/Kitchen Room/Knife_Holder_mat.mat	09bac5429f472b04bbb73a1244273072	Material	4104	-
Assets/DevDen Arch Viz Scotland/Materials/Kitchen Room/Mug_Holder_mat.mat	6c2e562e321504b44ad299959edfe8b4	Material	4101	-
Assets/DevDen Arch Viz Scotland/Materials/Kitchen Room/chimini.mat	096584aabd1e9a545a00fd65081d56de	Material	4097	-
Assets/DevDen Arch Viz Scotland/Materials/Kitchen Room/chopping-board.mat	cbb3eb1d4f5d43d498b77ea9b065e46c	Material	9784	-
Assets/DevDen Arch Viz Scotland/Materials/Kitchen Room/coffee_maker.mat	776517be60d8d954c8b2c012f596d21a	Material	9965	-
Assets/DevDen Arch Viz Scotland/Materials/Kitchen Room/glass.mat	5799935e9d8e7c047a97465247c5f73f	Material	4101	-
Assets/DevDen Arch Viz Scotland/Materials/Kitchen Room/gold_tap_handle 1.mat	ea806995da8404f4b96e6726f11d8a17	Material	4104	-
Assets/DevDen Arch Viz Scotland/Materials/Kitchen Room/gold_tap_handle.mat	4de3204f745b1c3438dda73e0e8f0c20	Material	4152	-
Assets/DevDen Arch Viz Scotland/Materials/Kitchen Room/gold_tap_handle_1.mat	39f8e65c13cea2a45979dc42feba14a5	Material	4155	-
Assets/DevDen Arch Viz Scotland/Materials/Kitchen Room/gold_tap_handle_2.mat	fa5f85b9119040d48b09a9af628604ba	Material	9950	-
Assets/DevDen Arch Viz Scotland/Materials/Kitchen Room/granite.mat	e5a2c377b24c2bc4a865b4ee66745718	Material	4095	-
Assets/DevDen Arch Viz Scotland/Materials/Kitchen Room/green_wood.mat	de54296d2017e204a912ae037e46c387	Material	4105	-
Assets/DevDen Arch Viz Scotland/Materials/Kitchen Room/green_wood_1 Metal.mat	93b14950745c3b4448b84fdab74ea27d	Material	9943	-
Assets/DevDen Arch Viz Scotland/Materials/Kitchen Room/green_wood_1.mat	258f40f68e0ec5a42b234edd6f953a9a	Material	9943	-
Assets/DevDen Arch Viz Scotland/Materials/Kitchen Room/green_wood_2.mat	b79e4d4451b07714b978535f06b9b11b	Material	4159	-
Assets/DevDen Arch Viz Scotland/Materials/Kitchen Room/induction-hob.mat	efaa9a8a6a323b84d9029a194dd5477f	Material	9924	-
Assets/DevDen Arch Viz Scotland/Materials/Kitchen Room/kitchan_mat_2.mat	212e9ae76469adf438edb5da9b11801a	Material	4131	-
Assets/DevDen Arch Viz Scotland/Materials/Kitchen Room/knife-block.mat	50ea418d774f1f44fbaa7b9402286c79	Material	9817	-
Assets/DevDen Arch Viz Scotland/Materials/Kitchen Room/knives.mat	63bab8258dca7274d89a3b1702b57ed7	Material	9934	-
Assets/DevDen Arch Viz Scotland/Materials/Kitchen Room/marble.mat	4eefe9504650f0047859b3e54ac1fbe4	Material	4092	scene:BH_XR_MainScene
Assets/DevDen Arch Viz Scotland/Materials/Kitchen Room/metal.mat	380897bbdf2512f4597975eb5a4f4986	Material	4100	-
Assets/DevDen Arch Viz Scotland/Materials/Kitchen Room/mug-tree.mat	b7aa507bacbbd6449a2870c281e6ee75	Material	9832	-
Assets/DevDen Arch Viz Scotland/Materials/Kitchen Room/steel.mat	d5cc4092e0588e7429a3317fee49c876	Material	4100	-
Assets/DevDen Arch Viz Scotland/Materials/Kitchen Room/toasterNew.mat	0feb6fd111fad4340a845fdcc88a0256	Material	4084	-
Assets/DevDen Arch Viz Scotland/Materials/Kitchen Room/white_wood.mat	228aa5022e6bb424c9bde15f4ee67f2d	Material	4096	-
Assets/DevDen Arch Viz Scotland/Materials/Living Room/NewCarpet.mat	882f8e621c8f5d54da7a75e25d1b9f67	Material	4154	scene:BH_XR_MainScene
Assets/DevDen Arch Viz Scotland/Materials/Living Room/Remote.mat	41b3ec61035ecd949b2f8d3f6f58d47a	Material	9863	-
Assets/DevDen Arch Viz Scotland/Materials/Living Room/Sofa Set.mat	b249a99e3ba8bb54d8d51ca9362ab5e8	Material	4146	scene:BH_XR_MainScene
Assets/DevDen Arch Viz Scotland/Materials/Living Room/TV.mat	bae92872f8def814aa56d38b83872bdf	Material	4133	scene:BH_XR_MainScene
Assets/DevDen Arch Viz Scotland/Materials/Living Room/TV_Panels.mat	020acf349999ad847b11f10986b92608	Material	4176	-
Assets/DevDen Arch Viz Scotland/Materials/Living Room/TV_Shelf.mat	d9aef06b55740964e95be9a98cafec86	Material	4115	scene:BH_XR_MainScene
Assets/DevDen Arch Viz Scotland/Materials/Living Room/Window_1.mat	ae6fe5718214f4a448775964ff81e810	Material	9457	-
Assets/DevDen Arch Viz Scotland/Materials/Living Room/chair_2.mat	1baa373d26915b94d97dea63cd9681cc	Material	10238	-
Assets/DevDen Arch Viz Scotland/Materials/Living Room/laptop.mat	cdec807db03e34c4290ad0a381915481	Material	10155	-
Assets/DevDen Arch Viz Scotland/Materials/Living Room/teatable.mat	3e4e01555ed51e549aaa01676f9361a3	Material	4105	scene:BH_XR_MainScene
Assets/DevDen Arch Viz Scotland/Materials/Study Room/Furniture_Atlas_1.mat	f9add7219a5b60440b1d464521ead527	Material	10051	scene:BH_XR_MainScene
Assets/DevDen Arch Viz Scotland/Materials/Study Room/LightBulb02On.mat	68a077a21fb509e4982981d3e765bb73	Material	10219	scene:BH_XR_MainScene
Assets/DevDen Arch Viz Scotland/Materials/Study Room/LightChrome01.mat	fe5f3f98512943b4f9520ac0d37e6544	Material	9591	scene:BH_XR_MainScene
Assets/DevDen Arch Viz Scotland/Materials/Study Room/LightPlastic02.mat	72d7b22388f9b924f8e6832e0f958fc2	Material	9676	scene:BH_XR_MainScene
Assets/DevDen Arch Viz Scotland/Materials/Study Room/Notepad.mat	4d1c559756768b94197583a31aca5bc6	Material	4052	scene:BH_XR_MainScene
Assets/DevDen Arch Viz Scotland/Materials/Study Room/PictureBorder01.mat	f9754145af43a3247b531a19a3f24f94	Material	9444	scene:BH_XR_MainScene
Assets/DevDen Arch Viz Scotland/Materials/Study Room/PictureImage03.mat	82b9fb37e60d59246ad215201ff8af63	Material	9594	scene:BH_XR_MainScene
Assets/DevDen Arch Viz Scotland/Materials/Study Room/book_1.mat	32f8a599444ff4d469114073e0b7e8ce	Material	3860	scene:BH_XR_MainScene
Assets/DevDen Arch Viz Scotland/Materials/Study Room/book_10.mat	d5baaaa13f19b5c46959c2341e4e95e5	Material	3860	scene:BH_XR_MainScene
Assets/DevDen Arch Viz Scotland/Materials/Study Room/book_2.mat	df1394e11e6de2b4190fe2d264cb77ea	Material	3859	scene:BH_XR_MainScene
Assets/DevDen Arch Viz Scotland/Materials/Study Room/book_3.mat	ff4941dfe4324e6488a109f41b3bef2d	Material	3859	scene:BH_XR_MainScene
Assets/DevDen Arch Viz Scotland/Materials/Study Room/book_4.mat	f503274d4dab2484e8bf37b2383c8154	Material	3859	scene:BH_XR_MainScene
Assets/DevDen Arch Viz Scotland/Materials/Study Room/book_5.mat	c424ddfff236ae04bb2abc1c933821d1	Material	3860	scene:BH_XR_MainScene
Assets/DevDen Arch Viz Scotland/Materials/Study Room/book_6.mat	58c21269161864943b4fea7a32ad8261	Material	3859	scene:BH_XR_MainScene
Assets/DevDen Arch Viz Scotland/Materials/Study Room/book_7.mat	18f729c40b5d80240be0c7b991adc467	Material	3859	scene:BH_XR_MainScene
Assets/DevDen Arch Viz Scotland/Materials/Study Room/book_8.mat	3d1ad48eb988fba4fa01d793e7c48a12	Material	3859	scene:BH_XR_MainScene
Assets/DevDen Arch Viz Scotland/Materials/Study Room/book_9.mat	bebe435dbecc164468c51ef49238acca	Material	3860	scene:BH_XR_MainScene
Assets/DevDen Arch Viz Scotland/Materials/Study Room/imac.mat	bc6d8be9605cb5245a59e7da61879b0a	Material	4111	scene:BH_XR_MainScene
Assets/DevDen Arch Viz Scotland/Materials/Study Room/shelf1.mat	6f717e070ac3651448341dbd8c696d9a	Material	4101	scene:BH_XR_MainScene
Assets/DevDen Arch Viz Scotland/Materials/Study Room/study_chairI_Leg.mat	64cee30640033744eaec99cac53c2cad	Material	9949	scene:BH_XR_MainScene
Assets/DevDen Arch Viz Scotland/Materials/Study Room/study_chair_seat.mat	1c05af769159a3145bb58ad7d08ab97f	Material	9950	scene:BH_XR_MainScene
Assets/DevDen Arch Viz Scotland/Materials/Study Room/studyroom_floor3.mat	fa30d7ee76a1bf6449d1aca6e346d9f5	Material	4030	-
Assets/DevDen Arch Viz Scotland/Materials/Study Room/studyroom_wall3.mat	ac9f5a87bc6039548839b055b01457b6	Material	4030	-
Assets/DevDen Arch Viz Scotland/Materials/Study Room/table1.mat	0a48eef5dc66c01448383906e8364eb9	Material	10036	scene:BH_XR_MainScene
Assets/DevDen Arch Viz Scotland/Materials/balcony/balcony_chair1.mat	34bbb14a626283c4692c514dd36a6197	Material	4101	-
Assets/DevDen Arch Viz Scotland/Materials/balcony/balcony_glass.mat	82dc864176c9fff478c9961c50d43a81	Material	10312	-
Assets/DevDen Arch Viz Scotland/Materials/balcony/balcony_mat1.mat	4cc957002fc869043a0055114909ded9	Material	9946	-
Assets/DevDen Arch Viz Scotland/Materials/balcony/balcony_metal.mat	13569de9d5005e848bb78a475a99f57d	Material	9938	-
Assets/DevDen Arch Viz Scotland/Materials/balcony/balcony_table_2.mat	36ad89314c505fd42a69c0399d23681f	Material	4102	scene:BH_XR_MainScene
Assets/DevDen Arch Viz Scotland/Materials/balcony/balcony_wood.mat	f6cc908e9f0d6a648adb2835cd3d6541	Material	9987	-
Assets/DevDen Arch Viz Scotland/Materials/balcony/flower.mat	5e631cbc4d60b4f4bb92752766dc5919	Material	4020	scene:BH_XR_MainScene
Assets/DevDen Arch Viz Scotland/Materials/balcony/leaf.mat	8a1cd7d4b993c124b9b7efa0744e2d69	Material	4120	scene:BH_XR_MainScene
Assets/DevDen Arch Viz Scotland/Materials/balcony/plant_pot.mat	f41c82ab74dcbc04387f7da78a5d35a9	Material	4043	scene:BH_XR_MainScene
Assets/DevDen Arch Viz Scotland/Materials/balcony/wines.mat	915aae32e7b29ec4483596f5fd77735b	Material	4032	scene:BH_XR_MainScene
Assets/DevDen Arch Viz Scotland/Models/Balcony/Materials/balcony_chair1.mat	16dab89036f365d4980805dbe5f7fd58	Material	3736	-
Assets/DevDen Arch Viz Scotland/Models/Balcony/balcony_ chair.fbx	a177ead0dd26b1e4b8a3e3fdfdb71d0f	GameObject	96950	-
Assets/DevDen Arch Viz Scotland/Models/Balcony/balcony_mat.fbx	ce43ae92369313a4db421a6f400bc57c	GameObject	35141	-
Assets/DevDen Arch Viz Scotland/Models/Balcony/balcony_table.fbx	0848b1c1327424841a4333776fcbb942	GameObject	148356	scene:BH_XR_MainScene
Assets/DevDen Arch Viz Scotland/Models/Balcony/flower_pot_1.fbx	4bd9ab5cc95a7ca4896b01851d06255d	GameObject	605392	scene:BH_XR_MainScene
Assets/DevDen Arch Viz Scotland/Models/Bathroom/2.fbx	bfd0d358e632fa04aab5297f86ab2316	GameObject	24828010	-
Assets/DevDen Arch Viz Scotland/Models/Bathroom/Materials/CommonPlastic01.mat	cb384c8f9bc391a4690d8a31339132cc	Material	3764	scene:BH_XR_MainScene
Assets/DevDen Arch Viz Scotland/Models/Bathroom/Materials/LightPlastic01.mat	3f4a3805fa07add4888fa5afad3589ef	Material	3763	scene:BH_XR_MainScene
Assets/DevDen Arch Viz Scotland/Models/Bathroom/Materials/Mirror01.mat	30500ea3005d3c249b6597c1b82a4ec3	Material	3757	scene:BH_XR_MainScene
Assets/DevDen Arch Viz Scotland/Models/Bathroom/Mirror02_1.FBX	d8ee6730ccbf6e84ba43b832a94997db	GameObject	33872	scene:BH_XR_MainScene
Assets/DevDen Arch Viz Scotland/Models/Bathroom/bathroom_cabin.fbx	805de25975a5dea43864310560aa31a9	GameObject	80853	-
Assets/DevDen Arch Viz Scotland/Models/Bathroom/bathroom_shelf.fbx	7a840e4c7b83ea345a90c10109b270f1	GameObject	24224	-
Assets/DevDen Arch Viz Scotland/Models/Bathroom/bathroom_wall.fbx	eb156a3b557260742b82a9e258564e02	GameObject	26000	scene:BH_XR_MainScene
Assets/DevDen Arch Viz Scotland/Models/Bathroom/bathroom_wash.fbx	7877d90a28643d84292ab67b9e53f362	GameObject	181649	-
Assets/DevDen Arch Viz Scotland/Models/Bathroom/ceiling lamp.fbx	5fccfba66adf1cb4bbf889d7734fe215	GameObject	43904	scene:BH_XR_MainScene
Assets/DevDen Arch Viz Scotland/Models/Bathroom/metaldryer.FBX	0f38546eb20dcb14e86e7a08b9901b79	GameObject	185738	-
Assets/DevDen Arch Viz Scotland/Models/Bathroom/shower.FBX	0eb4773c25c03a047bc0dca8514d27f1	GameObject	435994	-
Assets/DevDen Arch Viz Scotland/Models/Bathroom/toilet.FBX	0363ee14acadf034e9d608292e78f3a8	GameObject	164059	-
Assets/DevDen Arch Viz Scotland/Models/Bathroom/toilet_accesories.fbx	1a23d269dfaef4545a40580882de5b8d	GameObject	3059744	-
Assets/DevDen Arch Viz Scotland/Models/Bathroom/tolpaper.FBX	e269c0c377242f24b8feddef8a1c9c7e	GameObject	131537	-
Assets/DevDen Arch Viz Scotland/Models/Bathroom/washingmachine(front closed).FBX	b6ef2ea6e4f3b5e42bb78723d828e3b3	GameObject	85391	-
Assets/DevDen Arch Viz Scotland/Models/Bathroom/washingmachine.FBX	984368fc25cdd6d479c5c53ec80d22f1	GameObject	164907	-
Assets/DevDen Arch Viz Scotland/Models/Bed Room/Materials/CommonCeramic01.mat	1072e24f1eb532840a5c36efe04d9608	Material	3873	scene:BH_XR_MainScene
Assets/DevDen Arch Viz Scotland/Models/Bed Room/Painting_Photo_B.FBX	32ba54a09b910eb4d9a741aede0b8ca4	GameObject	23392	-
Assets/DevDen Arch Viz Scotland/Models/Bed Room/Painting_Small_C.FBX	1a615934c09902440a8dcb117004014a	GameObject	22960	-
Assets/DevDen Arch Viz Scotland/Models/Bed Room/Painting_StandPhoto_A.FBX	2eea6706ad59c504f97ada384db8c584	GameObject	24112	-
Assets/DevDen Arch Viz Scotland/Models/Bed Room/Painting_StandPhoto_C.FBX	13ea4dfa2f7f9ef4fb2e772622e015bc	GameObject	24576	-
Assets/DevDen Arch Viz Scotland/Models/Bed Room/VaseFloor02_1.FBX	7a42a3aa9aded4b4bbe3dc01dc0805cd	GameObject	80656	scene:BH_XR_MainScene
Assets/DevDen Arch Viz Scotland/Models/Bed Room/bed_1.fbx	17833168c1a51de4fb2f3083e6430d8d	GameObject	260544	-
Assets/DevDen Arch Viz Scotland/Models/Bed Room/bedside_lamp1.fbx	1185fd0711949ee45be56a28ae19b647	GameObject	55440	-
Assets/DevDen Arch Viz Scotland/Models/Bed Room/bedside_table.fbx	75eea3a7622e25d4bba12f7ccbc84dd2	GameObject	45130	scene:BH_XR_MainScene
Assets/DevDen Arch Viz Scotland/Models/Bed Room/bedsider.fbx	71619e1f67dab42419b43f1c66eb1685	GameObject	152344	-
Assets/DevDen Arch Viz Scotland/Models/Bed Room/carpet.fbx	47de2e6dfeddbdd459c21d02303870d9	GameObject	25488	-
Assets/DevDen Arch Viz Scotland/Models/Bed Room/dressing_mirror.fbx	1ae81928219d4a443b7172bffd15591a	GameObject	67599	-
Assets/DevDen Arch Viz Scotland/Models/Bed Room/fotostand.fbx	30def64a7ea365946be3ff698ec271e9	GameObject	14638	scene:BH_XR_MainScene
Assets/DevDen Arch Viz Scotland/Models/Common/Materials/No Name.mat	98847867c70b4f343a5694a3ee19c8e2	Material	3716	-
Assets/DevDen Arch Viz Scotland/Models/Common/Materials/magazine1.mat	8c28a4792664e7e48ace917698185c9e	Material	3758	-
Assets/DevDen Arch Viz Scotland/Models/Common/airconditioner.FBX	cf951488e1ca04e4a8b7ac9075aeff05	GameObject	120579	-
Assets/DevDen Arch Viz Scotland/Models/Common/lamp.fbx	08874c8e67e25654f8188c25848c432f	GameObject	92272	-
Assets/DevDen Arch Viz Scotland/Models/Common/magazine.FBX	663c51b3572c3ac45883196041da708f	GameObject	34720	-
Assets/DevDen Arch Viz Scotland/Models/Common/magazine1.FBX	11ee526505cdfe143b71532eb69f6a6c	GameObject	19676	-
Assets/DevDen Arch Viz Scotland/Models/Common/notepad.obj	8e4cf70310145ba49941d601decf968d	GameObject	96734	scene:BH_XR_MainScene
Assets/DevDen Arch Viz Scotland/Models/Common/plate_1.fbx	5fa9f029ba8332e42b373839e100507c	GameObject	99648	-
Assets/DevDen Arch Viz Scotland/Models/Common/socket.FBX	6d9619889c0c67447910535617958d48	GameObject	318176	-
Assets/DevDen Arch Viz Scotland/Models/Common/switch.FBX	11c36d47eaf28fb43b0cb747a3f92382	GameObject	65001	-
Assets/DevDen Arch Viz Scotland/Models/Dining Room/Cutlery.obj	ae7dbd3d3ea7e0c418e25d2b31428eef	GameObject	164843	-
Assets/DevDen Arch Viz Scotland/Models/Dining Room/Table_mat.fbx	6e945ae6dc5472a4aa1d854dff56cfdd	GameObject	36800	-
Assets/DevDen Arch Viz Scotland/Models/Dining Room/dinning_chair.fbx	553ffc2d668ea8f459d69e550553e135	GameObject	1325633	-
Assets/DevDen Arch Viz Scotland/Models/Dining Room/dinning_table.fbx	816215bae06824c4c866a24ffd2fd204	GameObject	44861	-
Assets/DevDen Arch Viz Scotland/Models/Dining Room/trash-can.fbx	50e267d43f3228a4fab0a3cb8c59455c	GameObject	36780	scene:BH_XR_MainScene
Assets/DevDen Arch Viz Scotland/Models/Environment/archviz.fbx	c9f1d8cd7c2566f4a9066656d0bc9fb2	GameObject	259296	-
Assets/DevDen Arch Viz Scotland/Models/Kitchen Room/Kettle.fbx	8c24fc02c1eb8fa418ce4f7838526d8f	GameObject	53008	-
Assets/DevDen Arch Viz Scotland/Models/Kitchen Room/Materials/Chopboard_mat.mat	d1e9351bc997f4a2e9080a6105d26290	Material	3798	-
Assets/DevDen Arch Viz Scotland/Models/Kitchen Room/Materials/Knife_Holder_mat.mat	b30a7701b0c1d40eb9553d247807a785	Material	3801	-
Assets/DevDen Arch Viz Scotland/Models/Kitchen Room/Materials/Mug_Holder_mat.mat	3756ae549327e4a7295f710f8126402f	Material	3799	-
Assets/DevDen Arch Viz Scotland/Models/Kitchen Room/Materials/No Name.mat	db1fe9163c3b840a2aa146868af1d10e	Material	3780	-
Assets/DevDen Arch Viz Scotland/Models/Kitchen Room/Materials/drainer.mat	f7adf0cd3323545eb8cb96add8072b26	Material	3793	-
Assets/DevDen Arch Viz Scotland/Models/Kitchen Room/Materials/knives.mat	1318877cbde2e45e1a821e12dc523727	Material	3792	-
Assets/DevDen Arch Viz Scotland/Models/Kitchen Room/TOASTER.obj	35fae08d00cdc8c40a63ec5ebc62d54a	GameObject	83712	-
Assets/DevDen Arch Viz Scotland/Models/Kitchen Room/chopping-board.fbx	dc86ba37921f2f84db4af4b03a904ec8	GameObject	29568	-
Assets/DevDen Arch Viz Scotland/Models/Kitchen Room/coffeemachine.FBX	d2e7e05530c088141a07d766912532d4	GameObject	575639	-
Assets/DevDen Arch Viz Scotland/Models/Kitchen Room/dish-rack.fbx	a694e5896203f12408a5a1439250a15e	GameObject	42924	-
Assets/DevDen Arch Viz Scotland/Models/Kitchen Room/frifge.fbx	2a45774a416f6214f85ef24206f73581	GameObject	34352	-
Assets/DevDen Arch Viz Scotland/Models/Kitchen Room/induction-hob.fbx	594976da481ac5a4e8c89fa01fdf7552	GameObject	14988	-
Assets/DevDen Arch Viz Scotland/Models/Kitchen Room/kitchen_2.fbx	47ad5b770e454a146bc224c43a690f92	GameObject	141968	-
Assets/DevDen Arch Viz Scotland/Models/Kitchen Room/kitchen_bottom.fbx	5953c93a3133177479d85c596497a194	GameObject	531328	-
Assets/DevDen Arch Viz Scotland/Models/Kitchen Room/kitchen_top.fbx	27ddc70cefba4cc458cd241b184ffd67	GameObject	345824	-
Assets/DevDen Arch Viz Scotland/Models/Kitchen Room/kitchen_top_piece.fbx	9c2c5902854a0bc4294c65fa33aa53fc	GameObject	22624	-
Assets/DevDen Arch Viz Scotland/Models/Kitchen Room/knife-block.fbx	acb6e8f942d99434f99ae6759830eed6	GameObject	24784	-
Assets/DevDen Arch Viz Scotland/Models/Kitchen Room/knife1.fbx	5ccd234d4fa06004b9c066958f40bedf	GameObject	20892	-
Assets/DevDen Arch Viz Scotland/Models/Kitchen Room/knife2.fbx	a19b869a1d72e6243a2c5ac98e84a143	GameObject	19724	-
Assets/DevDen Arch Viz Scotland/Models/Kitchen Room/mug-tree.fbx	eeeabd8e5fefc874fb98872f67c9fa74	GameObject	57248	-
Assets/DevDen Arch Viz Scotland/Models/Kitchen Room/side_piece.fbx	fe5209699dc52924cb69fe0b872eae4b	GameObject	3809312	-
Assets/DevDen Arch Viz Scotland/Models/Living Room/Materials/Remote.mat	d0ad605f9fc122745879360c7ed9132b	Material	3769	-
Assets/DevDen Arch Viz Scotland/Models/Living Room/RemoteControl.FBX	4f6028cd8639d61428344fb0883b787d	GameObject	96347	-
Assets/DevDen Arch Viz Scotland/Models/Living Room/TV.FBX	1060d5b6b2a9fdb4d9d7e7fde8f4ea3e	GameObject	34848	scene:BH_XR_MainScene
Assets/DevDen Arch Viz Scotland/Models/Living Room/TV_Panels.FBX	9cf8a61d6eead324dbda06059b10ca61	GameObject	33488	-
Assets/DevDen Arch Viz Scotland/Models/Living Room/TV_Shelf.FBX	4173968f261403f46b98521fd6f14013	GameObject	38816	scene:BH_XR_MainScene
Assets/DevDen Arch Viz Scotland/Models/Living Room/Tea Table.fbx	bed2106013f22ca48a25b8eb74ec3a84	GameObject	87049	scene:BH_XR_MainScene
Assets/DevDen Arch Viz Scotland/Models/Living Room/chair_5.FBX	66ae150a3e9c1c548868196d0d702708	GameObject	106032	-
Assets/DevDen Arch Viz Scotland/Models/Living Room/laptop.FBX	35e0e336b5a71eb42b8a66710cf30545	GameObject	78849	-
Assets/DevDen Arch Viz Scotland/Models/Living Room/sofa_2.obj	dcf42730cff08ee4d9652da48fce238a	GameObject	440972	scene:BH_XR_MainScene
Assets/DevDen Arch Viz Scotland/Models/Living Room/window.fbx	fc52b793d12d2364b9fcb01ea622923e	GameObject	58848	-
Assets/DevDen Arch Viz Scotland/Models/Study Room/CHair2.fbx	c3f7617c4f55f634e9fd0a90acf38ebf	GameObject	4769290	scene:BH_XR_MainScene
Assets/DevDen Arch Viz Scotland/Models/Study Room/Imac.fbx	5e3102b82b4c4fa409265189a5e031a7	GameObject	45920	scene:BH_XR_MainScene
Assets/DevDen Arch Viz Scotland/Models/Study Room/LightTable06_1.FBX	eae3f3b3dcce62b45aa00628ff75a138	GameObject	203440	scene:BH_XR_MainScene
Assets/DevDen Arch Viz Scotland/Models/Study Room/Materials/LightBulb02.mat	31ca7158f0cdd0f499228b62412cf52e	Material	3870	scene:BH_XR_MainScene
Assets/DevDen Arch Viz Scotland/Models/Study Room/Materials/LightChrome01.mat	702b3b4969b7d434e8bf302a5a8366b8	Material	3761	scene:BH_XR_MainScene
Assets/DevDen Arch Viz Scotland/Models/Study Room/Materials/LightPlastic02.mat	4e2f3b02e28bc7146894356939053dc9	Material	3872	scene:BH_XR_MainScene
Assets/DevDen Arch Viz Scotland/Models/Study Room/Materials/PictureBorder01.mat	098fa418deb267941bc840aa54ca9ed4	Material	3763	scene:BH_XR_MainScene
Assets/DevDen Arch Viz Scotland/Models/Study Room/Materials/PictureImage01.mat	5786525ce25b2814d882f46759763c5e	Material	3763	scene:BH_XR_MainScene
Assets/DevDen Arch Viz Scotland/Models/Study Room/Materials/defaultMat.mat	8a797fc1bce0ed94588c9cfee4b26686	Material	3732	scene:BH_XR_MainScene
Assets/DevDen Arch Viz Scotland/Models/Study Room/Pen.FBX	25fc55c5734d90d4cb57161e08c99538	GameObject	151056	scene:BH_XR_MainScene
Assets/DevDen Arch Viz Scotland/Models/Study Room/Picture01_3.FBX	2a608da04271a174e8e0e7ca29aeacff	GameObject	32432	scene:BH_XR_MainScene
Assets/DevDen Arch Viz Scotland/Models/Study Room/Rug_Square_3.obj	263acbe2300dc2e40bbefc47aee25fea	GameObject	3100	scene:BH_XR_MainScene
Assets/DevDen Arch Viz Scotland/Models/Study Room/books.FBX	c3bd1f92f6c766841bf2fe0a1b78f261	GameObject	39768560	scene:BH_XR_MainScene
Assets/DevDen Arch Viz Scotland/Models/Study Room/shelf.fbx	753a353eecb07414a910bc2d65334a8b	GameObject	52303	scene:BH_XR_MainScene
Assets/DevDen Arch Viz Scotland/Models/Study Room/table.fbx	1d5df8e5796509b4fb161926ac857406	GameObject	32608	scene:BH_XR_MainScene
Assets/DevDen Arch Viz Scotland/Prefabs/Balcony/Balcony-Carpet.prefab	23cbb4d34b3d31b4e8dc0806ce093b4f	GameObject	2897	-
Assets/DevDen Arch Viz Scotland/Prefabs/Balcony/Balcony_ chair.prefab	64c0e38c304914f4b8cc0cff8721a53f	GameObject	2899	-
Assets/DevDen Arch Viz Scotland/Prefabs/Balcony/Balcony_table.prefab	56f33a790dce7a9428ae69ba452e8c9b	GameObject	2896	-
Assets/DevDen Arch Viz Scotland/Prefabs/Balcony/flower_pot_1.prefab	9cd84332369ec1449908aa11b1888b02	GameObject	3099	scene:BH_XR_MainScene
Assets/DevDen Arch Viz Scotland/Prefabs/Bathroom/Bathroom Mirror.prefab	38b3807bd2b9d134492b0a48f970d852	GameObject	3031	scene:BH_XR_MainScene
Assets/DevDen Arch Viz Scotland/Prefabs/Bathroom/BathroomGlass.prefab	72548cfaeaab2fe4b93d4503faa46574	GameObject	2883	scene:BH_XR_MainScene
Assets/DevDen Arch Viz Scotland/Prefabs/Bathroom/BathroomShelf.prefab	7fd5bfb3dec35694b82447ce0a322bed	GameObject	3281	-
Assets/DevDen Arch Viz Scotland/Prefabs/Bathroom/Bathroom_cabin.prefab	b24f8978a13c72d46a38434035894c88	GameObject	18702	-
Assets/DevDen Arch Viz Scotland/Prefabs/Bathroom/Bathroom_wall.prefab	606648ecf754e5d4c8827194436a3b68	GameObject	2887	scene:BH_XR_MainScene
Assets/DevDen Arch Viz Scotland/Prefabs/Bathroom/Metaldryer.prefab	e803bc69a90eb71409947a679ff170d1	GameObject	2884	-
Assets/DevDen Arch Viz Scotland/Prefabs/Bathroom/Toilet Paper.prefab	136acd2a20d27b74bb3b0c38b5b09b4d	GameObject	2886	-
Assets/DevDen Arch Viz Scotland/Prefabs/Bathroom/Toilet-Sink.prefab	2e82e7bbb21fe5642ac91e84ae790ba8	GameObject	2887	-
Assets/DevDen Arch Viz Scotland/Prefabs/Bathroom/Towel Holder.prefab	0e8770bc67691e8408ac8bd69ee2b5e9	GameObject	2961	-
Assets/DevDen Arch Viz Scotland/Prefabs/Bathroom/Wash Basin.prefab	57b97390413c0514999122ca59e986b0	GameObject	7004	-
Assets/DevDen Arch Viz Scotland/Prefabs/Bathroom/Washingmachine-1.prefab	20f1a6484c73d5047b33770a3bb7d6b6	GameObject	2892	-
Assets/DevDen Arch Viz Scotland/Prefabs/Bathroom/Washingmachine-2.prefab	a23dc3bb414cdc84aa9346967ee9fb3e	GameObject	3546	-
Assets/DevDen Arch Viz Scotland/Prefabs/Bathroom/bathroom_shelf.prefab	460ca9aec23fae6479dbd56e3e644010	GameObject	2886	-
Assets/DevDen Arch Viz Scotland/Prefabs/Bathroom/ceiling lamp.prefab	a975925e3fe88344f9ead86b0cdfae0a	GameObject	2962	scene:BH_XR_MainScene
Assets/DevDen Arch Viz Scotland/Prefabs/Bathroom/shower.prefab	f6ce89d0a0202cd4795870877cbfd1ad	GameObject	2880	-
Assets/DevDen Arch Viz Scotland/Prefabs/Bathroom/toilet_accesories.prefab	1b0c357ef64d48c44968d0baed5b3f6f	GameObject	72005	-
Assets/DevDen Arch Viz Scotland/Prefabs/Bed Room/Bed side_table.prefab	0997e16dbc67c824384de0d2772bcb10	GameObject	2890	scene:BH_XR_MainScene
Assets/DevDen Arch Viz Scotland/Prefabs/Bed Room/Bed.prefab	eb5e7f06c4c86b44589e7dd2a077678c	GameObject	20684	-
Assets/DevDen Arch Viz Scotland/Prefabs/Bed Room/BedRoom carpet.prefab	da8016bdb3ff0d747913c991bc6eba84	GameObject	3544	-
Assets/DevDen Arch Viz Scotland/Prefabs/Bed Room/Bedside_lamp.prefab	00f3752d4ea7fd24bbcdd694fe6dd4e9	GameObject	2967	-
Assets/DevDen Arch Viz Scotland/Prefabs/Bed Room/Dressing_mirror.prefab	c2491172d678dd1428164b79283452d2	GameObject	2962	-
Assets/DevDen Arch Viz Scotland/Prefabs/Bed Room/PhotoFrames.prefab	646d62bfd14195748a4ce8e3c7077e1a	GameObject	11275	-
Assets/DevDen Arch Viz Scotland/Prefabs/Bed Room/bedsider.prefab	4087998df7fb3c34e9d974810c54d8f4	GameObject	3538	-
Assets/DevDen Arch Viz Scotland/Prefabs/Bed Room/fotostand.prefab	d6e84184ad9cdd949847b89f741ddeb0	GameObject	2883	scene:BH_XR_MainScene
Assets/DevDen Arch Viz Scotland/Prefabs/Common/AirConditioner.prefab	e00258eee5759444580d62beee4e7846	GameObject	2888	-
Assets/DevDen Arch Viz Scotland/Prefabs/Common/Magazine-2.prefab	01a971ab30c71484097e15a27cac18e5	GameObject	2893	-
Assets/DevDen Arch Viz Scotland/Prefabs/Common/Magazine.prefab	cb0e7d89372305043aa8a7d1799bae43	GameObject	2895	-
Assets/DevDen Arch Viz Scotland/Prefabs/Common/Notepad.prefab	3d5221771b3d86249a30aceeb04eae3d	GameObject	2883	scene:BH_XR_MainScene
Assets/DevDen Arch Viz Scotland/Prefabs/Common/Switch&Socket .prefab	7341c4e3e04de74409bbb92fa9eda817	GameObject	8799	-
Assets/DevDen Arch Viz Scotland/Prefabs/Common/VaseFloor_1.prefab	1dd190c3eee80214dbc39f92d7d5098a	GameObject	2956	scene:BH_XR_MainScene
Assets/DevDen Arch Viz Scotland/Prefabs/Common/lamp.prefab	779100c5cd9f4404baaeab9d89e53983	GameObject	2949	-
Assets/DevDen Arch Viz Scotland/Prefabs/Dining Room/Cutlery_Set.prefab	b05df8955588d8445a031d697610ab52	GameObject	13889	-
Assets/DevDen Arch Viz Scotland/Prefabs/Dining Room/PlateGroup.prefab	1fee702e79a16d44bb47be3dad8a3bb4	GameObject	8812	-
Assets/DevDen Arch Viz Scotland/Prefabs/Dining Room/dinning_chair.prefab	d1c61607039f75543a982d97f02205ae	GameObject	2958	-
Assets/DevDen Arch Viz Scotland/Prefabs/Dining Room/dinning_table.prefab	b0a8444b77fff2440bf8288ec8b3ca4c	GameObject	2889	-
Assets/DevDen Arch Viz Scotland/Prefabs/Dining Room/trash-can.prefab	4d84e7cf2b173c242961310bf6dee361	GameObject	3148	scene:BH_XR_MainScene
Assets/DevDen Arch Viz Scotland/Prefabs/Environment/archviz.prefab	b143626751aa974429adb0a6f427c3c4	GameObject	51475	-
Assets/DevDen Arch Viz Scotland/Prefabs/Kitchen Room/CoffeeMachine.prefab	655fe15c7e05b1248a0d7e5b8ec6abff	GameObject	2900	-
Assets/DevDen Arch Viz Scotland/Prefabs/Kitchen Room/Dish-drainer.prefab	0bd813cfcf64f0b4b97b4522243adee7	GameObject	15358	-
Assets/DevDen Arch Viz Scotland/Prefabs/Kitchen Room/Kettle.prefab	db16789f54e0b5a46a87a2495a715028	GameObject	2882	-
Assets/DevDen Arch Viz Scotland/Prefabs/Kitchen Room/Kitchen_Cabinet-1.prefab	fd55659682a5ebc4894939b5fff8e3ab	GameObject	351627	-
Assets/DevDen Arch Viz Scotland/Prefabs/Kitchen Room/Kitchen_Cabinet-2.prefab	5c005a4d4fdc1cd4a81db0bed7de5244	GameObject	252681	-
Assets/DevDen Arch Viz Scotland/Prefabs/Kitchen Room/Toaster.prefab	e5732c41e83ea3443b0c737ae42338bc	GameObject	2892	-
Assets/DevDen Arch Viz Scotland/Prefabs/Kitchen Room/chopping-board.prefab	11f41fdd2adf96b4782bb87ebd5a2465	GameObject	2912	-
Assets/DevDen Arch Viz Scotland/Prefabs/Kitchen Room/knife-block.prefab	0bd00a6242f26af49b700471686f3f67	GameObject	12970	-
Assets/DevDen Arch Viz Scotland/Prefabs/Kitchen Room/mug-tree.prefab	801c0da9ff0beb1498bce2eae4569830	GameObject	2906	-
Assets/DevDen Arch Viz Scotland/Prefabs/Living Room/Laptop.prefab	e2a10e8083e1fc145a5337c19834675c	GameObject	2878	-
Assets/DevDen Arch Viz Scotland/Prefabs/Living Room/LivingRoom Carpet.prefab	548b65128e4f7104a8339c1d7c1a6ec9	GameObject	3352	scene:BH_XR_MainScene
Assets/DevDen Arch Viz Scotland/Prefabs/Living Room/LivingRoom Chair.prefab	6bd37e621cc8b374c97630103d9c5ba7	GameObject	2901	-
Assets/DevDen Arch Viz Scotland/Prefabs/Living Room/RemoteControl.prefab	8ca61d2e8163294438edb9e7f84cdb20	GameObject	2885	-
Assets/DevDen Arch Viz Scotland/Prefabs/Living Room/Sofa.prefab	e7b854421992a284781c05dfa679bb7b	GameObject	2876	scene:BH_XR_MainScene
Assets/DevDen Arch Viz Scotland/Prefabs/Living Room/TV.prefab	03e0c2324a699f04d8798d4e3af7ce7a	GameObject	2880	scene:BH_XR_MainScene
Assets/DevDen Arch Viz Scotland/Prefabs/Living Room/TV_Panels.prefab	4d539f9017ac5de44a0150560a91ea37	GameObject	2887	-
Assets/DevDen Arch Viz Scotland/Prefabs/Living Room/TV_Shelf.prefab	1b0e6a52f7f4a1641b8929b9f3b5826d	GameObject	2882	scene:BH_XR_MainScene
Assets/DevDen Arch Viz Scotland/Prefabs/Living Room/Tea Table.prefab	748f43356c132a54b86d99005f70fe62	GameObject	2883	-
Assets/DevDen Arch Viz Scotland/Prefabs/Living Room/window.prefab	f42a0920412c74d4bbe15c510542de83	GameObject	16352	-
Assets/DevDen Arch Viz Scotland/Prefabs/Study Room/BookShelf.prefab	a56630da406e2b24aa7c3e949ec68ae8	GameObject	63790	scene:BH_XR_MainScene
Assets/DevDen Arch Viz Scotland/Prefabs/Study Room/Imac.prefab	6f32a48a41756484885ada0b5b041213	GameObject	2880	scene:BH_XR_MainScene
Assets/DevDen Arch Viz Scotland/Prefabs/Study Room/Pen.prefab	6ed593ed88c3da54da39d6812710f65b	GameObject	21531	scene:BH_XR_MainScene
Assets/DevDen Arch Viz Scotland/Prefabs/Study Room/StudyRoom Chair.prefab	552feca88e2bc0c48999fa4836306150	GameObject	2962	scene:BH_XR_MainScene
Assets/DevDen Arch Viz Scotland/Prefabs/Study Room/StudyRoom Table Lamp.prefab	a9e6bc34280f5124ca4beaec26bce63a	GameObject	3047	scene:BH_XR_MainScene
Assets/DevDen Arch Viz Scotland/Prefabs/Study Room/StudyRoom WallPicture.prefab	968ff1541191ca0408cb974a634b2f8a	GameObject	2973	scene:BH_XR_MainScene
Assets/DevDen Arch Viz Scotland/Prefabs/Study Room/StudyRoomCarpet.prefab	3ba6c31d212f6754b88d35b79a21e97a	GameObject	3107	scene:BH_XR_MainScene
Assets/DevDen Arch Viz Scotland/Prefabs/Study Room/Study_table.prefab	0023341b873136e46ace33dca997debb	GameObject	2885	scene:BH_XR_MainScene
Assets/DevDen Arch Viz Scotland/Read Me.pdf	59efb8aef6144ef41bb9fd766422080c	DefaultAsset	68354	-
Assets/DevDen Arch Viz Scotland/Scenes/ArchViz.unity	5d9a04077777e2741aa75a554f7ee3fb	SceneAsset	1193148	-
Assets/DevDen Arch Viz Scotland/Scenes/ArchViz/Global Volume Profile.asset	a35ba40061c8fbc479068a0fae440505	VolumeProfile	3467	-
Assets/DevDen Arch Viz Scotland/Scenes/ArchViz/LightingData.asset	65e105117de0fe9478d8d905d4a73d54	LightingDataAsset	177920	-
Assets/DevDen Arch Viz Scotland/Scenes/ArchViz/Lightmap-0_comp_dir.png	c82a462be1e435f4a937089335cb1f55	Texture2D	1762838	-
Assets/DevDen Arch Viz Scotland/Scenes/ArchViz/Lightmap-0_comp_light.exr	e87d31a882c5b104988c1f9bc2860a1a	Texture2D	5866388	-
Assets/DevDen Arch Viz Scotland/Scenes/ArchViz/ReflectionProbe-0.exr	db1da647f2c8631419cf5b67e8e289a7	Cubemap	12040903	-
Assets/DevDen Arch Viz Scotland/Scenes/ArchViz/ReflectionProbe-1.exr	98636dc060e4d9049bde74dc5b41aee8	Cubemap	14974493	-
Assets/DevDen Arch Viz Scotland/Scenes/ArchViz/ReflectionProbe-2.png	6aed12c9ad225bc4db2d71ab4339c508	Cubemap	774024	-
Assets/DevDen Arch Viz Scotland/Scenes/ArchViz/ReflectionProbe-3.exr	46fd6e7f92530bc4b84506b09d5d2752	Cubemap	49748560	-
Assets/DevDen Arch Viz Scotland/Scenes/ArchViz/ReflectionProbe-4.exr	c0fcf81148b0ad346991201b513c2a83	Cubemap	14975272	-
Assets/DevDen Arch Viz Scotland/Scenes/ArchViz/ReflectionProbe-5.exr	20804193f3d1b104491ab47c4fa3c860	Cubemap	16824063	-
Assets/DevDen Arch Viz Scotland/Scenes/ArchViz/ReflectionProbe-6.exr	ac4dbfdaf0326a449aa875ac6b5214f0	Cubemap	15709972	-
Assets/DevDen Arch Viz Scotland/Scenes/ArchViz/ReflectionProbe-7.exr	5e1a698228260bc4a96b62248bd3e797	Cubemap	13830688	-
Assets/DevDen Arch Viz Scotland/Scenes/ArchViz/ReflectionProbe-8.exr	f4c805ff1bc79614ca4d3d206d0f0b1a	Cubemap	18705070	-
Assets/DevDen Arch Viz Scotland/Scenes/ArchVizSettings.lighting	740475ccfb497ff47b5353cdf2c790f7	LightingSettings	1783	-
Assets/DevDen Arch Viz Scotland/Scenes/ArchViz_Profiles/Movie2_High.asset	83278e64b9351b640a19cac13fff00d1	?	25115	-
Assets/DevDen Arch Viz Scotland/Textures/Balcony/balconY_tacle/balcony_table_balcony_table_2_AO.png	5bcf64982ce2eb54fbe7290ca71859dd	Texture2D	433365	scene:BH_XR_MainScene
Assets/DevDen Arch Viz Scotland/Textures/Balcony/balconY_tacle/balcony_table_balcony_table_2_AlbedoTransparency.png	18b340cd91e64d942baffdaa6d48091f	Texture2D	926140	scene:BH_XR_MainScene
Assets/DevDen Arch Viz Scotland/Textures/Balcony/balconY_tacle/balcony_table_balcony_table_2_MetallicSmoothness.png	bb3f0aff4313aca49bbe514638826b95	Texture2D	830373	scene:BH_XR_MainScene
Assets/DevDen Arch Viz Scotland/Textures/Balcony/balconY_tacle/balcony_table_balcony_table_2_Normal.png	0c659d62b198f7b4eb86a092de2de1b6	Texture2D	1173534	scene:BH_XR_MainScene
Assets/DevDen Arch Viz Scotland/Textures/Balcony/balcony/balcony_balcony_glass_AO.png	031b139f608a30c4988001984c7f25ac	Texture2D	1295507	-
Assets/DevDen Arch Viz Scotland/Textures/Balcony/balcony/balcony_balcony_glass_AlbedoTransparency.png	a39f9ef600367fe4abcf205d20d92134	Texture2D	538126	-
Assets/DevDen Arch Viz Scotland/Textures/Balcony/balcony/balcony_balcony_glass_MetallicSmoothness.png	ef90ad457236b604d827a6d50c8c77d7	Texture2D	329309	-
Assets/DevDen Arch Viz Scotland/Textures/Balcony/balcony/balcony_balcony_glass_Normal.png	964c4bc3e7a499941a27bcdbd8cbc8c9	Texture2D	2382331	-
Assets/DevDen Arch Viz Scotland/Textures/Balcony/balcony/balcony_balcony_metal_AO.png	487bb6c79a125fb44a239c6eb34406a4	Texture2D	830325	-
Assets/DevDen Arch Viz Scotland/Textures/Balcony/balcony/balcony_balcony_metal_AlbedoTransparency.png	52a0a40bbfd12b3458f59dfc717326dd	Texture2D	78119	-
Assets/DevDen Arch Viz Scotland/Textures/Balcony/balcony/balcony_balcony_metal_MetallicSmoothness.png	7b5d2cffcbd7e2c40bee1af6f3d102dc	Texture2D	78121	-
Assets/DevDen Arch Viz Scotland/Textures/Balcony/balcony/balcony_balcony_metal_Normal.png	d1c555dd7e370ab4ead31387b31e99e0	Texture2D	2353381	-
Assets/DevDen Arch Viz Scotland/Textures/Balcony/balcony_chair/balcony_ chair_balcony_chair1_AO.png	01d98c6e22b6e214fb20bc2f4d47d6f3	Texture2D	1111596	-
Assets/DevDen Arch Viz Scotland/Textures/Balcony/balcony_chair/balcony_ chair_balcony_chair1_AlbedoTransparency.png	fe90f942619da1c4c9a75d8d43e144ea	Texture2D	2124684	-
Assets/DevDen Arch Viz Scotland/Textures/Balcony/balcony_chair/balcony_ chair_balcony_chair1_MetallicSmoothness.png	21cdb543242a54f4980ff061a26cf4b4	Texture2D	1158618	-
Assets/DevDen Arch Viz Scotland/Textures/Balcony/balcony_chair/balcony_ chair_balcony_chair1_Normal.png	e629b5e87a61c5f44acc8998d4e390a5	Texture2D	2178178	-
Assets/DevDen Arch Viz Scotland/Textures/Balcony/balcony_mat/balcony_mat1_MaskMap.png	56c66f197e1eedb44b8da962e547e96c	Texture2D	223018	-
Assets/DevDen Arch Viz Scotland/Textures/Balcony/balcony_mat/balcony_mat_balcony_mat1_AO.png	d905c93170682624b9bcd403f197e890	Texture2D	82283	-
Assets/DevDen Arch Viz Scotland/Textures/Balcony/balcony_mat/balcony_mat_balcony_mat1_AlbedoTransparency.png	5425140201b6c5b48a54a90d48414fd4	Texture2D	1982836	-
Assets/DevDen Arch Viz Scotland/Textures/Balcony/balcony_mat/balcony_mat_balcony_mat1_MetallicSmoothness.png	3ba1670be3dab3d45be9c524f70a84ce	Texture2D	647206	-
Assets/DevDen Arch Viz Scotland/Textures/Balcony/balcony_mat/balcony_mat_balcony_mat1_Normal.png	9c93b8adf4e8ae141a1513c59b90c8d3	Texture2D	1834288	-
Assets/DevDen Arch Viz Scotland/Textures/Balcony/flower_pot/flower_pot_1_flower_AlbedoTransparency.png	24d7cee849b59f44db7088fb96c45d86	Texture2D	334135	scene:BH_XR_MainScene
Assets/DevDen Arch Viz Scotland/Textures/Balcony/flower_pot/flower_pot_1_flower_MetallicSmoothness.png	e133c10cc1c048a499bc0f96f6046201	Texture2D	20543	scene:BH_XR_MainScene
Assets/DevDen Arch Viz Scotland/Textures/Balcony/flower_pot/flower_pot_1_flower_Normal.png	56bc77519c54fba4498db7aa28c1cc5d	Texture2D	477600	scene:BH_XR_MainScene
Assets/DevDen Arch Viz Scotland/Textures/Balcony/flower_pot/flower_pot_1_leaf_AlbedoTransparency.png	ccc6e7ba3bc8b0b408b2a204e57fbeee	Texture2D	792435	scene:BH_XR_MainScene
Assets/DevDen Arch Viz Scotland/Textures/Balcony/flower_pot/flower_pot_1_leaf_MetallicSmoothness.png	a8c1f94137d8e824bbac656d320fb870	Texture2D	433332	scene:BH_XR_MainScene
Assets/DevDen Arch Viz Scotland/Textures/Balcony/flower_pot/flower_pot_1_leaf_Normal.png	82dccc7bfd333cd4184c98ee72fec1c9	Texture2D	764264	scene:BH_XR_MainScene
Assets/DevDen Arch Viz Scotland/Textures/Balcony/flower_pot/flower_pot_1_plant_pot_AlbedoTransparency.png	586cb937f58c76445ae75bb8dae7a24c	Texture2D	1450955	scene:BH_XR_MainScene
Assets/DevDen Arch Viz Scotland/Textures/Balcony/flower_pot/flower_pot_1_plant_pot_MetallicSmoothness.png	39af2be7548517a4f8298db385558032	Texture2D	795276	scene:BH_XR_MainScene
Assets/DevDen Arch Viz Scotland/Textures/Balcony/flower_pot/flower_pot_1_plant_pot_Normal.png	c2a89e8d0edbfb345bae255426eca34e	Texture2D	1050175	scene:BH_XR_MainScene
Assets/DevDen Arch Viz Scotland/Textures/Balcony/flower_pot/flower_pot_1_wines_AlbedoTransparency.png	6142ee6aae274bb4cb4f3c2af8df153a	Texture2D	1068496	scene:BH_XR_MainScene
Assets/DevDen Arch Viz Scotland/Textures/Balcony/flower_pot/flower_pot_1_wines_MetallicSmoothness.png	e8849b6d0f5a4754c91cc7b7a5e8079e	Texture2D	20543	scene:BH_XR_MainScene
Assets/DevDen Arch Viz Scotland/Textures/Balcony/flower_pot/flower_pot_1_wines_Normal.png	9b2d53dad35b80141b5518cefd638c22	Texture2D	332139	scene:BH_XR_MainScene
Assets/DevDen Arch Viz Scotland/Textures/Bathroom/Bathroom_Glass/glass_glass_Normal.png	09db36ff06548e54da892ef9a23d38e9	Texture2D	461977	scene:BH_XR_MainScene
Assets/DevDen Arch Viz Scotland/Textures/Bathroom/MetalDryer/dry_M_metaldryer_AO.png	1a684dbc9e1566a4a9a7dc17195f571f	Texture2D	1892317	-
Assets/DevDen Arch Viz Scotland/Textures/Bathroom/MetalDryer/dry_M_metaldryer_AlbedoTransparency.png	731a7294032f33846abde08b7fffd5b1	Texture2D	896368	-
Assets/DevDen Arch Viz Scotland/Textures/Bathroom/MetalDryer/dry_M_metaldryer_MetallicSmoothness.png	421ceea65670e584f8baf71278501f0e	Texture2D	1487834	-
Assets/DevDen Arch Viz Scotland/Textures/Bathroom/MetalDryer/dry_M_metaldryer_Normal.png	9a270c255e7dc8e42a89142aa76fe63c	Texture2D	1884304	-
Assets/DevDen Arch Viz Scotland/Textures/Bathroom/Tile_Bath/SubwayTile - baseColor.png	fc09bd414bf387848804e7745d9c6026	Texture2D	288156	scene:BH_XR_MainScene
Assets/DevDen Arch Viz Scotland/Textures/Bathroom/Tile_Bath/SubwayTile - metallic (Modified).png	1d731b9eaef2c8445a9b8c75490f9629	Texture2D	37488	-
Assets/DevDen Arch Viz Scotland/Textures/Bathroom/Tile_Bath/SubwayTile - normal (Modified).png	f8c4edf277847b64bbdd10e7ca8b54f0	Texture2D	487117	scene:BH_XR_MainScene
Assets/DevDen Arch Viz Scotland/Textures/Bathroom/Toilet/toilet_DefaultMaterial_AO.png	10ef9844cbdd4a7488fcfda6255ea414	Texture2D	732271	-
Assets/DevDen Arch Viz Scotland/Textures/Bathroom/Toilet/toilet_DefaultMaterial_AlbedoTransparency.png	9d21e1c8c01aeba459d40f5b171ded0e	Texture2D	340603	-
Assets/DevDen Arch Viz Scotland/Textures/Bathroom/Toilet/toilet_DefaultMaterial_MetallicSmoothness.png	f15485f978231784dbab9c6cfa0dfaa5	Texture2D	1345917	-
Assets/DevDen Arch Viz Scotland/Textures/Bathroom/Toilet/toilet_DefaultMaterial_Normal.png	e097edfe19ac809469786f6ec65455ed	Texture2D	1357156	-
Assets/DevDen Arch Viz Scotland/Textures/Bathroom/Toilet_wood/3_toilet_wood1_AlbedoTransparency.png	ac7d0fcc0dd62ad42a6ecb88f20001af	Texture2D	1720147	-
Assets/DevDen Arch Viz Scotland/Textures/Bathroom/Toilet_wood/3_toilet_wood1_MetallicSmoothness.png	a39a98fef505c6b49b6e983d74a8d5a4	Texture2D	78120	-
Assets/DevDen Arch Viz Scotland/Textures/Bathroom/Toilet_wood/3_toilet_wood1_Normal.png	e498dbfda0ef2304ba2ca4aff64d6610	Texture2D	1695685	-
Assets/DevDen Arch Viz Scotland/Textures/Bathroom/TolPaper/tolpaper_DefaultMaterial_AO.png	f88a46234eb256e42bf09e264b571519	Texture2D	347707	-
Assets/DevDen Arch Viz Scotland/Textures/Bathroom/TolPaper/tolpaper_DefaultMaterial_AlbedoTransparency.png	094ad9df78208684f95a0b120ec2445e	Texture2D	548850	-
Assets/DevDen Arch Viz Scotland/Textures/Bathroom/TolPaper/tolpaper_DefaultMaterial_MetallicSmoothness.png	316d3afeba621594b873d7b741d75cf0	Texture2D	867879	-
Assets/DevDen Arch Viz Scotland/Textures/Bathroom/TolPaper/tolpaper_DefaultMaterial_Normal.png	4b95452cb10e54b4caad151dee71c3e1	Texture2D	1476685	-
Assets/DevDen Arch Viz Scotland/Textures/Bathroom/Washbasin/washbasin_M_washbasin_AO.png	24359b693aa49d048ac0956849c4bcdb	Texture2D	901661	-
Assets/DevDen Arch Viz Scotland/Textures/Bathroom/Washbasin/washbasin_M_washbasin_AlbedoTransparency.png	d4012282a652ec94b98fd22b5b113747	Texture2D	78120	-
Assets/DevDen Arch Viz Scotland/Textures/Bathroom/Washbasin/washbasin_M_washbasin_MetallicSmoothness.png	8c1084842f8e4e74ba89bcb7f31eb332	Texture2D	78120	-
Assets/DevDen Arch Viz Scotland/Textures/Bathroom/Washbasin/washbasin_M_washbasin_Normal.png	69fba93eebdd80e49b090a23275320d4	Texture2D	2383014	-
Assets/DevDen Arch Viz Scotland/Textures/Bathroom/Washing_machine/washingmachine_M_washingmachine_AlbedoTransparency.png	644093fe736a20b4bb283d207596c460	Texture2D	1231301	-
Assets/DevDen Arch Viz Scotland/Textures/Bathroom/Washing_machine/washingmachine_M_washingmachine_MetallicSmoothness.png	30a3f446d4a5aea47b9825304835f612	Texture2D	1633860	-
Assets/DevDen Arch Viz Scotland/Textures/Bathroom/Washing_machine/washingmachine_M_washingmachine_Normal.png	63b84352b990e8a46983bccf32fdbc02	Texture2D	2087997	-
Assets/DevDen Arch Viz Scotland/Textures/Bathroom/bathroom_cabin/bathroom_cabin_bathroom_cabin_AO.png	9f6c29596192f4b48a8e966af7bfe9d7	Texture2D	479043	-
Assets/DevDen Arch Viz Scotland/Textures/Bathroom/bathroom_cabin/bathroom_cabin_bathroom_cabin_AlbedoTransparency.png	e6062f682a797994ab57c713d0e190d7	Texture2D	29091	-
Assets/DevDen Arch Viz Scotland/Textures/Bathroom/bathroom_cabin/bathroom_cabin_bathroom_cabin_MetallicSmoothness.png	a637ba760c1221a41b5fc20cca8c0f6a	Texture2D	29171	-
Assets/DevDen Arch Viz Scotland/Textures/Bathroom/bathroom_cabin/bathroom_cabin_bathroom_cabin_Normal.png	d0b11c92d65a6ca41bc12952d94c41bf	Texture2D	601273	-
Assets/DevDen Arch Viz Scotland/Textures/Bathroom/bathroom_shelf/bathroom_shelf_bathroom_shelf_AO.png	a719ca6494d86e84e84c4d9a631fe7cd	Texture2D	428196	-
Assets/DevDen Arch Viz Scotland/Textures/Bathroom/bathroom_shelf/bathroom_shelf_bathroom_shelf_AlbedoTransparency.png	6a75b00a06e6901469b5a74bd1f5c455	Texture2D	28444	-
Assets/DevDen Arch Viz Scotland/Textures/Bathroom/bathroom_shelf/bathroom_shelf_bathroom_shelf_MetallicSmoothness.png	abe1e05553436304b86ee2f326fa6c6b	Texture2D	28336	-
Assets/DevDen Arch Viz Scotland/Textures/Bathroom/bathroom_shelf/bathroom_shelf_bathroom_shelf_Normal.png	63822f1b66c0bbb42b8083cbef276b60	Texture2D	619987	-
Assets/DevDen Arch Viz Scotland/Textures/Bathroom/bathroom_wall/bathroom_wall_phong1_AlbedoTransparency.png	eafcc6c2944a80f4a875d500383b4766	Texture2D	1780370	scene:BH_XR_MainScene
Assets/DevDen Arch Viz Scotland/Textures/Bathroom/bathroom_wall/bathroom_wall_phong1_MetallicSmoothness.png	d93aec953ae983f4c9096fcb4d5422e1	Texture2D	1089740	scene:BH_XR_MainScene
Assets/DevDen Arch Viz Scotland/Textures/Bathroom/bathroom_wall/bathroom_wall_phong1_Normal.png	600f9bd9ddd3dc34a8691b5546ee551a	Texture2D	597510	scene:BH_XR_MainScene
Assets/DevDen Arch Viz Scotland/Textures/Bathroom/towel_2/2_toilet_wood_1_AO.png	7d98f732efaa39c4ca33d826b7cd8f73	Texture2D	1123300	-
Assets/DevDen Arch Viz Scotland/Textures/Bathroom/towel_2/2_toilet_wood_1_AlbedoTransparency.png	614d30463a4e1034b8f4ca34e6c94645	Texture2D	1836465	-
Assets/DevDen Arch Viz Scotland/Textures/Bathroom/towel_2/2_toilet_wood_1_MetallicSmoothness.png	6e98eca794794aa4ab2c05b9f9492f12	Texture2D	78120	-
Assets/DevDen Arch Viz Scotland/Textures/Bathroom/towel_2/2_toilet_wood_1_Normal.png	e40a469a4b1e74a4093aa86a48b13c99	Texture2D	1723786	-
Assets/DevDen Arch Viz Scotland/Textures/Bathroom/towel_2/2_towl_2_AlbedoTransparency.png	a53e583f921f7454d96111a0f3923d13	Texture2D	2059132	-
Assets/DevDen Arch Viz Scotland/Textures/Bathroom/towel_2/2_towl_2_MetallicSmoothness.png	90287f0bd25af1648b26804a7d8bd89e	Texture2D	78120	-
Assets/DevDen Arch Viz Scotland/Textures/Bathroom/towel_2/2_towl_2_Normal.png	df0678f1d13f015429aa9c67f28ab714	Texture2D	1765553	-
Assets/DevDen Arch Viz Scotland/Textures/Bed Room/BedsideLamp/bedside_lamp_bed_lamp_glass1_AO.png	d92a2c9d6aa7c804a8c12ac347a6b063	Texture2D	64658	-
Assets/DevDen Arch Viz Scotland/Textures/Bed Room/BedsideLamp/bedside_lamp_bed_lamp_glass1_AlbedoTransparency.png	27d693f9c1ddeec4d9f2608895b615e6	Texture2D	11174	-
Assets/DevDen Arch Viz Scotland/Textures/Bed Room/BedsideLamp/bedside_lamp_bed_lamp_glass1_MetallicSmoothness.png	9f4cd69ec824b524ea3445be08f60768	Texture2D	11171	-
Assets/DevDen Arch Viz Scotland/Textures/Bed Room/BedsideLamp/bedside_lamp_bed_lamp_glass1_Normal.png	4bdd656cd96ebf64a8302432cb85dd52	Texture2D	298536	-
Assets/DevDen Arch Viz Scotland/Textures/Bed Room/BedsideLamp/bedside_lamp_bedside_lamp1_AO.png	7410df1afb536a04cab9abcb8386f2f1	Texture2D	191534	-
Assets/DevDen Arch Viz Scotland/Textures/Bed Room/BedsideLamp/bedside_lamp_bedside_lamp1_AlbedoTransparency.png	a8094c42c8e5e7d4fa4ef8f99a0e0d48	Texture2D	160047	-
Assets/DevDen Arch Viz Scotland/Textures/Bed Room/BedsideLamp/bedside_lamp_bedside_lamp1_MetallicSmoothness.png	13c48cdc08f42d140a3ad20115228820	Texture2D	134388	-
Assets/DevDen Arch Viz Scotland/Textures/Bed Room/BedsideLamp/bedside_lamp_bedside_lamp1_Normal.png	950a419b338321d45ac9405fc8218832	Texture2D	301485	-
Assets/DevDen Arch Viz Scotland/Textures/Bed Room/FOTO_FRAME_4/Painting_StandPhoto_C_Paintings_House_AO.png	65f9bba4c3a49da47917cf5abda2a68f	Texture2D	286962	-
Assets/DevDen Arch Viz Scotland/Textures/Bed Room/FOTO_FRAME_4/Painting_StandPhoto_C_Paintings_House_AlbedoTransparency.png	e6050d04b9c158b46b05c381ee50ac4d	Texture2D	358000	-
Assets/DevDen Arch Viz Scotland/Textures/Bed Room/FOTO_FRAME_4/Painting_StandPhoto_C_Paintings_House_MetallicSmoothness.png	1455bfde9e39c1f4999aae413ab8d18d	Texture2D	104294	-
Assets/DevDen Arch Viz Scotland/Textures/Bed Room/FOTO_FRAME_4/Painting_StandPhoto_C_Paintings_House_Normal.png	4ac3835925a9a4946b913121b8d51577	Texture2D	1556504	-
Assets/DevDen Arch Viz Scotland/Textures/Bed Room/FOTO_FRAME_4/Paintings_House_MaskMap.png	ffa4b408fd31a8c40acfda811597c907	Texture2D	313611	-
Assets/DevDen Arch Viz Scotland/Textures/Bed Room/Photo_stand/fotostand_fotostand_AO.png	cba17a7df55557b47a530ea7dbe507b4	Texture2D	22287	scene:BH_XR_MainScene
Assets/DevDen Arch Viz Scotland/Textures/Bed Room/Photo_stand/fotostand_fotostand_AlbedoTransparency.png	5dec7a41482d1004998f96b6db19ed72	Texture2D	843466	scene:BH_XR_MainScene
Assets/DevDen Arch Viz Scotland/Textures/Bed Room/Photo_stand/fotostand_fotostand_MetallicSmoothness.png	6e5ee5584602b344790effc469028f1c	Texture2D	20543	scene:BH_XR_MainScene
Assets/DevDen Arch Viz Scotland/Textures/Bed Room/Photo_stand/fotostand_fotostand_Normal.png	a05f72549aa39664d84f5a48f0d060b5	Texture2D	596666	scene:BH_XR_MainScene
Assets/DevDen Arch Viz Scotland/Textures/Bed Room/bed/bed_bed_AlbedoTransparency.png	87652a26deb1b2340b8db8a373a74475	Texture2D	1680973	-
Assets/DevDen Arch Viz Scotland/Textures/Bed Room/bed/bed_bed_MetallicSmoothness.png	27c343a77b2060449a38ac585f36a10d	Texture2D	2463381	-
Assets/DevDen Arch Viz Scotland/Textures/Bed Room/bed/bed_bed_Normal.png	79c61a2ce7ec8114b89f0c0d99e4d58e	Texture2D	1806986	-
Assets/DevDen Arch Viz Scotland/Textures/Bed Room/bed/bed_bed_coat_AlbedoTransparency.png	e551261fc71ba4a48ac16b03f4b69ef8	Texture2D	2040436	-
Assets/DevDen Arch Viz Scotland/Textures/Bed Room/bed/bed_bed_coat_MetallicSmoothness.png	afee355ed2bc6a44e93cb575584aa6e6	Texture2D	1904079	-
Assets/DevDen Arch Viz Scotland/Textures/Bed Room/bed/bed_bed_coat_Normal.png	f9422372c3a8800468a5f7fbbae79eed	Texture2D	1876068	-
Assets/DevDen Arch Viz Scotland/Textures/Bed Room/bed/bed_low_bed_sheet_AlbedoTransparency.png	c86a8f71eb49b4143b018494c3d8b93f	Texture2D	1707778	-
Assets/DevDen Arch Viz Scotland/Textures/Bed Room/bed/bed_low_bed_sheet_MetallicSmoothness.png	32892a7f88c325e4f89ef58085bc9c3d	Texture2D	2128743	-
Assets/DevDen Arch Viz Scotland/Textures/Bed Room/bed/bed_low_bed_sheet_Normal.png	086487a7149a2b542b1b7501e70de02c	Texture2D	1846115	-
Assets/DevDen Arch Viz Scotland/Textures/Bed Room/bed/bed_pillow_1_AlbedoTransparency.png	cafca0e8578edc34ea176d6d19d940cb	Texture2D	2104122	-
Assets/DevDen Arch Viz Scotland/Textures/Bed Room/bed/bed_pillow_1_MetallicSmoothness.png	6e119183276f68747a93993e7306ad1d	Texture2D	1896252	-
Assets/DevDen Arch Viz Scotland/Textures/Bed Room/bed/bed_pillow_1_Normal.png	c9c975531b41a3b46a3ec911493e6df3	Texture2D	1559363	-
Assets/DevDen Arch Viz Scotland/Textures/Bed Room/bedside_carpet/carpet_carpet_AO.png	e8d6c7da4fc128d4a995ad09a574d4fa	Texture2D	92750	-
Assets/DevDen Arch Viz Scotland/Textures/Bed Room/bedside_carpet/carpet_carpet_AlbedoTransparency.png	95588a1d7e2b9764a9eb2fe8e7cbd9f0	Texture2D	1599153	scene:BH_XR_MainScene
Assets/DevDen Arch Viz Scotland/Textures/Bed Room/bedside_carpet/carpet_carpet_MetallicSmoothness.png	b037a869df4f22244a7b0a86cacbc73f	Texture2D	620161	-
Assets/DevDen Arch Viz Scotland/Textures/Bed Room/bedside_carpet/carpet_carpet_Normal.png	6bf5265d5115f4f43b9c23f0d05b908a	Texture2D	1236561	scene:BH_XR_MainScene
Assets/DevDen Arch Viz Scotland/Textures/Bed Room/bedside_table/bedside_table_bedside_AO.png	733c6d55094ea824587133e1634be2a1	Texture2D	347840	scene:BH_XR_MainScene
Assets/DevDen Arch Viz Scotland/Textures/Bed Room/bedside_table/bedside_table_bedside_AlbedoTransparency.png	bd1b9241d38ce9f4bbabe990d1b70ba8	Texture2D	1458738	scene:BH_XR_MainScene
Assets/DevDen Arch Viz Scotland/Textures/Bed Room/bedside_table/bedside_table_bedside_MetallicSmoothness.png	8cdae928c4083e541aa0f6f8767977bd	Texture2D	20543	scene:BH_XR_MainScene
Assets/DevDen Arch Viz Scotland/Textures/Bed Room/bedside_table/bedside_table_bedside_Normal.png	3b5bf737e2169604c8a8e8a86b280f05	Texture2D	596746	scene:BH_XR_MainScene
Assets/DevDen Arch Viz Scotland/Textures/Bed Room/bedsider/bedsider_bed_sider_AO.png	68e829e02c8a9dd4486518859b05c199	Texture2D	1340173	-
Assets/DevDen Arch Viz Scotland/Textures/Bed Room/bedsider/bedsider_bed_sider_AlbedoTransparency.png	65adc980938f71340b7cc84822165895	Texture2D	2332225	-
Assets/DevDen Arch Viz Scotland/Textures/Bed Room/bedsider/bedsider_bed_sider_MetallicSmoothness.png	b69979f186876604dbfecb56533fd1f5	Texture2D	1813518	-
Assets/DevDen Arch Viz Scotland/Textures/Bed Room/bedsider/bedsider_bed_sider_Normal.png	f47a81decf4e8e64e9de60e339d60960	Texture2D	1417750	-
Assets/DevDen Arch Viz Scotland/Textures/Bed Room/dressing_mirror/dresing_mirror_dressing_mirror1_AO.png	5fc31b25361417147a8adc77b72d8dd1	Texture2D	1103049	-
Assets/DevDen Arch Viz Scotland/Textures/Bed Room/dressing_mirror/dresing_mirror_dressing_mirror1_AlbedoTransparency.png	fb1608cb2f96cd9409082c113ecb98a8	Texture2D	2826330	-
Assets/DevDen Arch Viz Scotland/Textures/Bed Room/dressing_mirror/dresing_mirror_dressing_mirror1_MetallicSmoothness.png	b4048190cbedd994094e94bed502ac19	Texture2D	1639501	-
Assets/DevDen Arch Viz Scotland/Textures/Bed Room/dressing_mirror/dresing_mirror_dressing_mirror1_Normal.png	556a5b0f44bbba44cbb6f2c901b0abaf	Texture2D	1351579	-
Assets/DevDen Arch Viz Scotland/Textures/Bed Room/foto_frame_1/Painting_Photo_B_Paintings_House_AlbedoTransparency.png	60fe7d91576fc0044b4a554ac6d4cc65	Texture2D	102740	-
Assets/DevDen Arch Viz Scotland/Textures/Bed Room/foto_frame_1/Painting_Photo_B_Paintings_House_MetallicSmoothness.png	28b5bd91d6546e448ba962c06de7537c	Texture2D	79577	-
Assets/DevDen Arch Viz Scotland/Textures/Bed Room/foto_frame_1/Painting_Photo_B_Paintings_House_Normal.png	d42bb09af5ffe214d8dc25dca88d6902	Texture2D	1231947	-
Assets/DevDen Arch Viz Scotland/Textures/Bed Room/foto_frame_2/Painting_Small_C_Paintings_House_AO.png	282559ee82322e845baddc2b871dae21	Texture2D	283663	-
Assets/DevDen Arch Viz Scotland/Textures/Bed Room/foto_frame_2/Painting_Small_C_Paintings_House_AlbedoTransparency.png	0c9959615b8ecfb489e120f6373b3b53	Texture2D	523710	-
Assets/DevDen Arch Viz Scotland/Textures/Bed Room/foto_frame_2/Painting_Small_C_Paintings_House_MetallicSmoothness.png	dca8fad145677a64180c6b3c860a52e0	Texture2D	87815	-
Assets/DevDen Arch Viz Scotland/Textures/Bed Room/foto_frame_2/Painting_Small_C_Paintings_House_Normal.png	43f1d319237deca4795afff83b66a5d9	Texture2D	1558606	-
Assets/DevDen Arch Viz Scotland/Textures/Bed Room/foto_frame_3/Painting_StandPhoto_A_Paintings_House_AO.png	84c98746758d1314d856cd543624e38b	Texture2D	374917	-
Assets/DevDen Arch Viz Scotland/Textures/Bed Room/foto_frame_3/Painting_StandPhoto_A_Paintings_House_AlbedoTransparency.png	aecb9f1f8d4f5724dacc181a53334b19	Texture2D	609469	-
Assets/DevDen Arch Viz Scotland/Textures/Bed Room/foto_frame_3/Painting_StandPhoto_A_Paintings_House_MetallicSmoothness.png	dcc9603c7098f1246b31ee59e2a2f595	Texture2D	89028	-
Assets/DevDen Arch Viz Scotland/Textures/Bed Room/foto_frame_3/Painting_StandPhoto_A_Paintings_House_Normal.png	39f9db504cea88041aebb8f85b04ab2d	Texture2D	1556346	-
Assets/DevDen Arch Viz Scotland/Textures/Common/AirConditioner/airconditioner_DefaultMaterial_AO.png	c74c998d009c80e4ebb001abcc8f9c31	Texture2D	885928	-
Assets/DevDen Arch Viz Scotland/Textures/Common/AirConditioner/airconditioner_DefaultMaterial_AlbedoTransparency.png	0d1bac4f67c1eb54f823c112010fffdb	Texture2D	1632206	-
Assets/DevDen Arch Viz Scotland/Textures/Common/AirConditioner/airconditioner_DefaultMaterial_MetallicSmoothness.png	5671ac59d143e7544bfe6472f874b0c9	Texture2D	2493060	-
Assets/DevDen Arch Viz Scotland/Textures/Common/AirConditioner/airconditioner_DefaultMaterial_Normal.png	a7a4f0f1e8126a34e8c8169b21dca3eb	Texture2D	1084779	-
Assets/DevDen Arch Viz Scotland/Textures/Common/AirConditioner/airconditioner_emision.png	d4f54817807ffa44298d1a4b7c727975	Texture2D	81777	-
Assets/DevDen Arch Viz Scotland/Textures/Common/CUTLERY/Cutlery FBX_Cutlery_AO.png	bb77ee54b14657d428c19d0ad9a8e891	Texture2D	236789	-
Assets/DevDen Arch Viz Scotland/Textures/Common/CUTLERY/Cutlery FBX_Cutlery_AlbedoTransparency.png	79835347aeccb1b48860730ee75c6aa3	Texture2D	20544	-
Assets/DevDen Arch Viz Scotland/Textures/Common/CUTLERY/Cutlery FBX_Cutlery_Normal.png	278d7eb4af35e2f45a6df9ea5d41a522	Texture2D	597573	-
Assets/DevDen Arch Viz Scotland/Textures/Common/Interior_props/CommonCeramic01.png	d30b1fd330148bd4d8a30eea7e997cc6	Texture2D	1301251	scene:BH_XR_MainScene
Assets/DevDen Arch Viz Scotland/Textures/Common/Interior_props/CommonCeramic01_Metallic.png	90fb8baa489c6ac4f81c6e4bf6320c63	Texture2D	289984	scene:BH_XR_MainScene
Assets/DevDen Arch Viz Scotland/Textures/Common/Interior_props/CommonCeramic01_NM.png	c1606567ede6bf048b335687d4036146	Texture2D	1247881	scene:BH_XR_MainScene
Assets/DevDen Arch Viz Scotland/Textures/Common/Interior_props/CommonCeramic02.png	1a5439d87b65de94a80826ba2bdb0569	Texture2D	314244	scene:BH_XR_MainScene
Assets/DevDen Arch Viz Scotland/Textures/Common/Interior_props/CommonCeramic02_Metallic.png	b2339cd1630d5b94fb2a0ef0d2d1068c	Texture2D	414462	scene:BH_XR_MainScene
Assets/DevDen Arch Viz Scotland/Textures/Common/Interior_props/CommonCeramic02_NM.png	97447cbb5a618784796a25690ec6099e	Texture2D	1519274	scene:BH_XR_MainScene
Assets/DevDen Arch Viz Scotland/Textures/Common/Interior_props/CommonCeramic04.png	3f0140969b8fb9f42bc6a36a5d6a8d48	Texture2D	129617	-
Assets/DevDen Arch Viz Scotland/Textures/Common/Interior_props/CommonCeramic04_Metallic.png	9c71c482486617b43b075640bf61e24d	Texture2D	289984	-
Assets/DevDen Arch Viz Scotland/Textures/Common/Interior_props/CommonCeramic04_NM.png	b5402b21aa2d4184da25773c1de4d61a	Texture2D	1252153	-
Assets/DevDen Arch Viz Scotland/Textures/Common/Interior_props/CommonPlastic01_NM.png	1404932690aa66440bd3ad5d242b5c66	Texture2D	575150	scene:BH_XR_MainScene
Assets/DevDen Arch Viz Scotland/Textures/Common/Interior_props/LightPlastic02.png	d9eb29104740b144c9aa16ae79e68531	Texture2D	17135	scene:BH_XR_MainScene
Assets/DevDen Arch Viz Scotland/Textures/Common/Interior_props/StudyRoom_BG1.png	6bb6cecd65d0d4a4fa4c47bf01346043	Texture2D	4368367	scene:BH_XR_MainScene
Assets/DevDen Arch Viz Scotland/Textures/Common/Magazine/magazine.png	2de3e05a3087a9b4aad5fe6b0cd8d85e	Texture2D	2008673	-
Assets/DevDen Arch Viz Scotland/Textures/Common/Plate/plate_1_plate_1_AO.png	6b9ab15ddc4f02448a69fa5bac961458	Texture2D	657746	-
Assets/DevDen Arch Viz Scotland/Textures/Common/Plate/plate_1_plate_1_BaseColor.png	ee593462663d8a746a6f76df60ac21bd	Texture2D	1185593	-
Assets/DevDen Arch Viz Scotland/Textures/Common/Plate/plate_1_plate_1_Metallic.png	b48abe66f99a22249bf641e15a47fd04	Texture2D	59913	-
Assets/DevDen Arch Viz Scotland/Textures/Common/Plate/plate_1_plate_1_Normal.png	8477b477213da7f4c9fb6d12c63b361a	Texture2D	1621058	-
Assets/DevDen Arch Viz Scotland/Textures/Common/SmallObj/dish-rack_albedo.png	ce9dd1ce3ad592945912c185c757cd03	Texture2D	2486123	-
Assets/DevDen Arch Viz Scotland/Textures/Common/SmallObj/dish-rack_ao.png	96792bd1000eabc448e308a29fa6156c	Texture2D	4482210	-
Assets/DevDen Arch Viz Scotland/Textures/Common/SmallObj/dish-rack_metal.png	3c885b6e032a8cc4bb9dd92b2330a919	Texture2D	32402	-
Assets/DevDen Arch Viz Scotland/Textures/Common/SmallObj/dish-rack_normal.png	c72310c888bd592488f5fc8759d07664	Texture2D	2841205	-
Assets/DevDen Arch Viz Scotland/Textures/Common/SmallObj/knives_albedo.png	5c6b90a1d19312e4eb418e2e2265db1b	Texture2D	1122321	-
Assets/DevDen Arch Viz Scotland/Textures/Common/SmallObj/knives_metal.png	6020fdf0dafb02b458c52a0de3a6937f	Texture2D	31148	-
Assets/DevDen Arch Viz Scotland/Textures/Common/SmallObj/knives_normal.png	75bb5eba1dcb5684f9eb55295195b487	Texture2D	6264	-
Assets/DevDen Arch Viz Scotland/Textures/Common/SmallObj/trash-can_albedo.png	d38c1ad6c2c8a2a459454250d5a5e6c8	Texture2D	808254	scene:BH_XR_MainScene
Assets/DevDen Arch Viz Scotland/Textures/Common/SmallObj/trash-can_metal.png	bd32c3aa4b887214493ad8221eb6d468	Texture2D	26797	scene:BH_XR_MainScene
Assets/DevDen Arch Viz Scotland/Textures/Common/SmallObj/trash-can_normal.png	e5ff8bc75e32d7b4b985255ae49d69ba	Texture2D	3703805	scene:BH_XR_MainScene
Assets/DevDen Arch Viz Scotland/Textures/Common/Socket/socket_M_socket_AlbedoTransparency.png	a9846a3f48c9c2a4898904d84d27d5e4	Texture2D	380148	-
Assets/DevDen Arch Viz Scotland/Textures/Common/Socket/socket_M_socket_MetallicSmoothness.png	3440cfc25900a0f44948484f6bdae72f	Texture2D	35815	-
Assets/DevDen Arch Viz Scotland/Textures/Common/Socket/socket_M_socket_Normal.png	d5035cb6b06d2fe4993b67b1d3e46cb3	Texture2D	246580	-
Assets/DevDen Arch Viz Scotland/Textures/Common/Switch/switch_M_switch_AlbedoTransparency.png	206e466ec5ebd9d4aac81cce5f0199c4	Texture2D	309317	-
Assets/DevDen Arch Viz Scotland/Textures/Common/Switch/switch_M_switch_MetallicSmoothness.png	9162eabcdeb57a74a8a4d1f8c8b41880	Texture2D	20542	-
Assets/DevDen Arch Viz Scotland/Textures/Common/Switch/switch_M_switch_Normal.png	6f2590c64826f214cae6c033f41f6421	Texture2D	20543	-
Assets/DevDen Arch Viz Scotland/Textures/Common/door and handle/door and handles_door1_MetallicSmoothness.png	f95c77e261f4027489e35114f0038148	Texture2D	20543	-
Assets/DevDen Arch Viz Scotland/Textures/Common/door and handle/door and handles_door1_Normal.png	2cb287600c0482443aebf5d150be4a8a	Texture2D	596622	-
Assets/DevDen Arch Viz Scotland/Textures/Common/door and handle/door and handles_door_AlbedoTransparency.png	b4b272b4364e7d745ae7f168d43f3485	Texture2D	20544	-
Assets/DevDen Arch Viz Scotland/Textures/Common/door and handle/door and handles_handle_AO.png	97c58a91d449af449bf1e391c1ee0624	Texture2D	108720	-
Assets/DevDen Arch Viz Scotland/Textures/Common/door and handle/door and handles_handle_AlbedoTransparency.png	1b2e44b0bff9d504fb917ca84556d95b	Texture2D	20544	-
Assets/DevDen Arch Viz Scotland/Textures/Common/door and handle/door and handles_handle_MetallicSmoothness.png	cb1e9e8de6604724ba77e4cb5bfefc03	Texture2D	20544	-
Assets/DevDen Arch Viz Scotland/Textures/Common/door and handle/door and handles_handle_Normal.png	08d4e01207bfde84390d2c3c3d3b5de4	Texture2D	588860	-
Assets/DevDen Arch Viz Scotland/Textures/Common/note_pad/note_pad_note_pad_AlbedoTransparency.png	8c1b87d7335f93142bb00dd5dbd1e945	Texture2D	1980002	scene:BH_XR_MainScene
Assets/DevDen Arch Viz Scotland/Textures/Common/note_pad/note_pad_note_pad_MetallicSmoothness.png	d45def87323bfd64f8a5a68f411b7ac3	Texture2D	21250	scene:BH_XR_MainScene
Assets/DevDen Arch Viz Scotland/Textures/Common/note_pad/note_pad_note_pad_Normal.png	1d2c7ae6434180b48affadf2854af698	Texture2D	2272259	scene:BH_XR_MainScene
Assets/DevDen Arch Viz Scotland/Textures/Dining Room/dinning_chair/dinning_chair_diining_chair_wood_AO.png	99ac31510bdd75a4b85266b0763525ae	Texture2D	690358	scene:BH_XR_MainScene
Assets/DevDen Arch Viz Scotland/Textures/Dining Room/dinning_chair/dinning_chair_diining_chair_wood_AlbedoTransparency.png	cf4b972f44fabeb46889bdcefc048766	Texture2D	3051844	scene:BH_XR_MainScene
Assets/DevDen Arch Viz Scotland/Textures/Dining Room/dinning_chair/dinning_chair_diining_chair_wood_MetallicSmoothness.png	3ea71fdb0e2aa5141819fc9321ebdc5e	Texture2D	78120	scene:BH_XR_MainScene
Assets/DevDen Arch Viz Scotland/Textures/Dining Room/dinning_chair/dinning_chair_diining_chair_wood_Normal.png	82d79d265f71d1f48af0fc9246a91665	Texture2D	2030473	scene:BH_XR_MainScene
Assets/DevDen Arch Viz Scotland/Textures/Dining Room/dinning_chair/dinning_chair_dinning_chair_cusion_AO.png	5712f3b4dbb32c7489f9fb3d1bebba7d	Texture2D	382903	-
Assets/DevDen Arch Viz Scotland/Textures/Dining Room/dinning_chair/dinning_chair_dinning_chair_cusion_AlbedoTransparency.png	6cab6c5ee4cba5c41896747291b1efb0	Texture2D	606886	-
Assets/DevDen Arch Viz Scotland/Textures/Dining Room/dinning_chair/dinning_chair_dinning_chair_cusion_MetallicSmoothness.png	dc3f60655212b2c49a9d910c982ae382	Texture2D	1132851	-
Assets/DevDen Arch Viz Scotland/Textures/Dining Room/dinning_chair/dinning_chair_dinning_chair_cusion_Normal.png	fd642fcaff78afd4abff45f184affe52	Texture2D	1887075	-
Assets/DevDen Arch Viz Scotland/Textures/Dining Room/dinning_table/dinning_table_dinning_table_AlbedoTransparency.png	1d709e610a9a7a84b861528642820e61	Texture2D	2002824	-
Assets/DevDen Arch Viz Scotland/Textures/Dining Room/dinning_table/dinning_table_dinning_table_MetallicSmoothness.png	be2101f6840856249a1451580b918cc7	Texture2D	1911126	-
Assets/DevDen Arch Viz Scotland/Textures/Dining Room/dinning_table/dinning_table_dinning_table_Normal.png	42fdd9c31d06e70498e373f656fae532	Texture2D	1680618	-
Assets/DevDen Arch Viz Scotland/Textures/Dining Room/food_cloth/tablemat_1.1_AO.png	31e0cb2194ab0e54fac1d7280b5022fa	Texture2D	206750	-
Assets/DevDen Arch Viz Scotland/Textures/Dining Room/food_cloth/tablemat_1.1_BaseColor.png	4fc0412948b6b044aae60dd560f9c751	Texture2D	438859	-
Assets/DevDen Arch Viz Scotland/Textures/Dining Room/food_cloth/tablemat_1.1_Metallic.png	4f9ceb2787e2b7d4aa9d6684f7d0b7a3	Texture2D	12819	-
Assets/DevDen Arch Viz Scotland/Textures/Dining Room/food_cloth/tablemat_1.1_Normal.png	e38f4e1820ccfcb4c9eb3085230c5efd	Texture2D	1526080	-
Assets/DevDen Arch Viz Scotland/Textures/Environment/Floor Texture/floor mat 1_AO.png	3088ea98b64ee2c4682ed33967580220	Texture2D	16902	-
Assets/DevDen Arch Viz Scotland/Textures/Environment/Floor Texture/floor mat 1_AlbedoTransparency.png	2c09d48e79bc0d94a9c0302558206bc4	Texture2D	2184564	scene:BH_XR_MainScene
Assets/DevDen Arch Viz Scotland/Textures/Environment/Floor Texture/floor mat 1_MetallicSmoothness.png	5ce156708b17b44428056ab5d9d0a2fc	Texture2D	1705949	-
Assets/DevDen Arch Viz Scotland/Textures/Environment/Floor Texture/floor mat 1_Normal.png	2dbe0ab88b5a75344a73113fabfd7fb8	Texture2D	2272612	scene:BH_XR_MainScene
Assets/DevDen Arch Viz Scotland/Textures/Environment/inner_wall/inner_wall_bathroom_floor3_AlbedoTransparency.png	7a55570dc982fdb44afb09eb94a16cc5	Texture2D	349618	-
Assets/DevDen Arch Viz Scotland/Textures/Environment/inner_wall/inner_wall_bathroom_floor3_MetallicSmoothness.png	52c20dbc57bebc8459acdb0ab806f53a	Texture2D	288837	-
Assets/DevDen Arch Viz Scotland/Textures/Environment/inner_wall/inner_wall_bathroom_wall3_AlbedoTransparency.png	acf5d89131f228541a2df8cd64f78f21	Texture2D	78119	-
Assets/DevDen Arch Viz Scotland/Textures/Environment/inner_wall/inner_wall_bathroom_wall3_MetallicSmoothness.png	ebc3c585308c9ce44be708c0aa5a488d	Texture2D	78120	-
Assets/DevDen Arch Viz Scotland/Textures/Environment/inner_wall/inner_wall_bathroom_wall3_Normal.png	0559eed2ba9dfe84d8fa34fda3ecf82c	Texture2D	2381255	-
Assets/DevDen Arch Viz Scotland/Textures/Environment/inner_wall/inner_wall_bedroom_floor3_AlbedoTransparency.png	f092c6fac05d7144daca242a3952a076	Texture2D	1916969	-
Assets/DevDen Arch Viz Scotland/Textures/Environment/inner_wall/inner_wall_bedroom_floor3_MetallicSmoothness.png	59a1310ffda6ffd4788a8bcb57e98d4a	Texture2D	78120	-
Assets/DevDen Arch Viz Scotland/Textures/Environment/inner_wall/inner_wall_bedroom_floor3_Normal.png	1f03529405c2c1846b773748b164d966	Texture2D	2381170	-
Assets/DevDen Arch Viz Scotland/Textures/Environment/inner_wall/inner_wall_bedroom_wall4_AlbedoTransparency.png	3ec7224db90d7554c80d4ce75664f6c5	Texture2D	78119	-
Assets/DevDen Arch Viz Scotland/Textures/Environment/inner_wall/inner_wall_bedroom_wall4_MetallicSmoothness.png	ce43c92ebbc54ca4492d1469727772b5	Texture2D	78120	-
Assets/DevDen Arch Viz Scotland/Textures/Environment/inner_wall/inner_wall_bedroom_wall4_Normal.png	31ed0856de6120b43ba8fd9ed2db5b5d	Texture2D	2381597	-
Assets/DevDen Arch Viz Scotland/Textures/Environment/inner_wall/inner_wall_glass_wall_glass4_AlbedoTransparency.png	238d86030ab6f744ebc96eca99adcd89	Texture2D	78121	-
Assets/DevDen Arch Viz Scotland/Textures/Environment/inner_wall/inner_wall_glass_wall_glass4_MetallicSmoothness.png	b2b8e87cd4b2c9847bcb034e3b4f638e	Texture2D	78119	-
Assets/DevDen Arch Viz Scotland/Textures/Environment/inner_wall/inner_wall_glass_wall_glass4_Normal.png	5d7ff50e00d195141af8de4ca256bea9	Texture2D	2382454	-
Assets/DevDen Arch Viz Scotland/Textures/Environment/inner_wall/inner_wall_hall_way_AlbedoTransparency.png	f68d8c8c14a485049a87cccfcb9329d5	Texture2D	78119	-
Assets/DevDen Arch Viz Scotland/Textures/Environment/inner_wall/inner_wall_hall_way_MetallicSmoothness.png	76468753a710596438e8f1a1bddf71c8	Texture2D	195338	-
Assets/DevDen Arch Viz Scotland/Textures/Environment/inner_wall/inner_wall_hall_way_Normal.png	905adcaa8884f9f44b1b5b5896e88a5d	Texture2D	2841509	-
Assets/DevDen Arch Viz Scotland/Textures/Environment/inner_wall/inner_wall_inner_roof3_AlbedoTransparency.png	d525c137b796ab0458e41d1315458535	Texture2D	78119	-
Assets/DevDen Arch Viz Scotland/Textures/Environment/inner_wall/inner_wall_inner_roof3_MetallicSmoothness.png	9cf60c5deb150b440b283ca78ca1298f	Texture2D	78120	-
Assets/DevDen Arch Viz Scotland/Textures/Environment/inner_wall/inner_wall_inner_roof3_Normal.png	144508e8ac940b047b202a3de1b28681	Texture2D	2383929	-
Assets/DevDen Arch Viz Scotland/Textures/Environment/inner_wall/inner_wall_livingroom_floor4_AlbedoTransparency.png	91ab52485fb52cb4690ee9de424ff0c7	Texture2D	1982897	-
Assets/DevDen Arch Viz Scotland/Textures/Environment/inner_wall/inner_wall_livingroom_floor4_MetallicSmoothness.png	40d4a10ce5981544b9c397d482f70f1c	Texture2D	78120	-
Assets/DevDen Arch Viz Scotland/Textures/Environment/inner_wall/inner_wall_livingroom_floor4_Normal.png	d5719d8c780486e489a421b0772fd497	Texture2D	2382221	-
Assets/DevDen Arch Viz Scotland/Textures/Environment/inner_wall/inner_wall_livingroom_wall3_AlbedoTransparency.png	0da59cf034d961142bb2d3372d6bb4d2	Texture2D	78119	-
Assets/DevDen Arch Viz Scotland/Textures/Environment/inner_wall/inner_wall_livingroom_wall3_MetallicSmoothness.png	f0fd31ab42d07414f97556131881ce24	Texture2D	78120	-
Assets/DevDen Arch Viz Scotland/Textures/Environment/inner_wall/inner_wall_pattern_wall_AlbedoTransparency.png	f14181d57ba34e340b92ad7bc4cf43d3	Texture2D	2076892	-
Assets/DevDen Arch Viz Scotland/Textures/Environment/inner_wall/inner_wall_pattern_wall_MetallicSmoothness.png	018fe1de1838ca841832c42c3837226e	Texture2D	2338154	-
Assets/DevDen Arch Viz Scotland/Textures/Environment/inner_wall/inner_wall_pattern_wall_Normal.png	bb2998f7ef8b59e40b36a084bec64065	Texture2D	2382213	-
Assets/DevDen Arch Viz Scotland/Textures/Environment/inner_wall/inner_wall_studyroom_floor3_AlbedoTransparency.png	acda089edf6420a40b1d692df2a5bb8b	Texture2D	3306609	-
Assets/DevDen Arch Viz Scotland/Textures/Environment/inner_wall/inner_wall_studyroom_floor3_MetallicSmoothness.png	0c402d580e7dd5b4f989b8fb35438512	Texture2D	78120	-
Assets/DevDen Arch Viz Scotland/Textures/Environment/inner_wall/inner_wall_studyroom_floor3_Normal.png	3dcddbe66fa875b40b5d1595d83b63aa	Texture2D	2379248	-
Assets/DevDen Arch Viz Scotland/Textures/Environment/inner_wall/inner_wall_studyroom_wall3_AlbedoTransparency.png	af541053ad76ded449861e0e32865475	Texture2D	78119	-
Assets/DevDen Arch Viz Scotland/Textures/Environment/inner_wall/inner_wall_studyroom_wall3_MetallicSmoothness.png	0197f8783983a074e9852448c330921b	Texture2D	78120	-
Assets/DevDen Arch Viz Scotland/Textures/Environment/inner_wall/inner_wall_studyroom_wall3_Normal.png	f271d95c375a3334d834b95f908b7878	Texture2D	2381105	-
Assets/DevDen Arch Viz Scotland/Textures/Kitchen Room/Chopboard/Chopboard_AO.png	b94deaade6b86aa4ab428947a39236cd	Texture2D	1742086	-
Assets/DevDen Arch Viz Scotland/Textures/Kitchen Room/Chopboard/Chopboard_AlbedoTransparency.png	4c580cbca28347b4abbeab184f9f34e4	Texture2D	3921287	-
Assets/DevDen Arch Viz Scotland/Textures/Kitchen Room/Chopboard/Chopboard_MetallicSmoothness.png	5e4fd2c15cd01c34bbbd6cbe62ce5a12	Texture2D	21250	-
Assets/DevDen Arch Viz Scotland/Textures/Kitchen Room/Chopboard/Chopboard_Normal.png	81393e1fecd910b4894c1f46c88968de	Texture2D	17150	-
Assets/DevDen Arch Viz Scotland/Textures/Kitchen Room/CoffeeMachine/coffeemachine_DefaultMaterial_AO.png	24c98300d3c0fbc4d923890a58a0b088	Texture2D	1096842	-
Assets/DevDen Arch Viz Scotland/Textures/Kitchen Room/CoffeeMachine/coffeemachine_DefaultMaterial_AlbedoTransparency_2.png	0e663a7fdf280ce4380525cfd6d0c948	Texture2D	1411912	-
Assets/DevDen Arch Viz Scotland/Textures/Kitchen Room/CoffeeMachine/coffeemachine_DefaultMaterial_MetallicSmoothness.png	8f8f20fd2e725844e84a1d76cc6f82d2	Texture2D	357840	-
Assets/DevDen Arch Viz Scotland/Textures/Kitchen Room/CoffeeMachine/coffeemachine_DefaultMaterial_Normal.png	cf28ec41ac7e2b9428279157a6015fb6	Texture2D	448098	-
Assets/DevDen Arch Viz Scotland/Textures/Kitchen Room/Fridge/frifge_green_wood_AO.png	610663bf6d0ca1648aae7fede3c5ccc5	Texture2D	1329878	-
Assets/DevDen Arch Viz Scotland/Textures/Kitchen Room/Fridge/frifge_green_wood_AlbedoTransparency.png	2bcba6116ea4d2542a4893ca59caca75	Texture2D	94602	-
Assets/DevDen Arch Viz Scotland/Textures/Kitchen Room/Fridge/frifge_green_wood_MetallicSmoothness.png	619653d5b40b0ec45b34d73ae736f7f0	Texture2D	95003	-
Assets/DevDen Arch Viz Scotland/Textures/Kitchen Room/Fridge/frifge_green_wood_Normal.png	990e9d382c2b8f64aa1200baba0916be	Texture2D	2374335	-
Assets/DevDen Arch Viz Scotland/Textures/Kitchen Room/Kettle/kitchan mat 2_kitchan_mat_2_BaseColor 1.png	2c66e4d8c8389714e9f6d0bf3662dc0d	Texture2D	332814	-
Assets/DevDen Arch Viz Scotland/Textures/Kitchen Room/Kettle/kitchan mat 2_kitchan_mat_2_MetallicSmoothness.png	7b59817a2a26f344480de7e1aa95c715	Texture2D	2225061	-
Assets/DevDen Arch Viz Scotland/Textures/Kitchen Room/Kettle/kitchan mat 2_kitchan_mat_2_Normal.png	ca645e74acf47474ca711950a586c0ac	Texture2D	2849297	-
Assets/DevDen Arch Viz Scotland/Textures/Kitchen Room/Kitchen_cupboard_1/kitchen_2_green_wood_AO.png	0b2ed7c1c530db0479f64dda0ca4debb	Texture2D	268596	-
Assets/DevDen Arch Viz Scotland/Textures/Kitchen Room/Kitchen_cupboard_1/kitchen_2_green_wood_AlbedoTransparency.png	47caa312c52e3bb4989f7e122eef6d4f	Texture2D	20548	-
Assets/DevDen Arch Viz Scotland/Textures/Kitchen Room/Kitchen_cupboard_1/kitchen_2_green_wood_MetallicSmoothness.png	6461da92c391b3b4cafb15b196d455ff	Texture2D	20543	-
Assets/DevDen Arch Viz Scotland/Textures/Kitchen Room/Kitchen_cupboard_1/kitchen_2_green_wood_Normal.png	c4739f5a0e75a1448b6f7d077ea4ada5	Texture2D	579107	-
Assets/DevDen Arch Viz Scotland/Textures/Kitchen Room/Kitchen_cupboard_2/kitchen_granite_Normal.png	070ffafad64e55c4a972580f27355192	Texture2D	2370653	-
Assets/DevDen Arch Viz Scotland/Textures/Kitchen Room/Kitchen_cupboard_2/kitchen_green_wood_AO 1.png	f3347015d4f481244aa3c06bc748da75	Texture2D	2643578	-
Assets/DevDen Arch Viz Scotland/Textures/Kitchen Room/Kitchen_cupboard_2/kitchen_green_wood_AlbedoTransparencyTest.png	12a98f70c1fad1c49b561f7de7f1b170	Texture2D	78119	-
Assets/DevDen Arch Viz Scotland/Textures/Kitchen Room/Kitchen_cupboard_2/kitchen_green_wood_MetallicSmoothness.png	df5efbe8a7b74c741bfb36e099eae121	Texture2D	78120	-
Assets/DevDen Arch Viz Scotland/Textures/Kitchen Room/Knife Holder/Knife Holder_AO.png	fd3a15ac2c4278b47bc2ac86448352e2	Texture2D	1712542	-
Assets/DevDen Arch Viz Scotland/Textures/Kitchen Room/Knife Holder/Knife Holder_AlbedoTransparency.png	649ccba9cc7ab5343a004112b7741c7e	Texture2D	3957216	-
Assets/DevDen Arch Viz Scotland/Textures/Kitchen Room/Knife Holder/Knife Holder_MetallicSmoothness.png	44dfab1b70377cf458a23f403aad75b8	Texture2D	21608	-
Assets/DevDen Arch Viz Scotland/Textures/Kitchen Room/Knife Holder/Knife Holder_Normal.png	362b6a9113d56d0468be19f66781bbd8	Texture2D	18395	-
Assets/DevDen Arch Viz Scotland/Textures/Kitchen Room/Mug Holder/Mug Holder_AO.png	1822de5867477454ea61e4cad28881a8	Texture2D	1412238	-
Assets/DevDen Arch Viz Scotland/Textures/Kitchen Room/Mug Holder/Mug Holder_AlbedoTransparency.png	3a5ab0b9d2931b74aa00f2735ea27df6	Texture2D	2221284	-
Assets/DevDen Arch Viz Scotland/Textures/Kitchen Room/Mug Holder/Mug Holder_MetallicSmoothness.png	a32b11ce2d20ee548bfb7cd39bf89f0b	Texture2D	21250	-
Assets/DevDen Arch Viz Scotland/Textures/Kitchen Room/Mug Holder/Mug Holder_Normal.png	e7228d3a8126b484c973328970c4dea1	Texture2D	18121	-
Assets/DevDen Arch Viz Scotland/Textures/Kitchen Room/TOASTER/toaster_toaster_AO.png	388b64ca3cd00774584d3c6ef6515518	Texture2D	309091	-
Assets/DevDen Arch Viz Scotland/Textures/Kitchen Room/TOASTER/toaster_toaster_AlbedoTransparency.png	fe88553862eac8241a2655a747b07a49	Texture2D	1894074	-
Assets/DevDen Arch Viz Scotland/Textures/Kitchen Room/TOASTER/toaster_toaster_Emission.png	8a42e35740e806f4c91798e5e72abb27	Texture2D	88432	-
Assets/DevDen Arch Viz Scotland/Textures/Kitchen Room/TOASTER/toaster_toaster_Normal.png	af61449f8c9199243abc9797a7578be3	Texture2D	2674821	-
Assets/DevDen Arch Viz Scotland/Textures/Kitchen Room/fridge_2/frifge_gold_tap_handle_AO.png	7cab24b8ed9fb3243a30ecea5e94ebea	Texture2D	1452370	-
Assets/DevDen Arch Viz Scotland/Textures/Kitchen Room/fridge_2/frifge_gold_tap_handle_AlbedoTransparency.png	340e320badc1db047bcd677d2ef5a3d3	Texture2D	78122	-
Assets/DevDen Arch Viz Scotland/Textures/Kitchen Room/fridge_2/frifge_gold_tap_handle_MetallicSmoothness.png	5c493aef3ad07a44f9c220d17723e593	Texture2D	78120	-
Assets/DevDen Arch Viz Scotland/Textures/Kitchen Room/fridge_2/frifge_gold_tap_handle_Normal.png	958ebcb4fe9b8b9418ca6ba90c047fbc	Texture2D	2373344	-
Assets/DevDen Arch Viz Scotland/Textures/Kitchen Room/fridge_2/frifge_green_wood_AO.png	1cc9c922e2cd35b469ea55415eb7fb31	Texture2D	1329878	-
Assets/DevDen Arch Viz Scotland/Textures/Kitchen Room/fridge_2/frifge_green_wood_AlbedoTransparency.png	d7d6d0f66e7114f47821ae0ceaee9646	Texture2D	94602	-
Assets/DevDen Arch Viz Scotland/Textures/Kitchen Room/kitchen/induction-hob_albedo.png	cb9a5494c15a0e8489ba2cb673853ef5	Texture2D	204683	-
Assets/DevDen Arch Viz Scotland/Textures/Kitchen Room/kitchen/induction-hob_metal.png	d00ff266347fc5b41a2b9028023179d6	Texture2D	9860	-
Assets/DevDen Arch Viz Scotland/Textures/Kitchen Room/kitchen/induction-hob_normal.png	3ae4bb95fd7e6734a847c0d0d26dc506	Texture2D	9860	-
Assets/DevDen Arch Viz Scotland/Textures/Kitchen Room/kitchen_1/kitchen_chimini_AO.png	53ea021d0849256468e46fef285c23d4	Texture2D	1513597	-
Assets/DevDen Arch Viz Scotland/Textures/Kitchen Room/kitchen_1/kitchen_chimini_AlbedoTransparency.png	6cbf23cdb383eb544ac9801a70b21215	Texture2D	610701	-
Assets/DevDen Arch Viz Scotland/Textures/Kitchen Room/kitchen_1/kitchen_chimini_Emission.png	f284029ab60463744b0a92a649b71e9c	Texture2D	93159	-
Assets/DevDen Arch Viz Scotland/Textures/Kitchen Room/kitchen_1/kitchen_chimini_Normal.png	fb6a7d5dca41e8244852648f45e3c1fc	Texture2D	2483175	-
Assets/DevDen Arch Viz Scotland/Textures/Kitchen Room/kitchen_1/kitchen_glass_AO.png	d14e847f408005e428bbd4d0bc3ec128	Texture2D	2079185	-
Assets/DevDen Arch Viz Scotland/Textures/Kitchen Room/kitchen_1/kitchen_glass_AlbedoTransparency.png	96685fb96edf77f4e9ed686f1cf9aba9	Texture2D	78119	-
Assets/DevDen Arch Viz Scotland/Textures/Kitchen Room/kitchen_1/kitchen_glass_MetallicSmoothness.png	39b48d05c201ac74f824ec1b4293515c	Texture2D	78121	-
Assets/DevDen Arch Viz Scotland/Textures/Kitchen Room/kitchen_1/kitchen_glass_Normal.png	9e2dea911f9816b42aa75dbc8b39fbf2	Texture2D	2378630	-
Assets/DevDen Arch Viz Scotland/Textures/Kitchen Room/kitchen_1/kitchen_gold_tap_handle_AO.png	6a941bd47c0e3094da7c870e0fd45295	Texture2D	2128265	-
Assets/DevDen Arch Viz Scotland/Textures/Kitchen Room/kitchen_1/kitchen_gold_tap_handle_AlbedoTransparency.png	67723f49e93766d4a8a421c757bc0386	Texture2D	78122	-
Assets/DevDen Arch Viz Scotland/Textures/Kitchen Room/kitchen_1/kitchen_gold_tap_handle_MetallicSmoothness.png	6bcb2ff529ad53b46bd9e2b12eede7eb	Texture2D	78120	-
Assets/DevDen Arch Viz Scotland/Textures/Kitchen Room/kitchen_1/kitchen_gold_tap_handle_Normal.png	63ac50b38b38d634b9bf2756a9e5290e	Texture2D	2379809	-
Assets/DevDen Arch Viz Scotland/Textures/Kitchen Room/kitchen_1/kitchen_granite_AO.png	e61c71d4c9e3c2b4ebf25ffa5c203df3	Texture2D	578123	-
Assets/DevDen Arch Viz Scotland/Textures/Kitchen Room/kitchen_1/kitchen_granite_AlbedoTransparency.png	7dd89ec9fb9191b469d2933db14a81b4	Texture2D	1474669	-
Assets/DevDen Arch Viz Scotland/Textures/Kitchen Room/kitchen_1/kitchen_granite_MetallicSmoothness.png	2cf404bd9c7de0a43a36e2e8cc20ebc8	Texture2D	78120	-
Assets/DevDen Arch Viz Scotland/Textures/Kitchen Room/kitchen_1/kitchen_granite_Normal.png	cafd52c9b6c429242867225e3a2b34d0	Texture2D	116801	-
Assets/DevDen Arch Viz Scotland/Textures/Kitchen Room/kitchen_1/kitchen_plastic_AO.png	74eb4a96a2f283c46bc3292ef84e3f16	Texture2D	1858428	-
Assets/DevDen Arch Viz Scotland/Textures/Kitchen Room/kitchen_1/kitchen_plastic_AlbedoTransparency.png	0b3a43beac17d694580f4030237a156a	Texture2D	78119	-
Assets/DevDen Arch Viz Scotland/Textures/Kitchen Room/kitchen_1/kitchen_plastic_Normal.png	fbe67d2a438dea449abe2cb4daf020e0	Texture2D	2377184	-
Assets/DevDen Arch Viz Scotland/Textures/Kitchen Room/kitchen_1/kitchen_steel_AO.png	4223ebaa3f662e246b89a63fcc42031b	Texture2D	1651480	-
Assets/DevDen Arch Viz Scotland/Textures/Kitchen Room/kitchen_1/kitchen_steel_AlbedoTransparency.png	64ae12b879503b440b72ca5d5b9f053e	Texture2D	78119	-
Assets/DevDen Arch Viz Scotland/Textures/Kitchen Room/kitchen_1/kitchen_steel_MetallicSmoothness.png	4dda7d7da7941dd42a8c831d8cdfe308	Texture2D	78120	-
Assets/DevDen Arch Viz Scotland/Textures/Kitchen Room/kitchen_1/kitchen_steel_Normal.png	2c8d1101204a8d247b09ad157296a32e	Texture2D	2493218	-
Assets/DevDen Arch Viz Scotland/Textures/Kitchen Room/kitchen_1/kitchen_switch1_AO.png	773b1d93eda828846b59d7d5755004f3	Texture2D	316976	-
Assets/DevDen Arch Viz Scotland/Textures/Kitchen Room/kitchen_1/kitchen_switch1_AlbedoTransparency.png	3124c401e29ab46419a1528888f25617	Texture2D	78119	-
Assets/DevDen Arch Viz Scotland/Textures/Kitchen Room/kitchen_1/kitchen_switch1_MetallicSmoothness.png	b5fb634bd85231c4cbd5a0b30cd4e84c	Texture2D	78120	-
Assets/DevDen Arch Viz Scotland/Textures/Kitchen Room/kitchen_1/kitchen_switch1_Normal.png	cd6f742edd21d284b8fca7af447d60d4	Texture2D	2332249	-
Assets/DevDen Arch Viz Scotland/Textures/Kitchen Room/side_piece/side_piece_marble_AO.png	3f6d4eb1c003062439d621eed0bc72b1	Texture2D	288814	scene:BH_XR_MainScene
Assets/DevDen Arch Viz Scotland/Textures/Kitchen Room/side_piece/side_piece_marble_AlbedoTransparency.png	cba5243a3236f634395774718b521522	Texture2D	4606213	scene:BH_XR_MainScene
Assets/DevDen Arch Viz Scotland/Textures/Kitchen Room/side_piece/side_piece_marble_MetallicSmoothness.png	ab540dedf6d59d84c9ceddedef5f3b98	Texture2D	78120	scene:BH_XR_MainScene
Assets/DevDen Arch Viz Scotland/Textures/Kitchen Room/side_piece/side_piece_marble_Normal.png	e9c300d374265bb4d897a01eb3ecd463	Texture2D	111190	scene:BH_XR_MainScene
Assets/DevDen Arch Viz Scotland/Textures/Kitchen Room/side_piece/side_piece_metal_AO.png	8c139b359bf227f41995423911d61f2b	Texture2D	224514	-
Assets/DevDen Arch Viz Scotland/Textures/Kitchen Room/side_piece/side_piece_metal_AlbedoTransparency.png	b60500ae4828dd14f9e9cfa234eb40d4	Texture2D	78122	-
Assets/DevDen Arch Viz Scotland/Textures/Kitchen Room/side_piece/side_piece_metal_MetallicSmoothness.png	b87f8bda86e69584493faeb638b9ebd1	Texture2D	78120	-
Assets/DevDen Arch Viz Scotland/Textures/Kitchen Room/side_piece/side_piece_metal_Normal.png	e8f77b00701f1f8419fcf69fefff5212	Texture2D	2396454	-
Assets/DevDen Arch Viz Scotland/Textures/Kitchen Room/side_piece/side_piece_white_wood_AO.png	c09b26d0fc667d342afe5739a7222a64	Texture2D	1900348	-
Assets/DevDen Arch Viz Scotland/Textures/Kitchen Room/side_piece/side_piece_white_wood_AlbedoTransparency.png	62c70437c04c27246bd2e6a311908891	Texture2D	78124	-
Assets/DevDen Arch Viz Scotland/Textures/Kitchen Room/side_piece/side_piece_white_wood_MetallicSmoothness.png	2ac7e68defb7a7a4987fa41ce79a1226	Texture2D	78120	-
Assets/DevDen Arch Viz Scotland/Textures/Kitchen Room/side_piece/side_piece_white_wood_Normal.png	b4551ef17fe6a324f8042e908773dbcd	Texture2D	2380812	-
Assets/DevDen Arch Viz Scotland/Textures/Living Room/Laptop/laptop_DefaultMaterial_AO.png	c786b355b8afd404890a161791870d19	Texture2D	568853	-
Assets/DevDen Arch Viz Scotland/Textures/Living Room/Laptop/laptop_DefaultMaterial_AlbedoTransparency.png	6be40161fae38214ca96ca167b699bd2	Texture2D	3909074	-
Assets/DevDen Arch Viz Scotland/Textures/Living Room/Laptop/laptop_DefaultMaterial_MetallicSmoothness.png	782e956386c1a3940bd78daa570bf97b	Texture2D	86784	-
Assets/DevDen Arch Viz Scotland/Textures/Living Room/Laptop/laptop_DefaultMaterial_Normal.png	b65c458decaa66f49847f592c3059873	Texture2D	335470	-
Assets/DevDen Arch Viz Scotland/Textures/Living Room/Laptop/laptop_DefaultMaterial_emission.png	542c7604b011c18459de72082469f25e	Texture2D	2971734	-
Assets/DevDen Arch Viz Scotland/Textures/Living Room/Living_room_carpet/Carpet.png	54c3611e71855e8429efa0ffbf78fc2f	Texture2D	149394	scene:BH_XR_MainScene
Assets/DevDen Arch Viz Scotland/Textures/Living Room/Living_room_carpet/normal.png	e83d19abdcfa74941a10139f7567893b	Texture2D	274661	scene:BH_XR_MainScene
Assets/DevDen Arch Viz Scotland/Textures/Living Room/Remotecontrol/RemoteControl_DefaultMaterial_AlbedoTransparency.png	84efb40c533a34f428bd97544ac19268	Texture2D	168985	-
Assets/DevDen Arch Viz Scotland/Textures/Living Room/Remotecontrol/RemoteControl_DefaultMaterial_MetallicSmoothness.png	3d49719a21ab2b84a94f40bec83e168b	Texture2D	476271	-
Assets/DevDen Arch Viz Scotland/Textures/Living Room/Remotecontrol/RemoteControl_DefaultMaterial_Normal.png	097bf1f5ae3c02047a2ca26be220d88c	Texture2D	211809	-
Assets/DevDen Arch Viz Scotland/Textures/Living Room/TV/TV_AO.png	ff8a3b122a612694a8fba88891393dcc	Texture2D	20720	scene:BH_XR_MainScene
Assets/DevDen Arch Viz Scotland/Textures/Living Room/TV/TV_AlbedoTransparency.png	e8323f257dd31424493b9d5eea546ea7	Texture2D	457820	scene:BH_XR_MainScene
Assets/DevDen Arch Viz Scotland/Textures/Living Room/TV/TV_Emission.png	75e58f040ee52a8468e67c660c270dbf	Texture2D	137461	-
Assets/DevDen Arch Viz Scotland/Textures/Living Room/TV/TV_Normal.png	9c244fc4210945048bfd44eaafccc0ed	Texture2D	47529	scene:BH_XR_MainScene
Assets/DevDen Arch Viz Scotland/Textures/Living Room/TV_Panels/TV_Panels_DefaultMaterial_AO.png	987adc7512fe2794592e47b70bad3722	Texture2D	117523	-
Assets/DevDen Arch Viz Scotland/Textures/Living Room/TV_Panels/TV_Panels_DefaultMaterial_AlbedoTransparency.png	0c9508225215dbd4fbafa994bb910141	Texture2D	273452	-
Assets/DevDen Arch Viz Scotland/Textures/Living Room/TV_Panels/TV_Panels_DefaultMaterial_Emissive.png	3a6ca6cc622949b46ac93e6420138d07	Texture2D	13023	-
Assets/DevDen Arch Viz Scotland/Textures/Living Room/TV_Panels/TV_Panels_DefaultMaterial_MetallicSmoothness.png	cc0b531b2194b5c4ca3f837f58e5fe24	Texture2D	3972	-
Assets/DevDen Arch Viz Scotland/Textures/Living Room/TV_Panels/TV_Panels_DefaultMaterial_Normal.png	9c3feace4befce74799561ac4cc055da	Texture2D	145132	-
Assets/DevDen Arch Viz Scotland/Textures/Living Room/TV_Shelf/TV_Shelf_DefaultMaterial_AO.png	db762019e79a22b42885b30ad1066ca8	Texture2D	147023	scene:BH_XR_MainScene
Assets/DevDen Arch Viz Scotland/Textures/Living Room/TV_Shelf/TV_Shelf_DefaultMaterial_AlbedoTransparency.png	f6d109d40ed630345ad40e02667080ad	Texture2D	220293	scene:BH_XR_MainScene
Assets/DevDen Arch Viz Scotland/Textures/Living Room/TV_Shelf/TV_Shelf_DefaultMaterial_MetallicSmoothness.png	51c9bb2f5d373a1439ad447c7f6333de	Texture2D	6540	scene:BH_XR_MainScene
Assets/DevDen Arch Viz Scotland/Textures/Living Room/TV_Shelf/TV_Shelf_DefaultMaterial_Normal.png	81e976cbbae25b54390262d7abc5c1b8	Texture2D	311930	scene:BH_XR_MainScene
Assets/DevDen Arch Viz Scotland/Textures/Living Room/chair_2/chair_5_d.png	0872a784397a6654fbf3d01a2883ccb9	Texture2D	1397299	-
Assets/DevDen Arch Viz Scotland/Textures/Living Room/chair_2/chair_5_n.png	60089ea809b86574497309d2add3c2e1	Texture2D	1822452	-
Assets/DevDen Arch Viz Scotland/Textures/Living Room/little_props/little_props_d-Recovered_1.png	379db92f1b169ba4c9a8fbece56b0374	Texture2D	648863	-
Assets/DevDen Arch Viz Scotland/Textures/Living Room/little_props/little_props_n.png	8626377f3e60d93429218f9e93555cec	Texture2D	33061	-
Assets/DevDen Arch Viz Scotland/Textures/Living Room/sofa_2/sofa_2_01 - Default_AO.png	c5cf688ecaef83a429d9706ce6428fcf	Texture2D	1857745	scene:BH_XR_MainScene
Assets/DevDen Arch Viz Scotland/Textures/Living Room/sofa_2/sofa_2_01 - Default_AlbedoTransparency.png	1add9e2198fd6e04b84838f8c0eb46ca	Texture2D	1854457	scene:BH_XR_MainScene
Assets/DevDen Arch Viz Scotland/Textures/Living Room/sofa_2/sofa_2_01 - Default_MetallicSmoothness.png	aa58420c6b1c25c42b52effa028a4045	Texture2D	2203480	scene:BH_XR_MainScene
Assets/DevDen Arch Viz Scotland/Textures/Living Room/sofa_2/sofa_2_01 - Default_Normal.png	43c721d23788ab74e977df47a14a9b0b	Texture2D	1617708	scene:BH_XR_MainScene
Assets/DevDen Arch Viz Scotland/Textures/Living Room/tea_table/Tea Table_teatable_AO.png	d4720a1a0445f42488d633491bea0483	Texture2D	222961	scene:BH_XR_MainScene
Assets/DevDen Arch Viz Scotland/Textures/Living Room/tea_table/Tea Table_teatable_AlbedoTransparency.png	252ad1ac7a32cc64bba28f8fd53656cc	Texture2D	473603	scene:BH_XR_MainScene
Assets/DevDen Arch Viz Scotland/Textures/Living Room/tea_table/Tea Table_teatable_MetallicSmoothness.png	b45d23b4959344244ad15a0ff7eee303	Texture2D	237597	scene:BH_XR_MainScene
Assets/DevDen Arch Viz Scotland/Textures/Living Room/tea_table/Tea Table_teatable_Normal.png	0e0e6603664a7fc4bad533e04d8b3320	Texture2D	414244	scene:BH_XR_MainScene
Assets/DevDen Arch Viz Scotland/Textures/Study Room/Books Pack/book_1.png	ac9be3188c679d2449c199fb4020d29b	Texture2D	902583	scene:BH_XR_MainScene
Assets/DevDen Arch Viz Scotland/Textures/Study Room/Books Pack/book_10.png	92918f521f2bbbf41af51e6f7bcccb84	Texture2D	889542	scene:BH_XR_MainScene
Assets/DevDen Arch Viz Scotland/Textures/Study Room/Books Pack/book_2.png	1604be71ef0ca174cb38368bfd1dd5a4	Texture2D	833205	scene:BH_XR_MainScene
Assets/DevDen Arch Viz Scotland/Textures/Study Room/Books Pack/book_3.png	184e6223883d63041bbce51480c9db05	Texture2D	915151	scene:BH_XR_MainScene
Assets/DevDen Arch Viz Scotland/Textures/Study Room/Books Pack/book_4.png	c8d12c9ba1532b54eb5ba54e2b1ba839	Texture2D	343503	scene:BH_XR_MainScene
Assets/DevDen Arch Viz Scotland/Textures/Study Room/Books Pack/book_5.png	d51652f022755f3429864e85ebb40d5e	Texture2D	425578	scene:BH_XR_MainScene
Assets/DevDen Arch Viz Scotland/Textures/Study Room/Books Pack/book_6.png	4942e2b837475484386ad414323dc244	Texture2D	1093589	scene:BH_XR_MainScene
Assets/DevDen Arch Viz Scotland/Textures/Study Room/Books Pack/book_7.png	714f34cce0478f94f82f1b5060bcb56e	Texture2D	1009755	scene:BH_XR_MainScene
Assets/DevDen Arch Viz Scotland/Textures/Study Room/Books Pack/book_8.png	ec84c4dd8a361e04ea6a2d49819bb4d6	Texture2D	997010	scene:BH_XR_MainScene
Assets/DevDen Arch Viz Scotland/Textures/Study Room/Books Pack/book_9.png	28fbe5ed80b73174e8df356eba98b835	Texture2D	848866	scene:BH_XR_MainScene
Assets/DevDen Arch Viz Scotland/Textures/Study Room/StudyRoom Carpet/Atlas1_Metallic_Smoothness.png	00a57a9949a91c244b4a23dd64031719	Texture2D	4292	scene:BH_XR_MainScene
Assets/DevDen Arch Viz Scotland/Textures/Study Room/StudyRoom Carpet/Atlas_1.png	ce33b92103cd98e4eaeb3e207d645381	Texture2D	2814449	scene:BH_XR_MainScene
Assets/DevDen Arch Viz Scotland/Textures/Study Room/StudyRoom Carpet/Emission.png	262de638f7ceb6740bb501c2b2791889	Texture2D	194769	scene:BH_XR_MainScene
Assets/DevDen Arch Viz Scotland/Textures/Study Room/Table_Lamp/LightBulb02.png	4d6aacaaf9eaa1d488fece386c28a844	Texture2D	56015	scene:BH_XR_MainScene
Assets/DevDen Arch Viz Scotland/Textures/Study Room/Table_Lamp/LightBulb02_Emission.png	09f02086d4502ef46800718c8d221179	Texture2D	32924	-
Assets/DevDen Arch Viz Scotland/Textures/Study Room/Table_Lamp/LightBulb02_Metallic.png	a49f9a6db699c634789b760e0f9ba4ac	Texture2D	2290	scene:BH_XR_MainScene
Assets/DevDen Arch Viz Scotland/Textures/Study Room/Table_Lamp/LightBulb02_NM.png	754943e932541c148a482ecbad167843	Texture2D	87677	scene:BH_XR_MainScene
Assets/DevDen Arch Viz Scotland/Textures/Study Room/imac/Imac_imac_AlbedoTransparency.png	c765156c89b24fb40bb5b4304036f66b	Texture2D	2361977	scene:BH_XR_MainScene
Assets/DevDen Arch Viz Scotland/Textures/Study Room/imac/Imac_imac_AlbedoTransparency_emission.png	793372e56eb55e8418fe26e65f3af8c0	Texture2D	1952400	scene:BH_XR_MainScene
Assets/DevDen Arch Viz Scotland/Textures/Study Room/imac/Imac_imac_MetallicSmoothness.png	3c34aa249294f0f4e92074f4a6e69cbe	Texture2D	71195	scene:BH_XR_MainScene
Assets/DevDen Arch Viz Scotland/Textures/Study Room/imac/Imac_imac_Normal.png	2eba4926bdfb1bc40b38ef592a88b3db	Texture2D	2816229	scene:BH_XR_MainScene
Assets/DevDen Arch Viz Scotland/Textures/Study Room/lamp/Lamp_emission_Emission.png	93b2d15457131ae419962d2d511feb16	Texture2D	78119	-
Assets/DevDen Arch Viz Scotland/Textures/Study Room/lamp/Lamp_emission_MetallicSmoothness.png	1bc5376626a585e4db53b59028288c82	Texture2D	78120	-
Assets/DevDen Arch Viz Scotland/Textures/Study Room/lamp/Lamp_emission_Normal.png	1e54f4ce274a8c948896d6b57f2a9b2b	Texture2D	2368311	-
Assets/DevDen Arch Viz Scotland/Textures/Study Room/lamp/lamp_AlbedoTransparency.png	43e0221751fc1e84ca23c2ac1c64f3fb	Texture2D	78119	-
Assets/DevDen Arch Viz Scotland/Textures/Study Room/lamp/lamp_MetallicSmoothness.png	b4b7e032a0f638e48a24c0eb3446f069	Texture2D	78120	-
Assets/DevDen Arch Viz Scotland/Textures/Study Room/lamp/lamp_Normal.png	9f79ee1169dca7842ab0b29d78b28072	Texture2D	2371311	-
Assets/DevDen Arch Viz Scotland/Textures/Study Room/shelf/shelf_shelf1_AO.png	6d16bea45375e664fb602c230ec8664b	Texture2D	123442	scene:BH_XR_MainScene
Assets/DevDen Arch Viz Scotland/Textures/Study Room/shelf/shelf_shelf1_AlbedoTransparency.png	d9628e326902ed24692bc6ea87e4aef5	Texture2D	681094	scene:BH_XR_MainScene
Assets/DevDen Arch Viz Scotland/Textures/Study Room/shelf/shelf_shelf1_MetallicSmoothness.png	5f8015c57b75fb44c8a966dcc1c7965c	Texture2D	397753	scene:BH_XR_MainScene
Assets/DevDen Arch Viz Scotland/Textures/Study Room/shelf/shelf_shelf1_Normal.png	1ed9d382a740a7542b031e20fbc1ff22	Texture2D	1123795	scene:BH_XR_MainScene
Assets/DevDen Arch Viz Scotland/Textures/Study Room/study_chair/CHair2_study_chairI_Leg_AO.png	409c0c732f5f649469f9d56f97eac439	Texture2D	173819	scene:BH_XR_MainScene
Assets/DevDen Arch Viz Scotland/Textures/Study Room/study_chair/CHair2_study_chairI_Leg_AlbedoTransparency.png	53ae26f8bd492f749830336bb487f0c0	Texture2D	814722	scene:BH_XR_MainScene
Assets/DevDen Arch Viz Scotland/Textures/Study Room/study_chair/CHair2_study_chairI_Leg_MetallicSmoothness.png	cd3d8680bc52b454b82d95cff07c5854	Texture2D	20543	scene:BH_XR_MainScene
Assets/DevDen Arch Viz Scotland/Textures/Study Room/study_chair/CHair2_study_chairI_Leg_Normal.png	7d1e01d7a7d835140b426d515b9dc00e	Texture2D	591825	scene:BH_XR_MainScene
Assets/DevDen Arch Viz Scotland/Textures/Study Room/study_chair/CHair2_study_chair_seat_AO.png	25693338409ea2a4b8b29c23860be139	Texture2D	183859	scene:BH_XR_MainScene
Assets/DevDen Arch Viz Scotland/Textures/Study Room/study_chair/CHair2_study_chair_seat_AlbedoTransparency.png	dd8bda90e5be68144af0f35f7215d04d	Texture2D	20548	scene:BH_XR_MainScene
Assets/DevDen Arch Viz Scotland/Textures/Study Room/study_chair/CHair2_study_chair_seat_Normal.png	994f4a8243ea3cd49808079670d990fa	Texture2D	595108	scene:BH_XR_MainScene
Assets/DevDen Arch Viz Scotland/Textures/Study Room/table/Study Table_AO.png	65825a3d46e779f4293d671f06d86440	Texture2D	1660237	scene:BH_XR_MainScene
Assets/DevDen Arch Viz Scotland/Textures/Study Room/table/Study Table_AlbedoTransparency.png	f315679a285d0b4458c4e3add82c552c	Texture2D	3005971	scene:BH_XR_MainScene
Assets/DevDen Arch Viz Scotland/Textures/Study Room/table/Study Table_MetallicSmoothness.png	f1428830577059544bcf6480754fd7c8	Texture2D	139707	scene:BH_XR_MainScene
Assets/DevDen Arch Viz Scotland/Textures/Study Room/table/Study Table_Normal.png	b1902fa3554f46842b1eda9ac3b0fefc	Texture2D	17290	scene:BH_XR_MainScene
Assets/Editor/BCATWebGLAuditTool.cs	767f34558543e44ae99faee5259f32cc	MonoScript	12715	-
Assets/Editor/BCAT_WebGLPerformanceAudit.cs	20cdc77a2dc6549e3a023ff59893017a	MonoScript	31720	-
Assets/Editor/BackyardFlowerbedImagePopupSetup.cs	5d5524baf8dbe448ba589c5fcde3012b	MonoScript	12988	-
Assets/Editor/MeshellArticleReaderSceneSetup.cs	2e049d3b487264d6fb2f8e9b40e97d86	MonoScript	17835	-
Assets/Editor/MeshellInteractionDiagnostic.cs	35bd122007d694c579dcbe7a41818568	MonoScript	13165	-
Assets/Emilulz_Assets/DEMOLowPolyFlowers/Assets/DEMOAtlas_Flowerpack.png	73fc3b6b4f238f345b683df571dc61d6	Texture2D	62957	scene:BH_XR_MainScene
Assets/Emilulz_Assets/DEMOLowPolyFlowers/Assets/SM_Daisy_Single.fbx	d3e86e8312025d54ea4b2aff32264f24	GameObject	27100	scene:BH_XR_MainScene
Assets/Emilulz_Assets/DEMOLowPolyFlowers/Assets/SM_Dandelion_Small.fbx	49f1eb77d1eac2b4b951528b0b494a91	GameObject	25948	-
Assets/Emilulz_Assets/DEMOLowPolyFlowers/Assets/SM_Hyacinth_PastellBlue_Big.fbx	489134b2de1e664459f59d89a80b895f	GameObject	52460	-
Assets/Emilulz_Assets/DEMOLowPolyFlowers/Assets/SM_Rose_Black_Open.fbx	a3d02e08cf731b44eb277096d98d5c2d	GameObject	31436	scene:BH_XR_MainScene
Assets/Emilulz_Assets/DEMOLowPolyFlowers/Assets/SM_Rose_Red_Open.fbx	33258481a8f1e714b9a233ce743367f4	GameObject	31292	scene:BH_XR_MainScene
Assets/Emilulz_Assets/DEMOLowPolyFlowers/DemoScene/DemoLowpolyFlowers.unity	5396d261153e04f4d927d718ee5e9d38	SceneAsset	22310	-
Assets/Emilulz_Assets/DEMOLowPolyFlowers/Prefabs/M_DEMOAtlas_LowPolyFlowers.mat	dd78ab307d686a6409db14ba36b7c8a5	Material	3843	scene:BH_XR_MainScene
Assets/Emilulz_Assets/DEMOLowPolyFlowers/Prefabs/SM_Daisy_Single.prefab	6ee7ff501548bbd48ac085a1c22904aa	GameObject	2569	scene:BH_XR_MainScene
Assets/Emilulz_Assets/DEMOLowPolyFlowers/Prefabs/SM_Dandelion_Small.prefab	b8cb555eb3a9a4e4988c1d6040aec95b	GameObject	2554	-
Assets/Emilulz_Assets/DEMOLowPolyFlowers/Prefabs/SM_Hyacinth_PastellBlue_Big.prefab	fe0901a4c5c7e624d9a28c1f47e24125	GameObject	2563	-
Assets/Emilulz_Assets/DEMOLowPolyFlowers/Prefabs/SM_Rose_Black_Open.prefab	cb912b52e9f2b5448acdbe992883c427	GameObject	2551	scene:BH_XR_MainScene
Assets/Emilulz_Assets/DEMOLowPolyFlowers/Prefabs/SM_Rose_Red_Open.prefab	25f6b3f9347e83047bc8481037fdb53b	GameObject	2551	scene:BH_XR_MainScene
Assets/Food Pack-Demo/Materials/Base color.mat	30c5e465dc21c534bada8d020bae91f4	Material	3846	scene:BH_XR_MainScene
Assets/Food Pack-Demo/Materials/Glass.mat	b133b755a13992d4e820112f19c845cc	Material	3876	-
Assets/Food Pack-Demo/Materials/Ground.mat	945a79448b80295429dcfa63e188bebf	Material	3771	-
Assets/Food Pack-Demo/Mesh Collider/Bell pepper green slice_collider.fbx	4fc4462b1842d1b40951cea9bd975225	GameObject	11692	-
Assets/Food Pack-Demo/Mesh Collider/Bell pepper_collider.fbx	1a06c2b937de54447adb6a6b8e3645d5	GameObject	13596	-
Assets/Food Pack-Demo/Mesh Collider/Bundt Cake Piece_collider.fbx	891f176f80b7db54aa274734a9a837a8	GameObject	11196	-
Assets/Food Pack-Demo/Mesh Collider/Bundt Cake cut_collider 1.fbx	4f433a88524b7164293fdb3a7dc3415c	GameObject	11388	-
Assets/Food Pack-Demo/Mesh Collider/Bundt Cake cut_collider 2.fbx	468961cf51288dc43baf8231d700d6d8	GameObject	11388	-
Assets/Food Pack-Demo/Mesh Collider/Bundt Cake_collider.fbx	47d699b194c4a9f42b80fc34e148967a	GameObject	11372	-
Assets/Food Pack-Demo/Mesh Collider/Candy Cane_collider 1.fbx	423ce839abb28cd40862b9c05e0dfbba	GameObject	12812	-
Assets/Food Pack-Demo/Mesh Collider/Candy Cane_collider 2.fbx	0f5e299bf025867489563b2558a82e57	GameObject	12076	-
Assets/Food Pack-Demo/Mesh Collider/Cheesecake_collider.fbx	4e2d45a4b94975245a9c389b331cb5f4	GameObject	10988	-
Assets/Food Pack-Demo/Mesh Collider/Chopsticks A+B_collider.fbx	ed948f3b7337c0448bf0cb5b3c027b3c	GameObject	11036	-
Assets/Food Pack-Demo/Mesh Collider/Chopsticks holder_collider.fbx	0521dc6fa27ae314c980f3d0391ae6b1	GameObject	10988	-
Assets/Food Pack-Demo/Mesh Collider/Coffee Cup_collider.fbx	f2cb15d6232e50249b971a858b49951a	GameObject	11740	-
Assets/Food Pack-Demo/Mesh Collider/Cookies_collider.fbx	f2edf4816ffe3b048b481f603c027740	GameObject	11724	-
Assets/Food Pack-Demo/Mesh Collider/Curry plate_collider.fbx	193b087adebfccb4b9620bd940aaf75e	GameObject	11644	-
Assets/Food Pack-Demo/Mesh Collider/Doughnut_collider.fbx	9cf6e01be49d8a44096112a877c2947b	GameObject	12140	-
Assets/Food Pack-Demo/Mesh Collider/Frappe B_collider 1.fbx	32cb640af42138144a631c828f8b18d6	GameObject	11052	-
Assets/Food Pack-Demo/Mesh Collider/Frappe B_collider 2.fbx	bcdae1ebec3f1b64cba6bf2e066665b8	GameObject	11660	-
Assets/Food Pack-Demo/Mesh Collider/Hotdog_collider.fbx	79fff96ea916d7049aa5a29f035609de	GameObject	12444	-
Assets/Food Pack-Demo/Mesh Collider/Ice cream stick B to H_collider.fbx	6dd9e4e9d09295845a72a8a96bf69fa7	GameObject	11292	-
Assets/Food Pack-Demo/Mesh Collider/Ketchup+Mustard Plastic Bottle_collider.fbx	b5b92bb9df7f1a049ba157e1622e15de	GameObject	11356	-
Assets/Food Pack-Demo/Mesh Collider/Lamb Chop Cooked.fbx	80cd47290a502774fb319b34348e79d8	GameObject	21900	-
Assets/Food Pack-Demo/Mesh Collider/Lamb Chop.fbx	31af42093191cfc46ba7e8307d8e6a5b	GameObject	21820	-
Assets/Food Pack-Demo/Mesh Collider/Lamb Chop_collider.fbx	85d57f09f9e06594c9ea0e80a4ef8977	GameObject	11468	-
Assets/Food Pack-Demo/Mesh Collider/Lamb leg.fbx	3a23d9ea6b7474a4ab55fd98c9e2e831	GameObject	19020	-
Assets/Food Pack-Demo/Mesh Collider/Lamb leg_collider.fbx	0600cd3d1155a0e4c8f29944aba6ff0c	GameObject	12172	-
Assets/Food Pack-Demo/Mesh Collider/Maki 1_collider.fbx	62643617377c08940995495ef5c31989	GameObject	11340	-
Assets/Food Pack-Demo/Mesh Collider/Melon Piece_collider.fbx	79c1312b9a4a7f54d84708282002872f	GameObject	11436	-
Assets/Food Pack-Demo/Mesh Collider/Melon half_collider.fbx	7b4f9fb0786ffad47b869b9e2fcba3d6	GameObject	12300	-
Assets/Food Pack-Demo/Mesh Collider/Melon_collider.fbx	ae04d4fa525d74044bf4b632751f6e33	GameObject	12652	-
Assets/Food Pack-Demo/Mesh Collider/Peach half_collider.fbx	e482023de113e8342a5f6916aede790e	GameObject	12156	-
Assets/Food Pack-Demo/Mesh Collider/Peach slice_collider.fbx	357c1d09d4a30e7419e17ea2cbe88d00	GameObject	11548	-
Assets/Food Pack-Demo/Mesh Collider/Peach_collider.fbx	a1a8aa6b73de9a748a7ed4d3b2f18c1d	GameObject	12284	-
Assets/Food Pack-Demo/Mesh Collider/Pizza Slice_collider.fbx	e0fe3a49876350f4cb9a6791b45374ca	GameObject	11260	-
Assets/Food Pack-Demo/Mesh Collider/Pizza cut_collider.fbx	ecc67601b0b9b0948968bee6b25e8cad	GameObject	12556	-
Assets/Food Pack-Demo/Mesh Collider/Pizza_collider.fbx	d142383db626ba941ad29756b2666cf9	GameObject	12348	-
Assets/Food Pack-Demo/Mesh Collider/Pretzel_collider.fbx	6c708973b9afdf34994475a0d3635f9e	GameObject	12316	-
Assets/Food Pack-Demo/Mesh Collider/Sake Pot C_collider.fbx	1604f2bdeb360094ab437de0c78e72e2	GameObject	11180	-
Assets/Food Pack-Demo/Mesh Collider/Sake cup B+C_collider.fbx	f1c12987d80023f41aaafd034260c0bb	GameObject	11484	-
Assets/Food Pack-Demo/Mesh Collider/Salami A.fbx	644e40701abf8ab40a4ecaf5120ca4d7	GameObject	16044	-
Assets/Food Pack-Demo/Mesh Collider/Salami A_collider.fbx	5b699ce8888415e428b151a3cc4a4879	GameObject	12172	-
Assets/Food Pack-Demo/Mesh Collider/Salami cut A.fbx	dcdc80f4e22dc9f46b8207a961b006fd	GameObject	17692	-
Assets/Food Pack-Demo/Mesh Collider/Salami cut A_collider.fbx	be7a40b8700fd754faa49f39420d02ab	GameObject	11692	-
Assets/Food Pack-Demo/Mesh Collider/Salami slice A.fbx	771737e57e14016408e53fa8529170f0	GameObject	18348	-
Assets/Food Pack-Demo/Mesh Collider/Salami slice A_collider.fbx	b325b4ca77e53d44399c376217af7ed1	GameObject	11260	-
Assets/Food Pack-Demo/Mesh Collider/Salmon Cut.fbx	feac93286084d9349a685dcc403d1fdb	GameObject	17596	-
Assets/Food Pack-Demo/Mesh Collider/Salmon Cut_collider.fbx	9df8b956c70772a48b4aba0abab0224f	GameObject	11580	-
Assets/Food Pack-Demo/Mesh Collider/Salmon fillet.fbx	1ec41bc6d4047504cb4de815cf2038c4	GameObject	15580	-
Assets/Food Pack-Demo/Mesh Collider/Salmon fillet_collider.fbx	8a9ba59695bc12443b8e3bf8231e8334	GameObject	11964	-
Assets/Food Pack-Demo/Mesh Collider/Salmon plastic tray.fbx	0d9b95d038eabeb49a2bd2baf78d7795	GameObject	26524	-
Assets/Food Pack-Demo/Mesh Collider/Salmon plastic tray_collider.fbx	8badd1ddc5652784a8f7c8373e4af5f6	GameObject	11468	-
Assets/Food Pack-Demo/Mesh Collider/Salmon skeleton.fbx	4af0657f388837c41923db288f7b4ff5	GameObject	31292	-
Assets/Food Pack-Demo/Mesh Collider/Salmon skeleton_collider.fbx	312beb24e18df36428128327b05e2c84	GameObject	11740	-
Assets/Food Pack-Demo/Mesh Collider/Salmon.fbx	b64982b90887dc7448200e4b7f87b548	GameObject	23836	-
Assets/Food Pack-Demo/Mesh Collider/Salmon_collider.fbx	a32b8d2972b281347861ec00d9183f7b	GameObject	11852	-
Assets/Food Pack-Demo/Mesh Collider/Skewer C_collider.fbx	294a18fe502a98e40b98b69e102cd8da	GameObject	13052	-
Assets/Food Pack-Demo/Mesh Collider/Soda bottle Glass_collider.fbx	240383d49613ee74c972a172382dedea	GameObject	12028	-
Assets/Food Pack-Demo/Mesh Collider/Soda can_collider.fbx	c090d33afeddfe54189bed2b946c3c47	GameObject	11740	-
Assets/Food Pack-Demo/Mesh Collider/Sushi Wood Table_collider.fbx	b325ce01a4d63f149a437fa668b9de7c	GameObject	11180	-
Assets/Food Pack-Demo/Mesh Collider/Swirl lollipop_collider.fbx	c67c1191b84baca46ac9787d4939feaf	GameObject	11356	-
Assets/Food Pack-Demo/Mesh Collider/Tamago_collider.fbx	92ec02f8dba0a5247b37099ac8e12670	GameObject	11788	-
Assets/Food Pack-Demo/Mesh Collider/Tomato Half_collider.fbx	b62300d0b077225478e68422cc37e5df	GameObject	11916	-
Assets/Food Pack-Demo/Mesh Collider/Tomato Quarter_collider.fbx	a680067804cc58b41a0dc15cf7bad0a4	GameObject	11388	-
Assets/Food Pack-Demo/Mesh Collider/Tomato_collider.fbx	0b2f9c886fefeaa4eaad4985a6297149	GameObject	12380	-
Assets/Food Pack-Demo/Mesh Collider/Udon_collider.fbx	26de5df30411d7d45a554991f91dbd95	GameObject	12268	-
Assets/Food Pack-Demo/Mesh Collider/Unagi_collider.fbx	716d645424d63bd468a625bb1a7c7b50	GameObject	11964	-
Assets/Food Pack-Demo/Mesh Collider/Wasabi_collider.fbx	a7609c8a3292adc4b92c6a5c272f5163	GameObject	11532	-
Assets/Food Pack-Demo/Mesh/Bell pepper green slice.fbx	222601f744058524a9b045c51c2d24ff	GameObject	19644	-
Assets/Food Pack-Demo/Mesh/Bell pepper green.fbx	b2bd321d9d4d86f4abfd6229b2605d1d	GameObject	20780	-
Assets/Food Pack-Demo/Mesh/Bundt Cake Piece.fbx	170013b156b2fec4aa4c3361eb197783	GameObject	14780	-
Assets/Food Pack-Demo/Mesh/Bundt Cake cut.fbx	1da8cd687b7cd2c4aa96694efbefc8ab	GameObject	26092	scene:BH_XR_MainScene
Assets/Food Pack-Demo/Mesh/Bundt Cake.fbx	323aa9268390ee048920630e3337dc5a	GameObject	24588	-
Assets/Food Pack-Demo/Mesh/Candy Cane B.fbx	c4e8ab22afb1f134f932480d572fe913	GameObject	17116	-
Assets/Food Pack-Demo/Mesh/Cheesecake B.fbx	b65fd74097925ad4abad83ba11c077d9	GameObject	23932	-
Assets/Food Pack-Demo/Mesh/Chopsticks B.fbx	8a638df0cb613a1468a3e1cbd713bd2d	GameObject	11964	-
Assets/Food Pack-Demo/Mesh/Chopsticks holder.fbx	ba852628362efec42bb96877b82b206e	GameObject	12092	-
Assets/Food Pack-Demo/Mesh/Coffee Cup C.fbx	3c258662faa56ed4e90c2bf720e6f136	GameObject	18220	-
Assets/Food Pack-Demo/Mesh/Cookies.fbx	de25594e1cb8efe459c8e2967beff6cd	GameObject	17372	-
Assets/Food Pack-Demo/Mesh/Curry plate.fbx	3dfb58f22f566b1458e7d1ce6c6538bb	GameObject	26796	-
Assets/Food Pack-Demo/Mesh/Doughnut D.fbx	1339464f1b5371e4787d4d9939f274df	GameObject	21036	-
Assets/Food Pack-Demo/Mesh/Doughnut H.fbx	5f9c4456209377443bf91f23716ae8dc	GameObject	19612	-
Assets/Food Pack-Demo/Mesh/Frappe B.fbx	2c5f7338ca981914d95bd056f366d9b1	GameObject	24780	-
Assets/Food Pack-Demo/Mesh/Hotdog A.fbx	91df8a4f734646d43af41a4ed7ef5983	GameObject	18108	-
Assets/Food Pack-Demo/Mesh/Ice cream stick C.fbx	217a93691959ffc4b917b2fd6f90ad25	GameObject	23260	-
Assets/Food Pack-Demo/Mesh/Ketchup Plastic Bottle.fbx	1b1f25b6ff8d25a4f8a6f4ba7363f755	GameObject	18060	-
Assets/Food Pack-Demo/Mesh/Lamb Chop Cooked.fbx	c4a3d4e77dd5fb345b4d5f6e97b15cac	GameObject	21900	-
Assets/Food Pack-Demo/Mesh/Lamb Chop.fbx	3d67b34b3f03a1a46917d0afe3b6eef0	GameObject	21820	-
Assets/Food Pack-Demo/Mesh/Lamb leg.fbx	c696ac6d3a3e6f3498660d418d8fe5a0	GameObject	19020	-
Assets/Food Pack-Demo/Mesh/Maki C1.fbx	9d501614ca799c045bc7109e271d0082	GameObject	16812	-
Assets/Food Pack-Demo/Mesh/Melon Piece.fbx	ed63170978d948f4ebf8c96d68285176	GameObject	14684	-
Assets/Food Pack-Demo/Mesh/Melon half.fbx	213c5fc6d0f35ad40961a09b076dfcb7	GameObject	19388	-
Assets/Food Pack-Demo/Mesh/Melon.fbx	b648bf4121327d14d8aec7a994b806e6	GameObject	17020	-
Assets/Food Pack-Demo/Mesh/Peach half no seed.fbx	32fc5ae8877ddf848aa772d51ca36350	GameObject	15676	-
Assets/Food Pack-Demo/Mesh/Peach half with seed.fbx	b0c5223077e7edc4c86e4e00d9c757ee	GameObject	15740	-
Assets/Food Pack-Demo/Mesh/Peach slice.fbx	38373e16bfc1c5a4085a26440a7a0cb2	GameObject	14092	-
Assets/Food Pack-Demo/Mesh/Peach.fbx	553aeeace5f1a79458cc15838e4219fc	GameObject	17148	-
Assets/Food Pack-Demo/Mesh/Pizza Margarita Slice.fbx	7bede346f9d49684085855be768a2b03	GameObject	17532	-
Assets/Food Pack-Demo/Mesh/Pizza Margarita cut.fbx	528f6169f14efe54fa344f0478f8f534	GameObject	56956	-
Assets/Food Pack-Demo/Mesh/Pizza Margarita.fbx	bf6eb03b43ee2084584c5ad373b1da04	GameObject	53500	-
Assets/Food Pack-Demo/Mesh/Pretzel.fbx	6518c43883174f6499223d97acee02aa	GameObject	22124	-
Assets/Food Pack-Demo/Mesh/Sake Pot C.fbx	62f47634b62982e40ac341eadbeadd91	GameObject	14108	-
Assets/Food Pack-Demo/Mesh/Sake cup C.fbx	6430ec2e0c912a24ea107f474c0d1b94	GameObject	13932	-
Assets/Food Pack-Demo/Mesh/Salami A.fbx	3bc9d63909ed48241b8846cf2fdef9ea	GameObject	16044	-
Assets/Food Pack-Demo/Mesh/Salami cut A.fbx	601422f08d730974ba9474adf89a2fd5	GameObject	17692	-
Assets/Food Pack-Demo/Mesh/Salami slice A.fbx	d6fce6b8548532847a260108fc2cd2ca	GameObject	18348	-
Assets/Food Pack-Demo/Mesh/Salmon Cut.fbx	ab3b2774430560748b35a67704cdf368	GameObject	17596	-
Assets/Food Pack-Demo/Mesh/Salmon fillet.fbx	3e17c9b798a1ba24ba65181584d06ceb	GameObject	15580	-
Assets/Food Pack-Demo/Mesh/Salmon plastic tray.fbx	f6e08a9d2b0575a4cbbddc5337169178	GameObject	26524	-
Assets/Food Pack-Demo/Mesh/Salmon skeleton.fbx	a0aa35e84168d8041b1be4b0c0a346ad	GameObject	31292	-
Assets/Food Pack-Demo/Mesh/Salmon.fbx	a9b2fe35a167c904693b59a94f5d74c8	GameObject	23836	-
Assets/Food Pack-Demo/Mesh/Skewer C.fbx	2797f8c24de11d745b8f289b3fa1131b	GameObject	26652	-
Assets/Food Pack-Demo/Mesh/Soda bottle Glass A.fbx	4f17a825b234ea040991e5b97178515a	GameObject	26236	-
Assets/Food Pack-Demo/Mesh/Soda can C.fbx	d6c698db7cb0ec24fb918fe80eec208d	GameObject	18908	-
Assets/Food Pack-Demo/Mesh/Sushi Wood Table.fbx	8f773a543ac3fca4a850026e1e21ab56	GameObject	15324	-
Assets/Food Pack-Demo/Mesh/Swirl lollipop C.fbx	bf55125ab89421b4ba245dfe3a5138c8	GameObject	20172	-
Assets/Food Pack-Demo/Mesh/Tamago.fbx	5a94d5106699cb94c878bf7d4f249029	GameObject	14524	-
Assets/Food Pack-Demo/Mesh/Tomato Half.fbx	c3efed6caca157b498300aade43994b9	GameObject	21164	-
Assets/Food Pack-Demo/Mesh/Tomato Quarter.fbx	f7eb075f2b7036e469890be4efa0c8cb	GameObject	21740	-
Assets/Food Pack-Demo/Mesh/Tomato.fbx	c945b3fa736b40940a696ec897b85013	GameObject	17132	-
Assets/Food Pack-Demo/Mesh/Udon.fbx	cffb8a2c466fd914ba032f71bee9c81d	GameObject	53996	-
Assets/Food Pack-Demo/Mesh/Unagi.fbx	85ec0bf98339b9a408044de2cae26e2f	GameObject	16508	-
Assets/Food Pack-Demo/Mesh/Wasabi.fbx	77c404ad8e2bebb4e94af41133adb8e0	GameObject	14716	-
Assets/Food Pack-Demo/Prefabs with colliders/Bell pepper green slice.prefab	85650ce63efce4849986302aa38c779f	GameObject	3287	-
Assets/Food Pack-Demo/Prefabs with colliders/Bell pepper green.prefab	cb83f814934cfc140b16be0112da5872	GameObject	3281	-
Assets/Food Pack-Demo/Prefabs with colliders/Bundt Cake Piece.prefab	9211927fa2d79ef42b8421dfe1d3f621	GameObject	3278	-
Assets/Food Pack-Demo/Prefabs with colliders/Bundt Cake cut.prefab	00b58c22752558540a1e4fe6b3c74ac8	GameObject	3747	-
Assets/Food Pack-Demo/Prefabs with colliders/Bundt Cake.prefab	0636e50c98e1e1e47bdecf7563b4ca71	GameObject	3274	-
Assets/Food Pack-Demo/Prefabs with colliders/Candy Cane B.prefab	23888bbdf5dd6464484321651b159ffe	GameObject	3747	-
Assets/Food Pack-Demo/Prefabs with colliders/Cheesecake B.prefab	24b71c545c0dea94485342e22f537390	GameObject	3275	-
Assets/Food Pack-Demo/Prefabs with colliders/Chopsticks B.prefab	07941bae386e1594fb7e061ed7f25195	GameObject	3276	-
Assets/Food Pack-Demo/Prefabs with colliders/Chopsticks holder.prefab	b7a702b59bf4c1241ba9d99965d58e59	GameObject	3277	-
Assets/Food Pack-Demo/Prefabs with colliders/Coffee Cup C.prefab	2374e3720a7b10b499a08f020177e37c	GameObject	3275	-
Assets/Food Pack-Demo/Prefabs with colliders/Cookies.prefab	db66b66f761249347b45ef948710e295	GameObject	3270	-
Assets/Food Pack-Demo/Prefabs with colliders/Curry plate.prefab	98e647c1a01cac94db008f167a23131e	GameObject	3265	-
Assets/Food Pack-Demo/Prefabs with colliders/Doughnut D.prefab	541d9093cad6d0945b37231b698e1f96	GameObject	3273	-
Assets/Food Pack-Demo/Prefabs with colliders/Doughnut H.prefab	c71881a0f38e13148a4da26b4c79c687	GameObject	3272	-
Assets/Food Pack-Demo/Prefabs with colliders/Frappe B.prefab	eb323cb6688d54249b6a030872eb489c	GameObject	3812	-
Assets/Food Pack-Demo/Prefabs with colliders/Hotdog A.prefab	83c77ae35da5eef458a3c6457b421e29	GameObject	3272	-
Assets/Food Pack-Demo/Prefabs with colliders/Ice cream stick C.prefab	30a954cbaf4343d4a8b672231ca1637b	GameObject	3282	-
Assets/Food Pack-Demo/Prefabs with colliders/Ketchup Plastic Bottle.prefab	87e935960d5767f4280217dcb6959c85	GameObject	3285	-
Assets/Food Pack-Demo/Prefabs with colliders/Lamb Chop Cooked.prefab	50b8d7a31d8d5a2469b0806bcefffe4b	GameObject	3281	-
Assets/Food Pack-Demo/Prefabs with colliders/Lamb Chop.prefab	fd391df2a0cc8834689ec0c4e8e75799	GameObject	3270	-
Assets/Food Pack-Demo/Prefabs with colliders/Lamb leg.prefab	41ffe1a739b405340b5067d816dda9b3	GameObject	3270	-
Assets/Food Pack-Demo/Prefabs with colliders/Maki C1.prefab	55aaf3d376031ef4e87d0c9e40e04a08	GameObject	3265	-
Assets/Food Pack-Demo/Prefabs with colliders/Melon Piece.prefab	c44c3f4afdff6bc45adda169fc55db98	GameObject	3276	-
Assets/Food Pack-Demo/Prefabs with colliders/Melon half.prefab	3635f7404578249429c461fc2d4f1de7	GameObject	3271	-
Assets/Food Pack-Demo/Prefabs with colliders/Melon.prefab	287ce34570989604593d1a0beaa007d1	GameObject	3268	-
Assets/Food Pack-Demo/Prefabs with colliders/Peach half no seed.prefab	d8eb39772ee6d6d43a3dee182092b3b9	GameObject	3274	-
Assets/Food Pack-Demo/Prefabs with colliders/Peach half with seed.prefab	2cf67417daadbe745b60bcac672a6913	GameObject	3280	-
Assets/Food Pack-Demo/Prefabs with colliders/Peach slice.prefab	62679780ebae3144aa7a82dfa853d1a4	GameObject	3273	-
Assets/Food Pack-Demo/Prefabs with colliders/Peach.prefab	cdfcdc2ad3121dd48b009483e054ee65	GameObject	3269	-
Assets/Food Pack-Demo/Prefabs with colliders/Pizza Margarita Slice.prefab	65aae641301cf1648838c3a581715932	GameObject	3282	-
Assets/Food Pack-Demo/Prefabs with colliders/Pizza Margarita cut.prefab	0e9ff68fb45f20d4f8b24f1622ce7ad7	GameObject	3282	-
Assets/Food Pack-Demo/Prefabs with colliders/Pizza Margarita.prefab	ddfa315221cd51d43a26448bea82567e	GameObject	3279	-
Assets/Food Pack-Demo/Prefabs with colliders/Pretzel.prefab	381b4876465ff66439c798bbd05934ae	GameObject	3268	-
Assets/Food Pack-Demo/Prefabs with colliders/Sake Pot C.prefab	3eb9e00580be8fb41861868e3b76e4f0	GameObject	3274	-
Assets/Food Pack-Demo/Prefabs with colliders/Sake cup C.prefab	c01a49f6154dbae4487145f0010c4c64	GameObject	3273	-
Assets/Food Pack-Demo/Prefabs with colliders/Salami A.prefab	a1e7126b78c286248b29f182402a3bdf	GameObject	3262	-
Assets/Food Pack-Demo/Prefabs with colliders/Salami cut A.prefab	86a2632b6a59b6f4eb27045f5854a597	GameObject	3276	-
Assets/Food Pack-Demo/Prefabs with colliders/Salami slice A.prefab	6aa9cdf512cf59e4b8269b03089938fe	GameObject	3274	-
Assets/Food Pack-Demo/Prefabs with colliders/Salmon Cut.prefab	0c775a7cb9c4a4d47aef6a0827a76b81	GameObject	3272	-
Assets/Food Pack-Demo/Prefabs with colliders/Salmon fillet.prefab	11eb6f1ea5794b24696153fac27229a5	GameObject	3270	-
Assets/Food Pack-Demo/Prefabs with colliders/Salmon plastic tray.prefab	14e2f098e1f539240a7959e6492fd3e6	GameObject	3355	-
Assets/Food Pack-Demo/Prefabs with colliders/Salmon skeleton.prefab	248da5bbc1b94c3408fc184fa34afb7d	GameObject	3277	-
Assets/Food Pack-Demo/Prefabs with colliders/Salmon.prefab	aef46669f3c36c64b9ac9c336991e53d	GameObject	3270	-
Assets/Food Pack-Demo/Prefabs with colliders/Skewer C.prefab	672aa356508ea23438438bf7b1c75eea	GameObject	3270	-
Assets/Food Pack-Demo/Prefabs with colliders/Soda bottle Glass A.prefab	7f267e1d230150340a654e923cf2609a	GameObject	3346	-
Assets/Food Pack-Demo/Prefabs with colliders/Soda can C.prefab	6423086f4c3c91941b15347f806e5496	GameObject	3275	-
Assets/Food Pack-Demo/Prefabs with colliders/Sushi Wood Table.prefab	db719f0c5f33e7d42b34ea7d8e83bd6a	GameObject	3279	-
Assets/Food Pack-Demo/Prefabs with colliders/Swirl lollipop C.prefab	3c92cb637d80f0b47af726bf15087820	GameObject	3279	-
Assets/Food Pack-Demo/Prefabs with colliders/Tamago.prefab	d04f7b833efcc7341aa2f179d59663af	GameObject	3263	-
Assets/Food Pack-Demo/Prefabs with colliders/Tomato Half.prefab	6f1977e8f3090d544acb9a6cb8234612	GameObject	3275	-
Assets/Food Pack-Demo/Prefabs with colliders/Tomato Quarter.prefab	408c0739d2750fd478c7a1af73dab7ba	GameObject	3278	-
Assets/Food Pack-Demo/Prefabs with colliders/Tomato.prefab	0718c8b31df11bd408bffcfd3729b04a	GameObject	3269	-
Assets/Food Pack-Demo/Prefabs with colliders/Udon.prefab	43b3ec6962896124fb39cd3592facc75	GameObject	3269	-
Assets/Food Pack-Demo/Prefabs with colliders/Unagi.prefab	b2744511d94e11548aa4532f38d2400e	GameObject	3268	-
Assets/Food Pack-Demo/Prefabs with colliders/Wasabi.prefab	a92c2a59ab330134e97d25fa300c4155	GameObject	3268	-
Assets/Food Pack-Demo/Prefabs/Bell pepper green slice.prefab	e88c61590b214934980c882847da8ffe	GameObject	2380	-
Assets/Food Pack-Demo/Prefabs/Bell pepper green.prefab	68cb6e858d2953e4c8693b634a033386	GameObject	2381	-
Assets/Food Pack-Demo/Prefabs/Bundt Cake Piece.prefab	54447e78ac5be41428f9078cf6910bf7	GameObject	2380	-
Assets/Food Pack-Demo/Prefabs/Bundt Cake cut.prefab	475c2b2992311884da42708c21b4e989	GameObject	2375	scene:BH_XR_MainScene
Assets/Food Pack-Demo/Prefabs/Bundt Cake.prefab	4cdd0f536b998c141987f5362d20d263	GameObject	2373	-
Assets/Food Pack-Demo/Prefabs/Candy Cane B.prefab	0329acc1efc28324e94f5bd5a062069e	GameObject	2375	-
Assets/Food Pack-Demo/Prefabs/Cheesecake B.prefab	7f8fe02ce2c90a447861132975571507	GameObject	2373	-
Assets/Food Pack-Demo/Prefabs/Chopsticks B.prefab	57eac44584c071d4d8ef40566756f86c	GameObject	2375	-
Assets/Food Pack-Demo/Prefabs/Chopsticks holder.prefab	e4f3a4f69c5414a48acdcc48f9cb27b9	GameObject	2379	-
Assets/Food Pack-Demo/Prefabs/Coffee Cup C.prefab	9618ee5198d5bc14690b61b995f89590	GameObject	2373	-
Assets/Food Pack-Demo/Prefabs/Cookies.prefab	be681692a047cee4baa286092a6f04e6	GameObject	2371	-
Assets/Food Pack-Demo/Prefabs/Curry plate.prefab	ef62557891c72774580b5ddab4813f20	GameObject	2375	-
Assets/Food Pack-Demo/Prefabs/Doughnut D.prefab	e4f3387dd249a6f42b208bdf329867b1	GameObject	2369	-
Assets/Food Pack-Demo/Prefabs/Doughnut H.prefab	cd5c0226d9d4b554885c988834915042	GameObject	2372	-
Assets/Food Pack-Demo/Prefabs/Frappe B.prefab	80568ac56eee4324c9e6b89e04fdcb80	GameObject	2442	-
Assets/Food Pack-Demo/Prefabs/Hotdog A.prefab	5ebdbc030ec57844d95ccb60b8223fd7	GameObject	2369	-
Assets/Food Pack-Demo/Prefabs/Ice cream stick C.prefab	fbf6814fd0d204440ab42c5d21ce612d	GameObject	2381	-
Assets/Food Pack-Demo/Prefabs/Ketchup Plastic Bottle.prefab	739858efac64efd428120d3808c65b43	GameObject	2385	-
Assets/Food Pack-Demo/Prefabs/Lamb Chop Cooked.prefab	44b8404b36524d8498b3c9305721f977	GameObject	2378	-
Assets/Food Pack-Demo/Prefabs/Lamb Chop.prefab	4d68119b54e0ec2468da57b83dc2688f	GameObject	2373	-
Assets/Food Pack-Demo/Prefabs/Lamb leg.prefab	8dc465f46b6c8b242be3b0a23bd18bf1	GameObject	2372	-
Assets/Food Pack-Demo/Prefabs/Maki C1.prefab	e6758420bb20ab244a05b68ed185d46d	GameObject	2371	-
Assets/Food Pack-Demo/Prefabs/Melon Piece.prefab	7097ad9a888dd99458dca648bfbe4c7d	GameObject	2375	-
Assets/Food Pack-Demo/Prefabs/Melon half.prefab	f0fd291f44341a44fb9dc45391324a25	GameObject	2367	-
Assets/Food Pack-Demo/Prefabs/Melon.prefab	2c49621a8650a60459ee1c1548bee1d4	GameObject	2369	-
Assets/Food Pack-Demo/Prefabs/Peach half no seed.prefab	6666b77016c300745b9cd0df60be89d4	GameObject	2372	-
Assets/Food Pack-Demo/Prefabs/Peach half with seed.prefab	0ee3df7facab76a4f8e417d21e25e98f	GameObject	2384	-
Assets/Food Pack-Demo/Prefabs/Peach slice.prefab	983892090628c6245ab20d3d0541b5b4	GameObject	2374	-
Assets/Food Pack-Demo/Prefabs/Peach.prefab	c5240644e1df8364aa4cea385c7cf092	GameObject	2368	-
Assets/Food Pack-Demo/Prefabs/Pizza Margarita Slice.prefab	4996cb7e38e19d34f8d3c4c05aa9ad48	GameObject	2384	-
Assets/Food Pack-Demo/Prefabs/Pizza Margarita cut.prefab	1d08eb9304ef2d247b4c953f91c9ca75	GameObject	2382	-
Assets/Food Pack-Demo/Prefabs/Pizza Margarita.prefab	0c0ea431ace4f624895e2c41a184d71c	GameObject	2376	-
Assets/Food Pack-Demo/Prefabs/Pretzel.prefab	13063b8319347e2479e6af5ae4bf79ca	GameObject	2365	-
Assets/Food Pack-Demo/Prefabs/Sake Pot C.prefab	c5e6f07f5115f5746840026cbd44ec82	GameObject	2373	-
Assets/Food Pack-Demo/Prefabs/Sake cup C.prefab	1f43572f4b900384795dbd290b6442ca	GameObject	2372	-
Assets/Food Pack-Demo/Prefabs/Salami A.prefab	ef03a6620aa3c864592f399083c51fa2	GameObject	2371	-
Assets/Food Pack-Demo/Prefabs/Salami cut A.prefab	b1a3b57ea32496648b9623a58fa6d8ad	GameObject	2376	-
Assets/Food Pack-Demo/Prefabs/Salami slice A.prefab	d64228cdf4658ad43a6702d0bfb35387	GameObject	2375	-
Assets/Food Pack-Demo/Prefabs/Salmon Cut.prefab	3033aaa6052ed4b40b0f4d7b951b5095	GameObject	2373	-
Assets/Food Pack-Demo/Prefabs/Salmon fillet.prefab	3c0685d4d52f57548aa967a3907720f9	GameObject	2371	-
Assets/Food Pack-Demo/Prefabs/Salmon plastic tray.prefab	76c9ad9d42b5fb24f90335d19130672a	GameObject	2453	-
Assets/Food Pack-Demo/Prefabs/Salmon skeleton.prefab	685c0fc5fa8b9c04ca226db350611cc7	GameObject	2378	-
Assets/Food Pack-Demo/Prefabs/Salmon.prefab	3a245daa6cb83334d8a55a5e90125b88	GameObject	2370	-
Assets/Food Pack-Demo/Prefabs/Skewer C.prefab	1cbf601fcc984244f8006afcebbf7d6b	GameObject	2371	-
Assets/Food Pack-Demo/Prefabs/Soda bottle Glass A.prefab	0b6e65f0fca42c647855eb8962efa3df	GameObject	2453	-
Assets/Food Pack-Demo/Prefabs/Soda can C.prefab	967bda6cd12c7c34d852681f280bdfef	GameObject	2374	-
Assets/Food Pack-Demo/Prefabs/Sushi Wood Table.prefab	18e7c192585c2da459bbaeb4fe4b39fd	GameObject	2379	-
Assets/Food Pack-Demo/Prefabs/Swirl lollipop C.prefab	829ff58b373518c4daa7e467ad84ac29	GameObject	2378	-
Assets/Food Pack-Demo/Prefabs/Tamago.prefab	8ecb5feff6a409a4b98498c13fe52d5e	GameObject	2369	-
Assets/Food Pack-Demo/Prefabs/Tomato Half.prefab	00a6da929c50c3e4cbddef516a2a2263	GameObject	2375	-
Assets/Food Pack-Demo/Prefabs/Tomato Quarter.prefab	0033046e0c84a0746ae7eeb32282a7c8	GameObject	2378	-
Assets/Food Pack-Demo/Prefabs/Tomato.prefab	7d297ce6a487c0247b5edccce4ece3c6	GameObject	2370	-
Assets/Food Pack-Demo/Prefabs/Udon.prefab	72f7713924360c14295e85883d1da829	GameObject	2368	-
Assets/Food Pack-Demo/Prefabs/Unagi.prefab	2bcf8f1ece629e344865b2e9f599dc3f	GameObject	2369	-
Assets/Food Pack-Demo/Prefabs/Wasabi.prefab	25de3c6a9e21111478797ddd16d93022	GameObject	2370	-
Assets/Food Pack-Demo/Scenes/DemoScene.unity	369d9cefb16425e439cba83b325afc71	SceneAsset	147442	-
Assets/Food Pack-Demo/Texture/Texture.png	59d7934043ff72648a863aeb0aecd606	Texture2D	8104	scene:BH_XR_MainScene
Assets/Furniture Mega Pack/FBX/Bathroom/BathTub01.fbx	b023df1ea0bbd1046bb1b9b2508be4de	GameObject	87612	-
Assets/Furniture Mega Pack/FBX/Bathroom/BathTub02.fbx	c1877d66461906349af473e86e76993d	GameObject	43116	-
Assets/Furniture Mega Pack/FBX/Bathroom/BathTub03.fbx	421c0d068f50496499edfe596a73a8bc	GameObject	53692	-
Assets/Furniture Mega Pack/FBX/Bathroom/BathTub04.fbx	59b82fd125d8b2f4eb225451bd3466a2	GameObject	63804	-
Assets/Furniture Mega Pack/FBX/Bathroom/BathTub05.fbx	d17fbc1678b1ce042a2589d47af5be34	GameObject	43372	-
Assets/Furniture Mega Pack/FBX/Bathroom/BathTub06.fbx	c52ec7758a92f7640bb54c84c5517d3f	GameObject	132732	-
Assets/Furniture Mega Pack/FBX/Bathroom/BathTub07.fbx	03b462c6353c143489d14fe7aa387b65	GameObject	109356	-
Assets/Furniture Mega Pack/FBX/Bathroom/BathroomVanity01.fbx	db6408fd4ad9ac44fa734f30de62edcc	GameObject	37292	scene:BH_XR_MainScene
Assets/Furniture Mega Pack/FBX/Bathroom/BathroomVanity02.fbx	a150cb6b26d224240aaf90d5e5a244ea	GameObject	45804	-
Assets/Furniture Mega Pack/FBX/Bathroom/BathroomVanity03.fbx	ae35d271993b43e4c81233af3c122a83	GameObject	30572	-
Assets/Furniture Mega Pack/FBX/Bathroom/BathroomVanity04.fbx	39cfee793721bd24d9e295d6c3258c67	GameObject	37004	-
Assets/Furniture Mega Pack/FBX/Bathroom/BathroomVanity05.fbx	475f1ec0c321a8f40b2d86a540da9951	GameObject	44588	scene:BH_XR_MainScene
Assets/Furniture Mega Pack/FBX/Bathroom/BathroomVanity06.fbx	d98afd2fd9c0b8947b39461797528dc9	GameObject	24700	-
Assets/Furniture Mega Pack/FBX/Bathroom/BathroomVanity07.fbx	228c979561d7fa9499878910fca1aa46	GameObject	51196	-
Assets/Furniture Mega Pack/FBX/Bathroom/ShowerSystem01.fbx	3f32c3b08d4d76b428cad2e21088f765	GameObject	246316	-
Assets/Furniture Mega Pack/FBX/Bathroom/ShowerSystem02.fbx	42d5717856933ab40a55a4ad51208092	GameObject	201468	-
Assets/Furniture Mega Pack/FBX/Bathroom/ShowerSystem03.fbx	9f5bf74fb3b294b42bf3152ee76f4ae7	GameObject	200044	scene:BH_XR_MainScene
Assets/Furniture Mega Pack/FBX/Bathroom/ShowerSystem04.fbx	4fec37b300f645d4c96b0e1da0d05933	GameObject	95516	-
Assets/Furniture Mega Pack/FBX/Bathroom/ShowerSystem05.fbx	6ccaffae44b091c49b08471dd82f43f1	GameObject	555612	-
Assets/Furniture Mega Pack/FBX/Bathroom/ShowerSystem06.fbx	d6d826a06533b0a4c90208be7d388dc9	GameObject	454636	-
Assets/Furniture Mega Pack/FBX/Bathroom/ShowerSystem07.fbx	f338690c1dbfe864c909170ab74b4e80	GameObject	508076	-
Assets/Furniture Mega Pack/FBX/Bathroom/TissueHanger01.fbx	7ed66e4abc5a27d44ba910e3fa3ffb3a	GameObject	23164	-
Assets/Furniture Mega Pack/FBX/Bathroom/TissueHanger02.fbx	50f3767bc0d5d67419a23e49da97e1e0	GameObject	26396	-
Assets/Furniture Mega Pack/FBX/Bathroom/TissueHanger03.fbx	57efab41de2bf914d861b9dda95639e1	GameObject	51580	-
Assets/Furniture Mega Pack/FBX/Bathroom/TissueHanger04.fbx	1782e31ed5971c64397ea836e9d5c9af	GameObject	27084	-
Assets/Furniture Mega Pack/FBX/Bathroom/TissueHanger05.fbx	260a190d03f940142853980a343e02a4	GameObject	52844	-
Assets/Furniture Mega Pack/FBX/Bathroom/TissueHanger06.fbx	4ba4ef0cfa691044f8456bc26865a56f	GameObject	26764	-
Assets/Furniture Mega Pack/FBX/Bathroom/TissueHanger07.fbx	ed1f193ecbec12b4c8f69bf2e5b04764	GameObject	25436	-
Assets/Furniture Mega Pack/FBX/Bathroom/Toilet01.fbx	dc9d3e2e5daec0a44b787d64d9c6a3ac	GameObject	256924	-
Assets/Furniture Mega Pack/FBX/Bathroom/Toilet02.fbx	86d3918dd1d48ed4c86a861e0c3fffe3	GameObject	256076	-
Assets/Furniture Mega Pack/FBX/Bathroom/Toilet03.fbx	2bbb9bf0ef302bc4a839437a30327c57	GameObject	209532	-
Assets/Furniture Mega Pack/FBX/Bathroom/Toilet04.fbx	f362a4561d7781643aefd8af2e9425b8	GameObject	150604	-
Assets/Furniture Mega Pack/FBX/Bathroom/Toilet05.fbx	e7282017f3a94384387e7fd45148a235	GameObject	207980	-
Assets/Furniture Mega Pack/FBX/Bathroom/Toilet06.fbx	7d268dac6de48bd4f99c0ddbb5ef2155	GameObject	172460	-
Assets/Furniture Mega Pack/FBX/Bathroom/Toilet07.fbx	16a13ccdc50e9a84b9be34851673c892	GameObject	170860	-
Assets/Furniture Mega Pack/FBX/Bathroom/TowelHanger01.fbx	9667dc0035450ce4fa59772d230c34a4	GameObject	22972	-
Assets/Furniture Mega Pack/FBX/Bathroom/TowelHanger02.fbx	f3539a8e60162aa40bf84041970be358	GameObject	28668	-
Assets/Furniture Mega Pack/FBX/Bathroom/TowelHanger03.fbx	12593c03b2a384e47b3b95640c54e767	GameObject	23708	-
Assets/Furniture Mega Pack/FBX/Bathroom/TowelHanger04.fbx	24dc24df2ed52044fa0c3acc3394cea0	GameObject	29436	-
Assets/Furniture Mega Pack/FBX/Bathroom/TowelHanger05.fbx	7f1d122996c77b24cbb24454138be0f2	GameObject	28396	-
Assets/Furniture Mega Pack/FBX/Bathroom/TowelHanger06.fbx	4d35aa0e307711a4bb892ac65bd23faf	GameObject	50604	-
Assets/Furniture Mega Pack/FBX/Bathroom/TowelHanger07.fbx	d4f8756a24f12254588e4ec7b8c3774e	GameObject	34540	-
Assets/Furniture Mega Pack/FBX/Bathroom/WashBasin01.fbx	a09299dcc9c3c9f4bbb4f54170a8b878	GameObject	104684	-
Assets/Furniture Mega Pack/FBX/Bathroom/WashBasin02.fbx	b25c0c611728c6d43af0d8720ab9abe4	GameObject	102972	-
Assets/Furniture Mega Pack/FBX/Bathroom/WashBasin03.fbx	2cb497e8d19bb1249b9de2522df5966f	GameObject	110620	-
Assets/Furniture Mega Pack/FBX/Bathroom/WashBasin04.fbx	6aea5da0cd3e25840a32548314896c76	GameObject	90988	-
Assets/Furniture Mega Pack/FBX/Bathroom/WashBasin05.fbx	8722731deb9bf7f4c92325268ce179aa	GameObject	106636	-
Assets/Furniture Mega Pack/FBX/Bathroom/WashBasin06.fbx	d01a8db41b774b842a539646d46e2ea3	GameObject	148284	-
Assets/Furniture Mega Pack/FBX/Bathroom/WashBasin07.fbx	890e0bec7f39c164d914e6d5a0e780bd	GameObject	105516	-
Assets/Furniture Mega Pack/FBX/Bed/Bed01.fbx	2d3453b05be89384791717cd48f064fa	GameObject	738844	-
Assets/Furniture Mega Pack/FBX/Bed/Bed02.fbx	23133ef65c2ceb84ca9226752b2f686e	GameObject	436444	-
Assets/Furniture Mega Pack/FBX/Bed/Bed03.fbx	7dab7bd9b66342b4a861edd835253ba4	GameObject	590140	-
Assets/Furniture Mega Pack/FBX/Bed/Bed04.fbx	67016b7fd165e9142a492bd065769ca1	GameObject	471180	-
Assets/Furniture Mega Pack/FBX/Bed/Bed05.fbx	711dc8a50b9e1104886be9820985ec4c	GameObject	484428	-
Assets/Furniture Mega Pack/FBX/Bed/Bed06.fbx	35f97888690d2ce478c8837d134779ea	GameObject	481564	-
Assets/Furniture Mega Pack/FBX/Bed/Bed07.fbx	b432aca7fd42730449643cbc69969dc4	GameObject	484316	-
Assets/Furniture Mega Pack/FBX/Bed/Bed08.fbx	e7beec37b1a548a41aaf1489a276eb2a	GameObject	481452	-
Assets/Furniture Mega Pack/FBX/Bed/Bed09.fbx	d76e52c0ae4ee2346ba95329def6b50c	GameObject	484156	-
Assets/Furniture Mega Pack/FBX/Bed/Bed10.fbx	d05989d7ccf441f448aaa2c34520e765	GameObject	484796	-
Assets/Furniture Mega Pack/FBX/Bed/Bed11.fbx	b3de3fff70fd12f4690154f663e3af94	GameObject	491372	-
Assets/Furniture Mega Pack/FBX/Bed/Bed12.fbx	c606936e7f76cd342b192a3ab6115807	GameObject	595532	-
Assets/Furniture Mega Pack/FBX/Bed/Bed13.fbx	fe69a632a0a939341b3261dc44d29100	GameObject	505948	-
Assets/Furniture Mega Pack/FBX/Bed/Bed14.fbx	4cb8805d4c038a24ba92fafe0cf503ba	GameObject	408892	-
Assets/Furniture Mega Pack/FBX/Bed/Bed15.fbx	48e6d42b822e60d4c8435b2ff51249ae	GameObject	498252	-
Assets/Furniture Mega Pack/FBX/Bed/Bed16.fbx	13cbe1e75a1337c42bf62efe533d0ff9	GameObject	494540	-
Assets/Furniture Mega Pack/FBX/Bed/Bed17.fbx	8ce1b2ac8e0fa374a9accc6535f5b060	GameObject	494060	-
Assets/Furniture Mega Pack/FBX/Bed/Bed18.fbx	f8c7759efdd3a394d848dde0dc83500e	GameObject	490780	-
Assets/Furniture Mega Pack/FBX/Bed/Bed19.fbx	dcfe15933c4ad3044bab2ed50452e2e9	GameObject	501212	-
Assets/Furniture Mega Pack/FBX/Bed/Bed20.fbx	f2564129228776044adea739e8bd2187	GameObject	504012	-
Assets/Furniture Mega Pack/FBX/Bed/Bed21.fbx	57a7723062cf72d408fec426d49e3a13	GameObject	743580	-
Assets/Furniture Mega Pack/FBX/Bed/Bed22.fbx	ae7b0dfa5a87db44581fe9bf74dbbf39	GameObject	739772	-
Assets/Furniture Mega Pack/FBX/Bed/Bed23.fbx	78b39dbdaf597d94f9c6215478baed3d	GameObject	739196	-
Assets/Furniture Mega Pack/FBX/Bed/Bed24.fbx	cfc2ebd52c59f4a4a88e8d57ff158d93	GameObject	738828	-
Assets/Furniture Mega Pack/FBX/Bed/Bed25.fbx	3928a031ffb66a446b2a5c53b3941c4b	GameObject	739228	-
Assets/Furniture Mega Pack/FBX/Bed/Bed26.fbx	334dc90509675434685a2eb2db8a22a9	GameObject	739420	-
Assets/Furniture Mega Pack/FBX/Bed/Bed27.fbx	ec20c3ce2fcfe184f9d20fdd9d84560f	GameObject	1188268	-
Assets/Furniture Mega Pack/FBX/Bed/Bed28.fbx	b309444562c6bf14da78fe317ef1234a	GameObject	1471340	scene:BH_XR_MainScene
Assets/Furniture Mega Pack/FBX/Bed/Bed29.fbx	4baf7d4e2fd5af04ba86252e13c349b9	GameObject	1155948	-
Assets/Furniture Mega Pack/FBX/Bed/Bed30.fbx	a9694f27ff747dd449a1968d854c871f	GameObject	1386156	-
Assets/Furniture Mega Pack/FBX/Bed/Bed31.fbx	035db128df2763e46bae6dc4f391f00d	GameObject	746940	-
Assets/Furniture Mega Pack/FBX/Bed/Bed32.fbx	4d7331db56d44ba4c8b6ed0e8d50ae3a	GameObject	592908	-
Assets/Furniture Mega Pack/FBX/Bed/Bed33.fbx	2389ca64e6bc3424284896078cdd9e5e	GameObject	47612	-
Assets/Furniture Mega Pack/FBX/Bed/Bed34.fbx	f49f17bddcbf8f046a2261b5760569ec	GameObject	47548	-
Assets/Furniture Mega Pack/FBX/Bed/Bed35.fbx	58c25ba63cdbd39408c5cf88c7ed15dc	GameObject	52812	-
Assets/Furniture Mega Pack/FBX/Bed/Bed36.fbx	240138327fcd1dc408094b0b71ff2fe2	GameObject	52860	-
Assets/Furniture Mega Pack/FBX/Bed/Bed37.fbx	bc90cf9b7e85e4b4eb618933c54f0f66	GameObject	76940	-
Assets/Furniture Mega Pack/FBX/Bed/Bed38.fbx	cf911bde7927c114eb99c1687f1ade16	GameObject	77052	-
Assets/Furniture Mega Pack/FBX/Bed/Bed39.fbx	6559c8baec7b27e46ba61e365b00ce73	GameObject	575340	-
Assets/Furniture Mega Pack/FBX/Bed/Bed40.fbx	3eb55be443f29a14e93fc8ba7452311d	GameObject	572092	-
Assets/Furniture Mega Pack/FBX/Bed/Bed41.fbx	b5569c6dd4f88944087b144f2e3f4f3f	GameObject	798364	-
Assets/Furniture Mega Pack/FBX/Bed/Bed42.fbx	257417a7ad8e4e647b5987d4e2a7a65b	GameObject	794524	-
Assets/Furniture Mega Pack/FBX/Bed/Bed43.fbx	2c2f0aafed07b8f4ba84eb75a02a2d1f	GameObject	593964	-
Assets/Furniture Mega Pack/FBX/Bed/Bed44.fbx	bf920d25f38d21c47a6054777fae8e57	GameObject	593852	-
Assets/Furniture Mega Pack/FBX/Bed/Bed45.fbx	26e5d12fb275d8b479be1597d0af5b08	GameObject	914844	-
Assets/Furniture Mega Pack/FBX/Bed/Bed46.fbx	4381a7f9fa699214badd69f7e8c5c409	GameObject	914732	-
Assets/Furniture Mega Pack/FBX/Bed/Bed47.fbx	8da7074d82808a544ba550d0fb6df5f8	GameObject	767500	-
Assets/Furniture Mega Pack/FBX/Bed/Bed48.fbx	576305ba202c59b4fa3c0c1e82b9116a	GameObject	770604	-
Assets/Furniture Mega Pack/FBX/Bed/Bed49.fbx	3568a589eb1b6f441a646a6ba0c9f314	GameObject	421804	-
Assets/Furniture Mega Pack/FBX/Bed/Bed50.fbx	fc1715cb248fc024aba6fb3e3726c1fe	GameObject	420588	-
Assets/Furniture Mega Pack/FBX/Chair/Chair01.fbx	2f8616aed21e7d4488afa52137716c9d	GameObject	98316	-
Assets/Furniture Mega Pack/FBX/Chair/Chair02.fbx	82fd0f1caa54e2c4fbfb238ae27332ec	GameObject	85340	-
Assets/Furniture Mega Pack/FBX/Chair/Chair03.fbx	10552a81a50716a4bbd4bb98e9e0c216	GameObject	158524	-
Assets/Furniture Mega Pack/FBX/Chair/Chair04.fbx	9390ec628269d8b4e9e838e186433bed	GameObject	279068	-
Assets/Furniture Mega Pack/FBX/Chair/Chair05.fbx	049a2430a797d9840bceccc0ca0b7991	GameObject	152604	-
Assets/Furniture Mega Pack/FBX/Chair/Chair06.fbx	77e54724316195d4aabddd09aee37be0	GameObject	206252	-
Assets/Furniture Mega Pack/FBX/Chair/Chair07.fbx	f0b08ab0c71a1de49baa75a7f68a99ff	GameObject	99500	-
Assets/Furniture Mega Pack/FBX/Chair/Chair08.fbx	2e848e59741b4c148999318c95bba1f2	GameObject	721916	-
Assets/Furniture Mega Pack/FBX/Chair/Chair09.fbx	0be8beaf92761cf41b96049f4b3eca26	GameObject	933484	scene:BH_XR_MainScene
Assets/Furniture Mega Pack/FBX/Chair/Chair10.fbx	ac84ca4b796162543ac20af2484e68e2	GameObject	2658348	-
Assets/Furniture Mega Pack/FBX/Chair/Chair11.fbx	7727fdb8764f05f43bcdc944b9f80993	GameObject	466348	-
Assets/Furniture Mega Pack/FBX/Chair/Chair12.fbx	f0ea6ab1e3f211b4892ee1bd2abdcb03	GameObject	476940	-
Assets/Furniture Mega Pack/FBX/Chair/Chair13.fbx	fb11b43df87aec946acd64de1ba0014d	GameObject	281020	-
Assets/Furniture Mega Pack/FBX/Chair/Chair14.fbx	d3226ce8b234b2a4389eb21357700095	GameObject	501372	-
Assets/Furniture Mega Pack/FBX/Chair/Chair15.fbx	7c49ceb40e94d0240883c8e01dd7b1b7	GameObject	640252	-
Assets/Furniture Mega Pack/FBX/Chair/Chair16.fbx	80af71f0d7b0bfa458590796abb57038	GameObject	923532	-
Assets/Furniture Mega Pack/FBX/Chair/Chair17.fbx	29a16012e20b4344cbd34e0035fd4789	GameObject	271676	-
Assets/Furniture Mega Pack/FBX/Chair/Chair18.fbx	73ac0beddfc6bd948b76efaf35c77931	GameObject	400044	-
Assets/Furniture Mega Pack/FBX/Chair/Chair19.fbx	1b37556decfae1348ac12b82483ff999	GameObject	223836	-
Assets/Furniture Mega Pack/FBX/Chair/Chair20.fbx	be07facb43845c14a90195d74c5f2de4	GameObject	1445132	-
Assets/Furniture Mega Pack/FBX/Chair/Chair21.fbx	4cdf19dd73890d74bb75b350526f6eb1	GameObject	70460	-
Assets/Furniture Mega Pack/FBX/Chair/Chair22.fbx	21d0230feaf9d0a42980005f3113c6ee	GameObject	83436	-
Assets/Furniture Mega Pack/FBX/Chair/Chair23.fbx	e71dfa5f073b8884ca1196d39c6510bd	GameObject	62108	-
Assets/Furniture Mega Pack/FBX/Chair/Chair24.fbx	8db10f1877308924ea9a0d8792f27068	GameObject	134124	-
Assets/Furniture Mega Pack/FBX/Chair/Chair25.fbx	9959897a65c0c0246b47d1c64706f015	GameObject	123244	-
Assets/Furniture Mega Pack/FBX/Chair/Chair26.fbx	b9e32879e9568fa4daef8e7879cae362	GameObject	477660	scene:BH_XR_MainScene
Assets/Furniture Mega Pack/FBX/Chair/Chair27.fbx	761020b07d32a3a418a623fd25134127	GameObject	379116	-
Assets/Furniture Mega Pack/FBX/Chair/Chair28.fbx	3759a3c2ea34ee546bfc6176b8c9e10e	GameObject	708652	-
Assets/Furniture Mega Pack/FBX/Chair/Chair29.fbx	37de991d25f207e408e97b852f1396aa	GameObject	322556	-
Assets/Furniture Mega Pack/FBX/Chair/Chair30.fbx	20dbc147e6a94274cb7d19959ab6266a	GameObject	898124	-
Assets/Furniture Mega Pack/FBX/Chair/Chair31.fbx	f7d086cd4fe039941b8c44f3c899a73f	GameObject	224220	-
Assets/Furniture Mega Pack/FBX/Chair/Chair32.fbx	21399e10b157ceb4bbe18338593c9dd1	GameObject	270060	-
Assets/Furniture Mega Pack/FBX/Chair/Chair33.fbx	b5dde0ab185748d41865cf00ddf597d9	GameObject	889932	-
Assets/Furniture Mega Pack/FBX/Chair/Chair34.fbx	8768353715acb864096bc7379f3d5af4	GameObject	3415068	-
Assets/Furniture Mega Pack/FBX/Chair/Chair35.fbx	9f7b80952897efa49918a993a8ca20c5	GameObject	3415916	-
Assets/Furniture Mega Pack/FBX/Chair/Chair36.fbx	524385fe78c85cd43a4ecb5dfb46dc6f	GameObject	271548	-
Assets/Furniture Mega Pack/FBX/Chair/Chair37.fbx	169e30eb5dd860343be549eba538aa4f	GameObject	497596	-
Assets/Furniture Mega Pack/FBX/Chair/Chair38.fbx	2f251cd676b8e514d85e215b55add571	GameObject	1018044	-
Assets/Furniture Mega Pack/FBX/Chair/Chair39.fbx	99a3fa3d7b3388b4ea220745066ac21f	GameObject	285516	-
Assets/Furniture Mega Pack/FBX/Chair/Chair40.fbx	e7d4866b069e6614eba7a8f87c422fc6	GameObject	178524	-
Assets/Furniture Mega Pack/FBX/Chair/Chair41.fbx	b4f863005d7c2a244babf3cf44872a15	GameObject	123372	-
Assets/Furniture Mega Pack/FBX/Chair/Chair42.fbx	1eb4c3f1f7284b64395904819d36c8ae	GameObject	344748	-
Assets/Furniture Mega Pack/FBX/Chair/Chair43.fbx	c11aa57a28fc4a74c81532fcb881f685	GameObject	224508	-
Assets/Furniture Mega Pack/FBX/Chair/Chair44.fbx	21269dceb7c6f7a4ebe36a696fb43f14	GameObject	386220	-
Assets/Furniture Mega Pack/FBX/Chair/Chair45.fbx	82d8374f71046f049906fa837e86bdd3	GameObject	174604	-
Assets/Furniture Mega Pack/FBX/Chair/Chair46.fbx	c1e06b4eee308c54c8f801fb2cbd8d6f	GameObject	325612	-
Assets/Furniture Mega Pack/FBX/Chair/Chair47.fbx	f60168e87c047e041a789f6ac5d375f3	GameObject	247340	scene:BH_XR_MainScene
Assets/Furniture Mega Pack/FBX/Chair/Chair48.fbx	fc1c6fd5e11ebcb4e89becd15ae646ee	GameObject	91612	scene:BH_XR_MainScene
Assets/Furniture Mega Pack/FBX/Chair/Chair49.fbx	c481082d331158b4687bca23c89552dc	GameObject	1025948	scene:BH_XR_MainScene
Assets/Furniture Mega Pack/FBX/Chair/Chair50.fbx	df5fee8cb4ea0b842bbca63fcd171cfb	GameObject	3466780	-
Assets/Furniture Mega Pack/FBX/Closet/Closet01.fbx	94fa542366f29b541af8b302d8bfdd60	GameObject	34236	-
Assets/Furniture Mega Pack/FBX/Closet/Closet02.fbx	53c443476341eb8499aa44f43bd41d83	GameObject	30668	-
Assets/Furniture Mega Pack/FBX/Closet/Closet03.fbx	31cb35ed5f7644d42a031783137db5b8	GameObject	33148	-
Assets/Furniture Mega Pack/FBX/Closet/Closet04.fbx	9bc887a0a5e7a1847b68335b874499ae	GameObject	30364	-
Assets/Furniture Mega Pack/FBX/Closet/Closet05.fbx	2d4416d86aa273340a86b923523456eb	GameObject	30412	-
Assets/Furniture Mega Pack/FBX/Closet/Closet06.fbx	5f22de272e722ec479f3755cf9798491	GameObject	30156	-
Assets/Furniture Mega Pack/FBX/Closet/Closet07.fbx	6fe07b2d0775fac44958988900c31c9a	GameObject	30828	-
Assets/Furniture Mega Pack/FBX/Closet/Closet08.fbx	dacf6ff72b315794d99e37efb9ca8daf	GameObject	33564	-
Assets/Furniture Mega Pack/FBX/Closet/Closet09.fbx	7eb6d5085342e294cbb068347b6ead13	GameObject	32012	-
Assets/Furniture Mega Pack/FBX/Closet/Closet10.fbx	99d419e4b8812b34a9d9f59c4a778e92	GameObject	31116	-
Assets/Furniture Mega Pack/FBX/Closet/Closet11.fbx	b4156ac62a04771458aa2cac0394b18f	GameObject	25948	-
Assets/Furniture Mega Pack/FBX/Closet/Closet12.fbx	8d8c7b74212daf24caeec76919800320	GameObject	28300	-
Assets/Furniture Mega Pack/FBX/Closet/Closet13.fbx	7489700105ece174abff46080c201532	GameObject	23740	-
Assets/Furniture Mega Pack/FBX/Closet/Closet14.fbx	fde459b66c5753441a84631185c0d2fb	GameObject	26012	-
Assets/Furniture Mega Pack/FBX/Closet/Closet15.fbx	59c1ac314210c40419bbcbd575128228	GameObject	26412	-
Assets/Furniture Mega Pack/FBX/Closet/Closet16.fbx	cd7dbf5c6c8831646821d0ec123531c7	GameObject	23900	-
Assets/Furniture Mega Pack/FBX/Closet/Closet17.fbx	23fe6b06c989c1f48b4a99986f0aeb36	GameObject	26700	-
Assets/Furniture Mega Pack/FBX/Closet/Closet18.fbx	0e0c9bf025026c14f926639ec9281ea6	GameObject	26812	-
Assets/Furniture Mega Pack/FBX/Closet/Closet19.fbx	e530e93f7e169e349a878f54c5e67b09	GameObject	29084	-
Assets/Furniture Mega Pack/FBX/Closet/Closet20.fbx	d395a867b0cd4b34abfeab6cd46f89d3	GameObject	29244	-
Assets/Furniture Mega Pack/FBX/Closet/Closet21.fbx	7ecc3eb5833afff4c8ba59d4f924cd8d	GameObject	45244	scene:BH_XR_MainScene
Assets/Furniture Mega Pack/FBX/Closet/Closet22.fbx	640d16d553372fd4c8a06e51f2f002e1	GameObject	44556	-
Assets/Furniture Mega Pack/FBX/Closet/Closet23.fbx	1486d4e9803e8c74a920c192cb36f8ae	GameObject	43756	-
Assets/Furniture Mega Pack/FBX/Closet/Closet24.fbx	9bd49fd9329d1de4ead4f3def0e4431a	GameObject	43996	-
Assets/Furniture Mega Pack/FBX/Closet/Closet25.fbx	6ca1db056688f4d44b4894b196f1c5d6	GameObject	44252	-
Assets/Furniture Mega Pack/FBX/Closet/Closet26.fbx	e0a9f2a3c08364f488427a9b89e6f9f0	GameObject	34844	-
Assets/Furniture Mega Pack/FBX/Closet/Closet27.fbx	a146df5a698d8ba468c9e20b0943dcc0	GameObject	34700	-
Assets/Furniture Mega Pack/FBX/Closet/Closet28.fbx	4ae535f333397db4f84876c473823049	GameObject	32428	-
Assets/Furniture Mega Pack/FBX/Closet/Closet29.fbx	d325643786807cd4f8a73481163dadc8	GameObject	35052	-
Assets/Furniture Mega Pack/FBX/Closet/Closet30.fbx	994bf65dfbc52a244981cf605d5df72e	GameObject	34908	-
Assets/Furniture Mega Pack/FBX/Closet/Closet31.fbx	bc0fbdcada588324f83c68fd86e6331c	GameObject	24188	-
Assets/Furniture Mega Pack/FBX/Closet/Closet32.fbx	a25a5cfaa3a707a46acc10131cab011b	GameObject	24364	-
Assets/Furniture Mega Pack/FBX/Closet/Closet33.fbx	733988a8ea7e9c8419579b87a71f333c	GameObject	24252	-
Assets/Furniture Mega Pack/FBX/Closet/Closet34.fbx	ff023c5c995d2ac4b881818aeb49bc9f	GameObject	26220	-
Assets/Furniture Mega Pack/FBX/Closet/Closet35.fbx	4a04eb4c1142dff45a8e76f7f5b530c4	GameObject	24156	-
Assets/Furniture Mega Pack/FBX/Closet/Closet36.fbx	9387ea9c85cb13a4588b0459147b7aca	GameObject	24332	-
Assets/Furniture Mega Pack/FBX/Closet/Closet37.fbx	105a23c6e27b5bc41ba2738756815765	GameObject	24220	-
Assets/Furniture Mega Pack/FBX/Closet/Closet38.fbx	84940a130f744d24a81966b38f8306d2	GameObject	26204	-
Assets/Furniture Mega Pack/FBX/Closet/Closet39.fbx	dca1777d5eb44ad42a9e0736734d3656	GameObject	24140	-
Assets/Furniture Mega Pack/FBX/Closet/Closet40.fbx	d3d4192efe98b8c468f3c5b909644e5b	GameObject	24316	-
Assets/Furniture Mega Pack/FBX/Closet/Closet41.fbx	3e0293caa9fd6554583c08c9f5db6bba	GameObject	24220	-
Assets/Furniture Mega Pack/FBX/Closet/Closet42.fbx	d3d2f7759f7d6c8428cef04ba4bc6188	GameObject	26204	-
Assets/Furniture Mega Pack/FBX/Closet/Closet43.fbx	478aaaf25ee57234b927d1a5cff35367	GameObject	33724	-
Assets/Furniture Mega Pack/FBX/Closet/Closet44.fbx	76d3f23913a190141acd2dd452475e57	GameObject	33916	-
Assets/Furniture Mega Pack/FBX/Closet/Closet45.fbx	0b2a09c2e1c25a844b406692e0b0026a	GameObject	33788	-
Assets/Furniture Mega Pack/FBX/Closet/Closet46.fbx	7b6eec02f8e0361499010f7b5a992567	GameObject	45212	-
Assets/Furniture Mega Pack/FBX/Closet/Closet47.fbx	bf4f0961ab48cdc4790102be1608c3da	GameObject	33724	-
Assets/Furniture Mega Pack/FBX/Closet/Closet48.fbx	769213d74888c484a907e699bbb85f7d	GameObject	33916	-
Assets/Furniture Mega Pack/FBX/Closet/Closet49.fbx	0fba30013d7fa6146813ec750abf59d4	GameObject	33788	-
Assets/Furniture Mega Pack/FBX/Closet/Closet50.fbx	2e776eecf23953747b6689aff705fa98	GameObject	45308	-
Assets/Furniture Mega Pack/FBX/Cushion/Cushion01_08.fbx	02270ac77bb7eab448c0558479a217bc	GameObject	290924	scene:BH_XR_MainScene
Assets/Furniture Mega Pack/FBX/Cushion/Cushion09_16.fbx	09146ea52104e6544854f8de6fdb2928	GameObject	272604	-
Assets/Furniture Mega Pack/FBX/Cushion/Cushion17_24.fbx	2c5e471e073ceef448f516f5e33b8b28	GameObject	315404	scene:BH_XR_MainScene
Assets/Furniture Mega Pack/FBX/Cushion/Cushion25_28.fbx	bd053cc5d1084d44c8a0c8627396d1c5	GameObject	203388	-
Assets/Furniture Mega Pack/FBX/Cushion/Cushion29_36.fbx	6ba0f6a59041f544d8fe5a5ddd0d37a0	GameObject	240092	-
Assets/Furniture Mega Pack/FBX/Cushion/Cushion37_40.fbx	a0f3cd5bd54d8b14c928989b528add30	GameObject	92140	-
Assets/Furniture Mega Pack/FBX/Cushion/Cushion41_48.fbx	d06c7de869f56694f901c7f5ee56acec	GameObject	339292	-
Assets/Furniture Mega Pack/FBX/Cushion/Cushion49_50.fbx	c2b112962f174594c8984ddb66aac582	GameObject	77500	-
Assets/Furniture Mega Pack/FBX/Drawer/Drawer01.fbx	6da51d2775c1de84ba0b784f908a6d9e	GameObject	43564	-
Assets/Furniture Mega Pack/FBX/Drawer/Drawer02.fbx	b548f6f7504cd4249b7ea5cb73f5f20e	GameObject	44956	-
Assets/Furniture Mega Pack/FBX/Drawer/Drawer03.fbx	ee02e572acbb1df40a21cf95ade5cdc0	GameObject	43820	-
Assets/Furniture Mega Pack/FBX/Drawer/Drawer04.fbx	da40664078afb344f88f7778a99fa716	GameObject	51116	-
Assets/Furniture Mega Pack/FBX/Drawer/Drawer05.fbx	90f760d96a2abf7418fca27d172401e3	GameObject	50892	-
Assets/Furniture Mega Pack/FBX/Drawer/Drawer06.fbx	f2f6e5e4b2cb8434c9f13a07cb2649da	GameObject	42188	-
Assets/Furniture Mega Pack/FBX/Drawer/Drawer07.fbx	fea6117d2ca850e48b4098ba3c7164a6	GameObject	42300	-
Assets/Furniture Mega Pack/FBX/Drawer/Drawer08.fbx	6019509cb4e555444a1c796ef1b287b4	GameObject	42044	-
Assets/Furniture Mega Pack/FBX/Drawer/Drawer09.fbx	ecdca21a2dbdc9045a6ba705fe795c68	GameObject	43468	-
Assets/Furniture Mega Pack/FBX/Drawer/Drawer10.fbx	5d3bba449c61f724e91ea509497d026c	GameObject	43276	-
Assets/Furniture Mega Pack/FBX/Drawer/Drawer11.fbx	3572d5d0d914b2944be170101a828882	GameObject	70140	-
Assets/Furniture Mega Pack/FBX/Drawer/Drawer12.fbx	ff2b78c648f938b49a4418f5dd948661	GameObject	77996	-
Assets/Furniture Mega Pack/FBX/Drawer/Drawer13.fbx	62dd75c3ce9f7d24db3bc909fe0400e5	GameObject	90332	-
Assets/Furniture Mega Pack/FBX/Drawer/Drawer14.fbx	5c185865d83848e4b8c6e5978c544167	GameObject	58668	-
Assets/Furniture Mega Pack/FBX/Drawer/Drawer15.fbx	572cff7b9138ac84fbe850e67af110e1	GameObject	64892	-
Assets/Furniture Mega Pack/FBX/Drawer/Drawer16.fbx	53467c4b4321d414a9587d82040d16b0	GameObject	64828	-
Assets/Furniture Mega Pack/FBX/Drawer/Drawer17.fbx	61dd1081defe0be46a7d8b4c050581e9	GameObject	64476	-
Assets/Furniture Mega Pack/FBX/Drawer/Drawer18.fbx	c219254932007544389a0339c50e7d6e	GameObject	64364	-
Assets/Furniture Mega Pack/FBX/Drawer/Drawer19.fbx	277a0761eb397244f9d5802964dd94f9	GameObject	34668	-
Assets/Furniture Mega Pack/FBX/Drawer/Drawer20.fbx	5e5a6cf7cd93a474a8a2af4512c268ef	GameObject	38940	-
Assets/Furniture Mega Pack/FBX/Drawer/Drawer21.fbx	b86c3b2cfbfdbb9418f4cf7e17279546	GameObject	87644	-
Assets/Furniture Mega Pack/FBX/Drawer/Drawer22.fbx	e1d568aff9a88f14babb0457ecac2b84	GameObject	87500	-
Assets/Furniture Mega Pack/FBX/Drawer/Drawer23.fbx	9dc242ba47d7fcb4f9830a3602bd5ef8	GameObject	87820	-
Assets/Furniture Mega Pack/FBX/Drawer/Drawer24.fbx	282859fe9332bba4f88687a924f8cf54	GameObject	265596	-
Assets/Furniture Mega Pack/FBX/Drawer/Drawer25.fbx	74ad9571710565b44b19aae1f48a6198	GameObject	264940	-
Assets/Furniture Mega Pack/FBX/Drawer/Drawer26.fbx	5f7c4bf29b2932347b1641ad1dc6b6c2	GameObject	265100	-
Assets/Furniture Mega Pack/FBX/Drawer/Drawer27.fbx	f2643fcb57e3a0b4fb56aa6045fa99b1	GameObject	164460	-
Assets/Furniture Mega Pack/FBX/Drawer/Drawer28.fbx	a10437884ef100049b07b218beb16c91	GameObject	164460	-
Assets/Furniture Mega Pack/FBX/Drawer/Drawer29.fbx	827d22ecb9bb9834d8e57a75ac0991b2	GameObject	48844	-
Assets/Furniture Mega Pack/FBX/Drawer/Drawer30.fbx	00893e8b346971a4296af455dea450ab	GameObject	42780	-
Assets/Furniture Mega Pack/FBX/Drawer/Drawer31.fbx	2d53186a46f09a24c9ae50d2bb9a19d7	GameObject	167884	-
Assets/Furniture Mega Pack/FBX/Drawer/Drawer32.fbx	e0c647e663bd64044bf2d207ced0b15c	GameObject	166076	-
Assets/Furniture Mega Pack/FBX/Drawer/Drawer33.fbx	d4c10a827e7d7d547868ecb210cc78df	GameObject	100236	-
Assets/Furniture Mega Pack/FBX/Drawer/Drawer34.fbx	949dbe551dcd1b4499c8130bcef2e410	GameObject	83740	-
Assets/Furniture Mega Pack/FBX/Drawer/Drawer35.fbx	78b9c0021c7f40c40a688ce99e8d63e8	GameObject	138892	-
Assets/Furniture Mega Pack/FBX/Drawer/Drawer36.fbx	7287195513440df4796cbbc8895bf7af	GameObject	131132	-
Assets/Furniture Mega Pack/FBX/Drawer/Drawer37.fbx	6e6ccf7813289af47a8d6a6f34093092	GameObject	83228	-
Assets/Furniture Mega Pack/FBX/Drawer/Drawer38.fbx	207d191231db29141833bd986c5fa074	GameObject	132892	-
Assets/Furniture Mega Pack/FBX/Drawer/Drawer39.fbx	0abd780f781968f4e88e5a8ec1c447f6	GameObject	133340	-
Assets/Furniture Mega Pack/FBX/Drawer/Drawer40.fbx	c97af24ef5c6ae24d84d6805d2100cbc	GameObject	102956	-
Assets/Furniture Mega Pack/FBX/Drawer/Drawer41.fbx	df0609b24ff024040a8ad79084cb2be4	GameObject	51516	-
Assets/Furniture Mega Pack/FBX/Drawer/Drawer42.fbx	ee5b470442d0d214e9724f1a3ab106da	GameObject	41852	-
Assets/Furniture Mega Pack/FBX/Drawer/Drawer43.fbx	4acdc0d8d06af3c47b6240c65fa3b94c	GameObject	45804	-
Assets/Furniture Mega Pack/FBX/Drawer/Drawer44.fbx	b145bf36e02a12a4bb595f7ba172b45a	GameObject	45836	-
Assets/Furniture Mega Pack/FBX/Drawer/Drawer45.fbx	2dc91f3d47ca06c429bd817b63347936	GameObject	87500	-
Assets/Furniture Mega Pack/FBX/Drawer/Drawer46.fbx	96a8d58ea47824843817211dde529f48	GameObject	96380	-
Assets/Furniture Mega Pack/FBX/Drawer/Drawer47.fbx	40d826e4f6ba33f40b282cf1686c8baf	GameObject	77724	-
Assets/Furniture Mega Pack/FBX/Drawer/Drawer48.fbx	2cc95cc0294b9d541b1c12537ab40edb	GameObject	60380	-
Assets/Furniture Mega Pack/FBX/Drawer/Drawer49.fbx	c0674ede35473ac408da29b2188666c2	GameObject	53468	-
Assets/Furniture Mega Pack/FBX/Drawer/Drawer50.fbx	e66e8eb7d630c6143a1ab1a40e4db646	GameObject	53180	-
Assets/Furniture Mega Pack/FBX/Kitchen/CabinetAset.fbx	a651fa2b8ba9c2f4783e8e0f58c7eac6	GameObject	163356	-
Assets/Furniture Mega Pack/FBX/Kitchen/CabinetBset.fbx	80e0842d3f5a03e429497bcae350f423	GameObject	283532	-
Assets/Furniture Mega Pack/FBX/Kitchen/CabinetCset.fbx	8df81552c0697914a8c37103ea9acdca	GameObject	241564	-
Assets/Furniture Mega Pack/FBX/Kitchen/CabinetDset.fbx	e2b46fee3a5555d45a3034488663386a	GameObject	144908	-
Assets/Furniture Mega Pack/FBX/Kitchen/CabinetEset.fbx	81ee91730e9bd7a408cd11ccc44b4566	GameObject	144940	-
Assets/Furniture Mega Pack/FBX/Kitchen/CabinetFset.fbx	44f47a35056199c4ab1c19cc69a24870	GameObject	178828	-
Assets/Furniture Mega Pack/FBX/Kitchen/CabinetGset.fbx	1ca788d3c9f8fc74686878f50ac113a7	GameObject	147100	-
Assets/Furniture Mega Pack/FBX/Kitchen/GasStove01.fbx	2dc47b5d381d89b4eb66906c24e48740	GameObject	92684	-
Assets/Furniture Mega Pack/FBX/Kitchen/GasStove02.fbx	ca9bb107b92d3e0449e83fcfabb3d7b4	GameObject	75868	-
Assets/Furniture Mega Pack/FBX/Kitchen/GasStove03.fbx	a1479bfb8198b464a84c06a78836530b	GameObject	97052	-
Assets/Furniture Mega Pack/FBX/Kitchen/GasStove04.fbx	b2eaf22ba267e6548a3bec073e8b68cc	GameObject	65244	-
Assets/Furniture Mega Pack/FBX/Kitchen/GasStove05.fbx	b20626b953a9b724da71770c3188a30f	GameObject	110620	-
Assets/Furniture Mega Pack/FBX/Kitchen/GasStove06.fbx	e21584e613ead1445b04c25f70eb7164	GameObject	71324	-
Assets/Furniture Mega Pack/FBX/Kitchen/GasStove07.fbx	95553f8c7f9d03a478ea52499b505128	GameObject	155868	-
Assets/Furniture Mega Pack/FBX/Kitchen/KitchenExhaust01.fbx	4e0a3e2fd4b96fd4bbda838c32358618	GameObject	22940	-
Assets/Furniture Mega Pack/FBX/Kitchen/KitchenExhaust02.fbx	8845f4c421ccc0b4c8c137999771003e	GameObject	23596	-
Assets/Furniture Mega Pack/FBX/Kitchen/KitchenExhaust03.fbx	7ee0fdd97697b9c4b878a9acf4fa9ab3	GameObject	25532	-
Assets/Furniture Mega Pack/FBX/Kitchen/KitchenExhaust04.fbx	c08c620b3c3d861488c8008bc9d41123	GameObject	23740	-
Assets/Furniture Mega Pack/FBX/Kitchen/KitchenExhaust05.fbx	bd8d6b738bed32744b6053fc66a12eeb	GameObject	23308	-
Assets/Furniture Mega Pack/FBX/Kitchen/KitchenExhaust06.fbx	e924fcf05d9390249a81c3248d5c96c7	GameObject	25548	-
Assets/Furniture Mega Pack/FBX/Kitchen/KitchenExhaust07.fbx	1665732830c9fa4488d5d1f141f96581	GameObject	22812	-
Assets/Furniture Mega Pack/FBX/Kitchen/KitchenOven01.fbx	4eb880a6e76040a4ebe8103bba9e2e5e	GameObject	65500	-
Assets/Furniture Mega Pack/FBX/Kitchen/KitchenOven02.fbx	7cb128f4d8888984e9c1cc0a74182338	GameObject	70860	-
Assets/Furniture Mega Pack/FBX/Kitchen/KitchenOven03.fbx	d82e3bec223b62a4e95b954e1f7df395	GameObject	151820	-
Assets/Furniture Mega Pack/FBX/Kitchen/KitchenOven04.fbx	39327d90ffe14924f95888f414de47af	GameObject	137772	-
Assets/Furniture Mega Pack/FBX/Kitchen/KitchenOven05.fbx	058061429f923144789539dcc1da0c88	GameObject	64764	-
Assets/Furniture Mega Pack/FBX/Kitchen/KitchenOven06.fbx	4e6fb3fb81d765b4382c7750af880f83	GameObject	64300	-
Assets/Furniture Mega Pack/FBX/Kitchen/KitchenOven07.fbx	50749aa4dabfa5d43a06db60f8a208bd	GameObject	66188	-
Assets/Furniture Mega Pack/FBX/Kitchen/MicrowaveOven01.fbx	c46d0197052c9cf46a090b8d177b7795	GameObject	73980	-
Assets/Furniture Mega Pack/FBX/Kitchen/MicrowaveOven02.fbx	2b93cbfd992110d4d9ddbec6e839f360	GameObject	112604	-
Assets/Furniture Mega Pack/FBX/Kitchen/MicrowaveOven03.fbx	4a7b6fe8696126945824da1f079ffc1a	GameObject	106364	-
Assets/Furniture Mega Pack/FBX/Kitchen/MicrowaveOven04.fbx	6822b51085b0697438cd33e9d317ec24	GameObject	92348	-
Assets/Furniture Mega Pack/FBX/Kitchen/MicrowaveOven05.fbx	83019bc26c2207344889075349376ad5	GameObject	100748	-
Assets/Furniture Mega Pack/FBX/Kitchen/MicrowaveOven06.fbx	30b0519e8369a5243ab595ce4d224eaa	GameObject	70972	-
Assets/Furniture Mega Pack/FBX/Kitchen/MicrowaveOven07.fbx	33c22f6f5f802ba4f8babe453f6952bb	GameObject	69164	-
Assets/Furniture Mega Pack/FBX/Kitchen/Refrigerator01.fbx	28df9e21d343ed84ea65c1ef09afb199	GameObject	55484	-
Assets/Furniture Mega Pack/FBX/Kitchen/Refrigerator02.fbx	48b131eaa5e5418409bae4d145da0d10	GameObject	55436	-
Assets/Furniture Mega Pack/FBX/Kitchen/Refrigerator03.fbx	7ef6dceb7fcdef54894726f6f6c04def	GameObject	93436	-
Assets/Furniture Mega Pack/FBX/Kitchen/Refrigerator04.fbx	fde1fc892d979fb409ffb2a98fbf83f4	GameObject	86940	-
Assets/Furniture Mega Pack/FBX/Kitchen/Refrigerator05.fbx	9b3fa99dd52578940b95dff0c09bf5b7	GameObject	82172	-
Assets/Furniture Mega Pack/FBX/Kitchen/Refrigerator06.fbx	3ed6ae2c443d09446bae24f444f59bbf	GameObject	109548	-
Assets/Furniture Mega Pack/FBX/Kitchen/Refrigerator07.fbx	bd02b91f64a6a4d4cbd0fa41565a9e09	GameObject	52412	-
Assets/Furniture Mega Pack/FBX/Kitchen/Sink01.fbx	758c0741f2fd9fd478d3e233cddac757	GameObject	117964	-
Assets/Furniture Mega Pack/FBX/Kitchen/Sink02.fbx	f58ff8af03803fb41ab376a55dd19000	GameObject	104444	-
Assets/Furniture Mega Pack/FBX/Kitchen/Sink03.fbx	0d7d282ec876b6e4b8e46c5d5a61936f	GameObject	81372	-
Assets/Furniture Mega Pack/FBX/Kitchen/Sink04.fbx	c9e349cf8a22d6e449bc679a89faa1d4	GameObject	133068	-
Assets/Furniture Mega Pack/FBX/Kitchen/Sink05.fbx	da7f5aa6484033845a7cd5c51daf3793	GameObject	145004	-
Assets/Furniture Mega Pack/FBX/Kitchen/Sink06.fbx	0792533d6da650e43a7d8b225a35b6e5	GameObject	121724	-
Assets/Furniture Mega Pack/FBX/Kitchen/Sink07.fbx	29a5357ea61b12c488edda6d66712792	GameObject	122300	-
Assets/Furniture Mega Pack/FBX/Sofa/SectionalSofaFabric.fbx	4d9a0984e2e2e4541bd3629a1fce4270	GameObject	670172	-
Assets/Furniture Mega Pack/FBX/Sofa/SectionalSofaLeather.fbx	dce77265389fb3244bbe544fbbd191b2	GameObject	1031084	-
Assets/Furniture Mega Pack/FBX/Sofa/Sofa01.fbx	b8317e1fbb1d4e149b316828c5f56d09	GameObject	1218700	-
Assets/Furniture Mega Pack/FBX/Sofa/Sofa02.fbx	8fdda730f75763b4b9b7b9f5b3af7bcd	GameObject	565820	-
Assets/Furniture Mega Pack/FBX/Sofa/Sofa03.fbx	cad8721ce8ad86745a0fbe0cc754b7f8	GameObject	489756	-
Assets/Furniture Mega Pack/FBX/Sofa/Sofa04.fbx	43fce40eceffd13489eb2b9bba02b718	GameObject	209356	-
Assets/Furniture Mega Pack/FBX/Sofa/Sofa05.fbx	49ab39b0a04504749ba16dd11f497da7	GameObject	115724	-
Assets/Furniture Mega Pack/FBX/Sofa/Sofa06.fbx	9d6950b02e7445f48b43fef7c252aa5c	GameObject	275868	-
Assets/Furniture Mega Pack/FBX/Sofa/Sofa07.fbx	a80fba6fb83b3284fb3622531d633402	GameObject	178188	-
Assets/Furniture Mega Pack/FBX/Sofa/Sofa08.fbx	65e8fbb30523a9e4cabd38926733200a	GameObject	363340	-
Assets/Furniture Mega Pack/FBX/Sofa/Sofa09.fbx	9bb224b9be35a5542ad8add0a5ababb7	GameObject	241772	-
Assets/Furniture Mega Pack/FBX/Sofa/Sofa10.fbx	5f8c9b8c8a2256248a551d8d09712a1e	GameObject	85532	-
Assets/Furniture Mega Pack/FBX/Sofa/Sofa11.fbx	6c0d78868741df54f87866f8f3c724c5	GameObject	6902620	-
Assets/Furniture Mega Pack/FBX/Sofa/Sofa12.fbx	7f9a4985f15176a408459827fe4398f2	GameObject	3673260	-
Assets/Furniture Mega Pack/FBX/Sofa/Sofa13.fbx	fd5685234a356554a9849998f508d4a4	GameObject	1397324	scene:BH_XR_MainScene
Assets/Furniture Mega Pack/FBX/Sofa/Sofa14.fbx	1be24fdc788838f4e8c75355f6be7d7d	GameObject	1606252	-
Assets/Furniture Mega Pack/FBX/Sofa/Sofa15.fbx	b97b91b432843d94ca933fcbb3b04e53	GameObject	1120892	-
Assets/Furniture Mega Pack/FBX/Sofa/Sofa16.fbx	e9340df0c7dd9ee40932343b96e82ea1	GameObject	548044	-
Assets/Furniture Mega Pack/FBX/Sofa/Sofa17.fbx	1a8f3d6a51ae59b489a2a0e7ea4d5ff1	GameObject	527852	-
Assets/Furniture Mega Pack/FBX/Sofa/Sofa18.fbx	163ef62d316255f4ca5decfd42938980	GameObject	317516	-
Assets/Furniture Mega Pack/FBX/Sofa/Sofa19.fbx	f3c54da0efb5e444b899a9aa9ed9cab0	GameObject	352284	-
Assets/Furniture Mega Pack/FBX/Sofa/Sofa20.fbx	5062376b3c1b5e740932443a6b69946b	GameObject	249500	-
Assets/Furniture Mega Pack/FBX/Sofa/Sofa21.fbx	1addeb4cbcedb7748880125e248cf332	GameObject	171868	-
Assets/Furniture Mega Pack/FBX/Sofa/Sofa22.fbx	c5a87a3785b27794a851656aa15fce34	GameObject	198956	-
Assets/Furniture Mega Pack/FBX/Sofa/Sofa23.fbx	46188954b8c5b1e4d94b16f018fe3601	GameObject	470812	-
Assets/Furniture Mega Pack/FBX/Sofa/Sofa24.fbx	f46dc34d500e05f42b62ca19b8835955	GameObject	634556	-
Assets/Furniture Mega Pack/FBX/Sofa/Sofa25.fbx	771749e7bf228644c94fa081bcd126a1	GameObject	1362220	-
Assets/Furniture Mega Pack/FBX/Sofa/Sofa26.fbx	01fd4c14a24f7df4699b4f54818183ae	GameObject	194972	-
Assets/Furniture Mega Pack/FBX/Sofa/Sofa27.fbx	715759922cce2ae4a9ac3db5d8a1e11e	GameObject	235996	-
Assets/Furniture Mega Pack/FBX/Sofa/Sofa28.fbx	859b40fa0113bea43b3e364113703bf1	GameObject	169228	-
Assets/Furniture Mega Pack/FBX/Sofa/Sofa29.fbx	c3f763a17f0d0fe429115e12243c79a1	GameObject	149500	-
Assets/Furniture Mega Pack/FBX/Sofa/Sofa30.fbx	40d6ca42ba45ce9478e041aef215918c	GameObject	99756	-
Assets/Furniture Mega Pack/FBX/Sofa/Sofa31.fbx	1c039974b4489e540ba3682b4daadca9	GameObject	349084	-
Assets/Furniture Mega Pack/FBX/Sofa/Sofa32.fbx	27a72638f73a8bf4fb1a100d5cc3d790	GameObject	240636	-
Assets/Furniture Mega Pack/FBX/Sofa/Sofa33.fbx	6334932012bbc3044b9e6376123d1475	GameObject	462764	scene:BH_XR_MainScene
Assets/Furniture Mega Pack/FBX/Sofa/Sofa34.fbx	67a43270ed85b4a4fbceaa57945a9deb	GameObject	739868	-
Assets/Furniture Mega Pack/FBX/Sofa/Sofa35.fbx	3c6fe6647a1a4974a83597d1a01a9354	GameObject	1315500	-
Assets/Furniture Mega Pack/FBX/Sofa/Sofa36.fbx	26b4006bebee91b41acb1fe819ab902a	GameObject	268268	-
Assets/Furniture Mega Pack/FBX/Sofa/Sofa37.fbx	1a8c29f88abe8a04a9da9a9aac60ba27	GameObject	176508	-
Assets/Furniture Mega Pack/FBX/Table/Table01.fbx	db9729dac77382941aa734166e208e87	GameObject	19980	-
Assets/Furniture Mega Pack/FBX/Table/Table02.fbx	99e07f6df150b534ca7f19b7e686f585	GameObject	20012	-
Assets/Furniture Mega Pack/FBX/Table/Table03.fbx	59e3bd5488424e74b979ce618a54d713	GameObject	20572	-
Assets/Furniture Mega Pack/FBX/Table/Table04.fbx	aea1a1abdf09ca849890eb1625c14c5e	GameObject	45532	scene:BH_XR_MainScene
Assets/Furniture Mega Pack/FBX/Table/Table05.fbx	648d40913adf2a7458df292d3d7ebff0	GameObject	19612	-
Assets/Furniture Mega Pack/FBX/Table/Table06.fbx	0a85ef986e4ef374d98b3cee3ac22246	GameObject	20588	scene:BH_XR_MainScene
Assets/Furniture Mega Pack/FBX/Table/Table07.fbx	a7dca6508bbb34d41892f7de4f70a549	GameObject	20940	-
Assets/Furniture Mega Pack/FBX/Table/Table08.fbx	475f2621d6664a246b8e0a2065b68eae	GameObject	23452	-
Assets/Furniture Mega Pack/FBX/Table/Table09.fbx	7383662bccf823f479718b22df349544	GameObject	22124	-
Assets/Furniture Mega Pack/FBX/Table/Table10.fbx	d52fca0c52f667d4bbbb4db31ee3afb4	GameObject	21916	-
Assets/Furniture Mega Pack/FBX/Table/Table11.fbx	da43871a16da6b944b73091ec36cfe91	GameObject	177020	-
Assets/Furniture Mega Pack/FBX/Table/Table12.fbx	13f22e25222712040aec39ff4091185f	GameObject	167148	-
Assets/Furniture Mega Pack/FBX/Table/Table13.fbx	d8924d03ed0ec3e42a1345e400aa72ec	GameObject	178476	-
Assets/Furniture Mega Pack/FBX/Table/Table14.fbx	f9bad1fbea5144f40be9a7503847edf1	GameObject	222956	-
Assets/Furniture Mega Pack/FBX/Table/Table15.fbx	ea7ca5649e2b75c489584b25a03cb85a	GameObject	95180	-
Assets/Furniture Mega Pack/FBX/Table/Table16.fbx	dae05536ab8296e4db4f9ba03c7aaca1	GameObject	237276	-
Assets/Furniture Mega Pack/FBX/Table/Table17.fbx	29d7286cc68082d4c8a2872a6334cae2	GameObject	366204	-
Assets/Furniture Mega Pack/FBX/Table/Table18.fbx	e4cd39fefb28ea546808391910453471	GameObject	122796	-
Assets/Furniture Mega Pack/FBX/Table/Table19.fbx	f9fcd5d11d256eb45ae2cc25b980f02a	GameObject	192540	-
Assets/Furniture Mega Pack/FBX/Table/Table20.fbx	3dc9a9a11e6eba44e840b251ff6908fb	GameObject	89676	-
Assets/Furniture Mega Pack/FBX/Table/Table21.fbx	1ec7c898227e47d468c3b38530e59c89	GameObject	36860	-
Assets/Furniture Mega Pack/FBX/Table/Table22.fbx	8d9310b35c4c803499dee6097ecf1d7f	GameObject	36412	-
Assets/Furniture Mega Pack/FBX/Table/Table23.fbx	6d28e7f7ed61512459f4a424b10b0dc3	GameObject	37948	-
Assets/Furniture Mega Pack/FBX/Table/Table24.fbx	9334820b417049449be2f8fa4a961647	GameObject	204700	-
Assets/Furniture Mega Pack/FBX/Table/Table25.fbx	39ea7df5f020aa241a6710fd241a359b	GameObject	167388	-
Assets/Furniture Mega Pack/FBX/Table/Table26.fbx	1e48046b587e71a48a1c917c3a527acb	GameObject	39868	-
Assets/Furniture Mega Pack/FBX/Table/Table27.fbx	5d33c732714529544b287130c1524862	GameObject	36428	-
Assets/Furniture Mega Pack/FBX/Table/Table28.fbx	09e5b168ec92aaf40ab442e979d73b76	GameObject	35500	-
Assets/Furniture Mega Pack/FBX/Table/Table29.fbx	5c984c8fb476e734abacdc4461cf6922	GameObject	84140	-
Assets/Furniture Mega Pack/FBX/Table/Table30.fbx	b86177c66afb47941adc867eb670e964	GameObject	47916	-
Assets/Furniture Mega Pack/FBX/Table/Table31.fbx	b83f401ae3abb584c931dfb83a90d42c	GameObject	23036	-
Assets/Furniture Mega Pack/FBX/Table/Table32.fbx	c2a6d2b84a3a7a34eb4fe06d53149e08	GameObject	52860	-
Assets/Furniture Mega Pack/FBX/Table/Table33.fbx	401868c74c7a8e8439145c8171211d5d	GameObject	19660	-
Assets/Furniture Mega Pack/FBX/Table/Table34.fbx	e708cf659f3d5dd48b595ef878ad06d0	GameObject	19996	-
Assets/Furniture Mega Pack/FBX/Table/Table35.fbx	cedc8eb0657bc4349b7b4dd3a63cfee2	GameObject	53788	-
Assets/Furniture Mega Pack/FBX/Table/Table36.fbx	6604dc85bfd8f894086930e48f8ff7ad	GameObject	120396	-
Assets/Furniture Mega Pack/FBX/Table/Table37.fbx	6d029ee2db265ee4fbd36d1f8443605a	GameObject	21148	-
Assets/Furniture Mega Pack/FBX/Table/Table38.fbx	68d5e903c2bcf97419b06f17e5d6d2ab	GameObject	123868	scene:BH_XR_MainScene
Assets/Furniture Mega Pack/FBX/Table/Table39.fbx	1c1c111bfb7ecf34c91ed94904a4cc91	GameObject	138684	-
Assets/Furniture Mega Pack/FBX/Table/Table40.fbx	c11fc42cc2259ce4d9d9f3b6db5f2d5f	GameObject	79340	-
Assets/Furniture Mega Pack/FBX/Table/Table41.fbx	c927d4c4118b02b409533d26cded01c7	GameObject	98636	-
Assets/Furniture Mega Pack/FBX/Table/Table42.fbx	ffac0618aeb2b9f4ead070913fa0aa73	GameObject	84876	-
Assets/Furniture Mega Pack/FBX/Table/Table43.fbx	69bfdb8410c57f9418bebacefc4c583a	GameObject	64812	-
Assets/Furniture Mega Pack/FBX/Table/Table44.fbx	ffe8b0d2b4556e2409e0d06a132ac5de	GameObject	59148	-
Assets/Furniture Mega Pack/FBX/Table/Table45.fbx	8c3e6cba25259dc4caaa27a5153e5e83	GameObject	203036	-
Assets/Furniture Mega Pack/FBX/Table/Table46.fbx	5c5e44439866fad47b573fb1166341c4	GameObject	237228	-
Assets/Furniture Mega Pack/FBX/Table/Table47.fbx	747e986516211f24ba06b8fdea6c73b2	GameObject	107452	-
Assets/Furniture Mega Pack/FBX/Table/Table48.fbx	374f12a4f5108d6488f2e9d541814244	GameObject	42204	-
Assets/Furniture Mega Pack/FBX/Table/Table49.fbx	e2e64a97ed212214f85d07d275625459	GameObject	45740	-
Assets/Furniture Mega Pack/FBX/Table/Table50.fbx	089df312f97d60847aee2d0e514a14c5	GameObject	493692	-
Assets/Furniture Mega Pack/Materials/Bathroom/mat_Bathroom.mat	054d9da124e965849949532548de1ac9	Material	4592	scene:BH_XR_MainScene
Assets/Furniture Mega Pack/Materials/Bed/mat_BedFrame.mat	3dd5ce5af6e1b7741a19623c4bc951f6	Material	4592	scene:BH_XR_MainScene
Assets/Furniture Mega Pack/Materials/Bed/mat_Blanket.mat	874b8eea622f60640aa3c1d6b6d9d8f5	Material	4591	scene:BH_XR_MainScene
Assets/Furniture Mega Pack/Materials/Bed/mat_Mattress.mat	87161fd668321644989a0491706164f4	Material	4592	scene:BH_XR_MainScene
Assets/Furniture Mega Pack/Materials/Chair/mat_Chair01.mat	eeff5b34406ea154998880b28b233b80	Material	3949	-
Assets/Furniture Mega Pack/Materials/Chair/mat_Chair02.mat	838331c5383674f449511bc6b020f99d	Material	3949	-
Assets/Furniture Mega Pack/Materials/Chair/mat_Chair03.mat	8e64e4026474e834082679934c002d22	Material	3949	-
Assets/Furniture Mega Pack/Materials/Chair/mat_Chair04.mat	bace6e6b11ba2ee4299fcd7db3cd64c7	Material	3949	-
Assets/Furniture Mega Pack/Materials/Chair/mat_Chair05.mat	908a6352cff7e924da4241c1f429a35e	Material	3949	-
Assets/Furniture Mega Pack/Materials/Chair/mat_Chair06.mat	011f60e93f286c94281b6fe7d51fee56	Material	3949	-
Assets/Furniture Mega Pack/Materials/Chair/mat_Chair07.mat	febaab0e4cddd5140ab48fc77a77d6cb	Material	3949	-
Assets/Furniture Mega Pack/Materials/Chair/mat_Chair08.mat	2f1318e04ec54e64b9e7c164530324db	Material	3949	-
Assets/Furniture Mega Pack/Materials/Chair/mat_Chair09.mat	f307c70dc4ccc7142b91748155d42211	Material	3949	scene:BH_XR_MainScene
Assets/Furniture Mega Pack/Materials/Chair/mat_Chair10.mat	2a348290756d381428e18250bbd9c98b	Material	3949	-
Assets/Furniture Mega Pack/Materials/Chair/mat_Chair11.mat	1eb7368d5726aab428df4e1f98a829a2	Material	3949	-
Assets/Furniture Mega Pack/Materials/Chair/mat_Chair12.mat	b8d41557be434c44baf8ff1ddc8c286d	Material	3949	-
Assets/Furniture Mega Pack/Materials/Chair/mat_Chair13.mat	f6214a5d6dae43b4aa694c07f644fb47	Material	3949	-
Assets/Furniture Mega Pack/Materials/Chair/mat_Chair14.mat	5736ec2299f754043a00e5860ca34d19	Material	3949	-
Assets/Furniture Mega Pack/Materials/Chair/mat_Chair15.mat	2b4e69c7daf06c0469a9a93574fb24ec	Material	3949	-
Assets/Furniture Mega Pack/Materials/Chair/mat_Chair16.mat	2fb16df4da3e37841b6973e5595c2b9c	Material	3949	-
Assets/Furniture Mega Pack/Materials/Chair/mat_Chair17.mat	687762cb6aa996342aeaa461a634e666	Material	3949	-
Assets/Furniture Mega Pack/Materials/Chair/mat_Chair18.mat	6e2c29b8c066d7040a46a4a6074ca1b4	Material	3949	-
Assets/Furniture Mega Pack/Materials/Chair/mat_Chair19.mat	768b31ddb857269458c3f3f3e3839129	Material	4214	-
Assets/Furniture Mega Pack/Materials/Chair/mat_Chair20.mat	6262d3ca55285ec44b0823d27627d6f0	Material	3949	-
Assets/Furniture Mega Pack/Materials/Chair/mat_Chair21.mat	126b07534514c744da1c79c300f021f8	Material	3949	-
Assets/Furniture Mega Pack/Materials/Chair/mat_Chair22.mat	51725c8f7a66bd34081fcd66aadf4eaf	Material	3949	-
Assets/Furniture Mega Pack/Materials/Chair/mat_Chair23.mat	e7fdb86756b96624a814d643292030f4	Material	3949	-
Assets/Furniture Mega Pack/Materials/Chair/mat_Chair24.mat	f98837ec52a2a1f42a271d5cf3b0989e	Material	3949	-
Assets/Furniture Mega Pack/Materials/Chair/mat_Chair25.mat	fa5fea759fd4523419471fe4e5e3726a	Material	3949	-
Assets/Furniture Mega Pack/Materials/Chair/mat_Chair26.mat	b3a76557734017d45bc96a3d03a1d12b	Material	3949	scene:BH_XR_MainScene
Assets/Furniture Mega Pack/Materials/Chair/mat_Chair27.mat	6765caf6bb197914ba09753acf6f8b8a	Material	3949	-
Assets/Furniture Mega Pack/Materials/Chair/mat_Chair28.mat	797d4ff21084f1043b10e5580297cc45	Material	3949	-
Assets/Furniture Mega Pack/Materials/Chair/mat_Chair29.mat	39c9833e9166f1f409f2c07baff1e43c	Material	3949	-
Assets/Furniture Mega Pack/Materials/Chair/mat_Chair30.mat	b79974e1727af8e47aa073de548d04fa	Material	3949	-
Assets/Furniture Mega Pack/Materials/Chair/mat_Chair31.mat	b7a10f5ed144a934283f9b356e298821	Material	3949	-
Assets/Furniture Mega Pack/Materials/Chair/mat_Chair32.mat	3e15ed8beda3f91438a0e0c06e9fcd23	Material	3949	-
Assets/Furniture Mega Pack/Materials/Chair/mat_Chair33.mat	17e368ae90b924542af342b6b95f2b65	Material	3949	-
Assets/Furniture Mega Pack/Materials/Chair/mat_Chair34.mat	91517bea0b50b344abbcdc1825376f57	Material	4405	-
Assets/Furniture Mega Pack/Materials/Chair/mat_Chair35.mat	46a7def9749ddf041870d14793ebaf35	Material	3949	-
Assets/Furniture Mega Pack/Materials/Chair/mat_Chair36.mat	654f3f80ff0dd55408021a787b25f80a	Material	3949	-
Assets/Furniture Mega Pack/Materials/Chair/mat_Chair37.mat	8e0662a1d9087f04084c52f3c64ed5d0	Material	3949	scene:BH_XR_MainScene
Assets/Furniture Mega Pack/Materials/Chair/mat_Chair38.mat	5a5c1449142da934188f0440f8172794	Material	3949	-
Assets/Furniture Mega Pack/Materials/Chair/mat_Chair39.mat	3b346a0853b89b04e9f3dcdaa817b7d9	Material	3949	-
Assets/Furniture Mega Pack/Materials/Chair/mat_Chair40.mat	2a479ab1c2d96074a854bbac59a14f61	Material	3949	-
Assets/Furniture Mega Pack/Materials/Chair/mat_Chair41.mat	f679274ffec18304997fa3ca21092db9	Material	3949	-
Assets/Furniture Mega Pack/Materials/Chair/mat_Chair42.mat	749ed2bf537f3fe44baae041a2b39473	Material	3949	-
Assets/Furniture Mega Pack/Materials/Chair/mat_Chair43.mat	8ef3f001a6ac2ba4282d1a48f6e4eb92	Material	3949	-
Assets/Furniture Mega Pack/Materials/Chair/mat_Chair44.mat	91bf60f6c7fcc0149ac39eea4c776de0	Material	3949	-
Assets/Furniture Mega Pack/Materials/Chair/mat_Chair45.mat	df33ab33a21188a47986aabcb4828361	Material	3949	-
Assets/Furniture Mega Pack/Materials/Chair/mat_Chair46.mat	cbfc6cbf9cf60384788d5ba822be31a2	Material	3949	-
Assets/Furniture Mega Pack/Materials/Chair/mat_Chair47.mat	3ff494926fd7aef4d8a204012608e9aa	Material	3949	scene:BH_XR_MainScene
Assets/Furniture Mega Pack/Materials/Chair/mat_Chair48.mat	c5a2e22896d005849b94bb87535359ed	Material	3949	scene:BH_XR_MainScene
Assets/Furniture Mega Pack/Materials/Chair/mat_Chair49.mat	9b2ca8db50f5ca64c849b33dbcb73abb	Material	3949	scene:BH_XR_MainScene
Assets/Furniture Mega Pack/Materials/Chair/mat_Chair50.mat	5c51e9748177aba4b8c1320d58a1cbe2	Material	3949	-
Assets/Furniture Mega Pack/Materials/Closet/mat_Closet.mat	974f06aa674f000428963c75a2e96603	Material	3947	scene:BH_XR_MainScene
Assets/Furniture Mega Pack/Materials/Cushion/mat_Cushion01_08.mat	2a00fb06ad3179c4a884ac8f38fbfb4a	Material	3954	scene:BH_XR_MainScene
Assets/Furniture Mega Pack/Materials/Cushion/mat_Cushion09_16.mat	4f61855d4dd6e574a951e1f520f4f0bb	Material	3954	-
Assets/Furniture Mega Pack/Materials/Cushion/mat_Cushion17_24.mat	d09719d4b4457f14aaba5d7bd02cc68e	Material	3954	scene:BH_XR_MainScene
Assets/Furniture Mega Pack/Materials/Cushion/mat_Cushion25_28.mat	318142f3ab5731f46808ba4f7ecf7478	Material	3954	-
Assets/Furniture Mega Pack/Materials/Cushion/mat_Cushion29_36.mat	c38603b46b8c9b54592e0ef2ccfd0e73	Material	3954	-
Assets/Furniture Mega Pack/Materials/Cushion/mat_Cushion37_40.mat	d44197c73a2161a4d8f1eccba8445c60	Material	3954	-
Assets/Furniture Mega Pack/Materials/Cushion/mat_Cushion41_48.mat	de39601f348483f4a9c0fff7c44d8ad2	Material	3954	-
Assets/Furniture Mega Pack/Materials/Cushion/mat_Cushion49_50.mat	849be8a2f2e13494eaaad2be7274cd89	Material	3954	-
Assets/Furniture Mega Pack/Materials/Drawer/mat_Drawer.mat	7b792c0f7629b63468539bb702d3ccc9	Material	4593	-
Assets/Furniture Mega Pack/Materials/Kitchen/mat_Glass.mat	8a073d0e64a56904ea5187ca77edcbac	Material	3799	-
Assets/Furniture Mega Pack/Materials/Kitchen/mat_Kitchen.mat	475855695e5945b4c9cce72fd1615495	Material	3948	-
Assets/Furniture Mega Pack/Materials/Sofa/mat_SectionalSofaFabric.mat	6ba28282f0572244f813a5b6bf2c7dbb	Material	3961	-
Assets/Furniture Mega Pack/Materials/Sofa/mat_SectionalSofaLeather.mat	62aa74608d9fcbb44ace8ca4e7cb4056	Material	3962	-
Assets/Furniture Mega Pack/Materials/Sofa/mat_Sofa01.mat	9242c03b1845ae54f9751842c5db0c48	Material	5097	-
Assets/Furniture Mega Pack/Materials/Sofa/mat_Sofa02.mat	3a6f7f83c36c4ee4190f7ae768c110d8	Material	5097	-
Assets/Furniture Mega Pack/Materials/Sofa/mat_Sofa03.mat	56fdaced27b5af846ab21d2d43bfb889	Material	4590	-
Assets/Furniture Mega Pack/Materials/Sofa/mat_Sofa04.mat	ab9a5a5a92a0e774890867b91ad8de67	Material	4590	-
Assets/Furniture Mega Pack/Materials/Sofa/mat_Sofa06.mat	a6ff4ad5daf63de4d9ab6d479567316d	Material	4590	-
Assets/Furniture Mega Pack/Materials/Sofa/mat_Sofa07.mat	60e07ac676fda614ba8fefcb8a6da7e8	Material	4590	-
Assets/Furniture Mega Pack/Materials/Sofa/mat_Sofa08.mat	a6caea49c5b03b14a9e33a3d08abd8da	Material	4590	-
Assets/Furniture Mega Pack/Materials/Sofa/mat_Sofa09.mat	0f523b6ce0e2bae4ebb212ea4b78564c	Material	4590	-
Assets/Furniture Mega Pack/Materials/Sofa/mat_Sofa10.mat	28c01c65551ef8147aa5b3443fc1f84b	Material	4590	-
Assets/Furniture Mega Pack/Materials/Sofa/mat_Sofa11.mat	ad02c60042dec314e98da8810599bb8c	Material	4590	-
Assets/Furniture Mega Pack/Materials/Sofa/mat_Sofa12.mat	747be8646227c3e48adec87ecd96e57b	Material	4590	-
Assets/Furniture Mega Pack/Materials/Sofa/mat_Sofa13.mat	872d5c575fc715441b2a1a8d689b9cc6	Material	4590	scene:BH_XR_MainScene
Assets/Furniture Mega Pack/Materials/Sofa/mat_Sofa14.mat	6dac7aa99f129b14eab837d56caf8d46	Material	4590	-
Assets/Furniture Mega Pack/Materials/Sofa/mat_Sofa15.mat	3791fe94ea9ece448a27da3fef0dfb78	Material	4590	-
Assets/Furniture Mega Pack/Materials/Sofa/mat_Sofa16.mat	00e5a3e733faa4e47b5ca1cb1a073c6b	Material	4590	-
Assets/Furniture Mega Pack/Materials/Sofa/mat_Sofa17.mat	5e780d2f5eabdf841bd70cfcc9126029	Material	4590	-
Assets/Furniture Mega Pack/Materials/Sofa/mat_Sofa18.mat	ef882e7e02bb365479404c8001a97659	Material	4590	-
Assets/Furniture Mega Pack/Materials/Sofa/mat_Sofa19.mat	1401a40c797aeb641860c66a651360bb	Material	4590	-
Assets/Furniture Mega Pack/Materials/Sofa/mat_Sofa20.mat	5bcccac276394cf4a887ac81aef4b2c1	Material	4590	-
Assets/Furniture Mega Pack/Materials/Sofa/mat_Sofa21.mat	e0f3c6e6a8479aa43aebe73a1e78d103	Material	4590	-
Assets/Furniture Mega Pack/Materials/Sofa/mat_Sofa22.mat	c529cb7d146fa9b4197e6e8060bd8923	Material	4590	-
Assets/Furniture Mega Pack/Materials/Sofa/mat_Sofa23.mat	ddae1995187c5fa498a610b1045b8754	Material	4590	-
Assets/Furniture Mega Pack/Materials/Sofa/mat_Sofa24.mat	6340fbcc70def964783597586820a791	Material	4590	-
Assets/Furniture Mega Pack/Materials/Sofa/mat_Sofa25.mat	212a2ec175c2a5e43bebced4cef5aae8	Material	4590	-
Assets/Furniture Mega Pack/Materials/Sofa/mat_Sofa26.mat	fafb7700f70ff104d81e2eefeb30a990	Material	4590	-
Assets/Furniture Mega Pack/Materials/Sofa/mat_Sofa27.mat	3edca7fe5eaba0b4484b61add99aa3d3	Material	4590	-
Assets/Furniture Mega Pack/Materials/Sofa/mat_Sofa28.mat	debbf4651ea5a4b4b936bae342be267a	Material	4590	-
Assets/Furniture Mega Pack/Materials/Sofa/mat_Sofa29.mat	d5f4ebba52909924bbb11629398e9dc4	Material	4590	-
Assets/Furniture Mega Pack/Materials/Sofa/mat_Sofa30.mat	1d8030ad6346200439c97e0214dffb54	Material	4590	-
Assets/Furniture Mega Pack/Materials/Sofa/mat_Sofa31.mat	639cffbd5fdc8ac4495e685f3ca06ed6	Material	4590	-
Assets/Furniture Mega Pack/Materials/Sofa/mat_Sofa32.mat	32e43949363267249be28a71582f9628	Material	4590	-
Assets/Furniture Mega Pack/Materials/Sofa/mat_Sofa33.mat	6ac16bda6c8fa0049a324530f3f0bf87	Material	4590	-
Assets/Furniture Mega Pack/Materials/Sofa/mat_Sofa34.mat	038aff212cab117449ed12f6a6033995	Material	4590	-
Assets/Furniture Mega Pack/Materials/Sofa/mat_Sofa35.mat	4a9e6e0077a9e3d4892754a53b891561	Material	4590	-
Assets/Furniture Mega Pack/Materials/Sofa/mat_Sofa36.mat	85d7f619f83a3ad4c8854b7813f0a650	Material	4590	-
Assets/Furniture Mega Pack/Materials/Sofa/mat_Sofa37.mat	87edcf5862d082b45adf5c74c4e3f73c	Material	4590	-
Assets/Furniture Mega Pack/Materials/Table/mat_Table01.mat	afa148f627b43f94d9d9b650ac84f340	Material	3949	-
Assets/Furniture Mega Pack/Materials/Table/mat_Table02.mat	2067c82a559fcf345915126b076a9f1b	Material	4095	-
Assets/Furniture Mega Pack/Materials/Table/mat_Table03.mat	147f1a8e85eb08a4cbf1504a99a1b5e5	Material	3949	-
Assets/Furniture Mega Pack/Materials/Table/mat_Table04.mat	1eadfa9514f8f574983a5e152407ded3	Material	3949	-
Assets/Furniture Mega Pack/Materials/Table/mat_Table05.mat	d7179129c8e953748b05cf886b064821	Material	3949	-
Assets/Furniture Mega Pack/Materials/Table/mat_Table06.mat	e95aef7058f635848a233caa644a98a8	Material	3949	scene:BH_XR_MainScene
Assets/Furniture Mega Pack/Materials/Table/mat_Table07.mat	a6417626a97bf10478b06f2bfbeda147	Material	3949	-
Assets/Furniture Mega Pack/Materials/Table/mat_Table08.mat	a2a87fc8b7793e04da204a9e8afb5c0e	Material	3949	-
Assets/Furniture Mega Pack/Materials/Table/mat_Table09.mat	f2a3a29b9aa9b0c41a05c21f07e87c9a	Material	3949	-
Assets/Furniture Mega Pack/Materials/Table/mat_Table10.mat	67b53f6828b49b3488423601fb7e8868	Material	3949	-
Assets/Furniture Mega Pack/Materials/Table/mat_Table11.mat	69e3d9ea580fec943b939ff61fb19eb9	Material	3949	-
Assets/Furniture Mega Pack/Materials/Table/mat_Table12.mat	6a948d6424d541e459f7e0a73177b03f	Material	3949	-
Assets/Furniture Mega Pack/Materials/Table/mat_Table13.mat	8100449aa1d9d194d89c41d74f2979d3	Material	3949	-
Assets/Furniture Mega Pack/Materials/Table/mat_Table14.mat	eeb73590e9c6bfc4597726e0215beb4f	Material	3949	-
Assets/Furniture Mega Pack/Materials/Table/mat_Table15.mat	f1c419fcc1d080b469d74f6a10a644bb	Material	3949	-
Assets/Furniture Mega Pack/Materials/Table/mat_Table16.mat	e1e7451f811565b43af337352cbbff8b	Material	3949	-
Assets/Furniture Mega Pack/Materials/Table/mat_Table17.mat	69904dcb175b38a45908305010493714	Material	3949	-
Assets/Furniture Mega Pack/Materials/Table/mat_Table18.mat	059b395a8b423b144a850e88e373e477	Material	3949	-
Assets/Furniture Mega Pack/Materials/Table/mat_Table19.mat	b4e479d6dd9a9d0479aaf7328894b6a0	Material	3949	-
Assets/Furniture Mega Pack/Materials/Table/mat_Table20.mat	3580b38536de590449d08d6388b66b6a	Material	3949	-
Assets/Furniture Mega Pack/Materials/Table/mat_Table21.mat	4b1e01d330f4f81458cc4d5fa23b20fe	Material	3949	-
Assets/Furniture Mega Pack/Materials/Table/mat_Table22.mat	08d06c135914def4b94899e54d6b0ccb	Material	3949	-
Assets/Furniture Mega Pack/Materials/Table/mat_Table23.mat	85505eda21868b54699b6edb633b2c68	Material	3949	-
Assets/Furniture Mega Pack/Materials/Table/mat_Table24.mat	3a92b8bee90ba8549bea9db0c27d344f	Material	3949	-
Assets/Furniture Mega Pack/Materials/Table/mat_Table25.mat	29e45cd1a9788b34589d7c8b5605097e	Material	3949	-
Assets/Furniture Mega Pack/Materials/Table/mat_Table26.mat	13a20115bc760a742808c2f9c899a51d	Material	3949	-
Assets/Furniture Mega Pack/Materials/Table/mat_Table27.mat	d9c4b9be8e2b41e43858a3080146cb35	Material	3949	-
Assets/Furniture Mega Pack/Materials/Table/mat_Table28.mat	083c71f71cd44064690c420e667d254a	Material	3949	-
Assets/Furniture Mega Pack/Materials/Table/mat_Table29.mat	62e8057e66427fb4bb4bdbfa137cc753	Material	3949	-
Assets/Furniture Mega Pack/Materials/Table/mat_Table30.mat	8a4856c8e145c7f4db649280ad008a86	Material	3949	-
Assets/Furniture Mega Pack/Materials/Table/mat_Table31.mat	77c4ad7ba8d94794cb48dca4d728891e	Material	3949	-
Assets/Furniture Mega Pack/Materials/Table/mat_Table32.mat	20c603839f64c1045b0bfa29ca10b865	Material	3949	-
Assets/Furniture Mega Pack/Materials/Table/mat_Table33.mat	0e112c13b7d8bf340b664e37e5629f4d	Material	3949	-
Assets/Furniture Mega Pack/Materials/Table/mat_Table34.mat	6e2f1406c52b87b4aae1160735aafef5	Material	3949	-
Assets/Furniture Mega Pack/Materials/Table/mat_Table35.mat	6eea5ddb2e44e4047a85210c7d67ffa8	Material	3949	-
Assets/Furniture Mega Pack/Materials/Table/mat_Table36.mat	cb1624f30c195644eaaeb69dddc40457	Material	3949	-
Assets/Furniture Mega Pack/Materials/Table/mat_Table37.mat	93ffe333653281747b911db657e24c59	Material	3949	-
Assets/Furniture Mega Pack/Materials/Table/mat_Table38.mat	088da3fdd5cae734cb77092e913c0893	Material	3949	scene:BH_XR_MainScene
Assets/Furniture Mega Pack/Materials/Table/mat_Table39.mat	895c661a2091bfc459009689cfdb2c54	Material	3949	-
Assets/Furniture Mega Pack/Materials/Table/mat_Table40.mat	9984bf752374ded439e0de3b70388dc5	Material	3949	-
Assets/Furniture Mega Pack/Materials/Table/mat_Table41.mat	6c75df78ee63b7f4195592eeab6f999c	Material	3949	-
Assets/Furniture Mega Pack/Materials/Table/mat_Table42.mat	0feb389f187a6fb49bbe7ff18557c09e	Material	3949	-
Assets/Furniture Mega Pack/Materials/Table/mat_Table43.mat	30f0c7237e847004aada1587c959a3d4	Material	3949	-
Assets/Furniture Mega Pack/Materials/Table/mat_Table44.mat	87da5326026cc9743872c0b23d7fe263	Material	3949	-
Assets/Furniture Mega Pack/Materials/Table/mat_Table45.mat	431f6e2feebc06948b6af8617019acb4	Material	3949	-
Assets/Furniture Mega Pack/Materials/Table/mat_Table46.mat	6c151dbeca91f40468201bbd057c34cf	Material	3949	-
Assets/Furniture Mega Pack/Materials/Table/mat_Table47.mat	19613b437f6bb6048baeabe377e3aa5e	Material	3949	-
Assets/Furniture Mega Pack/Materials/Table/mat_Table48.mat	3b73cc2370887944985d4172b07bfe60	Material	3949	-
Assets/Furniture Mega Pack/Materials/Table/mat_Table49.mat	a3266ee1d4264b94e8ef7e4aa854b36d	Material	3949	-
Assets/Furniture Mega Pack/Materials/Table/mat_Table50.mat	89b248fa5ba0eba4286679b595523f18	Material	3949	-
Assets/Furniture Mega Pack/Materials/mat_Floor.mat	73251e2cf82b20a45bd5b549fd449e8e	Material	3740	-
Assets/Furniture Mega Pack/Prefabs/Bathroom/BathTub01.prefab	44ab6cf1db8d9f745aa57ca233f80b69	GameObject	3506	-
Assets/Furniture Mega Pack/Prefabs/Bathroom/BathTub02.prefab	38eeb17d70826d2409269ebdb1d75e57	GameObject	3510	-
Assets/Furniture Mega Pack/Prefabs/Bathroom/BathTub03.prefab	03b243ebf72161c4aab2962242bee1f4	GameObject	3499	-
Assets/Furniture Mega Pack/Prefabs/Bathroom/BathTub04.prefab	78cc8bf0472190d47a8f2a73131d01af	GameObject	3501	-
Assets/Furniture Mega Pack/Prefabs/Bathroom/BathTub05.prefab	981ceac0a357dc84f9cd83f858d8c713	GameObject	3494	-
Assets/Furniture Mega Pack/Prefabs/Bathroom/BathTub06.prefab	524cd460299431d468c3f0b64fe0262f	GameObject	3498	-
Assets/Furniture Mega Pack/Prefabs/Bathroom/BathTub07.prefab	2223734298091914ba73dd54a2bed43e	GameObject	3502	-
Assets/Furniture Mega Pack/Prefabs/Bathroom/BathroomVanity01.prefab	b750b44a976c20e4d998f87f447fde19	GameObject	6141	-
Assets/Furniture Mega Pack/Prefabs/Bathroom/BathroomVanity02.prefab	34f0997e321e356488ec2f0a21f6a65e	GameObject	8757	-
Assets/Furniture Mega Pack/Prefabs/Bathroom/BathroomVanity03.prefab	340587bfdc38027459f5c612c2c6b043	GameObject	8738	-
Assets/Furniture Mega Pack/Prefabs/Bathroom/BathroomVanity04.prefab	5a46397dd278a954eb8024eee0f89d6c	GameObject	8723	-
Assets/Furniture Mega Pack/Prefabs/Bathroom/BathroomVanity05.prefab	e893b9d2cbd02794c996459e7f1858a8	GameObject	11320	scene:BH_XR_MainScene
Assets/Furniture Mega Pack/Prefabs/Bathroom/BathroomVanity06.prefab	af480e9db557e1d4ca4f6f6a991c860c	GameObject	3535	-
Assets/Furniture Mega Pack/Prefabs/Bathroom/BathroomVanity07.prefab	b2a6539a1440bbd4da9c3fdcb3695aaf	GameObject	8758	-
Assets/Furniture Mega Pack/Prefabs/Bathroom/ShowerSystem01.prefab	bccc46b4a49d2874bb05f00a17bf69f7	GameObject	8706	-
Assets/Furniture Mega Pack/Prefabs/Bathroom/ShowerSystem02.prefab	188ea6ba08e7ba346ae2789802cdd18a	GameObject	8713	-
Assets/Furniture Mega Pack/Prefabs/Bathroom/ShowerSystem03.prefab	d5ab251e958344a47ab0792356b8fe25	GameObject	8688	scene:BH_XR_MainScene
Assets/Furniture Mega Pack/Prefabs/Bathroom/ShowerSystem04.prefab	585b2b468ef77d442883c59ab658ad91	GameObject	6098	-
Assets/Furniture Mega Pack/Prefabs/Bathroom/ShowerSystem05.prefab	fc5751f996068dc42bb94a258c6eea47	GameObject	8686	-
Assets/Furniture Mega Pack/Prefabs/Bathroom/ShowerSystem06.prefab	d81ff99cac320aa4c80f7ffe342241a1	GameObject	8730	-
Assets/Furniture Mega Pack/Prefabs/Bathroom/ShowerSystem07.prefab	ced5777a8452b53428faa4c62c9701c6	GameObject	8758	-
Assets/Furniture Mega Pack/Prefabs/Bathroom/TissueHanger01.prefab	9bdcb33c2a78d0d49a739f83ed245b35	GameObject	3512	-
Assets/Furniture Mega Pack/Prefabs/Bathroom/TissueHanger02.prefab	cd76f15e9f76d2d4cb3db861099e6cea	GameObject	3534	-
Assets/Furniture Mega Pack/Prefabs/Bathroom/TissueHanger03.prefab	f5b1159ce08f567478395974f850cf29	GameObject	6128	-
Assets/Furniture Mega Pack/Prefabs/Bathroom/TissueHanger04.prefab	08facff90d5f67d4ead0900a7783acfb	GameObject	3524	-
Assets/Furniture Mega Pack/Prefabs/Bathroom/TissueHanger05.prefab	30deeb94d1bf8a64da6be5ddd6d03a84	GameObject	6137	-
Assets/Furniture Mega Pack/Prefabs/Bathroom/TissueHanger06.prefab	68016f2cf2a127243aca8ec74c41781b	GameObject	3534	-
Assets/Furniture Mega Pack/Prefabs/Bathroom/TissueHanger07.prefab	ff506a8977b46694e9080766092ed8a3	GameObject	3535	-
Assets/Furniture Mega Pack/Prefabs/Bathroom/Toilet01.prefab	1d390164e4255da4fa728389b4f1f14e	GameObject	11352	-
Assets/Furniture Mega Pack/Prefabs/Bathroom/Toilet02.prefab	569d4778d1488de478571fb92dd5201e	GameObject	11337	-
Assets/Furniture Mega Pack/Prefabs/Bathroom/Toilet03.prefab	25d07b129ffc5af4e9e67982a0587e4b	GameObject	11338	-
Assets/Furniture Mega Pack/Prefabs/Bathroom/Toilet04.prefab	29a83fb6c830df847b99d55e376cdf61	GameObject	13882	-
Assets/Furniture Mega Pack/Prefabs/Bathroom/Toilet05.prefab	758f25901fb714041b370b5fdd5f153e	GameObject	11308	-
Assets/Furniture Mega Pack/Prefabs/Bathroom/Toilet06.prefab	7df38236afef9fd4dab40ceef5d8504f	GameObject	13921	-
Assets/Furniture Mega Pack/Prefabs/Bathroom/Toilet07.prefab	cbecd5d06fbf2ce4bbc56357981ff476	GameObject	11365	-
Assets/Furniture Mega Pack/Prefabs/Bathroom/TowelHanger01.prefab	682b33d6b760f1340925b158f60adebe	GameObject	3509	-
Assets/Furniture Mega Pack/Prefabs/Bathroom/TowelHanger02.prefab	4bc0cdc8bfda8b34ab08fe01d25be81c	GameObject	3497	-
Assets/Furniture Mega Pack/Prefabs/Bathroom/TowelHanger03.prefab	045e91383c6a342449192843bb309665	GameObject	3506	-
Assets/Furniture Mega Pack/Prefabs/Bathroom/TowelHanger04.prefab	446b88296e3dde64d9c3679f8966e757	GameObject	3507	-
Assets/Furniture Mega Pack/Prefabs/Bathroom/TowelHanger05.prefab	e07dafea3f7750a448c90cf62782a5a0	GameObject	3504	-
Assets/Furniture Mega Pack/Prefabs/Bathroom/TowelHanger06.prefab	47e9d851a9ceda14da77e6d9c9fd0028	GameObject	3509	-
Assets/Furniture Mega Pack/Prefabs/Bathroom/TowelHanger07.prefab	d6b3027b10181174285683d901c6869c	GameObject	3502	-
Assets/Furniture Mega Pack/Prefabs/Bathroom/WashBasin01.prefab	01d74da25ba8f4f49b79b89e5a496b78	GameObject	8655	-
Assets/Furniture Mega Pack/Prefabs/Bathroom/WashBasin02.prefab	6fbaee036fe391c459651218c11422f2	GameObject	8683	-
Assets/Furniture Mega Pack/Prefabs/Bathroom/WashBasin03.prefab	182b71f7a2fdaf44d9ba452feadf84d2	GameObject	8672	-
Assets/Furniture Mega Pack/Prefabs/Bathroom/WashBasin04.prefab	cd8687168ad33cd4cbfb3a3242218138	GameObject	8655	-
Assets/Furniture Mega Pack/Prefabs/Bathroom/WashBasin05.prefab	2b342fb8527e9554aaebd04901e04965	GameObject	8648	-
Assets/Furniture Mega Pack/Prefabs/Bathroom/WashBasin06.prefab	6753958ee2c9dc44abd90247e19a8bd3	GameObject	8666	-
Assets/Furniture Mega Pack/Prefabs/Bathroom/WashBasin07.prefab	d6a9da203f8613745af6e3d0e3c20d2c	GameObject	8687	-
Assets/Furniture Mega Pack/Prefabs/Beds/Bed01.prefab	feb6bc12e0b2f7d4091d8cffd0c3f20b	GameObject	8674	-
Assets/Furniture Mega Pack/Prefabs/Beds/Bed02.prefab	a0ac3869fb14ad24a9f4ccc00341c1eb	GameObject	8699	-
Assets/Furniture Mega Pack/Prefabs/Beds/Bed03.prefab	cb4e581334ac7f346bc81a2c2513d72e	GameObject	8684	-
Assets/Furniture Mega Pack/Prefabs/Beds/Bed04.prefab	a7fa4c912254d2e4596be7069ded8b19	GameObject	8700	-
Assets/Furniture Mega Pack/Prefabs/Beds/Bed05.prefab	411108a3eb13299419b5edda27f2154a	GameObject	8688	-
Assets/Furniture Mega Pack/Prefabs/Beds/Bed06.prefab	2c456267f3734b64cb8794b382340808	GameObject	8679	-
Assets/Furniture Mega Pack/Prefabs/Beds/Bed07.prefab	7f168682ca70bed418269a1a9fc69e0b	GameObject	8690	-
Assets/Furniture Mega Pack/Prefabs/Beds/Bed08.prefab	7d87319f2923e1f4ea046b280ab8c155	GameObject	8681	-
Assets/Furniture Mega Pack/Prefabs/Beds/Bed09.prefab	3337c7bae88886e4abff05e07d7f346b	GameObject	8684	-
Assets/Furniture Mega Pack/Prefabs/Beds/Bed10.prefab	a551ff7a34d1ee147929a63a3833bb02	GameObject	8695	-
Assets/Furniture Mega Pack/Prefabs/Beds/Bed11.prefab	bcb67f1fa0b3b44498e3776908f293b2	GameObject	13893	-
Assets/Furniture Mega Pack/Prefabs/Beds/Bed12.prefab	c8f6d9a7c93ae9f4493b8eadbe833783	GameObject	13887	-
Assets/Furniture Mega Pack/Prefabs/Beds/Bed13.prefab	6ea6db3eaf6e25a41a911c6369cab377	GameObject	16486	-
Assets/Furniture Mega Pack/Prefabs/Beds/Bed14.prefab	6aa24ebabc66cf746b0d667c5886848c	GameObject	16482	-
Assets/Furniture Mega Pack/Prefabs/Beds/Bed15.prefab	6f29f1cf9dfa4ba41bc07428ec5cbfb7	GameObject	13880	-
Assets/Furniture Mega Pack/Prefabs/Beds/Bed16.prefab	7207b559af0505f43a07175bedbcd9d5	GameObject	13889	-
Assets/Furniture Mega Pack/Prefabs/Beds/Bed17.prefab	2a66088a90557f1438c55bf525c1beb1	GameObject	13875	-
Assets/Furniture Mega Pack/Prefabs/Beds/Bed18.prefab	58647b06e2ac2d34da726134a06f9e78	GameObject	13889	-
Assets/Furniture Mega Pack/Prefabs/Beds/Bed19.prefab	f5d1081b91ff05744928faa9b4127dec	GameObject	21651	-
Assets/Furniture Mega Pack/Prefabs/Beds/Bed20.prefab	3bb334b1ad3381248888db31242e94ae	GameObject	24257	-
Assets/Furniture Mega Pack/Prefabs/Beds/Bed21.prefab	1db5c83eb3dc69e46825bc72c49648d8	GameObject	13850	-
Assets/Furniture Mega Pack/Prefabs/Beds/Bed22.prefab	e15107e25f4324f4f8bc6de528f57ab4	GameObject	13831	-
Assets/Furniture Mega Pack/Prefabs/Beds/Bed23.prefab	6192d54f8a2b2fe428613fc9ffd82ab5	GameObject	13826	-
Assets/Furniture Mega Pack/Prefabs/Beds/Bed24.prefab	80c8563b958abc04993f8d3e79cbdc67	GameObject	13829	-
Assets/Furniture Mega Pack/Prefabs/Beds/Bed25.prefab	f0a66f92f5452de409db5168d38ff0ef	GameObject	13829	-
Assets/Furniture Mega Pack/Prefabs/Beds/Bed26.prefab	e18a2c65597f85f458ccad550bd2fd26	GameObject	13837	-
Assets/Furniture Mega Pack/Prefabs/Beds/Bed27.prefab	59ab4094ec86962499c90fd46325933e	GameObject	13963	-
Assets/Furniture Mega Pack/Prefabs/Beds/Bed28.prefab	36598180f5f5852459d52730b323101b	GameObject	13973	scene:BH_XR_MainScene
Assets/Furniture Mega Pack/Prefabs/Beds/Bed29.prefab	9675ef0619246cb419d7a7c4b5932fe4	GameObject	11256	-
Assets/Furniture Mega Pack/Prefabs/Beds/Bed30.prefab	2e9d376058b65d04f9af57148ce1a3dd	GameObject	11235	-
Assets/Furniture Mega Pack/Prefabs/Beds/Bed31.prefab	e493567eec4930e43afcee3892471ce2	GameObject	8679	-
Assets/Furniture Mega Pack/Prefabs/Beds/Bed32.prefab	235bbb15fb23b5e47ac0d8875e480d4e	GameObject	8662	-
Assets/Furniture Mega Pack/Prefabs/Beds/Bed33.prefab	cc342d3e154b128409bfc79944995b6d	GameObject	6096	-
Assets/Furniture Mega Pack/Prefabs/Beds/Bed34.prefab	56e57f17a6b50fa42bf381d4958ad21c	GameObject	6099	-
Assets/Furniture Mega Pack/Prefabs/Beds/Bed35.prefab	350bc8e241b825e4fb946346186ccd17	GameObject	6080	-
Assets/Furniture Mega Pack/Prefabs/Beds/Bed36.prefab	fe420ed28d251e54299c4d8443d5c8a1	GameObject	6097	-
Assets/Furniture Mega Pack/Prefabs/Beds/Bed37.prefab	08165ba5540b5374f904eae6aded4b47	GameObject	6135	-
Assets/Furniture Mega Pack/Prefabs/Beds/Bed38.prefab	03691ab165f38824bbd726af8b45b7bd	GameObject	6109	-
Assets/Furniture Mega Pack/Prefabs/Beds/Bed39.prefab	b66e15674a67aa747a9999adbbaae0d0	GameObject	3517	-
Assets/Furniture Mega Pack/Prefabs/Beds/Bed40.prefab	ca5546ca95e34224f9eb36aab900ab74	GameObject	3516	-
Assets/Furniture Mega Pack/Prefabs/Beds/Bed41.prefab	58b7cf931723a144fa16dde74aef65d1	GameObject	3509	-
Assets/Furniture Mega Pack/Prefabs/Beds/Bed42.prefab	c19257e449268104b859b737c39bdaed	GameObject	3504	-
Assets/Furniture Mega Pack/Prefabs/Beds/Bed43.prefab	c4db59635f11f7145bf9c91b2202f90b	GameObject	6112	-
Assets/Furniture Mega Pack/Prefabs/Beds/Bed44.prefab	2ca217a285a2189498634439258602c3	GameObject	6107	-
Assets/Furniture Mega Pack/Prefabs/Beds/Bed45.prefab	34c457d01873fd443943e982f8dd49af	GameObject	3511	-
Assets/Furniture Mega Pack/Prefabs/Beds/Bed46.prefab	7fce52c46217d1a489f425879ffe8834	GameObject	3508	-
Assets/Furniture Mega Pack/Prefabs/Beds/Bed47.prefab	d3681ab2b2c3b2f4ab8467f3f09bf6ad	GameObject	3514	-
Assets/Furniture Mega Pack/Prefabs/Beds/Bed48.prefab	432109baebf7662459aab57129b99a31	GameObject	3517	-
Assets/Furniture Mega Pack/Prefabs/Beds/Bed49.prefab	db2beed9822716147b9aa45275fc6f1d	GameObject	3514	-
Assets/Furniture Mega Pack/Prefabs/Beds/Bed50.prefab	f3858c0f763842e40bf0c6eac2687a06	GameObject	3514	-
Assets/Furniture Mega Pack/Prefabs/Chairs/Chair01.prefab	fe55d89a03377504b929ac29829f6f6a	GameObject	3475	-
Assets/Furniture Mega Pack/Prefabs/Chairs/Chair02.prefab	7a9dfae893f7a9043a240af63f47c989	GameObject	3485	-
Assets/Furniture Mega Pack/Prefabs/Chairs/Chair03.prefab	cf781b8cbfbdd014ca9b3c4dfa8262d7	GameObject	3486	-
Assets/Furniture Mega Pack/Prefabs/Chairs/Chair04.prefab	f67dcd098116f564e9254a36dabc3092	GameObject	3482	-
Assets/Furniture Mega Pack/Prefabs/Chairs/Chair05.prefab	e0d298f230365bc4bb18e33746de6123	GameObject	3485	-
Assets/Furniture Mega Pack/Prefabs/Chairs/Chair06.prefab	b280fc694025c9443b4674e282529809	GameObject	3485	-
Assets/Furniture Mega Pack/Prefabs/Chairs/Chair07.prefab	3b57951d3cd682e49b61531565720b28	GameObject	3486	-
Assets/Furniture Mega Pack/Prefabs/Chairs/Chair08.prefab	dac222c017da6a0438106e20d6dc29c3	GameObject	3482	-
Assets/Furniture Mega Pack/Prefabs/Chairs/Chair09.prefab	d48ae8664a0e65b43b8bd77ddca26894	GameObject	3485	scene:BH_XR_MainScene
Assets/Furniture Mega Pack/Prefabs/Chairs/Chair10.prefab	509388e3ca0f2504a9bd2bb4420b505b	GameObject	3485	-
Assets/Furniture Mega Pack/Prefabs/Chairs/Chair11.prefab	e74d2297ec096fa45b36e44e8fe99125	GameObject	3485	-
Assets/Furniture Mega Pack/Prefabs/Chairs/Chair12.prefab	24219f902bbfde445a93d04d70258e7f	GameObject	3484	-
Assets/Furniture Mega Pack/Prefabs/Chairs/Chair13.prefab	a94218b63f8afc34f8fa15b928184b71	GameObject	3486	-
Assets/Furniture Mega Pack/Prefabs/Chairs/Chair14.prefab	2e0aac41933b3904db9b1f9b4c5a941f	GameObject	3485	-
Assets/Furniture Mega Pack/Prefabs/Chairs/Chair15.prefab	89935162b782dab4bb2b5eb62c687415	GameObject	3483	-
Assets/Furniture Mega Pack/Prefabs/Chairs/Chair16.prefab	ab93f6cd1a7e2d24aac701affe875d89	GameObject	3482	-
Assets/Furniture Mega Pack/Prefabs/Chairs/Chair17.prefab	f8abafb4127b4fa41abe0f1030d44b82	GameObject	3482	-
Assets/Furniture Mega Pack/Prefabs/Chairs/Chair18.prefab	0a2b5fc9b8d4ade4dabed809a3fe2ac8	GameObject	3486	-
Assets/Furniture Mega Pack/Prefabs/Chairs/Chair19.prefab	f6835c54c93c30e4189990ad0c97fe8c	GameObject	3476	-
Assets/Furniture Mega Pack/Prefabs/Chairs/Chair20.prefab	950ae5be69ce15343895e234e10f1621	GameObject	3488	-
Assets/Furniture Mega Pack/Prefabs/Chairs/Chair21.prefab	5e7d2fef1bad6a34d8709843bc6669ee	GameObject	3470	-
Assets/Furniture Mega Pack/Prefabs/Chairs/Chair22.prefab	068b95be54bae7d4c85cf327c5478da0	GameObject	3486	-
Assets/Furniture Mega Pack/Prefabs/Chairs/Chair23.prefab	d97439bd48a8cb14cbb632dfce3acc51	GameObject	3486	-
Assets/Furniture Mega Pack/Prefabs/Chairs/Chair24.prefab	f7f49bc4af75f0749a956117d40cf0ed	GameObject	3485	-
Assets/Furniture Mega Pack/Prefabs/Chairs/Chair25.prefab	8fe768523bc48fa41ab8fa758abf41f1	GameObject	3481	-
Assets/Furniture Mega Pack/Prefabs/Chairs/Chair26.prefab	152ec74fb9851ef4caf87723e5a048c4	GameObject	3486	scene:BH_XR_MainScene
Assets/Furniture Mega Pack/Prefabs/Chairs/Chair27.prefab	acfad2fad0bb4594683273bd78b88d9d	GameObject	3485	-
Assets/Furniture Mega Pack/Prefabs/Chairs/Chair28.prefab	c8668666e0faac64caea9cc3fd411bcd	GameObject	3485	-
Assets/Furniture Mega Pack/Prefabs/Chairs/Chair29.prefab	a8c59117ffaeee041b30a0ca136061b6	GameObject	3482	-
Assets/Furniture Mega Pack/Prefabs/Chairs/Chair30.prefab	d9f99a9ba00c6af44be45aa5a2fa2dd0	GameObject	3485	-
Assets/Furniture Mega Pack/Prefabs/Chairs/Chair31.prefab	8e6a97186a6b5424d869d1098f7932c0	GameObject	3484	-
Assets/Furniture Mega Pack/Prefabs/Chairs/Chair32.prefab	53ce6d770d23d52418c1b24bfd650d3e	GameObject	3482	-
Assets/Furniture Mega Pack/Prefabs/Chairs/Chair33.prefab	6e1221fba226647409d003d99e2d7dd2	GameObject	3482	-
Assets/Furniture Mega Pack/Prefabs/Chairs/Chair34.prefab	2abb32a9826879e40ba4b87a1fe9a1c7	GameObject	3483	-
Assets/Furniture Mega Pack/Prefabs/Chairs/Chair35.prefab	fece71a7eef3a0b408e17c52646f6665	GameObject	3485	-
Assets/Furniture Mega Pack/Prefabs/Chairs/Chair36.prefab	51af8418b77824b43bad3dc3baf89a1e	GameObject	3480	-
Assets/Furniture Mega Pack/Prefabs/Chairs/Chair37.prefab	45fdc7aa704acec4f926d2fd687211cf	GameObject	3483	-
Assets/Furniture Mega Pack/Prefabs/Chairs/Chair38.prefab	67367c4df7bc5f242a74af782e9c7a2e	GameObject	3481	-
Assets/Furniture Mega Pack/Prefabs/Chairs/Chair39.prefab	da30b04cd2a2f1f4c97ed51b3e84bcd2	GameObject	3486	-
Assets/Furniture Mega Pack/Prefabs/Chairs/Chair40.prefab	0f1db1bc637a7a443a92cc92d24e08e9	GameObject	3479	-
Assets/Furniture Mega Pack/Prefabs/Chairs/Chair41.prefab	6a68f0f0a78982d428316e2b9c39f9db	GameObject	3483	-
Assets/Furniture Mega Pack/Prefabs/Chairs/Chair42.prefab	c0bf1ed2085450c428938432e041c372	GameObject	3486	-
Assets/Furniture Mega Pack/Prefabs/Chairs/Chair43.prefab	eafcc285ab1da13449451f968c1ea2e1	GameObject	3479	-
Assets/Furniture Mega Pack/Prefabs/Chairs/Chair44.prefab	097bd7925c5b868429cf338627c6eb2f	GameObject	3485	-
Assets/Furniture Mega Pack/Prefabs/Chairs/Chair45.prefab	45a4571ccb9549d4aa9f94865aa298f6	GameObject	3484	-
Assets/Furniture Mega Pack/Prefabs/Chairs/Chair46.prefab	957d68a94c66be847968318aae9f9990	GameObject	3483	-
Assets/Furniture Mega Pack/Prefabs/Chairs/Chair47.prefab	9b54a3455efd7404eb594daa3a9891e2	GameObject	3486	scene:BH_XR_MainScene
Assets/Furniture Mega Pack/Prefabs/Chairs/Chair48.prefab	8305f1152890bc847865923e1e39533e	GameObject	3486	scene:BH_XR_MainScene
Assets/Furniture Mega Pack/Prefabs/Chairs/Chair49.prefab	03e57b7761461be438fe4925c41b22cd	GameObject	3486	scene:BH_XR_MainScene
Assets/Furniture Mega Pack/Prefabs/Chairs/Chair50.prefab	132f83764bd80744380aaacd5d0f57f1	GameObject	3476	-
Assets/Furniture Mega Pack/Prefabs/Closets/Closet01.prefab	ecab5946fc82ea5459c10139ebfc248f	GameObject	3517	-
Assets/Furniture Mega Pack/Prefabs/Closets/Closet02.prefab	3fb2422b8d41c4d4098b671ebb44a4b6	GameObject	3517	-
Assets/Furniture Mega Pack/Prefabs/Closets/Closet03.prefab	ae0eee140f2b27444b2b39fa53e334e9	GameObject	3514	-
Assets/Furniture Mega Pack/Prefabs/Closets/Closet04.prefab	487466b848570584dad346bdf245c1be	GameObject	3518	-
Assets/Furniture Mega Pack/Prefabs/Closets/Closet05.prefab	dae4f95199df17640afb09c1cc6e3b07	GameObject	3517	-
Assets/Furniture Mega Pack/Prefabs/Closets/Closet06.prefab	4fd689be62ef92e4891b39ea8df1af6c	GameObject	3514	-
Assets/Furniture Mega Pack/Prefabs/Closets/Closet07.prefab	287a24175e7f8214da7dbebba36561bb	GameObject	3513	-
Assets/Furniture Mega Pack/Prefabs/Closets/Closet08.prefab	7f5394977e9021d4a8d54df2f68109ca	GameObject	3518	-
Assets/Furniture Mega Pack/Prefabs/Closets/Closet09.prefab	9aa97823d9d5e06428e0a3a58d4ccab0	GameObject	3517	-
Assets/Furniture Mega Pack/Prefabs/Closets/Closet10.prefab	6326c7cd4bdca7a48afd08435f428978	GameObject	3513	-
Assets/Furniture Mega Pack/Prefabs/Closets/Closet11.prefab	1769ed1868a682642b8f0d5fd83c6398	GameObject	3503	-
Assets/Furniture Mega Pack/Prefabs/Closets/Closet12.prefab	ca853db08f717ae49be58fb4c8ebe7c3	GameObject	3515	-
Assets/Furniture Mega Pack/Prefabs/Closets/Closet13.prefab	f12ad04a8c242424489a4b5c0e49ed62	GameObject	3529	-
Assets/Furniture Mega Pack/Prefabs/Closets/Closet14.prefab	7e1303e1b5f35384ea6e95efe2ebdb69	GameObject	3480	-
Assets/Furniture Mega Pack/Prefabs/Closets/Closet15.prefab	27abb203dc9090645a3fea78eafa3fab	GameObject	3486	-
Assets/Furniture Mega Pack/Prefabs/Closets/Closet16.prefab	7e36d92020d7c5049bdaed2d4a5b2f7a	GameObject	3514	-
Assets/Furniture Mega Pack/Prefabs/Closets/Closet17.prefab	af84ab27636aff24c9be45d67d65e031	GameObject	3516	-
Assets/Furniture Mega Pack/Prefabs/Closets/Closet18.prefab	649ca3daf1865654d8b3a4237bcc827e	GameObject	3518	-
Assets/Furniture Mega Pack/Prefabs/Closets/Closet19.prefab	4995404aeacdb1c43a85f81e1720a6d4	GameObject	3518	-
Assets/Furniture Mega Pack/Prefabs/Closets/Closet20.prefab	113d96753ee257745ab38daccd7a35b5	GameObject	3516	-
Assets/Furniture Mega Pack/Prefabs/Closets/Closet21.prefab	8cd1c61e73f2ea34b959a16c1d151104	GameObject	8788	scene:BH_XR_MainScene
Assets/Furniture Mega Pack/Prefabs/Closets/Closet22.prefab	423fe3884eb097f41a81c823231e772f	GameObject	8797	-
Assets/Furniture Mega Pack/Prefabs/Closets/Closet23.prefab	69adb4426cb56da4fb882b18c3cc9fad	GameObject	8788	-
Assets/Furniture Mega Pack/Prefabs/Closets/Closet24.prefab	68e171aa4c520064ea38c729fd90832a	GameObject	8776	-
Assets/Furniture Mega Pack/Prefabs/Closets/Closet25.prefab	f83f3f02901e0d74a95fe01e135f840e	GameObject	8792	-
Assets/Furniture Mega Pack/Prefabs/Closets/Closet26.prefab	d43501f43bb8cd347ad0b90885db107c	GameObject	6150	-
Assets/Furniture Mega Pack/Prefabs/Closets/Closet27.prefab	88bb7ef7246e3784d9809ba4f6b47928	GameObject	6145	-
Assets/Furniture Mega Pack/Prefabs/Closets/Closet28.prefab	936b695c6baa18142b21b3e8833b8519	GameObject	6153	-
Assets/Furniture Mega Pack/Prefabs/Closets/Closet29.prefab	7a702b946fc7bde4faefe4a6e21c763f	GameObject	6157	-
Assets/Furniture Mega Pack/Prefabs/Closets/Closet30.prefab	1398d45d9ef93774ba37f98c37b91e6c	GameObject	6155	-
Assets/Furniture Mega Pack/Prefabs/Closets/Closet31.prefab	5cd20e2f643e38f439425a00cb0d45a5	GameObject	3518	-
Assets/Furniture Mega Pack/Prefabs/Closets/Closet32.prefab	efd80c0231efd0c4ab3c88d1decad9ee	GameObject	3513	-
Assets/Furniture Mega Pack/Prefabs/Closets/Closet33.prefab	0f7bc047cd4ed5b489dc2321f22a8191	GameObject	3502	-
Assets/Furniture Mega Pack/Prefabs/Closets/Closet34.prefab	c8d95f0c0a8b2b842825cbe98c223ad1	GameObject	3518	-
Assets/Furniture Mega Pack/Prefabs/Closets/Closet35.prefab	18ab8441bc004f446b0bd6479a1f8431	GameObject	3517	-
Assets/Furniture Mega Pack/Prefabs/Closets/Closet36.prefab	d9bca690979e8a746a244f41022d3fc7	GameObject	3517	-
Assets/Furniture Mega Pack/Prefabs/Closets/Closet37.prefab	d9857521c7fed0841acea0faf364bdd1	GameObject	3518	-
Assets/Furniture Mega Pack/Prefabs/Closets/Closet38.prefab	1139e46b49b73f44a8a146c2c81118ed	GameObject	3517	-
Assets/Furniture Mega Pack/Prefabs/Closets/Closet39.prefab	8a242d66dee003343bdc31f344129605	GameObject	3517	-
Assets/Furniture Mega Pack/Prefabs/Closets/Closet40.prefab	bb07f41d1e5ca9f4591be2c2e8650e3f	GameObject	3515	-
Assets/Furniture Mega Pack/Prefabs/Closets/Closet41.prefab	f0e8dffd9565db74987cfd2ced204530	GameObject	3518	-
Assets/Furniture Mega Pack/Prefabs/Closets/Closet42.prefab	719a4a5f186191341a8b6b0fdc74e06d	GameObject	3514	-
Assets/Furniture Mega Pack/Prefabs/Closets/Closet43.prefab	2b4ba9b3dc4599c488794c34793f9297	GameObject	6153	-
Assets/Furniture Mega Pack/Prefabs/Closets/Closet44.prefab	8ade422e2ce65364e947e32864cb5328	GameObject	6156	-
Assets/Furniture Mega Pack/Prefabs/Closets/Closet45.prefab	b45adcd97e88a6e48b78ca2b07b9241f	GameObject	6159	-
Assets/Furniture Mega Pack/Prefabs/Closets/Closet46.prefab	94091d6156c0ef2418daa15aba56a05b	GameObject	8797	-
Assets/Furniture Mega Pack/Prefabs/Closets/Closet47.prefab	e52c2b5624a72ea4698e6b731b5902c7	GameObject	6157	-
Assets/Furniture Mega Pack/Prefabs/Closets/Closet48.prefab	fa25ddbf415fdc344aa1ed6d45096288	GameObject	6154	-
Assets/Furniture Mega Pack/Prefabs/Closets/Closet49.prefab	54f6707424f050447bcc26513aa37169	GameObject	6153	-
Assets/Furniture Mega Pack/Prefabs/Closets/Closet50.prefab	8280c7998c9ec154bb94aea042218629	GameObject	8783	-
Assets/Furniture Mega Pack/Prefabs/Cushioins/Cushion01.prefab	7f6aa054aa8095d4bb013cdb67e015c9	GameObject	3498	-
Assets/Furniture Mega Pack/Prefabs/Cushioins/Cushion02.prefab	b670f9ea72df69d4d8d0c5398d6d1ae3	GameObject	3502	scene:BH_XR_MainScene
Assets/Furniture Mega Pack/Prefabs/Cushioins/Cushion03.prefab	825f00b782061f84bb37e42b468ab061	GameObject	3499	-
Assets/Furniture Mega Pack/Prefabs/Cushioins/Cushion04.prefab	f465d0e9cea861746acdcb198879b0ad	GameObject	3489	-
Assets/Furniture Mega Pack/Prefabs/Cushioins/Cushion05.prefab	cfc4e31bf7c3bbc48a6a97f2126db323	GameObject	3483	-
Assets/Furniture Mega Pack/Prefabs/Cushioins/Cushion06.prefab	a398184eb41bc6a45b5b9ae2471ce994	GameObject	3488	scene:BH_XR_MainScene
Assets/Furniture Mega Pack/Prefabs/Cushioins/Cushion07.prefab	439a080bed4725b4994b3b57b61a1394	GameObject	3490	-
Assets/Furniture Mega Pack/Prefabs/Cushioins/Cushion08.prefab	65eb9f6193eee684ea7988dcb74cc5dd	GameObject	3490	-
Assets/Furniture Mega Pack/Prefabs/Cushioins/Cushion09.prefab	556165b0392f6c1428b4f37b8b4f071f	GameObject	3485	-
Assets/Furniture Mega Pack/Prefabs/Cushioins/Cushion10.prefab	baec48f2143332a429fc8bbd665dec5a	GameObject	3482	-
Assets/Furniture Mega Pack/Prefabs/Cushioins/Cushion11.prefab	a50f3cabaf6a3f64ea88e170457f2af3	GameObject	3490	-
Assets/Furniture Mega Pack/Prefabs/Cushioins/Cushion12.prefab	43f4e166b8c8d284b82360443b256b4c	GameObject	3487	-
Assets/Furniture Mega Pack/Prefabs/Cushioins/Cushion13.prefab	6611becc8c216694e8ed578c7a2eb86a	GameObject	3482	-
Assets/Furniture Mega Pack/Prefabs/Cushioins/Cushion14.prefab	37b89e0ad0a3c7d40b74d032ecece79f	GameObject	3487	-
Assets/Furniture Mega Pack/Prefabs/Cushioins/Cushion15.prefab	3e30862e4c63dd3419b3de4d8024c6a7	GameObject	3480	-
Assets/Furniture Mega Pack/Prefabs/Cushioins/Cushion16.prefab	c8e969cc3a9d44247a0a69f04b93a5f5	GameObject	3488	-
Assets/Furniture Mega Pack/Prefabs/Cushioins/Cushion17.prefab	0aa2237cf9908f64a8793e91260fb266	GameObject	3485	-
Assets/Furniture Mega Pack/Prefabs/Cushioins/Cushion18.prefab	efecd23b9225ab847b163a514cb5486c	GameObject	3489	-
Assets/Furniture Mega Pack/Prefabs/Cushioins/Cushion19.prefab	8ef827045d4afa246aa7d9d0a55131e5	GameObject	3490	-
Assets/Furniture Mega Pack/Prefabs/Cushioins/Cushion20.prefab	bd94a554fd7793b478add23a579d7061	GameObject	3487	-
Assets/Furniture Mega Pack/Prefabs/Cushioins/Cushion21.prefab	9e912921ecd42ab4282887df601ee60c	GameObject	3485	scene:BH_XR_MainScene
Assets/Furniture Mega Pack/Prefabs/Cushioins/Cushion22.prefab	064543d3b59eecd44aba841d69f42e4f	GameObject	3489	-
Assets/Furniture Mega Pack/Prefabs/Cushioins/Cushion23.prefab	74d52ca59b624864a8aad3a4810a24ab	GameObject	3489	-
Assets/Furniture Mega Pack/Prefabs/Cushioins/Cushion24.prefab	d9d68067df748504897c6b3a4e893c91	GameObject	3488	-
Assets/Furniture Mega Pack/Prefabs/Cushioins/Cushion25.prefab	4c1800ea02b2fe347a723d08e94864eb	GameObject	3490	-
Assets/Furniture Mega Pack/Prefabs/Cushioins/Cushion26.prefab	4714f5fd306c0d845b95e28f8061035a	GameObject	3489	-
Assets/Furniture Mega Pack/Prefabs/Cushioins/Cushion27.prefab	8eb54c96561e08541bdd40574c773449	GameObject	3490	-
Assets/Furniture Mega Pack/Prefabs/Cushioins/Cushion28.prefab	542c21f984204334ca7c388fe14e1aaa	GameObject	3489	-
Assets/Furniture Mega Pack/Prefabs/Cushioins/Cushion29.prefab	f193697e09c63b54b887deb4b555f03b	GameObject	3490	-
Assets/Furniture Mega Pack/Prefabs/Cushioins/Cushion30.prefab	afc6aa5bea9832e43a691d5ba3708b21	GameObject	3489	-
Assets/Furniture Mega Pack/Prefabs/Cushioins/Cushion31.prefab	e042b997cafb7cf43aee02508b194d4d	GameObject	3483	-
Assets/Furniture Mega Pack/Prefabs/Cushioins/Cushion32.prefab	2095d8a2132bb254caa3cf59f421d94a	GameObject	3489	-
Assets/Furniture Mega Pack/Prefabs/Cushioins/Cushion33.prefab	1009b18acfb460d4e9bbb8a4744a1167	GameObject	3489	-
Assets/Furniture Mega Pack/Prefabs/Cushioins/Cushion34.prefab	ea1ecffb9f81daf4899c89b0c77d0551	GameObject	3483	-
Assets/Furniture Mega Pack/Prefabs/Cushioins/Cushion35.prefab	a921f77d94da81a478e7700b7b1469fd	GameObject	3489	-
Assets/Furniture Mega Pack/Prefabs/Cushioins/Cushion36.prefab	3bacba4f69e99db41b59608ce62ce089	GameObject	3490	-
Assets/Furniture Mega Pack/Prefabs/Cushioins/Cushion37.prefab	345bb6b9aa7e35a41873778773be228f	GameObject	3487	-
Assets/Furniture Mega Pack/Prefabs/Cushioins/Cushion38.prefab	d2819fcf6b48ddd42854b5fa468d13b0	GameObject	3485	-
Assets/Furniture Mega Pack/Prefabs/Cushioins/Cushion39.prefab	9796e874c2b557341964bceac42973fb	GameObject	3483	-
Assets/Furniture Mega Pack/Prefabs/Cushioins/Cushion40.prefab	8c5fd8271cd0b7a4390b77555304517c	GameObject	3490	-
Assets/Furniture Mega Pack/Prefabs/Cushioins/Cushion41.prefab	9e817b0a349c3354ebcf2dbb6d6603c7	GameObject	3480	-
Assets/Furniture Mega Pack/Prefabs/Cushioins/Cushion42.prefab	bfaa1a25c8b3e4547bf612e1e0baebb6	GameObject	3488	-
Assets/Furniture Mega Pack/Prefabs/Cushioins/Cushion43.prefab	7f2c238736980464181dbd6106cc5350	GameObject	3489	-
Assets/Furniture Mega Pack/Prefabs/Cushioins/Cushion44.prefab	f8f60c405403a4444b3a9a2ece33709a	GameObject	3480	-
Assets/Furniture Mega Pack/Prefabs/Cushioins/Cushion45.prefab	a5b0655d540712f458ab441f0fbe246c	GameObject	3484	-
Assets/Furniture Mega Pack/Prefabs/Cushioins/Cushion46.prefab	0707f26b71014d749bad1f19ddb609e7	GameObject	3487	-
Assets/Furniture Mega Pack/Prefabs/Cushioins/Cushion47.prefab	2469a9f1bfd6a2247ad636953dafb718	GameObject	3490	-
Assets/Furniture Mega Pack/Prefabs/Cushioins/Cushion48.prefab	04fbe38c8f5338f4abdad2cf59cde335	GameObject	3486	-
Assets/Furniture Mega Pack/Prefabs/Cushioins/Cushion49.prefab	32335d9d3678a1f4d877679d8be0e82f	GameObject	3489	-
Assets/Furniture Mega Pack/Prefabs/Cushioins/Cushion50.prefab	7dbddd155e396a34caf49c32d4acd4cb	GameObject	3488	-
Assets/Furniture Mega Pack/Prefabs/Drawers/Drawer01.prefab	7afefb2c8e945be4c8ad48b9fd5865a7	GameObject	11245	-
Assets/Furniture Mega Pack/Prefabs/Drawers/Drawer02.prefab	369ca9e12b4431646bb9c47f9b72e0d6	GameObject	11234	-
Assets/Furniture Mega Pack/Prefabs/Drawers/Drawer03.prefab	04805d9fbd334654b92f9598db4ec946	GameObject	11242	-
Assets/Furniture Mega Pack/Prefabs/Drawers/Drawer04.prefab	2d9268d9371550f4397ad4557300d54c	GameObject	11247	-
Assets/Furniture Mega Pack/Prefabs/Drawers/Drawer05.prefab	17b382c86dadb4a47988da20d12f93ef	GameObject	11246	-
Assets/Furniture Mega Pack/Prefabs/Drawers/Drawer06.prefab	88f87bf2ebf55ee4388d499ea5d7ae86	GameObject	8668	-
Assets/Furniture Mega Pack/Prefabs/Drawers/Drawer07.prefab	11952daaf4c5ae747b6ba807a15fd77b	GameObject	8697	-
Assets/Furniture Mega Pack/Prefabs/Drawers/Drawer08.prefab	69ab033508b3cf7429182f37f6711a6a	GameObject	8697	-
Assets/Furniture Mega Pack/Prefabs/Drawers/Drawer09.prefab	65077924a00ce9e49b55294561b23c31	GameObject	8672	-
Assets/Furniture Mega Pack/Prefabs/Drawers/Drawer10.prefab	2710b31cd4222794382ab98bda65170b	GameObject	8681	-
Assets/Furniture Mega Pack/Prefabs/Drawers/Drawer11.prefab	de6a99b864840fc4f9690f2a68a8c01b	GameObject	11246	-
Assets/Furniture Mega Pack/Prefabs/Drawers/Drawer12.prefab	6f0d8f4b00442bd4d8670637f31b039e	GameObject	13851	-
Assets/Furniture Mega Pack/Prefabs/Drawers/Drawer13.prefab	75bb8d01446716f458e23ce1acb5474a	GameObject	19045	-
Assets/Furniture Mega Pack/Prefabs/Drawers/Drawer14.prefab	e85300fd662ca5d469aa2b7b9fb5ff08	GameObject	11284	-
Assets/Furniture Mega Pack/Prefabs/Drawers/Drawer15.prefab	e6c50ae9070dc7a4eae9afd14bc3af66	GameObject	13820	-
Assets/Furniture Mega Pack/Prefabs/Drawers/Drawer16.prefab	1c2454e015b988f44bd3ae683d589203	GameObject	13829	-
Assets/Furniture Mega Pack/Prefabs/Drawers/Drawer17.prefab	f85288cd31944a94884685e3c47837f5	GameObject	13819	-
Assets/Furniture Mega Pack/Prefabs/Drawers/Drawer18.prefab	d4872ccbefdc29640b2dd7497dedca98	GameObject	13830	-
Assets/Furniture Mega Pack/Prefabs/Drawers/Drawer19.prefab	29aff85e718820946990b6e43f6ab61f	GameObject	11250	-
Assets/Furniture Mega Pack/Prefabs/Drawers/Drawer20.prefab	799d681e05c15be41a39bf6efdc26b88	GameObject	13822	-
Assets/Furniture Mega Pack/Prefabs/Drawers/Drawer21.prefab	d41c0de5fe778504a882e1e82594b27c	GameObject	13814	-
Assets/Furniture Mega Pack/Prefabs/Drawers/Drawer22.prefab	a959be90b0c0a314d8f6f83279a93b56	GameObject	13816	-
Assets/Furniture Mega Pack/Prefabs/Drawers/Drawer23.prefab	28704a23263bea54c93b05a69a47997c	GameObject	13829	-
Assets/Furniture Mega Pack/Prefabs/Drawers/Drawer24.prefab	c0cb9887a0543e7449358145a0c438af	GameObject	11235	-
Assets/Furniture Mega Pack/Prefabs/Drawers/Drawer25.prefab	cb182a5da66d85a4081e4740fabcfd95	GameObject	11253	-
Assets/Furniture Mega Pack/Prefabs/Drawers/Drawer26.prefab	777ce8bde2049a44992687d64a3569ef	GameObject	11240	-
Assets/Furniture Mega Pack/Prefabs/Drawers/Drawer27.prefab	b4b4a1a80ae94f840b1f6346c5e09bd7	GameObject	11279	-
Assets/Furniture Mega Pack/Prefabs/Drawers/Drawer28.prefab	a20dc526241b4dc42b5539fe7a9ac726	GameObject	11246	-
Assets/Furniture Mega Pack/Prefabs/Drawers/Drawer29.prefab	1b950c4bbc2f2144ab22161141fd2950	GameObject	16425	-
Assets/Furniture Mega Pack/Prefabs/Drawers/Drawer30.prefab	34cbf549125989d4fab104b7a1ea86c4	GameObject	13867	-
Assets/Furniture Mega Pack/Prefabs/Drawers/Drawer31.prefab	f80f1804d6babef428447efd42e2fa75	GameObject	26773	-
Assets/Furniture Mega Pack/Prefabs/Drawers/Drawer32.prefab	38c862e8469e4aa4a91dc9b58e4b896c	GameObject	26799	-
Assets/Furniture Mega Pack/Prefabs/Drawers/Drawer33.prefab	8d397b5f56bf4ea409c9d529ea69ad1e	GameObject	19010	-
Assets/Furniture Mega Pack/Prefabs/Drawers/Drawer34.prefab	7b3d39ee598010e489a7900df496ca0c	GameObject	13816	-
Assets/Furniture Mega Pack/Prefabs/Drawers/Drawer35.prefab	ee54c8752afee4a4fb1e2a2d5569cc0d	GameObject	21635	-
Assets/Furniture Mega Pack/Prefabs/Drawers/Drawer36.prefab	a1c8c2454b0c95942944c837286faa71	GameObject	19040	-
Assets/Furniture Mega Pack/Prefabs/Drawers/Drawer37.prefab	36867d725477eb14ea37f9f94e51fa24	GameObject	11239	-
Assets/Furniture Mega Pack/Prefabs/Drawers/Drawer38.prefab	56264f34f14c7274b82bf4e977590274	GameObject	21647	-
Assets/Furniture Mega Pack/Prefabs/Drawers/Drawer39.prefab	86e0a56eec3cc6840abdc8d1894f117d	GameObject	21634	-
Assets/Furniture Mega Pack/Prefabs/Drawers/Drawer40.prefab	07879566b0420df40951d151bc78654f	GameObject	21643	-
Assets/Furniture Mega Pack/Prefabs/Drawers/Drawer41.prefab	7b2e5ed3539a22446b60d3fafcf6774e	GameObject	18978	-
Assets/Furniture Mega Pack/Prefabs/Drawers/Drawer42.prefab	3c5aa765200aecc49851a8a1c0e6617f	GameObject	13824	-
Assets/Furniture Mega Pack/Prefabs/Drawers/Drawer43.prefab	1fe4512e4638b3e438c4e563f84112f7	GameObject	11241	-
Assets/Furniture Mega Pack/Prefabs/Drawers/Drawer44.prefab	1804757c6e4720140b5e4789a8261893	GameObject	11242	-
Assets/Furniture Mega Pack/Prefabs/Drawers/Drawer45.prefab	89fae1a1861e88943a198f95508c6493	GameObject	26806	-
Assets/Furniture Mega Pack/Prefabs/Drawers/Drawer46.prefab	b742eb4a8ffa355428617d7a605ec33e	GameObject	26714	-
Assets/Furniture Mega Pack/Prefabs/Drawers/Drawer47.prefab	36e746b615b2caa47b83b8463746aece	GameObject	19116	-
Assets/Furniture Mega Pack/Prefabs/Drawers/Drawer48.prefab	dfba8591df58b14468f8fb7bb843bad7	GameObject	13886	-
Assets/Furniture Mega Pack/Prefabs/Drawers/Drawer49.prefab	602853ed72bb22f49891d3c9ffde6bca	GameObject	13826	-
Assets/Furniture Mega Pack/Prefabs/Drawers/Drawer50.prefab	51ded64a7d1adc44d97b5848c81db8e6	GameObject	13872	-
Assets/Furniture Mega Pack/Prefabs/Kitchen/CabinetA01.prefab	a142761de3c41744fa2aed922a70913e	GameObject	6090	-
Assets/Furniture Mega Pack/Prefabs/Kitchen/CabinetA02.prefab	6468a71e97f039f4dba7df716de2a76a	GameObject	6086	-
Assets/Furniture Mega Pack/Prefabs/Kitchen/CabinetA03.prefab	f13f8355b10051640b4a15727cbf2747	GameObject	11289	-
Assets/Furniture Mega Pack/Prefabs/Kitchen/CabinetA04.prefab	c8d72875136fd144e825bf09ea79eea9	GameObject	8683	-
Assets/Furniture Mega Pack/Prefabs/Kitchen/CabinetA05.prefab	918fbfdd4c6b2a5498a0a37e3c34022f	GameObject	6086	-
Assets/Furniture Mega Pack/Prefabs/Kitchen/CabinetA06.prefab	02c3d140e69b47649baf4975ee72394a	GameObject	6096	-
Assets/Furniture Mega Pack/Prefabs/Kitchen/CabinetA07.prefab	fb58be9ce6e4cce45a8af956f9b53dd4	GameObject	3491	-
Assets/Furniture Mega Pack/Prefabs/Kitchen/CabinetACorner01.prefab	f068c3514558c754aacc713e73b86383	GameObject	3505	-
Assets/Furniture Mega Pack/Prefabs/Kitchen/CabinetACorner02.prefab	83ab64f430bcd4c40b7890c0f82eb665	GameObject	3499	-
Assets/Furniture Mega Pack/Prefabs/Kitchen/CabinetA_Sink.prefab	d676e23e2a5763549a326d2b7e99ae79	GameObject	8696	-
Assets/Furniture Mega Pack/Prefabs/Kitchen/CabinetB01.prefab	93aa19ab9bb320d489a913a994ae755d	GameObject	6104	-
Assets/Furniture Mega Pack/Prefabs/Kitchen/CabinetB02.prefab	386736fba5adf7047925f6e124b70d34	GameObject	6126	-
Assets/Furniture Mega Pack/Prefabs/Kitchen/CabinetB03.prefab	05efa5f908e13684fa24eeeb356a636a	GameObject	11290	-
Assets/Furniture Mega Pack/Prefabs/Kitchen/CabinetB04.prefab	4cfe23ff2268b3d43b776a9a69b23355	GameObject	8679	-
Assets/Furniture Mega Pack/Prefabs/Kitchen/CabinetB05.prefab	8dd3fc284372fea43a51adbe85133745	GameObject	6129	-
Assets/Furniture Mega Pack/Prefabs/Kitchen/CabinetB06.prefab	c6daa0af2b9e7d74bbcec499ba38c783	GameObject	6105	-
Assets/Furniture Mega Pack/Prefabs/Kitchen/CabinetB07.prefab	0b10fd9059c47cc47b4f5e58c8e41805	GameObject	3492	-
Assets/Furniture Mega Pack/Prefabs/Kitchen/CabinetBCorner01.prefab	9204186aabf1ed3419f0db4eb1eef808	GameObject	3504	-
Assets/Furniture Mega Pack/Prefabs/Kitchen/CabinetBCorner02.prefab	e06511d705fce9c4cafdb0a71db48ba1	GameObject	3501	-
Assets/Furniture Mega Pack/Prefabs/Kitchen/CabinetB_Sink.prefab	bc0a9d0c56f34214c981a013ffb09176	GameObject	8709	-
Assets/Furniture Mega Pack/Prefabs/Kitchen/CabinetC01.prefab	feca3aaf102431e4684de51cc94a2703	GameObject	6078	-
Assets/Furniture Mega Pack/Prefabs/Kitchen/CabinetC02.prefab	3c7aa52bf9d0e734aa6e0b2ce7428bca	GameObject	6086	-
Assets/Furniture Mega Pack/Prefabs/Kitchen/CabinetC03.prefab	a66da34f01a03ad4184a499f300e2370	GameObject	11287	-
Assets/Furniture Mega Pack/Prefabs/Kitchen/CabinetC04.prefab	c9cc0fd7cd2140c4c882d298aceb1104	GameObject	8674	-
Assets/Furniture Mega Pack/Prefabs/Kitchen/CabinetC05.prefab	3f216826fedff464dbde70128ba61050	GameObject	6090	-
Assets/Furniture Mega Pack/Prefabs/Kitchen/CabinetC06.prefab	a560709d6f2e753419f9de8e44cd99f0	GameObject	6077	-
Assets/Furniture Mega Pack/Prefabs/Kitchen/CabinetC07.prefab	8466ef95c2e5cde41aabd7eac01db17b	GameObject	3492	-
Assets/Furniture Mega Pack/Prefabs/Kitchen/CabinetCCorner01.prefab	1e857d2bff9a97a4f95589e83aadfd4a	GameObject	3497	-
Assets/Furniture Mega Pack/Prefabs/Kitchen/CabinetCCorner02.prefab	fe11502b5cbec8d479aa6ac4db6c4d01	GameObject	3504	-
Assets/Furniture Mega Pack/Prefabs/Kitchen/CabinetC_Sink.prefab	49aff6557c8b33449bbf335f9e02fd18	GameObject	8700	-
Assets/Furniture Mega Pack/Prefabs/Kitchen/CabinetD01.prefab	918c439a9060fab4f9e3528d63b999db	GameObject	6090	-
Assets/Furniture Mega Pack/Prefabs/Kitchen/CabinetD02.prefab	ceca279d94469164b866d7c4cec050aa	GameObject	6086	-
Assets/Furniture Mega Pack/Prefabs/Kitchen/CabinetD03.prefab	fcc287e8c143c4342ac4514e9af4b818	GameObject	11286	-
Assets/Furniture Mega Pack/Prefabs/Kitchen/CabinetD04.prefab	9c6110408c6722a43b3c7f5668f7a225	GameObject	8683	-
Assets/Furniture Mega Pack/Prefabs/Kitchen/CabinetD05.prefab	086451d70f99baf41aacf1a2c725f135	GameObject	6085	-
Assets/Furniture Mega Pack/Prefabs/Kitchen/CabinetD06.prefab	1008f2da0f99b1947bc5230fc01b7b0f	GameObject	6087	-
Assets/Furniture Mega Pack/Prefabs/Kitchen/CabinetD07.prefab	b3d1518368a120846ae0f460c0309af0	GameObject	3492	-
Assets/Furniture Mega Pack/Prefabs/Kitchen/CabinetDCorner01.prefab	94f364f06a7deb94b997c72903331e97	GameObject	3504	-
Assets/Furniture Mega Pack/Prefabs/Kitchen/CabinetDCorner02.prefab	85a2c0b3024206546a7db58ece4e8a72	GameObject	3501	-
Assets/Furniture Mega Pack/Prefabs/Kitchen/CabinetD_Sink.prefab	eb8409df58e0b7543bd52bb75635dbaa	GameObject	8697	-
Assets/Furniture Mega Pack/Prefabs/Kitchen/CabinetE01.prefab	e2fa1db6b9c2c8143b2faf724b0bd43a	GameObject	6090	-
Assets/Furniture Mega Pack/Prefabs/Kitchen/CabinetE02.prefab	4c1a1b7e5ade1474f940fe9a8958bf69	GameObject	6079	-
Assets/Furniture Mega Pack/Prefabs/Kitchen/CabinetE03.prefab	ccd6c6292aa459e44ad9558063548c5f	GameObject	11290	-
Assets/Furniture Mega Pack/Prefabs/Kitchen/CabinetE04.prefab	6fcd30bdbae1ac245917ab3a0f196aeb	GameObject	8682	-
Assets/Furniture Mega Pack/Prefabs/Kitchen/CabinetE05.prefab	49307a3d73698dd4389700e4747a2bde	GameObject	6085	-
Assets/Furniture Mega Pack/Prefabs/Kitchen/CabinetE06.prefab	af7d3504b7a57004bb7540a356e32c8d	GameObject	6089	-
Assets/Furniture Mega Pack/Prefabs/Kitchen/CabinetE07.prefab	54cfbe16197a63844b39620ee8aae3cc	GameObject	3487	-
Assets/Furniture Mega Pack/Prefabs/Kitchen/CabinetECorner01.prefab	d754c98ea35866349a1edf1260f9a689	GameObject	3499	-
Assets/Furniture Mega Pack/Prefabs/Kitchen/CabinetECorner02.prefab	0e3364b29a0919b4082b6b49fab7f588	GameObject	3505	-
Assets/Furniture Mega Pack/Prefabs/Kitchen/CabinetE_Sink.prefab	2434c38572d52e7418b398528f0866ff	GameObject	8697	-
Assets/Furniture Mega Pack/Prefabs/Kitchen/CabinetF01.prefab	278872f71b2970e40a35d114b3064149	GameObject	6087	-
Assets/Furniture Mega Pack/Prefabs/Kitchen/CabinetF02.prefab	862d8df62968cf34eb6e589c5169a54c	GameObject	6082	-
Assets/Furniture Mega Pack/Prefabs/Kitchen/CabinetF03.prefab	c7dc25533c0580d418e49496a16248d7	GameObject	11289	-
Assets/Furniture Mega Pack/Prefabs/Kitchen/CabinetF04.prefab	3c08e2ee9a69e8245b24d6b49d5024a6	GameObject	8681	-
Assets/Furniture Mega Pack/Prefabs/Kitchen/CabinetF05.prefab	bab761e93c5403d45bbf4d1812d2b846	GameObject	6091	-
Assets/Furniture Mega Pack/Prefabs/Kitchen/CabinetF06.prefab	5f92647b0de33d44a82ff3efe0148d8a	GameObject	6084	-
Assets/Furniture Mega Pack/Prefabs/Kitchen/CabinetF07.prefab	62ed8cb0c199e34499eb283a125216ab	GameObject	3493	-
Assets/Furniture Mega Pack/Prefabs/Kitchen/CabinetFCorner01.prefab	d8c891072a87ab344a1bd982f8a78468	GameObject	3504	-
Assets/Furniture Mega Pack/Prefabs/Kitchen/CabinetFCorner02.prefab	82be2afc7d828f5449d49dfc0e61d821	GameObject	3502	-
Assets/Furniture Mega Pack/Prefabs/Kitchen/CabinetF_Sink.prefab	c8c93c9e65d193a46a0905428e84dbbb	GameObject	8704	-
Assets/Furniture Mega Pack/Prefabs/Kitchen/CabinetG01.prefab	d57695dc5e4d6b541ad2c5a9c896b917	GameObject	6084	-
Assets/Furniture Mega Pack/Prefabs/Kitchen/CabinetG02.prefab	dbf5d4beed440b64e84a6419194c4e8e	GameObject	6086	-
Assets/Furniture Mega Pack/Prefabs/Kitchen/CabinetG03.prefab	d52c636ba3c84aa46924bdd3e53590ad	GameObject	11273	-
Assets/Furniture Mega Pack/Prefabs/Kitchen/CabinetG04.prefab	899fe677eb2561d4fac07a53aad6be57	GameObject	8681	-
Assets/Furniture Mega Pack/Prefabs/Kitchen/CabinetG05.prefab	1d007e8e41200ff41bb826eedf06f6ff	GameObject	6089	-
Assets/Furniture Mega Pack/Prefabs/Kitchen/CabinetG06.prefab	a27c9b7396c03eb4fa2da3b443bf8040	GameObject	6091	-
Assets/Furniture Mega Pack/Prefabs/Kitchen/CabinetG07.prefab	46a6a80f6aec7a242afbadfae948149d	GameObject	3489	-
Assets/Furniture Mega Pack/Prefabs/Kitchen/CabinetGCorner01.prefab	66439534740f77548b4a7401823ca5ea	GameObject	3505	-
Assets/Furniture Mega Pack/Prefabs/Kitchen/CabinetGCorner02.prefab	68ab989994cad484eb4bad46572625b7	GameObject	3503	-
Assets/Furniture Mega Pack/Prefabs/Kitchen/CabinetG_Sink.prefab	e575cab885e18d543a480d6e7724283f	GameObject	8702	-
Assets/Furniture Mega Pack/Prefabs/Kitchen/GasStove01.prefab	19039a4577cb54748807667172c13ca4	GameObject	8767	-
Assets/Furniture Mega Pack/Prefabs/Kitchen/GasStove02.prefab	d8606f2d39bb7f8409da9460a84275a1	GameObject	8775	-
Assets/Furniture Mega Pack/Prefabs/Kitchen/GasStove03.prefab	9afe2cb2b1bc0f94c9788b860d101095	GameObject	8708	-
Assets/Furniture Mega Pack/Prefabs/Kitchen/GasStove04.prefab	768d53462fe3c544eb16e17b66432780	GameObject	6090	-
Assets/Furniture Mega Pack/Prefabs/Kitchen/GasStove05.prefab	c04a2c3fec6c47444920f7959c2dc1c0	GameObject	8687	-
Assets/Furniture Mega Pack/Prefabs/Kitchen/GasStove06.prefab	6fe62be4a9d21804cb96395754a213d1	GameObject	6089	-
Assets/Furniture Mega Pack/Prefabs/Kitchen/GasStove07.prefab	a6650fd1d50b62b439e48773e72ec831	GameObject	13896	-
Assets/Furniture Mega Pack/Prefabs/Kitchen/KitchenExhaust01.prefab	add8679f3d7cb354086640123862635d	GameObject	3502	-
Assets/Furniture Mega Pack/Prefabs/Kitchen/KitchenExhaust02.prefab	c3835c5ae4aa7844fb5efb2c963d3a87	GameObject	3504	-
Assets/Furniture Mega Pack/Prefabs/Kitchen/KitchenExhaust03.prefab	7a06a3fce8ce47e40a42fe8b31c40eed	GameObject	3504	-
Assets/Furniture Mega Pack/Prefabs/Kitchen/KitchenExhaust04.prefab	3beafa2067be67a4d83ab0437e1f66e0	GameObject	3504	-
Assets/Furniture Mega Pack/Prefabs/Kitchen/KitchenExhaust05.prefab	07ce33531c3ebb84b90d1a0d5004eaa3	GameObject	3505	-
Assets/Furniture Mega Pack/Prefabs/Kitchen/KitchenExhaust06.prefab	0fda4e56379a4ab4bbf843485f7e44a3	GameObject	3505	-
Assets/Furniture Mega Pack/Prefabs/Kitchen/KitchenExhaust07.prefab	61147281690047d44a18792e20ba8b39	GameObject	3503	-
Assets/Furniture Mega Pack/Prefabs/Kitchen/KitchenOven01.prefab	5e0479ab474515c4aac20263da9eed62	GameObject	16475	-
Assets/Furniture Mega Pack/Prefabs/Kitchen/KitchenOven02.prefab	d934d292433214141a635aa9f17d12ce	GameObject	16492	-
Assets/Furniture Mega Pack/Prefabs/Kitchen/KitchenOven03.prefab	62999ea99080f7a408aae762b7ef936b	GameObject	19140	-
Assets/Furniture Mega Pack/Prefabs/Kitchen/KitchenOven04.prefab	a3ad0658c6cd02a4094db57748e84db4	GameObject	19144	-
Assets/Furniture Mega Pack/Prefabs/Kitchen/KitchenOven05.prefab	06778bf815c99da47bb28552896597a2	GameObject	11280	-
Assets/Furniture Mega Pack/Prefabs/Kitchen/KitchenOven06.prefab	c3cb9f276caddcf469062bf234f5e0a2	GameObject	11287	-
Assets/Furniture Mega Pack/Prefabs/Kitchen/KitchenOven07.prefab	9afeb3d44253fd646859764058d28b96	GameObject	11253	-
Assets/Furniture Mega Pack/Prefabs/Kitchen/MicrowaveOven01.prefab	c02932adaa0770544b77e0a50f3d5f1a	GameObject	16516	-
Assets/Furniture Mega Pack/Prefabs/Kitchen/MicrowaveOven02.prefab	b47d2e27a88dd4d4980f333390e1624f	GameObject	16494	-
Assets/Furniture Mega Pack/Prefabs/Kitchen/MicrowaveOven03.prefab	82009cbcd4a30b24695e8c8c9e1e7d51	GameObject	13894	-
Assets/Furniture Mega Pack/Prefabs/Kitchen/MicrowaveOven04.prefab	e6f65607f476f9d41852e008465e9590	GameObject	16511	-
Assets/Furniture Mega Pack/Prefabs/Kitchen/MicrowaveOven05.prefab	df35cea4da58bc24d8b5eb2c40849759	GameObject	16520	-
Assets/Furniture Mega Pack/Prefabs/Kitchen/MicrowaveOven06.prefab	74fb55dc3f6e1bb4c86086a5b4811da1	GameObject	13914	-
Assets/Furniture Mega Pack/Prefabs/Kitchen/MicrowaveOven07.prefab	9aefece49c632a84386617e1f6363ba5	GameObject	11322	-
Assets/Furniture Mega Pack/Prefabs/Kitchen/Refrigerator01.prefab	63f019662ffaaba4caf7a6132ee3b7af	GameObject	8685	-
Assets/Furniture Mega Pack/Prefabs/Kitchen/Refrigerator02.prefab	514d8e30396a5714aa6e425fa787b2b6	GameObject	8698	-
Assets/Furniture Mega Pack/Prefabs/Kitchen/Refrigerator03.prefab	e7b798f3214e48848ae8607c68f39241	GameObject	19108	-
Assets/Furniture Mega Pack/Prefabs/Kitchen/Refrigerator04.prefab	cc124287877ca7744a52425119fdf061	GameObject	13913	-
Assets/Furniture Mega Pack/Prefabs/Kitchen/Refrigerator05.prefab	9cb0b3aa44c222945968a2b4cf0c46b5	GameObject	8692	-
Assets/Furniture Mega Pack/Prefabs/Kitchen/Refrigerator06.prefab	e073010eff8990e469a4f81512cd43c1	GameObject	13886	-
Assets/Furniture Mega Pack/Prefabs/Kitchen/Refrigerator07.prefab	f09ca6632fad6b242aa80476396d1d6f	GameObject	8702	-
Assets/Furniture Mega Pack/Prefabs/Kitchen/Sink01.prefab	9f0b6996bd8296e4985bab0d635dbdb6	GameObject	11260	-
Assets/Furniture Mega Pack/Prefabs/Kitchen/Sink02.prefab	0268afc96093ff841aecc201cad6dab0	GameObject	11299	-
Assets/Furniture Mega Pack/Prefabs/Kitchen/Sink03.prefab	4ae539fb770c5994bb2b53c1dda1ca1f	GameObject	11243	-
Assets/Furniture Mega Pack/Prefabs/Kitchen/Sink04.prefab	c746bafc63596504db19fb8a67bb6997	GameObject	13872	-
Assets/Furniture Mega Pack/Prefabs/Kitchen/Sink05.prefab	11643ec447310d84ea33287c1a49253f	GameObject	13935	-
Assets/Furniture Mega Pack/Prefabs/Kitchen/Sink06.prefab	cbaef4e0e3332ef45b322275d7653ea0	GameObject	16540	-
Assets/Furniture Mega Pack/Prefabs/Kitchen/Sink07.prefab	75e9598c15fba2941bcd42b4436bf8ec	GameObject	11278	-
Assets/Furniture Mega Pack/Prefabs/Sofas/Sofa01.prefab	c35b87783bbaa274f84e62c35e2a4a74	GameObject	3484	-
Assets/Furniture Mega Pack/Prefabs/Sofas/Sofa02.prefab	37b824d7267a6d641b0d5da4c2e5c9de	GameObject	3482	-
Assets/Furniture Mega Pack/Prefabs/Sofas/Sofa03.prefab	7e8fe2dc995805846973e5c953634d39	GameObject	3480	-
Assets/Furniture Mega Pack/Prefabs/Sofas/Sofa04.prefab	15a893ac165cae8498a83215657c023f	GameObject	3484	-
Assets/Furniture Mega Pack/Prefabs/Sofas/Sofa05.prefab	144da6297c34ca943b2455225a7e969a	GameObject	3482	-
Assets/Furniture Mega Pack/Prefabs/Sofas/Sofa06.prefab	b083872f0f956214bb281c886ac3e6f2	GameObject	3479	-
Assets/Furniture Mega Pack/Prefabs/Sofas/Sofa07.prefab	eb219f5004450f1429ecb0bfee72a89b	GameObject	3484	-
Assets/Furniture Mega Pack/Prefabs/Sofas/Sofa08.prefab	73b8db2019487674a8d9d014cbaaae90	GameObject	3478	-
Assets/Furniture Mega Pack/Prefabs/Sofas/Sofa09.prefab	c1c1dcdf3582e5a40af37c05cfc93d0e	GameObject	3480	-
Assets/Furniture Mega Pack/Prefabs/Sofas/Sofa10.prefab	95da023d2b6394c48b40ca82d8750e36	GameObject	3483	-
Assets/Furniture Mega Pack/Prefabs/Sofas/Sofa11.prefab	2c41c2f8ac251514f9c1e795f2c7da6c	GameObject	3509	-
Assets/Furniture Mega Pack/Prefabs/Sofas/Sofa12.prefab	03422070596cad442a2f100cbcdcd576	GameObject	3512	-
Assets/Furniture Mega Pack/Prefabs/Sofas/Sofa13.prefab	7635e5e69fd600640a65512fcd5b2fc4	GameObject	3513	scene:BH_XR_MainScene
Assets/Furniture Mega Pack/Prefabs/Sofas/Sofa14.prefab	6ccdbd5d5fbd8a94e9c60e53957c6f47	GameObject	3511	-
Assets/Furniture Mega Pack/Prefabs/Sofas/Sofa15.prefab	e58bac7285ab0604bada06bb0ee0657b	GameObject	3512	-
Assets/Furniture Mega Pack/Prefabs/Sofas/Sofa16.prefab	ff0371b9df635b744b26c9db3afe0b0e	GameObject	3511	-
Assets/Furniture Mega Pack/Prefabs/Sofas/Sofa17.prefab	a9cb10b2359111043b168606bc955418	GameObject	3506	-
Assets/Furniture Mega Pack/Prefabs/Sofas/Sofa18.prefab	f535af0f178ec824790c390c3fe0f6d6	GameObject	3512	-
Assets/Furniture Mega Pack/Prefabs/Sofas/Sofa19.prefab	a0769575bc8db8a44950a31fdaf08d94	GameObject	3511	-
Assets/Furniture Mega Pack/Prefabs/Sofas/Sofa20.prefab	745d379c87c10924cae53e6d5c985ead	GameObject	3513	-
Assets/Furniture Mega Pack/Prefabs/Sofas/Sofa21.prefab	8b5a551276190c943a934b075a4996ba	GameObject	3512	-
Assets/Furniture Mega Pack/Prefabs/Sofas/Sofa22.prefab	8b85792491dffab47a1ac630c4bbda5a	GameObject	3510	-
Assets/Furniture Mega Pack/Prefabs/Sofas/Sofa23.prefab	a928a169949e7a54793d490e0f361d42	GameObject	3479	-
Assets/Furniture Mega Pack/Prefabs/Sofas/Sofa24.prefab	a40d794bcd5a98f4381997fbac28360b	GameObject	3512	-
Assets/Furniture Mega Pack/Prefabs/Sofas/Sofa25.prefab	1ad6a04d7428a2b48897c69394bbe130	GameObject	3513	-
Assets/Furniture Mega Pack/Prefabs/Sofas/Sofa26.prefab	b294daefa4de91b45b01c18e5f62edb4	GameObject	3508	-
Assets/Furniture Mega Pack/Prefabs/Sofas/Sofa27.prefab	b60411150ba8d07478c70eeae643b3ad	GameObject	3507	-
Assets/Furniture Mega Pack/Prefabs/Sofas/Sofa28.prefab	74114ce2835a7194fb242cbfe3556893	GameObject	3513	-
Assets/Furniture Mega Pack/Prefabs/Sofas/Sofa29.prefab	06fd3791bcb5ceb48852aeafcabba729	GameObject	3482	-
Assets/Furniture Mega Pack/Prefabs/Sofas/Sofa30.prefab	34a664c77bce075428234f64cb69a69e	GameObject	3477	-
Assets/Furniture Mega Pack/Prefabs/Sofas/Sofa31.prefab	2fefa0569c1c03249a1d3f34fb6d2358	GameObject	3483	-
Assets/Furniture Mega Pack/Prefabs/Sofas/Sofa32.prefab	556f13246c7bfbd459e01002436a763c	GameObject	3483	-
Assets/Furniture Mega Pack/Prefabs/Sofas/Sofa33.prefab	67d5087aba46dcd4bb9c2a439527e096	GameObject	3482	-
Assets/Furniture Mega Pack/Prefabs/Sofas/Sofa34.prefab	ffa62ce715a756048a0d4792b8aca94b	GameObject	3481	-
Assets/Furniture Mega Pack/Prefabs/Sofas/Sofa35.prefab	4fd63f335ef51484b9b36886e7801fbc	GameObject	3480	-
Assets/Furniture Mega Pack/Prefabs/Sofas/Sofa36.prefab	382bdebba7a4fec4fa2aea294ca05def	GameObject	3483	-
Assets/Furniture Mega Pack/Prefabs/Sofas/Sofa37.prefab	396fa738e5240d44db7c810eba66ee76	GameObject	3481	-
Assets/Furniture Mega Pack/Prefabs/Sofas/Sofa38.prefab	d29955ec33e0b0a45ba0d9138f3ada85	GameObject	3481	-
Assets/Furniture Mega Pack/Prefabs/Sofas/Sofa39.prefab	9b18d9b611c7bfa498b1648e38266f38	GameObject	3479	-
Assets/Furniture Mega Pack/Prefabs/Sofas/Sofa40.prefab	e3aa3ba0ef58fe348aef0a434f602e87	GameObject	3477	-
Assets/Furniture Mega Pack/Prefabs/Sofas/Sofa41.prefab	36a1caa45d37b96409fc9288721c7fd5	GameObject	3484	-
Assets/Furniture Mega Pack/Prefabs/Sofas/Sofa42.prefab	118727bcfaf90d5498e571832e5277a5	GameObject	3483	-
Assets/Furniture Mega Pack/Prefabs/Sofas/Sofa43.prefab	5e92aeaf5a13ba14cacbeeb7b0a01e78	GameObject	3484	-
Assets/Furniture Mega Pack/Prefabs/Sofas/Sofa44.prefab	838ac8c0e32c9c544bd2119630cd904f	GameObject	3483	-
Assets/Furniture Mega Pack/Prefabs/Sofas/Sofa45.prefab	ca1a134e659c0c44cabc700d04149dfc	GameObject	3484	-
Assets/Furniture Mega Pack/Prefabs/Sofas/Sofa46.prefab	be559dfce4e97204cb171ae75c5bcbc2	GameObject	3484	-
Assets/Furniture Mega Pack/Prefabs/Sofas/Sofa47.prefab	8ebb7e0cad2cc094dae630ac9ec8ca58	GameObject	3484	-
Assets/Furniture Mega Pack/Prefabs/Sofas/Sofa48.prefab	7b57b6de1589dd247923393cf7bb817c	GameObject	3483	-
Assets/Furniture Mega Pack/Prefabs/Sofas/Sofa49.prefab	5a693499362d7b2428419f3110c4a579	GameObject	3483	-
Assets/Furniture Mega Pack/Prefabs/Sofas/Sofa50.prefab	1e0dd0c7c8200bd4282bbf49e34d78b2	GameObject	3483	-
Assets/Furniture Mega Pack/Prefabs/Tables/Table01.prefab	3f1f5f1f14dc67544a75f226d98a7196	GameObject	3490	-
Assets/Furniture Mega Pack/Prefabs/Tables/Table02.prefab	7fec35a964e821546815ca4bda656d44	GameObject	3485	-
Assets/Furniture Mega Pack/Prefabs/Tables/Table03.prefab	f08d616e0079da0449e594c2a2d79b50	GameObject	3485	-
Assets/Furniture Mega Pack/Prefabs/Tables/Table04.prefab	5fdb154aa8066704e975e978a7e951da	GameObject	3488	-
Assets/Furniture Mega Pack/Prefabs/Tables/Table05.prefab	0fd550c81b7d80245a9fde3230732547	GameObject	3490	-
Assets/Furniture Mega Pack/Prefabs/Tables/Table06.prefab	6ab4ae09e0afd464a87afd49c0135816	GameObject	3487	scene:BH_XR_MainScene
Assets/Furniture Mega Pack/Prefabs/Tables/Table07.prefab	30a1150ee8e275a429d4a3febbea48ea	GameObject	3491	-
Assets/Furniture Mega Pack/Prefabs/Tables/Table08.prefab	6487e1e73b4174b478c6beb8635da889	GameObject	3485	-
Assets/Furniture Mega Pack/Prefabs/Tables/Table09.prefab	41b4cc82cd81d204194c6e4a4af2b4a7	GameObject	3490	-
Assets/Furniture Mega Pack/Prefabs/Tables/Table10.prefab	d8430fea2e186b44a970ce2b48f0ed53	GameObject	3484	-
Assets/Furniture Mega Pack/Prefabs/Tables/Table11.prefab	3a0d015100c5af84d9012e12f0b71c6c	GameObject	3489	-
Assets/Furniture Mega Pack/Prefabs/Tables/Table12.prefab	cd378623cbdd61b4d8dacf2bde38fd09	GameObject	3483	-
Assets/Furniture Mega Pack/Prefabs/Tables/Table13.prefab	dc83453ea53a3194eaeca9588bd59c02	GameObject	3490	-
Assets/Furniture Mega Pack/Prefabs/Tables/Table14.prefab	a881a43f900ac2f428f9bbedeefcb1ac	GameObject	3485	-
Assets/Furniture Mega Pack/Prefabs/Tables/Table15.prefab	e8ef6a6c27998154db521baed6da7982	GameObject	3491	-
Assets/Furniture Mega Pack/Prefabs/Tables/Table16.prefab	ec72583e759720247ab83ab244e0cbd5	GameObject	3487	-
Assets/Furniture Mega Pack/Prefabs/Tables/Table17.prefab	f4fd2d547aeefb5499be2fad5846ebcd	GameObject	3490	-
Assets/Furniture Mega Pack/Prefabs/Tables/Table18.prefab	4783ef57bc8b0994a945085ef979b50c	GameObject	3490	-
Assets/Furniture Mega Pack/Prefabs/Tables/Table19.prefab	093464148e2169e469400ff82cc0c92d	GameObject	3484	-
Assets/Furniture Mega Pack/Prefabs/Tables/Table20.prefab	6d93daa4a577dbd45802498b5f3f5322	GameObject	3491	-
Assets/Furniture Mega Pack/Prefabs/Tables/Table21.prefab	4b4d69addb4ed2e48a760e89248fbe90	GameObject	3489	-
Assets/Furniture Mega Pack/Prefabs/Tables/Table22.prefab	88f4306ff81db6441b3469c9720eb218	GameObject	3491	-
Assets/Furniture Mega Pack/Prefabs/Tables/Table23.prefab	4818af0477ba94a49acd48e7aeded4b9	GameObject	3490	-
Assets/Furniture Mega Pack/Prefabs/Tables/Table24.prefab	c2079f25333fe0d44b008ca90a24a104	GameObject	3486	-
Assets/Furniture Mega Pack/Prefabs/Tables/Table25.prefab	ba60f91ad5f1a8a40a8c2f9f86e485b8	GameObject	3491	-
Assets/Furniture Mega Pack/Prefabs/Tables/Table26.prefab	aee428849b8e5824687f60a551970c67	GameObject	3490	-
Assets/Furniture Mega Pack/Prefabs/Tables/Table27.prefab	dd2f65ab4b3af4b46a76ed034c388ec9	GameObject	3488	-
Assets/Furniture Mega Pack/Prefabs/Tables/Table28.prefab	c297642c55dc92c47abafc5d9e1d793f	GameObject	3490	-
Assets/Furniture Mega Pack/Prefabs/Tables/Table29.prefab	94aeabc286da0674ba4ef0c41ca21dd0	GameObject	3488	-
Assets/Furniture Mega Pack/Prefabs/Tables/Table30.prefab	1f0096298d70ab341af77b458d8e07e8	GameObject	3488	-
Assets/Furniture Mega Pack/Prefabs/Tables/Table31.prefab	a568cd48fbbf4ae449a9e2d579fbcb62	GameObject	3488	-
Assets/Furniture Mega Pack/Prefabs/Tables/Table32.prefab	07edc7f94d7d60440b495722043bb32d	GameObject	3488	-
Assets/Furniture Mega Pack/Prefabs/Tables/Table33.prefab	bc60420ae8b833d41b28c55fd59b53b7	GameObject	3487	-
Assets/Furniture Mega Pack/Prefabs/Tables/Table34.prefab	37142ea8e645d4d4d9ef43dbcbe34572	GameObject	3482	-
Assets/Furniture Mega Pack/Prefabs/Tables/Table35.prefab	fb6f5c2ce908dc847b4404228028dab0	GameObject	3491	-
Assets/Furniture Mega Pack/Prefabs/Tables/Table36.prefab	65cf21ad652fda949930f1873556b3bf	GameObject	3490	-
Assets/Furniture Mega Pack/Prefabs/Tables/Table37.prefab	cd4966c00b4b5cd4bb9c05716d12cac7	GameObject	3490	-
Assets/Furniture Mega Pack/Prefabs/Tables/Table38.prefab	0c8f84d9990d116458abba7c53af304f	GameObject	3491	scene:BH_XR_MainScene
Assets/Furniture Mega Pack/Prefabs/Tables/Table39.prefab	3ef25997fa5a6ae4d8025e592bfb9cb1	GameObject	3490	-
Assets/Furniture Mega Pack/Prefabs/Tables/Table40.prefab	040db775ee76fb64c8f3d37bc037524d	GameObject	3489	-
Assets/Furniture Mega Pack/Prefabs/Tables/Table41.prefab	523f4617e7ae7f747ba36609d584a805	GameObject	3488	-
Assets/Furniture Mega Pack/Prefabs/Tables/Table42.prefab	93d7c9c792fad90458a193f56b74a405	GameObject	3490	-
Assets/Furniture Mega Pack/Prefabs/Tables/Table43.prefab	d42f7afbade538c46a9fefe6d134f5d1	GameObject	3490	-
Assets/Furniture Mega Pack/Prefabs/Tables/Table44.prefab	3cf6a094c1321824b94d2315f31593eb	GameObject	3490	-
Assets/Furniture Mega Pack/Prefabs/Tables/Table45.prefab	8f984d9d11d793245bbf2d4c7eb23f11	GameObject	3490	-
Assets/Furniture Mega Pack/Prefabs/Tables/Table46.prefab	253dbe04a740403448d7fe68c5681df4	GameObject	3489	-
Assets/Furniture Mega Pack/Prefabs/Tables/Table47.prefab	0d6914ddbeb2efa4a8b4ddef64b099e2	GameObject	3491	-
Assets/Furniture Mega Pack/Prefabs/Tables/Table48.prefab	7078a75e05f5c644c8c8f91c130d4c9e	GameObject	3490	-
Assets/Furniture Mega Pack/Prefabs/Tables/Table49.prefab	c5120225eb0cf5349991af7bb3dc0375	GameObject	3486	-
Assets/Furniture Mega Pack/Prefabs/Tables/Table50.prefab	fa5696b1320396f4e99213e7c3e7e974	GameObject	3487	-
Assets/Furniture Mega Pack/Scenes/Furniture Mega Pack.unity	9489e48fae91a21409df893a4f618143	SceneAsset	1572349	-
Assets/Furniture Mega Pack/Scenes/Furniture Mega Pack/LightingData.asset	93ad4ebcdc6b5174aa61b07d5204ac64	LightingDataAsset	17777	-
Assets/Furniture Mega Pack/Scenes/Furniture Mega Pack/ReflectionProbe-0.exr	f8e10289950f11a41886f8573ae2fc2a	Cubemap	164012	-
Assets/Furniture Mega Pack/Scenes/Furniture Mega Pack/ReflectionProbe-1.exr	413918a6bc731d744ba9334e295cb072	Cubemap	163864	-
Assets/Furniture Mega Pack/Textures/Bathroom/AtlasTexture_BathroomCollection_BathroomCollection_AlbedoTransparency.png	6babfd0d068827a40b5b1b82e02bb56f	Texture2D	375705	scene:BH_XR_MainScene
Assets/Furniture Mega Pack/Textures/Bathroom/AtlasTexture_BathroomCollection_BathroomCollection_MetallicSmoothness.png	08d83e56fabe6f84891fdf794ff8ac1c	Texture2D	1604071	scene:BH_XR_MainScene
Assets/Furniture Mega Pack/Textures/Bathroom/AtlasTexture_BathroomCollection_BathroomCollection_Normal.png	cceeac9afbbe8094287dd15e0a761d52	Texture2D	2526123	scene:BH_XR_MainScene
Assets/Furniture Mega Pack/Textures/Bed/BedFrame/AtlasTexture_BedFrame_AtlasTexture_BedFrame_AlbedoTransparency.png	1c899d619b455004c8d5be5f2eb167be	Texture2D	4861539	scene:BH_XR_MainScene
Assets/Furniture Mega Pack/Textures/Bed/BedFrame/AtlasTexture_BedFrame_AtlasTexture_BedFrame_MetallicSmoothness.png	9b0408324cfd2fd4cb055dfeb324b6ed	Texture2D	1683128	scene:BH_XR_MainScene
Assets/Furniture Mega Pack/Textures/Bed/BedFrame/AtlasTexture_BedFrame_AtlasTexture_BedFrame_Normal.png	b03da7d53f5d6cf4380a818f033a0d61	Texture2D	6486874	scene:BH_XR_MainScene
Assets/Furniture Mega Pack/Textures/Bed/Blanket/AtlasTexture_Blanket_DefaultMaterial_AlbedoTransparency.png	f9f08585d412f6744ab68e2fe766082b	Texture2D	6560489	scene:BH_XR_MainScene
Assets/Furniture Mega Pack/Textures/Bed/Blanket/AtlasTexture_Blanket_DefaultMaterial_MetallicSmoothness.png	c2f9325ce48498945bd830bbee92eca3	Texture2D	1060641	scene:BH_XR_MainScene
Assets/Furniture Mega Pack/Textures/Bed/Blanket/AtlasTexture_Blanket_DefaultMaterial_Normal.png	e70ec7456b389f34da840b3389d72901	Texture2D	11151857	scene:BH_XR_MainScene
Assets/Furniture Mega Pack/Textures/Bed/Mattress/AtlasTexture_Mattress_DefaultMaterial_AlbedoTransparency.png	ee198704a6c9c644989fb2e7fa702efe	Texture2D	3650635	scene:BH_XR_MainScene
Assets/Furniture Mega Pack/Textures/Bed/Mattress/AtlasTexture_Mattress_DefaultMaterial_MetallicSmoothness.png	263218967b61c8c449bee60a97c61499	Texture2D	1621187	scene:BH_XR_MainScene
Assets/Furniture Mega Pack/Textures/Bed/Mattress/AtlasTexture_Mattress_DefaultMaterial_Normal.png	c4ef6d76988f7b74d99f74f5ad16d0e0	Texture2D	12162323	scene:BH_XR_MainScene
Assets/Furniture Mega Pack/Textures/Chairs/Chair01/Chair01_mat_Chair01_AlbedoTransparency.png	7870ef46cca1d5e409b3bec3fc89b8c6	Texture2D	3062895	-
Assets/Furniture Mega Pack/Textures/Chairs/Chair01/Chair01_mat_Chair01_MetallicSmoothness.png	36b796ecdf60073449bf13d5d456ed28	Texture2D	1930951	-
Assets/Furniture Mega Pack/Textures/Chairs/Chair01/Chair01_mat_Chair01_Normal.png	6b85a4a38bd41664cbc595bdaddd5556	Texture2D	4313707	-
Assets/Furniture Mega Pack/Textures/Chairs/Chair02/Chair02_mat_Chair02_AlbedoTransparency.png	9da28a00fd8b5f042b73b83e8a73b7a0	Texture2D	5334361	-
Assets/Furniture Mega Pack/Textures/Chairs/Chair02/Chair02_mat_Chair02_MetallicSmoothness.png	2495c985da457d94180feb1890e81da5	DefaultAsset	3115630	-
Assets/Furniture Mega Pack/Textures/Chairs/Chair02/Chair02_mat_Chair02_Normal.png	10447137b4c7298458251fe71a3ad534	Texture2D	5218828	-
Assets/Furniture Mega Pack/Textures/Chairs/Chair03/Chair03_mat_Chair03_AlbedoTransparency.png	950546484a6c96248b97449ed12dbbca	Texture2D	2815808	-
Assets/Furniture Mega Pack/Textures/Chairs/Chair03/Chair03_mat_Chair03_MetallicSmoothness.png	b0dd4dd64e5cee7478844b2849f2d1f4	Texture2D	1645359	-
Assets/Furniture Mega Pack/Textures/Chairs/Chair03/Chair03_mat_Chair03_Normal.png	ee6587163b78a3b428b6e30e2e39629c	Texture2D	5751338	-
Assets/Furniture Mega Pack/Textures/Chairs/Chair04/Chair04_mat_Chair04_AlbedoTransparency.png	df9786372e7cb114992bd9ea17ef8bd7	Texture2D	1659666	-
Assets/Furniture Mega Pack/Textures/Chairs/Chair04/Chair04_mat_Chair04_MetallicSmoothness.png	2f2efec67b5a94747aaa3bcfb3bf4a6e	Texture2D	1837139	-
Assets/Furniture Mega Pack/Textures/Chairs/Chair04/Chair04_mat_Chair04_Normal.png	58d4dd14d7d849244997fdabfd9d1a42	Texture2D	6907392	-
Assets/Furniture Mega Pack/Textures/Chairs/Chair05/Chair05_mat_Chair05_AlbedoTransparency.png	4720600e51f63ac4f87a819c2e1b656e	Texture2D	3426266	-
Assets/Furniture Mega Pack/Textures/Chairs/Chair05/Chair05_mat_Chair05_MetallicSmoothness.png	16bf7f6fa104ab746947bc1f3f189d33	Texture2D	2068820	-
Assets/Furniture Mega Pack/Textures/Chairs/Chair05/Chair05_mat_Chair05_Normal.png	17cd621d23ccf9047b1bd8c926071157	Texture2D	5744432	-
Assets/Furniture Mega Pack/Textures/Chairs/Chair06/Chair06_mat_Chair06_AlbedoTransparency.png	a864eeb7e3043d2448c1c010abc11b29	Texture2D	4649154	-
Assets/Furniture Mega Pack/Textures/Chairs/Chair06/Chair06_mat_Chair06_MetallicSmoothness.png	6b710ef9056286f4c82e533b39fae05c	Texture2D	1088208	-
Assets/Furniture Mega Pack/Textures/Chairs/Chair06/Chair06_mat_Chair06_Normal.png	de45aef8b09b5564eb7d7ed80b1b9aad	Texture2D	2888725	-
Assets/Furniture Mega Pack/Textures/Chairs/Chair07/Chair07_mat_Chair07_AlbedoTransparency.png	baa300fa2ec34dc4c9e14e80b6110d43	Texture2D	1781983	-
Assets/Furniture Mega Pack/Textures/Chairs/Chair07/Chair07_mat_Chair07_MetallicSmoothness.png	43ee9908d52f33545a4a460dd2cd9610	Texture2D	2443534	-
Assets/Furniture Mega Pack/Textures/Chairs/Chair07/Chair07_mat_Chair07_Normal.png	c31bb9b35e7232e4ca0e14c609dd7217	Texture2D	3529507	-
Assets/Furniture Mega Pack/Textures/Chairs/Chair08/Chair08_mat_Chair08_AlbedoTransparency.png	7697d88139e202c42bf1337628f3d1c7	Texture2D	2869372	-
Assets/Furniture Mega Pack/Textures/Chairs/Chair08/Chair08_mat_Chair08_MetallicSmoothness.png	446da292c173a7246b5ff15b3a60bf3a	Texture2D	1907260	-
Assets/Furniture Mega Pack/Textures/Chairs/Chair08/Chair08_mat_Chair08_Normal.png	e42c05a9496061248b3952b2b6a9e9e9	Texture2D	4171917	-
Assets/Furniture Mega Pack/Textures/Chairs/Chair09/Chair09_mat_Chair09_AlbedoTransparency.png	bc9e44c9b92198849a7ebf910289c006	Texture2D	2185686	scene:BH_XR_MainScene
Assets/Furniture Mega Pack/Textures/Chairs/Chair09/Chair09_mat_Chair09_MetallicSmoothness.png	3d0fd94e193c9e04ab30cb7f115786f7	Texture2D	2133722	scene:BH_XR_MainScene
Assets/Furniture Mega Pack/Textures/Chairs/Chair09/Chair09_mat_Chair09_Normal.png	b7d7e6f6588f6b0458a3b0d47e3f0bbc	Texture2D	8397819	scene:BH_XR_MainScene
Assets/Furniture Mega Pack/Textures/Chairs/Chair10/Chair10_mat_Chair10_AlbedoTransparency.png	504cbcbc3d8bc4a4d8cd7d205d1d9364	Texture2D	3640069	-
Assets/Furniture Mega Pack/Textures/Chairs/Chair10/Chair10_mat_Chair10_MetallicSmoothness.png	adc5f8c2033c2144fb39a8997df1c429	Texture2D	3048234	-
Assets/Furniture Mega Pack/Textures/Chairs/Chair10/Chair10_mat_Chair10_Normal.png	ef2408110e9a41748b68b79a817d26bd	Texture2D	5984097	-
Assets/Furniture Mega Pack/Textures/Chairs/Chair11/Chair11_mat_Chair11_AlbedoTransparency.png	144e54ca2a79d9f4aaf256e9fe90c2be	Texture2D	3516617	-
Assets/Furniture Mega Pack/Textures/Chairs/Chair11/Chair11_mat_Chair11_MetallicSmoothness.png	2bceeb64f577c464682e7f4999fae902	Texture2D	1574200	-
Assets/Furniture Mega Pack/Textures/Chairs/Chair11/Chair11_mat_Chair11_Normal.png	eba75fcc8557f634fae976b448a82d79	Texture2D	7556918	-
Assets/Furniture Mega Pack/Textures/Chairs/Chair12/Chair12_mat_Chair12_AlbedoTransparency.png	ef9d3e18a925bab46859b006d9d57864	Texture2D	4420969	-
Assets/Furniture Mega Pack/Textures/Chairs/Chair12/Chair12_mat_Chair12_MetallicSmoothness.png	064431af687690e4fba429763757a597	Texture2D	263581	-
Assets/Furniture Mega Pack/Textures/Chairs/Chair12/Chair12_mat_Chair12_Normal.png	025623cd985fbd346b9c8c04c7dd400a	Texture2D	7791304	-
Assets/Furniture Mega Pack/Textures/Chairs/Chair13/Chair13_mat_Chair13_AlbedoTransparency.png	1823bf6940b79ea4db7a892b559dc11b	Texture2D	4135790	-
Assets/Furniture Mega Pack/Textures/Chairs/Chair13/Chair13_mat_Chair13_MetallicSmoothness.png	1503f54bfccb7b549ab58ea790058483	Texture2D	1424845	-
Assets/Furniture Mega Pack/Textures/Chairs/Chair13/Chair13_mat_Chair13_Normal.png	92f216d5f32e5d74a9497f088a5103f4	Texture2D	2777283	-
Assets/Furniture Mega Pack/Textures/Chairs/Chair14/Chair14_mat_Chair14_AlbedoTransparency.png	1c099e58766014d4099bd0245019a72b	Texture2D	4333732	-
Assets/Furniture Mega Pack/Textures/Chairs/Chair14/Chair14_mat_Chair14_MetallicSmoothness.png	9301a7b39258e894ca3c4367b5252299	Texture2D	2366968	-
Assets/Furniture Mega Pack/Textures/Chairs/Chair14/Chair14_mat_Chair14_Normal.png	42f514ba63ddea04096463b86669127d	Texture2D	7945056	-
Assets/Furniture Mega Pack/Textures/Chairs/Chair15/Chair15_mat_Chair15_AlbedoTransparency.png	e9d4f7d2b3d857346b97b1d5eb4229c3	Texture2D	5442370	-
Assets/Furniture Mega Pack/Textures/Chairs/Chair15/Chair15_mat_Chair15_MetallicSmoothness.png	946e295eace92314d834a0f691438031	Texture2D	1647999	-
Assets/Furniture Mega Pack/Textures/Chairs/Chair15/Chair15_mat_Chair15_Normal.png	2361c64facc805141ace2eaf3f4a6c52	Texture2D	6733612	-
Assets/Furniture Mega Pack/Textures/Chairs/Chair16/Chair16_mat_Chair16_AlbedoTransparency.png	42dd21aa7856ffd41810013b73436af5	Texture2D	3007179	-
Assets/Furniture Mega Pack/Textures/Chairs/Chair16/Chair16_mat_Chair16_MetallicSmoothness.png	555fb31843ab43c4fb39d0031b03320a	Texture2D	2361767	-
Assets/Furniture Mega Pack/Textures/Chairs/Chair16/Chair16_mat_Chair16_Normal.png	d68e22e94c4a41947989d6e9631c3d85	Texture2D	2345720	-
Assets/Furniture Mega Pack/Textures/Chairs/Chair17/Chair17_mat_Chair17_AlbedoTransparency.png	98f38198a21dc204c87610f9d8a72444	Texture2D	3250907	-
Assets/Furniture Mega Pack/Textures/Chairs/Chair17/Chair17_mat_Chair17_MetallicSmoothness.png	f308dc341c32bef4c9f0fb60fe5c7beb	Texture2D	2366755	-
Assets/Furniture Mega Pack/Textures/Chairs/Chair17/Chair17_mat_Chair17_Normal.png	ca5a24939224264439974e126e82ca6d	Texture2D	3073400	-
Assets/Furniture Mega Pack/Textures/Chairs/Chair18/Chair18_mat_Chair18_AlbedoTransparency.png	abbf003f57d094747bf581f03e8c732f	Texture2D	2510227	-
Assets/Furniture Mega Pack/Textures/Chairs/Chair18/Chair18_mat_Chair18_MetallicSmoothness.png	01ee5e5cde4529d4e86d0962424f320f	Texture2D	1151342	-
Assets/Furniture Mega Pack/Textures/Chairs/Chair18/Chair18_mat_Chair18_Normal.png	b99f13cbbcf91cc4badb4ccf5502cd8a	Texture2D	4140514	-
Assets/Furniture Mega Pack/Textures/Chairs/Chair19/Chair19_mat_Chair19_AlbedoTransparency.png	0279d644b4bf45345bce5e6d2d2d2793	Texture2D	4339697	-
Assets/Furniture Mega Pack/Textures/Chairs/Chair19/Chair19_mat_Chair19_MetallicSmoothness.png	16ce1e8142cf60a4c95b4251aa92c42a	Texture2D	1057269	-
Assets/Furniture Mega Pack/Textures/Chairs/Chair19/Chair19_mat_Chair19_Normal.png	f80392626818feb418a5fb2ce8c8a3ea	Texture2D	2861909	-
Assets/Furniture Mega Pack/Textures/Chairs/Chair20/Chair20_mat_Chair20_AlbedoTransparency.png	912559cdbc5e9174e837692eb66819f7	Texture2D	5932467	-
Assets/Furniture Mega Pack/Textures/Chairs/Chair20/Chair20_mat_Chair20_MetallicSmoothness.png	05c981dab448f8d47bd5080977861cba	Texture2D	2071199	-
Assets/Furniture Mega Pack/Textures/Chairs/Chair20/Chair20_mat_Chair20_Normal.png	a1b245a17ed38f24f9660821fabd4fe6	Texture2D	8425334	-
Assets/Furniture Mega Pack/Textures/Chairs/Chair21/Chair21_mat_Chair21_AlbedoTransparency.png	e45f019a45b49d147a7c1f7134e51dcb	Texture2D	4613275	-
Assets/Furniture Mega Pack/Textures/Chairs/Chair21/Chair21_mat_Chair21_MetallicSmoothness.png	67e1d75a942e3af47b5a96c790d0e2a7	Texture2D	2053644	-
Assets/Furniture Mega Pack/Textures/Chairs/Chair21/Chair21_mat_Chair21_Normal.png	7fa9d795ac5ae9e47991edf8fec74fa8	Texture2D	6807842	-
Assets/Furniture Mega Pack/Textures/Chairs/Chair22/Chair22_mat_Chair22_AlbedoTransparency.png	5a8514d62b311564486daf3ccdfba90f	Texture2D	5882482	-
Assets/Furniture Mega Pack/Textures/Chairs/Chair22/Chair22_mat_Chair22_MetallicSmoothness.png	1c943f83a7c2da9488eb795bb3b2dc5c	Texture2D	21250	-
Assets/Furniture Mega Pack/Textures/Chairs/Chair22/Chair22_mat_Chair22_Normal.png	8a8e98153fefab143b9ced3548d09ae5	Texture2D	6132886	-
Assets/Furniture Mega Pack/Textures/Chairs/Chair23/Chair23_mat_Chair23_AlbedoTransparency.png	1bcafd5ea83e86a488765691048201ee	Texture2D	5047669	-
Assets/Furniture Mega Pack/Textures/Chairs/Chair23/Chair23_mat_Chair23_MetallicSmoothness.png	946929191922f99499eb1769cf1da3f6	Texture2D	21250	-
Assets/Furniture Mega Pack/Textures/Chairs/Chair23/Chair23_mat_Chair23_Normal.png	147e0d8b9c9dfef4492c118c3804e483	Texture2D	6015948	-
Assets/Furniture Mega Pack/Textures/Chairs/Chair24/Chair24_mat_Chair24_AlbedoTransparency.png	c42c3bc338f44ea46b0ae128e3ac7ce1	Texture2D	1939646	-
Assets/Furniture Mega Pack/Textures/Chairs/Chair24/Chair24_mat_Chair24_MetallicSmoothness.png	30e06e0be46a1014b9df7d74bb0d646a	Texture2D	1995521	-
Assets/Furniture Mega Pack/Textures/Chairs/Chair24/Chair24_mat_Chair24_Normal.png	beb930eccc22a8440941dd587fde17b1	Texture2D	3659888	-
Assets/Furniture Mega Pack/Textures/Chairs/Chair25/Chair25_mat_Chair25_AlbedoTransparency.png	cf69b63d896b4ad498801a0c7cc3859a	Texture2D	1909881	-
Assets/Furniture Mega Pack/Textures/Chairs/Chair25/Chair25_mat_Chair25_MetallicSmoothness.png	9bd7ab9241e0648468cea2e2546a82ca	Texture2D	3589357	-
Assets/Furniture Mega Pack/Textures/Chairs/Chair25/Chair25_mat_Chair25_Normal.png	d8d2d8ce1669c2d43aabb5a704e8d8fc	Texture2D	2228921	-
Assets/Furniture Mega Pack/Textures/Chairs/Chair26/Chair26_mat_Chair26_AlbedoTransparency.png	c8811e35ecb52404297be4000726aa41	Texture2D	923192	scene:BH_XR_MainScene
Assets/Furniture Mega Pack/Textures/Chairs/Chair26/Chair26_mat_Chair26_MetallicSmoothness.png	ecb91a313c83844419d7aa3cc604db91	Texture2D	1481375	scene:BH_XR_MainScene
Assets/Furniture Mega Pack/Textures/Chairs/Chair26/Chair26_mat_Chair26_Normal.png	2c56fb820a6e93a4ebfbbfb08c3de0b7	Texture2D	3618054	scene:BH_XR_MainScene
Assets/Furniture Mega Pack/Textures/Chairs/Chair27/Chair27_mat_Chair27_AlbedoTransparency.png	b86cdfde26f58614388e01e6f9fd7799	Texture2D	1293338	-
Assets/Furniture Mega Pack/Textures/Chairs/Chair27/Chair27_mat_Chair27_MetallicSmoothness.png	a973ee870a990244b8bda3ca5bd60bbf	Texture2D	1804356	-
Assets/Furniture Mega Pack/Textures/Chairs/Chair27/Chair27_mat_Chair27_Normal.png	0ff8f7d8aa432b747b79e7c2f4cac3c8	Texture2D	3871488	-
Assets/Furniture Mega Pack/Textures/Chairs/Chair28/Chair28_mat_Chair28_AlbedoTransparency.png	2a1b79fdf2dcfa8479d24fbf39eacd91	Texture2D	1044672	-
Assets/Furniture Mega Pack/Textures/Chairs/Chair28/Chair28_mat_Chair28_MetallicSmoothness.png	73c4a64cfce3c2f438ce838bdff684fe	Texture2D	2183213	-
Assets/Furniture Mega Pack/Textures/Chairs/Chair28/Chair28_mat_Chair28_Normal.png	f917a9affce41d74e9d8dfae4cebc85d	Texture2D	3779716	-
Assets/Furniture Mega Pack/Textures/Chairs/Chair29/Chair29_mat_Chair29_AlbedoTransparency.png	f9caf42a6b12a6e4d9d08c706724974a	Texture2D	147084	-
Assets/Furniture Mega Pack/Textures/Chairs/Chair29/Chair29_mat_Chair29_MetallicSmoothness.png	6de528eebfbe7f6429fa31ae869bff83	Texture2D	2497556	-
Assets/Furniture Mega Pack/Textures/Chairs/Chair29/Chair29_mat_Chair29_Normal.png	b99a4a9cfa98d2c4b93013e7512165b0	Texture2D	4073084	-
Assets/Furniture Mega Pack/Textures/Chairs/Chair30/Chair30_mat_Chair30_AlbedoTransparency.png	e6d0982518095054881878c1c86bd268	Texture2D	1130540	-
Assets/Furniture Mega Pack/Textures/Chairs/Chair30/Chair30_mat_Chair30_MetallicSmoothness.png	b7747151745c88f45a9782d09fd4eeaf	Texture2D	1485378	-
Assets/Furniture Mega Pack/Textures/Chairs/Chair30/Chair30_mat_Chair30_Normal.png	38defb4a6e32d4045a055c4037f89a2b	Texture2D	3553092	-
Assets/Furniture Mega Pack/Textures/Chairs/Chair31/Chair31_mat_Chair31_AlbedoTransparency.png	34087fcf3d4596a4c8df954de74dcd15	Texture2D	437147	-
Assets/Furniture Mega Pack/Textures/Chairs/Chair31/Chair31_mat_Chair31_MetallicSmoothness.png	c1d6681aa5028234a85e4b48f1ef5324	Texture2D	988958	-
Assets/Furniture Mega Pack/Textures/Chairs/Chair31/Chair31_mat_Chair31_Normal.png	fa330fa8fb372b843a6e553c2a24fe61	Texture2D	3938152	-
Assets/Furniture Mega Pack/Textures/Chairs/Chair32/Chair32_mat_Chair32_AlbedoTransparency.png	8d968404d40b6d848a55cc4f09638fc3	Texture2D	1823013	-
Assets/Furniture Mega Pack/Textures/Chairs/Chair32/Chair32_mat_Chair32_MetallicSmoothness.png	0436e9af47745e34b99c56edcd3ed34d	Texture2D	1373532	-
Assets/Furniture Mega Pack/Textures/Chairs/Chair32/Chair32_mat_Chair32_Normal.png	e62a9bcb45152384d9bb46620b50676d	Texture2D	4482663	-
Assets/Furniture Mega Pack/Textures/Chairs/Chair33/Chair33_mat_Chair33_AlbedoTransparency.png	474172e55a725db4fbdb6fc1bbd2b485	Texture2D	621109	-
Assets/Furniture Mega Pack/Textures/Chairs/Chair33/Chair33_mat_Chair33_MetallicSmoothness.png	7d742fd48c44f7d49b74dba9c8ed5982	Texture2D	1423946	-
Assets/Furniture Mega Pack/Textures/Chairs/Chair33/Chair33_mat_Chair33_Normal.png	4c3c8a1acee70e946bafa2a694ea6d44	Texture2D	3464939	-
Assets/Furniture Mega Pack/Textures/Chairs/Chair34/Chair34_mat_Chair34_AlbedoTransparency.png	d5e456e9e3eb07e459c154e092a4a60d	Texture2D	741114	-
Assets/Furniture Mega Pack/Textures/Chairs/Chair34/Chair34_mat_Chair34_MetallicSmoothness.png	288494fe78d7579469c2f20937cd211b	Texture2D	2007113	-
Assets/Furniture Mega Pack/Textures/Chairs/Chair34/Chair34_mat_Chair34_Normal.png	39294ed4818c7004d812d9e850b23043	Texture2D	3714823	-
Assets/Furniture Mega Pack/Textures/Chairs/Chair35/Chair35_mat_Chair35_AlbedoTransparency.png	7e79a1a98c62af4459c38f7c66434d25	Texture2D	1235318	-
Assets/Furniture Mega Pack/Textures/Chairs/Chair35/Chair35_mat_Chair35_MetallicSmoothness.png	2b2fc9938c224e348a55fba8242e9f57	Texture2D	2007097	-
Assets/Furniture Mega Pack/Textures/Chairs/Chair35/Chair35_mat_Chair35_Normal.png	bef407b41eff98e41b99e4611e330330	Texture2D	3714823	-
Assets/Furniture Mega Pack/Textures/Chairs/Chair36/Chair36_mat_Chair36_AlbedoTransparency.png	328cd223ffaeda6469d190956ea468b8	Texture2D	3094783	-
Assets/Furniture Mega Pack/Textures/Chairs/Chair36/Chair36_mat_Chair36_MetallicSmoothness.png	4624b84c65ec4e441a45b8891c02c26a	Texture2D	2528779	-
Assets/Furniture Mega Pack/Textures/Chairs/Chair36/Chair36_mat_Chair36_Normal.png	912e9c2ef56d8c848988ece825e8c043	Texture2D	4865919	-
Assets/Furniture Mega Pack/Textures/Chairs/Chair37/Chair37_mat_Chair37_AlbedoTransparency.png	3798847807668cf4eb97f1f1b7f00711	Texture2D	3665272	scene:BH_XR_MainScene
Assets/Furniture Mega Pack/Textures/Chairs/Chair37/Chair37_mat_Chair37_MetallicSmoothness.png	910c6f043532a984db7696e3810e0138	Texture2D	1934302	scene:BH_XR_MainScene
Assets/Furniture Mega Pack/Textures/Chairs/Chair37/Chair37_mat_Chair37_Normal.png	c71b5f837696ce4449112c8079036452	Texture2D	4305754	scene:BH_XR_MainScene
Assets/Furniture Mega Pack/Textures/Chairs/Chair38/Chair38_mat_Chair38_AlbedoTransparency.png	04b7cf32b203f7a46bf81c742b72f181	Texture2D	2359005	-
Assets/Furniture Mega Pack/Textures/Chairs/Chair38/Chair38_mat_Chair38_MetallicSmoothness.png	85707f1a000790d47aae587ba9ff279f	Texture2D	2371590	-
Assets/Furniture Mega Pack/Textures/Chairs/Chair38/Chair38_mat_Chair38_Normal.png	842efe323b44efb46b45cad499b4edb1	Texture2D	2701792	-
Assets/Furniture Mega Pack/Textures/Chairs/Chair39/Chair39_mat_Chair39_AlbedoTransparency.png	94650e0dc9c87f340b22bb3adac0abed	Texture2D	4756822	-
Assets/Furniture Mega Pack/Textures/Chairs/Chair39/Chair39_mat_Chair39_MetallicSmoothness.png	5e30260a3154e704cb2df2dbbf30a999	Texture2D	2052022	-
Assets/Furniture Mega Pack/Textures/Chairs/Chair39/Chair39_mat_Chair39_Normal.png	6116fc07cbdf66a418a1238b72ce8103	Texture2D	6289346	-
Assets/Furniture Mega Pack/Textures/Chairs/Chair40/Chair40_mat_Chair40_AlbedoTransparency.png	436e33cffbaaf8342b457c906c5a1f02	Texture2D	4446124	-
Assets/Furniture Mega Pack/Textures/Chairs/Chair40/Chair40_mat_Chair40_MetallicSmoothness.png	06560f40b9f754646a0d3945af5cc5fd	Texture2D	983042	-
Assets/Furniture Mega Pack/Textures/Chairs/Chair40/Chair40_mat_Chair40_Normal.png	8cf6ac53278dc1c429f8085ec4ce2231	Texture2D	4492836	-
Assets/Furniture Mega Pack/Textures/Chairs/Chair41/Chair41_mat_Chair41_AlbedoTransparency.png	0f4b512895c3017448bbbaf96102dfff	Texture2D	6253384	-
Assets/Furniture Mega Pack/Textures/Chairs/Chair41/Chair41_mat_Chair41_MetallicSmoothness.png	82f3bf7ad645212419fb31159fc12a97	Texture2D	1322746	-
Assets/Furniture Mega Pack/Textures/Chairs/Chair41/Chair41_mat_Chair41_Normal.png	866a4d4b23f5ad64c88ec3db83f91d2f	Texture2D	3022667	-
Assets/Furniture Mega Pack/Textures/Chairs/Chair42/Chair42_mat_Chair42_AlbedoTransparency.png	c5738c9268425fa41bbbcdb2ba7020c9	Texture2D	5337693	-
Assets/Furniture Mega Pack/Textures/Chairs/Chair42/Chair42_mat_Chair42_MetallicSmoothness.png	487750ac9d6b3704ebe73716e8fbfee1	Texture2D	1285830	-
Assets/Furniture Mega Pack/Textures/Chairs/Chair42/Chair42_mat_Chair42_Normal.png	8c4f9a28a601d5c4d99a8075de8f87c1	Texture2D	9106967	-
Assets/Furniture Mega Pack/Textures/Chairs/Chair43/Chair43_mat_Chair43_AlbedoTransparency.png	576ea5a0dbd2b5a4d8a53788c9f6150b	Texture2D	632893	-
Assets/Furniture Mega Pack/Textures/Chairs/Chair43/Chair43_mat_Chair43_MetallicSmoothness.png	407e0e0efa9107840b40487c2900e658	Texture2D	1346253	-
Assets/Furniture Mega Pack/Textures/Chairs/Chair43/Chair43_mat_Chair43_Normal.png	129b8be674990814f912e3505e624a31	Texture2D	5127469	-
Assets/Furniture Mega Pack/Textures/Chairs/Chair44/Chair44_mat_Chair44_AlbedoTransparency.png	5e7e7f14664b1f54ca5cb2e2a51bfb94	Texture2D	4168132	-
Assets/Furniture Mega Pack/Textures/Chairs/Chair44/Chair44_mat_Chair44_MetallicSmoothness.png	4c2f4b4aea047b347b5f82c951851d5c	Texture2D	35371	-
Assets/Furniture Mega Pack/Textures/Chairs/Chair44/Chair44_mat_Chair44_Normal.png	2873c3067111f68428e8697b0e4a25ac	Texture2D	5415290	-
Assets/Furniture Mega Pack/Textures/Chairs/Chair45/Chair45_mat_Chair45_AlbedoTransparency.png	68d0bc515cb59e54d80c50864c2d5ff2	Texture2D	3441808	-
Assets/Furniture Mega Pack/Textures/Chairs/Chair45/Chair45_mat_Chair45_MetallicSmoothness.png	2c06be1848a79ea40a764bc0f6546bef	Texture2D	1490366	-
Assets/Furniture Mega Pack/Textures/Chairs/Chair45/Chair45_mat_Chair45_Normal.png	e1a007be13d608549b3e359b8c3f38a6	Texture2D	8223727	-
Assets/Furniture Mega Pack/Textures/Chairs/Chair46/Chair46_mat_Chair46_AlbedoTransparency.png	90502a666e746d44fb24ba148d39f58c	Texture2D	3916588	-
Assets/Furniture Mega Pack/Textures/Chairs/Chair46/Chair46_mat_Chair46_MetallicSmoothness.png	32785d166181842458d363d9cb9532a8	Texture2D	2024608	-
Assets/Furniture Mega Pack/Textures/Chairs/Chair46/Chair46_mat_Chair46_Normal.png	c8dad196e7db98f439e8cfe9b9e4973c	Texture2D	5956413	-
Assets/Furniture Mega Pack/Textures/Chairs/Chair47/Chair47_mat_Chair47_AlbedoTransparency.png	122a2e946a74ea24ba8bea4754ffa247	Texture2D	3633489	scene:BH_XR_MainScene
Assets/Furniture Mega Pack/Textures/Chairs/Chair47/Chair47_mat_Chair47_MetallicSmoothness.png	5758bb91468306d4881c8c4220552814	Texture2D	2067806	scene:BH_XR_MainScene
Assets/Furniture Mega Pack/Textures/Chairs/Chair47/Chair47_mat_Chair47_Normal.png	6b615e3429d60ea41908f52002bc81c9	Texture2D	4567915	scene:BH_XR_MainScene
Assets/Furniture Mega Pack/Textures/Chairs/Chair48/Chair48_mat_Chair48_AlbedoTransparency.png	7ef19fdce0f06a34a802ef61cd9298e2	Texture2D	2295487	scene:BH_XR_MainScene
Assets/Furniture Mega Pack/Textures/Chairs/Chair48/Chair48_mat_Chair48_MetallicSmoothness.png	be4478d2e304e724f8d262d4b1fa83f6	Texture2D	1323674	scene:BH_XR_MainScene
Assets/Furniture Mega Pack/Textures/Chairs/Chair48/Chair48_mat_Chair48_Normal.png	bda142213c6de92428017c7abfb5336e	Texture2D	7776845	scene:BH_XR_MainScene
Assets/Furniture Mega Pack/Textures/Chairs/Chair49/Chair49_mat_Chair49_AlbedoTransparency.png	845a68c6647facc42a7a5feef3b52b04	Texture2D	1682339	scene:BH_XR_MainScene
Assets/Furniture Mega Pack/Textures/Chairs/Chair49/Chair49_mat_Chair49_MetallicSmoothness.png	d1fe71c7404838741a6fb425e3c44f5f	Texture2D	1884063	scene:BH_XR_MainScene
Assets/Furniture Mega Pack/Textures/Chairs/Chair49/Chair49_mat_Chair49_Normal.png	31706f688c42f5a48be63d8be6e29be2	Texture2D	5786125	scene:BH_XR_MainScene
Assets/Furniture Mega Pack/Textures/Chairs/Chair50/Chair50_mat_Chair50_AlbedoTransparency.png	42f338e293c7e164e9f35f95e519d55f	Texture2D	2869856	-
Assets/Furniture Mega Pack/Textures/Chairs/Chair50/Chair50_mat_Chair50_MetallicSmoothness.png	712214b9e260d724a966d44d3e3fa88e	Texture2D	1584627	-
Assets/Furniture Mega Pack/Textures/Chairs/Chair50/Chair50_mat_Chair50_Normal.png	ba42bab65bd39b545ac0f60a5aa2bbc2	Texture2D	6383961	-
Assets/Furniture Mega Pack/Textures/Closet/AtlasTexture_Closet_AlbedoTransparency.png	5de81457da979f646b0dd9c7fcfc0a76	Texture2D	5572886	scene:BH_XR_MainScene
Assets/Furniture Mega Pack/Textures/Closet/AtlasTexture_Closet_MetallicSmoothness.png	6d5f9e42c93796d469b9371e55a96278	Texture2D	1941861	scene:BH_XR_MainScene
Assets/Furniture Mega Pack/Textures/Closet/AtlasTexture_Closet_Normal.png	3b2b04765bc760148b4b6560492f7c27	Texture2D	4446409	scene:BH_XR_MainScene
Assets/Furniture Mega Pack/Textures/Cushions/Cushion01_08/Cushion01_08_mat_Cushion01_08_AlbedoTransparency.png	55c65c2cfbff64f4e8bc4dda91dda6c7	Texture2D	1550685	scene:BH_XR_MainScene
Assets/Furniture Mega Pack/Textures/Cushions/Cushion01_08/Cushion01_08_mat_Cushion01_08_MetallicSmoothness.png	39d043143ef6cd4499188539f4c0d585	Texture2D	587678	scene:BH_XR_MainScene
Assets/Furniture Mega Pack/Textures/Cushions/Cushion01_08/Cushion01_08_mat_Cushion01_08_Normal.png	44fca3d4e88470e4cac51892f0aecb23	Texture2D	7292178	scene:BH_XR_MainScene
Assets/Furniture Mega Pack/Textures/Cushions/Cushion09_16/Cushion09_16_mat_Cushion09_16_AlbedoTransparency.png	aacfb11e6be273f43ac09f3dd95acb37	Texture2D	5333470	-
Assets/Furniture Mega Pack/Textures/Cushions/Cushion09_16/Cushion09_16_mat_Cushion09_16_MetallicSmoothness.png	b0fc50d201241d3429c3d219f1b4475b	Texture2D	1789814	-
Assets/Furniture Mega Pack/Textures/Cushions/Cushion09_16/Cushion09_16_mat_Cushion09_16_Normal.png	15afd7c51c582294b8764550c1d5d244	Texture2D	5412843	-
Assets/Furniture Mega Pack/Textures/Cushions/Cushion17_24/Cushion17_24_mat_Cushion17_24_AlbedoTransparency.png	eb0edffd0f2a2864baf145ec52e02dc1	Texture2D	3152843	scene:BH_XR_MainScene
Assets/Furniture Mega Pack/Textures/Cushions/Cushion17_24/Cushion17_24_mat_Cushion17_24_MetallicSmoothness.png	a20debe6e1c951147acc81e481a64858	Texture2D	2163889	scene:BH_XR_MainScene
Assets/Furniture Mega Pack/Textures/Cushions/Cushion17_24/Cushion17_24_mat_Cushion17_24_Normal.png	77301e5d4e5829e4d9223a81aeb642ac	Texture2D	7957032	scene:BH_XR_MainScene
Assets/Furniture Mega Pack/Textures/Cushions/Cushion25_28/Cushion25_28_mat_Cushion25_28_AlbedoTransparency.png	4f3802842e78bf146abac665f4b89977	Texture2D	5120087	-
Assets/Furniture Mega Pack/Textures/Cushions/Cushion25_28/Cushion25_28_mat_Cushion25_28_MetallicSmoothness.png	13e9ec274d9d29a4ba9b6de10d7c2c05	Texture2D	1804059	-
Assets/Furniture Mega Pack/Textures/Cushions/Cushion25_28/Cushion25_28_mat_Cushion25_28_Normal.png	b192aa0b4f1ad434db342bf879deb267	Texture2D	5651063	-
Assets/Furniture Mega Pack/Textures/Cushions/Cushion29_36/Cushion29_36_mat_Cushion29_36_AlbedoTransparency.png	f87876204b95f0e4aa9ad04ef0a0a6a3	Texture2D	3255347	-
Assets/Furniture Mega Pack/Textures/Cushions/Cushion29_36/Cushion29_36_mat_Cushion29_36_MetallicSmoothness.png	7ec78b21120658344889457258188b2a	Texture2D	21250	-
Assets/Furniture Mega Pack/Textures/Cushions/Cushion29_36/Cushion29_36_mat_Cushion29_36_Normal.png	ab77e313cf4538b43950bab4405a6858	Texture2D	6194992	-
Assets/Furniture Mega Pack/Textures/Cushions/Cushion37_40/Cushion37_40_mat_Cushion37_40_AlbedoTransparency.png	0e9eb91b9402d0f4e99febc03cc49c92	Texture2D	2957770	-
Assets/Furniture Mega Pack/Textures/Cushions/Cushion37_40/Cushion37_40_mat_Cushion37_40_MetallicSmoothness.png	094a14904c5fef64484e104d707e4937	Texture2D	21250	-
Assets/Furniture Mega Pack/Textures/Cushions/Cushion37_40/Cushion37_40_mat_Cushion37_40_Normal.png	7669c254e4a46104ba5f61d7492c091b	Texture2D	7426122	-
Assets/Furniture Mega Pack/Textures/Cushions/Cushion41_48/Cushion41_48_mat_Cushion41_48_AlbedoTransparency.png	3b6f7cdd41952db428c935efffbca4fe	Texture2D	5772910	-
Assets/Furniture Mega Pack/Textures/Cushions/Cushion41_48/Cushion41_48_mat_Cushion41_48_MetallicSmoothness.png	66a81b85e9ab3754ab81792aa8e5bfaf	Texture2D	2880629	-
Assets/Furniture Mega Pack/Textures/Cushions/Cushion41_48/Cushion41_48_mat_Cushion41_48_Normal.png	efe50577c039d244682306809d2f9b58	Texture2D	8309499	-
Assets/Furniture Mega Pack/Textures/Cushions/Cushion49_50/Cushion49_50_mat_Cushion49_50_AlbedoTransparency.png	afeae6e6bcf1237409ec75ed5547a201	Texture2D	3384506	-
Assets/Furniture Mega Pack/Textures/Cushions/Cushion49_50/Cushion49_50_mat_Cushion49_50_MetallicSmoothness.png	59ef66210a448e547a16140cd2b606f0	Texture2D	2827756	-
Assets/Furniture Mega Pack/Textures/Cushions/Cushion49_50/Cushion49_50_mat_Cushion49_50_Normal.png	515f87d8646bb3648b965b29c99a38d2	Texture2D	5005076	-
Assets/Furniture Mega Pack/Textures/Drawer/AtlasTexture_Drawer_DefaultMaterial_AlbedoTransparency.png	c6d5e7365915e5b4b8320da3c811cf19	Texture2D	460816	-
Assets/Furniture Mega Pack/Textures/Drawer/AtlasTexture_Drawer_DefaultMaterial_MetallicSmoothness.png	96755aecfea68114593fda89c341eca8	Texture2D	164885	-
Assets/Furniture Mega Pack/Textures/Drawer/AtlasTexture_Drawer_DefaultMaterial_Normal.png	d1136c5c760e9e840842bf2a34ee1c05	Texture2D	2348430	-
Assets/Furniture Mega Pack/Textures/Kitchen/AtlasTexture_KitchenCollection_Atlastexture_KitchenCollection_AlbedoTransparency.png	b4a612d2898819642a91be3159b04366	Texture2D	1119816	-
Assets/Furniture Mega Pack/Textures/Kitchen/AtlasTexture_KitchenCollection_Atlastexture_KitchenCollection_MetallicSmoothness.png	d3a0f9d8601308c4e95eb3fc48af6bcb	Texture2D	544803	-
Assets/Furniture Mega Pack/Textures/Kitchen/AtlasTexture_KitchenCollection_Atlastexture_KitchenCollection_Normal.png	924cdcce2161686499ed87fb56b6bc82	Texture2D	2796912	-
Assets/Furniture Mega Pack/Textures/Sofas/SectionalSofaFabric/SectionalSofaFabric_mat_SectionalSofaLeather_AlbedoTransparency.png	17bb36ac59ac19042800991cb3af0a65	Texture2D	4228499	-
Assets/Furniture Mega Pack/Textures/Sofas/SectionalSofaFabric/SectionalSofaFabric_mat_SectionalSofaLeather_MetallicSmoothness.png	b0b4e92d14210884e9b41afa63767cec	Texture2D	4426651	-
Assets/Furniture Mega Pack/Textures/Sofas/SectionalSofaFabric/SectionalSofaFabric_mat_SectionalSofaLeather_Normal.png	063da6d5303397a48835bb3669333291	Texture2D	5702601	-
Assets/Furniture Mega Pack/Textures/Sofas/SectionalSofaLeather/SectionalSofaLeather_mat_SectionalSofaLeather_AlbedoTransparency.png	964c93ef523eef44596c30f1d83422fb	Texture2D	2598111	-
Assets/Furniture Mega Pack/Textures/Sofas/SectionalSofaLeather/SectionalSofaLeather_mat_SectionalSofaLeather_MetallicSmoothness.png	1b1ff26637f7c034084abaf31bf5ba3b	Texture2D	2561135	-
Assets/Furniture Mega Pack/Textures/Sofas/SectionalSofaLeather/SectionalSofaLeather_mat_SectionalSofaLeather_Normal.png	64410b0dfb28dd245b9b72e8139f0db3	Texture2D	3560791	-
Assets/Furniture Mega Pack/Textures/Sofas/Sofa01/Sofa01_mat_Sofa01_AlbedoTransparency.png	818845b04f3610141ad2952e6d70b6a1	Texture2D	6122420	-
Assets/Furniture Mega Pack/Textures/Sofas/Sofa01/Sofa01_mat_Sofa01_MetallicSmoothness.png	63096657bc7acc145b1972e780e677cb	Texture2D	193990	-
Assets/Furniture Mega Pack/Textures/Sofas/Sofa01/Sofa01_mat_Sofa01_Normal.png	aa04e9ec6f86fbd48b9bc68707315941	Texture2D	10336893	-
Assets/Furniture Mega Pack/Textures/Sofas/Sofa02/Sofa02_mat_Sofa02_AlbedoTransparency.png	1cb039800ec3ad142b84f484a3890e82	Texture2D	4981717	-
Assets/Furniture Mega Pack/Textures/Sofas/Sofa02/Sofa02_mat_Sofa02_MetallicSmoothness.png	d82014759fe84f94b8459dad4103ed70	Texture2D	139752	-
Assets/Furniture Mega Pack/Textures/Sofas/Sofa02/Sofa02_mat_Sofa02_Normal.png	74c7c23d6ae973b4f966589c26472590	Texture2D	9000021	-
Assets/Furniture Mega Pack/Textures/Sofas/Sofa03/Sofa03_mat_Sofa03_AlbedoTransparency.png	208286e5fa3d0a140a62c550d1ba05e5	Texture2D	4504988	-
Assets/Furniture Mega Pack/Textures/Sofas/Sofa03/Sofa03_mat_Sofa03_MetallicSmoothness.png	6f51c6780828a924fa68f26de868c545	Texture2D	1730368	-
Assets/Furniture Mega Pack/Textures/Sofas/Sofa03/Sofa03_mat_Sofa03_Normal.png	e96a5218a646d2c47a5c63675e307827	Texture2D	8418057	-
Assets/Furniture Mega Pack/Textures/Sofas/Sofa04/Sofa04_mat_Sofa04_AlbedoTransparency.png	3b018c426512bb943b6996bb0698af8e	Texture2D	3914855	-
Assets/Furniture Mega Pack/Textures/Sofas/Sofa04/Sofa04_mat_Sofa04_MetallicSmoothness.png	95f9e0ac4b987fc43956b3214373d21d	Texture2D	1486003	-
Assets/Furniture Mega Pack/Textures/Sofas/Sofa04/Sofa04_mat_Sofa04_Normal.png	a493343973846e949bc63132b5c735c8	Texture2D	7641613	-
Assets/Furniture Mega Pack/Textures/Sofas/Sofa06/Sofa06_mat_Sofa06_AlbedoTransparency.png	5752cbdcc5572f14aa4d0ad0c4c2149b	Texture2D	7222530	-
Assets/Furniture Mega Pack/Textures/Sofas/Sofa06/Sofa06_mat_Sofa06_MetallicSmoothness.png	9deaa74da1dc56442a501a37c667b446	Texture2D	1709112	-
Assets/Furniture Mega Pack/Textures/Sofas/Sofa06/Sofa06_mat_Sofa06_Normal.png	2c93235e2ae025d479d1300a8e1bc2b5	Texture2D	9225103	-
Assets/Furniture Mega Pack/Textures/Sofas/Sofa07/Sofa07_mat_Sofa07_AlbedoTransparency.png	75b1ebadad7303c44b19766789bf7cc7	Texture2D	6804882	-
Assets/Furniture Mega Pack/Textures/Sofas/Sofa07/Sofa07_mat_Sofa07_MetallicSmoothness.png	7224f5c9d7410c34ab42eb94791c8603	Texture2D	1625005	-
Assets/Furniture Mega Pack/Textures/Sofas/Sofa07/Sofa07_mat_Sofa07_Normal.png	0b98971312c332046b0356e3e89868b4	Texture2D	8842464	-
Assets/Furniture Mega Pack/Textures/Sofas/Sofa08/Sofa08_mat_Sofa08_AlbedoTransparency.png	33eca0b811c611c409353f12be9fc495	Texture2D	6550416	-
Assets/Furniture Mega Pack/Textures/Sofas/Sofa08/Sofa08_mat_Sofa08_MetallicSmoothness.png	f296bc59ae597f84e977e9e375888282	Texture2D	2110006	-
Assets/Furniture Mega Pack/Textures/Sofas/Sofa08/Sofa08_mat_Sofa08_Normal.png	d503e2a129e3a004b8c1701ce60c2868	Texture2D	7671661	-
Assets/Furniture Mega Pack/Textures/Sofas/Sofa09/Sofa09_mat_Sofa09_AlbedoTransparency.png	6e86258ea886543419ab33251974c3ba	Texture2D	6313804	-
Assets/Furniture Mega Pack/Textures/Sofas/Sofa09/Sofa09_mat_Sofa09_MetallicSmoothness.png	6de0b52ffb0fd604ab15b4276a594da8	Texture2D	2034270	-
Assets/Furniture Mega Pack/Textures/Sofas/Sofa09/Sofa09_mat_Sofa09_Normal.png	a1d1fd68356901443bdb5c5b0a535a7b	Texture2D	7508152	-
Assets/Furniture Mega Pack/Textures/Sofas/Sofa10/Sofa10_mat_Sofa10_AlbedoTransparency.png	b848057f5bc95a84dba9419c7c095766	Texture2D	7557704	-
Assets/Furniture Mega Pack/Textures/Sofas/Sofa10/Sofa10_mat_Sofa10_MetallicSmoothness.png	8fb1ab9985f0d13458ec5723affe0836	Texture2D	2423260	-
Assets/Furniture Mega Pack/Textures/Sofas/Sofa10/Sofa10_mat_Sofa10_Normal.png	5e4367ff6473011439d2e46fe48a5580	Texture2D	8337722	-
Assets/Furniture Mega Pack/Textures/Sofas/Sofa11/Sofa11_mat_Sofa11_AlbedoTransparency.png	61717d662eb152742b98668902f1fda0	Texture2D	6327404	-
Assets/Furniture Mega Pack/Textures/Sofas/Sofa11/Sofa11_mat_Sofa11_MetallicSmoothness.png	049a927f64a353944b92deebce2080ec	Texture2D	2037788	-
Assets/Furniture Mega Pack/Textures/Sofas/Sofa11/Sofa11_mat_Sofa11_Normal.png	5cff0cb544ae10f4cb8e4a46f58438a5	Texture2D	7435064	-
Assets/Furniture Mega Pack/Textures/Sofas/Sofa12/Sofa12_mat_Sofa12_AlbedoTransparency.png	e97d2a9b592bfd44b9e518b316633abb	Texture2D	7270259	-
Assets/Furniture Mega Pack/Textures/Sofas/Sofa12/Sofa12_mat_Sofa12_MetallicSmoothness.png	9a414f00e790eb14e8a8d860c177d25c	Texture2D	2252986	-
Assets/Furniture Mega Pack/Textures/Sofas/Sofa12/Sofa12_mat_Sofa12_Normal.png	b12a6618ed8e983468c22b1ccf05238c	Texture2D	8007151	-
Assets/Furniture Mega Pack/Textures/Sofas/Sofa13/Sofa13_mat_Sofa13_AlbedoTransparency.png	7521ffdb8bfe27f47af8a345413efc0c	Texture2D	3660447	scene:BH_XR_MainScene
Assets/Furniture Mega Pack/Textures/Sofas/Sofa13/Sofa13_mat_Sofa13_MetallicSmoothness.png	d5923d19d4e73a44b9eb1386d00ee319	Texture2D	2022774	scene:BH_XR_MainScene
Assets/Furniture Mega Pack/Textures/Sofas/Sofa13/Sofa13_mat_Sofa13_Normal.png	adb9a7e31bbab084c88ff063ff1e8641	Texture2D	7354660	scene:BH_XR_MainScene
Assets/Furniture Mega Pack/Textures/Sofas/Sofa14/Sofa14_mat_Sofa14_AlbedoTransparency.png	d2eb25f9cdbde7a4fbe69c80b2f4ebd7	Texture2D	4717571	-
Assets/Furniture Mega Pack/Textures/Sofas/Sofa14/Sofa14_mat_Sofa14_MetallicSmoothness.png	ebd08095d06201e429e3af290a6f8c2c	Texture2D	2519093	-
Assets/Furniture Mega Pack/Textures/Sofas/Sofa14/Sofa14_mat_Sofa14_Normal.png	78b836a1ebf631241888b25776a22be6	Texture2D	8780504	-
Assets/Furniture Mega Pack/Textures/Sofas/Sofa15/Sofa15_mat_Sofa15_AlbedoTransparency.png	84e68a6d20c472b4daf2a53bb6dd3aba	Texture2D	3455314	-
Assets/Furniture Mega Pack/Textures/Sofas/Sofa15/Sofa15_mat_Sofa15_MetallicSmoothness.png	d9d31775a0e164647b76233ff64e1a23	Texture2D	3375783	-
Assets/Furniture Mega Pack/Textures/Sofas/Sofa15/Sofa15_mat_Sofa15_Normal.png	cab7f2cbe3ad01a478469bc0842d2b1d	Texture2D	7979576	-
Assets/Furniture Mega Pack/Textures/Sofas/Sofa16/Sofa16_mat_Sofa16_AlbedoTransparency.png	5ffffced30ca58d4a837a98ae745a560	Texture2D	4096375	-
Assets/Furniture Mega Pack/Textures/Sofas/Sofa16/Sofa16_mat_Sofa16_MetallicSmoothness.png	33a4c2f61bf320c408acd970e5685eab	Texture2D	1564548	-
Assets/Furniture Mega Pack/Textures/Sofas/Sofa16/Sofa16_mat_Sofa16_Normal.png	ac7c42a984ba5c44595119d643629bf3	Texture2D	9433516	-
Assets/Furniture Mega Pack/Textures/Sofas/Sofa17/Sofa17_mat_Sofa17_AlbedoTransparency.png	66a43b4adf89d4043adb639b7105a053	Texture2D	4160459	-
Assets/Furniture Mega Pack/Textures/Sofas/Sofa17/Sofa17_mat_Sofa17_MetallicSmoothness.png	35b2fa8372db30243882c91028d22bb1	Texture2D	1689056	-
Assets/Furniture Mega Pack/Textures/Sofas/Sofa17/Sofa17_mat_Sofa17_Normal.png	9f326ad488b8f83428037ca06b5484fa	Texture2D	8085631	-
Assets/Furniture Mega Pack/Textures/Sofas/Sofa18/Sofa18_mat_Sofa18_AlbedoTransparency.png	311aa0e9541ec7449b642617d84a96f5	Texture2D	2979245	-
Assets/Furniture Mega Pack/Textures/Sofas/Sofa18/Sofa18_mat_Sofa18_MetallicSmoothness.png	191154cfee46f6a47a10a565cb573ad2	Texture2D	1480243	-
Assets/Furniture Mega Pack/Textures/Sofas/Sofa18/Sofa18_mat_Sofa18_Normal.png	929ec69224761774ab1640f7cd4ecf25	Texture2D	7906394	-
Assets/Furniture Mega Pack/Textures/Sofas/Sofa19/Sofa19_mat_Sofa19_AlbedoTransparency.png	17d2410be42a2a648930ea712b700c06	Texture2D	3270978	-
Assets/Furniture Mega Pack/Textures/Sofas/Sofa19/Sofa19_mat_Sofa19_MetallicSmoothness.png	6de536af9ecde454ca01e32051286691	Texture2D	1648131	-
Assets/Furniture Mega Pack/Textures/Sofas/Sofa19/Sofa19_mat_Sofa19_Normal.png	67807f2e94550964caeb22af92dba883	Texture2D	10114309	-
Assets/Furniture Mega Pack/Textures/Sofas/Sofa20/Sofa20_mat_Sofa20_AlbedoTransparency.png	8eba722172f882245ab1baa9f824bb1d	Texture2D	2603345	-
Assets/Furniture Mega Pack/Textures/Sofas/Sofa20/Sofa20_mat_Sofa20_MetallicSmoothness.png	4217086acb679da42938acf3db316737	Texture2D	1452721	-
Assets/Furniture Mega Pack/Textures/Sofas/Sofa20/Sofa20_mat_Sofa20_Normal.png	d1a4406dcd26d9b48874815cb10e937b	Texture2D	8598462	-
Assets/Furniture Mega Pack/Textures/Sofas/Sofa21/Sofa21_mat_Sofa21_AlbedoTransparency.png	456ced629f514dc4eab0e8981421baaa	Texture2D	3700257	-
Assets/Furniture Mega Pack/Textures/Sofas/Sofa21/Sofa21_mat_Sofa21_MetallicSmoothness.png	fefcade64de23fc4091aa2d304e5292f	Texture2D	1500726	-
Assets/Furniture Mega Pack/Textures/Sofas/Sofa21/Sofa21_mat_Sofa21_Normal.png	55af6963c69811c44aad2f402cec87c8	Texture2D	8479840	-
Assets/Furniture Mega Pack/Textures/Sofas/Sofa22/Sofa22_mat_Sofa22_AlbedoTransparency.png	34df7ff401a0ed34c8fd46f924e07299	Texture2D	5630316	-
Assets/Furniture Mega Pack/Textures/Sofas/Sofa22/Sofa22_mat_Sofa22_MetallicSmoothness.png	2ff7d0f60a7e7274d8fed19f7379b582	Texture2D	1857203	-
Assets/Furniture Mega Pack/Textures/Sofas/Sofa22/Sofa22_mat_Sofa22_Normal.png	360df27b8f21ea04cb84a3dc65fec45b	Texture2D	7347213	-
Assets/Furniture Mega Pack/Textures/Sofas/Sofa23/Sofa23_mat_Sofa23_AlbedoTransparency.png	716edbe7044800d4486b83c27c02da1b	Texture2D	3926259	-
Assets/Furniture Mega Pack/Textures/Sofas/Sofa23/Sofa23_mat_Sofa23_MetallicSmoothness.png	cb19db07a78e8a2429f7dd996cdeb7ad	Texture2D	1583612	-
Assets/Furniture Mega Pack/Textures/Sofas/Sofa23/Sofa23_mat_Sofa23_Normal.png	0dbee95644323c54884f6f9253d4a6df	Texture2D	4818657	-
Assets/Furniture Mega Pack/Textures/Sofas/Sofa24/Sofa24_mat_Sofa24_AlbedoTransparency.png	5f9013d71e5f25f41a2d3786a29374d9	Texture2D	2335972	-
Assets/Furniture Mega Pack/Textures/Sofas/Sofa24/Sofa24_mat_Sofa24_MetallicSmoothness.png	5642bb3f88a023745ad60aca08633fd8	Texture2D	1634040	-
Assets/Furniture Mega Pack/Textures/Sofas/Sofa24/Sofa24_mat_Sofa24_Normal.png	5c9796f898d8fbe45abcfc4c6400c649	Texture2D	6495434	-
Assets/Furniture Mega Pack/Textures/Sofas/Sofa25/Sofa25_mat_Sofa25_AlbedoTransparency.png	6802a8218d5f9b744ae80b6751d61e9e	Texture2D	943898	-
Assets/Furniture Mega Pack/Textures/Sofas/Sofa25/Sofa25_mat_Sofa25_MetallicSmoothness.png	e6c5a40344fe386448a99e250926bbf4	Texture2D	1483661	-
Assets/Furniture Mega Pack/Textures/Sofas/Sofa25/Sofa25_mat_Sofa25_Normal.png	e0b5107c1af10f34ca8cef97f79c4720	Texture2D	3373724	-
Assets/Furniture Mega Pack/Textures/Sofas/Sofa26/Sofa26_mat_Sofa26_AlbedoTransparency.png	2e16cf2008c8c434f96497ec3817d500	Texture2D	4660501	-
Assets/Furniture Mega Pack/Textures/Sofas/Sofa26/Sofa26_mat_Sofa26_MetallicSmoothness.png	e7e39d771d1975e49ba734e316e8001b	Texture2D	1629058	-
Assets/Furniture Mega Pack/Textures/Sofas/Sofa26/Sofa26_mat_Sofa26_Normal.png	1304a579fc3141741b7d11f556af0640	Texture2D	9100946	-
Assets/Furniture Mega Pack/Textures/Sofas/Sofa27/Sofa27_mat_Sofa27_AlbedoTransparency.png	41dc8bd4ba5f9b242b309ff9d247d057	Texture2D	3891251	-
Assets/Furniture Mega Pack/Textures/Sofas/Sofa27/Sofa27_mat_Sofa27_MetallicSmoothness.png	7bf60c0610896214f877a47bf43bc96b	Texture2D	1614106	-
Assets/Furniture Mega Pack/Textures/Sofas/Sofa27/Sofa27_mat_Sofa27_Normal.png	a9d8e2007d5051a4a995549ec79905d6	Texture2D	9203679	-
Assets/Furniture Mega Pack/Textures/Sofas/Sofa28/Sofa28_mat_Sofa28_AlbedoTransparency.png	29a478267f2fd1e4ab1a979a23c2d19e	Texture2D	3532782	-
Assets/Furniture Mega Pack/Textures/Sofas/Sofa28/Sofa28_mat_Sofa28_MetallicSmoothness.png	b1cc91cc26da0f148a698579386bb5b2	Texture2D	1723090	-
Assets/Furniture Mega Pack/Textures/Sofas/Sofa28/Sofa28_mat_Sofa28_Normal.png	8f5dc0f5f1724994bbad2ca46a41dc5b	Texture2D	9018596	-
Assets/Furniture Mega Pack/Textures/Sofas/Sofa29/Sofa29_mat_Sofa29_AlbedoTransparency.png	93146f9444096c64996eef4bc0a60d00	Texture2D	4203154	-
Assets/Furniture Mega Pack/Textures/Sofas/Sofa29/Sofa29_mat_Sofa29_MetallicSmoothness.png	6bee3eee5d001464ea4a33efd11d3bc8	Texture2D	1605824	-
Assets/Furniture Mega Pack/Textures/Sofas/Sofa29/Sofa29_mat_Sofa29_Normal.png	2b331223fcda5da4a8ce0d9add662356	Texture2D	9742763	-
Assets/Furniture Mega Pack/Textures/Sofas/Sofa30/Sofa30_mat_Sofa30_AlbedoTransparency.png	9a001c830d8a57648974bed7d5e30eda	Texture2D	3614512	-
Assets/Furniture Mega Pack/Textures/Sofas/Sofa30/Sofa30_mat_Sofa30_MetallicSmoothness.png	1c101d5fd18e28e4aa4faa4d1af0da2a	Texture2D	1411550	-
Assets/Furniture Mega Pack/Textures/Sofas/Sofa30/Sofa30_mat_Sofa30_Normal.png	46d27fb9b1a4012478161d51e75ba469	Texture2D	8937998	-
Assets/Furniture Mega Pack/Textures/Sofas/Sofa31/Sofa31_mat_Sofa31_AlbedoTransparency.png	52c75569fcc431e4492fe088455cd791	Texture2D	6705717	-
Assets/Furniture Mega Pack/Textures/Sofas/Sofa31/Sofa31_mat_Sofa31_MetallicSmoothness.png	c0e07e1b9cf617848b9d99eb786d501c	Texture2D	1290998	-
Assets/Furniture Mega Pack/Textures/Sofas/Sofa31/Sofa31_mat_Sofa31_Normal.png	992daa72f75fd674ea4d4d9c059b3039	Texture2D	8547161	-
Assets/Furniture Mega Pack/Textures/Sofas/Sofa32/Sofa32_mat_Sofa32_AlbedoTransparency.png	5711e8c7319bc114cb0d506ed392f39c	Texture2D	7018865	-
Assets/Furniture Mega Pack/Textures/Sofas/Sofa32/Sofa32_mat_Sofa32_MetallicSmoothness.png	241bb95e99211234a9e3e01b7360c7ef	Texture2D	1416400	-
Assets/Furniture Mega Pack/Textures/Sofas/Sofa32/Sofa32_mat_Sofa32_Normal.png	ff65857691cf4844796e02f19522721e	Texture2D	8795991	-
Assets/Furniture Mega Pack/Textures/Sofas/Sofa33/Sofa33_mat_Sofa33_AlbedoTransparency.png	654444278af5ed244a6ffadedba0615d	Texture2D	7107098	-
Assets/Furniture Mega Pack/Textures/Sofas/Sofa33/Sofa33_mat_Sofa33_MetallicSmoothness.png	49d5cd563401aa74796beaab2af2c69a	Texture2D	1333453	-
Assets/Furniture Mega Pack/Textures/Sofas/Sofa33/Sofa33_mat_Sofa33_Normal.png	94f3967a263d27449831d368a8397957	Texture2D	8934538	-
Assets/Furniture Mega Pack/Textures/Sofas/Sofa34/Sofa34_mat_Sofa34_AlbedoTransparency.png	6015aade9092cb94ebf3d9563aa6254e	Texture2D	1994327	-
Assets/Furniture Mega Pack/Textures/Sofas/Sofa34/Sofa34_mat_Sofa34_MetallicSmoothness.png	68684cba36379394bbe7daddbe87dbfe	Texture2D	3579337	-
Assets/Furniture Mega Pack/Textures/Sofas/Sofa34/Sofa34_mat_Sofa34_Normal.png	a93db0f94b8b1a44d840baafdcc666cb	Texture2D	6073628	-
Assets/Furniture Mega Pack/Textures/Sofas/Sofa35/Sofa35_mat_Sofa35_AlbedoTransparency.png	5c7d716a81b06d045ad70b4f4027fce3	Texture2D	2008257	-
Assets/Furniture Mega Pack/Textures/Sofas/Sofa35/Sofa35_mat_Sofa35_MetallicSmoothness.png	ff08ecb7f76d4594f8131deddbcc1c71	Texture2D	3898397	-
Assets/Furniture Mega Pack/Textures/Sofas/Sofa35/Sofa35_mat_Sofa35_Normal.png	763c02f6b5ef9b841ae9a0214f806082	Texture2D	6318430	-
Assets/Furniture Mega Pack/Textures/Sofas/Sofa36/Sofa36_mat_Sofa36_AlbedoTransparency.png	5573fcccdd3fb294393ceff12f5f9904	Texture2D	4482137	-
Assets/Furniture Mega Pack/Textures/Sofas/Sofa36/Sofa36_mat_Sofa36_MetallicSmoothness.png	a45ac67fa78568f45a78ef31411d438c	Texture2D	2627815	-
Assets/Furniture Mega Pack/Textures/Sofas/Sofa36/Sofa36_mat_Sofa36_Normal.png	c60e13e95d52ea046971ea41e2d5e4ef	Texture2D	9193864	-
Assets/Furniture Mega Pack/Textures/Sofas/Sofa37/Sofa37_mat_Sofa37_AlbedoTransparency.png	1e099176f14bfe442b4cf2ac85e9bc09	Texture2D	4083498	-
Assets/Furniture Mega Pack/Textures/Sofas/Sofa37/Sofa37_mat_Sofa37_MetallicSmoothness.png	6eb2cefa93fcec74e979941964d5e26c	Texture2D	2399873	-
Assets/Furniture Mega Pack/Textures/Sofas/Sofa37/Sofa37_mat_Sofa37_Normal.png	1745c970df8787d489a4d5686fac4f26	Texture2D	8760854	-
Assets/Furniture Mega Pack/Textures/Tables/Table01/Table01_mat_Table01_AlbedoTransparency.png	2e29b1c85936583469f3d25be9672415	Texture2D	5781961	-
Assets/Furniture Mega Pack/Textures/Tables/Table01/Table01_mat_Table01_MetallicSmoothness.png	c61949c2743b873418beee77201b9672	Texture2D	1289291	-
Assets/Furniture Mega Pack/Textures/Tables/Table01/Table01_mat_Table01_Normal.png	ec91da39f62241f4a851ddb45822513c	Texture2D	4697649	-
Assets/Furniture Mega Pack/Textures/Tables/Table02/Table02_mat_Table02_AlbedoTransparency.png	4a7b706a8f5d2d84cb248743f3f896f8	Texture2D	7213640	-
Assets/Furniture Mega Pack/Textures/Tables/Table02/Table02_mat_Table02_MetallicSmoothness.png	4a1c7b501f403e447a225feb18673c74	Texture2D	1252442	-
Assets/Furniture Mega Pack/Textures/Tables/Table02/Table02_mat_Table02_Normal.png	e2ab152683f4ef44b8e7c2d84c039365	Texture2D	5021077	-
Assets/Furniture Mega Pack/Textures/Tables/Table03/Table03_mat_Table03_AlbedoTransparency.png	33412168c6bc54146be75c1a74af5831	Texture2D	4617202	-
Assets/Furniture Mega Pack/Textures/Tables/Table03/Table03_mat_Table03_MetallicSmoothness.png	eebc9db2a3022cc469fdcac5378daec4	Texture2D	21250	-
Assets/Furniture Mega Pack/Textures/Tables/Table03/Table03_mat_Table03_Normal.png	f57b1da1296493e42bbe30263ffbbd71	Texture2D	6406475	-
Assets/Furniture Mega Pack/Textures/Tables/Table04/Table04_mat_Table04_AlbedoTransparency.png	c2585cbab9f7e224c8487e6cdbf669a1	Texture2D	3967222	-
Assets/Furniture Mega Pack/Textures/Tables/Table04/Table04_mat_Table04_MetallicSmoothness.png	fb38d44657ce19740b7302418aa9df5a	Texture2D	2502739	-
Assets/Furniture Mega Pack/Textures/Tables/Table04/Table04_mat_Table04_Normal.png	f3da9e0616c0d974384c5c357ab6ee23	Texture2D	5066218	-
Assets/Furniture Mega Pack/Textures/Tables/Table05/Table05_mat_Table05_AlbedoTransparency.png	64af568bb366fa74f958b4f4c16af0d0	Texture2D	3075007	-
Assets/Furniture Mega Pack/Textures/Tables/Table05/Table05_mat_Table05_MetallicSmoothness.png	07cb7edd6301ed34db7478d5ca340c28	Texture2D	21250	-
Assets/Furniture Mega Pack/Textures/Tables/Table05/Table05_mat_Table05_Normal.png	839cae7887630df4a8b204654f9e4c44	Texture2D	5507443	-
Assets/Furniture Mega Pack/Textures/Tables/Table06/Table06_mat_Table06_AlbedoTransparency.png	2dd3c76b8bad53f43838cbb1c17e88ba	Texture2D	2938717	scene:BH_XR_MainScene
Assets/Furniture Mega Pack/Textures/Tables/Table06/Table06_mat_Table06_MetallicSmoothness.png	f8d3dca6a69e134478a31c2d05f5614a	Texture2D	1321933	scene:BH_XR_MainScene
Assets/Furniture Mega Pack/Textures/Tables/Table06/Table06_mat_Table06_Normal.png	bd9ea5267f43ed045a3d36f656a62830	Texture2D	3472976	scene:BH_XR_MainScene
Assets/Furniture Mega Pack/Textures/Tables/Table07/Table07_mat_Table07_AlbedoTransparency.png	1380c4aca2bb2dd4cb91fb91b501a899	Texture2D	3110934	-
Assets/Furniture Mega Pack/Textures/Tables/Table07/Table07_mat_Table07_MetallicSmoothness.png	200a74ca08eb1ae41b23d311f8827a99	Texture2D	2401040	-
Assets/Furniture Mega Pack/Textures/Tables/Table07/Table07_mat_Table07_Normal.png	e6f513d2dc1205e4fb981bae5d26d9f7	Texture2D	3735573	-
Assets/Furniture Mega Pack/Textures/Tables/Table08/Table08_mat_Table08_AlbedoTransparency.png	d6761c3fcf09c294ba0c93294888a29b	Texture2D	3247146	-
Assets/Furniture Mega Pack/Textures/Tables/Table08/Table08_mat_Table08_MetallicSmoothness.png	5b3fcbbe46eda5941a5ec287b5fdf024	Texture2D	2364067	-
Assets/Furniture Mega Pack/Textures/Tables/Table08/Table08_mat_Table08_Normal.png	f0445de6e318f72498ab3a85b0a28fe0	Texture2D	3867458	-
Assets/Furniture Mega Pack/Textures/Tables/Table09/Table09_mat_Table09_AlbedoTransparency.png	969d6a2cdb30c9743a78c12bacd1794d	Texture2D	2219647	-
Assets/Furniture Mega Pack/Textures/Tables/Table09/Table09_mat_Table09_MetallicSmoothness.png	e52c67e0856ed8b4d8d1924e42f17f17	Texture2D	2337816	-
Assets/Furniture Mega Pack/Textures/Tables/Table09/Table09_mat_Table09_Normal.png	cc72141c7ab32284fabc123e31a4f775	Texture2D	2521245	-
Assets/Furniture Mega Pack/Textures/Tables/Table10/Table10_mat_Table10_AlbedoTransparency.png	a4ba63cad86e48f40bfc0df405e8091e	Texture2D	2358389	-
Assets/Furniture Mega Pack/Textures/Tables/Table10/Table10_mat_Table10_MetallicSmoothness.png	dbba7e5dde024d54c9588437037d8191	Texture2D	2326368	-
Assets/Furniture Mega Pack/Textures/Tables/Table10/Table10_mat_Table10_Normal.png	f8aa3e3c58ad3e04f8c42e0eec627c56	Texture2D	2566102	-
Assets/Furniture Mega Pack/Textures/Tables/Table11/Table11_mat_Table11_AlbedoTransparency.png	a2d0dbd64334990468724ab87b2f86fe	Texture2D	4741125	-
Assets/Furniture Mega Pack/Textures/Tables/Table11/Table11_mat_Table11_MetallicSmoothness.png	23055e5895414e740ba4e4cd60c8ec41	Texture2D	2743662	-
Assets/Furniture Mega Pack/Textures/Tables/Table11/Table11_mat_Table11_Normal.png	2b1814664bb7d1b4d8336732e031f37c	Texture2D	4616922	-
Assets/Furniture Mega Pack/Textures/Tables/Table12/Table12_mat_Table12_AlbedoTransparency.png	b6c6e964dabfaca49943241d150872bd	Texture2D	4342552	-
Assets/Furniture Mega Pack/Textures/Tables/Table12/Table12_mat_Table12_MetallicSmoothness.png	669a4ffb631ac1f46806cfa154028ad3	Texture2D	2675466	-
Assets/Furniture Mega Pack/Textures/Tables/Table12/Table12_mat_Table12_Normal.png	a77fbc263bd2ed6428c98c2488efc64f	Texture2D	5127050	-
Assets/Furniture Mega Pack/Textures/Tables/Table13/Table13_mat_Table13_AlbedoTransparency.png	74ee2a11f066f724f98bf2ff8f1856d7	Texture2D	3971551	-
Assets/Furniture Mega Pack/Textures/Tables/Table13/Table13_mat_Table13_MetallicSmoothness.png	be4e854880969514b911882f36feb460	Texture2D	2871621	-
Assets/Furniture Mega Pack/Textures/Tables/Table13/Table13_mat_Table13_Normal.png	2b9f164035309e14cace710f1f458637	Texture2D	5349184	-
Assets/Furniture Mega Pack/Textures/Tables/Table14/Table14_mat_Table14_AlbedoTransparency.png	27162f9d43409d5469f8d4d5ff746e43	Texture2D	4347019	-
Assets/Furniture Mega Pack/Textures/Tables/Table14/Table14_mat_Table14_MetallicSmoothness.png	87076959289fd86479013c377931508a	Texture2D	1473490	-
Assets/Furniture Mega Pack/Textures/Tables/Table14/Table14_mat_Table14_Normal.png	50206cb67050cb04d8e1214b70579352	Texture2D	6416164	-
Assets/Furniture Mega Pack/Textures/Tables/Table15/Table15_mat_Table15_AlbedoTransparency.png	bd3f8caa7a2dbf943b6cfdb2dc3c2bbe	Texture2D	5610172	-
Assets/Furniture Mega Pack/Textures/Tables/Table15/Table15_mat_Table15_MetallicSmoothness.png	e47eef22b484efe4d81adf3b1b7884c5	Texture2D	21250	-
Assets/Furniture Mega Pack/Textures/Tables/Table15/Table15_mat_Table15_Normal.png	d8301c7e394f07b48a085e4e0009ef04	Texture2D	6848142	-
Assets/Furniture Mega Pack/Textures/Tables/Table16/Table16_mat_Table16_AlbedoTransparency.png	965f6b0a48cd3e548ac38ac9ed5f289e	Texture2D	4288082	-
Assets/Furniture Mega Pack/Textures/Tables/Table16/Table16_mat_Table16_MetallicSmoothness.png	40bc4823d2a78fa48a46fa2a6436d25f	Texture2D	2659975	-
Assets/Furniture Mega Pack/Textures/Tables/Table16/Table16_mat_Table16_Normal.png	c541faf4a97bb3949aacaa45ad9982cf	Texture2D	5191621	-
Assets/Furniture Mega Pack/Textures/Tables/Table17/Table17_mat_Table17_AlbedoTransparency.png	363311ae6e7085a458b7d5676297fea3	Texture2D	4162164	-
Assets/Furniture Mega Pack/Textures/Tables/Table17/Table17_mat_Table17_MetallicSmoothness.png	db03dce7d30a7de438533601a8113f6b	Texture2D	1959541	-
Assets/Furniture Mega Pack/Textures/Tables/Table17/Table17_mat_Table17_Normal.png	0bc3e9e870addee428c3c5de28760233	Texture2D	6527854	-
Assets/Furniture Mega Pack/Textures/Tables/Table18/Table18_mat_Table18_AlbedoTransparency.png	6caea1c8d66b3f14db099033a5037f00	Texture2D	3859221	-
Assets/Furniture Mega Pack/Textures/Tables/Table18/Table18_mat_Table18_MetallicSmoothness.png	4164835c23b27794e82dda032772ddf5	Texture2D	1441436	-
Assets/Furniture Mega Pack/Textures/Tables/Table18/Table18_mat_Table18_Normal.png	a1fe4b8134301964db7b4fc2911dfc52	Texture2D	4788821	-
Assets/Furniture Mega Pack/Textures/Tables/Table19/Table19_mat_Table19_AlbedoTransparency.png	e3014c2f56f23004bb2aa7504828019d	Texture2D	5053115	-
Assets/Furniture Mega Pack/Textures/Tables/Table19/Table19_mat_Table19_MetallicSmoothness.png	b54a63eb11da7694d91aaa7e192ea7d6	Texture2D	2715278	-
Assets/Furniture Mega Pack/Textures/Tables/Table19/Table19_mat_Table19_Normal.png	8cb8ce5163929324a9e7aad0aba1c5b5	Texture2D	5298807	-
Assets/Furniture Mega Pack/Textures/Tables/Table20/Table20_mat_Table20_AlbedoTransparency.png	1085613e0a731ae46a977f4d693e7f90	Texture2D	4791575	-
Assets/Furniture Mega Pack/Textures/Tables/Table20/Table20_mat_Table20_MetallicSmoothness.png	50721c13c40c1d9479c67f3a6e65d8f2	Texture2D	2645883	-
Assets/Furniture Mega Pack/Textures/Tables/Table20/Table20_mat_Table20_Normal.png	57a5d887d5efaed46a493478ba249210	Texture2D	5098170	-
Assets/Furniture Mega Pack/Textures/Tables/Table21/Table21_mat_Table21_AlbedoTransparency.png	fe45b962e97c43e45b8764bc6ab4e4b8	Texture2D	4537134	-
Assets/Furniture Mega Pack/Textures/Tables/Table21/Table21_mat_Table21_MetallicSmoothness.png	9f7941dac6df3c04db7795c03cb627d6	Texture2D	1170920	-
Assets/Furniture Mega Pack/Textures/Tables/Table21/Table21_mat_Table21_Normal.png	b4e01bc75e495754381c46b75b5d72e6	Texture2D	3745243	-
Assets/Furniture Mega Pack/Textures/Tables/Table22/Table22_mat_Table22_AlbedoTransparency.png	32a4211c53f94b34a9599c44ea91d035	Texture2D	3381728	-
Assets/Furniture Mega Pack/Textures/Tables/Table22/Table22_mat_Table22_MetallicSmoothness.png	2c09459c9252b444fab71943c2d25a3f	Texture2D	2961156	-
Assets/Furniture Mega Pack/Textures/Tables/Table22/Table22_mat_Table22_Normal.png	fbb4b87c227c585498bf24ec6167f363	Texture2D	3225941	-
Assets/Furniture Mega Pack/Textures/Tables/Table23/Table23_mat_Table23_AlbedoTransparency.png	d49fc47206541524483060952803c0ac	Texture2D	3540457	-
Assets/Furniture Mega Pack/Textures/Tables/Table23/Table23_mat_Table23_MetallicSmoothness.png	9575fb403dfe1984cb958e61d3789cbf	Texture2D	1223997	-
Assets/Furniture Mega Pack/Textures/Tables/Table23/Table23_mat_Table23_Normal.png	b7846ad7e0887a84b8e49bf9cb6c3992	Texture2D	2832226	-
Assets/Furniture Mega Pack/Textures/Tables/Table24/Table24_mat_Table24_AlbedoTransparency.png	34975dd3a65e6d44e9bf75a609998b66	Texture2D	3776177	-
Assets/Furniture Mega Pack/Textures/Tables/Table24/Table24_mat_Table24_MetallicSmoothness.png	4204b32eee128bd4e9f60c7ff8f0b136	Texture2D	2225502	-
Assets/Furniture Mega Pack/Textures/Tables/Table24/Table24_mat_Table24_Normal.png	f3793e217ddef1e4f80936ec7a421092	Texture2D	5135266	-
Assets/Furniture Mega Pack/Textures/Tables/Table25/Table25_mat_Table25_AlbedoTransparency.png	2653c0cf2d831c3469904a89f38f5100	Texture2D	4318437	-
Assets/Furniture Mega Pack/Textures/Tables/Table25/Table25_mat_Table25_MetallicSmoothness.png	5da4f208116f98b4ea0bdda21018319c	Texture2D	2719713	-
Assets/Furniture Mega Pack/Textures/Tables/Table25/Table25_mat_Table25_Normal.png	4c40a5ce49cba124fb969e8c86e46150	Texture2D	5267596	-
Assets/Furniture Mega Pack/Textures/Tables/Table26/Table26_mat_Table26_AlbedoTransparency.png	1b8c10abd6b44114385ded914b35b3ec	Texture2D	3790413	-
Assets/Furniture Mega Pack/Textures/Tables/Table26/Table26_mat_Table26_MetallicSmoothness.png	845622de654b93449b3295c269458899	Texture2D	1857308	-
Assets/Furniture Mega Pack/Textures/Tables/Table26/Table26_mat_Table26_Normal.png	29f9dc031d0614d429b023d3372a4073	Texture2D	3835826	-
Assets/Furniture Mega Pack/Textures/Tables/Table27/Table27_mat_Table27_AlbedoTransparency.png	7f616ffc6c938d445b4a761f3504e721	Texture2D	3859905	-
Assets/Furniture Mega Pack/Textures/Tables/Table27/Table27_mat_Table27_MetallicSmoothness.png	4835abd6f38161840ae6632ce7b2d8aa	Texture2D	2762932	-
Assets/Furniture Mega Pack/Textures/Tables/Table27/Table27_mat_Table27_Normal.png	91920b9b4e3d2af4292343a07d2228f5	Texture2D	5050874	-
Assets/Furniture Mega Pack/Textures/Tables/Table28/Table28_mat_Table28_AlbedoTransparency.png	cde39f56ef98fc448868ada4cf53976c	Texture2D	3830850	-
Assets/Furniture Mega Pack/Textures/Tables/Table28/Table28_mat_Table28_MetallicSmoothness.png	a9fbf886b41557c4696590d11c4f472c	Texture2D	537235	-
Assets/Furniture Mega Pack/Textures/Tables/Table28/Table28_mat_Table28_Normal.png	f7b444fa24e21d040bd3c1a601d57e5e	Texture2D	5663214	-
Assets/Furniture Mega Pack/Textures/Tables/Table29/Table29_mat_Table29_AlbedoTransparency.png	03db6fe96fa20f94c968b8a89919271f	Texture2D	3071669	-
Assets/Furniture Mega Pack/Textures/Tables/Table29/Table29_mat_Table29_MetallicSmoothness.png	075e294069a6ba947973c16fab28a23a	Texture2D	1907327	-
Assets/Furniture Mega Pack/Textures/Tables/Table29/Table29_mat_Table29_Normal.png	71da3cb0c0682954ab94a0908a720723	Texture2D	2272222	-
Assets/Furniture Mega Pack/Textures/Tables/Table30/Table30_mat_Table30_AlbedoTransparency.png	30c3e30b5065344499057931bb2445a5	Texture2D	2573509	-
Assets/Furniture Mega Pack/Textures/Tables/Table30/Table30_mat_Table30_MetallicSmoothness.png	7a5d5cbe043e89f4e9f2ffbf9eff40d5	Texture2D	2432823	-
Assets/Furniture Mega Pack/Textures/Tables/Table30/Table30_mat_Table30_Normal.png	76969cce8f6576b4592c5e461db62a66	Texture2D	4106381	-
Assets/Furniture Mega Pack/Textures/Tables/Table31/Table31_mat_Table31_AlbedoTransparency.png	022c27bb0741b434e9e27726822b111a	Texture2D	2742020	-
Assets/Furniture Mega Pack/Textures/Tables/Table31/Table31_mat_Table31_MetallicSmoothness.png	4bea68b46aa2ca642a2757c7d6cb2e26	Texture2D	2012153	-
Assets/Furniture Mega Pack/Textures/Tables/Table31/Table31_mat_Table31_Normal.png	45f02514ab53f3a4599744fe3a14f915	Texture2D	4152549	-
Assets/Furniture Mega Pack/Textures/Tables/Table32/Table32_mat_Table32_AlbedoTransparency.png	f2f14079c423c174bb30d9a2feafa921	Texture2D	1558927	-
Assets/Furniture Mega Pack/Textures/Tables/Table32/Table32_mat_Table32_MetallicSmoothness.png	5805035f353a0f148939a47afd0f0119	Texture2D	1748402	-
Assets/Furniture Mega Pack/Textures/Tables/Table32/Table32_mat_Table32_Normal.png	262db56decf1baa43bc52587eeccf53f	Texture2D	2272376	-
Assets/Furniture Mega Pack/Textures/Tables/Table33/Table33_mat_Table33_AlbedoTransparency.png	dc94f26dd1c7d6044aa20a9e6af7bafc	Texture2D	5270939	-
Assets/Furniture Mega Pack/Textures/Tables/Table33/Table33_mat_Table33_MetallicSmoothness.png	e418e6e3de8d9e6429926ec88c52254d	Texture2D	2993538	-
Assets/Furniture Mega Pack/Textures/Tables/Table33/Table33_mat_Table33_Normal.png	98c018695207cec449def38b5cf4f57d	Texture2D	5464225	-
Assets/Furniture Mega Pack/Textures/Tables/Table34/Table34_mat_Table34_AlbedoTransparency.png	3338849d75500624b8380df0b744591f	Texture2D	4999955	-
Assets/Furniture Mega Pack/Textures/Tables/Table34/Table34_mat_Table34_MetallicSmoothness.png	b6f889fad0e4cc94eb782921930dbf4b	Texture2D	2925744	-
Assets/Furniture Mega Pack/Textures/Tables/Table34/Table34_mat_Table34_Normal.png	0d2a4c7f1092d19489136f7e46a6fb51	Texture2D	5261152	-
Assets/Furniture Mega Pack/Textures/Tables/Table35/Table35_mat_Table35_AlbedoTransparency.png	60da00c64e8e613409bcdb84d75f22f3	Texture2D	4683665	-
Assets/Furniture Mega Pack/Textures/Tables/Table35/Table35_mat_Table35_MetallicSmoothness.png	ae2f6420892827c408cddd9551c9fcda	Texture2D	3096704	-
Assets/Furniture Mega Pack/Textures/Tables/Table35/Table35_mat_Table35_Normal.png	ff256517aed56f4438f371a76fad5ae0	Texture2D	4957582	-
Assets/Furniture Mega Pack/Textures/Tables/Table36/Table36_mat_Table36_AlbedoTransparency.png	03d78f7de50a94345985407dbf17163e	Texture2D	3608459	-
Assets/Furniture Mega Pack/Textures/Tables/Table36/Table36_mat_Table36_MetallicSmoothness.png	4aa4214b9d69f864ea16dcd0f286f897	Texture2D	2345526	-
Assets/Furniture Mega Pack/Textures/Tables/Table36/Table36_mat_Table36_Normal.png	bd816f5204c25cc49a2f0713be7e3fed	Texture2D	3576592	-
Assets/Furniture Mega Pack/Textures/Tables/Table37/Table37_mat_Table37_AlbedoTransparency.png	5b2cd7cb612a6dd438392c75a641dd20	Texture2D	2043981	-
Assets/Furniture Mega Pack/Textures/Tables/Table37/Table37_mat_Table37_MetallicSmoothness.png	bb1c9a4dfcb87e848bbe2f464509f162	Texture2D	1964415	-
Assets/Furniture Mega Pack/Textures/Tables/Table37/Table37_mat_Table37_Normal.png	afd64d2624277084982a36dce3d41781	Texture2D	2864337	-
Assets/Furniture Mega Pack/Textures/Tables/Table38/Table38_mat_Table38_AlbedoTransparency.png	ab9b7dfd962bc1640909391fdce74f6d	Texture2D	2973386	scene:BH_XR_MainScene
Assets/Furniture Mega Pack/Textures/Tables/Table38/Table38_mat_Table38_MetallicSmoothness.png	70878db69c32a194e8c15e0ab99d7912	Texture2D	1906818	scene:BH_XR_MainScene
Assets/Furniture Mega Pack/Textures/Tables/Table38/Table38_mat_Table38_Normal.png	ff96b7fa3a63de5468ec8e923c2743d7	Texture2D	4477878	scene:BH_XR_MainScene
Assets/Furniture Mega Pack/Textures/Tables/Table39/Table39_mat_Table39_AlbedoTransparency.png	8708129dc4125ca418861fc24e7c9330	Texture2D	4602163	-
Assets/Furniture Mega Pack/Textures/Tables/Table39/Table39_mat_Table39_MetallicSmoothness.png	c43b5c6e49d516f4281b58fcbe0950b8	Texture2D	3523109	-
Assets/Furniture Mega Pack/Textures/Tables/Table39/Table39_mat_Table39_Normal.png	71bd1f25e6446f24c9d30852b80e0d08	Texture2D	2276193	-
Assets/Furniture Mega Pack/Textures/Tables/Table40/Table40_mat_Table40_AlbedoTransparency.png	464fa29929036f641b4a80e5b104034f	Texture2D	3839411	-
Assets/Furniture Mega Pack/Textures/Tables/Table40/Table40_mat_Table40_MetallicSmoothness.png	f13f2a477121a0a44aab2698749e38f3	Texture2D	3321277	-
Assets/Furniture Mega Pack/Textures/Tables/Table40/Table40_mat_Table40_Normal.png	820cb13575a9a5d419041e3a03e24b9d	Texture2D	3549692	-
Assets/Furniture Mega Pack/Textures/Tables/Table41/Table41_mat_Table41_AlbedoTransparency.png	1ebf10c63a70e164fae4984ee1f2fdd4	Texture2D	1709582	-
Assets/Furniture Mega Pack/Textures/Tables/Table41/Table41_mat_Table41_MetallicSmoothness.png	cef07f060af08c141a96da830fc6a135	Texture2D	1646667	-
Assets/Furniture Mega Pack/Textures/Tables/Table41/Table41_mat_Table41_Normal.png	8e20e44cf6cd6284b88e5135d54ebbf0	Texture2D	3322512	-
Assets/Furniture Mega Pack/Textures/Tables/Table42/Table42_mat_Table42_AlbedoTransparency.png	ca4fefb5b9a0a5a41b58a72ed0a91fac	Texture2D	2345797	-
Assets/Furniture Mega Pack/Textures/Tables/Table42/Table42_mat_Table42_MetallicSmoothness.png	5c8aa16e1833cd744867befe99cabed7	Texture2D	1963018	-
Assets/Furniture Mega Pack/Textures/Tables/Table42/Table42_mat_Table42_Normal.png	c54c69a5d262ae14eba401e09a188a48	Texture2D	3461283	-
Assets/Furniture Mega Pack/Textures/Tables/Table43/Table43_mat_Table43_AlbedoTransparency.png	5b67e79a6abfb97488910ae16f4714b1	Texture2D	163228	-
Assets/Furniture Mega Pack/Textures/Tables/Table43/Table43_mat_Table43_MetallicSmoothness.png	4b7f30bbc0f64694d8c8937efd09759c	Texture2D	87909	-
Assets/Furniture Mega Pack/Textures/Tables/Table43/Table43_mat_Table43_Normal.png	9744855a50e6ec147bb05001795f026a	Texture2D	2447118	-
Assets/Furniture Mega Pack/Textures/Tables/Table44/Table44_mat_Table44_AlbedoTransparency.png	77504e8653de12d4c9765101137ffa03	Texture2D	157473	-
Assets/Furniture Mega Pack/Textures/Tables/Table44/Table44_mat_Table44_MetallicSmoothness.png	18d99c86d5a0ca04eb364701c76e5f4d	Texture2D	144527	-
Assets/Furniture Mega Pack/Textures/Tables/Table44/Table44_mat_Table44_Normal.png	0e9ccc31771d1064986c36015a54dcb4	Texture2D	2627657	-
Assets/Furniture Mega Pack/Textures/Tables/Table45/Table45_mat_Table45_AlbedoTransparency.png	5656a01c7efa9d645bf48e32e105d3ac	Texture2D	4618509	-
Assets/Furniture Mega Pack/Textures/Tables/Table45/Table45_mat_Table45_MetallicSmoothness.png	16c0c138c87e2754ca45bff8d7bb7864	Texture2D	71251	-
Assets/Furniture Mega Pack/Textures/Tables/Table45/Table45_mat_Table45_Normal.png	2d62ce3e3f9142240b6382a43fffe04e	Texture2D	5660246	-
Assets/Furniture Mega Pack/Textures/Tables/Table46/Table46_mat_Table46_AlbedoTransparency.png	e45a1592461812040ba14c9e1e9111b2	Texture2D	4521086	-
Assets/Furniture Mega Pack/Textures/Tables/Table46/Table46_mat_Table46_MetallicSmoothness.png	05f4799270bef8342a8a1158fbd2b147	Texture2D	80042	-
Assets/Furniture Mega Pack/Textures/Tables/Table46/Table46_mat_Table46_Normal.png	310c8a226e3713d44bba23440f7e4d9f	Texture2D	5927898	-
Assets/Furniture Mega Pack/Textures/Tables/Table47/Table47_mat_Table47_AlbedoTransparency.png	2f26a554c4073174a9b946f5ed197d2a	Texture2D	4560978	-
Assets/Furniture Mega Pack/Textures/Tables/Table47/Table47_mat_Table47_MetallicSmoothness.png	2cebf89b0df350b438ec281fbf702873	Texture2D	1867825	-
Assets/Furniture Mega Pack/Textures/Tables/Table47/Table47_mat_Table47_Normal.png	953f83c975cdc9245a8404ff69feda83	Texture2D	6966251	-
Assets/Furniture Mega Pack/Textures/Tables/Table48/Table48_mat_Table48_AlbedoTransparency.png	aaf80a670fa98c64f9154be200e655b5	Texture2D	49134	-
Assets/Furniture Mega Pack/Textures/Tables/Table48/Table48_mat_Table48_MetallicSmoothness.png	44bc124f36e948a49aa533061ada7719	Texture2D	21249	-
Assets/Furniture Mega Pack/Textures/Tables/Table48/Table48_mat_Table48_Normal.png	1e54a6d5e2fe4b7468e79c2588ba4035	Texture2D	2279595	-
Assets/Furniture Mega Pack/Textures/Tables/Table49/Table49_mat_Table49_AlbedoTransparency.png	732d2e9945bc5e0468234f3d124501e6	Texture2D	1683912	-
Assets/Furniture Mega Pack/Textures/Tables/Table49/Table49_mat_Table49_MetallicSmoothness.png	9895a8cb8182ec9478674d18aa3bc401	Texture2D	563632	-
Assets/Furniture Mega Pack/Textures/Tables/Table49/Table49_mat_Table49_Normal.png	a1cd139023896954d8440eba9b74a52e	Texture2D	2306610	-
Assets/Furniture Mega Pack/Textures/Tables/Table50/Table50_mat_Table50_AlbedoTransparency.png	9df48c32393536f48bf1e001cf8779cf	Texture2D	3112325	-
Assets/Furniture Mega Pack/Textures/Tables/Table50/Table50_mat_Table50_MetallicSmoothness.png	bea628f7cf547c24dab4ff419a372708	Texture2D	2942978	-
Assets/Furniture Mega Pack/Textures/Tables/Table50/Table50_mat_Table50_Normal.png	e93531346b7bf04459770b7fe4fcf03f	Texture2D	3399886	-
Assets/HDRPDefaultResources/DefaultSettingsVolumeProfile.asset	67a549307e9164d27a6fd7a8dc9bd34f	VolumeProfile	21435	-
Assets/HDRPDefaultResources/HDRenderPipelineGlobalSettings.asset	c9c9a3dbbe10a40caafe364e515397f1	HDRenderPipelineGlobalSettings	57092	-
Assets/HyTeKGames/SRPMaterialConverter/ConvertedMaterials/Air Conditioner.mat	4ace2c44c1e4f4cd88fbb053a54ccca5	Material	4138	-
Assets/HyTeKGames/SRPMaterialConverter/ConvertedMaterials/Bathroom Shelf.mat	0beef7fc1a77448d1a991ef112eb7bc5	Material	3806	-
Assets/HyTeKGames/SRPMaterialConverter/ConvertedMaterials/Bathroom_glass_1.mat	da5a6ef4f09ba4b9cbcd3280c1d1244f	Material	4083	scene:BH_XR_MainScene
Assets/HyTeKGames/SRPMaterialConverter/ConvertedMaterials/Bedroom_wood_table.mat	4f062adedd6a345dca0a5cb6283230e1	Material	4070	-
Assets/HyTeKGames/SRPMaterialConverter/ConvertedMaterials/Bird and Nest.mat	b32022884ac43405fba1bb53c6d313cd	Material	3972	-
Assets/HyTeKGames/SRPMaterialConverter/ConvertedMaterials/Brass.mat	06a1aa723c49f4ef2977a299bebb83f9	Material	3810	-
Assets/HyTeKGames/SRPMaterialConverter/ConvertedMaterials/Cartoon.mat	dafed8c4ec7e64ddbb45fcd4173b836e	Material	3965	-
Assets/HyTeKGames/SRPMaterialConverter/ConvertedMaterials/Cherry Highgloss.mat	52af3b56add854255ad4a85a6dae117b	Material	3868	-
Assets/HyTeKGames/SRPMaterialConverter/ConvertedMaterials/Chopboard_mat.mat	dacda8b677fe64730a084f03c2908cdb	Material	4080	-
Assets/HyTeKGames/SRPMaterialConverter/ConvertedMaterials/Chrome Clean.mat	0658fe405953344c6a05098da15e5787	Material	3803	-
Assets/HyTeKGames/SRPMaterialConverter/ConvertedMaterials/CommonCeramic01.mat	10696f2f0a8ec49ff91eb5dc95681132	Material	4085	-
Assets/HyTeKGames/SRPMaterialConverter/ConvertedMaterials/CommonCeramic02Biege.mat	587041608c773464595e236af96b7d94	Material	4125	-
Assets/HyTeKGames/SRPMaterialConverter/ConvertedMaterials/CommonPlastic01.mat	06346c21c0a33407cadf9d934fe383ef	Material	3810	-
Assets/HyTeKGames/SRPMaterialConverter/ConvertedMaterials/Cutlery.mat	8f02ea816b1d247a2b406e613b9f92da	Material	3968	-
Assets/HyTeKGames/SRPMaterialConverter/ConvertedMaterials/Decor.mat	36e5bb93557f1474abd5688d8353a098	Material	3964	-
Assets/HyTeKGames/SRPMaterialConverter/ConvertedMaterials/Door_frame_mat_1.mat	787e8a7c675d74f73bb544cab6a82c67	Material	3855	-
Assets/HyTeKGames/SRPMaterialConverter/ConvertedMaterials/DrainerNew.mat	083f6ff5135cb4f41bf96e01e9a72595	Material	4078	-
Assets/HyTeKGames/SRPMaterialConverter/ConvertedMaterials/Family Love.mat	f980bc0cf366640db9e61c4a20f91f08	Material	3970	-
Assets/HyTeKGames/SRPMaterialConverter/ConvertedMaterials/Furniture_Atlas_1.mat	8104b40137de54c48ac72d2cc873a7af	Material	4103	-
Assets/HyTeKGames/SRPMaterialConverter/ConvertedMaterials/Knife_Holder_mat.mat	596c05bbbb792415bb74046aa04eadee	Material	4082	-
Assets/HyTeKGames/SRPMaterialConverter/ConvertedMaterials/Lamp_emission.mat	3ec19f02d01fe4e27b33730e32450d75	Material	4169	-
Assets/HyTeKGames/SRPMaterialConverter/ConvertedMaterials/Lets Eat.mat	d0c06cb750b644f5abe97e245aadf67f	Material	3966	-
Assets/HyTeKGames/SRPMaterialConverter/ConvertedMaterials/LightBulb02.mat	af11415777a844b39a4f28b1f8a7dd7a	Material	3968	-
Assets/HyTeKGames/SRPMaterialConverter/ConvertedMaterials/LightBulb02On.mat	a18e123b823fd4f019f62b0492a34481	Material	4081	-
Assets/HyTeKGames/SRPMaterialConverter/ConvertedMaterials/LightChrome01.mat	88830ae0f15f5403aa970d631b8ff088	Material	3817	-
Assets/HyTeKGames/SRPMaterialConverter/ConvertedMaterials/LightEmission01.mat	b8d048f7e3ff944c683ccea07bb184ae	Material	3811	-
Assets/HyTeKGames/SRPMaterialConverter/ConvertedMaterials/LightPlastic01.mat	a23e837b566b540de8a04facd0effd3e	Material	3862	-
Assets/HyTeKGames/SRPMaterialConverter/ConvertedMaterials/LightPlastic02.mat	92995c06715ec4e5bbb2f58ef0343da1	Material	3972	-
Assets/HyTeKGames/SRPMaterialConverter/ConvertedMaterials/Line.mat	226ceea10179e44e38a5108093da6edc	Material	3961	-
Assets/HyTeKGames/SRPMaterialConverter/ConvertedMaterials/Loading.mat	41ced982df4b34f7e8413c043fb0a1dc	Material	3965	-
Assets/HyTeKGames/SRPMaterialConverter/ConvertedMaterials/M_toilet.mat	3d7565c8f28a74e33a46a85229d64568	Material	4076	-
Assets/HyTeKGames/SRPMaterialConverter/ConvertedMaterials/M_washbasin2.mat	b85df290e9346485baab9f3e5c9d8068	Material	4081	-
Assets/HyTeKGames/SRPMaterialConverter/ConvertedMaterials/Maps/Air Conditioner_1_AO.png	d456047f8ca094e4e85eed7e98519aaa	Texture2D	674997	-
Assets/HyTeKGames/SRPMaterialConverter/ConvertedMaterials/Maps/Air Conditioner_1_Metallic.png	0c2a14bae13364184994946c97cf83e8	Texture2D	389195	-
Assets/HyTeKGames/SRPMaterialConverter/ConvertedMaterials/Maps/Air Conditioner_AO.png	f9e97b8a798cb407490d979dbabcfffd	Texture2D	674997	-
Assets/HyTeKGames/SRPMaterialConverter/ConvertedMaterials/Maps/Air Conditioner_Metallic.png	d301ea62964314f688a0f1b6890efeda	Texture2D	389195	-
Assets/HyTeKGames/SRPMaterialConverter/ConvertedMaterials/Maps/Bedroom_wood_table_1_AO.png	2b98c59d2f1fe4b9aad289b57108a590	Texture2D	21247	-
Assets/HyTeKGames/SRPMaterialConverter/ConvertedMaterials/Maps/Bedroom_wood_table_1_Metallic.png	bb372bd69dc294c47b7698350d61d35a	Texture2D	18397	-
Assets/HyTeKGames/SRPMaterialConverter/ConvertedMaterials/Maps/Bedroom_wood_table_AO.png	1f274b7d485d24a58b97e0b75aa201ac	Texture2D	21247	-
Assets/HyTeKGames/SRPMaterialConverter/ConvertedMaterials/Maps/Bedroom_wood_table_Metallic.png	b03fe72d4ec594de097d2f752a75f949	Texture2D	18397	-
Assets/HyTeKGames/SRPMaterialConverter/ConvertedMaterials/Maps/Chopboard_mat_1_AO.png	0cfa56da96b2b4fa481e8997eab99cec	Texture2D	2151751	-
Assets/HyTeKGames/SRPMaterialConverter/ConvertedMaterials/Maps/Chopboard_mat_1_Metallic.png	35dcbe1f399f2486e86d366fe1388359	Texture2D	73381	-
Assets/HyTeKGames/SRPMaterialConverter/ConvertedMaterials/Maps/Chopboard_mat_AO.png	bf6046ec04a2c41dbbef596c52fbec1c	Texture2D	2151751	-
Assets/HyTeKGames/SRPMaterialConverter/ConvertedMaterials/Maps/Chopboard_mat_Metallic.png	30ac81035a9834b5eaeef0f88a780570	Texture2D	73381	-
Assets/HyTeKGames/SRPMaterialConverter/ConvertedMaterials/Maps/CommonCeramic01_2_AO.png	e52a486d8f23b425682a854a22c37154	Texture2D	20538	-
Assets/HyTeKGames/SRPMaterialConverter/ConvertedMaterials/Maps/CommonCeramic01_2_Metallic.png	6a5e182fc975b4a3d957eb9e900104f1	Texture2D	18397	-
Assets/HyTeKGames/SRPMaterialConverter/ConvertedMaterials/Maps/CommonCeramic01_AO.png	4a58656dfd8a8481092559d8858779a3	Texture2D	20538	-
Assets/HyTeKGames/SRPMaterialConverter/ConvertedMaterials/Maps/CommonCeramic01_Metallic.png	521f1a908da3845658a52421d9ec6268	Texture2D	18397	-
Assets/HyTeKGames/SRPMaterialConverter/ConvertedMaterials/Maps/CommonCeramic02Biege_1_AO.png	da9a859e411c44130adfe8d01be29eb8	Texture2D	20538	-
Assets/HyTeKGames/SRPMaterialConverter/ConvertedMaterials/Maps/CommonCeramic02Biege_1_Metallic.png	fee874a324c934a27b3be601b173050f	Texture2D	18397	-
Assets/HyTeKGames/SRPMaterialConverter/ConvertedMaterials/Maps/CommonCeramic02Biege_AO.png	9e4335cd3c68049bda7bc31556c55402	Texture2D	20538	-
Assets/HyTeKGames/SRPMaterialConverter/ConvertedMaterials/Maps/CommonCeramic02Biege_Metallic.png	86b8b6e32565e47cd92309a793338f89	Texture2D	18397	-
Assets/HyTeKGames/SRPMaterialConverter/ConvertedMaterials/Maps/DrainerNew_1_AO.png	bc95c771c2c484e599e733b39f570ad3	Texture2D	1954760	-
Assets/HyTeKGames/SRPMaterialConverter/ConvertedMaterials/Maps/DrainerNew_1_Metallic.png	d3588994d6707426db53e8db477e8752	Texture2D	75474	-
Assets/HyTeKGames/SRPMaterialConverter/ConvertedMaterials/Maps/DrainerNew_AO.png	64d6faa1d7b964d6b900b85a6ca64c90	Texture2D	1954760	-
Assets/HyTeKGames/SRPMaterialConverter/ConvertedMaterials/Maps/DrainerNew_Metallic.png	d3d94ddcaace64f9c82aef03b9d52840	Texture2D	75474	-
Assets/HyTeKGames/SRPMaterialConverter/ConvertedMaterials/Maps/Furniture_Atlas_1_1_AO.png	f224a90b3779245ffa4692cc24de15e0	Texture2D	78118	-
Assets/HyTeKGames/SRPMaterialConverter/ConvertedMaterials/Maps/Furniture_Atlas_1_1_Metallic.png	e11eb54e03a3b47c082cfad39fb44ddf	Texture2D	74958	-
Assets/HyTeKGames/SRPMaterialConverter/ConvertedMaterials/Maps/Furniture_Atlas_1_AO.png	f770828ebb65a4d1cafad812b0227d90	Texture2D	78118	-
Assets/HyTeKGames/SRPMaterialConverter/ConvertedMaterials/Maps/Furniture_Atlas_1_Metallic.png	3e2e2f3324b184221a62d5f832b806ed	Texture2D	74958	-
Assets/HyTeKGames/SRPMaterialConverter/ConvertedMaterials/Maps/Knife_Holder_mat_1_AO.png	92c2adb7ccd994a5c946b7f7447fbdac	Texture2D	2070257	-
Assets/HyTeKGames/SRPMaterialConverter/ConvertedMaterials/Maps/Knife_Holder_mat_1_Metallic.png	8b5afa43fb7d74fb29bbd6179220d8d7	Texture2D	73381	-
Assets/HyTeKGames/SRPMaterialConverter/ConvertedMaterials/Maps/Knife_Holder_mat_AO.png	d9e441a3eb37440418dc0ad1fb31c722	Texture2D	2070257	-
Assets/HyTeKGames/SRPMaterialConverter/ConvertedMaterials/Maps/Knife_Holder_mat_Metallic.png	de2b061af92a1420b98bb7338b9e94cd	Texture2D	73381	-
Assets/HyTeKGames/SRPMaterialConverter/ConvertedMaterials/Maps/Lamp_emission_1_AO.png	058644693cd4b4dbfb028d1f461c18b1	Texture2D	78118	-
Assets/HyTeKGames/SRPMaterialConverter/ConvertedMaterials/Maps/Lamp_emission_1_Metallic.png	b99730ddaed3b4629b2cb8305443cc9f	Texture2D	78118	-
Assets/HyTeKGames/SRPMaterialConverter/ConvertedMaterials/Maps/Lamp_emission_AO.png	7feda82e7ea834495a358414d7294d23	Texture2D	78118	-
Assets/HyTeKGames/SRPMaterialConverter/ConvertedMaterials/Maps/Lamp_emission_Metallic.png	db1fa767696cb4cba9e2533377a521b7	Texture2D	78118	-
Assets/HyTeKGames/SRPMaterialConverter/ConvertedMaterials/Maps/LightBulb02On_1_AO.png	ee9c1092dd7eb46eebd141cd14dd5152	Texture2D	4655	-
Assets/HyTeKGames/SRPMaterialConverter/ConvertedMaterials/Maps/LightBulb02On_1_Metallic.png	c6e7db09e72ec4914b120616647c1146	Texture2D	4655	-
Assets/HyTeKGames/SRPMaterialConverter/ConvertedMaterials/Maps/LightBulb02On_AO.png	6e58b145e7f0c4711a83c79f52560dac	Texture2D	4655	-
Assets/HyTeKGames/SRPMaterialConverter/ConvertedMaterials/Maps/LightBulb02On_Metallic.png	841a0802df2d8450894fa8475c9939db	Texture2D	4655	-
Assets/HyTeKGames/SRPMaterialConverter/ConvertedMaterials/Maps/M_toilet_1_AO.png	6f878c20f9b05412aa3362ed9e9f3176	Texture2D	500349	-
Assets/HyTeKGames/SRPMaterialConverter/ConvertedMaterials/Maps/M_toilet_1_Metallic.png	11d86ea40eefa45b79e1f02599f4829e	Texture2D	95500	-
Assets/HyTeKGames/SRPMaterialConverter/ConvertedMaterials/Maps/M_toilet_AO.png	8cd31a6e1fa914807a4c7c7a522ae0e3	Texture2D	500349	-
Assets/HyTeKGames/SRPMaterialConverter/ConvertedMaterials/Maps/M_toilet_Metallic.png	41625db7ca67a4866b87bdde56deabc1	Texture2D	95500	-
Assets/HyTeKGames/SRPMaterialConverter/ConvertedMaterials/Maps/M_washbasin2_1_AO.png	61616b8a0909b48348f3a710f8d80f97	Texture2D	555017	-
Assets/HyTeKGames/SRPMaterialConverter/ConvertedMaterials/Maps/M_washbasin2_1_Metallic.png	e239746deff644242925c2847fc4773a	Texture2D	73381	-
Assets/HyTeKGames/SRPMaterialConverter/ConvertedMaterials/Maps/M_washbasin2_AO.png	e1fe20ea3a5dd4127873af8092b202cd	Texture2D	555017	-
Assets/HyTeKGames/SRPMaterialConverter/ConvertedMaterials/Maps/M_washbasin2_Metallic.png	0a60d5280c44643bdaf477d2bcb51dac	Texture2D	73381	-
Assets/HyTeKGames/SRPMaterialConverter/ConvertedMaterials/Maps/Mug_Holder_mat_1_AO.png	1ffa922168d0c4adfb49e0c8875c7a59	Texture2D	1668979	-
Assets/HyTeKGames/SRPMaterialConverter/ConvertedMaterials/Maps/Mug_Holder_mat_1_Metallic.png	4b038fab2e8dc4a9e859491a9ad09a06	Texture2D	73381	-
Assets/HyTeKGames/SRPMaterialConverter/ConvertedMaterials/Maps/Mug_Holder_mat_AO.png	7d25c5f0c78224245ac9591a77f49629	Texture2D	1668979	-
Assets/HyTeKGames/SRPMaterialConverter/ConvertedMaterials/Maps/Mug_Holder_mat_Metallic.png	cf141d9c20ccb47c9b0b751676fbdc4c	Texture2D	73381	-
Assets/HyTeKGames/SRPMaterialConverter/ConvertedMaterials/Maps/Notepad_1_AO.png	db4addd0b76e64356b0fba217c550245	Texture2D	78118	-
Assets/HyTeKGames/SRPMaterialConverter/ConvertedMaterials/Maps/Notepad_1_Metallic.png	4a40e7ab026a4494094f079cd998de52	Texture2D	73381	-
Assets/HyTeKGames/SRPMaterialConverter/ConvertedMaterials/Maps/Notepad_AO.png	8cdac5ac34acb45b8ae5c7059c348e86	Texture2D	78118	-
Assets/HyTeKGames/SRPMaterialConverter/ConvertedMaterials/Maps/Notepad_Metallic.png	c3e18badbd8c54e85b128e673e277b51	Texture2D	73381	-
Assets/HyTeKGames/SRPMaterialConverter/ConvertedMaterials/Maps/Paintings_House_1_1_AO.png	5c58759b3d5364b44af6c0b6667dde59	Texture2D	188245	-
Assets/HyTeKGames/SRPMaterialConverter/ConvertedMaterials/Maps/Paintings_House_1_1_Metallic.png	9a1b7babfa4094863902f7159f095979	Texture2D	73381	-
Assets/HyTeKGames/SRPMaterialConverter/ConvertedMaterials/Maps/Paintings_House_1_AO.png	4d14656275e204e4c9080446ab51a1f3	Texture2D	188245	-
Assets/HyTeKGames/SRPMaterialConverter/ConvertedMaterials/Maps/Paintings_House_1_Metallic.png	6cf4ff544f8144fab9e6dcafe5d16041	Texture2D	73381	-
Assets/HyTeKGames/SRPMaterialConverter/ConvertedMaterials/Maps/Paintings_House_2_1_AO.png	d400ba2afd7004670bcbeac7eb3a25e1	Texture2D	233381	-
Assets/HyTeKGames/SRPMaterialConverter/ConvertedMaterials/Maps/Paintings_House_2_1_Metallic.png	6193cff43290047dcaae6f7b0e8d8fc3	Texture2D	73381	-
Assets/HyTeKGames/SRPMaterialConverter/ConvertedMaterials/Maps/Paintings_House_2_AO.png	f896578c3207645e3b5be19127ad9ee0	Texture2D	233381	-
Assets/HyTeKGames/SRPMaterialConverter/ConvertedMaterials/Maps/Paintings_House_2_Metallic.png	9efaf7c4226b145f58495b887e6d805d	Texture2D	73381	-
Assets/HyTeKGames/SRPMaterialConverter/ConvertedMaterials/Maps/Paintings_House_3_AO.png	ba8bc4e52d7f245f9bc2fe319ed67263	Texture2D	182727	-
Assets/HyTeKGames/SRPMaterialConverter/ConvertedMaterials/Maps/Paintings_House_3_Metallic.png	8a243f1d3e97343b19ed7d59ffd47d80	Texture2D	73381	-
Assets/HyTeKGames/SRPMaterialConverter/ConvertedMaterials/Maps/Paintings_House_4_1_AO.png	24d08604b7b4d4f0aa55880553c3e798	Texture2D	78118	-
Assets/HyTeKGames/SRPMaterialConverter/ConvertedMaterials/Maps/Paintings_House_4_1_Metallic.png	78f577650fe4c4ac9a25c6f330ff5586	Texture2D	73381	-
Assets/HyTeKGames/SRPMaterialConverter/ConvertedMaterials/Maps/Paintings_House_4_AO.png	36835176c70834ac4b29d160296164c8	Texture2D	78118	-
Assets/HyTeKGames/SRPMaterialConverter/ConvertedMaterials/Maps/Paintings_House_4_Metallic.png	a640d6ec125ed4a5089b9e7ca9b0950a	Texture2D	73381	-
Assets/HyTeKGames/SRPMaterialConverter/ConvertedMaterials/Maps/Paintings_House_AO.png	cf618276142164bc1a3120b2d282c918	Texture2D	182727	-
Assets/HyTeKGames/SRPMaterialConverter/ConvertedMaterials/Maps/Paintings_House_Metallic.png	b283a343d38eb467eaba3d4a985dbcff	Texture2D	73381	-
Assets/HyTeKGames/SRPMaterialConverter/ConvertedMaterials/Maps/Remote_2_AO.png	60b88ee82d55e46558bfc185f0d232a8	Texture2D	20538	-
Assets/HyTeKGames/SRPMaterialConverter/ConvertedMaterials/Maps/Remote_2_Metallic.png	93fd617f80acb410f815429f9cf8463a	Texture2D	23139	-
Assets/HyTeKGames/SRPMaterialConverter/ConvertedMaterials/Maps/Remote_AO.png	ceeee874fef1242428837b71ab8e03dc	Texture2D	20538	-
Assets/HyTeKGames/SRPMaterialConverter/ConvertedMaterials/Maps/Remote_Metallic.png	1a8382a70597b49d6b2cd30f332afb25	Texture2D	23139	-
Assets/HyTeKGames/SRPMaterialConverter/ConvertedMaterials/Maps/Socket_1_AO.png	b0c30db1634024bf5a26c1b73d3e35d5	Texture2D	20538	-
Assets/HyTeKGames/SRPMaterialConverter/ConvertedMaterials/Maps/Socket_1_Metallic.png	90cb1ba2d9ae04261a19730bf533ec3b	Texture2D	22430	-
Assets/HyTeKGames/SRPMaterialConverter/ConvertedMaterials/Maps/Socket_AO.png	50dcda12b7e2f49c087485d6aa6146b2	Texture2D	20538	-
Assets/HyTeKGames/SRPMaterialConverter/ConvertedMaterials/Maps/Socket_Metallic.png	f82f61984ca8343778417c883f83a316	Texture2D	22430	-
Assets/HyTeKGames/SRPMaterialConverter/ConvertedMaterials/Maps/TV_1_AO.png	9607d0c1d6312424aa0a6b0943bfbd29	Texture2D	27514	-
Assets/HyTeKGames/SRPMaterialConverter/ConvertedMaterials/Maps/TV_1_Metallic.png	1efc634662c7b4e178d46d7ca085f1b2	Texture2D	5623	-
Assets/HyTeKGames/SRPMaterialConverter/ConvertedMaterials/Maps/TV_AO.png	76c03706cbe8b4acc943d8b1302fd726	Texture2D	27514	-
Assets/HyTeKGames/SRPMaterialConverter/ConvertedMaterials/Maps/TV_Metallic.png	c4aad989d02ab4c049d6a6c2b238f046	Texture2D	5623	-
Assets/HyTeKGames/SRPMaterialConverter/ConvertedMaterials/Maps/TV_Panels_1_AO.png	35ad2929e6aa7456ca86ef9283a79f45	Texture2D	169834	-
Assets/HyTeKGames/SRPMaterialConverter/ConvertedMaterials/Maps/TV_Panels_1_Metallic.png	c5d900f2e17f547c1be19bca646ea40f	Texture2D	18397	-
Assets/HyTeKGames/SRPMaterialConverter/ConvertedMaterials/Maps/TV_Panels_AO.png	95b718d65f7a141f19567aee5a222558	Texture2D	169834	-
Assets/HyTeKGames/SRPMaterialConverter/ConvertedMaterials/Maps/TV_Panels_Metallic.png	4ffd45bd7cdc6419fbda350aae55159b	Texture2D	18397	-
Assets/HyTeKGames/SRPMaterialConverter/ConvertedMaterials/Maps/TV_Shelf_1_AO.png	7513322bdcfd84724aaf21ce1cd4691f	Texture2D	173523	-
Assets/HyTeKGames/SRPMaterialConverter/ConvertedMaterials/Maps/TV_Shelf_1_Metallic.png	fdfc874ff78f647038df1717c2783ec0	Texture2D	23433	-
Assets/HyTeKGames/SRPMaterialConverter/ConvertedMaterials/Maps/TV_Shelf_AO.png	b5ff6ba371f1d4dc7b2a53abe078682d	Texture2D	173523	-
Assets/HyTeKGames/SRPMaterialConverter/ConvertedMaterials/Maps/TV_Shelf_Metallic.png	bdda603c6223f4e77bd4de7a2e446402	Texture2D	23433	-
Assets/HyTeKGames/SRPMaterialConverter/ConvertedMaterials/Maps/Table Mat_1_AO.png	dc30c856a248a4915850a53a017470f6	Texture2D	471346	-
Assets/HyTeKGames/SRPMaterialConverter/ConvertedMaterials/Maps/Table Mat_1_Metallic.png	3b8d283430e4d453db5fc9e58bb2481e	Texture2D	98369	-
Assets/HyTeKGames/SRPMaterialConverter/ConvertedMaterials/Maps/Table Mat_AO.png	8f0010866eef24a3aa39c520a62cfcff	Texture2D	471346	-
Assets/HyTeKGames/SRPMaterialConverter/ConvertedMaterials/Maps/Table Mat_Metallic.png	c54a16ad6c8534b0eb98986d84d51f99	Texture2D	98369	-
Assets/HyTeKGames/SRPMaterialConverter/ConvertedMaterials/Maps/balcony_chair1_2_AO.png	305db683fb7a740e3bc04e22a61e3937	Texture2D	640293	-
Assets/HyTeKGames/SRPMaterialConverter/ConvertedMaterials/Maps/balcony_chair1_2_Metallic.png	56b1380f4f7c04747bebdf5a0d4be55a	Texture2D	94634	-
Assets/HyTeKGames/SRPMaterialConverter/ConvertedMaterials/Maps/balcony_chair1_4_AO.png	4e33927470f85490b81ff27791fbafc3	Texture2D	640293	-
Assets/HyTeKGames/SRPMaterialConverter/ConvertedMaterials/Maps/balcony_chair1_4_Metallic.png	4f14612cf9a6640de812000b8bef5b06	Texture2D	94634	-
Assets/HyTeKGames/SRPMaterialConverter/ConvertedMaterials/Maps/balcony_chair1_AO.png	eba68fa75f9424ae39d8fa08d9761330	Texture2D	640293	-
Assets/HyTeKGames/SRPMaterialConverter/ConvertedMaterials/Maps/balcony_chair1_Metallic.png	1ed91f3527f5b4fe993782a647c21f02	Texture2D	94634	-
Assets/HyTeKGames/SRPMaterialConverter/ConvertedMaterials/Maps/balcony_glass_1_AO.png	1e74f1aaafd3d44d2824f89e2ae75642	Texture2D	73381	-
Assets/HyTeKGames/SRPMaterialConverter/ConvertedMaterials/Maps/balcony_glass_1_Metallic.png	8a905b52519c7468d89276ffa52bae5f	Texture2D	73381	-
Assets/HyTeKGames/SRPMaterialConverter/ConvertedMaterials/Maps/balcony_glass_2_AO.png	c059daea0f8594d2caff09bae70536b2	Texture2D	73381	-
Assets/HyTeKGames/SRPMaterialConverter/ConvertedMaterials/Maps/balcony_glass_2_Metallic.png	a56d6d97584c44e16b9f8aef43409ffd	Texture2D	73381	-
Assets/HyTeKGames/SRPMaterialConverter/ConvertedMaterials/Maps/balcony_glass_AO.png	b8cc0bcf055b94acab24970885c08fb1	Texture2D	73381	-
Assets/HyTeKGames/SRPMaterialConverter/ConvertedMaterials/Maps/balcony_glass_Metallic.png	57d4c7dafdb7e4242a62c0fdbdc7b348	Texture2D	73381	-
Assets/HyTeKGames/SRPMaterialConverter/ConvertedMaterials/Maps/balcony_mat1_1_AO.png	1bbe6648376c8446a907e0fe7030fc43	Texture2D	78182	-
Assets/HyTeKGames/SRPMaterialConverter/ConvertedMaterials/Maps/balcony_mat1_1_Metallic.png	407c85a24fe9e4710a686fe6654c82b2	Texture2D	73381	-
Assets/HyTeKGames/SRPMaterialConverter/ConvertedMaterials/Maps/balcony_mat1_2_AO.png	6498817ae41734eb2a8d6d51f9057a5b	Texture2D	78182	-
Assets/HyTeKGames/SRPMaterialConverter/ConvertedMaterials/Maps/balcony_mat1_2_Metallic.png	cdc50c06d384249d49169f5dc63f06d8	Texture2D	73381	-
Assets/HyTeKGames/SRPMaterialConverter/ConvertedMaterials/Maps/balcony_mat1_AO.png	309564fe20b6649609204353a120d487	Texture2D	78182	-
Assets/HyTeKGames/SRPMaterialConverter/ConvertedMaterials/Maps/balcony_mat1_Metallic.png	d61a2ac9e68274ae6a0f3bea8cf7c0bb	Texture2D	73381	-
Assets/HyTeKGames/SRPMaterialConverter/ConvertedMaterials/Maps/balcony_metal_1_AO.png	909bad23b14004d8d86873987bd348e7	Texture2D	474116	-
Assets/HyTeKGames/SRPMaterialConverter/ConvertedMaterials/Maps/balcony_metal_1_Metallic.png	811d780a080de429d8745e347b8798c0	Texture2D	78119	-
Assets/HyTeKGames/SRPMaterialConverter/ConvertedMaterials/Maps/balcony_metal_2_AO.png	4c4aac092500e40b08de638d30fe2351	Texture2D	474116	-
Assets/HyTeKGames/SRPMaterialConverter/ConvertedMaterials/Maps/balcony_metal_2_Metallic.png	53f823dc105a34125b039415e82183b4	Texture2D	78119	-
Assets/HyTeKGames/SRPMaterialConverter/ConvertedMaterials/Maps/balcony_metal_AO.png	950d9a0dc87424fd6a5ead7d43f8d927	Texture2D	474116	-
Assets/HyTeKGames/SRPMaterialConverter/ConvertedMaterials/Maps/balcony_metal_Metallic.png	e2eaaf82b8b254276bff75da6e571c07	Texture2D	78119	-
Assets/HyTeKGames/SRPMaterialConverter/ConvertedMaterials/Maps/balcony_table_2_1_AO.png	9934b4f04f6fd46c3ab89d2b865470b7	Texture2D	296889	-
Assets/HyTeKGames/SRPMaterialConverter/ConvertedMaterials/Maps/balcony_table_2_1_Metallic.png	e7b355c0ee2ea473cae274b61445b78b	Texture2D	189322	-
Assets/HyTeKGames/SRPMaterialConverter/ConvertedMaterials/Maps/balcony_table_2_2_AO.png	1fbdd5ff1bd544e60891ffbf99e9134b	Texture2D	296889	-
Assets/HyTeKGames/SRPMaterialConverter/ConvertedMaterials/Maps/balcony_table_2_2_Metallic.png	985126de612b34d0ca993b0abfa0cd80	Texture2D	189322	-
Assets/HyTeKGames/SRPMaterialConverter/ConvertedMaterials/Maps/balcony_table_2_AO.png	ae4622ece5c554c10a4bc80408475ecd	Texture2D	296889	-
Assets/HyTeKGames/SRPMaterialConverter/ConvertedMaterials/Maps/balcony_table_2_Metallic.png	b42db685d5517404c85151a766ee436a	Texture2D	189322	-
Assets/HyTeKGames/SRPMaterialConverter/ConvertedMaterials/Maps/balcony_wood_1_AO.png	9a48d02d3446d46daa4a6d32e9657087	Texture2D	78118	-
Assets/HyTeKGames/SRPMaterialConverter/ConvertedMaterials/Maps/balcony_wood_1_Metallic.png	f26827d53d28b436ea56d9db8586cfc0	Texture2D	73381	-
Assets/HyTeKGames/SRPMaterialConverter/ConvertedMaterials/Maps/balcony_wood_2_AO.png	4419546d2b8e44296bd38edb02c0c2b4	Texture2D	78118	-
Assets/HyTeKGames/SRPMaterialConverter/ConvertedMaterials/Maps/balcony_wood_2_Metallic.png	0a088f83a85ea4f1c9f047a1eee2c94d	Texture2D	73381	-
Assets/HyTeKGames/SRPMaterialConverter/ConvertedMaterials/Maps/balcony_wood_AO.png	d582beb2d02e5431089556ced58426aa	Texture2D	78118	scene:BH_XR_MainScene
Assets/HyTeKGames/SRPMaterialConverter/ConvertedMaterials/Maps/balcony_wood_Metallic.png	3156b231077074e4b963fe0b3103ebf5	Texture2D	73381	scene:BH_XR_MainScene
Assets/HyTeKGames/SRPMaterialConverter/ConvertedMaterials/Maps/bathroom_cabin_1_AO.png	25458c2b7e91347cc90e0c160b3d18c7	Texture2D	320199	-
Assets/HyTeKGames/SRPMaterialConverter/ConvertedMaterials/Maps/bathroom_cabin_1_Metallic.png	a82786a68c8cb44abb8fc1587d4dfee7	Texture2D	21126	-
Assets/HyTeKGames/SRPMaterialConverter/ConvertedMaterials/Maps/bathroom_cabin_AO.png	6c632b71d0b274e9ba7085ec1152624c	Texture2D	320199	-
Assets/HyTeKGames/SRPMaterialConverter/ConvertedMaterials/Maps/bathroom_cabin_Metallic.png	681e65bf2684840d8adf2b445beca63b	Texture2D	21126	-
Assets/HyTeKGames/SRPMaterialConverter/ConvertedMaterials/Maps/bathroom_floor3_1_AO.png	83daf753577ed4cbea95f5191fd5d683	Texture2D	78118	-
Assets/HyTeKGames/SRPMaterialConverter/ConvertedMaterials/Maps/bathroom_floor3_1_Metallic.png	0bb38c17df92547e48a38bd6bfe007fc	Texture2D	73381	-
Assets/HyTeKGames/SRPMaterialConverter/ConvertedMaterials/Maps/bathroom_floor3_AO.png	721e16d81dabe45e89182aa1e058febd	Texture2D	78118	-
Assets/HyTeKGames/SRPMaterialConverter/ConvertedMaterials/Maps/bathroom_floor3_Metallic.png	bcf262e2bacd144279d0a8f3db910431	Texture2D	73381	-
Assets/HyTeKGames/SRPMaterialConverter/ConvertedMaterials/Maps/bathroom_shelf_1_AO.png	39830048ead5547c885c42698622197b	Texture2D	266488	-
Assets/HyTeKGames/SRPMaterialConverter/ConvertedMaterials/Maps/bathroom_shelf_1_Metallic.png	effbe2658337c42c9a080c37be60ab77	Texture2D	20287	-
Assets/HyTeKGames/SRPMaterialConverter/ConvertedMaterials/Maps/bathroom_shelf_AO.png	a28ac8c910468482aa0b10f53357f41f	Texture2D	266488	-
Assets/HyTeKGames/SRPMaterialConverter/ConvertedMaterials/Maps/bathroom_shelf_Metallic.png	8bcf6182cfd504c11922171b2fa29363	Texture2D	20287	-
Assets/HyTeKGames/SRPMaterialConverter/ConvertedMaterials/Maps/bathroom_wall3_1_AO.png	eeada6e2ba0724affb15274a868c6b2d	Texture2D	78118	-
Assets/HyTeKGames/SRPMaterialConverter/ConvertedMaterials/Maps/bathroom_wall3_1_Metallic.png	37c7a847ad5ea4a3d945bfba8733ffee	Texture2D	73381	-
Assets/HyTeKGames/SRPMaterialConverter/ConvertedMaterials/Maps/bathroom_wall3_AO.png	976b96598dabb45ff9e210c5588144a0	Texture2D	78118	-
Assets/HyTeKGames/SRPMaterialConverter/ConvertedMaterials/Maps/bathroom_wall3_Metallic.png	680b0e824b51840569efebe3df96bc7e	Texture2D	73381	-
Assets/HyTeKGames/SRPMaterialConverter/ConvertedMaterials/Maps/bathroom_wall_mat_1_1_AO.png	e63ecd49f96c64f6482f259cbf271e08	Texture2D	20538	-
Assets/HyTeKGames/SRPMaterialConverter/ConvertedMaterials/Maps/bathroom_wall_mat_1_1_Metallic.png	a9fc3596b5d5f445099e23c17fb5987a	Texture2D	18397	-
Assets/HyTeKGames/SRPMaterialConverter/ConvertedMaterials/Maps/bathroom_wall_mat_1_AO.png	facf92de3b6884f688cc6097a8050160	Texture2D	20538	scene:BH_XR_MainScene
Assets/HyTeKGames/SRPMaterialConverter/ConvertedMaterials/Maps/bathroom_wall_mat_1_Metallic.png	cb09d19c095ba42de945612886d68ab2	Texture2D	18397	scene:BH_XR_MainScene
Assets/HyTeKGames/SRPMaterialConverter/ConvertedMaterials/Maps/bed_1_AO.png	5d4401c448b314596bc61c092dcb61c3	Texture2D	78118	-
Assets/HyTeKGames/SRPMaterialConverter/ConvertedMaterials/Maps/bed_1_Metallic.png	16569bc07e02e4d2b9c03c5a8c8a0496	Texture2D	73381	-
Assets/HyTeKGames/SRPMaterialConverter/ConvertedMaterials/Maps/bed_AO.png	2dbbdaaa92c004c0fb1a790f96d040db	Texture2D	78118	-
Assets/HyTeKGames/SRPMaterialConverter/ConvertedMaterials/Maps/bed_Metallic.png	95e48a6855b4a415ebb4ed8a7b9a5a85	Texture2D	73381	-
Assets/HyTeKGames/SRPMaterialConverter/ConvertedMaterials/Maps/bed_coat_1_AO.png	28388379b76ae4105b9f665376e56387	Texture2D	20538	-
Assets/HyTeKGames/SRPMaterialConverter/ConvertedMaterials/Maps/bed_coat_1_Metallic.png	6de1581260bd5436f9b09ec9c10bb7e4	Texture2D	620722	-
Assets/HyTeKGames/SRPMaterialConverter/ConvertedMaterials/Maps/bed_coat_AO.png	06736337b6a984947980e0f3dca73b78	Texture2D	20538	-
Assets/HyTeKGames/SRPMaterialConverter/ConvertedMaterials/Maps/bed_coat_Metallic.png	b6c0e70e08b9e4485a0292cb98e663dd	Texture2D	620722	-
Assets/HyTeKGames/SRPMaterialConverter/ConvertedMaterials/Maps/bed_lamp_glass1_1_AO.png	e8904bb0865ab482eb25bace01392e94	Texture2D	51510	-
Assets/HyTeKGames/SRPMaterialConverter/ConvertedMaterials/Maps/bed_lamp_glass1_1_Metallic.png	40a9592aacdf548b59b76362d03340f9	Texture2D	9242	-
Assets/HyTeKGames/SRPMaterialConverter/ConvertedMaterials/Maps/bed_lamp_glass1_AO.png	46ca800978c2945dd81a52f4e178eb95	Texture2D	51510	-
Assets/HyTeKGames/SRPMaterialConverter/ConvertedMaterials/Maps/bed_lamp_glass1_Metallic.png	3c4425d52e68843fd9d8cb4aa3b6abe6	Texture2D	9242	-
Assets/HyTeKGames/SRPMaterialConverter/ConvertedMaterials/Maps/bed_sider_1_AO.png	7b729eae096404191b70db08a406911d	Texture2D	544935	-
Assets/HyTeKGames/SRPMaterialConverter/ConvertedMaterials/Maps/bed_sider_1_Metallic.png	efb189578a9624ce89017bcc1dd80b49	Texture2D	73381	-
Assets/HyTeKGames/SRPMaterialConverter/ConvertedMaterials/Maps/bed_sider_AO.png	8df0ab6768fac4e88ad30a8434cf94b2	Texture2D	544935	-
Assets/HyTeKGames/SRPMaterialConverter/ConvertedMaterials/Maps/bed_sider_Metallic.png	08cf7773bd0b4446fb66fb135f716c40	Texture2D	73381	-
Assets/HyTeKGames/SRPMaterialConverter/ConvertedMaterials/Maps/bedroom_floor3_1_AO.png	ca15f156edd3e4145aa765d6d1a8f86a	Texture2D	78118	-
Assets/HyTeKGames/SRPMaterialConverter/ConvertedMaterials/Maps/bedroom_floor3_1_Metallic.png	3b92e145ae56d477787a176da46e3fa4	Texture2D	73381	-
Assets/HyTeKGames/SRPMaterialConverter/ConvertedMaterials/Maps/bedroom_floor3_AO.png	2c1227b923ea44753b3ffadb2f382abb	Texture2D	78118	-
Assets/HyTeKGames/SRPMaterialConverter/ConvertedMaterials/Maps/bedroom_floor3_Metallic.png	2696652fe981d404ab7db47651f53331	Texture2D	73381	-
Assets/HyTeKGames/SRPMaterialConverter/ConvertedMaterials/Maps/bedroom_wall4_1_AO.png	167be623ac9114203ac775dbf4232d3b	Texture2D	78118	-
Assets/HyTeKGames/SRPMaterialConverter/ConvertedMaterials/Maps/bedroom_wall4_1_Metallic.png	363bf97cc13d6407c980d53bf0463bef	Texture2D	73381	-
Assets/HyTeKGames/SRPMaterialConverter/ConvertedMaterials/Maps/bedroom_wall4_AO.png	bcc43eaeb5a454e9c9f13c3bbaa85412	Texture2D	78118	-
Assets/HyTeKGames/SRPMaterialConverter/ConvertedMaterials/Maps/bedroom_wall4_Metallic.png	10712cce9320143d69b476eb251de6b5	Texture2D	73381	-
Assets/HyTeKGames/SRPMaterialConverter/ConvertedMaterials/Maps/bedroom_wood_side_table_1_AO.png	322c90ad0c9ad4c15808eb3e3e997330	Texture2D	192823	-
Assets/HyTeKGames/SRPMaterialConverter/ConvertedMaterials/Maps/bedroom_wood_side_table_1_Metallic.png	f16149040036b417b884e5c25454ebd9	Texture2D	18397	-
Assets/HyTeKGames/SRPMaterialConverter/ConvertedMaterials/Maps/bedroom_wood_side_table_AO.png	7c4bf03dba13246e389f5a81376bc8ca	Texture2D	192823	-
Assets/HyTeKGames/SRPMaterialConverter/ConvertedMaterials/Maps/bedroom_wood_side_table_Metallic.png	bf59a563c685749099b3c4836fab4b9b	Texture2D	18397	-
Assets/HyTeKGames/SRPMaterialConverter/ConvertedMaterials/Maps/bedside_lamp1_1_AO.png	7aaa7588f823340f0925219b7dea624c	Texture2D	165036	-
Assets/HyTeKGames/SRPMaterialConverter/ConvertedMaterials/Maps/bedside_lamp1_1_Metallic.png	2cc2956a2a5114b4e8c82d24f338b85e	Texture2D	9242	-
Assets/HyTeKGames/SRPMaterialConverter/ConvertedMaterials/Maps/bedside_lamp1_AO.png	6becf2ca255514bcca8c89e74c509308	Texture2D	165036	-
Assets/HyTeKGames/SRPMaterialConverter/ConvertedMaterials/Maps/bedside_lamp1_Metallic.png	fca172059b26248c79338403de5ddc09	Texture2D	9242	-
Assets/HyTeKGames/SRPMaterialConverter/ConvertedMaterials/Maps/carpet_1_AO.png	6bc4428eea2794c8ebe765607f916a49	Texture2D	84060	-
Assets/HyTeKGames/SRPMaterialConverter/ConvertedMaterials/Maps/carpet_1_Metallic.png	ae852bee18413452eb3c5c7bbd6bf2b2	Texture2D	73381	-
Assets/HyTeKGames/SRPMaterialConverter/ConvertedMaterials/Maps/carpet_AO.png	59b640d8c42dc41dc88a0298538d9c62	Texture2D	84060	scene:BH_XR_MainScene
Assets/HyTeKGames/SRPMaterialConverter/ConvertedMaterials/Maps/carpet_Metallic.png	85125b2f9ef3948c78e9c57b090c6281	Texture2D	73381	scene:BH_XR_MainScene
Assets/HyTeKGames/SRPMaterialConverter/ConvertedMaterials/Maps/chimini_1_AO.png	3feecf80ede424e2f827c76bb93d4984	Texture2D	966986	-
Assets/HyTeKGames/SRPMaterialConverter/ConvertedMaterials/Maps/chimini_1_Metallic.png	8be59c615d48c4ac69bff70e67729cd3	Texture2D	78118	-
Assets/HyTeKGames/SRPMaterialConverter/ConvertedMaterials/Maps/chimini_2_AO.png	42170b9c6415c45ad93104d17470e0df	Texture2D	966986	-
Assets/HyTeKGames/SRPMaterialConverter/ConvertedMaterials/Maps/chimini_2_Metallic.png	c009fe7aab0fc4a0483972f68f9fb40e	Texture2D	78118	-
Assets/HyTeKGames/SRPMaterialConverter/ConvertedMaterials/Maps/chimini_3_AO.png	5eee5bdc141314bca946b811ebbc02ab	Texture2D	966986	-
Assets/HyTeKGames/SRPMaterialConverter/ConvertedMaterials/Maps/chimini_3_Metallic.png	27f222ea84ad14f239f3015e72143e7b	Texture2D	78118	-
Assets/HyTeKGames/SRPMaterialConverter/ConvertedMaterials/Maps/chimini_AO.png	3e70566415415472497ff333494a2136	Texture2D	966986	-
Assets/HyTeKGames/SRPMaterialConverter/ConvertedMaterials/Maps/chimini_Metallic.png	5d12eb6025b61498caad4c72b979ed7b	Texture2D	78118	-
Assets/HyTeKGames/SRPMaterialConverter/ConvertedMaterials/Maps/coffee_maker_1_AO.png	f939df0f77a714fc9bb2db83d15f5833	Texture2D	793039	-
Assets/HyTeKGames/SRPMaterialConverter/ConvertedMaterials/Maps/coffee_maker_1_Metallic.png	3580e836fd85e498189bc7dc1b19f99c	Texture2D	128394	-
Assets/HyTeKGames/SRPMaterialConverter/ConvertedMaterials/Maps/coffee_maker_AO.png	1ad0f789e7f3a401f80d37eb31beec12	Texture2D	793039	-
Assets/HyTeKGames/SRPMaterialConverter/ConvertedMaterials/Maps/coffee_maker_Metallic.png	b6bd68664b6b54bf8b2a5166ea8ee385	Texture2D	128394	-
Assets/HyTeKGames/SRPMaterialConverter/ConvertedMaterials/Maps/diining_chair_wood_1_AO.png	482c2eb9ebd4f4a6c9fec2dbe6bb6386	Texture2D	469667	-
Assets/HyTeKGames/SRPMaterialConverter/ConvertedMaterials/Maps/diining_chair_wood_1_Metallic.png	dc4dddaf8dad94d298a24350d5b743ca	Texture2D	73381	-
Assets/HyTeKGames/SRPMaterialConverter/ConvertedMaterials/Maps/diining_chair_wood_AO.png	2b5e1440752474841b4c0590d5dfaf6a	Texture2D	469667	-
Assets/HyTeKGames/SRPMaterialConverter/ConvertedMaterials/Maps/diining_chair_wood_Metallic.png	e82f08b88d2564687acf44caf390e5c8	Texture2D	73381	-
Assets/HyTeKGames/SRPMaterialConverter/ConvertedMaterials/Maps/dinning_chair_cusion_1_AO.png	c90ebcde7104f4dd5acb37407a4c57fc	Texture2D	255033	-
Assets/HyTeKGames/SRPMaterialConverter/ConvertedMaterials/Maps/dinning_chair_cusion_1_Metallic.png	bf68bd18ba9094566bb33f4e3d42a978	Texture2D	73381	-
Assets/HyTeKGames/SRPMaterialConverter/ConvertedMaterials/Maps/dinning_chair_cusion_AO.png	7394cd0cca9da472c80497691620e3b4	Texture2D	255033	-
Assets/HyTeKGames/SRPMaterialConverter/ConvertedMaterials/Maps/dinning_chair_cusion_Metallic.png	68434fc08e3c14301a51729f193fac99	Texture2D	73381	-
Assets/HyTeKGames/SRPMaterialConverter/ConvertedMaterials/Maps/dinning_table_1_AO.png	0d71f8961a2aa42248f83c347b657c38	Texture2D	78118	-
Assets/HyTeKGames/SRPMaterialConverter/ConvertedMaterials/Maps/dinning_table_1_Metallic.png	6c1043bc4a0d64bfbaf0b9072c752f28	Texture2D	73381	-
Assets/HyTeKGames/SRPMaterialConverter/ConvertedMaterials/Maps/dinning_table_AO.png	f9af8c588f9204d83a7cbeec57e58b0f	Texture2D	78118	-
Assets/HyTeKGames/SRPMaterialConverter/ConvertedMaterials/Maps/dinning_table_Metallic.png	87c057b18ca0e47e78c7532ca79b8985	Texture2D	73381	-
Assets/HyTeKGames/SRPMaterialConverter/ConvertedMaterials/Maps/door1_1_AO.png	1cdf008e89b2a459eaff55f875664dc0	Texture2D	20538	-
Assets/HyTeKGames/SRPMaterialConverter/ConvertedMaterials/Maps/door1_1_Metallic.png	a56512b3846de4c0c8832ee097c7d1de	Texture2D	18397	-
Assets/HyTeKGames/SRPMaterialConverter/ConvertedMaterials/Maps/door1_AO.png	0b0feaff9df484aba8c4e69dec5689c5	Texture2D	20538	-
Assets/HyTeKGames/SRPMaterialConverter/ConvertedMaterials/Maps/door1_Metallic.png	8458cf87d1953403bb23a4ad5af2d9be	Texture2D	18397	-
Assets/HyTeKGames/SRPMaterialConverter/ConvertedMaterials/Maps/dressing_mirror1_1_AO.png	faeaea48a051743ceb05c0e492be47dd	Texture2D	628342	-
Assets/HyTeKGames/SRPMaterialConverter/ConvertedMaterials/Maps/dressing_mirror1_1_Metallic.png	ee0fb2ff2d6464468bbbd3d85a7a0ece	Texture2D	86808	-
Assets/HyTeKGames/SRPMaterialConverter/ConvertedMaterials/Maps/dressing_mirror1_AO.png	3df8e32e05ad14059aa14fb0f44beaaa	Texture2D	628342	-
Assets/HyTeKGames/SRPMaterialConverter/ConvertedMaterials/Maps/dressing_mirror1_Metallic.png	194f3b043ceac45af93c779076fe8f6d	Texture2D	86808	-
Assets/HyTeKGames/SRPMaterialConverter/ConvertedMaterials/Maps/flower_1_AO.png	4972bf5689db5411599cda59b11d90cf	Texture2D	20538	-
Assets/HyTeKGames/SRPMaterialConverter/ConvertedMaterials/Maps/flower_1_Metallic.png	b8c39c6d82c3040abb61a552ae95954f	Texture2D	18397	-
Assets/HyTeKGames/SRPMaterialConverter/ConvertedMaterials/Maps/flower_2_AO.png	d5662ca2dd7504f33966ae218826f9c0	Texture2D	20538	-
Assets/HyTeKGames/SRPMaterialConverter/ConvertedMaterials/Maps/flower_2_Metallic.png	76e5fb77081d24bce9c6e12e5a396d19	Texture2D	18397	-
Assets/HyTeKGames/SRPMaterialConverter/ConvertedMaterials/Maps/flower_AO.png	6397e529e0661459da9f0063423ae084	Texture2D	20538	-
Assets/HyTeKGames/SRPMaterialConverter/ConvertedMaterials/Maps/flower_Metallic.png	82f7c2f1768724901b11f4f5c3aaf74e	Texture2D	18397	-
Assets/HyTeKGames/SRPMaterialConverter/ConvertedMaterials/Maps/glass_1_AO.png	73f3cbe4a38c3481290105bab016d3d0	Texture2D	1351144	-
Assets/HyTeKGames/SRPMaterialConverter/ConvertedMaterials/Maps/glass_1_Metallic.png	9226f96f95a71429fa2366bdef8b5568	Texture2D	195490	-
Assets/HyTeKGames/SRPMaterialConverter/ConvertedMaterials/Maps/glass_AO.png	77a3686c4c029406bb05ec931963e6fa	Texture2D	1351144	-
Assets/HyTeKGames/SRPMaterialConverter/ConvertedMaterials/Maps/glass_Metallic.png	5a2d8b3c6518548efa0c29021d77cb60	Texture2D	195490	-
Assets/HyTeKGames/SRPMaterialConverter/ConvertedMaterials/Maps/glass_wall_glass4_1_AO.png	3e6c2300bc4bc47598b277c37a595677	Texture2D	78118	-
Assets/HyTeKGames/SRPMaterialConverter/ConvertedMaterials/Maps/glass_wall_glass4_1_Metallic.png	55a0194ff3aa048a0b160d8be3b0eb82	Texture2D	73381	-
Assets/HyTeKGames/SRPMaterialConverter/ConvertedMaterials/Maps/glass_wall_glass4_AO.png	d2f945e8dfcfe4096ac7f5c3cf3afe62	Texture2D	78118	-
Assets/HyTeKGames/SRPMaterialConverter/ConvertedMaterials/Maps/glass_wall_glass4_Metallic.png	6df4bdf731b4e4601ba4e6bd72966d05	Texture2D	73381	-
Assets/HyTeKGames/SRPMaterialConverter/ConvertedMaterials/Maps/gold_tap_handle 1_1_AO.png	3a4726f4d218344769bd24e6fe0f9e69	Texture2D	1639590	-
Assets/HyTeKGames/SRPMaterialConverter/ConvertedMaterials/Maps/gold_tap_handle 1_1_Metallic.png	f01a01b814a8444f1bb46cf0e9f7825e	Texture2D	78118	-
Assets/HyTeKGames/SRPMaterialConverter/ConvertedMaterials/Maps/gold_tap_handle 1_AO.png	104d3e42758bd4dc3a918ce607f0878c	Texture2D	1639590	-
Assets/HyTeKGames/SRPMaterialConverter/ConvertedMaterials/Maps/gold_tap_handle 1_Metallic.png	087374d8a1ff640cbb6f9c5c9118e287	Texture2D	78118	-
Assets/HyTeKGames/SRPMaterialConverter/ConvertedMaterials/Maps/gold_tap_handle_1_1_AO.png	a4da8b4d8a98f4d31b4cfb26d45024b7	Texture2D	960363	-
Assets/HyTeKGames/SRPMaterialConverter/ConvertedMaterials/Maps/gold_tap_handle_1_1_Metallic.png	1761229d3d4ac4492bcb8c2615e528c8	Texture2D	78118	-
Assets/HyTeKGames/SRPMaterialConverter/ConvertedMaterials/Maps/gold_tap_handle_1_AO.png	e2bb3bd1e5e5a4621adbcf4efe6218b4	Texture2D	960363	-
Assets/HyTeKGames/SRPMaterialConverter/ConvertedMaterials/Maps/gold_tap_handle_1_Metallic.png	ebe05f7c5a2c0448bb36711354c8428e	Texture2D	78118	-
Assets/HyTeKGames/SRPMaterialConverter/ConvertedMaterials/Maps/gold_tap_handle_2_1_AO.png	9c00be1f6963340a4806377a66e50c04	Texture2D	960363	-
Assets/HyTeKGames/SRPMaterialConverter/ConvertedMaterials/Maps/gold_tap_handle_2_1_Metallic.png	50a837e82505d4ad8934ea74c2e9672c	Texture2D	78118	-
Assets/HyTeKGames/SRPMaterialConverter/ConvertedMaterials/Maps/gold_tap_handle_2_AO.png	23ad71bf0e6314e37a09007f2e804d87	Texture2D	960363	-
Assets/HyTeKGames/SRPMaterialConverter/ConvertedMaterials/Maps/gold_tap_handle_2_Metallic.png	ba7a58f6acff74f1ba509859d85734c5	Texture2D	78118	-
Assets/HyTeKGames/SRPMaterialConverter/ConvertedMaterials/Maps/gold_tap_handle_3_AO.png	4dd20efac996b4cf8a902251a36ff289	Texture2D	1643662	-
Assets/HyTeKGames/SRPMaterialConverter/ConvertedMaterials/Maps/gold_tap_handle_3_Metallic.png	bfe16ca4ee9394b159cd163c7cf3704c	Texture2D	78118	-
Assets/HyTeKGames/SRPMaterialConverter/ConvertedMaterials/Maps/gold_tap_handle_AO.png	a04d14f26624b49fc99f5592afbe6995	Texture2D	1643662	-
Assets/HyTeKGames/SRPMaterialConverter/ConvertedMaterials/Maps/gold_tap_handle_Metallic.png	2b808f54963184d028ef822532255244	Texture2D	78118	-
Assets/HyTeKGames/SRPMaterialConverter/ConvertedMaterials/Maps/granite_1_AO.png	428c5a593b85b4a9184123a1209a704e	Texture2D	346109	-
Assets/HyTeKGames/SRPMaterialConverter/ConvertedMaterials/Maps/granite_1_Metallic.png	39a019829f3bc4026a03f5dbb038e91b	Texture2D	73381	-
Assets/HyTeKGames/SRPMaterialConverter/ConvertedMaterials/Maps/granite_AO.png	5b59870cf5a494cc698a307dcc45e387	Texture2D	346109	-
Assets/HyTeKGames/SRPMaterialConverter/ConvertedMaterials/Maps/granite_Metallic.png	08c8180fc13b045b8a96c2c326e17717	Texture2D	73381	-
Assets/HyTeKGames/SRPMaterialConverter/ConvertedMaterials/Maps/green_wood_1 Metal_1_AO.png	594d188d0fc8b450bbc966d43f0ab217	Texture2D	958628	-
Assets/HyTeKGames/SRPMaterialConverter/ConvertedMaterials/Maps/green_wood_1 Metal_1_Metallic.png	182207a1b5f92483dbc15f5b172cfd94	Texture2D	92625	-
Assets/HyTeKGames/SRPMaterialConverter/ConvertedMaterials/Maps/green_wood_1 Metal_AO.png	404649fe763c1425aa885e61e9ddd249	Texture2D	958628	-
Assets/HyTeKGames/SRPMaterialConverter/ConvertedMaterials/Maps/green_wood_1 Metal_Metallic.png	e463154465c3946f5920e17833e01758	Texture2D	92625	-
Assets/HyTeKGames/SRPMaterialConverter/ConvertedMaterials/Maps/green_wood_1_1_AO.png	9b1ef15e92d684affa967f37b3b96185	Texture2D	958628	-
Assets/HyTeKGames/SRPMaterialConverter/ConvertedMaterials/Maps/green_wood_1_1_Metallic.png	bab409852a2f24a56ad5a8f576bf7a2c	Texture2D	92625	-
Assets/HyTeKGames/SRPMaterialConverter/ConvertedMaterials/Maps/green_wood_1_AO.png	6910752b6ad7b475abd8c03d476f6afc	Texture2D	958628	-
Assets/HyTeKGames/SRPMaterialConverter/ConvertedMaterials/Maps/green_wood_1_Metallic.png	8212a4a8119954c45a272dc85e861416	Texture2D	92625	-
Assets/HyTeKGames/SRPMaterialConverter/ConvertedMaterials/Maps/green_wood_2_1_AO.png	d68f71c23c92b4af69e8febb8a091a3f	Texture2D	1701303	-
Assets/HyTeKGames/SRPMaterialConverter/ConvertedMaterials/Maps/green_wood_2_1_Metallic.png	7abcd7eeab5584b1c8cedc4572a27e83	Texture2D	73381	-
Assets/HyTeKGames/SRPMaterialConverter/ConvertedMaterials/Maps/green_wood_2_AO.png	c3346af04d4d74b13918d07018e12bcd	Texture2D	1701303	-
Assets/HyTeKGames/SRPMaterialConverter/ConvertedMaterials/Maps/green_wood_2_Metallic.png	0cb79a3d4dcd9404f9e9fd5053e0b523	Texture2D	73381	-
Assets/HyTeKGames/SRPMaterialConverter/ConvertedMaterials/Maps/green_wood_3_AO.png	935fc1b8c0e0c4a01963980705cea877	Texture2D	184635	-
Assets/HyTeKGames/SRPMaterialConverter/ConvertedMaterials/Maps/green_wood_3_Metallic.png	986d02401922f477fb800a844958f65b	Texture2D	18397	-
Assets/HyTeKGames/SRPMaterialConverter/ConvertedMaterials/Maps/green_wood_AO.png	e9fdbd5039e7d4854917bcc2de70bfa3	Texture2D	184635	-
Assets/HyTeKGames/SRPMaterialConverter/ConvertedMaterials/Maps/green_wood_Metallic.png	fd4b2306aca2249b289eafd82a54095b	Texture2D	18397	-
Assets/HyTeKGames/SRPMaterialConverter/ConvertedMaterials/Maps/handle_1_AO.png	c4545a20da09f4776ae763dfba9be694	Texture2D	75999	-
Assets/HyTeKGames/SRPMaterialConverter/ConvertedMaterials/Maps/handle_1_Metallic.png	444b2271f881749c98e0b89ebddf6218	Texture2D	20538	-
Assets/HyTeKGames/SRPMaterialConverter/ConvertedMaterials/Maps/handle_AO.png	a58f6b3d2aa9d4f4a889ac0cb430b14c	Texture2D	75999	-
Assets/HyTeKGames/SRPMaterialConverter/ConvertedMaterials/Maps/handle_Metallic.png	fae1de6fd92ce430f974d2aff9c0a2b3	Texture2D	20538	-
Assets/HyTeKGames/SRPMaterialConverter/ConvertedMaterials/Maps/imac_1_AO.png	8173edde9edb6415eb07d3ac64c67c73	Texture2D	78118	-
Assets/HyTeKGames/SRPMaterialConverter/ConvertedMaterials/Maps/imac_1_Metallic.png	fd5755fdf953745f0bebb3f83612c4b4	Texture2D	95260	-
Assets/HyTeKGames/SRPMaterialConverter/ConvertedMaterials/Maps/imac_AO.png	bf66a60db3bd9411f8ead9498dbf955c	Texture2D	78118	-
Assets/HyTeKGames/SRPMaterialConverter/ConvertedMaterials/Maps/imac_Metallic.png	8ef28d676fda049f1825f7495ad5723a	Texture2D	95260	-
Assets/HyTeKGames/SRPMaterialConverter/ConvertedMaterials/Maps/induction-hob_1_AO.png	29856580df69f4aeca7596497e7df29b	Texture2D	78118	-
Assets/HyTeKGames/SRPMaterialConverter/ConvertedMaterials/Maps/induction-hob_1_Metallic.png	cba841b9bd1364f85a5d203e2d41a1fa	Texture2D	73381	-
Assets/HyTeKGames/SRPMaterialConverter/ConvertedMaterials/Maps/induction-hob_AO.png	1dd51149aee794cfc97cc6bd04796eb0	Texture2D	78118	-
Assets/HyTeKGames/SRPMaterialConverter/ConvertedMaterials/Maps/induction-hob_Metallic.png	0576c21fd599e4726bfaec0e639e5766	Texture2D	73381	-
Assets/HyTeKGames/SRPMaterialConverter/ConvertedMaterials/Maps/inner_roof3_1_AO.png	bde8281ee6d33444ba33218dec073a6b	Texture2D	78118	-
Assets/HyTeKGames/SRPMaterialConverter/ConvertedMaterials/Maps/inner_roof3_1_Metallic.png	47c9413afb106462c80b8e0004736732	Texture2D	73381	-
Assets/HyTeKGames/SRPMaterialConverter/ConvertedMaterials/Maps/inner_roof3_AO.png	bd3e579d2b7fa482391051cac9b985f6	Texture2D	78118	-
Assets/HyTeKGames/SRPMaterialConverter/ConvertedMaterials/Maps/inner_roof3_Metallic.png	155e275728abd4df984508a1104e2318	Texture2D	73381	-
Assets/HyTeKGames/SRPMaterialConverter/ConvertedMaterials/Maps/kitchan_mat_2_1_AO.png	2f3b417648dfb4583a72784e1da60044	Texture2D	78118	-
Assets/HyTeKGames/SRPMaterialConverter/ConvertedMaterials/Maps/kitchan_mat_2_1_Metallic.png	2b38df959e1c24807ad04c8e6007dee7	Texture2D	542995	-
Assets/HyTeKGames/SRPMaterialConverter/ConvertedMaterials/Maps/kitchan_mat_2_AO.png	e8c7ded91b5704f05b515da9e0d027ab	Texture2D	78118	-
Assets/HyTeKGames/SRPMaterialConverter/ConvertedMaterials/Maps/kitchan_mat_2_Metallic.png	4df44055aa1b54b4f88e1824beac880a	Texture2D	542995	-
Assets/HyTeKGames/SRPMaterialConverter/ConvertedMaterials/Maps/knives_2_AO.png	1d42b66fe2afa402f8bc95ee5d6684da	Texture2D	78118	-
Assets/HyTeKGames/SRPMaterialConverter/ConvertedMaterials/Maps/knives_2_Metallic.png	a3f28210170c14e02a03cd8c298b323c	Texture2D	111973	-
Assets/HyTeKGames/SRPMaterialConverter/ConvertedMaterials/Maps/knives_AO.png	bf93c5def6ada4ae19b0d175f344ecd6	Texture2D	78118	-
Assets/HyTeKGames/SRPMaterialConverter/ConvertedMaterials/Maps/knives_Metallic.png	6d767a8db363d488792523686bb277d6	Texture2D	111973	-
Assets/HyTeKGames/SRPMaterialConverter/ConvertedMaterials/Maps/lamp_1_AO.png	f23c9c82062374013a3bf18e000e8553	Texture2D	78118	-
Assets/HyTeKGames/SRPMaterialConverter/ConvertedMaterials/Maps/lamp_1_Metallic.png	e3002938ea0a049be8417e71f3d085f8	Texture2D	78118	-
Assets/HyTeKGames/SRPMaterialConverter/ConvertedMaterials/Maps/lamp_AO.png	fdc6fec21a06f4059820d4e97f7a39aa	Texture2D	78118	-
Assets/HyTeKGames/SRPMaterialConverter/ConvertedMaterials/Maps/lamp_Metallic.png	41ad4cc5b07c847c68b5486ca69091ba	Texture2D	78118	-
Assets/HyTeKGames/SRPMaterialConverter/ConvertedMaterials/Maps/laptop_1_AO.png	1022ea038d13748878d8c6f6bb4298eb	Texture2D	73381	-
Assets/HyTeKGames/SRPMaterialConverter/ConvertedMaterials/Maps/laptop_1_Metallic.png	3029825bc0ac14504bf46550612d7d6a	Texture2D	73381	-
Assets/HyTeKGames/SRPMaterialConverter/ConvertedMaterials/Maps/laptop_AO.png	899ccf33709d846d284bc81d4816f051	Texture2D	73381	-
Assets/HyTeKGames/SRPMaterialConverter/ConvertedMaterials/Maps/laptop_Metallic.png	55b835387eac74b308b94d75888f63ea	Texture2D	73381	-
Assets/HyTeKGames/SRPMaterialConverter/ConvertedMaterials/Maps/livingroom_floor4_1_AO.png	cece8875973074cb6979e46910107ad9	Texture2D	78118	-
Assets/HyTeKGames/SRPMaterialConverter/ConvertedMaterials/Maps/livingroom_floor4_1_Metallic.png	783b7c809339047d8a13cd416b02057d	Texture2D	73381	-
Assets/HyTeKGames/SRPMaterialConverter/ConvertedMaterials/Maps/livingroom_floor4_AO.png	61e9b5c7475f64ee7a8f8d25f67ad06a	Texture2D	78118	-
Assets/HyTeKGames/SRPMaterialConverter/ConvertedMaterials/Maps/livingroom_floor4_Metallic.png	8d577929677324d4cb6c29405e4fc4ec	Texture2D	73381	-
Assets/HyTeKGames/SRPMaterialConverter/ConvertedMaterials/Maps/livingroom_wall3_1_AO.png	9c7e7ed838eba477c9148611f2586ad4	Texture2D	78118	-
Assets/HyTeKGames/SRPMaterialConverter/ConvertedMaterials/Maps/livingroom_wall3_1_Metallic.png	7b6ec046e23cf455d8dd9ff1f605352f	Texture2D	73381	-
Assets/HyTeKGames/SRPMaterialConverter/ConvertedMaterials/Maps/livingroom_wall3_AO.png	e38633eb886d84a8e8cbc5273849cabe	Texture2D	78118	-
Assets/HyTeKGames/SRPMaterialConverter/ConvertedMaterials/Maps/livingroom_wall3_Metallic.png	64b6eac9a91e04a9198937aaa711ff4d	Texture2D	73381	-
Assets/HyTeKGames/SRPMaterialConverter/ConvertedMaterials/Maps/marble_1_AO.png	15176e854309d440184da4f70cd8400b	Texture2D	210393	-
Assets/HyTeKGames/SRPMaterialConverter/ConvertedMaterials/Maps/marble_1_Metallic.png	cdb7eb5237c48440d951fe0c8b5c0b43	Texture2D	73381	-
Assets/HyTeKGames/SRPMaterialConverter/ConvertedMaterials/Maps/marble_AO.png	6740824c0396b46c4ad61337b0f9fb96	Texture2D	210393	-
Assets/HyTeKGames/SRPMaterialConverter/ConvertedMaterials/Maps/marble_Metallic.png	d98692f897e4848e5b94c0fe2b8dd15f	Texture2D	73381	-
Assets/HyTeKGames/SRPMaterialConverter/ConvertedMaterials/Maps/metal_1_AO.png	01c53f569db7d43c8bac05004a8c8d67	Texture2D	147036	-
Assets/HyTeKGames/SRPMaterialConverter/ConvertedMaterials/Maps/metal_1_Metallic.png	dce39121a157f42b8a3eb335cb1508e9	Texture2D	78118	-
Assets/HyTeKGames/SRPMaterialConverter/ConvertedMaterials/Maps/metal_AO.png	384d99ddd66a849e1972cc1c61fa1964	Texture2D	147036	-
Assets/HyTeKGames/SRPMaterialConverter/ConvertedMaterials/Maps/metal_Metallic.png	4e673a1eca4f149a486c43830561648d	Texture2D	78118	-
Assets/HyTeKGames/SRPMaterialConverter/ConvertedMaterials/Maps/metaldryer_1_AO.png	e329445405c6143e38fa6534b7ff2d5c	Texture2D	270717	-
Assets/HyTeKGames/SRPMaterialConverter/ConvertedMaterials/Maps/metaldryer_1_Metallic.png	cb2ea5f7453b64e10a4ee3d8e710c6e4	Texture2D	28011	-
Assets/HyTeKGames/SRPMaterialConverter/ConvertedMaterials/Maps/metaldryer_AO.png	ae9aa3a6db5b043ea9cd793cf1c7704d	Texture2D	270717	-
Assets/HyTeKGames/SRPMaterialConverter/ConvertedMaterials/Maps/metaldryer_Metallic.png	dbea122c3d1974120b9245376c8189f5	Texture2D	28011	-
Assets/HyTeKGames/SRPMaterialConverter/ConvertedMaterials/Maps/pattern_wall_1_AO.png	3ca3d7701c421470b9ffcaba63c2d0b8	Texture2D	78118	-
Assets/HyTeKGames/SRPMaterialConverter/ConvertedMaterials/Maps/pattern_wall_1_Metallic.png	93e55cc4e6ec74ced9859f4343f1fdb8	Texture2D	73381	-
Assets/HyTeKGames/SRPMaterialConverter/ConvertedMaterials/Maps/pattern_wall_AO.png	1ec02a3bca71747c9a73fe029e7ffc53	Texture2D	78118	-
Assets/HyTeKGames/SRPMaterialConverter/ConvertedMaterials/Maps/pattern_wall_Metallic.png	966962c201cd84762a46c7142d9d5636	Texture2D	73381	-
Assets/HyTeKGames/SRPMaterialConverter/ConvertedMaterials/Maps/phong1_1_AO.png	0906d9754bcc8415e860c838d502d4eb	Texture2D	20538	-
Assets/HyTeKGames/SRPMaterialConverter/ConvertedMaterials/Maps/phong1_1_Metallic.png	e62ac4c11d7e24654b4357b76317f1dc	Texture2D	18397	-
Assets/HyTeKGames/SRPMaterialConverter/ConvertedMaterials/Maps/phong1_AO.png	73794533112a542fb9923518c4b7fbc6	Texture2D	20538	-
Assets/HyTeKGames/SRPMaterialConverter/ConvertedMaterials/Maps/phong1_Metallic.png	dedf9ff212ae24b0093437b71c25b833	Texture2D	18397	-
Assets/HyTeKGames/SRPMaterialConverter/ConvertedMaterials/Maps/pillow_1_1_AO.png	75b90280e0bcb4203b8b01f38f2036db	Texture2D	20538	-
Assets/HyTeKGames/SRPMaterialConverter/ConvertedMaterials/Maps/pillow_1_1_Metallic.png	5ac25eb6d48d24a788fa4b947513a015	Texture2D	637254	-
Assets/HyTeKGames/SRPMaterialConverter/ConvertedMaterials/Maps/pillow_1_AO.png	0e583c0f299a24538927b587a9a934ab	Texture2D	20538	-
Assets/HyTeKGames/SRPMaterialConverter/ConvertedMaterials/Maps/pillow_1_Metallic.png	62dc03eed19864123b572497c221a0bc	Texture2D	637254	-
Assets/HyTeKGames/SRPMaterialConverter/ConvertedMaterials/Maps/plant_pot_1_AO.png	62b5033f6c79f488fa615162ac996776	Texture2D	20538	-
Assets/HyTeKGames/SRPMaterialConverter/ConvertedMaterials/Maps/plant_pot_1_Metallic.png	ed40610700f5d4ed2bb42acacd101d05	Texture2D	18397	-
Assets/HyTeKGames/SRPMaterialConverter/ConvertedMaterials/Maps/plant_pot_2_AO.png	c830cbdae304c4603ba94cfa84ee2f95	Texture2D	20538	-
Assets/HyTeKGames/SRPMaterialConverter/ConvertedMaterials/Maps/plant_pot_2_Metallic.png	f03a719f3542047a38bf854c3858c95a	Texture2D	18397	-
Assets/HyTeKGames/SRPMaterialConverter/ConvertedMaterials/Maps/plant_pot_AO.png	cf38ad1625db34177a0d784a47b91bcd	Texture2D	20538	-
Assets/HyTeKGames/SRPMaterialConverter/ConvertedMaterials/Maps/plant_pot_Metallic.png	2d2cf4a0c94a243fab6b01587a51306e	Texture2D	18397	-
Assets/HyTeKGames/SRPMaterialConverter/ConvertedMaterials/Maps/plate_1_AO.png	80a94f540de014b0589033eba122a4e2	Texture2D	721509	-
Assets/HyTeKGames/SRPMaterialConverter/ConvertedMaterials/Maps/plate_1_Metallic.png	de23fc4b9b8814dbfa1689b787ebde91	Texture2D	111009	-
Assets/HyTeKGames/SRPMaterialConverter/ConvertedMaterials/Maps/plate_AO.png	846cc538821dc4d85b865de68d15def6	Texture2D	721509	-
Assets/HyTeKGames/SRPMaterialConverter/ConvertedMaterials/Maps/plate_Metallic.png	b370e47d7fb534646aa2d20bb9984571	Texture2D	111009	-
Assets/HyTeKGames/SRPMaterialConverter/ConvertedMaterials/Maps/shelf1_1_AO.png	4c0aa99b1738840e897e27bdd1159a42	Texture2D	71102	-
Assets/HyTeKGames/SRPMaterialConverter/ConvertedMaterials/Maps/shelf1_1_Metallic.png	8cbb71ae4119b409e9584423c6d779d4	Texture2D	18397	-
Assets/HyTeKGames/SRPMaterialConverter/ConvertedMaterials/Maps/shelf1_AO.png	d8b34cd636658474c8b5cb2c9137f8e5	Texture2D	71102	-
Assets/HyTeKGames/SRPMaterialConverter/ConvertedMaterials/Maps/shelf1_Metallic.png	69aa975a4382b4413ac4932e1d9cdb08	Texture2D	18397	-
Assets/HyTeKGames/SRPMaterialConverter/ConvertedMaterials/Maps/steel_1_AO.png	d202312f4848447d98650cdb23602857	Texture2D	1278652	-
Assets/HyTeKGames/SRPMaterialConverter/ConvertedMaterials/Maps/steel_1_Metallic.png	4f065ec453f934883b51739fcc2510c4	Texture2D	78118	-
Assets/HyTeKGames/SRPMaterialConverter/ConvertedMaterials/Maps/steel_AO.png	38d0daee5527d406492e68c80212f237	Texture2D	1278652	-
Assets/HyTeKGames/SRPMaterialConverter/ConvertedMaterials/Maps/steel_Metallic.png	d66344a0906f545f9b3e1a60f4c2b8ff	Texture2D	78118	-
Assets/HyTeKGames/SRPMaterialConverter/ConvertedMaterials/Maps/study_chairI_Leg_1_AO.png	83eee2b28bf494a62abd1be1cc1f1345	Texture2D	126880	-
Assets/HyTeKGames/SRPMaterialConverter/ConvertedMaterials/Maps/study_chairI_Leg_1_Metallic.png	a67664885766a4634a89c2ade528fed4	Texture2D	18397	-
Assets/HyTeKGames/SRPMaterialConverter/ConvertedMaterials/Maps/study_chairI_Leg_AO.png	83e64ae0454fb4fe992849e89305e5af	Texture2D	126880	-
Assets/HyTeKGames/SRPMaterialConverter/ConvertedMaterials/Maps/study_chairI_Leg_Metallic.png	ab7203a47595d48d0834f86c92ab9e5d	Texture2D	18397	-
Assets/HyTeKGames/SRPMaterialConverter/ConvertedMaterials/Maps/study_chair_seat_1_AO.png	31d72012094ae4c038b2a30864e67a45	Texture2D	106520	-
Assets/HyTeKGames/SRPMaterialConverter/ConvertedMaterials/Maps/study_chair_seat_1_Metallic.png	1ba7b81f05eb7451aab867bb8faaa25f	Texture2D	20540	-
Assets/HyTeKGames/SRPMaterialConverter/ConvertedMaterials/Maps/study_chair_seat_AO.png	68883f30a18dd420e818d141a0087d89	Texture2D	106520	-
Assets/HyTeKGames/SRPMaterialConverter/ConvertedMaterials/Maps/study_chair_seat_Metallic.png	562620232734e45abac0480d5c17aef2	Texture2D	20540	-
Assets/HyTeKGames/SRPMaterialConverter/ConvertedMaterials/Maps/studyroom_floor3_1_AO.png	ebf56c587d0f145e082848bed6d4795d	Texture2D	78118	-
Assets/HyTeKGames/SRPMaterialConverter/ConvertedMaterials/Maps/studyroom_floor3_1_Metallic.png	9f31a9d82c5e042dea613d07d628e4d0	Texture2D	73381	-
Assets/HyTeKGames/SRPMaterialConverter/ConvertedMaterials/Maps/studyroom_floor3_AO.png	0580b024b6e254ce5958a07f4bef05ce	Texture2D	78118	-
Assets/HyTeKGames/SRPMaterialConverter/ConvertedMaterials/Maps/studyroom_floor3_Metallic.png	225f1a24949134f62bbfd85e025a0e99	Texture2D	73381	-
Assets/HyTeKGames/SRPMaterialConverter/ConvertedMaterials/Maps/studyroom_wall3_1_AO.png	a575afca82fea412e9d9672d962efdb5	Texture2D	78118	-
Assets/HyTeKGames/SRPMaterialConverter/ConvertedMaterials/Maps/studyroom_wall3_1_Metallic.png	33918bff1224c4dc59381bf7a9b5c0b1	Texture2D	73381	-
Assets/HyTeKGames/SRPMaterialConverter/ConvertedMaterials/Maps/studyroom_wall3_AO.png	c3d1b954f6b72460f85af6f586362966	Texture2D	78118	-
Assets/HyTeKGames/SRPMaterialConverter/ConvertedMaterials/Maps/studyroom_wall3_Metallic.png	238b9040fa3b94a20b7e145e54a40950	Texture2D	73381	-
Assets/HyTeKGames/SRPMaterialConverter/ConvertedMaterials/Maps/switch1_1_AO.png	3037dab154e3c426ba591bab5021c222	Texture2D	207574	-
Assets/HyTeKGames/SRPMaterialConverter/ConvertedMaterials/Maps/switch1_1_Metallic.png	3e3d9eba91ee34362b466387c2daf227	Texture2D	73381	-
Assets/HyTeKGames/SRPMaterialConverter/ConvertedMaterials/Maps/switch1_AO.png	881a22e7dfae7460a93cb10026f70a9a	Texture2D	207574	-
Assets/HyTeKGames/SRPMaterialConverter/ConvertedMaterials/Maps/switch1_Metallic.png	f2c2b9dd12f644679b0e5269e8550c06	Texture2D	73381	-
Assets/HyTeKGames/SRPMaterialConverter/ConvertedMaterials/Maps/switch2_1_AO.png	cb5a85ecc16b04d329248ca5364e9d9b	Texture2D	207574	-
Assets/HyTeKGames/SRPMaterialConverter/ConvertedMaterials/Maps/switch2_1_Metallic.png	4570c68716b0248f7b37e76d3f73804e	Texture2D	73381	-
Assets/HyTeKGames/SRPMaterialConverter/ConvertedMaterials/Maps/switch2_AO.png	7d0d69aa814e44ff5acaa1b34fd7709d	Texture2D	207574	-
Assets/HyTeKGames/SRPMaterialConverter/ConvertedMaterials/Maps/switch2_Metallic.png	7729f0260001b4b75901af07cc99a5dc	Texture2D	73381	-
Assets/HyTeKGames/SRPMaterialConverter/ConvertedMaterials/Maps/table1_1_AO.png	1f102288a472d409a813389f8481a477	Texture2D	1745905	-
Assets/HyTeKGames/SRPMaterialConverter/ConvertedMaterials/Maps/table1_1_Metallic.png	b508456e115914c599562b678ca58ee8	Texture2D	73381	-
Assets/HyTeKGames/SRPMaterialConverter/ConvertedMaterials/Maps/table1_AO.png	028db52af2d9e4a0fb174706afc7ce1c	Texture2D	1745905	-
Assets/HyTeKGames/SRPMaterialConverter/ConvertedMaterials/Maps/table1_Metallic.png	2445e16e76d2547d9bac1688ebc049e2	Texture2D	73381	-
Assets/HyTeKGames/SRPMaterialConverter/ConvertedMaterials/Maps/teatable_1_AO.png	12ef46a8968a74ea4b7335ed95348338	Texture2D	104289	-
Assets/HyTeKGames/SRPMaterialConverter/ConvertedMaterials/Maps/teatable_1_Metallic.png	13a24b6f6bcfc4af4861c819e5bd47e9	Texture2D	18397	-
Assets/HyTeKGames/SRPMaterialConverter/ConvertedMaterials/Maps/teatable_AO.png	7de82560a13604180b2a5328c0dda3e7	Texture2D	104289	-
Assets/HyTeKGames/SRPMaterialConverter/ConvertedMaterials/Maps/teatable_Metallic.png	dd5763a81b7f6454e8284afee9f33dbf	Texture2D	18397	-
Assets/HyTeKGames/SRPMaterialConverter/ConvertedMaterials/Maps/toasterNew_1_AO.png	03d31b8102da542feae949944186ef01	Texture2D	221706	-
Assets/HyTeKGames/SRPMaterialConverter/ConvertedMaterials/Maps/toasterNew_1_Metallic.png	9040ff6962fa446b1b10320cbf00b601	Texture2D	20538	-
Assets/HyTeKGames/SRPMaterialConverter/ConvertedMaterials/Maps/toasterNew_AO.png	f0dad6c0782964f8da3eaffe3aee74dc	Texture2D	221706	-
Assets/HyTeKGames/SRPMaterialConverter/ConvertedMaterials/Maps/toasterNew_Metallic.png	bd694f8c2d81f4ce796e68bb4b61e1c5	Texture2D	20538	-
Assets/HyTeKGames/SRPMaterialConverter/ConvertedMaterials/Maps/toilet_wood1_1_AO.png	3c7a8156376194a3a8e8dd7f44cf3af1	Texture2D	78118	-
Assets/HyTeKGames/SRPMaterialConverter/ConvertedMaterials/Maps/toilet_wood1_1_Metallic.png	20be30e045a9f4ec09aa46547f7dbfd1	Texture2D	73381	-
Assets/HyTeKGames/SRPMaterialConverter/ConvertedMaterials/Maps/toilet_wood1_AO.png	894e27f427c114e7c98e774c7fe19a0c	Texture2D	78118	-
Assets/HyTeKGames/SRPMaterialConverter/ConvertedMaterials/Maps/toilet_wood1_Metallic.png	6f74184dfdc164bfd87979f1f54f5aea	Texture2D	73381	-
Assets/HyTeKGames/SRPMaterialConverter/ConvertedMaterials/Maps/toilet_wood_1_1_AO.png	459f5e7423fdd4a22a9a8034cf4e11e8	Texture2D	750568	-
Assets/HyTeKGames/SRPMaterialConverter/ConvertedMaterials/Maps/toilet_wood_1_1_Metallic.png	740b64abffc8444c7ba5748008d99da3	Texture2D	73381	-
Assets/HyTeKGames/SRPMaterialConverter/ConvertedMaterials/Maps/toilet_wood_1_AO.png	aabfd8e4187904b42a51a3dc2e7bbb85	Texture2D	750568	-
Assets/HyTeKGames/SRPMaterialConverter/ConvertedMaterials/Maps/toilet_wood_1_Metallic.png	5ec6497cdf81a42839eb482cd7195158	Texture2D	73381	-
Assets/HyTeKGames/SRPMaterialConverter/ConvertedMaterials/Maps/tolpaper_1_AO.png	b599931bfd684428cb8c476646092dc8	Texture2D	211561	-
Assets/HyTeKGames/SRPMaterialConverter/ConvertedMaterials/Maps/tolpaper_1_Metallic.png	70d895e42224844b99e06f21167a7645	Texture2D	36722	-
Assets/HyTeKGames/SRPMaterialConverter/ConvertedMaterials/Maps/tolpaper_AO.png	a756b614f6a714fe994c08080d3f2221	Texture2D	211561	-
Assets/HyTeKGames/SRPMaterialConverter/ConvertedMaterials/Maps/tolpaper_Metallic.png	13525290c995c4f01b41ad332f508aac	Texture2D	36722	-
Assets/HyTeKGames/SRPMaterialConverter/ConvertedMaterials/Maps/towl_2_1_AO.png	822cad25e3ee145b7b3df37b75f4c83d	Texture2D	78118	-
Assets/HyTeKGames/SRPMaterialConverter/ConvertedMaterials/Maps/towl_2_1_Metallic.png	4d50bf293cfae41419dce034e5bfbda2	Texture2D	73381	-
Assets/HyTeKGames/SRPMaterialConverter/ConvertedMaterials/Maps/towl_2_AO.png	57b2d4682f1634d37a760748da15d88e	Texture2D	78118	-
Assets/HyTeKGames/SRPMaterialConverter/ConvertedMaterials/Maps/towl_2_Metallic.png	beb89e4750b5642dcb39ae8e409ac29a	Texture2D	73381	-
Assets/HyTeKGames/SRPMaterialConverter/ConvertedMaterials/Maps/trash-can_1_AO.png	23062600e801440efba333ac91ccf8e6	Texture2D	78118	-
Assets/HyTeKGames/SRPMaterialConverter/ConvertedMaterials/Maps/trash-can_1_Metallic.png	d7786f20d96c14ab1b32279854ad8bfa	Texture2D	107487	-
Assets/HyTeKGames/SRPMaterialConverter/ConvertedMaterials/Maps/trash-can_AO.png	f6370b4e39f574fbd82572687b873fcb	Texture2D	78118	-
Assets/HyTeKGames/SRPMaterialConverter/ConvertedMaterials/Maps/trash-can_Metallic.png	1702645e88fb64582a80ddafbc767cf7	Texture2D	107487	-
Assets/HyTeKGames/SRPMaterialConverter/ConvertedMaterials/Maps/washingMachine_1_AO.png	aab302a62089f4a9a99769b73d39017c	Texture2D	78118	-
Assets/HyTeKGames/SRPMaterialConverter/ConvertedMaterials/Maps/washingMachine_1_Metallic.png	0196b67e7d32149f1ad5d354c6783a88	Texture2D	358001	-
Assets/HyTeKGames/SRPMaterialConverter/ConvertedMaterials/Maps/washingMachine_AO.png	0bcef136a06734a33b779c51d1305e1b	Texture2D	78118	-
Assets/HyTeKGames/SRPMaterialConverter/ConvertedMaterials/Maps/washingMachine_Metallic.png	4630d6e906a71401a99e476f1253cb29	Texture2D	358001	-
Assets/HyTeKGames/SRPMaterialConverter/ConvertedMaterials/Maps/washingmachineclosed_1_AO.png	3ca2ed6fa94a846ecb54dbdfcbd98215	Texture2D	78118	-
Assets/HyTeKGames/SRPMaterialConverter/ConvertedMaterials/Maps/washingmachineclosed_1_Metallic.png	efba2da09dff942219a9fdf6aece844c	Texture2D	358001	-
Assets/HyTeKGames/SRPMaterialConverter/ConvertedMaterials/Maps/washingmachineclosed_AO.png	08ddd6e36daac4640a4b9334271a8c94	Texture2D	78118	-
Assets/HyTeKGames/SRPMaterialConverter/ConvertedMaterials/Maps/washingmachineclosed_Metallic.png	6736569207db44014b6aad49fdc22265	Texture2D	358001	-
Assets/HyTeKGames/SRPMaterialConverter/ConvertedMaterials/Maps/white_wood_1_AO.png	e421ca7b6c18f4c1991ccc322cc3df88	Texture2D	1097352	-
Assets/HyTeKGames/SRPMaterialConverter/ConvertedMaterials/Maps/white_wood_1_Metallic.png	eb39ca9a58f7d430d8f29e1d9d13b77f	Texture2D	73381	-
Assets/HyTeKGames/SRPMaterialConverter/ConvertedMaterials/Maps/white_wood_AO.png	372a3be0bd7504fc9bec9bc4eafa6144	Texture2D	1097352	-
Assets/HyTeKGames/SRPMaterialConverter/ConvertedMaterials/Maps/white_wood_Metallic.png	ab025c9d3ca0a4293955e7988ab7341a	Texture2D	73381	-
Assets/HyTeKGames/SRPMaterialConverter/ConvertedMaterials/Maps/wines_1_AO.png	e0b15181742ac4d8a832681f65314d63	Texture2D	20538	-
Assets/HyTeKGames/SRPMaterialConverter/ConvertedMaterials/Maps/wines_1_Metallic.png	bdd05a39935a249a992e4d8068d97488	Texture2D	18397	-
Assets/HyTeKGames/SRPMaterialConverter/ConvertedMaterials/Maps/wines_2_AO.png	355b6e32c12aa4db4b9a7b176b5904cc	Texture2D	20538	-
Assets/HyTeKGames/SRPMaterialConverter/ConvertedMaterials/Maps/wines_2_Metallic.png	6e8b9e4a64d4f441d862f0a522f856ab	Texture2D	18397	-
Assets/HyTeKGames/SRPMaterialConverter/ConvertedMaterials/Maps/wines_AO.png	1aa71b5e8126d48febee9e747d5a4ae9	Texture2D	20538	-
Assets/HyTeKGames/SRPMaterialConverter/ConvertedMaterials/Maps/wines_Metallic.png	5209aef1635e941f88dc673b6ddce426	Texture2D	18397	-
Assets/HyTeKGames/SRPMaterialConverter/ConvertedMaterials/Mirror01.mat	dc63956a9bcb6474e81a2b37a11b1632	Material	3773	-
Assets/HyTeKGames/SRPMaterialConverter/ConvertedMaterials/Mug_Holder_mat.mat	aea9675ad12b74ebfb3271ba739a5a27	Material	4080	-
Assets/HyTeKGames/SRPMaterialConverter/ConvertedMaterials/NewCarpet.mat	db776f79c1b2749bc96bdd5921dcfd30	Material	3977	-
Assets/HyTeKGames/SRPMaterialConverter/ConvertedMaterials/No Name.mat	aa0107142c695449cb7483743a39c50d	Material	3800	-
Assets/HyTeKGames/SRPMaterialConverter/ConvertedMaterials/Notepad.mat	1267780b3d5d448e2805a1dc48e3cc99	Material	4072	-
Assets/HyTeKGames/SRPMaterialConverter/ConvertedMaterials/Paintings_House.mat	04e71e917230f4b689fe40cb71e51a01	Material	4082	-
Assets/HyTeKGames/SRPMaterialConverter/ConvertedMaterials/Paintings_House_1.mat	5c0a339936c0841b7bcd751ecbbde206	Material	4084	-
Assets/HyTeKGames/SRPMaterialConverter/ConvertedMaterials/Paintings_House_2.mat	d4ee4212fe4e64da7b9aa0271ba4c230	Material	4084	-
Assets/HyTeKGames/SRPMaterialConverter/ConvertedMaterials/Paintings_House_4.mat	859364602e1334e2e8b8903a73f64cd4	Material	4084	-
Assets/HyTeKGames/SRPMaterialConverter/ConvertedMaterials/PictureBorder01.mat	3535596ec59784350a4b9ae9e0bee4a0	Material	3809	-
Assets/HyTeKGames/SRPMaterialConverter/ConvertedMaterials/PictureImage01.mat	e580ad571c344439db03eafd3dcf192d	Material	3860	-
Assets/HyTeKGames/SRPMaterialConverter/ConvertedMaterials/PictureImage03.mat	bfa2e25fe03dd430ba3c8a569602093b	Material	3926	-
Assets/HyTeKGames/SRPMaterialConverter/ConvertedMaterials/Plant.mat	e2a5c65534bde4e12b2f12ace10c18ab	Material	3907	-
Assets/HyTeKGames/SRPMaterialConverter/ConvertedMaterials/Remote.mat	7b96b5702b3b340399e5de31366ca50a	Material	4130	-
Assets/HyTeKGames/SRPMaterialConverter/ConvertedMaterials/Shadow Caster.mat	8e20b60f55ca64385866678aaef16943	Material	3807	-
Assets/HyTeKGames/SRPMaterialConverter/ConvertedMaterials/Socket.mat	01aaae4880ebe4e3ba97675a38cc863a	Material	4122	-
Assets/HyTeKGames/SRPMaterialConverter/ConvertedMaterials/Sofa Set.mat	f6654901d13d843feaeb2be6cebfd0b9	Material	3968	-
Assets/HyTeKGames/SRPMaterialConverter/ConvertedMaterials/Switch.mat	d7d0876406f57465ba5e1374b0b37cb7	Material	4013	-
Assets/HyTeKGames/SRPMaterialConverter/ConvertedMaterials/TV.mat	6025e69c1bb8c4ab790d805f29caf966	Material	4125	-
Assets/HyTeKGames/SRPMaterialConverter/ConvertedMaterials/TV_Panels.mat	6f7621790b5e949178ed8db93ae2d048	Material	4132	-
Assets/HyTeKGames/SRPMaterialConverter/ConvertedMaterials/TV_Shelf.mat	fdf60ffca6d1a4e3dacdc017c98f513a	Material	4076	-
Assets/HyTeKGames/SRPMaterialConverter/ConvertedMaterials/Table Mat.mat	23472c2d54d454d3ba295fb780f5a279	Material	4075	-
Assets/HyTeKGames/SRPMaterialConverter/ConvertedMaterials/Tree.mat	9bdc4ae8cf727436285364cdfc8845cb	Material	3962	-
Assets/HyTeKGames/SRPMaterialConverter/ConvertedMaterials/Window_1.mat	a821ec4f176694cbc927e3a36ea29834	Material	3851	-
Assets/HyTeKGames/SRPMaterialConverter/ConvertedMaterials/balcony_chair1.mat	80e65ea0f0fb84599954f23cbc36b3fa	Material	4137	-
Assets/HyTeKGames/SRPMaterialConverter/ConvertedMaterials/balcony_glass.mat	22801fedd170444d7a4e9a06189f39b4	Material	4247	-
Assets/HyTeKGames/SRPMaterialConverter/ConvertedMaterials/balcony_mat1.mat	82f7bf0fbb45b4ed9a210d07607471d3	Material	4078	-
Assets/HyTeKGames/SRPMaterialConverter/ConvertedMaterials/balcony_metal.mat	86bf3a29ecf5f47da82a14e3cc0de810	Material	4079	-
Assets/HyTeKGames/SRPMaterialConverter/ConvertedMaterials/balcony_table_2.mat	b07b8a7f46ba0406eb8daaea3e85ac5f	Material	4081	-
Assets/HyTeKGames/SRPMaterialConverter/ConvertedMaterials/balcony_wood.mat	d7a3984d44aef423ebae646e282ef221	Material	4134	scene:BH_XR_MainScene
Assets/HyTeKGames/SRPMaterialConverter/ConvertedMaterials/bathroom_cabin.mat	d6d50c7ad6f8a4c91bc86f08f85999ba	Material	4080	-
Assets/HyTeKGames/SRPMaterialConverter/ConvertedMaterials/bathroom_floor3.mat	02fd79abecfdf49d286f90fa8fca9ebf	Material	4068	-
Assets/HyTeKGames/SRPMaterialConverter/ConvertedMaterials/bathroom_shelf.mat	e735f541b8bb84699be2e00bf8885754	Material	4081	-
Assets/HyTeKGames/SRPMaterialConverter/ConvertedMaterials/bathroom_wall3.mat	bef3aec7baffa42c8bcfc06793446c01	Material	4081	-
Assets/HyTeKGames/SRPMaterialConverter/ConvertedMaterials/bathroom_wall_mat_1.mat	5a3107a54ca88432c94224a353ed9083	Material	4162	scene:BH_XR_MainScene
Assets/HyTeKGames/SRPMaterialConverter/ConvertedMaterials/bed.mat	200222fdf13d64d6ba9866504f80f255	Material	4070	-
Assets/HyTeKGames/SRPMaterialConverter/ConvertedMaterials/bed_coat.mat	f180b9c6f071c461792aad991920a876	Material	4075	-
Assets/HyTeKGames/SRPMaterialConverter/ConvertedMaterials/bed_lamp_glass1.mat	da255f8a9c9524878934751691e163b9	Material	4210	-
Assets/HyTeKGames/SRPMaterialConverter/ConvertedMaterials/bed_sheet.mat	c11769d30ea3340579d9f196f3797ade	Material	3911	-
Assets/HyTeKGames/SRPMaterialConverter/ConvertedMaterials/bed_sider.mat	2b1e074db0da0410086fd4dc3c16e3af	Material	4061	-
Assets/HyTeKGames/SRPMaterialConverter/ConvertedMaterials/bedroom_floor3.mat	53faa0961a4e44b728133e3a1831ee85	Material	4081	-
Assets/HyTeKGames/SRPMaterialConverter/ConvertedMaterials/bedroom_wall4.mat	7e590186e6f2b4c53b4da24711410eb7	Material	4080	-
Assets/HyTeKGames/SRPMaterialConverter/ConvertedMaterials/bedroom_wood_side_table.mat	0ef8f7d981bbc474c84b97cd441a07b6	Material	4138	-
Assets/HyTeKGames/SRPMaterialConverter/ConvertedMaterials/bedside_lamp1.mat	7f606f8ddffaa40de97d1187a94749ec	Material	4135	-
Assets/HyTeKGames/SRPMaterialConverter/ConvertedMaterials/book_1.mat	f058f14cafbe4466fbade22a03fd1623	Material	3910	-
Assets/HyTeKGames/SRPMaterialConverter/ConvertedMaterials/book_10.mat	fb03316b43eaf4961948bac5f6cc0bd1	Material	3912	-
Assets/HyTeKGames/SRPMaterialConverter/ConvertedMaterials/book_2.mat	5e07576d5b799426598e61959a333cac	Material	3911	-
Assets/HyTeKGames/SRPMaterialConverter/ConvertedMaterials/book_3.mat	86b5f4854ffa642ec81e5a3b871cee52	Material	3909	-
Assets/HyTeKGames/SRPMaterialConverter/ConvertedMaterials/book_4.mat	67d7fa401d5404a9fa701f46dc327d56	Material	3910	-
Assets/HyTeKGames/SRPMaterialConverter/ConvertedMaterials/book_5.mat	889b575c441604135838ce2d4f15c8bc	Material	3910	-
Assets/HyTeKGames/SRPMaterialConverter/ConvertedMaterials/book_6.mat	0db5cbef021214318a3df6670b0f5abd	Material	3855	-
Assets/HyTeKGames/SRPMaterialConverter/ConvertedMaterials/book_7.mat	f01be07bef71c4172b594db30054e446	Material	3911	-
Assets/HyTeKGames/SRPMaterialConverter/ConvertedMaterials/book_8.mat	f827944465d8f4db48827050afbd1c35	Material	3910	-
Assets/HyTeKGames/SRPMaterialConverter/ConvertedMaterials/book_9.mat	e828e666526e34b25a1fbb56c56a6328	Material	3911	scene:BH_XR_MainScene
Assets/HyTeKGames/SRPMaterialConverter/ConvertedMaterials/carpet.mat	ce578d0e738e5435a91999c0df2912e7	Material	4129	scene:BH_XR_MainScene
Assets/HyTeKGames/SRPMaterialConverter/ConvertedMaterials/ceiling_light.mat	9da0d2e325b9642de8c96aa281eab3b0	Material	3871	-
Assets/HyTeKGames/SRPMaterialConverter/ConvertedMaterials/ceiling_light_emission.mat	28f405d5f2e744ab59aa77a00f1371ac	Material	3825	-
Assets/HyTeKGames/SRPMaterialConverter/ConvertedMaterials/ceramic.mat	9c2153d8364fa4c7686eadf26473f721	Material	3810	-
Assets/HyTeKGames/SRPMaterialConverter/ConvertedMaterials/chair_2.mat	6ef04532808d441a494d8767ec1e4fbf	Material	3977	-
Assets/HyTeKGames/SRPMaterialConverter/ConvertedMaterials/chimini.mat	2cee12e1170924b81be77581f979beaa	Material	4173	-
Assets/HyTeKGames/SRPMaterialConverter/ConvertedMaterials/chopping-board.mat	c56ab9be6fd804a6abcd2e7a9be211d7	Material	3819	-
Assets/HyTeKGames/SRPMaterialConverter/ConvertedMaterials/coffee_maker.mat	fbd4d0dbf29ee4897ba5c6eb4318337b	Material	4080	-
Assets/HyTeKGames/SRPMaterialConverter/ConvertedMaterials/defaultMat.mat	293efbd2542684f399122326cb03f043	Material	3815	-
Assets/HyTeKGames/SRPMaterialConverter/ConvertedMaterials/diining_chair_wood.mat	5cde80deda1784f8e8ad472bb197b7fd	Material	4175	-
Assets/HyTeKGames/SRPMaterialConverter/ConvertedMaterials/dinning_chair_cusion.mat	7f2b6a200ca214a73bb0559ca9ca2961	Material	4143	-
Assets/HyTeKGames/SRPMaterialConverter/ConvertedMaterials/dinning_table.mat	d7bcdc24595754ce796b0cbf21b1d1e0	Material	4080	-
Assets/HyTeKGames/SRPMaterialConverter/ConvertedMaterials/door1.mat	1e4460b80624045de85c3d1e7a38279e	Material	4072	-
Assets/HyTeKGames/SRPMaterialConverter/ConvertedMaterials/drainer.mat	4df9f14cf404e4aa9a4b8b6b594c03ec	Material	3812	-
Assets/HyTeKGames/SRPMaterialConverter/ConvertedMaterials/dressing_mirror1.mat	bce9ebcfb3d23476ea5ced0e12cb5aac	Material	4028	-
Assets/HyTeKGames/SRPMaterialConverter/ConvertedMaterials/dressing_mirror_glass.mat	58a0aa5050b7e433397a6b2e575b455f	Material	3797	-
Assets/HyTeKGames/SRPMaterialConverter/ConvertedMaterials/exterior_wall.mat	d6376f98d43124ca3bf9736030c36ad6	Material	3853	-
Assets/HyTeKGames/SRPMaterialConverter/ConvertedMaterials/flower.mat	d90fafedf86fa4b8e97ba70e25e75666	Material	4072	-
Assets/HyTeKGames/SRPMaterialConverter/ConvertedMaterials/glass.mat	824d9b68b3fac445294aa3f4f97633db	Material	4128	-
Assets/HyTeKGames/SRPMaterialConverter/ConvertedMaterials/glass_1.mat	c70ebbd4693e44c29b5a255d452113d9	Material	4074	-
Assets/HyTeKGames/SRPMaterialConverter/ConvertedMaterials/glass_wall_glass4.mat	90ad8ced0c2f94cb4a14122d18b6e461	Material	4093	-
Assets/HyTeKGames/SRPMaterialConverter/ConvertedMaterials/gold_tap_handle 1.mat	7aa3b027bea4043e89facd8fb086db69	Material	4084	-
Assets/HyTeKGames/SRPMaterialConverter/ConvertedMaterials/gold_tap_handle.mat	ca4f5f5c4b2934d69ace092483247b8a	Material	4082	-
Assets/HyTeKGames/SRPMaterialConverter/ConvertedMaterials/gold_tap_handle_1.mat	ad7d7a162e8514ad3bfef79391142393	Material	4083	-
Assets/HyTeKGames/SRPMaterialConverter/ConvertedMaterials/gold_tap_handle_2.mat	8ffae35455fd7453983c7e0079fe6688	Material	4083	-
Assets/HyTeKGames/SRPMaterialConverter/ConvertedMaterials/granite.mat	1530f318940734bcd87eaa8d0e83498f	Material	4074	-
Assets/HyTeKGames/SRPMaterialConverter/ConvertedMaterials/green_wood.mat	5f525563c26734ced94a9f286bae7b74	Material	4133	-
Assets/HyTeKGames/SRPMaterialConverter/ConvertedMaterials/green_wood_1 Metal.mat	6034c50426e394938ab6007b7e9b5525	Material	4140	-
Assets/HyTeKGames/SRPMaterialConverter/ConvertedMaterials/green_wood_1.mat	a2109edb7f299477d865181f394849c9	Material	4078	-
Assets/HyTeKGames/SRPMaterialConverter/ConvertedMaterials/green_wood_2.mat	a5e25e66558bd4ce380e0d0b1d28ff4c	Material	4188	-
Assets/HyTeKGames/SRPMaterialConverter/ConvertedMaterials/handle.mat	7df68f7860082469c8a782e8a5502475	Material	4017	-
Assets/HyTeKGames/SRPMaterialConverter/ConvertedMaterials/handle_1.mat	1854c3e9b755e4b63b65a861331b7fe3	Material	4019	-
Assets/HyTeKGames/SRPMaterialConverter/ConvertedMaterials/imac.mat	1db2f4c6bc58241538d5c0a84f25132f	Material	4126	-
Assets/HyTeKGames/SRPMaterialConverter/ConvertedMaterials/induction-hob.mat	c3fc44cf8b9484fc6afe7263ff490413	Material	4139	-
Assets/HyTeKGames/SRPMaterialConverter/ConvertedMaterials/inner_roof3.mat	37a7c4ef60a52432088a188731987562	Material	4077	-
Assets/HyTeKGames/SRPMaterialConverter/ConvertedMaterials/kitchan_mat_2.mat	5def8fef2f2cd4caeb0f2eee1334f09b	Material	4080	-
Assets/HyTeKGames/SRPMaterialConverter/ConvertedMaterials/knife-block.mat	efee03c0a400b4771b4eca7bc249315a	Material	3866	-
Assets/HyTeKGames/SRPMaterialConverter/ConvertedMaterials/knives.mat	b5ab0fdf878e042009d2b4cc05b1b329	Material	4086	-
Assets/HyTeKGames/SRPMaterialConverter/ConvertedMaterials/lamp.mat	0b8dcaaecb69c4770885e238922358af	Material	4125	-
Assets/HyTeKGames/SRPMaterialConverter/ConvertedMaterials/laptop.mat	06a6b42f42a84488b9190cbe7ce9d331	Material	4130	-
Assets/HyTeKGames/SRPMaterialConverter/ConvertedMaterials/leaf.mat	3146fd630a5ed4f58a8c44474d85a680	Material	4015	-
Assets/HyTeKGames/SRPMaterialConverter/ConvertedMaterials/little_props.mat	60a6db3b7fcf74e67a382bc41c25758b	Material	3918	-
Assets/HyTeKGames/SRPMaterialConverter/ConvertedMaterials/livingroom_floor4.mat	23746b64d928b45e6a55c39141237c2f	Material	4140	-
Assets/HyTeKGames/SRPMaterialConverter/ConvertedMaterials/livingroom_wall3.mat	11e8929cd8ea946328a728dc21d410a5	Material	4083	-
Assets/HyTeKGames/SRPMaterialConverter/ConvertedMaterials/magazine1.mat	1267aa72a44c24b8f8db0a7fb0c3a496	Material	3914	-
Assets/HyTeKGames/SRPMaterialConverter/ConvertedMaterials/marble.mat	9f09843a28b2c48bb9a2785352be73a7	Material	4129	-
Assets/HyTeKGames/SRPMaterialConverter/ConvertedMaterials/metal.mat	f6d09ba476c7e47d496f23ef4d18b063	Material	4017	-
Assets/HyTeKGames/SRPMaterialConverter/ConvertedMaterials/metal_1.mat	40a3d4323964f437bb08e92cd7fd8fda	Material	4019	-
Assets/HyTeKGames/SRPMaterialConverter/ConvertedMaterials/metaldryer.mat	3aaefa07e0b1a4658bc88f8973cc7f70	Material	4024	-
Assets/HyTeKGames/SRPMaterialConverter/ConvertedMaterials/mug-tree.mat	ff55a18c2cf6341d29449a238836c148	Material	3855	-
Assets/HyTeKGames/SRPMaterialConverter/ConvertedMaterials/pattern_wall.mat	b3bcec56a382546068df58f1506665e1	Material	4079	-
Assets/HyTeKGames/SRPMaterialConverter/ConvertedMaterials/phong1.mat	959c766a8e5524d4d9c032fea97b7dbd	Material	4121	-
Assets/HyTeKGames/SRPMaterialConverter/ConvertedMaterials/pillow_1.mat	ac6559993f5544f56aa59db6ce5f495a	Material	4075	-
Assets/HyTeKGames/SRPMaterialConverter/ConvertedMaterials/plant_pot.mat	3209000ab92ab4b0d8a96aa7a8092007	Material	4062	-
Assets/HyTeKGames/SRPMaterialConverter/ConvertedMaterials/plate.mat	b665d5c415a394c82b00e72ed064b26e	Material	4075	-
Assets/HyTeKGames/SRPMaterialConverter/ConvertedMaterials/shelf1.mat	5998b2a9da8a540308edd3f9d3df71e6	Material	4072	-
Assets/HyTeKGames/SRPMaterialConverter/ConvertedMaterials/steel.mat	380d78cd1a1be4182a5ecdad58a3bb55	Material	4071	-
Assets/HyTeKGames/SRPMaterialConverter/ConvertedMaterials/study_chairI_Leg.mat	1bb281595a31e4a318d0da82e56d61ee	Material	4082	-
Assets/HyTeKGames/SRPMaterialConverter/ConvertedMaterials/study_chair_seat.mat	0d8b046a978384622a7d859b4882dff6	Material	4082	-
Assets/HyTeKGames/SRPMaterialConverter/ConvertedMaterials/studyroom_floor3.mat	82d0a855fa3dd4744a89ae6fdf2c6737	Material	4139	-
Assets/HyTeKGames/SRPMaterialConverter/ConvertedMaterials/studyroom_wall3.mat	e38f8d60496534b69b06b9572c87ac58	Material	4082	-
Assets/HyTeKGames/SRPMaterialConverter/ConvertedMaterials/switch1.mat	3788e1c5fb6414ff7a0ee69d89bbb776	Material	4071	-
Assets/HyTeKGames/SRPMaterialConverter/ConvertedMaterials/switch2.mat	3a7d36dda5f7c4af89e8367db8ca2d98	Material	4074	-
Assets/HyTeKGames/SRPMaterialConverter/ConvertedMaterials/table1.mat	7341e425203944deb8a2cd0e826ebd6e	Material	4076	-
Assets/HyTeKGames/SRPMaterialConverter/ConvertedMaterials/teatable.mat	1c703460734724ad7be652341104e154	Material	4079	-
Assets/HyTeKGames/SRPMaterialConverter/ConvertedMaterials/toasterNew.mat	24ebd2d4a9c8d4bf087330cf4e266b8c	Material	4135	-
Assets/HyTeKGames/SRPMaterialConverter/ConvertedMaterials/toilet_wood1.mat	1c2c4df7e670c4178b1328d14449ce67	Material	4078	-
Assets/HyTeKGames/SRPMaterialConverter/ConvertedMaterials/toilet_wood_1.mat	7234f3ee68756448d8c1b84f37b71255	Material	4080	-
Assets/HyTeKGames/SRPMaterialConverter/ConvertedMaterials/tolpaper.mat	3a62c508df6a04d31b91f19552972756	Material	4076	-
Assets/HyTeKGames/SRPMaterialConverter/ConvertedMaterials/towl_2.mat	8a45c76344a514b6e855d6a5fc15e509	Material	4072	-
Assets/HyTeKGames/SRPMaterialConverter/ConvertedMaterials/trash-can.mat	8a0a920022e1e4deb9c3257e5b861f0c	Material	4080	-
Assets/HyTeKGames/SRPMaterialConverter/ConvertedMaterials/washingMachine.mat	4e438a50c414a4db19740c924afdbb11	Material	4082	-
Assets/HyTeKGames/SRPMaterialConverter/ConvertedMaterials/washingglass.mat	be93ed0a7ca9443dd937abb826bb13c0	Material	3820	-
Assets/HyTeKGames/SRPMaterialConverter/ConvertedMaterials/washingmachineclosed.mat	170b4b7fc297645728c1a13b977842e6	Material	4086	-
Assets/HyTeKGames/SRPMaterialConverter/ConvertedMaterials/white_wood.mat	8dda5949486f745fc95c1fe5129933d4	Material	4132	-
Assets/HyTeKGames/SRPMaterialConverter/ConvertedMaterials/wines.mat	299a87cb33a414ec1958cf9be3ce439f	Material	4070	-
Assets/Idyllic Italian Coast Town/Materials/M_Metal.mat	0a5a1a3f0e878304e997c36bcdcdc4df	Material	3839	-
Assets/Idyllic Italian Coast Town/Materials/M_asphalt.mat	7e1627c6e36668b4cba39156bf3ad86c	Material	3963	-
Assets/Idyllic Italian Coast Town/Materials/M_attachments_metal.mat	bc7bc0245edd4024d8195c6266ceff23	Material	4168	scene:BH_XR_MainScene
Assets/Idyllic Italian Coast Town/Materials/M_attachments_stone 1.mat	e2409d91e9c04a54a86407acb28d47d5	Material	4082	-
Assets/Idyllic Italian Coast Town/Materials/M_attachments_stone.mat	c2533795ce017c74eaecdfaddef2fce8	Material	4119	scene:BH_XR_MainScene
Assets/Idyllic Italian Coast Town/Materials/M_attachments_tech.mat	581b46db0b2d8314494dc1d2fa2b7cca	Material	4064	-
Assets/Idyllic Italian Coast Town/Materials/M_beverages 1.mat	7f8c37c14f5bf0e4baf0fbf4454ac0c3	Material	4058	-
Assets/Idyllic Italian Coast Town/Materials/M_beverages.mat	0b9ab36f5383b624bbd1a155a9a04c9f	Material	4182	-
Assets/Idyllic Italian Coast Town/Materials/M_boat 1.mat	ad0cf16794060b74da0c4875df4544dd	Material	1853	-
Assets/Idyllic Italian Coast Town/Materials/M_boat.mat	b513ca6f0a380164ab0e715aecb815fa	Material	4107	scene:BH_XR_MainScene
Assets/Idyllic Italian Coast Town/Materials/M_bricks 1.mat	8034ad6e87e63dc449c09cdfe25138a6	Material	4058	scene:BH_XR_MainScene
Assets/Idyllic Italian Coast Town/Materials/M_bricks 2.mat	16174c89c9558c84499c40e54cf872c7	Material	4058	-
Assets/Idyllic Italian Coast Town/Materials/M_bricks.mat	a611f8bbce882e84cb0534a1d2511a6f	Material	4111	scene:BH_XR_MainScene
Assets/Idyllic Italian Coast Town/Materials/M_brickwall 1.mat	192929cb0dc94ba4e8b0ba0be1947ad9	Material	3986	-
Assets/Idyllic Italian Coast Town/Materials/M_brickwall.mat	ae30460c1df13af47ae05643d11d31eb	Material	3968	-
Assets/Idyllic Italian Coast Town/Materials/M_cable.mat	af082682f2454da499318eb61b905054	Material	3863	-
Assets/Idyllic Italian Coast Town/Materials/M_canopies 1.mat	fad2146c8778e0b449a21e41b41e9eb0	Material	4058	-
Assets/Idyllic Italian Coast Town/Materials/M_canopies.mat	f8de6e69167e15f4f876d086cf8ee659	Material	4110	-
Assets/Idyllic Italian Coast Town/Materials/M_chairs.mat	5702491b61ea375428d81e3d88f9a04f	Material	4108	scene:BH_XR_MainScene
Assets/Idyllic Italian Coast Town/Materials/M_clothtable 1.mat	ffb3ae445855ddd4885d23c9ea1de2ad	Material	3991	-
Assets/Idyllic Italian Coast Town/Materials/M_clothtable 2.mat	2b41678600a36a443b1e3dacf09cdf5c	Material	3991	-
Assets/Idyllic Italian Coast Town/Materials/M_clothtable 3.mat	8f082738c5f651f47a4a17053bc00e32	Material	3982	-
Assets/Idyllic Italian Coast Town/Materials/M_clothtable.mat	f663cc83abc8b334399e7b464fc931a2	Material	3980	-
Assets/Idyllic Italian Coast Town/Materials/M_doors.mat	49b81e5f379b34a4bb7b83bd5519c81c	Material	4108	scene:BH_XR_MainScene
Assets/Idyllic Italian Coast Town/Materials/M_floortiles_ceramic 1.mat	2e9802a85920dd64eb77d5ae541871cb	Material	3996	-
Assets/Idyllic Italian Coast Town/Materials/M_floortiles_ceramic 2.mat	b9d9f3bd7eb8a4f46b1c619ab406deb4	Material	4009	-
Assets/Idyllic Italian Coast Town/Materials/M_floortiles_ceramic 3.mat	f4976628552bb104d92307291bce9ff7	Material	4015	-
Assets/Idyllic Italian Coast Town/Materials/M_floortiles_ceramic.mat	efbabc0409b05874f9d869e907f1127a	Material	4013	scene:BH_XR_MainScene
Assets/Idyllic Italian Coast Town/Materials/M_flowerpots 1.mat	b2c1ee16305f70746b638c867a5b588c	Material	4167	-
Assets/Idyllic Italian Coast Town/Materials/M_flowerpots.mat	ec9be5214a7bfb642928dc7db87d47ea	Material	4057	-
Assets/Idyllic Italian Coast Town/Materials/M_flowers 1.mat	ca6222ca4123be74a8bc3ce7ba991096	Material	2844	-
Assets/Idyllic Italian Coast Town/Materials/M_flowers 3.mat	83a0c604bc247284bac35a524bf26bff	Material	2897	-
Assets/Idyllic Italian Coast Town/Materials/M_gravel.mat	e7064c7ce05bcfd4aa296841c40dfbec	Material	4027	-
Assets/Idyllic Italian Coast Town/Materials/M_ground 1.mat	8cd2ae4914a156847ae63fc09ff13ba5	Material	4040	-
Assets/Idyllic Italian Coast Town/Materials/M_ground.mat	4276e1cec28765645b0a6d699d7a655a	Material	3865	-
Assets/Idyllic Italian Coast Town/Materials/M_lanterns.mat	4eddae14c0023cd47b476fe6d3a68230	Material	4204	-
Assets/Idyllic Italian Coast Town/Materials/M_leaf.mat	afc926700db831f4095a2b56d858aa6f	Material	2894	-
Assets/Idyllic Italian Coast Town/Materials/M_leaves 1.mat	555fc7781b937ad4db572b67a95cfe7c	Material	3050	-
Assets/Idyllic Italian Coast Town/Materials/M_leaves.mat	cd9eb6f9028863547bdc9dfeaf899f3c	Material	3051	-
Assets/Idyllic Italian Coast Town/Materials/M_lemonstand 1.mat	bfad7597099df0047a3c2f3b835221ee	Material	4111	-
Assets/Idyllic Italian Coast Town/Materials/M_lemonstand.mat	831f284a390e25c459a47836fecdfb9d	Material	4057	-
Assets/Idyllic Italian Coast Town/Materials/M_metal_dark.mat	95465a65c48847a4ab04cfaeaf955f80	Material	3900	scene:BH_XR_MainScene
Assets/Idyllic Italian Coast Town/Materials/M_pillartop.mat	ada5fb2196d265b43a90d2a29311e4ee	Material	4111	scene:BH_XR_MainScene
Assets/Idyllic Italian Coast Town/Materials/M_pipes.mat	9a202816b85af994fa3acc0d66b5e114	Material	4115	scene:BH_XR_MainScene
Assets/Idyllic Italian Coast Town/Materials/M_rooftexture.mat	7e296e4f1613b234a879b2040dc11357	Material	4019	scene:BH_XR_MainScene
Assets/Idyllic Italian Coast Town/Materials/M_shopsigns_large.mat	a51b440ebfe697e4aa45a0dbdf1ffcc7	Material	4063	-
Assets/Idyllic Italian Coast Town/Materials/M_shopsigns_small.mat	3881551e77471384aa1d27c76c97db5e	Material	4063	-
Assets/Idyllic Italian Coast Town/Materials/M_skybox 1.mat	bf9b782c9f6b63049af362dd53ed3508	Material	1124	scene:BH_XR_MainScene
Assets/Idyllic Italian Coast Town/Materials/M_skybox 2.mat	587e564dbd2c0ae4192c3950dc82adf3	Material	2457	scene:BH_XR_MainScene
Assets/Idyllic Italian Coast Town/Materials/M_skybox 3.mat	b712b55a862749f4b837033c8f1b4290	Material	2457	-
Assets/Idyllic Italian Coast Town/Materials/M_skybox.mat	20e29b2091382a645885f83bcc8ddee2	Material	2454	scene:BH_XR_MainScene
Assets/Idyllic Italian Coast Town/Materials/M_stonewall.mat	c6b39cd823ef58f45be35bd6b731b566	Material	4057	-
Assets/Idyllic Italian Coast Town/Materials/M_trafficsigns.mat	0ba44f0b4bda2e64b932412216502b8e	Material	4059	-
Assets/Idyllic Italian Coast Town/Materials/M_treebark.mat	662bc4e029a61574e8d2c16b6c138b12	Material	4018	-
Assets/Idyllic Italian Coast Town/Materials/M_wall_plaster 1.mat	7afa2220965d73e4986ca8a9c7b03368	Material	3993	-
Assets/Idyllic Italian Coast Town/Materials/M_wall_plaster 10.mat	dc7493ba90d91a042a103f41ccc570fe	Material	4131	scene:BH_XR_MainScene
Assets/Idyllic Italian Coast Town/Materials/M_wall_plaster 2.mat	9123ba570d72c2f4b851b59473e68416	Material	4082	-
Assets/Idyllic Italian Coast Town/Materials/M_wall_plaster 3.mat	ccb6833db433f0a46a241532e65de62f	Material	4096	scene:BH_XR_MainScene
Assets/Idyllic Italian Coast Town/Materials/M_wall_plaster 4.mat	75aff4937ec506a48b3a18255a8ca6d7	Material	4058	-
Assets/Idyllic Italian Coast Town/Materials/M_wall_plaster 5.mat	9c8ab56bab338cc44a9e1bdc143be51a	Material	4067	-
Assets/Idyllic Italian Coast Town/Materials/M_wall_plaster 6.mat	f704a12699a18e74e99cb49a9824f4f8	Material	4059	-
Assets/Idyllic Italian Coast Town/Materials/M_wall_plaster 7.mat	21903ac5e43a88b46b2d1582f7145880	Material	4089	-
Assets/Idyllic Italian Coast Town/Materials/M_wall_plaster 8.mat	8408ad8c11a3c74488b6c9601aa4fb4f	Material	4067	-
Assets/Idyllic Italian Coast Town/Materials/M_wall_plaster 9.mat	9fbdebb2a27fe984cb1b349f6d95ed00	Material	4058	-
Assets/Idyllic Italian Coast Town/Materials/M_wall_plaster.mat	9b2c8ee7f3d0b9e4282f5013d650b626	Material	4125	scene:BH_XR_MainScene
Assets/Idyllic Italian Coast Town/Materials/M_water.mat	43beabbd953a5074980b090dfebfe756	Material	4057	-
Assets/Idyllic Italian Coast Town/Materials/M_window.mat	93337805a08c07e4caa651da15ac01c0	Material	3923	-
Assets/Idyllic Italian Coast Town/Materials/M_windows.mat	c09b36046f0243544b0aa30174435a35	Material	4190	scene:BH_XR_MainScene
Assets/Idyllic Italian Coast Town/Materials/Terrain/NewLayer 1.terrainlayer	e20135160638f244a8ac5fa5fec60ab8	TerrainLayer	782	-
Assets/Idyllic Italian Coast Town/Materials/Terrain/NewLayer 2.terrainlayer	cf0c86c41dfee784d86baaeb0545df38	TerrainLayer	731	-
Assets/Idyllic Italian Coast Town/Materials/Terrain/NewLayer 3.terrainlayer	c6233947442c9ca4eb59f3c7483d1369	TerrainLayer	782	-
Assets/Idyllic Italian Coast Town/Materials/Terrain/NewLayer 4.terrainlayer	79ef5d0a5020e774e8e1f05d76ce9fec	TerrainLayer	782	-
Assets/Idyllic Italian Coast Town/Materials/Terrain/NewLayer.terrainlayer	192595d191ba9b740a41ea7bf2c134eb	TerrainLayer	780	-
Assets/Idyllic Italian Coast Town/Materials/Terrain/Terrain Italy.asset	538cca1fc2735ee4b95ee475e196e520	TerrainData	13370088	-
Assets/Idyllic Italian Coast Town/Meshes/Buildings/SM_building_apartment_01.fbx	cf3498730d37ba04e97d0e51e5fb3041	GameObject	1094656	-
Assets/Idyllic Italian Coast Town/Meshes/Buildings/SM_building_apartment_02.fbx	25f6f7e7d5cd45e49a5b066b86ad22de	GameObject	810128	-
Assets/Idyllic Italian Coast Town/Meshes/Buildings/SM_building_apartment_03.fbx	b59e25a3e05d7334389789cf7edf7914	GameObject	1174240	-
Assets/Idyllic Italian Coast Town/Meshes/Buildings/SM_building_apartment_04.fbx	27dbec6ef72a7274c8ca6f95a256ca51	GameObject	806224	-
Assets/Idyllic Italian Coast Town/Meshes/Buildings/SM_building_gate.fbx	203623927bde5a54faf1b546669c69b5	GameObject	678704	scene:BH_XR_MainScene
Assets/Idyllic Italian Coast Town/Meshes/Buildings/SM_building_gate_02.fbx	b04711c0694eae74a82bec886b0fb653	GameObject	641072	-
Assets/Idyllic Italian Coast Town/Meshes/Buildings/SM_building_house_01.fbx	705e893285dc38141a11eb529579a443	GameObject	693056	-
Assets/Idyllic Italian Coast Town/Meshes/Buildings/SM_building_house_02.fbx	3ac1ce146d17ade48886f19655014186	GameObject	736096	-
Assets/Idyllic Italian Coast Town/Meshes/Buildings/SM_building_house_04.fbx	75c6a7ec26f4d3240bf4632356a20b90	GameObject	676976	-
Assets/Idyllic Italian Coast Town/Meshes/Buildings/SM_building_modular_1x1_01.fbx	58d7303cdcbae584283673e42604e6e7	GameObject	350976	-
Assets/Idyllic Italian Coast Town/Meshes/Buildings/SM_building_modular_1x1_02.fbx	74b31d85ae67d47448838b0def8dc42b	GameObject	352080	-
Assets/Idyllic Italian Coast Town/Meshes/Buildings/SM_building_modular_1x1_03.fbx	ff43231b6113ffc4691b5d41b9ae19d4	GameObject	359952	-
Assets/Idyllic Italian Coast Town/Meshes/Buildings/SM_building_modular_1x1_04.fbx	eb330a27bebdb2648a1acecefc4d47ac	GameObject	448000	-
Assets/Idyllic Italian Coast Town/Meshes/Buildings/SM_building_modular_2x1_01.fbx	b9b2e19c4fffaed469c62111b316bfce	GameObject	482608	-
Assets/Idyllic Italian Coast Town/Meshes/Buildings/SM_building_modular_2x1_02.fbx	bba456cd966501d44885c4b8df9f6816	GameObject	458384	-
Assets/Idyllic Italian Coast Town/Meshes/Buildings/SM_building_modular_floor_1x1.fbx	44bbf8c98dd376b469382cca4954df66	GameObject	431088	-
Assets/Idyllic Italian Coast Town/Meshes/Buildings/SM_building_modular_floor_1x1_02.fbx	952fa15524c937246822370fb70cc729	GameObject	328144	-
Assets/Idyllic Italian Coast Town/Meshes/Buildings/SM_building_modular_floor_1x1_03.fbx	509528ccb43e5bb449434c8705f7acc1	GameObject	352032	-
Assets/Idyllic Italian Coast Town/Meshes/Buildings/SM_building_modular_floor_2x1_01.fbx	927bdb284dd21f24882ea333232d8c5e	GameObject	393168	-
Assets/Idyllic Italian Coast Town/Meshes/Buildings/SM_building_modular_floor_2x1_02.fbx	63a1d295c07fee94c900d6369ea4a352	GameObject	456032	-
Assets/Idyllic Italian Coast Town/Meshes/Buildings/SM_building_modular_floor_2x1_03.fbx	bf0f2d6b25f7cdb4bac0a96778542093	GameObject	281840	scene:BH_XR_MainScene
Assets/Idyllic Italian Coast Town/Meshes/Buildings/SM_building_modular_roof_1x1_01.fbx	2b8e3566efa11d54380b73b1978ac711	GameObject	395472	-
Assets/Idyllic Italian Coast Town/Meshes/Buildings/SM_building_modular_roof_1x1_02.fbx	0f5e2026d022f754c875260fd81a27a6	GameObject	411376	-
Assets/Idyllic Italian Coast Town/Meshes/Buildings/SM_building_modular_roof_1x1_03.fbx	e0bbc1681f58436468e8647cb72fa1d5	GameObject	406272	-
Assets/Idyllic Italian Coast Town/Meshes/Buildings/SM_building_modular_roof_2x1_01.fbx	55285947684547541be856fb58c3b6e5	GameObject	403056	scene:BH_XR_MainScene
Assets/Idyllic Italian Coast Town/Meshes/Buildings/SM_building_tower.fbx	b56267cee54a98846ac5e0700f69af2e	GameObject	302992	-
Assets/Idyllic Italian Coast Town/Meshes/Buildings/SM_church_italy.fbx	83615839e6c9f8942b99b61840778735	GameObject	1139008	scene:BH_XR_MainScene
Assets/Idyllic Italian Coast Town/Meshes/Buildings/SM_villa.fbx	9f38428c22c978640baf35ef4ccf4313	GameObject	1772256	-
Assets/Idyllic Italian Coast Town/Meshes/Modular/SM_platform_01.fbx	40dace9229bc612448f86d4e0db75506	GameObject	142880	-
Assets/Idyllic Italian Coast Town/Meshes/Modular/SM_platform_attachment.fbx	d9d07ccbe37e3984e80c834f7b45ab3b	GameObject	99760	-
Assets/Idyllic Italian Coast Town/Meshes/Modular/SM_platform_rounded.fbx	bcd6adf68f6d1de45bf81846f625a970	GameObject	120912	-
Assets/Idyllic Italian Coast Town/Meshes/Modular/SM_staircase_01.fbx	61f5362ef1878b449962aed67c892ae7	GameObject	106912	-
Assets/Idyllic Italian Coast Town/Meshes/Modular/SM_staircase_02.fbx	7bc57d633c87d024fb6af89f92cc64fc	GameObject	44432	-
Assets/Idyllic Italian Coast Town/Meshes/Modular/SM_staircase_03.fbx	e3d3f151a1bfa5847a91cc7194ff2bd2	GameObject	91392	-
Assets/Idyllic Italian Coast Town/Meshes/Modular/SM_staircase_04.fbx	9e72fb1497da4d647a0267bde0917981	GameObject	131344	-
Assets/Idyllic Italian Coast Town/Meshes/Modular/SM_street_01.fbx	c50cd7628b5bcab48918ab8fbedfeedf	GameObject	117856	scene:BH_XR_MainScene
Assets/Idyllic Italian Coast Town/Meshes/Modular/SM_street_corner_round.fbx	5fd8e2eae7e04234faa0e7cc72f9f8be	GameObject	126288	-
Assets/Idyllic Italian Coast Town/Meshes/Modular/SM_wall_base.fbx	ace677acde4bbaf479a708a6ce042eb5	GameObject	45184	scene:BH_XR_MainScene
Assets/Idyllic Italian Coast Town/Meshes/Modular/SM_wall_fence.fbx	02a317f313e93ba45bc5d524e4b48fc1	GameObject	76352	-
Assets/Idyllic Italian Coast Town/Meshes/Modular/SM_wall_pillar.fbx	d7f3cdec51edf4546be647bac0b24992	GameObject	86000	scene:BH_XR_MainScene
Assets/Idyllic Italian Coast Town/Meshes/Props/SM_airconditioner.fbx	eff1574f27bda174f8c09f6c5b37a8cb	GameObject	66192	-
Assets/Idyllic Italian Coast Town/Meshes/Props/SM_balcony_01.fbx	1ef56e6e47fd5ee4bad482e2e5adb201	GameObject	198096	-
Assets/Idyllic Italian Coast Town/Meshes/Props/SM_balcony_02.fbx	c801c58efaffc874fa3e9df6260ceb38	GameObject	95120	-
Assets/Idyllic Italian Coast Town/Meshes/Props/SM_boat.fbx	c3ece6149d9fde9448462845adb9ad6f	GameObject	64048	-
Assets/Idyllic Italian Coast Town/Meshes/Props/SM_boat_pylon.fbx	6089ba0f2733e4a4eb87cf73ca89e372	GameObject	87536	scene:BH_XR_MainScene
Assets/Idyllic Italian Coast Town/Meshes/Props/SM_bottle_lemon_01.fbx	6420ebd0aca168443aa8c029d7451eee	GameObject	45120	-
Assets/Idyllic Italian Coast Town/Meshes/Props/SM_bottle_lemon_02.fbx	747cda8c61128a84fbb39a4a17a99db4	GameObject	45152	-
Assets/Idyllic Italian Coast Town/Meshes/Props/SM_bottle_lemon_03.fbx	04581e20a0a0e034b9a597df7f22a609	GameObject	45056	-
Assets/Idyllic Italian Coast Town/Meshes/Props/SM_box_lemons.fbx	6e06b7e06e4e54a49ac04025342cbd33	GameObject	62624	-
Assets/Idyllic Italian Coast Town/Meshes/Props/SM_box_oranges.fbx	4f5de5e12c28b9b4385fe355d4a83442	GameObject	59168	-
Assets/Idyllic Italian Coast Town/Meshes/Props/SM_bush_jungle_01.fbx	c67bd5b4159a8d045b5dd048b2b3c7d5	GameObject	71200	-
Assets/Idyllic Italian Coast Town/Meshes/Props/SM_canopy_01.fbx	21c4803d5c1c09b4288a0ea0d8edce62	GameObject	41856	-
Assets/Idyllic Italian Coast Town/Meshes/Props/SM_canopy_02.fbx	15793b7b3df0c2642bb0223a00f790fc	GameObject	54272	-
Assets/Idyllic Italian Coast Town/Meshes/Props/SM_canopy_03.fbx	1c23368cb6d82f641a30147ea1af4ac4	GameObject	41872	-
Assets/Idyllic Italian Coast Town/Meshes/Props/SM_chair_01.fbx	a965a5d44aa412746999bf0a9cc5fcc1	GameObject	55424	-
Assets/Idyllic Italian Coast Town/Meshes/Props/SM_chair_02.fbx	37ba1acd5e1d1504ea96645c83a2a0e8	GameObject	77968	scene:BH_XR_MainScene
Assets/Idyllic Italian Coast Town/Meshes/Props/SM_chair_03.fbx	da681974e555c294aabee67537d31f7d	GameObject	95888	-
Assets/Idyllic Italian Coast Town/Meshes/Props/SM_cup_cappucino.fbx	21cddbf04f3ba1e439683dadfebb4c7d	GameObject	47568	-
Assets/Idyllic Italian Coast Town/Meshes/Props/SM_door_01.fbx	1dbb5b29aebc7864685dbd339737f832	GameObject	113104	-
Assets/Idyllic Italian Coast Town/Meshes/Props/SM_fence_01.fbx	46edc962e7827f742a71d02886f70a13	GameObject	42192	-
Assets/Idyllic Italian Coast Town/Meshes/Props/SM_fence_02.fbx	bed29a63472da8e4abd40690783a65ca	GameObject	49504	scene:BH_XR_MainScene
Assets/Idyllic Italian Coast Town/Meshes/Props/SM_fence_03.fbx	e767b80e9aa785a4f8282dcd5ebcbc3a	GameObject	106464	scene:BH_XR_MainScene
Assets/Idyllic Italian Coast Town/Meshes/Props/SM_fence_rounded.fbx	6c23a231114568748a565a490a8ba2d5	GameObject	118560	scene:BH_XR_MainScene
Assets/Idyllic Italian Coast Town/Meshes/Props/SM_flower_table.fbx	28cb73538c1cfdb43825c83c44238e96	GameObject	99968	-
Assets/Idyllic Italian Coast Town/Meshes/Props/SM_flowerpot_01.fbx	71206a1a921fc5940aa328977df1ec3e	GameObject	153984	-
Assets/Idyllic Italian Coast Town/Meshes/Props/SM_flowerpot_02.fbx	d26d26e14072f454bbd8c9471b8fae07	GameObject	92288	-
Assets/Idyllic Italian Coast Town/Meshes/Props/SM_flowerpot_03.fbx	fb25b45e7dba7eb429ae0025100c2538	GameObject	113600	-
Assets/Idyllic Italian Coast Town/Meshes/Props/SM_flowerpot_04.fbx	3d964f3648902ab4d8308c481afbe6eb	GameObject	147904	scene:BH_XR_MainScene
Assets/Idyllic Italian Coast Town/Meshes/Props/SM_flowerpot_05.fbx	ff25b367019388a41bc5f430ca0b8723	GameObject	101696	-
Assets/Idyllic Italian Coast Town/Meshes/Props/SM_flowerpot_06.fbx	2504684210785ee4b994f63a15bcddb5	GameObject	113600	-
Assets/Idyllic Italian Coast Town/Meshes/Props/SM_flowerpot_07.fbx	e2cc753bee573814597c3a270d4f4fee	GameObject	153984	-
Assets/Idyllic Italian Coast Town/Meshes/Props/SM_flowerpot_08.fbx	4a3e6df44d786c14d967877e30ef8c4a	GameObject	101680	-
Assets/Idyllic Italian Coast Town/Meshes/Props/SM_flowerpot_09.fbx	681de151829abda4a8d2188908242609	GameObject	147904	-
Assets/Idyllic Italian Coast Town/Meshes/Props/SM_lantern_base.fbx	8ffffbd7613b6ff4c904e1648d341af1	GameObject	52736	-
Assets/Idyllic Italian Coast Town/Meshes/Props/SM_lantern_street_01.fbx	6626d0a51d60df4488bab95c1189b299	GameObject	72656	-
Assets/Idyllic Italian Coast Town/Meshes/Props/SM_lantern_street_02.fbx	b5a7c4457453a104c9d16b50284f9776	GameObject	75760	-
Assets/Idyllic Italian Coast Town/Meshes/Props/SM_lantern_wall_01.fbx	50a7a27ea1f1b2b4899f4b5bedbd343d	GameObject	84448	-
Assets/Idyllic Italian Coast Town/Meshes/Props/SM_lantern_wall_02.fbx	999b5a90253a1d94b9f6ac2c75e38ce4	GameObject	90624	-
Assets/Idyllic Italian Coast Town/Meshes/Props/SM_lantern_wall_03.fbx	0d020c501fb35da4fbb4c005510b3b55	GameObject	83952	-
Assets/Idyllic Italian Coast Town/Meshes/Props/SM_leaves_Small.fbx	1f64afeb706ba574891dfe203d65d6da	GameObject	62960	-
Assets/Idyllic Italian Coast Town/Meshes/Props/SM_leaves_wall_02.fbx	fba8a9f057b2ec848ae6e81b3583c0ff	GameObject	41312	-
Assets/Idyllic Italian Coast Town/Meshes/Props/SM_leaves_wall_03.fbx	ba320e7d8e10d4c4a910c1b78a3fa344	GameObject	36144	-
Assets/Idyllic Italian Coast Town/Meshes/Props/SM_leaves_wall_04.fbx	05d0099a7f017204384e9931cde66b19	GameObject	42496	-
Assets/Idyllic Italian Coast Town/Meshes/Props/SM_lemon_fruit.fbx	7d6ffd0846c727743ac79c39c924cf47	GameObject	41088	-
Assets/Idyllic Italian Coast Town/Meshes/Props/SM_menu_restaurant_01.fbx	9ba9ed7780dfdf340aa1771af32804f1	GameObject	40016	-
Assets/Idyllic Italian Coast Town/Meshes/Props/SM_menu_restaurant_02.fbx	78e816b8ea563784584a4c13685f37bb	GameObject	40064	-
Assets/Idyllic Italian Coast Town/Meshes/Props/SM_orange_fruit.fbx	2d050169e24ef2c4faa867f4d014f710	GameObject	41408	-
Assets/Idyllic Italian Coast Town/Meshes/Props/SM_parasol.fbx	70b54812f4d6f54409f0a3889c17bab9	GameObject	84224	-
Assets/Idyllic Italian Coast Town/Meshes/Props/SM_pipe_attachment.fbx	b1a5d1e795bd27d4096972c030656a18	GameObject	64368	-
Assets/Idyllic Italian Coast Town/Meshes/Props/SM_pot_01.fbx	534ad25b75d87c3469c9bc5aef1e8d36	GameObject	52464	-
Assets/Idyllic Italian Coast Town/Meshes/Props/SM_pot_02.fbx	09915184052576941b3fcee506475815	GameObject	54736	-
Assets/Idyllic Italian Coast Town/Meshes/Props/SM_pot_03.fbx	5d048ecaee223e04b9e3ed40fe06aa34	GameObject	58112	-
Assets/Idyllic Italian Coast Town/Meshes/Props/SM_pot_04.fbx	6005316545e5c8445a541a96f6773c1d	GameObject	50960	-
Assets/Idyllic Italian Coast Town/Meshes/Props/SM_pot_05.fbx	a109df530f5d3b84b8e6abff445b0938	GameObject	48416	-
Assets/Idyllic Italian Coast Town/Meshes/Props/SM_pot_06.fbx	a34862b60f2dcfa4f906f78499c1f2cb	GameObject	45408	-
Assets/Idyllic Italian Coast Town/Meshes/Props/SM_pylon.fbx	3fdf48d80d0b71941b9ce6a606ff9213	GameObject	54256	-
Assets/Idyllic Italian Coast Town/Meshes/Props/SM_rescuering.fbx	f7ad30d17bfb6174e8729da00a1a34b3	GameObject	71088	-
Assets/Idyllic Italian Coast Town/Meshes/Props/SM_rooftiles.fbx	0a18b5daf07202b49b8b6667879e9ad5	GameObject	281904	-
Assets/Idyllic Italian Coast Town/Meshes/Props/SM_saucer_cup.fbx	202173607d79dc941928ecc8a646775a	GameObject	45232	-
Assets/Idyllic Italian Coast Town/Meshes/Props/SM_shopsign_large_01.fbx	a300fefc98cff0b4fbc20677e5cc61bd	GameObject	42672	-
Assets/Idyllic Italian Coast Town/Meshes/Props/SM_shopsign_large_02.fbx	161812c4c47120f4593eeabe0922b442	GameObject	39568	-
Assets/Idyllic Italian Coast Town/Meshes/Props/SM_shopsign_large_03.fbx	e76a9832cfbc36f4a94fd780692fe0e4	GameObject	39568	-
Assets/Idyllic Italian Coast Town/Meshes/Props/SM_shopsign_small_01.fbx	2d84f5d8ba45dff4090cdfdb972cbc76	GameObject	49680	-
Assets/Idyllic Italian Coast Town/Meshes/Props/SM_shopsign_small_02.fbx	26e38528e1432e34e9ba2c2862a0ab69	GameObject	43232	-
Assets/Idyllic Italian Coast Town/Meshes/Props/SM_shopsign_small_03.fbx	4626f745aff9b2d42ade26c4193c0bc2	GameObject	48896	-
Assets/Idyllic Italian Coast Town/Meshes/Props/SM_shopsign_small_04.fbx	c2f4e78b067d9614da855474e722d7f9	GameObject	81872	-
Assets/Idyllic Italian Coast Town/Meshes/Props/SM_shopsign_small_05.fbx	c4ebbe7c56eefc04b90e9d5b9f6579d4	GameObject	82032	-
Assets/Idyllic Italian Coast Town/Meshes/Props/SM_shopsign_small_06.fbx	95da646274948cc4d86b47ded51ef335	GameObject	94480	-
Assets/Idyllic Italian Coast Town/Meshes/Props/SM_sign_lemonstand.fbx	317af7855076af046ac0f387479018ef	GameObject	39120	-
Assets/Idyllic Italian Coast Town/Meshes/Props/SM_sign_lemonstand_02.fbx	fa57dea3739cb22478f641f9dbc01d09	GameObject	39136	-
Assets/Idyllic Italian Coast Town/Meshes/Props/SM_table_cafe_cloth_round.fbx	4f550276de139d747bf9c216ec1d0120	GameObject	117008	-
Assets/Idyllic Italian Coast Town/Meshes/Props/SM_table_cafe_cloth_square.fbx	873ff0da2e5d299438483b17c1d9b857	GameObject	96256	-
Assets/Idyllic Italian Coast Town/Meshes/Props/SM_table_cafe_round.fbx	161c0138a270b95489e3219882a29d1f	GameObject	58000	-
Assets/Idyllic Italian Coast Town/Meshes/Props/SM_table_cafe_square.fbx	425d1196c2842834294201d4458e79f5	GameObject	45280	scene:BH_XR_MainScene
Assets/Idyllic Italian Coast Town/Meshes/Props/SM_table_seat_set.fbx	73302e2c968c97742bcaeee1aef4e985	GameObject	164368	-
Assets/Idyllic Italian Coast Town/Meshes/Props/SM_trafficsign_01.fbx	fe5bff0ef8c9d30498267960a964494a	GameObject	58384	-
Assets/Idyllic Italian Coast Town/Meshes/Props/SM_trafficsign_02.fbx	ea0459fe82d1a014e88fa05ae546b604	GameObject	58320	-
Assets/Idyllic Italian Coast Town/Meshes/Props/SM_trafficsign_03.fbx	047024dcd5bbb0b4b9189a4f0ac89eab	GameObject	54832	-
Assets/Idyllic Italian Coast Town/Meshes/Props/SM_trafficsign_04.fbx	2a32b4e50832b894a9782a8ccffd0e72	GameObject	50944	-
Assets/Idyllic Italian Coast Town/Meshes/Props/SM_trafficsign_05.fbx	ea59898cc1614734a8952dba532ba97d	GameObject	50960	-
Assets/Idyllic Italian Coast Town/Meshes/Props/SM_trafficsign_06.fbx	855c3c2218531734681bc31b23f899d8	GameObject	53360	-
Assets/Idyllic Italian Coast Town/Meshes/Props/SM_tree_01.fbx	0e1ae052488ce9e409c89b443955db26	GameObject	200272	-
Assets/Idyllic Italian Coast Town/Meshes/Props/SM_tree_cypress.fbx	2c466a31448e658438ad701cebed1f4d	GameObject	101616	-
Assets/Idyllic Italian Coast Town/Meshes/Props/SM_treesquare.fbx	ddfbc02be89bb154bb6ef865ac613210	GameObject	71152	-
Assets/Idyllic Italian Coast Town/Meshes/Props/SM_vase_small.fbx	81f6ab587f4f55e4aabe51fd9840ac6d	GameObject	44688	-
Assets/Idyllic Italian Coast Town/Meshes/Props/SM_wine_bottle.fbx	de03671bfd0303845804745946dd7d31	GameObject	45936	-
Assets/Idyllic Italian Coast Town/Meshes/Props/SM_wine_glass.fbx	6913f3b878caa7d4f80cc569096a628f	GameObject	51072	-
Assets/Idyllic Italian Coast Town/Prefabs/Buildings/SM_building_apartment_01 (1).prefab	3713b283ec99f7e429b19535e0013e73	GameObject	5923	-
Assets/Idyllic Italian Coast Town/Prefabs/Buildings/SM_building_apartment_01.prefab	776088e9f516baf4baa4fb3dc38a1f42	GameObject	5923	-
Assets/Idyllic Italian Coast Town/Prefabs/Buildings/SM_building_apartment_02 (1).prefab	a711f9802c6421845be546d4f87ede73	GameObject	5926	-
Assets/Idyllic Italian Coast Town/Prefabs/Buildings/SM_building_apartment_02.prefab	1b4b5636bf0c5c242aec682122e97440	GameObject	5924	-
Assets/Idyllic Italian Coast Town/Prefabs/Buildings/SM_building_apartment_03 (1).prefab	c363e23f72384e242aa91d843b617a86	GameObject	5924	-
Assets/Idyllic Italian Coast Town/Prefabs/Buildings/SM_building_apartment_03.prefab	a24e8a5b122492a4980b5913fd2e70fb	GameObject	5924	-
Assets/Idyllic Italian Coast Town/Prefabs/Buildings/SM_building_apartment_04 (1).prefab	624617b429390874db4affd4462dc979	GameObject	6172	-
Assets/Idyllic Italian Coast Town/Prefabs/Buildings/SM_building_apartment_04.prefab	98d21c47a604c2843bcee46287b349ce	GameObject	6166	-
Assets/Idyllic Italian Coast Town/Prefabs/Buildings/SM_building_gate (1).prefab	b5f6b5a6366938d49b33818df7912459	GameObject	5917	-
Assets/Idyllic Italian Coast Town/Prefabs/Buildings/SM_building_gate.prefab	329ba146b0bc76e47959bca3d3dc6f67	GameObject	5915	-
Assets/Idyllic Italian Coast Town/Prefabs/Buildings/SM_building_gate_02.prefab	b12b22806236cda48abf430d84a2cce4	GameObject	5429	-
Assets/Idyllic Italian Coast Town/Prefabs/Buildings/SM_building_house_01.prefab	fb51e3fffb250da46aa63ae72a2131fb	GameObject	5919	-
Assets/Idyllic Italian Coast Town/Prefabs/Buildings/SM_building_house_02 (1).prefab	e64862bd687ce8943b485e36febd5d79	GameObject	5923	-
Assets/Idyllic Italian Coast Town/Prefabs/Buildings/SM_building_house_02.prefab	0ba02281741eeff42a10a2535afe4536	GameObject	5919	-
Assets/Idyllic Italian Coast Town/Prefabs/Buildings/SM_building_house_04 (1).prefab	1394ae5396002594f8dfa1edc6dfa5d0	GameObject	6414	-
Assets/Idyllic Italian Coast Town/Prefabs/Buildings/SM_building_house_04.prefab	2ae3f5011040df340ad553daeac6d711	GameObject	6410	-
Assets/Idyllic Italian Coast Town/Prefabs/Buildings/SM_building_preset_01 (1).prefab	7393481902b01fd49a487e650fa94121	GameObject	5924	-
Assets/Idyllic Italian Coast Town/Prefabs/Buildings/SM_building_tower (1).prefab	6af9e0912180ad74080f0e241d87f10a	GameObject	4945	-
Assets/Idyllic Italian Coast Town/Prefabs/Buildings/SM_building_tower.prefab	49530547777f3f54f9dc8f09ad4e0099	GameObject	4941	-
Assets/Idyllic Italian Coast Town/Prefabs/Buildings/SM_church_italy (1).prefab	a815defa5d609c240b2dd6de6c969450	GameObject	5187	-
Assets/Idyllic Italian Coast Town/Prefabs/Buildings/SM_church_italy.prefab	f0750a043b47d5247b103b90eb1cdb08	GameObject	5183	-
Assets/Idyllic Italian Coast Town/Prefabs/Modular Pieces/SM_building_modular_1x1_01.prefab	ba5a33bbdc1979e4c9ef3dd11f3cbd01	GameObject	4460	-
Assets/Idyllic Italian Coast Town/Prefabs/Modular Pieces/SM_building_modular_1x1_02.prefab	ba7eba27e0c48f844bbca18093429cf7	GameObject	4459	-
Assets/Idyllic Italian Coast Town/Prefabs/Modular Pieces/SM_building_modular_1x1_03.prefab	87387ad5b9aa5a149bd7009e04c02a3f	GameObject	4949	-
Assets/Idyllic Italian Coast Town/Prefabs/Modular Pieces/SM_building_modular_1x1_04.prefab	bd8337fb37ab60746aef5872dac247d0	GameObject	4705	-
Assets/Idyllic Italian Coast Town/Prefabs/Modular Pieces/SM_building_modular_2x1_01.prefab	f8cfd8028fede324aba157c0ffcc577a	GameObject	5189	-
Assets/Idyllic Italian Coast Town/Prefabs/Modular Pieces/SM_building_modular_2x1_02.prefab	1feed87f4344a074fbf4bcf8f8b86dbd	GameObject	4948	-
Assets/Idyllic Italian Coast Town/Prefabs/Modular Pieces/SM_building_modular_floor_1x1.prefab	2f1bf707f38ec3b4992c5881ba2f21e6	GameObject	4708	-
Assets/Idyllic Italian Coast Town/Prefabs/Modular Pieces/SM_building_modular_floor_1x1_02.prefab	b6e9effc6b21a59489d9ffa64fe834c7	GameObject	4466	-
Assets/Idyllic Italian Coast Town/Prefabs/Modular Pieces/SM_building_modular_floor_1x1_03.prefab	09a52ed9bcb7b114b8fa1367b2ecd31b	GameObject	4461	-
Assets/Idyllic Italian Coast Town/Prefabs/Modular Pieces/SM_building_modular_floor_2x1_01.prefab	f357673aae27b4b43925232b250e0f03	GameObject	4712	-
Assets/Idyllic Italian Coast Town/Prefabs/Modular Pieces/SM_building_modular_floor_2x1_02.prefab	71cd91209970842448a07ac13e73eb25	GameObject	4955	-
Assets/Idyllic Italian Coast Town/Prefabs/Modular Pieces/SM_building_modular_floor_2x1_03.prefab	bb79d0bf71d512647962dd24c6d3a83c	GameObject	3979	scene:BH_XR_MainScene
Assets/Idyllic Italian Coast Town/Prefabs/Modular Pieces/SM_building_modular_roof_1x1_01.prefab	c2d150bd44fdb1040900120ef1108746	GameObject	4954	-
Assets/Idyllic Italian Coast Town/Prefabs/Modular Pieces/SM_building_modular_roof_1x1_02.prefab	f1abecf22fcbdae4ba48bb1ab1aca231	GameObject	4955	-
Assets/Idyllic Italian Coast Town/Prefabs/Modular Pieces/SM_building_modular_roof_1x1_03.prefab	829fcee104f310940bc575df7c0b0f6e	GameObject	4951	-
Assets/Idyllic Italian Coast Town/Prefabs/Modular Pieces/SM_building_modular_roof_2x1_01.prefab	385004711a8d8f4418a8f22a3fa24cd0	GameObject	4466	scene:BH_XR_MainScene
Assets/Idyllic Italian Coast Town/Prefabs/Modular Pieces/SM_fence_rounded.prefab	5f4c45e30834dca4c889c0270a5a0832	GameObject	3719	scene:BH_XR_MainScene
Assets/Idyllic Italian Coast Town/Prefabs/Modular Pieces/SM_platform_01.prefab	5bd1c67905ca3924083e43148e9c38e5	GameObject	4205	-
Assets/Idyllic Italian Coast Town/Prefabs/Modular Pieces/SM_platform_attachment.prefab	9af967fa3f84b6f45a6b5c8c9b5d10d8	GameObject	4214	-
Assets/Idyllic Italian Coast Town/Prefabs/Modular Pieces/SM_platform_rounded.prefab	34bca3bf5e6743e4fa86d6f1e8869329	GameObject	4210	-
Assets/Idyllic Italian Coast Town/Prefabs/Modular Pieces/SM_rooftiles.prefab	850f2a2c56337a043917d8c82d602c39	GameObject	3716	-
Assets/Idyllic Italian Coast Town/Prefabs/Modular Pieces/SM_staircase_01.prefab	eabe5727b01d8554085400e660805a11	GameObject	3963	-
Assets/Idyllic Italian Coast Town/Prefabs/Modular Pieces/SM_staircase_02.prefab	4982893e95e00494e888ab8dd62ee357	GameObject	3719	-
Assets/Idyllic Italian Coast Town/Prefabs/Modular Pieces/SM_staircase_03.prefab	7bbc4e92076d5594398ed9847b09e3e0	GameObject	3963	-
Assets/Idyllic Italian Coast Town/Prefabs/Modular Pieces/SM_staircase_04.prefab	2d895ce070ccd85408ba4229ca06759b	GameObject	3962	-
Assets/Idyllic Italian Coast Town/Prefabs/Modular Pieces/SM_street_01.prefab	a4d50df3c12789742abb334b9fc22271	GameObject	3952	scene:BH_XR_MainScene
Assets/Idyllic Italian Coast Town/Prefabs/Modular Pieces/SM_street_corner_round.prefab	fd0a0260903e9a64d8e59cca47285705	GameObject	3966	-
Assets/Idyllic Italian Coast Town/Prefabs/Modular Pieces/SM_wall_base (1).prefab	bd40264292284db4886a30d0f09a7dcf	GameObject	3719	scene:BH_XR_MainScene
Assets/Idyllic Italian Coast Town/Prefabs/Modular Pieces/SM_wall_base (2).prefab	4b7c94afd262e5f46a32485795c31dba	GameObject	3719	-
Assets/Idyllic Italian Coast Town/Prefabs/Modular Pieces/SM_wall_base.prefab	0bc96cfd1a9ccec4e8d11d968551f86c	GameObject	3715	scene:BH_XR_MainScene
Assets/Idyllic Italian Coast Town/Prefabs/Modular Pieces/SM_wall_fence (1).prefab	409533bcfef4b3346beca0857680c471	GameObject	3961	-
Assets/Idyllic Italian Coast Town/Prefabs/Modular Pieces/SM_wall_fence (2).prefab	572a4174faf1825439142966e4b8b761	GameObject	3961	-
Assets/Idyllic Italian Coast Town/Prefabs/Modular Pieces/SM_wall_fence.prefab	ff82da303da591341b1847571e31dd5d	GameObject	3961	-
Assets/Idyllic Italian Coast Town/Prefabs/Modular Pieces/SM_wall_pillar (1).prefab	8d8c099890f1f0b4592ab80e8b09331a	GameObject	3965	scene:BH_XR_MainScene
Assets/Idyllic Italian Coast Town/Prefabs/Modular Pieces/SM_wall_pillar (2).prefab	37ec057909c406d47bc3afe37bd67be3	GameObject	3961	-
Assets/Idyllic Italian Coast Town/Prefabs/Modular Pieces/SM_wall_pillar.prefab	ceac35f379064bb489dae988d30daa1b	GameObject	3961	-
Assets/Idyllic Italian Coast Town/Prefabs/Props/SM_airconditioner.prefab	81967ba2e196f1349a639068126fce5c	GameObject	3721	-
Assets/Idyllic Italian Coast Town/Prefabs/Props/SM_balcony_01.prefab	762232df3a6101d469fd19d879c9440a	GameObject	4152	-
Assets/Idyllic Italian Coast Town/Prefabs/Props/SM_balcony_02.prefab	d86276db0b4df494697fb0db746436b6	GameObject	4151	-
Assets/Idyllic Italian Coast Town/Prefabs/Props/SM_boat (1).prefab	8802c50b9103b26438fbaf3e83f9d064	GameObject	3714	-
Assets/Idyllic Italian Coast Town/Prefabs/Props/SM_boat.prefab	e927d9d6c5bed7043bce5c1e851cd996	GameObject	3710	-
Assets/Idyllic Italian Coast Town/Prefabs/Props/SM_boat_pylon (1).prefab	a296fc5657e9663448d6400ef9766c67	GameObject	3911	-
Assets/Idyllic Italian Coast Town/Prefabs/Props/SM_boat_pylon.prefab	0b91fdbed4915a444b924885dcb63354	GameObject	3907	scene:BH_XR_MainScene
Assets/Idyllic Italian Coast Town/Prefabs/Props/SM_bottle_lemon_01.prefab	62610d21622440245b868d9e776c4877	GameObject	3912	-
Assets/Idyllic Italian Coast Town/Prefabs/Props/SM_bottle_lemon_02.prefab	531b743bb92a75347aac5f995218f9de	GameObject	3908	-
Assets/Idyllic Italian Coast Town/Prefabs/Props/SM_bottle_lemon_03.prefab	72cedd0b82337fc49843a1d6e70c1c63	GameObject	3913	-
Assets/Idyllic Italian Coast Town/Prefabs/Props/SM_box_lemons.prefab	d1189a2f11d64c045ba62b1b7f8120b2	GameObject	3905	-
Assets/Idyllic Italian Coast Town/Prefabs/Props/SM_box_oranges.prefab	52ffcbbadb6792a4f93e7cfb50a3c879	GameObject	3907	-
Assets/Idyllic Italian Coast Town/Prefabs/Props/SM_canopy_01 (1).prefab	60a7e5277686a174cacf4ecc2898cfab	GameObject	3718	-
Assets/Idyllic Italian Coast Town/Prefabs/Props/SM_canopy_01.prefab	805b7443291c6df4ca25c89b332c3cb0	GameObject	3714	-
Assets/Idyllic Italian Coast Town/Prefabs/Props/SM_canopy_02 (1).prefab	00d57b0e406d06f42a013c5263a914b9	GameObject	3713	-
Assets/Idyllic Italian Coast Town/Prefabs/Props/SM_canopy_02.prefab	6ac37f82f28b54740905a25d3868e4e4	GameObject	3713	-
Assets/Idyllic Italian Coast Town/Prefabs/Props/SM_canopy_03 (1).prefab	1010be2e50975974d988f9cbf1569727	GameObject	3720	-
Assets/Idyllic Italian Coast Town/Prefabs/Props/SM_canopy_03.prefab	098fbadfa49b07c4bac378635062e81f	GameObject	3712	-
Assets/Idyllic Italian Coast Town/Prefabs/Props/SM_chair_01.prefab	a777c5cd7e857334e9ad4572a80a4d5f	GameObject	3903	-
Assets/Idyllic Italian Coast Town/Prefabs/Props/SM_chair_02.prefab	d4680eed1dd6e1443af3b044b70751e7	GameObject	3905	scene:BH_XR_MainScene
Assets/Idyllic Italian Coast Town/Prefabs/Props/SM_chair_03.prefab	c3b3c313484823c47819d3b8d247e3d4	GameObject	3906	-
Assets/Idyllic Italian Coast Town/Prefabs/Props/SM_cup_cappucino.prefab	cdb0a1413ce8725439b240260b3f2921	GameObject	3911	-
Assets/Idyllic Italian Coast Town/Prefabs/Props/SM_door_01.prefab	7d6a99a238e69124f94b68ca5fa3b0fc	GameObject	4200	-
Assets/Idyllic Italian Coast Town/Prefabs/Props/SM_fence_01.prefab	7ada9bfba3c9f0f4eb4d6a2f043da621	GameObject	3906	-
Assets/Idyllic Italian Coast Town/Prefabs/Props/SM_fence_02.prefab	dbd6787800fec324cab4b34d7490026d	GameObject	3906	scene:BH_XR_MainScene
Assets/Idyllic Italian Coast Town/Prefabs/Props/SM_fence_03.prefab	625b7fbcc267e7244bb7300c7bf02e7d	GameObject	3905	scene:BH_XR_MainScene
Assets/Idyllic Italian Coast Town/Prefabs/Props/SM_flower_table.prefab	c6ad0de5da922684ba0a157a9e48a7bd	GameObject	4202	-
Assets/Idyllic Italian Coast Town/Prefabs/Props/SM_flowerpot_01.prefab	99bbcda31c80394419c47a40d567fa9a	GameObject	4207	-
Assets/Idyllic Italian Coast Town/Prefabs/Props/SM_flowerpot_02.prefab	dd443e006bf317a4d8acc590e4d13d4b	GameObject	3963	-
Assets/Idyllic Italian Coast Town/Prefabs/Props/SM_flowerpot_03.prefab	6a491efc79dbc9148accdb4da0cd8e03	GameObject	3963	-
Assets/Idyllic Italian Coast Town/Prefabs/Props/SM_flowerpot_04.prefab	b6be46a053600304b83a1578d7442b9a	GameObject	4450	-
Assets/Idyllic Italian Coast Town/Prefabs/Props/SM_flowerpot_05.prefab	73abb624e698a084e928eff1aeefe789	GameObject	4205	-
Assets/Idyllic Italian Coast Town/Prefabs/Props/SM_flowerpot_06.prefab	62bf7d8428b0fb34089288d82ead929d	GameObject	3963	-
Assets/Idyllic Italian Coast Town/Prefabs/Props/SM_flowerpot_07.prefab	939f8ec248255244dabff067f3b0ed1c	GameObject	4205	-
Assets/Idyllic Italian Coast Town/Prefabs/Props/SM_flowerpot_08.prefab	6bcdbee966caeac419a5de6db9da6f24	GameObject	4206	-
Assets/Idyllic Italian Coast Town/Prefabs/Props/SM_flowerpot_09.prefab	6ebf772707bcf214ba77923a1f87cc1d	GameObject	4206	-
Assets/Idyllic Italian Coast Town/Prefabs/Props/SM_lantern_base.prefab	047458c67f65b3143bed3f975406b1d5	GameObject	3718	-
Assets/Idyllic Italian Coast Town/Prefabs/Props/SM_lantern_street_01.prefab	27f05f356cdcb71439bcb609cf63d98d	GameObject	3915	-
Assets/Idyllic Italian Coast Town/Prefabs/Props/SM_lantern_street_02.prefab	337bbc2c21c363b4ba3ebe36d62c87f5	GameObject	3908	-
Assets/Idyllic Italian Coast Town/Prefabs/Props/SM_lantern_wall_01.prefab	5d8297904fd06d74ab7144dca0025634	GameObject	3910	-
Assets/Idyllic Italian Coast Town/Prefabs/Props/SM_lantern_wall_02.prefab	50bcb1d8703b4644c937b66a47bd93d1	GameObject	3911	-
Assets/Idyllic Italian Coast Town/Prefabs/Props/SM_lantern_wall_03.prefab	ae6eff1a22e53d14fa2eeb4ed265fe04	GameObject	3913	-
Assets/Idyllic Italian Coast Town/Prefabs/Props/SM_leaves.prefab	abae6c74d2a279245a764485fbfb74fc	GameObject	2885	-
Assets/Idyllic Italian Coast Town/Prefabs/Props/SM_leaves_Small.prefab	62b67745a28122343b0fac6e7e47d557	GameObject	2891	-
Assets/Idyllic Italian Coast Town/Prefabs/Props/SM_leaves_wall_02.prefab	70cdb97b8edd6d94180ab7c872126439	GameObject	2702	-
Assets/Idyllic Italian Coast Town/Prefabs/Props/SM_leaves_wall_03.prefab	57998ad71882c7e49b0e03da1ab4b4aa	GameObject	2702	-
Assets/Idyllic Italian Coast Town/Prefabs/Props/SM_leaves_wall_04.prefab	e4f6252a30539924387c9eaacf6c8dcc	GameObject	2702	-
Assets/Idyllic Italian Coast Town/Prefabs/Props/SM_lemon_fruit.prefab	817b030ba7b846d4ebb87b386e5df639	GameObject	3906	-
Assets/Idyllic Italian Coast Town/Prefabs/Props/SM_menu_restaurant_01.prefab	b0f0e989e96b0204c88ae78435c34360	GameObject	3913	-
Assets/Idyllic Italian Coast Town/Prefabs/Props/SM_menu_restaurant_02.prefab	1a8346650d2d50640a9618182be94179	GameObject	3916	-
Assets/Idyllic Italian Coast Town/Prefabs/Props/SM_orange_fruit.prefab	7f071846e60b9464e8170d9229740c21	GameObject	3910	-
Assets/Idyllic Italian Coast Town/Prefabs/Props/SM_parasol (1).prefab	a51eac5e095c4b44cbca25830db9fcfc	GameObject	3962	-
Assets/Idyllic Italian Coast Town/Prefabs/Props/SM_parasol.prefab	076961168dcde184ca9431a4c51d5311	GameObject	3958	-
Assets/Idyllic Italian Coast Town/Prefabs/Props/SM_pipe_attachment.prefab	5e3da29f010f26d43a610ebe7ad4243a	GameObject	3722	-
Assets/Idyllic Italian Coast Town/Prefabs/Props/SM_pot_01.prefab	0b616f4c220a67a4c9f8faeb0ad1322b	GameObject	3904	-
Assets/Idyllic Italian Coast Town/Prefabs/Props/SM_pot_02.prefab	5df2a20fbe019814086c903e389afd87	GameObject	3902	-
Assets/Idyllic Italian Coast Town/Prefabs/Props/SM_pot_03.prefab	7cfd66f4dbf112b4da474316ecd5d2e7	GameObject	3904	-
Assets/Idyllic Italian Coast Town/Prefabs/Props/SM_pot_04.prefab	0acc93f98833ec848a4c4ca4217d0405	GameObject	3903	-
Assets/Idyllic Italian Coast Town/Prefabs/Props/SM_pot_05.prefab	28a8423679b49f244bfbd9dfd0c363ff	GameObject	3903	-
Assets/Idyllic Italian Coast Town/Prefabs/Props/SM_pot_06.prefab	f90b18a467aedfb438eb59545c44f381	GameObject	3904	-
Assets/Idyllic Italian Coast Town/Prefabs/Props/SM_pylon.prefab	5ee086c01e733a74fa454c8d23a625f2	GameObject	3902	-
Assets/Idyllic Italian Coast Town/Prefabs/Props/SM_rescuering.prefab	70edbec7721f52b48b367751f81b7306	GameObject	3908	-
Assets/Idyllic Italian Coast Town/Prefabs/Props/SM_saucer_cup.prefab	a2fffffe4529baf44a153917f8c374b2	GameObject	3908	-
Assets/Idyllic Italian Coast Town/Prefabs/Props/SM_shopsign_large_01.prefab	82da2d463fed2a74991bfc19403b49f7	GameObject	3914	-
Assets/Idyllic Italian Coast Town/Prefabs/Props/SM_shopsign_large_02.prefab	cb5ef575be0d3d640bc69cdd4d8891c2	GameObject	3912	-
Assets/Idyllic Italian Coast Town/Prefabs/Props/SM_shopsign_large_03.prefab	d40c2f5c85dd7dd4185912317064ede0	GameObject	3914	-
Assets/Idyllic Italian Coast Town/Prefabs/Props/SM_shopsign_small_01.prefab	73d82959ddcd2d344902c69e89387945	GameObject	3914	-
Assets/Idyllic Italian Coast Town/Prefabs/Props/SM_shopsign_small_02.prefab	82a08eb1a82b82c4694547bb0797dcdc	GameObject	3913	-
Assets/Idyllic Italian Coast Town/Prefabs/Props/SM_shopsign_small_03.prefab	8caa7384caccb7547bddf402d11e4641	GameObject	3909	-
Assets/Idyllic Italian Coast Town/Prefabs/Props/SM_shopsign_small_04.prefab	698e1565076c0164a83ab5824d4d8ff1	GameObject	3915	-
Assets/Idyllic Italian Coast Town/Prefabs/Props/SM_shopsign_small_05.prefab	79b555dc74aed9441ab72b0af71400d7	GameObject	3914	-
Assets/Idyllic Italian Coast Town/Prefabs/Props/SM_shopsign_small_06.prefab	48bb54dec95a2774cb17c7bae5d9cb76	GameObject	4158	-
Assets/Idyllic Italian Coast Town/Prefabs/Props/SM_sign_lemonstand.prefab	0ac1d689c064e7848819dfaa75189fdc	GameObject	3910	-
Assets/Idyllic Italian Coast Town/Prefabs/Props/SM_sign_lemonstand_02.prefab	5b2a9a30c4f863e41a36009edeab4774	GameObject	3915	-
Assets/Idyllic Italian Coast Town/Prefabs/Props/SM_table_cafe_cloth_round (1).prefab	4932a124387df1a4db2cfa132b385cc5	GameObject	4168	-
Assets/Idyllic Italian Coast Town/Prefabs/Props/SM_table_cafe_cloth_round (2).prefab	2c41033d87437e44d8a2bbbdb9eb393d	GameObject	4168	-
Assets/Idyllic Italian Coast Town/Prefabs/Props/SM_table_cafe_cloth_round.prefab	54d72b75ab273da489e8234b53a43715	GameObject	4164	-
Assets/Idyllic Italian Coast Town/Prefabs/Props/SM_table_cafe_cloth_round_04.prefab	0372df81e31f7754dade7776b8db2e60	GameObject	3976	-
Assets/Idyllic Italian Coast Town/Prefabs/Props/SM_table_cafe_cloth_square (1).prefab	ab2c0cb8958316743b020a4bbbd3ffb8	GameObject	4166	-
Assets/Idyllic Italian Coast Town/Prefabs/Props/SM_table_cafe_cloth_square (2).prefab	17a0ea5b72b1aef4089c5e547b8392ab	GameObject	4168	-
Assets/Idyllic Italian Coast Town/Prefabs/Props/SM_table_cafe_cloth_square.prefab	16eb851df374c4848963e4fbea7d54e5	GameObject	4156	-
Assets/Idyllic Italian Coast Town/Prefabs/Props/SM_table_cafe_cloth_square_04.prefab	18c8eb5f7b7eceb4f955fdd0193dee2b	GameObject	3972	-
Assets/Idyllic Italian Coast Town/Prefabs/Props/SM_table_cafe_round.prefab	7750a3b37bf3b784a9a5e4deb2727b69	GameObject	3914	-
Assets/Idyllic Italian Coast Town/Prefabs/Props/SM_table_cafe_square.prefab	0fd90f03d77b9ed4589ad70b0fd43b05	GameObject	3914	scene:BH_XR_MainScene
Assets/Idyllic Italian Coast Town/Prefabs/Props/SM_table_seat_set.prefab	2da0596b2428917429559be9011034ee	GameObject	3912	-
Assets/Idyllic Italian Coast Town/Prefabs/Props/SM_trafficsign_01.prefab	5c406c637a27b374780361322aa05e2a	GameObject	3721	-
Assets/Idyllic Italian Coast Town/Prefabs/Props/SM_trafficsign_02.prefab	51d58abe7f6baa549b0868ab08f846c1	GameObject	3718	-
Assets/Idyllic Italian Coast Town/Prefabs/Props/SM_trafficsign_03.prefab	fc790bb2f2486bb40acc5d88d650dff3	GameObject	3721	-
Assets/Idyllic Italian Coast Town/Prefabs/Props/SM_trafficsign_04.prefab	6dd6d72bd1220c849879aa9b0d9f05e0	GameObject	3720	-
Assets/Idyllic Italian Coast Town/Prefabs/Props/SM_trafficsign_05.prefab	eeeea4758af939849a6525ba529b53a8	GameObject	3720	-
Assets/Idyllic Italian Coast Town/Prefabs/Props/SM_trafficsign_06.prefab	087f9635207d199438d6cc4edd1d96c3	GameObject	3720	-
Assets/Idyllic Italian Coast Town/Prefabs/Props/SM_tree_01.prefab	70c8b148d5129664090967dfa2279306	GameObject	3958	-
Assets/Idyllic Italian Coast Town/Prefabs/Props/SM_tree_cypress.prefab	f62f225ef52cf86429f2dc6f5a926b98	GameObject	4497	-
Assets/Idyllic Italian Coast Town/Prefabs/Props/SM_treesquare.prefab	6ab1dd3d99761b441b1c90567e88c5ba	GameObject	3958	-
Assets/Idyllic Italian Coast Town/Prefabs/Props/SM_tulip_flower.prefab	ba35650306d55a142881ad2e70f59db4	BrokenPrefabAsset	2891	-
Assets/Idyllic Italian Coast Town/Prefabs/Props/SM_vase_small.prefab	a67c7dfa68fe5b342b1219ec6b1f3236	GameObject	3907	-
Assets/Idyllic Italian Coast Town/Prefabs/Props/SM_wine_bottle.prefab	cbc64955a38a1d148a1a29f97c48e231	GameObject	3908	-
Assets/Idyllic Italian Coast Town/Prefabs/Props/SM_wine_glass.prefab	4d070ce197b1b084dbd3223ea85b6d84	GameObject	3902	-
Assets/Idyllic Italian Coast Town/Scenes/Demo Italy.unity	0fd98f6645728184ca5442d1e2f0eca8	SceneAsset	3930756	-
Assets/Idyllic Italian Coast Town/Scenes/Showcase.unity	6985bc8a0bf47a44c9526b1d8cf85792	SceneAsset	350353	-
Assets/Idyllic Italian Coast Town/Textures/M_asphalt_BaseColor.png	da71958cd5ee0c74198deffec2f537d9	Texture2D	2222190	-
Assets/Idyllic Italian Coast Town/Textures/M_asphalt_Normal.png	d6840652c3f546a47a52627e20c60257	Texture2D	5917938	-
Assets/Idyllic Italian Coast Town/Textures/M_attachments_metal_BaseMap.png	517be585df5bfa841a011c1dee224d78	Texture2D	4048267	scene:BH_XR_MainScene
Assets/Idyllic Italian Coast Town/Textures/M_attachments_metal_MaskMap.png	c5663c619dfec1547b67f20113066932	Texture2D	4320284	scene:BH_XR_MainScene
Assets/Idyllic Italian Coast Town/Textures/M_attachments_metal_Normal.png	31fde4f3b0425b441a98a6a1b84dfcb1	Texture2D	3451057	scene:BH_XR_MainScene
Assets/Idyllic Italian Coast Town/Textures/M_attachments_stone_BaseMap.png	ecae078095ae8854491244e464221ee0	Texture2D	5109032	scene:BH_XR_MainScene
Assets/Idyllic Italian Coast Town/Textures/M_attachments_stone_MaskMap.png	a7cad43563298ae448fcd3e5c094d994	Texture2D	4193225	scene:BH_XR_MainScene
Assets/Idyllic Italian Coast Town/Textures/M_attachments_stone_Normal.png	83a99c1ea02057342a1ce0d1482a1442	Texture2D	2728269	scene:BH_XR_MainScene
Assets/Idyllic Italian Coast Town/Textures/M_attachments_tech_BaseMap.png	10377e5e20f41784aa5e53c6378175e2	Texture2D	1122035	-
Assets/Idyllic Italian Coast Town/Textures/M_attachments_tech_MaskMap.png	16c9728fa48d7f64bbd660a36d58f1d5	Texture2D	3743990	-
Assets/Idyllic Italian Coast Town/Textures/M_attachments_tech_Normal.png	f5f7157a9981525429d13e053a56bdc2	Texture2D	3046372	-
Assets/Idyllic Italian Coast Town/Textures/M_beverages_BaseMap.png	f55c1daedb81da041bfd805058dd6355	Texture2D	502112	-
Assets/Idyllic Italian Coast Town/Textures/M_beverages_MaskMap.png	cc75810362b2b034fb93ec716f3fb64b	Texture2D	575848	-
Assets/Idyllic Italian Coast Town/Textures/M_beverages_Normal.png	8266d8213563ac54dad0d0feaac98bb0	Texture2D	871214	-
Assets/Idyllic Italian Coast Town/Textures/M_boat_kit_BaseMap.png	efb37fc0753f6c14da5efd349547dfa1	Texture2D	2802620	scene:BH_XR_MainScene
Assets/Idyllic Italian Coast Town/Textures/M_boat_kit_MaskMap.png	8e10656f984d7f14c824ce7243154595	Texture2D	2837213	scene:BH_XR_MainScene
Assets/Idyllic Italian Coast Town/Textures/M_boat_kit_Normal.png	82480d53faa85b54e863e95782be0751	Texture2D	3463901	scene:BH_XR_MainScene
Assets/Idyllic Italian Coast Town/Textures/M_boat_kit_blue_BaseMap.png	62969af0945d8894cb9c2d3da68c6b23	Texture2D	3136193	-
Assets/Idyllic Italian Coast Town/Textures/M_bricks_BaseMap.png	6838f8b911619a7469710135a7e2991e	Texture2D	1016074	scene:BH_XR_MainScene
Assets/Idyllic Italian Coast Town/Textures/M_bricks_MaskMap.png	3d741b1d16a6501469167c395e70648b	Texture2D	670982	scene:BH_XR_MainScene
Assets/Idyllic Italian Coast Town/Textures/M_bricks_Normal.png	02c378f513046c64da9bc98aa8d499c7	Texture2D	759715	scene:BH_XR_MainScene
Assets/Idyllic Italian Coast Town/Textures/M_bricks_red_BaseMap.png	be3126c3f3a372f478b1318ac6961d6f	Texture2D	1077282	scene:BH_XR_MainScene
Assets/Idyllic Italian Coast Town/Textures/M_brickwall_BaseColor.png	d865b215a39f1114395d1ea7a1ef431a	Texture2D	1147147	-
Assets/Idyllic Italian Coast Town/Textures/M_brickwall_Normal.png	5eb9228ce4a3e9a4395fd1b39c125133	Texture2D	1237072	-
Assets/Idyllic Italian Coast Town/Textures/M_brickwall_plaster_BaseMap.png	2426861babfe6fa4eae871bf54414abe	Texture2D	1113106	-
Assets/Idyllic Italian Coast Town/Textures/M_brickwall_plaster_Normal.png	88ccf514b607e2143abf49e9ae52042e	Texture2D	1944823	-
Assets/Idyllic Italian Coast Town/Textures/M_canopies02_BaseMap.png	782b288101b3b574faebd6f38fb1d0b7	Texture2D	3037945	-
Assets/Idyllic Italian Coast Town/Textures/M_canopies02_MaskMap.png	c56718449d934d341b6c2c9b9fee7635	Texture2D	1274263	-
Assets/Idyllic Italian Coast Town/Textures/M_canopies02_Normal.png	1f25d87e45e163d468f7703e53916c7f	Texture2D	4190537	-
Assets/Idyllic Italian Coast Town/Textures/M_canopies_BaseMap.png	9071d647937c6c24ba857e68ca4e388e	Texture2D	3439982	-
Assets/Idyllic Italian Coast Town/Textures/M_canopies_MaskMap.png	644d7637689b1824d8f10b0cb27459b6	Texture2D	1254877	-
Assets/Idyllic Italian Coast Town/Textures/M_canopies_Normal.png	b1d89007a83ce5740a657ffdbccb0cfb	Texture2D	4154722	-
Assets/Idyllic Italian Coast Town/Textures/M_chairs_BaseMap.png	5fc4310cf999a354da02cfe7d5a08cd4	Texture2D	1922253	scene:BH_XR_MainScene
Assets/Idyllic Italian Coast Town/Textures/M_chairs_MaskMap.png	d9d65c892e6f6e54b883150c6f809d9b	Texture2D	3376544	scene:BH_XR_MainScene
Assets/Idyllic Italian Coast Town/Textures/M_chairs_Normal.png	e6987b70e176a814fbc2c128a94ab19e	Texture2D	3579351	scene:BH_XR_MainScene
Assets/Idyllic Italian Coast Town/Textures/M_cliff_rocks_BaseMap.png	a9ffa1785d1aff74d9c8d3f76954d49a	Texture2D	1799824	-
Assets/Idyllic Italian Coast Town/Textures/M_cliff_rocks_normal.png	e437d60d179e5974392e48576041b11f	Texture2D	5678951	-
Assets/Idyllic Italian Coast Town/Textures/M_clothtable_BaseMap.png	60dede36d3364b140803bef2ec1b2c2e	Texture2D	339038	-
Assets/Idyllic Italian Coast Town/Textures/M_clothtable_Normal.png	d55e2bd6dac6e864c9b2c53b19ecbb73	Texture2D	1421979	-
Assets/Idyllic Italian Coast Town/Textures/M_clothtable_crosspattern_BaseMap.png	9dbeb9b4882234845a0e714385a83f9b	Texture2D	559435	-
Assets/Idyllic Italian Coast Town/Textures/M_doors_italian_BaseMap.png	bb5b5abded48ff04889387c6efc6176b	Texture2D	3045753	scene:BH_XR_MainScene
Assets/Idyllic Italian Coast Town/Textures/M_doors_italian_MaskMap.png	1fb2cca6cf7008748970b6a2cafe84b0	Texture2D	2829425	scene:BH_XR_MainScene
Assets/Idyllic Italian Coast Town/Textures/M_doors_italian_Normal.png	ca540ce6636a5474eb5d2194d6944fde	Texture2D	2991492	scene:BH_XR_MainScene
Assets/Idyllic Italian Coast Town/Textures/M_floortiles_ceramic_BaseColor.png	b7c14f48463ae7f4e9efb68337fce6f0	Texture2D	6234209	scene:BH_XR_MainScene
Assets/Idyllic Italian Coast Town/Textures/M_floortiles_ceramic_Normal.png	3873ad96f36ae694e98b6fd54fece600	Texture2D	3607833	scene:BH_XR_MainScene
Assets/Idyllic Italian Coast Town/Textures/M_floortiles_terracotta_BaseColro.png	59ef3d6096d2be64cb5b24e25e569c78	Texture2D	5997787	-
Assets/Idyllic Italian Coast Town/Textures/M_floortiles_terracotta_Normal.png	3b771c7e15fdbb349b0c68c5123d173c	Texture2D	3629557	-
Assets/Idyllic Italian Coast Town/Textures/M_flowerpots_BaseMap.png	456a31e9b51985444a929af6f3db37ce	Texture2D	3171259	-
Assets/Idyllic Italian Coast Town/Textures/M_flowerpots_MaskMap.png	07054cc07099f3241add5685d34313fa	Texture2D	2698253	-
Assets/Idyllic Italian Coast Town/Textures/M_flowerpots_Normal.png	4b71e6a7c6c81724e8bdbb67c62c4f29	Texture2D	4655958	-
Assets/Idyllic Italian Coast Town/Textures/M_flowers_base_BaseColor.png	6c501bf609cd1df45bc0fe390bfd15eb	Texture2D	260179	scene:BH_XR_MainScene
Assets/Idyllic Italian Coast Town/Textures/M_grasstexture_stylized.png	a990e738ade464145a81bb9d341bd7c2	Texture2D	355694	-
Assets/Idyllic Italian Coast Town/Textures/M_gravel_02_BaseMap.png	8524a7d83248397439c14d7a15b9b960	Texture2D	2413437	-
Assets/Idyllic Italian Coast Town/Textures/M_gravel_Normal.png	832b721df667bb5478d0dc2d88721d15	Texture2D	5946714	-
Assets/Idyllic Italian Coast Town/Textures/M_groundtiles_01_BaseColor.png	c030802f98f682b4b8406fd05ff6ecda	Texture2D	1188618	-
Assets/Idyllic Italian Coast Town/Textures/M_groundtiles_01_Normal.png	bc624bb8ada64b54dbc3597886d103fd	Texture2D	1140086	-
Assets/Idyllic Italian Coast Town/Textures/M_groundtiles_01_height.png	91c22638bd9f8a0478e4267574cf51c5	Texture2D	142327	-
Assets/Idyllic Italian Coast Town/Textures/M_groundtiles_02_BaseColor.png	03217d43c7ce6fc44aeca046e520a7e1	Texture2D	593882	-
Assets/Idyllic Italian Coast Town/Textures/M_groundtiles_02_Normal.png	e5be3f3fc200b7544b30739cccb71c32	Texture2D	598972	-
Assets/Idyllic Italian Coast Town/Textures/M_lanterns_BaseMap.png	50e9c6f304ad2e74289e028774d28402	Texture2D	870287	-
Assets/Idyllic Italian Coast Town/Textures/M_lanterns_Emissive.png	582445128f8079145ba3b3c5d6fef47c	Texture2D	11806	-
Assets/Idyllic Italian Coast Town/Textures/M_lanterns_MaskMap.png	90dacc96b954fd94c886a33a52f323d2	Texture2D	1280502	-
Assets/Idyllic Italian Coast Town/Textures/M_lanterns_Normal.png	ab4d84a6f6ad12048af712e23c5da33a	Texture2D	1036983	-
Assets/Idyllic Italian Coast Town/Textures/M_leaf.png	58019d7db2320a34680dd15aa4ab4db2	Texture2D	36506	-
Assets/Idyllic Italian Coast Town/Textures/M_leaf_01.png	57740c859b8b7be46ba6391119250982	Texture2D	87666	-
Assets/Idyllic Italian Coast Town/Textures/M_leaf_pinetree.png	1e0fb29caf3af974584da9e7d4c0b0b3	Texture2D	80415	-
Assets/Idyllic Italian Coast Town/Textures/M_leaves_01.png	26a0ed35a9998ec48a59f7d2476f0925	Texture2D	100078	-
Assets/Idyllic Italian Coast Town/Textures/M_lemonstand_BaseMap.png	075bd3a3c0f0e7242a259cc5addd1ef3	Texture2D	3413219	-
Assets/Idyllic Italian Coast Town/Textures/M_lemonstand_MaskMap.png	22cd456906252fc49b914ccd7dc2d85f	Texture2D	3240016	-
Assets/Idyllic Italian Coast Town/Textures/M_lemonstand_Normal.png	87b3a292f378cd543a5f2016d63c8e4d	Texture2D	2855504	-
Assets/Idyllic Italian Coast Town/Textures/M_pillartop_BaseMap.png	56027738cd19eab43a9d14c46b429323	Texture2D	1037259	scene:BH_XR_MainScene
Assets/Idyllic Italian Coast Town/Textures/M_pillartop_MaskMap.png	f8dfd3a4b9268cc4280d34ed704d02ae	Texture2D	618559	scene:BH_XR_MainScene
Assets/Idyllic Italian Coast Town/Textures/M_pillartop_Normal.png	7a7037d45c2afa341836af921b91e50b	Texture2D	768885	scene:BH_XR_MainScene
Assets/Idyllic Italian Coast Town/Textures/M_pipes_BaseMap.png	187deb3a18af2de4a95d227e123cc9a4	Texture2D	610508	scene:BH_XR_MainScene
Assets/Idyllic Italian Coast Town/Textures/M_pipes_MaskMap.png	b8380e9b96b190842993cc332020908d	Texture2D	544836	scene:BH_XR_MainScene
Assets/Idyllic Italian Coast Town/Textures/M_pipes_Normal.png	145862054d139c449999b736142a1253	Texture2D	751414	scene:BH_XR_MainScene
Assets/Idyllic Italian Coast Town/Textures/M_rooftiles_roman_tiling_BaseColor.png	e14b884e0b8f0ed4fbb5f8126386f84b	Texture2D	1413663	scene:BH_XR_MainScene
Assets/Idyllic Italian Coast Town/Textures/M_rooftiles_roman_tiling_Normal.png	d7258fe6a22be5642acfe83dca677146	Texture2D	798202	scene:BH_XR_MainScene
Assets/Idyllic Italian Coast Town/Textures/M_shopsigns_large_BaseMap.png	ad4b4fbc04c5bdc4595864917cdc26ac	Texture2D	2327825	-
Assets/Idyllic Italian Coast Town/Textures/M_shopsigns_large_MaskMap.png	0232f2cb558389248a7a0f2fdd6b1a6a	Texture2D	2721954	-
Assets/Idyllic Italian Coast Town/Textures/M_shopsigns_large_Normal.png	12478e84e29b3fd4a9ddb1a7275d2102	Texture2D	2716700	-
Assets/Idyllic Italian Coast Town/Textures/M_shopsigns_small_BaseMap.png	d4cffd2c11d6faf4d91e451066a83086	Texture2D	2814016	-
Assets/Idyllic Italian Coast Town/Textures/M_shopsigns_small_MaskMap.png	5794a36c5eecbb441bc2c159720b9b3d	Texture2D	2255581	-
Assets/Idyllic Italian Coast Town/Textures/M_shopsigns_small_Normal.png	eaf2fcbe3587ecc4b90c5ef0bc347998	Texture2D	3315639	-
Assets/Idyllic Italian Coast Town/Textures/M_skybox_01.png	2ef96fac30c9b6c4cb7af005ab93ae93	Texture2D	2433239	scene:BH_XR_MainScene
Assets/Idyllic Italian Coast Town/Textures/M_skybox_cloudy.png	f267470655dacfc49962f90c04d97f13	Texture2D	3057621	scene:BH_XR_MainScene
Assets/Idyllic Italian Coast Town/Textures/M_skybox_cloudy_02.png	d30ec9384351425438d68ea176135f9a	Texture2D	2842275	-
Assets/Idyllic Italian Coast Town/Textures/M_stonewall_BaseColor.png	82624d68e58d70543bf516a4b11ba1c9	Texture2D	1050854	-
Assets/Idyllic Italian Coast Town/Textures/M_stonewall_Normal.png	d7718c8144c515243a9cf2bd52a7b999	Texture2D	895547	-
Assets/Idyllic Italian Coast Town/Textures/M_stonewall_height.png	cae075d94818c8a4e960340e086459c7	Texture2D	193739	-
Assets/Idyllic Italian Coast Town/Textures/M_trafficsigns_BaseMap.png	d9ce735299a285e49ba05cbb40ea82f9	Texture2D	815328	-
Assets/Idyllic Italian Coast Town/Textures/M_trafficsigns_MaskMap.png	b9f4813c27820c54aa12c3e547613de9	Texture2D	3129053	-
Assets/Idyllic Italian Coast Town/Textures/M_trafficsigns_Normal.png	5d3f5c4c1919e6f4c9c7eaf6399b47a2	Texture2D	2960732	-
Assets/Idyllic Italian Coast Town/Textures/M_treebark_BaseMap.png	affe22395dce0df43b33391af0aae40b	Texture2D	5820606	-
Assets/Idyllic Italian Coast Town/Textures/M_treebark_Normal.png	c503034907e1ef54683d29e0a9eff491	Texture2D	4816249	-
Assets/Idyllic Italian Coast Town/Textures/M_wall_painted_BaseMap.png	b1d651a67a63c614681f03496376f14d	Texture2D	705664	-
Assets/Idyllic Italian Coast Town/Textures/M_wall_plaster_BaseColor.png	49be035e37b2d1f40a8d0f22dd48426e	Texture2D	684618	scene:BH_XR_MainScene
Assets/Idyllic Italian Coast Town/Textures/M_wall_plaster_Normal.png	dc561672b9f33534a82a9340493e83ed	Texture2D	1855863	scene:BH_XR_MainScene
Assets/Idyllic Italian Coast Town/Textures/M_wall_plaster_height.png	1302ac87beb308b4f8bad68f6ce63f05	Texture2D	184116	scene:BH_XR_MainScene
Assets/Idyllic Italian Coast Town/Textures/M_wallbricks_red_01.png	7359f1f295ef4374c8ad428e327c3b9c	Texture2D	1610855	-
Assets/Idyllic Italian Coast Town/Textures/M_wallbricks_red_01_BaseMap.png	f7365d2d339a47347ba55816ee81e59d	Texture2D	683140	-
Assets/Idyllic Italian Coast Town/Textures/M_wallbricks_yellow_01.png	906cf7ac769bd2548ae053de24901791	Texture2D	1621666	-
Assets/Idyllic Italian Coast Town/Textures/M_wallbricks_yellow_01_BaseMap.png	d84f56b1c70dda249a37cf06acad8ab9	Texture2D	822095	-
Assets/Idyllic Italian Coast Town/Textures/M_water_Normal.png	84a0d4a22b831e0438e1ddac5dba76f1	Texture2D	349068	-
Assets/Idyllic Italian Coast Town/Textures/M_windows_italian_BaseMap.png	a5321679aefe059479148c37fcb2d277	Texture2D	3686448	scene:BH_XR_MainScene
Assets/Idyllic Italian Coast Town/Textures/M_windows_italian_Emissive.png	2bccd413dcceca744af1e16b1f51edd6	Texture2D	13762	scene:BH_XR_MainScene
Assets/Idyllic Italian Coast Town/Textures/M_windows_italian_MaskMap.png	34a737902bfc1044abf481c52f7c545f	Texture2D	4491482	scene:BH_XR_MainScene
Assets/Idyllic Italian Coast Town/Textures/M_windows_italian_Normal.png	038d30311552c0546a2c93d33c2cb94c	Texture2D	2948570	scene:BH_XR_MainScene
Assets/Idyllic Italian Coast Town/Textures/bricks_wall_02_height_1k.png	1d86175d13d48d942a11d914fb4887c9	Texture2D	334882	-
Assets/Idyllic Italian Coast Town/Textures/leaf_hanging2.png	43b6c33d6755ab249932e94e7e4b5bef	Texture2D	17901	-
Assets/IgniteCoders/Simple Water Shader/Demo.unity	d1c3109bdb54ad54c8a2b2838528e640	SceneAsset	34419	-
Assets/IgniteCoders/Simple Water Shader/Info/Readme.asset	83c2ed844a8c74b779a4c823d16594b1	Readme	1098	-
Assets/IgniteCoders/Simple Water Shader/Info/Scripts/Editor/ReadmeEditor.cs	476cc7d7cd9874016adc216baab94a0a	MonoScript	4075	-
Assets/IgniteCoders/Simple Water Shader/Info/Scripts/Readme.cs	fcf7219bab7fe46a1ad266029b2fee19	MonoScript	272	-
Assets/IgniteCoders/Simple Water Shader/Prefabs/WaterBlock_50m.prefab	7097ba7ba649e1f41bba232312bdcbd8	GameObject	2371	-
Assets/IgniteCoders/Simple Water Shader/Prefabs/WaterReflectionCamera.prefab	838c0bef810bfe94d8e33947c3cba7c6	GameObject	3463	-
Assets/IgniteCoders/Simple Water Shader/Resources/WaterBlock_50m.mesh	3da23cdf512599b42881988944f3918c	Mesh	235447	resources
Assets/IgniteCoders/Simple Water Shader/Resources/WaterReflection.cs	dfbe97460f8acd1488a82178305cdf59	MonoScript	3228	resources
Assets/IgniteCoders/Simple Water Shader/Resources/WaterReflection.renderTexture	4ae8ae7350b67b44785d874c413a2e03	RenderTexture	862	resources,scene:BH_XR_MainScene
Assets/IgniteCoders/Simple Water Shader/Resources/WaterShader.shadergraph	dd97de70edf8a4141bee758a2efe7ff8	Shader	182525	resources,scene:BH_XR_MainScene
Assets/IgniteCoders/Simple Water Shader/Resources/WaterSurface_atlas.tif	2ed3d41b7c655bf4daa77f71b994f6ed	Texture2D	2002736	resources,scene:BH_XR_MainScene
Assets/IgniteCoders/Simple Water Shader/Resources/WaterSurface_single.tif	11154d936b05e66498f68fa178c5cfbb	Texture2D	655032	resources,scene:BH_XR_MainScene
Assets/IgniteCoders/Simple Water Shader/Resources/Water_mat_01.mat	141d9d6ca43b6c843965491604c6deff	Material	3064	resources,scene:BH_XR_MainScene
Assets/IgniteCoders/Simple Water Shader/Resources/Water_mat_02.mat	8759ec410a6774b4ea13ae32dc2b8d2e	Material	3068	resources
Assets/IgniteCoders/Simple Water Shader/Resources/Water_mat_03.mat	19ac4fcfcf42b4344a6c7d97a5cd61fc	Material	3070	resources
Assets/LowPolyLivingRoomPack/Materials/M_LowPolyLivingRoom.mat	821316d92fc12fe4d9d7387a78f37f89	Material	11310	scene:BH_XR_MainScene
Assets/LowPolyLivingRoomPack/Meshes/Armchair_Classic.fbx	f6e5d7320d627e5419f41588b7aff9e0	GameObject	21868	-
Assets/LowPolyLivingRoomPack/Meshes/Armchair_Classic_2.fbx	4a6ac4d1e9336444695fec586082c996	GameObject	23180	-
Assets/LowPolyLivingRoomPack/Meshes/Book_1.fbx	3e280814c6b846a45a8c93f1480d2d2c	GameObject	19180	-
Assets/LowPolyLivingRoomPack/Meshes/Book_10.fbx	ff06cec9a77045f44af9e552fb364b06	GameObject	19116	-
Assets/LowPolyLivingRoomPack/Meshes/Book_2.fbx	203a55dd89542394a9008df7f6a0b422	GameObject	19180	-
Assets/LowPolyLivingRoomPack/Meshes/Book_3.fbx	5d838f5ec18fc7a4a9f6f40e3b9cee8d	GameObject	19180	-
Assets/LowPolyLivingRoomPack/Meshes/Book_4.fbx	d0136bf2f48900c488a15fdf1558dea4	GameObject	19132	-
Assets/LowPolyLivingRoomPack/Meshes/Book_5.fbx	c7d202d8d2233804ab8823e721ba4ecd	GameObject	19132	-
Assets/LowPolyLivingRoomPack/Meshes/Book_6.fbx	268700a6ce5d0d44e9416e644e6743a7	GameObject	19132	-
Assets/LowPolyLivingRoomPack/Meshes/Book_7.fbx	80811401a9e620d4484ad6d4cebb1b28	GameObject	19132	-
Assets/LowPolyLivingRoomPack/Meshes/Book_8.fbx	a351f9f7585f0094a98df1cbc3e3fa50	GameObject	19180	-
Assets/LowPolyLivingRoomPack/Meshes/Book_9.fbx	696e7d5a452605b46a88b24fc1838d2b	GameObject	19180	-
Assets/LowPolyLivingRoomPack/Meshes/Bookshelf_Tall.fbx	853911a992d01ff4da6bbcc425f7992d	GameObject	20796	-
Assets/LowPolyLivingRoomPack/Meshes/Box_1.fbx	7faedefbe34ee0f47ba2d96fefca08ec	GameObject	18876	-
Assets/LowPolyLivingRoomPack/Meshes/Box_2.fbx	ef754e1bfb1985545aed345adb70f0cd	GameObject	18892	-
Assets/LowPolyLivingRoomPack/Meshes/Box_Open.fbx	d6f389ee627acf944a4c6131b24a34c4	GameObject	18956	-
Assets/LowPolyLivingRoomPack/Meshes/Carpet_1.fbx	6b14791c8deca3d4b8916f1210a0603f	GameObject	19228	-
Assets/LowPolyLivingRoomPack/Meshes/Carpet_2.fbx	e7036c0012e44f84db2274de96418ee7	GameObject	19228	-
Assets/LowPolyLivingRoomPack/Meshes/Clock_WallRound.fbx	de82cec23d276ff45a9eb4c04308307a	GameObject	22636	-
Assets/LowPolyLivingRoomPack/Meshes/Coffee_table_1.fbx	ca3fcf1ef985d0c4998ae8db1b647ee8	GameObject	19756	-
Assets/LowPolyLivingRoomPack/Meshes/Coffee_table_2.fbx	9214a431c8ffe51419f9e49178f6d2c6	GameObject	19708	-
Assets/LowPolyLivingRoomPack/Meshes/Coffee_table_3.fbx	74927cf424b233742a27433e3fec7301	GameObject	19804	-
Assets/LowPolyLivingRoomPack/Meshes/Coffee_table_4.fbx	1955ca19a5b1bea4a9412239616fefb2	GameObject	18716	-
Assets/LowPolyLivingRoomPack/Meshes/Coffee_table_5.fbx	76a2322fbaeb9db43b7e0810a0c42303	GameObject	19260	-
Assets/LowPolyLivingRoomPack/Meshes/Console_Modern.fbx	4a7127c90caa0124bba17864cb861b4c	GameObject	19500	-
Assets/LowPolyLivingRoomPack/Meshes/DVD_Player.fbx	af3fd14ea3faaac42b9c56da1e4bd069	GameObject	18844	-
Assets/LowPolyLivingRoomPack/Meshes/DeskClock_1.fbx	d789efcf54afc3d438bedf70a6ce9624	GameObject	19468	-
Assets/LowPolyLivingRoomPack/Meshes/DeskClock_2.fbx	072b2bcef31562b41a6cb87fa5cf1c44	GameObject	28364	-
Assets/LowPolyLivingRoomPack/Meshes/Gamepad_Classic.fbx	46a48407b230d1042a2208438239e8fb	GameObject	23820	-
Assets/LowPolyLivingRoomPack/Meshes/Hanger.fbx	a83b5f92476d02b46b63ed2009739940	GameObject	26444	-
Assets/LowPolyLivingRoomPack/Meshes/Lamp_Tall.fbx	628621d8287019d4f9249c353a283491	GameObject	22076	scene:BH_XR_MainScene
Assets/LowPolyLivingRoomPack/Meshes/Mirror.fbx	b19c7a87d8ee277439ba836da80aa9cd	GameObject	20620	-
Assets/LowPolyLivingRoomPack/Meshes/Mug.fbx	b19dbae61c3118548b558605f4c2752e	GameObject	20396	-
Assets/LowPolyLivingRoomPack/Meshes/Newspaper.fbx	b7910e45d8ad6464c87753abbaae3891	GameObject	20252	-
Assets/LowPolyLivingRoomPack/Meshes/Night_light_1.fbx	a38f0bf75643e894e9bbdeafd8abce70	GameObject	23932	-
Assets/LowPolyLivingRoomPack/Meshes/Night_light_2.fbx	dec23c0bd588d0849aeaf0d8e75d81cc	GameObject	19292	-
Assets/LowPolyLivingRoomPack/Meshes/Night_light_3.fbx	10896c793e7002f45b8648a780573494	GameObject	23804	-
Assets/LowPolyLivingRoomPack/Meshes/Night_stand_1.fbx	50afe87b0821db042bb372405463d1b5	GameObject	20332	-
Assets/LowPolyLivingRoomPack/Meshes/Night_stand_2.fbx	db4fc116a39e8ff4c91da67966e60313	GameObject	20476	-
Assets/LowPolyLivingRoomPack/Meshes/Night_stand_3.fbx	5a495b0658d9a8e458bcd6cd79faa429	GameObject	20220	-
Assets/LowPolyLivingRoomPack/Meshes/Night_stand_4.fbx	2a8b1e7711315754b869a035896b8fdf	GameObject	21148	-
Assets/LowPolyLivingRoomPack/Meshes/Nightstand_1.fbx	3d53960fcae4e644880c9101357274a4	GameObject	21100	-
Assets/LowPolyLivingRoomPack/Meshes/Nightstand_2.fbx	f5a571233d76ad9478c58f4a76ffddbc	GameObject	21724	-
Assets/LowPolyLivingRoomPack/Meshes/Painting_Modern_1.fbx	765e6e88939615145a80d4b07cf7623d	GameObject	18988	-
Assets/LowPolyLivingRoomPack/Meshes/Painting_Modern_2.fbx	14a1151a0fd64264aa5a71e6cfd94740	GameObject	18828	-
Assets/LowPolyLivingRoomPack/Meshes/Painting_Modern_3.fbx	9cfa5cc5de1cece48b78574fd5b30dd6	GameObject	18956	-
Assets/LowPolyLivingRoomPack/Meshes/Pillow_Square_1.fbx	283e5935ed421694cad3e3672a39ab67	GameObject	19356	-
Assets/LowPolyLivingRoomPack/Meshes/Pillow_Square_2.fbx	3e121f73211a66045870eb0d59fa05e0	GameObject	19468	-
Assets/LowPolyLivingRoomPack/Meshes/PottedPlant_Small_1.fbx	2b312bc56e8a6ab489096fc94a16ef55	GameObject	29772	-
Assets/LowPolyLivingRoomPack/Meshes/PottedPlant_Small_2.fbx	8ca83589a269ad94c863611d86b9b27d	GameObject	30140	-
Assets/LowPolyLivingRoomPack/Meshes/PottedPlant_Small_3.fbx	6753b60aabcf6d04aad7bf372099ae28	GameObject	28940	-
Assets/LowPolyLivingRoomPack/Meshes/PottedPlant_Tall_1.fbx	0dd9ea0afd5576a4d900b04501b37c46	GameObject	36012	-
Assets/LowPolyLivingRoomPack/Meshes/PottedPlant_Tall_2.fbx	343638e4dbe4b024aa9a2f97c1a5601f	GameObject	30812	-
Assets/LowPolyLivingRoomPack/Meshes/PottedPlant_Tall_3.fbx	fc3b0f03d1dacf74ab6d71f223ad2775	GameObject	31468	-
Assets/LowPolyLivingRoomPack/Meshes/Side_table_1.fbx	d9be26e86b6f5f34281f8d3bb1b8a433	GameObject	19900	-
Assets/LowPolyLivingRoomPack/Meshes/Sofa_2Seat.fbx	bed8b23fc54befe4fb04becb9f45025b	GameObject	22764	-
Assets/LowPolyLivingRoomPack/Meshes/Speaker_Floor.fbx	42570f094467c6f44ab38d3ea187374f	GameObject	22652	scene:BH_XR_MainScene
Assets/LowPolyLivingRoomPack/Meshes/Speaker_Soundbar.fbx	f083908b56b563c489d01bfd48d866aa	GameObject	18556	scene:BH_XR_MainScene
Assets/LowPolyLivingRoomPack/Meshes/Stereo_MainUnit.fbx	207978ac7b68f7c4ba6db51dcb44502e	GameObject	19756	-
Assets/LowPolyLivingRoomPack/Meshes/Stereo_Speaker.fbx	0babc876efffe7b48a53c6f5b77c7d44	GameObject	22204	scene:BH_XR_MainScene
Assets/LowPolyLivingRoomPack/Meshes/Stool_1.fbx	8a0a79322935ad544a913bd042cc645f	GameObject	19180	-
Assets/LowPolyLivingRoomPack/Meshes/Stool_2.fbx	9b8a39f19eec2da4b8afef0b07ef2850	GameObject	19196	-
Assets/LowPolyLivingRoomPack/Meshes/Stool_3.fbx	dc4dfdc0e460a7f49a7cd91658d91b9a	GameObject	19532	-
Assets/LowPolyLivingRoomPack/Meshes/Stool_4.fbx	620cb275cb8aacd4ababd8e57b09ce7c	GameObject	19548	-
Assets/LowPolyLivingRoomPack/Meshes/TV_Modern.fbx	f63787172472c014f8028c6ffff4cc47	GameObject	19564	-
Assets/LowPolyLivingRoomPack/Meshes/TV_Retro.fbx	0eee83f82202fb14da609ed45c7f0a67	GameObject	26220	-
Assets/LowPolyLivingRoomPack/Meshes/TV_remote_control.fbx	45c2702b540914f47ac2ac98b1f77097	GameObject	19804	-
Assets/LowPolyLivingRoomPack/Meshes/Table.fbx	f181942ca5db2cb4d9c7761b4ba89546	GameObject	19372	-
Assets/LowPolyLivingRoomPack/Meshes/Vase_1.fbx	de5cd3b409a712245b1840aca8717287	GameObject	20860	-
Assets/LowPolyLivingRoomPack/Meshes/Vase_2.fbx	35f45b983244c264c9bb418cb9af9342	GameObject	22348	-
Assets/LowPolyLivingRoomPack/Meshes/Vase_3.fbx	0c65df9e8415641428edc7dea7d7c501	GameObject	21148	-
Assets/LowPolyLivingRoomPack/Prefabs/Armchair_Classic.prefab	5c29fca4d1829d74c8149e47f6978235	GameObject	2438	-
Assets/LowPolyLivingRoomPack/Prefabs/Armchair_Classic_2.prefab	2d85ee961aae85346be51a0927ebbd9f	GameObject	2441	-
Assets/LowPolyLivingRoomPack/Prefabs/Book_1.prefab	c3c06cdc241189e4a8e3b4418e1230ab	GameObject	2430	-
Assets/LowPolyLivingRoomPack/Prefabs/Book_10.prefab	c5738ffc552bf734dacfbccd566e980d	GameObject	2428	-
Assets/LowPolyLivingRoomPack/Prefabs/Book_2.prefab	d82812fd71adf71439065c3b17e960f3	GameObject	2423	-
Assets/LowPolyLivingRoomPack/Prefabs/Book_3.prefab	850e6db3abefeae479a23d65547bb744	GameObject	2429	-
Assets/LowPolyLivingRoomPack/Prefabs/Book_4.prefab	cbc73887b9805ec44818ab1f38336210	GameObject	2426	-
Assets/LowPolyLivingRoomPack/Prefabs/Book_5.prefab	91ed0aff68e1b1c449fab9414a593dbf	GameObject	2430	-
Assets/LowPolyLivingRoomPack/Prefabs/Book_6.prefab	e00c00b67c42ee946aaa1ab537aa4ecc	GameObject	2427	-
Assets/LowPolyLivingRoomPack/Prefabs/Book_7.prefab	5a44a7b18b58b614491502c3f60b44a7	GameObject	2423	-
Assets/LowPolyLivingRoomPack/Prefabs/Book_8.prefab	a4fd3a42702fbca42a0bc6bd0226dcec	GameObject	2429	-
Assets/LowPolyLivingRoomPack/Prefabs/Book_9.prefab	9286a2c8f2a43d747a0fdcfa8f67fba8	GameObject	2428	-
Assets/LowPolyLivingRoomPack/Prefabs/Bookshelf_Tall.prefab	c7f39adc5c1e646448ce0285f2eb7879	GameObject	2436	-
Assets/LowPolyLivingRoomPack/Prefabs/Box_1.prefab	94b03d6e8f0a7a3469424b7f0ad68357	GameObject	2423	-
Assets/LowPolyLivingRoomPack/Prefabs/Box_2.prefab	747b2662eba846d43953b3eef63a53c6	GameObject	2429	-
Assets/LowPolyLivingRoomPack/Prefabs/Box_Open.prefab	deb37e236f9b3c04fa326dd2416a2fe6	GameObject	2430	-
Assets/LowPolyLivingRoomPack/Prefabs/Carpet_1.prefab	040ae70d5c7969a43a7de392c6a9b956	GameObject	2430	-
Assets/LowPolyLivingRoomPack/Prefabs/Carpet_2.prefab	9be67f9e2f0a49c48b87273447efd8c1	GameObject	2431	-
Assets/LowPolyLivingRoomPack/Prefabs/Clock_WallRound.prefab	2f80b576a92323141b1af9fd88106b4c	GameObject	2436	-
Assets/LowPolyLivingRoomPack/Prefabs/Coffee_table_1.prefab	fe22164e25efd284eb86b57a032d9c50	GameObject	2438	-
Assets/LowPolyLivingRoomPack/Prefabs/Coffee_table_2.prefab	4bbf6cc7b2221994585c02162b2499ec	GameObject	2438	-
Assets/LowPolyLivingRoomPack/Prefabs/Coffee_table_3.prefab	43e425a2af35b144d934eb3dc69b8bd7	GameObject	2435	-
Assets/LowPolyLivingRoomPack/Prefabs/Coffee_table_4.prefab	cc83f18515fa6544992e7f050510c5e4	GameObject	2437	-
Assets/LowPolyLivingRoomPack/Prefabs/Coffee_table_5.prefab	662d8de8ed905be40afdc8b5ad85915b	GameObject	2438	-
Assets/LowPolyLivingRoomPack/Prefabs/Console_Modern.prefab	445bcb105938bd7499d80e51e79d4589	GameObject	2432	-
Assets/LowPolyLivingRoomPack/Prefabs/DVD_Player.prefab	d47fd7930d5dde64290ec3be8e22428e	GameObject	2433	-
Assets/LowPolyLivingRoomPack/Prefabs/DeskClock_1.prefab	0e68ccce1c6ce2f46abc8b39bb63c470	GameObject	2435	-
Assets/LowPolyLivingRoomPack/Prefabs/DeskClock_2.prefab	0a77eef02d8d3634f83144e2c9415849	GameObject	2435	-
Assets/LowPolyLivingRoomPack/Prefabs/Gamepad_Classic.prefab	f91bd17a811ca1c448e54b7e0b367ef3	GameObject	2436	-
Assets/LowPolyLivingRoomPack/Prefabs/Hanger.prefab	5993a5c9451191748a98789d3171270a	GameObject	2429	-
Assets/LowPolyLivingRoomPack/Prefabs/Lamp_Tall.prefab	e7354d579d419e74e8666273f63a7dd9	GameObject	2431	scene:BH_XR_MainScene
Assets/LowPolyLivingRoomPack/Prefabs/Mirror.prefab	d16fbe48364577c41bebc3a2c5528390	GameObject	2430	-
Assets/LowPolyLivingRoomPack/Prefabs/Mug.prefab	f5831f1b1619d5e46bb216da6a0372f0	GameObject	2427	-
Assets/LowPolyLivingRoomPack/Prefabs/Newspaper.prefab	c72e9de30a7a6a949a494eca3850e2a2	GameObject	2432	-
Assets/LowPolyLivingRoomPack/Prefabs/Night_light_1.prefab	064af187107892b4c98c6f0e19c359f1	GameObject	2436	-
Assets/LowPolyLivingRoomPack/Prefabs/Night_light_2.prefab	9e12f1959f04c6b4dad1cf08237befd2	GameObject	2437	-
Assets/LowPolyLivingRoomPack/Prefabs/Night_light_3.prefab	48ff92604c4cbba4da97373fafea525f	GameObject	2435	-
Assets/LowPolyLivingRoomPack/Prefabs/Night_stand_1.prefab	d9d1cce15d5871046be9872af64cb6e5	GameObject	2436	-
Assets/LowPolyLivingRoomPack/Prefabs/Night_stand_2.prefab	0e647bd22dbdef043a8f501e155838af	GameObject	2437	-
Assets/LowPolyLivingRoomPack/Prefabs/Night_stand_3.prefab	678bafb344c7d834a9c5c07735b1d7a0	GameObject	2435	-
Assets/LowPolyLivingRoomPack/Prefabs/Night_stand_4.prefab	bbcf1d3ffee9dde47bd7efabb1843491	GameObject	2434	-
Assets/LowPolyLivingRoomPack/Prefabs/Nightstand_1.prefab	48e72f2bee3be4f46bcdb830396654d3	GameObject	2434	-
Assets/LowPolyLivingRoomPack/Prefabs/Nightstand_2.prefab	343f12d4a49d97240b7972ec2aa3784d	GameObject	2436	-
Assets/LowPolyLivingRoomPack/Prefabs/Painting_Modern_1.prefab	270cf3db118d2694b8b51a46d379ca91	GameObject	2434	-
Assets/LowPolyLivingRoomPack/Prefabs/Painting_Modern_2.prefab	931f05bc13f27dc4db77f7c17cf3824d	GameObject	2441	-
Assets/LowPolyLivingRoomPack/Prefabs/Painting_Modern_3.prefab	3e5219dae887d304abbfd7ebf8546874	GameObject	2441	-
Assets/LowPolyLivingRoomPack/Prefabs/Pillow_Square_1.prefab	5e82eb33125b67d43832036ad4d7ae86	GameObject	2438	-
Assets/LowPolyLivingRoomPack/Prefabs/Pillow_Square_2.prefab	7554a86ec30dbb448b0db8e693bf2254	GameObject	2438	-
Assets/LowPolyLivingRoomPack/Prefabs/PottedPlant_Small_1.prefab	5ea36f3d277aec04e91627000369e5b4	GameObject	2437	-
Assets/LowPolyLivingRoomPack/Prefabs/PottedPlant_Small_2.prefab	590051e33029a5f4ab657dafbc1bd6d6	GameObject	2443	-
Assets/LowPolyLivingRoomPack/Prefabs/PottedPlant_Small_3.prefab	64af665d39c85f04194d919c5ab4ee40	GameObject	2443	-
Assets/LowPolyLivingRoomPack/Prefabs/PottedPlant_Tall_1.prefab	c8707c7b758b6b14c8ab381ade425023	GameObject	2440	-
Assets/LowPolyLivingRoomPack/Prefabs/PottedPlant_Tall_2.prefab	16f85e35943b5ea499e0203f749896d0	GameObject	2440	-
Assets/LowPolyLivingRoomPack/Prefabs/PottedPlant_Tall_3.prefab	2c54f9cb3a7bc4542bae55cef25da8b0	GameObject	2441	-
Assets/LowPolyLivingRoomPack/Prefabs/Side_table_1.prefab	440f261121b7d684aa8a225752c72d3e	GameObject	2434	-
Assets/LowPolyLivingRoomPack/Prefabs/Sofa_2Seat.prefab	de151d25ee1633746bd7fc13798aa0e2	GameObject	2430	-
Assets/LowPolyLivingRoomPack/Prefabs/Speaker_Floor.prefab	c744b67b32733304397be5f0ddac13c3	GameObject	2433	-
Assets/LowPolyLivingRoomPack/Prefabs/Speaker_Soundbar.prefab	4949fa2a8f62a974d9a5eafbdcdde18f	GameObject	2439	-
Assets/LowPolyLivingRoomPack/Prefabs/Stereo_MainUnit.prefab	dfab47eb0717f3a4eadbf92fd10ba175	GameObject	2429	-
Assets/LowPolyLivingRoomPack/Prefabs/Stereo_Speaker.prefab	19a5baf1921c073409fbe44c8701bf0d	GameObject	2437	scene:BH_XR_MainScene
Assets/LowPolyLivingRoomPack/Prefabs/Stool_1.prefab	da496ce0b32ae9b459688f5f9acd7957	GameObject	2429	-
Assets/LowPolyLivingRoomPack/Prefabs/Stool_2.prefab	097f7e9416b9c1e48a326247f07e4ab8	GameObject	2431	-
Assets/LowPolyLivingRoomPack/Prefabs/Stool_3.prefab	0132f63f6c675c34eacca7db1e9eac40	GameObject	2425	-
Assets/LowPolyLivingRoomPack/Prefabs/Stool_4.prefab	ddb964c7917092b40b32784587aa8181	GameObject	2431	-
Assets/LowPolyLivingRoomPack/Prefabs/TV_Modern.prefab	01be303ca24ad7a4f90da0b06e671f67	GameObject	2430	-
Assets/LowPolyLivingRoomPack/Prefabs/TV_Retro.prefab	835fc35b1beed9140a43e923578603cc	GameObject	2431	-
Assets/LowPolyLivingRoomPack/Prefabs/TV_remote_control.prefab	7614acfd37724644e886208938123853	GameObject	2441	-
Assets/LowPolyLivingRoomPack/Prefabs/Table.prefab	3f22ef9c3a353ba4db0e2374df6e372d	GameObject	2429	-
Assets/LowPolyLivingRoomPack/Prefabs/Vase_1.prefab	c58f30033e861ae47827f2c02b2f16de	GameObject	2428	-
Assets/LowPolyLivingRoomPack/Prefabs/Vase_2.prefab	fbd16487fa9dfa94e92f0e189892d658	GameObject	2424	-
Assets/LowPolyLivingRoomPack/Prefabs/Vase_3.prefab	647691fdcf3b5b749abe7c57cfd99f20	GameObject	2429	-
Assets/LowPolyLivingRoomPack/ScenesDemo/LowPolyLivingRoomPack_Demo.fbx	9cf943b9d21d71045b3b4067786245b5	GameObject	417100	-
Assets/LowPolyLivingRoomPack/ScenesDemo/LowPolyLivingRoomPack_Demo.prefab	d7e41df81a962fc43bed27cf36f22506	GameObject	177910	-
Assets/LowPolyLivingRoomPack/ScenesDemo/LowPolyLivingRoomPack_Demo.unity	774e2cdd83e6db0478db541e3994a121	SceneAsset	13038	-
Assets/LowPolyLivingRoomPack/ScenesDemo/M_LowPolyLivingRoom_Floor.mat	e4a6b303c71f9c04a99c61bfd3156447	Material	10152	scene:BH_XR_MainScene
Assets/LowPolyLivingRoomPack/Textures/T_Palette_LivingRoom.png	8f5f247fe62dc3f45a964c9e54e98164	Texture2D	2624	scene:BH_XR_MainScene
Assets/MeshellNotebookInteractionProxy.obj	9d1f9f61072f4be489d7e67f25ca051e	GameObject	255	-
Assets/My_Custom/Door_Side.prefab	c2fcbb81481a649a7a54627b307d0fa9	GameObject	84365	scene:BH_XR_MainScene
Assets/My_Custom/Door_Side_Handle.prefab	93f0f9a8e169d4f5b840188d1df3238f	GameObject	156729	-
Assets/My_Custom/FrontDoorRug.mat	1a2f44e2a2f0c41c0b9aa2fe08a609ba	Material	3919	scene:BH_XR_MainScene
Assets/My_Custom/Patio_Window_Partial_Open.prefab	19fd2e570005d4c4293a82f09a0249ec	GameObject	263092	-
Assets/My_Custom/Patio_Window_Shutter.prefab	90faa4f0551fc467b97032a2c9448536	GameObject	110361	scene:BH_XR_MainScene
Assets/My_Custom/SM_Window_Opening.prefab	795067a65cbdb4564923ac13e0a9270a	GameObject	143039	-
Assets/My_Custom/SecurityCamera_LowPoly.fbx	eb54f494d583141cf97d3ace7e3fc14d	GameObject	35148	scene:BH_XR_MainScene
Assets/My_Custom/Window.prefab	55af23a4a919e4264ac6080e36cfd54c	GameObject	237819	-
Assets/My_Custom/Window_Internal.prefab	4de40cdd7d9bd449b9bfbb9a1ec876a8	GameObject	83099	-
Assets/My_Custom/Window_askew.prefab	62be3e02b0c8d454fb190a7258c129b5	GameObject	271887	-
Assets/My_Custom/cake_display.glb	f08985aee588a47f9955873ed5e230b0	GameObject	227828	scene:BH_XR_MainScene
Assets/My_Custom/dishwasher.glb	13d18c3ec619042338b054cad39b2afc	GameObject	1358012	scene:BH_XR_MainScene
Assets/My_Custom/flower.glb	a898c648073bd4f46a28c28c507f8225	GameObject	2924424	-
Assets/My_Custom/japanese_red_bridge.glb	b650702d37278487f8bb7951cc443513	GameObject	36773456	scene:BH_XR_MainScene
Assets/My_Custom/modern_scandinavian_kitchen_island.glb	9e277ceefdd06470d9f6e65ad16dd129	GameObject	20094320	scene:BH_XR_MainScene
Assets/My_Custom/morten-s.glb	e072d4e1205f443a48408182589adff3	GameObject	1956156	scene:BH_XR_MainScene
Assets/My_Custom/mtrls/Black_Stone.mat	ab4567f90eeba4bcea764823e3039fed	Material	3915	-
Assets/My_Custom/mtrls/Blue_Wall.mat	83a2aa26feb514a99a5d3d657f428a0e	Material	3913	scene:BH_XR_MainScene
Assets/My_Custom/mtrls/Grass.mat	d9ff241fd4f0a4c5fb15eacd37db51dc	Material	3909	-
Assets/My_Custom/mtrls/HallWood 1.mat	2bd26bfbfc65042748f927b237c2ae3e	Material	3914	scene:BH_XR_MainScene
Assets/My_Custom/mtrls/HallWood 2.mat	7f9402266da1845e68fb31d98430def2	Material	3914	scene:BH_XR_MainScene
Assets/My_Custom/mtrls/HallWood 3.mat	fbd0fab1a3f094066af1f3e70154a983	Material	3922	scene:BH_XR_MainScene
Assets/My_Custom/mtrls/HallWood 4.mat	c21a0b3125cdc4273a1cdfd0917000d3	Material	3914	scene:BH_XR_MainScene
Assets/My_Custom/mtrls/Mint_wall_plaster.mat	af1e0e0d1512941ecbbbc8cbd1475de0	Material	3928	scene:BH_XR_MainScene
Assets/My_Custom/mtrls/OldPathway.mat	003417dd7d9cb4c0c902648b40efba54	Material	3913	scene:BH_XR_MainScene
Assets/My_Custom/mtrls/OldStairway.mat	fa22b86e9028644e38f413bd904ee624	Material	3915	scene:BH_XR_MainScene
Assets/My_Custom/mtrls/OldStone.mat	97337bdad3263486284eb6e2f0905d40	Material	3912	scene:BH_XR_MainScene
Assets/My_Custom/mtrls/RawWood.mat	2349ea2cfe3cd43b8a963217494025a8	Material	3910	scene:BH_XR_MainScene
Assets/My_Custom/mtrls/Wall_Floral.mat	f113aed1c97e547d796b4bb0377d3cfe	Material	3915	scene:BH_XR_MainScene
Assets/My_Custom/mtrls/YellowWall.mat	9e5672099ad43408aa1227a8c30837af	Material	3914	scene:BH_XR_MainScene
Assets/My_Custom/mtrls/square_Stone_pattern.mat	a47b5845d9114428c8487f079bd0f1b0	Material	3924	-
Assets/My_Custom/rug.glb	c3976044785e44eeb989d2ed22b5cdd7	GameObject	29117224	-
Assets/My_Custom/txtrs/122_fine plaster painted wall texture-seamless.jpg	0eeaf0286d48140908ab653b5b456d0a	Texture2D	1601135	scene:BH_XR_MainScene
Assets/My_Custom/txtrs/1_pavers stone regular blocks texture-seamless.jpg	92a57242459174dcf9d6f82e8e4815af	Texture2D	1258251	-
Assets/My_Custom/txtrs/221_siding wood texture-seamless.jpg	37d6d07cfc5794f359b5409c31c8115c	Texture2D	388700	scene:BH_XR_MainScene
Assets/My_Custom/txtrs/27_reinassance plaster texture seamless.jpg	c40ecff1e7b024938a52a6c0664bd26d	Texture2D	819702	scene:BH_XR_MainScene
Assets/My_Custom/txtrs/33_quartzite pavers stone regular blocks texture-seamless.jpg	26831fdab89864899a0c3aeb29ae7910	Texture2D	715152	-
Assets/My_Custom/txtrs/67_sponged venetian plaster texture-seamless.jpg	2d0e4c3832e524e3baff5947e0c41df9	Texture2D	803907	scene:BH_XR_MainScene
Assets/My_Custom/txtrs/84_floral wallpaper texture-seamless.jpg	205e1e3d13cce4ed2ac7e8f8e616a15e	Texture2D	681273	scene:BH_XR_MainScene
Assets/My_Custom/txtrs/99_jaquard fabric texture-seamless.jpg	56dad31b752ef43f0b2fb3b2c60a2c16	Texture2D	1378452	scene:BH_XR_MainScene
Assets/My_Custom/txtrs/Grass007_1K-JPG_Color.jpg	1a22eb0899ef74131a1bc184e3ef2f70	Texture2D	1767495	-
Assets/My_Custom/txtrs/Ground093C_1K-JPG_Color.jpg	f34d48a59023a429c995c84bbe347c87	Texture2D	563256	-
Assets/My_Custom/txtrs/PavingStones049_1K-PNG_Color.png	d10925f8c289d4e4dbe6c65bf5cf78ac	Texture2D	2440606	scene:BH_XR_MainScene
Assets/My_Custom/txtrs/PavingStones119_1K-PNG_Color.png	42a04429542cc41d2855bac7a8eee9e3	Texture2D	2109300	scene:BH_XR_MainScene
Assets/My_Custom/txtrs/Wood004_1K-PNG_Color.png	7bebfe8caf3184cad896afb71d0ac3d1	Texture2D	1126576	scene:BH_XR_MainScene
Assets/My_Custom/zedah_prevalent_52_inch_luxury_fan.glb	e51f5d2ac2ffb4761b44e43ff6c3dbb7	GameObject	1522592	scene:BH_XR_MainScene
Assets/New Terrain.asset	07909d56789714b9aa109b9b0674689f	TerrainData	3362092	scene:BH_XR_MainScene
Assets/NewLayer 1.terrainlayer	0d2320ba87be04db988fabbb8d43f08a	TerrainLayer	861	scene:BH_XR_MainScene
Assets/NewLayer 2.terrainlayer	f276fa168cdde413a99a7abdfe16ce8c	TerrainLayer	751	-
Assets/NewLayer 3.terrainlayer	b66886f7c315644c1ab535f899a9bfbb	TerrainLayer	751	-
Assets/NewLayer 4.terrainlayer	7c7f2de8f1aa5406ab4d8a2214113924	TerrainLayer	751	-
Assets/NewLayer 5.terrainlayer	e8e6358c037fa4d83aac83e67bfc1abb	TerrainLayer	861	scene:BH_XR_MainScene
Assets/NewLayer.terrainlayer	81ed00435b33b4b91b0ede6e731a8428	TerrainLayer	859	scene:BH_XR_MainScene
Assets/Pandazole_Ultimate_Pack/Pandazole Farm Ranch Pack/Materials/PandaMat.mat	003570a65ef8a814a8ad41fc7fbb9c9b	Material	3944	scene:BH_XR_MainScene
Assets/Pandazole_Ultimate_Pack/Pandazole Farm Ranch Pack/Models/Bld_Barn_01.fbx	01fad2dd91815b045880d7512693de1f	GameObject	34204	-
Assets/Pandazole_Ultimate_Pack/Pandazole Farm Ranch Pack/Models/Bld_Barn_02.fbx	d4a26d0e8e2e2b341999e295d6720382	GameObject	45132	-
Assets/Pandazole_Ultimate_Pack/Pandazole Farm Ranch Pack/Models/Bld_ChickenCoop.fbx	0c229022e6ea9c44ca48d6c12048f1bb	GameObject	23916	-
Assets/Pandazole_Ultimate_Pack/Pandazole Farm Ranch Pack/Models/Bld_FarmMill_01.fbx	c9fcca4ca316f7c4c98dec4710bf7ed5	GameObject	39388	-
Assets/Pandazole_Ultimate_Pack/Pandazole Farm Ranch Pack/Models/Bld_FarmMill_02.fbx	aa3ad334571e5fc42bc1dff9ac0853ac	GameObject	102764	-
Assets/Pandazole_Ultimate_Pack/Pandazole Farm Ranch Pack/Models/Bld_FarmerHouse.fbx	bbb34850717ba7d44b3d1c9304013a37	GameObject	43004	-
Assets/Pandazole_Ultimate_Pack/Pandazole Farm Ranch Pack/Models/Bld_GreenMouse.fbx	1ea84141e2eee904cbbbcbd20c46a074	GameObject	56428	-
Assets/Pandazole_Ultimate_Pack/Pandazole Farm Ranch Pack/Models/Bld_Outhouses.fbx	8706824babc4d1b488dad5c18113a74f	GameObject	19708	-
Assets/Pandazole_Ultimate_Pack/Pandazole Farm Ranch Pack/Models/Bld_Silo_01.fbx	26baca76230f01345bd66c652a0a5080	GameObject	39388	-
Assets/Pandazole_Ultimate_Pack/Pandazole Farm Ranch Pack/Models/Bld_Silo_02.fbx	3b8266fcc185c134c81646f7e48152fe	GameObject	31292	-
Assets/Pandazole_Ultimate_Pack/Pandazole Farm Ranch Pack/Models/Bld_StoreBuilding_01.fbx	ac30e5b06e521b64e8b60945236dabeb	GameObject	23804	-
Assets/Pandazole_Ultimate_Pack/Pandazole Farm Ranch Pack/Models/Demo/Farm_Ranch_Pack_1.0.0.fbx	611ecba18b734b74b94d6cb9ea894587	GameObject	1551036	-
Assets/Pandazole_Ultimate_Pack/Pandazole Farm Ranch Pack/Models/Env_Bush_01.fbx	b008c50253c9e4b4287b0a39282004e5	GameObject	36412	-
Assets/Pandazole_Ultimate_Pack/Pandazole Farm Ranch Pack/Models/Env_Bush_02.fbx	f4bc11552762f2042a31896b92c86102	GameObject	23420	-
Assets/Pandazole_Ultimate_Pack/Pandazole Farm Ranch Pack/Models/Env_FarmLand_01.fbx	bd4b53167efb9254db5ba1fe8c223385	GameObject	18300	-
Assets/Pandazole_Ultimate_Pack/Pandazole Farm Ranch Pack/Models/Env_FarmLand_02.fbx	8b4ba592d135ae045818e169ca399d0f	GameObject	18908	-
Assets/Pandazole_Ultimate_Pack/Pandazole Farm Ranch Pack/Models/Env_FarmLand_02_Watered.fbx	15d2a91706e7a724eb341e5179c82dc7	GameObject	18924	-
Assets/Pandazole_Ultimate_Pack/Pandazole Farm Ranch Pack/Models/Env_FarmLand_03.fbx	e44e07489c056a149922a6841b8ce3f2	GameObject	19868	-
Assets/Pandazole_Ultimate_Pack/Pandazole Farm Ranch Pack/Models/Env_FarmLand_03_Watered.fbx	c71ae1bdc78bf8c44bcd31c1f88bc5dd	GameObject	19900	-
Assets/Pandazole_Ultimate_Pack/Pandazole Farm Ranch Pack/Models/Env_FarmLand_04.fbx	f07596ae60e520947b4950171107c74b	GameObject	19212	-
Assets/Pandazole_Ultimate_Pack/Pandazole Farm Ranch Pack/Models/Env_FarmLand_04_Watered.fbx	431b5815ea96bc542a234091c2928997	GameObject	19228	-
Assets/Pandazole_Ultimate_Pack/Pandazole Farm Ranch Pack/Models/Env_FarmLand_05.fbx	21c3fffb218efe9419f22718e460fdd8	GameObject	19244	-
Assets/Pandazole_Ultimate_Pack/Pandazole Farm Ranch Pack/Models/Env_FarmLand_05_Watered.fbx	d985f49cf1b39f84fa9146cb3f5833db	GameObject	19276	-
Assets/Pandazole_Ultimate_Pack/Pandazole Farm Ranch Pack/Models/Env_FarmLand_06.fbx	6cb87b787ab39a64e87a05618bbdff47	GameObject	18828	-
Assets/Pandazole_Ultimate_Pack/Pandazole Farm Ranch Pack/Models/Env_FarmLand_06_Watered.fbx	c4856df2a9bce544ba21422fa38bccbf	GameObject	18844	-
Assets/Pandazole_Ultimate_Pack/Pandazole Farm Ranch Pack/Models/Env_FarmLand_07.fbx	2f94d759759123f4198c782292a975ec	GameObject	19276	-
Assets/Pandazole_Ultimate_Pack/Pandazole Farm Ranch Pack/Models/Env_FarmLand_07_Watered.fbx	744458c220e840c4997ea53fdbe9d9ec	GameObject	19292	-
Assets/Pandazole_Ultimate_Pack/Pandazole Farm Ranch Pack/Models/Env_FarmLand_08.fbx	c5797d1153647c444a76acc5b65abf54	GameObject	18828	-
Assets/Pandazole_Ultimate_Pack/Pandazole Farm Ranch Pack/Models/Env_FarmLand_08_Watered.fbx	2fd1c6750635b1242ac77291228adacf	GameObject	18844	-
Assets/Pandazole_Ultimate_Pack/Pandazole Farm Ranch Pack/Models/Env_FarmLand_09.fbx	6b70bf4af2735b245be209c40e27088d	GameObject	19788	-
Assets/Pandazole_Ultimate_Pack/Pandazole Farm Ranch Pack/Models/Env_FarmLand_09_Watered.fbx	aca08431e074ca4449c2ac1f4ad4a831	GameObject	19740	-
Assets/Pandazole_Ultimate_Pack/Pandazole Farm Ranch Pack/Models/Env_FarmLand_10.fbx	5d9ca06ca2ca74242bcdd254c9a0cd74	GameObject	19084	-
Assets/Pandazole_Ultimate_Pack/Pandazole Farm Ranch Pack/Models/Env_FarmLand_10_Watered.fbx	43ea9977296a05240a9e70bce9666050	GameObject	19116	-
Assets/Pandazole_Ultimate_Pack/Pandazole Farm Ranch Pack/Models/Env_GrassLand_Cornor.fbx	189b4b92755906649a336de64d848cdc	GameObject	18940	-
Assets/Pandazole_Ultimate_Pack/Pandazole Farm Ranch Pack/Models/Env_GrassLand_Cross.fbx	aea52d7c9d3762945bf9e116581c765b	GameObject	18924	-
Assets/Pandazole_Ultimate_Pack/Pandazole Farm Ranch Pack/Models/Env_GrassLand_Plain.fbx	d3ad1cbd2eba193499ef7a696c7194ae	GameObject	18300	-
Assets/Pandazole_Ultimate_Pack/Pandazole Farm Ranch Pack/Models/Env_GrassLand_Stright.fbx	dc44e6e1f9f816f45b9b5b73b7a4bdd1	GameObject	18476	-
Assets/Pandazole_Ultimate_Pack/Pandazole Farm Ranch Pack/Models/Env_GrassPlant_01.fbx	a868df66cf6d9e747a1fada98ddfa09b	GameObject	22460	-
Assets/Pandazole_Ultimate_Pack/Pandazole Farm Ranch Pack/Models/Env_GrassPlant_02.fbx	5c2e7e2c205ec7f4d8116c2cd29e1a53	GameObject	24780	-
Assets/Pandazole_Ultimate_Pack/Pandazole Farm Ranch Pack/Models/Env_GrassPlant_03.fbx	22419a8253b9ec445b9a28c659aec674	GameObject	22620	-
Assets/Pandazole_Ultimate_Pack/Pandazole Farm Ranch Pack/Models/Env_GrassPlant_04.fbx	7d49d7413d9b41e43af5c6fa17b10cf5	GameObject	19596	-
Assets/Pandazole_Ultimate_Pack/Pandazole Farm Ranch Pack/Models/Env_GrassPlant_05.fbx	5c85bcfb875b1a3449384786a6b7df38	GameObject	25100	scene:BH_XR_MainScene
Assets/Pandazole_Ultimate_Pack/Pandazole Farm Ranch Pack/Models/Env_GrassPlant_06.fbx	75541cc8df4cf6e4680d893057e43927	GameObject	20044	-
Assets/Pandazole_Ultimate_Pack/Pandazole Farm Ranch Pack/Models/Env_GrassPlant_07.fbx	c62329c38bb8ad9448c2c824ee4f9906	GameObject	22796	-
Assets/Pandazole_Ultimate_Pack/Pandazole Farm Ranch Pack/Models/Env_MetalFence_01.fbx	013fc5b06e9b85045a60a5707974a244	GameObject	22812	-
Assets/Pandazole_Ultimate_Pack/Pandazole Farm Ranch Pack/Models/Env_Tree_01.fbx	891c921e65ed6704eb31a093823bb511	GameObject	31388	-
Assets/Pandazole_Ultimate_Pack/Pandazole Farm Ranch Pack/Models/Env_Tree_02.fbx	a55fbf8471203d74aadb7950979d45fd	GameObject	23004	-
Assets/Pandazole_Ultimate_Pack/Pandazole Farm Ranch Pack/Models/Env_Tree_03.fbx	8446fe92de3910f48b1eb2745dbd531a	GameObject	30412	-
Assets/Pandazole_Ultimate_Pack/Pandazole Farm Ranch Pack/Models/Env_Tree_04.fbx	eab5c9961e6d6c34ca347a0718c2f92d	GameObject	24476	-
Assets/Pandazole_Ultimate_Pack/Pandazole Farm Ranch Pack/Models/Env_Tree_05.fbx	8e0a4ca51bc129148bd224cfcf8a6a61	GameObject	24492	-
Assets/Pandazole_Ultimate_Pack/Pandazole Farm Ranch Pack/Models/Env_Tree_06.fbx	029fb3d2fd92c3544b4b96466373e210	GameObject	39756	-
Assets/Pandazole_Ultimate_Pack/Pandazole Farm Ranch Pack/Models/Env_Tree_07.fbx	4d296abdb7b6ebf459734287a6e46da4	GameObject	22092	-
Assets/Pandazole_Ultimate_Pack/Pandazole Farm Ranch Pack/Models/Env_WaterLand_01.fbx	9aad02b0a38d0254986cab5bea161a06	GameObject	18460	-
Assets/Pandazole_Ultimate_Pack/Pandazole Farm Ranch Pack/Models/Env_WaterLand_02.fbx	88c7fb5ca33564f4fb93212562e80c20	GameObject	19148	-
Assets/Pandazole_Ultimate_Pack/Pandazole Farm Ranch Pack/Models/Env_WaterLand_03.fbx	b3d39c854cc53f14eaa0b48e346957be	GameObject	18652	-
Assets/Pandazole_Ultimate_Pack/Pandazole Farm Ranch Pack/Models/Env_WaterLand_04.fbx	80e3ab60b652780499dbd24bae4db56d	GameObject	18252	-
Assets/Pandazole_Ultimate_Pack/Pandazole Farm Ranch Pack/Models/Env_WaterLand_05.fbx	4ed6ffd030ee9cd4da9eaa13ef76fd6c	GameObject	20220	-
Assets/Pandazole_Ultimate_Pack/Pandazole Farm Ranch Pack/Models/Env_WaterLand_06.fbx	0ddcdac71d345f94d898c90cb3f83888	GameObject	20140	-
Assets/Pandazole_Ultimate_Pack/Pandazole Farm Ranch Pack/Models/Env_WaterLand_07.fbx	675dbb4870e2b6b43a655adb48e31c17	GameObject	20092	-
Assets/Pandazole_Ultimate_Pack/Pandazole Farm Ranch Pack/Models/Env_WaterLand_08.fbx	69525012a4e502444a395a75ee9b91a3	GameObject	20140	-
Assets/Pandazole_Ultimate_Pack/Pandazole Farm Ranch Pack/Models/Env_WaterLand_09.fbx	907aed1843e44ba46bb30e1db2a76117	GameObject	18940	-
Assets/Pandazole_Ultimate_Pack/Pandazole Farm Ranch Pack/Models/Env_Well_01.fbx	6854a7ca3897b5446b0fb8412fc8aa9c	GameObject	52972	scene:BH_XR_MainScene
Assets/Pandazole_Ultimate_Pack/Pandazole Farm Ranch Pack/Models/Env_Well_02.fbx	11c55d4391ad0944c9981b39fc44c0e5	GameObject	26572	-
Assets/Pandazole_Ultimate_Pack/Pandazole Farm Ranch Pack/Models/Env_Wheat.fbx	a62028cc0349f0b498caabbac0590112	GameObject	22940	-
Assets/Pandazole_Ultimate_Pack/Pandazole Farm Ranch Pack/Models/Env_WoodFence_01.fbx	fdcd12df90c0800448514d22defb0c2a	GameObject	20508	-
Assets/Pandazole_Ultimate_Pack/Pandazole Farm Ranch Pack/Models/Env_WoodFence_02.fbx	db03e7c0d3c808940a1ec44ab8ce089b	GameObject	20412	-
Assets/Pandazole_Ultimate_Pack/Pandazole Farm Ranch Pack/Models/Env_WoodFence_03.fbx	0836b78fee0b4ff42a4e60b81ec13668	GameObject	19340	-
Assets/Pandazole_Ultimate_Pack/Pandazole Farm Ranch Pack/Models/Env_WoodFence_04.fbx	cfeb70b946475864b96b386ed9e35e94	GameObject	19484	-
Assets/Pandazole_Ultimate_Pack/Pandazole Farm Ranch Pack/Models/Env_WoodFence_05.fbx	8b087505b2023134aabe95ae4db47b84	GameObject	20108	-
Assets/Pandazole_Ultimate_Pack/Pandazole Farm Ranch Pack/Models/Env_WoodFence_06.fbx	d7b15096ee6876246aabf10cc27ded3d	GameObject	20828	-
Assets/Pandazole_Ultimate_Pack/Pandazole Farm Ranch Pack/Models/Prop_AnimalFeeder_01.fbx	c09d5381434488946940271524817152	GameObject	21676	-
Assets/Pandazole_Ultimate_Pack/Pandazole Farm Ranch Pack/Models/Prop_AnimalFeeder_02.fbx	b2d64d705a96cf84b853079c61a68369	GameObject	23180	-
Assets/Pandazole_Ultimate_Pack/Pandazole Farm Ranch Pack/Models/Prop_AnimalFeeder_03.fbx	f0be1e5f376e6bc45a7d80a29d5c510c	GameObject	19052	-
Assets/Pandazole_Ultimate_Pack/Pandazole Farm Ranch Pack/Models/Prop_Berrel_01.001.fbx	15b1a3d4a697f6f439a8775ad7e8a1c2	GameObject	32236	-
Assets/Pandazole_Ultimate_Pack/Pandazole Farm Ranch Pack/Models/Prop_Berrel_02_A.fbx	6fe053be951e510438d52df4233998f8	GameObject	31292	-
Assets/Pandazole_Ultimate_Pack/Pandazole Farm Ranch Pack/Models/Prop_Berrel_02_B.fbx	5d6869a152776004cadf414c5224caa2	GameObject	18924	-
Assets/Pandazole_Ultimate_Pack/Pandazole Farm Ranch Pack/Models/Prop_Berrel_03.fbx	1f92513c18b90cf4a9c0e90c44081960	GameObject	31404	-
Assets/Pandazole_Ultimate_Pack/Pandazole Farm Ranch Pack/Models/Prop_Berrel_04.fbx	d6c3772fcbee9114eb1c9b22830e4677	GameObject	26828	-
Assets/Pandazole_Ultimate_Pack/Pandazole Farm Ranch Pack/Models/Prop_Berrel_05_A.fbx	0a644866dc35e4946900594a5c269c6a	GameObject	27180	-
Assets/Pandazole_Ultimate_Pack/Pandazole Farm Ranch Pack/Models/Prop_Berrel_05_B.fbx	0cff76cc13b699e49a9e9f1232f57756	GameObject	18908	-
Assets/Pandazole_Ultimate_Pack/Pandazole Farm Ranch Pack/Models/Prop_BigFarmingTool_01.fbx	7652b5570aa203e488e606da6eb2f43d	GameObject	25340	-
Assets/Pandazole_Ultimate_Pack/Pandazole Farm Ranch Pack/Models/Prop_BigFarmingTool_02.fbx	1905fbc23e4173e41bb7b5f588d621bb	GameObject	25948	-
Assets/Pandazole_Ultimate_Pack/Pandazole Farm Ranch Pack/Models/Prop_BigFarmingTool_03.fbx	59d2a9e79046b114b8226ced09dc32d0	GameObject	24620	-
Assets/Pandazole_Ultimate_Pack/Pandazole Farm Ranch Pack/Models/Prop_BigFarmingTool_04.fbx	ba94e35d48bb4f64592563cbcd3bde5f	GameObject	27436	-
Assets/Pandazole_Ultimate_Pack/Pandazole Farm Ranch Pack/Models/Prop_BigFarmingTool_05.fbx	43adf2e800138d44a87fc8ae1a6a9e29	GameObject	24412	-
Assets/Pandazole_Ultimate_Pack/Pandazole Farm Ranch Pack/Models/Prop_BigFarmingTool_06.fbx	048f54d14abf03748bfda5368190d7af	GameObject	24492	-
Assets/Pandazole_Ultimate_Pack/Pandazole Farm Ranch Pack/Models/Prop_BigFarmingTool_07.fbx	0eea13ccb382e404396b3765b3266095	GameObject	21756	-
Assets/Pandazole_Ultimate_Pack/Pandazole Farm Ranch Pack/Models/Prop_Bucket_01.fbx	9f1618abd699e1745b677164112712cc	GameObject	23388	-
Assets/Pandazole_Ultimate_Pack/Pandazole Farm Ranch Pack/Models/Prop_Bucket_02.fbx	1936a79e63d89824b870fc313125c455	GameObject	28412	-
Assets/Pandazole_Ultimate_Pack/Pandazole Farm Ranch Pack/Models/Prop_Bucket_03.fbx	773f03a2e26c2f445bbb8f1edd6b25e8	GameObject	20636	-
Assets/Pandazole_Ultimate_Pack/Pandazole Farm Ranch Pack/Models/Prop_Bucket_04.fbx	cc05098249debfb4481f1f650cdf11ed	GameObject	32844	scene:BH_XR_MainScene
Assets/Pandazole_Ultimate_Pack/Pandazole Farm Ranch Pack/Models/Prop_FoodSack_01.fbx	33e86ba9b1f294940a9cb35140b71471	GameObject	41004	-
Assets/Pandazole_Ultimate_Pack/Pandazole Farm Ranch Pack/Models/Prop_FoodSack_02.fbx	7778f62a4c3b2f64db1eef17489bee91	GameObject	40540	-
Assets/Pandazole_Ultimate_Pack/Pandazole Farm Ranch Pack/Models/Prop_FoodSack_03.fbx	fcb38a35742b66345b72b1342aa89f54	GameObject	31932	-
Assets/Pandazole_Ultimate_Pack/Pandazole Farm Ranch Pack/Models/Prop_FoodSack_04.fbx	f4798a399d5fd894b8311521cd37a93b	GameObject	29436	-
Assets/Pandazole_Ultimate_Pack/Pandazole Farm Ranch Pack/Models/Prop_Haystack_01.fbx	d808cf8e62ad356439ef8c44ef0a7ac6	GameObject	28540	-
Assets/Pandazole_Ultimate_Pack/Pandazole Farm Ranch Pack/Models/Prop_Haystack_02.fbx	3f3368e9ee509124da1e63e21d7e23bd	GameObject	28604	-
Assets/Pandazole_Ultimate_Pack/Pandazole Farm Ranch Pack/Models/Prop_Haystack_03.fbx	4c4b3362c4bdb0943834167cfb5aba3e	GameObject	20828	-
Assets/Pandazole_Ultimate_Pack/Pandazole Farm Ranch Pack/Models/Prop_Haystack_04.fbx	06345cde8d2b0bc4ea916f1b6aa7e4eb	GameObject	23340	-
Assets/Pandazole_Ultimate_Pack/Pandazole Farm Ranch Pack/Models/Prop_Haystack_05.fbx	9e3d9521b15b07942b178ac652f0b1da	GameObject	23468	-
Assets/Pandazole_Ultimate_Pack/Pandazole Farm Ranch Pack/Models/Prop_Haystack_06.fbx	6124ea65a48846742a4ed03956bb9a49	GameObject	23196	-
Assets/Pandazole_Ultimate_Pack/Pandazole Farm Ranch Pack/Models/Prop_Haystack_07.fbx	f607dea11d7243047b9ac42d6b9324e2	GameObject	21836	-
Assets/Pandazole_Ultimate_Pack/Pandazole Farm Ranch Pack/Models/Prop_MetalBerrel_01.fbx	9fdebcab1ea51134b85eca3aa3ee84e2	GameObject	27052	-
Assets/Pandazole_Ultimate_Pack/Pandazole Farm Ranch Pack/Models/Prop_Pallete_01.fbx	37b613432a6936648a140389a2891ff5	GameObject	20732	-
Assets/Pandazole_Ultimate_Pack/Pandazole Farm Ranch Pack/Models/Prop_Pallete_02.fbx	b45de2946102fa64da52c7a6e0ff6a50	GameObject	20764	-
Assets/Pandazole_Ultimate_Pack/Pandazole Farm Ranch Pack/Models/Prop_SmallFarmingTool_01.fbx	0d39dd0c62e08304ea14913f85c7c97b	GameObject	24316	-
Assets/Pandazole_Ultimate_Pack/Pandazole Farm Ranch Pack/Models/Prop_SmallFarmingTool_02.fbx	2409d05f4c4d4af469874406f2bad854	GameObject	24892	-
Assets/Pandazole_Ultimate_Pack/Pandazole Farm Ranch Pack/Models/Prop_SmallFarmingTool_03.fbx	9acf2b32179cf9343bdc6e44ffc8f2b6	GameObject	24236	-
Assets/Pandazole_Ultimate_Pack/Pandazole Farm Ranch Pack/Models/Prop_SmallFarmingTool_04.fbx	9612f00d662d00d41b708b9d663ecec2	GameObject	22444	-
Assets/Pandazole_Ultimate_Pack/Pandazole Farm Ranch Pack/Models/Prop_SmallFarmingTool_05.fbx	868d657cdf936f34baaaab9fc58ced9f	GameObject	23276	-
Assets/Pandazole_Ultimate_Pack/Pandazole Farm Ranch Pack/Models/Prop_SmallFarmingTool_06.fbx	ae6ea1faabc9d2c4b9c7b6bb7c3cf239	GameObject	23692	-
Assets/Pandazole_Ultimate_Pack/Pandazole Farm Ranch Pack/Models/Prop_WateringCan_01.fbx	3d002c6aa320d3948a7d6c2888072889	GameObject	27804	-
Assets/Pandazole_Ultimate_Pack/Pandazole Farm Ranch Pack/Models/Prop_WateringCan_02.fbx	1e1d2d0fb39ccf04691b2a8af0e7c6b5	GameObject	27612	scene:BH_XR_MainScene
Assets/Pandazole_Ultimate_Pack/Pandazole Farm Ranch Pack/Models/Prop_WateringCan_03.fbx	cc7653739dd30fa429141915471cb611	GameObject	27804	-
Assets/Pandazole_Ultimate_Pack/Pandazole Farm Ranch Pack/Models/Prop_Wheelbarrow.fbx	55b22deaff6efb44ba6a0b39fb80dc06	GameObject	66332	-
Assets/Pandazole_Ultimate_Pack/Pandazole Farm Ranch Pack/Models/Prop_WoodenBox_01.fbx	02f969040c7214f42bda74f47137b6ca	GameObject	22492	-
Assets/Pandazole_Ultimate_Pack/Pandazole Farm Ranch Pack/Models/Prop_WoodenBox_02.fbx	a6504feda3e7e4a4ba700d3e9db8cf26	GameObject	23676	-
Assets/Pandazole_Ultimate_Pack/Pandazole Farm Ranch Pack/Models/Prop_WoodenBox_03.fbx	f545aad807ee562499a73baa7a2fbc99	GameObject	23308	-
Assets/Pandazole_Ultimate_Pack/Pandazole Farm Ranch Pack/Models/Prop_WoodenBox_04.fbx	69014e09414205d47a8d07e377fe3bff	GameObject	22412	-
Assets/Pandazole_Ultimate_Pack/Pandazole Farm Ranch Pack/Models/Prop_WoodenBox_05.fbx	d02b53fde9cba5a488cd1ed2ffb29bf7	GameObject	20956	-
Assets/Pandazole_Ultimate_Pack/Pandazole Farm Ranch Pack/Models/Prop_WoodenBox_06.fbx	eade88b555d7fb84386adebf0bec97c7	GameObject	21148	-
Assets/Pandazole_Ultimate_Pack/Pandazole Farm Ranch Pack/Models/Prop_WoodenChest_01.fbx	fc766d1b05e07e8479c75a18d9085308	GameObject	25372	-
Assets/Pandazole_Ultimate_Pack/Pandazole Farm Ranch Pack/Models/Prop_WoodenChest_02.fbx	299f0ebd1625d694f8b6de2826f9c989	GameObject	33116	-
Assets/Pandazole_Ultimate_Pack/Pandazole Farm Ranch Pack/Models/Prop_WoodenCrates_01.fbx	ebe46a9a42ebd83448c6b6b02e452c05	GameObject	21532	-
Assets/Pandazole_Ultimate_Pack/Pandazole Farm Ranch Pack/Models/Prop_WoodenCrates_02.fbx	b8b8c9b9f068a8c4daf16a658815dec5	GameObject	21068	-
Assets/Pandazole_Ultimate_Pack/Pandazole Farm Ranch Pack/Models/Prop_WoodenCrates_03.fbx	cbd83af8e7df7dc4cbd5d6f34dab1007	GameObject	22924	-
Assets/Pandazole_Ultimate_Pack/Pandazole Farm Ranch Pack/Models/Prop_WoodenCrates_04.fbx	9f0a003e8d1c6c949aa32b81370d7182	GameObject	20524	scene:BH_XR_MainScene
Assets/Pandazole_Ultimate_Pack/Pandazole Farm Ranch Pack/Models/food_Apple.fbx	6af98d18686a0af419b6f1ea92806ebb	GameObject	28012	-
Assets/Pandazole_Ultimate_Pack/Pandazole Farm Ranch Pack/Models/food_Avocado.fbx	5f1fa8749bb95b0499bc4f6f4e07fda7	GameObject	22684	-
Assets/Pandazole_Ultimate_Pack/Pandazole Farm Ranch Pack/Models/food_Banana.fbx	923e4f07679463b4081c1eed04ae6fa2	GameObject	26076	-
Assets/Pandazole_Ultimate_Pack/Pandazole Farm Ranch Pack/Models/food_Broccoli.fbx	67431eb358da62b4a9cf13845df1f094	GameObject	44428	-
Assets/Pandazole_Ultimate_Pack/Pandazole Farm Ranch Pack/Models/food_Carrot.fbx	cdd74c5fa1d9ead459d3d3906f9117f0	GameObject	27548	-
Assets/Pandazole_Ultimate_Pack/Pandazole Farm Ranch Pack/Models/food_Common.fbx	decfdcd9e26148e42a0e5fde2e7caa1b	GameObject	23468	-
Assets/Pandazole_Ultimate_Pack/Pandazole Farm Ranch Pack/Models/food_Cucumber.fbx	010b6e4db6e0b2d4aaa295535c8cbfee	GameObject	22492	-
Assets/Pandazole_Ultimate_Pack/Pandazole Farm Ranch Pack/Models/food_Eggplant.fbx	869c1e4ea327c7143a2781b280b3fdcb	GameObject	24748	-
Assets/Pandazole_Ultimate_Pack/Pandazole Farm Ranch Pack/Models/food_Garlic.fbx	3a381ef45a696794e813a6b6e26ce976	GameObject	22972	-
Assets/Pandazole_Ultimate_Pack/Pandazole Farm Ranch Pack/Models/food_Grape.fbx	bfdf48b9dd5d15146aaf2e0d6f1a3799	GameObject	57228	-
Assets/Pandazole_Ultimate_Pack/Pandazole Farm Ranch Pack/Models/food_Lemon.fbx	331d32c5111f35c4e9d754aef99afa72	GameObject	25388	-
Assets/Pandazole_Ultimate_Pack/Pandazole Farm Ranch Pack/Models/food_Mango.fbx	a832e8564f282b840b6ef08f31579dfa	GameObject	34492	-
Assets/Pandazole_Ultimate_Pack/Pandazole Farm Ranch Pack/Models/food_Onion.fbx	482c846098455ce4b9b8fcaf58641754	GameObject	29884	-
Assets/Pandazole_Ultimate_Pack/Pandazole Farm Ranch Pack/Models/food_Orange.fbx	96a39c34b6413814a8cf820a08b75a78	GameObject	27596	-
Assets/Pandazole_Ultimate_Pack/Pandazole Farm Ranch Pack/Models/food_Pear.fbx	a3a906229e4b16443aa3d32f77c0186a	GameObject	27180	-
Assets/Pandazole_Ultimate_Pack/Pandazole Farm Ranch Pack/Models/food_Pepper.fbx	36f4ddd15e7824a48ac974ebb5774a52	GameObject	27692	-
Assets/Pandazole_Ultimate_Pack/Pandazole Farm Ranch Pack/Models/food_Potato.fbx	578876ac8a05f3044accc45e18b3853c	GameObject	28876	-
Assets/Pandazole_Ultimate_Pack/Pandazole Farm Ranch Pack/Models/food_Pumpkin.fbx	b57b30764c66050478a60f25f0743d4a	GameObject	39100	-
Assets/Pandazole_Ultimate_Pack/Pandazole Farm Ranch Pack/Models/food_Radish.fbx	319e86b84d6c5144486518bcb8b36de9	GameObject	29388	-
Assets/Pandazole_Ultimate_Pack/Pandazole Farm Ranch Pack/Models/food_RedChili.fbx	3411e230a5766c247a9ee03c8344b3cd	GameObject	33164	-
Assets/Pandazole_Ultimate_Pack/Pandazole Farm Ranch Pack/Models/food_Tangerine.fbx	ecc0649df0d08b048b8f95e3f932f10a	GameObject	28108	-
Assets/Pandazole_Ultimate_Pack/Pandazole Farm Ranch Pack/Models/food_Tomato.fbx	2c65697e0916d5f46b2236cafb2457f3	GameObject	23916	-
Assets/Pandazole_Ultimate_Pack/Pandazole Farm Ranch Pack/Models/food_Watermelon.fbx	1b687da4f5385d54892b4d62e282088c	GameObject	27276	-
Assets/Pandazole_Ultimate_Pack/Pandazole Farm Ranch Pack/Prefabs/Bld_Barn_01.prefab	62c0240cc3fc4c143a97d1592b939b05	GameObject	3187	-
Assets/Pandazole_Ultimate_Pack/Pandazole Farm Ranch Pack/Prefabs/Bld_Barn_02.prefab	47ca09283686fe942ac10af1a25af801	GameObject	3189	-
Assets/Pandazole_Ultimate_Pack/Pandazole Farm Ranch Pack/Prefabs/Bld_ChickenCoop.prefab	cb4d35c78a2eea94a9a4e9ae36afa35a	GameObject	3193	-
Assets/Pandazole_Ultimate_Pack/Pandazole Farm Ranch Pack/Prefabs/Bld_FarmMill_01.prefab	6c20b91f6f25ebb499766bb0be6b5f8a	GameObject	3193	-
Assets/Pandazole_Ultimate_Pack/Pandazole Farm Ranch Pack/Prefabs/Bld_FarmMill_02.prefab	a42676f730c2a654aa6040c7d4bf15ab	GameObject	3192	-
Assets/Pandazole_Ultimate_Pack/Pandazole Farm Ranch Pack/Prefabs/Bld_FarmerHouse.prefab	77d6fa167b9dd4f4aa91eec897b956f3	GameObject	3190	-
Assets/Pandazole_Ultimate_Pack/Pandazole Farm Ranch Pack/Prefabs/Bld_GreenMouse.prefab	0919f6373d0ba3c42898d72b84b02b38	GameObject	3191	-
Assets/Pandazole_Ultimate_Pack/Pandazole Farm Ranch Pack/Prefabs/Bld_Outhouses.prefab	72951464967d60240800936aa1dfea37	GameObject	3190	-
Assets/Pandazole_Ultimate_Pack/Pandazole Farm Ranch Pack/Prefabs/Bld_Silo_01.prefab	bc0f28e5bc04ef54a9b56ebeae78ac48	GameObject	3189	-
Assets/Pandazole_Ultimate_Pack/Pandazole Farm Ranch Pack/Prefabs/Bld_Silo_02.prefab	d8312e4a711e79844958bf19c9e7128e	GameObject	3189	-
Assets/Pandazole_Ultimate_Pack/Pandazole Farm Ranch Pack/Prefabs/Bld_StoreBuilding_01.prefab	916f5058d5c38aa4fb49d3769570cfab	GameObject	3198	-
Assets/Pandazole_Ultimate_Pack/Pandazole Farm Ranch Pack/Prefabs/Demo/Farm_Ranch_Pack_1.0.0 Variant.prefab	7450e0b0341b3c0489e4f82576828dd1	GameObject	104198	-
Assets/Pandazole_Ultimate_Pack/Pandazole Farm Ranch Pack/Prefabs/Env_Bush_01.prefab	541b08bc544cf124daf4a447f2d514f0	GameObject	3187	-
Assets/Pandazole_Ultimate_Pack/Pandazole Farm Ranch Pack/Prefabs/Env_Bush_02.prefab	136a5d02f7166784bb45906490294bfc	GameObject	3188	-
Assets/Pandazole_Ultimate_Pack/Pandazole Farm Ranch Pack/Prefabs/Env_FarmLand_01.prefab	93726edd0d284704eb79e85bd28de41e	GameObject	3192	-
Assets/Pandazole_Ultimate_Pack/Pandazole Farm Ranch Pack/Prefabs/Env_FarmLand_02.prefab	5c3ce9325b3e94e4ea46b4cad7ae2a44	GameObject	3193	-
Assets/Pandazole_Ultimate_Pack/Pandazole Farm Ranch Pack/Prefabs/Env_FarmLand_02_Watered.prefab	8d59287f4b13e5446bf1c31c7c600f55	GameObject	3201	-
Assets/Pandazole_Ultimate_Pack/Pandazole Farm Ranch Pack/Prefabs/Env_FarmLand_03.prefab	5034b1a699a5fe54b949e0356b822009	GameObject	3192	-
Assets/Pandazole_Ultimate_Pack/Pandazole Farm Ranch Pack/Prefabs/Env_FarmLand_03_Watered.prefab	ba2f68878c910d846a9aded396523515	GameObject	3201	-
Assets/Pandazole_Ultimate_Pack/Pandazole Farm Ranch Pack/Prefabs/Env_FarmLand_04.prefab	126f808c06b20cf42a964b812bf3e6a7	GameObject	3193	-
Assets/Pandazole_Ultimate_Pack/Pandazole Farm Ranch Pack/Prefabs/Env_FarmLand_04_Watered.prefab	68b33c43d9e241c469afcf57b907ff54	GameObject	3201	-
Assets/Pandazole_Ultimate_Pack/Pandazole Farm Ranch Pack/Prefabs/Env_FarmLand_05.prefab	6d2559b1a6a297846aabdce2bba61426	GameObject	3192	-
Assets/Pandazole_Ultimate_Pack/Pandazole Farm Ranch Pack/Prefabs/Env_FarmLand_05_Watered.prefab	de9ace0cdea0f94488f03b52bbbe082b	GameObject	3200	-
Assets/Pandazole_Ultimate_Pack/Pandazole Farm Ranch Pack/Prefabs/Env_FarmLand_06.prefab	391c42612dd2e1746b16d3f6cf07ec71	GameObject	3193	-
Assets/Pandazole_Ultimate_Pack/Pandazole Farm Ranch Pack/Prefabs/Env_FarmLand_06_Watered.prefab	56de6c5559ace384c9e8d1dc89573b98	GameObject	3199	-
Assets/Pandazole_Ultimate_Pack/Pandazole Farm Ranch Pack/Prefabs/Env_FarmLand_07.prefab	40064c7d9dd18bd4782885e7109c4fbf	GameObject	3192	-
Assets/Pandazole_Ultimate_Pack/Pandazole Farm Ranch Pack/Prefabs/Env_FarmLand_07_Watered.prefab	5f99b2c9bdea6c549a05fa606dd54c7a	GameObject	3201	-
Assets/Pandazole_Ultimate_Pack/Pandazole Farm Ranch Pack/Prefabs/Env_FarmLand_08.prefab	42d167de4d6e18241983875aa47615ea	GameObject	3192	-
Assets/Pandazole_Ultimate_Pack/Pandazole Farm Ranch Pack/Prefabs/Env_FarmLand_08_Watered.prefab	5d4a3202425eba9469a7086a49892306	GameObject	3200	-
Assets/Pandazole_Ultimate_Pack/Pandazole Farm Ranch Pack/Prefabs/Env_FarmLand_09.prefab	d029fd3df6996fb42a03b510a445abd8	GameObject	3193	-
Assets/Pandazole_Ultimate_Pack/Pandazole Farm Ranch Pack/Prefabs/Env_FarmLand_09_Watered.prefab	1140d1b01639ad34a9e9ad7edc798a37	GameObject	3200	-
Assets/Pandazole_Ultimate_Pack/Pandazole Farm Ranch Pack/Prefabs/Env_FarmLand_10.prefab	8bf8a0bc390459f4bb2e1791d241e5f6	GameObject	3193	-
Assets/Pandazole_Ultimate_Pack/Pandazole Farm Ranch Pack/Prefabs/Env_FarmLand_10_Watered.prefab	132c3d8ba6925d342bfa6107a242fca0	GameObject	3201	-
Assets/Pandazole_Ultimate_Pack/Pandazole Farm Ranch Pack/Prefabs/Env_GrassLand_Cornor.prefab	5e8658a857dce40489f8723b818d9d4d	GameObject	3196	-
Assets/Pandazole_Ultimate_Pack/Pandazole Farm Ranch Pack/Prefabs/Env_GrassLand_Cross.prefab	b9ffce8a21f1d904f8be476a37459f37	GameObject	3197	-
Assets/Pandazole_Ultimate_Pack/Pandazole Farm Ranch Pack/Prefabs/Env_GrassLand_Plain.prefab	e41f2185f1c11a8409ff3cd219f789a1	GameObject	3197	-
Assets/Pandazole_Ultimate_Pack/Pandazole Farm Ranch Pack/Prefabs/Env_GrassLand_Stright.prefab	dee380977b357bd49add80b2225d8bb7	GameObject	3198	-
Assets/Pandazole_Ultimate_Pack/Pandazole Farm Ranch Pack/Prefabs/Env_GrassPlant_01.prefab	b20a4151a6eb1204b868a7f074ba14bb	GameObject	3194	-
Assets/Pandazole_Ultimate_Pack/Pandazole Farm Ranch Pack/Prefabs/Env_GrassPlant_02.prefab	729ab502b328ed647a983caa6fa634f4	GameObject	3194	-
Assets/Pandazole_Ultimate_Pack/Pandazole Farm Ranch Pack/Prefabs/Env_GrassPlant_03.prefab	5eacbcac5b6782b4a9bd8b3824ec2e06	GameObject	3195	-
Assets/Pandazole_Ultimate_Pack/Pandazole Farm Ranch Pack/Prefabs/Env_GrassPlant_04.prefab	48c261e225b3d454388575c2fb5c36fd	GameObject	3192	-
Assets/Pandazole_Ultimate_Pack/Pandazole Farm Ranch Pack/Prefabs/Env_GrassPlant_05.prefab	133d108f88d567441b1a32938cbfceb6	GameObject	3193	scene:BH_XR_MainScene
Assets/Pandazole_Ultimate_Pack/Pandazole Farm Ranch Pack/Prefabs/Env_GrassPlant_06.prefab	d6f0b21eeb5b4f141b4cae0de89e81a5	GameObject	3193	-
Assets/Pandazole_Ultimate_Pack/Pandazole Farm Ranch Pack/Prefabs/Env_GrassPlant_07.prefab	bd7c237cdce072044b243e45753bc7c2	GameObject	3194	-
Assets/Pandazole_Ultimate_Pack/Pandazole Farm Ranch Pack/Prefabs/Env_MetalFence_01.prefab	5274874475fde154fb9568e87c5dc0d3	GameObject	3191	-
Assets/Pandazole_Ultimate_Pack/Pandazole Farm Ranch Pack/Prefabs/Env_Tree_01.prefab	5d5745a0e63397947b3dbc92a667b7a6	GameObject	3189	-
Assets/Pandazole_Ultimate_Pack/Pandazole Farm Ranch Pack/Prefabs/Env_Tree_02.prefab	f236388441bd2494693c3f4c78ae7ee0	GameObject	3187	-
Assets/Pandazole_Ultimate_Pack/Pandazole Farm Ranch Pack/Prefabs/Env_Tree_03.prefab	b214a049616de1a4badde43d2a617311	GameObject	3189	-
Assets/Pandazole_Ultimate_Pack/Pandazole Farm Ranch Pack/Prefabs/Env_Tree_04.prefab	e793f57831947ae4fa0852191bea53df	GameObject	3187	-
Assets/Pandazole_Ultimate_Pack/Pandazole Farm Ranch Pack/Prefabs/Env_Tree_05.prefab	d534d873f81082e4aa9f93a03e577725	GameObject	3188	-
Assets/Pandazole_Ultimate_Pack/Pandazole Farm Ranch Pack/Prefabs/Env_Tree_06.prefab	51633e8f8672ebb4ca80eb935ab9bf7b	GameObject	3189	-
Assets/Pandazole_Ultimate_Pack/Pandazole Farm Ranch Pack/Prefabs/Env_Tree_07.prefab	dd1314451e232934d84f9c1f0afb2806	GameObject	3189	-
Assets/Pandazole_Ultimate_Pack/Pandazole Farm Ranch Pack/Prefabs/Env_WaterLand_01.prefab	65cecbfc6240d874398f912e65c76d53	GameObject	3192	-
Assets/Pandazole_Ultimate_Pack/Pandazole Farm Ranch Pack/Prefabs/Env_WaterLand_02.prefab	8f3e2ba8d21f7d448ac5154f3e590936	GameObject	3194	-
Assets/Pandazole_Ultimate_Pack/Pandazole Farm Ranch Pack/Prefabs/Env_WaterLand_03.prefab	8f28dc3313667424ca084336f41cc638	GameObject	3191	-
Assets/Pandazole_Ultimate_Pack/Pandazole Farm Ranch Pack/Prefabs/Env_WaterLand_04.prefab	c2c82ad295288da4789844199ffd0336	GameObject	3193	-
Assets/Pandazole_Ultimate_Pack/Pandazole Farm Ranch Pack/Prefabs/Env_WaterLand_05.prefab	afee2f5a75b8c5e4688609d0ad0be9d0	GameObject	3193	-
Assets/Pandazole_Ultimate_Pack/Pandazole Farm Ranch Pack/Prefabs/Env_WaterLand_06.prefab	5e2e222b343e926459a4b46ec7b12b69	GameObject	3194	-
Assets/Pandazole_Ultimate_Pack/Pandazole Farm Ranch Pack/Prefabs/Env_WaterLand_07.prefab	3e982c09c6eebc0469899c79ac5d243f	GameObject	3192	-
Assets/Pandazole_Ultimate_Pack/Pandazole Farm Ranch Pack/Prefabs/Env_WaterLand_08.prefab	6afc333f871444f43b0452f4f2e93fe3	GameObject	3194	-
Assets/Pandazole_Ultimate_Pack/Pandazole Farm Ranch Pack/Prefabs/Env_WaterLand_09.prefab	fa0ee8beb5bad1541b3631b882f5dff8	GameObject	3193	-
Assets/Pandazole_Ultimate_Pack/Pandazole Farm Ranch Pack/Prefabs/Env_Well_01.prefab	12117dade10afc44babaa7859bf5a8cb	GameObject	3189	scene:BH_XR_MainScene
Assets/Pandazole_Ultimate_Pack/Pandazole Farm Ranch Pack/Prefabs/Env_Well_02.prefab	3a4046de53984d848bd2af9741c81a4d	GameObject	3188	-
Assets/Pandazole_Ultimate_Pack/Pandazole Farm Ranch Pack/Prefabs/Env_Wheat.prefab	def7ece60be119f488361050b69bb442	GameObject	3187	-
Assets/Pandazole_Ultimate_Pack/Pandazole Farm Ranch Pack/Prefabs/Env_WoodFence_01.prefab	c754dcd1fe6a015409569af86c7c1863	GameObject	3193	-
Assets/Pandazole_Ultimate_Pack/Pandazole Farm Ranch Pack/Prefabs/Env_WoodFence_02.prefab	cc894c3a9e615b747a7f155e4db32bd6	GameObject	3193	-
Assets/Pandazole_Ultimate_Pack/Pandazole Farm Ranch Pack/Prefabs/Env_WoodFence_03.prefab	eb71626052cc9b04f9c433a2655b99d2	GameObject	3193	-
Assets/Pandazole_Ultimate_Pack/Pandazole Farm Ranch Pack/Prefabs/Env_WoodFence_04.prefab	6d94d7893372bb4409e9168c2ded88c0	GameObject	3193	-
Assets/Pandazole_Ultimate_Pack/Pandazole Farm Ranch Pack/Prefabs/Env_WoodFence_05.prefab	df1c59486edbb164993afb23835953e5	GameObject	3193	-
Assets/Pandazole_Ultimate_Pack/Pandazole Farm Ranch Pack/Prefabs/Env_WoodFence_06.prefab	786231a4ce8bda04ea331ca13f8d4a09	GameObject	3193	-
Assets/Pandazole_Ultimate_Pack/Pandazole Farm Ranch Pack/Prefabs/Prop_AnimalFeeder_01.prefab	1e8b64a8c67465e429a221ce771ab5e4	GameObject	3198	-
Assets/Pandazole_Ultimate_Pack/Pandazole Farm Ranch Pack/Prefabs/Prop_AnimalFeeder_02.prefab	259dc5221af9e214e87ef02b3ddc29a1	GameObject	3196	-
Assets/Pandazole_Ultimate_Pack/Pandazole Farm Ranch Pack/Prefabs/Prop_AnimalFeeder_03.prefab	0fe7bfb6811d8284e952afe5c0d732bd	GameObject	3198	-
Assets/Pandazole_Ultimate_Pack/Pandazole Farm Ranch Pack/Prefabs/Prop_Berrel_01.001.prefab	83b296783a085fd49a0ca5e75afb4055	GameObject	3195	-
Assets/Pandazole_Ultimate_Pack/Pandazole Farm Ranch Pack/Prefabs/Prop_Berrel_02_A.prefab	acbd2a85a2889d34d8867af6f1eb395e	GameObject	3192	-
Assets/Pandazole_Ultimate_Pack/Pandazole Farm Ranch Pack/Prefabs/Prop_Berrel_02_B.prefab	a09055eead9362c4baeb0717ee229001	GameObject	3193	-
Assets/Pandazole_Ultimate_Pack/Pandazole Farm Ranch Pack/Prefabs/Prop_Berrel_03.prefab	ee7bbe0c4dc2bdf429520e9bd33033e4	GameObject	3192	-
Assets/Pandazole_Ultimate_Pack/Pandazole Farm Ranch Pack/Prefabs/Prop_Berrel_04.prefab	2ee463b2bf3e7c74ba4c4b4310ddcff3	GameObject	3188	-
Assets/Pandazole_Ultimate_Pack/Pandazole Farm Ranch Pack/Prefabs/Prop_Berrel_05_A.prefab	f7cdd88fcbf762c49b014c74a03e9026	GameObject	3194	-
Assets/Pandazole_Ultimate_Pack/Pandazole Farm Ranch Pack/Prefabs/Prop_Berrel_05_B.prefab	36eb4f37d04a83c4a83a1809e7a139ee	GameObject	3194	-
Assets/Pandazole_Ultimate_Pack/Pandazole Farm Ranch Pack/Prefabs/Prop_BigFarmingTool_01.prefab	1376e7fe2601242438a9efc9b0932e1d	GameObject	3197	-
Assets/Pandazole_Ultimate_Pack/Pandazole Farm Ranch Pack/Prefabs/Prop_BigFarmingTool_02.prefab	3e07e977acab70542ad2c54830ad725f	GameObject	3200	-
Assets/Pandazole_Ultimate_Pack/Pandazole Farm Ranch Pack/Prefabs/Prop_BigFarmingTool_03.prefab	c3b25c9c4449f0a42bf7cd9521e67f9f	GameObject	3199	-
Assets/Pandazole_Ultimate_Pack/Pandazole Farm Ranch Pack/Prefabs/Prop_BigFarmingTool_04.prefab	1b72103361ec93849a6c678ffef1634c	GameObject	3199	-
Assets/Pandazole_Ultimate_Pack/Pandazole Farm Ranch Pack/Prefabs/Prop_BigFarmingTool_05.prefab	64da92a63ffe0c44a9c339a729cd74c7	GameObject	3200	-
Assets/Pandazole_Ultimate_Pack/Pandazole Farm Ranch Pack/Prefabs/Prop_BigFarmingTool_06.prefab	c1bc8d5f36254594089dfc68b665c809	GameObject	3199	-
Assets/Pandazole_Ultimate_Pack/Pandazole Farm Ranch Pack/Prefabs/Prop_BigFarmingTool_07.prefab	433b184eeb06a044e995eb00dae009ee	GameObject	3194	-
Assets/Pandazole_Ultimate_Pack/Pandazole Farm Ranch Pack/Prefabs/Prop_Bucket_01.prefab	96d30e7b80fb1db4e8b4fe4194b0b3b4	GameObject	3191	-
Assets/Pandazole_Ultimate_Pack/Pandazole Farm Ranch Pack/Prefabs/Prop_Bucket_02.prefab	067ab14566afc8c4083df72e1e40d89d	GameObject	3190	-
Assets/Pandazole_Ultimate_Pack/Pandazole Farm Ranch Pack/Prefabs/Prop_Bucket_03.prefab	f75362d3656e0c14cb217c3e1b510418	GameObject	3191	-
Assets/Pandazole_Ultimate_Pack/Pandazole Farm Ranch Pack/Prefabs/Prop_Bucket_04.prefab	77276c782e506e94a8f2534bdc4a918e	GameObject	3189	scene:BH_XR_MainScene
Assets/Pandazole_Ultimate_Pack/Pandazole Farm Ranch Pack/Prefabs/Prop_FoodSack_01.prefab	2777f86191011ac48aea47fbd5f02928	GameObject	3193	-
Assets/Pandazole_Ultimate_Pack/Pandazole Farm Ranch Pack/Prefabs/Prop_FoodSack_02.prefab	b800377a45049214da2137bc28417a9e	GameObject	3194	-
Assets/Pandazole_Ultimate_Pack/Pandazole Farm Ranch Pack/Prefabs/Prop_FoodSack_03.prefab	b13e8935972ad4d498de9bbddd312f70	GameObject	3193	-
Assets/Pandazole_Ultimate_Pack/Pandazole Farm Ranch Pack/Prefabs/Prop_FoodSack_04.prefab	8e695e0a174c0124198c2a4eac33308b	GameObject	3193	-
Assets/Pandazole_Ultimate_Pack/Pandazole Farm Ranch Pack/Prefabs/Prop_Haystack_01.prefab	f6eb79ef127b8eb40aeeca701c5def21	GameObject	3193	-
Assets/Pandazole_Ultimate_Pack/Pandazole Farm Ranch Pack/Prefabs/Prop_Haystack_02.prefab	2ed0497b147b2224294bf9d2f3ff2be2	GameObject	3194	-
Assets/Pandazole_Ultimate_Pack/Pandazole Farm Ranch Pack/Prefabs/Prop_Haystack_03.prefab	0f1e14a243a07364eacf8cde505a9c2b	GameObject	3192	-
Assets/Pandazole_Ultimate_Pack/Pandazole Farm Ranch Pack/Prefabs/Prop_Haystack_04.prefab	0ab3737e889b2fc418cd9cbd22ba5af8	GameObject	3188	-
Assets/Pandazole_Ultimate_Pack/Pandazole Farm Ranch Pack/Prefabs/Prop_Haystack_05.prefab	e1312df88a2b9934e8b0c3310d06ea6b	GameObject	3194	-
Assets/Pandazole_Ultimate_Pack/Pandazole Farm Ranch Pack/Prefabs/Prop_Haystack_06.prefab	eecc297178be40c4eb902b00bfd350f7	GameObject	3193	-
Assets/Pandazole_Ultimate_Pack/Pandazole Farm Ranch Pack/Prefabs/Prop_Haystack_07.prefab	cb349e4e4c032384890cda436b5fb063	GameObject	3190	-
Assets/Pandazole_Ultimate_Pack/Pandazole Farm Ranch Pack/Prefabs/Prop_MetalBerrel_01.prefab	c19f31c315caa3d4786836eb52884381	GameObject	3196	-
Assets/Pandazole_Ultimate_Pack/Pandazole Farm Ranch Pack/Prefabs/Prop_Pallete_01.prefab	77c83503cda412e49a322ddaf231942d	GameObject	3190	-
Assets/Pandazole_Ultimate_Pack/Pandazole Farm Ranch Pack/Prefabs/Prop_Pallete_02.prefab	5ae7900f14d184d479d6e32f0127b797	GameObject	3181	-
Assets/Pandazole_Ultimate_Pack/Pandazole Farm Ranch Pack/Prefabs/Prop_SmallFarmingTool_01.prefab	432e73b49f32b564d8edae56fae939ce	GameObject	3200	-
Assets/Pandazole_Ultimate_Pack/Pandazole Farm Ranch Pack/Prefabs/Prop_SmallFarmingTool_02.prefab	2349a523e2198c44184666ce4aaf1d2a	GameObject	3202	-
Assets/Pandazole_Ultimate_Pack/Pandazole Farm Ranch Pack/Prefabs/Prop_SmallFarmingTool_03.prefab	0fe9ec1b06d27094bbf65c5ff223ce48	GameObject	3197	-
Assets/Pandazole_Ultimate_Pack/Pandazole Farm Ranch Pack/Prefabs/Prop_SmallFarmingTool_04.prefab	12add6a96fff65c4dbeb1a276d017913	GameObject	3199	-
Assets/Pandazole_Ultimate_Pack/Pandazole Farm Ranch Pack/Prefabs/Prop_SmallFarmingTool_05.prefab	55147714e7e74b44f8d1386ce1193497	GameObject	3202	-
Assets/Pandazole_Ultimate_Pack/Pandazole Farm Ranch Pack/Prefabs/Prop_SmallFarmingTool_06.prefab	916c368c871c77f4aa5330cddd1aa414	GameObject	3200	-
Assets/Pandazole_Ultimate_Pack/Pandazole Farm Ranch Pack/Prefabs/Prop_WateringCan_01.prefab	0008465acb9c8e24180da190df35030e	GameObject	3195	-
Assets/Pandazole_Ultimate_Pack/Pandazole Farm Ranch Pack/Prefabs/Prop_WateringCan_02.prefab	d375decb61e29cd4797d91f2ebc6597c	GameObject	3197	scene:BH_XR_MainScene
Assets/Pandazole_Ultimate_Pack/Pandazole Farm Ranch Pack/Prefabs/Prop_WateringCan_03.prefab	7ac88bac19cf3ae4d84ca907cb43d4b4	GameObject	3197	-
Assets/Pandazole_Ultimate_Pack/Pandazole Farm Ranch Pack/Prefabs/Prop_Wheelbarrow.prefab	72c3880aa9165ab4da9cb0656012807f	GameObject	3194	-
Assets/Pandazole_Ultimate_Pack/Pandazole Farm Ranch Pack/Prefabs/Prop_WoodenBox_01.prefab	c6cdebd4757646744a411bf699deb8fb	GameObject	3195	-
Assets/Pandazole_Ultimate_Pack/Pandazole Farm Ranch Pack/Prefabs/Prop_WoodenBox_02.prefab	17be667ea2bc1e148933bc4124830c1f	GameObject	3193	-
Assets/Pandazole_Ultimate_Pack/Pandazole Farm Ranch Pack/Prefabs/Prop_WoodenBox_03.prefab	58f9bffc56214664e969be33c469f6a2	GameObject	3194	-
Assets/Pandazole_Ultimate_Pack/Pandazole Farm Ranch Pack/Prefabs/Prop_WoodenBox_04.prefab	697d161afef5d304d919e355118e5344	GameObject	3194	-
Assets/Pandazole_Ultimate_Pack/Pandazole Farm Ranch Pack/Prefabs/Prop_WoodenBox_05.prefab	9db96fe76376d694994a92870d893312	GameObject	3193	-
Assets/Pandazole_Ultimate_Pack/Pandazole Farm Ranch Pack/Prefabs/Prop_WoodenBox_06.prefab	dd61d9376da13774192b236353368e36	GameObject	3193	-
Assets/Pandazole_Ultimate_Pack/Pandazole Farm Ranch Pack/Prefabs/Prop_WoodenChest_01.prefab	5cd6bc82604284345b4d21adede7e865	GameObject	3196	-
Assets/Pandazole_Ultimate_Pack/Pandazole Farm Ranch Pack/Prefabs/Prop_WoodenChest_02.prefab	17755911f12715b46abdc3db02860d36	GameObject	3196	-
Assets/Pandazole_Ultimate_Pack/Pandazole Farm Ranch Pack/Prefabs/Prop_WoodenCrates_01.prefab	fe7605a19bf829d46b366deda0c04974	GameObject	3197	-
Assets/Pandazole_Ultimate_Pack/Pandazole Farm Ranch Pack/Prefabs/Prop_WoodenCrates_02.prefab	2a40004eea175e7408fcf94d0228c6e4	GameObject	3197	-
Assets/Pandazole_Ultimate_Pack/Pandazole Farm Ranch Pack/Prefabs/Prop_WoodenCrates_03.prefab	bcafd9aa431248846a8d2ed15d2d44cf	GameObject	3194	-
Assets/Pandazole_Ultimate_Pack/Pandazole Farm Ranch Pack/Prefabs/Prop_WoodenCrates_04.prefab	fce2fae08c930a8409a53c394b0df96e	GameObject	3198	scene:BH_XR_MainScene
Assets/Pandazole_Ultimate_Pack/Pandazole Farm Ranch Pack/Prefabs/food_Apple.prefab	507c282e8f7c39c4a8b8f94e70c67a1b	GameObject	3187	-
Assets/Pandazole_Ultimate_Pack/Pandazole Farm Ranch Pack/Prefabs/food_Avocado.prefab	5a12789b4453d4342922520189221042	GameObject	3189	-
Assets/Pandazole_Ultimate_Pack/Pandazole Farm Ranch Pack/Prefabs/food_Banana.prefab	17470619b10b5ae4fac1cb1d8549dcd1	GameObject	3189	-
Assets/Pandazole_Ultimate_Pack/Pandazole Farm Ranch Pack/Prefabs/food_Broccoli.prefab	770aa2e09a8dea349b743ecf79b10b50	GameObject	3191	-
Assets/Pandazole_Ultimate_Pack/Pandazole Farm Ranch Pack/Prefabs/food_Carrot.prefab	5710cc06e518ace4487a28241fcafd20	GameObject	3184	-
Assets/Pandazole_Ultimate_Pack/Pandazole Farm Ranch Pack/Prefabs/food_Common.prefab	27dfabbf2f1a80549910c704302d181b	GameObject	3189	-
Assets/Pandazole_Ultimate_Pack/Pandazole Farm Ranch Pack/Prefabs/food_Cucumber.prefab	3253a48f3e21d6c479ba2389ce05bd16	GameObject	3189	-
Assets/Pandazole_Ultimate_Pack/Pandazole Farm Ranch Pack/Prefabs/food_Eggplant.prefab	fed744b0018f8bc469a10c5ac2590ef2	GameObject	3191	-
Assets/Pandazole_Ultimate_Pack/Pandazole Farm Ranch Pack/Prefabs/food_Garlic.prefab	0d06b057713c2414fab02dc63cb9d6ff	GameObject	3189	-
Assets/Pandazole_Ultimate_Pack/Pandazole Farm Ranch Pack/Prefabs/food_Grape.prefab	78399188c5807114f844b8354a1aef66	GameObject	3188	-
Assets/Pandazole_Ultimate_Pack/Pandazole Farm Ranch Pack/Prefabs/food_Lemon.prefab	250717b00009fa3498cf6e51077625d3	GameObject	3187	-
Assets/Pandazole_Ultimate_Pack/Pandazole Farm Ranch Pack/Prefabs/food_Mango.prefab	1503d852bb214354ebd5463ce20131e5	GameObject	3187	-
Assets/Pandazole_Ultimate_Pack/Pandazole Farm Ranch Pack/Prefabs/food_Onion.prefab	f7e424c0de8d66249bbc114fb33fb246	GameObject	3186	-
Assets/Pandazole_Ultimate_Pack/Pandazole Farm Ranch Pack/Prefabs/food_Orange.prefab	0e80a0cd28764524ab23b2965cab0398	GameObject	3189	-
Assets/Pandazole_Ultimate_Pack/Pandazole Farm Ranch Pack/Prefabs/food_Pear.prefab	63362580f78432e49b8ef2f92323ec19	GameObject	3186	-
Assets/Pandazole_Ultimate_Pack/Pandazole Farm Ranch Pack/Prefabs/food_Pepper.prefab	0ce5706d9e3272c438a03cc1a7c5e7ff	GameObject	3189	-
Assets/Pandazole_Ultimate_Pack/Pandazole Farm Ranch Pack/Prefabs/food_Potato.prefab	9a8fa7746b75426419c7e97390e512fe	GameObject	3189	-
Assets/Pandazole_Ultimate_Pack/Pandazole Farm Ranch Pack/Prefabs/food_Pumpkin.prefab	77d5a35c34a8d47488d6a489bc3fc779	GameObject	3189	-
Assets/Pandazole_Ultimate_Pack/Pandazole Farm Ranch Pack/Prefabs/food_Radish.prefab	dd1bc2469004cc340b7992925355b096	GameObject	3182	-
Assets/Pandazole_Ultimate_Pack/Pandazole Farm Ranch Pack/Prefabs/food_RedChili.prefab	21ce3fb94fb2f4e44bbe601f9b87af99	GameObject	3190	-
Assets/Pandazole_Ultimate_Pack/Pandazole Farm Ranch Pack/Prefabs/food_Tangerine.prefab	6f34c498a65021746bd2eb20abca8232	GameObject	3192	-
Assets/Pandazole_Ultimate_Pack/Pandazole Farm Ranch Pack/Prefabs/food_Tomato.prefab	ced287c544b48a94f83f2231d9ac1261	GameObject	3189	-
Assets/Pandazole_Ultimate_Pack/Pandazole Farm Ranch Pack/Prefabs/food_Watermelon.prefab	a1f5656f666c7b44790a1e923f4542c8	GameObject	3186	-
Assets/Pandazole_Ultimate_Pack/Pandazole Farm Ranch Pack/Scenes/Demo.unity	364deca6773a2e14e8a8547e59472b7d	SceneAsset	10294	-
Assets/Pandazole_Ultimate_Pack/Pandazole Farm Ranch Pack/Textures/PandaMat.png	6a40bece1e9ae614192e1da6b66d969d	Texture2D	8965	scene:BH_XR_MainScene
Assets/Readme.asset	8105016687592461f977c054a80ce2f2	Readme	1144	-
Assets/RealBlend/Art/Brushes/face.png	24ce70569158b97429987b1c962e4bcb	Texture2D	53813	-
Assets/RealBlend/Art/Materials/BuiltIn/VariationExampleBuilt-In.mat	778e7ea62e742d0408ecb8342baf637c	Material	13604	-
Assets/RealBlend/Art/Materials/DefaultVertColor.mat	a5ee10b2344954d43b37da5051bccccb	Material	8149	-
Assets/RealBlend/Art/Materials/HDRP/5BlendExample.mat	b0c8e8997776b26429ac92802b3b9e55	Material	14958	-
Assets/RealBlend/Art/Materials/HDRP/VariationExample.mat	4bc54e4fdb00fc9428c883dc29268395	Material	13082	-
Assets/RealBlend/Art/Materials/HDRP/VariationExample_ExperimentalSPOM.mat	edd7021e4c274c63ae24650ea62fc7fe	Material	13092	-
Assets/RealBlend/Art/Materials/Textures/ConcreteMossMask.png	17c918c63a9f02b46a45d3614077a0a4	Texture2D	8165263	-
Assets/RealBlend/Art/Materials/Textures/Moss002_2K-PNG_Color 1.png	2ff41b8a554efa544a439f8f13c409f5	Texture2D	9129253	-
Assets/RealBlend/Art/Materials/Textures/Moss002_2K-PNG_Color.png	089d9ac44a3b90944a5ab3caae98179f	Texture2D	9129253	-
Assets/RealBlend/Art/Materials/Textures/Moss002_2K-PNG_NormalGL.png	f4a1dc476ada53d47a9d658d51f154c6	Texture2D	24636888	-
Assets/RealBlend/Art/Materials/Textures/MossMask.png	dd0cf3eda774de141a9e1084e1e29f68	Texture2D	11628530	-
Assets/RealBlend/Art/Materials/Textures/Red_Brick_Mask.png	edebd9790124b99438d927152374b17e	Texture2D	6210794	-
Assets/RealBlend/Art/Materials/Textures/RoughPlasterMask.png	a925b1803d7ac4c48bfad1d14738b463	Texture2D	5761765	-
Assets/RealBlend/Art/Materials/Textures/WhitePlaster.png	3a31b773cb711ad4aacfcd4f2fc1ee25	Texture2D	4122921	-
Assets/RealBlend/Art/Materials/Textures/concrete_moss_diff_2k.png	c6fbcb44da9b8624a8ca8368944d0cea	Texture2D	21166815	-
Assets/RealBlend/Art/Materials/Textures/concrete_moss_nor_gl_2k.exr	b2298a381175647419761acb7bb1279d	Texture2D	7969876	-
Assets/RealBlend/Art/Materials/Textures/red_brick_plaster_patch_02_diff_2k.png	84257655a1e325c4189af9f8043b0910	Texture2D	8659576	-
Assets/RealBlend/Art/Materials/Textures/red_brick_plaster_patch_02_nor_gl_2k.exr	f596a08b5d1b7684b85da046acf90ae8	Texture2D	4472925	-
Assets/RealBlend/Art/Materials/Textures/rough_plaster_brick_04_diff_2k.png	6569605d576ea7744b481ef90ffe48c4	Texture2D	26399365	-
Assets/RealBlend/Art/Materials/Textures/rough_plaster_brick_04_nor_gl_2k.exr	45d6c95479f439344821813d5812c443	Texture2D	8702048	-
Assets/RealBlend/Art/Materials/Textures/white_rough_plaster_diff_2k.png	cabd92d381791134080c81733d394279	Texture2D	9081200	-
Assets/RealBlend/Art/Materials/Textures/white_rough_plaster_nor_gl_2k.exr	b1b48560462864842aa2db0e44c7d24e	Texture2D	6359882	-
Assets/RealBlend/Art/Materials/URP/VariationExampleURP.mat	46bdc21a474e3a44eacfaa2d7c9bd403	Material	13438	-
Assets/RealBlend/Art/Meshes/Flat Mesh_Baked 1.asset	ab80e6cbbe8c36f4abed013e16bca7fb	Mesh	1529763	-
Assets/RealBlend/Art/Meshes/Flat Mesh_Baked 2.asset	d4c1f01e245eeed4683da3e4c76ee741	Mesh	144597	-
Assets/RealBlend/Art/Meshes/Flat Mesh_Baked.asset	7af47a0e106892440aeeae73ee6c935c	Mesh	204277	-
Assets/RealBlend/Art/Shaders/PolybrushMixer.cginc	3c54a862f44702a4d94b607b541f70a9	ShaderInclude	9540	-
Assets/RealBlend/Art/Shaders/PolybrushMixer5.cginc	2c26f9e8c98b3004c902c14cf0ac18bb	ShaderInclude	9819	-
Assets/RealBlend/Art/Shaders/RealBlend5WayBlendHDRP.shadergraph	d641e7cfe0a3789498bdab64dab4e05a	Shader	511760	-
Assets/RealBlend/Art/Shaders/RealBlendBuiltInVariation.shader	8c5ebdaf1fe1973428dcf81e97a9dd41	Shader	12302	-
Assets/RealBlend/Art/Shaders/RealBlendExperimentalSPOM.hlsl	676b29a8ef1f4b12bea8e4bf80b05136	ShaderInclude	18328	-
Assets/RealBlend/Art/Shaders/RealBlendVariationHDRP.shadergraph	6e85b33d2d87de24884d411c375e16f3	Shader	438484	-
Assets/RealBlend/Art/Shaders/RealBlendVariationHDRP_ExperimentalSPOM.shadergraph	9a94f6e8e81253e8172bea57bc2e9565	Shader	502160	-
Assets/RealBlend/Art/Shaders/RealBlendVariationURP.shadergraph	4d3f043d1f610a1409e5365d763f08e8	Shader	433040	-
Assets/RealBlend/Art/Shaders/VertexColorPreview.shader	e79cbac5b101f0d4bba716de7d19abc3	Shader	1555	-
Assets/RealBlend/Demo/Scenes/HDRP_RealBlendSampleScene.unity	165e1f6589329e349b188aaab6c15beb	SceneAsset	3352022	-
Assets/RealBlend/Demo/Scenes/RealBlend Sample Scene/GameObject Profile.asset	bc455deac9263bd46ae1913124571640	VolumeProfile	8340	-
Assets/RealBlend/Editor/MaskPacker.cs	fc0a5ba3765842148a495003b5b0e3c8	MonoScript	9754	-
Assets/RealBlend/Editor/RealBlend.cs	00f242e5b1ebed94797aba02858e931d	MonoScript	10163	-
Assets/RealBlend/Editor/RealBlendBoxCreateMode.cs	6d81443d3b7a40adb0125fab2a6a6829	MonoScript	37373	-
Assets/RealBlend/Editor/RealBlendCreationCore.cs	298b3a75a8804baa815dcb8fb0b2e93d	MonoScript	24528	-
Assets/RealBlend/Editor/RealBlendCurvedWallCreateMode.cs	da7d936a5d17418f84da34a1f059f965	MonoScript	5633	-
Assets/RealBlend/Editor/RealBlendFloorCreateMode.cs	d90599023ac84f6ea9bf177716ba5724	MonoScript	2912	-
Assets/RealBlend/Editor/RealBlendSplineCreateMode.cs	be30dddd9aa94ac9b7c5d04d4c64c683	MonoScript	43010	-
Assets/RealBlend/Editor/RealBlendWallCreateMode.cs	65ac416a3c9f457b838efdb50b4afa32	MonoScript	16311	-
Assets/RealBlend/Editor/VertexPaintStorageEditor.cs	5f37cf9f146e5dd4fa1a0222e24ec085	MonoScript	3171	-
Assets/RealBlend/Editor/VertexPainterNoiseModule.cs	ddaec87ee425d544ca4f778319278732	MonoScript	12478	-
Assets/RealBlend/Editor/VertexPainter_ExtraTabs.cs	8b762f81dbf4bff44abba1a647a714cd	MonoScript	6580	-
Assets/RealBlend/Editor/VertexPainter_PaintTab.cs	d55df57960899ea4d9fc0f7867ae4218	MonoScript	71170	-
Assets/RealBlend/Editor/VertexPainter_SculptTab.cs	cad346f6881112c4cac213980922e9fb	MonoScript	68552	-
Assets/RealBlend/RealBlend.pdf	38d8cb55b0eda0b479095503a2ee09f8	DefaultAsset	190974	-
Assets/RealBlend/Scripts/RealBlendExperimentalSPOMBounds.cs	3fa71120c1c34b57ad0aaa7cad443a0c	MonoScript	5501	-
Assets/RealBlend/Scripts/VertexPaintStorage.cs	144a603e48795bb46b88f5128e36b7ef	MonoScript	12330	-
Assets/RealBlend/URP_Demo_Import_Source.unitypackage	5c95edde208ed7e4094ac6917e0ffc60	DefaultAsset	16556	-
Assets/RealBlend/VertexColorPalettes/Color_Example.json	f96803c1de238c94686f97fd20410d38	TextAsset	1742	-
Assets/RealBlend/VertexColorPalettes/Color_Example2.json	41409e563f7e5234eafa173f47c1e53d	TextAsset	1790	-
Assets/Resources/UnityGLTFSettings.asset	5f5b143bfd2e24d10833cc2309cdbf3a	GLTFSettings	15060	resources
Assets/Samples/XR Interaction Toolkit/3.3.1/Starter Assets/AffordanceThemes/PokeSphereColor.asset	fc690d1505c48cb4696838b71abd2ca0	ColorAffordanceThemeDatum	2675	scene:BH_XR_MainScene,scene:BlackKitchen_MemoryScene
Assets/Samples/XR Interaction Toolkit/3.3.1/Starter Assets/Animations/ArrowBounce.anim	ebfa13455423c254e943b87bf6e1f310	AnimationClip	5168	scene:BH_XR_MainScene,scene:BlackKitchen_MemoryScene
Assets/Samples/XR Interaction Toolkit/3.3.1/Starter Assets/Animations/Climb Teleport Arrow.controller	db6239f7ccb29ca4aac63126c6a35e7d	AnimatorController	2034	scene:BH_XR_MainScene,scene:BlackKitchen_MemoryScene
Assets/Samples/XR Interaction Toolkit/3.3.1/Starter Assets/DemoSceneAssets/Materials/Lit White.mat	fc226930e8fad4c499969204cecfbc05	Material	4627	scene:BH_XR_MainScene
Assets/Samples/XR Interaction Toolkit/3.3.1/Starter Assets/DemoSceneAssets/Materials/MaterialPipelineHandler.asset	fcbe69f7b69204d43b67d30e2487c37c	MaterialPipelineHandler	1787	-
Assets/Samples/XR Interaction Toolkit/3.3.1/Starter Assets/DemoSceneAssets/Models/Primitive_Pyramid.fbx	63e02ddb08ce42da868504e1333d48ae	GameObject	21632	-
Assets/Samples/XR Interaction Toolkit/3.3.1/Starter Assets/DemoSceneAssets/Prefabs/Gaze Interactables.prefab	e05cd47ab8981f64badd3bfe29af8f4e	GameObject	32511	-
Assets/Samples/XR Interaction Toolkit/3.3.1/Starter Assets/DemoSceneAssets/Prefabs/Interactables/Cube.prefab	2e16046ebcbcb6742a86569d82e56cce	GameObject	9568	-
Assets/Samples/XR Interaction Toolkit/3.3.1/Starter Assets/DemoSceneAssets/Sprites/Forward.png	f8ecc54972abacc46a93f671b0602139	Texture2D	589	scene:BH_XR_MainScene,scene:BlackKitchen_MemoryScene
Assets/Samples/XR Interaction Toolkit/3.3.1/Starter Assets/DemoSceneAssets/Sprites/LegibilityMask.png	a85d80c1edb5d2f458d42e79f78055b9	Texture2D	532145	scene:BH_XR_MainScene,scene:BlackKitchen_MemoryScene
Assets/Samples/XR Interaction Toolkit/3.3.1/Starter Assets/DemoSceneAssets/Sprites/Round Radius 4.png	affa059594145a843b81788037b4ee21	Texture2D	829	scene:BH_XR_MainScene
Assets/Samples/XR Interaction Toolkit/3.3.1/Starter Assets/DemoSceneAssets/Textures/Concrete_Normal.tif	cdebec39dbf81a14688e1de8d12897b4	Texture2D	1707440	scene:BH_XR_MainScene,scene:BlackKitchen_MemoryScene
Assets/Samples/XR Interaction Toolkit/3.3.1/Starter Assets/Filters/AnyGazedAtTeleportAnchorFilter.asset	0f906c94e2aa0c3488832acc1db04295	GazeTeleportationAnchorFilter	1767	scene:BH_XR_MainScene,scene:BlackKitchen_MemoryScene
Assets/Samples/XR Interaction Toolkit/3.3.1/Starter Assets/Materials/Controller_Grey.mat	99685157b02e4d446bbecb015645e5e8	Material	5352	scene:BH_XR_MainScene,scene:BlackKitchen_MemoryScene
Assets/Samples/XR Interaction Toolkit/3.3.1/Starter Assets/Materials/Controller_White.mat	9f12d299d16099343a3c5c0d7285822a	Material	4865	scene:BH_XR_MainScene,scene:BlackKitchen_MemoryScene
Assets/Samples/XR Interaction Toolkit/3.3.1/Starter Assets/Materials/Flat Blue.mat	91ff3830fc4055a4fb0d0d2be32101a7	Material	2127	scene:BH_XR_MainScene,scene:BlackKitchen_MemoryScene
Assets/Samples/XR Interaction Toolkit/3.3.1/Starter Assets/Materials/FresnelHighlight.mat	f5ccd52dc494e054fbe7d7161dcabe25	Material	4947	scene:BH_XR_MainScene,scene:BlackKitchen_MemoryScene
Assets/Samples/XR Interaction Toolkit/3.3.1/Starter Assets/Materials/Interactable.mat	76618f7490c40334fa7b685859587d2e	Material	5332	scene:BH_XR_MainScene,scene:BlackKitchen_MemoryScene
Assets/Samples/XR Interaction Toolkit/3.3.1/Starter Assets/Materials/MaterialPipelineHandler.asset	dbe8dcb68b75cd2498ab6c1d96e072a4	MaterialPipelineHandler	2837	-
Assets/Samples/XR Interaction Toolkit/3.3.1/Starter Assets/Materials/Telport Anchor.mat	fd3c5d8fce991e04f9c11109dde95b3b	Material	4716	scene:BH_XR_MainScene,scene:BlackKitchen_MemoryScene
Assets/Samples/XR Interaction Toolkit/3.3.1/Starter Assets/Materials/UI-NoZTest.mat	6f3d696f7c3365846b6dc2402afb3d3e	Material	2269	scene:BH_XR_MainScene,scene:BlackKitchen_MemoryScene
Assets/Samples/XR Interaction Toolkit/3.3.1/Starter Assets/Models/BlinkVisual.fbx	27b7629e54b332449bfa3a4065ffe17a	GameObject	34416	scene:BH_XR_MainScene,scene:BlackKitchen_MemoryScene
Assets/Samples/XR Interaction Toolkit/3.3.1/Starter Assets/Models/Pinch_Pointer_LOD0.fbx	e053b8fbc416ba349b4a58a26410bba2	GameObject	36156	scene:BH_XR_MainScene,scene:BlackKitchen_MemoryScene
Assets/Samples/XR Interaction Toolkit/3.3.1/Starter Assets/Models/Reticle_Torus.fbx	be2911572dc3afa448d24b4e97edc5f1	GameObject	33056	scene:BH_XR_MainScene,scene:BlackKitchen_MemoryScene
Assets/Samples/XR Interaction Toolkit/3.3.1/Starter Assets/Models/UniversalController.fbx	147ae308eec018b40a7b312ae58f44c7	GameObject	317024	scene:BH_XR_MainScene,scene:BlackKitchen_MemoryScene
Assets/Samples/XR Interaction Toolkit/3.3.1/Starter Assets/Prefabs/Affordances/PokePointerAffordance.prefab	bb91fcbcb3cc896468b372b1c762bfab	GameObject	11525	scene:BH_XR_MainScene,scene:BlackKitchen_MemoryScene
Assets/Samples/XR Interaction Toolkit/3.3.1/Starter Assets/Prefabs/Controllers/XR Controller Left.prefab	1392f805216c47742996d4742c80721c	GameObject	27260	scene:BH_XR_MainScene,scene:BlackKitchen_MemoryScene
Assets/Samples/XR Interaction Toolkit/3.3.1/Starter Assets/Prefabs/Controllers/XR Controller Right.prefab	9f3369e30fbd31f4bb596b1a99babe83	GameObject	27239	scene:BH_XR_MainScene,scene:BlackKitchen_MemoryScene
Assets/Samples/XR Interaction Toolkit/3.3.1/Starter Assets/Prefabs/Interactors/Direct Interactor.prefab	2fd3e07afe5b461490fb8e314976b1b0	GameObject	6613	-
Assets/Samples/XR Interaction Toolkit/3.3.1/Starter Assets/Prefabs/Interactors/Gaze Interactor.prefab	b84cd05e1160fe34cab2585022c8cd99	GameObject	12996	scene:BH_XR_MainScene,scene:BlackKitchen_MemoryScene
Assets/Samples/XR Interaction Toolkit/3.3.1/Starter Assets/Prefabs/Interactors/Left_NearFarInteractor.prefab	3df3e1220f2164f448701a6de8084f92	GameObject	21410	scene:BH_XR_MainScene,scene:BlackKitchen_MemoryScene
Assets/Samples/XR Interaction Toolkit/3.3.1/Starter Assets/Prefabs/Interactors/Poke Interactor.prefab	27024f5809f4a4347b9cd7f26a1bdf93	GameObject	9027	scene:BH_XR_MainScene,scene:BlackKitchen_MemoryScene
Assets/Samples/XR Interaction Toolkit/3.3.1/Starter Assets/Prefabs/Interactors/Ray Interactor.prefab	ad818c36731146e994540a1896ad8f24	GameObject	17746	-
Assets/Samples/XR Interaction Toolkit/3.3.1/Starter Assets/Prefabs/Interactors/Right_NearFarInteractor.prefab	b200f6587d118224eba8467281481800	GameObject	4883	scene:BH_XR_MainScene,scene:BlackKitchen_MemoryScene
Assets/Samples/XR Interaction Toolkit/3.3.1/Starter Assets/Prefabs/Interactors/Teleport Interactor.prefab	c1800acf6366418a9b5f610249000331	GameObject	17968	scene:BH_XR_MainScene,scene:BlackKitchen_MemoryScene
Assets/Samples/XR Interaction Toolkit/3.3.1/Starter Assets/Prefabs/Permissions Manager.prefab	faf53399145e13c4b992b14c97b5f4c0	GameObject	1707	-
Assets/Samples/XR Interaction Toolkit/3.3.1/Starter Assets/Prefabs/Teleport/Blocking Teleport Reticle.prefab	a3fde713df4d99042a0403c4be9eea32	GameObject	8284	scene:BH_XR_MainScene,scene:BlackKitchen_MemoryScene
Assets/Samples/XR Interaction Toolkit/3.3.1/Starter Assets/Prefabs/Teleport/Climb Teleport Arrow.prefab	ae1968658b9687b47976fe86c062168f	GameObject	10046	scene:BH_XR_MainScene,scene:BlackKitchen_MemoryScene
Assets/Samples/XR Interaction Toolkit/3.3.1/Starter Assets/Prefabs/Teleport/Directional Teleport Reticle.prefab	893219773891c784ab469a39151879b4	GameObject	6364	scene:BH_XR_MainScene,scene:BlackKitchen_MemoryScene
Assets/Samples/XR Interaction Toolkit/3.3.1/Starter Assets/Prefabs/XR Origin (XR Rig).prefab	f6336ac4ac8b4d34bc5072418cdc62a0	GameObject	102287	scene:BH_XR_MainScene,scene:BlackKitchen_MemoryScene
Assets/Samples/XR Interaction Toolkit/3.3.1/Starter Assets/Scripts/ClimbTeleportDestinationIndicator.cs	e766f86cb7d2461683eb37d8a971fb14	MonoScript	5863	scene:BH_XR_MainScene,scene:BlackKitchen_MemoryScene
Assets/Samples/XR Interaction Toolkit/3.3.1/Starter Assets/Scripts/ControllerAnimator.cs	4a5f76f9ea8c80547973ab01877f9567	MonoScript	2969	scene:BH_XR_MainScene,scene:BlackKitchen_MemoryScene
Assets/Samples/XR Interaction Toolkit/3.3.1/Starter Assets/Scripts/ControllerInputActionManager.cs	f9ac216f0eb04754b1d938aac6380b31	MonoScript	20327	scene:BH_XR_MainScene,scene:BlackKitchen_MemoryScene
Assets/Samples/XR Interaction Toolkit/3.3.1/Starter Assets/Scripts/DestroySelf.cs	717c12e2a4cfe764ab2580b1135e10fd	MonoScript	856	-
Assets/Samples/XR Interaction Toolkit/3.3.1/Starter Assets/Scripts/DynamicMoveProvider.cs	9b1e8c997df241c1a67045eeac79b41b	MonoScript	7814	scene:BH_XR_MainScene,scene:BlackKitchen_MemoryScene
Assets/Samples/XR Interaction Toolkit/3.3.1/Starter Assets/Scripts/GazeInputManager.cs	6ef0e4723b64c884699a375196c13ac0	MonoScript	3459	scene:BH_XR_MainScene,scene:BlackKitchen_MemoryScene
Assets/Samples/XR Interaction Toolkit/3.3.1/Starter Assets/Scripts/MaterialPipelineHandler.cs	e7883133e628dff4a86f50c082f77055	MonoScript	9999	-
Assets/Samples/XR Interaction Toolkit/3.3.1/Starter Assets/Scripts/PermissionsManager.cs	4f62c7b7418ee024aa16285921e63d56	MonoScript	6470	-
Assets/Samples/XR Interaction Toolkit/3.3.1/Starter Assets/Scripts/PlatformUnderstanding.cs	3ce213c1f32595b4888e78a36e017d3e	MonoScript	3776	-
Assets/Samples/XR Interaction Toolkit/3.3.1/Starter Assets/Shaders/BiRP_Fresnel.shader	b24c216c4acb0094c892a61dfbbb76b4	Shader	2853	-
Assets/Samples/XR Interaction Toolkit/3.3.1/Starter Assets/Shaders/Interactable.shadergraph	0927d29e476ce5843b1f7d2a96943c51	Shader	97587	scene:BH_XR_MainScene,scene:BlackKitchen_MemoryScene
Assets/Samples/XR Interaction Toolkit/3.3.1/Starter Assets/Shaders/UI-NoZTest.shader	a661e7516de55c047905f40ca76fe701	Shader	2571	scene:BH_XR_MainScene,scene:BlackKitchen_MemoryScene
Assets/Samples/XR Interaction Toolkit/3.3.1/Starter Assets/Shaders/Unlit_Fresnel.shadergraph	e19b5bb6cb8e91e43b1b5d81a069296f	Shader	50864	scene:BH_XR_MainScene,scene:BlackKitchen_MemoryScene
Assets/Samples/XR Interaction Toolkit/3.3.1/Starter Assets/StarterAssets.asmdef	8f07e33567e0ee542b40769c456c6b53	AssemblyDefinitionAsset	689	-
Assets/Samples/XR Interaction Toolkit/3.3.1/Starter Assets/Textures/DefaultMaterial_AO.png	85e675893a909864d9c237e20202651b	Texture2D	891404	scene:BH_XR_MainScene,scene:BlackKitchen_MemoryScene
Assets/Samples/XR Interaction Toolkit/3.3.1/Starter Assets/XRI Default Input Actions.inputactions	c348712bda248c246b8c49b3db54643f	InputActionAsset	137635	scene:BH_XR_MainScene,scene:BlackKitchen_MemoryScene
Assets/Samples/XR Interaction Toolkit/3.3.1/XR Device Simulator/DeviceSimulator.asmdef	a0c6cb4ff4b70b44e933543a342fb2b1	AssemblyDefinitionAsset	733	-
Assets/Samples/XR Interaction Toolkit/3.3.1/XR Device Simulator/Hand Expression Captures/Fist Expression Capture.asset	2a7c8ca0feac7cc44a5c225164ef311d	HandExpressionCapture	6583	scene:BH_XR_MainScene
Assets/Samples/XR Interaction Toolkit/3.3.1/XR Device Simulator/Hand Expression Captures/Grab Expression Capture.asset	3861c298d39c60c44b16920421444875	HandExpressionCapture	7306	scene:BH_XR_MainScene
Assets/Samples/XR Interaction Toolkit/3.3.1/XR Device Simulator/Hand Expression Captures/Open Expression Capture.asset	05293ab353dc8a747a36ed129311686d	HandExpressionCapture	7377	scene:BH_XR_MainScene
Assets/Samples/XR Interaction Toolkit/3.3.1/XR Device Simulator/Hand Expression Captures/Pinch Expression Capture.asset	d6e15a52475c2564ca7d2977fdece24a	HandExpressionCapture	7262	scene:BH_XR_MainScene
Assets/Samples/XR Interaction Toolkit/3.3.1/XR Device Simulator/Hand Expression Captures/Poke Expression Capture.asset	95c319715e9d2644da8ae09af8ccfee6	HandExpressionCapture	7409	scene:BH_XR_MainScene
Assets/Samples/XR Interaction Toolkit/3.3.1/XR Device Simulator/Hand Expression Captures/Resting Expression Capture.asset	5be099e6e6012c244bb41881b6c0ea07	HandExpressionCapture	6585	scene:BH_XR_MainScene
Assets/Samples/XR Interaction Toolkit/3.3.1/XR Device Simulator/Hand Expression Captures/Thumb Expression Capture.asset	9d8c9c84da35a7c4c89efd57343c1df8	HandExpressionCapture	7305	scene:BH_XR_MainScene
Assets/Samples/XR Interaction Toolkit/3.3.1/XR Device Simulator/Scripts/XRDeviceSimulatorControllerUI.cs	a907ece591e731e49b5d7be45f089972	MonoScript	9558	scene:BH_XR_MainScene
Assets/Samples/XR Interaction Toolkit/3.3.1/XR Device Simulator/Scripts/XRDeviceSimulatorHandsUI.cs	f35ac646ecbef4ece8c3eac9e74e1828	MonoScript	7733	scene:BH_XR_MainScene
Assets/Samples/XR Interaction Toolkit/3.3.1/XR Device Simulator/Scripts/XRDeviceSimulatorUI.cs	e8b922481d9264546b97958b2c7cf0a0	MonoScript	44039	scene:BH_XR_MainScene
Assets/Samples/XR Interaction Toolkit/3.3.1/XR Device Simulator/UI/Controller/ControllerLeft.png	10abf1be8eef148d4aa4b96b2af7a9f0	Texture2D	25129	scene:BH_XR_MainScene
Assets/Samples/XR Interaction Toolkit/3.3.1/XR Device Simulator/UI/Controller/ControllerOverlayLinesLeft.png	cd4fe4c19a40743a6896069a50a394ec	Texture2D	10158	scene:BH_XR_MainScene
Assets/Samples/XR Interaction Toolkit/3.3.1/XR Device Simulator/UI/Controller/ControllerOverlayLinesRight.png	310ef0f38fe364cc986d05acdbdf1183	Texture2D	10696	scene:BH_XR_MainScene
Assets/Samples/XR Interaction Toolkit/3.3.1/XR Device Simulator/UI/Controller/ControllerRight.png	17c263f6077f14b218b13656aacd9551	Texture2D	25056	scene:BH_XR_MainScene
Assets/Samples/XR Interaction Toolkit/3.3.1/XR Device Simulator/UI/Controller/xr_ctlr.png	7d7a2f6c5e996e24388af5a8227afdcf	Texture2D	17982	scene:BH_XR_MainScene
Assets/Samples/XR Interaction Toolkit/3.3.1/XR Device Simulator/UI/General/CloseWindow.png	c76518a5819794083a346812c0906b77	Texture2D	7147	scene:BH_XR_MainScene
Assets/Samples/XR Interaction Toolkit/3.3.1/XR Device Simulator/UI/General/CycleXRDevices.png	731e7aed8e9f540ac8bf2a7b66abdaf6	Texture2D	7983	scene:BH_XR_MainScene
Assets/Samples/XR Interaction Toolkit/3.3.1/XR Device Simulator/UI/General/DeviceSimUI_bg.png	d7348fb3f11ba4f6f933462328963785	Texture2D	1945	scene:BH_XR_MainScene
Assets/Samples/XR Interaction Toolkit/3.3.1/XR Device Simulator/UI/General/Gripper.png	17689808316e14280ad508a625c4c88f	Texture2D	3154	scene:BH_XR_MainScene
Assets/Samples/XR Interaction Toolkit/3.3.1/XR Device Simulator/UI/General/KeyboardIcon.png	76dc0abb2ebb44c9a9bd39266f0b3c91	Texture2D	5866	scene:BH_XR_MainScene
Assets/Samples/XR Interaction Toolkit/3.3.1/XR Device Simulator/UI/General/Locked.png	3aad042fcb57b4bed9d9a46b932df060	Texture2D	5673	-
Assets/Samples/XR Interaction Toolkit/3.3.1/XR Device Simulator/UI/General/Look.png	5410adf0b914f49438506b7dd0022773	Texture2D	6733	scene:BH_XR_MainScene
Assets/Samples/XR Interaction Toolkit/3.3.1/XR Device Simulator/UI/General/OpenWindow.png	633d1ace045fe402a9b307cb58251aa4	Texture2D	5680	scene:BH_XR_MainScene
Assets/Samples/XR Interaction Toolkit/3.3.1/XR Device Simulator/UI/General/btn_bgbottom.png	89cb99e3e22696848a1cbce7b320f520	Texture2D	569	scene:BH_XR_MainScene
Assets/Samples/XR Interaction Toolkit/3.3.1/XR Device Simulator/UI/Hands/Hand_Default.png	7d3dbc333af046c4193982e1166659dd	Texture2D	9881	scene:BH_XR_MainScene
Assets/Samples/XR Interaction Toolkit/3.3.1/XR Device Simulator/UI/Hands/Hand_Fist.png	a6e9e9736379c164e81fdfd2c806a91c	Texture2D	12933	scene:BH_XR_MainScene
Assets/Samples/XR Interaction Toolkit/3.3.1/XR Device Simulator/UI/Hands/Hand_Grab.png	bd6b9153aa3b96f49b238bbf6ae68b80	Texture2D	15126	scene:BH_XR_MainScene
Assets/Samples/XR Interaction Toolkit/3.3.1/XR Device Simulator/UI/Hands/Hand_Open.png	ceccab26080354140af21950c6d338d5	Texture2D	9927	scene:BH_XR_MainScene
Assets/Samples/XR Interaction Toolkit/3.3.1/XR Device Simulator/UI/Hands/Hand_Pinch.png	a6721511441c05a43964dac58584c890	Texture2D	12073	scene:BH_XR_MainScene
Assets/Samples/XR Interaction Toolkit/3.3.1/XR Device Simulator/UI/Hands/Hand_Poke.png	a2586e6b399337f409118c79273dc29d	Texture2D	7376	scene:BH_XR_MainScene
Assets/Samples/XR Interaction Toolkit/3.3.1/XR Device Simulator/UI/Hands/Hand_Thumb.png	3b2e62babc5249f42921c2cd027852cd	Texture2D	6530	scene:BH_XR_MainScene
Assets/Samples/XR Interaction Toolkit/3.3.1/XR Device Simulator/UI/Hands/hand.png	290d158031622c645aa55f8bd981be12	Texture2D	11255	scene:BH_XR_MainScene
Assets/Samples/XR Interaction Toolkit/3.3.1/XR Device Simulator/UI/Head/HMD.png	4eb43321e418951499417cda6141b31a	Texture2D	9918	scene:BH_XR_MainScene
Assets/Samples/XR Interaction Toolkit/3.3.1/XR Device Simulator/UI/Head/HMD_d.png	177f60e6b21ff774093004ca330b2241	Texture2D	11463	scene:BH_XR_MainScene
Assets/Samples/XR Interaction Toolkit/3.3.1/XR Device Simulator/UI/Head/MoveRotateTool.png	139237a044d8e4255b40bb472c842087	Texture2D	15421	scene:BH_XR_MainScene
Assets/Samples/XR Interaction Toolkit/3.3.1/XR Device Simulator/UI/Head/Movement.png	1d56a2d39cfbb49149abbf0076259327	Texture2D	8801	scene:BH_XR_MainScene
Assets/Samples/XR Interaction Toolkit/3.3.1/XR Device Simulator/UI/Head/XR.png	0265e2b6afccd49de9c1f0b3a1fb4285	Texture2D	8084	-
Assets/Samples/XR Interaction Toolkit/3.3.1/XR Device Simulator/UI/Head/xr_hmd.png	08548d5ac6b7bc64da0b332636c5cc91	Texture2D	13063	scene:BH_XR_MainScene
Assets/Samples/XR Interaction Toolkit/3.3.1/XR Device Simulator/UI/Mouse/Cursor.png	9e4e923f2e0534a56b6a0c2321388194	Texture2D	7340	scene:BH_XR_MainScene
Assets/Samples/XR Interaction Toolkit/3.3.1/XR Device Simulator/UI/Mouse/Mouse.png	f997d60d79a4e45cab6b1814e377a1b3	Texture2D	8314	scene:BH_XR_MainScene
Assets/Samples/XR Interaction Toolkit/3.3.1/XR Device Simulator/UI/Mouse/MouseR.png	14e910c1fb9c7514a8106ffd25f1d892	Texture2D	13952	scene:BH_XR_MainScene
Assets/Samples/XR Interaction Toolkit/3.3.1/XR Device Simulator/UI/Mouse/MouseR_d.png	308cc8b73722e43eab64c228a76560a6	Texture2D	8840	scene:BH_XR_MainScene
Assets/Samples/XR Interaction Toolkit/3.3.1/XR Device Simulator/UI/XR Device Simulator UI.prefab	ead42e0472b7547fbba6c229aeaf37d3	GameObject	427485	scene:BH_XR_MainScene
Assets/Samples/XR Interaction Toolkit/3.3.1/XR Device Simulator/XR Device Controller Controls.inputactions	0be0028c24f2a4c14a96b6aa39055933	InputActionAsset	16259	scene:BH_XR_MainScene
Assets/Samples/XR Interaction Toolkit/3.3.1/XR Device Simulator/XR Device Hand Controls.inputactions	b72ab2a46d9094be38774d023beb4d34	InputActionAsset	4915	scene:BH_XR_MainScene
Assets/Samples/XR Interaction Toolkit/3.3.1/XR Device Simulator/XR Device Simulator Controls.inputactions	da2b439d1a2de5c46a4f428f8cf4fe19	InputActionAsset	23000	scene:BH_XR_MainScene
Assets/Samples/XR Interaction Toolkit/3.3.1/XR Device Simulator/XR Device Simulator.prefab	18ddb545287c546e19cc77dc9fbb2189	GameObject	14636	scene:BH_XR_MainScene
Assets/Scripts/FaceCamera.cs	1aa5eb26b4ba49fbbef452f9f85399a6	MonoScript	903	-
Assets/Scripts/HolographicSlideshow.cs	bba09c296aff45819a09ed93f13d3012	MonoScript	9821	scene:BH_XR_MainScene
Assets/Scripts/InteractableLinkLauncher.cs	d1b3d5c6af7674c89a428509a6af69d6	MonoScript	1445	scene:BH_XR_MainScene
Assets/Scripts/MediaVideoController.cs	249b73ef51b046e7be3121feefbb14af	MonoScript	15028	scene:BH_XR_MainScene
Assets/Scripts/MeshellArticleNotebookInputRouter.cs	2995d76549c6412485208397a8ed35f9	MonoScript	3004	-
Assets/Scripts/MeshellArticleNotebookOpener.cs	679974e6520b450f80b34581c8a9f1ff	MonoScript	663	scene:BH_XR_MainScene
Assets/Scripts/MeshellArticleReaderController.cs	e36e4d38269d4fb2b7dc05c688ed5b0b	MonoScript	13198	scene:BH_XR_MainScene
Assets/Scripts/PlatformInteractionPrompt.cs	068113101a9348c098c3c4e0616414d7	MonoScript	3674	scene:BH_XR_MainScene
Assets/Scripts/QuiltVideoPopUp.cs	0ec2989716f2d413cbfd3da11d97d83d	MonoScript	5702	-
Assets/Scripts/RuntimeMediaPaths.cs	f81657ce24194a07b54a29b20da543e0	MonoScript	306	-
Assets/Scripts/SimpleImagePopupController.cs	83121073226a04f0c8c2449e5c6f9a74	MonoScript	7749	scene:BH_XR_MainScene
Assets/Scripts/SimpleImagePopupInteractor.cs	5e2b49fe8698944a3b494e9d57ae84eb	MonoScript	2148	scene:BH_XR_MainScene
Assets/Scripts/SpatialAudioToggle.cs	4c3a2ad9f7b94c5b8f9e268f68184e16	MonoScript	2312	scene:BH_XR_MainScene
Assets/Settings/DefaultVolumeProfile.asset	ab09877e2e707104187f6f83e2f62510	VolumeProfile	24035	-
Assets/Settings/Mobile_RPAsset.asset	5e6cbd92db86f4b18aec3ed561671858	UniversalRenderPipelineAsset	4648	renderPipeline
Assets/Settings/Mobile_Renderer.asset	65bc7dbf4170f435aa868c779acfb082	UniversalRendererData	1713	renderPipeline
Assets/Settings/PC_RPAsset.asset	4b83569d67af61e458304325a23e5dfd	UniversalRenderPipelineAsset	4669	renderPipeline
Assets/Settings/PC_Renderer.asset	f288ae1f4751b564a96ac7587541f7a2	UniversalRendererData	3439	renderPipeline
Assets/Settings/SampleSceneProfile.asset	10fc4df2da32a41aaa32d77bc913491c	VolumeProfile	3703	renderPipeline,scene:BH_XR_MainScene
Assets/Settings/UniversalRenderPipelineGlobalSettings.asset	18dc0cd2c080841dea60987a38ce93fa	UniversalRenderPipelineGlobalSettings	26893	-
Assets/Shaded Spectrum/Cozy Interiors Demo Pack/Materials/Gingham Kitchen Linen.mat	2c0f0563bff7a814ebdf8eff3c51e0f7	Material	4050	scene:BH_XR_MainScene
Assets/Shaded Spectrum/Cozy Interiors Demo Pack/Materials/Painted Beech Wall Boards.mat	518754532f8b6774c9654b742d01b61d	Material	4063	scene:BH_XR_MainScene
Assets/Shaded Spectrum/Cozy Interiors Demo Pack/Textures/Coarse Burlap Upholstery/CoarseBurlapUpholsteryAlbedo.png	7cee7812663ae154d995f8badefc1ae1	Texture2D	9619380	-
Assets/Shaded Spectrum/Cozy Interiors Demo Pack/Textures/Coarse Burlap Upholstery/CoarseBurlapUpholsteryAmbientOcclusionMap.png	7869e4cdfd972d64baf6a9c286116dd7	Texture2D	3850400	-
Assets/Shaded Spectrum/Cozy Interiors Demo Pack/Textures/Coarse Burlap Upholstery/CoarseBurlapUpholsteryDisplacementMap.png	6229ba42737b8254ebec0cb7677526e0	Texture2D	3692367	-
Assets/Shaded Spectrum/Cozy Interiors Demo Pack/Textures/Coarse Burlap Upholstery/CoarseBurlapUpholsteryNormalMap.png	3432375e7f9c2e54a9da7469fa157de3	Texture2D	13192666	-
Assets/Shaded Spectrum/Cozy Interiors Demo Pack/Textures/Cracked Terracotta Floor/CrackedTerracottaFloorAlbedo.png	4d58198aca9d82d409d9c922ca95dcd4	Texture2D	9300671	-
Assets/Shaded Spectrum/Cozy Interiors Demo Pack/Textures/Cracked Terracotta Floor/CrackedTerracottaFloorAmbientOcclusionMap.png	ddb9d13f5edd8fa42907f99f17bae7f6	Texture2D	3760864	-
Assets/Shaded Spectrum/Cozy Interiors Demo Pack/Textures/Cracked Terracotta Floor/CrackedTerracottaFloorDisplacementMap.png	aa0acccd42483d8409e85849343701c0	Texture2D	3636341	-
Assets/Shaded Spectrum/Cozy Interiors Demo Pack/Textures/Cracked Terracotta Floor/CrackedTerracottaFloorNormalMap.png	483a062c30f4c0b4bbe3cb09de03808a	Texture2D	13245240	-
Assets/Shaded Spectrum/Cozy Interiors Demo Pack/Textures/Gingham Kitchen Linen/GinghamKitchenLinenAlbedo.png	c86967003bfea014d9aa9b879be13abf	Texture2D	9262133	scene:BH_XR_MainScene
Assets/Shaded Spectrum/Cozy Interiors Demo Pack/Textures/Gingham Kitchen Linen/GinghamKitchenLinenAmbientOcclusionMap.png	407c1ec5605b5c547bc6aa7bb70eb55e	Texture2D	3728242	scene:BH_XR_MainScene
Assets/Shaded Spectrum/Cozy Interiors Demo Pack/Textures/Gingham Kitchen Linen/GinghamKitchenLinenDisplacementMap.png	c505a7b0c3a42164f858522acb744b5c	Texture2D	3644957	scene:BH_XR_MainScene
Assets/Shaded Spectrum/Cozy Interiors Demo Pack/Textures/Gingham Kitchen Linen/GinghamKitchenLinenNormalMap.png	a36ea2025ba79a747b7ebcc596e43496	Texture2D	13090673	scene:BH_XR_MainScene
Assets/Shaded Spectrum/Cozy Interiors Demo Pack/Textures/Mossy Flagstone Floor/MossyFlagstoneFloorAlbedo.png	49531aadb13a8f94ebe166e29ff4e9c3	Texture2D	8332818	-
Assets/Shaded Spectrum/Cozy Interiors Demo Pack/Textures/Mossy Flagstone Floor/MossyFlagstoneFloorAmbientOcclusionMap.png	7e5b4bf0970b2de42a5192037a2e8953	Texture2D	3418086	-
Assets/Shaded Spectrum/Cozy Interiors Demo Pack/Textures/Mossy Flagstone Floor/MossyFlagstoneFloorDisplacementMap.png	b6c7e4d31fc99094e89752a76e198a71	Texture2D	3376621	-
Assets/Shaded Spectrum/Cozy Interiors Demo Pack/Textures/Mossy Flagstone Floor/MossyFlagstoneFloorNormalMap.png	ce1e9fd8de252fd40831175b7b4722d5	Texture2D	12849635	-
Assets/Shaded Spectrum/Cozy Interiors Demo Pack/Textures/Oak Ladder Shelf Panels/OakLadderShelfPanelsAlbedo.png	a9529dcc776e11140ab8c2a52dd0bcca	Texture2D	8182648	-
Assets/Shaded Spectrum/Cozy Interiors Demo Pack/Textures/Oak Ladder Shelf Panels/OakLadderShelfPanelsAmbientOcclusionMap.png	66e8edff63076ce4280f2da33eacc727	Texture2D	3933163	-
Assets/Shaded Spectrum/Cozy Interiors Demo Pack/Textures/Oak Ladder Shelf Panels/OakLadderShelfPanelsDisplacementMap.png	e824480c7a5ae9f459371410aafd70f7	Texture2D	3859240	-
Assets/Shaded Spectrum/Cozy Interiors Demo Pack/Textures/Oak Ladder Shelf Panels/OakLadderShelfPanelsNormalMap.png	59c1c8f86b1fa744cac90b5e4bf3b4a8	Texture2D	13546741	-
Assets/Shaded Spectrum/Cozy Interiors Demo Pack/Textures/Painted Beech Wall Boards/PaintedBeechWallBoardsAlbedo.png	792d0f119fdb13f4b91674c99f744692	Texture2D	6764177	scene:BH_XR_MainScene
Assets/Shaded Spectrum/Cozy Interiors Demo Pack/Textures/Painted Beech Wall Boards/PaintedBeechWallBoardsAmbientOcclusionMap.png	f215e3a6d81ef3d4689eef8d40e04abf	Texture2D	3177049	scene:BH_XR_MainScene
Assets/Shaded Spectrum/Cozy Interiors Demo Pack/Textures/Painted Beech Wall Boards/PaintedBeechWallBoardsDisplacementMap.png	566c60dbdf642744688e6c4725d86cf4	Texture2D	3265356	scene:BH_XR_MainScene
Assets/Shaded Spectrum/Cozy Interiors Demo Pack/Textures/Painted Beech Wall Boards/PaintedBeechWallBoardsNormalMap.png	1487087e53fd63b45a10cd95b7c76426	Texture2D	12207021	scene:BH_XR_MainScene
Assets/SimpleNaturePack/Materials/SimpleNaturePack_BG.mat	886ecf0ee44718246aa083d8aad49b79	Material	11062	-
Assets/SimpleNaturePack/Materials/SimpleNaturePack_Texture_01.mat	93caadf4359ae8143aad35b3145d31af	Material	11132	scene:BH_XR_MainScene
Assets/SimpleNaturePack/Models/Branch_01.fbx	5528351815fd4c04abf537f22c7e18f1	GameObject	20652	-
Assets/SimpleNaturePack/Models/Bush_01.fbx	d8ea93d2d4757e444a5349f4bc849128	GameObject	24940	-
Assets/SimpleNaturePack/Models/Bush_02.fbx	ba52853a69186a841a52a9cc2e9b77fa	GameObject	24252	-
Assets/SimpleNaturePack/Models/Bush_03.fbx	7b5a098d913a3c74692a2a9963dbd3ba	GameObject	51388	-
Assets/SimpleNaturePack/Models/Flowers_01.fbx	b5a80b3e2a089b841b155d7c7f461e7c	GameObject	39036	scene:BH_XR_MainScene
Assets/SimpleNaturePack/Models/Flowers_02.fbx	8ea980fdc4aa5e749b000c1a0d4b9bbc	GameObject	45388	-
Assets/SimpleNaturePack/Models/Grass_01.fbx	ad3119cbd6dce024e8460ef32dec49df	GameObject	29004	-
Assets/SimpleNaturePack/Models/Grass_02.fbx	638dc165572d2a84081d13ce1afb4d52	GameObject	24444	-
Assets/SimpleNaturePack/Models/Ground_01.fbx	d4ad967689295ba4eaf8baeaebc8721b	GameObject	35276	-
Assets/SimpleNaturePack/Models/Ground_02.fbx	57d3eed6d2253d24994d5ad37e00aedc	GameObject	35436	-
Assets/SimpleNaturePack/Models/Ground_03.fbx	661464e19c087564badb2bf5230c842c	GameObject	35132	scene:BH_XR_MainScene
Assets/SimpleNaturePack/Models/Mushroom_01.fbx	d062f5c56ffb55c4f832432ada269abe	GameObject	34908	-
Assets/SimpleNaturePack/Models/Mushroom_02.fbx	6c890c97a154a474082af84a379dffce	GameObject	23996	-
Assets/SimpleNaturePack/Models/Rock_01.fbx	e9089b1db16b58f4282a94e020b9c0e8	GameObject	19196	-
Assets/SimpleNaturePack/Models/Rock_02.fbx	3a775dc2c1a334b45a5667a56fe92c23	GameObject	19100	-
Assets/SimpleNaturePack/Models/Rock_03.fbx	14125b656fb71fd4d9d65bfe344107ad	GameObject	18908	-
Assets/SimpleNaturePack/Models/Rock_04.fbx	33ebf3440b12ec245bd008cd464f8d9a	GameObject	19196	-
Assets/SimpleNaturePack/Models/Rock_05.fbx	fa2e670bb3648a84b9df8d16da25b85e	GameObject	19980	-
Assets/SimpleNaturePack/Models/Stump_01.fbx	768be665aba8b4e4aae7a973ae9616cf	GameObject	27340	-
Assets/SimpleNaturePack/Models/Tree_01.fbx	6c7eaede4efc960409fb9ef2dfb77f29	GameObject	46972	-
Assets/SimpleNaturePack/Models/Tree_02.fbx	4471b1f7f824e4d44887e1364c6fc61a	GameObject	47484	-
Assets/SimpleNaturePack/Models/Tree_03.fbx	69f0af3a0a6c73b4ab4b89eb82cdc488	GameObject	43388	-
Assets/SimpleNaturePack/Models/Tree_04.fbx	83e8d2542718a2e49a73d71c3a5fc685	GameObject	47548	-
Assets/SimpleNaturePack/Models/Tree_05.fbx	603970f97e50c56488ec3c5a6febd940	GameObject	30780	-
Assets/SimpleNaturePack/Prefabs/Branch_01.prefab	b9de24523a11d714db3851b5f0f9d527	GameObject	2817	-
Assets/SimpleNaturePack/Prefabs/Bush_01.prefab	3cdafb3c2f54d434894928d72d282874	GameObject	6777	-
Assets/SimpleNaturePack/Prefabs/Bush_02.prefab	b71b0f8d2f881c743a85228f3030d1cb	GameObject	6782	-
Assets/SimpleNaturePack/Prefabs/Bush_03.prefab	34d3f526198dae440bb2ce6005d86055	GameObject	6767	-
Assets/SimpleNaturePack/Prefabs/Flowers_01.prefab	ac8efb728f1fb9b4092c4df591c827ca	GameObject	6787	scene:BH_XR_MainScene
Assets/SimpleNaturePack/Prefabs/Flowers_02.prefab	299e7a1cb6456cf4fa6079cf5978df9b	GameObject	6789	-
Assets/SimpleNaturePack/Prefabs/Grass_01.prefab	f1fc5bb90ac285e4486771552d63bcb8	GameObject	6783	-
Assets/SimpleNaturePack/Prefabs/Grass_02.prefab	ffbddc4ef9676cc419e81e06aaa836d8	GameObject	6783	-
Assets/SimpleNaturePack/Prefabs/Ground_01.prefab	ebee340de387f334f9ac44e044abd8fb	GameObject	2817	-
Assets/SimpleNaturePack/Prefabs/Ground_02.prefab	e2e682b966e3f644392ffbfab511e0e2	GameObject	2817	-
Assets/SimpleNaturePack/Prefabs/Ground_03.prefab	3f9b178ccd3b86f4ebbfc1f5a2815e56	GameObject	2817	scene:BH_XR_MainScene
Assets/SimpleNaturePack/Prefabs/Mushroom_01.prefab	ff62b58c5a9ea164fa8ddf8038e10cd1	GameObject	6786	-
Assets/SimpleNaturePack/Prefabs/Mushroom_02.prefab	494f6d43e170e9145bc7865d243ee00b	GameObject	6791	-
Assets/SimpleNaturePack/Prefabs/Rock_01.prefab	c6308cb7062fac34e8e50600086b12a1	GameObject	2815	-
Assets/SimpleNaturePack/Prefabs/Rock_02.prefab	cebfacc247a640945a2c30b442202fca	GameObject	2815	-
Assets/SimpleNaturePack/Prefabs/Rock_03.prefab	0fde05fa0f3321942a21896ff4f0856f	GameObject	2815	-
Assets/SimpleNaturePack/Prefabs/Rock_04.prefab	f02116c209ecd9e488fc4d2cd8996133	GameObject	2815	-
Assets/SimpleNaturePack/Prefabs/Rock_05.prefab	a778b631c6253a04899cb31bad047c81	GameObject	2815	-
Assets/SimpleNaturePack/Prefabs/Stump_01.prefab	eebb56c82efbd8d4bb0eb6bd925a0e9d	GameObject	6761	-
Assets/SimpleNaturePack/Prefabs/Tree_01.prefab	88f2fd29f58b9734683512546acec310	GameObject	6759	-
Assets/SimpleNaturePack/Prefabs/Tree_02.prefab	e289bf5debb17f6459818c207d781953	GameObject	6760	-
Assets/SimpleNaturePack/Prefabs/Tree_03.prefab	c60edd51c065ceb46b345849a03bc106	GameObject	6762	-
Assets/SimpleNaturePack/Prefabs/Tree_04.prefab	f0c16f0ea935ea64297ca1d4d55d9746	GameObject	6768	-
Assets/SimpleNaturePack/Prefabs/Tree_05.prefab	60f79905accf3b24fa0114b941f1aac0	GameObject	6777	-
Assets/SimpleNaturePack/Scenes/SimpleNaturePack_Demo.unity	5e7af4bd95ac53a4cb784a9eedf8f6f9	SceneAsset	423165	-
Assets/SimpleNaturePack/Scenes/SimpleNaturePack_DemoSettings.lighting	70f1fbbec25a32b468ffc334f5f6dca3	LightingSettings	1769	-
Assets/SimpleNaturePack/Scenes/SimpleNaturePack_Overview.unity	b818941d93326b949a3840a1d79ea88f	SceneAsset	79977	-
Assets/SimpleNaturePack/Scenes/SimpleNaturePack_OverviewSettings.lighting	a4b7bfd2efa570d46b66679603ca2b9c	LightingSettings	1773	-
Assets/SimpleNaturePack/SimpleNaturePack_2020.3_HDRP_v1.24.unitypackage	58f7e79a87c79824597746e8c1bfe400	DefaultAsset	723600	-
Assets/SimpleNaturePack/SimpleNaturePack_2020.3_URP_v1.24.unitypackage	f58d25b9e504a4f41ab4a71cf87c1845	DefaultAsset	673678	-
Assets/SimpleNaturePack/Textures/NaturePackLite_Texture_01.png	28a51d508c86a8948b59df81d5188b17	Texture2D	8008	scene:BH_XR_MainScene
Assets/StarterAssets/Environment/Art/Materials/GreyBlue_Mat.mat	6b911390c5825014e8377183a7837d3f	Material	3840	scene:BH_XR_MainScene,scene:BlackKitchen_MemoryScene
Assets/StarterAssets/Environment/Art/Skybox/SkyboxLite.mat	f6c51332ac7d92541a38fb263b09d2a8	Material	2404	scene:BH_XR_MainScene
Assets/StarterAssets/FirstPersonController/Prefabs/MainCamera.prefab	2d3a85ecde41a8246a79669975912b74	GameObject	3251	scene:BH_XR_MainScene,scene:BlackKitchen_MemoryScene
Assets/StarterAssets/FirstPersonController/Prefabs/NestedParent_Unpack.prefab	035bf1ba97d19214580cfe6f5a29fdc3	GameObject	19913	-
Assets/StarterAssets/FirstPersonController/Prefabs/PlayerCapsule.prefab	c5efc39a8aaf6e64ea40e9ad573e9b47	GameObject	10630	scene:BH_XR_MainScene,scene:BlackKitchen_MemoryScene
Assets/StarterAssets/FirstPersonController/Scripts/BasicRigidBodyPush.cs	909d917d73a63f940ac158d02e936645	MonoScript	1127	scene:BH_XR_MainScene,scene:BlackKitchen_MemoryScene
Assets/StarterAssets/FirstPersonController/Scripts/FirstPersonController.cs	55919ac34a26952479f3fc91f777b2fa	MonoScript	8693	scene:BH_XR_MainScene,scene:BlackKitchen_MemoryScene
Assets/StarterAssets/InputSystem/StarterAssets.inputactions	4419d82f33d36e848b3ed5af4c8da37e	InputActionAsset	10217	inputActions,scene:BH_XR_MainScene,scene:BlackKitchen_MemoryScene
Assets/StarterAssets/InputSystem/StarterAssetsInputs.cs	e087ecce43ebbff45a1b360637807d93	MonoScript	1506	scene:BH_XR_MainScene,scene:BlackKitchen_MemoryScene
Assets/StarterAssets/Mobile/Prefabs/CanvasInputs/UI_Canvas_StarterAssetsInputs_TouchZones.prefab	7484ce6f8ca3d81408c606b5ae8b9ff3	GameObject	26601	-
Assets/StarterAssets/Mobile/Prefabs/VirtualInputs/UI_Virtual_TouchZone.prefab	c82978c3789dad44da354dc354c782b2	GameObject	8123	-
Assets/StarterAssets/Mobile/Scripts/VirtualInputs/UIVirtualTouchZone.cs	65870f34fef70aa44b0f562cfc810220	MonoScript	3370	-
Assets/StarterAssets/Readme.asset	4181bfe715a83e843b7538d750dc57cc	Readme	2332	-
Assets/StarterAssets/Settings/High_PipelineAsset.asset	85f61ec9fa7114d5f88c736532abeeef	UniversalRenderPipelineAsset	4612	-
Assets/StarterAssets/Settings/High_PipelineAsset_ForwardRenderer.asset	3845c0ed313b24e138f25ec5f2faacf0	UniversalRendererData	2268	-
Assets/StarterAssets/Settings/Low_PipelineAsset.asset	d6898ced4e4514f55ab4909252c72153	UniversalRenderPipelineAsset	4611	-
Assets/StarterAssets/Settings/Low_PipelineAsset_ForwardRenderer.asset	44b37c8f6729f41cfac615998e7cc9f7	UniversalRendererData	2267	-
Assets/StarterAssets/Settings/Medium_PipelineAsset.asset	e00893132ee3140498fd2709faa1a711	UniversalRenderPipelineAsset	4614	-
Assets/StarterAssets/Settings/Medium_PipelineAsset_ForwardRenderer.asset	871a00306922d48e1872740163b0d74b	UniversalRendererData	2270	-
Assets/StarterAssets/Settings/Ultra_PipelineAsset.asset	8b79b977e86dc420c9a4b7b6c05a74a8	UniversalRenderPipelineAsset	4614	-
Assets/StarterAssets/Settings/Ultra_PipelineAsset_ForwardRenderer.asset	4ee808e09c6774436b0c2a048e53e708	UniversalRendererData	1860	-
Assets/StarterAssets/Settings/Very High_PipelineAsset.asset	6c78c14c4228d46a29bda6557d8041f9	UniversalRenderPipelineAsset	4617	-
Assets/StarterAssets/Settings/Very High_PipelineAsset_ForwardRenderer.asset	4962dd039b8344ed295c4518245d6c7b	UniversalRendererData	2273	-
Assets/StarterAssets/Settings/Very Low_PipelineAsset.asset	69480fc1192f04488be5781c2ec080a9	UniversalRenderPipelineAsset	4616	-
Assets/StarterAssets/Settings/Very Low_PipelineAsset_ForwardRenderer.asset	68e7634ac637d4fa3b93ca66af33aa8a	UniversalRendererData	2272	-
Assets/StarterAssets/TutorialInfo/Icons/ReadMeImg.PNG	44a17a5b205fcd349a24700e6f5615bd	Texture2D	230181	-
Assets/StarterAssets/license.txt	b846ecad8a98bd34dba8a5daf996d86e	TextAsset	156	-
Assets/StreamingAssets/Linda_Leaks_CHOF_720p.mp4	cf3b9d68c16c494e9d2ec1afcfe5164b	DefaultAsset	27498077	streamingAssets
Assets/StreamingAssets/and that is the truth - you know what I'm meaning_720p.mp4	2ba11efb7a64462093da113f153e2914	DefaultAsset	106877663	streamingAssets
Assets/StreamingAssets/in_my_sisters_room_xr.mp4	cd3bdbdd785a947dab59a7f301189d21	DefaultAsset	52755676	scene:BH_XR_MainScene,streamingAssets
Assets/StreamingAssets/subjected_to_recognition_720p.mp4	da23b44d4f86b47018855b921411b01f	DefaultAsset	230720	streamingAssets
Assets/StreamingAssets/such lovely gravy_720p.mp4	7d549a4afa06c4632aed7f401ac31f97	DefaultAsset	6133227	streamingAssets
Assets/StreamingAssets/you don't know about style my darling_720p.mp4	ee3e0aea23c2246b6a2f86ff9e8b0a67	DefaultAsset	11537718	streamingAssets
Assets/SubstanceAssets/LittleGamesPack/Materials/CardsAndTables.mat	acee5651fa8f28a4a93d6f83dc387a45	Material	4212	-
Assets/SubstanceAssets/LittleGamesPack/Materials/ChessPieces.mat	840105e70daac554cb395e67b214332f	Material	4207	-
Assets/SubstanceAssets/LittleGamesPack/Materials/GamePieces.mat	a65e6227ec9f5c647b25d8c80cc88d41	Material	4191	scene:BH_XR_MainScene
Assets/SubstanceAssets/LittleGamesPack/Models/Cards/CardTable.fbx	e121f073111ef424ca6143f029c194e2	GameObject	61852	-
Assets/SubstanceAssets/LittleGamesPack/Models/Cards/Card_Club10.fbx	eb688111da06931409617c133516c608	GameObject	20220	-
Assets/SubstanceAssets/LittleGamesPack/Models/Cards/Card_Club2.fbx	1025418981b2c444fa92de25c9db64e0	GameObject	20156	-
Assets/SubstanceAssets/LittleGamesPack/Models/Cards/Card_Club3.fbx	05753ee744732934683488488c00a9d7	GameObject	20140	-
Assets/SubstanceAssets/LittleGamesPack/Models/Cards/Card_Club4.fbx	53819d9c168595c4d9923f2aa26279a1	GameObject	20172	-
Assets/SubstanceAssets/LittleGamesPack/Models/Cards/Card_Club5.fbx	546641f10ef636140b1c8fa07f431a49	GameObject	20124	-
Assets/SubstanceAssets/LittleGamesPack/Models/Cards/Card_Club6.fbx	ee1261ebae0a01643954d69d57437f91	GameObject	20172	-
Assets/SubstanceAssets/LittleGamesPack/Models/Cards/Card_Club7.fbx	268fdeb50b4e8cb4d8cbf5ea6df0ef22	GameObject	20124	-
Assets/SubstanceAssets/LittleGamesPack/Models/Cards/Card_Club8.fbx	056fbab5b94c22e44a399fc51c781d1c	GameObject	20236	-
Assets/SubstanceAssets/LittleGamesPack/Models/Cards/Card_Club9.fbx	7aa8b85dddf6d2048b4482e89a85a8db	GameObject	20204	-
Assets/SubstanceAssets/LittleGamesPack/Models/Cards/Card_ClubAce.fbx	0a5b263fd137dd84da27bb0a924a9588	GameObject	20092	-
Assets/SubstanceAssets/LittleGamesPack/Models/Cards/Card_ClubJack.fbx	3a217d40f0edfa0498c577d9df285c99	GameObject	20220	-
Assets/SubstanceAssets/LittleGamesPack/Models/Cards/Card_ClubKing.fbx	2ab0c8d0a9cb2954fb0b6829e76a4190	GameObject	20124	-
Assets/SubstanceAssets/LittleGamesPack/Models/Cards/Card_ClubQueen.fbx	91ccb79101f3fc045b0c7d7a9ccf7054	GameObject	20188	-
Assets/SubstanceAssets/LittleGamesPack/Models/Cards/Card_Diamond10.fbx	8c1a3f8b6d8589e43bde523ff07a3b39	GameObject	20236	-
Assets/SubstanceAssets/LittleGamesPack/Models/Cards/Card_Diamond2.fbx	90115fc89ff10134c9b885b793902594	GameObject	20156	-
Assets/SubstanceAssets/LittleGamesPack/Models/Cards/Card_Diamond3.fbx	70f22850fd044044eb3b40cb1c9e5bf6	GameObject	20140	-
Assets/SubstanceAssets/LittleGamesPack/Models/Cards/Card_Diamond4.fbx	600b909f7df56934ca0ff52893f3b68d	GameObject	20188	-
Assets/SubstanceAssets/LittleGamesPack/Models/Cards/Card_Diamond5.fbx	137e8321315274d4c86fa7aef0a9ea0f	GameObject	20140	-
Assets/SubstanceAssets/LittleGamesPack/Models/Cards/Card_Diamond6.fbx	0fc71881fb8c8ae4a9d888dfaa8d02c2	GameObject	20188	-
Assets/SubstanceAssets/LittleGamesPack/Models/Cards/Card_Diamond7.fbx	ab2ff17f6e922f140b0a694512296dc5	GameObject	20140	-
Assets/SubstanceAssets/LittleGamesPack/Models/Cards/Card_Diamond8.fbx	63fd5cdf323424644aa34894cbeb3b05	GameObject	20252	-
Assets/SubstanceAssets/LittleGamesPack/Models/Cards/Card_Diamond9.fbx	77cd4eac24ed3674581180834a1d13ef	GameObject	20220	-
Assets/SubstanceAssets/LittleGamesPack/Models/Cards/Card_DiamondAce.fbx	2dbc5cfceb11a4240b48f3108fba90ab	GameObject	20188	-
Assets/SubstanceAssets/LittleGamesPack/Models/Cards/Card_DiamondJack.fbx	3c2187589b513384c9d482b29856e196	GameObject	20220	-
Assets/SubstanceAssets/LittleGamesPack/Models/Cards/Card_DiamondKing.fbx	069aed6649ec2d24aa411927388d32a5	GameObject	20220	-
Assets/SubstanceAssets/LittleGamesPack/Models/Cards/Card_DiamondQueen.fbx	837ed1fda1828f3478714f52972902d7	GameObject	20188	-
Assets/SubstanceAssets/LittleGamesPack/Models/Cards/Card_Heart10.fbx	3aa49c2c8878e0148bc909d4d195ae53	GameObject	20236	-
Assets/SubstanceAssets/LittleGamesPack/Models/Cards/Card_Heart2.fbx	a28e400974a032244b2cfd8635a17888	GameObject	20156	-
Assets/SubstanceAssets/LittleGamesPack/Models/Cards/Card_Heart3.fbx	86b715505528280439e577820b4063b3	GameObject	20140	-
Assets/SubstanceAssets/LittleGamesPack/Models/Cards/Card_Heart4.fbx	67bd6d11fc4321344bbf39e71fa72164	GameObject	20188	-
Assets/SubstanceAssets/LittleGamesPack/Models/Cards/Card_Heart5.fbx	fef3686b90fb60d4eb092d9266b98e51	GameObject	20140	-
Assets/SubstanceAssets/LittleGamesPack/Models/Cards/Card_Heart6.fbx	2a5467452b81a664f843f94f0e413748	GameObject	20188	-
Assets/SubstanceAssets/LittleGamesPack/Models/Cards/Card_Heart7.fbx	371c6e14c51c5b9449b956ba093a5977	GameObject	20140	-
Assets/SubstanceAssets/LittleGamesPack/Models/Cards/Card_Heart8.fbx	b9209686da514f540968c7374e0b0851	GameObject	20252	-
Assets/SubstanceAssets/LittleGamesPack/Models/Cards/Card_Heart9.fbx	409fbc79b55be4640b3c04ea1061b474	GameObject	20220	-
Assets/SubstanceAssets/LittleGamesPack/Models/Cards/Card_HeartAce.fbx	ff39c183e777b04458cb4c1610b99a09	GameObject	20188	-
Assets/SubstanceAssets/LittleGamesPack/Models/Cards/Card_HeartJack.fbx	ca47d003f0c2e4a4198f55197f23b612	GameObject	20220	-
Assets/SubstanceAssets/LittleGamesPack/Models/Cards/Card_HeartKing.fbx	0742dd1907a4d3741b750f1ae129680c	GameObject	20220	-
Assets/SubstanceAssets/LittleGamesPack/Models/Cards/Card_HeartQueen.fbx	ae7ab84cb0e206b4aa73e74b6021efd4	GameObject	20188	-
Assets/SubstanceAssets/LittleGamesPack/Models/Cards/Card_Spade10.fbx	ef0a11a0ff33ac34288dbd0a3e705325	GameObject	20236	-
Assets/SubstanceAssets/LittleGamesPack/Models/Cards/Card_Spade2.fbx	ae59c5ace333d064f80e403afa3b3450	GameObject	20156	-
Assets/SubstanceAssets/LittleGamesPack/Models/Cards/Card_Spade3.fbx	4f83837a08959da4897b514880b8a3d4	GameObject	20124	-
Assets/SubstanceAssets/LittleGamesPack/Models/Cards/Card_Spade4.fbx	fdf467ef5f7edba469e9ec5edd07e5a9	GameObject	20172	-
Assets/SubstanceAssets/LittleGamesPack/Models/Cards/Card_Spade5.fbx	61c3b8f6a784f8040840f12c05e1ddf7	GameObject	20124	-
Assets/SubstanceAssets/LittleGamesPack/Models/Cards/Card_Spade6.fbx	b1d38f02a459368499fa08e8665e95d9	GameObject	20172	-
Assets/SubstanceAssets/LittleGamesPack/Models/Cards/Card_Spade7.fbx	b4938b6705d80614fa0e5fa8c9549f78	GameObject	20124	-
Assets/SubstanceAssets/LittleGamesPack/Models/Cards/Card_Spade8.fbx	bb993fcbe56e1f046964e26cd11d968f	GameObject	20236	-
Assets/SubstanceAssets/LittleGamesPack/Models/Cards/Card_Spade9.fbx	5ff846045e3d7c240929b30399a5636d	GameObject	20220	-
Assets/SubstanceAssets/LittleGamesPack/Models/Cards/Card_SpadeAce.fbx	d00ffa82626fd1a42b3231af8ff8a4d4	GameObject	20172	-
Assets/SubstanceAssets/LittleGamesPack/Models/Cards/Card_SpadeJack.fbx	0fc089f54ca7eab449aa0dfbac3efe49	GameObject	20220	-
Assets/SubstanceAssets/LittleGamesPack/Models/Cards/Card_SpadeKing.fbx	851325f54e7e8d74e92fe4a438b4c46b	GameObject	20204	-
Assets/SubstanceAssets/LittleGamesPack/Models/Cards/Card_SpadeQueen.fbx	75cc5c4549bd69d46b36ece467b8c8a5	GameObject	20172	-
Assets/SubstanceAssets/LittleGamesPack/Models/Chess/BlackBishop.fbx	19791e57ed53bc3429c6f72d7f2a68c2	GameObject	71980	-
Assets/SubstanceAssets/LittleGamesPack/Models/Chess/BlackKing.fbx	76b46a476ad460040b917d3fcf232b1f	GameObject	68700	-
Assets/SubstanceAssets/LittleGamesPack/Models/Chess/BlackKnight.fbx	aa558cb40d93dfb468134c9a6b46d7e7	GameObject	50892	-
Assets/SubstanceAssets/LittleGamesPack/Models/Chess/BlackPawn.fbx	d033fcaadb739f4488e8478be5b4c17a	GameObject	55132	-
Assets/SubstanceAssets/LittleGamesPack/Models/Chess/BlackQueen.fbx	ededf16b03f442e4fb3c1fd11df66e07	GameObject	73724	-
Assets/SubstanceAssets/LittleGamesPack/Models/Chess/BlackRook.fbx	504e55cf6abf7d941adceca7f072f94b	GameObject	56700	-
Assets/SubstanceAssets/LittleGamesPack/Models/Chess/ChessBoard.fbx	f2c02914c36717f408c4a38873b97156	GameObject	24268	-
Assets/SubstanceAssets/LittleGamesPack/Models/Chess/WhiteBishop.fbx	880ab9e588cec3749acf78d3c9dedb6d	GameObject	71948	-
Assets/SubstanceAssets/LittleGamesPack/Models/Chess/WhiteKing.fbx	a41bd96473fb97840a480aa087388bb5	GameObject	68764	-
Assets/SubstanceAssets/LittleGamesPack/Models/Chess/WhiteKnight.fbx	1b76ec6ef1ff6bf4fabb3e5e00964982	GameObject	50828	-
Assets/SubstanceAssets/LittleGamesPack/Models/Chess/WhitePawn.fbx	2cbd798824dcd5242b4dc6e91a870ff6	GameObject	55036	-
Assets/SubstanceAssets/LittleGamesPack/Models/Chess/WhiteQueen.fbx	5d820a334e041054e83d0c8f6515325d	GameObject	73708	-
Assets/SubstanceAssets/LittleGamesPack/Models/Chess/WhiteRook.fbx	885326080c3cd8a48bd2cfa8b3407239	GameObject	56764	-
Assets/SubstanceAssets/LittleGamesPack/Models/Dominos/Domino_0-0.fbx	4eaad526072907b43811c871aaa5bb51	GameObject	26892	scene:BH_XR_MainScene
Assets/SubstanceAssets/LittleGamesPack/Models/Dominos/Domino_0-1.fbx	3f7d350986a65894893774015fcb3f4d	GameObject	26348	scene:BH_XR_MainScene
Assets/SubstanceAssets/LittleGamesPack/Models/Dominos/Domino_0-2.fbx	9f63eb6909bdb9c43983f3a7efd6da7f	GameObject	26348	-
Assets/SubstanceAssets/LittleGamesPack/Models/Dominos/Domino_0-3.fbx	b6056f982c4ce3147bc5767c216653ac	GameObject	26348	scene:BH_XR_MainScene
Assets/SubstanceAssets/LittleGamesPack/Models/Dominos/Domino_0-4.fbx	21b621936ffb3124d906b228a160d256	GameObject	26332	-
Assets/SubstanceAssets/LittleGamesPack/Models/Dominos/Domino_0-5.fbx	25067d67003ce4e48b38a791ba08d57d	GameObject	26332	scene:BH_XR_MainScene
Assets/SubstanceAssets/LittleGamesPack/Models/Dominos/Domino_0-6.fbx	9c39d223fcd92094092acc71dbf563b8	GameObject	26332	-
Assets/SubstanceAssets/LittleGamesPack/Models/Dominos/Domino_1-1.fbx	2a2ffac8ab3c72a43abd81c8c36d319b	GameObject	26236	-
Assets/SubstanceAssets/LittleGamesPack/Models/Dominos/Domino_1-2.fbx	9fc558ca9fdc569438a80bd02ef836d0	GameObject	26204	scene:BH_XR_MainScene
Assets/SubstanceAssets/LittleGamesPack/Models/Dominos/Domino_1-3.fbx	42efabad69347d44eab4217e014dce0f	GameObject	26188	-
Assets/SubstanceAssets/LittleGamesPack/Models/Dominos/Domino_1-4.fbx	d96bc707887d4c94397ecd9890c7031d	GameObject	26220	scene:BH_XR_MainScene
Assets/SubstanceAssets/LittleGamesPack/Models/Dominos/Domino_1-5.fbx	9de089e1ae3193a48991d63797c2902d	GameObject	26188	-
Assets/SubstanceAssets/LittleGamesPack/Models/Dominos/Domino_1-6.fbx	b56bcce2aaa0c944b903f2b8d478aefa	GameObject	26220	scene:BH_XR_MainScene
Assets/SubstanceAssets/LittleGamesPack/Models/Dominos/Domino_2-2.fbx	5462a3340a5d84c48997e54716400c09	GameObject	26220	-
Assets/SubstanceAssets/LittleGamesPack/Models/Dominos/Domino_2-3.fbx	8b65ea9d5d00244458e48fb7169ae7b7	GameObject	26188	scene:BH_XR_MainScene
Assets/SubstanceAssets/LittleGamesPack/Models/Dominos/Domino_2-4.fbx	4bcf5f2d2f640d34392273f6d68a8857	GameObject	26156	scene:BH_XR_MainScene
Assets/SubstanceAssets/LittleGamesPack/Models/Dominos/Domino_2-5.fbx	667e2002435fedf4abca1ae5aa57d00c	GameObject	26188	scene:BH_XR_MainScene
Assets/SubstanceAssets/LittleGamesPack/Models/Dominos/Domino_2-6.fbx	96a85a63ba167c5409652b7b706f5b04	GameObject	26140	-
Assets/SubstanceAssets/LittleGamesPack/Models/Dominos/Domino_3-3.fbx	325036a43d1858e41883d413d44c3feb	GameObject	26188	scene:BH_XR_MainScene
Assets/SubstanceAssets/LittleGamesPack/Models/Dominos/Domino_3-4.fbx	4efe65af627d32d46bda7ad7516f1ef8	GameObject	26188	-
Assets/SubstanceAssets/LittleGamesPack/Models/Dominos/Domino_3-5.fbx	208c192ac5c4c4e4a80f773a49d8ffca	GameObject	26188	scene:BH_XR_MainScene
Assets/SubstanceAssets/LittleGamesPack/Models/Dominos/Domino_3-6.fbx	bde714357910dd84aa0520dfa169dee3	GameObject	26220	-
Assets/SubstanceAssets/LittleGamesPack/Models/Dominos/Domino_4-4.fbx	5f68bff88a9f29842b1441f88132ba91	GameObject	26188	-
Assets/SubstanceAssets/LittleGamesPack/Models/Dominos/Domino_4-5.fbx	1a7184970cb90c148b82e60a34fdf1ee	GameObject	26204	scene:BH_XR_MainScene
Assets/SubstanceAssets/LittleGamesPack/Models/Dominos/Domino_4-6.fbx	b5f95d0e9adfef440a9fd22664b86838	GameObject	26204	scene:BH_XR_MainScene
Assets/SubstanceAssets/LittleGamesPack/Models/Dominos/Domino_5-5.fbx	74b2bdd0a3174614ababe21e3b5ff86f	GameObject	26252	scene:BH_XR_MainScene
Assets/SubstanceAssets/LittleGamesPack/Models/Dominos/Domino_5-6.fbx	c892ca23629897645afd4ebaa73eb69f	GameObject	26236	-
Assets/SubstanceAssets/LittleGamesPack/Models/Dominos/Domino_6-6.fbx	fd1559086e05e4f49aae82ca92180b0d	GameObject	26188	scene:BH_XR_MainScene
Assets/SubstanceAssets/LittleGamesPack/Models/GamePieces/BoardGamePiece_Blue.fbx	2c1d96d0211fb6941858fd4998448921	GameObject	45964	-
Assets/SubstanceAssets/LittleGamesPack/Models/GamePieces/BoardGamePiece_Green.fbx	42d57cb788816a24db4772691fe0a5d5	GameObject	46012	-
Assets/SubstanceAssets/LittleGamesPack/Models/GamePieces/BoardGamePiece_Red.fbx	244ca24c847706a4eb011f99c5bb3cf9	GameObject	45916	-
Assets/SubstanceAssets/LittleGamesPack/Models/GamePieces/BoardGamePiece_Yellow.fbx	feab093980d3d3a4691f4ea1b7bd8c14	GameObject	45948	-
Assets/SubstanceAssets/LittleGamesPack/Models/GamePieces/Dice_Black.fbx	8e59f73a9bfbdad4d9d0da0732cdba21	GameObject	25964	-
Assets/SubstanceAssets/LittleGamesPack/Models/GamePieces/Dice_Blue.fbx	4df17728f18d1b74ca6d153adaaf8094	GameObject	25964	-
Assets/SubstanceAssets/LittleGamesPack/Models/GamePieces/Dice_Marble.fbx	84faf413a04b5c4458ef525249a41731	GameObject	25948	-
Assets/SubstanceAssets/LittleGamesPack/Models/GamePieces/Dice_Red.fbx	134827ca0f2c9b64386c5a21b0c0c929	GameObject	25900	-
Assets/SubstanceAssets/LittleGamesPack/Models/GamePieces/Dice_White.fbx	b29be7e578bb89144b97eea319812824	GameObject	25900	-
Assets/SubstanceAssets/LittleGamesPack/Models/GamePieces/Jax_Blue.fbx	2cf0736eedf45304dbf5a4e2df55e0b4	GameObject	45180	-
Assets/SubstanceAssets/LittleGamesPack/Models/GamePieces/Jax_Gold.fbx	a2635f1ab6cd0e345b4ea56a299c4cf8	GameObject	45228	-
Assets/SubstanceAssets/LittleGamesPack/Models/GamePieces/Jax_Green.fbx	cd10680ac4c6a0a4eb49e46fbf5fbc7e	GameObject	45084	-
Assets/SubstanceAssets/LittleGamesPack/Models/GamePieces/Jax_Red.fbx	f24ec150d6cd26e43a4e408560e84ead	GameObject	45164	-
Assets/SubstanceAssets/LittleGamesPack/Models/GamePieces/Jax_Silver.fbx	6b981a37f100c384a901bd9c977f74f4	GameObject	45244	-
Assets/SubstanceAssets/LittleGamesPack/Models/GamePieces/Jax_Yellow.fbx	3457c175e595adc4aaf1e97f8c4b1395	GameObject	45388	-
Assets/SubstanceAssets/LittleGamesPack/Models/GamePieces/PokerChip_Black.fbx	3968227f43f3d4f408e6d8d4d52481da	GameObject	28604	-
Assets/SubstanceAssets/LittleGamesPack/Models/GamePieces/PokerChip_Blue.fbx	e6c4c0080acf45e40b1d0dd480c27edf	GameObject	28668	-
Assets/SubstanceAssets/LittleGamesPack/Models/GamePieces/PokerChip_Green.fbx	ea0e851dd6d249a4aa5177c7d0c804cd	GameObject	28556	-
Assets/SubstanceAssets/LittleGamesPack/Models/GamePieces/PokerChip_Red.fbx	9c1a1919840736d41a3b1a56b73629aa	GameObject	28668	-
Assets/SubstanceAssets/LittleGamesPack/Prefabs/Assembled Prefabs/CardFan_Clubs.prefab	316490f81d4871c4c957fd71fa0c7fd1	GameObject	37715	-
Assets/SubstanceAssets/LittleGamesPack/Prefabs/Assembled Prefabs/CardFan_Diamonds.prefab	c3ac7d9e553a377468ff72e274425eb6	GameObject	37746	-
Assets/SubstanceAssets/LittleGamesPack/Prefabs/Assembled Prefabs/CardFan_Hearts.prefab	93050afcd52f52e4ba23aaf1d22b6c17	GameObject	37686	-
Assets/SubstanceAssets/LittleGamesPack/Prefabs/Assembled Prefabs/CardFan_Spades.prefab	93f872e7fbee92648bce14832c947269	GameObject	37701	-
Assets/SubstanceAssets/LittleGamesPack/Prefabs/Assembled Prefabs/Card_Deck.prefab	1527a0cbd402ee2429fd6695e19c6786	GameObject	144959	-
Assets/SubstanceAssets/LittleGamesPack/Prefabs/Individual Pieces/BoardGamePieces/BoardGamePiece_Blue.prefab	5a8e80c6bcfea00429a7a3a5a7a95415	GameObject	7283	-
Assets/SubstanceAssets/LittleGamesPack/Prefabs/Individual Pieces/BoardGamePieces/BoardGamePiece_Green.prefab	82ab2200a78fc0747a30610920d74f06	GameObject	7284	-
Assets/SubstanceAssets/LittleGamesPack/Prefabs/Individual Pieces/BoardGamePieces/BoardGamePiece_Red.prefab	d7560c1427075d84699173f12d1f3332	GameObject	7284	-
Assets/SubstanceAssets/LittleGamesPack/Prefabs/Individual Pieces/BoardGamePieces/BoardGamePiece_Yellow.prefab	7c27ed93ad9935746813c2db8a1044c8	GameObject	7286	-
Assets/SubstanceAssets/LittleGamesPack/Prefabs/Individual Pieces/Cards/CardTable.prefab	cf856591953c8ed4bad3e9d863896e12	GameObject	7275	-
Assets/SubstanceAssets/LittleGamesPack/Prefabs/Individual Pieces/Cards/Clubs/Card_Club10.prefab	45b0da87b7aa95043ac945346660c238	GameObject	3276	-
Assets/SubstanceAssets/LittleGamesPack/Prefabs/Individual Pieces/Cards/Clubs/Card_Club2.prefab	9b1450ad91edbd64199dee0d33d9c9a2	GameObject	3234	-
Assets/SubstanceAssets/LittleGamesPack/Prefabs/Individual Pieces/Cards/Clubs/Card_Club3.prefab	6355a5e4b343a0f4f88854099a35e7da	GameObject	3233	-
Assets/SubstanceAssets/LittleGamesPack/Prefabs/Individual Pieces/Cards/Clubs/Card_Club4.prefab	c88d2bc2e8a4e0f4a94e90b25657eca8	GameObject	3275	-
Assets/SubstanceAssets/LittleGamesPack/Prefabs/Individual Pieces/Cards/Clubs/Card_Club5.prefab	d9e3c74f8d6625445af8dbcf82cf1dab	GameObject	3233	-
Assets/SubstanceAssets/LittleGamesPack/Prefabs/Individual Pieces/Cards/Clubs/Card_Club6.prefab	bf75833717328c748bbbef20e8986a16	GameObject	3263	-
Assets/SubstanceAssets/LittleGamesPack/Prefabs/Individual Pieces/Cards/Clubs/Card_Club7.prefab	d9cf5bcb0390da349a9956421105f799	GameObject	3235	-
Assets/SubstanceAssets/LittleGamesPack/Prefabs/Individual Pieces/Cards/Clubs/Card_Club8.prefab	31165ab1c9ffb1b4393a869ca8d9c607	GameObject	3261	-
Assets/SubstanceAssets/LittleGamesPack/Prefabs/Individual Pieces/Cards/Clubs/Card_Club9.prefab	18c6a9a978394df4596d3f6ec9c6f6fb	GameObject	3276	-
Assets/SubstanceAssets/LittleGamesPack/Prefabs/Individual Pieces/Cards/Clubs/Card_ClubAce.prefab	3c7827269bdf2ba4b9c1f07269a3617d	GameObject	3275	-
Assets/SubstanceAssets/LittleGamesPack/Prefabs/Individual Pieces/Cards/Clubs/Card_ClubJack.prefab	622932214f41b5f4991ddf56e8795153	GameObject	3276	-
Assets/SubstanceAssets/LittleGamesPack/Prefabs/Individual Pieces/Cards/Clubs/Card_ClubKing.prefab	16ee3d16d985a9d4f9275ef7691e0e43	GameObject	3282	-
Assets/SubstanceAssets/LittleGamesPack/Prefabs/Individual Pieces/Cards/Clubs/Card_ClubQueen.prefab	60fe154d0d5302e429e647a07712a783	GameObject	3236	-
Assets/SubstanceAssets/LittleGamesPack/Prefabs/Individual Pieces/Cards/Diamonds/Card_Diamond10.prefab	7d281796507226c4ab12f4fc98b867a8	GameObject	3268	-
Assets/SubstanceAssets/LittleGamesPack/Prefabs/Individual Pieces/Cards/Diamonds/Card_Diamond2.prefab	1138e34874c7d0e479e7d6ac1db8f67d	GameObject	3234	-
Assets/SubstanceAssets/LittleGamesPack/Prefabs/Individual Pieces/Cards/Diamonds/Card_Diamond3.prefab	276a581c69768684e8a0fef01f93077a	GameObject	3236	-
Assets/SubstanceAssets/LittleGamesPack/Prefabs/Individual Pieces/Cards/Diamonds/Card_Diamond4.prefab	29d6161b16de378468bf98bea7e7d085	GameObject	3265	-
Assets/SubstanceAssets/LittleGamesPack/Prefabs/Individual Pieces/Cards/Diamonds/Card_Diamond5.prefab	773bff35bb5acbe448fc09a990f58640	GameObject	3237	-
Assets/SubstanceAssets/LittleGamesPack/Prefabs/Individual Pieces/Cards/Diamonds/Card_Diamond6.prefab	e36439ac5efe26e46ac2978ca26d063f	GameObject	3267	-
Assets/SubstanceAssets/LittleGamesPack/Prefabs/Individual Pieces/Cards/Diamonds/Card_Diamond7.prefab	4c9cc37de253b5f4080dedfeea6353c4	GameObject	3236	-
Assets/SubstanceAssets/LittleGamesPack/Prefabs/Individual Pieces/Cards/Diamonds/Card_Diamond8.prefab	5f09a3b93f4526c41b72923f0555ef48	GameObject	3254	-
Assets/SubstanceAssets/LittleGamesPack/Prefabs/Individual Pieces/Cards/Diamonds/Card_Diamond9.prefab	0ebdf184d0066cd429b406e568abf38b	GameObject	3263	-
Assets/SubstanceAssets/LittleGamesPack/Prefabs/Individual Pieces/Cards/Diamonds/Card_DiamondAce.prefab	60425771b5b8d0c4aae2396f0e61e474	GameObject	3256	-
Assets/SubstanceAssets/LittleGamesPack/Prefabs/Individual Pieces/Cards/Diamonds/Card_DiamondJack.prefab	d4eb3493784361c4091538ea14abfdb6	GameObject	3264	-
Assets/SubstanceAssets/LittleGamesPack/Prefabs/Individual Pieces/Cards/Diamonds/Card_DiamondKing.prefab	cf13dad413c1f8f4980c9b8e5ec399bd	GameObject	3261	-
Assets/SubstanceAssets/LittleGamesPack/Prefabs/Individual Pieces/Cards/Diamonds/Card_DiamondQueen.prefab	e8361f012fbcd7845beac1b3f02740af	GameObject	3242	-
Assets/SubstanceAssets/LittleGamesPack/Prefabs/Individual Pieces/Cards/Hearts/Card_Heart10.prefab	080eba544baa4e346af099bcb3d2caf7	GameObject	3280	-
Assets/SubstanceAssets/LittleGamesPack/Prefabs/Individual Pieces/Cards/Hearts/Card_Heart2.prefab	831bdb67d06fc234d953ba6d2badc31b	GameObject	3244	-
Assets/SubstanceAssets/LittleGamesPack/Prefabs/Individual Pieces/Cards/Hearts/Card_Heart3.prefab	b06f177e70830554cbac3176a3263482	GameObject	3249	-
Assets/SubstanceAssets/LittleGamesPack/Prefabs/Individual Pieces/Cards/Hearts/Card_Heart4.prefab	d2ab62c8542be1d4887f6750a747c673	GameObject	3278	-
Assets/SubstanceAssets/LittleGamesPack/Prefabs/Individual Pieces/Cards/Hearts/Card_Heart5.prefab	b2092b6f8a97f5b4999b5db5971ca85d	GameObject	3246	-
Assets/SubstanceAssets/LittleGamesPack/Prefabs/Individual Pieces/Cards/Hearts/Card_Heart6.prefab	286edfea7047e5d4b8aa6342df8db857	GameObject	3274	-
Assets/SubstanceAssets/LittleGamesPack/Prefabs/Individual Pieces/Cards/Hearts/Card_Heart7.prefab	f3d11f91610994640b049a576737e5f0	GameObject	3249	-
Assets/SubstanceAssets/LittleGamesPack/Prefabs/Individual Pieces/Cards/Hearts/Card_Heart8.prefab	39fbfd07b1e7f7544808e6fb53f81248	GameObject	3278	-
Assets/SubstanceAssets/LittleGamesPack/Prefabs/Individual Pieces/Cards/Hearts/Card_Heart9.prefab	f1dd65f94d875c345931b92e76ebab76	GameObject	3276	-
Assets/SubstanceAssets/LittleGamesPack/Prefabs/Individual Pieces/Cards/Hearts/Card_HeartAce.prefab	2e066fc53b63ad44b9302361f245771e	GameObject	3276	-
Assets/SubstanceAssets/LittleGamesPack/Prefabs/Individual Pieces/Cards/Hearts/Card_HeartJack.prefab	6f5c9f926a1cb8647a8d0d882300cb89	GameObject	3268	-
Assets/SubstanceAssets/LittleGamesPack/Prefabs/Individual Pieces/Cards/Hearts/Card_HeartKing.prefab	7e4e4c09d820ec34dbfd247cb5efdd72	GameObject	3279	-
Assets/SubstanceAssets/LittleGamesPack/Prefabs/Individual Pieces/Cards/Hearts/Card_HeartQueen.prefab	4c8aafa92e8173947b4ee2add433d99b	GameObject	3255	-
Assets/SubstanceAssets/LittleGamesPack/Prefabs/Individual Pieces/Cards/Spades/Card_Spade10.prefab	3faae46d5f2c1804b8511d577106abb7	GameObject	3277	-
Assets/SubstanceAssets/LittleGamesPack/Prefabs/Individual Pieces/Cards/Spades/Card_Spade2.prefab	9390637788043ab4996f46329650af78	GameObject	3235	-
Assets/SubstanceAssets/LittleGamesPack/Prefabs/Individual Pieces/Cards/Spades/Card_Spade3.prefab	7100f2c9313a17e47914613589bc35b0	GameObject	3225	-
Assets/SubstanceAssets/LittleGamesPack/Prefabs/Individual Pieces/Cards/Spades/Card_Spade4.prefab	fe4dbedb61ea38148bd4b293dfcc200d	GameObject	3276	-
Assets/SubstanceAssets/LittleGamesPack/Prefabs/Individual Pieces/Cards/Spades/Card_Spade5.prefab	6e1fbba2f7fdcd545836f680a62c6f74	GameObject	3226	-
Assets/SubstanceAssets/LittleGamesPack/Prefabs/Individual Pieces/Cards/Spades/Card_Spade6.prefab	832e03703678cf84798ef97b38402a7b	GameObject	3277	-
Assets/SubstanceAssets/LittleGamesPack/Prefabs/Individual Pieces/Cards/Spades/Card_Spade7.prefab	43a65f7850aaa2a4a810e6e412524732	GameObject	3235	-
Assets/SubstanceAssets/LittleGamesPack/Prefabs/Individual Pieces/Cards/Spades/Card_Spade8.prefab	02415118701fa9d45a5e3e43749049c2	GameObject	3275	-
Assets/SubstanceAssets/LittleGamesPack/Prefabs/Individual Pieces/Cards/Spades/Card_Spade9.prefab	46148caa0154b4444963091ad3889f86	GameObject	3274	-
Assets/SubstanceAssets/LittleGamesPack/Prefabs/Individual Pieces/Cards/Spades/Card_SpadeAce.prefab	7828a58e070cef148a314decaf6110f3	GameObject	3278	-
Assets/SubstanceAssets/LittleGamesPack/Prefabs/Individual Pieces/Cards/Spades/Card_SpadeJack.prefab	9f9e79fcd843c244185d32ee9f7aac23	GameObject	3279	-
Assets/SubstanceAssets/LittleGamesPack/Prefabs/Individual Pieces/Cards/Spades/Card_SpadeKing.prefab	b5170d2275f45684ea03edd9f3dcf573	GameObject	3277	-
Assets/SubstanceAssets/LittleGamesPack/Prefabs/Individual Pieces/Cards/Spades/Card_SpadeQueen.prefab	0ffa42bb9ab2a7f49beec6ea3f044d6e	GameObject	3238	-
Assets/SubstanceAssets/LittleGamesPack/Prefabs/Individual Pieces/Chess/BlackBishop.prefab	88f70eb00ca84d940a2b564dfe116423	GameObject	6830	-
Assets/SubstanceAssets/LittleGamesPack/Prefabs/Individual Pieces/Chess/BlackKing.prefab	b9fb3c55299eea84e8c881dc12b8597b	GameObject	6822	-
Assets/SubstanceAssets/LittleGamesPack/Prefabs/Individual Pieces/Chess/BlackKnight.prefab	abd651716b843c04c9a2fa70b227ff10	GameObject	6824	-
Assets/SubstanceAssets/LittleGamesPack/Prefabs/Individual Pieces/Chess/BlackPawn.prefab	0fc39e6a63279bc4b9c417c5c19e9956	GameObject	6833	-
Assets/SubstanceAssets/LittleGamesPack/Prefabs/Individual Pieces/Chess/BlackQueen.prefab	42ceec0911942374d80f3f097a96e20c	GameObject	6816	-
Assets/SubstanceAssets/LittleGamesPack/Prefabs/Individual Pieces/Chess/BlackRook.prefab	316b8c727321e524ea8e5f3421d94124	GameObject	6823	-
Assets/SubstanceAssets/LittleGamesPack/Prefabs/Individual Pieces/Chess/ChessBoard.prefab	cfc8de2b004bcd64a8672dfd0aa2c82b	GameObject	6814	-
Assets/SubstanceAssets/LittleGamesPack/Prefabs/Individual Pieces/Chess/WhiteBishop.prefab	c6270810657c6a4419003ca296d5970c	GameObject	6829	-
Assets/SubstanceAssets/LittleGamesPack/Prefabs/Individual Pieces/Chess/WhiteKing.prefab	09b8d462917baa94ca3b44576ab8cff9	GameObject	6821	-
Assets/SubstanceAssets/LittleGamesPack/Prefabs/Individual Pieces/Chess/WhiteKnight.prefab	416a5ee9a9243b14c8d39bfd8767b0d8	GameObject	6831	-
Assets/SubstanceAssets/LittleGamesPack/Prefabs/Individual Pieces/Chess/WhitePawn.prefab	ec00beda5f90bc84d93bdc1d4ab2fbfe	GameObject	6833	-
Assets/SubstanceAssets/LittleGamesPack/Prefabs/Individual Pieces/Chess/WhiteQueen.prefab	9003be27e8deb5e4babf5477ec097ee4	GameObject	6817	-
Assets/SubstanceAssets/LittleGamesPack/Prefabs/Individual Pieces/Chess/WhiteRook.prefab	3bdcfe8ba0799aa439768f10ae12b417	GameObject	6828	-
Assets/SubstanceAssets/LittleGamesPack/Prefabs/Individual Pieces/Dice/Dice_Black.prefab	85fcdbb2f3233c24b8dd15e67e3779aa	GameObject	7250	-
Assets/SubstanceAssets/LittleGamesPack/Prefabs/Individual Pieces/Dice/Dice_Blue.prefab	62dd4b6a69b957f47b8830c9b557d3e0	GameObject	7276	-
Assets/SubstanceAssets/LittleGamesPack/Prefabs/Individual Pieces/Dice/Dice_Marble.prefab	1b0fdebd7cad40641a203305878a2f28	GameObject	7280	-
Assets/SubstanceAssets/LittleGamesPack/Prefabs/Individual Pieces/Dice/Dice_Red.prefab	978eb2975e3305145ac873df09d70769	GameObject	7276	-
Assets/SubstanceAssets/LittleGamesPack/Prefabs/Individual Pieces/Dice/Dice_White.prefab	3523156a3cbeaeb468b42f9827dacb4f	GameObject	7263	-
Assets/SubstanceAssets/LittleGamesPack/Prefabs/Individual Pieces/Dominos/Domino_0-0.prefab	1aee00ac14bccd84e8ba00f48ae7b1a5	GameObject	7255	-
Assets/SubstanceAssets/LittleGamesPack/Prefabs/Individual Pieces/Dominos/Domino_0-1.prefab	519815ae2696ba540acdf5afc3f841cd	GameObject	7257	scene:BH_XR_MainScene
Assets/SubstanceAssets/LittleGamesPack/Prefabs/Individual Pieces/Dominos/Domino_0-2.prefab	94f25d45d700d1d4788f743dd85215dd	GameObject	7257	-
Assets/SubstanceAssets/LittleGamesPack/Prefabs/Individual Pieces/Dominos/Domino_0-3.prefab	1c6eaacaadfbfe14ab29339a1829c6d9	GameObject	7240	scene:BH_XR_MainScene
Assets/SubstanceAssets/LittleGamesPack/Prefabs/Individual Pieces/Dominos/Domino_0-4.prefab	d034a83c4c4ea6349b9bde9d32c369e8	GameObject	7257	-
Assets/SubstanceAssets/LittleGamesPack/Prefabs/Individual Pieces/Dominos/Domino_0-5.prefab	f04568196db44f7479f267ed905daf08	GameObject	7250	scene:BH_XR_MainScene
Assets/SubstanceAssets/LittleGamesPack/Prefabs/Individual Pieces/Dominos/Domino_0-6.prefab	ecc2d2d16d926a74b8620902547c1ca9	GameObject	7257	-
Assets/SubstanceAssets/LittleGamesPack/Prefabs/Individual Pieces/Dominos/Domino_1-1.prefab	6332ae34d6d1951468e5948eaf3e6569	GameObject	7246	-
Assets/SubstanceAssets/LittleGamesPack/Prefabs/Individual Pieces/Dominos/Domino_1-2.prefab	2fd8df3778080f945a79965635c3e9a4	GameObject	7255	scene:BH_XR_MainScene
Assets/SubstanceAssets/LittleGamesPack/Prefabs/Individual Pieces/Dominos/Domino_1-3.prefab	c8e20dd454a01d6459923c2576d5bf37	GameObject	7257	-
Assets/SubstanceAssets/LittleGamesPack/Prefabs/Individual Pieces/Dominos/Domino_1-4.prefab	b1951c0158f62e940a4a4ea8a3e03f14	GameObject	7241	scene:BH_XR_MainScene
Assets/SubstanceAssets/LittleGamesPack/Prefabs/Individual Pieces/Dominos/Domino_1-5.prefab	bd87ef74aeeb0d941be9f5649e8c9f81	GameObject	7255	-
Assets/SubstanceAssets/LittleGamesPack/Prefabs/Individual Pieces/Dominos/Domino_1-6.prefab	89be5c9d60d02894fb6068620e18057d	GameObject	7257	scene:BH_XR_MainScene
Assets/SubstanceAssets/LittleGamesPack/Prefabs/Individual Pieces/Dominos/Domino_2-2.prefab	a40aef6acebd9e04298b848d9b0820b4	GameObject	7255	-
Assets/SubstanceAssets/LittleGamesPack/Prefabs/Individual Pieces/Dominos/Domino_2-3.prefab	9b0f348bb7855e94cba123456b83da5d	GameObject	7234	scene:BH_XR_MainScene
Assets/SubstanceAssets/LittleGamesPack/Prefabs/Individual Pieces/Dominos/Domino_2-4.prefab	7e5dcb505c6fd9443be8739a93b4ce9d	GameObject	7236	scene:BH_XR_MainScene
Assets/SubstanceAssets/LittleGamesPack/Prefabs/Individual Pieces/Dominos/Domino_2-5.prefab	45a8264d321bd8a4a9c45d564284321b	GameObject	7235	scene:BH_XR_MainScene
Assets/SubstanceAssets/LittleGamesPack/Prefabs/Individual Pieces/Dominos/Domino_2-6.prefab	4f614fcf1af053f4e95a8e069ec68a1b	GameObject	7226	-
Assets/SubstanceAssets/LittleGamesPack/Prefabs/Individual Pieces/Dominos/Domino_3-3.prefab	6896d70b9d1e7ae4bb61aa517da058f9	GameObject	7238	scene:BH_XR_MainScene
Assets/SubstanceAssets/LittleGamesPack/Prefabs/Individual Pieces/Dominos/Domino_3-4.prefab	70867612d079d934783680552365926c	GameObject	7237	-
Assets/SubstanceAssets/LittleGamesPack/Prefabs/Individual Pieces/Dominos/Domino_3-5.prefab	5c5ab50c48f5c244cbf2945a475d78bd	GameObject	7241	scene:BH_XR_MainScene
Assets/SubstanceAssets/LittleGamesPack/Prefabs/Individual Pieces/Dominos/Domino_3-6.prefab	75b422f70ef805b4482891678ccd8c5b	GameObject	7253	-
Assets/SubstanceAssets/LittleGamesPack/Prefabs/Individual Pieces/Dominos/Domino_4-4.prefab	9bc6b35bbb8c49b498290c0b0863bf69	GameObject	7252	-
Assets/SubstanceAssets/LittleGamesPack/Prefabs/Individual Pieces/Dominos/Domino_4-5.prefab	ffad497096f291648b4c5fc98fcacccf	GameObject	7250	scene:BH_XR_MainScene
Assets/SubstanceAssets/LittleGamesPack/Prefabs/Individual Pieces/Dominos/Domino_4-6.prefab	4a174cf8b7957bc479eeb1066239ed9e	GameObject	7229	scene:BH_XR_MainScene
Assets/SubstanceAssets/LittleGamesPack/Prefabs/Individual Pieces/Dominos/Domino_5-5.prefab	e6d07c9e1ff57b64ab616ca8b9c3882b	GameObject	7252	scene:BH_XR_MainScene
Assets/SubstanceAssets/LittleGamesPack/Prefabs/Individual Pieces/Dominos/Domino_5-6.prefab	ad6aef6a2fbc87f4bb1a3b2bbc4a4fe2	GameObject	7254	-
Assets/SubstanceAssets/LittleGamesPack/Prefabs/Individual Pieces/Dominos/Domino_6-6.prefab	c79fa8a13d8702749b6dc9037cfa5f9a	GameObject	7256	scene:BH_XR_MainScene
Assets/SubstanceAssets/LittleGamesPack/Prefabs/Individual Pieces/Jax/Jax_Blue.prefab	af4c15d442a0d9f4caa2436148732343	GameObject	7246	-
Assets/SubstanceAssets/LittleGamesPack/Prefabs/Individual Pieces/Jax/Jax_Gold.prefab	879ccd2fac23ee54cace40001eeecd4d	GameObject	7243	-
Assets/SubstanceAssets/LittleGamesPack/Prefabs/Individual Pieces/Jax/Jax_Green.prefab	4915515e06ae6c241ad2479bddf4766d	GameObject	7231	-
Assets/SubstanceAssets/LittleGamesPack/Prefabs/Individual Pieces/Jax/Jax_Red.prefab	34e82e8e7907bcb489c280b87843898a	GameObject	7245	-
Assets/SubstanceAssets/LittleGamesPack/Prefabs/Individual Pieces/Jax/Jax_Silver.prefab	477c783f48baa1e4f8280b33e32dac99	GameObject	7254	-
Assets/SubstanceAssets/LittleGamesPack/Prefabs/Individual Pieces/Jax/Jax_Yellow.prefab	568f55a0dc71e1142a60a83a1c1dc9bf	GameObject	7250	-
Assets/SubstanceAssets/LittleGamesPack/Prefabs/Individual Pieces/PokerChips/PokerChip_Black.prefab	b601630c0d218a641b6705996525e2dd	GameObject	7276	-
Assets/SubstanceAssets/LittleGamesPack/Prefabs/Individual Pieces/PokerChips/PokerChip_Blue.prefab	e1ae2fe72c606dd4c952e57d1a4a9508	GameObject	7276	-
Assets/SubstanceAssets/LittleGamesPack/Prefabs/Individual Pieces/PokerChips/PokerChip_Green.prefab	30ee43d4b6ecf08409a363c115eff133	GameObject	7283	-
Assets/SubstanceAssets/LittleGamesPack/Prefabs/Individual Pieces/PokerChips/PokerChip_Red.prefab	e1d6ca519cda25b47be1c9c392076934	GameObject	7251	-
Assets/SubstanceAssets/LittleGamesPack/Scenes/DemoScene.unity	1259be6d74bf9434dac65cb7978d3d08	SceneAsset	1085954	-
Assets/SubstanceAssets/LittleGamesPack/Textures/CardsAndTables/CardsAndTables_Base_color.png	973f3017245c3f5478b70f72d5ec67ac	Texture2D	15515356	-
Assets/SubstanceAssets/LittleGamesPack/Textures/CardsAndTables/CardsAndTables_Height.png	b6a6a89cbd8ae514d96268aaac2e49d7	Texture2D	1959148	-
Assets/SubstanceAssets/LittleGamesPack/Textures/CardsAndTables/CardsAndTables_Metallic.png	ca757f0e13c515d428670647a1150b2b	Texture2D	16411	-
Assets/SubstanceAssets/LittleGamesPack/Textures/CardsAndTables/CardsAndTables_Mixed_AO.png	3e2b117b9c5c2e34db6f955ebc4c79f4	Texture2D	7556200	-
Assets/SubstanceAssets/LittleGamesPack/Textures/CardsAndTables/CardsAndTables_Normal_OpenGL.png	db050150839ec984d8c7a07e82fdc48e	Texture2D	16669029	-
Assets/SubstanceAssets/LittleGamesPack/Textures/CardsAndTables/CardsAndTables_Roughness.png	98ef32987ff927449bfdc4953c2fa4ec	Texture2D	7937492	-
Assets/SubstanceAssets/LittleGamesPack/Textures/ChessPieces/ChessPieces_Base_color.png	c7e0c22f4fc8c1f419f0b6d10f170075	Texture2D	17751521	-
Assets/SubstanceAssets/LittleGamesPack/Textures/ChessPieces/ChessPieces_Height.png	174f504c5d96d4d4a902567d1240368b	Texture2D	12635918	-
Assets/SubstanceAssets/LittleGamesPack/Textures/ChessPieces/ChessPieces_Metallic.png	ec3a1514ef7a2c44db6040c45ba1fb86	Texture2D	16411	-
Assets/SubstanceAssets/LittleGamesPack/Textures/ChessPieces/ChessPieces_Mixed_AO.png	2e1cb576f52f3ea41a8a66b01780dbae	Texture2D	6648132	-
Assets/SubstanceAssets/LittleGamesPack/Textures/ChessPieces/ChessPieces_Normal_OpenGL.png	b363b94d18d10964aa96eedd40c1ac7d	Texture2D	69681270	-
Assets/SubstanceAssets/LittleGamesPack/Textures/ChessPieces/ChessPieces_Roughness.png	aa4d28886a0694e41a94d7839aa0de51	Texture2D	6528692	-
Assets/SubstanceAssets/LittleGamesPack/Textures/GamePieces/GamePieces_Base_color.png	dc5957f23a73e0945b24147f3c4d999e	Texture2D	9139813	scene:BH_XR_MainScene
Assets/SubstanceAssets/LittleGamesPack/Textures/GamePieces/GamePieces_Height.png	14a1d5424cea61f4da549fe97e99e456	Texture2D	3274590	-
Assets/SubstanceAssets/LittleGamesPack/Textures/GamePieces/GamePieces_Metallic.png	03159f8be35accb4883befca9d0641e1	Texture2D	28403	scene:BH_XR_MainScene
Assets/SubstanceAssets/LittleGamesPack/Textures/GamePieces/GamePieces_Mixed_AO.png	de081bbef34671741ac786e6cc4a51d9	Texture2D	3364336	scene:BH_XR_MainScene
Assets/SubstanceAssets/LittleGamesPack/Textures/GamePieces/GamePieces_Normal_OpenGL.png	168bb243bae8f0d4d84f05d54375dfac	Texture2D	46705734	scene:BH_XR_MainScene
Assets/SubstanceAssets/LittleGamesPack/Textures/GamePieces/GamePieces_Roughness.png	e672ab8d2026d8840a87cf22585ddc63	Texture2D	6770500	-
Assets/TerrainSampleAssets/Materials/Bush Variant.mat	f5769f817680340af891461fceda61ca	Material	2741	-
Assets/TerrainSampleAssets/Materials/Bush.asset	a48ad8aadb27f004390383c89862e6f3	Material	6925	-
Assets/TerrainSampleAssets/Materials/BushDry.asset	238ad6ea99d845f498c3a2334f75358a	Material	6832	-
Assets/TerrainSampleAssets/Materials/Fern.asset	405b9ff318b139d478492b258cc6f606	Material	7065	-
Assets/TerrainSampleAssets/Materials/Grass.asset	fc123ab8f2eb56945b5849155624e2c0	Material	7171	scene:BH_XR_MainScene
Assets/TerrainSampleAssets/Materials/GrassDry.asset	0cf15945abe04ad4589592fd3bfcd17b	Material	7209	scene:BH_XR_MainScene
Assets/TerrainSampleAssets/Materials/Grass_C.asset	d3f698d8d13edc2478d19e143b436434	Material	7217	scene:BH_XR_MainScene
Assets/TerrainSampleAssets/Materials/Heather.asset	9ef29f7651a5050409fa9822d6d4f941	Material	9149	-
Assets/TerrainSampleAssets/Materials/Plant.asset	f53f3a3078db3cd4a9bcd875d3b2a557	Material	6803	-
Assets/TerrainSampleAssets/Models/BushDry_A.asset	3b8f934b79237034b816dfcc8369e9fb	Mesh	76725	-
Assets/TerrainSampleAssets/Models/BushDry_B.asset	8d68c191594d5a24baee81cc22acf55b	Mesh	96689	-
Assets/TerrainSampleAssets/Models/Bush_A.asset	0c4301a6ce8e5964c8df62a78aca15d1	Mesh	50426	-
Assets/TerrainSampleAssets/Models/Bush_B.asset	1ea33222cad50ad49aa4978bc84846e4	Mesh	38263	-
Assets/TerrainSampleAssets/Models/Fern_A.asset	2532d22dd52b5854189d40a50540b705	Mesh	44134	-
Assets/TerrainSampleAssets/Models/Fern_B.asset	2f9d2984488477d498e8d5c61756f557	Mesh	54788	-
Assets/TerrainSampleAssets/Models/Fern_C.asset	19f3cdde7d5104c4da897ac17045ddfd	Mesh	46102	-
Assets/TerrainSampleAssets/Models/GrassDry_A.asset	95c06121a3f5d524c8cad4ff4e302950	Mesh	24496	scene:BH_XR_MainScene
Assets/TerrainSampleAssets/Models/GrassDry_B.asset	34620cf8cdb76ba4b9af2acb627f7846	Mesh	25369	scene:BH_XR_MainScene
Assets/TerrainSampleAssets/Models/GrassDry_C.asset	9a249c33299836d45ae597069d9324e2	Mesh	18010	-
Assets/TerrainSampleAssets/Models/Grass_A.asset	c8542799e804ef04eb35ba93777008a8	Mesh	23119	scene:BH_XR_MainScene
Assets/TerrainSampleAssets/Models/Grass_B.asset	255522b0d4257624f93e110d4a6135ed	Mesh	174651	scene:BH_XR_MainScene
Assets/TerrainSampleAssets/Models/Grass_C.asset	e4775a09ccd762a42b26cb448a2763f0	Mesh	109177	-
Assets/TerrainSampleAssets/Models/Grass_D.asset	15afb6df1db838d409d503b01fb48944	Mesh	139031	scene:BH_XR_MainScene
Assets/TerrainSampleAssets/Models/Heather_A.asset	211a44eba6f5ca34ea3d3ac34bbc3469	Mesh	45462	-
Assets/TerrainSampleAssets/Models/Heather_B.asset	fa4ffd32709146c448c403bfd045f3fb	Mesh	62679	-
Assets/TerrainSampleAssets/Models/Plant_A.asset	d427b65f0342fe84fa77dabe420757ee	Mesh	37442	-
Assets/TerrainSampleAssets/Models/Plant_B.asset	97025d35e5b57294f92451cbaf836c12	Mesh	22145	-
Assets/TerrainSampleAssets/Models/Plant_C.asset	c671cabf34dd5314ca28492ced9c9001	Mesh	19985	-
Assets/TerrainSampleAssets/Models/Plant_D.asset	6a7e8cd5e1ea8794c838b902529f257c	Mesh	11313	-
Assets/TerrainSampleAssets/Prefabs/BushDry_A.prefab	176a42107ce66c44aa74a67424591597	GameObject	2418	-
Assets/TerrainSampleAssets/Prefabs/BushDry_B.prefab	054bf5cf244ff2e4083cbf8eca205cf0	GameObject	2412	-
Assets/TerrainSampleAssets/Prefabs/Bush_A.prefab	0ec1c69bd47ad864f96cc2b516f6cd4b	GameObject	2413	-
Assets/TerrainSampleAssets/Prefabs/Bush_B.prefab	b273de0d6e5818a4cb3195ce4f376ccb	GameObject	2413	-
Assets/TerrainSampleAssets/Prefabs/Fern_A.prefab	6629880e46886724fa0107d3035304e6	GameObject	2415	-
Assets/TerrainSampleAssets/Prefabs/Fern_B.prefab	5e7ace55a7bfd0d4f9ba3c05024e9d79	GameObject	2415	-
Assets/TerrainSampleAssets/Prefabs/Fern_C.prefab	4786e2698ac97a949a9209febfcbd49b	GameObject	2415	-
Assets/TerrainSampleAssets/Prefabs/GrassDry_A.prefab	9e8508e3025d9c844810b83c5607c09e	GameObject	2419	scene:BH_XR_MainScene
Assets/TerrainSampleAssets/Prefabs/GrassDry_B.prefab	3d4dd2affe15db043a6502ae256cd0d4	GameObject	2419	scene:BH_XR_MainScene
Assets/TerrainSampleAssets/Prefabs/GrassDry_C.prefab	8aa8def6286fc784ba128570ec475974	GameObject	2419	-
Assets/TerrainSampleAssets/Prefabs/Grass_A.prefab	4e6885e0d11bd224fa27617a4657c329	GameObject	2412	scene:BH_XR_MainScene
Assets/TerrainSampleAssets/Prefabs/Grass_B.prefab	7b3e6db10d22f504dbc606110b2cb5e7	GameObject	2412	scene:BH_XR_MainScene
Assets/TerrainSampleAssets/Prefabs/Grass_C.prefab	4c72217d56dcb6749a897a75cad1f34e	GameObject	2410	-
Assets/TerrainSampleAssets/Prefabs/Grass_D.prefab	4dfd50a1f648e984f8188be70774f281	GameObject	2637	scene:BH_XR_MainScene
Assets/TerrainSampleAssets/Prefabs/Heather_A.prefab	cce04f533c148314abf74aff71206ec7	GameObject	2418	-
Assets/TerrainSampleAssets/Prefabs/Heather_B.prefab	dd902ff2a6f685041be127af00c09664	GameObject	2414	-
Assets/TerrainSampleAssets/Prefabs/Plant_A.prefab	6d6ea10f03c4d7245a66d6515bf1bc6d	GameObject	2412	-
Assets/TerrainSampleAssets/Prefabs/Plant_B.prefab	0a701dc0b49cb264c88918e012866821	GameObject	2416	-
Assets/TerrainSampleAssets/Prefabs/Plant_C.prefab	d9246f89c4014f749b69f6e963372434	GameObject	2414	-
Assets/TerrainSampleAssets/Prefabs/Plant_D.prefab	8569bec78272c564ab74ca5b8a4762f1	GameObject	2416	-
Assets/TerrainSampleAssets/README.pdf	19f8f1dbc6e0e2a45aa2e518452ffa62	DefaultAsset	10201155	-
Assets/TerrainSampleAssets/Settings/FoliageDiffusionProfile.asset	a4f9b0b21cfa10140b76854ccb395dcf	DiffusionProfileSettings	879	scene:BH_XR_MainScene
Assets/TerrainSampleAssets/Settings/HeightmapTexture.preset	3673edd4bef6add4aaf606245092507c	Preset	12675	-
Assets/TerrainSampleAssets/ShaderGraphs/CustomFunctions/CustomLighting.hlsl	5f245f896176c8142bea5666a89372dc	ShaderInclude	963	scene:BH_XR_MainScene
Assets/TerrainSampleAssets/ShaderGraphs/Subgraphs/AnimatedGrassPhase.shadersubgraph	baa12ab73b962474eb9afea9483e1f0f	SubGraphAsset	123802	scene:BH_XR_MainScene
Assets/TerrainSampleAssets/ShaderGraphs/Subgraphs/DistanceCutoff.shadersubgraph	6c605407cd6fa244f8ff68955ae4b09f	SubGraphAsset	61052	scene:BH_XR_MainScene
Assets/TerrainSampleAssets/ShaderGraphs/Subgraphs/MainLight.shadersubgraph	22848ae0b35f9cb4f830ade382bd4f44	SubGraphAsset	10782	scene:BH_XR_MainScene
Assets/TerrainSampleAssets/ShaderGraphs/Subgraphs/PipelineSwitch.shadersubgraph	31fa38c326a958b4c85964d5d54981a0	SubGraphAsset	17489	scene:BH_XR_MainScene
Assets/TerrainSampleAssets/ShaderGraphs/Subgraphs/RandomFromPosition.shadersubgraph	1d3c53100af6f1c4b8e84deb9f652a6f	SubGraphAsset	11192	scene:BH_XR_MainScene
Assets/TerrainSampleAssets/ShaderGraphs/Subgraphs/URPSSS.shadersubgraph	9037b993318fb2a46b314bdf87073500	SubGraphAsset	125723	scene:BH_XR_MainScene
Assets/TerrainSampleAssets/ShaderGraphs/Subgraphs/Wind.shadersubgraph	43040687acbef31438764c0a962e143f	SubGraphAsset	97971	scene:BH_XR_MainScene
Assets/TerrainSampleAssets/ShaderGraphs/TerrainGrass.shadergraph	dfa3b96612ed4df4a97b7fd06217ba23	Shader	310319	scene:BH_XR_MainScene
Assets/TerrainSampleAssets/TerrainBrushes/Noise_Soft_Brush.brush	cee96a2661edd1040b6f86ac79ab5fc8	Brush	1033	-
Assets/TerrainSampleAssets/TerrainBrushes/Soft_Round_Brush.brush	a757b66aa1cbcbe4595dd37a3729ba24	Brush	1483	-
Assets/TerrainSampleAssets/TerrainBrushes/Terrainstamp_Canyon01_Brush.brush	9b1536174e1306f4eb016fe953e5a678	Brush	1052	-
Assets/TerrainSampleAssets/TerrainBrushes/Terrainstamp_Canyon02_Brush.brush	7ddc1e59f6e82cc4693b55b0badb4aa3	Brush	1052	-
Assets/TerrainSampleAssets/TerrainBrushes/Terrainstamp_Canyon03_Brush.brush	d4e29f095247ea040aabee8a6cb3b010	Brush	1047	-
Assets/TerrainSampleAssets/TerrainBrushes/Terrainstamp_Canyon04_Brush.brush	dc670a42db363de40a6e6d9f231404ca	Brush	1052	-
Assets/TerrainSampleAssets/TerrainBrushes/Terrainstamp_Canyon05_Brush.brush	ceb297a70ecfb74479647a7e0e433265	Brush	1052	-
Assets/TerrainSampleAssets/TerrainBrushes/Terrainstamp_Crackedground01_Brush.brush	a27a2665c8aec334ba8bbba24ee0c827	Brush	1051	-
Assets/TerrainSampleAssets/TerrainBrushes/Terrainstamp_Crackedground02_Brush.brush	61e8c4f14d0453448b7e510f7f96990c	Brush	1059	-
Assets/TerrainSampleAssets/TerrainBrushes/Terrainstamp_Erode01_Brush.brush	7ee3d567366c781458dc63f069654dff	Brush	1051	-
Assets/TerrainSampleAssets/TerrainBrushes/Terrainstamp_Erode02_Brush.brush	b4f1a8962849d1e418cbb0637143dc00	Brush	1051	-
Assets/TerrainSampleAssets/TerrainBrushes/Terrainstamp_Flatmountain01_Brush.brush	5ca44fb774755d14f93870431e58a1e2	Brush	1058	-
Assets/TerrainSampleAssets/TerrainBrushes/Terrainstamp_Hills01_Brush.brush	df5900f192ad71b4c9f0d3b57daadc1e	Brush	1051	-
Assets/TerrainSampleAssets/TerrainBrushes/Terrainstamp_Hills02_Brush.brush	f31e3331ec5f6954e8c6ac51cc3d8c79	Brush	1052	-
Assets/TerrainSampleAssets/TerrainBrushes/Terrainstamp_Island01_Brush.brush	52ed55fadd8d2b34cb0f9f08adb04a84	Brush	1052	-
Assets/TerrainSampleAssets/TerrainBrushes/Terrainstamp_Mountain01_Brush.brush	87bcc148df475664181f323cf3b45e93	Brush	1054	-
Assets/TerrainSampleAssets/TerrainBrushes/Terrainstamp_Mountain02_Brush.brush	8569f88df55a4b64b997e64b2aa69432	Brush	1054	-
Assets/TerrainSampleAssets/TerrainBrushes/Terrainstamp_Mountain03_Brush.brush	f11a285f166a0f6499471bc2b3deaefb	Brush	1054	-
Assets/TerrainSampleAssets/TerrainBrushes/Terrainstamp_Mountain04_Brush.brush	84399f7e9c8b199478532ded97f1ed9b	Brush	1054	-
Assets/TerrainSampleAssets/TerrainBrushes/Terrainstamp_Mountain05_Brush.brush	c18cd5b317ff2af479fe5b47336cc75c	Brush	1054	-
Assets/TerrainSampleAssets/TerrainBrushes/Terrainstamp_Mountain06_Brush.brush	1f59549ee2c7eab4d833e1b9cd1bb76b	Brush	1054	-
Assets/TerrainSampleAssets/TerrainBrushes/Terrainstamp_Mountain07_Brush.brush	6f360df90c5a57042ba4b09cb3249ffc	Brush	1054	-
Assets/TerrainSampleAssets/TerrainBrushes/Terrainstamp_Mountain08_Brush.brush	f3ac69de155752e498f0f9864e41e7a1	Brush	1054	-
Assets/TerrainSampleAssets/TerrainBrushes/Terrainstamp_Mountain09_Brush.brush	9159bc656b82f2b4b80e93118991ddc7	Brush	1054	-
Assets/TerrainSampleAssets/TerrainBrushes/Terrainstamp_Mountain10_Brush.brush	a84a003f62212dd48b832a72ba178a49	Brush	1054	-
Assets/TerrainSampleAssets/TerrainBrushes/Terrainstamp_Mountain11_Brush.brush	3a23908d07382b448b4dbd8adef2c4a0	Brush	1054	-
Assets/TerrainSampleAssets/TerrainBrushes/Terrainstamp_Plateau01_Brush.brush	bb325d04c0ca0dd4a85a78892caa83fc	Brush	1071	-
Assets/TerrainSampleAssets/TerrainBrushes/Terrainstamp_Plateau02_Brush.brush	11e6706e84aaff345ac7f2478d9d88a3	Brush	1053	-
Assets/TerrainSampleAssets/TerrainBrushes/Terrainstamp_Plateau03_Brush.brush	387141d2bd04a10459d9a306ca45434f	Brush	1053	-
Assets/TerrainSampleAssets/TerrainBrushes/Terrainstamp_Ridge01_Brush.brush	776f9b3da89f9394cac9a53aab9a5eb5	Brush	1051	-
Assets/TerrainSampleAssets/TerrainBrushes/Terrainstamp_Ridge02_Brush.brush	5203e2a4f3ccc3548bde5beb3ca4bdc2	Brush	1051	-
Assets/TerrainSampleAssets/TerrainBrushes/Terrainstamp_Ridge03_Brush.brush	7d08355cc5be1584f858af2f22f8bbbb	Brush	1051	-
Assets/TerrainSampleAssets/TerrainBrushes/Terrainstamp_Ridge04_Brush.brush	913af1c64ea139348925340c09459a50	Brush	1051	-
Assets/TerrainSampleAssets/TerrainBrushes/Terrainstamp_Ridge05_Brush.brush	014d61beb3975e849b26bc42fbf17b42	Brush	1051	-
Assets/TerrainSampleAssets/TerrainBrushes/Terrainstamp_Ridge06_Brush.brush	24a7eabe2ad91f84fbf3a7ecf7b532b6	Brush	1059	-
Assets/TerrainSampleAssets/TerrainBrushes/Terrainstamp_Ridgeedge01_Brush.brush	b47c02079aebe594a94e62b833a0616b	Brush	1055	-
Assets/TerrainSampleAssets/TerrainBrushes/Terrainstamp_Rollinghills01_Brush.brush	9bcbad10823d47140bc0c90bfc339f4e	Brush	1059	-
Assets/TerrainSampleAssets/TerrainBrushes/Terrainstamp_Slope01_Brush.brush	d09f2ace661e1be4a8b5e60d52ab9e37	Brush	1051	-
Assets/TerrainSampleAssets/TerrainBrushes/Terrainstamp_Slope02_Brush.brush	6e325b7abaea45841a5bcb6c09fde762	Brush	1051	-
Assets/TerrainSampleAssets/TerrainBrushes/Terrainstamp_Slope03_Brush.brush	4bbbe659961263d4390b9322f0328fe0	Brush	1056	-
Assets/TerrainSampleAssets/TerrainBrushes/Terrainstamp_Slope04_Brush.brush	da7c572fc46d2a345963c4775ee9dc60	Brush	1051	-
Assets/TerrainSampleAssets/TerrainBrushes/Terrainstamp_Softpeaks01_Brush.brush	7eae67bc3f75e02478ed0f5c2d4498cf	Brush	1055	-
Assets/TerrainSampleAssets/TerrainBrushes/Terrainstamp_Volcano01_Brush.brush	e5a2f11e9d7a4da4caf17b3e59800215	Brush	1045	-
Assets/TerrainSampleAssets/TerrainBrushes/Terrainstamp_Volcano02_Brush.brush	5bcc5a77fc677c24c98eb188064d3acd	Brush	1045	-
Assets/TerrainSampleAssets/TerrainLayers/Black_Sand_TerrainLayer.terrainlayer	ce833e94f7f7eea468b012546444cf0c	TerrainLayer	868	scene:BH_XR_MainScene
Assets/TerrainSampleAssets/TerrainLayers/Grass_A_TerrainLayer.terrainlayer	130d104513b29bd44ae9c5b3915f4134	TerrainLayer	871	-
Assets/TerrainSampleAssets/TerrainLayers/Grass_B_TerrainLayer.terrainlayer	bd1fcb10d2c5b5d4ba6e01a34e4735be	TerrainLayer	872	scene:BH_XR_MainScene
Assets/TerrainSampleAssets/TerrainLayers/Grass_Dry_TerrainLayer.terrainlayer	0cbb01b61ed524a48a119d81aa262fed	TerrainLayer	849	scene:BH_XR_MainScene
Assets/TerrainSampleAssets/TerrainLayers/Grass_Moss_TerrainLayer.terrainlayer	d25c8def728088547ae6a1024dd9b481	TerrainLayer	897	-
Assets/TerrainSampleAssets/TerrainLayers/Grass_Soil_TerrainLayer.terrainlayer	62f82665abc6fbf4e8f7fa058cbd8d6c	TerrainLayer	852	-
Assets/TerrainSampleAssets/TerrainLayers/Heather_TerrainLayer.terrainlayer	795e383430200a14bb52726e97a0e7f4	TerrainLayer	847	-
Assets/TerrainSampleAssets/TerrainLayers/Muddy_TerrainLayer.terrainlayer	091511b8c4f042c4082a4d5af73e92c7	TerrainLayer	845	-
Assets/TerrainSampleAssets/TerrainLayers/Pebbles_A_TerrainLayer.terrainlayer	a4f389caed25e6241b38ba88a286c911	TerrainLayer	849	-
Assets/TerrainSampleAssets/TerrainLayers/Pebbles_B_TerrainLayer.terrainlayer	d1685375fd84e62439c572449faa4657	TerrainLayer	864	-
Assets/TerrainSampleAssets/TerrainLayers/Pebbles_C_TerrainLayer.terrainlayer	a579e897aa6ba004ab0e04fa3053263a	TerrainLayer	849	-
Assets/TerrainSampleAssets/TerrainLayers/Rock_TerrainLayer.terrainlayer	c997c17aa360cb749a27932fe3bdfcce	TerrainLayer	877	-
Assets/TerrainSampleAssets/TerrainLayers/Sand_TerrainLayer.terrainlayer	1ded3ba1c5a90054e8f23ddfa62fb2b7	TerrainLayer	844	scene:BH_XR_MainScene
Assets/TerrainSampleAssets/TerrainLayers/Snow_TerrainLayer.terrainlayer	59b98ca43f27d8c4a89d4058d2a962e5	TerrainLayer	844	-
Assets/TerrainSampleAssets/TerrainLayers/Soil_Rocks_TerrainLayer.terrainlayer	73f0b5ac607c28d4696a6dd09a1de66a	TerrainLayer	850	-
Assets/TerrainSampleAssets/TerrainLayers/Tidal_Pools_TerrainLayer.terrainlayer	b5fcb6edb24b4544dbcf0dad9462ee5b	TerrainLayer	868	-
Assets/TerrainSampleAssets/Textures/Details/BushDry_BaseColor.tif	a366a386d5147ee47b6111652608c240	Texture2D	2056464	-
Assets/TerrainSampleAssets/Textures/Details/BushDry_MaskMap.tif	ba5d550271efae04b84eeb0e550be656	Texture2D	1226124	-
Assets/TerrainSampleAssets/Textures/Details/BushDry_Normal.tif	03fe3ff010bcfb3418536e2f7896257b	Texture2D	2238032	-
Assets/TerrainSampleAssets/Textures/Details/BushDry_Thickness.tif	100a50e8b1d0bc04b95bc2f03cb760db	Texture2D	586044	-
Assets/TerrainSampleAssets/Textures/Details/Bush_A_BaseColor.tif	eb04da16cbc16c9488332336fb11b965	Texture2D	1618296	-
Assets/TerrainSampleAssets/Textures/Details/Bush_A_MaskMap.tif	0e1771a5cd057014db71494d5a458d40	Texture2D	1867232	-
Assets/TerrainSampleAssets/Textures/Details/Bush_A_Normal.tif	e1ef57925b58e624bb0ddcc506f28e94	Texture2D	1223460	-
Assets/TerrainSampleAssets/Textures/Details/Fern_BaseColor.tif	f3661c5aa3d7dc141aebd059ea67047b	Texture2D	1373108	-
Assets/TerrainSampleAssets/Textures/Details/Fern_MaskMap.tif	d5a7b708862dd0a449b4bccbefdd2335	Texture2D	741596	-
Assets/TerrainSampleAssets/Textures/Details/Fern_Normal.tif	8cb2914aba3e5d545bb189195869f9f4	Texture2D	1136364	-
Assets/TerrainSampleAssets/Textures/Details/Fern_Thickness.tif	daa49585c030643489dad5c6e4680dca	Texture2D	451368	-
Assets/TerrainSampleAssets/Textures/Details/GrassDry_BaseColor.tif	3785d5abd275c7147a10aa4bf8720df4	Texture2D	1088768	scene:BH_XR_MainScene
Assets/TerrainSampleAssets/Textures/Details/GrassDry_MaskMap.tif	d3cf4500414007c4c895584cfcf1fbc3	Texture2D	491744	scene:BH_XR_MainScene
Assets/TerrainSampleAssets/Textures/Details/GrassDry_Normal.tif	17cc5677d5a413843b9003e53261c859	Texture2D	826008	scene:BH_XR_MainScene
Assets/TerrainSampleAssets/Textures/Details/GrassDry_Thickness.tif	77efac6da14b90f48895b89d90b5ef3f	Texture2D	277564	scene:BH_XR_MainScene
Assets/TerrainSampleAssets/Textures/Details/Grass_A_BaseColor.tif	9bf68c6e5059e7549b60e91ca11987a6	Texture2D	1938408	scene:BH_XR_MainScene
Assets/TerrainSampleAssets/Textures/Details/Grass_A_MaskMap.tif	e9a1c1b060b9b2c4989233f1037f9d5d	Texture2D	1368360	scene:BH_XR_MainScene
Assets/TerrainSampleAssets/Textures/Details/Grass_A_Normal.tif	9a1568052101f2f48ba76e7342adc3f3	Texture2D	1298172	scene:BH_XR_MainScene
Assets/TerrainSampleAssets/Textures/Details/Grass_A_Thickness.tif	5bdbe53dce2414e458937234dce49479	Texture2D	508392	scene:BH_XR_MainScene
Assets/TerrainSampleAssets/Textures/Details/Grass_C_BaseColor.tif	696617d4dc7551d4cb58b7f30d022160	Texture2D	1632764	scene:BH_XR_MainScene
Assets/TerrainSampleAssets/Textures/Details/Grass_C_MaskMap.tif	20e5036a7508c01479cdb7338b1c86cc	Texture2D	1817748	scene:BH_XR_MainScene
Assets/TerrainSampleAssets/Textures/Details/Grass_C_Normal.tif	ec6838d3bd80287449a69dc40380ebc8	Texture2D	1796564	scene:BH_XR_MainScene
Assets/TerrainSampleAssets/Textures/Details/Grass_C_Thickness.tif	5ac60e8e8739b1f4daeb70e1c662df49	Texture2D	874072	scene:BH_XR_MainScene
Assets/TerrainSampleAssets/Textures/Details/Heather_A_BaseColor.tif	deb3a5099f3fc81408def7e176a5f5de	Texture2D	1894236	-
Assets/TerrainSampleAssets/Textures/Details/Heather_A_MaskMap.tif	2acdbd081c9f4e7448a4885ecf259aaf	Texture2D	1434952	-
Assets/TerrainSampleAssets/Textures/Details/Heather_A_Normal.tif	b5680c218e8592f489953c2723e3aac4	Texture2D	3041936	-
Assets/TerrainSampleAssets/Textures/Details/Heather_A_Thickness.tif	0942f310de78e664aaaca6d7d276cb61	Texture2D	1256132	-
Assets/TerrainSampleAssets/Textures/Details/Plant_BaseColor.tif	2d6f4b0351691d54aadd4f4283b63025	Texture2D	7989328	-
Assets/TerrainSampleAssets/Textures/Details/Plant_MaskMap.tif	58f96e5085ad49449a678cbc76949e47	Texture2D	2173712	-
Assets/TerrainSampleAssets/Textures/Details/Plant_Normal.tif	bcd36bed575f11d42bc048f705b8b6a5	Texture2D	2744260	-
Assets/TerrainSampleAssets/Textures/Details/Plant_Thickness.tif	eb0c8b2f7b0da9944ae8e4156f2ec349	Texture2D	2593708	-
Assets/TerrainSampleAssets/Textures/Heightmaps/Canyon01_Heightmap.tif	903360ef543b50449ae74931c4fddc2c	Texture2D	548868	-
Assets/TerrainSampleAssets/Textures/Heightmaps/Canyon02_Heightmap.tif	4fe4d3241d435594b82a72af96e4052d	Texture2D	2359436	-
Assets/TerrainSampleAssets/Textures/Heightmaps/Canyon03_Heightmap.tif	00e07f21ff32c094ea64f6753fb3b542	Texture2D	6316568	-
Assets/TerrainSampleAssets/Textures/Heightmaps/Canyon04_Heightmap.tif	fd3a283142a57bd4aa8029f5e0705fc5	Texture2D	2116256	-
Assets/TerrainSampleAssets/Textures/Heightmaps/Canyon05_Heightmap.tif	3771b24b1afb4bd4d86e3ba795b65a32	Texture2D	8408304	-
Assets/TerrainSampleAssets/Textures/Heightmaps/Clouds_Heightmap.tif	791ebe8a3d329b34ca7dc4616ec3cd34	Texture2D	191372	-
Assets/TerrainSampleAssets/Textures/Heightmaps/Cracked_Earth01_Heightmap.tif	fc6089e3bffbdc9489980dbed57a64f6	Texture2D	594044	-
Assets/TerrainSampleAssets/Textures/Heightmaps/Cracked_Earth02_Heightmap.tif	ce389a44803b703498159190bc7d48af	Texture2D	590376	-
Assets/TerrainSampleAssets/Textures/Heightmaps/Default_White.tif	63c633526981fac49b5eb44c0212bf2f	Texture2D	20840	-
Assets/TerrainSampleAssets/Textures/Heightmaps/Errosion01_Heightmap.tif	228af47692a8c7c49b93049646ac6c46	Texture2D	8408128	-
Assets/TerrainSampleAssets/Textures/Heightmaps/Errosion02_Heightmap.tif	8d909223d66b7cd4d9719d37ee403dff	Texture2D	33573800	-
Assets/TerrainSampleAssets/Textures/Heightmaps/Flat_Mountain01_Heightmap.tif	d2a704d1b2d8ad948aab36a028a684b5	Texture2D	8408404	-
Assets/TerrainSampleAssets/Textures/Heightmaps/Hills01_Heightmap.tiff	0a9c4cb001d0620468e11a00fbe9e94e	Texture2D	33554858	-
Assets/TerrainSampleAssets/Textures/Heightmaps/Hills02_Heightmap.tiff	0ae4396d11e334e4daf11922ac1f175f	Texture2D	33554858	-
Assets/TerrainSampleAssets/Textures/Heightmaps/Island01_Heightmap.tif	043a3cc82df9fb94aba4f90d2009efc7	Texture2D	2357356	-
Assets/TerrainSampleAssets/Textures/Heightmaps/Mountain01_Heightmap.tif	6cfb129191988d84eafe31848415a233	Texture2D	8408244	-
Assets/TerrainSampleAssets/Textures/Heightmaps/Mountain02_Heightmap.tif	5b7433cfa322cdb4ba853ecd73127975	Texture2D	2119304	-
Assets/TerrainSampleAssets/Textures/Heightmaps/Mountain03_Heightmap.tif	eb8981774e4509b4ba09dcceaf8814d1	Texture2D	2358680	-
Assets/TerrainSampleAssets/Textures/Heightmaps/Mountain04_Heightmap.tif	a1f4f845b9208d64a95cc6177a9b2abc	Texture2D	8408040	-
Assets/TerrainSampleAssets/Textures/Heightmaps/Mountain05_Heightmap.tif	59cf4095c6c8e0f488ebe12abd1e569a	Texture2D	8408244	-
Assets/TerrainSampleAssets/Textures/Heightmaps/Mountain06_Heightmap.tif	b44a453c2397af74cb81885989043518	Texture2D	2120956	-
Assets/TerrainSampleAssets/Textures/Heightmaps/Mountain07_Heightmap.tif	ce420f179549a9c4f9a08a26260e8d18	Texture2D	8407828	-
Assets/TerrainSampleAssets/Textures/Heightmaps/Mountain08_Heightmap.tif	d5428cdc2df49fc4a9aa5bbbcfcfe0e0	Texture2D	8408100	-
Assets/TerrainSampleAssets/Textures/Heightmaps/Mountain09_Heightmap.tiff	c1873143642071347b9e3544696e5d6f	Texture2D	33554858	-
Assets/TerrainSampleAssets/Textures/Heightmaps/Mountain10_Heightmap.tiff	54acc9c7b90e7844c8110362dbe968ad	Texture2D	33554858	-
Assets/TerrainSampleAssets/Textures/Heightmaps/Mountain11_Heightmap.tiff	70e652ab807bd5c4ca36dc57a1ed6339	Texture2D	33554858	-
Assets/TerrainSampleAssets/Textures/Heightmaps/Plateau01_Heightmap.tif	626e11c44313fda43a6979c9a04cd12e	Texture2D	2357184	-
Assets/TerrainSampleAssets/Textures/Heightmaps/Plateau02_Heightmap.tif	7fce2600db05ae54ea39d9e5681232cc	Texture2D	2356888	-
Assets/TerrainSampleAssets/Textures/Heightmaps/Plateau03_Heightmap.tif	116d48bc82e4c0a4683cbd79927b4596	Texture2D	2356824	-
Assets/TerrainSampleAssets/Textures/Heightmaps/Ridge01_Heightmap.tif	2093015066086b94e9636a0e1f1344ea	Texture2D	8408020	-
Assets/TerrainSampleAssets/Textures/Heightmaps/Ridge02_Heightmap.tif	753f8aefff7f53945bb09d75656ba8de	Texture2D	8408128	-
Assets/TerrainSampleAssets/Textures/Heightmaps/Ridge03_Heightmap.tif	b1dadb884e92879469e470aba88f0096	Texture2D	8408112	-
Assets/TerrainSampleAssets/Textures/Heightmaps/Ridge04_Heightmap.tif	440810c88740a8045949d48b489e443b	Texture2D	8407856	-
Assets/TerrainSampleAssets/Textures/Heightmaps/Ridge05_Heightmap.tif	d5746b47e7c4501479a9aaa297c095e3	Texture2D	33577404	-
Assets/TerrainSampleAssets/Textures/Heightmaps/Ridge06_Heightmap.tif	deb3fcdbaaa2cf64f90d5a341ffd9939	Texture2D	33574684	-
Assets/TerrainSampleAssets/Textures/Heightmaps/Ridge_Edge01_Heightmap.tif	b38901ae2e7149540aaa7fe2697aba3e	Texture2D	2357132	-
Assets/TerrainSampleAssets/Textures/Heightmaps/Rolling_Hills01_Heightmap.tif	ef3a42474254efb44a572b52d3ac06cd	Texture2D	2356672	-
Assets/TerrainSampleAssets/Textures/Heightmaps/Slope01_Heightmap.tiff	ef9c4dc3cb0fed644b548b70ef4f61a8	Texture2D	33554858	-
Assets/TerrainSampleAssets/Textures/Heightmaps/Slope02_Heightmap.tiff	da02531a879811e48a7f7766744588c8	Texture2D	33554858	-
Assets/TerrainSampleAssets/Textures/Heightmaps/Slope03_Heightmap.tiff	282e12329d9099343890f875c1429e1a	Texture2D	33554858	-
Assets/TerrainSampleAssets/Textures/Heightmaps/Slope04_Heightmap.tiff	bac2ee7bfc3dea8438d082adcfe5219b	Texture2D	33554858	-
Assets/TerrainSampleAssets/Textures/Heightmaps/Soft_Peaks01_Heightmap.tif	adfba81bdb8d30048bbea4ad595dbab7	Texture2D	2358664	-
Assets/TerrainSampleAssets/Textures/Heightmaps/Volcano01_Heightmap.tif	363319f155d126f42babcdde1483c92d	Texture2D	25188260	-
Assets/TerrainSampleAssets/Textures/Heightmaps/Volcano02_Heightmap.tif	bd916b355f53ab144901eeb862a0be0b	Texture2D	26231012	-
Assets/TerrainSampleAssets/Textures/Terrain/Black_Sand_BaseColor.tif	0b59c495bf285c442b1b799c94a9f8aa	Texture2D	33337120	scene:BH_XR_MainScene
Assets/TerrainSampleAssets/Textures/Terrain/Black_Sand_MaskMap.tif	33e332af78571f249aa14092c01288cb	Texture2D	35296540	scene:BH_XR_MainScene
Assets/TerrainSampleAssets/Textures/Terrain/Black_Sand_Normal.tif	28a478660ea9d9541b2118c5e95cbb4e	Texture2D	35725576	scene:BH_XR_MainScene
Assets/TerrainSampleAssets/Textures/Terrain/Grass_A_BaseColor.tif	b39336e67b68db14aa4a8a7f883e5aff	Texture2D	34136344	-
Assets/TerrainSampleAssets/Textures/Terrain/Grass_A_MaskMap.tif	bd4c61d030690814097a2076498d1c75	Texture2D	23264240	-
Assets/TerrainSampleAssets/Textures/Terrain/Grass_A_Normal.tif	a8a2fc863627f464e838ba616a1d5789	Texture2D	36089180	-
Assets/TerrainSampleAssets/Textures/Terrain/Grass_B_BaseColor.tif	e318f31bebce62d48a648da3f8ba56c9	Texture2D	34232048	scene:BH_XR_MainScene
Assets/TerrainSampleAssets/Textures/Terrain/Grass_B_MaskMap.tif	0f48eac8617d0de4cbc056e1734e798b	Texture2D	15253592	scene:BH_XR_MainScene
Assets/TerrainSampleAssets/Textures/Terrain/Grass_B_Normal.tif	eb70932bab3d971408c011dbb45767a9	Texture2D	36105608	scene:BH_XR_MainScene
Assets/TerrainSampleAssets/Textures/Terrain/Grass_Dry_BaseColor.tif	7e6fff2112f33d748962082012d11cce	Texture2D	35027440	scene:BH_XR_MainScene
Assets/TerrainSampleAssets/Textures/Terrain/Grass_Dry_MaskMap.tif	9f2c593ad6e69ad4ab880e57ce9b69d6	Texture2D	15006184	scene:BH_XR_MainScene
Assets/TerrainSampleAssets/Textures/Terrain/Grass_Dry_Normal.tif	d835c61db4c94444eabef9cf95e8a7c4	Texture2D	36044732	scene:BH_XR_MainScene
Assets/TerrainSampleAssets/Textures/Terrain/Grass_Moss_BaseColor.tif	d44cec25420524046b0137655ed7f307	Texture2D	34198928	scene:BH_XR_MainScene
Assets/TerrainSampleAssets/Textures/Terrain/Grass_Moss_MaskMap.tif	2d41276a33f8bc949b93fed615e212c4	Texture2D	35519108	scene:BH_XR_MainScene
Assets/TerrainSampleAssets/Textures/Terrain/Grass_Moss_Normal.tif	2114e87dbc5872042860b1588217688e	Texture2D	36063976	scene:BH_XR_MainScene
Assets/TerrainSampleAssets/Textures/Terrain/Grass_Soil_BaseColor.tif	bde7423cb35c64746b6b24c63040dcb0	Texture2D	33421736	-
Assets/TerrainSampleAssets/Textures/Terrain/Grass_Soil_MaskMap.tif	61a6ad6be0be2b444addf88107c0fda2	Texture2D	13303440	-
Assets/TerrainSampleAssets/Textures/Terrain/Grass_Soil_Normal.tif	b5fff5575723f4a40bfa0f147cb9c27f	Texture2D	35994420	-
Assets/TerrainSampleAssets/Textures/Terrain/Heather_BaseColor.tif	87735acf16005914dba9087627517773	Texture2D	35233308	-
Assets/TerrainSampleAssets/Textures/Terrain/Heather_MaskMap.tif	240efe9002d9e7a44b9f2a592f357102	Texture2D	14310964	-
Assets/TerrainSampleAssets/Textures/Terrain/Heather_Normal.tif	c8b8fa1b153cfd3428c4c5c2fded152e	Texture2D	36128884	-
Assets/TerrainSampleAssets/Textures/Terrain/Muddy_BaseColor.tif	311fa94216ea77342a20e99b01ed6e69	Texture2D	33725212	-
Assets/TerrainSampleAssets/Textures/Terrain/Muddy_MaskMap.tif	69ac4ffc59a4b194c9f03bec38be51ae	Texture2D	13002296	-
Assets/TerrainSampleAssets/Textures/Terrain/Muddy_Normal.tif	86f7d07dde38b154188fd60359df541e	Texture2D	35888960	-
Assets/TerrainSampleAssets/Textures/Terrain/Pebbles_A_BaseColor.tif	5f61aa5f60d405a4b9f08becbe25d4c2	Texture2D	32999956	-
Assets/TerrainSampleAssets/Textures/Terrain/Pebbles_A_MaskMap.tif	8abd4e7f6f86e8b4cb4820fea28b8f34	Texture2D	12823500	-
Assets/TerrainSampleAssets/Textures/Terrain/Pebbles_A_Normal.tif	00eadd7ea2cbbf14ca338babf410bdf4	Texture2D	35828800	-
Assets/TerrainSampleAssets/Textures/Terrain/Pebbles_B_BaseColor.tif	2dd80f1b9b10057439e2db179b557ebc	Texture2D	32092168	-
Assets/TerrainSampleAssets/Textures/Terrain/Pebbles_B_MaskMap.tif	5c4a8c65594fb714388c177bbed315bc	Texture2D	10837300	-
Assets/TerrainSampleAssets/Textures/Terrain/Pebbles_B_Normal.tif	abaa3d4f433df074389559003412235d	Texture2D	35279552	-
Assets/TerrainSampleAssets/Textures/Terrain/Pebbles_C_BaseColor.tif	8e255f57d15705e488d4db5425239501	Texture2D	33735820	scene:BH_XR_MainScene
Assets/TerrainSampleAssets/Textures/Terrain/Pebbles_C_MaskMap.tif	37bf2efdabb269f4b891344af9233d9e	Texture2D	13710252	scene:BH_XR_MainScene
Assets/TerrainSampleAssets/Textures/Terrain/Pebbles_C_Normal.tif	297a3ddfc901318499e15b3a0c8ec74d	Texture2D	36107892	scene:BH_XR_MainScene
Assets/TerrainSampleAssets/Textures/Terrain/Rock_BaseColor.tif	7e35234e281d141418972228ee38415e	Texture2D	34189544	-
Assets/TerrainSampleAssets/Textures/Terrain/Rock_MaskMap.tif	30b51375156b10e4780537d5793a26c9	Texture2D	34865184	-
Assets/TerrainSampleAssets/Textures/Terrain/Rock_Normal.tif	d39a1b9e5d5c7b9499f579fa5c70a2a3	Texture2D	34933620	-
Assets/TerrainSampleAssets/Textures/Terrain/Sand_BaseColor.tif	e18ae12a8286a594bae0eb036ce9bc12	Texture2D	10380156	scene:BH_XR_MainScene
Assets/TerrainSampleAssets/Textures/Terrain/Sand_MaskMap.tif	32c701976955001429b200f33da0d4a9	Texture2D	9257068	scene:BH_XR_MainScene
Assets/TerrainSampleAssets/Textures/Terrain/Sand_Normal.tif	83f03b3c2b2d5df40898d8c2123239ae	Texture2D	35255012	scene:BH_XR_MainScene
Assets/TerrainSampleAssets/Textures/Terrain/Snow_BaseColor.tif	ffa01093856b873448237de84289ee85	Texture2D	29474316	-
Assets/TerrainSampleAssets/Textures/Terrain/Snow_MaskMap.tif	5d46f74cdeedd7941ba8cd7cb7ebb40c	Texture2D	6136652	-
Assets/TerrainSampleAssets/Textures/Terrain/Snow_Normal.tif	baca4d94b1d1d8046ab52ce1570a24c7	Texture2D	34687396	-
Assets/TerrainSampleAssets/Textures/Terrain/Soil_Rocks_BaseColor.tif	e257fa53a087b404d8579225e1c7cddb	Texture2D	34369328	scene:BH_XR_MainScene
Assets/TerrainSampleAssets/Textures/Terrain/Soil_Rocks_MaskMap.tif	b1c590e575d73224eb6773fd8c1cbb64	Texture2D	36039052	scene:BH_XR_MainScene
Assets/TerrainSampleAssets/Textures/Terrain/Soil_Rocks_Normal.tif	773f0cf0efc85a14a9f70e559642746f	Texture2D	35677264	scene:BH_XR_MainScene
Assets/TerrainSampleAssets/Textures/Terrain/Tidal_Pools_BaseColor.tif	65c50b065f264b042a12153fb6454aa5	Texture2D	31929948	-
Assets/TerrainSampleAssets/Textures/Terrain/Tidal_Pools_MaskMap.tif	e39c4b98a4756b043a23fb5b81e7b25a	Texture2D	9235380	-
Assets/TerrainSampleAssets/Textures/Terrain/Tidal_Pools_Normal.tif	28b218fb0e12c994d8f0b586f65545f2	Texture2D	35033448	-
Assets/TerrainSampleAssets/Textures/Terrain/sand.mat	dcb13bf9543f9409199a5b964085d70f	Material	3907	-
Assets/TerrainSampleAssets/ThirdPartyNotices.txt	408677bd09874114a90a745e08fd2112	TextAsset	451	-
Assets/TextMesh Pro/Fonts/LiberationSans - OFL.txt	6e59c59b81ab47f9b6ec5781fa725d2c	TextAsset	4469	-
Assets/TextMesh Pro/Fonts/LiberationSans.ttf	e3265ab4bf004d28a9537516768c1c75	Font	350200	resources,scene:BH_XR_MainScene,scene:BlackKitchen_MemoryScene
Assets/TextMesh Pro/Resources/Fonts & Materials/LiberationSans SDF - Drop Shadow.mat	e73a58f6e2794ae7b1b7e50b7fb811b0	Material	2975	resources
Assets/TextMesh Pro/Resources/Fonts & Materials/LiberationSans SDF - Fallback.asset	2e498d1c8094910479dc3e1b768306a4	TMP_FontAsset	9365	resources,scene:BH_XR_MainScene,scene:BlackKitchen_MemoryScene
Assets/TextMesh Pro/Resources/Fonts & Materials/LiberationSans SDF - Outline.mat	79459efec17a4d00a321bdcc27bbc385	Material	2889	resources
Assets/TextMesh Pro/Resources/Fonts & Materials/LiberationSans SDF.asset	8f586378b4e144a9851e7b34d9b748ee	TMP_FontAsset	2264674	resources,scene:BH_XR_MainScene,scene:BlackKitchen_MemoryScene
Assets/TextMesh Pro/Resources/LineBreaking Following Characters.txt	fade42e8bc714b018fac513c043d323b	TextAsset	269	resources
Assets/TextMesh Pro/Resources/LineBreaking Leading Characters.txt	d82c1b31c7e74239bff1220585707d2b	TextAsset	95	resources
Assets/TextMesh Pro/Resources/Sprite Assets/EmojiOne.asset	c41005c129ba4d66911b75229fd70b45	TMP_SpriteAsset	13441	resources
Assets/TextMesh Pro/Resources/Style Sheets/Default Style Sheet.asset	f952c082cb03451daed3ee968ac6c63e	TMP_StyleSheet	5539	resources
Assets/TextMesh Pro/Resources/TMP Settings.asset	3f5b5dff67a942289a9defa416b206f3	TMP_Settings	1852	resources
Assets/TextMesh Pro/Shaders/SDFFunctions.hlsl	96de908384869cd409c75efa351d5edf	ShaderInclude	6021	-
Assets/TextMesh Pro/Shaders/TMP_Bitmap-Custom-Atlas.shader	48bb5f55d8670e349b6e614913f9d910	Shader	3836	-
Assets/TextMesh Pro/Shaders/TMP_Bitmap-Mobile.shader	1e3b057af24249748ff873be7fafee47	Shader	4071	-
Assets/TextMesh Pro/Shaders/TMP_Bitmap.shader	128e987d567d4e2c824d754223b3f3b0	Shader	3839	-
Assets/TextMesh Pro/Shaders/TMP_SDF Overlay.shader	dd89cf5b9246416f84610a006f916af7	Shader	11054	-
Assets/TextMesh Pro/Shaders/TMP_SDF SSD.shader	14eb328de4b8eb245bb7cea29e4ac00b	Shader	12438	-
Assets/TextMesh Pro/Shaders/TMP_SDF-HDRP LIT.shadergraph	ca2ed216f98028c4dae6c5224a952b3c	Shader	287427	-
Assets/TextMesh Pro/Shaders/TMP_SDF-HDRP UNLIT.shadergraph	f63d574838ccfb44f84acc05fed0af48	Shader	279909	-
Assets/TextMesh Pro/Shaders/TMP_SDF-Mobile Masking.shader	bc1ede39bf3643ee8e493720e4259791	Shader	8273	-
Assets/TextMesh Pro/Shaders/TMP_SDF-Mobile Overlay.shader	a02a7d8c237544f1962732b55a9aebf1	Shader	8081	-
Assets/TextMesh Pro/Shaders/TMP_SDF-Mobile SSD.shader	c8d12adcee749c344b8117cf7c7eb912	Shader	3064	-
Assets/TextMesh Pro/Shaders/TMP_SDF-Mobile-2-Pass.shader	0178fcb869bafef4690d177d31d17db8	Shader	11795	-
Assets/TextMesh Pro/Shaders/TMP_SDF-Mobile.shader	fe393ace9b354375a9cb14cdbbc28be4	Shader	8074	resources,scene:BH_XR_MainScene,scene:BlackKitchen_MemoryScene
Assets/TextMesh Pro/Shaders/TMP_SDF-Surface-Mobile.shader	85187c2149c549c5b33f0cdb02836b17	Shader	3523	-
Assets/TextMesh Pro/Shaders/TMP_SDF-Surface.shader	f7ada0af4f174f0694ca6a487b8f543d	Shader	4353	-
Assets/TextMesh Pro/Shaders/TMP_SDF-URP Lit.shadergraph	a3d800b099a06e0478fb790c5e79057a	Shader	283866	-
Assets/TextMesh Pro/Shaders/TMP_SDF-URP Unlit.shadergraph	124c112a6e8f1a54e8b0870e881b56d8	Shader	277012	-
Assets/TextMesh Pro/Shaders/TMP_SDF.shader	68e6db2ebdc24f95958faec2be5558d6	Shader	11027	-
Assets/TextMesh Pro/Shaders/TMP_Sprite.shader	cf81c85f95fe47e1a27f6ae460cf182c	Shader	3446	resources
Assets/TextMesh Pro/Shaders/TMPro.cginc	407bc68d299748449bbf7f48ee690f8d	ShaderInclude	2277	-
Assets/TextMesh Pro/Shaders/TMPro_Mobile.cginc	c334973cef89a9840b0b0c507e0377ab	ShaderInclude	5453	-
Assets/TextMesh Pro/Shaders/TMPro_Properties.cginc	3997e2241185407d80309a82f9148466	ShaderInclude	2707	-
Assets/TextMesh Pro/Shaders/TMPro_Surface.cginc	d930090c0cd643c7b55f19a38538c162	ShaderInclude	3515	-
Assets/TextMesh Pro/Sprites/EmojiOne Attribution.txt	381dcb09d5029d14897e55f98031fca5	TextAsset	185	-
Assets/TextMesh Pro/Sprites/EmojiOne.json	8f05276190cf498a8153f6cbe761d4e6	TextAsset	3966	-
Assets/TextMesh Pro/Sprites/EmojiOne.png	dffef66376be4fa480fb02b19edbe903	Texture2D	112319	resources
Assets/Tree.prefab	e540f37d69280473da557b2536f6feb0	GameObject	37829	-
Assets/Tree_Textures/diffuse.png	6b14f1009903442788cfd745f6e67984	Texture2D	1755	-
Assets/Tree_Textures/normal_specular.png	deb2d2ffd50be4579bfb4efc8ba31f2e	Texture2D	1759	-
Assets/Tree_Textures/shadow.png	a1e353010517044d7a3e0f8b7c14fe88	Texture2D	2330	-
Assets/Tree_Textures/translucency_gloss.png	6d0923994d0274c7bbf34c6905336076	Texture2D	1754	-
Assets/TutorialInfo/Icons/Help_Icon.png	34f556d724b1bbf4097ca6220db2c581	Texture2D	18108	-
Assets/TutorialInfo/Icons/URP.png	727a75301c3d24613a3ebcec4a24c2c8	Texture2D	24069	-
Assets/TutorialInfo/Icons/Water Shader icon.PNG	766a7edc5f25e3b4daafb5554da17927	Texture2D	122056	-
Assets/TutorialInfo/Layout.wlt	eabc9546105bf4accac1fd62a63e88e6	DefaultAsset	15479	-
Assets/UnityTechnologies/Basic Asset Pack Interior/Materials/Cream.mat	3f6142e08336f4e46811b4f657bc9b94	Material	3764	scene:BH_XR_MainScene
Assets/UnityTechnologies/Basic Asset Pack Interior/Materials/Glass.mat	c0776710185a9a5479eb8809dd79030b	Material	3855	scene:BH_XR_MainScene
Assets/UnityTechnologies/Basic Asset Pack Interior/Materials/Grey.mat	550e57637d66668439f37e5f05c45816	Material	3764	-
Assets/UnityTechnologies/Basic Asset Pack Interior/Materials/PatternSpotBlue.mat	1112486a62debb048943434535c19d5f	Material	3771	scene:BH_XR_MainScene
Assets/UnityTechnologies/Basic Asset Pack Interior/Materials/PatternSpotGreenBig.mat	11ec10ab08ff11a40a2ed07f256a01a5	Material	3838	scene:BH_XR_MainScene
Assets/UnityTechnologies/Basic Asset Pack Interior/Materials/PatternSpotGreenBlue.mat	c973da09dfcff7f4b9b2ef6c7074636d	Material	3776	scene:BH_XR_MainScene
Assets/UnityTechnologies/Basic Asset Pack Interior/Materials/PatternSpotGreenSmall.mat	a4ce96baccb03d24e8484ae0d02b6c3f	Material	3777	-
Assets/UnityTechnologies/Basic Asset Pack Interior/Materials/PatternSpotPurple.mat	173e1910c873d164a8e5b12ead9f9b37	Material	3773	-
Assets/UnityTechnologies/Basic Asset Pack Interior/Materials/PatternStripeGreen.mat	f22528325483e2746a2c633d7a2ae22c	Material	3837	-
Assets/UnityTechnologies/Basic Asset Pack Interior/Materials/SmallProps.mat	ec3aef968e8b7cd4dbde72f86144a923	Material	3830	scene:BH_XR_MainScene
Assets/UnityTechnologies/Basic Asset Pack Interior/Materials/SmallProps_Light.mat	12416da89ffd6164b8e8c7fa410c8a54	Material	3926	scene:BH_XR_MainScene
Assets/UnityTechnologies/Basic Asset Pack Interior/Materials/TrimSheetGreenPurple.mat	3252fda813d817e4a8cdc21a1aa09354	Material	3839	scene:BH_XR_MainScene
Assets/UnityTechnologies/Basic Asset Pack Interior/Materials/WallGreen.mat	71e87038bf775fc45b3e16ed33163afa	Material	3828	scene:BH_XR_MainScene
Assets/UnityTechnologies/Basic Asset Pack Interior/Materials/WoodPlanksBeige.mat	942eadbeed18c7a4c8440c139367b61e	Material	3834	-
Assets/UnityTechnologies/Basic Asset Pack Interior/Models/BedDouble.FBX	5ef75ced93ed5884dbcf4403d8018e7b	GameObject	25984	-
Assets/UnityTechnologies/Basic Asset Pack Interior/Models/BedPillow.FBX	a30255044f824ae40803dfb83d5645c6	GameObject	22768	scene:BH_XR_MainScene
Assets/UnityTechnologies/Basic Asset Pack Interior/Models/BenchDinning.FBX	53350ab4f5bf1d34b9b1375ebfe4cb8a	GameObject	20176	-
Assets/UnityTechnologies/Basic Asset Pack Interior/Models/Books.FBX	f070b181d7aa14a48ba6da721ed534bf	GameObject	36752	-
Assets/UnityTechnologies/Basic Asset Pack Interior/Models/ChairDinningA.FBX	eb19fa9856d8db94bac28350e00f3e2e	GameObject	21984	-
Assets/UnityTechnologies/Basic Asset Pack Interior/Models/ChairDinningB.FBX	bbe64abbc81b39741946449b7bfced14	GameObject	29088	-
Assets/UnityTechnologies/Basic Asset Pack Interior/Models/Floor/Floor1m.FBX	771e4240123bb4e4e843968dfaf72fd5	GameObject	17440	-
Assets/UnityTechnologies/Basic Asset Pack Interior/Models/Floor/Floor2m.FBX	ce73d106b4ec7b148b691b2ad5051dfb	GameObject	17440	-
Assets/UnityTechnologies/Basic Asset Pack Interior/Models/Floor/Floor2x4m.FBX	0be13f3b1daeb3c458ad48c714ccbd15	GameObject	17520	-
Assets/UnityTechnologies/Basic Asset Pack Interior/Models/Floor/Floor3m.FBX	6b063108f055dbc4cb327e982c1a97ef	GameObject	17440	-
Assets/UnityTechnologies/Basic Asset Pack Interior/Models/Floor/Floor4m.FBX	371d29a895706ad4daa08920a2544d87	GameObject	17440	scene:BH_XR_MainScene
Assets/UnityTechnologies/Basic Asset Pack Interior/Models/Floor/RugDoorMat.FBX	1e81361a12df1b74fa6b151035d5c733	GameObject	19184	scene:BH_XR_MainScene
Assets/UnityTechnologies/Basic Asset Pack Interior/Models/Floor/RugRectangleLong.FBX	7b6f02aac770b3646bfa9301fd659536	GameObject	19472	-
Assets/UnityTechnologies/Basic Asset Pack Interior/Models/Floor/RugRectangleMedium.FBX	7363c24eae0133946877395753fa75b6	GameObject	19472	-
Assets/UnityTechnologies/Basic Asset Pack Interior/Models/Floor/RugRectangleSmall.FBX	5dda221b1c394884b922c54ab63015a6	GameObject	19248	-
Assets/UnityTechnologies/Basic Asset Pack Interior/Models/LampShadeDome.FBX	06fde725bfec3e24b8ece101a9c7206a	GameObject	27216	-
Assets/UnityTechnologies/Basic Asset Pack Interior/Models/LampShadeTube.FBX	080908627e0e2a74a927b7260cc23ec3	GameObject	25600	-
Assets/UnityTechnologies/Basic Asset Pack Interior/Models/LampSmall.FBX	bce58d58b66628c4bb843a0f547d5b43	GameObject	41360	-
Assets/UnityTechnologies/Basic Asset Pack Interior/Models/LampTall.FBX	ed0b608e38da5ea4092241c0bfa570cd	GameObject	38256	scene:BH_XR_MainScene
Assets/UnityTechnologies/Basic Asset Pack Interior/Models/LightBulb.FBX	e47fe05927092224492a466c2d5b61c0	GameObject	21680	scene:BH_XR_MainScene
Assets/UnityTechnologies/Basic Asset Pack Interior/Models/LightCeliing.FBX	9c43f81752aff054389b01879860d47b	GameObject	31824	-
Assets/UnityTechnologies/Basic Asset Pack Interior/Models/Mug.FBX	ecbd93ac9b16a704d81261a53ee644da	GameObject	26016	-
Assets/UnityTechnologies/Basic Asset Pack Interior/Models/PlantPotMedium.FBX	3e715039d0b44624bae1d7bc1137ae6c	GameObject	25168	scene:BH_XR_MainScene
Assets/UnityTechnologies/Basic Asset Pack Interior/Models/PlantPotRoundMedium.FBX	2a621bc3f19c8774d8fc0497ebc0f764	GameObject	25392	scene:BH_XR_MainScene
Assets/UnityTechnologies/Basic Asset Pack Interior/Models/PlantSnakeLarge.FBX	9d5cb14ab3a6a4a4da95fcf86af268da	GameObject	36544	scene:BH_XR_MainScene
Assets/UnityTechnologies/Basic Asset Pack Interior/Models/ShelfWallSmall.FBX	add76bfb7f499e74c8fdaa4711c5cbe2	GameObject	20736	-
Assets/UnityTechnologies/Basic Asset Pack Interior/Models/ShelvesMediumA.FBX	7ddb456e42c1fa841ab76a1dd2cee198	GameObject	20464	-
Assets/UnityTechnologies/Basic Asset Pack Interior/Models/ShelvesTallA.FBX	6feafe1c36564fa41bacd7cb95083cf5	GameObject	21264	-
Assets/UnityTechnologies/Basic Asset Pack Interior/Models/SofaArmChair.FBX	25a68030206341c4fb8fde17a476a99f	GameObject	28272	-
Assets/UnityTechnologies/Basic Asset Pack Interior/Models/SofaCusion.FBX	adf017f7adaf78b49989e92ad9bb888a	GameObject	23200	-
Assets/UnityTechnologies/Basic Asset Pack Interior/Models/SofaDouble.FBX	9355926401225a4439d9522f83f0b4c4	GameObject	31984	-
Assets/UnityTechnologies/Basic Asset Pack Interior/Models/SofaFootRest.FBX	6defe750ce497f046826cf8092e5a10b	GameObject	21488	-
Assets/UnityTechnologies/Basic Asset Pack Interior/Models/Switch.FBX	2fdd95bffa5a84a44971184a13ea23b8	GameObject	21152	-
Assets/UnityTechnologies/Basic Asset Pack Interior/Models/TableNarrowDoubleDraw.FBX	9adc57be3775c9d489879ae3e9a854c3	GameObject	27600	-
Assets/UnityTechnologies/Basic Asset Pack Interior/Models/TableNarrowSingleDraw.FBX	97a0194b97270584fa02972e33e11013	GameObject	23712	-
Assets/UnityTechnologies/Basic Asset Pack Interior/Models/TableRectangleMedium.FBX	5039954c1403bf247a4d8b42af5c0a27	GameObject	19728	-
Assets/UnityTechnologies/Basic Asset Pack Interior/Models/TableRectangleShort.FBX	1fa13df843e49b6489209c4a6f08aee2	GameObject	19664	scene:BH_XR_MainScene
Assets/UnityTechnologies/Basic Asset Pack Interior/Models/TableSquareMedium.FBX	d3f160d95e8a45449a26475b358cb108	GameObject	19872	-
Assets/UnityTechnologies/Basic Asset Pack Interior/Models/VaseBulbus.FBX	17bb9b6df6d15c548a93af42535987ad	GameObject	27856	-
Assets/UnityTechnologies/Basic Asset Pack Interior/Models/VaseSmall.FBX	be03fd69e511a23459895a3c6c0c7936	GameObject	27936	-
Assets/UnityTechnologies/Basic Asset Pack Interior/Models/VaseTall.FBX	5d0bee9200f22e5408e8aae6a2eba395	GameObject	26976	-
Assets/UnityTechnologies/Basic Asset Pack Interior/Models/VaseTallBottle.FBX	2adc15af28cd51043b6bc41751fb2503	GameObject	27952	-
Assets/UnityTechnologies/Basic Asset Pack Interior/Models/Walls/Door.FBX	eb1ea10424b1fd54a911d11e956ea492	GameObject	37216	-
Assets/UnityTechnologies/Basic Asset Pack Interior/Models/Walls/Wall1m.FBX	fb137926826512b48b40c74b03f914ae	GameObject	23840	-
Assets/UnityTechnologies/Basic Asset Pack Interior/Models/Walls/Wall2m.FBX	b78edbf06425eeb408751b05d9d4fd9c	GameObject	23760	-
Assets/UnityTechnologies/Basic Asset Pack Interior/Models/Walls/Wall3m.FBX	63e6069ebe726454ab160677d1ad79ec	GameObject	24288	-
Assets/UnityTechnologies/Basic Asset Pack Interior/Models/Walls/Wall4m.FBX	4d903c085cce4014a85165ef665b3889	GameObject	24256	-
Assets/UnityTechnologies/Basic Asset Pack Interior/Models/Walls/WallCornerInner.FBX	f63deedad9c61c54a975dc8c4b495ab9	GameObject	24592	-
Assets/UnityTechnologies/Basic Asset Pack Interior/Models/Walls/WallCornerOuter.FBX	fc4c98dc86b2e8a4e88fe1bf93f7361e	GameObject	25856	-
Assets/UnityTechnologies/Basic Asset Pack Interior/Models/Walls/WallDoor2m.FBX	071cd515c6307f647b9b65b7a81a61e8	GameObject	25696	-
Assets/UnityTechnologies/Basic Asset Pack Interior/Models/Walls/WallWindow2m.FBX	33cfc142f7d1009429d61d0bc5be9fd1	GameObject	32480	scene:BH_XR_MainScene
Assets/UnityTechnologies/Basic Asset Pack Interior/Models/Walls/WallWindow2mCurtain.FBX	7b993b5437c36da42a57c50b3986453d	GameObject	28864	scene:BH_XR_MainScene
Assets/UnityTechnologies/Basic Asset Pack Interior/Models/Walls/WallWindow4m.FBX	8863c6b0edff5d841a9b167b0eb14857	GameObject	34048	-
Assets/UnityTechnologies/Basic Asset Pack Interior/Models/Walls/WallWindow4mCurtain.FBX	4ff10f1bd3a9db247a6b5338659a3817	GameObject	29936	scene:BH_XR_MainScene
Assets/UnityTechnologies/Basic Asset Pack Interior/Models/Walls/WallWindowBay4m.FBX	fb1818858455d0642ae5a531b2f94afd	GameObject	48208	scene:BH_XR_MainScene
Assets/UnityTechnologies/Basic Asset Pack Interior/Models/Walls/WallWindowBay4mCurtain.FBX	42d01a673d17e624995eb1892ca9f067	GameObject	34112	scene:BH_XR_MainScene
Assets/UnityTechnologies/Basic Asset Pack Interior/Models/Walls/WallWindowTall4m.FBX	e2fe106ccb1596149b8d7ba664b56bc9	GameObject	35248	scene:BH_XR_MainScene
Assets/UnityTechnologies/Basic Asset Pack Interior/Prefabs/Floor/Floor1m.prefab	b866cd89eeadfa14183bdbb8272c67a8	GameObject	2427	-
Assets/UnityTechnologies/Basic Asset Pack Interior/Prefabs/Floor/Floor2m.prefab	5666bfa8093f4924ba013107051783da	GameObject	2427	-
Assets/UnityTechnologies/Basic Asset Pack Interior/Prefabs/Floor/Floor2x4m.prefab	4a3d4ee404cb0754f860c66c7499443a	GameObject	2428	-
Assets/UnityTechnologies/Basic Asset Pack Interior/Prefabs/Floor/Floor3m.prefab	554a5e88eb18d254d8c18a357df05724	GameObject	2426	-
Assets/UnityTechnologies/Basic Asset Pack Interior/Prefabs/Floor/Floor4m.prefab	80e5bbfa6aa12b34ca98423c9e7a0f86	GameObject	2421	-
Assets/UnityTechnologies/Basic Asset Pack Interior/Prefabs/Floor/RugDoorMat.prefab	00d62ec9ef1fe7a4b9a60fe6f8a43b44	GameObject	2451	scene:BH_XR_MainScene
Assets/UnityTechnologies/Basic Asset Pack Interior/Prefabs/Floor/RugRectangleLong.prefab	6176ffddae78aaf4a8890b1580487c20	GameObject	2456	-
Assets/UnityTechnologies/Basic Asset Pack Interior/Prefabs/Floor/RugRectangleMedium.prefab	0758d192278633543ad832e7ee2f264f	GameObject	2459	-
Assets/UnityTechnologies/Basic Asset Pack Interior/Prefabs/Floor/RugRectangleSmall.prefab	34785ad8f60384e449d99867f7f946c3	GameObject	2458	-
Assets/UnityTechnologies/Basic Asset Pack Interior/Prefabs/Furniture/BedDouble.prefab	9ef4ca2364c345b4ca4bd86692e8fe03	GameObject	8793	-
Assets/UnityTechnologies/Basic Asset Pack Interior/Prefabs/Furniture/BenchDinning.prefab	9dd93ff4bd20a564bb5eedf91b056612	GameObject	2467	-
Assets/UnityTechnologies/Basic Asset Pack Interior/Prefabs/Furniture/ChairDinningA.prefab	c1ba8c53d80d3b6499fa2f153355b346	GameObject	2471	-
Assets/UnityTechnologies/Basic Asset Pack Interior/Prefabs/Furniture/ChairDinningB.prefab	c17851160e84c094380e93ac07b799ab	GameObject	2471	-
Assets/UnityTechnologies/Basic Asset Pack Interior/Prefabs/Furniture/ShelfWallSmall.prefab	6fd978a8658d8be488a0ab54165dda6a	GameObject	2452	-
Assets/UnityTechnologies/Basic Asset Pack Interior/Prefabs/Furniture/ShelvesMediumA.prefab	e37536240892e1f49a7ccddc63ac1a4b	GameObject	2445	-
Assets/UnityTechnologies/Basic Asset Pack Interior/Prefabs/Furniture/ShelvesTallA.prefab	582abf97ecb4a1d4c8e99e763a493630	GameObject	2453	-
Assets/UnityTechnologies/Basic Asset Pack Interior/Prefabs/Furniture/SofaArmChair.prefab	5b5aa82c8874db14092566fe05c8b462	GameObject	6234	-
Assets/UnityTechnologies/Basic Asset Pack Interior/Prefabs/Furniture/SofaDouble.prefab	171822e55c6acbd4789dea1c302379f2	GameObject	10063	-
Assets/UnityTechnologies/Basic Asset Pack Interior/Prefabs/Furniture/SofaFootRest.prefab	0eac5f779f169324da987e6e0004aac0	GameObject	2453	-
Assets/UnityTechnologies/Basic Asset Pack Interior/Prefabs/Furniture/TableNarrowDoubleDraw.prefab	539264233b4d43c4f9f9a003a5ac9461	GameObject	2462	-
Assets/UnityTechnologies/Basic Asset Pack Interior/Prefabs/Furniture/TableNarrowSingleDraw.prefab	c4f4e7a797f707e47a431ce4654787ff	GameObject	2461	-
Assets/UnityTechnologies/Basic Asset Pack Interior/Prefabs/Furniture/TableRectangleMedium.prefab	73aeb5eeaf8e2a745bd794506b102133	GameObject	2477	-
Assets/UnityTechnologies/Basic Asset Pack Interior/Prefabs/Furniture/TableRectangleShort.prefab	0bb7e2d2dd1ca30478c670b90ac27dea	GameObject	2477	scene:BH_XR_MainScene
Assets/UnityTechnologies/Basic Asset Pack Interior/Prefabs/Furniture/TableSquareMedium.prefab	9706a1e60ec75e5458aae72874ecd5a9	GameObject	2472	-
Assets/UnityTechnologies/Basic Asset Pack Interior/Prefabs/Lights/LampSmall.prefab	de892086637b2954a894699a741c5465	GameObject	11554	-
Assets/UnityTechnologies/Basic Asset Pack Interior/Prefabs/Lights/LampTall.prefab	ebc13ed40311b184c98364ffba271c6c	GameObject	11534	scene:BH_XR_MainScene
Assets/UnityTechnologies/Basic Asset Pack Interior/Prefabs/Lights/LightCeliing.prefab	a38f60b20ea9d8e4086d5859b8def0db	GameObject	9374	-
Assets/UnityTechnologies/Basic Asset Pack Interior/Prefabs/Lights/LightCeliingDome.prefab	aca4f0effb3f3614eb4ad28467e7e424	GameObject	8970	-
Assets/UnityTechnologies/Basic Asset Pack Interior/Prefabs/Props/Books.prefab	8062fd9b85c788e418915692eb5c78e3	GameObject	10894	-
Assets/UnityTechnologies/Basic Asset Pack Interior/Prefabs/Props/Mug.prefab	2ac041640baae784d9f2cf1c944ab291	GameObject	2432	-
Assets/UnityTechnologies/Basic Asset Pack Interior/Prefabs/Props/PlantPotMedium.prefab	b2b1040f29fd5ed4bb531ba5954b983f	GameObject	6207	scene:BH_XR_MainScene
Assets/UnityTechnologies/Basic Asset Pack Interior/Prefabs/Props/PlantPotRoundMedium.prefab	4c00d4e527e5ce04dbbb4920cec10370	GameObject	6156	scene:BH_XR_MainScene
Assets/UnityTechnologies/Basic Asset Pack Interior/Prefabs/Props/Switch.prefab	c0b8a552e87eba541a4496a99e7933c1	GameObject	5833	-
Assets/UnityTechnologies/Basic Asset Pack Interior/Prefabs/Props/VaseRoundBottom.prefab	05bcf3023cb735c43bca50eca3b1f6b5	GameObject	2484	-
Assets/UnityTechnologies/Basic Asset Pack Interior/Prefabs/Props/VaseSmall.prefab	866bdbed2037c124c96163a0f79b27f6	GameObject	2478	-
Assets/UnityTechnologies/Basic Asset Pack Interior/Prefabs/Props/VaseTall.prefab	244b8dc28935cd042b8b4dc91f673007	GameObject	2476	-
Assets/UnityTechnologies/Basic Asset Pack Interior/Prefabs/Props/VaseTallBottle.prefab	c77d39865f2b1464480152ac6f2c58f1	GameObject	2481	-
Assets/UnityTechnologies/Basic Asset Pack Interior/Prefabs/Walls/Wall1m.prefab	d753f23fefc4f0f4eaa35d24bd80e7e2	GameObject	5798	-
Assets/UnityTechnologies/Basic Asset Pack Interior/Prefabs/Walls/Wall2m.prefab	c28f78ec568fdde469c5319409c09d3c	GameObject	5801	-
Assets/UnityTechnologies/Basic Asset Pack Interior/Prefabs/Walls/Wall3m.prefab	6fe6a5df5ce28bc4fa5ad864a711723d	GameObject	5807	-
Assets/UnityTechnologies/Basic Asset Pack Interior/Prefabs/Walls/Wall4m.prefab	26b8166c4f06708408d1d04ab4ee35d8	GameObject	5800	-
Assets/UnityTechnologies/Basic Asset Pack Interior/Prefabs/Walls/WallCornerInner.prefab	2ee7c4a3c08d9ae4ea14ecf15bf0aea3	GameObject	5827	-
Assets/UnityTechnologies/Basic Asset Pack Interior/Prefabs/Walls/WallCornerOuter.prefab	a942236057a1d3e4f99eec0e8fc4f5b8	GameObject	5882	-
Assets/UnityTechnologies/Basic Asset Pack Interior/Prefabs/Walls/WallDoor2m.prefab	bfa974a01b4cbd94eb18f3e7956f9aca	GameObject	9433	-
Assets/UnityTechnologies/Basic Asset Pack Interior/Prefabs/Walls/WallDoorFrame2m.prefab	2a0112f4fd798c8459cf0e23c603350d	GameObject	5826	-
Assets/UnityTechnologies/Basic Asset Pack Interior/Prefabs/Walls/WallWindow2m.prefab	7a6f862ca8c727d4c8a3ef7bc92f4b5d	GameObject	14131	scene:BH_XR_MainScene
Assets/UnityTechnologies/Basic Asset Pack Interior/Prefabs/Walls/WallWindow4m.prefab	dd8531eb516f95e40bce6dc3c0ba4525	GameObject	14127	-
Assets/UnityTechnologies/Basic Asset Pack Interior/Prefabs/Walls/WallWindowBay4m.prefab	94dee45fe843aa543b410fcaa3596d89	GameObject	19055	scene:BH_XR_MainScene
Assets/UnityTechnologies/Basic Asset Pack Interior/Prefabs/Walls/WallWindowTall4m.prefab	e79ec92704f45584dbb6e0e569b69d8c	GameObject	10768	scene:BH_XR_MainScene
Assets/UnityTechnologies/Basic Asset Pack Interior/Textures/Floor_BeigeStripes.jpg	01e75fac537f199469b905e8b40bbc1d	Texture2D	182366	-
Assets/UnityTechnologies/Basic Asset Pack Interior/Textures/Floor_WoodPlanks.jpg	60098c39104cdda4296f7a228ee93537	Texture2D	140138	-
Assets/UnityTechnologies/Basic Asset Pack Interior/Textures/Floor_WoodPlanksWhitewash.jpg	d3a4340e4381a7a4abbec1036d8b59fa	Texture2D	171265	-
Assets/UnityTechnologies/Basic Asset Pack Interior/Textures/SmallProps.jpg	b9378395c3f2bf94ea0c2c6a806d59c6	Texture2D	116376	scene:BH_XR_MainScene
Assets/UnityTechnologies/Basic Asset Pack Interior/Textures/SpotsGreen.jpg	2f6061a15bf4e4e47b3cf5888a768e7a	Texture2D	319739	scene:BH_XR_MainScene
Assets/UnityTechnologies/Basic Asset Pack Interior/Textures/SpotsGreenBlue.jpg	2feaf4af3b736d747adf9b65cf5ead95	Texture2D	312488	scene:BH_XR_MainScene
Assets/UnityTechnologies/Basic Asset Pack Interior/Textures/SpotsGreenLight.jpg	ab677bf6e415a434dbba0d65103b836a	Texture2D	242934	-
Assets/UnityTechnologies/Basic Asset Pack Interior/Textures/SpotsGreenLime.jpg	93d0f0e92691ea649b409f1d3fd4eb2c	Texture2D	284698	scene:BH_XR_MainScene
Assets/UnityTechnologies/Basic Asset Pack Interior/Textures/SpotsGrey.jpg	bcb9cca11e38f1a408090ebb7fe1d0ee	Texture2D	187845	-
Assets/UnityTechnologies/Basic Asset Pack Interior/Textures/SpotsPurpleBright.jpg	8373e759e250fb8458b4f421391eeddd	Texture2D	213484	-
Assets/UnityTechnologies/Basic Asset Pack Interior/Textures/StripesGreen.jpg	ccf9b3b0a017b424bb283a6622b34cf4	Texture2D	204853	-
Assets/UnityTechnologies/Basic Asset Pack Interior/Textures/StripesGreenLime.jpg	a9f62f6e0d02f5942a326a35fcb64cd7	Texture2D	265929	-
Assets/UnityTechnologies/Basic Asset Pack Interior/Textures/StripesGrey.jpg	6e11cd9ad37b79649bc9c7ba105a547f	Texture2D	175984	-
Assets/UnityTechnologies/Basic Asset Pack Interior/Textures/StripesPurple.jpg	6562ded31e93f3f4ab42beb53875da47	Texture2D	262001	-
Assets/UnityTechnologies/Basic Asset Pack Interior/Textures/TrimSheet_Blues.jpg	df5855ebeb934c84f8b073e36c879f78	Texture2D	109364	-
Assets/UnityTechnologies/Basic Asset Pack Interior/Textures/TrimSheet_GreenPurple.jpg	52c85e3b301cb994a95b587b7245215e	Texture2D	111286	scene:BH_XR_MainScene
Assets/UnityTechnologies/Basic Asset Pack Interior/Textures/TrimSheet_Purples.jpg	82f506f38dd51b14988d918088a34085	Texture2D	111258	-
Assets/UnityTechnologies/Basic Asset Pack Interior/Textures/WallBlule.jpg	0f980e7ee18ebf945bd589868923e16a	Texture2D	94496	-
Assets/UnityTechnologies/Basic Asset Pack Interior/Textures/WallGreen.jpg	f3b8f46039df32e41975419ffc7b16fc	Texture2D	94243	-
Assets/UnityTechnologies/Basic Asset Pack Interior/Textures/WallGreenLight.jpg	c5d6c52a4af1c5041b1f8e984e74797e	Texture2D	94644	scene:BH_XR_MainScene
Assets/UnityTechnologies/Basic Asset Pack Interior/Textures/WallGrey.jpg	86d4c4296988e8d4dbd18f9b1f13debf	Texture2D	90300	-
Assets/UnityTechnologies/Basic Asset Pack Interior/Textures/WallPurple.jpg	12230e571c05cf447960ae8b92e72374	Texture2D	91795	-
Assets/UnityTechnologies/Settings/SampleSceneProfile.asset	a6560a915ef98420e9faacc1c7438823	VolumeProfile	3236	-
Assets/UnityTechnologies/Settings/Universal Render Pipeline Asset.asset	3356ea508c7b8403c8c409cd5e4600a6	UniversalRenderPipelineAsset	4609	-
Assets/UnityTechnologies/Settings/Universal Render Pipeline Asset_Renderer.asset	5549f7faee5004150838bd998b590f3e	UniversalRendererData	2462	-
Assets/XR/Loaders/OpenXRLoader.asset	f5493df246e30407ebb9686eaf52f835	OpenXRLoader	452	xrSettings
Assets/XR/Settings/OpenXR Editor Settings.asset	03022456045874674845c9521310f8fd	OpenXREditorSettings	581	xrSettings
Assets/XR/Settings/OpenXR Package Settings.asset	9f98f9d4f0c614b98ad1cce97684c5b0	OpenXRPackageSettings	36603	xrSettings
Assets/XR/XRGeneralSettingsPerBuildTarget.asset	5dc00e4ac7dfc47ee9b024a671ecb391	XRGeneralSettingsPerBuildTarget	1693	xrSettings
Assets/XRI/Settings/Resources/InteractionLayerSettings.asset	d495ab40c8ff048d7ba60f5b1be47160	InteractionLayerSettings	693	resources
Assets/XRI/Settings/Resources/XRDeviceSimulatorSettings.asset	40597992be02144f5bd0b43d4c6a9288	XRDeviceSimulatorSettings	664	resources
Assets/XRI/Settings/Resources/XRInteractionRuntimeSettings.asset	79c47158ab7ea4decb7fbb0ed36686ef	XRInteractionRuntimeSettings	618	resources
Assets/XRI/Settings/XRInteractionEditorSettings.asset	b3e3f58e72bf948eebb3ef2ef85df8ac	XRInteractionEditorSettings	552	-
Assets/Yughues Free Palm Trees/Demo/PreviewSettings.lighting	697b684e6da4a414e8f3b133f8428b4a	LightingSettings	1976	-
Assets/YughuesFreeCobbleMaterials/Materials/M_YFCM_01.mat	b36626074d2b29849a8869f39946418a	Material	4073	-
Assets/YughuesFreeCobbleMaterials/Materials/M_YFCM_02.mat	28e4cb3966376bf44a25d6f7a5d2979b	Material	4073	-
Assets/YughuesFreeCobbleMaterials/Materials/M_YFCM_03.mat	8eeb39d1640bf8746aed1944bfe93dc9	Material	4074	-
Assets/YughuesFreeCobbleMaterials/Materials/M_YFCM_04.mat	0a7c047e949cec946a4b5c5c1ad84557	Material	4074	-
Assets/YughuesFreeCobbleMaterials/Materials/M_YFCM_05.mat	90e22964c9a1e314094d0f907d145a19	Material	4073	-
Assets/YughuesFreeCobbleMaterials/Materials/M_YFCM_06.mat	a0ff68d4e607c99469fd6f15ab3ca8ae	Material	4074	-
Assets/YughuesFreeCobbleMaterials/Materials/M_YFCM_07.mat	4391ac893d82822478e6bdc7b44512ff	Material	4073	-
Assets/YughuesFreeCobbleMaterials/Materials/M_YFCM_08.mat	5b0c941e75f8c8d4f8ac3946e11b6a81	Material	4073	-
Assets/YughuesFreeCobbleMaterials/Materials/M_YFCM_09.mat	87325d4ad97890241a532ef5efd4599e	Material	4073	-
Assets/YughuesFreeCobbleMaterials/Materials/M_YFCM_10.mat	08c32d1b10428394f94f01dc4ee7a840	Material	4074	-
Assets/YughuesFreeCobbleMaterials/Materials/M_YFCM_11.mat	a60cab1a38a18f6439c58a3e1c7a47dc	Material	4129	-
Assets/YughuesFreeCobbleMaterials/Materials/M_YFCM_12.mat	637988c34ef66c748ad818d49a6b8ad7	Material	4102	-
Assets/YughuesFreeCobbleMaterials/Materials/M_YFCM_13.mat	8a0043ed47ece0a40bb42067b98ae479	Material	4073	-
Assets/YughuesFreeCobbleMaterials/Preview/LS_YFCM_Preview.lighting	8e145920ec25e4946bb5596676046fa5	LightingSettings	1866	-
Assets/YughuesFreeCobbleMaterials/Preview/M_YFCM_Preview.mat	8ee8a0f66f1266b4a95288db35d84286	Material	3905	-
Assets/YughuesFreeCobbleMaterials/Preview/P_Sphere.prefab	44e42c01df0e0584da05c5408f01ed5f	GameObject	2451	-
Assets/YughuesFreeCobbleMaterials/Preview/Sc_YFCM_Preview.unity	3cc03d6c003c0aa4fa5f6c9b0b17a80c	SceneAsset	60086	-
Assets/YughuesFreeCobbleMaterials/Preview/T_YFCM_checker.tga	ca7c40c5f4ac85c45a4569e955c7483d	Texture2D	262188	-
Assets/YughuesFreeCobbleMaterials/Preview/sphere.obj	7023137511ae6314683da6650d226943	GameObject	3102241	-
Assets/YughuesFreeCobbleMaterials/Textures/T_YFCM_01_d.tga	4c8aa0712c003c44cacae36fbfd3a243	Texture2D	3145772	-
Assets/YughuesFreeCobbleMaterials/Textures/T_YFCM_01_n.tga	3181d31e6c0abd14b8c90fc5a5922991	Texture2D	3145772	-
Assets/YughuesFreeCobbleMaterials/Textures/T_YFCM_01_s.tga	010ea05d37ed89446a00efd713c577c8	Texture2D	4194348	-
Assets/YughuesFreeCobbleMaterials/Textures/T_YFCM_02_d.tga	4c055e3307b896543a16126a7d5276ef	Texture2D	3145772	-
Assets/YughuesFreeCobbleMaterials/Textures/T_YFCM_02_n.tga	a4cfa9f130aade148b937f86f435114b	Texture2D	3145772	-
Assets/YughuesFreeCobbleMaterials/Textures/T_YFCM_02_s.tga	edbd042ac84ec154281598692caf4463	Texture2D	4194348	-
Assets/YughuesFreeCobbleMaterials/Textures/T_YFCM_03_d.tga	fe9554b1015bad848a73e4fb55ba33c3	Texture2D	3145772	-
Assets/YughuesFreeCobbleMaterials/Textures/T_YFCM_03_n.tga	b248fcefa0d299d4da29d013a52614e5	Texture2D	3145772	-
Assets/YughuesFreeCobbleMaterials/Textures/T_YFCM_03_s.tga	b3e7223f053253240ae9319b1786a44e	Texture2D	4194348	-
Assets/YughuesFreeCobbleMaterials/Textures/T_YFCM_04_d.tga	4574925566b3485438c69113a5d2ddf8	Texture2D	3145772	-
Assets/YughuesFreeCobbleMaterials/Textures/T_YFCM_04_n.tga	10e9b138301304843b3022f53811577c	Texture2D	3145772	-
Assets/YughuesFreeCobbleMaterials/Textures/T_YFCM_04_s.tga	768757d50357a9a4bb86d844f58f906a	Texture2D	4194348	-
Assets/YughuesFreeCobbleMaterials/Textures/T_YFCM_05_d.tga	4789ddc2ccd0e964480c4dab2daddca3	Texture2D	3145772	-
Assets/YughuesFreeCobbleMaterials/Textures/T_YFCM_05_n.tga	17f64c637ecb5bb45b271f614de0946b	Texture2D	3145772	-
Assets/YughuesFreeCobbleMaterials/Textures/T_YFCM_05_s.tga	f8c1f21516bcce34788475dcb31885ab	Texture2D	4194348	-
Assets/YughuesFreeCobbleMaterials/Textures/T_YFCM_06_d.tga	84c49541bfb2d414b849f5a786c74658	Texture2D	3145772	-
Assets/YughuesFreeCobbleMaterials/Textures/T_YFCM_06_n.tga	618723802bbf00e4385123e8e56afe89	Texture2D	3145772	-
Assets/YughuesFreeCobbleMaterials/Textures/T_YFCM_06_s.tga	3b9570764c46def46834ae8587c4ce6f	Texture2D	4194348	-
Assets/YughuesFreeCobbleMaterials/Textures/T_YFCM_07_d.tga	4a6ecfdda6d8ce14abcf5bd1f707de47	Texture2D	3145772	-
Assets/YughuesFreeCobbleMaterials/Textures/T_YFCM_07_n.tga	407b41e471f02ed46a9041b5f48214d1	Texture2D	3145772	-
Assets/YughuesFreeCobbleMaterials/Textures/T_YFCM_07_s.tga	22abaebbcc62ba64a905fd041fec9f22	Texture2D	4194348	-
Assets/YughuesFreeCobbleMaterials/Textures/T_YFCM_08_d.tga	ca15cbfef6d8ba2479d1df06a22c8b96	Texture2D	3145772	-
Assets/YughuesFreeCobbleMaterials/Textures/T_YFCM_08_n.tga	bf0f32296ed92074982c10905a6ea74b	Texture2D	3145772	-
Assets/YughuesFreeCobbleMaterials/Textures/T_YFCM_08_s.tga	fc1f12d855e61f64295b5e8ebaaa635a	Texture2D	4194348	-
Assets/YughuesFreeCobbleMaterials/Textures/T_YFCM_09_d.tga	df886717b3ee32e4e8367b2c88088239	Texture2D	3145772	-
Assets/YughuesFreeCobbleMaterials/Textures/T_YFCM_09_n.tga	f41a2bf626715f041a11bf6d9b95b871	Texture2D	3145772	-
Assets/YughuesFreeCobbleMaterials/Textures/T_YFCM_09_s.tga	8fca6954e81f19a489117d7efb306c8c	Texture2D	4194348	-
Assets/YughuesFreeCobbleMaterials/Textures/T_YFCM_10_d.tga	ac5e65dd021037b4d8e10e63f82f8c57	Texture2D	3145772	-
Assets/YughuesFreeCobbleMaterials/Textures/T_YFCM_10_n.tga	397f7a129526cde4a9a170ededebc984	Texture2D	3145772	-
Assets/YughuesFreeCobbleMaterials/Textures/T_YFCM_10_s.tga	65a04bc3906b1884f829e709b513e2bb	Texture2D	4194348	-
Assets/YughuesFreeCobbleMaterials/Textures/T_YFCM_11_d.tga	e3c3602037241584696f79f5bace01b9	Texture2D	3145772	-
Assets/YughuesFreeCobbleMaterials/Textures/T_YFCM_11_n.tga	a1398c5e24a7dc04c8320e38c1afdc06	Texture2D	3145772	-
Assets/YughuesFreeCobbleMaterials/Textures/T_YFCM_11_s.tga	7d713518d5033a945a60ecc7c13f74bc	Texture2D	4194348	-
Assets/YughuesFreeCobbleMaterials/Textures/T_YFCM_12_d.tga	0a02516053afa0142beeb7903f1a8395	Texture2D	3145772	-
Assets/YughuesFreeCobbleMaterials/Textures/T_YFCM_12_n.tga	b64f5efa33e2c2542b6c2e6b3287fd39	Texture2D	3145772	-
Assets/YughuesFreeCobbleMaterials/Textures/T_YFCM_12_s.tga	446218c679554a44dbef29fec4cd8bae	Texture2D	4194348	-
Assets/YughuesFreeCobbleMaterials/Textures/T_YFCM_13_d.tga	7e332d3168b892c4e82e24536888b542	Texture2D	3145772	-
Assets/YughuesFreeCobbleMaterials/Textures/T_YFCM_13_n.tga	b134657a68e5dea4fac9ce28ddd03e33	Texture2D	3145772	-
Assets/YughuesFreeCobbleMaterials/Textures/T_YFCM_13_s.tga	99ede1bf4bc18cb4bb6bee6f5ba582da	Texture2D	4194348	-
Assets/YughuesFreeCobbleMaterials/YughuesFreeCobbleMaterials_URP.unitypackage	64c376afd84591648bf9fba06f3ea7a5	DefaultAsset	317445	-
Assets/_Recovery/0 (1).unity	eb6a8b5a9ab0c4dfb94e11fe83235571	SceneAsset	2464097	-
Assets/_Recovery/0 (10).unity	ccdd93eb7b4da41df811b5e0440285d1	SceneAsset	5252494	-
Assets/_Recovery/0 (11).unity	0fac68cb6196c4237a07e2a45fddd3fd	SceneAsset	5254608	-
Assets/_Recovery/0 (12).unity	9024f5075da384f4999e3b287a7d1f8c	SceneAsset	8632	-
Assets/_Recovery/0 (13).unity	51205afac9da0452999e4fe5984b6d8f	SceneAsset	5261400	-
Assets/_Recovery/0 (14).unity	7d18130f046ed453788938693141cd21	SceneAsset	6321874	-
Assets/_Recovery/0 (15).unity	d8b22db93f7d649248561eedfee7c222	SceneAsset	6322061	-
Assets/_Recovery/0 (16).unity	29be819f4f6ca4a7e8154e6b7c8b51ab	SceneAsset	6322779	-
Assets/_Recovery/0 (17).unity	0bace7746c0174458b8d51b37ca88275	SceneAsset	6702017	-
Assets/_Recovery/0 (18).unity	8e4634867a046429883c93a0f4940132	SceneAsset	5962974	-
Assets/_Recovery/0 (19).unity	635648213b55547848284f2717c8491d	SceneAsset	3539	-
Assets/_Recovery/0 (2).unity	77cedec7d72fc4d43a009556a0143e91	SceneAsset	2444567	-
Assets/_Recovery/0 (20).unity	f8551c525cd84491a84447b9d487936a	SceneAsset	3539	-
Assets/_Recovery/0 (21).unity	32bc004c4a4664498b1732d3a23fc5be	SceneAsset	6038041	-
Assets/_Recovery/0 (22).unity	db7d1c35d9218451a972cbeda1355a0c	SceneAsset	6038041	-
Assets/_Recovery/0 (23).unity	e3d34642c67544fa3b52322367841a5e	SceneAsset	6150230	-
Assets/_Recovery/0 (24).unity	bd37958c9fc9f4a809178277df922ae4	SceneAsset	4564452	-
Assets/_Recovery/0 (3).unity	389cbd8e04c1a4c6d95fae30f324c77b	SceneAsset	2437578	-
Assets/_Recovery/0 (4).unity	2c9fb9d657b294400abcd7eb5946298d	SceneAsset	3539	-
Assets/_Recovery/0 (5).unity	d1777ec8d0c33461db5a5a9394b9c04b	SceneAsset	2479535	-
Assets/_Recovery/0 (6).unity	f525dfb1e312146b2bf7e323594f7714	SceneAsset	2429774	-
Assets/_Recovery/0 (7).unity	613b60dc6fdbc4b7da3e009c1b6d3900	SceneAsset	2431767	-
Assets/_Recovery/0 (8).unity	26a87a17457e94926a3f0bfaba4df79c	SceneAsset	5252494	-
Assets/_Recovery/0 (9).unity	d73b48661d88f45bfa47c48952664bed	SceneAsset	5252494	-
Assets/_Recovery/0.unity	58c4d3a741ed14d93b3235f2252efacd	SceneAsset	2397205	-
Assets/danthaigames/DS 80s Television/FBX/TV.fbx	1d26229a0bbb4ec40818d058d2ca8ae9	GameObject	62716	scene:BH_XR_MainScene
Assets/danthaigames/DS 80s Television/Materials/TV Chrome.mat	ac6922bb6ccb81f46adc20cb7f96e669	Material	3899	scene:BH_XR_MainScene
Assets/danthaigames/DS 80s Television/Materials/TV Feet.mat	40d6f0bf5de727e4e9f471e40248e2cd	Material	3874	scene:BH_XR_MainScene
Assets/danthaigames/DS 80s Television/Materials/TV Handles and Surround.mat	9a45b76abadcfb743840c580abc9f82b	Material	4000	scene:BH_XR_MainScene
Assets/danthaigames/DS 80s Television/Materials/TV Screen Surround.mat	5c6f80b3e7af7234980273934b7eddb2	Material	3939	scene:BH_XR_MainScene
Assets/danthaigames/DS 80s Television/Materials/TV Screen.mat	d991e3eda28a2414facc492995328dda	Material	4062	scene:BH_XR_MainScene
Assets/danthaigames/DS 80s Television/Materials/TV.mat	cb59089f4cf904a41978582a12a7dc59	Material	3979	scene:BH_XR_MainScene
Assets/danthaigames/DS 80s Television/PSDs/Screen_Surround_And_Handles.psd	ed29d2fe4890f38468a52612cbfe8488	Texture2D	5146155	-
Assets/danthaigames/DS 80s Television/PSDs/TVScreen_Textures.psd	7a7bc6dd1daabc340b808ca649f8b8b2	Texture2D	15585486	-
Assets/danthaigames/DS 80s Television/PSDs/TV_Textures.psd	c1bb0db323f38674fb88500f0671c4ae	Texture2D	16315733	-
Assets/danthaigames/DS 80s Television/Prefabs/80sTelevision.prefab	c222f9f5d39acc34da546b3f301c3d03	GameObject	25739	scene:BH_XR_MainScene
Assets/danthaigames/DS 80s Television/Scenes/SampleScene.unity	99c9720ab356a0642a771bea13969a05	SceneAsset	8269	-
Assets/danthaigames/DS 80s Television/Scripts/RotatingObject.cs	b83b78c4c25f9e84cba6225ad76c556b	MonoScript	259	-
Assets/danthaigames/DS 80s Television/Textures/TV.png	80d4b4658b29e1b4681c01606dd6ad80	Texture2D	1247417	scene:BH_XR_MainScene
Assets/danthaigames/DS 80s Television/Textures/TVHandlesSurround.png	19317e77a17495e44a4a2bae2ac29309	Texture2D	407694	scene:BH_XR_MainScene
Assets/danthaigames/DS 80s Television/Textures/TVScreen.png	4aa823bfc1bb0dc4aa20f3a818e4b86d	Texture2D	164904	scene:BH_XR_MainScene
Assets/picture-frame/source/pictureframe.fbx	b3d53e2f0689345f1a90e00174105af6	GameObject	2166880	scene:BH_XR_MainScene
Assets/picture-frame/textures/pictureframe.png	319dc69870a164115b8de138771077ef	Texture2D	1692975	scene:BH_XR_MainScene
