path,type,fileBytes,vertices,triangles,subMeshes,reason
"Assets/BCaT/Exhibits/BlackKitchen/Materials/BlackKitchen_DarkFloor.mat","Material",3839,0,0,0,name/path heuristic
"Assets/BCaT/Exhibits/BlackKitchen/Materials/BlackKitchen_DarkWall.mat","Material",3839,0,0,0,name/path heuristic
"Assets/BCaT_assets/BlackFamilyMuseumArchive","DefaultAsset",0,0,0,0,name/path heuristic
"Assets/BCaT_assets/BlackFamilyMuseumArchive/Models","DefaultAsset",0,0,0,0,name/path heuristic
"Assets/BCaT_assets/BlackFamilyMuseumArchive/Models/chest.glb","GameObject",1533900,12259,21656,1,name/path heuristic
"Assets/BCaT_assets/BlackFamilyMuseumArchive/Models/chest_chair.glb","GameObject",1465168,10046,14130,1,name/path heuristic
"Assets/BCaT_assets/BlackFamilyMuseumArchive/Prefabs","DefaultAsset",0,0,0,0,name/path heuristic
"Assets/BCaT_assets/BlackFamilyMuseumArchive/Prefabs/BFM_Chest_OnChair.prefab","GameObject",6942,0,0,0,name/path heuristic
"Assets/BCaT_assets/BlackFamilyMuseumArchive/Prefabs/BFM_Chest_OnChair_W_Text.prefab","GameObject",19064,0,0,0,name/path heuristic
"Assets/BCaT_assets/Meshell_Sturgis/articles/A Tesseract for Art & Scholarship _ New Archives.pdf","DefaultAsset",4971816,0,0,0,name/path heuristic
"Assets/BCaT_assets/Meshell_Sturgis/Big Mama_s Living Room.jpg","Texture2D",5590566,0,0,0,name/path heuristic
"Assets/BCaT_assets/Ri/360_images/dining_room.jpg","Texture2D",2253027,0,0,0,name/path heuristic
"Assets/BCaT_assets/Ri/360_images/living_room.jpg","Texture2D",10180982,0,0,0,name/path heuristic
"Assets/BCaT_assets/Ri/360_images/living_room_2.jpg","Texture2D",2213686,0,0,0,name/path heuristic
"Assets/BCaT_assets/SewingRoom","DefaultAsset",0,0,0,0,name/path heuristic
"Assets/BCaT_assets/SewingRoom/bed.glb","GameObject",21972076,4415,5739,5,name/path heuristic
"Assets/BCaT_assets/SewingRoom/in_my_sisters_room_audio.wav","AudioClip",36634702,0,0,0,name/path heuristic
"Assets/BCaT_assets/SewingRoom/needle_and_thread.glb","GameObject",86304,567,404,1,name/path heuristic
"Assets/BCaT_assets/SewingRoom/old_sewing_box.glb","GameObject",4369120,5491,10344,1,name/path heuristic
"Assets/BCaT_assets/SewingRoom/pillow__quilt.glb","GameObject",13420528,80339,154254,2,name/path heuristic
"Assets/BCaT_assets/SewingRoom/sewing-sounds.wav","AudioClip",36757578,0,0,0,name/path heuristic
"Assets/BCaT_assets/SewingRoom/sewing_machine.glb","GameObject",762504,2350,2870,1,name/path heuristic
"Assets/BCaT_assets/SewingRoom/VideoTexture.renderTexture","RenderTexture",859,0,0,0,name/path heuristic
"Assets/BrokenVector/LowPolyFencePack","DefaultAsset",0,0,0,0,name/path heuristic
"Assets/BrokenVector/LowPolyFencePack/Materials","DefaultAsset",0,0,0,0,name/path heuristic
"Assets/BrokenVector/LowPolyFencePack/Materials/Brown Wood.mat","Material",4055,0,0,0,name/path heuristic
"Assets/BrokenVector/LowPolyFencePack/Materials/Colorsheets","DefaultAsset",0,0,0,0,name/path heuristic
"Assets/BrokenVector/LowPolyFencePack/Materials/Colorsheets/Colorsheet Wood Brown.png","Texture2D",166,0,0,0,name/path heuristic
"Assets/BrokenVector/LowPolyFencePack/Materials/Colorsheets/Colorsheet Wood Red.png","Texture2D",166,0,0,0,name/path heuristic
"Assets/BrokenVector/LowPolyFencePack/Materials/Colorsheets/Colorsheet Wood Yellow.png","Texture2D",166,0,0,0,name/path heuristic
"Assets/BrokenVector/LowPolyFencePack/Materials/Occlusion","DefaultAsset",0,0,0,0,name/path heuristic
"Assets/BrokenVector/LowPolyFencePack/Materials/Occlusion/Occlusion Wood.png","Texture2D",158,0,0,0,name/path heuristic
"Assets/BrokenVector/LowPolyFencePack/Materials/Red Wood.mat","Material",4052,0,0,0,name/path heuristic
"Assets/BrokenVector/LowPolyFencePack/Materials/Yellow Wood.mat","Material",4057,0,0,0,name/path heuristic
"Assets/BrokenVector/LowPolyFencePack/Models","DefaultAsset",0,0,0,0,name/path heuristic
"Assets/BrokenVector/LowPolyFencePack/Models/Fence Type1 01.dae","GameObject",8285,96,48,1,name/path heuristic
"Assets/BrokenVector/LowPolyFencePack/Models/Fence Type1 02.dae","GameObject",10311,144,72,1,name/path heuristic
"Assets/BrokenVector/LowPolyFencePack/Models/Fence Type1 Door.fbx","GameObject",56860,372,192,1,name/path heuristic
"Assets/BrokenVector/LowPolyFencePack/Models/Fence Type2 01.dae","GameObject",15324,264,132,1,name/path heuristic
"Assets/BrokenVector/LowPolyFencePack/Models/Fence Type2 02.dae","GameObject",15330,264,132,1,name/path heuristic
"Assets/BrokenVector/LowPolyFencePack/Models/Fence Type2 03.dae","GameObject",18386,306,160,1,name/path heuristic
"Assets/BrokenVector/LowPolyFencePack/Models/Fence Type2 Door.fbx","GameObject",57468,540,276,1,name/path heuristic
"Assets/BrokenVector/LowPolyFencePack/Models/Fence Type3 01.dae","GameObject",15945,288,144,1,name/path heuristic
"Assets/BrokenVector/LowPolyFencePack/Models/Fence Type3 02.dae","GameObject",20109,348,184,1,name/path heuristic
"Assets/BrokenVector/LowPolyFencePack/Models/Fence Type3 Door.fbx","GameObject",57100,516,264,1,name/path heuristic
"Assets/BrokenVector/LowPolyFencePack/Models/Fence Type4 Big.dae","GameObject",27017,472,260,1,name/path heuristic
"Assets/BrokenVector/LowPolyFencePack/Models/Fence Type4 Small.dae","GameObject",25368,448,240,1,name/path heuristic
"Assets/BrokenVector/LowPolyFencePack/Models/Fence Type5 Big.dae","GameObject",27836,492,268,1,name/path heuristic
"Assets/BrokenVector/LowPolyFencePack/Models/Fence Type5 Small.dae","GameObject",19076,312,168,1,name/path heuristic
"Assets/BrokenVector/LowPolyFencePack/Models/Fence Type6 Big.dae","GameObject",23104,384,192,1,name/path heuristic
"Assets/BrokenVector/LowPolyFencePack/Models/Fence Type6 Small.dae","GameObject",20046,320,160,1,name/path heuristic
"Assets/BrokenVector/LowPolyFencePack/Prefabs","DefaultAsset",0,0,0,0,name/path heuristic
"Assets/BrokenVector/LowPolyFencePack/Prefabs/Animated","DefaultAsset",0,0,0,0,name/path heuristic
"Assets/BrokenVector/LowPolyFencePack/Prefabs/Animated/Fence Type1 Door.prefab","GameObject",8591,0,0,0,name/path heuristic
"Assets/BrokenVector/LowPolyFencePack/Prefabs/Animated/Fence Type2 Door.prefab","GameObject",8593,0,0,0,name/path heuristic
"Assets/BrokenVector/LowPolyFencePack/Prefabs/Animated/Fence Type3 Door.prefab","GameObject",8625,0,0,0,name/path heuristic
"Assets/BrokenVector/LowPolyFencePack/Prefabs/Fence Type1 01.prefab","GameObject",2467,0,0,0,name/path heuristic
"Assets/BrokenVector/LowPolyFencePack/Prefabs/Fence Type1 02.prefab","GameObject",2483,0,0,0,name/path heuristic
"Assets/BrokenVector/LowPolyFencePack/Prefabs/Fence Type2 01.prefab","GameObject",2483,0,0,0,name/path heuristic
"Assets/BrokenVector/LowPolyFencePack/Prefabs/Fence Type2 02.prefab","GameObject",2483,0,0,0,name/path heuristic
"Assets/BrokenVector/LowPolyFencePack/Prefabs/Fence Type2 03.prefab","GameObject",2515,0,0,0,name/path heuristic
"Assets/BrokenVector/LowPolyFencePack/Prefabs/Fence Type3 01.prefab","GameObject",2483,0,0,0,name/path heuristic
"Assets/BrokenVector/LowPolyFencePack/Prefabs/Fence Type3 02.prefab","GameObject",2483,0,0,0,name/path heuristic
"Assets/BrokenVector/LowPolyFencePack/Prefabs/Fence Type4 Big.prefab","GameObject",2484,0,0,0,name/path heuristic
"Assets/BrokenVector/LowPolyFencePack/Prefabs/Fence Type4 Small.prefab","GameObject",2486,0,0,0,name/path heuristic
"Assets/BrokenVector/LowPolyFencePack/Prefabs/Fence Type5 Big.prefab","GameObject",2484,0,0,0,name/path heuristic
"Assets/BrokenVector/LowPolyFencePack/Prefabs/Fence Type5 Small.prefab","GameObject",2486,0,0,0,name/path heuristic
"Assets/BrokenVector/LowPolyFencePack/Prefabs/Fence Type6 Big.prefab","GameObject",2508,0,0,0,name/path heuristic
"Assets/BrokenVector/LowPolyFencePack/Prefabs/Fence Type6 Small.prefab","GameObject",2486,0,0,0,name/path heuristic
"Assets/BrokenVector/LowPolyFencePack/Scenes","DefaultAsset",0,0,0,0,name/path heuristic
"Assets/BrokenVector/LowPolyFencePack/Scenes/All Fences Example.unity","SceneAsset",112924,0,0,0,name/path heuristic
"Assets/BrokenVector/LowPolyFencePack/Scenes/Animated Doors Example.unity","SceneAsset",18105,0,0,0,name/path heuristic
"Assets/BrokenVector/LowPolyFencePack/Scenes/Animated Doors ExampleSettings.lighting","LightingSettings",1991,0,0,0,name/path heuristic
"Assets/BrokenVector/LowPolyFencePack/Scripts","DefaultAsset",0,0,0,0,name/path heuristic
"Assets/BrokenVector/LowPolyFencePack/Scripts/DoorController.cs","MonoScript",3550,0,0,0,name/path heuristic
"Assets/BrokenVector/LowPolyFencePack/Scripts/DoorToggle.cs","MonoScript",686,0,0,0,name/path heuristic
"Assets/DevDen Arch Viz Scotland","DefaultAsset",0,0,0,0,name/path heuristic
"Assets/DevDen Arch Viz Scotland/Decals","DefaultAsset",0,0,0,0,name/path heuristic
"Assets/DevDen Arch Viz Scotland/Decals/Bird and Nest.png","Texture2D",23206,0,0,0,name/path heuristic
"Assets/DevDen Arch Viz Scotland/Decals/Cartoon.png","Texture2D",19087,0,0,0,name/path heuristic
"Assets/DevDen Arch Viz Scotland/Decals/Decor 1.png","Texture2D",36968,0,0,0,name/path heuristic
"Assets/DevDen Arch Viz Scotland/Decals/Family Love.png","Texture2D",30154,0,0,0,name/path heuristic
"Assets/DevDen Arch Viz Scotland/Decals/Lamp Pole.png","Texture2D",3071,0,0,0,name/path heuristic
"Assets/DevDen Arch Viz Scotland/Decals/Let's Eat.png","Texture2D",47151,0,0,0,name/path heuristic
"Assets/DevDen Arch Viz Scotland/Decals/Line.png","Texture2D",4854,0,0,0,name/path heuristic
"Assets/DevDen Arch Viz Scotland/Decals/Loading.png","Texture2D",6974,0,0,0,name/path heuristic
"Assets/DevDen Arch Viz Scotland/Decals/Materials","DefaultAsset",0,0,0,0,name/path heuristic
"Assets/DevDen Arch Viz Scotland/Decals/Materials/Bird and Nest.mat","Material",3947,0,0,0,name/path heuristic
"Assets/DevDen Arch Viz Scotland/Decals/Materials/Cartoon.mat","Material",3941,0,0,0,name/path heuristic
"Assets/DevDen Arch Viz Scotland/Decals/Materials/Decor.mat","Material",3940,0,0,0,name/path heuristic
"Assets/DevDen Arch Viz Scotland/Decals/Materials/Family Love.mat","Material",3945,0,0,0,name/path heuristic
"Assets/DevDen Arch Viz Scotland/Decals/Materials/Lets Eat.mat","Material",3943,0,0,0,name/path heuristic
"Assets/DevDen Arch Viz Scotland/Decals/Materials/Line.mat","Material",3939,0,0,0,name/path heuristic
"Assets/DevDen Arch Viz Scotland/Decals/Materials/Loading.mat","Material",3941,0,0,0,name/path heuristic
"Assets/DevDen Arch Viz Scotland/Decals/Materials/Plant.mat","Material",3940,0,0,0,name/path heuristic
"Assets/DevDen Arch Viz Scotland/Decals/Materials/Tree.mat","Material",3939,0,0,0,name/path heuristic
"Assets/DevDen Arch Viz Scotland/Decals/Tree.png","Texture2D",148878,0,0,0,name/path heuristic
"Assets/DevDen Arch Viz Scotland/HDRI","DefaultAsset",0,0,0,0,name/path heuristic
"Assets/DevDen Arch Viz Scotland/HDRI/HDRI.png","Texture2D",44743385,0,0,0,name/path heuristic
"Assets/DevDen Arch Viz Scotland/HDRI/Sky.mat","Material",2749,0,0,0,name/path heuristic
"Assets/DevDen Arch Viz Scotland/Materials","DefaultAsset",0,0,0,0,name/path heuristic
"Assets/DevDen Arch Viz Scotland/Materials/balcony","DefaultAsset",0,0,0,0,name/path heuristic
"Assets/DevDen Arch Viz Scotland/Materials/balcony/balcony_chair1.mat","Material",4101,0,0,0,name/path heuristic
"Assets/DevDen Arch Viz Scotland/Materials/balcony/balcony_glass.mat","Material",10312,0,0,0,name/path heuristic
"Assets/DevDen Arch Viz Scotland/Materials/balcony/balcony_mat1.mat","Material",9946,0,0,0,name/path heuristic
"Assets/DevDen Arch Viz Scotland/Materials/balcony/balcony_metal.mat","Material",9938,0,0,0,name/path heuristic
"Assets/DevDen Arch Viz Scotland/Materials/balcony/balcony_table_2.mat","Material",4102,0,0,0,name/path heuristic
"Assets/DevDen Arch Viz Scotland/Materials/balcony/balcony_wood.mat","Material",9987,0,0,0,name/path heuristic
"Assets/DevDen Arch Viz Scotland/Materials/balcony/flower.mat","Material",4020,0,0,0,name/path heuristic
"Assets/DevDen Arch Viz Scotland/Materials/balcony/leaf.mat","Material",4120,0,0,0,name/path heuristic
"Assets/DevDen Arch Viz Scotland/Materials/balcony/plant_pot.mat","Material",4043,0,0,0,name/path heuristic
"Assets/DevDen Arch Viz Scotland/Materials/balcony/wines.mat","Material",4032,0,0,0,name/path heuristic
"Assets/DevDen Arch Viz Scotland/Materials/Bathroom","DefaultAsset",0,0,0,0,name/path heuristic
"Assets/DevDen Arch Viz Scotland/Materials/Bathroom/Bathroom Shelf.mat","Material",9383,0,0,0,name/path heuristic
"Assets/DevDen Arch Viz Scotland/Materials/Bathroom/bathroom_cabin.mat","Material",4153,0,0,0,name/path heuristic
"Assets/DevDen Arch Viz Scotland/Materials/Bathroom/bathroom_floor3.mat","Material",3960,0,0,0,name/path heuristic
"Assets/DevDen Arch Viz Scotland/Materials/Bathroom/Bathroom_glass_1.mat","Material",10613,0,0,0,name/path heuristic
"Assets/DevDen Arch Viz Scotland/Materials/Bathroom/bathroom_shelf.mat","Material",4152,0,0,0,name/path heuristic
"Assets/DevDen Arch Viz Scotland/Materials/Bathroom/bathroom_wall3.mat","Material",4028,0,0,0,name/path heuristic
"Assets/DevDen Arch Viz Scotland/Materials/Bathroom/bathroom_wall_mat_1.mat","Material",4071,0,0,0,name/path heuristic
"Assets/DevDen Arch Viz Scotland/Materials/Bathroom/ceiling_light.mat","Material",3926,0,0,0,name/path heuristic
"Assets/DevDen Arch Viz Scotland/Materials/Bathroom/ceiling_light_emission.mat","Material",3954,0,0,0,name/path heuristic
"Assets/DevDen Arch Viz Scotland/Materials/Bathroom/ceramic.mat","Material",3794,0,0,0,name/path heuristic
"Assets/DevDen Arch Viz Scotland/Materials/Bathroom/LightEmission01.mat","Material",9476,0,0,0,name/path heuristic
"Assets/DevDen Arch Viz Scotland/Materials/Bathroom/M_toilet.mat","Material",9986,0,0,0,name/path heuristic
"Assets/DevDen Arch Viz Scotland/Materials/Bathroom/M_washbasin2.mat","Material",9991,0,0,0,name/path heuristic
"Assets/DevDen Arch Viz Scotland/Materials/Bathroom/metaldryer.mat","Material",9878,0,0,0,name/path heuristic
"Assets/DevDen Arch Viz Scotland/Materials/Bathroom/Mirror01.mat","Material",9826,0,0,0,name/path heuristic
"Assets/DevDen Arch Viz Scotland/Materials/Bathroom/phong1.mat","Material",4071,0,0,0,name/path heuristic
"Assets/DevDen Arch Viz Scotland/Materials/Bathroom/toilet_wood1.mat","Material",4035,0,0,0,name/path heuristic
"Assets/DevDen Arch Viz Scotland/Materials/Bathroom/toilet_wood_1.mat","Material",4100,0,0,0,name/path heuristic
"Assets/DevDen Arch Viz Scotland/Materials/Bathroom/tolpaper.mat","Material",9986,0,0,0,name/path heuristic
"Assets/DevDen Arch Viz Scotland/Materials/Bathroom/towl_2.mat","Material",4021,0,0,0,name/path heuristic
"Assets/DevDen Arch Viz Scotland/Materials/Bathroom/washingglass.mat","Material",9839,0,0,0,name/path heuristic
"Assets/DevDen Arch Viz Scotland/Materials/Bathroom/washingMachine.mat","Material",9879,0,0,0,name/path heuristic
"Assets/DevDen Arch Viz Scotland/Materials/Bathroom/washingmachineclosed.mat","Material",9881,0,0,0,name/path heuristic
"Assets/DevDen Arch Viz Scotland/Materials/Bed Room","DefaultAsset",0,0,0,0,name/path heuristic
"Assets/DevDen Arch Viz Scotland/Materials/Bed Room/bed.mat","Material",4018,0,0,0,name/path heuristic
"Assets/DevDen Arch Viz Scotland/Materials/Bed Room/bed_coat.mat","Material",4022,0,0,0,name/path heuristic
"Assets/DevDen Arch Viz Scotland/Materials/Bed Room/bed_lamp_glass1.mat","Material",4631,0,0,0,name/path heuristic
"Assets/DevDen Arch Viz Scotland/Materials/Bed Room/bed_sheet.mat","Material",3924,0,0,0,name/path heuristic
"Assets/DevDen Arch Viz Scotland/Materials/Bed Room/bed_sider.mat","Material",4096,0,0,0,name/path heuristic
"Assets/DevDen Arch Viz Scotland/Materials/Bed Room/bedroom_floor3.mat","Material",4149,0,0,0,name/path heuristic
"Assets/DevDen Arch Viz Scotland/Materials/Bed Room/bedroom_wall4.mat","Material",4028,0,0,0,name/path heuristic
"Assets/DevDen Arch Viz Scotland/Materials/Bed Room/bedroom_wood_side_table.mat","Material",9928,0,0,0,name/path heuristic
"Assets/DevDen Arch Viz Scotland/Materials/Bed Room/Bedroom_wood_table.mat","Material",9943,0,0,0,name/path heuristic
"Assets/DevDen Arch Viz Scotland/Materials/Bed Room/bedside_lamp1.mat","Material",4099,0,0,0,name/path heuristic
"Assets/DevDen Arch Viz Scotland/Materials/Bed Room/carpet.mat","Material",9939,0,0,0,name/path heuristic
"Assets/DevDen Arch Viz Scotland/Materials/Bed Room/CommonCeramic01.mat","Material",9883,0,0,0,name/path heuristic
"Assets/DevDen Arch Viz Scotland/Materials/Bed Room/CommonCeramic02Biege.mat","Material",9922,0,0,0,name/path heuristic
"Assets/DevDen Arch Viz Scotland/Materials/Bed Room/CommonPlastic01.mat","Material",9584,0,0,0,name/path heuristic
"Assets/DevDen Arch Viz Scotland/Materials/Bed Room/dressing_mirror1.mat","Material",9871,0,0,0,name/path heuristic
"Assets/DevDen Arch Viz Scotland/Materials/Bed Room/dressing_mirror_glass.mat","Material",4190,0,0,0,name/path heuristic
"Assets/DevDen Arch Viz Scotland/Materials/Bed Room/glass_wall_glass4.mat","Material",4539,0,0,0,name/path heuristic
"Assets/DevDen Arch Viz Scotland/Materials/Bed Room/Paintings_House.mat","Material",9941,0,0,0,name/path heuristic
"Assets/DevDen Arch Viz Scotland/Materials/Bed Room/Paintings_House_1.mat","Material",9942,0,0,0,name/path heuristic
"Assets/DevDen Arch Viz Scotland/Materials/Bed Room/Paintings_House_2.mat","Material",9941,0,0,0,name/path heuristic
"Assets/DevDen Arch Viz Scotland/Materials/Bed Room/Paintings_House_4.mat","Material",9869,0,0,0,name/path heuristic
"Assets/DevDen Arch Viz Scotland/Materials/Bed Room/pattern_wall.mat","Material",4026,0,0,0,name/path heuristic
"Assets/DevDen Arch Viz Scotland/Materials/Bed Room/pillow_1.mat","Material",4030,0,0,0,name/path heuristic
"Assets/DevDen Arch Viz Scotland/Materials/Common","DefaultAsset",0,0,0,0,name/path heuristic
"Assets/DevDen Arch Viz Scotland/Materials/Common/Air Conditioner.mat","Material",10312,0,0,0,name/path heuristic
"Assets/DevDen Arch Viz Scotland/Materials/Common/Brass.mat","Material",3753,0,0,0,name/path heuristic
"Assets/DevDen Arch Viz Scotland/Materials/Common/Cherry Highgloss.mat","Material",3813,0,0,0,name/path heuristic
"Assets/DevDen Arch Viz Scotland/Materials/Common/Chrome Clean.mat","Material",3749,0,0,0,name/path heuristic
"Assets/DevDen Arch Viz Scotland/Materials/Common/door1.mat","Material",9790,0,0,0,name/path heuristic
"Assets/DevDen Arch Viz Scotland/Materials/Common/lamp.mat","Material",4019,0,0,0,name/path heuristic
"Assets/DevDen Arch Viz Scotland/Materials/Common/Lamp_emission.mat","Material",4011,0,0,0,name/path heuristic
"Assets/DevDen Arch Viz Scotland/Materials/Common/little_props.mat","Material",9929,0,0,0,name/path heuristic
"Assets/DevDen Arch Viz Scotland/Materials/Common/magazine1.mat","Material",9580,0,0,0,name/path heuristic
"Assets/DevDen Arch Viz Scotland/Materials/Common/plate.mat","Material",9960,0,0,0,name/path heuristic
"Assets/DevDen Arch Viz Scotland/Materials/Common/Shadow Caster.mat","Material",3755,0,0,0,name/path heuristic
"Assets/DevDen Arch Viz Scotland/Materials/Common/Socket.mat","Material",9788,0,0,0,name/path heuristic
"Assets/DevDen Arch Viz Scotland/Materials/Common/Switch.mat","Material",9788,0,0,0,name/path heuristic
"Assets/DevDen Arch Viz Scotland/Materials/Common/switch1.mat","Material",4095,0,0,0,name/path heuristic
"Assets/DevDen Arch Viz Scotland/Materials/Common/switch2.mat","Material",4094,0,0,0,name/path heuristic
"Assets/DevDen Arch Viz Scotland/Materials/Dining Room","DefaultAsset",0,0,0,0,name/path heuristic
"Assets/DevDen Arch Viz Scotland/Materials/Dining Room/Cutlery.mat","Material",9823,0,0,0,name/path heuristic
"Assets/DevDen Arch Viz Scotland/Materials/Dining Room/diining_chair_wood.mat","Material",4188,0,0,0,name/path heuristic
"Assets/DevDen Arch Viz Scotland/Materials/Dining Room/dinning_chair_cusion.mat","Material",4108,0,0,0,name/path heuristic
"Assets/DevDen Arch Viz Scotland/Materials/Dining Room/dinning_table.mat","Material",4076,0,0,0,name/path heuristic
"Assets/DevDen Arch Viz Scotland/Materials/Dining Room/Table Mat.mat","Material",4110,0,0,0,name/path heuristic
"Assets/DevDen Arch Viz Scotland/Materials/Dining Room/trash-can.mat","Material",9930,0,0,0,name/path heuristic
"Assets/DevDen Arch Viz Scotland/Materials/Environment","DefaultAsset",0,0,0,0,name/path heuristic
"Assets/DevDen Arch Viz Scotland/Materials/Environment/Door_frame_mat_1.mat","Material",3801,0,0,0,name/path heuristic
"Assets/DevDen Arch Viz Scotland/Materials/Environment/exterior_wall.mat","Material",3799,0,0,0,name/path heuristic
"Assets/DevDen Arch Viz Scotland/Materials/Environment/handle.mat","Material",9845,0,0,0,name/path heuristic
"Assets/DevDen Arch Viz Scotland/Materials/Environment/inner_roof3.mat","Material",4026,0,0,0,name/path heuristic
"Assets/DevDen Arch Viz Scotland/Materials/Environment/livingroom_floor4.mat","Material",4116,0,0,0,name/path heuristic
"Assets/DevDen Arch Viz Scotland/Materials/Environment/livingroom_wall3.mat","Material",4030,0,0,0,name/path heuristic
"Assets/DevDen Arch Viz Scotland/Materials/Kitchen Room","DefaultAsset",0,0,0,0,name/path heuristic
"Assets/DevDen Arch Viz Scotland/Materials/Kitchen Room/chimini.mat","Material",4097,0,0,0,name/path heuristic
"Assets/DevDen Arch Viz Scotland/Materials/Kitchen Room/Chopboard_mat.mat","Material",4100,0,0,0,name/path heuristic
"Assets/DevDen Arch Viz Scotland/Materials/Kitchen Room/chopping-board.mat","Material",9784,0,0,0,name/path heuristic
"Assets/DevDen Arch Viz Scotland/Materials/Kitchen Room/coffee_maker.mat","Material",9965,0,0,0,name/path heuristic
"Assets/DevDen Arch Viz Scotland/Materials/Kitchen Room/DrainerNew.mat","Material",4106,0,0,0,name/path heuristic
"Assets/DevDen Arch Viz Scotland/Materials/Kitchen Room/glass.mat","Material",4101,0,0,0,name/path heuristic
"Assets/DevDen Arch Viz Scotland/Materials/Kitchen Room/gold_tap_handle 1.mat","Material",4104,0,0,0,name/path heuristic
"Assets/DevDen Arch Viz Scotland/Materials/Kitchen Room/gold_tap_handle.mat","Material",4152,0,0,0,name/path heuristic
"Assets/DevDen Arch Viz Scotland/Materials/Kitchen Room/gold_tap_handle_1.mat","Material",4155,0,0,0,name/path heuristic
"Assets/DevDen Arch Viz Scotland/Materials/Kitchen Room/gold_tap_handle_2.mat","Material",9950,0,0,0,name/path heuristic
"Assets/DevDen Arch Viz Scotland/Materials/Kitchen Room/granite.mat","Material",4095,0,0,0,name/path heuristic
"Assets/DevDen Arch Viz Scotland/Materials/Kitchen Room/green_wood.mat","Material",4105,0,0,0,name/path heuristic
"Assets/DevDen Arch Viz Scotland/Materials/Kitchen Room/green_wood_1 Metal.mat","Material",9943,0,0,0,name/path heuristic
"Assets/DevDen Arch Viz Scotland/Materials/Kitchen Room/green_wood_1.mat","Material",9943,0,0,0,name/path heuristic
"Assets/DevDen Arch Viz Scotland/Materials/Kitchen Room/green_wood_2.mat","Material",4159,0,0,0,name/path heuristic
"Assets/DevDen Arch Viz Scotland/Materials/Kitchen Room/induction-hob.mat","Material",9924,0,0,0,name/path heuristic
"Assets/DevDen Arch Viz Scotland/Materials/Kitchen Room/kitchan_mat_2.mat","Material",4131,0,0,0,name/path heuristic
"Assets/DevDen Arch Viz Scotland/Materials/Kitchen Room/knife-block.mat","Material",9817,0,0,0,name/path heuristic
"Assets/DevDen Arch Viz Scotland/Materials/Kitchen Room/Knife_Holder_mat.mat","Material",4104,0,0,0,name/path heuristic
"Assets/DevDen Arch Viz Scotland/Materials/Kitchen Room/knives.mat","Material",9934,0,0,0,name/path heuristic
"Assets/DevDen Arch Viz Scotland/Materials/Kitchen Room/marble.mat","Material",4092,0,0,0,name/path heuristic
"Assets/DevDen Arch Viz Scotland/Materials/Kitchen Room/metal.mat","Material",4100,0,0,0,name/path heuristic
"Assets/DevDen Arch Viz Scotland/Materials/Kitchen Room/mug-tree.mat","Material",9832,0,0,0,name/path heuristic
"Assets/DevDen Arch Viz Scotland/Materials/Kitchen Room/Mug_Holder_mat.mat","Material",4101,0,0,0,name/path heuristic
"Assets/DevDen Arch Viz Scotland/Materials/Kitchen Room/steel.mat","Material",4100,0,0,0,name/path heuristic
"Assets/DevDen Arch Viz Scotland/Materials/Kitchen Room/toasterNew.mat","Material",4084,0,0,0,name/path heuristic
"Assets/DevDen Arch Viz Scotland/Materials/Kitchen Room/white_wood.mat","Material",4096,0,0,0,name/path heuristic
"Assets/DevDen Arch Viz Scotland/Materials/Living Room","DefaultAsset",0,0,0,0,name/path heuristic
"Assets/DevDen Arch Viz Scotland/Materials/Living Room/chair_2.mat","Material",10238,0,0,0,name/path heuristic
"Assets/DevDen Arch Viz Scotland/Materials/Living Room/laptop.mat","Material",10155,0,0,0,name/path heuristic
"Assets/DevDen Arch Viz Scotland/Materials/Living Room/NewCarpet.mat","Material",4154,0,0,0,name/path heuristic
"Assets/DevDen Arch Viz Scotland/Materials/Living Room/Remote.mat","Material",9863,0,0,0,name/path heuristic
"Assets/DevDen Arch Viz Scotland/Materials/Living Room/Sofa Set.mat","Material",4146,0,0,0,name/path heuristic
"Assets/DevDen Arch Viz Scotland/Materials/Living Room/teatable.mat","Material",4105,0,0,0,name/path heuristic
"Assets/DevDen Arch Viz Scotland/Materials/Living Room/TV.mat","Material",4133,0,0,0,name/path heuristic
"Assets/DevDen Arch Viz Scotland/Materials/Living Room/TV_Panels.mat","Material",4176,0,0,0,name/path heuristic
"Assets/DevDen Arch Viz Scotland/Materials/Living Room/TV_Shelf.mat","Material",4115,0,0,0,name/path heuristic
"Assets/DevDen Arch Viz Scotland/Materials/Living Room/Window_1.mat","Material",9457,0,0,0,name/path heuristic
"Assets/DevDen Arch Viz Scotland/Materials/Study Room","DefaultAsset",0,0,0,0,name/path heuristic
"Assets/DevDen Arch Viz Scotland/Materials/Study Room/book_1.mat","Material",3860,0,0,0,name/path heuristic
"Assets/DevDen Arch Viz Scotland/Materials/Study Room/book_2.mat","Material",3859,0,0,0,name/path heuristic
"Assets/DevDen Arch Viz Scotland/Materials/Study Room/book_3.mat","Material",3859,0,0,0,name/path heuristic
"Assets/DevDen Arch Viz Scotland/Materials/Study Room/book_4.mat","Material",3859,0,0,0,name/path heuristic
"Assets/DevDen Arch Viz Scotland/Materials/Study Room/book_5.mat","Material",3860,0,0,0,name/path heuristic
"Assets/DevDen Arch Viz Scotland/Materials/Study Room/book_6.mat","Material",3859,0,0,0,name/path heuristic
"Assets/DevDen Arch Viz Scotland/Materials/Study Room/book_7.mat","Material",3859,0,0,0,name/path heuristic
"Assets/DevDen Arch Viz Scotland/Materials/Study Room/book_8.mat","Material",3859,0,0,0,name/path heuristic
"Assets/DevDen Arch Viz Scotland/Materials/Study Room/book_9.mat","Material",3860,0,0,0,name/path heuristic
"Assets/DevDen Arch Viz Scotland/Materials/Study Room/book_10.mat","Material",3860,0,0,0,name/path heuristic
"Assets/DevDen Arch Viz Scotland/Materials/Study Room/Furniture_Atlas_1.mat","Material",10051,0,0,0,name/path heuristic
"Assets/DevDen Arch Viz Scotland/Materials/Study Room/imac.mat","Material",4111,0,0,0,name/path heuristic
"Assets/DevDen Arch Viz Scotland/Materials/Study Room/LightBulb02On.mat","Material",10219,0,0,0,name/path heuristic
"Assets/DevDen Arch Viz Scotland/Materials/Study Room/LightChrome01.mat","Material",9591,0,0,0,name/path heuristic
"Assets/DevDen Arch Viz Scotland/Materials/Study Room/LightPlastic02.mat","Material",9676,0,0,0,name/path heuristic
"Assets/DevDen Arch Viz Scotland/Materials/Study Room/Notepad.mat","Material",4052,0,0,0,name/path heuristic
"Assets/DevDen Arch Viz Scotland/Materials/Study Room/PictureBorder01.mat","Material",9444,0,0,0,name/path heuristic
"Assets/DevDen Arch Viz Scotland/Materials/Study Room/PictureImage03.mat","Material",9594,0,0,0,name/path heuristic
"Assets/DevDen Arch Viz Scotland/Materials/Study Room/shelf1.mat","Material",4101,0,0,0,name/path heuristic
"Assets/DevDen Arch Viz Scotland/Materials/Study Room/study_chair_seat.mat","Material",9950,0,0,0,name/path heuristic
"Assets/DevDen Arch Viz Scotland/Materials/Study Room/study_chairI_Leg.mat","Material",9949,0,0,0,name/path heuristic
"Assets/DevDen Arch Viz Scotland/Materials/Study Room/studyroom_floor3.mat","Material",4030,0,0,0,name/path heuristic
"Assets/DevDen Arch Viz Scotland/Materials/Study Room/studyroom_wall3.mat","Material",4030,0,0,0,name/path heuristic
"Assets/DevDen Arch Viz Scotland/Materials/Study Room/table1.mat","Material",10036,0,0,0,name/path heuristic
"Assets/DevDen Arch Viz Scotland/Models","DefaultAsset",0,0,0,0,name/path heuristic
"Assets/DevDen Arch Viz Scotland/Models/Balcony","DefaultAsset",0,0,0,0,name/path heuristic
"Assets/DevDen Arch Viz Scotland/Models/Balcony/balcony_ chair.fbx","GameObject",96950,629,444,1,name/path heuristic
"Assets/DevDen Arch Viz Scotland/Models/Balcony/balcony_mat.fbx","GameObject",35141,40,66,1,name/path heuristic
"Assets/DevDen Arch Viz Scotland/Models/Balcony/balcony_table.fbx","GameObject",148356,932,704,1,name/path heuristic
"Assets/DevDen Arch Viz Scotland/Models/Balcony/flower_pot_1.fbx","GameObject",605392,19721,17730,4,name/path heuristic
"Assets/DevDen Arch Viz Scotland/Models/Balcony/Materials","DefaultAsset",0,0,0,0,name/path heuristic
"Assets/DevDen Arch Viz Scotland/Models/Balcony/Materials/balcony_chair1.mat","Material",3736,0,0,0,name/path heuristic
"Assets/DevDen Arch Viz Scotland/Models/Bathroom","DefaultAsset",0,0,0,0,name/path heuristic
"Assets/DevDen Arch Viz Scotland/Models/Bathroom/2.fbx","GameObject",24828010,23657,24624,2,name/path heuristic
"Assets/DevDen Arch Viz Scotland/Models/Bathroom/bathroom_cabin.fbx","GameObject",80853,412,242,7,name/path heuristic
"Assets/DevDen Arch Viz Scotland/Models/Bathroom/bathroom_shelf.fbx","GameObject",24224,116,70,1,name/path heuristic
"Assets/DevDen Arch Viz Scotland/Models/Bathroom/bathroom_wall.fbx","GameObject",26000,252,126,1,name/path heuristic
"Assets/DevDen Arch Viz Scotland/Models/Bathroom/bathroom_wash.fbx","GameObject",181649,616,468,3,name/path heuristic
"Assets/DevDen Arch Viz Scotland/Models/Bathroom/ceiling lamp.fbx","GameObject",43904,403,510,2,name/path heuristic
"Assets/DevDen Arch Viz Scotland/Models/Bathroom/Materials","DefaultAsset",0,0,0,0,name/path heuristic
"Assets/DevDen Arch Viz Scotland/Models/Bathroom/Materials/CommonPlastic01.mat","Material",3764,0,0,0,name/path heuristic
"Assets/DevDen Arch Viz Scotland/Models/Bathroom/Materials/LightPlastic01.mat","Material",3763,0,0,0,name/path heuristic
"Assets/DevDen Arch Viz Scotland/Models/Bathroom/Materials/Mirror01.mat","Material",3757,0,0,0,name/path heuristic
"Assets/DevDen Arch Viz Scotland/Models/Bathroom/metaldryer.FBX","GameObject",185738,859,956,1,name/path heuristic
"Assets/DevDen Arch Viz Scotland/Models/Bathroom/Mirror02_1.FBX","GameObject",33872,36,26,3,name/path heuristic
"Assets/DevDen Arch Viz Scotland/Models/Bathroom/shower.FBX","GameObject",435994,1007,1056,1,name/path heuristic
"Assets/DevDen Arch Viz Scotland/Models/Bathroom/toilet.FBX","GameObject",164059,410,410,1,name/path heuristic
"Assets/DevDen Arch Viz Scotland/Models/Bathroom/toilet_accesories.fbx","GameObject",3059744,80421,75546,28,name/path heuristic
"Assets/DevDen Arch Viz Scotland/Models/Bathroom/tolpaper.FBX","GameObject",131537,364,284,1,name/path heuristic
"Assets/DevDen Arch Viz Scotland/Models/Bathroom/washingmachine(front closed).FBX","GameObject",85391,470,410,1,name/path heuristic
"Assets/DevDen Arch Viz Scotland/Models/Bathroom/washingmachine.FBX","GameObject",164907,488,390,2,name/path heuristic
"Assets/DevDen Arch Viz Scotland/Models/Bed Room","DefaultAsset",0,0,0,0,name/path heuristic
"Assets/DevDen Arch Viz Scotland/Models/Bed Room/bed_1.fbx","GameObject",260544,5192,7560,4,name/path heuristic
"Assets/DevDen Arch Viz Scotland/Models/Bed Room/bedside_lamp1.fbx","GameObject",55440,1450,1260,2,name/path heuristic
"Assets/DevDen Arch Viz Scotland/Models/Bed Room/bedside_table.fbx","GameObject",45130,212,138,1,name/path heuristic
"Assets/DevDen Arch Viz Scotland/Models/Bed Room/bedsider.fbx","GameObject",152344,1440,1188,1,name/path heuristic
"Assets/DevDen Arch Viz Scotland/Models/Bed Room/carpet.fbx","GameObject",25488,88,66,1,name/path heuristic
"Assets/DevDen Arch Viz Scotland/Models/Bed Room/dressing_mirror.fbx","GameObject",67599,365,276,2,name/path heuristic
"Assets/DevDen Arch Viz Scotland/Models/Bed Room/fotostand.fbx","GameObject",14638,24,12,1,name/path heuristic
"Assets/DevDen Arch Viz Scotland/Models/Bed Room/Materials","DefaultAsset",0,0,0,0,name/path heuristic
"Assets/DevDen Arch Viz Scotland/Models/Bed Room/Materials/CommonCeramic01.mat","Material",3873,0,0,0,name/path heuristic
"Assets/DevDen Arch Viz Scotland/Models/Bed Room/Painting_Photo_B.FBX","GameObject",23392,76,44,1,name/path heuristic
"Assets/DevDen Arch Viz Scotland/Models/Bed Room/Painting_Small_C.FBX","GameObject",22960,66,36,1,name/path heuristic
"Assets/DevDen Arch Viz Scotland/Models/Bed Room/Painting_StandPhoto_A.FBX","GameObject",24112,96,52,1,name/path heuristic
"Assets/DevDen Arch Viz Scotland/Models/Bed Room/Painting_StandPhoto_C.FBX","GameObject",24576,110,60,1,name/path heuristic
"Assets/DevDen Arch Viz Scotland/Models/Bed Room/VaseFloor02_1.FBX","GameObject",80656,622,820,2,name/path heuristic
"Assets/DevDen Arch Viz Scotland/Models/Common","DefaultAsset",0,0,0,0,name/path heuristic
"Assets/DevDen Arch Viz Scotland/Models/Common/airconditioner.FBX","GameObject",120579,295,284,1,name/path heuristic
"Assets/DevDen Arch Viz Scotland/Models/Common/lamp.fbx","GameObject",92272,1414,1556,2,name/path heuristic
"Assets/DevDen Arch Viz Scotland/Models/Common/magazine.FBX","GameObject",34720,544,498,1,name/path heuristic
"Assets/DevDen Arch Viz Scotland/Models/Common/magazine1.FBX","GameObject",19676,36,20,1,name/path heuristic
"Assets/DevDen Arch Viz Scotland/Models/Common/Materials","DefaultAsset",0,0,0,0,name/path heuristic
"Assets/DevDen Arch Viz Scotland/Models/Common/Materials/magazine1.mat","Material",3758,0,0,0,name/path heuristic
"Assets/DevDen Arch Viz Scotland/Models/Common/Materials/No Name.mat","Material",3716,0,0,0,name/path heuristic
"Assets/DevDen Arch Viz Scotland/Models/Common/notepad.obj","GameObject",96734,911,1188,1,name/path heuristic
"Assets/DevDen Arch Viz Scotland/Models/Common/plate_1.fbx","GameObject",99648,1922,3520,1,name/path heuristic
"Assets/DevDen Arch Viz Scotland/Models/Common/socket.FBX","GameObject",318176,1326,770,1,name/path heuristic
"Assets/DevDen Arch Viz Scotland/Models/Common/switch.FBX","GameObject",65001,142,108,1,name/path heuristic
"Assets/DevDen Arch Viz Scotland/Models/Dining Room","DefaultAsset",0,0,0,0,name/path heuristic
"Assets/DevDen Arch Viz Scotland/Models/Dining Room/Cutlery.obj","GameObject",164843,1693,1668,5,name/path heuristic
"Assets/DevDen Arch Viz Scotland/Models/Dining Room/dinning_chair.fbx","GameObject",1325633,2786,3888,2,name/path heuristic
"Assets/DevDen Arch Viz Scotland/Models/Dining Room/dinning_table.fbx","GameObject",44861,208,104,1,name/path heuristic
"Assets/DevDen Arch Viz Scotland/Models/Dining Room/Table_mat.fbx","GameObject",36800,507,744,1,name/path heuristic
"Assets/DevDen Arch Viz Scotland/Models/Dining Room/trash-can.fbx","GameObject",36780,836,798,2,name/path heuristic
"Assets/DevDen Arch Viz Scotland/Models/Environment","DefaultAsset",0,0,0,0,name/path heuristic
"Assets/DevDen Arch Viz Scotland/Models/Environment/archviz.fbx","GameObject",259296,6175,4587,31,name/path heuristic
"Assets/DevDen Arch Viz Scotland/Models/Kitchen Room","DefaultAsset",0,0,0,0,name/path heuristic
"Assets/DevDen Arch Viz Scotland/Models/Kitchen Room/chopping-board.fbx","GameObject",29568,363,276,1,name/path heuristic
"Assets/DevDen Arch Viz Scotland/Models/Kitchen Room/coffeemachine.FBX","GameObject",575639,1874,1384,1,name/path heuristic
"Assets/DevDen Arch Viz Scotland/Models/Kitchen Room/dish-rack.fbx","GameObject",42924,2208,1104,1,name/path heuristic
"Assets/DevDen Arch Viz Scotland/Models/Kitchen Room/frifge.fbx","GameObject",34352,660,408,3,name/path heuristic
"Assets/DevDen Arch Viz Scotland/Models/Kitchen Room/induction-hob.fbx","GameObject",14988,64,46,1,name/path heuristic
"Assets/DevDen Arch Viz Scotland/Models/Kitchen Room/Kettle.fbx","GameObject",53008,921,864,1,name/path heuristic
"Assets/DevDen Arch Viz Scotland/Models/Kitchen Room/kitchen_2.fbx","GameObject",141968,992,604,24,name/path heuristic
"Assets/DevDen Arch Viz Scotland/Models/Kitchen Room/kitchen_bottom.fbx","GameObject",531328,8478,6613,76,name/path heuristic
"Assets/DevDen Arch Viz Scotland/Models/Kitchen Room/kitchen_top.fbx","GameObject",345824,2372,1570,64,name/path heuristic
"Assets/DevDen Arch Viz Scotland/Models/Kitchen Room/kitchen_top_piece.fbx","GameObject",22624,16,8,1,name/path heuristic
"Assets/DevDen Arch Viz Scotland/Models/Kitchen Room/knife-block.fbx","GameObject",24784,76,48,1,name/path heuristic
"Assets/DevDen Arch Viz Scotland/Models/Kitchen Room/knife1.fbx","GameObject",20892,233,256,1,name/path heuristic
"Assets/DevDen Arch Viz Scotland/Models/Kitchen Room/knife2.fbx","GameObject",19724,201,216,1,name/path heuristic
"Assets/DevDen Arch Viz Scotland/Models/Kitchen Room/Materials","DefaultAsset",0,0,0,0,name/path heuristic
"Assets/DevDen Arch Viz Scotland/Models/Kitchen Room/Materials/Chopboard_mat.mat","Material",3798,0,0,0,name/path heuristic
"Assets/DevDen Arch Viz Scotland/Models/Kitchen Room/Materials/drainer.mat","Material",3793,0,0,0,name/path heuristic
"Assets/DevDen Arch Viz Scotland/Models/Kitchen Room/Materials/Knife_Holder_mat.mat","Material",3801,0,0,0,name/path heuristic
"Assets/DevDen Arch Viz Scotland/Models/Kitchen Room/Materials/knives.mat","Material",3792,0,0,0,name/path heuristic
"Assets/DevDen Arch Viz Scotland/Models/Kitchen Room/Materials/Mug_Holder_mat.mat","Material",3799,0,0,0,name/path heuristic
"Assets/DevDen Arch Viz Scotland/Models/Kitchen Room/Materials/No Name.mat","Material",3780,0,0,0,name/path heuristic
"Assets/DevDen Arch Viz Scotland/Models/Kitchen Room/mug-tree.fbx","GameObject",57248,1313,1392,1,name/path heuristic
"Assets/DevDen Arch Viz Scotland/Models/Kitchen Room/side_piece.fbx","GameObject",3809312,2017,1236,45,name/path heuristic
"Assets/DevDen Arch Viz Scotland/Models/Kitchen Room/TOASTER.obj","GameObject",83712,1077,1072,1,name/path heuristic
"Assets/DevDen Arch Viz Scotland/Models/Living Room","DefaultAsset",0,0,0,0,name/path heuristic
"Assets/DevDen Arch Viz Scotland/Models/Living Room/chair_5.FBX","GameObject",106032,2238,2808,1,name/path heuristic
"Assets/DevDen Arch Viz Scotland/Models/Living Room/laptop.FBX","GameObject",78849,259,200,1,name/path heuristic
"Assets/DevDen Arch Viz Scotland/Models/Living Room/Materials","DefaultAsset",0,0,0,0,name/path heuristic
"Assets/DevDen Arch Viz Scotland/Models/Living Room/Materials/Remote.mat","Material",3769,0,0,0,name/path heuristic
"Assets/DevDen Arch Viz Scotland/Models/Living Room/RemoteControl.FBX","GameObject",96347,188,186,1,name/path heuristic
"Assets/DevDen Arch Viz Scotland/Models/Living Room/sofa_2.obj","GameObject",440972,4127,4742,1,name/path heuristic
"Assets/DevDen Arch Viz Scotland/Models/Living Room/Tea Table.fbx","GameObject",87049,324,252,1,name/path heuristic
"Assets/DevDen Arch Viz Scotland/Models/Living Room/TV.FBX","GameObject",34848,160,140,1,name/path heuristic
"Assets/DevDen Arch Viz Scotland/Models/Living Room/TV_Panels.FBX","GameObject",33488,52,32,1,name/path heuristic
"Assets/DevDen Arch Viz Scotland/Models/Living Room/TV_Shelf.FBX","GameObject",38816,272,188,1,name/path heuristic
"Assets/DevDen Arch Viz Scotland/Models/Living Room/window.fbx","GameObject",58848,724,524,6,name/path heuristic
"Assets/DevDen Arch Viz Scotland/Models/Study Room","DefaultAsset",0,0,0,0,name/path heuristic
"Assets/DevDen Arch Viz Scotland/Models/Study Room/books.FBX","GameObject",39768560,1040,740,10,name/path heuristic
"Assets/DevDen Arch Viz Scotland/Models/Study Room/CHair2.fbx","GameObject",4769290,3739,4680,2,name/path heuristic
"Assets/DevDen Arch Viz Scotland/Models/Study Room/Imac.fbx","GameObject",45920,736,708,1,name/path heuristic
"Assets/DevDen Arch Viz Scotland/Models/Study Room/LightTable06_1.FBX","GameObject",203440,1927,1588,3,name/path heuristic
"Assets/DevDen Arch Viz Scotland/Models/Study Room/Materials","DefaultAsset",0,0,0,0,name/path heuristic
"Assets/DevDen Arch Viz Scotland/Models/Study Room/Materials/defaultMat.mat","Material",3732,0,0,0,name/path heuristic
"Assets/DevDen Arch Viz Scotland/Models/Study Room/Materials/LightBulb02.mat","Material",3870,0,0,0,name/path heuristic
"Assets/DevDen Arch Viz Scotland/Models/Study Room/Materials/LightChrome01.mat","Material",3761,0,0,0,name/path heuristic
"Assets/DevDen Arch Viz Scotland/Models/Study Room/Materials/LightPlastic02.mat","Material",3872,0,0,0,name/path heuristic
"Assets/DevDen Arch Viz Scotland/Models/Study Room/Materials/PictureBorder01.mat","Material",3763,0,0,0,name/path heuristic
"Assets/DevDen Arch Viz Scotland/Models/Study Room/Materials/PictureImage01.mat","Material",3763,0,0,0,name/path heuristic
"Assets/DevDen Arch Viz Scotland/Models/Study Room/Pen.FBX","GameObject",151056,2759,2024,8,name/path heuristic
"Assets/DevDen Arch Viz Scotland/Models/Study Room/Picture01_3.FBX","GameObject",32432,60,30,2,name/path heuristic
"Assets/DevDen Arch Viz Scotland/Models/Study Room/Rug_Square_3.obj","GameObject",3100,40,24,1,name/path heuristic
"Assets/DevDen Arch Viz Scotland/Models/Study Room/shelf.fbx","GameObject",52303,456,380,1,name/path heuristic
"Assets/DevDen Arch Viz Scotland/Models/Study Room/table.fbx","GameObject",32608,299,204,1,name/path heuristic
"Assets/DevDen Arch Viz Scotland/Prefabs","DefaultAsset",0,0,0,0,name/path heuristic
"Assets/DevDen Arch Viz Scotland/Prefabs/Balcony","DefaultAsset",0,0,0,0,name/path heuristic
"Assets/DevDen Arch Viz Scotland/Prefabs/Balcony/Balcony-Carpet.prefab","GameObject",2897,0,0,0,name/path heuristic
"Assets/DevDen Arch Viz Scotland/Prefabs/Balcony/Balcony_ chair.prefab","GameObject",2899,0,0,0,name/path heuristic
"Assets/DevDen Arch Viz Scotland/Prefabs/Balcony/Balcony_table.prefab","GameObject",2896,0,0,0,name/path heuristic
"Assets/DevDen Arch Viz Scotland/Prefabs/Balcony/flower_pot_1.prefab","GameObject",3099,0,0,0,name/path heuristic
"Assets/DevDen Arch Viz Scotland/Prefabs/Bathroom","DefaultAsset",0,0,0,0,name/path heuristic
"Assets/DevDen Arch Viz Scotland/Prefabs/Bathroom/Bathroom Mirror.prefab","GameObject",3031,0,0,0,name/path heuristic
"Assets/DevDen Arch Viz Scotland/Prefabs/Bathroom/Bathroom_cabin.prefab","GameObject",18702,0,0,0,name/path heuristic
"Assets/DevDen Arch Viz Scotland/Prefabs/Bathroom/bathroom_shelf.prefab","GameObject",2886,0,0,0,name/path heuristic
"Assets/DevDen Arch Viz Scotland/Prefabs/Bathroom/Bathroom_wall.prefab","GameObject",2887,0,0,0,name/path heuristic
"Assets/DevDen Arch Viz Scotland/Prefabs/Bathroom/BathroomGlass.prefab","GameObject",2883,0,0,0,name/path heuristic
"Assets/DevDen Arch Viz Scotland/Prefabs/Bathroom/BathroomShelf.prefab","GameObject",3281,0,0,0,name/path heuristic
"Assets/DevDen Arch Viz Scotland/Prefabs/Bathroom/ceiling lamp.prefab","GameObject",2962,0,0,0,name/path heuristic
"Assets/DevDen Arch Viz Scotland/Prefabs/Bathroom/Metaldryer.prefab","GameObject",2884,0,0,0,name/path heuristic
"Assets/DevDen Arch Viz Scotland/Prefabs/Bathroom/shower.prefab","GameObject",2880,0,0,0,name/path heuristic
"Assets/DevDen Arch Viz Scotland/Prefabs/Bathroom/Toilet Paper.prefab","GameObject",2886,0,0,0,name/path heuristic
"Assets/DevDen Arch Viz Scotland/Prefabs/Bathroom/Toilet-Sink.prefab","GameObject",2887,0,0,0,name/path heuristic
"Assets/DevDen Arch Viz Scotland/Prefabs/Bathroom/toilet_accesories.prefab","GameObject",72005,0,0,0,name/path heuristic
"Assets/DevDen Arch Viz Scotland/Prefabs/Bathroom/Towel Holder.prefab","GameObject",2961,0,0,0,name/path heuristic
"Assets/DevDen Arch Viz Scotland/Prefabs/Bathroom/Wash Basin.prefab","GameObject",7004,0,0,0,name/path heuristic
"Assets/DevDen Arch Viz Scotland/Prefabs/Bathroom/Washingmachine-1.prefab","GameObject",2892,0,0,0,name/path heuristic
"Assets/DevDen Arch Viz Scotland/Prefabs/Bathroom/Washingmachine-2.prefab","GameObject",3546,0,0,0,name/path heuristic
"Assets/DevDen Arch Viz Scotland/Prefabs/Bed Room","DefaultAsset",0,0,0,0,name/path heuristic
"Assets/DevDen Arch Viz Scotland/Prefabs/Bed Room/Bed side_table.prefab","GameObject",2890,0,0,0,name/path heuristic
"Assets/DevDen Arch Viz Scotland/Prefabs/Bed Room/Bed.prefab","GameObject",20684,0,0,0,name/path heuristic
"Assets/DevDen Arch Viz Scotland/Prefabs/Bed Room/BedRoom carpet.prefab","GameObject",3544,0,0,0,name/path heuristic
"Assets/DevDen Arch Viz Scotland/Prefabs/Bed Room/Bedside_lamp.prefab","GameObject",2967,0,0,0,name/path heuristic
"Assets/DevDen Arch Viz Scotland/Prefabs/Bed Room/bedsider.prefab","GameObject",3538,0,0,0,name/path heuristic
"Assets/DevDen Arch Viz Scotland/Prefabs/Bed Room/Dressing_mirror.prefab","GameObject",2962,0,0,0,name/path heuristic
"Assets/DevDen Arch Viz Scotland/Prefabs/Bed Room/fotostand.prefab","GameObject",2883,0,0,0,name/path heuristic
"Assets/DevDen Arch Viz Scotland/Prefabs/Bed Room/PhotoFrames.prefab","GameObject",11275,0,0,0,name/path heuristic
"Assets/DevDen Arch Viz Scotland/Prefabs/Common","DefaultAsset",0,0,0,0,name/path heuristic
"Assets/DevDen Arch Viz Scotland/Prefabs/Common/AirConditioner.prefab","GameObject",2888,0,0,0,name/path heuristic
"Assets/DevDen Arch Viz Scotland/Prefabs/Common/lamp.prefab","GameObject",2949,0,0,0,name/path heuristic
"Assets/DevDen Arch Viz Scotland/Prefabs/Common/Magazine-2.prefab","GameObject",2893,0,0,0,name/path heuristic
"Assets/DevDen Arch Viz Scotland/Prefabs/Common/Magazine.prefab","GameObject",2895,0,0,0,name/path heuristic
"Assets/DevDen Arch Viz Scotland/Prefabs/Common/Notepad.prefab","GameObject",2883,0,0,0,name/path heuristic
"Assets/DevDen Arch Viz Scotland/Prefabs/Common/Switch&Socket .prefab","GameObject",8799,0,0,0,name/path heuristic
"Assets/DevDen Arch Viz Scotland/Prefabs/Common/VaseFloor_1.prefab","GameObject",2956,0,0,0,name/path heuristic
"Assets/DevDen Arch Viz Scotland/Prefabs/Dining Room","DefaultAsset",0,0,0,0,name/path heuristic
"Assets/DevDen Arch Viz Scotland/Prefabs/Dining Room/Cutlery_Set.prefab","GameObject",13889,0,0,0,name/path heuristic
"Assets/DevDen Arch Viz Scotland/Prefabs/Dining Room/dinning_chair.prefab","GameObject",2958,0,0,0,name/path heuristic
"Assets/DevDen Arch Viz Scotland/Prefabs/Dining Room/dinning_table.prefab","GameObject",2889,0,0,0,name/path heuristic
"Assets/DevDen Arch Viz Scotland/Prefabs/Dining Room/PlateGroup.prefab","GameObject",8812,0,0,0,name/path heuristic
"Assets/DevDen Arch Viz Scotland/Prefabs/Dining Room/trash-can.prefab","GameObject",3148,0,0,0,name/path heuristic
"Assets/DevDen Arch Viz Scotland/Prefabs/Environment","DefaultAsset",0,0,0,0,name/path heuristic
"Assets/DevDen Arch Viz Scotland/Prefabs/Environment/archviz.prefab","GameObject",51475,0,0,0,name/path heuristic
"Assets/DevDen Arch Viz Scotland/Prefabs/Kitchen Room","DefaultAsset",0,0,0,0,name/path heuristic
"Assets/DevDen Arch Viz Scotland/Prefabs/Kitchen Room/chopping-board.prefab","GameObject",2912,0,0,0,name/path heuristic
"Assets/DevDen Arch Viz Scotland/Prefabs/Kitchen Room/CoffeeMachine.prefab","GameObject",2900,0,0,0,name/path heuristic
"Assets/DevDen Arch Viz Scotland/Prefabs/Kitchen Room/Dish-drainer.prefab","GameObject",15358,0,0,0,name/path heuristic
"Assets/DevDen Arch Viz Scotland/Prefabs/Kitchen Room/Kettle.prefab","GameObject",2882,0,0,0,name/path heuristic
"Assets/DevDen Arch Viz Scotland/Prefabs/Kitchen Room/Kitchen_Cabinet-1.prefab","GameObject",351627,0,0,0,name/path heuristic
"Assets/DevDen Arch Viz Scotland/Prefabs/Kitchen Room/Kitchen_Cabinet-2.prefab","GameObject",252681,0,0,0,name/path heuristic
"Assets/DevDen Arch Viz Scotland/Prefabs/Kitchen Room/knife-block.prefab","GameObject",12970,0,0,0,name/path heuristic
"Assets/DevDen Arch Viz Scotland/Prefabs/Kitchen Room/mug-tree.prefab","GameObject",2906,0,0,0,name/path heuristic
"Assets/DevDen Arch Viz Scotland/Prefabs/Kitchen Room/Toaster.prefab","GameObject",2892,0,0,0,name/path heuristic
"Assets/DevDen Arch Viz Scotland/Prefabs/Living Room","DefaultAsset",0,0,0,0,name/path heuristic
"Assets/DevDen Arch Viz Scotland/Prefabs/Living Room/Laptop.prefab","GameObject",2878,0,0,0,name/path heuristic
"Assets/DevDen Arch Viz Scotland/Prefabs/Living Room/LivingRoom Carpet.prefab","GameObject",3352,0,0,0,name/path heuristic
"Assets/DevDen Arch Viz Scotland/Prefabs/Living Room/LivingRoom Chair.prefab","GameObject",2901,0,0,0,name/path heuristic
"Assets/DevDen Arch Viz Scotland/Prefabs/Living Room/RemoteControl.prefab","GameObject",2885,0,0,0,name/path heuristic
"Assets/DevDen Arch Viz Scotland/Prefabs/Living Room/Sofa.prefab","GameObject",2876,0,0,0,name/path heuristic
"Assets/DevDen Arch Viz Scotland/Prefabs/Living Room/Tea Table.prefab","GameObject",2883,0,0,0,name/path heuristic
"Assets/DevDen Arch Viz Scotland/Prefabs/Living Room/TV.prefab","GameObject",2880,0,0,0,name/path heuristic
"Assets/DevDen Arch Viz Scotland/Prefabs/Living Room/TV_Panels.prefab","GameObject",2887,0,0,0,name/path heuristic
"Assets/DevDen Arch Viz Scotland/Prefabs/Living Room/TV_Shelf.prefab","GameObject",2882,0,0,0,name/path heuristic
"Assets/DevDen Arch Viz Scotland/Prefabs/Living Room/window.prefab","GameObject",16352,0,0,0,name/path heuristic
"Assets/DevDen Arch Viz Scotland/Prefabs/Study Room","DefaultAsset",0,0,0,0,name/path heuristic
"Assets/DevDen Arch Viz Scotland/Prefabs/Study Room/BookShelf.prefab","GameObject",63790,0,0,0,name/path heuristic
"Assets/DevDen Arch Viz Scotland/Prefabs/Study Room/Imac.prefab","GameObject",2880,0,0,0,name/path heuristic
"Assets/DevDen Arch Viz Scotland/Prefabs/Study Room/Pen.prefab","GameObject",21531,0,0,0,name/path heuristic
"Assets/DevDen Arch Viz Scotland/Prefabs/Study Room/Study_table.prefab","GameObject",2885,0,0,0,name/path heuristic
"Assets/DevDen Arch Viz Scotland/Prefabs/Study Room/StudyRoom Chair.prefab","GameObject",2962,0,0,0,name/path heuristic
"Assets/DevDen Arch Viz Scotland/Prefabs/Study Room/StudyRoom Table Lamp.prefab","GameObject",3047,0,0,0,name/path heuristic
"Assets/DevDen Arch Viz Scotland/Prefabs/Study Room/StudyRoom WallPicture.prefab","GameObject",2973,0,0,0,name/path heuristic
"Assets/DevDen Arch Viz Scotland/Prefabs/Study Room/StudyRoomCarpet.prefab","GameObject",3107,0,0,0,name/path heuristic
"Assets/DevDen Arch Viz Scotland/Read Me.pdf","DefaultAsset",68354,0,0,0,name/path heuristic
"Assets/DevDen Arch Viz Scotland/Scenes","DefaultAsset",0,0,0,0,name/path heuristic
"Assets/DevDen Arch Viz Scotland/Scenes/ArchViz","DefaultAsset",0,0,0,0,name/path heuristic
"Assets/DevDen Arch Viz Scotland/Scenes/ArchViz/Global Volume Profile.asset","VolumeProfile",3467,0,0,0,name/path heuristic
"Assets/DevDen Arch Viz Scotland/Scenes/ArchViz/LightingData.asset","DefaultAsset",177918,0,0,0,name/path heuristic
"Assets/DevDen Arch Viz Scotland/Scenes/ArchViz/Lightmap-0_comp_dir.png","Texture2D",1762838,0,0,0,name/path heuristic
"Assets/DevDen Arch Viz Scotland/Scenes/ArchViz/Lightmap-0_comp_light.exr","Texture2D",5866388,0,0,0,name/path heuristic
"Assets/DevDen Arch Viz Scotland/Scenes/ArchViz/ReflectionProbe-0.exr","Cubemap",12040903,0,0,0,name/path heuristic
"Assets/DevDen Arch Viz Scotland/Scenes/ArchViz/ReflectionProbe-1.exr","Cubemap",14974493,0,0,0,name/path heuristic
"Assets/DevDen Arch Viz Scotland/Scenes/ArchViz/ReflectionProbe-2.png","Cubemap",774024,0,0,0,name/path heuristic
"Assets/DevDen Arch Viz Scotland/Scenes/ArchViz/ReflectionProbe-3.exr","Cubemap",49748560,0,0,0,name/path heuristic
"Assets/DevDen Arch Viz Scotland/Scenes/ArchViz/ReflectionProbe-4.exr","Cubemap",14975272,0,0,0,name/path heuristic
"Assets/DevDen Arch Viz Scotland/Scenes/ArchViz/ReflectionProbe-5.exr","Cubemap",16824063,0,0,0,name/path heuristic
"Assets/DevDen Arch Viz Scotland/Scenes/ArchViz/ReflectionProbe-6.exr","Cubemap",15709972,0,0,0,name/path heuristic
"Assets/DevDen Arch Viz Scotland/Scenes/ArchViz/ReflectionProbe-7.exr","Cubemap",13830688,0,0,0,name/path heuristic
"Assets/DevDen Arch Viz Scotland/Scenes/ArchViz/ReflectionProbe-8.exr","Cubemap",18705070,0,0,0,name/path heuristic
"Assets/DevDen Arch Viz Scotland/Scenes/ArchViz.unity","SceneAsset",1193148,0,0,0,name/path heuristic
"Assets/DevDen Arch Viz Scotland/Scenes/ArchViz_Profiles","DefaultAsset",0,0,0,0,name/path heuristic
"Assets/DevDen Arch Viz Scotland/Scenes/ArchViz_Profiles/Movie2_High.asset","",25115,0,0,0,name/path heuristic
"Assets/DevDen Arch Viz Scotland/Scenes/ArchVizSettings.lighting","LightingSettings",1783,0,0,0,name/path heuristic
"Assets/DevDen Arch Viz Scotland/Textures","DefaultAsset",0,0,0,0,name/path heuristic
"Assets/DevDen Arch Viz Scotland/Textures/Balcony","DefaultAsset",0,0,0,0,name/path heuristic
"Assets/DevDen Arch Viz Scotland/Textures/Balcony/balcony","DefaultAsset",0,0,0,0,name/path heuristic
"Assets/DevDen Arch Viz Scotland/Textures/Balcony/balcony/balcony_balcony_glass_AlbedoTransparency.png","Texture2D",538126,0,0,0,name/path heuristic
"Assets/DevDen Arch Viz Scotland/Textures/Balcony/balcony/balcony_balcony_glass_AO.png","Texture2D",1295507,0,0,0,name/path heuristic
"Assets/DevDen Arch Viz Scotland/Textures/Balcony/balcony/balcony_balcony_glass_MetallicSmoothness.png","Texture2D",329309,0,0,0,name/path heuristic
"Assets/DevDen Arch Viz Scotland/Textures/Balcony/balcony/balcony_balcony_glass_Normal.png","Texture2D",2382331,0,0,0,name/path heuristic
"Assets/DevDen Arch Viz Scotland/Textures/Balcony/balcony/balcony_balcony_metal_AlbedoTransparency.png","Texture2D",78119,0,0,0,name/path heuristic
"Assets/DevDen Arch Viz Scotland/Textures/Balcony/balcony/balcony_balcony_metal_AO.png","Texture2D",830325,0,0,0,name/path heuristic
"Assets/DevDen Arch Viz Scotland/Textures/Balcony/balcony/balcony_balcony_metal_MetallicSmoothness.png","Texture2D",78121,0,0,0,name/path heuristic
"Assets/DevDen Arch Viz Scotland/Textures/Balcony/balcony/balcony_balcony_metal_Normal.png","Texture2D",2353381,0,0,0,name/path heuristic
"Assets/DevDen Arch Viz Scotland/Textures/Balcony/balcony_chair","DefaultAsset",0,0,0,0,name/path heuristic
"Assets/DevDen Arch Viz Scotland/Textures/Balcony/balcony_chair/balcony_ chair_balcony_chair1_AlbedoTransparency.png","Texture2D",2124684,0,0,0,name/path heuristic
"Assets/DevDen Arch Viz Scotland/Textures/Balcony/balcony_chair/balcony_ chair_balcony_chair1_AO.png","Texture2D",1111596,0,0,0,name/path heuristic
"Assets/DevDen Arch Viz Scotland/Textures/Balcony/balcony_chair/balcony_ chair_balcony_chair1_MetallicSmoothness.png","Texture2D",1158618,0,0,0,name/path heuristic
"Assets/DevDen Arch Viz Scotland/Textures/Balcony/balcony_chair/balcony_ chair_balcony_chair1_Normal.png","Texture2D",2178178,0,0,0,name/path heuristic
"Assets/DevDen Arch Viz Scotland/Textures/Balcony/balcony_mat","DefaultAsset",0,0,0,0,name/path heuristic
"Assets/DevDen Arch Viz Scotland/Textures/Balcony/balcony_mat/balcony_mat1_MaskMap.png","Texture2D",223018,0,0,0,name/path heuristic
"Assets/DevDen Arch Viz Scotland/Textures/Balcony/balcony_mat/balcony_mat_balcony_mat1_AlbedoTransparency.png","Texture2D",1982836,0,0,0,name/path heuristic
"Assets/DevDen Arch Viz Scotland/Textures/Balcony/balcony_mat/balcony_mat_balcony_mat1_AO.png","Texture2D",82283,0,0,0,name/path heuristic
"Assets/DevDen Arch Viz Scotland/Textures/Balcony/balcony_mat/balcony_mat_balcony_mat1_MetallicSmoothness.png","Texture2D",647206,0,0,0,name/path heuristic
"Assets/DevDen Arch Viz Scotland/Textures/Balcony/balcony_mat/balcony_mat_balcony_mat1_Normal.png","Texture2D",1834288,0,0,0,name/path heuristic
"Assets/DevDen Arch Viz Scotland/Textures/Balcony/balconY_tacle","DefaultAsset",0,0,0,0,name/path heuristic
"Assets/DevDen Arch Viz Scotland/Textures/Balcony/balconY_tacle/balcony_table_balcony_table_2_AlbedoTransparency.png","Texture2D",926140,0,0,0,name/path heuristic
"Assets/DevDen Arch Viz Scotland/Textures/Balcony/balconY_tacle/balcony_table_balcony_table_2_AO.png","Texture2D",433365,0,0,0,name/path heuristic
"Assets/DevDen Arch Viz Scotland/Textures/Balcony/balconY_tacle/balcony_table_balcony_table_2_MetallicSmoothness.png","Texture2D",830373,0,0,0,name/path heuristic
"Assets/DevDen Arch Viz Scotland/Textures/Balcony/balconY_tacle/balcony_table_balcony_table_2_Normal.png","Texture2D",1173534,0,0,0,name/path heuristic
"Assets/DevDen Arch Viz Scotland/Textures/Balcony/flower_pot","DefaultAsset",0,0,0,0,name/path heuristic
"Assets/DevDen Arch Viz Scotland/Textures/Balcony/flower_pot/flower_pot_1_flower_AlbedoTransparency.png","Texture2D",334135,0,0,0,name/path heuristic
"Assets/DevDen Arch Viz Scotland/Textures/Balcony/flower_pot/flower_pot_1_flower_MetallicSmoothness.png","Texture2D",20543,0,0,0,name/path heuristic
"Assets/DevDen Arch Viz Scotland/Textures/Balcony/flower_pot/flower_pot_1_flower_Normal.png","Texture2D",477600,0,0,0,name/path heuristic
"Assets/DevDen Arch Viz Scotland/Textures/Balcony/flower_pot/flower_pot_1_leaf_AlbedoTransparency.png","Texture2D",792435,0,0,0,name/path heuristic
"Assets/DevDen Arch Viz Scotland/Textures/Balcony/flower_pot/flower_pot_1_leaf_MetallicSmoothness.png","Texture2D",433332,0,0,0,name/path heuristic
"Assets/DevDen Arch Viz Scotland/Textures/Balcony/flower_pot/flower_pot_1_leaf_Normal.png","Texture2D",764264,0,0,0,name/path heuristic
"Assets/DevDen Arch Viz Scotland/Textures/Balcony/flower_pot/flower_pot_1_plant_pot_AlbedoTransparency.png","Texture2D",1450955,0,0,0,name/path heuristic
"Assets/DevDen Arch Viz Scotland/Textures/Balcony/flower_pot/flower_pot_1_plant_pot_MetallicSmoothness.png","Texture2D",795276,0,0,0,name/path heuristic
"Assets/DevDen Arch Viz Scotland/Textures/Balcony/flower_pot/flower_pot_1_plant_pot_Normal.png","Texture2D",1050175,0,0,0,name/path heuristic
"Assets/DevDen Arch Viz Scotland/Textures/Balcony/flower_pot/flower_pot_1_wines_AlbedoTransparency.png","Texture2D",1068496,0,0,0,name/path heuristic
"Assets/DevDen Arch Viz Scotland/Textures/Balcony/flower_pot/flower_pot_1_wines_MetallicSmoothness.png","Texture2D",20543,0,0,0,name/path heuristic
"Assets/DevDen Arch Viz Scotland/Textures/Balcony/flower_pot/flower_pot_1_wines_Normal.png","Texture2D",332139,0,0,0,name/path heuristic
"Assets/DevDen Arch Viz Scotland/Textures/Bathroom","DefaultAsset",0,0,0,0,name/path heuristic
"Assets/DevDen Arch Viz Scotland/Textures/Bathroom/bathroom_cabin","DefaultAsset",0,0,0,0,name/path heuristic
"Assets/DevDen Arch Viz Scotland/Textures/Bathroom/bathroom_cabin/bathroom_cabin_bathroom_cabin_AlbedoTransparency.png","Texture2D",29091,0,0,0,name/path heuristic
"Assets/DevDen Arch Viz Scotland/Textures/Bathroom/bathroom_cabin/bathroom_cabin_bathroom_cabin_AO.png","Texture2D",479043,0,0,0,name/path heuristic
"Assets/DevDen Arch Viz Scotland/Textures/Bathroom/bathroom_cabin/bathroom_cabin_bathroom_cabin_MetallicSmoothness.png","Texture2D",29171,0,0,0,name/path heuristic
"Assets/DevDen Arch Viz Scotland/Textures/Bathroom/bathroom_cabin/bathroom_cabin_bathroom_cabin_Normal.png","Texture2D",601273,0,0,0,name/path heuristic
"Assets/DevDen Arch Viz Scotland/Textures/Bathroom/Bathroom_Glass","DefaultAsset",0,0,0,0,name/path heuristic
"Assets/DevDen Arch Viz Scotland/Textures/Bathroom/Bathroom_Glass/glass_glass_Normal.png","Texture2D",461977,0,0,0,name/path heuristic
"Assets/DevDen Arch Viz Scotland/Textures/Bathroom/bathroom_shelf","DefaultAsset",0,0,0,0,name/path heuristic
"Assets/DevDen Arch Viz Scotland/Textures/Bathroom/bathroom_shelf/bathroom_shelf_bathroom_shelf_AlbedoTransparency.png","Texture2D",28444,0,0,0,name/path heuristic
"Assets/DevDen Arch Viz Scotland/Textures/Bathroom/bathroom_shelf/bathroom_shelf_bathroom_shelf_AO.png","Texture2D",428196,0,0,0,name/path heuristic
"Assets/DevDen Arch Viz Scotland/Textures/Bathroom/bathroom_shelf/bathroom_shelf_bathroom_shelf_MetallicSmoothness.png","Texture2D",28336,0,0,0,name/path heuristic
"Assets/DevDen Arch Viz Scotland/Textures/Bathroom/bathroom_shelf/bathroom_shelf_bathroom_shelf_Normal.png","Texture2D",619987,0,0,0,name/path heuristic
"Assets/DevDen Arch Viz Scotland/Textures/Bathroom/bathroom_wall","DefaultAsset",0,0,0,0,name/path heuristic
"Assets/DevDen Arch Viz Scotland/Textures/Bathroom/bathroom_wall/bathroom_wall_phong1_AlbedoTransparency.png","Texture2D",1780370,0,0,0,name/path heuristic
"Assets/DevDen Arch Viz Scotland/Textures/Bathroom/bathroom_wall/bathroom_wall_phong1_MetallicSmoothness.png","Texture2D",1089740,0,0,0,name/path heuristic
"Assets/DevDen Arch Viz Scotland/Textures/Bathroom/bathroom_wall/bathroom_wall_phong1_Normal.png","Texture2D",597510,0,0,0,name/path heuristic
"Assets/DevDen Arch Viz Scotland/Textures/Bathroom/MetalDryer","DefaultAsset",0,0,0,0,name/path heuristic
"Assets/DevDen Arch Viz Scotland/Textures/Bathroom/MetalDryer/dry_M_metaldryer_AlbedoTransparency.png","Texture2D",896368,0,0,0,name/path heuristic
"Assets/DevDen Arch Viz Scotland/Textures/Bathroom/MetalDryer/dry_M_metaldryer_AO.png","Texture2D",1892317,0,0,0,name/path heuristic
"Assets/DevDen Arch Viz Scotland/Textures/Bathroom/MetalDryer/dry_M_metaldryer_MetallicSmoothness.png","Texture2D",1487834,0,0,0,name/path heuristic
"Assets/DevDen Arch Viz Scotland/Textures/Bathroom/MetalDryer/dry_M_metaldryer_Normal.png","Texture2D",1884304,0,0,0,name/path heuristic
"Assets/DevDen Arch Viz Scotland/Textures/Bathroom/Tile_Bath","DefaultAsset",0,0,0,0,name/path heuristic
"Assets/DevDen Arch Viz Scotland/Textures/Bathroom/Tile_Bath/SubwayTile - baseColor.png","Texture2D",288156,0,0,0,name/path heuristic
"Assets/DevDen Arch Viz Scotland/Textures/Bathroom/Tile_Bath/SubwayTile - metallic (Modified).png","Texture2D",37488,0,0,0,name/path heuristic
"Assets/DevDen Arch Viz Scotland/Textures/Bathroom/Tile_Bath/SubwayTile - normal (Modified).png","Texture2D",487117,0,0,0,name/path heuristic
"Assets/DevDen Arch Viz Scotland/Textures/Bathroom/Toilet","DefaultAsset",0,0,0,0,name/path heuristic
"Assets/DevDen Arch Viz Scotland/Textures/Bathroom/Toilet/toilet_DefaultMaterial_AlbedoTransparency.png","Texture2D",340603,0,0,0,name/path heuristic
"Assets/DevDen Arch Viz Scotland/Textures/Bathroom/Toilet/toilet_DefaultMaterial_AO.png","Texture2D",732271,0,0,0,name/path heuristic
"Assets/DevDen Arch Viz Scotland/Textures/Bathroom/Toilet/toilet_DefaultMaterial_MetallicSmoothness.png","Texture2D",1345917,0,0,0,name/path heuristic
"Assets/DevDen Arch Viz Scotland/Textures/Bathroom/Toilet/toilet_DefaultMaterial_Normal.png","Texture2D",1357156,0,0,0,name/path heuristic
"Assets/DevDen Arch Viz Scotland/Textures/Bathroom/Toilet_wood","DefaultAsset",0,0,0,0,name/path heuristic
"Assets/DevDen Arch Viz Scotland/Textures/Bathroom/Toilet_wood/3_toilet_wood1_AlbedoTransparency.png","Texture2D",1720147,0,0,0,name/path heuristic
"Assets/DevDen Arch Viz Scotland/Textures/Bathroom/Toilet_wood/3_toilet_wood1_MetallicSmoothness.png","Texture2D",78120,0,0,0,name/path heuristic
"Assets/DevDen Arch Viz Scotland/Textures/Bathroom/Toilet_wood/3_toilet_wood1_Normal.png","Texture2D",1695685,0,0,0,name/path heuristic
"Assets/DevDen Arch Viz Scotland/Textures/Bathroom/TolPaper","DefaultAsset",0,0,0,0,name/path heuristic
"Assets/DevDen Arch Viz Scotland/Textures/Bathroom/TolPaper/tolpaper_DefaultMaterial_AlbedoTransparency.png","Texture2D",548850,0,0,0,name/path heuristic
"Assets/DevDen Arch Viz Scotland/Textures/Bathroom/TolPaper/tolpaper_DefaultMaterial_AO.png","Texture2D",347707,0,0,0,name/path heuristic
"Assets/DevDen Arch Viz Scotland/Textures/Bathroom/TolPaper/tolpaper_DefaultMaterial_MetallicSmoothness.png","Texture2D",867879,0,0,0,name/path heuristic
"Assets/DevDen Arch Viz Scotland/Textures/Bathroom/TolPaper/tolpaper_DefaultMaterial_Normal.png","Texture2D",1476685,0,0,0,name/path heuristic
"Assets/DevDen Arch Viz Scotland/Textures/Bathroom/towel_2","DefaultAsset",0,0,0,0,name/path heuristic
"Assets/DevDen Arch Viz Scotland/Textures/Bathroom/towel_2/2_toilet_wood_1_AlbedoTransparency.png","Texture2D",1836465,0,0,0,name/path heuristic
"Assets/DevDen Arch Viz Scotland/Textures/Bathroom/towel_2/2_toilet_wood_1_AO.png","Texture2D",1123300,0,0,0,name/path heuristic
"Assets/DevDen Arch Viz Scotland/Textures/Bathroom/towel_2/2_toilet_wood_1_MetallicSmoothness.png","Texture2D",78120,0,0,0,name/path heuristic
"Assets/DevDen Arch Viz Scotland/Textures/Bathroom/towel_2/2_toilet_wood_1_Normal.png","Texture2D",1723786,0,0,0,name/path heuristic
"Assets/DevDen Arch Viz Scotland/Textures/Bathroom/towel_2/2_towl_2_AlbedoTransparency.png","Texture2D",2059132,0,0,0,name/path heuristic
"Assets/DevDen Arch Viz Scotland/Textures/Bathroom/towel_2/2_towl_2_MetallicSmoothness.png","Texture2D",78120,0,0,0,name/path heuristic
"Assets/DevDen Arch Viz Scotland/Textures/Bathroom/towel_2/2_towl_2_Normal.png","Texture2D",1765553,0,0,0,name/path heuristic
"Assets/DevDen Arch Viz Scotland/Textures/Bathroom/Washbasin","DefaultAsset",0,0,0,0,name/path heuristic
"Assets/DevDen Arch Viz Scotland/Textures/Bathroom/Washbasin/washbasin_M_washbasin_AlbedoTransparency.png","Texture2D",78120,0,0,0,name/path heuristic
"Assets/DevDen Arch Viz Scotland/Textures/Bathroom/Washbasin/washbasin_M_washbasin_AO.png","Texture2D",901661,0,0,0,name/path heuristic
"Assets/DevDen Arch Viz Scotland/Textures/Bathroom/Washbasin/washbasin_M_washbasin_MetallicSmoothness.png","Texture2D",78120,0,0,0,name/path heuristic
"Assets/DevDen Arch Viz Scotland/Textures/Bathroom/Washbasin/washbasin_M_washbasin_Normal.png","Texture2D",2383014,0,0,0,name/path heuristic
"Assets/DevDen Arch Viz Scotland/Textures/Bathroom/Washing_machine","DefaultAsset",0,0,0,0,name/path heuristic
"Assets/DevDen Arch Viz Scotland/Textures/Bathroom/Washing_machine/washingmachine_M_washingmachine_AlbedoTransparency.png","Texture2D",1231301,0,0,0,name/path heuristic
"Assets/DevDen Arch Viz Scotland/Textures/Bathroom/Washing_machine/washingmachine_M_washingmachine_MetallicSmoothness.png","Texture2D",1633860,0,0,0,name/path heuristic
"Assets/DevDen Arch Viz Scotland/Textures/Bathroom/Washing_machine/washingmachine_M_washingmachine_Normal.png","Texture2D",2087997,0,0,0,name/path heuristic
"Assets/DevDen Arch Viz Scotland/Textures/Bed Room","DefaultAsset",0,0,0,0,name/path heuristic
"Assets/DevDen Arch Viz Scotland/Textures/Bed Room/bed","DefaultAsset",0,0,0,0,name/path heuristic
"Assets/DevDen Arch Viz Scotland/Textures/Bed Room/bed/bed_bed_AlbedoTransparency.png","Texture2D",1680973,0,0,0,name/path heuristic
"Assets/DevDen Arch Viz Scotland/Textures/Bed Room/bed/bed_bed_coat_AlbedoTransparency.png","Texture2D",2040436,0,0,0,name/path heuristic
"Assets/DevDen Arch Viz Scotland/Textures/Bed Room/bed/bed_bed_coat_MetallicSmoothness.png","Texture2D",1904079,0,0,0,name/path heuristic
"Assets/DevDen Arch Viz Scotland/Textures/Bed Room/bed/bed_bed_coat_Normal.png","Texture2D",1876068,0,0,0,name/path heuristic
"Assets/DevDen Arch Viz Scotland/Textures/Bed Room/bed/bed_bed_MetallicSmoothness.png","Texture2D",2463381,0,0,0,name/path heuristic
"Assets/DevDen Arch Viz Scotland/Textures/Bed Room/bed/bed_bed_Normal.png","Texture2D",1806986,0,0,0,name/path heuristic
"Assets/DevDen Arch Viz Scotland/Textures/Bed Room/bed/bed_low_bed_sheet_AlbedoTransparency.png","Texture2D",1707778,0,0,0,name/path heuristic
"Assets/DevDen Arch Viz Scotland/Textures/Bed Room/bed/bed_low_bed_sheet_MetallicSmoothness.png","Texture2D",2128743,0,0,0,name/path heuristic
"Assets/DevDen Arch Viz Scotland/Textures/Bed Room/bed/bed_low_bed_sheet_Normal.png","Texture2D",1846115,0,0,0,name/path heuristic
"Assets/DevDen Arch Viz Scotland/Textures/Bed Room/bed/bed_pillow_1_AlbedoTransparency.png","Texture2D",2104122,0,0,0,name/path heuristic
"Assets/DevDen Arch Viz Scotland/Textures/Bed Room/bed/bed_pillow_1_MetallicSmoothness.png","Texture2D",1896252,0,0,0,name/path heuristic
"Assets/DevDen Arch Viz Scotland/Textures/Bed Room/bed/bed_pillow_1_Normal.png","Texture2D",1559363,0,0,0,name/path heuristic
"Assets/DevDen Arch Viz Scotland/Textures/Bed Room/bedside_carpet","DefaultAsset",0,0,0,0,name/path heuristic
"Assets/DevDen Arch Viz Scotland/Textures/Bed Room/bedside_carpet/carpet_carpet_AlbedoTransparency.png","Texture2D",1599153,0,0,0,name/path heuristic
"Assets/DevDen Arch Viz Scotland/Textures/Bed Room/bedside_carpet/carpet_carpet_AO.png","Texture2D",92750,0,0,0,name/path heuristic
"Assets/DevDen Arch Viz Scotland/Textures/Bed Room/bedside_carpet/carpet_carpet_MetallicSmoothness.png","Texture2D",620161,0,0,0,name/path heuristic
"Assets/DevDen Arch Viz Scotland/Textures/Bed Room/bedside_carpet/carpet_carpet_Normal.png","Texture2D",1236561,0,0,0,name/path heuristic
"Assets/DevDen Arch Viz Scotland/Textures/Bed Room/bedside_table","DefaultAsset",0,0,0,0,name/path heuristic
"Assets/DevDen Arch Viz Scotland/Textures/Bed Room/bedside_table/bedside_table_bedside_AlbedoTransparency.png","Texture2D",1458738,0,0,0,name/path heuristic
"Assets/DevDen Arch Viz Scotland/Textures/Bed Room/bedside_table/bedside_table_bedside_AO.png","Texture2D",347840,0,0,0,name/path heuristic
"Assets/DevDen Arch Viz Scotland/Textures/Bed Room/bedside_table/bedside_table_bedside_MetallicSmoothness.png","Texture2D",20543,0,0,0,name/path heuristic
"Assets/DevDen Arch Viz Scotland/Textures/Bed Room/bedside_table/bedside_table_bedside_Normal.png","Texture2D",596746,0,0,0,name/path heuristic
"Assets/DevDen Arch Viz Scotland/Textures/Bed Room/BedsideLamp","DefaultAsset",0,0,0,0,name/path heuristic
"Assets/DevDen Arch Viz Scotland/Textures/Bed Room/BedsideLamp/bedside_lamp_bed_lamp_glass1_AlbedoTransparency.png","Texture2D",11174,0,0,0,name/path heuristic
"Assets/DevDen Arch Viz Scotland/Textures/Bed Room/BedsideLamp/bedside_lamp_bed_lamp_glass1_AO.png","Texture2D",64658,0,0,0,name/path heuristic
"Assets/DevDen Arch Viz Scotland/Textures/Bed Room/BedsideLamp/bedside_lamp_bed_lamp_glass1_MetallicSmoothness.png","Texture2D",11171,0,0,0,name/path heuristic
"Assets/DevDen Arch Viz Scotland/Textures/Bed Room/BedsideLamp/bedside_lamp_bed_lamp_glass1_Normal.png","Texture2D",298536,0,0,0,name/path heuristic
"Assets/DevDen Arch Viz Scotland/Textures/Bed Room/BedsideLamp/bedside_lamp_bedside_lamp1_AlbedoTransparency.png","Texture2D",160047,0,0,0,name/path heuristic
"Assets/DevDen Arch Viz Scotland/Textures/Bed Room/BedsideLamp/bedside_lamp_bedside_lamp1_AO.png","Texture2D",191534,0,0,0,name/path heuristic
"Assets/DevDen Arch Viz Scotland/Textures/Bed Room/BedsideLamp/bedside_lamp_bedside_lamp1_MetallicSmoothness.png","Texture2D",134388,0,0,0,name/path heuristic
"Assets/DevDen Arch Viz Scotland/Textures/Bed Room/BedsideLamp/bedside_lamp_bedside_lamp1_Normal.png","Texture2D",301485,0,0,0,name/path heuristic
"Assets/DevDen Arch Viz Scotland/Textures/Bed Room/bedsider","DefaultAsset",0,0,0,0,name/path heuristic
"Assets/DevDen Arch Viz Scotland/Textures/Bed Room/bedsider/bedsider_bed_sider_AlbedoTransparency.png","Texture2D",2332225,0,0,0,name/path heuristic
"Assets/DevDen Arch Viz Scotland/Textures/Bed Room/bedsider/bedsider_bed_sider_AO.png","Texture2D",1340173,0,0,0,name/path heuristic
"Assets/DevDen Arch Viz Scotland/Textures/Bed Room/bedsider/bedsider_bed_sider_MetallicSmoothness.png","Texture2D",1813518,0,0,0,name/path heuristic
"Assets/DevDen Arch Viz Scotland/Textures/Bed Room/bedsider/bedsider_bed_sider_Normal.png","Texture2D",1417750,0,0,0,name/path heuristic
"Assets/DevDen Arch Viz Scotland/Textures/Bed Room/dressing_mirror","DefaultAsset",0,0,0,0,name/path heuristic
"Assets/DevDen Arch Viz Scotland/Textures/Bed Room/dressing_mirror/dresing_mirror_dressing_mirror1_AlbedoTransparency.png","Texture2D",2826330,0,0,0,name/path heuristic
"Assets/DevDen Arch Viz Scotland/Textures/Bed Room/dressing_mirror/dresing_mirror_dressing_mirror1_AO.png","Texture2D",1103049,0,0,0,name/path heuristic
"Assets/DevDen Arch Viz Scotland/Textures/Bed Room/dressing_mirror/dresing_mirror_dressing_mirror1_MetallicSmoothness.png","Texture2D",1639501,0,0,0,name/path heuristic
"Assets/DevDen Arch Viz Scotland/Textures/Bed Room/dressing_mirror/dresing_mirror_dressing_mirror1_Normal.png","Texture2D",1351579,0,0,0,name/path heuristic
"Assets/DevDen Arch Viz Scotland/Textures/Bed Room/foto_frame_1","DefaultAsset",0,0,0,0,name/path heuristic
"Assets/DevDen Arch Viz Scotland/Textures/Bed Room/foto_frame_1/Painting_Photo_B_Paintings_House_AlbedoTransparency.png","Texture2D",102740,0,0,0,name/path heuristic
"Assets/DevDen Arch Viz Scotland/Textures/Bed Room/foto_frame_1/Painting_Photo_B_Paintings_House_MetallicSmoothness.png","Texture2D",79577,0,0,0,name/path heuristic
"Assets/DevDen Arch Viz Scotland/Textures/Bed Room/foto_frame_1/Painting_Photo_B_Paintings_House_Normal.png","Texture2D",1231947,0,0,0,name/path heuristic
"Assets/DevDen Arch Viz Scotland/Textures/Bed Room/foto_frame_2","DefaultAsset",0,0,0,0,name/path heuristic
"Assets/DevDen Arch Viz Scotland/Textures/Bed Room/foto_frame_2/Painting_Small_C_Paintings_House_AlbedoTransparency.png","Texture2D",523710,0,0,0,name/path heuristic
"Assets/DevDen Arch Viz Scotland/Textures/Bed Room/foto_frame_2/Painting_Small_C_Paintings_House_AO.png","Texture2D",283663,0,0,0,name/path heuristic
"Assets/DevDen Arch Viz Scotland/Textures/Bed Room/foto_frame_2/Painting_Small_C_Paintings_House_MetallicSmoothness.png","Texture2D",87815,0,0,0,name/path heuristic
"Assets/DevDen Arch Viz Scotland/Textures/Bed Room/foto_frame_2/Painting_Small_C_Paintings_House_Normal.png","Texture2D",1558606,0,0,0,name/path heuristic
"Assets/DevDen Arch Viz Scotland/Textures/Bed Room/foto_frame_3","DefaultAsset",0,0,0,0,name/path heuristic
"Assets/DevDen Arch Viz Scotland/Textures/Bed Room/foto_frame_3/Painting_StandPhoto_A_Paintings_House_AlbedoTransparency.png","Texture2D",609469,0,0,0,name/path heuristic
"Assets/DevDen Arch Viz Scotland/Textures/Bed Room/foto_frame_3/Painting_StandPhoto_A_Paintings_House_AO.png","Texture2D",374917,0,0,0,name/path heuristic
"Assets/DevDen Arch Viz Scotland/Textures/Bed Room/foto_frame_3/Painting_StandPhoto_A_Paintings_House_MetallicSmoothness.png","Texture2D",89028,0,0,0,name/path heuristic
"Assets/DevDen Arch Viz Scotland/Textures/Bed Room/foto_frame_3/Painting_StandPhoto_A_Paintings_House_Normal.png","Texture2D",1556346,0,0,0,name/path heuristic
"Assets/DevDen Arch Viz Scotland/Textures/Bed Room/FOTO_FRAME_4","DefaultAsset",0,0,0,0,name/path heuristic
"Assets/DevDen Arch Viz Scotland/Textures/Bed Room/FOTO_FRAME_4/Painting_StandPhoto_C_Paintings_House_AlbedoTransparency.png","Texture2D",358000,0,0,0,name/path heuristic
"Assets/DevDen Arch Viz Scotland/Textures/Bed Room/FOTO_FRAME_4/Painting_StandPhoto_C_Paintings_House_AO.png","Texture2D",286962,0,0,0,name/path heuristic
"Assets/DevDen Arch Viz Scotland/Textures/Bed Room/FOTO_FRAME_4/Painting_StandPhoto_C_Paintings_House_MetallicSmoothness.png","Texture2D",104294,0,0,0,name/path heuristic
"Assets/DevDen Arch Viz Scotland/Textures/Bed Room/FOTO_FRAME_4/Painting_StandPhoto_C_Paintings_House_Normal.png","Texture2D",1556504,0,0,0,name/path heuristic
"Assets/DevDen Arch Viz Scotland/Textures/Bed Room/FOTO_FRAME_4/Paintings_House_MaskMap.png","Texture2D",313611,0,0,0,name/path heuristic
"Assets/DevDen Arch Viz Scotland/Textures/Bed Room/Photo_stand","DefaultAsset",0,0,0,0,name/path heuristic
"Assets/DevDen Arch Viz Scotland/Textures/Bed Room/Photo_stand/fotostand_fotostand_AlbedoTransparency.png","Texture2D",843466,0,0,0,name/path heuristic
"Assets/DevDen Arch Viz Scotland/Textures/Bed Room/Photo_stand/fotostand_fotostand_AO.png","Texture2D",22287,0,0,0,name/path heuristic
"Assets/DevDen Arch Viz Scotland/Textures/Bed Room/Photo_stand/fotostand_fotostand_MetallicSmoothness.png","Texture2D",20543,0,0,0,name/path heuristic
"Assets/DevDen Arch Viz Scotland/Textures/Bed Room/Photo_stand/fotostand_fotostand_Normal.png","Texture2D",596666,0,0,0,name/path heuristic
"Assets/DevDen Arch Viz Scotland/Textures/Common","DefaultAsset",0,0,0,0,name/path heuristic
"Assets/DevDen Arch Viz Scotland/Textures/Common/AirConditioner","DefaultAsset",0,0,0,0,name/path heuristic
"Assets/DevDen Arch Viz Scotland/Textures/Common/AirConditioner/airconditioner_DefaultMaterial_AlbedoTransparency.png","Texture2D",1632206,0,0,0,name/path heuristic
"Assets/DevDen Arch Viz Scotland/Textures/Common/AirConditioner/airconditioner_DefaultMaterial_AO.png","Texture2D",885928,0,0,0,name/path heuristic
"Assets/DevDen Arch Viz Scotland/Textures/Common/AirConditioner/airconditioner_DefaultMaterial_MetallicSmoothness.png","Texture2D",2493060,0,0,0,name/path heuristic
"Assets/DevDen Arch Viz Scotland/Textures/Common/AirConditioner/airconditioner_DefaultMaterial_Normal.png","Texture2D",1084779,0,0,0,name/path heuristic
"Assets/DevDen Arch Viz Scotland/Textures/Common/AirConditioner/airconditioner_emision.png","Texture2D",81777,0,0,0,name/path heuristic
"Assets/DevDen Arch Viz Scotland/Textures/Common/CUTLERY","DefaultAsset",0,0,0,0,name/path heuristic
"Assets/DevDen Arch Viz Scotland/Textures/Common/CUTLERY/Cutlery FBX_Cutlery_AlbedoTransparency.png","Texture2D",20544,0,0,0,name/path heuristic
"Assets/DevDen Arch Viz Scotland/Textures/Common/CUTLERY/Cutlery FBX_Cutlery_AO.png","Texture2D",236789,0,0,0,name/path heuristic
"Assets/DevDen Arch Viz Scotland/Textures/Common/CUTLERY/Cutlery FBX_Cutlery_Normal.png","Texture2D",597573,0,0,0,name/path heuristic
"Assets/DevDen Arch Viz Scotland/Textures/Common/door and handle","DefaultAsset",0,0,0,0,name/path heuristic
"Assets/DevDen Arch Viz Scotland/Textures/Common/door and handle/door and handles_door1_MetallicSmoothness.png","Texture2D",20543,0,0,0,name/path heuristic
"Assets/DevDen Arch Viz Scotland/Textures/Common/door and handle/door and handles_door1_Normal.png","Texture2D",596622,0,0,0,name/path heuristic
"Assets/DevDen Arch Viz Scotland/Textures/Common/door and handle/door and handles_door_AlbedoTransparency.png","Texture2D",20544,0,0,0,name/path heuristic
"Assets/DevDen Arch Viz Scotland/Textures/Common/door and handle/door and handles_handle_AlbedoTransparency.png","Texture2D",20544,0,0,0,name/path heuristic
"Assets/DevDen Arch Viz Scotland/Textures/Common/door and handle/door and handles_handle_AO.png","Texture2D",108720,0,0,0,name/path heuristic
"Assets/DevDen Arch Viz Scotland/Textures/Common/door and handle/door and handles_handle_MetallicSmoothness.png","Texture2D",20544,0,0,0,name/path heuristic
"Assets/DevDen Arch Viz Scotland/Textures/Common/door and handle/door and handles_handle_Normal.png","Texture2D",588860,0,0,0,name/path heuristic
"Assets/DevDen Arch Viz Scotland/Textures/Common/Interior_props","DefaultAsset",0,0,0,0,name/path heuristic
"Assets/DevDen Arch Viz Scotland/Textures/Common/Interior_props/CommonCeramic01.png","Texture2D",1301251,0,0,0,name/path heuristic
"Assets/DevDen Arch Viz Scotland/Textures/Common/Interior_props/CommonCeramic01_Metallic.png","Texture2D",289984,0,0,0,name/path heuristic
"Assets/DevDen Arch Viz Scotland/Textures/Common/Interior_props/CommonCeramic01_NM.png","Texture2D",1247881,0,0,0,name/path heuristic
"Assets/DevDen Arch Viz Scotland/Textures/Common/Interior_props/CommonCeramic02.png","Texture2D",314244,0,0,0,name/path heuristic
"Assets/DevDen Arch Viz Scotland/Textures/Common/Interior_props/CommonCeramic02_Metallic.png","Texture2D",414462,0,0,0,name/path heuristic
"Assets/DevDen Arch Viz Scotland/Textures/Common/Interior_props/CommonCeramic02_NM.png","Texture2D",1519274,0,0,0,name/path heuristic
"Assets/DevDen Arch Viz Scotland/Textures/Common/Interior_props/CommonCeramic04.png","Texture2D",129617,0,0,0,name/path heuristic
"Assets/DevDen Arch Viz Scotland/Textures/Common/Interior_props/CommonCeramic04_Metallic.png","Texture2D",289984,0,0,0,name/path heuristic
"Assets/DevDen Arch Viz Scotland/Textures/Common/Interior_props/CommonCeramic04_NM.png","Texture2D",1252153,0,0,0,name/path heuristic
"Assets/DevDen Arch Viz Scotland/Textures/Common/Interior_props/CommonPlastic01_NM.png","Texture2D",575150,0,0,0,name/path heuristic
"Assets/DevDen Arch Viz Scotland/Textures/Common/Interior_props/LightPlastic02.png","Texture2D",17135,0,0,0,name/path heuristic
"Assets/DevDen Arch Viz Scotland/Textures/Common/Interior_props/StudyRoom_BG1.png","Texture2D",4368367,0,0,0,name/path heuristic
"Assets/DevDen Arch Viz Scotland/Textures/Common/Magazine","DefaultAsset",0,0,0,0,name/path heuristic
"Assets/DevDen Arch Viz Scotland/Textures/Common/Magazine/magazine.png","Texture2D",2008673,0,0,0,name/path heuristic
"Assets/DevDen Arch Viz Scotland/Textures/Common/note_pad","DefaultAsset",0,0,0,0,name/path heuristic
"Assets/DevDen Arch Viz Scotland/Textures/Common/note_pad/note_pad_note_pad_AlbedoTransparency.png","Texture2D",1980002,0,0,0,name/path heuristic
"Assets/DevDen Arch Viz Scotland/Textures/Common/note_pad/note_pad_note_pad_MetallicSmoothness.png","Texture2D",21250,0,0,0,name/path heuristic
"Assets/DevDen Arch Viz Scotland/Textures/Common/note_pad/note_pad_note_pad_Normal.png","Texture2D",2272259,0,0,0,name/path heuristic
"Assets/DevDen Arch Viz Scotland/Textures/Common/Plate","DefaultAsset",0,0,0,0,name/path heuristic
"Assets/DevDen Arch Viz Scotland/Textures/Common/Plate/plate_1_plate_1_AO.png","Texture2D",657746,0,0,0,name/path heuristic
"Assets/DevDen Arch Viz Scotland/Textures/Common/Plate/plate_1_plate_1_BaseColor.png","Texture2D",1185593,0,0,0,name/path heuristic
"Assets/DevDen Arch Viz Scotland/Textures/Common/Plate/plate_1_plate_1_Metallic.png","Texture2D",59913,0,0,0,name/path heuristic
"Assets/DevDen Arch Viz Scotland/Textures/Common/Plate/plate_1_plate_1_Normal.png","Texture2D",1621058,0,0,0,name/path heuristic
"Assets/DevDen Arch Viz Scotland/Textures/Common/SmallObj","DefaultAsset",0,0,0,0,name/path heuristic
"Assets/DevDen Arch Viz Scotland/Textures/Common/SmallObj/dish-rack_albedo.png","Texture2D",2486123,0,0,0,name/path heuristic
"Assets/DevDen Arch Viz Scotland/Textures/Common/SmallObj/dish-rack_ao.png","Texture2D",4482210,0,0,0,name/path heuristic
"Assets/DevDen Arch Viz Scotland/Textures/Common/SmallObj/dish-rack_metal.png","Texture2D",32402,0,0,0,name/path heuristic
"Assets/DevDen Arch Viz Scotland/Textures/Common/SmallObj/dish-rack_normal.png","Texture2D",2841205,0,0,0,name/path heuristic
"Assets/DevDen Arch Viz Scotland/Textures/Common/SmallObj/knives_albedo.png","Texture2D",1122321,0,0,0,name/path heuristic
"Assets/DevDen Arch Viz Scotland/Textures/Common/SmallObj/knives_metal.png","Texture2D",31148,0,0,0,name/path heuristic
"Assets/DevDen Arch Viz Scotland/Textures/Common/SmallObj/knives_normal.png","Texture2D",6264,0,0,0,name/path heuristic
"Assets/DevDen Arch Viz Scotland/Textures/Common/SmallObj/trash-can_albedo.png","Texture2D",808254,0,0,0,name/path heuristic
"Assets/DevDen Arch Viz Scotland/Textures/Common/SmallObj/trash-can_metal.png","Texture2D",26797,0,0,0,name/path heuristic
"Assets/DevDen Arch Viz Scotland/Textures/Common/SmallObj/trash-can_normal.png","Texture2D",3703805,0,0,0,name/path heuristic
"Assets/DevDen Arch Viz Scotland/Textures/Common/Socket","DefaultAsset",0,0,0,0,name/path heuristic
"Assets/DevDen Arch Viz Scotland/Textures/Common/Socket/socket_M_socket_AlbedoTransparency.png","Texture2D",380148,0,0,0,name/path heuristic
"Assets/DevDen Arch Viz Scotland/Textures/Common/Socket/socket_M_socket_MetallicSmoothness.png","Texture2D",35815,0,0,0,name/path heuristic
"Assets/DevDen Arch Viz Scotland/Textures/Common/Socket/socket_M_socket_Normal.png","Texture2D",246580,0,0,0,name/path heuristic
"Assets/DevDen Arch Viz Scotland/Textures/Common/Switch","DefaultAsset",0,0,0,0,name/path heuristic
"Assets/DevDen Arch Viz Scotland/Textures/Common/Switch/switch_M_switch_AlbedoTransparency.png","Texture2D",309317,0,0,0,name/path heuristic
"Assets/DevDen Arch Viz Scotland/Textures/Common/Switch/switch_M_switch_MetallicSmoothness.png","Texture2D",20542,0,0,0,name/path heuristic
"Assets/DevDen Arch Viz Scotland/Textures/Common/Switch/switch_M_switch_Normal.png","Texture2D",20543,0,0,0,name/path heuristic
"Assets/DevDen Arch Viz Scotland/Textures/Dining Room","DefaultAsset",0,0,0,0,name/path heuristic
"Assets/DevDen Arch Viz Scotland/Textures/Dining Room/dinning_chair","DefaultAsset",0,0,0,0,name/path heuristic
"Assets/DevDen Arch Viz Scotland/Textures/Dining Room/dinning_chair/dinning_chair_diining_chair_wood_AlbedoTransparency.png","Texture2D",3051844,0,0,0,name/path heuristic
"Assets/DevDen Arch Viz Scotland/Textures/Dining Room/dinning_chair/dinning_chair_diining_chair_wood_AO.png","Texture2D",690358,0,0,0,name/path heuristic
"Assets/DevDen Arch Viz Scotland/Textures/Dining Room/dinning_chair/dinning_chair_diining_chair_wood_MetallicSmoothness.png","Texture2D",78120,0,0,0,name/path heuristic
"Assets/DevDen Arch Viz Scotland/Textures/Dining Room/dinning_chair/dinning_chair_diining_chair_wood_Normal.png","Texture2D",2030473,0,0,0,name/path heuristic
"Assets/DevDen Arch Viz Scotland/Textures/Dining Room/dinning_chair/dinning_chair_dinning_chair_cusion_AlbedoTransparency.png","Texture2D",606886,0,0,0,name/path heuristic
"Assets/DevDen Arch Viz Scotland/Textures/Dining Room/dinning_chair/dinning_chair_dinning_chair_cusion_AO.png","Texture2D",382903,0,0,0,name/path heuristic
"Assets/DevDen Arch Viz Scotland/Textures/Dining Room/dinning_chair/dinning_chair_dinning_chair_cusion_MetallicSmoothness.png","Texture2D",1132851,0,0,0,name/path heuristic
"Assets/DevDen Arch Viz Scotland/Textures/Dining Room/dinning_chair/dinning_chair_dinning_chair_cusion_Normal.png","Texture2D",1887075,0,0,0,name/path heuristic
"Assets/DevDen Arch Viz Scotland/Textures/Dining Room/dinning_table","DefaultAsset",0,0,0,0,name/path heuristic
"Assets/DevDen Arch Viz Scotland/Textures/Dining Room/dinning_table/dinning_table_dinning_table_AlbedoTransparency.png","Texture2D",2002824,0,0,0,name/path heuristic
"Assets/DevDen Arch Viz Scotland/Textures/Dining Room/dinning_table/dinning_table_dinning_table_MetallicSmoothness.png","Texture2D",1911126,0,0,0,name/path heuristic
"Assets/DevDen Arch Viz Scotland/Textures/Dining Room/dinning_table/dinning_table_dinning_table_Normal.png","Texture2D",1680618,0,0,0,name/path heuristic
"Assets/DevDen Arch Viz Scotland/Textures/Dining Room/food_cloth","DefaultAsset",0,0,0,0,name/path heuristic
"Assets/DevDen Arch Viz Scotland/Textures/Dining Room/food_cloth/tablemat_1.1_AO.png","Texture2D",206750,0,0,0,name/path heuristic
"Assets/DevDen Arch Viz Scotland/Textures/Dining Room/food_cloth/tablemat_1.1_BaseColor.png","Texture2D",438859,0,0,0,name/path heuristic
"Assets/DevDen Arch Viz Scotland/Textures/Dining Room/food_cloth/tablemat_1.1_Metallic.png","Texture2D",12819,0,0,0,name/path heuristic
"Assets/DevDen Arch Viz Scotland/Textures/Dining Room/food_cloth/tablemat_1.1_Normal.png","Texture2D",1526080,0,0,0,name/path heuristic
"Assets/DevDen Arch Viz Scotland/Textures/Environment","DefaultAsset",0,0,0,0,name/path heuristic
"Assets/DevDen Arch Viz Scotland/Textures/Environment/Floor Texture","DefaultAsset",0,0,0,0,name/path heuristic
"Assets/DevDen Arch Viz Scotland/Textures/Environment/Floor Texture/floor mat 1_AlbedoTransparency.png","Texture2D",2184564,0,0,0,name/path heuristic
"Assets/DevDen Arch Viz Scotland/Textures/Environment/Floor Texture/floor mat 1_AO.png","Texture2D",16902,0,0,0,name/path heuristic
"Assets/DevDen Arch Viz Scotland/Textures/Environment/Floor Texture/floor mat 1_MetallicSmoothness.png","Texture2D",1705949,0,0,0,name/path heuristic
"Assets/DevDen Arch Viz Scotland/Textures/Environment/Floor Texture/floor mat 1_Normal.png","Texture2D",2272612,0,0,0,name/path heuristic
"Assets/DevDen Arch Viz Scotland/Textures/Environment/inner_wall","DefaultAsset",0,0,0,0,name/path heuristic
"Assets/DevDen Arch Viz Scotland/Textures/Environment/inner_wall/inner_wall_bathroom_floor3_AlbedoTransparency.png","Texture2D",349618,0,0,0,name/path heuristic
"Assets/DevDen Arch Viz Scotland/Textures/Environment/inner_wall/inner_wall_bathroom_floor3_MetallicSmoothness.png","Texture2D",288837,0,0,0,name/path heuristic
"Assets/DevDen Arch Viz Scotland/Textures/Environment/inner_wall/inner_wall_bathroom_wall3_AlbedoTransparency.png","Texture2D",78119,0,0,0,name/path heuristic
"Assets/DevDen Arch Viz Scotland/Textures/Environment/inner_wall/inner_wall_bathroom_wall3_MetallicSmoothness.png","Texture2D",78120,0,0,0,name/path heuristic
"Assets/DevDen Arch Viz Scotland/Textures/Environment/inner_wall/inner_wall_bathroom_wall3_Normal.png","Texture2D",2381255,0,0,0,name/path heuristic
"Assets/DevDen Arch Viz Scotland/Textures/Environment/inner_wall/inner_wall_bedroom_floor3_AlbedoTransparency.png","Texture2D",1916969,0,0,0,name/path heuristic
"Assets/DevDen Arch Viz Scotland/Textures/Environment/inner_wall/inner_wall_bedroom_floor3_MetallicSmoothness.png","Texture2D",78120,0,0,0,name/path heuristic
"Assets/DevDen Arch Viz Scotland/Textures/Environment/inner_wall/inner_wall_bedroom_floor3_Normal.png","Texture2D",2381170,0,0,0,name/path heuristic
"Assets/DevDen Arch Viz Scotland/Textures/Environment/inner_wall/inner_wall_bedroom_wall4_AlbedoTransparency.png","Texture2D",78119,0,0,0,name/path heuristic
"Assets/DevDen Arch Viz Scotland/Textures/Environment/inner_wall/inner_wall_bedroom_wall4_MetallicSmoothness.png","Texture2D",78120,0,0,0,name/path heuristic
"Assets/DevDen Arch Viz Scotland/Textures/Environment/inner_wall/inner_wall_bedroom_wall4_Normal.png","Texture2D",2381597,0,0,0,name/path heuristic
"Assets/DevDen Arch Viz Scotland/Textures/Environment/inner_wall/inner_wall_glass_wall_glass4_AlbedoTransparency.png","Texture2D",78121,0,0,0,name/path heuristic
"Assets/DevDen Arch Viz Scotland/Textures/Environment/inner_wall/inner_wall_glass_wall_glass4_MetallicSmoothness.png","Texture2D",78119,0,0,0,name/path heuristic
"Assets/DevDen Arch Viz Scotland/Textures/Environment/inner_wall/inner_wall_glass_wall_glass4_Normal.png","Texture2D",2382454,0,0,0,name/path heuristic
"Assets/DevDen Arch Viz Scotland/Textures/Environment/inner_wall/inner_wall_hall_way_AlbedoTransparency.png","Texture2D",78119,0,0,0,name/path heuristic
"Assets/DevDen Arch Viz Scotland/Textures/Environment/inner_wall/inner_wall_hall_way_MetallicSmoothness.png","Texture2D",195338,0,0,0,name/path heuristic
"Assets/DevDen Arch Viz Scotland/Textures/Environment/inner_wall/inner_wall_hall_way_Normal.png","Texture2D",2841509,0,0,0,name/path heuristic
"Assets/DevDen Arch Viz Scotland/Textures/Environment/inner_wall/inner_wall_inner_roof3_AlbedoTransparency.png","Texture2D",78119,0,0,0,name/path heuristic
"Assets/DevDen Arch Viz Scotland/Textures/Environment/inner_wall/inner_wall_inner_roof3_MetallicSmoothness.png","Texture2D",78120,0,0,0,name/path heuristic
"Assets/DevDen Arch Viz Scotland/Textures/Environment/inner_wall/inner_wall_inner_roof3_Normal.png","Texture2D",2383929,0,0,0,name/path heuristic
"Assets/DevDen Arch Viz Scotland/Textures/Environment/inner_wall/inner_wall_livingroom_floor4_AlbedoTransparency.png","Texture2D",1982897,0,0,0,name/path heuristic
"Assets/DevDen Arch Viz Scotland/Textures/Environment/inner_wall/inner_wall_livingroom_floor4_MetallicSmoothness.png","Texture2D",78120,0,0,0,name/path heuristic
"Assets/DevDen Arch Viz Scotland/Textures/Environment/inner_wall/inner_wall_livingroom_floor4_Normal.png","Texture2D",2382221,0,0,0,name/path heuristic
"Assets/DevDen Arch Viz Scotland/Textures/Environment/inner_wall/inner_wall_livingroom_wall3_AlbedoTransparency.png","Texture2D",78119,0,0,0,name/path heuristic
"Assets/DevDen Arch Viz Scotland/Textures/Environment/inner_wall/inner_wall_livingroom_wall3_MetallicSmoothness.png","Texture2D",78120,0,0,0,name/path heuristic
"Assets/DevDen Arch Viz Scotland/Textures/Environment/inner_wall/inner_wall_pattern_wall_AlbedoTransparency.png","Texture2D",2076892,0,0,0,name/path heuristic
"Assets/DevDen Arch Viz Scotland/Textures/Environment/inner_wall/inner_wall_pattern_wall_MetallicSmoothness.png","Texture2D",2338154,0,0,0,name/path heuristic
"Assets/DevDen Arch Viz Scotland/Textures/Environment/inner_wall/inner_wall_pattern_wall_Normal.png","Texture2D",2382213,0,0,0,name/path heuristic
"Assets/DevDen Arch Viz Scotland/Textures/Environment/inner_wall/inner_wall_studyroom_floor3_AlbedoTransparency.png","Texture2D",3306609,0,0,0,name/path heuristic
"Assets/DevDen Arch Viz Scotland/Textures/Environment/inner_wall/inner_wall_studyroom_floor3_MetallicSmoothness.png","Texture2D",78120,0,0,0,name/path heuristic
"Assets/DevDen Arch Viz Scotland/Textures/Environment/inner_wall/inner_wall_studyroom_floor3_Normal.png","Texture2D",2379248,0,0,0,name/path heuristic
"Assets/DevDen Arch Viz Scotland/Textures/Environment/inner_wall/inner_wall_studyroom_wall3_AlbedoTransparency.png","Texture2D",78119,0,0,0,name/path heuristic
"Assets/DevDen Arch Viz Scotland/Textures/Environment/inner_wall/inner_wall_studyroom_wall3_MetallicSmoothness.png","Texture2D",78120,0,0,0,name/path heuristic
"Assets/DevDen Arch Viz Scotland/Textures/Environment/inner_wall/inner_wall_studyroom_wall3_Normal.png","Texture2D",2381105,0,0,0,name/path heuristic
"Assets/DevDen Arch Viz Scotland/Textures/Kitchen Room","DefaultAsset",0,0,0,0,name/path heuristic
"Assets/DevDen Arch Viz Scotland/Textures/Kitchen Room/Chopboard","DefaultAsset",0,0,0,0,name/path heuristic
"Assets/DevDen Arch Viz Scotland/Textures/Kitchen Room/Chopboard/Chopboard_AlbedoTransparency.png","Texture2D",3921287,0,0,0,name/path heuristic
"Assets/DevDen Arch Viz Scotland/Textures/Kitchen Room/Chopboard/Chopboard_AO.png","Texture2D",1742086,0,0,0,name/path heuristic
"Assets/DevDen Arch Viz Scotland/Textures/Kitchen Room/Chopboard/Chopboard_MetallicSmoothness.png","Texture2D",21250,0,0,0,name/path heuristic
"Assets/DevDen Arch Viz Scotland/Textures/Kitchen Room/Chopboard/Chopboard_Normal.png","Texture2D",17150,0,0,0,name/path heuristic
"Assets/DevDen Arch Viz Scotland/Textures/Kitchen Room/CoffeeMachine","DefaultAsset",0,0,0,0,name/path heuristic
"Assets/DevDen Arch Viz Scotland/Textures/Kitchen Room/CoffeeMachine/coffeemachine_DefaultMaterial_AlbedoTransparency_2.png","Texture2D",1411912,0,0,0,name/path heuristic
"Assets/DevDen Arch Viz Scotland/Textures/Kitchen Room/CoffeeMachine/coffeemachine_DefaultMaterial_AO.png","Texture2D",1096842,0,0,0,name/path heuristic
"Assets/DevDen Arch Viz Scotland/Textures/Kitchen Room/CoffeeMachine/coffeemachine_DefaultMaterial_MetallicSmoothness.png","Texture2D",357840,0,0,0,name/path heuristic
"Assets/DevDen Arch Viz Scotland/Textures/Kitchen Room/CoffeeMachine/coffeemachine_DefaultMaterial_Normal.png","Texture2D",448098,0,0,0,name/path heuristic
"Assets/DevDen Arch Viz Scotland/Textures/Kitchen Room/Fridge","DefaultAsset",0,0,0,0,name/path heuristic
"Assets/DevDen Arch Viz Scotland/Textures/Kitchen Room/Fridge/frifge_green_wood_AlbedoTransparency.png","Texture2D",94602,0,0,0,name/path heuristic
"Assets/DevDen Arch Viz Scotland/Textures/Kitchen Room/Fridge/frifge_green_wood_AO.png","Texture2D",1329878,0,0,0,name/path heuristic
"Assets/DevDen Arch Viz Scotland/Textures/Kitchen Room/Fridge/frifge_green_wood_MetallicSmoothness.png","Texture2D",95003,0,0,0,name/path heuristic
"Assets/DevDen Arch Viz Scotland/Textures/Kitchen Room/Fridge/frifge_green_wood_Normal.png","Texture2D",2374335,0,0,0,name/path heuristic
"Assets/DevDen Arch Viz Scotland/Textures/Kitchen Room/fridge_2","DefaultAsset",0,0,0,0,name/path heuristic
"Assets/DevDen Arch Viz Scotland/Textures/Kitchen Room/fridge_2/frifge_gold_tap_handle_AlbedoTransparency.png","Texture2D",78122,0,0,0,name/path heuristic
"Assets/DevDen Arch Viz Scotland/Textures/Kitchen Room/fridge_2/frifge_gold_tap_handle_AO.png","Texture2D",1452370,0,0,0,name/path heuristic
"Assets/DevDen Arch Viz Scotland/Textures/Kitchen Room/fridge_2/frifge_gold_tap_handle_MetallicSmoothness.png","Texture2D",78120,0,0,0,name/path heuristic
"Assets/DevDen Arch Viz Scotland/Textures/Kitchen Room/fridge_2/frifge_gold_tap_handle_Normal.png","Texture2D",2373344,0,0,0,name/path heuristic
"Assets/DevDen Arch Viz Scotland/Textures/Kitchen Room/fridge_2/frifge_green_wood_AlbedoTransparency.png","Texture2D",94602,0,0,0,name/path heuristic
"Assets/DevDen Arch Viz Scotland/Textures/Kitchen Room/fridge_2/frifge_green_wood_AO.png","Texture2D",1329878,0,0,0,name/path heuristic
"Assets/DevDen Arch Viz Scotland/Textures/Kitchen Room/Kettle","DefaultAsset",0,0,0,0,name/path heuristic
"Assets/DevDen Arch Viz Scotland/Textures/Kitchen Room/Kettle/kitchan mat 2_kitchan_mat_2_BaseColor 1.png","Texture2D",332814,0,0,0,name/path heuristic
"Assets/DevDen Arch Viz Scotland/Textures/Kitchen Room/Kettle/kitchan mat 2_kitchan_mat_2_MetallicSmoothness.png","Texture2D",2225061,0,0,0,name/path heuristic
"Assets/DevDen Arch Viz Scotland/Textures/Kitchen Room/Kettle/kitchan mat 2_kitchan_mat_2_Normal.png","Texture2D",2849297,0,0,0,name/path heuristic
"Assets/DevDen Arch Viz Scotland/Textures/Kitchen Room/kitchen","DefaultAsset",0,0,0,0,name/path heuristic
"Assets/DevDen Arch Viz Scotland/Textures/Kitchen Room/kitchen/induction-hob_albedo.png","Texture2D",204683,0,0,0,name/path heuristic
"Assets/DevDen Arch Viz Scotland/Textures/Kitchen Room/kitchen/induction-hob_metal.png","Texture2D",9860,0,0,0,name/path heuristic
"Assets/DevDen Arch Viz Scotland/Textures/Kitchen Room/kitchen/induction-hob_normal.png","Texture2D",9860,0,0,0,name/path heuristic
"Assets/DevDen Arch Viz Scotland/Textures/Kitchen Room/kitchen_1","DefaultAsset",0,0,0,0,name/path heuristic
"Assets/DevDen Arch Viz Scotland/Textures/Kitchen Room/kitchen_1/kitchen_chimini_AlbedoTransparency.png","Texture2D",610701,0,0,0,name/path heuristic
"Assets/DevDen Arch Viz Scotland/Textures/Kitchen Room/kitchen_1/kitchen_chimini_AO.png","Texture2D",1513597,0,0,0,name/path heuristic
"Assets/DevDen Arch Viz Scotland/Textures/Kitchen Room/kitchen_1/kitchen_chimini_Emission.png","Texture2D",93159,0,0,0,name/path heuristic
"Assets/DevDen Arch Viz Scotland/Textures/Kitchen Room/kitchen_1/kitchen_chimini_Normal.png","Texture2D",2483175,0,0,0,name/path heuristic
"Assets/DevDen Arch Viz Scotland/Textures/Kitchen Room/kitchen_1/kitchen_glass_AlbedoTransparency.png","Texture2D",78119,0,0,0,name/path heuristic
"Assets/DevDen Arch Viz Scotland/Textures/Kitchen Room/kitchen_1/kitchen_glass_AO.png","Texture2D",2079185,0,0,0,name/path heuristic
"Assets/DevDen Arch Viz Scotland/Textures/Kitchen Room/kitchen_1/kitchen_glass_MetallicSmoothness.png","Texture2D",78121,0,0,0,name/path heuristic
"Assets/DevDen Arch Viz Scotland/Textures/Kitchen Room/kitchen_1/kitchen_glass_Normal.png","Texture2D",2378630,0,0,0,name/path heuristic
"Assets/DevDen Arch Viz Scotland/Textures/Kitchen Room/kitchen_1/kitchen_gold_tap_handle_AlbedoTransparency.png","Texture2D",78122,0,0,0,name/path heuristic
"Assets/DevDen Arch Viz Scotland/Textures/Kitchen Room/kitchen_1/kitchen_gold_tap_handle_AO.png","Texture2D",2128265,0,0,0,name/path heuristic
"Assets/DevDen Arch Viz Scotland/Textures/Kitchen Room/kitchen_1/kitchen_gold_tap_handle_MetallicSmoothness.png","Texture2D",78120,0,0,0,name/path heuristic
"Assets/DevDen Arch Viz Scotland/Textures/Kitchen Room/kitchen_1/kitchen_gold_tap_handle_Normal.png","Texture2D",2379809,0,0,0,name/path heuristic
"Assets/DevDen Arch Viz Scotland/Textures/Kitchen Room/kitchen_1/kitchen_granite_AlbedoTransparency.png","Texture2D",1474669,0,0,0,name/path heuristic
"Assets/DevDen Arch Viz Scotland/Textures/Kitchen Room/kitchen_1/kitchen_granite_AO.png","Texture2D",578123,0,0,0,name/path heuristic
"Assets/DevDen Arch Viz Scotland/Textures/Kitchen Room/kitchen_1/kitchen_granite_MetallicSmoothness.png","Texture2D",78120,0,0,0,name/path heuristic
"Assets/DevDen Arch Viz Scotland/Textures/Kitchen Room/kitchen_1/kitchen_granite_Normal.png","Texture2D",116801,0,0,0,name/path heuristic
"Assets/DevDen Arch Viz Scotland/Textures/Kitchen Room/kitchen_1/kitchen_plastic_AlbedoTransparency.png","Texture2D",78119,0,0,0,name/path heuristic
"Assets/DevDen Arch Viz Scotland/Textures/Kitchen Room/kitchen_1/kitchen_plastic_AO.png","Texture2D",1858428,0,0,0,name/path heuristic
"Assets/DevDen Arch Viz Scotland/Textures/Kitchen Room/kitchen_1/kitchen_plastic_Normal.png","Texture2D",2377184,0,0,0,name/path heuristic
"Assets/DevDen Arch Viz Scotland/Textures/Kitchen Room/kitchen_1/kitchen_steel_AlbedoTransparency.png","Texture2D",78119,0,0,0,name/path heuristic
"Assets/DevDen Arch Viz Scotland/Textures/Kitchen Room/kitchen_1/kitchen_steel_AO.png","Texture2D",1651480,0,0,0,name/path heuristic
"Assets/DevDen Arch Viz Scotland/Textures/Kitchen Room/kitchen_1/kitchen_steel_MetallicSmoothness.png","Texture2D",78120,0,0,0,name/path heuristic
"Assets/DevDen Arch Viz Scotland/Textures/Kitchen Room/kitchen_1/kitchen_steel_Normal.png","Texture2D",2493218,0,0,0,name/path heuristic
"Assets/DevDen Arch Viz Scotland/Textures/Kitchen Room/kitchen_1/kitchen_switch1_AlbedoTransparency.png","Texture2D",78119,0,0,0,name/path heuristic
"Assets/DevDen Arch Viz Scotland/Textures/Kitchen Room/kitchen_1/kitchen_switch1_AO.png","Texture2D",316976,0,0,0,name/path heuristic
"Assets/DevDen Arch Viz Scotland/Textures/Kitchen Room/kitchen_1/kitchen_switch1_MetallicSmoothness.png","Texture2D",78120,0,0,0,name/path heuristic
"Assets/DevDen Arch Viz Scotland/Textures/Kitchen Room/kitchen_1/kitchen_switch1_Normal.png","Texture2D",2332249,0,0,0,name/path heuristic
"Assets/DevDen Arch Viz Scotland/Textures/Kitchen Room/Kitchen_cupboard_1","DefaultAsset",0,0,0,0,name/path heuristic
"Assets/DevDen Arch Viz Scotland/Textures/Kitchen Room/Kitchen_cupboard_1/kitchen_2_green_wood_AlbedoTransparency.png","Texture2D",20548,0,0,0,name/path heuristic
"Assets/DevDen Arch Viz Scotland/Textures/Kitchen Room/Kitchen_cupboard_1/kitchen_2_green_wood_AO.png","Texture2D",268596,0,0,0,name/path heuristic
"Assets/DevDen Arch Viz Scotland/Textures/Kitchen Room/Kitchen_cupboard_1/kitchen_2_green_wood_MetallicSmoothness.png","Texture2D",20543,0,0,0,name/path heuristic
"Assets/DevDen Arch Viz Scotland/Textures/Kitchen Room/Kitchen_cupboard_1/kitchen_2_green_wood_Normal.png","Texture2D",579107,0,0,0,name/path heuristic
"Assets/DevDen Arch Viz Scotland/Textures/Kitchen Room/Kitchen_cupboard_2","DefaultAsset",0,0,0,0,name/path heuristic
"Assets/DevDen Arch Viz Scotland/Textures/Kitchen Room/Kitchen_cupboard_2/kitchen_granite_Normal.png","Texture2D",2370653,0,0,0,name/path heuristic
"Assets/DevDen Arch Viz Scotland/Textures/Kitchen Room/Kitchen_cupboard_2/kitchen_green_wood_AlbedoTransparencyTest.png","Texture2D",78119,0,0,0,name/path heuristic
"Assets/DevDen Arch Viz Scotland/Textures/Kitchen Room/Kitchen_cupboard_2/kitchen_green_wood_AO 1.png","Texture2D",2643578,0,0,0,name/path heuristic
"Assets/DevDen Arch Viz Scotland/Textures/Kitchen Room/Kitchen_cupboard_2/kitchen_green_wood_MetallicSmoothness.png","Texture2D",78120,0,0,0,name/path heuristic
"Assets/DevDen Arch Viz Scotland/Textures/Kitchen Room/Knife Holder","DefaultAsset",0,0,0,0,name/path heuristic
"Assets/DevDen Arch Viz Scotland/Textures/Kitchen Room/Knife Holder/Knife Holder_AlbedoTransparency.png","Texture2D",3957216,0,0,0,name/path heuristic
"Assets/DevDen Arch Viz Scotland/Textures/Kitchen Room/Knife Holder/Knife Holder_AO.png","Texture2D",1712542,0,0,0,name/path heuristic
"Assets/DevDen Arch Viz Scotland/Textures/Kitchen Room/Knife Holder/Knife Holder_MetallicSmoothness.png","Texture2D",21608,0,0,0,name/path heuristic
"Assets/DevDen Arch Viz Scotland/Textures/Kitchen Room/Knife Holder/Knife Holder_Normal.png","Texture2D",18395,0,0,0,name/path heuristic
"Assets/DevDen Arch Viz Scotland/Textures/Kitchen Room/Mug Holder","DefaultAsset",0,0,0,0,name/path heuristic
"Assets/DevDen Arch Viz Scotland/Textures/Kitchen Room/Mug Holder/Mug Holder_AlbedoTransparency.png","Texture2D",2221284,0,0,0,name/path heuristic
"Assets/DevDen Arch Viz Scotland/Textures/Kitchen Room/Mug Holder/Mug Holder_AO.png","Texture2D",1412238,0,0,0,name/path heuristic
"Assets/DevDen Arch Viz Scotland/Textures/Kitchen Room/Mug Holder/Mug Holder_MetallicSmoothness.png","Texture2D",21250,0,0,0,name/path heuristic
"Assets/DevDen Arch Viz Scotland/Textures/Kitchen Room/Mug Holder/Mug Holder_Normal.png","Texture2D",18121,0,0,0,name/path heuristic
"Assets/DevDen Arch Viz Scotland/Textures/Kitchen Room/side_piece","DefaultAsset",0,0,0,0,name/path heuristic
"Assets/DevDen Arch Viz Scotland/Textures/Kitchen Room/side_piece/side_piece_marble_AlbedoTransparency.png","Texture2D",4606213,0,0,0,name/path heuristic
"Assets/DevDen Arch Viz Scotland/Textures/Kitchen Room/side_piece/side_piece_marble_AO.png","Texture2D",288814,0,0,0,name/path heuristic
"Assets/DevDen Arch Viz Scotland/Textures/Kitchen Room/side_piece/side_piece_marble_MetallicSmoothness.png","Texture2D",78120,0,0,0,name/path heuristic
"Assets/DevDen Arch Viz Scotland/Textures/Kitchen Room/side_piece/side_piece_marble_Normal.png","Texture2D",111190,0,0,0,name/path heuristic
"Assets/DevDen Arch Viz Scotland/Textures/Kitchen Room/side_piece/side_piece_metal_AlbedoTransparency.png","Texture2D",78122,0,0,0,name/path heuristic
"Assets/DevDen Arch Viz Scotland/Textures/Kitchen Room/side_piece/side_piece_metal_AO.png","Texture2D",224514,0,0,0,name/path heuristic
"Assets/DevDen Arch Viz Scotland/Textures/Kitchen Room/side_piece/side_piece_metal_MetallicSmoothness.png","Texture2D",78120,0,0,0,name/path heuristic
"Assets/DevDen Arch Viz Scotland/Textures/Kitchen Room/side_piece/side_piece_metal_Normal.png","Texture2D",2396454,0,0,0,name/path heuristic
"Assets/DevDen Arch Viz Scotland/Textures/Kitchen Room/side_piece/side_piece_white_wood_AlbedoTransparency.png","Texture2D",78124,0,0,0,name/path heuristic
"Assets/DevDen Arch Viz Scotland/Textures/Kitchen Room/side_piece/side_piece_white_wood_AO.png","Texture2D",1900348,0,0,0,name/path heuristic
"Assets/DevDen Arch Viz Scotland/Textures/Kitchen Room/side_piece/side_piece_white_wood_MetallicSmoothness.png","Texture2D",78120,0,0,0,name/path heuristic
"Assets/DevDen Arch Viz Scotland/Textures/Kitchen Room/side_piece/side_piece_white_wood_Normal.png","Texture2D",2380812,0,0,0,name/path heuristic
"Assets/DevDen Arch Viz Scotland/Textures/Kitchen Room/TOASTER","DefaultAsset",0,0,0,0,name/path heuristic
"Assets/DevDen Arch Viz Scotland/Textures/Kitchen Room/TOASTER/toaster_toaster_AlbedoTransparency.png","Texture2D",1894074,0,0,0,name/path heuristic
"Assets/DevDen Arch Viz Scotland/Textures/Kitchen Room/TOASTER/toaster_toaster_AO.png","Texture2D",309091,0,0,0,name/path heuristic
"Assets/DevDen Arch Viz Scotland/Textures/Kitchen Room/TOASTER/toaster_toaster_Emission.png","Texture2D",88432,0,0,0,name/path heuristic
"Assets/DevDen Arch Viz Scotland/Textures/Kitchen Room/TOASTER/toaster_toaster_Normal.png","Texture2D",2674821,0,0,0,name/path heuristic
"Assets/DevDen Arch Viz Scotland/Textures/Living Room","DefaultAsset",0,0,0,0,name/path heuristic
"Assets/DevDen Arch Viz Scotland/Textures/Living Room/chair_2","DefaultAsset",0,0,0,0,name/path heuristic
"Assets/DevDen Arch Viz Scotland/Textures/Living Room/chair_2/chair_5_d.png","Texture2D",1397299,0,0,0,name/path heuristic
"Assets/DevDen Arch Viz Scotland/Textures/Living Room/chair_2/chair_5_n.png","Texture2D",1822452,0,0,0,name/path heuristic
"Assets/DevDen Arch Viz Scotland/Textures/Living Room/Laptop","DefaultAsset",0,0,0,0,name/path heuristic
"Assets/DevDen Arch Viz Scotland/Textures/Living Room/Laptop/laptop_DefaultMaterial_AlbedoTransparency.png","Texture2D",3909074,0,0,0,name/path heuristic
"Assets/DevDen Arch Viz Scotland/Textures/Living Room/Laptop/laptop_DefaultMaterial_AO.png","Texture2D",568853,0,0,0,name/path heuristic
"Assets/DevDen Arch Viz Scotland/Textures/Living Room/Laptop/laptop_DefaultMaterial_emission.png","Texture2D",2971734,0,0,0,name/path heuristic
"Assets/DevDen Arch Viz Scotland/Textures/Living Room/Laptop/laptop_DefaultMaterial_MetallicSmoothness.png","Texture2D",86784,0,0,0,name/path heuristic
"Assets/DevDen Arch Viz Scotland/Textures/Living Room/Laptop/laptop_DefaultMaterial_Normal.png","Texture2D",335470,0,0,0,name/path heuristic
"Assets/DevDen Arch Viz Scotland/Textures/Living Room/little_props","DefaultAsset",0,0,0,0,name/path heuristic
"Assets/DevDen Arch Viz Scotland/Textures/Living Room/little_props/little_props_d-Recovered_1.png","Texture2D",648863,0,0,0,name/path heuristic
"Assets/DevDen Arch Viz Scotland/Textures/Living Room/little_props/little_props_n.png","Texture2D",33061,0,0,0,name/path heuristic
"Assets/DevDen Arch Viz Scotland/Textures/Living Room/Living_room_carpet","DefaultAsset",0,0,0,0,name/path heuristic
"Assets/DevDen Arch Viz Scotland/Textures/Living Room/Living_room_carpet/Carpet.png","Texture2D",149394,0,0,0,name/path heuristic
"Assets/DevDen Arch Viz Scotland/Textures/Living Room/Living_room_carpet/normal.png","Texture2D",274661,0,0,0,name/path heuristic
"Assets/DevDen Arch Viz Scotland/Textures/Living Room/Remotecontrol","DefaultAsset",0,0,0,0,name/path heuristic
"Assets/DevDen Arch Viz Scotland/Textures/Living Room/Remotecontrol/RemoteControl_DefaultMaterial_AlbedoTransparency.png","Texture2D",168985,0,0,0,name/path heuristic
"Assets/DevDen Arch Viz Scotland/Textures/Living Room/Remotecontrol/RemoteControl_DefaultMaterial_MetallicSmoothness.png","Texture2D",476271,0,0,0,name/path heuristic
"Assets/DevDen Arch Viz Scotland/Textures/Living Room/Remotecontrol/RemoteControl_DefaultMaterial_Normal.png","Texture2D",211809,0,0,0,name/path heuristic
"Assets/DevDen Arch Viz Scotland/Textures/Living Room/sofa_2","DefaultAsset",0,0,0,0,name/path heuristic
"Assets/DevDen Arch Viz Scotland/Textures/Living Room/sofa_2/sofa_2_01 - Default_AlbedoTransparency.png","Texture2D",1854457,0,0,0,name/path heuristic
"Assets/DevDen Arch Viz Scotland/Textures/Living Room/sofa_2/sofa_2_01 - Default_AO.png","Texture2D",1857745,0,0,0,name/path heuristic
"Assets/DevDen Arch Viz Scotland/Textures/Living Room/sofa_2/sofa_2_01 - Default_MetallicSmoothness.png","Texture2D",2203480,0,0,0,name/path heuristic
"Assets/DevDen Arch Viz Scotland/Textures/Living Room/sofa_2/sofa_2_01 - Default_Normal.png","Texture2D",1617708,0,0,0,name/path heuristic
"Assets/DevDen Arch Viz Scotland/Textures/Living Room/tea_table","DefaultAsset",0,0,0,0,name/path heuristic
"Assets/DevDen Arch Viz Scotland/Textures/Living Room/tea_table/Tea Table_teatable_AlbedoTransparency.png","Texture2D",473603,0,0,0,name/path heuristic
"Assets/DevDen Arch Viz Scotland/Textures/Living Room/tea_table/Tea Table_teatable_AO.png","Texture2D",222961,0,0,0,name/path heuristic
"Assets/DevDen Arch Viz Scotland/Textures/Living Room/tea_table/Tea Table_teatable_MetallicSmoothness.png","Texture2D",237597,0,0,0,name/path heuristic
"Assets/DevDen Arch Viz Scotland/Textures/Living Room/tea_table/Tea Table_teatable_Normal.png","Texture2D",414244,0,0,0,name/path heuristic
"Assets/DevDen Arch Viz Scotland/Textures/Living Room/TV","DefaultAsset",0,0,0,0,name/path heuristic
"Assets/DevDen Arch Viz Scotland/Textures/Living Room/TV/TV_AlbedoTransparency.png","Texture2D",457820,0,0,0,name/path heuristic
"Assets/DevDen Arch Viz Scotland/Textures/Living Room/TV/TV_AO.png","Texture2D",20720,0,0,0,name/path heuristic
"Assets/DevDen Arch Viz Scotland/Textures/Living Room/TV/TV_Emission.png","Texture2D",137461,0,0,0,name/path heuristic
"Assets/DevDen Arch Viz Scotland/Textures/Living Room/TV/TV_Normal.png","Texture2D",47529,0,0,0,name/path heuristic
"Assets/DevDen Arch Viz Scotland/Textures/Living Room/TV_Panels","DefaultAsset",0,0,0,0,name/path heuristic
"Assets/DevDen Arch Viz Scotland/Textures/Living Room/TV_Panels/TV_Panels_DefaultMaterial_AlbedoTransparency.png","Texture2D",273452,0,0,0,name/path heuristic
"Assets/DevDen Arch Viz Scotland/Textures/Living Room/TV_Panels/TV_Panels_DefaultMaterial_AO.png","Texture2D",117523,0,0,0,name/path heuristic
"Assets/DevDen Arch Viz Scotland/Textures/Living Room/TV_Panels/TV_Panels_DefaultMaterial_Emissive.png","Texture2D",13023,0,0,0,name/path heuristic
"Assets/DevDen Arch Viz Scotland/Textures/Living Room/TV_Panels/TV_Panels_DefaultMaterial_MetallicSmoothness.png","Texture2D",3972,0,0,0,name/path heuristic
"Assets/DevDen Arch Viz Scotland/Textures/Living Room/TV_Panels/TV_Panels_DefaultMaterial_Normal.png","Texture2D",145132,0,0,0,name/path heuristic
"Assets/DevDen Arch Viz Scotland/Textures/Living Room/TV_Shelf","DefaultAsset",0,0,0,0,name/path heuristic
"Assets/DevDen Arch Viz Scotland/Textures/Living Room/TV_Shelf/TV_Shelf_DefaultMaterial_AlbedoTransparency.png","Texture2D",220293,0,0,0,name/path heuristic
"Assets/DevDen Arch Viz Scotland/Textures/Living Room/TV_Shelf/TV_Shelf_DefaultMaterial_AO.png","Texture2D",147023,0,0,0,name/path heuristic
"Assets/DevDen Arch Viz Scotland/Textures/Living Room/TV_Shelf/TV_Shelf_DefaultMaterial_MetallicSmoothness.png","Texture2D",6540,0,0,0,name/path heuristic
"Assets/DevDen Arch Viz Scotland/Textures/Living Room/TV_Shelf/TV_Shelf_DefaultMaterial_Normal.png","Texture2D",311930,0,0,0,name/path heuristic
"Assets/DevDen Arch Viz Scotland/Textures/Study Room","DefaultAsset",0,0,0,0,name/path heuristic
"Assets/DevDen Arch Viz Scotland/Textures/Study Room/Books Pack","DefaultAsset",0,0,0,0,name/path heuristic
"Assets/DevDen Arch Viz Scotland/Textures/Study Room/Books Pack/book_1.png","Texture2D",902583,0,0,0,name/path heuristic
"Assets/DevDen Arch Viz Scotland/Textures/Study Room/Books Pack/book_2.png","Texture2D",833205,0,0,0,name/path heuristic
"Assets/DevDen Arch Viz Scotland/Textures/Study Room/Books Pack/book_3.png","Texture2D",915151,0,0,0,name/path heuristic
"Assets/DevDen Arch Viz Scotland/Textures/Study Room/Books Pack/book_4.png","Texture2D",343503,0,0,0,name/path heuristic
"Assets/DevDen Arch Viz Scotland/Textures/Study Room/Books Pack/book_5.png","Texture2D",425578,0,0,0,name/path heuristic
"Assets/DevDen Arch Viz Scotland/Textures/Study Room/Books Pack/book_6.png","Texture2D",1093589,0,0,0,name/path heuristic
"Assets/DevDen Arch Viz Scotland/Textures/Study Room/Books Pack/book_7.png","Texture2D",1009755,0,0,0,name/path heuristic
"Assets/DevDen Arch Viz Scotland/Textures/Study Room/Books Pack/book_8.png","Texture2D",997010,0,0,0,name/path heuristic
"Assets/DevDen Arch Viz Scotland/Textures/Study Room/Books Pack/book_9.png","Texture2D",848866,0,0,0,name/path heuristic
"Assets/DevDen Arch Viz Scotland/Textures/Study Room/Books Pack/book_10.png","Texture2D",889542,0,0,0,name/path heuristic
"Assets/DevDen Arch Viz Scotland/Textures/Study Room/imac","DefaultAsset",0,0,0,0,name/path heuristic
"Assets/DevDen Arch Viz Scotland/Textures/Study Room/imac/Imac_imac_AlbedoTransparency.png","Texture2D",2361977,0,0,0,name/path heuristic
"Assets/DevDen Arch Viz Scotland/Textures/Study Room/imac/Imac_imac_AlbedoTransparency_emission.png","Texture2D",1952400,0,0,0,name/path heuristic
"Assets/DevDen Arch Viz Scotland/Textures/Study Room/imac/Imac_imac_MetallicSmoothness.png","Texture2D",71195,0,0,0,name/path heuristic
"Assets/DevDen Arch Viz Scotland/Textures/Study Room/imac/Imac_imac_Normal.png","Texture2D",2816229,0,0,0,name/path heuristic
"Assets/DevDen Arch Viz Scotland/Textures/Study Room/lamp","DefaultAsset",0,0,0,0,name/path heuristic
"Assets/DevDen Arch Viz Scotland/Textures/Study Room/lamp/lamp_AlbedoTransparency.png","Texture2D",78119,0,0,0,name/path heuristic
"Assets/DevDen Arch Viz Scotland/Textures/Study Room/lamp/Lamp_emission_Emission.png","Texture2D",78119,0,0,0,name/path heuristic
"Assets/DevDen Arch Viz Scotland/Textures/Study Room/lamp/Lamp_emission_MetallicSmoothness.png","Texture2D",78120,0,0,0,name/path heuristic
"Assets/DevDen Arch Viz Scotland/Textures/Study Room/lamp/Lamp_emission_Normal.png","Texture2D",2368311,0,0,0,name/path heuristic
"Assets/DevDen Arch Viz Scotland/Textures/Study Room/lamp/lamp_MetallicSmoothness.png","Texture2D",78120,0,0,0,name/path heuristic
"Assets/DevDen Arch Viz Scotland/Textures/Study Room/lamp/lamp_Normal.png","Texture2D",2371311,0,0,0,name/path heuristic
"Assets/DevDen Arch Viz Scotland/Textures/Study Room/shelf","DefaultAsset",0,0,0,0,name/path heuristic
"Assets/DevDen Arch Viz Scotland/Textures/Study Room/shelf/shelf_shelf1_AlbedoTransparency.png","Texture2D",681094,0,0,0,name/path heuristic
"Assets/DevDen Arch Viz Scotland/Textures/Study Room/shelf/shelf_shelf1_AO.png","Texture2D",123442,0,0,0,name/path heuristic
"Assets/DevDen Arch Viz Scotland/Textures/Study Room/shelf/shelf_shelf1_MetallicSmoothness.png","Texture2D",397753,0,0,0,name/path heuristic
"Assets/DevDen Arch Viz Scotland/Textures/Study Room/shelf/shelf_shelf1_Normal.png","Texture2D",1123795,0,0,0,name/path heuristic
"Assets/DevDen Arch Viz Scotland/Textures/Study Room/study_chair","DefaultAsset",0,0,0,0,name/path heuristic
"Assets/DevDen Arch Viz Scotland/Textures/Study Room/study_chair/CHair2_study_chair_seat_AlbedoTransparency.png","Texture2D",20548,0,0,0,name/path heuristic
"Assets/DevDen Arch Viz Scotland/Textures/Study Room/study_chair/CHair2_study_chair_seat_AO.png","Texture2D",183859,0,0,0,name/path heuristic
"Assets/DevDen Arch Viz Scotland/Textures/Study Room/study_chair/CHair2_study_chair_seat_Normal.png","Texture2D",595108,0,0,0,name/path heuristic
"Assets/DevDen Arch Viz Scotland/Textures/Study Room/study_chair/CHair2_study_chairI_Leg_AlbedoTransparency.png","Texture2D",814722,0,0,0,name/path heuristic
"Assets/DevDen Arch Viz Scotland/Textures/Study Room/study_chair/CHair2_study_chairI_Leg_AO.png","Texture2D",173819,0,0,0,name/path heuristic
"Assets/DevDen Arch Viz Scotland/Textures/Study Room/study_chair/CHair2_study_chairI_Leg_MetallicSmoothness.png","Texture2D",20543,0,0,0,name/path heuristic
"Assets/DevDen Arch Viz Scotland/Textures/Study Room/study_chair/CHair2_study_chairI_Leg_Normal.png","Texture2D",591825,0,0,0,name/path heuristic
"Assets/DevDen Arch Viz Scotland/Textures/Study Room/StudyRoom Carpet","DefaultAsset",0,0,0,0,name/path heuristic
"Assets/DevDen Arch Viz Scotland/Textures/Study Room/StudyRoom Carpet/Atlas1_Metallic_Smoothness.png","Texture2D",4292,0,0,0,name/path heuristic
"Assets/DevDen Arch Viz Scotland/Textures/Study Room/StudyRoom Carpet/Atlas_1.png","Texture2D",2814449,0,0,0,name/path heuristic
"Assets/DevDen Arch Viz Scotland/Textures/Study Room/StudyRoom Carpet/Emission.png","Texture2D",194769,0,0,0,name/path heuristic
"Assets/DevDen Arch Viz Scotland/Textures/Study Room/table","DefaultAsset",0,0,0,0,name/path heuristic
"Assets/DevDen Arch Viz Scotland/Textures/Study Room/table/Study Table_AlbedoTransparency.png","Texture2D",3005971,0,0,0,name/path heuristic
"Assets/DevDen Arch Viz Scotland/Textures/Study Room/table/Study Table_AO.png","Texture2D",1660237,0,0,0,name/path heuristic
"Assets/DevDen Arch Viz Scotland/Textures/Study Room/table/Study Table_MetallicSmoothness.png","Texture2D",139707,0,0,0,name/path heuristic
"Assets/DevDen Arch Viz Scotland/Textures/Study Room/table/Study Table_Normal.png","Texture2D",17290,0,0,0,name/path heuristic
"Assets/DevDen Arch Viz Scotland/Textures/Study Room/Table_Lamp","DefaultAsset",0,0,0,0,name/path heuristic
"Assets/DevDen Arch Viz Scotland/Textures/Study Room/Table_Lamp/LightBulb02.png","Texture2D",56015,0,0,0,name/path heuristic
"Assets/DevDen Arch Viz Scotland/Textures/Study Room/Table_Lamp/LightBulb02_Emission.png","Texture2D",32924,0,0,0,name/path heuristic
"Assets/DevDen Arch Viz Scotland/Textures/Study Room/Table_Lamp/LightBulb02_Metallic.png","Texture2D",2290,0,0,0,name/path heuristic
"Assets/DevDen Arch Viz Scotland/Textures/Study Room/Table_Lamp/LightBulb02_NM.png","Texture2D",87677,0,0,0,name/path heuristic
"Assets/Furniture Mega Pack/FBX/Bathroom","DefaultAsset",0,0,0,0,name/path heuristic
"Assets/Furniture Mega Pack/FBX/Bathroom/BathroomVanity01.fbx","GameObject",37292,758,616,2,name/path heuristic
"Assets/Furniture Mega Pack/FBX/Bathroom/BathroomVanity02.fbx","GameObject",45804,1428,944,3,name/path heuristic
"Assets/Furniture Mega Pack/FBX/Bathroom/BathroomVanity03.fbx","GameObject",30572,320,228,3,name/path heuristic
"Assets/Furniture Mega Pack/FBX/Bathroom/BathroomVanity04.fbx","GameObject",37004,840,604,3,name/path heuristic
"Assets/Furniture Mega Pack/FBX/Bathroom/BathroomVanity05.fbx","GameObject",44588,1298,872,4,name/path heuristic
"Assets/Furniture Mega Pack/FBX/Bathroom/BathroomVanity06.fbx","GameObject",24700,196,148,1,name/path heuristic
"Assets/Furniture Mega Pack/FBX/Bathroom/BathroomVanity07.fbx","GameObject",51196,1594,1116,3,name/path heuristic
"Assets/Furniture Mega Pack/FBX/Bathroom/BathTub01.fbx","GameObject",87612,1837,2746,1,name/path heuristic
"Assets/Furniture Mega Pack/FBX/Bathroom/BathTub02.fbx","GameObject",43116,708,964,1,name/path heuristic
"Assets/Furniture Mega Pack/FBX/Bathroom/BathTub03.fbx","GameObject",53692,964,1336,1,name/path heuristic
"Assets/Furniture Mega Pack/FBX/Bathroom/BathTub04.fbx","GameObject",63804,1280,1792,1,name/path heuristic
"Assets/Furniture Mega Pack/FBX/Bathroom/BathTub05.fbx","GameObject",43372,708,964,1,name/path heuristic
"Assets/Furniture Mega Pack/FBX/Bathroom/BathTub06.fbx","GameObject",132732,3064,4764,1,name/path heuristic
"Assets/Furniture Mega Pack/FBX/Bathroom/BathTub07.fbx","GameObject",109356,2468,3936,1,name/path heuristic
"Assets/Furniture Mega Pack/FBX/Bathroom/ShowerSystem01.fbx","GameObject",246316,10300,9338,3,name/path heuristic
"Assets/Furniture Mega Pack/FBX/Bathroom/ShowerSystem02.fbx","GameObject",201468,8751,7534,3,name/path heuristic
"Assets/Furniture Mega Pack/FBX/Bathroom/ShowerSystem03.fbx","GameObject",200044,7945,7268,3,name/path heuristic
"Assets/Furniture Mega Pack/FBX/Bathroom/ShowerSystem04.fbx","GameObject",95516,3175,2952,2,name/path heuristic
"Assets/Furniture Mega Pack/FBX/Bathroom/ShowerSystem05.fbx","GameObject",555612,20149,16376,3,name/path heuristic
"Assets/Furniture Mega Pack/FBX/Bathroom/ShowerSystem06.fbx","GameObject",454636,16774,14264,3,name/path heuristic
"Assets/Furniture Mega Pack/FBX/Bathroom/ShowerSystem07.fbx","GameObject",508076,17064,14918,3,name/path heuristic
"Assets/Furniture Mega Pack/FBX/Bathroom/TissueHanger01.fbx","GameObject",23164,100,68,1,name/path heuristic
"Assets/Furniture Mega Pack/FBX/Bathroom/TissueHanger02.fbx","GameObject",26396,214,170,1,name/path heuristic
"Assets/Furniture Mega Pack/FBX/Bathroom/TissueHanger03.fbx","GameObject",51580,822,1052,2,name/path heuristic
"Assets/Furniture Mega Pack/FBX/Bathroom/TissueHanger04.fbx","GameObject",27084,270,248,1,name/path heuristic
"Assets/Furniture Mega Pack/FBX/Bathroom/TissueHanger05.fbx","GameObject",52844,892,1124,2,name/path heuristic
"Assets/Furniture Mega Pack/FBX/Bathroom/TissueHanger06.fbx","GameObject",26764,277,252,1,name/path heuristic
"Assets/Furniture Mega Pack/FBX/Bathroom/TissueHanger07.fbx","GameObject",25436,216,170,1,name/path heuristic
"Assets/Furniture Mega Pack/FBX/Bathroom/Toilet01.fbx","GameObject",256924,6041,9018,4,name/path heuristic
"Assets/Furniture Mega Pack/FBX/Bathroom/Toilet02.fbx","GameObject",256076,6134,8922,4,name/path heuristic
"Assets/Furniture Mega Pack/FBX/Bathroom/Toilet03.fbx","GameObject",209532,4952,7344,4,name/path heuristic
"Assets/Furniture Mega Pack/FBX/Bathroom/Toilet04.fbx","GameObject",150604,3114,4792,5,name/path heuristic
"Assets/Furniture Mega Pack/FBX/Bathroom/Toilet05.fbx","GameObject",207980,4916,7196,4,name/path heuristic
"Assets/Furniture Mega Pack/FBX/Bathroom/Toilet06.fbx","GameObject",172460,4225,5858,5,name/path heuristic
"Assets/Furniture Mega Pack/FBX/Bathroom/Toilet07.fbx","GameObject",170860,3770,5309,4,name/path heuristic
"Assets/Furniture Mega Pack/FBX/Bathroom/TowelHanger01.fbx","GameObject",22972,96,48,1,name/path heuristic
"Assets/Furniture Mega Pack/FBX/Bathroom/TowelHanger02.fbx","GameObject",28668,330,344,1,name/path heuristic
"Assets/Furniture Mega Pack/FBX/Bathroom/TowelHanger03.fbx","GameObject",23708,130,88,1,name/path heuristic
"Assets/Furniture Mega Pack/FBX/Bathroom/TowelHanger04.fbx","GameObject",29436,468,384,1,name/path heuristic
"Assets/Furniture Mega Pack/FBX/Bathroom/TowelHanger05.fbx","GameObject",28396,374,328,1,name/path heuristic
"Assets/Furniture Mega Pack/FBX/Bathroom/TowelHanger06.fbx","GameObject",50604,844,1276,1,name/path heuristic
"Assets/Furniture Mega Pack/FBX/Bathroom/TowelHanger07.fbx","GameObject",34540,464,528,1,name/path heuristic
"Assets/Furniture Mega Pack/FBX/Bathroom/WashBasin01.fbx","GameObject",104684,2590,3008,3,name/path heuristic
"Assets/Furniture Mega Pack/FBX/Bathroom/WashBasin02.fbx","GameObject",102972,2489,2924,3,name/path heuristic
"Assets/Furniture Mega Pack/FBX/Bathroom/WashBasin03.fbx","GameObject",110620,2593,3144,3,name/path heuristic
"Assets/Furniture Mega Pack/FBX/Bathroom/WashBasin04.fbx","GameObject",90988,2178,2482,3,name/path heuristic
"Assets/Furniture Mega Pack/FBX/Bathroom/WashBasin05.fbx","GameObject",106636,2561,3126,3,name/path heuristic
"Assets/Furniture Mega Pack/FBX/Bathroom/WashBasin06.fbx","GameObject",148284,3487,4540,3,name/path heuristic
"Assets/Furniture Mega Pack/FBX/Bathroom/WashBasin07.fbx","GameObject",105516,2511,2918,3,name/path heuristic
"Assets/Furniture Mega Pack/Materials/Bathroom","DefaultAsset",0,0,0,0,name/path heuristic
"Assets/Furniture Mega Pack/Materials/Bathroom/mat_Bathroom.mat","Material",4592,0,0,0,name/path heuristic
"Assets/Furniture Mega Pack/Materials/mat_Floor.mat","Material",3740,0,0,0,name/path heuristic
"Assets/Furniture Mega Pack/Prefabs/Bathroom","DefaultAsset",0,0,0,0,name/path heuristic
"Assets/Furniture Mega Pack/Prefabs/Bathroom/BathroomVanity01.prefab","GameObject",6141,0,0,0,name/path heuristic
"Assets/Furniture Mega Pack/Prefabs/Bathroom/BathroomVanity02.prefab","GameObject",8757,0,0,0,name/path heuristic
"Assets/Furniture Mega Pack/Prefabs/Bathroom/BathroomVanity03.prefab","GameObject",8738,0,0,0,name/path heuristic
"Assets/Furniture Mega Pack/Prefabs/Bathroom/BathroomVanity04.prefab","GameObject",8723,0,0,0,name/path heuristic
"Assets/Furniture Mega Pack/Prefabs/Bathroom/BathroomVanity05.prefab","GameObject",11320,0,0,0,name/path heuristic
"Assets/Furniture Mega Pack/Prefabs/Bathroom/BathroomVanity06.prefab","GameObject",3535,0,0,0,name/path heuristic
"Assets/Furniture Mega Pack/Prefabs/Bathroom/BathroomVanity07.prefab","GameObject",8758,0,0,0,name/path heuristic
"Assets/Furniture Mega Pack/Prefabs/Bathroom/BathTub01.prefab","GameObject",3506,0,0,0,name/path heuristic
"Assets/Furniture Mega Pack/Prefabs/Bathroom/BathTub02.prefab","GameObject",3510,0,0,0,name/path heuristic
"Assets/Furniture Mega Pack/Prefabs/Bathroom/BathTub03.prefab","GameObject",3499,0,0,0,name/path heuristic
"Assets/Furniture Mega Pack/Prefabs/Bathroom/BathTub04.prefab","GameObject",3501,0,0,0,name/path heuristic
"Assets/Furniture Mega Pack/Prefabs/Bathroom/BathTub05.prefab","GameObject",3494,0,0,0,name/path heuristic
"Assets/Furniture Mega Pack/Prefabs/Bathroom/BathTub06.prefab","GameObject",3498,0,0,0,name/path heuristic
"Assets/Furniture Mega Pack/Prefabs/Bathroom/BathTub07.prefab","GameObject",3502,0,0,0,name/path heuristic
"Assets/Furniture Mega Pack/Prefabs/Bathroom/ShowerSystem01.prefab","GameObject",8706,0,0,0,name/path heuristic
"Assets/Furniture Mega Pack/Prefabs/Bathroom/ShowerSystem02.prefab","GameObject",8713,0,0,0,name/path heuristic
"Assets/Furniture Mega Pack/Prefabs/Bathroom/ShowerSystem03.prefab","GameObject",8688,0,0,0,name/path heuristic
"Assets/Furniture Mega Pack/Prefabs/Bathroom/ShowerSystem04.prefab","GameObject",6098,0,0,0,name/path heuristic
"Assets/Furniture Mega Pack/Prefabs/Bathroom/ShowerSystem05.prefab","GameObject",8686,0,0,0,name/path heuristic
"Assets/Furniture Mega Pack/Prefabs/Bathroom/ShowerSystem06.prefab","GameObject",8730,0,0,0,name/path heuristic
"Assets/Furniture Mega Pack/Prefabs/Bathroom/ShowerSystem07.prefab","GameObject",8758,0,0,0,name/path heuristic
"Assets/Furniture Mega Pack/Prefabs/Bathroom/TissueHanger01.prefab","GameObject",3512,0,0,0,name/path heuristic
"Assets/Furniture Mega Pack/Prefabs/Bathroom/TissueHanger02.prefab","GameObject",3534,0,0,0,name/path heuristic
"Assets/Furniture Mega Pack/Prefabs/Bathroom/TissueHanger03.prefab","GameObject",6128,0,0,0,name/path heuristic
"Assets/Furniture Mega Pack/Prefabs/Bathroom/TissueHanger04.prefab","GameObject",3524,0,0,0,name/path heuristic
"Assets/Furniture Mega Pack/Prefabs/Bathroom/TissueHanger05.prefab","GameObject",6137,0,0,0,name/path heuristic
"Assets/Furniture Mega Pack/Prefabs/Bathroom/TissueHanger06.prefab","GameObject",3534,0,0,0,name/path heuristic
"Assets/Furniture Mega Pack/Prefabs/Bathroom/TissueHanger07.prefab","GameObject",3535,0,0,0,name/path heuristic
"Assets/Furniture Mega Pack/Prefabs/Bathroom/Toilet01.prefab","GameObject",11352,0,0,0,name/path heuristic
"Assets/Furniture Mega Pack/Prefabs/Bathroom/Toilet02.prefab","GameObject",11337,0,0,0,name/path heuristic
"Assets/Furniture Mega Pack/Prefabs/Bathroom/Toilet03.prefab","GameObject",11338,0,0,0,name/path heuristic
"Assets/Furniture Mega Pack/Prefabs/Bathroom/Toilet04.prefab","GameObject",13882,0,0,0,name/path heuristic
"Assets/Furniture Mega Pack/Prefabs/Bathroom/Toilet05.prefab","GameObject",11308,0,0,0,name/path heuristic
"Assets/Furniture Mega Pack/Prefabs/Bathroom/Toilet06.prefab","GameObject",13921,0,0,0,name/path heuristic
"Assets/Furniture Mega Pack/Prefabs/Bathroom/Toilet07.prefab","GameObject",11365,0,0,0,name/path heuristic
"Assets/Furniture Mega Pack/Prefabs/Bathroom/TowelHanger01.prefab","GameObject",3509,0,0,0,name/path heuristic
"Assets/Furniture Mega Pack/Prefabs/Bathroom/TowelHanger02.prefab","GameObject",3497,0,0,0,name/path heuristic
"Assets/Furniture Mega Pack/Prefabs/Bathroom/TowelHanger03.prefab","GameObject",3506,0,0,0,name/path heuristic
"Assets/Furniture Mega Pack/Prefabs/Bathroom/TowelHanger04.prefab","GameObject",3507,0,0,0,name/path heuristic
"Assets/Furniture Mega Pack/Prefabs/Bathroom/TowelHanger05.prefab","GameObject",3504,0,0,0,name/path heuristic
"Assets/Furniture Mega Pack/Prefabs/Bathroom/TowelHanger06.prefab","GameObject",3509,0,0,0,name/path heuristic
"Assets/Furniture Mega Pack/Prefabs/Bathroom/TowelHanger07.prefab","GameObject",3502,0,0,0,name/path heuristic
"Assets/Furniture Mega Pack/Prefabs/Bathroom/WashBasin01.prefab","GameObject",8655,0,0,0,name/path heuristic
"Assets/Furniture Mega Pack/Prefabs/Bathroom/WashBasin02.prefab","GameObject",8683,0,0,0,name/path heuristic
"Assets/Furniture Mega Pack/Prefabs/Bathroom/WashBasin03.prefab","GameObject",8672,0,0,0,name/path heuristic
"Assets/Furniture Mega Pack/Prefabs/Bathroom/WashBasin04.prefab","GameObject",8655,0,0,0,name/path heuristic
"Assets/Furniture Mega Pack/Prefabs/Bathroom/WashBasin05.prefab","GameObject",8648,0,0,0,name/path heuristic
"Assets/Furniture Mega Pack/Prefabs/Bathroom/WashBasin06.prefab","GameObject",8666,0,0,0,name/path heuristic
"Assets/Furniture Mega Pack/Prefabs/Bathroom/WashBasin07.prefab","GameObject",8687,0,0,0,name/path heuristic
"Assets/Furniture Mega Pack/Textures/Bathroom","DefaultAsset",0,0,0,0,name/path heuristic
"Assets/Furniture Mega Pack/Textures/Bathroom/AtlasTexture_BathroomCollection_BathroomCollection_AlbedoTransparency.png","Texture2D",375705,0,0,0,name/path heuristic
"Assets/Furniture Mega Pack/Textures/Bathroom/AtlasTexture_BathroomCollection_BathroomCollection_MetallicSmoothness.png","Texture2D",1604071,0,0,0,name/path heuristic
"Assets/Furniture Mega Pack/Textures/Bathroom/AtlasTexture_BathroomCollection_BathroomCollection_Normal.png","Texture2D",2526123,0,0,0,name/path heuristic
"Assets/HyTeKGames/SRPMaterialConverter/ConvertedMaterials/Bathroom_glass_1.mat","Material",4083,0,0,0,name/path heuristic
"Assets/HyTeKGames/SRPMaterialConverter/ConvertedMaterials/bathroom_wall_mat_1.mat","Material",4162,0,0,0,name/path heuristic
"Assets/HyTeKGames/SRPMaterialConverter/ConvertedMaterials/Maps/bathroom_wall_mat_1_AO.png","Texture2D",20538,0,0,0,name/path heuristic
"Assets/HyTeKGames/SRPMaterialConverter/ConvertedMaterials/Maps/bathroom_wall_mat_1_Metallic.png","Texture2D",18397,0,0,0,name/path heuristic
"Assets/Idyllic Italian Coast Town","DefaultAsset",0,0,0,0,name/path heuristic
"Assets/Idyllic Italian Coast Town/Materials","DefaultAsset",0,0,0,0,name/path heuristic
"Assets/Idyllic Italian Coast Town/Materials/M_attachments_metal.mat","Material",4168,0,0,0,name/path heuristic
"Assets/Idyllic Italian Coast Town/Materials/M_attachments_stone.mat","Material",4119,0,0,0,name/path heuristic
"Assets/Idyllic Italian Coast Town/Materials/M_boat.mat","Material",4107,0,0,0,name/path heuristic
"Assets/Idyllic Italian Coast Town/Materials/M_bricks 1.mat","Material",4113,0,0,0,name/path heuristic
"Assets/Idyllic Italian Coast Town/Materials/M_bricks.mat","Material",4111,0,0,0,name/path heuristic
"Assets/Idyllic Italian Coast Town/Materials/M_chairs.mat","Material",4108,0,0,0,name/path heuristic
"Assets/Idyllic Italian Coast Town/Materials/M_doors.mat","Material",4108,0,0,0,name/path heuristic
"Assets/Idyllic Italian Coast Town/Materials/M_floortiles_ceramic.mat","Material",4089,0,0,0,name/path heuristic
"Assets/Idyllic Italian Coast Town/Materials/M_metal_dark.mat","Material",3900,0,0,0,name/path heuristic
"Assets/Idyllic Italian Coast Town/Materials/M_pillartop.mat","Material",4111,0,0,0,name/path heuristic
"Assets/Idyllic Italian Coast Town/Materials/M_pipes.mat","Material",4115,0,0,0,name/path heuristic
"Assets/Idyllic Italian Coast Town/Materials/M_rooftexture.mat","Material",4019,0,0,0,name/path heuristic
"Assets/Idyllic Italian Coast Town/Materials/M_skybox 1.mat","Material",1124,0,0,0,name/path heuristic
"Assets/Idyllic Italian Coast Town/Materials/M_skybox 2.mat","Material",2457,0,0,0,name/path heuristic
"Assets/Idyllic Italian Coast Town/Materials/M_skybox.mat","Material",2454,0,0,0,name/path heuristic
"Assets/Idyllic Italian Coast Town/Materials/M_wall_plaster 3.mat","Material",4096,0,0,0,name/path heuristic
"Assets/Idyllic Italian Coast Town/Materials/M_wall_plaster 10.mat","Material",4131,0,0,0,name/path heuristic
"Assets/Idyllic Italian Coast Town/Materials/M_wall_plaster.mat","Material",4125,0,0,0,name/path heuristic
"Assets/Idyllic Italian Coast Town/Materials/M_windows.mat","Material",4190,0,0,0,name/path heuristic
"Assets/Idyllic Italian Coast Town/Meshes","DefaultAsset",0,0,0,0,name/path heuristic
"Assets/Idyllic Italian Coast Town/Meshes/Buildings","DefaultAsset",0,0,0,0,name/path heuristic
"Assets/Idyllic Italian Coast Town/Meshes/Buildings/SM_building_gate.fbx","GameObject",678704,20942,12600,10,name/path heuristic
"Assets/Idyllic Italian Coast Town/Meshes/Buildings/SM_building_modular_floor_2x1_03.fbx","GameObject",281840,1410,858,2,name/path heuristic
"Assets/Idyllic Italian Coast Town/Meshes/Buildings/SM_building_modular_roof_2x1_01.fbx","GameObject",403056,6770,5110,4,name/path heuristic
"Assets/Idyllic Italian Coast Town/Meshes/Buildings/SM_church_italy.fbx","GameObject",1139008,39483,31127,7,name/path heuristic
"Assets/Idyllic Italian Coast Town/Meshes/Modular","DefaultAsset",0,0,0,0,name/path heuristic
"Assets/Idyllic Italian Coast Town/Meshes/Modular/SM_street_01.fbx","GameObject",117856,4612,1730,2,name/path heuristic
"Assets/Idyllic Italian Coast Town/Meshes/Modular/SM_wall_base.fbx","GameObject",45184,216,300,1,name/path heuristic
"Assets/Idyllic Italian Coast Town/Meshes/Modular/SM_wall_pillar.fbx","GameObject",86000,756,946,2,name/path heuristic
"Assets/Idyllic Italian Coast Town/Meshes/Props","DefaultAsset",0,0,0,0,name/path heuristic
"Assets/Idyllic Italian Coast Town/Meshes/Props/SM_boat_pylon.fbx","GameObject",87536,1331,1260,1,name/path heuristic
"Assets/Idyllic Italian Coast Town/Meshes/Props/SM_chair_02.fbx","GameObject",77968,1057,1100,1,name/path heuristic
"Assets/Idyllic Italian Coast Town/Meshes/Props/SM_fence_02.fbx","GameObject",49504,576,516,1,name/path heuristic
"Assets/Idyllic Italian Coast Town/Meshes/Props/SM_fence_03.fbx","GameObject",106464,3160,3400,1,name/path heuristic
"Assets/Idyllic Italian Coast Town/Meshes/Props/SM_fence_rounded.fbx","GameObject",118560,3600,3300,1,name/path heuristic
"Assets/Idyllic Italian Coast Town/Meshes/Props/SM_flowerpot_04.fbx","GameObject",147904,569,602,3,name/path heuristic
"Assets/Idyllic Italian Coast Town/Meshes/Props/SM_table_cafe_square.fbx","GameObject",45280,168,116,1,name/path heuristic
"Assets/Idyllic Italian Coast Town/Prefabs","DefaultAsset",0,0,0,0,name/path heuristic
"Assets/Idyllic Italian Coast Town/Prefabs/Modular Pieces","DefaultAsset",0,0,0,0,name/path heuristic
"Assets/Idyllic Italian Coast Town/Prefabs/Modular Pieces/SM_building_modular_floor_2x1_03.prefab","GameObject",3979,0,0,0,name/path heuristic
"Assets/Idyllic Italian Coast Town/Prefabs/Modular Pieces/SM_building_modular_roof_2x1_01.prefab","GameObject",4466,0,0,0,name/path heuristic
"Assets/Idyllic Italian Coast Town/Prefabs/Modular Pieces/SM_fence_rounded.prefab","GameObject",3719,0,0,0,name/path heuristic
"Assets/Idyllic Italian Coast Town/Prefabs/Modular Pieces/SM_street_01.prefab","GameObject",3952,0,0,0,name/path heuristic
"Assets/Idyllic Italian Coast Town/Prefabs/Modular Pieces/SM_wall_base (1).prefab","GameObject",3719,0,0,0,name/path heuristic
"Assets/Idyllic Italian Coast Town/Prefabs/Modular Pieces/SM_wall_base.prefab","GameObject",3715,0,0,0,name/path heuristic
"Assets/Idyllic Italian Coast Town/Prefabs/Modular Pieces/SM_wall_pillar (1).prefab","GameObject",3965,0,0,0,name/path heuristic
"Assets/Idyllic Italian Coast Town/Prefabs/Props","DefaultAsset",0,0,0,0,name/path heuristic
"Assets/Idyllic Italian Coast Town/Prefabs/Props/SM_boat_pylon.prefab","GameObject",3907,0,0,0,name/path heuristic
"Assets/Idyllic Italian Coast Town/Prefabs/Props/SM_chair_02.prefab","GameObject",3905,0,0,0,name/path heuristic
"Assets/Idyllic Italian Coast Town/Prefabs/Props/SM_fence_02.prefab","GameObject",3906,0,0,0,name/path heuristic
"Assets/Idyllic Italian Coast Town/Prefabs/Props/SM_fence_03.prefab","GameObject",3905,0,0,0,name/path heuristic
"Assets/Idyllic Italian Coast Town/Prefabs/Props/SM_table_cafe_square.prefab","GameObject",3914,0,0,0,name/path heuristic
"Assets/Idyllic Italian Coast Town/Textures","DefaultAsset",0,0,0,0,name/path heuristic
"Assets/Idyllic Italian Coast Town/Textures/M_attachments_metal_BaseMap.png","Texture2D",4048267,0,0,0,name/path heuristic
"Assets/Idyllic Italian Coast Town/Textures/M_attachments_metal_MaskMap.png","Texture2D",4320284,0,0,0,name/path heuristic
"Assets/Idyllic Italian Coast Town/Textures/M_attachments_metal_Normal.png","Texture2D",3451057,0,0,0,name/path heuristic
"Assets/Idyllic Italian Coast Town/Textures/M_attachments_stone_BaseMap.png","Texture2D",5109032,0,0,0,name/path heuristic
"Assets/Idyllic Italian Coast Town/Textures/M_attachments_stone_MaskMap.png","Texture2D",4193225,0,0,0,name/path heuristic
"Assets/Idyllic Italian Coast Town/Textures/M_attachments_stone_Normal.png","Texture2D",2728269,0,0,0,name/path heuristic
"Assets/Idyllic Italian Coast Town/Textures/M_boat_kit_BaseMap.png","Texture2D",2802620,0,0,0,name/path heuristic
"Assets/Idyllic Italian Coast Town/Textures/M_boat_kit_MaskMap.png","Texture2D",2837213,0,0,0,name/path heuristic
"Assets/Idyllic Italian Coast Town/Textures/M_boat_kit_Normal.png","Texture2D",3463901,0,0,0,name/path heuristic
"Assets/Idyllic Italian Coast Town/Textures/M_bricks_BaseMap.png","Texture2D",1016074,0,0,0,name/path heuristic
"Assets/Idyllic Italian Coast Town/Textures/M_bricks_MaskMap.png","Texture2D",670982,0,0,0,name/path heuristic
"Assets/Idyllic Italian Coast Town/Textures/M_bricks_Normal.png","Texture2D",759715,0,0,0,name/path heuristic
"Assets/Idyllic Italian Coast Town/Textures/M_bricks_red_BaseMap.png","Texture2D",1077282,0,0,0,name/path heuristic
"Assets/Idyllic Italian Coast Town/Textures/M_chairs_BaseMap.png","Texture2D",1922253,0,0,0,name/path heuristic
"Assets/Idyllic Italian Coast Town/Textures/M_chairs_MaskMap.png","Texture2D",3376544,0,0,0,name/path heuristic
"Assets/Idyllic Italian Coast Town/Textures/M_chairs_Normal.png","Texture2D",3579351,0,0,0,name/path heuristic
"Assets/Idyllic Italian Coast Town/Textures/M_doors_italian_BaseMap.png","Texture2D",3045753,0,0,0,name/path heuristic
"Assets/Idyllic Italian Coast Town/Textures/M_doors_italian_MaskMap.png","Texture2D",2829425,0,0,0,name/path heuristic
"Assets/Idyllic Italian Coast Town/Textures/M_doors_italian_Normal.png","Texture2D",2991492,0,0,0,name/path heuristic
"Assets/Idyllic Italian Coast Town/Textures/M_floortiles_ceramic_BaseColor.png","Texture2D",6234209,0,0,0,name/path heuristic
"Assets/Idyllic Italian Coast Town/Textures/M_floortiles_ceramic_Normal.png","Texture2D",3607833,0,0,0,name/path heuristic
"Assets/Idyllic Italian Coast Town/Textures/M_flowers_base_BaseColor.png","Texture2D",260179,0,0,0,name/path heuristic
"Assets/Idyllic Italian Coast Town/Textures/M_pillartop_BaseMap.png","Texture2D",1037259,0,0,0,name/path heuristic
"Assets/Idyllic Italian Coast Town/Textures/M_pillartop_MaskMap.png","Texture2D",618559,0,0,0,name/path heuristic
"Assets/Idyllic Italian Coast Town/Textures/M_pillartop_Normal.png","Texture2D",768885,0,0,0,name/path heuristic
"Assets/Idyllic Italian Coast Town/Textures/M_pipes_BaseMap.png","Texture2D",610508,0,0,0,name/path heuristic
"Assets/Idyllic Italian Coast Town/Textures/M_pipes_MaskMap.png","Texture2D",544836,0,0,0,name/path heuristic
"Assets/Idyllic Italian Coast Town/Textures/M_pipes_Normal.png","Texture2D",751414,0,0,0,name/path heuristic
"Assets/Idyllic Italian Coast Town/Textures/M_rooftiles_roman_tiling_BaseColor.png","Texture2D",1413663,0,0,0,name/path heuristic
"Assets/Idyllic Italian Coast Town/Textures/M_rooftiles_roman_tiling_Normal.png","Texture2D",798202,0,0,0,name/path heuristic
"Assets/Idyllic Italian Coast Town/Textures/M_skybox_01.png","Texture2D",2433239,0,0,0,name/path heuristic
"Assets/Idyllic Italian Coast Town/Textures/M_skybox_cloudy.png","Texture2D",3057621,0,0,0,name/path heuristic
"Assets/Idyllic Italian Coast Town/Textures/M_wall_plaster_BaseColor.png","Texture2D",684618,0,0,0,name/path heuristic
"Assets/Idyllic Italian Coast Town/Textures/M_wall_plaster_height.png","Texture2D",184116,0,0,0,name/path heuristic
"Assets/Idyllic Italian Coast Town/Textures/M_wall_plaster_Normal.png","Texture2D",1855863,0,0,0,name/path heuristic
"Assets/Idyllic Italian Coast Town/Textures/M_windows_italian_BaseMap.png","Texture2D",3686448,0,0,0,name/path heuristic
"Assets/Idyllic Italian Coast Town/Textures/M_windows_italian_Emissive.png","Texture2D",13762,0,0,0,name/path heuristic
"Assets/Idyllic Italian Coast Town/Textures/M_windows_italian_MaskMap.png","Texture2D",4491482,0,0,0,name/path heuristic
"Assets/Idyllic Italian Coast Town/Textures/M_windows_italian_Normal.png","Texture2D",2948570,0,0,0,name/path heuristic
"Assets/LowPolyLivingRoomPack","DefaultAsset",0,0,0,0,name/path heuristic
"Assets/LowPolyLivingRoomPack/Materials","DefaultAsset",0,0,0,0,name/path heuristic
"Assets/LowPolyLivingRoomPack/Materials/M_LowPolyLivingRoom.mat","Material",11310,0,0,0,name/path heuristic
"Assets/LowPolyLivingRoomPack/Meshes","DefaultAsset",0,0,0,0,name/path heuristic
"Assets/LowPolyLivingRoomPack/Meshes/Lamp_Tall.fbx","GameObject",22076,343,178,1,name/path heuristic
"Assets/LowPolyLivingRoomPack/Meshes/Speaker_Floor.fbx","GameObject",22652,366,208,1,name/path heuristic
"Assets/LowPolyLivingRoomPack/Meshes/Speaker_Soundbar.fbx","GameObject",18556,38,20,1,name/path heuristic
"Assets/LowPolyLivingRoomPack/Meshes/Stereo_Speaker.fbx","GameObject",22204,313,184,1,name/path heuristic
"Assets/LowPolyLivingRoomPack/Prefabs","DefaultAsset",0,0,0,0,name/path heuristic
"Assets/LowPolyLivingRoomPack/Prefabs/Lamp_Tall.prefab","GameObject",2431,0,0,0,name/path heuristic
"Assets/LowPolyLivingRoomPack/Prefabs/Stereo_Speaker.prefab","GameObject",2437,0,0,0,name/path heuristic
"Assets/LowPolyLivingRoomPack/ScenesDemo","DefaultAsset",0,0,0,0,name/path heuristic
"Assets/LowPolyLivingRoomPack/ScenesDemo/M_LowPolyLivingRoom_Floor.mat","Material",10152,0,0,0,name/path heuristic
"Assets/LowPolyLivingRoomPack/Textures","DefaultAsset",0,0,0,0,name/path heuristic
"Assets/LowPolyLivingRoomPack/Textures/T_Palette_LivingRoom.png","Texture2D",2624,0,0,0,name/path heuristic
"Assets/My_Custom/Door_Side.prefab","GameObject",84365,0,0,0,name/path heuristic
"Assets/My_Custom/FrontDoorRug.mat","Material",3919,0,0,0,name/path heuristic
"Assets/My_Custom/mtrls/Blue_Wall.mat","Material",3913,0,0,0,name/path heuristic
"Assets/My_Custom/mtrls/Mint_wall_plaster.mat","Material",3928,0,0,0,name/path heuristic
"Assets/My_Custom/mtrls/OldStairway.mat","Material",3915,0,0,0,name/path heuristic
"Assets/My_Custom/mtrls/Wall_Floral.mat","Material",3915,0,0,0,name/path heuristic
"Assets/My_Custom/mtrls/YellowWall.mat","Material",3914,0,0,0,name/path heuristic
"Assets/My_Custom/Patio_Window_Shutter.prefab","GameObject",110361,0,0,0,name/path heuristic
"Assets/My_Custom/txtrs/84_floral wallpaper texture-seamless.jpg","Texture2D",681273,0,0,0,name/path heuristic
"Assets/My_Custom/txtrs/122_fine plaster painted wall texture-seamless.jpg","Texture2D",1601135,0,0,0,name/path heuristic
"Assets/New Terrain.asset","TerrainData",3362092,0,0,0,name/path heuristic
"Assets/NewLayer 1.terrainlayer","TerrainLayer",861,0,0,0,name/path heuristic
"Assets/NewLayer 5.terrainlayer","TerrainLayer",861,0,0,0,name/path heuristic
"Assets/NewLayer.terrainlayer","TerrainLayer",859,0,0,0,name/path heuristic
"Assets/RealBlend/Editor/RealBlendCurvedWallCreateMode.cs","MonoScript",5633,0,0,0,name/path heuristic
"Assets/RealBlend/Editor/RealBlendFloorCreateMode.cs","MonoScript",2912,0,0,0,name/path heuristic
"Assets/RealBlend/Editor/RealBlendWallCreateMode.cs","MonoScript",16311,0,0,0,name/path heuristic
"Assets/Samples/XR Interaction Toolkit/3.3.1/XR Device Simulator/UI/General/CloseWindow.png","Texture2D",7147,0,0,0,name/path heuristic
"Assets/Samples/XR Interaction Toolkit/3.3.1/XR Device Simulator/UI/General/OpenWindow.png","Texture2D",5680,0,0,0,name/path heuristic
"Assets/Shaded Spectrum/Cozy Interiors Demo Pack/Materials/Painted Beech Wall Boards.mat","Material",4063,0,0,0,name/path heuristic
"Assets/Shaded Spectrum/Cozy Interiors Demo Pack/Textures/Painted Beech Wall Boards","DefaultAsset",0,0,0,0,name/path heuristic
"Assets/Shaded Spectrum/Cozy Interiors Demo Pack/Textures/Painted Beech Wall Boards/PaintedBeechWallBoardsAlbedo.png","Texture2D",6764177,0,0,0,name/path heuristic
"Assets/Shaded Spectrum/Cozy Interiors Demo Pack/Textures/Painted Beech Wall Boards/PaintedBeechWallBoardsAmbientOcclusionMap.png","Texture2D",3177049,0,0,0,name/path heuristic
"Assets/Shaded Spectrum/Cozy Interiors Demo Pack/Textures/Painted Beech Wall Boards/PaintedBeechWallBoardsDisplacementMap.png","Texture2D",3265356,0,0,0,name/path heuristic
"Assets/Shaded Spectrum/Cozy Interiors Demo Pack/Textures/Painted Beech Wall Boards/PaintedBeechWallBoardsNormalMap.png","Texture2D",12207021,0,0,0,name/path heuristic
"Assets/SimpleNaturePack/Models/Mushroom_01.fbx","GameObject",34908,1096,382,2,name/path heuristic
"Assets/SimpleNaturePack/Models/Mushroom_02.fbx","GameObject",23996,242,114,2,name/path heuristic
"Assets/SimpleNaturePack/Prefabs/Mushroom_01.prefab","GameObject",6786,0,0,0,name/path heuristic
"Assets/SimpleNaturePack/Prefabs/Mushroom_02.prefab","GameObject",6791,0,0,0,name/path heuristic
"Assets/TerrainSampleAssets","DefaultAsset",0,0,0,0,name/path heuristic
"Assets/TerrainSampleAssets/Materials","DefaultAsset",0,0,0,0,name/path heuristic
"Assets/TerrainSampleAssets/Materials/Grass.asset","Material",7171,0,0,0,name/path heuristic
"Assets/TerrainSampleAssets/Materials/Grass_C.asset","Material",7217,0,0,0,name/path heuristic
"Assets/TerrainSampleAssets/Materials/GrassDry.asset","Material",7209,0,0,0,name/path heuristic
"Assets/TerrainSampleAssets/Models","DefaultAsset",0,0,0,0,name/path heuristic
"Assets/TerrainSampleAssets/Models/Grass_A.asset","Mesh",23119,0,0,0,name/path heuristic
"Assets/TerrainSampleAssets/Models/Grass_B.asset","Mesh",174651,0,0,0,name/path heuristic
"Assets/TerrainSampleAssets/Models/Grass_D.asset","Mesh",139031,0,0,0,name/path heuristic
"Assets/TerrainSampleAssets/Models/GrassDry_A.asset","Mesh",24496,0,0,0,name/path heuristic
"Assets/TerrainSampleAssets/Models/GrassDry_B.asset","Mesh",25369,0,0,0,name/path heuristic
"Assets/TerrainSampleAssets/Prefabs","DefaultAsset",0,0,0,0,name/path heuristic
"Assets/TerrainSampleAssets/Prefabs/Grass_A.prefab","GameObject",2412,0,0,0,name/path heuristic
"Assets/TerrainSampleAssets/Prefabs/Grass_B.prefab","GameObject",2412,0,0,0,name/path heuristic
"Assets/TerrainSampleAssets/Prefabs/Grass_D.prefab","GameObject",2637,0,0,0,name/path heuristic
"Assets/TerrainSampleAssets/Prefabs/GrassDry_A.prefab","GameObject",2419,0,0,0,name/path heuristic
"Assets/TerrainSampleAssets/Prefabs/GrassDry_B.prefab","GameObject",2419,0,0,0,name/path heuristic
"Assets/TerrainSampleAssets/Settings","DefaultAsset",0,0,0,0,name/path heuristic
"Assets/TerrainSampleAssets/Settings/FoliageDiffusionProfile.asset","DiffusionProfileSettings",879,0,0,0,name/path heuristic
"Assets/TerrainSampleAssets/ShaderGraphs","DefaultAsset",0,0,0,0,name/path heuristic
"Assets/TerrainSampleAssets/ShaderGraphs/CustomFunctions","DefaultAsset",0,0,0,0,name/path heuristic
"Assets/TerrainSampleAssets/ShaderGraphs/CustomFunctions/CustomLighting.hlsl","ShaderInclude",963,0,0,0,name/path heuristic
"Assets/TerrainSampleAssets/ShaderGraphs/Subgraphs","DefaultAsset",0,0,0,0,name/path heuristic
"Assets/TerrainSampleAssets/ShaderGraphs/Subgraphs/AnimatedGrassPhase.shadersubgraph","SubGraphAsset",123802,0,0,0,name/path heuristic
"Assets/TerrainSampleAssets/ShaderGraphs/Subgraphs/DistanceCutoff.shadersubgraph","SubGraphAsset",61052,0,0,0,name/path heuristic
"Assets/TerrainSampleAssets/ShaderGraphs/Subgraphs/MainLight.shadersubgraph","SubGraphAsset",10782,0,0,0,name/path heuristic
"Assets/TerrainSampleAssets/ShaderGraphs/Subgraphs/PipelineSwitch.shadersubgraph","SubGraphAsset",17489,0,0,0,name/path heuristic
"Assets/TerrainSampleAssets/ShaderGraphs/Subgraphs/RandomFromPosition.shadersubgraph","SubGraphAsset",11192,0,0,0,name/path heuristic
"Assets/TerrainSampleAssets/ShaderGraphs/Subgraphs/URPSSS.shadersubgraph","SubGraphAsset",125723,0,0,0,name/path heuristic
"Assets/TerrainSampleAssets/ShaderGraphs/Subgraphs/Wind.shadersubgraph","SubGraphAsset",97971,0,0,0,name/path heuristic
"Assets/TerrainSampleAssets/ShaderGraphs/TerrainGrass.shadergraph","Shader",310319,0,0,0,name/path heuristic
"Assets/TerrainSampleAssets/TerrainLayers","DefaultAsset",0,0,0,0,name/path heuristic
"Assets/TerrainSampleAssets/TerrainLayers/Black_Sand_TerrainLayer.terrainlayer","TerrainLayer",868,0,0,0,name/path heuristic
"Assets/TerrainSampleAssets/TerrainLayers/Grass_B_TerrainLayer.terrainlayer","TerrainLayer",872,0,0,0,name/path heuristic
"Assets/TerrainSampleAssets/TerrainLayers/Grass_Dry_TerrainLayer.terrainlayer","TerrainLayer",849,0,0,0,name/path heuristic
"Assets/TerrainSampleAssets/TerrainLayers/Sand_TerrainLayer.terrainlayer","TerrainLayer",844,0,0,0,name/path heuristic
"Assets/TerrainSampleAssets/Textures","DefaultAsset",0,0,0,0,name/path heuristic
"Assets/TerrainSampleAssets/Textures/Details","DefaultAsset",0,0,0,0,name/path heuristic
"Assets/TerrainSampleAssets/Textures/Details/Grass_A_BaseColor.tif","Texture2D",1938408,0,0,0,name/path heuristic
"Assets/TerrainSampleAssets/Textures/Details/Grass_A_MaskMap.tif","Texture2D",1368360,0,0,0,name/path heuristic
"Assets/TerrainSampleAssets/Textures/Details/Grass_A_Normal.tif","Texture2D",1298172,0,0,0,name/path heuristic
"Assets/TerrainSampleAssets/Textures/Details/Grass_A_Thickness.tif","Texture2D",508392,0,0,0,name/path heuristic
"Assets/TerrainSampleAssets/Textures/Details/Grass_C_BaseColor.tif","Texture2D",1632764,0,0,0,name/path heuristic
"Assets/TerrainSampleAssets/Textures/Details/Grass_C_MaskMap.tif","Texture2D",1817748,0,0,0,name/path heuristic
"Assets/TerrainSampleAssets/Textures/Details/Grass_C_Normal.tif","Texture2D",1796564,0,0,0,name/path heuristic
"Assets/TerrainSampleAssets/Textures/Details/Grass_C_Thickness.tif","Texture2D",874072,0,0,0,name/path heuristic
"Assets/TerrainSampleAssets/Textures/Details/GrassDry_BaseColor.tif","Texture2D",1088768,0,0,0,name/path heuristic
"Assets/TerrainSampleAssets/Textures/Details/GrassDry_MaskMap.tif","Texture2D",491744,0,0,0,name/path heuristic
"Assets/TerrainSampleAssets/Textures/Details/GrassDry_Normal.tif","Texture2D",826008,0,0,0,name/path heuristic
"Assets/TerrainSampleAssets/Textures/Details/GrassDry_Thickness.tif","Texture2D",277564,0,0,0,name/path heuristic
"Assets/TerrainSampleAssets/Textures/Terrain","DefaultAsset",0,0,0,0,name/path heuristic
"Assets/TerrainSampleAssets/Textures/Terrain/Black_Sand_BaseColor.tif","Texture2D",33337120,0,0,0,name/path heuristic
"Assets/TerrainSampleAssets/Textures/Terrain/Black_Sand_MaskMap.tif","Texture2D",35296540,0,0,0,name/path heuristic
"Assets/TerrainSampleAssets/Textures/Terrain/Black_Sand_Normal.tif","Texture2D",35725576,0,0,0,name/path heuristic
"Assets/TerrainSampleAssets/Textures/Terrain/Grass_B_BaseColor.tif","Texture2D",34232048,0,0,0,name/path heuristic
"Assets/TerrainSampleAssets/Textures/Terrain/Grass_B_MaskMap.tif","Texture2D",15253592,0,0,0,name/path heuristic
"Assets/TerrainSampleAssets/Textures/Terrain/Grass_B_Normal.tif","Texture2D",36105608,0,0,0,name/path heuristic
"Assets/TerrainSampleAssets/Textures/Terrain/Grass_Dry_BaseColor.tif","Texture2D",35027440,0,0,0,name/path heuristic
"Assets/TerrainSampleAssets/Textures/Terrain/Grass_Dry_MaskMap.tif","Texture2D",15006184,0,0,0,name/path heuristic
"Assets/TerrainSampleAssets/Textures/Terrain/Grass_Dry_Normal.tif","Texture2D",36044732,0,0,0,name/path heuristic
"Assets/TerrainSampleAssets/Textures/Terrain/Grass_Moss_BaseColor.tif","Texture2D",34198928,0,0,0,name/path heuristic
"Assets/TerrainSampleAssets/Textures/Terrain/Grass_Moss_MaskMap.tif","Texture2D",35519108,0,0,0,name/path heuristic
"Assets/TerrainSampleAssets/Textures/Terrain/Grass_Moss_Normal.tif","Texture2D",36063976,0,0,0,name/path heuristic
"Assets/TerrainSampleAssets/Textures/Terrain/Pebbles_C_BaseColor.tif","Texture2D",33735820,0,0,0,name/path heuristic
"Assets/TerrainSampleAssets/Textures/Terrain/Pebbles_C_MaskMap.tif","Texture2D",13710252,0,0,0,name/path heuristic
"Assets/TerrainSampleAssets/Textures/Terrain/Pebbles_C_Normal.tif","Texture2D",36107892,0,0,0,name/path heuristic
"Assets/TerrainSampleAssets/Textures/Terrain/Sand_BaseColor.tif","Texture2D",10380156,0,0,0,name/path heuristic
"Assets/TerrainSampleAssets/Textures/Terrain/Sand_MaskMap.tif","Texture2D",9257068,0,0,0,name/path heuristic
"Assets/TerrainSampleAssets/Textures/Terrain/Sand_Normal.tif","Texture2D",35255012,0,0,0,name/path heuristic
"Assets/TerrainSampleAssets/Textures/Terrain/Soil_Rocks_BaseColor.tif","Texture2D",34369328,0,0,0,name/path heuristic
"Assets/TerrainSampleAssets/Textures/Terrain/Soil_Rocks_MaskMap.tif","Texture2D",36039052,0,0,0,name/path heuristic
"Assets/TerrainSampleAssets/Textures/Terrain/Soil_Rocks_Normal.tif","Texture2D",35677264,0,0,0,name/path heuristic
"Assets/UnityTechnologies/Basic Asset Pack Interior/Materials/TrimSheetGreenPurple.mat","Material",3839,0,0,0,name/path heuristic
"Assets/UnityTechnologies/Basic Asset Pack Interior/Materials/WallGreen.mat","Material",3828,0,0,0,name/path heuristic
"Assets/UnityTechnologies/Basic Asset Pack Interior/Models/Floor","DefaultAsset",0,0,0,0,name/path heuristic
"Assets/UnityTechnologies/Basic Asset Pack Interior/Models/Floor/Floor4m.FBX","GameObject",17440,24,12,1,name/path heuristic
"Assets/UnityTechnologies/Basic Asset Pack Interior/Models/Floor/RugDoorMat.FBX","GameObject",19184,72,36,1,name/path heuristic
"Assets/UnityTechnologies/Basic Asset Pack Interior/Models/Walls","DefaultAsset",0,0,0,0,name/path heuristic
"Assets/UnityTechnologies/Basic Asset Pack Interior/Models/Walls/WallWindow2m.FBX","GameObject",32480,196,112,4,name/path heuristic
"Assets/UnityTechnologies/Basic Asset Pack Interior/Models/Walls/WallWindow2mCurtain.FBX","GameObject",28864,256,172,2,name/path heuristic
"Assets/UnityTechnologies/Basic Asset Pack Interior/Models/Walls/WallWindow4mCurtain.FBX","GameObject",29936,326,216,2,name/path heuristic
"Assets/UnityTechnologies/Basic Asset Pack Interior/Models/Walls/WallWindowBay4m.FBX","GameObject",48208,540,374,6,name/path heuristic
"Assets/UnityTechnologies/Basic Asset Pack Interior/Models/Walls/WallWindowBay4mCurtain.FBX","GameObject",34112,522,384,2,name/path heuristic
"Assets/UnityTechnologies/Basic Asset Pack Interior/Models/Walls/WallWindowTall4m.FBX","GameObject",35248,288,168,4,name/path heuristic
"Assets/UnityTechnologies/Basic Asset Pack Interior/Prefabs/Floor","DefaultAsset",0,0,0,0,name/path heuristic
"Assets/UnityTechnologies/Basic Asset Pack Interior/Prefabs/Floor/RugDoorMat.prefab","GameObject",2451,0,0,0,name/path heuristic
"Assets/UnityTechnologies/Basic Asset Pack Interior/Prefabs/Walls","DefaultAsset",0,0,0,0,name/path heuristic
"Assets/UnityTechnologies/Basic Asset Pack Interior/Prefabs/Walls/WallWindow2m.prefab","GameObject",14131,0,0,0,name/path heuristic
"Assets/UnityTechnologies/Basic Asset Pack Interior/Prefabs/Walls/WallWindowBay4m.prefab","GameObject",19055,0,0,0,name/path heuristic
"Assets/UnityTechnologies/Basic Asset Pack Interior/Prefabs/Walls/WallWindowTall4m.prefab","GameObject",10768,0,0,0,name/path heuristic
"Assets/UnityTechnologies/Basic Asset Pack Interior/Textures/TrimSheet_GreenPurple.jpg","Texture2D",111286,0,0,0,name/path heuristic
"Assets/UnityTechnologies/Basic Asset Pack Interior/Textures/WallGreenLight.jpg","Texture2D",94644,0,0,0,name/path heuristic
"Packages/com.unity.2d.sprite/Editor/Assets/SpriteEditorWindowDefault.overlay","DefaultAsset",1076,0,0,0,name/path heuristic
"Packages/com.unity.2d.sprite/Editor/SpriteEditor/SpriteEditorWindow.cs","MonoScript",67057,0,0,0,name/path heuristic
"Packages/com.unity.2d.sprite/Editor/SpriteEditor/SpriteEditorWindowSettings.cs","MonoScript",2003,0,0,0,name/path heuristic
"Packages/com.unity.2d.sprite/Editor/SpriteEditor/SpriteUtilityWindow.cs","MonoScript",17063,0,0,0,name/path heuristic
"Packages/com.unity.2d.sprite/Editor/SpriteEditorModule/SpriteFrameModule/SpriteFrameCapabilityWindow.cs","MonoScript",6065,0,0,0,name/path heuristic
"Packages/com.unity.2d.sprite/Editor/UI/SpriteEditor/PolygonChangeShapeWindow.uxml","VisualTreeAsset",651,0,0,0,name/path heuristic
"Packages/com.unity.2d.sprite/Editor/UI/SpriteEditor/SpriteFrameCapabilityWindow.uss","StyleSheet",1386,0,0,0,name/path heuristic
"Packages/com.unity.2d.sprite/Editor/UI/SpriteEditor/SpriteFrameCapabilityWindow.uxml","VisualTreeAsset",1210,0,0,0,name/path heuristic
"Packages/com.unity.addressables/Editor/AutoGroupGenerator/AutoGroupGeneratorWindow.cs","MonoScript",13283,0,0,0,name/path heuristic
"Packages/com.unity.addressables/Editor/BuildReportVisualizer/BuildReport Resources/Icons/PlatformStandaloneWindowsIcon.png","Texture2D",454,0,0,0,name/path heuristic
"Packages/com.unity.addressables/Editor/BuildReportVisualizer/BuildReport Resources/Icons/PlatformStandaloneWindowsIcon@2x.png","Texture2D",974,0,0,0,name/path heuristic
"Packages/com.unity.addressables/Editor/BuildReportVisualizer/BuildReportWindow.cs","MonoScript",15024,0,0,0,name/path heuristic
"Packages/com.unity.addressables/Editor/BuildReportVisualizer/UIToolKitAssets/UXML/BuildReportWindow.uxml","VisualTreeAsset",3001,0,0,0,name/path heuristic
"Packages/com.unity.addressables/Editor/Diagnostics/Profiler/ContentSearch.cs","MonoScript",13332,0,0,0,name/path heuristic
"Packages/com.unity.addressables/Editor/Diagnostics/Profiler/UXML/TreeColumnNames.cs","MonoScript",727,0,0,0,name/path heuristic
"Packages/com.unity.addressables/Editor/GUI/AddressableAssetsWindow.cs","MonoScript",8101,0,0,0,name/path heuristic
"Packages/com.unity.addressables/Editor/GUI/AnalyzeWindow.cs","MonoScript",2761,0,0,0,name/path heuristic
"Packages/com.unity.addressables/Editor/GUI/ContentUpdatePreviewWindow.cs","MonoScript",14322,0,0,0,name/path heuristic
"Packages/com.unity.addressables/Editor/GUI/GUIElements/SearchStringFilters.cs","MonoScript",8160,0,0,0,name/path heuristic
"Packages/com.unity.addressables/Editor/GUI/LabelWindow.cs","MonoScript",9989,0,0,0,name/path heuristic
"Packages/com.unity.addressables/Editor/GUI/ProfileDataSourceDropdownWindow.cs","MonoScript",32273,0,0,0,name/path heuristic
"Packages/com.unity.addressables/Editor/GUI/ProfileWindow.cs","MonoScript",39461,0,0,0,name/path heuristic
"Packages/com.unity.addressables/Tests/Editor/AddressableAssetsWindowTests.cs","MonoScript",13297,0,0,0,name/path heuristic
"Packages/com.unity.addressables/Tests/Editor/BuildReportVisualizer/BuildReportWindowTests.cs","MonoScript",455,0,0,0,name/path heuristic
"Packages/com.unity.addressables/Tests/Editor/BuildReportWindowTests.cs","MonoScript",4539,0,0,0,name/path heuristic
"Packages/com.unity.addressables/Tests/Editor/SearchFiltersTests.cs","MonoScript",3620,0,0,0,name/path heuristic
"Packages/com.unity.ai.navigation/Editor/NavigationWindow.cs","MonoScript",16512,0,0,0,name/path heuristic
"Packages/com.unity.ai.navigation/EditorResources/d_NavigationWindowIcon.asset","Texture2D",1548,0,0,0,name/path heuristic
"Packages/com.unity.ai.navigation/EditorResources/d_NavigationWindowIcon.png","Texture2D",2940,0,0,0,name/path heuristic
"Packages/com.unity.ai.navigation/EditorResources/NavigationWindowIcon.asset","Texture2D",1546,0,0,0,name/path heuristic
"Packages/com.unity.ai.navigation/EditorResources/NavigationWindowIcon.png","Texture2D",2943,0,0,0,name/path heuristic
"Packages/com.unity.burst/Editor/BurstStringSearch.cs","MonoScript",14315,0,0,0,name/path heuristic
"Packages/com.unity.burst/Runtime/Intrinsics/Arm/NEON_AArch64.cs","MonoScript",1332228,0,0,0,name/path heuristic
"Packages/com.unity.burst/Runtime/Intrinsics/Arm/NEON_AArch64_crypto.cs","MonoScript",14668,0,0,0,name/path heuristic
"Packages/com.unity.burst/Runtime/Intrinsics/Arm/NEON_AArch64_dotprod.cs","MonoScript",16400,0,0,0,name/path heuristic
"Packages/com.unity.burst/Runtime/Intrinsics/Arm/NEON_AArch64_fp16.cs","MonoScript",342201,0,0,0,name/path heuristic
"Packages/com.unity.burst/Runtime/Intrinsics/Arm/NEON_AArch64_rdma.cs","MonoScript",47043,0,0,0,name/path heuristic
"Packages/com.unity.cinemachine/Editor/Windows","DefaultAsset",0,0,0,0,name/path heuristic
"Packages/com.unity.cinemachine/Editor/Windows/CinemachineComposerPrefs.cs","MonoScript",3961,0,0,0,name/path heuristic
"Packages/com.unity.cinemachine/Editor/Windows/CinemachineCorePrefs.cs","MonoScript",6208,0,0,0,name/path heuristic
"Packages/com.unity.cinemachine/Editor/Windows/CinemachineDeoccluderPrefs.cs","MonoScript",1761,0,0,0,name/path heuristic
"Packages/com.unity.cinemachine/Editor/Windows/CinemachineSettings.cs","MonoScript",7701,0,0,0,name/path heuristic
"Packages/com.unity.cinemachine/Editor/Windows/CinemachineSplineDollyPrefs.cs","MonoScript",3056,0,0,0,name/path heuristic
"Packages/com.unity.cinemachine/Editor/Windows/CinemachineTimelinePrefs.cs","MonoScript",2496,0,0,0,name/path heuristic
"Packages/com.unity.cinemachine/Editor/Windows/WaveformWindow.cs","MonoScript",9481,0,0,0,name/path heuristic
"Packages/com.unity.testtools.codecoverage/Editor/CoverageWindow","DefaultAsset",0,0,0,0,name/path heuristic
"Packages/com.unity.testtools.codecoverage/Editor/CoverageWindow/CodeCoverageWindow.cs","MonoScript",51290,0,0,0,name/path heuristic
"Packages/com.unity.testtools.codecoverage/Editor/CoverageWindow/FolderDropDownMenu.cs","MonoScript",2573,0,0,0,name/path heuristic
"Packages/com.unity.testtools.codecoverage/Editor/CoverageWindow/FolderType.cs","MonoScript",131,0,0,0,name/path heuristic
"Packages/com.unity.testtools.codecoverage/Editor/CoverageWindow/IncludedAssembliesPopupWindow.cs","MonoScript",4931,0,0,0,name/path heuristic
"Packages/com.unity.testtools.codecoverage/Editor/CoverageWindow/IncludedAssembliesTreeView.cs","MonoScript",7453,0,0,0,name/path heuristic
"Packages/com.unity.testtools.codecoverage/Editor/CoverageWindow/PathFilterType.cs","MonoScript",135,0,0,0,name/path heuristic
"Packages/com.unity.testtools.codecoverage/Editor/CoverageWindow/PathToAddDropDownMenu.cs","MonoScript",2516,0,0,0,name/path heuristic
"Packages/com.unity.testtools.codecoverage/Editor/CoverageWindow/PathToAddHandler.cs","MonoScript",2653,0,0,0,name/path heuristic
"Packages/com.unity.editorcoroutines/Editor/EditorWindowCoroutineExtension.cs","MonoScript",4127,0,0,0,name/path heuristic
"Packages/com.unity.render-pipelines.high-definition/Editor/Compositor/CompositorWindow.cs","MonoScript",10566,0,0,0,name/path heuristic
"Packages/com.unity.render-pipelines.high-definition/Editor/Material/TerrainLit","DefaultAsset",0,0,0,0,name/path heuristic
"Packages/com.unity.render-pipelines.high-definition/Editor/Material/TerrainLit/ShaderGraph","DefaultAsset",0,0,0,0,name/path heuristic
"Packages/com.unity.render-pipelines.high-definition/Editor/Material/TerrainLit/ShaderGraph/BaseMapGenPass.template","DefaultAsset",7143,0,0,0,name/path heuristic
"Packages/com.unity.render-pipelines.high-definition/Editor/Material/TerrainLit/ShaderGraph/BaseMapGenPass.template.hlsl","ShaderInclude",1471,0,0,0,name/path heuristic
"Packages/com.unity.render-pipelines.high-definition/Editor/Material/TerrainLit/ShaderGraph/CreateTerrainLitShaderGraph.cs","MonoScript",1121,0,0,0,name/path heuristic
"Packages/com.unity.render-pipelines.high-definition/Editor/Material/TerrainLit/ShaderGraph/ShaderPass.template","DefaultAsset",11637,0,0,0,name/path heuristic
"Packages/com.unity.render-pipelines.high-definition/Editor/Material/TerrainLit/ShaderGraph/ShaderPass.template.hlsl","ShaderInclude",6893,0,0,0,name/path heuristic
"Packages/com.unity.render-pipelines.high-definition/Editor/Material/TerrainLit/ShaderGraph/ShaderPassDefine.template.hlsl","ShaderInclude",17060,0,0,0,name/path heuristic
"Packages/com.unity.render-pipelines.high-definition/Editor/Material/TerrainLit/ShaderGraph/TerrainLitData.cs","MonoScript",404,0,0,0,name/path heuristic
"Packages/com.unity.render-pipelines.high-definition/Editor/Material/TerrainLit/ShaderGraph/TerrainLitSubTarget.cs","MonoScript",52790,0,0,0,name/path heuristic
"Packages/com.unity.render-pipelines.high-definition/Editor/Material/TerrainLit/ShaderGraph/TerrainLitSubTarget.Dependencies.cs","MonoScript",5708,0,0,0,name/path heuristic
"Packages/com.unity.render-pipelines.high-definition/Editor/Material/TerrainLit/ShaderGraph/TerrainLitSurfaceOptionPropertyBlock.cs","MonoScript",3024,0,0,0,name/path heuristic
"Packages/com.unity.render-pipelines.high-definition/Editor/Material/TerrainLit/ShaderGraph/Vertex.template.hlsl","ShaderInclude",12411,0,0,0,name/path heuristic
"Packages/com.unity.render-pipelines.high-definition/Editor/Material/TerrainLit/StandardsTerrainToHDTerrainLitUpgrader.cs","MonoScript",641,0,0,0,name/path heuristic
"Packages/com.unity.render-pipelines.high-definition/Editor/Material/TerrainLit/TerrainLitGUI.cs","MonoScript",19065,0,0,0,name/path heuristic
"Packages/com.unity.render-pipelines.high-definition/Editor/Material/UIBlocks/TerrainLitShaderGraphGUI.cs","MonoScript",1741,0,0,0,name/path heuristic
"Packages/com.unity.render-pipelines.high-definition/Editor/Material/UIBlocks/TerrainSurfaceOptionsUIBlock.cs","MonoScript",14771,0,0,0,name/path heuristic
"Packages/com.unity.render-pipelines.high-definition/Editor/RenderPipeline/CustomPass/CustomPassListSearchWindow.cs","MonoScript",2125,0,0,0,name/path heuristic
"Packages/com.unity.render-pipelines.high-definition/Editor/SceneTemplates/Indoors","DefaultAsset",0,0,0,0,name/path heuristic
"Packages/com.unity.render-pipelines.high-definition/Editor/SceneTemplates/Indoors/Indoors RayTracing Profile.asset","VolumeProfile",6760,0,0,0,name/path heuristic
"Packages/com.unity.render-pipelines.high-definition/Editor/SceneTemplates/Indoors/IndoorsScene","DefaultAsset",0,0,0,0,name/path heuristic
"Packages/com.unity.render-pipelines.high-definition/Editor/SceneTemplates/Indoors/IndoorsScene/IndoorsScene Baking Set.asset","ProbeVolumeBakingSet",3477,0,0,0,name/path heuristic
"Packages/com.unity.render-pipelines.high-definition/Editor/SceneTemplates/Indoors/IndoorsScene.unity","SceneAsset",145473,0,0,0,name/path heuristic
"Packages/com.unity.render-pipelines.high-definition/Editor/SceneTemplates/Indoors/IndoorsSceneProfile.asset","VolumeProfile",20725,0,0,0,name/path heuristic
"Packages/com.unity.render-pipelines.high-definition/Editor/SceneTemplates/Indoors/IndoorsSceneTemplate.scenetemplate","SceneTemplateAsset",2077360,0,0,0,name/path heuristic
"Packages/com.unity.render-pipelines.high-definition/Editor/SceneTemplates/Outdoors","DefaultAsset",0,0,0,0,name/path heuristic
"Packages/com.unity.render-pipelines.high-definition/Editor/SceneTemplates/Outdoors/Outdoors RayTracing Profile.asset","VolumeProfile",6756,0,0,0,name/path heuristic
"Packages/com.unity.render-pipelines.high-definition/Editor/SceneTemplates/Outdoors/OutdoorsScene.unity","SceneAsset",83270,0,0,0,name/path heuristic
"Packages/com.unity.render-pipelines.high-definition/Editor/SceneTemplates/Outdoors/OutdoorsSceneProfile.asset","VolumeProfile",19865,0,0,0,name/path heuristic
"Packages/com.unity.render-pipelines.high-definition/Editor/SceneTemplates/Outdoors/OutdoorsSceneTemplate.scenetemplate","SceneTemplateAsset",2076982,0,0,0,name/path heuristic
"Packages/com.unity.render-pipelines.high-definition/Editor/Sky/HDLightingWindowEnvironmentSection.cs","MonoScript",11170,0,0,0,name/path heuristic
"Packages/com.unity.render-pipelines.high-definition/Runtime/Lighting/ScreenSpaceLighting/RayMarching.hlsl","ShaderInclude",6759,0,0,0,name/path heuristic
"Packages/com.unity.render-pipelines.high-definition/Runtime/Lighting/ScreenSpaceLighting/RayMarchingFallbackHierarchy.cs","MonoScript",1815,0,0,0,name/path heuristic
"Packages/com.unity.render-pipelines.high-definition/Runtime/Lighting/ScreenSpaceLighting/RayMarchingFallbackHierarchy.cs.hlsl","ShaderInclude",562,0,0,0,name/path heuristic
"Packages/com.unity.render-pipelines.high-definition/Runtime/Material/TerrainLit","DefaultAsset",0,0,0,0,name/path heuristic
"Packages/com.unity.render-pipelines.high-definition/Runtime/Material/TerrainLit/TerrainLit.hlsl","ShaderInclude",389,0,0,0,name/path heuristic
"Packages/com.unity.render-pipelines.high-definition/Runtime/Material/TerrainLit/TerrainLit.shader","Shader",25750,0,0,0,name/path heuristic
"Packages/com.unity.render-pipelines.high-definition/Runtime/Material/TerrainLit/TerrainLit_Basemap.hlsl","ShaderInclude",692,0,0,0,name/path heuristic
"Packages/com.unity.render-pipelines.high-definition/Runtime/Material/TerrainLit/TerrainLit_Basemap.shader","Shader",20545,0,0,0,name/path heuristic
"Packages/com.unity.render-pipelines.high-definition/Runtime/Material/TerrainLit/TerrainLit_Basemap_Includes.hlsl","ShaderInclude",232,0,0,0,name/path heuristic
"Packages/com.unity.render-pipelines.high-definition/Runtime/Material/TerrainLit/TerrainLit_BasemapGen.shader","Shader",3954,0,0,0,name/path heuristic
"Packages/com.unity.render-pipelines.high-definition/Runtime/Material/TerrainLit/TerrainLit_Splatmap.hlsl","ShaderInclude",13773,0,0,0,name/path heuristic
"Packages/com.unity.render-pipelines.high-definition/Runtime/Material/TerrainLit/TerrainLit_Splatmap_Includes.hlsl","ShaderInclude",2214,0,0,0,name/path heuristic
"Packages/com.unity.render-pipelines.high-definition/Runtime/Material/TerrainLit/TerrainLitAPI.cs","MonoScript",3169,0,0,0,name/path heuristic
"Packages/com.unity.render-pipelines.high-definition/Runtime/Material/TerrainLit/TerrainLitData.hlsl","ShaderInclude",11531,0,0,0,name/path heuristic
"Packages/com.unity.render-pipelines.high-definition/Runtime/Material/TerrainLit/TerrainLitSurfaceData.hlsl","ShaderInclude",359,0,0,0,name/path heuristic
"Packages/com.unity.render-pipelines.high-definition/Runtime/Material/TerrainLit/TerrainLitTemplate.hlsl","ShaderInclude",5269,0,0,0,name/path heuristic
"Packages/com.unity.render-pipelines.high-definition/Runtime/Material/TerrainLit/TerrainLitTemplateRayTracing.hlsl","ShaderInclude",2732,0,0,0,name/path heuristic
"Packages/com.unity.render-pipelines.high-definition/Runtime/RenderPipeline/Raytracing/RayTracingFallbackHierarchy.cs","MonoScript",1770,0,0,0,name/path heuristic
"Packages/com.unity.render-pipelines.high-definition/Runtime/RenderPipeline/Raytracing/RayTracingFallbackHierarchy.cs.hlsl","ShaderInclude",550,0,0,0,name/path heuristic
"Packages/com.unity.render-pipelines.high-definition/Runtime/RenderPipeline/Raytracing/Shaders/RayMarching.compute","ComputeShader",8348,0,0,0,name/path heuristic
"Packages/com.unity.render-pipelines.high-definition/Runtime/RenderPipelineResources/Material/DefaultHDTerrainMaterial.mat","Material",2047,0,0,0,name/path heuristic
"Packages/com.unity.render-pipelines.high-definition/Runtime/RenderPipelineResources/ShaderGraph/Terrain Standard 4 Layers.shadergraph","Shader",139985,0,0,0,name/path heuristic
"Packages/com.unity.render-pipelines.high-definition/Runtime/RenderPipelineResources/ShaderGraph/Terrain Standard 8 Layers.shadergraph","Shader",276763,0,0,0,name/path heuristic
"Packages/com.unity.render-pipelines.high-definition/Runtime/RenderPipelineResources/Texture/SMAA/SearchTex.tga","Texture2D",3116,0,0,0,name/path heuristic
"Packages/com.unity.render-pipelines.high-definition/Runtime/Water/HDRenderPipeline.WaterSystem.SimulationCPU.Search.cs","MonoScript",23055,0,0,0,name/path heuristic
"Packages/com.unity.inputsystem/InputSystem/Controls/Processors/EditorWindowSpaceProcessor.cs","MonoScript",2592,0,0,0,name/path heuristic
"Packages/com.unity.inputsystem/InputSystem/Devices/Commands/QueryEditorWindowCoordinatesCommand.cs","MonoScript",1273,0,0,0,name/path heuristic
"Packages/com.unity.inputsystem/InputSystem/Editor/Debugger/InputActionDebuggerWindow.cs","MonoScript",1909,0,0,0,name/path heuristic
"Packages/com.unity.inputsystem/InputSystem/Editor/Debugger/InputDebuggerWindow.cs","MonoScript",46048,0,0,0,name/path heuristic
"Packages/com.unity.inputsystem/InputSystem/Editor/Debugger/InputDeviceDebuggerWindow.cs","MonoScript",26847,0,0,0,name/path heuristic
"Packages/com.unity.inputsystem/InputSystem/Editor/Internal/AdvancedDropdown/AdvancedDropdownWindow.cs","MonoScript",20418,0,0,0,name/path heuristic
"Packages/com.unity.inputsystem/InputSystem/Editor/Internal/InputStateWindow.cs","MonoScript",19123,0,0,0,name/path heuristic
"Packages/com.unity.inputsystem/InputSystem/Editor/PropertyDrawers/InputActionAssetSearchProvider.cs","MonoScript",5418,0,0,0,name/path heuristic
"Packages/com.unity.inputsystem/InputSystem/Editor/PropertyDrawers/InputActionReferenceSearchProviders.cs","MonoScript",5567,0,0,0,name/path heuristic
"Packages/com.unity.inputsystem/InputSystem/Editor/UITKAssetEditor/InputActionsEditorWindow.cs","MonoScript",20149,0,0,0,name/path heuristic
"Packages/com.unity.inputsystem/InputSystem/Editor/UITKAssetEditor/InputActionsEditorWindowUtils.cs","MonoScript",1617,0,0,0,name/path heuristic
"Packages/com.unity.inputsystem/InputSystem/Plugins/HID/HIDDescriptorWindow.cs","MonoScript",9467,0,0,0,name/path heuristic
"Packages/com.unity.inputsystem/InputSystem/Plugins/XInput/XInputControllerWindows.cs","MonoScript",4861,0,0,0,name/path heuristic
"Packages/com.unity.inputsystem/InputSystem/Plugins/XR/Devices/WindowsMR.cs","MonoScript",6012,0,0,0,name/path heuristic
"Packages/com.unity.multiplayer.center/Editor/MultiplayerCenterWindow","DefaultAsset",0,0,0,0,name/path heuristic
"Packages/com.unity.multiplayer.center/Editor/MultiplayerCenterWindow/MultiplayerCenterWindow.cs","MonoScript",8550,0,0,0,name/path heuristic
"Packages/com.unity.multiplayer.center/Editor/MultiplayerCenterWindow/RecommendationTabView.cs","MonoScript",8065,0,0,0,name/path heuristic
"Packages/com.unity.multiplayer.center/Editor/MultiplayerCenterWindow/RecommendationViewBottomBar.cs","MonoScript",5604,0,0,0,name/path heuristic
"Packages/com.unity.multiplayer.center/Editor/MultiplayerCenterWindow/TabGroup.cs","MonoScript",6532,0,0,0,name/path heuristic
"Packages/com.unity.multiplayer.center/Editor/MultiplayerCenterWindow/UI","DefaultAsset",0,0,0,0,name/path heuristic
"Packages/com.unity.multiplayer.center/Editor/MultiplayerCenterWindow/UI/dark.uss","StyleSheet",1150,0,0,0,name/path heuristic
"Packages/com.unity.multiplayer.center/Editor/MultiplayerCenterWindow/UI/Icons","DefaultAsset",0,0,0,0,name/path heuristic
"Packages/com.unity.multiplayer.center/Editor/MultiplayerCenterWindow/UI/Icons/Check.png","Texture2D",723,0,0,0,name/path heuristic
"Packages/com.unity.multiplayer.center/Editor/MultiplayerCenterWindow/UI/Icons/ClientHosted.png","Texture2D",631,0,0,0,name/path heuristic
"Packages/com.unity.multiplayer.center/Editor/MultiplayerCenterWindow/UI/Icons/ClientHosted@2x.png","Texture2D",1172,0,0,0,name/path heuristic
"Packages/com.unity.multiplayer.center/Editor/MultiplayerCenterWindow/UI/Icons/CloudCode.png","Texture2D",550,0,0,0,name/path heuristic
"Packages/com.unity.multiplayer.center/Editor/MultiplayerCenterWindow/UI/Icons/CloudCode@2x.png","Texture2D",987,0,0,0,name/path heuristic
"Packages/com.unity.multiplayer.center/Editor/MultiplayerCenterWindow/UI/Icons/CustomNetcode.png","Texture2D",897,0,0,0,name/path heuristic
"Packages/com.unity.multiplayer.center/Editor/MultiplayerCenterWindow/UI/Icons/CustomNetcode@2x.png","Texture2D",1524,0,0,0,name/path heuristic
"Packages/com.unity.multiplayer.center/Editor/MultiplayerCenterWindow/UI/Icons/d_Check.png","Texture2D",3590,0,0,0,name/path heuristic
"Packages/com.unity.multiplayer.center/Editor/MultiplayerCenterWindow/UI/Icons/d_Loading.png","Texture2D",6465,0,0,0,name/path heuristic
"Packages/com.unity.multiplayer.center/Editor/MultiplayerCenterWindow/UI/Icons/d_Package.png","Texture2D",5206,0,0,0,name/path heuristic
"Packages/com.unity.multiplayer.center/Editor/MultiplayerCenterWindow/UI/Icons/d_PackageInstalled.png","Texture2D",428,0,0,0,name/path heuristic
"Packages/com.unity.multiplayer.center/Editor/MultiplayerCenterWindow/UI/Icons/d_PackageInstalled@2x.png","Texture2D",792,0,0,0,name/path heuristic
"Packages/com.unity.multiplayer.center/Editor/MultiplayerCenterWindow/UI/Icons/d_PackageManager.png","Texture2D",235,0,0,0,name/path heuristic
"Packages/com.unity.multiplayer.center/Editor/MultiplayerCenterWindow/UI/Icons/d_PackageManager@2x.png","Texture2D",322,0,0,0,name/path heuristic
"Packages/com.unity.multiplayer.center/Editor/MultiplayerCenterWindow/UI/Icons/d_Questionnaire.png","Texture2D",3020,0,0,0,name/path heuristic
"Packages/com.unity.multiplayer.center/Editor/MultiplayerCenterWindow/UI/Icons/DedicatedServer.png","Texture2D",657,0,0,0,name/path heuristic
"Packages/com.unity.multiplayer.center/Editor/MultiplayerCenterWindow/UI/Icons/DedicatedServer@2x.png","Texture2D",1197,0,0,0,name/path heuristic
"Packages/com.unity.multiplayer.center/Editor/MultiplayerCenterWindow/UI/Icons/DistributedAuthority.png","Texture2D",432,0,0,0,name/path heuristic
"Packages/com.unity.multiplayer.center/Editor/MultiplayerCenterWindow/UI/Icons/DistributedAuthority@2x.png","Texture2D",802,0,0,0,name/path heuristic
"Packages/com.unity.multiplayer.center/Editor/MultiplayerCenterWindow/UI/Icons/EmptyViewIcon.png","Texture2D",7779,0,0,0,name/path heuristic
"Packages/com.unity.multiplayer.center/Editor/MultiplayerCenterWindow/UI/Icons/EmptyViewIcon@2x.png","Texture2D",16386,0,0,0,name/path heuristic
"Packages/com.unity.multiplayer.center/Editor/MultiplayerCenterWindow/UI/Icons/Loading.png","Texture2D",6295,0,0,0,name/path heuristic
"Packages/com.unity.multiplayer.center/Editor/MultiplayerCenterWindow/UI/Icons/N4E.png","Texture2D",974,0,0,0,name/path heuristic
"Packages/com.unity.multiplayer.center/Editor/MultiplayerCenterWindow/UI/Icons/N4E@2x.png","Texture2D",1768,0,0,0,name/path heuristic
"Packages/com.unity.multiplayer.center/Editor/MultiplayerCenterWindow/UI/Icons/NGO.png","Texture2D",1104,0,0,0,name/path heuristic
"Packages/com.unity.multiplayer.center/Editor/MultiplayerCenterWindow/UI/Icons/NGO@2x.png","Texture2D",2113,0,0,0,name/path heuristic
"Packages/com.unity.multiplayer.center/Editor/MultiplayerCenterWindow/UI/Icons/NoNetcode.png","Texture2D",407,0,0,0,name/path heuristic
"Packages/com.unity.multiplayer.center/Editor/MultiplayerCenterWindow/UI/Icons/NoNetcode@2x.png","Texture2D",609,0,0,0,name/path heuristic
"Packages/com.unity.multiplayer.center/Editor/MultiplayerCenterWindow/UI/Icons/Package.png","Texture2D",5175,0,0,0,name/path heuristic
"Packages/com.unity.multiplayer.center/Editor/MultiplayerCenterWindow/UI/Icons/PackageInstalled.png","Texture2D",427,0,0,0,name/path heuristic
"Packages/com.unity.multiplayer.center/Editor/MultiplayerCenterWindow/UI/Icons/PackageInstalled@2x.png","Texture2D",841,0,0,0,name/path heuristic
"Packages/com.unity.multiplayer.center/Editor/MultiplayerCenterWindow/UI/Icons/PackageManager.png","Texture2D",236,0,0,0,name/path heuristic
"Packages/com.unity.multiplayer.center/Editor/MultiplayerCenterWindow/UI/Icons/PackageManager@2x.png","Texture2D",309,0,0,0,name/path heuristic
"Packages/com.unity.multiplayer.center/Editor/MultiplayerCenterWindow/UI/Icons/Questionnaire.png","Texture2D",3020,0,0,0,name/path heuristic
"Packages/com.unity.multiplayer.center/Editor/MultiplayerCenterWindow/UI/light.uss","StyleSheet",1161,0,0,0,name/path heuristic
"Packages/com.unity.multiplayer.center/Editor/MultiplayerCenterWindow/UI/MultiplayerCenterWindow.uss","StyleSheet",12679,0,0,0,name/path heuristic
"Packages/com.unity.multiplayer.center/Editor/MultiplayerCenterWindow/UI/QuestionnaireView.cs","MonoScript",3097,0,0,0,name/path heuristic
"Packages/com.unity.multiplayer.center/Editor/MultiplayerCenterWindow/UI/QuestionSection.cs","MonoScript",5683,0,0,0,name/path heuristic
"Packages/com.unity.multiplayer.center/Editor/MultiplayerCenterWindow/UI/QuestionViewFactory.cs","MonoScript",6384,0,0,0,name/path heuristic
"Packages/com.unity.multiplayer.center/Editor/MultiplayerCenterWindow/UI/RecommendationView","DefaultAsset",0,0,0,0,name/path heuristic
"Packages/com.unity.multiplayer.center/Editor/MultiplayerCenterWindow/UI/RecommendationView/PackageSelectionView.cs","MonoScript",4004,0,0,0,name/path heuristic
"Packages/com.unity.multiplayer.center/Editor/MultiplayerCenterWindow/UI/RecommendationView/RecommendationItemView.cs","MonoScript",8550,0,0,0,name/path heuristic
"Packages/com.unity.multiplayer.center/Editor/MultiplayerCenterWindow/UI/RecommendationView/RecommendationView.cs","MonoScript",8741,0,0,0,name/path heuristic
"Packages/com.unity.multiplayer.center/Editor/MultiplayerCenterWindow/UI/RecommendationView/SectionHeader.cs","MonoScript",3812,0,0,0,name/path heuristic
"Packages/com.unity.multiplayer.center/Editor/MultiplayerCenterWindow/UI/RecommendationView/SolutionSelectionView.cs","MonoScript",3022,0,0,0,name/path heuristic
"Packages/com.unity.multiplayer.center/Editor/MultiplayerCenterWindow/UI/StyleClasses.cs","MonoScript",1835,0,0,0,name/path heuristic
"Packages/com.unity.multiplayer.center/Editor/MultiplayerCenterWindow/UI/ViewUtils.cs","MonoScript",546,0,0,0,name/path heuristic
"Packages/com.unity.xr.openxr/Editor/BuildTargetSupport/UWPCoreWindowBuildHooks.cs","MonoScript",3159,0,0,0,name/path heuristic
"Packages/com.unity.xr.openxr/Editor/RuntimeDebugger/RuntimeDebuggerWindow.cs","MonoScript",11078,0,0,0,name/path heuristic
"Packages/com.unity.xr.openxr/Runtime/ConformanceAutomation/universalwindows","DefaultAsset",0,0,0,0,name/path heuristic
"Packages/com.unity.xr.openxr/Runtime/ConformanceAutomation/universalwindows/arm32","DefaultAsset",0,0,0,0,name/path heuristic
"Packages/com.unity.xr.openxr/Runtime/ConformanceAutomation/universalwindows/arm32/ConformanceAutomationExt.dll","DefaultAsset",22016,0,0,0,name/path heuristic
"Packages/com.unity.xr.openxr/Runtime/ConformanceAutomation/universalwindows/arm64","DefaultAsset",0,0,0,0,name/path heuristic
"Packages/com.unity.xr.openxr/Runtime/ConformanceAutomation/universalwindows/arm64/ConformanceAutomationExt.dll","DefaultAsset",24576,0,0,0,name/path heuristic
"Packages/com.unity.xr.openxr/Runtime/ConformanceAutomation/universalwindows/x64","DefaultAsset",0,0,0,0,name/path heuristic
"Packages/com.unity.xr.openxr/Runtime/ConformanceAutomation/universalwindows/x64/ConformanceAutomationExt.dll","DefaultAsset",24064,0,0,0,name/path heuristic
"Packages/com.unity.xr.openxr/Runtime/ConformanceAutomation/windows","DefaultAsset",0,0,0,0,name/path heuristic
"Packages/com.unity.xr.openxr/Runtime/ConformanceAutomation/windows/x64","DefaultAsset",0,0,0,0,name/path heuristic
"Packages/com.unity.xr.openxr/Runtime/ConformanceAutomation/windows/x64/ConformanceAutomationExt.dll","DefaultAsset",107520,0,0,0,name/path heuristic
"Packages/com.unity.xr.openxr/Runtime/MockRuntime/windows","DefaultAsset",0,0,0,0,name/path heuristic
"Packages/com.unity.xr.openxr/Runtime/MockRuntime/windows/x64","DefaultAsset",0,0,0,0,name/path heuristic
"Packages/com.unity.xr.openxr/Runtime/MockRuntime/windows/x64/mock_api.dll","DefaultAsset",127488,0,0,0,name/path heuristic
"Packages/com.unity.xr.openxr/Runtime/MockRuntime/windows/x64/mock_runtime.dll","DefaultAsset",442368,0,0,0,name/path heuristic
"Packages/com.unity.xr.openxr/Runtime/MockRuntime/windows/x64/openxr_loader.dll","DefaultAsset",137216,0,0,0,name/path heuristic
"Packages/com.unity.xr.openxr/Runtime/RuntimeDebugger/universalwindows","DefaultAsset",0,0,0,0,name/path heuristic
"Packages/com.unity.xr.openxr/Runtime/RuntimeDebugger/universalwindows/arm32","DefaultAsset",0,0,0,0,name/path heuristic
"Packages/com.unity.xr.openxr/Runtime/RuntimeDebugger/universalwindows/arm32/openxr_runtime_debugger.dll","DefaultAsset",517632,0,0,0,name/path heuristic
"Packages/com.unity.xr.openxr/Runtime/RuntimeDebugger/universalwindows/arm64","DefaultAsset",0,0,0,0,name/path heuristic
"Packages/com.unity.xr.openxr/Runtime/RuntimeDebugger/universalwindows/arm64/openxr_runtime_debugger.dll","DefaultAsset",11847680,0,0,0,name/path heuristic
"Packages/com.unity.xr.openxr/Runtime/RuntimeDebugger/universalwindows/x64","DefaultAsset",0,0,0,0,name/path heuristic
"Packages/com.unity.xr.openxr/Runtime/RuntimeDebugger/universalwindows/x64/openxr_runtime_debugger.dll","DefaultAsset",569856,0,0,0,name/path heuristic
"Packages/com.unity.xr.openxr/Runtime/RuntimeDebugger/windows","DefaultAsset",0,0,0,0,name/path heuristic
"Packages/com.unity.xr.openxr/Runtime/RuntimeDebugger/windows/x64","DefaultAsset",0,0,0,0,name/path heuristic
"Packages/com.unity.xr.openxr/Runtime/RuntimeDebugger/windows/x64/openxr_runtime_debugger.dll","DefaultAsset",809472,0,0,0,name/path heuristic
"Packages/com.unity.xr.openxr/Runtime/universalwindows","DefaultAsset",0,0,0,0,name/path heuristic
"Packages/com.unity.xr.openxr/Runtime/universalwindows/arm32","DefaultAsset",0,0,0,0,name/path heuristic
"Packages/com.unity.xr.openxr/Runtime/universalwindows/arm32/UnityOpenXR.dll","DefaultAsset",449536,0,0,0,name/path heuristic
"Packages/com.unity.xr.openxr/Runtime/universalwindows/arm64","DefaultAsset",0,0,0,0,name/path heuristic
"Packages/com.unity.xr.openxr/Runtime/universalwindows/arm64/UnityOpenXR.dll","DefaultAsset",571904,0,0,0,name/path heuristic
"Packages/com.unity.xr.openxr/Runtime/universalwindows/x64","DefaultAsset",0,0,0,0,name/path heuristic
"Packages/com.unity.xr.openxr/Runtime/universalwindows/x64/UnityOpenXR.dll","DefaultAsset",615936,0,0,0,name/path heuristic
"Packages/com.unity.xr.openxr/Runtime/windows","DefaultAsset",0,0,0,0,name/path heuristic
"Packages/com.unity.xr.openxr/Runtime/windows/x64","DefaultAsset",0,0,0,0,name/path heuristic
"Packages/com.unity.xr.openxr/Runtime/windows/x64/UnityOpenXR.dll","DefaultAsset",863744,0,0,0,name/path heuristic
"Packages/com.unity.xr.openxr/RuntimeLoaders/universalwindows","DefaultAsset",0,0,0,0,name/path heuristic
"Packages/com.unity.xr.openxr/RuntimeLoaders/universalwindows/arm32","DefaultAsset",0,0,0,0,name/path heuristic
"Packages/com.unity.xr.openxr/RuntimeLoaders/universalwindows/arm32/openxr_loader.dll","DefaultAsset",329216,0,0,0,name/path heuristic
"Packages/com.unity.xr.openxr/RuntimeLoaders/universalwindows/arm64","DefaultAsset",0,0,0,0,name/path heuristic
"Packages/com.unity.xr.openxr/RuntimeLoaders/universalwindows/arm64/openxr_loader.dll","DefaultAsset",387584,0,0,0,name/path heuristic
"Packages/com.unity.xr.openxr/RuntimeLoaders/universalwindows/x64","DefaultAsset",0,0,0,0,name/path heuristic
"Packages/com.unity.xr.openxr/RuntimeLoaders/universalwindows/x64/openxr_loader.dll","DefaultAsset",343552,0,0,0,name/path heuristic
"Packages/com.unity.xr.openxr/RuntimeLoaders/windows","DefaultAsset",0,0,0,0,name/path heuristic
"Packages/com.unity.xr.openxr/RuntimeLoaders/windows/x64","DefaultAsset",0,0,0,0,name/path heuristic
"Packages/com.unity.xr.openxr/RuntimeLoaders/windows/x64/openxr_loader.dll","DefaultAsset",2373632,0,0,0,name/path heuristic
"Packages/com.unity.test-framework.performance/Editor/TestReportGraph/TestReportWindow.cs","MonoScript",34689,0,0,0,name/path heuristic
"Packages/com.unity.test-framework.performance/Editor/UIElements/ToolbarWithSearch.cs","MonoScript",1200,0,0,0,name/path heuristic
"Packages/com.unity.probuilder/Content/Icons/Tools/ShapeTool/Arch.png","Texture2D",418,0,0,0,name/path heuristic
"Packages/com.unity.probuilder/Content/Icons/Tools/ShapeTool/Arch@2x.png","Texture2D",728,0,0,0,name/path heuristic
"Packages/com.unity.probuilder/Content/Icons/Tools/ShapeTool/Arch_Light.png","Texture2D",414,0,0,0,name/path heuristic
"Packages/com.unity.probuilder/Content/Icons/Tools/ShapeTool/Arch_Light@2x.png","Texture2D",725,0,0,0,name/path heuristic
"Packages/com.unity.probuilder/Content/Icons/Tools/ShapeTool/Door.png","Texture2D",335,0,0,0,name/path heuristic
"Packages/com.unity.probuilder/Content/Icons/Tools/ShapeTool/Door@2x.png","Texture2D",481,0,0,0,name/path heuristic
"Packages/com.unity.probuilder/Content/Icons/Tools/ShapeTool/Door_Light.png","Texture2D",344,0,0,0,name/path heuristic
"Packages/com.unity.probuilder/Content/Icons/Tools/ShapeTool/Door_Light@2x.png","Texture2D",475,0,0,0,name/path heuristic
"Packages/com.unity.probuilder/Content/Icons/Tools/ShapeTool/on/Arch.png","Texture2D",352,0,0,0,name/path heuristic
"Packages/com.unity.probuilder/Content/Icons/Tools/ShapeTool/on/Arch@2x.png","Texture2D",672,0,0,0,name/path heuristic
"Packages/com.unity.probuilder/Content/Icons/Tools/ShapeTool/on/Door.png","Texture2D",304,0,0,0,name/path heuristic
"Packages/com.unity.probuilder/Content/Icons/Tools/ShapeTool/on/Door@2x.png","Texture2D",452,0,0,0,name/path heuristic
"Packages/com.unity.probuilder/Content/Icons/Tools/ShapeTool/on/Stair.png","Texture2D",345,0,0,0,name/path heuristic
"Packages/com.unity.probuilder/Content/Icons/Tools/ShapeTool/on/Stair@2x.png","Texture2D",514,0,0,0,name/path heuristic
"Packages/com.unity.probuilder/Content/Icons/Tools/ShapeTool/Stairs.png","Texture2D",354,0,0,0,name/path heuristic
"Packages/com.unity.probuilder/Content/Icons/Tools/ShapeTool/Stairs@2x.png","Texture2D",535,0,0,0,name/path heuristic
"Packages/com.unity.probuilder/Content/Icons/Tools/ShapeTool/Stairs_Light.png","Texture2D",337,0,0,0,name/path heuristic
"Packages/com.unity.probuilder/Content/Icons/Tools/ShapeTool/Stairs_Light@2x.png","Texture2D",557,0,0,0,name/path heuristic
"Packages/com.unity.probuilder/Editor/EditorCore/ConfigurableWindow.cs","MonoScript",2426,0,0,0,name/path heuristic
"Packages/com.unity.probuilder/Editor/EditorCore/HierarchyListener.cs","MonoScript",6767,0,0,0,name/path heuristic
"Packages/com.unity.probuilder/Runtime/Shapes/Arch.cs","MonoScript",9388,0,0,0,name/path heuristic
"Packages/com.unity.probuilder/Runtime/Shapes/Door.cs","MonoScript",6675,0,0,0,name/path heuristic
"Packages/com.unity.probuilder/Runtime/Shapes/Stairs.cs","MonoScript",26144,0,0,0,name/path heuristic
"Packages/com.unity.performance.profile-analyzer/Editor/Columns.cs","MonoScript",5248,0,0,0,name/path heuristic
"Packages/com.unity.performance.profile-analyzer/Editor/MarkerColumnFilter.cs","MonoScript",1246,0,0,0,name/path heuristic
"Packages/com.unity.performance.profile-analyzer/Editor/ProfileAnalyzerExportWindow.cs","MonoScript",14323,0,0,0,name/path heuristic
"Packages/com.unity.performance.profile-analyzer/Editor/ProfileAnalyzerWindow.cs","MonoScript",266180,0,0,0,name/path heuristic
"Packages/com.unity.performance.profile-analyzer/Editor/ProfilerWindowInterface.cs","MonoScript",38448,0,0,0,name/path heuristic
"Packages/com.unity.performance.profile-analyzer/Editor/ThreadSelectionWindow.cs","MonoScript",37150,0,0,0,name/path heuristic
"Packages/com.unity.scriptablebuildpipeline/Editor/Tasks/ArchiveAndCompressBundles.cs","MonoScript",19726,0,0,0,name/path heuristic
"Packages/com.unity.scriptablebuildpipeline/Tests/Editor/ArchiveAndCompressTestFixture.cs","MonoScript",8595,0,0,0,name/path heuristic
"Packages/com.unity.scriptablebuildpipeline/Tests/Editor/ArchiveAndCompressTests.cs","MonoScript",25175,0,0,0,name/path heuristic
"Packages/com.unity.render-pipelines.core/Editor/Debugging/DebugWindow.cs","MonoScript",25774,0,0,0,name/path heuristic
"Packages/com.unity.render-pipelines.core/Editor/EditorWindowWithHelpButton.cs","MonoScript",1368,0,0,0,name/path heuristic
"Packages/com.unity.render-pipelines.core/Editor/FilterWindow.cs","MonoScript",26889,0,0,0,name/path heuristic
"Packages/com.unity.render-pipelines.core/Editor/Gizmo/HierarchicalBox.cs","MonoScript",25004,0,0,0,name/path heuristic
"Packages/com.unity.render-pipelines.core/Editor/Gizmo/HierarchicalSphere.cs","MonoScript",7758,0,0,0,name/path heuristic
"Packages/com.unity.render-pipelines.core/Editor/Lighting/Icons/PresetRim_Left.png","Texture2D",6445,0,0,0,name/path heuristic
"Packages/com.unity.render-pipelines.core/Editor/Lighting/Icons/PresetRim_Right.png","Texture2D",6853,0,0,0,name/path heuristic
"Packages/com.unity.render-pipelines.core/Editor/LookDev/DisplayWindow-PersonalSkin.uss","StyleSheet",986,0,0,0,name/path heuristic
"Packages/com.unity.render-pipelines.core/Editor/LookDev/DisplayWindow.cs","MonoScript",34441,0,0,0,name/path heuristic
"Packages/com.unity.render-pipelines.core/Editor/LookDev/DisplayWindow.DebugSidePanel.cs","MonoScript",11826,0,0,0,name/path heuristic
"Packages/com.unity.render-pipelines.core/Editor/LookDev/DisplayWindow.EnvironmentLibrarySidePanel.cs","MonoScript",21496,0,0,0,name/path heuristic
"Packages/com.unity.render-pipelines.core/Editor/LookDev/DisplayWindow.uss","StyleSheet",5918,0,0,0,name/path heuristic
"Packages/com.unity.render-pipelines.core/Editor-PrivateShared/Tools/Converter/SearchServiceUtils.cs","MonoScript",3214,0,0,0,name/path heuristic
"Packages/com.unity.render-pipelines.core/Editor-PrivateShared/Tools/Converter/Window","DefaultAsset",0,0,0,0,name/path heuristic
"Packages/com.unity.render-pipelines.core/Editor-PrivateShared/Tools/Converter/Window/RenderPipelineConverterItemVisualElement.cs","MonoScript",2678,0,0,0,name/path heuristic
"Packages/com.unity.render-pipelines.core/Editor-PrivateShared/Tools/Converter/Window/RenderPipelineConverterItemVisualElement.uxml","VisualTreeAsset",1221,0,0,0,name/path heuristic
"Packages/com.unity.render-pipelines.core/Editor-PrivateShared/Tools/Converter/Window/RenderPipelineConvertersEditor.cs","MonoScript",19260,0,0,0,name/path heuristic
"Packages/com.unity.render-pipelines.core/Editor-PrivateShared/Tools/Converter/Window/RenderPipelineConvertersEditor.uss","StyleSheet",1619,0,0,0,name/path heuristic
"Packages/com.unity.render-pipelines.core/Editor-PrivateShared/Tools/Converter/Window/RenderPipelineConvertersEditor.uxml","VisualTreeAsset",1905,0,0,0,name/path heuristic
"Packages/com.unity.render-pipelines.core/Editor-PrivateShared/Tools/Converter/Window/RenderPipelineConverterVisualElement.cs","MonoScript",12251,0,0,0,name/path heuristic
"Packages/com.unity.render-pipelines.core/Editor-PrivateShared/Tools/Converter/Window/RenderPipelineConverterVisualElement.uss","StyleSheet",1803,0,0,0,name/path heuristic
"Packages/com.unity.render-pipelines.core/Editor-PrivateShared/Tools/Converter/Window/RenderPipelineConverterVisualElement.uxml","VisualTreeAsset",2814,0,0,0,name/path heuristic
"Packages/com.unity.render-pipelines.core/Runtime/RenderPipelineResources/Mesh/SamplesFloorSpotlight.fbx","GameObject",37484,640,724,3,name/path heuristic
"Packages/com.unity.render-pipelines.core/Runtime/UnifiedRayTracing/Common/TerrainToMesh.cs","MonoScript",9374,0,0,0,name/path heuristic
"Packages/com.unity.searcher/CHANGELOG.md","TextAsset",11677,0,0,0,name/path heuristic
"Packages/com.unity.searcher/Editor","DefaultAsset",0,0,0,0,name/path heuristic
"Packages/com.unity.searcher/Editor/AssemblyInfo.cs","MonoScript",122,0,0,0,name/path heuristic
"Packages/com.unity.searcher/Editor/Resources","DefaultAsset",0,0,0,0,name/path heuristic
"Packages/com.unity.searcher/Editor/Resources/FlatSkin","DefaultAsset",0,0,0,0,name/path heuristic
"Packages/com.unity.searcher/Editor/Resources/FlatSkin/Font","DefaultAsset",0,0,0,0,name/path heuristic
"Packages/com.unity.searcher/Editor/Resources/FlatSkin/Font/Roboto-Black.ttf","Font",142472,0,0,0,name/path heuristic
"Packages/com.unity.searcher/Editor/Resources/FlatSkin/Font/Roboto-BlackItalic.ttf","Font",149644,0,0,0,name/path heuristic
"Packages/com.unity.searcher/Editor/Resources/FlatSkin/Font/Roboto-Bold.ttf","Font",135820,0,0,0,name/path heuristic
"Packages/com.unity.searcher/Editor/Resources/FlatSkin/Font/Roboto-BoldItalic.ttf","Font",144700,0,0,0,name/path heuristic
"Packages/com.unity.searcher/Editor/Resources/FlatSkin/Font/Roboto-Italic.ttf","Font",148540,0,0,0,name/path heuristic
"Packages/com.unity.searcher/Editor/Resources/FlatSkin/Font/Roboto-Light.ttf","Font",140276,0,0,0,name/path heuristic
"Packages/com.unity.searcher/Editor/Resources/FlatSkin/Font/Roboto-LightItalic.ttf","Font",145932,0,0,0,name/path heuristic
"Packages/com.unity.searcher/Editor/Resources/FlatSkin/Font/Roboto-Medium.ttf","Font",137308,0,0,0,name/path heuristic
"Packages/com.unity.searcher/Editor/Resources/FlatSkin/Font/Roboto-MediumItalic.ttf","Font",147876,0,0,0,name/path heuristic
"Packages/com.unity.searcher/Editor/Resources/FlatSkin/Font/Roboto-Regular.ttf","Font",145348,0,0,0,name/path heuristic
"Packages/com.unity.searcher/Editor/Resources/FlatSkin/Font/Roboto-Thin.ttf","Font",130044,0,0,0,name/path heuristic
"Packages/com.unity.searcher/Editor/Resources/FlatSkin/Font/Roboto-ThinItalic.ttf","Font",132376,0,0,0,name/path heuristic
"Packages/com.unity.searcher/Editor/Resources/FlatSkin/SearchSmallDownOff.png","Texture2D",2744,0,0,0,name/path heuristic
"Packages/com.unity.searcher/Editor/Resources/FlatSkin/SearchSmallDownOff@2x.png","Texture2D",2492,0,0,0,name/path heuristic
"Packages/com.unity.searcher/Editor/Resources/FlatSkin/SearchSmallDownOn.png","Texture2D",2669,0,0,0,name/path heuristic
"Packages/com.unity.searcher/Editor/Resources/FlatSkin/SearchSmallDownOn@2x.png","Texture2D",3344,0,0,0,name/path heuristic
"Packages/com.unity.searcher/Editor/Resources/Searcher.uss","StyleSheet",5181,0,0,0,name/path heuristic
"Packages/com.unity.searcher/Editor/Resources/SearcherItem.uxml","VisualTreeAsset",447,0,0,0,name/path heuristic
"Packages/com.unity.searcher/Editor/Resources/SearcherWindow.uxml","VisualTreeAsset",1434,0,0,0,name/path heuristic
"Packages/com.unity.searcher/Editor/Searcher","DefaultAsset",0,0,0,0,name/path heuristic
"Packages/com.unity.searcher/Editor/Searcher/Searcher.cs","MonoScript",3796,0,0,0,name/path heuristic
"Packages/com.unity.searcher/Editor/Searcher/SearcherAdapter.cs","MonoScript",4407,0,0,0,name/path heuristic
"Packages/com.unity.searcher/Editor/Searcher/SearcherControl.cs","MonoScript",29327,0,0,0,name/path heuristic
"Packages/com.unity.searcher/Editor/Searcher/SearcherDatabase.cs","MonoScript",13601,0,0,0,name/path heuristic
"Packages/com.unity.searcher/Editor/Searcher/SearcherDatabaseBase.cs","MonoScript",2656,0,0,0,name/path heuristic
"Packages/com.unity.searcher/Editor/Searcher/SearcherHighlighter.cs","MonoScript",3742,0,0,0,name/path heuristic
"Packages/com.unity.searcher/Editor/Searcher/SearcherItem.cs","MonoScript",3932,0,0,0,name/path heuristic
"Packages/com.unity.searcher/Editor/Searcher/SearcherTreeUtility.cs","MonoScript",3396,0,0,0,name/path heuristic
"Packages/com.unity.searcher/Editor/Searcher/SearcherWindow.cs","MonoScript",14855,0,0,0,name/path heuristic
"Packages/com.unity.searcher/Editor/Unity.Searcher.Editor.asmdef","AssemblyDefinitionAsset",140,0,0,0,name/path heuristic
"Packages/com.unity.searcher/LICENSE.md","TextAsset",5842,0,0,0,name/path heuristic
"Packages/com.unity.searcher/package.json","PackageManifest",1010,0,0,0,name/path heuristic
"Packages/com.unity.searcher/README.md","TextAsset",4685,0,0,0,name/path heuristic
"Packages/com.unity.searcher/Tests","DefaultAsset",0,0,0,0,name/path heuristic
"Packages/com.unity.searcher/Tests/Editor","DefaultAsset",0,0,0,0,name/path heuristic
"Packages/com.unity.searcher/Tests/Editor/SearcherItemCollectionEquivalentConstraint.cs","MonoScript",2320,0,0,0,name/path heuristic
"Packages/com.unity.searcher/Tests/Editor/SearcherTests.cs","MonoScript",20980,0,0,0,name/path heuristic
"Packages/com.unity.searcher/Tests/Editor/SearcherTreeUtilityTests.cs","MonoScript",2906,0,0,0,name/path heuristic
"Packages/com.unity.searcher/Tests/Editor/Unity.Searcher.EditorTests.asmdef","AssemblyDefinitionAsset",384,0,0,0,name/path heuristic
"Packages/com.unity.shadergraph/Editor/Data/Nodes/Math/Round/CeilingNode.cs","MonoScript",705,0,0,0,name/path heuristic
"Packages/com.unity.shadergraph/Editor/Data/Nodes/Math/Round/FloorNode.cs","MonoScript",696,0,0,0,name/path heuristic
"Packages/com.unity.shadergraph/Editor/Data/Nodes/Terrain","DefaultAsset",0,0,0,0,name/path heuristic
"Packages/com.unity.shadergraph/Editor/Data/Nodes/Terrain/TerrainPropertiesNode.cs","MonoScript",2045,0,0,0,name/path heuristic
"Packages/com.unity.shadergraph/Editor/Data/Nodes/Terrain/TerrainTexture.cs","MonoScript",12495,0,0,0,name/path heuristic
"Packages/com.unity.shadergraph/Editor/Drawing/Inspector/WindowDockingLayout.cs","MonoScript",3740,0,0,0,name/path heuristic
"Packages/com.unity.shadergraph/Editor/Drawing/Manipulators/WindowDraggable.cs","MonoScript",6800,0,0,0,name/path heuristic
"Packages/com.unity.shadergraph/Editor/Drawing/MaterialGraphEditWindow.cs","MonoScript",56527,0,0,0,name/path heuristic
"Packages/com.unity.shadergraph/Editor/Drawing/SearchWindowAdapter.cs","MonoScript",5176,0,0,0,name/path heuristic
"Packages/com.unity.shadergraph/Editor/Drawing/SearchWindowProvider.cs","MonoScript",20188,0,0,0,name/path heuristic
"Packages/com.unity.shadergraph/Editor/Drawing/Views/GraphSubWindow.cs","MonoScript",13108,0,0,0,name/path heuristic
"Packages/com.unity.shadergraph/Editor/Generation/Targets/BuiltIn/Editor/ShaderGraph/Includes/LegacyBuilding.hlsl","ShaderInclude",1848,0,0,0,name/path heuristic
"Packages/com.unity.shadergraph/Editor/Generation/Targets/Terrain","DefaultAsset",0,0,0,0,name/path heuristic
"Packages/com.unity.shadergraph/Editor/Generation/Targets/Terrain/Includes","DefaultAsset",0,0,0,0,name/path heuristic
"Packages/com.unity.shadergraph/Editor/Generation/Targets/Terrain/Includes/TerrainPropertiesVariables.hlsl","ShaderInclude",540,0,0,0,name/path heuristic
"Packages/com.unity.shadergraph/Editor/Generation/Targets/Terrain/Includes/TerrainTextureVariables.hlsl","ShaderInclude",233,0,0,0,name/path heuristic
"Packages/com.unity.shadergraph/Editor/Generation/Targets/Terrain/ITerrainSubTarget.cs","MonoScript",184,0,0,0,name/path heuristic
"Packages/com.unity.shadergraph/Editor/Resources/Styles/GraphSubWindow.uss","StyleSheet",1923,0,0,0,name/path heuristic
"Packages/com.unity.shadergraph/Editor/Resources/UXML/GraphSubWindow.uxml","VisualTreeAsset",650,0,0,0,name/path heuristic
"Packages/com.unity.shadergraph/GraphTemplates/Cross Pipeline/Terrain Simple.shadergraph","Shader",169032,0,0,0,name/path heuristic
"Packages/com.unity.shadergraph/GraphTemplates/Cross Pipeline/TerrainSimpleTemplateThumbnail.png","Texture2D",1604375,0,0,0,name/path heuristic
"Packages/com.unity.shadergraph/GraphTemplates/Cross Pipeline/TerrainStandardTemplateThumbnail.png","Texture2D",2085694,0,0,0,name/path heuristic
"Packages/com.unity.shadergraph/GraphTemplates/Subgraphs/Terrain","DefaultAsset",0,0,0,0,name/path heuristic
"Packages/com.unity.shadergraph/GraphTemplates/Subgraphs/Terrain/Blend Layers Add.shadersubgraph","SubGraphAsset",53552,0,0,0,name/path heuristic
"Packages/com.unity.shadergraph/GraphTemplates/Subgraphs/Terrain/Blend Layers Alpha.shadersubgraph","SubGraphAsset",83084,0,0,0,name/path heuristic
"Packages/com.unity.shadergraph/GraphTemplates/Subgraphs/Terrain/Distance Fade.shadersubgraph","SubGraphAsset",50133,0,0,0,name/path heuristic
"Packages/com.unity.shadergraph/GraphTemplates/Subgraphs/Terrain/Height Based Splat Modify.shadersubgraph","SubGraphAsset",167305,0,0,0,name/path heuristic
"Packages/com.unity.shadergraph/GraphTemplates/Subgraphs/Terrain/Layer Standard.shadersubgraph","SubGraphAsset",142706,0,0,0,name/path heuristic
"Packages/com.unity.shadergraph/GraphTemplates/Subgraphs/Terrain/Pack Material.shadersubgraph","SubGraphAsset",43804,0,0,0,name/path heuristic
"Packages/com.unity.shadergraph/GraphTemplates/Subgraphs/Terrain/Premultiply Layer.shadersubgraph","SubGraphAsset",53832,0,0,0,name/path heuristic
"Packages/com.unity.shadergraph/GraphTemplates/Subgraphs/Terrain/Unpack Material.shadersubgraph","SubGraphAsset",23277,0,0,0,name/path heuristic
"Packages/com.unity.splines/Editor/GUI/SplineDataConversionWindow.cs","MonoScript",6792,0,0,0,name/path heuristic
"Packages/com.unity.splines/Editor/GUI/ToolbarsOverlays/SplineHandleSettingsWindow.cs","MonoScript",3371,0,0,0,name/path heuristic
"Packages/com.unity.test-framework/UnityEditor.TestRunner/TestRunner/Callbacks/WindowResultUpdater.cs","MonoScript",1507,0,0,0,name/path heuristic
"Packages/com.unity.test-framework/UnityEditor.TestRunner/TestRunner/Callbacks/WindowResultUpdaterDataHolder.cs","MonoScript",345,0,0,0,name/path heuristic
"Packages/com.unity.test-framework/UnityEditor.TestRunner/TestRunnerWindow.cs","MonoScript",10852,0,0,0,name/path heuristic
"Packages/com.unity.test-framework/UnityEditor.TestRunner/TestRunnerWindowSettings.cs","MonoScript",652,0,0,0,name/path heuristic
"Packages/com.unity.timeline/Editor/Manipulators/Sequence/TrimClip.cs","MonoScript",7592,0,0,0,name/path heuristic
"Packages/com.unity.timeline/Editor/Manipulators/Trim","DefaultAsset",0,0,0,0,name/path heuristic
"Packages/com.unity.timeline/Editor/Manipulators/Trim/ITrimItemMode.cs","MonoScript",497,0,0,0,name/path heuristic
"Packages/com.unity.timeline/Editor/Manipulators/Trim/TrimItemModeMix.cs","MonoScript",3665,0,0,0,name/path heuristic
"Packages/com.unity.timeline/Editor/Manipulators/Trim/TrimItemModeReplace.cs","MonoScript",4861,0,0,0,name/path heuristic
"Packages/com.unity.timeline/Editor/Manipulators/Trim/TrimItemModeRipple.cs","MonoScript",3344,0,0,0,name/path heuristic
"Packages/com.unity.timeline/Editor/State/SequenceHierarchy.cs","MonoScript",9581,0,0,0,name/path heuristic
"Packages/com.unity.timeline/Editor/State/WindowState.cs","MonoScript",39997,0,0,0,name/path heuristic
"Packages/com.unity.timeline/Editor/Utilities/SpacePartitioner.cs","MonoScript",3796,0,0,0,name/path heuristic
"Packages/com.unity.timeline/Editor/Window","DefaultAsset",0,0,0,0,name/path heuristic
"Packages/com.unity.timeline/Editor/Window/Modes","DefaultAsset",0,0,0,0,name/path heuristic
"Packages/com.unity.timeline/Editor/Window/Modes/TimelineActiveMode.cs","MonoScript",1183,0,0,0,name/path heuristic
"Packages/com.unity.timeline/Editor/Window/Modes/TimelineAssetEditionMode.cs","MonoScript",816,0,0,0,name/path heuristic
"Packages/com.unity.timeline/Editor/Window/Modes/TimelineDisabledMode.cs","MonoScript",1194,0,0,0,name/path heuristic
"Packages/com.unity.timeline/Editor/Window/Modes/TimelineInactiveMode.cs","MonoScript",1326,0,0,0,name/path heuristic
"Packages/com.unity.timeline/Editor/Window/Modes/TimelineMode.cs","MonoScript",2808,0,0,0,name/path heuristic
"Packages/com.unity.timeline/Editor/Window/Modes/TimelineReadOnlyMode.cs","MonoScript",1712,0,0,0,name/path heuristic
"Packages/com.unity.timeline/Editor/Window/Modes/TimeReferenceMode.cs","MonoScript",112,0,0,0,name/path heuristic
"Packages/com.unity.timeline/Editor/Window/OverlayDrawer.cs","MonoScript",3218,0,0,0,name/path heuristic
"Packages/com.unity.timeline/Editor/Window/PlaybackScroller.cs","MonoScript",2129,0,0,0,name/path heuristic
"Packages/com.unity.timeline/Editor/Window/SequenceContext.cs","MonoScript",5419,0,0,0,name/path heuristic
"Packages/com.unity.timeline/Editor/Window/TimelineEditorWindow.cs","MonoScript",2347,0,0,0,name/path heuristic
"Packages/com.unity.timeline/Editor/Window/TimelineMarkerHeaderGUI.cs","MonoScript",8144,0,0,0,name/path heuristic
"Packages/com.unity.timeline/Editor/Window/TimelineNavigator.cs","MonoScript",5024,0,0,0,name/path heuristic
"Packages/com.unity.timeline/Editor/Window/TimelinePlaybackControls.cs","MonoScript",7454,0,0,0,name/path heuristic
"Packages/com.unity.timeline/Editor/Window/TimelineWindow.cs","MonoScript",19136,0,0,0,name/path heuristic
"Packages/com.unity.timeline/Editor/Window/TimelineWindow_ActiveTimeline.cs","MonoScript",3092,0,0,0,name/path heuristic
"Packages/com.unity.timeline/Editor/Window/TimelineWindow_Breadcrumbs.cs","MonoScript",4851,0,0,0,name/path heuristic
"Packages/com.unity.timeline/Editor/Window/TimelineWindow_Duration.cs","MonoScript",5169,0,0,0,name/path heuristic
"Packages/com.unity.timeline/Editor/Window/TimelineWindow_EditorCallbacks.cs","MonoScript",14135,0,0,0,name/path heuristic
"Packages/com.unity.timeline/Editor/Window/TimelineWindow_Gui.cs","MonoScript",17863,0,0,0,name/path heuristic
"Packages/com.unity.timeline/Editor/Window/TimelineWindow_HeaderGui.cs","MonoScript",11055,0,0,0,name/path heuristic
"Packages/com.unity.timeline/Editor/Window/TimelineWindow_Manipulators.cs","MonoScript",2137,0,0,0,name/path heuristic
"Packages/com.unity.timeline/Editor/Window/TimelineWindow_Navigator.cs","MonoScript",6805,0,0,0,name/path heuristic
"Packages/com.unity.timeline/Editor/Window/TimelineWindow_PlayableLookup.cs","MonoScript",2820,0,0,0,name/path heuristic
"Packages/com.unity.timeline/Editor/Window/TimelineWindow_PlaybackControls.cs","MonoScript",3510,0,0,0,name/path heuristic
"Packages/com.unity.timeline/Editor/Window/TimelineWindow_PlayRange.cs","MonoScript",4882,0,0,0,name/path heuristic
"Packages/com.unity.timeline/Editor/Window/TimelineWindow_PreviewPlayMode.cs","MonoScript",2839,0,0,0,name/path heuristic
"Packages/com.unity.timeline/Editor/Window/TimelineWindow_Selection.cs","MonoScript",3087,0,0,0,name/path heuristic
"Packages/com.unity.timeline/Editor/Window/TimelineWindow_StateChange.cs","MonoScript",1873,0,0,0,name/path heuristic
"Packages/com.unity.timeline/Editor/Window/TimelineWindow_TimeArea.cs","MonoScript",3471,0,0,0,name/path heuristic
"Packages/com.unity.timeline/Editor/Window/TimelineWindow_TimeCursor.cs","MonoScript",2743,0,0,0,name/path heuristic
"Packages/com.unity.timeline/Editor/Window/TimelineWindow_TrackGui.cs","MonoScript",6259,0,0,0,name/path heuristic
"Packages/com.unity.timeline/Editor/Window/TimelineWindowAnalytics.cs","MonoScript",6025,0,0,0,name/path heuristic
"Packages/com.unity.timeline/Editor/Window/TimelineWindowTimeControl.cs","MonoScript",8822,0,0,0,name/path heuristic
"Packages/com.unity.timeline/Editor/Window/ViewModel","DefaultAsset",0,0,0,0,name/path heuristic
"Packages/com.unity.timeline/Editor/Window/ViewModel/ScriptableObjectViewPrefs.cs","MonoScript",3536,0,0,0,name/path heuristic
"Packages/com.unity.timeline/Editor/Window/ViewModel/TimelineAssetViewModel.cs","MonoScript",4691,0,0,0,name/path heuristic
"Packages/com.unity.timeline/Editor/Window/ViewModel/TimelineAssetViewModel_versions.cs","MonoScript",939,0,0,0,name/path heuristic
"Packages/com.unity.timeline/Editor/Window/ViewModel/TimelineWindowViewPrefs.cs","MonoScript",5835,0,0,0,name/path heuristic
"Packages/com.unity.timeline/Editor/Window/WindowConstants.cs","MonoScript",1838,0,0,0,name/path heuristic
"Packages/com.unity.ugui/Editor/TMP/TMPro_FontAssetCreatorWindow.cs","MonoScript",97707,0,0,0,name/path heuristic
"Packages/com.unity.ugui/Tests/Editor/UGUI/CanvasRenderer/ChangingHierarchyOfCanvasRenderer.cs","MonoScript",1380,0,0,0,name/path heuristic
"Packages/com.unity.ugui/Tests/Editor/UGUI/WrapperWindowFixture.cs","MonoScript",1799,0,0,0,name/path heuristic
"Packages/com.unity.collab-proxy/Editor/_Deprecated/UI/CooldownWindowDelayer.cs","MonoScript",987,0,0,0,name/path heuristic
"Packages/com.unity.collab-proxy/Editor/AssetMenu/HierarchyViewAssetMenu.cs","MonoScript",11184,0,0,0,name/path heuristic
"Packages/com.unity.collab-proxy/Editor/AssetMenu/HierarchyViewAssetSelection.cs","MonoScript",513,0,0,0,name/path heuristic
"Packages/com.unity.collab-proxy/Editor/AssetOverlays/DrawHierarchyOverlay.cs","MonoScript",6077,0,0,0,name/path heuristic
"Packages/com.unity.collab-proxy/Editor/Assets/Layouts/TeamEditionConfigurationWindow.uxml","VisualTreeAsset",2000,0,0,0,name/path heuristic
"Packages/com.unity.collab-proxy/Editor/Assets/Styles/TeamEditionConfigurationWindow.uss","StyleSheet",351,0,0,0,name/path heuristic
"Packages/com.unity.collab-proxy/Editor/CloudDrive/CloudDriveWindow.cs","MonoScript",13005,0,0,0,name/path heuristic
"Packages/com.unity.collab-proxy/Editor/CloudDrive/CreateWorkspace/CollaboratorsMultiColumnHeader.cs","MonoScript",2051,0,0,0,name/path heuristic
"Packages/com.unity.collab-proxy/Editor/CloudDrive/WindowStatusBar.cs","MonoScript",937,0,0,0,name/path heuristic
"Packages/com.unity.collab-proxy/Editor/CodeEditor/Rendering/ColumnRulerRenderer.cs","MonoScript",3661,0,0,0,name/path heuristic
"Packages/com.unity.collab-proxy/Editor/Configuration/CloudEdition/Welcome/CloudEditionWelcomeWindow.cs","MonoScript",6269,0,0,0,name/path heuristic
"Packages/com.unity.collab-proxy/Editor/Configuration/TeamEdition/TeamEditionConfigurationWindow.cs","MonoScript",10972,0,0,0,name/path heuristic
"Packages/com.unity.collab-proxy/Editor/Diff/DiffWindow.cs","MonoScript",9439,0,0,0,name/path heuristic
"Packages/com.unity.collab-proxy/Editor/Entities/HierarchyExtensions.cs","MonoScript",292,0,0,0,name/path heuristic
"Packages/com.unity.collab-proxy/Editor/Headless/HeadlessWorkspaceWindow.cs","MonoScript",5585,0,0,0,name/path heuristic
"Packages/com.unity.collab-proxy/Editor/HierarchyExtensions.cs","MonoScript",765,0,0,0,name/path heuristic
"Packages/com.unity.collab-proxy/Editor/ParentWindow.cs","MonoScript",549,0,0,0,name/path heuristic
"Packages/com.unity.collab-proxy/Editor/StatusBar/WindowStatusBar.cs","MonoScript",5060,0,0,0,name/path heuristic
"Packages/com.unity.collab-proxy/Editor/Tool/BringWindowToFront.cs","MonoScript",2243,0,0,0,name/path heuristic
"Packages/com.unity.collab-proxy/Editor/UI/CloseWindowIfOpened.cs","MonoScript",1488,0,0,0,name/path heuristic
"Packages/com.unity.collab-proxy/Editor/UI/DockEditorWindow.cs","MonoScript",705,0,0,0,name/path heuristic
"Packages/com.unity.collab-proxy/Editor/UI/DrawSearchField.cs","MonoScript",521,0,0,0,name/path heuristic
"Packages/com.unity.collab-proxy/Editor/UI/EditorWindowFocus.cs","MonoScript",1144,0,0,0,name/path heuristic
"Packages/com.unity.collab-proxy/Editor/UI/FindEditorWindow.cs","MonoScript",2218,0,0,0,name/path heuristic
"Packages/com.unity.collab-proxy/Editor/UI/GetWindowIfOpened.cs","MonoScript",1556,0,0,0,name/path heuristic
"Packages/com.unity.collab-proxy/Editor/UI/PathTrimming.cs","MonoScript",6166,0,0,0,name/path heuristic
"Packages/com.unity.collab-proxy/Editor/UI/Progress/DrawProgressForWindow.cs","MonoScript",1240,0,0,0,name/path heuristic
"Packages/com.unity.collab-proxy/Editor/UI/Progress/ProgressControlsForWindow.cs","MonoScript",1862,0,0,0,name/path heuristic
"Packages/com.unity.collab-proxy/Editor/UI/ShowWindow.cs","MonoScript",2776,0,0,0,name/path heuristic
"Packages/com.unity.collab-proxy/Editor/UI/Tree/TreeHeaderColumns.cs","MonoScript",1880,0,0,0,name/path heuristic
"Packages/com.unity.collab-proxy/Editor/UI/UnityInternals/UnityEditor/ContainerWindow.cs","MonoScript",287,0,0,0,name/path heuristic
"Packages/com.unity.collab-proxy/Editor/UI/UnityInternals/UnityEditor/EditorWindowExtensions.cs","MonoScript",829,0,0,0,name/path heuristic
"Packages/com.unity.collab-proxy/Editor/UI/UnityInternals/UnityEditor/EditorWindowInternal.cs","MonoScript",491,0,0,0,name/path heuristic
"Packages/com.unity.collab-proxy/Editor/UI/UnityInternals/UnityEditor/SettingsWindow.cs","MonoScript",1115,0,0,0,name/path heuristic
"Packages/com.unity.collab-proxy/Editor/UseBuiltinDiffWindowPreference.cs","MonoScript",194,0,0,0,name/path heuristic
"Packages/com.unity.collab-proxy/Editor/UVCSToolbar/PopupWindow","DefaultAsset",0,0,0,0,name/path heuristic
"Packages/com.unity.collab-proxy/Editor/UVCSToolbar/PopupWindow/BranchesList","DefaultAsset",0,0,0,0,name/path heuristic
"Packages/com.unity.collab-proxy/Editor/UVCSToolbar/PopupWindow/BranchesList/BranchesListModel.cs","MonoScript",1746,0,0,0,name/path heuristic
"Packages/com.unity.collab-proxy/Editor/UVCSToolbar/PopupWindow/BranchesList/BranchesTreeView.cs","MonoScript",12359,0,0,0,name/path heuristic
"Packages/com.unity.collab-proxy/Editor/UVCSToolbar/PopupWindow/BranchesList/ErrorEmptyState.cs","MonoScript",2336,0,0,0,name/path heuristic
"Packages/com.unity.collab-proxy/Editor/UVCSToolbar/PopupWindow/BranchesList/LoadingEmptyState.cs","MonoScript",578,0,0,0,name/path heuristic
"Packages/com.unity.collab-proxy/Editor/UVCSToolbar/PopupWindow/BranchesList/NoBranchesEmptyState.cs","MonoScript",1327,0,0,0,name/path heuristic
"Packages/com.unity.collab-proxy/Editor/UVCSToolbar/PopupWindow/BranchesList/PopupProgressBar.cs","MonoScript",1378,0,0,0,name/path heuristic
"Packages/com.unity.collab-proxy/Editor/UVCSToolbar/PopupWindow/ControlledPopupWindow.cs","MonoScript",9489,0,0,0,name/path heuristic
"Packages/com.unity.collab-proxy/Editor/UVCSToolbar/PopupWindow/Operations","DefaultAsset",0,0,0,0,name/path heuristic
"Packages/com.unity.collab-proxy/Editor/UVCSToolbar/PopupWindow/Operations/ControlledPopupOperations.cs","MonoScript",12392,0,0,0,name/path heuristic
"Packages/com.unity.collab-proxy/Editor/UVCSToolbar/PopupWindow/Operations/ToolbarOperationsShortcut.cs","MonoScript",1030,0,0,0,name/path heuristic
"Packages/com.unity.collab-proxy/Editor/UVCSToolbar/PopupWindow/Operations/UncontrolledPopupOperations.cs","MonoScript",1097,0,0,0,name/path heuristic
"Packages/com.unity.collab-proxy/Editor/UVCSToolbar/PopupWindow/PopupWindowDrawing.cs","MonoScript",3436,0,0,0,name/path heuristic
"Packages/com.unity.collab-proxy/Editor/UVCSToolbar/PopupWindow/ToolbarMouseBoundary.cs","MonoScript",836,0,0,0,name/path heuristic
"Packages/com.unity.collab-proxy/Editor/UVCSToolbar/PopupWindow/UncontrolledPopupWindow.cs","MonoScript",4897,0,0,0,name/path heuristic
"Packages/com.unity.collab-proxy/Editor/UVCSWindow.cs","MonoScript",34359,0,0,0,name/path heuristic
"Packages/com.unity.collab-proxy/Editor/Views/BranchExplorer/BranchExplorerWindow.cs","MonoScript",3903,0,0,0,name/path heuristic
"Packages/com.unity.collab-proxy/Editor/Views/BranchExplorer/BrExSearchField.cs","MonoScript",9430,0,0,0,name/path heuristic
"Packages/com.unity.collab-proxy/Editor/Views/BranchExplorer/Drawing/Shapes/ColumnHeaderShape.cs","MonoScript",3709,0,0,0,name/path heuristic
"Packages/com.unity.collab-proxy/Editor/Views/BranchExplorer/Drawing/Shapes/ColumnShape.cs","MonoScript",1148,0,0,0,name/path heuristic
"Packages/com.unity.collab-proxy/Editor/Views/BranchExplorer/Options/BranchExplorerOptionsWindow.cs","MonoScript",8968,0,0,0,name/path heuristic
"Packages/com.unity.collab-proxy/Editor/Views/PendingChanges/PendingChangesMultiColumnHeader.cs","MonoScript",3926,0,0,0,name/path heuristic
"Packages/com.unity.collab-proxy/Editor/WorkspaceWindow.cs","MonoScript",18239,0,0,0,name/path heuristic
"Packages/org.khronos.unitygltf/Editor/Scripts/Interactivity/VisualScriptingExport/UnitExporters/Math/Mathf_FloorToIntUnitExport.cs","MonoScript",1318,0,0,0,name/path heuristic
"Packages/com.unity.render-pipelines.universal/Editor/SceneTemplates/Indoors","DefaultAsset",0,0,0,0,name/path heuristic
"Packages/com.unity.render-pipelines.universal/Editor/SceneTemplates/Indoors/GlobalVolumeProfile.asset","VolumeProfile",5547,0,0,0,name/path heuristic
"Packages/com.unity.render-pipelines.universal/Editor/SceneTemplates/Indoors/Indoors Baking Set.asset","ProbeVolumeBakingSet",3468,0,0,0,name/path heuristic
"Packages/com.unity.render-pipelines.universal/Editor/SceneTemplates/Indoors/LightingData.asset","LightingDataAsset",21256,0,0,0,name/path heuristic
"Packages/com.unity.render-pipelines.universal/Editor/SceneTemplates/Indoors/ReflectionProbe-0.exr","Cubemap",163137,0,0,0,name/path heuristic
"Packages/com.unity.render-pipelines.universal/Editor/SceneTemplates/Indoors.scenetemplate","SceneTemplateAsset",2077321,0,0,0,name/path heuristic
"Packages/com.unity.render-pipelines.universal/Editor/SceneTemplates/Indoors.unity","SceneAsset",119587,0,0,0,name/path heuristic
"Packages/com.unity.render-pipelines.universal/Editor/ShaderGraph/AssetCallbacks/CreateTerrainShaderGraph.cs","MonoScript",1170,0,0,0,name/path heuristic
"Packages/com.unity.render-pipelines.universal/Editor/ShaderGraph/GraphTemplates/Terrain Standard 4 Layers URP.shadergraph","Shader",182216,0,0,0,name/path heuristic
"Packages/com.unity.render-pipelines.universal/Editor/ShaderGraph/Includes/Terrain","DefaultAsset",0,0,0,0,name/path heuristic
"Packages/com.unity.render-pipelines.universal/Editor/ShaderGraph/Includes/Terrain/DepthNormalsOnlyPass.hlsl","ShaderInclude",1275,0,0,0,name/path heuristic
"Packages/com.unity.render-pipelines.universal/Editor/ShaderGraph/Includes/Terrain/PBRForwardPass.hlsl","ShaderInclude",4068,0,0,0,name/path heuristic
"Packages/com.unity.render-pipelines.universal/Editor/ShaderGraph/Includes/Terrain/PBRGBufferPass.hlsl","ShaderInclude",5044,0,0,0,name/path heuristic
"Packages/com.unity.render-pipelines.universal/Editor/ShaderGraph/Includes/Terrain/TerrainVert.hlsl","ShaderInclude",299,0,0,0,name/path heuristic
"Packages/com.unity.render-pipelines.universal/Editor/ShaderGraph/Targets/UniversalTerrainLitSubTarget.cs","MonoScript",79022,0,0,0,name/path heuristic
"Packages/com.unity.render-pipelines.universal/Editor/ShaderGraph/Targets/UniversalTerrainLitSubTarget.Dependencies.cs","MonoScript",12900,0,0,0,name/path heuristic
"Packages/com.unity.render-pipelines.universal/Editor/ShaderGUI/ShaderGraphTerrainLitGUI.cs","MonoScript",805,0,0,0,name/path heuristic
"Packages/com.unity.render-pipelines.universal/Editor/ShaderGUI/TerrainLitShaderGUI.cs","MonoScript",17265,0,0,0,name/path heuristic
"Packages/com.unity.render-pipelines.universal/Editor/Terrain","DefaultAsset",0,0,0,0,name/path heuristic
"Packages/com.unity.render-pipelines.universal/Editor/Terrain/BuildTerrainSurfaceDescriptionInputs.template.hlsl","ShaderInclude",11278,0,0,0,name/path heuristic
"Packages/com.unity.render-pipelines.universal/Editor/Terrain/BuildTerrainVertexDescriptionInputs.template.hlsl","ShaderInclude",8619,0,0,0,name/path heuristic
"Packages/com.unity.render-pipelines.universal/Editor/Terrain/TerrainBaseMapGenPass.hlsl","ShaderInclude",1535,0,0,0,name/path heuristic
"Packages/com.unity.render-pipelines.universal/Editor/Terrain/TerrainBaseMapGenPass.template","DefaultAsset",3152,0,0,0,name/path heuristic
"Packages/com.unity.render-pipelines.universal/Editor/Terrain/TerrainPass.template","DefaultAsset",3453,0,0,0,name/path heuristic
"Packages/com.unity.render-pipelines.universal/Editor/Terrain/TerrainPassDefine.template.hlsl","ShaderInclude",8560,0,0,0,name/path heuristic
"Packages/com.unity.render-pipelines.universal/Editor/Terrain/TerrainPassUtils.hlsl","ShaderInclude",378,0,0,0,name/path heuristic
"Packages/com.unity.render-pipelines.universal/Runtime/Materials/TerrainLit.mat","Material",4718,0,0,0,name/path heuristic
"Packages/com.unity.render-pipelines.universal/Runtime/RenderPipelineResources/UniversalRenderPipelineRuntimeTerrainShaders.cs","MonoScript",3647,0,0,0,name/path heuristic
"Packages/com.unity.render-pipelines.universal/Runtime/Settings/URPTerrainShaderSetting.cs","MonoScript",2536,0,0,0,name/path heuristic
"Packages/com.unity.render-pipelines.universal/Shaders/Terrain","DefaultAsset",0,0,0,0,name/path heuristic
"Packages/com.unity.render-pipelines.universal/Shaders/Terrain/TerrainDetailLit.shader","Shader",10738,0,0,0,name/path heuristic
"Packages/com.unity.render-pipelines.universal/Shaders/Terrain/TerrainDetailLitInput.hlsl","ShaderInclude",156,0,0,0,name/path heuristic
"Packages/com.unity.render-pipelines.universal/Shaders/Terrain/TerrainDetailLitPasses.hlsl","ShaderInclude",7481,0,0,0,name/path heuristic
"Packages/com.unity.render-pipelines.universal/Shaders/Terrain/TerrainLit.shader","Shader",13829,0,0,0,name/path heuristic
"Packages/com.unity.render-pipelines.universal/Shaders/Terrain/TerrainLitAdd.shader","Shader",8605,0,0,0,name/path heuristic
"Packages/com.unity.render-pipelines.universal/Shaders/Terrain/TerrainLitBase.shader","Shader",10050,0,0,0,name/path heuristic
"Packages/com.unity.render-pipelines.universal/Shaders/Terrain/TerrainLitBasemapGen.shader","Shader",8409,0,0,0,name/path heuristic
"Packages/com.unity.render-pipelines.universal/Shaders/Terrain/TerrainLitDepthNormalsPass.hlsl","ShaderInclude",4204,0,0,0,name/path heuristic
"Packages/com.unity.render-pipelines.universal/Shaders/Terrain/TerrainLitInput.hlsl","ShaderInclude",6552,0,0,0,name/path heuristic
"Packages/com.unity.render-pipelines.universal/Shaders/Terrain/TerrainLitMetaPass.hlsl","ShaderInclude",716,0,0,0,name/path heuristic
"Packages/com.unity.render-pipelines.universal/Shaders/Terrain/TerrainLitPasses.hlsl","ShaderInclude",23046,0,0,0,name/path heuristic
"Packages/com.unity.render-pipelines.universal/Shaders/Terrain/TerrainTextureNode.hlsl","ShaderInclude",199,0,0,0,name/path heuristic
"Packages/com.unity.render-pipelines.universal/Shaders/Terrain/WavingGrass.shader","Shader",8128,0,0,0,name/path heuristic
"Packages/com.unity.render-pipelines.universal/Shaders/Terrain/WavingGrassBillboard.shader","Shader",6519,0,0,0,name/path heuristic
"Packages/com.unity.render-pipelines.universal/Shaders/Terrain/WavingGrassDepthNormalsPass.hlsl","ShaderInclude",2974,0,0,0,name/path heuristic
"Packages/com.unity.render-pipelines.universal/Shaders/Terrain/WavingGrassInput.hlsl","ShaderInclude",3810,0,0,0,name/path heuristic
"Packages/com.unity.render-pipelines.universal/Shaders/Terrain/WavingGrassPasses.hlsl","ShaderInclude",10381,0,0,0,name/path heuristic
"Packages/com.unity.render-pipelines.universal/Tests/Runtime/TerrainShaderTests.cs","MonoScript",2849,0,0,0,name/path heuristic
"Packages/com.unity.render-pipelines.universal/Textures/SMAA/SearchTex.tga","Texture2D",3116,0,0,0,name/path heuristic
"Packages/com.unity.visualeffectgraph/Editor/FilterPopup/VFXFilterWindow.cs","MonoScript",46389,0,0,0,name/path heuristic
"Packages/com.unity.visualeffectgraph/Editor/GraphView/VFXViewWindow.cs","MonoScript",14848,0,0,0,name/path heuristic
"Packages/com.unity.visualeffectgraph/Editor/Models/Operators/Implementations/Ceiling.cs","MonoScript",744,0,0,0,name/path heuristic
"Packages/com.unity.visualeffectgraph/Editor/Models/Operators/Implementations/Floor.cs","MonoScript",740,0,0,0,name/path heuristic
"Packages/com.unity.visualeffectgraph/Editor/SceneWindow","DefaultAsset",0,0,0,0,name/path heuristic
"Packages/com.unity.visualeffectgraph/Editor/SceneWindow/Textures","DefaultAsset",0,0,0,0,name/path heuristic
"Packages/com.unity.visualeffectgraph/Editor/SceneWindow/Textures/Pause.png","Texture2D",1113,0,0,0,name/path heuristic
"Packages/com.unity.visualeffectgraph/Editor/SceneWindow/Textures/Play.png","Texture2D",1191,0,0,0,name/path heuristic
"Packages/com.unity.visualeffectgraph/Editor/SceneWindow/Textures/Restart.png","Texture2D",1184,0,0,0,name/path heuristic
"Packages/com.unity.visualeffectgraph/Editor/SceneWindow/Textures/Step.png","Texture2D",1224,0,0,0,name/path heuristic
"Packages/com.unity.visualeffectgraph/Editor/SceneWindow/Textures/Stop.png","Texture2D",1103,0,0,0,name/path heuristic
"Packages/com.unity.visualeffectgraph/Editor/Templates/04_Simple_Trail.vfx","VisualEffectAsset",65878,0,0,0,name/path heuristic
"Packages/com.unity.visualeffectgraph/Editor/Templates/05_Head_Trail.vfx","VisualEffectAsset",141605,0,0,0,name/path heuristic
"Packages/com.unity.visualeffectgraph/Editor/Templates/UI/3d_Head_Trail.png","Texture2D",127511,0,0,0,name/path heuristic
"Packages/com.unity.visualeffectgraph/Editor/Templates/UI/3d_Simple_Trail.png","Texture2D",91127,0,0,0,name/path heuristic
"Packages/com.unity.visualeffectgraph/Editor/Templates/UI/d_HeadTrails@256.png","Texture2D",8843,0,0,0,name/path heuristic
"Packages/com.unity.visualeffectgraph/Editor/Templates/UI/d_SimpleTrails@256.png","Texture2D",4969,0,0,0,name/path heuristic
"Packages/com.unity.visualeffectgraph/Editor/Templates/UI/HeadTrails@256.png","Texture2D",8905,0,0,0,name/path heuristic
"Packages/com.unity.visualeffectgraph/Editor/Templates/UI/SimpleTrails@256.png","Texture2D",5219,0,0,0,name/path heuristic
"Packages/com.unity.visualeffectgraph/Editor/TemplateWindow","DefaultAsset",0,0,0,0,name/path heuristic
"Packages/com.unity.visualeffectgraph/Editor/TemplateWindow/CreateFromTemplateDropDownButton.cs","MonoScript",2790,0,0,0,name/path heuristic
"Packages/com.unity.visualeffectgraph/Editor/TemplateWindow/VFXTemplateHelper.cs","MonoScript",3531,0,0,0,name/path heuristic
"Packages/com.unity.visualeffectgraph/Editor/TemplateWindow/VFXTemplateHelperInternal.cs","MonoScript",7175,0,0,0,name/path heuristic
"Packages/com.unity.visualeffectgraph/Editor/UIResources/uss/VFXFilterWindow.uss","StyleSheet",8945,0,0,0,name/path heuristic
"Packages/com.unity.visualeffectgraph/Editor/UIResources/uxml/VFXFilterWindow.uxml","VisualTreeAsset",2618,0,0,0,name/path heuristic
"Packages/com.unity.visualeffectgraph/Editor/UIResources/VFX/d_NodeSearch-expand.png","Texture2D",246,0,0,0,name/path heuristic
"Packages/com.unity.visualeffectgraph/Editor/UIResources/VFX/d_NodeSearch-expand@2x.png","Texture2D",355,0,0,0,name/path heuristic
"Packages/com.unity.visualeffectgraph/Editor/UIResources/VFX/d_variableswindow.png","Texture2D",284,0,0,0,name/path heuristic
"Packages/com.unity.visualeffectgraph/Editor/UIResources/VFX/d_variableswindow@2x.png","Texture2D",392,0,0,0,name/path heuristic
"Packages/com.unity.visualeffectgraph/Editor/UIResources/VFX/NodeSearch-expand.png","Texture2D",248,0,0,0,name/path heuristic
"Packages/com.unity.visualeffectgraph/Editor/UIResources/VFX/NodeSearch-expand@2x.png","Texture2D",338,0,0,0,name/path heuristic
"Packages/com.unity.visualeffectgraph/Editor/UIResources/VFX/variableswindow.png","Texture2D",1550,0,0,0,name/path heuristic
"Packages/com.unity.visualeffectgraph/Editor/UIResources/VFX/variableswindow@2x.png","Texture2D",346,0,0,0,name/path heuristic
"Packages/com.unity.visualeffectgraph/Editor/Utilities/EventTester/VFXEventTesterWindow.cs","MonoScript",13546,0,0,0,name/path heuristic
"Packages/com.unity.visualeffectgraph/Editor/Utils/VFXDebugWindow.cs","MonoScript",1278,0,0,0,name/path heuristic
"Packages/com.unity.visualeffectgraph/Runtime/Utilities/PropertyBinding/Implementation/VFXHierarchyAttributeMapBinder.cs","MonoScript",4655,0,0,0,name/path heuristic
"Packages/com.unity.visualeffectgraph/Runtime/Utilities/PropertyBinding/Implementation/VFXTerrainBinder.cs","MonoScript",2295,0,0,0,name/path heuristic
"Packages/com.unity.visualeffectgraph/Textures/DefaultTrail.tga","Texture2D",262188,0,0,0,name/path heuristic
"Packages/com.unity.visualscripting/Editor/VisualScripting.Core/Interface/Fuzzy/FuzzyWindow.cs","MonoScript",38907,0,0,0,name/path heuristic
"Packages/com.unity.visualscripting/Editor/VisualScripting.Core/Utilities/SearchResult.cs","MonoScript",481,0,0,0,name/path heuristic
"Packages/com.unity.visualscripting/Editor/VisualScripting.Core/Utilities/SearchUtility.cs","MonoScript",9940,0,0,0,name/path heuristic
"Packages/com.unity.visualscripting/Editor/VisualScripting.Core/Windows","DefaultAsset",0,0,0,0,name/path heuristic
"Packages/com.unity.visualscripting/Editor/VisualScripting.Core/Windows/AboutWindow","DefaultAsset",0,0,0,0,name/path heuristic
"Packages/com.unity.visualscripting/Editor/VisualScripting.Core/Windows/AboutWindow/AboutablePage.cs","MonoScript",3112,0,0,0,name/path heuristic
"Packages/com.unity.visualscripting/Editor/VisualScripting.Core/Windows/AboutWindow/AboutPluginsPage.cs","MonoScript",552,0,0,0,name/path heuristic
"Packages/com.unity.visualscripting/Editor/VisualScripting.Core/Windows/AboutWindow/AcknowledgementPage.cs","MonoScript",4350,0,0,0,name/path heuristic
"Packages/com.unity.visualscripting/Editor/VisualScripting.Core/Windows/AboutWindow/ChangelogPage.cs","MonoScript",5876,0,0,0,name/path heuristic
"Packages/com.unity.visualscripting/Editor/VisualScripting.Core/Windows/AboutWindow/IAboutable.cs","MonoScript",480,0,0,0,name/path heuristic
"Packages/com.unity.visualscripting/Editor/VisualScripting.Core/Windows/BackupWindow","DefaultAsset",0,0,0,0,name/path heuristic
"Packages/com.unity.visualscripting/Editor/VisualScripting.Core/Windows/BackupWindow/BackupPage.cs","MonoScript",3765,0,0,0,name/path heuristic
"Packages/com.unity.visualscripting/Editor/VisualScripting.Core/Windows/ConfigurationPanel","DefaultAsset",0,0,0,0,name/path heuristic
"Packages/com.unity.visualscripting/Editor/VisualScripting.Core/Windows/ConfigurationPanel/ConfigurationPanel.cs","MonoScript",16676,0,0,0,name/path heuristic
"Packages/com.unity.visualscripting/Editor/VisualScripting.Core/Windows/EditorWindowWrapper.cs","MonoScript",2142,0,0,0,name/path heuristic
"Packages/com.unity.visualscripting/Editor/VisualScripting.Core/Windows/GenerateDocumentationWindow","DefaultAsset",0,0,0,0,name/path heuristic
"Packages/com.unity.visualscripting/Editor/VisualScripting.Core/Windows/GenerateDocumentationWindow/GenerateDocumentationPage.cs","MonoScript",10718,0,0,0,name/path heuristic
"Packages/com.unity.visualscripting/Editor/VisualScripting.Core/Windows/GeneratePropertyProvidersWindow","DefaultAsset",0,0,0,0,name/path heuristic
"Packages/com.unity.visualscripting/Editor/VisualScripting.Core/Windows/GeneratePropertyProvidersWindow/GeneratePropertyProvidersPage.cs","MonoScript",3399,0,0,0,name/path heuristic
"Packages/com.unity.visualscripting/Editor/VisualScripting.Core/Windows/GraphInspectorPanel.cs","MonoScript",4231,0,0,0,name/path heuristic
"Packages/com.unity.visualscripting/Editor/VisualScripting.Core/Windows/GraphWindow.cs","MonoScript",29744,0,0,0,name/path heuristic
"Packages/com.unity.visualscripting/Editor/VisualScripting.Core/Windows/ICanvasWindow.cs","MonoScript",703,0,0,0,name/path heuristic
"Packages/com.unity.visualscripting/Editor/VisualScripting.Core/Windows/ListPage.cs","MonoScript",2565,0,0,0,name/path heuristic
"Packages/com.unity.visualscripting/Editor/VisualScripting.Core/Windows/LudiqEditorWindow.cs","MonoScript",3315,0,0,0,name/path heuristic
"Packages/com.unity.visualscripting/Editor/VisualScripting.Core/Windows/Page.cs","MonoScript",1952,0,0,0,name/path heuristic
"Packages/com.unity.visualscripting/Editor/VisualScripting.Core/Windows/Sidebars","DefaultAsset",0,0,0,0,name/path heuristic
"Packages/com.unity.visualscripting/Editor/VisualScripting.Core/Windows/Sidebars/ISidebarPanelContent.cs","MonoScript",304,0,0,0,name/path heuristic
"Packages/com.unity.visualscripting/Editor/VisualScripting.Core/Windows/Sidebars/Sidebar.cs","MonoScript",8555,0,0,0,name/path heuristic
"Packages/com.unity.visualscripting/Editor/VisualScripting.Core/Windows/Sidebars/SidebarAnchor.cs","MonoScript",106,0,0,0,name/path heuristic
"Packages/com.unity.visualscripting/Editor/VisualScripting.Core/Windows/Sidebars/SidebarPanel.cs","MonoScript",6978,0,0,0,name/path heuristic
"Packages/com.unity.visualscripting/Editor/VisualScripting.Core/Windows/Sidebars/SidebarPanelWindow.cs","MonoScript",2042,0,0,0,name/path heuristic
"Packages/com.unity.visualscripting/Editor/VisualScripting.Core/Windows/Sidebars/Sidebars.cs","MonoScript",1917,0,0,0,name/path heuristic
"Packages/com.unity.visualscripting/Editor/VisualScripting.Core/Windows/SinglePageWindow.cs","MonoScript",1787,0,0,0,name/path heuristic
"Packages/com.unity.visualscripting/Editor/VisualScripting.Core/Windows/TabbedPage.cs","MonoScript",4925,0,0,0,name/path heuristic
"Packages/com.unity.visualscripting/Editor/VisualScripting.Core/Windows/UpdateWizard","DefaultAsset",0,0,0,0,name/path heuristic
"Packages/com.unity.visualscripting/Editor/VisualScripting.Core/Windows/UpdateWizard/UpdateBackupPage.cs","MonoScript",796,0,0,0,name/path heuristic
"Packages/com.unity.visualscripting/Editor/VisualScripting.Core/Windows/WebView.cs","MonoScript",8840,0,0,0,name/path heuristic
"Packages/com.unity.visualscripting/Editor/VisualScripting.Core/Windows/WebWindow.cs","MonoScript",3193,0,0,0,name/path heuristic
"Packages/com.unity.visualscripting/Editor/VisualScripting.Core/Windows/WindowClose.cs","MonoScript",137,0,0,0,name/path heuristic
"Packages/com.unity.visualscripting/Editor/VisualScripting.Core/Windows/Wizard.cs","MonoScript",5069,0,0,0,name/path heuristic
"Packages/com.unity.visualscripting/Editor/VisualScripting.Core/Windows/WrappedEditorWindow.cs","MonoScript",1754,0,0,0,name/path heuristic
"Packages/com.unity.visualscripting/Editor/VisualScripting.Shared/EmptyGraphWindow.cs","MonoScript",16743,0,0,0,name/path heuristic
"Packages/com.unity.visualscripting/Runtime/VisualScripting.Core/Unity/IUnityObjectOwnable.cs","MonoScript",170,0,0,0,name/path heuristic
"Packages/com.unity.visualscripting/Runtime/VisualScripting.Core/Unity/UnityObjectOwnershipUtility.cs","MonoScript",847,0,0,0,name/path heuristic
"Packages/com.unity.visualscripting/Runtime/VisualScripting.Flow/Framework/Events/Hierarchy","DefaultAsset",0,0,0,0,name/path heuristic
"Packages/com.unity.visualscripting/Runtime/VisualScripting.Flow/Framework/Events/Hierarchy/OnTransformChildrenChanged.cs","MonoScript",511,0,0,0,name/path heuristic
"Packages/com.unity.visualscripting/Runtime/VisualScripting.Flow/Framework/Events/Hierarchy/OnTransformParentChanged.cs","MonoScript",504,0,0,0,name/path heuristic
"Packages/com.unity.ide.visualstudio/Editor/VisualStudioForWindowsInstallation.cs","MonoScript",11190,0,0,0,name/path heuristic
"Packages/com.unity.connect.share/Editor/PublisherWindow.cs","MonoScript",29819,0,0,0,name/path heuristic
"Packages/com.unity.xr.core-utils/Editor/Analytics/CoreUtilsAnalytics/BuildingBlocksUsageEvent.cs","MonoScript",2567,0,0,0,name/path heuristic
"Packages/com.unity.xr.core-utils/Editor/BuildingBlocks","DefaultAsset",0,0,0,0,name/path heuristic
"Packages/com.unity.xr.core-utils/Editor/BuildingBlocks/BuildingBlockElements.cs","MonoScript",4264,0,0,0,name/path heuristic
"Packages/com.unity.xr.core-utils/Editor/BuildingBlocks/BuildingBlockManager.cs","MonoScript",6501,0,0,0,name/path heuristic
"Packages/com.unity.xr.core-utils/Editor/BuildingBlocks/BuildingBlockOverlay.cs","MonoScript",16474,0,0,0,name/path heuristic
"Packages/com.unity.xr.core-utils/Editor/BuildingBlocks/BuildingBlockOverlay.uss","StyleSheet",571,0,0,0,name/path heuristic
"Packages/com.unity.xr.core-utils/Editor/BuildingBlocks/BuildingBlockUtils.cs","MonoScript",1728,0,0,0,name/path heuristic
"Packages/com.unity.xr.core-utils/Editor/BuildingBlocks/PrefabCreatorBuildingBlock.cs","MonoScript",3045,0,0,0,name/path heuristic
"Packages/com.unity.xr.core-utils/Tests/Editor/CodeSamples/ScriptedBuildingBlockSample.cs","MonoScript",2719,0,0,0,name/path heuristic
"Packages/com.unity.xr.interaction.toolkit/Editor/Debugger/XRInteractionDebuggerWindow.cs","MonoScript",16869,0,0,0,name/path heuristic
