path,shader,renderQueue,enableInstancing,mainTexture
"Assets/Animated Tropical Vegetation/DemoSceneContent/surface.mat","Universal Render Pipeline/Lit",2000,False,"Assets/Animated Tropical Vegetation/DemoSceneContent/background.png"
"Assets/Animated Tropical Vegetation/Materials/bamboo_bark.mat","Universal Render Pipeline/Lit",2000,True,"Assets/Animated Tropical Vegetation/Textures/bamboo_bark_color.png"
"Assets/Animated Tropical Vegetation/Materials/bamboo_leaves.mat","Universal Render Pipeline/Lit",2450,True,"Assets/Animated Tropical Vegetation/Textures/bamboo_leaves_color.png"
"Assets/Animated Tropical Vegetation/Materials/banana_tree_1_bark.mat","Universal Render Pipeline/Lit",2000,True,"Assets/Animated Tropical Vegetation/Textures/banana_tree_1_bark_color.png"
"Assets/Animated Tropical Vegetation/Materials/banana_tree_1_leaf.mat","Universal Render Pipeline/Lit",2450,True,"Assets/Animated Tropical Vegetation/Textures/banana_tree_1_leaf_color.png"
"Assets/Animated Tropical Vegetation/Materials/banana_tree_2_bark.mat","Universal Render Pipeline/Lit",2000,True,"Assets/Animated Tropical Vegetation/Textures/banana_tree_2_bark_color.png"
"Assets/Animated Tropical Vegetation/Materials/banana_tree_2_leaves.mat","Universal Render Pipeline/Lit",2450,True,"Assets/Animated Tropical Vegetation/Textures/banana_tree_2_leaves_color.png"
"Assets/Animated Tropical Vegetation/Materials/Billboards/bamboo_1_billboard.mat","Universal Render Pipeline/Lit",2450,True,"Assets/Animated Tropical Vegetation/Textures/billboards/bamboo_1_billboard_color.png"
"Assets/Animated Tropical Vegetation/Materials/Billboards/bamboo_2_billboard.mat","Universal Render Pipeline/Lit",2450,True,"Assets/Animated Tropical Vegetation/Textures/billboards/bamboo_2_billboard_color.png"
"Assets/Animated Tropical Vegetation/Materials/Billboards/bamboo_3_billboard.mat","Universal Render Pipeline/Lit",2450,True,"Assets/Animated Tropical Vegetation/Textures/billboards/bamboo_3_billboard_color.png"
"Assets/Animated Tropical Vegetation/Materials/Billboards/bamboo_4_billboard.mat","Universal Render Pipeline/Lit",2450,True,"Assets/Animated Tropical Vegetation/Textures/billboards/bamboo_4_billboard_color.png"
"Assets/Animated Tropical Vegetation/Materials/Billboards/banana_tree_1_billboard.mat","Universal Render Pipeline/Lit",2450,True,"Assets/Animated Tropical Vegetation/Textures/billboards/banana_tree_1_billboard_color.png"
"Assets/Animated Tropical Vegetation/Materials/Billboards/banana_tree_2_billboard.mat","Universal Render Pipeline/Lit",2450,True,"Assets/Animated Tropical Vegetation/Textures/billboards/banana_tree_2_billboard_color.png"
"Assets/Animated Tropical Vegetation/Materials/Billboards/banana_tree_3_billboard.mat","Universal Render Pipeline/Lit",2450,True,"Assets/Animated Tropical Vegetation/Textures/billboards/banana_tree_3_billboard_color.png"
"Assets/Animated Tropical Vegetation/Materials/Billboards/banana_tree_4_billboard.mat","Universal Render Pipeline/Lit",2450,True,"Assets/Animated Tropical Vegetation/Textures/billboards/banana_tree_4_billboard_color.png"
"Assets/Animated Tropical Vegetation/Materials/Billboards/banana_tree_5_billboard.mat","Universal Render Pipeline/Lit",2450,True,"Assets/Animated Tropical Vegetation/Textures/billboards/banana_tree_5_billboard_color.png"
"Assets/Animated Tropical Vegetation/Materials/Billboards/banana_tree_6_billboard.mat","Universal Render Pipeline/Lit",2450,True,"Assets/Animated Tropical Vegetation/Textures/billboards/banana_tree_6_billboard_color.png"
"Assets/Animated Tropical Vegetation/Materials/Billboards/big_palm_tree_billboard.mat","Universal Render Pipeline/Lit",2450,True,"Assets/Animated Tropical Vegetation/Textures/billboards/big_palm_tree_billboard_color.png"
"Assets/Animated Tropical Vegetation/Materials/Billboards/bushy_palm_1_billboard.mat","Universal Render Pipeline/Lit",2450,True,"Assets/Animated Tropical Vegetation/Textures/billboards/bushy_palm_1_billboard_color.png"
"Assets/Animated Tropical Vegetation/Materials/Billboards/bushy_palm_2_billboard.mat","Universal Render Pipeline/Lit",2450,True,"Assets/Animated Tropical Vegetation/Textures/billboards/bushy_palm_2_billboard_color.png"
"Assets/Animated Tropical Vegetation/Materials/Billboards/bushy_palm_3_billboard.mat","Universal Render Pipeline/Lit",2450,True,"Assets/Animated Tropical Vegetation/Textures/billboards/bushy_palm_3_billboard_color.png"
"Assets/Animated Tropical Vegetation/Materials/Billboards/jungle_bush_1_billboard.mat","Universal Render Pipeline/Lit",2450,True,"Assets/Animated Tropical Vegetation/Textures/billboards/jungle_bush_1_billboard_color.png"
"Assets/Animated Tropical Vegetation/Materials/Billboards/jungle_bush_3_billboard.mat","Universal Render Pipeline/Lit",2450,True,"Assets/Animated Tropical Vegetation/Textures/billboards/jungle_bush_3_billboard_color.png"
"Assets/Animated Tropical Vegetation/Materials/Billboards/large_palm_tree_1_billboard.mat","Universal Render Pipeline/Lit",2450,True,"Assets/Animated Tropical Vegetation/Textures/billboards/large_palm_tree_1_billboard_color.png"
"Assets/Animated Tropical Vegetation/Materials/Billboards/large_palm_tree_2_billboard.mat","Universal Render Pipeline/Lit",2450,True,"Assets/Animated Tropical Vegetation/Textures/billboards/large_palm_tree_2_billboard_color.png"
"Assets/Animated Tropical Vegetation/Materials/Billboards/palm_tree_2_billboard.mat","Universal Render Pipeline/Lit",2450,True,"Assets/Animated Tropical Vegetation/Textures/billboards/palm_tree_2_billboard_color.png"
"Assets/Animated Tropical Vegetation/Materials/Billboards/small_tree_2_billboard.mat","Universal Render Pipeline/Lit",2450,True,"Assets/Animated Tropical Vegetation/Textures/billboards/small_tree_2_billboard_color.png"
"Assets/Animated Tropical Vegetation/Materials/Billboards/small_tree_3_billboard.mat","Universal Render Pipeline/Lit",2450,True,"Assets/Animated Tropical Vegetation/Textures/billboards/small_tree_3_billboard_color.png"
"Assets/Animated Tropical Vegetation/Materials/Billboards/small_tree_4_billboard.mat","Universal Render Pipeline/Lit",2450,True,"Assets/Animated Tropical Vegetation/Textures/billboards/small_tree_4_billboard_color.png"
"Assets/Animated Tropical Vegetation/Materials/Billboards/tropical_plant_billboard.mat","Universal Render Pipeline/Lit",2450,True,"Assets/Animated Tropical Vegetation/Textures/billboards/tropical_plant_billboard_color.png"
"Assets/Animated Tropical Vegetation/Materials/bushy_palm_1.mat","Universal Render Pipeline/Lit",2450,True,"Assets/Animated Tropical Vegetation/Textures/bushy_palm_1_color.png"
"Assets/Animated Tropical Vegetation/Materials/bushy_palm_2.mat","Universal Render Pipeline/Lit",2450,True,"Assets/Animated Tropical Vegetation/Textures/bushy_palm_2_color.png"
"Assets/Animated Tropical Vegetation/Materials/dead_tree_bark.mat","Universal Render Pipeline/Lit",2000,True,"Assets/Animated Tropical Vegetation/Textures/dead_tree_bark_color.png"
"Assets/Animated Tropical Vegetation/Materials/dead_tree_leaves.mat","Universal Render Pipeline/Lit",2450,True,"Assets/Animated Tropical Vegetation/Textures/dead_tree_leaves_color.png"
"Assets/Animated Tropical Vegetation/Materials/jungle_bush_leaves.mat","Universal Render Pipeline/Lit",2450,True,"Assets/Animated Tropical Vegetation/Textures/jungle_bush_leaves_color.png"
"Assets/Animated Tropical Vegetation/Materials/palm_tree_1_bark.mat","Universal Render Pipeline/Lit",2000,True,"Assets/Animated Tropical Vegetation/Textures/palm_tree_1_bark_color.png"
"Assets/Animated Tropical Vegetation/Materials/palm_tree_1_leaves.mat","Universal Render Pipeline/Lit",2450,True,"Assets/Animated Tropical Vegetation/Textures/palm_tree_1_leaves_color.png"
"Assets/Animated Tropical Vegetation/Materials/palm_tree_2_bark.mat","Universal Render Pipeline/Lit",2000,True,"Assets/Animated Tropical Vegetation/Textures/palm_tree_2_bark_color.png"
"Assets/Animated Tropical Vegetation/Materials/palm_tree_2_leaves.mat","Universal Render Pipeline/Lit",2450,True,"Assets/Animated Tropical Vegetation/Textures/palm_tree_2_leaves_color.png"
"Assets/Animated Tropical Vegetation/Materials/palm_tree_3_bark.mat","Universal Render Pipeline/Lit",2000,True,"Assets/Animated Tropical Vegetation/Textures/palm_tree_3_bark_color.png"
"Assets/Animated Tropical Vegetation/Materials/palm_tree_3_leaves.mat","Universal Render Pipeline/Lit",2450,True,"Assets/Animated Tropical Vegetation/Textures/palm_tree_3_leaves_color.png"
"Assets/Animated Tropical Vegetation/Materials/small_tree_bark.mat","Universal Render Pipeline/Lit",2000,True,"Assets/Animated Tropical Vegetation/Textures/small_tree_bark_color.png"
"Assets/Animated Tropical Vegetation/Materials/small_tree_leaves.mat","Universal Render Pipeline/Lit",2450,True,"Assets/Animated Tropical Vegetation/Textures/small_tree_leaves_color.png"
"Assets/Animated Tropical Vegetation/Materials/tropical_plant_leaf.mat","Universal Render Pipeline/Lit",2450,True,"Assets/Animated Tropical Vegetation/Textures/tropical_plant_leaf_color.png"
"Assets/BCaT/Exhibits/BlackKitchen/Materials/BlackKitchen_DarkFloor.mat","Universal Render Pipeline/Lit",2000,False,""
"Assets/BCaT/Exhibits/BlackKitchen/Materials/BlackKitchen_DarkWall.mat","Universal Render Pipeline/Lit",2000,False,""
"Assets/BCaT/Exhibits/BlackKitchen/Materials/BlackKitchen_PromptPanel.mat","Universal Render Pipeline/Lit",2000,False,""
"Assets/BCaT/Exhibits/BlackKitchen/Models/BlackKitchen_ScannedEnvironment.glb","UnityGLTF/UnlitGraph",2000,False,"Assets/BCaT/Exhibits/BlackKitchen/Models/BlackKitchen_ScannedEnvironment.glb"
"Assets/BCaT/Exhibits/PrivacyLawExhibit/Materials/PrivacyLaw_DarkPanel.mat","Universal Render Pipeline/Unlit",3000,False,""
"Assets/BCaT/Exhibits/PrivacyLawExhibit/Materials/PrivacyLaw_HologramLine.mat","Universal Render Pipeline/Unlit",3000,False,""
"Assets/BCaT/Exhibits/PrivacyLawExhibit/Materials/PrivacyLaw_Panel.mat","Universal Render Pipeline/Unlit",3000,False,""
"Assets/BCaT_assets/9night/drum.glb","UnityGLTF/PBRGraph",2000,False,"Assets/BCaT_assets/9night/drum.glb"
"Assets/BCaT_assets/BlackFamilyMuseumArchive/Models/chest.glb","UnityGLTF/PBRGraph",2000,False,"Assets/BCaT_assets/BlackFamilyMuseumArchive/Models/chest.glb"
"Assets/BCaT_assets/BlackFamilyMuseumArchive/Models/chest_chair.glb","UnityGLTF/PBRGraph",2000,False,"Assets/BCaT_assets/BlackFamilyMuseumArchive/Models/chest_chair.glb"
"Assets/BCaT_assets/BlackParlors/Assets/BreonnaTaylorMural.mat","Universal Render Pipeline/Unlit",2000,False,"Assets/BCaT_assets/BlackParlors/Assets/breonna-taylor-mural-img.jpeg"
"Assets/BCaT_assets/BlackParlors/Assets/Photo_Parlor.mat","Universal Render Pipeline/Unlit",2000,False,"Assets/BCaT_assets/BlackParlors/Assets/Parlor_img.jpg"
"Assets/BCaT_assets/BlackParlors/Assets/picture-frame/source/pictureframe.fbx","Universal Render Pipeline/Lit",2000,False,"Assets/BCaT_assets/BlackParlors/Assets/picture-frame/textures/pictureframe.png"
"Assets/BCaT_assets/BTMMP_Workstation_Assembly/blue-oil-barrel-with-lots-of-spray-paint-streaks/source/oil barrel1hig22low uv.fbx","Universal Render Pipeline/Lit",2000,False,""
"Assets/BCaT_assets/BTMMP_Workstation_Assembly/camera-canon-eos-400d/source/Cilindro low-bajo.fbx","Universal Render Pipeline/Lit",3000,False,"Assets/BCaT_assets/BTMMP_Workstation_Assembly/camera-canon-eos-400d/textures/Camara_Low_V2_lambert3_BaseColor.png"
"Assets/BCaT_assets/BTMMP_Workstation_Assembly/drone.glb","UnityGLTF/PBRGraph",2000,False,""
"Assets/BCaT_assets/BTMMP_Workstation_Assembly/flowerbarrel_with_tulips.glb","UnityGLTF/PBRGraph",2000,False,"Assets/BCaT_assets/BTMMP_Workstation_Assembly/flowerbarrel_with_tulips.glb"
"Assets/BCaT_assets/BTMMP_Workstation_Assembly/generic_tulip_flower.glb","UnityGLTF/PBRGraph",2000,False,"Assets/BCAT_GLB_TextureRemediation/generic_tulip_flower/Texture_0 _00.png"
"Assets/BCaT_assets/BTMMP_Workstation_Assembly/metal_table_asset.glb","UnityGLTF/PBRGraph",2000,False,"Assets/BCAT_GLB_TextureRemediation/metal_table_asset/Texture_0 _00.png"
"Assets/BCaT_assets/BTMMP_Workstation_Assembly/notebook.glb","UnityGLTF/PBRGraph",2000,False,""
"Assets/BCaT_assets/BTMMP_Workstation_Assembly/spray-paint-bottle-2/source/spray_paint_bottle_2.fbx","Universal Render Pipeline/Lit",2000,False,"Assets/BCaT_assets/BTMMP_Workstation_Assembly/spray-paint-bottle-2/textures/diffuse.jpg"
"Assets/BCaT_assets/BTMMP_Workstation_Assembly/spray_can.glb","UnityGLTF/PBRGraph",2000,False,""
"Assets/BCaT_assets/HOMED/Box_Img.mat","Universal Render Pipeline/Lit",2000,False,"Assets/BCaT_assets/HOMED/Recipe_box_img.jpeg"
"Assets/BCaT_assets/HOMED/Letters.mat","Universal Render Pipeline/Lit",3000,False,"Assets/BCaT_assets/HOMED/Recipe_Box_letters.png"
"Assets/BCaT_assets/HOMED/Models/Candle.glb","UnityGLTF/PBRGraph",2000,False,"Assets/BCaT_assets/HOMED/Models/Candle.glb"
"Assets/BCaT_assets/HOMED/Models/Recipe-Box.glb","UnityGLTF/PBRGraph",2000,False,"Assets/BCaT_assets/HOMED/Models/Recipe-Box.glb"
"Assets/BCaT_assets/HOMED/Rice.mat","Universal Render Pipeline/Lit",2000,False,"Assets/BCaT_assets/HOMED/Recipe_Box_Rice.jpeg"
"Assets/BCaT_assets/LindaLeaks/Materials/LL_Brass.mat","Universal Render Pipeline/Lit",2000,False,""
"Assets/BCaT_assets/LindaLeaks/Materials/LL_DeepPlum.mat","Universal Render Pipeline/Lit",2000,False,""
"Assets/BCaT_assets/LindaLeaks/Materials/LL_MossGreen.mat","Universal Render Pipeline/Lit",2000,False,""
"Assets/BCaT_assets/LindaLeaks/Materials/LL_RoseClay.mat","Universal Render Pipeline/Lit",2000,False,""
"Assets/BCaT_assets/LindaLeaks/Materials/LL_WarmPaper.mat","Universal Render Pipeline/Lit",2000,False,""
"Assets/BCaT_assets/LindaLeaks/Models/LL_AntiqueCamera.glb","UnityGLTF/PBRGraph",2000,False,"Assets/BCaT_assets/LindaLeaks/Models/LL_AntiqueCamera.glb"
"Assets/BCaT_assets/LindaLeaks/Models/LL_PhotoAlbum.glb","UnityGLTF/UnlitGraph",2000,False,"Assets/BCaT_assets/LindaLeaks/Models/LL_PhotoAlbum.glb"
"Assets/BCaT_assets/Meshell_Sturgis/BMLR.mat","Universal Render Pipeline/Unlit",2000,False,"Assets/BCaT_assets/Meshell_Sturgis/Big Mama_s Living Room.jpg"
"Assets/BCaT_assets/Ri/glass_fish.glb","UnityGLTF/PBRGraph",3000,False,"Assets/BCaT_assets/Ri/glass_fish.glb"
"Assets/BCaT_assets/SewingRoom/bed.glb","UnityGLTF/PBRGraph",2000,False,"Assets/BCaT_assets/SewingRoom/bed.glb"
"Assets/BCaT_assets/SewingRoom/needle_and_thread.glb","UnityGLTF/PBRGraph",2000,False,"Assets/BCaT_assets/SewingRoom/needle_and_thread.glb"
"Assets/BCaT_assets/SewingRoom/old_sewing_box.glb","UnityGLTF/PBRGraph",2000,False,"Assets/BCaT_assets/SewingRoom/old_sewing_box.glb"
"Assets/BCaT_assets/SewingRoom/pillow__quilt.glb","UnityGLTF/UnlitGraph",2000,False,"Assets/BCaT_assets/SewingRoom/pillow__quilt.glb"
"Assets/BCaT_assets/SewingRoom/sewing_machine.glb","UnityGLTF/PBRGraph",2000,False,"Assets/BCaT_assets/SewingRoom/sewing_machine.glb"
"Assets/BrokenVector/LowPolyFencePack/Materials/Brown Wood.mat","Universal Render Pipeline/Lit",2000,False,"Assets/BrokenVector/LowPolyFencePack/Materials/Colorsheets/Colorsheet Wood Brown.png"
"Assets/BrokenVector/LowPolyFencePack/Materials/Red Wood.mat","Universal Render Pipeline/Lit",2000,False,"Assets/BrokenVector/LowPolyFencePack/Materials/Colorsheets/Colorsheet Wood Red.png"
"Assets/BrokenVector/LowPolyFencePack/Materials/Yellow Wood.mat","Universal Render Pipeline/Lit",2000,False,"Assets/BrokenVector/LowPolyFencePack/Materials/Colorsheets/Colorsheet Wood Yellow.png"
"Assets/Coconut Palm Tree Pack/Materials/bark.mat","Nature/TFP Tree Creator Bark Optimized",2000,False,"Assets/Coconut Palm Tree Pack/Textures/Coconut_Palm_Tree_diffuse.psd"
"Assets/Coconut Palm Tree Pack/Materials/Coconut_Palm_Tree_AFS.mat","Universal Render Pipeline/Lit",2450,False,"Assets/Coconut Palm Tree Pack/Textures/Coconut_Palm_Tree_diffuse.psd"
"Assets/Coconut Palm Tree Pack/Materials/leaf.mat","Nature/TFP Tree Creator Leaves Optimized",2000,False,"Assets/Coconut Palm Tree Pack/Textures/Coconut_Palm_Tree_diffuse.psd"
"Assets/Coconut Palm Tree Pack/Materials/Parts/Coconut_Palm_Tree_Bark1.mat","Nature/Tree Creator Bark",2000,False,"Assets/Coconut Palm Tree Pack/Textures/Parts/Coconut_Palm_Bark1_diffuse.psd"
"Assets/Coconut Palm Tree Pack/Materials/Parts/Coconut_Palm_Tree_Bark2.mat","Nature/Tree Creator Bark",2000,False,"Assets/Coconut Palm Tree Pack/Textures/Parts/Coconut_Palm_Bark2_diffuse.psd"
"Assets/Coconut Palm Tree Pack/Materials/Parts/Coconut_Palm_Tree_Bark3.mat","Nature/Tree Creator Bark",2000,False,"Assets/Coconut Palm Tree Pack/Textures/Parts/Coconut_Palm_Tree_Bark_diffuse.tif"
"Assets/Coconut Palm Tree Pack/Materials/Parts/Coconut_Palm_Tree_Brush.mat","Nature/Tree Creator Leaves",2000,False,"Assets/Coconut Palm Tree Pack/Textures/Parts/Palm_Brush_diffuse.psd"
"Assets/Coconut Palm Tree Pack/Materials/Parts/Coconut_Palm_Tree_Frond_Stem.mat","Nature/Tree Creator Bark",2000,False,"Assets/Coconut Palm Tree Pack/Textures/Parts/Frond_Stem_diffuse.psd"
"Assets/Coconut Palm Tree Pack/Materials/Parts/Coconut_Palm_Tree_Leaf1.mat","Nature/Tree Creator Leaves",2000,False,"Assets/Coconut Palm Tree Pack/Textures/Parts/Coconut_Palm_Tree_Branch1_diffuse.psd"
"Assets/Coconut Palm Tree Pack/Materials/Parts/Coconut_Palm_Tree_Leaf2.mat","Nature/Tree Creator Leaves",2000,False,"Assets/Coconut Palm Tree Pack/Textures/Parts/Coconut_Palm_Tree_Branch2_diffuse.psd"
"Assets/Coconut Palm Tree Pack/Prefabs/TreeCreatorEditable/Coconut_Palm_Tree01.prefab","Hidden/Nature/Tree Creator Bark Optimized",2000,False,""
"Assets/Coconut Palm Tree Pack/Prefabs/TreeCreatorEditable/Coconut_Palm_Tree02.prefab","Hidden/Nature/Tree Creator Bark Optimized",2000,False,""
"Assets/Coconut Palm Tree Pack/Prefabs/TreeCreatorEditable/Coconut_Palm_Tree03.prefab","Hidden/Nature/Tree Creator Bark Optimized",2000,False,""
"Assets/Coconut Palm Tree Pack/Prefabs/TreeCreatorEditable/Coconut_Palm_Tree04.prefab","Hidden/Nature/Tree Creator Bark Optimized",2000,False,""
"Assets/Coconut Palm Tree Pack/Prefabs/TreeCreatorEditable/Coconut_Palm_Tree05.prefab","Hidden/Nature/Tree Creator Bark Optimized",2000,False,""
"Assets/Coconut Palm Tree Pack/Prefabs/TreeCreatorEditable/Coconut_Palm_Tree06.prefab","Hidden/Nature/Tree Creator Bark Optimized",2000,False,""
"Assets/Coconut Palm Tree Pack/Prefabs/TreeCreatorEditable/Coconut_Palm_Tree07.prefab","Hidden/Nature/Tree Creator Bark Optimized",2000,False,""
"Assets/Coconut Palm Tree Pack/Prefabs/TreeCreatorEditable/Coconut_Palm_Tree08.prefab","Hidden/Nature/Tree Creator Bark Optimized",2000,False,""
"Assets/Coconut Palm Tree Pack/Prefabs/TreeCreatorEditable/Coconut_Palm_Tree09.prefab","Hidden/Nature/Tree Creator Bark Optimized",2000,False,""
"Assets/Coconut Palm Tree Pack/Prefabs/TreeCreatorEditable/Coconut_Palm_Tree10.prefab","Hidden/Nature/Tree Creator Bark Optimized",2000,False,""
"Assets/Coconut Palm Tree Pack/Prefabs/TreeCreatorEditable/Coconut_Palm_Tree11.prefab","Hidden/Nature/Tree Creator Bark Optimized",2000,False,""
"Assets/Coconut Palm Tree Pack/Prefabs/TreeCreatorEditable/Coconut_Palm_Tree12.prefab","Hidden/Nature/Tree Creator Bark Optimized",2000,False,""
"Assets/danthaigames/DS 80s Television/FBX/TV.fbx","Universal Render Pipeline/Lit",2000,False,""
"Assets/danthaigames/DS 80s Television/Materials/TV Chrome.mat","Universal Render Pipeline/Lit",2000,False,""
"Assets/danthaigames/DS 80s Television/Materials/TV Feet.mat","Universal Render Pipeline/Lit",2000,False,""
"Assets/danthaigames/DS 80s Television/Materials/TV Handles and Surround.mat","Universal Render Pipeline/Lit",2000,False,"Assets/danthaigames/DS 80s Television/Textures/TVHandlesSurround.png"
"Assets/danthaigames/DS 80s Television/Materials/TV Screen Surround.mat","Universal Render Pipeline/Lit",2000,False,""
"Assets/danthaigames/DS 80s Television/Materials/TV Screen.mat","Universal Render Pipeline/Lit",2000,False,"Assets/danthaigames/DS 80s Television/Textures/TVScreen.png"
"Assets/danthaigames/DS 80s Television/Materials/TV.mat","Universal Render Pipeline/Lit",2000,False,"Assets/danthaigames/DS 80s Television/Textures/TV.png"
"Assets/DevDen Arch Viz Scotland/Decals/Materials/Bird and Nest.mat","Universal Render Pipeline/Lit",2450,False,"Assets/DevDen Arch Viz Scotland/Decals/Bird and Nest.png"
"Assets/DevDen Arch Viz Scotland/Decals/Materials/Cartoon.mat","Universal Render Pipeline/Lit",2450,False,"Assets/DevDen Arch Viz Scotland/Decals/Cartoon.png"
"Assets/DevDen Arch Viz Scotland/Decals/Materials/Decor.mat","Universal Render Pipeline/Lit",2450,False,"Assets/DevDen Arch Viz Scotland/Decals/Decor 1.png"
"Assets/DevDen Arch Viz Scotland/Decals/Materials/Family Love.mat","Universal Render Pipeline/Lit",2450,False,"Assets/DevDen Arch Viz Scotland/Decals/Family Love.png"
"Assets/DevDen Arch Viz Scotland/Decals/Materials/Lets Eat.mat","Universal Render Pipeline/Lit",2450,False,"Assets/DevDen Arch Viz Scotland/Decals/Let's Eat.png"
"Assets/DevDen Arch Viz Scotland/Decals/Materials/Line.mat","Universal Render Pipeline/Lit",2450,False,"Assets/DevDen Arch Viz Scotland/Decals/Line.png"
"Assets/DevDen Arch Viz Scotland/Decals/Materials/Loading.mat","Universal Render Pipeline/Lit",2450,False,"Assets/DevDen Arch Viz Scotland/Decals/Loading.png"
"Assets/DevDen Arch Viz Scotland/Decals/Materials/Plant.mat","Universal Render Pipeline/Lit",2450,False,"Assets/DevDen Arch Viz Scotland/Decals/Lamp Pole.png"
"Assets/DevDen Arch Viz Scotland/Decals/Materials/Tree.mat","Universal Render Pipeline/Lit",2450,False,"Assets/DevDen Arch Viz Scotland/Decals/Tree.png"
"Assets/DevDen Arch Viz Scotland/HDRI/Sky.mat","Skybox/Panoramic",1000,False,"Assets/DevDen Arch Viz Scotland/HDRI/HDRI.png"
"Assets/DevDen Arch Viz Scotland/Materials/balcony/balcony_chair1.mat","Universal Render Pipeline/Lit",2000,True,"Assets/DevDen Arch Viz Scotland/Textures/Balcony/balcony_chair/balcony_ chair_balcony_chair1_AlbedoTransparency.png"
"Assets/DevDen Arch Viz Scotland/Materials/balcony/balcony_glass.mat","Universal Render Pipeline/Lit",3000,True,"Assets/DevDen Arch Viz Scotland/Textures/Balcony/balcony/balcony_balcony_glass_AlbedoTransparency.png"
"Assets/DevDen Arch Viz Scotland/Materials/balcony/balcony_mat1.mat","Universal Render Pipeline/Lit",2000,True,"Assets/DevDen Arch Viz Scotland/Textures/Balcony/balcony_mat/balcony_mat_balcony_mat1_AlbedoTransparency.png"
"Assets/DevDen Arch Viz Scotland/Materials/balcony/balcony_metal.mat","Universal Render Pipeline/Lit",2000,True,"Assets/DevDen Arch Viz Scotland/Textures/Balcony/balcony/balcony_balcony_metal_AlbedoTransparency.png"
"Assets/DevDen Arch Viz Scotland/Materials/balcony/balcony_table_2.mat","Universal Render Pipeline/Lit",2000,True,"Assets/DevDen Arch Viz Scotland/Textures/Balcony/balconY_tacle/balcony_table_balcony_table_2_AlbedoTransparency.png"
"Assets/DevDen Arch Viz Scotland/Materials/balcony/balcony_wood.mat","Universal Render Pipeline/Lit",2000,True,"Assets/DevDen Arch Viz Scotland/Textures/Environment/Floor Texture/floor mat 1_AlbedoTransparency.png"
"Assets/DevDen Arch Viz Scotland/Materials/balcony/flower.mat","Universal Render Pipeline/Lit",2000,True,"Assets/DevDen Arch Viz Scotland/Textures/Balcony/flower_pot/flower_pot_1_flower_AlbedoTransparency.png"
"Assets/DevDen Arch Viz Scotland/Materials/balcony/leaf.mat","Universal Render Pipeline/Lit",2000,True,"Assets/DevDen Arch Viz Scotland/Textures/Balcony/flower_pot/flower_pot_1_leaf_AlbedoTransparency.png"
"Assets/DevDen Arch Viz Scotland/Materials/balcony/plant_pot.mat","Universal Render Pipeline/Lit",2000,True,"Assets/DevDen Arch Viz Scotland/Textures/Balcony/flower_pot/flower_pot_1_plant_pot_AlbedoTransparency.png"
"Assets/DevDen Arch Viz Scotland/Materials/balcony/wines.mat","Universal Render Pipeline/Lit",2000,False,"Assets/DevDen Arch Viz Scotland/Textures/Balcony/flower_pot/flower_pot_1_wines_AlbedoTransparency.png"
"Assets/DevDen Arch Viz Scotland/Materials/Bathroom/Bathroom Shelf.mat","Universal Render Pipeline/Lit",2000,False,""
"Assets/DevDen Arch Viz Scotland/Materials/Bathroom/bathroom_cabin.mat","Universal Render Pipeline/Lit",2000,True,"Assets/DevDen Arch Viz Scotland/Textures/Bathroom/bathroom_cabin/bathroom_cabin_bathroom_cabin_AlbedoTransparency.png"
"Assets/DevDen Arch Viz Scotland/Materials/Bathroom/bathroom_floor3.mat","Universal Render Pipeline/Lit",2000,True,"Assets/DevDen Arch Viz Scotland/Textures/Environment/inner_wall/inner_wall_bathroom_floor3_AlbedoTransparency.png"
"Assets/DevDen Arch Viz Scotland/Materials/Bathroom/Bathroom_glass_1.mat","Universal Render Pipeline/Lit",3000,True,""
"Assets/DevDen Arch Viz Scotland/Materials/Bathroom/bathroom_shelf.mat","Universal Render Pipeline/Lit",2000,True,"Assets/DevDen Arch Viz Scotland/Textures/Bathroom/bathroom_shelf/bathroom_shelf_bathroom_shelf_AlbedoTransparency.png"
"Assets/DevDen Arch Viz Scotland/Materials/Bathroom/bathroom_wall3.mat","Universal Render Pipeline/Lit",2000,True,"Assets/DevDen Arch Viz Scotland/Textures/Environment/inner_wall/inner_wall_bathroom_wall3_AlbedoTransparency.png"
"Assets/DevDen Arch Viz Scotland/Materials/Bathroom/bathroom_wall_mat_1.mat","Universal Render Pipeline/Lit",2000,False,"Assets/DevDen Arch Viz Scotland/Textures/Bathroom/Tile_Bath/SubwayTile - baseColor.png"
"Assets/DevDen Arch Viz Scotland/Materials/Bathroom/ceiling_light.mat","Universal Render Pipeline/Lit",2000,True,""
"Assets/DevDen Arch Viz Scotland/Materials/Bathroom/ceiling_light_emission.mat","Universal Render Pipeline/Lit",2000,True,""
"Assets/DevDen Arch Viz Scotland/Materials/Bathroom/ceramic.mat","Universal Render Pipeline/Lit",2000,True,""
"Assets/DevDen Arch Viz Scotland/Materials/Bathroom/LightEmission01.mat","Universal Render Pipeline/Lit",2000,True,""
"Assets/DevDen Arch Viz Scotland/Materials/Bathroom/M_toilet.mat","Universal Render Pipeline/Lit",2000,True,"Assets/DevDen Arch Viz Scotland/Textures/Bathroom/Toilet/toilet_DefaultMaterial_AlbedoTransparency.png"
"Assets/DevDen Arch Viz Scotland/Materials/Bathroom/M_washbasin2.mat","Universal Render Pipeline/Lit",2000,True,"Assets/DevDen Arch Viz Scotland/Textures/Bathroom/Washbasin/washbasin_M_washbasin_AlbedoTransparency.png"
"Assets/DevDen Arch Viz Scotland/Materials/Bathroom/metaldryer.mat","Universal Render Pipeline/Lit",2000,True,""
"Assets/DevDen Arch Viz Scotland/Materials/Bathroom/Mirror01.mat","Universal Render Pipeline/Lit",2000,True,""
"Assets/DevDen Arch Viz Scotland/Materials/Bathroom/phong1.mat","Universal Render Pipeline/Lit",2000,True,"Assets/DevDen Arch Viz Scotland/Textures/Bathroom/bathroom_wall/bathroom_wall_phong1_AlbedoTransparency.png"
"Assets/DevDen Arch Viz Scotland/Materials/Bathroom/toilet_wood1.mat","Universal Render Pipeline/Lit",2000,True,"Assets/DevDen Arch Viz Scotland/Textures/Bathroom/Toilet_wood/3_toilet_wood1_AlbedoTransparency.png"
"Assets/DevDen Arch Viz Scotland/Materials/Bathroom/toilet_wood_1.mat","Universal Render Pipeline/Lit",2000,True,"Assets/DevDen Arch Viz Scotland/Textures/Bathroom/towel_2/2_toilet_wood_1_AlbedoTransparency.png"
"Assets/DevDen Arch Viz Scotland/Materials/Bathroom/tolpaper.mat","Universal Render Pipeline/Lit",2000,True,"Assets/DevDen Arch Viz Scotland/Textures/Bathroom/TolPaper/tolpaper_DefaultMaterial_AlbedoTransparency.png"
"Assets/DevDen Arch Viz Scotland/Materials/Bathroom/towl_2.mat","Universal Render Pipeline/Lit",2000,True,"Assets/DevDen Arch Viz Scotland/Textures/Bathroom/towel_2/2_towl_2_AlbedoTransparency.png"
"Assets/DevDen Arch Viz Scotland/Materials/Bathroom/washingglass.mat","Universal Render Pipeline/Lit",3000,True,""
"Assets/DevDen Arch Viz Scotland/Materials/Bathroom/washingMachine.mat","Universal Render Pipeline/Lit",2000,True,"Assets/DevDen Arch Viz Scotland/Textures/Bathroom/Washing_machine/washingmachine_M_washingmachine_AlbedoTransparency.png"
"Assets/DevDen Arch Viz Scotland/Materials/Bathroom/washingmachineclosed.mat","Universal Render Pipeline/Lit",2000,True,"Assets/DevDen Arch Viz Scotland/Textures/Bathroom/Washing_machine/washingmachine_M_washingmachine_AlbedoTransparency.png"
"Assets/DevDen Arch Viz Scotland/Materials/Bed Room/bed.mat","Universal Render Pipeline/Lit",2000,True,"Assets/DevDen Arch Viz Scotland/Textures/Bed Room/bed/bed_bed_AlbedoTransparency.png"
"Assets/DevDen Arch Viz Scotland/Materials/Bed Room/bed_coat.mat","Universal Render Pipeline/Lit",2000,True,"Assets/DevDen Arch Viz Scotland/Textures/Bed Room/bed/bed_bed_coat_AlbedoTransparency.png"
"Assets/DevDen Arch Viz Scotland/Materials/Bed Room/bed_lamp_glass1.mat","Universal Render Pipeline/Lit",3000,True,"Assets/DevDen Arch Viz Scotland/Textures/Bed Room/BedsideLamp/bedside_lamp_bed_lamp_glass1_AlbedoTransparency.png"
"Assets/DevDen Arch Viz Scotland/Materials/Bed Room/bed_sheet.mat","Universal Render Pipeline/Lit",2000,True,"Assets/DevDen Arch Viz Scotland/Textures/Bed Room/bed/bed_low_bed_sheet_AlbedoTransparency.png"
"Assets/DevDen Arch Viz Scotland/Materials/Bed Room/bed_sider.mat","Universal Render Pipeline/Lit",2000,True,"Assets/DevDen Arch Viz Scotland/Textures/Bed Room/bedsider/bedsider_bed_sider_AlbedoTransparency.png"
"Assets/DevDen Arch Viz Scotland/Materials/Bed Room/bedroom_floor3.mat","Universal Render Pipeline/Lit",2000,True,"Assets/DevDen Arch Viz Scotland/Textures/Environment/Floor Texture/floor mat 1_AlbedoTransparency.png"
"Assets/DevDen Arch Viz Scotland/Materials/Bed Room/bedroom_wall4.mat","Universal Render Pipeline/Lit",2000,False,"Assets/DevDen Arch Viz Scotland/Textures/Environment/inner_wall/inner_wall_bedroom_wall4_AlbedoTransparency.png"
"Assets/DevDen Arch Viz Scotland/Materials/Bed Room/bedroom_wood_side_table.mat","Universal Render Pipeline/Lit",2000,True,"Assets/DevDen Arch Viz Scotland/Textures/Bed Room/bedside_table/bedside_table_bedside_AlbedoTransparency.png"
"Assets/DevDen Arch Viz Scotland/Materials/Bed Room/Bedroom_wood_table.mat","Universal Render Pipeline/Lit",2000,True,"Assets/DevDen Arch Viz Scotland/Textures/Bed Room/Photo_stand/fotostand_fotostand_AlbedoTransparency.png"
"Assets/DevDen Arch Viz Scotland/Materials/Bed Room/bedside_lamp1.mat","Universal Render Pipeline/Lit",2000,True,"Assets/DevDen Arch Viz Scotland/Textures/Bed Room/BedsideLamp/bedside_lamp_bedside_lamp1_AlbedoTransparency.png"
"Assets/DevDen Arch Viz Scotland/Materials/Bed Room/carpet.mat","Universal Render Pipeline/Lit",2000,True,"Assets/DevDen Arch Viz Scotland/Textures/Bed Room/bedside_carpet/carpet_carpet_AlbedoTransparency.png"
"Assets/DevDen Arch Viz Scotland/Materials/Bed Room/CommonCeramic01.mat","Universal Render Pipeline/Lit",2000,True,"Assets/DevDen Arch Viz Scotland/Textures/Common/Interior_props/CommonCeramic01.png"
"Assets/DevDen Arch Viz Scotland/Materials/Bed Room/CommonCeramic02Biege.mat","Universal Render Pipeline/Lit",2000,True,"Assets/DevDen Arch Viz Scotland/Textures/Common/Interior_props/CommonCeramic02.png"
"Assets/DevDen Arch Viz Scotland/Materials/Bed Room/CommonPlastic01.mat","Universal Render Pipeline/Lit",2000,True,""
"Assets/DevDen Arch Viz Scotland/Materials/Bed Room/dressing_mirror1.mat","Universal Render Pipeline/Lit",2000,True,"Assets/DevDen Arch Viz Scotland/Textures/Bed Room/dressing_mirror/dresing_mirror_dressing_mirror1_AlbedoTransparency.png"
"Assets/DevDen Arch Viz Scotland/Materials/Bed Room/dressing_mirror_glass.mat","Universal Render Pipeline/Lit",2000,True,""
"Assets/DevDen Arch Viz Scotland/Materials/Bed Room/glass_wall_glass4.mat","Universal Render Pipeline/Lit",3000,True,"Assets/DevDen Arch Viz Scotland/Textures/Environment/inner_wall/inner_wall_glass_wall_glass4_AlbedoTransparency.png"
"Assets/DevDen Arch Viz Scotland/Materials/Bed Room/Paintings_House.mat","Universal Render Pipeline/Lit",2000,True,"Assets/DevDen Arch Viz Scotland/Textures/Bed Room/foto_frame_2/Painting_Small_C_Paintings_House_AlbedoTransparency.png"
"Assets/DevDen Arch Viz Scotland/Materials/Bed Room/Paintings_House_1.mat","Universal Render Pipeline/Lit",2000,True,"Assets/DevDen Arch Viz Scotland/Textures/Bed Room/FOTO_FRAME_4/Painting_StandPhoto_C_Paintings_House_AlbedoTransparency.png"
"Assets/DevDen Arch Viz Scotland/Materials/Bed Room/Paintings_House_2.mat","Universal Render Pipeline/Lit",2000,True,"Assets/DevDen Arch Viz Scotland/Textures/Bed Room/foto_frame_3/Painting_StandPhoto_A_Paintings_House_AlbedoTransparency.png"
"Assets/DevDen Arch Viz Scotland/Materials/Bed Room/Paintings_House_4.mat","Universal Render Pipeline/Lit",2000,True,"Assets/DevDen Arch Viz Scotland/Textures/Bed Room/foto_frame_1/Painting_Photo_B_Paintings_House_AlbedoTransparency.png"
"Assets/DevDen Arch Viz Scotland/Materials/Bed Room/pattern_wall.mat","Universal Render Pipeline/Lit",2000,True,"Assets/DevDen Arch Viz Scotland/Textures/Environment/inner_wall/inner_wall_pattern_wall_AlbedoTransparency.png"
"Assets/DevDen Arch Viz Scotland/Materials/Bed Room/pillow_1.mat","Universal Render Pipeline/Lit",2000,True,"Assets/DevDen Arch Viz Scotland/Textures/Bed Room/bed/bed_pillow_1_AlbedoTransparency.png"
"Assets/DevDen Arch Viz Scotland/Materials/Common/Air Conditioner.mat","Universal Render Pipeline/Lit",2000,True,"Assets/DevDen Arch Viz Scotland/Textures/Common/AirConditioner/airconditioner_DefaultMaterial_AlbedoTransparency.png"
"Assets/DevDen Arch Viz Scotland/Materials/Common/Brass.mat","Universal Render Pipeline/Lit",2000,True,""
"Assets/DevDen Arch Viz Scotland/Materials/Common/Cherry Highgloss.mat","Universal Render Pipeline/Lit",2000,True,""
"Assets/DevDen Arch Viz Scotland/Materials/Common/Chrome Clean.mat","Universal Render Pipeline/Lit",2000,True,""
"Assets/DevDen Arch Viz Scotland/Materials/Common/door1.mat","Universal Render Pipeline/Lit",2000,True,"Assets/DevDen Arch Viz Scotland/Textures/Common/door and handle/door and handles_door_AlbedoTransparency.png"
"Assets/DevDen Arch Viz Scotland/Materials/Common/lamp.mat","Universal Render Pipeline/Lit",2000,True,"Assets/DevDen Arch Viz Scotland/Textures/Study Room/lamp/lamp_AlbedoTransparency.png"
"Assets/DevDen Arch Viz Scotland/Materials/Common/Lamp_emission.mat","Universal Render Pipeline/Lit",2000,True,""
"Assets/DevDen Arch Viz Scotland/Materials/Common/little_props.mat","Universal Render Pipeline/Lit",2000,True,"Assets/DevDen Arch Viz Scotland/Textures/Living Room/little_props/little_props_d-Recovered_1.png"
"Assets/DevDen Arch Viz Scotland/Materials/Common/magazine1.mat","Universal Render Pipeline/Lit",2000,True,"Assets/DevDen Arch Viz Scotland/Textures/Common/Magazine/magazine.png"
"Assets/DevDen Arch Viz Scotland/Materials/Common/plate.mat","Universal Render Pipeline/Lit",2000,True,"Assets/DevDen Arch Viz Scotland/Textures/Common/Plate/plate_1_plate_1_BaseColor.png"
"Assets/DevDen Arch Viz Scotland/Materials/Common/Shadow Caster.mat","Universal Render Pipeline/Lit",2000,False,""
"Assets/DevDen Arch Viz Scotland/Materials/Common/Socket.mat","Universal Render Pipeline/Lit",2000,True,"Assets/DevDen Arch Viz Scotland/Textures/Common/Socket/socket_M_socket_AlbedoTransparency.png"
"Assets/DevDen Arch Viz Scotland/Materials/Common/Switch.mat","Universal Render Pipeline/Lit",2000,True,"Assets/DevDen Arch Viz Scotland/Textures/Common/Switch/switch_M_switch_AlbedoTransparency.png"
"Assets/DevDen Arch Viz Scotland/Materials/Common/switch1.mat","Universal Render Pipeline/Lit",2000,True,"Assets/DevDen Arch Viz Scotland/Textures/Kitchen Room/kitchen_1/kitchen_switch1_AlbedoTransparency.png"
"Assets/DevDen Arch Viz Scotland/Materials/Common/switch2.mat","Universal Render Pipeline/Lit",2000,True,"Assets/DevDen Arch Viz Scotland/Textures/Kitchen Room/kitchen_1/kitchen_switch1_AlbedoTransparency.png"
"Assets/DevDen Arch Viz Scotland/Materials/Dining Room/Cutlery.mat","Universal Render Pipeline/Lit",2000,True,"Assets/DevDen Arch Viz Scotland/Textures/Common/CUTLERY/Cutlery FBX_Cutlery_AlbedoTransparency.png"
"Assets/DevDen Arch Viz Scotland/Materials/Dining Room/diining_chair_wood.mat","Universal Render Pipeline/Lit",2000,True,"Assets/DevDen Arch Viz Scotland/Textures/Dining Room/dinning_chair/dinning_chair_diining_chair_wood_AlbedoTransparency.png"
"Assets/DevDen Arch Viz Scotland/Materials/Dining Room/dinning_chair_cusion.mat","Universal Render Pipeline/Lit",2000,True,"Assets/DevDen Arch Viz Scotland/Textures/Dining Room/dinning_chair/dinning_chair_dinning_chair_cusion_AlbedoTransparency.png"
"Assets/DevDen Arch Viz Scotland/Materials/Dining Room/dinning_table.mat","Universal Render Pipeline/Lit",2000,True,"Assets/DevDen Arch Viz Scotland/Textures/Dining Room/dinning_table/dinning_table_dinning_table_AlbedoTransparency.png"
"Assets/DevDen Arch Viz Scotland/Materials/Dining Room/Table Mat.mat","Universal Render Pipeline/Lit",2000,True,"Assets/DevDen Arch Viz Scotland/Textures/Dining Room/food_cloth/tablemat_1.1_BaseColor.png"
"Assets/DevDen Arch Viz Scotland/Materials/Dining Room/trash-can.mat","Universal Render Pipeline/Lit",2000,True,"Assets/DevDen Arch Viz Scotland/Textures/Common/SmallObj/trash-can_albedo.png"
"Assets/DevDen Arch Viz Scotland/Materials/Environment/Door_frame_mat_1.mat","Universal Render Pipeline/Lit",2000,False,""
"Assets/DevDen Arch Viz Scotland/Materials/Environment/exterior_wall.mat","Universal Render Pipeline/Lit",2000,True,""
"Assets/DevDen Arch Viz Scotland/Materials/Environment/handle.mat","Universal Render Pipeline/Lit",2000,True,"Assets/DevDen Arch Viz Scotland/Textures/Common/door and handle/door and handles_handle_AlbedoTransparency.png"
"Assets/DevDen Arch Viz Scotland/Materials/Environment/inner_roof3.mat","Universal Render Pipeline/Lit",2000,True,"Assets/DevDen Arch Viz Scotland/Textures/Environment/inner_wall/inner_wall_inner_roof3_AlbedoTransparency.png"
"Assets/DevDen Arch Viz Scotland/Materials/Environment/livingroom_floor4.mat","Universal Render Pipeline/Lit",2000,True,"Assets/DevDen Arch Viz Scotland/Textures/Environment/Floor Texture/floor mat 1_AlbedoTransparency.png"
"Assets/DevDen Arch Viz Scotland/Materials/Environment/livingroom_wall3.mat","Universal Render Pipeline/Lit",2000,True,"Assets/DevDen Arch Viz Scotland/Textures/Environment/inner_wall/inner_wall_livingroom_wall3_AlbedoTransparency.png"
"Assets/DevDen Arch Viz Scotland/Materials/Kitchen Room/chimini.mat","Universal Render Pipeline/Lit",2000,True,"Assets/DevDen Arch Viz Scotland/Textures/Kitchen Room/kitchen_1/kitchen_chimini_AlbedoTransparency.png"
"Assets/DevDen Arch Viz Scotland/Materials/Kitchen Room/Chopboard_mat.mat","Universal Render Pipeline/Lit",2000,False,"Assets/DevDen Arch Viz Scotland/Textures/Kitchen Room/Chopboard/Chopboard_AlbedoTransparency.png"
"Assets/DevDen Arch Viz Scotland/Materials/Kitchen Room/chopping-board.mat","Universal Render Pipeline/Lit",2000,True,""
"Assets/DevDen Arch Viz Scotland/Materials/Kitchen Room/coffee_maker.mat","Universal Render Pipeline/Lit",2000,True,"Assets/DevDen Arch Viz Scotland/Textures/Kitchen Room/CoffeeMachine/coffeemachine_DefaultMaterial_AlbedoTransparency_2.png"
"Assets/DevDen Arch Viz Scotland/Materials/Kitchen Room/DrainerNew.mat","Universal Render Pipeline/Lit",2000,True,"Assets/DevDen Arch Viz Scotland/Textures/Common/SmallObj/dish-rack_albedo.png"
"Assets/DevDen Arch Viz Scotland/Materials/Kitchen Room/glass.mat","Universal Render Pipeline/Lit",2000,False,"Assets/DevDen Arch Viz Scotland/Textures/Kitchen Room/kitchen_1/kitchen_glass_AlbedoTransparency.png"
"Assets/DevDen Arch Viz Scotland/Materials/Kitchen Room/gold_tap_handle 1.mat","Universal Render Pipeline/Lit",2000,True,"Assets/DevDen Arch Viz Scotland/Textures/Kitchen Room/kitchen_1/kitchen_gold_tap_handle_AlbedoTransparency.png"
"Assets/DevDen Arch Viz Scotland/Materials/Kitchen Room/gold_tap_handle.mat","Universal Render Pipeline/Lit",2000,True,"Assets/DevDen Arch Viz Scotland/Textures/Kitchen Room/kitchen_1/kitchen_gold_tap_handle_AlbedoTransparency.png"
"Assets/DevDen Arch Viz Scotland/Materials/Kitchen Room/gold_tap_handle_1.mat","Universal Render Pipeline/Lit",2000,True,"Assets/DevDen Arch Viz Scotland/Textures/Kitchen Room/fridge_2/frifge_gold_tap_handle_AlbedoTransparency.png"
"Assets/DevDen Arch Viz Scotland/Materials/Kitchen Room/gold_tap_handle_2.mat","Universal Render Pipeline/Lit",2000,True,"Assets/DevDen Arch Viz Scotland/Textures/Kitchen Room/fridge_2/frifge_gold_tap_handle_AlbedoTransparency.png"
"Assets/DevDen Arch Viz Scotland/Materials/Kitchen Room/granite.mat","Universal Render Pipeline/Lit",2000,True,"Assets/DevDen Arch Viz Scotland/Textures/Kitchen Room/kitchen_1/kitchen_granite_AlbedoTransparency.png"
"Assets/DevDen Arch Viz Scotland/Materials/Kitchen Room/green_wood.mat","Universal Render Pipeline/Lit",2000,True,"Assets/DevDen Arch Viz Scotland/Textures/Kitchen Room/Kitchen_cupboard_1/kitchen_2_green_wood_AlbedoTransparency.png"
"Assets/DevDen Arch Viz Scotland/Materials/Kitchen Room/green_wood_1 Metal.mat","Universal Render Pipeline/Lit",2000,True,"Assets/DevDen Arch Viz Scotland/Textures/Kitchen Room/Fridge/frifge_green_wood_AlbedoTransparency.png"
"Assets/DevDen Arch Viz Scotland/Materials/Kitchen Room/green_wood_1.mat","Universal Render Pipeline/Lit",2000,True,"Assets/DevDen Arch Viz Scotland/Textures/Kitchen Room/Fridge/frifge_green_wood_AlbedoTransparency.png"
"Assets/DevDen Arch Viz Scotland/Materials/Kitchen Room/green_wood_2.mat","Universal Render Pipeline/Lit",2000,True,"Assets/DevDen Arch Viz Scotland/Textures/Kitchen Room/Kitchen_cupboard_2/kitchen_green_wood_AlbedoTransparencyTest.png"
"Assets/DevDen Arch Viz Scotland/Materials/Kitchen Room/induction-hob.mat","Universal Render Pipeline/Lit",2000,True,"Assets/DevDen Arch Viz Scotland/Textures/Kitchen Room/kitchen/induction-hob_albedo.png"
"Assets/DevDen Arch Viz Scotland/Materials/Kitchen Room/kitchan_mat_2.mat","Universal Render Pipeline/Lit",2000,True,"Assets/DevDen Arch Viz Scotland/Textures/Kitchen Room/Kettle/kitchan mat 2_kitchan_mat_2_BaseColor 1.png"
"Assets/DevDen Arch Viz Scotland/Materials/Kitchen Room/knife-block.mat","Universal Render Pipeline/Lit",2000,True,""
"Assets/DevDen Arch Viz Scotland/Materials/Kitchen Room/Knife_Holder_mat.mat","Universal Render Pipeline/Lit",2000,False,"Assets/DevDen Arch Viz Scotland/Textures/Kitchen Room/Knife Holder/Knife Holder_AlbedoTransparency.png"
"Assets/DevDen Arch Viz Scotland/Materials/Kitchen Room/knives.mat","Universal Render Pipeline/Lit",2000,True,"Assets/DevDen Arch Viz Scotland/Textures/Common/SmallObj/knives_albedo.png"
"Assets/DevDen Arch Viz Scotland/Materials/Kitchen Room/marble.mat","Universal Render Pipeline/Lit",2000,True,"Assets/DevDen Arch Viz Scotland/Textures/Kitchen Room/side_piece/side_piece_marble_AlbedoTransparency.png"
"Assets/DevDen Arch Viz Scotland/Materials/Kitchen Room/metal.mat","Universal Render Pipeline/Lit",2000,True,"Assets/DevDen Arch Viz Scotland/Textures/Kitchen Room/side_piece/side_piece_metal_AlbedoTransparency.png"
"Assets/DevDen Arch Viz Scotland/Materials/Kitchen Room/mug-tree.mat","Universal Render Pipeline/Lit",2000,True,""
"Assets/DevDen Arch Viz Scotland/Materials/Kitchen Room/Mug_Holder_mat.mat","Universal Render Pipeline/Lit",2000,False,"Assets/DevDen Arch Viz Scotland/Textures/Kitchen Room/Mug Holder/Mug Holder_AlbedoTransparency.png"
"Assets/DevDen Arch Viz Scotland/Materials/Kitchen Room/steel.mat","Universal Render Pipeline/Lit",2000,True,"Assets/DevDen Arch Viz Scotland/Textures/Kitchen Room/kitchen_1/kitchen_steel_AlbedoTransparency.png"
"Assets/DevDen Arch Viz Scotland/Materials/Kitchen Room/toasterNew.mat","Universal Render Pipeline/Lit",2000,True,"Assets/DevDen Arch Viz Scotland/Textures/Kitchen Room/TOASTER/toaster_toaster_AlbedoTransparency.png"
"Assets/DevDen Arch Viz Scotland/Materials/Kitchen Room/white_wood.mat","Universal Render Pipeline/Lit",2000,True,"Assets/DevDen Arch Viz Scotland/Textures/Kitchen Room/side_piece/side_piece_white_wood_AlbedoTransparency.png"
"Assets/DevDen Arch Viz Scotland/Materials/Living Room/chair_2.mat","Universal Render Pipeline/Lit",2000,True,"Assets/DevDen Arch Viz Scotland/Textures/Living Room/chair_2/chair_5_d.png"
"Assets/DevDen Arch Viz Scotland/Materials/Living Room/laptop.mat","Universal Render Pipeline/Lit",2000,True,"Assets/DevDen Arch Viz Scotland/Textures/Living Room/Laptop/laptop_DefaultMaterial_AlbedoTransparency.png"
"Assets/DevDen Arch Viz Scotland/Materials/Living Room/NewCarpet.mat","Universal Render Pipeline/Lit",2000,True,"Assets/DevDen Arch Viz Scotland/Textures/Living Room/Living_room_carpet/Carpet.png"
"Assets/DevDen Arch Viz Scotland/Materials/Living Room/Remote.mat","Universal Render Pipeline/Lit",2000,True,"Assets/DevDen Arch Viz Scotland/Textures/Living Room/Remotecontrol/RemoteControl_DefaultMaterial_AlbedoTransparency.png"
"Assets/DevDen Arch Viz Scotland/Materials/Living Room/Sofa Set.mat","Universal Render Pipeline/Lit",2000,True,"Assets/DevDen Arch Viz Scotland/Textures/Living Room/sofa_2/sofa_2_01 - Default_AlbedoTransparency.png"
"Assets/DevDen Arch Viz Scotland/Materials/Living Room/teatable.mat","Universal Render Pipeline/Lit",2000,True,"Assets/DevDen Arch Viz Scotland/Textures/Living Room/tea_table/Tea Table_teatable_AlbedoTransparency.png"
"Assets/DevDen Arch Viz Scotland/Materials/Living Room/TV.mat","Universal Render Pipeline/Lit",2000,True,"Assets/DevDen Arch Viz Scotland/Textures/Living Room/TV/TV_AlbedoTransparency.png"
"Assets/DevDen Arch Viz Scotland/Materials/Living Room/TV_Panels.mat","Universal Render Pipeline/Lit",2000,True,"Assets/DevDen Arch Viz Scotland/Textures/Living Room/TV_Panels/TV_Panels_DefaultMaterial_AlbedoTransparency.png"
"Assets/DevDen Arch Viz Scotland/Materials/Living Room/TV_Shelf.mat","Universal Render Pipeline/Lit",2000,True,"Assets/DevDen Arch Viz Scotland/Textures/Living Room/TV_Shelf/TV_Shelf_DefaultMaterial_AlbedoTransparency.png"
"Assets/DevDen Arch Viz Scotland/Materials/Living Room/Window_1.mat","Universal Render Pipeline/Lit",2000,True,""
"Assets/DevDen Arch Viz Scotland/Materials/Study Room/book_1.mat","Universal Render Pipeline/Lit",2000,True,"Assets/DevDen Arch Viz Scotland/Textures/Study Room/Books Pack/book_1.png"
"Assets/DevDen Arch Viz Scotland/Materials/Study Room/book_2.mat","Universal Render Pipeline/Lit",2000,True,"Assets/DevDen Arch Viz Scotland/Textures/Study Room/Books Pack/book_2.png"
"Assets/DevDen Arch Viz Scotland/Materials/Study Room/book_3.mat","Universal Render Pipeline/Lit",2000,True,"Assets/DevDen Arch Viz Scotland/Textures/Study Room/Books Pack/book_3.png"
"Assets/DevDen Arch Viz Scotland/Materials/Study Room/book_4.mat","Universal Render Pipeline/Lit",2000,True,"Assets/DevDen Arch Viz Scotland/Textures/Study Room/Books Pack/book_4.png"
"Assets/DevDen Arch Viz Scotland/Materials/Study Room/book_5.mat","Universal Render Pipeline/Lit",2000,True,"Assets/DevDen Arch Viz Scotland/Textures/Study Room/Books Pack/book_5.png"
"Assets/DevDen Arch Viz Scotland/Materials/Study Room/book_6.mat","Universal Render Pipeline/Lit",2000,True,"Assets/DevDen Arch Viz Scotland/Textures/Study Room/Books Pack/book_6.png"
"Assets/DevDen Arch Viz Scotland/Materials/Study Room/book_7.mat","Universal Render Pipeline/Lit",2000,True,"Assets/DevDen Arch Viz Scotland/Textures/Study Room/Books Pack/book_7.png"
"Assets/DevDen Arch Viz Scotland/Materials/Study Room/book_8.mat","Universal Render Pipeline/Lit",2000,True,"Assets/DevDen Arch Viz Scotland/Textures/Study Room/Books Pack/book_8.png"
"Assets/DevDen Arch Viz Scotland/Materials/Study Room/book_9.mat","Universal Render Pipeline/Lit",2000,True,"Assets/DevDen Arch Viz Scotland/Textures/Study Room/Books Pack/book_9.png"
"Assets/DevDen Arch Viz Scotland/Materials/Study Room/book_10.mat","Universal Render Pipeline/Lit",2000,True,"Assets/DevDen Arch Viz Scotland/Textures/Study Room/Books Pack/book_10.png"
"Assets/DevDen Arch Viz Scotland/Materials/Study Room/Furniture_Atlas_1.mat","Universal Render Pipeline/Lit",2000,True,"Assets/DevDen Arch Viz Scotland/Textures/Study Room/StudyRoom Carpet/Atlas_1.png"
"Assets/DevDen Arch Viz Scotland/Materials/Study Room/imac.mat","Universal Render Pipeline/Lit",2000,True,"Assets/DevDen Arch Viz Scotland/Textures/Study Room/imac/Imac_imac_AlbedoTransparency.png"
"Assets/DevDen Arch Viz Scotland/Materials/Study Room/LightBulb02On.mat","Universal Render Pipeline/Lit",2000,True,"Assets/DevDen Arch Viz Scotland/Textures/Study Room/Table_Lamp/LightBulb02.png"
"Assets/DevDen Arch Viz Scotland/Materials/Study Room/LightChrome01.mat","Universal Render Pipeline/Lit",2000,True,""
"Assets/DevDen Arch Viz Scotland/Materials/Study Room/LightPlastic02.mat","Universal Render Pipeline/Lit",2000,False,"Assets/DevDen Arch Viz Scotland/Textures/Common/Interior_props/LightPlastic02.png"
"Assets/DevDen Arch Viz Scotland/Materials/Study Room/Notepad.mat","Universal Render Pipeline/Lit",2000,True,"Assets/DevDen Arch Viz Scotland/Textures/Common/note_pad/note_pad_note_pad_AlbedoTransparency.png"
"Assets/DevDen Arch Viz Scotland/Materials/Study Room/PictureBorder01.mat","Universal Render Pipeline/Lit",2000,False,""
"Assets/DevDen Arch Viz Scotland/Materials/Study Room/PictureImage03.mat","Universal Render Pipeline/Lit",2000,True,"Assets/DevDen Arch Viz Scotland/Textures/Common/Interior_props/StudyRoom_BG1.png"
"Assets/DevDen Arch Viz Scotland/Materials/Study Room/shelf1.mat","Universal Render Pipeline/Lit",2000,True,"Assets/DevDen Arch Viz Scotland/Textures/Study Room/shelf/shelf_shelf1_AlbedoTransparency.png"
"Assets/DevDen Arch Viz Scotland/Materials/Study Room/study_chair_seat.mat","Universal Render Pipeline/Lit",2000,True,"Assets/DevDen Arch Viz Scotland/Textures/Study Room/study_chair/CHair2_study_chair_seat_AlbedoTransparency.png"
"Assets/DevDen Arch Viz Scotland/Materials/Study Room/study_chairI_Leg.mat","Universal Render Pipeline/Lit",2000,True,"Assets/DevDen Arch Viz Scotland/Textures/Study Room/study_chair/CHair2_study_chairI_Leg_AlbedoTransparency.png"
"Assets/DevDen Arch Viz Scotland/Materials/Study Room/studyroom_floor3.mat","Universal Render Pipeline/Lit",2000,True,"Assets/DevDen Arch Viz Scotland/Textures/Environment/inner_wall/inner_wall_studyroom_floor3_AlbedoTransparency.png"
"Assets/DevDen Arch Viz Scotland/Materials/Study Room/studyroom_wall3.mat","Universal Render Pipeline/Lit",2000,True,"Assets/DevDen Arch Viz Scotland/Textures/Environment/inner_wall/inner_wall_studyroom_wall3_AlbedoTransparency.png"
"Assets/DevDen Arch Viz Scotland/Materials/Study Room/table1.mat","Universal Render Pipeline/Lit",2000,True,"Assets/DevDen Arch Viz Scotland/Textures/Study Room/table/Study Table_AlbedoTransparency.png"
"Assets/DevDen Arch Viz Scotland/Models/Balcony/Materials/balcony_chair1.mat","Universal Render Pipeline/Lit",2000,False,""
"Assets/DevDen Arch Viz Scotland/Models/Bathroom/Materials/CommonPlastic01.mat","Universal Render Pipeline/Lit",2000,False,""
"Assets/DevDen Arch Viz Scotland/Models/Bathroom/Materials/LightPlastic01.mat","Universal Render Pipeline/Lit",2000,False,""
"Assets/DevDen Arch Viz Scotland/Models/Bathroom/Materials/Mirror01.mat","Universal Render Pipeline/Lit",2000,False,""
"Assets/DevDen Arch Viz Scotland/Models/Bed Room/Materials/CommonCeramic01.mat","Universal Render Pipeline/Lit",2000,False,"Assets/DevDen Arch Viz Scotland/Textures/Common/Interior_props/CommonCeramic01.png"
"Assets/DevDen Arch Viz Scotland/Models/Common/Materials/magazine1.mat","Universal Render Pipeline/Lit",2000,False,""
"Assets/DevDen Arch Viz Scotland/Models/Common/Materials/No Name.mat","Universal Render Pipeline/Lit",2000,False,""
"Assets/DevDen Arch Viz Scotland/Models/Common/notepad.obj","Universal Render Pipeline/Lit",2000,False,""
"Assets/DevDen Arch Viz Scotland/Models/Dining Room/Cutlery.obj","Universal Render Pipeline/Lit",2000,False,""
"Assets/DevDen Arch Viz Scotland/Models/Environment/archviz.fbx","Universal Render Pipeline/Lit",2000,False,""
"Assets/DevDen Arch Viz Scotland/Models/Kitchen Room/Materials/Chopboard_mat.mat","Universal Render Pipeline/Lit",2000,False,""
"Assets/DevDen Arch Viz Scotland/Models/Kitchen Room/Materials/drainer.mat","Universal Render Pipeline/Lit",2000,False,""
"Assets/DevDen Arch Viz Scotland/Models/Kitchen Room/Materials/Knife_Holder_mat.mat","Universal Render Pipeline/Lit",2000,False,""
"Assets/DevDen Arch Viz Scotland/Models/Kitchen Room/Materials/knives.mat","Universal Render Pipeline/Lit",2000,False,""
"Assets/DevDen Arch Viz Scotland/Models/Kitchen Room/Materials/Mug_Holder_mat.mat","Universal Render Pipeline/Lit",2000,False,""
"Assets/DevDen Arch Viz Scotland/Models/Kitchen Room/Materials/No Name.mat","Universal Render Pipeline/Lit",2000,False,""
"Assets/DevDen Arch Viz Scotland/Models/Kitchen Room/TOASTER.obj","Universal Render Pipeline/Lit",2000,False,""
"Assets/DevDen Arch Viz Scotland/Models/Living Room/Materials/Remote.mat","Universal Render Pipeline/Lit",2000,False,""
"Assets/DevDen Arch Viz Scotland/Models/Living Room/window.fbx","Universal Render Pipeline/Lit",2000,False,""
"Assets/DevDen Arch Viz Scotland/Models/Study Room/books.FBX","Universal Render Pipeline/Lit",2000,False,""
"Assets/DevDen Arch Viz Scotland/Models/Study Room/Imac.fbx","Universal Render Pipeline/Lit",2000,False,""
"Assets/DevDen Arch Viz Scotland/Models/Study Room/Materials/defaultMat.mat","Universal Render Pipeline/Lit",2000,False,""
"Assets/DevDen Arch Viz Scotland/Models/Study Room/Materials/LightBulb02.mat","Universal Render Pipeline/Lit",2000,False,"Assets/DevDen Arch Viz Scotland/Textures/Study Room/Table_Lamp/LightBulb02.png"
"Assets/DevDen Arch Viz Scotland/Models/Study Room/Materials/LightChrome01.mat","Universal Render Pipeline/Lit",2000,False,""
"Assets/DevDen Arch Viz Scotland/Models/Study Room/Materials/LightPlastic02.mat","Universal Render Pipeline/Lit",2000,False,"Assets/DevDen Arch Viz Scotland/Textures/Common/Interior_props/LightPlastic02.png"
"Assets/DevDen Arch Viz Scotland/Models/Study Room/Materials/PictureBorder01.mat","Universal Render Pipeline/Lit",2000,False,""
"Assets/DevDen Arch Viz Scotland/Models/Study Room/Materials/PictureImage01.mat","Universal Render Pipeline/Lit",2000,False,""
"Assets/DevDen Arch Viz Scotland/Models/Study Room/table.fbx","Universal Render Pipeline/Lit",2000,False,""
"Assets/Emilulz_Assets/DEMOLowPolyFlowers/Assets/SM_Daisy_Single.fbx","Universal Render Pipeline/Lit",2000,False,"Assets/Emilulz_Assets/DEMOLowPolyFlowers/Assets/DEMOAtlas_Flowerpack.png"
"Assets/Emilulz_Assets/DEMOLowPolyFlowers/Assets/SM_Dandelion_Small.fbx","Universal Render Pipeline/Lit",2000,False,"Assets/Emilulz_Assets/DEMOLowPolyFlowers/Assets/DEMOAtlas_Flowerpack.png"
"Assets/Emilulz_Assets/DEMOLowPolyFlowers/Assets/SM_Hyacinth_PastellBlue_Big.fbx","Universal Render Pipeline/Lit",2000,False,"Assets/Emilulz_Assets/DEMOLowPolyFlowers/Assets/DEMOAtlas_Flowerpack.png"
"Assets/Emilulz_Assets/DEMOLowPolyFlowers/Assets/SM_Rose_Black_Open.fbx","Universal Render Pipeline/Lit",2000,False,"Assets/Emilulz_Assets/DEMOLowPolyFlowers/Assets/DEMOAtlas_Flowerpack.png"
"Assets/Emilulz_Assets/DEMOLowPolyFlowers/Assets/SM_Rose_Red_Open.fbx","Universal Render Pipeline/Lit",2000,False,"Assets/Emilulz_Assets/DEMOLowPolyFlowers/Assets/DEMOAtlas_Flowerpack.png"
"Assets/Emilulz_Assets/DEMOLowPolyFlowers/Prefabs/M_DEMOAtlas_LowPolyFlowers.mat","Universal Render Pipeline/Lit",2450,False,"Assets/Emilulz_Assets/DEMOLowPolyFlowers/Assets/DEMOAtlas_Flowerpack.png"
"Assets/Food Pack-Demo/Materials/Base color.mat","Universal Render Pipeline/Lit",2000,False,"Assets/Food Pack-Demo/Texture/Texture.png"
"Assets/Food Pack-Demo/Materials/Glass.mat","Universal Render Pipeline/Lit",3000,False,""
"Assets/Food Pack-Demo/Materials/Ground.mat","Universal Render Pipeline/Lit",2000,False,""
"Assets/Food Pack-Demo/Mesh Collider/Salmon plastic tray.fbx","Universal Render Pipeline/Lit",2000,False,""
"Assets/Furniture Mega Pack/FBX/Bathroom/BathroomVanity01.fbx","Universal Render Pipeline/Lit",2000,False,"Assets/Furniture Mega Pack/Textures/Bathroom/AtlasTexture_BathroomCollection_BathroomCollection_AlbedoTransparency.png"
"Assets/Furniture Mega Pack/FBX/Bathroom/BathroomVanity02.fbx","Universal Render Pipeline/Lit",2000,False,"Assets/Furniture Mega Pack/Textures/Bathroom/AtlasTexture_BathroomCollection_BathroomCollection_AlbedoTransparency.png"
"Assets/Furniture Mega Pack/FBX/Bathroom/BathroomVanity03.fbx","Universal Render Pipeline/Lit",2000,False,"Assets/Furniture Mega Pack/Textures/Bathroom/AtlasTexture_BathroomCollection_BathroomCollection_AlbedoTransparency.png"
"Assets/Furniture Mega Pack/FBX/Bathroom/BathroomVanity04.fbx","Universal Render Pipeline/Lit",2000,False,"Assets/Furniture Mega Pack/Textures/Bathroom/AtlasTexture_BathroomCollection_BathroomCollection_AlbedoTransparency.png"
"Assets/Furniture Mega Pack/FBX/Bathroom/BathroomVanity05.fbx","Universal Render Pipeline/Lit",2000,False,"Assets/Furniture Mega Pack/Textures/Bathroom/AtlasTexture_BathroomCollection_BathroomCollection_AlbedoTransparency.png"
"Assets/Furniture Mega Pack/FBX/Bathroom/BathroomVanity06.fbx","Universal Render Pipeline/Lit",2000,False,"Assets/Furniture Mega Pack/Textures/Bathroom/AtlasTexture_BathroomCollection_BathroomCollection_AlbedoTransparency.png"
"Assets/Furniture Mega Pack/FBX/Bathroom/BathroomVanity07.fbx","Universal Render Pipeline/Lit",2000,False,"Assets/Furniture Mega Pack/Textures/Bathroom/AtlasTexture_BathroomCollection_BathroomCollection_AlbedoTransparency.png"
"Assets/Furniture Mega Pack/FBX/Bathroom/BathTub01.fbx","Universal Render Pipeline/Lit",2000,False,"Assets/Furniture Mega Pack/Textures/Bathroom/AtlasTexture_BathroomCollection_BathroomCollection_AlbedoTransparency.png"
"Assets/Furniture Mega Pack/FBX/Bathroom/BathTub02.fbx","Universal Render Pipeline/Lit",2000,False,"Assets/Furniture Mega Pack/Textures/Bathroom/AtlasTexture_BathroomCollection_BathroomCollection_AlbedoTransparency.png"
"Assets/Furniture Mega Pack/FBX/Bathroom/BathTub03.fbx","Universal Render Pipeline/Lit",2000,False,"Assets/Furniture Mega Pack/Textures/Bathroom/AtlasTexture_BathroomCollection_BathroomCollection_AlbedoTransparency.png"
"Assets/Furniture Mega Pack/FBX/Bathroom/BathTub04.fbx","Universal Render Pipeline/Lit",2000,False,"Assets/Furniture Mega Pack/Textures/Bathroom/AtlasTexture_BathroomCollection_BathroomCollection_AlbedoTransparency.png"
"Assets/Furniture Mega Pack/FBX/Bathroom/BathTub05.fbx","Universal Render Pipeline/Lit",2000,False,"Assets/Furniture Mega Pack/Textures/Bathroom/AtlasTexture_BathroomCollection_BathroomCollection_AlbedoTransparency.png"
"Assets/Furniture Mega Pack/FBX/Bathroom/BathTub06.fbx","Universal Render Pipeline/Lit",2000,False,"Assets/Furniture Mega Pack/Textures/Bathroom/AtlasTexture_BathroomCollection_BathroomCollection_AlbedoTransparency.png"
"Assets/Furniture Mega Pack/FBX/Bathroom/BathTub07.fbx","Universal Render Pipeline/Lit",2000,False,"Assets/Furniture Mega Pack/Textures/Bathroom/AtlasTexture_BathroomCollection_BathroomCollection_AlbedoTransparency.png"
"Assets/Furniture Mega Pack/FBX/Bathroom/ShowerSystem01.fbx","Universal Render Pipeline/Lit",2000,False,"Assets/Furniture Mega Pack/Textures/Bathroom/AtlasTexture_BathroomCollection_BathroomCollection_AlbedoTransparency.png"
"Assets/Furniture Mega Pack/FBX/Bathroom/ShowerSystem02.fbx","Universal Render Pipeline/Lit",2000,False,"Assets/Furniture Mega Pack/Textures/Bathroom/AtlasTexture_BathroomCollection_BathroomCollection_AlbedoTransparency.png"
"Assets/Furniture Mega Pack/FBX/Bathroom/ShowerSystem03.fbx","Universal Render Pipeline/Lit",2000,False,"Assets/Furniture Mega Pack/Textures/Bathroom/AtlasTexture_BathroomCollection_BathroomCollection_AlbedoTransparency.png"
"Assets/Furniture Mega Pack/FBX/Bathroom/ShowerSystem04.fbx","Universal Render Pipeline/Lit",2000,False,"Assets/Furniture Mega Pack/Textures/Bathroom/AtlasTexture_BathroomCollection_BathroomCollection_AlbedoTransparency.png"
"Assets/Furniture Mega Pack/FBX/Bathroom/ShowerSystem05.fbx","Universal Render Pipeline/Lit",2000,False,"Assets/Furniture Mega Pack/Textures/Bathroom/AtlasTexture_BathroomCollection_BathroomCollection_AlbedoTransparency.png"
"Assets/Furniture Mega Pack/FBX/Bathroom/ShowerSystem06.fbx","Universal Render Pipeline/Lit",2000,False,"Assets/Furniture Mega Pack/Textures/Bathroom/AtlasTexture_BathroomCollection_BathroomCollection_AlbedoTransparency.png"
"Assets/Furniture Mega Pack/FBX/Bathroom/ShowerSystem07.fbx","Universal Render Pipeline/Lit",2000,False,"Assets/Furniture Mega Pack/Textures/Bathroom/AtlasTexture_BathroomCollection_BathroomCollection_AlbedoTransparency.png"
"Assets/Furniture Mega Pack/FBX/Bathroom/TissueHanger01.fbx","Universal Render Pipeline/Lit",2000,False,"Assets/Furniture Mega Pack/Textures/Bathroom/AtlasTexture_BathroomCollection_BathroomCollection_AlbedoTransparency.png"
"Assets/Furniture Mega Pack/FBX/Bathroom/TissueHanger02.fbx","Universal Render Pipeline/Lit",2000,False,"Assets/Furniture Mega Pack/Textures/Bathroom/AtlasTexture_BathroomCollection_BathroomCollection_AlbedoTransparency.png"
"Assets/Furniture Mega Pack/FBX/Bathroom/TissueHanger03.fbx","Universal Render Pipeline/Lit",2000,False,"Assets/Furniture Mega Pack/Textures/Bathroom/AtlasTexture_BathroomCollection_BathroomCollection_AlbedoTransparency.png"
"Assets/Furniture Mega Pack/FBX/Bathroom/TissueHanger04.fbx","Universal Render Pipeline/Lit",2000,False,"Assets/Furniture Mega Pack/Textures/Bathroom/AtlasTexture_BathroomCollection_BathroomCollection_AlbedoTransparency.png"
"Assets/Furniture Mega Pack/FBX/Bathroom/TissueHanger05.fbx","Universal Render Pipeline/Lit",2000,False,"Assets/Furniture Mega Pack/Textures/Bathroom/AtlasTexture_BathroomCollection_BathroomCollection_AlbedoTransparency.png"
"Assets/Furniture Mega Pack/FBX/Bathroom/TissueHanger06.fbx","Universal Render Pipeline/Lit",2000,False,"Assets/Furniture Mega Pack/Textures/Bathroom/AtlasTexture_BathroomCollection_BathroomCollection_AlbedoTransparency.png"
"Assets/Furniture Mega Pack/FBX/Bathroom/TissueHanger07.fbx","Universal Render Pipeline/Lit",2000,False,"Assets/Furniture Mega Pack/Textures/Bathroom/AtlasTexture_BathroomCollection_BathroomCollection_AlbedoTransparency.png"
"Assets/Furniture Mega Pack/FBX/Bathroom/Toilet01.fbx","Universal Render Pipeline/Lit",2000,False,"Assets/Furniture Mega Pack/Textures/Bathroom/AtlasTexture_BathroomCollection_BathroomCollection_AlbedoTransparency.png"
"Assets/Furniture Mega Pack/FBX/Bathroom/Toilet02.fbx","Universal Render Pipeline/Lit",2000,False,"Assets/Furniture Mega Pack/Textures/Bathroom/AtlasTexture_BathroomCollection_BathroomCollection_AlbedoTransparency.png"
"Assets/Furniture Mega Pack/FBX/Bathroom/Toilet03.fbx","Universal Render Pipeline/Lit",2000,False,"Assets/Furniture Mega Pack/Textures/Bathroom/AtlasTexture_BathroomCollection_BathroomCollection_AlbedoTransparency.png"
"Assets/Furniture Mega Pack/FBX/Bathroom/Toilet04.fbx","Universal Render Pipeline/Lit",2000,False,"Assets/Furniture Mega Pack/Textures/Bathroom/AtlasTexture_BathroomCollection_BathroomCollection_AlbedoTransparency.png"
"Assets/Furniture Mega Pack/FBX/Bathroom/Toilet05.fbx","Universal Render Pipeline/Lit",2000,False,"Assets/Furniture Mega Pack/Textures/Bathroom/AtlasTexture_BathroomCollection_BathroomCollection_AlbedoTransparency.png"
"Assets/Furniture Mega Pack/FBX/Bathroom/Toilet06.fbx","Universal Render Pipeline/Lit",2000,False,"Assets/Furniture Mega Pack/Textures/Bathroom/AtlasTexture_BathroomCollection_BathroomCollection_AlbedoTransparency.png"
"Assets/Furniture Mega Pack/FBX/Bathroom/Toilet07.fbx","Universal Render Pipeline/Lit",2000,False,"Assets/Furniture Mega Pack/Textures/Bathroom/AtlasTexture_BathroomCollection_BathroomCollection_AlbedoTransparency.png"
"Assets/Furniture Mega Pack/FBX/Bathroom/TowelHanger01.fbx","Universal Render Pipeline/Lit",2000,False,"Assets/Furniture Mega Pack/Textures/Bathroom/AtlasTexture_BathroomCollection_BathroomCollection_AlbedoTransparency.png"
"Assets/Furniture Mega Pack/FBX/Bathroom/TowelHanger02.fbx","Universal Render Pipeline/Lit",2000,False,"Assets/Furniture Mega Pack/Textures/Bathroom/AtlasTexture_BathroomCollection_BathroomCollection_AlbedoTransparency.png"
"Assets/Furniture Mega Pack/FBX/Bathroom/TowelHanger03.fbx","Universal Render Pipeline/Lit",2000,False,"Assets/Furniture Mega Pack/Textures/Bathroom/AtlasTexture_BathroomCollection_BathroomCollection_AlbedoTransparency.png"
"Assets/Furniture Mega Pack/FBX/Bathroom/TowelHanger04.fbx","Universal Render Pipeline/Lit",2000,False,"Assets/Furniture Mega Pack/Textures/Bathroom/AtlasTexture_BathroomCollection_BathroomCollection_AlbedoTransparency.png"
"Assets/Furniture Mega Pack/FBX/Bathroom/TowelHanger05.fbx","Universal Render Pipeline/Lit",2000,False,"Assets/Furniture Mega Pack/Textures/Bathroom/AtlasTexture_BathroomCollection_BathroomCollection_AlbedoTransparency.png"
"Assets/Furniture Mega Pack/FBX/Bathroom/TowelHanger06.fbx","Universal Render Pipeline/Lit",2000,False,"Assets/Furniture Mega Pack/Textures/Bathroom/AtlasTexture_BathroomCollection_BathroomCollection_AlbedoTransparency.png"
"Assets/Furniture Mega Pack/FBX/Bathroom/TowelHanger07.fbx","Universal Render Pipeline/Lit",2000,False,"Assets/Furniture Mega Pack/Textures/Bathroom/AtlasTexture_BathroomCollection_BathroomCollection_AlbedoTransparency.png"
"Assets/Furniture Mega Pack/FBX/Bathroom/WashBasin01.fbx","Universal Render Pipeline/Lit",2000,False,"Assets/Furniture Mega Pack/Textures/Bathroom/AtlasTexture_BathroomCollection_BathroomCollection_AlbedoTransparency.png"
"Assets/Furniture Mega Pack/FBX/Bathroom/WashBasin02.fbx","Universal Render Pipeline/Lit",2000,False,"Assets/Furniture Mega Pack/Textures/Bathroom/AtlasTexture_BathroomCollection_BathroomCollection_AlbedoTransparency.png"
"Assets/Furniture Mega Pack/FBX/Bathroom/WashBasin03.fbx","Universal Render Pipeline/Lit",2000,False,"Assets/Furniture Mega Pack/Textures/Bathroom/AtlasTexture_BathroomCollection_BathroomCollection_AlbedoTransparency.png"
"Assets/Furniture Mega Pack/FBX/Bathroom/WashBasin04.fbx","Universal Render Pipeline/Lit",2000,False,"Assets/Furniture Mega Pack/Textures/Bathroom/AtlasTexture_BathroomCollection_BathroomCollection_AlbedoTransparency.png"
"Assets/Furniture Mega Pack/FBX/Bathroom/WashBasin05.fbx","Universal Render Pipeline/Lit",2000,False,"Assets/Furniture Mega Pack/Textures/Bathroom/AtlasTexture_BathroomCollection_BathroomCollection_AlbedoTransparency.png"
"Assets/Furniture Mega Pack/FBX/Bathroom/WashBasin06.fbx","Universal Render Pipeline/Lit",2000,False,"Assets/Furniture Mega Pack/Textures/Bathroom/AtlasTexture_BathroomCollection_BathroomCollection_AlbedoTransparency.png"
"Assets/Furniture Mega Pack/FBX/Bathroom/WashBasin07.fbx","Universal Render Pipeline/Lit",2000,False,"Assets/Furniture Mega Pack/Textures/Bathroom/AtlasTexture_BathroomCollection_BathroomCollection_AlbedoTransparency.png"
"Assets/Furniture Mega Pack/FBX/Bed/Bed01.fbx","Universal Render Pipeline/Lit",2000,False,"Assets/Furniture Mega Pack/Textures/Bed/BedFrame/AtlasTexture_BedFrame_AtlasTexture_BedFrame_AlbedoTransparency.png"
"Assets/Furniture Mega Pack/FBX/Bed/Bed02.fbx","Universal Render Pipeline/Lit",2000,False,"Assets/Furniture Mega Pack/Textures/Bed/BedFrame/AtlasTexture_BedFrame_AtlasTexture_BedFrame_AlbedoTransparency.png"
"Assets/Furniture Mega Pack/FBX/Bed/Bed03.fbx","Universal Render Pipeline/Lit",2000,False,"Assets/Furniture Mega Pack/Textures/Bed/BedFrame/AtlasTexture_BedFrame_AtlasTexture_BedFrame_AlbedoTransparency.png"
"Assets/Furniture Mega Pack/FBX/Bed/Bed04.fbx","Universal Render Pipeline/Lit",2000,False,"Assets/Furniture Mega Pack/Textures/Bed/BedFrame/AtlasTexture_BedFrame_AtlasTexture_BedFrame_AlbedoTransparency.png"
"Assets/Furniture Mega Pack/FBX/Bed/Bed05.fbx","Universal Render Pipeline/Lit",2000,False,"Assets/Furniture Mega Pack/Textures/Bed/BedFrame/AtlasTexture_BedFrame_AtlasTexture_BedFrame_AlbedoTransparency.png"
"Assets/Furniture Mega Pack/FBX/Bed/Bed06.fbx","Universal Render Pipeline/Lit",2000,False,"Assets/Furniture Mega Pack/Textures/Bed/BedFrame/AtlasTexture_BedFrame_AtlasTexture_BedFrame_AlbedoTransparency.png"
"Assets/Furniture Mega Pack/FBX/Bed/Bed07.fbx","Universal Render Pipeline/Lit",2000,False,"Assets/Furniture Mega Pack/Textures/Bed/BedFrame/AtlasTexture_BedFrame_AtlasTexture_BedFrame_AlbedoTransparency.png"
"Assets/Furniture Mega Pack/FBX/Bed/Bed08.fbx","Universal Render Pipeline/Lit",2000,False,"Assets/Furniture Mega Pack/Textures/Bed/BedFrame/AtlasTexture_BedFrame_AtlasTexture_BedFrame_AlbedoTransparency.png"
"Assets/Furniture Mega Pack/FBX/Bed/Bed09.fbx","Universal Render Pipeline/Lit",2000,False,"Assets/Furniture Mega Pack/Textures/Bed/BedFrame/AtlasTexture_BedFrame_AtlasTexture_BedFrame_AlbedoTransparency.png"
"Assets/Furniture Mega Pack/FBX/Bed/Bed10.fbx","Universal Render Pipeline/Lit",2000,False,"Assets/Furniture Mega Pack/Textures/Bed/BedFrame/AtlasTexture_BedFrame_AtlasTexture_BedFrame_AlbedoTransparency.png"
"Assets/Furniture Mega Pack/FBX/Bed/Bed11.fbx","Universal Render Pipeline/Lit",2000,False,"Assets/Furniture Mega Pack/Textures/Bed/BedFrame/AtlasTexture_BedFrame_AtlasTexture_BedFrame_AlbedoTransparency.png"
"Assets/Furniture Mega Pack/FBX/Bed/Bed12.fbx","Universal Render Pipeline/Lit",2000,False,"Assets/Furniture Mega Pack/Textures/Bed/BedFrame/AtlasTexture_BedFrame_AtlasTexture_BedFrame_AlbedoTransparency.png"
"Assets/Furniture Mega Pack/FBX/Bed/Bed13.fbx","Universal Render Pipeline/Lit",2000,False,"Assets/Furniture Mega Pack/Textures/Bed/BedFrame/AtlasTexture_BedFrame_AtlasTexture_BedFrame_AlbedoTransparency.png"
"Assets/Furniture Mega Pack/FBX/Bed/Bed14.fbx","Universal Render Pipeline/Lit",2000,False,"Assets/Furniture Mega Pack/Textures/Bed/BedFrame/AtlasTexture_BedFrame_AtlasTexture_BedFrame_AlbedoTransparency.png"
"Assets/Furniture Mega Pack/FBX/Bed/Bed15.fbx","Universal Render Pipeline/Lit",2000,False,"Assets/Furniture Mega Pack/Textures/Bed/BedFrame/AtlasTexture_BedFrame_AtlasTexture_BedFrame_AlbedoTransparency.png"
"Assets/Furniture Mega Pack/FBX/Bed/Bed16.fbx","Universal Render Pipeline/Lit",2000,False,"Assets/Furniture Mega Pack/Textures/Bed/BedFrame/AtlasTexture_BedFrame_AtlasTexture_BedFrame_AlbedoTransparency.png"
"Assets/Furniture Mega Pack/FBX/Bed/Bed17.fbx","Universal Render Pipeline/Lit",2000,False,"Assets/Furniture Mega Pack/Textures/Bed/BedFrame/AtlasTexture_BedFrame_AtlasTexture_BedFrame_AlbedoTransparency.png"
"Assets/Furniture Mega Pack/FBX/Bed/Bed18.fbx","Universal Render Pipeline/Lit",2000,False,"Assets/Furniture Mega Pack/Textures/Bed/BedFrame/AtlasTexture_BedFrame_AtlasTexture_BedFrame_AlbedoTransparency.png"
"Assets/Furniture Mega Pack/FBX/Bed/Bed19.fbx","Universal Render Pipeline/Lit",2000,False,"Assets/Furniture Mega Pack/Textures/Bed/BedFrame/AtlasTexture_BedFrame_AtlasTexture_BedFrame_AlbedoTransparency.png"
"Assets/Furniture Mega Pack/FBX/Bed/Bed20.fbx","Universal Render Pipeline/Lit",2000,False,"Assets/Furniture Mega Pack/Textures/Bed/BedFrame/AtlasTexture_BedFrame_AtlasTexture_BedFrame_AlbedoTransparency.png"
"Assets/Furniture Mega Pack/FBX/Bed/Bed21.fbx","Universal Render Pipeline/Lit",2000,False,"Assets/Furniture Mega Pack/Textures/Bed/BedFrame/AtlasTexture_BedFrame_AtlasTexture_BedFrame_AlbedoTransparency.png"
"Assets/Furniture Mega Pack/FBX/Bed/Bed22.fbx","Universal Render Pipeline/Lit",2000,False,"Assets/Furniture Mega Pack/Textures/Bed/BedFrame/AtlasTexture_BedFrame_AtlasTexture_BedFrame_AlbedoTransparency.png"
"Assets/Furniture Mega Pack/FBX/Bed/Bed23.fbx","Universal Render Pipeline/Lit",2000,False,"Assets/Furniture Mega Pack/Textures/Bed/BedFrame/AtlasTexture_BedFrame_AtlasTexture_BedFrame_AlbedoTransparency.png"
"Assets/Furniture Mega Pack/FBX/Bed/Bed24.fbx","Universal Render Pipeline/Lit",2000,False,"Assets/Furniture Mega Pack/Textures/Bed/BedFrame/AtlasTexture_BedFrame_AtlasTexture_BedFrame_AlbedoTransparency.png"
"Assets/Furniture Mega Pack/FBX/Bed/Bed25.fbx","Universal Render Pipeline/Lit",2000,False,"Assets/Furniture Mega Pack/Textures/Bed/BedFrame/AtlasTexture_BedFrame_AtlasTexture_BedFrame_AlbedoTransparency.png"
"Assets/Furniture Mega Pack/FBX/Bed/Bed26.fbx","Universal Render Pipeline/Lit",2000,False,"Assets/Furniture Mega Pack/Textures/Bed/BedFrame/AtlasTexture_BedFrame_AtlasTexture_BedFrame_AlbedoTransparency.png"
"Assets/Furniture Mega Pack/FBX/Bed/Bed27.fbx","Universal Render Pipeline/Lit",2000,False,"Assets/Furniture Mega Pack/Textures/Bed/BedFrame/AtlasTexture_BedFrame_AtlasTexture_BedFrame_AlbedoTransparency.png"
"Assets/Furniture Mega Pack/FBX/Bed/Bed28.fbx","Universal Render Pipeline/Lit",2000,False,"Assets/Furniture Mega Pack/Textures/Bed/BedFrame/AtlasTexture_BedFrame_AtlasTexture_BedFrame_AlbedoTransparency.png"
"Assets/Furniture Mega Pack/FBX/Bed/Bed29.fbx","Universal Render Pipeline/Lit",2000,False,"Assets/Furniture Mega Pack/Textures/Bed/BedFrame/AtlasTexture_BedFrame_AtlasTexture_BedFrame_AlbedoTransparency.png"
"Assets/Furniture Mega Pack/FBX/Bed/Bed30.fbx","Universal Render Pipeline/Lit",2000,False,"Assets/Furniture Mega Pack/Textures/Bed/BedFrame/AtlasTexture_BedFrame_AtlasTexture_BedFrame_AlbedoTransparency.png"
"Assets/Furniture Mega Pack/FBX/Bed/Bed31.fbx","Universal Render Pipeline/Lit",2000,False,"Assets/Furniture Mega Pack/Textures/Bed/BedFrame/AtlasTexture_BedFrame_AtlasTexture_BedFrame_AlbedoTransparency.png"
"Assets/Furniture Mega Pack/FBX/Bed/Bed32.fbx","Universal Render Pipeline/Lit",2000,False,"Assets/Furniture Mega Pack/Textures/Bed/BedFrame/AtlasTexture_BedFrame_AtlasTexture_BedFrame_AlbedoTransparency.png"
"Assets/Furniture Mega Pack/FBX/Bed/Bed33.fbx","Universal Render Pipeline/Lit",2000,False,"Assets/Furniture Mega Pack/Textures/Bed/BedFrame/AtlasTexture_BedFrame_AtlasTexture_BedFrame_AlbedoTransparency.png"
"Assets/Furniture Mega Pack/FBX/Bed/Bed34.fbx","Universal Render Pipeline/Lit",2000,False,"Assets/Furniture Mega Pack/Textures/Bed/BedFrame/AtlasTexture_BedFrame_AtlasTexture_BedFrame_AlbedoTransparency.png"
"Assets/Furniture Mega Pack/FBX/Bed/Bed35.fbx","Universal Render Pipeline/Lit",2000,False,"Assets/Furniture Mega Pack/Textures/Bed/BedFrame/AtlasTexture_BedFrame_AtlasTexture_BedFrame_AlbedoTransparency.png"
"Assets/Furniture Mega Pack/FBX/Bed/Bed36.fbx","Universal Render Pipeline/Lit",2000,False,"Assets/Furniture Mega Pack/Textures/Bed/BedFrame/AtlasTexture_BedFrame_AtlasTexture_BedFrame_AlbedoTransparency.png"
"Assets/Furniture Mega Pack/FBX/Bed/Bed37.fbx","Universal Render Pipeline/Lit",2000,False,"Assets/Furniture Mega Pack/Textures/Bed/BedFrame/AtlasTexture_BedFrame_AtlasTexture_BedFrame_AlbedoTransparency.png"
"Assets/Furniture Mega Pack/FBX/Bed/Bed38.fbx","Universal Render Pipeline/Lit",2000,False,"Assets/Furniture Mega Pack/Textures/Bed/BedFrame/AtlasTexture_BedFrame_AtlasTexture_BedFrame_AlbedoTransparency.png"
"Assets/Furniture Mega Pack/FBX/Bed/Bed39.fbx","Universal Render Pipeline/Lit",2000,False,"Assets/Furniture Mega Pack/Textures/Bed/BedFrame/AtlasTexture_BedFrame_AtlasTexture_BedFrame_AlbedoTransparency.png"
"Assets/Furniture Mega Pack/FBX/Bed/Bed40.fbx","Universal Render Pipeline/Lit",2000,False,"Assets/Furniture Mega Pack/Textures/Bed/BedFrame/AtlasTexture_BedFrame_AtlasTexture_BedFrame_AlbedoTransparency.png"
"Assets/Furniture Mega Pack/FBX/Bed/Bed41.fbx","Universal Render Pipeline/Lit",2000,False,"Assets/Furniture Mega Pack/Textures/Bed/BedFrame/AtlasTexture_BedFrame_AtlasTexture_BedFrame_AlbedoTransparency.png"
"Assets/Furniture Mega Pack/FBX/Bed/Bed42.fbx","Universal Render Pipeline/Lit",2000,False,"Assets/Furniture Mega Pack/Textures/Bed/BedFrame/AtlasTexture_BedFrame_AtlasTexture_BedFrame_AlbedoTransparency.png"
"Assets/Furniture Mega Pack/FBX/Bed/Bed43.fbx","Universal Render Pipeline/Lit",2000,False,"Assets/Furniture Mega Pack/Textures/Bed/BedFrame/AtlasTexture_BedFrame_AtlasTexture_BedFrame_AlbedoTransparency.png"
"Assets/Furniture Mega Pack/FBX/Bed/Bed44.fbx","Universal Render Pipeline/Lit",2000,False,"Assets/Furniture Mega Pack/Textures/Bed/BedFrame/AtlasTexture_BedFrame_AtlasTexture_BedFrame_AlbedoTransparency.png"
"Assets/Furniture Mega Pack/FBX/Bed/Bed45.fbx","Universal Render Pipeline/Lit",2000,False,"Assets/Furniture Mega Pack/Textures/Bed/Mattress/AtlasTexture_Mattress_DefaultMaterial_AlbedoTransparency.png"
"Assets/Furniture Mega Pack/FBX/Bed/Bed46.fbx","Universal Render Pipeline/Lit",2000,False,"Assets/Furniture Mega Pack/Textures/Bed/Mattress/AtlasTexture_Mattress_DefaultMaterial_AlbedoTransparency.png"
"Assets/Furniture Mega Pack/FBX/Bed/Bed47.fbx","Universal Render Pipeline/Lit",2000,False,"Assets/Furniture Mega Pack/Textures/Bed/Mattress/AtlasTexture_Mattress_DefaultMaterial_AlbedoTransparency.png"
"Assets/Furniture Mega Pack/FBX/Bed/Bed48.fbx","Universal Render Pipeline/Lit",2000,False,"Assets/Furniture Mega Pack/Textures/Bed/Mattress/AtlasTexture_Mattress_DefaultMaterial_AlbedoTransparency.png"
"Assets/Furniture Mega Pack/FBX/Bed/Bed49.fbx","Universal Render Pipeline/Lit",2000,False,"Assets/Furniture Mega Pack/Textures/Bed/Mattress/AtlasTexture_Mattress_DefaultMaterial_AlbedoTransparency.png"
"Assets/Furniture Mega Pack/FBX/Bed/Bed50.fbx","Universal Render Pipeline/Lit",2000,False,"Assets/Furniture Mega Pack/Textures/Bed/Mattress/AtlasTexture_Mattress_DefaultMaterial_AlbedoTransparency.png"
"Assets/Furniture Mega Pack/FBX/Chair/Chair01.fbx","Universal Render Pipeline/Lit",2000,False,"Assets/Furniture Mega Pack/Textures/Chairs/Chair01/Chair01_mat_Chair01_AlbedoTransparency.png"
"Assets/Furniture Mega Pack/FBX/Chair/Chair02.fbx","Universal Render Pipeline/Lit",2000,False,"Assets/Furniture Mega Pack/Textures/Chairs/Chair02/Chair02_mat_Chair02_AlbedoTransparency.png"
"Assets/Furniture Mega Pack/FBX/Chair/Chair03.fbx","Universal Render Pipeline/Lit",2000,False,"Assets/Furniture Mega Pack/Textures/Chairs/Chair03/Chair03_mat_Chair03_AlbedoTransparency.png"
"Assets/Furniture Mega Pack/FBX/Chair/Chair04.fbx","Universal Render Pipeline/Lit",2000,False,"Assets/Furniture Mega Pack/Textures/Chairs/Chair04/Chair04_mat_Chair04_AlbedoTransparency.png"
"Assets/Furniture Mega Pack/FBX/Chair/Chair05.fbx","Universal Render Pipeline/Lit",2000,False,"Assets/Furniture Mega Pack/Textures/Chairs/Chair05/Chair05_mat_Chair05_AlbedoTransparency.png"
"Assets/Furniture Mega Pack/FBX/Chair/Chair06.fbx","Universal Render Pipeline/Lit",2000,False,"Assets/Furniture Mega Pack/Textures/Chairs/Chair06/Chair06_mat_Chair06_AlbedoTransparency.png"
"Assets/Furniture Mega Pack/FBX/Chair/Chair07.fbx","Universal Render Pipeline/Lit",2000,False,"Assets/Furniture Mega Pack/Textures/Chairs/Chair07/Chair07_mat_Chair07_AlbedoTransparency.png"
"Assets/Furniture Mega Pack/FBX/Chair/Chair08.fbx","Universal Render Pipeline/Lit",2000,False,"Assets/Furniture Mega Pack/Textures/Chairs/Chair08/Chair08_mat_Chair08_AlbedoTransparency.png"
"Assets/Furniture Mega Pack/FBX/Chair/Chair09.fbx","Universal Render Pipeline/Lit",2000,False,"Assets/Furniture Mega Pack/Textures/Chairs/Chair09/Chair09_mat_Chair09_AlbedoTransparency.png"
"Assets/Furniture Mega Pack/FBX/Chair/Chair10.fbx","Universal Render Pipeline/Lit",2000,False,"Assets/Furniture Mega Pack/Textures/Chairs/Chair10/Chair10_mat_Chair10_AlbedoTransparency.png"
"Assets/Furniture Mega Pack/FBX/Chair/Chair11.fbx","Universal Render Pipeline/Lit",2000,False,"Assets/Furniture Mega Pack/Textures/Chairs/Chair11/Chair11_mat_Chair11_AlbedoTransparency.png"
"Assets/Furniture Mega Pack/FBX/Chair/Chair12.fbx","Universal Render Pipeline/Lit",2000,False,"Assets/Furniture Mega Pack/Textures/Chairs/Chair12/Chair12_mat_Chair12_AlbedoTransparency.png"
"Assets/Furniture Mega Pack/FBX/Chair/Chair13.fbx","Universal Render Pipeline/Lit",2000,False,"Assets/Furniture Mega Pack/Textures/Chairs/Chair13/Chair13_mat_Chair13_AlbedoTransparency.png"
"Assets/Furniture Mega Pack/FBX/Chair/Chair14.fbx","Universal Render Pipeline/Lit",2000,False,"Assets/Furniture Mega Pack/Textures/Chairs/Chair14/Chair14_mat_Chair14_AlbedoTransparency.png"
"Assets/Furniture Mega Pack/FBX/Chair/Chair15.fbx","Universal Render Pipeline/Lit",2000,False,"Assets/Furniture Mega Pack/Textures/Chairs/Chair15/Chair15_mat_Chair15_AlbedoTransparency.png"
"Assets/Furniture Mega Pack/FBX/Chair/Chair16.fbx","Universal Render Pipeline/Lit",2000,False,"Assets/Furniture Mega Pack/Textures/Chairs/Chair16/Chair16_mat_Chair16_AlbedoTransparency.png"
"Assets/Furniture Mega Pack/FBX/Chair/Chair17.fbx","Universal Render Pipeline/Lit",2000,False,"Assets/Furniture Mega Pack/Textures/Chairs/Chair17/Chair17_mat_Chair17_AlbedoTransparency.png"
"Assets/Furniture Mega Pack/FBX/Chair/Chair18.fbx","Universal Render Pipeline/Lit",2000,False,"Assets/Furniture Mega Pack/Textures/Chairs/Chair18/Chair18_mat_Chair18_AlbedoTransparency.png"
"Assets/Furniture Mega Pack/FBX/Chair/Chair19.fbx","Universal Render Pipeline/Lit",2000,False,"Assets/Furniture Mega Pack/Textures/Chairs/Chair19/Chair19_mat_Chair19_AlbedoTransparency.png"
"Assets/Furniture Mega Pack/FBX/Chair/Chair20.fbx","Universal Render Pipeline/Lit",2000,False,"Assets/Furniture Mega Pack/Textures/Chairs/Chair20/Chair20_mat_Chair20_AlbedoTransparency.png"
"Assets/Furniture Mega Pack/FBX/Chair/Chair21.fbx","Universal Render Pipeline/Lit",2000,False,"Assets/Furniture Mega Pack/Textures/Chairs/Chair21/Chair21_mat_Chair21_AlbedoTransparency.png"
"Assets/Furniture Mega Pack/FBX/Chair/Chair22.fbx","Universal Render Pipeline/Lit",2000,False,"Assets/Furniture Mega Pack/Textures/Chairs/Chair22/Chair22_mat_Chair22_AlbedoTransparency.png"
"Assets/Furniture Mega Pack/FBX/Chair/Chair23.fbx","Universal Render Pipeline/Lit",2000,False,"Assets/Furniture Mega Pack/Textures/Chairs/Chair23/Chair23_mat_Chair23_AlbedoTransparency.png"
"Assets/Furniture Mega Pack/FBX/Chair/Chair24.fbx","Universal Render Pipeline/Lit",2000,False,"Assets/Furniture Mega Pack/Textures/Chairs/Chair24/Chair24_mat_Chair24_AlbedoTransparency.png"
"Assets/Furniture Mega Pack/FBX/Chair/Chair25.fbx","Universal Render Pipeline/Lit",2000,False,"Assets/Furniture Mega Pack/Textures/Chairs/Chair25/Chair25_mat_Chair25_AlbedoTransparency.png"
"Assets/Furniture Mega Pack/FBX/Chair/Chair26.fbx","Universal Render Pipeline/Lit",2000,False,"Assets/Furniture Mega Pack/Textures/Chairs/Chair26/Chair26_mat_Chair26_AlbedoTransparency.png"
"Assets/Furniture Mega Pack/FBX/Chair/Chair27.fbx","Universal Render Pipeline/Lit",2000,False,"Assets/Furniture Mega Pack/Textures/Chairs/Chair27/Chair27_mat_Chair27_AlbedoTransparency.png"
"Assets/Furniture Mega Pack/FBX/Chair/Chair28.fbx","Universal Render Pipeline/Lit",2000,False,"Assets/Furniture Mega Pack/Textures/Chairs/Chair28/Chair28_mat_Chair28_AlbedoTransparency.png"
"Assets/Furniture Mega Pack/FBX/Chair/Chair29.fbx","Universal Render Pipeline/Lit",2000,False,"Assets/Furniture Mega Pack/Textures/Chairs/Chair29/Chair29_mat_Chair29_AlbedoTransparency.png"
"Assets/Furniture Mega Pack/FBX/Chair/Chair30.fbx","Universal Render Pipeline/Lit",2000,False,"Assets/Furniture Mega Pack/Textures/Chairs/Chair30/Chair30_mat_Chair30_AlbedoTransparency.png"
"Assets/Furniture Mega Pack/FBX/Chair/Chair31.fbx","Universal Render Pipeline/Lit",2000,False,"Assets/Furniture Mega Pack/Textures/Chairs/Chair31/Chair31_mat_Chair31_AlbedoTransparency.png"
"Assets/Furniture Mega Pack/FBX/Chair/Chair32.fbx","Universal Render Pipeline/Lit",2000,False,"Assets/Furniture Mega Pack/Textures/Chairs/Chair32/Chair32_mat_Chair32_AlbedoTransparency.png"
"Assets/Furniture Mega Pack/FBX/Chair/Chair33.fbx","Universal Render Pipeline/Lit",2000,False,"Assets/Furniture Mega Pack/Textures/Chairs/Chair33/Chair33_mat_Chair33_AlbedoTransparency.png"
"Assets/Furniture Mega Pack/FBX/Chair/Chair34.fbx","Universal Render Pipeline/Lit",2000,False,"Assets/Furniture Mega Pack/Textures/Chairs/Chair34/Chair34_mat_Chair34_AlbedoTransparency.png"
"Assets/Furniture Mega Pack/FBX/Chair/Chair35.fbx","Universal Render Pipeline/Lit",2000,False,"Assets/Furniture Mega Pack/Textures/Chairs/Chair35/Chair35_mat_Chair35_AlbedoTransparency.png"
"Assets/Furniture Mega Pack/FBX/Chair/Chair36.fbx","Universal Render Pipeline/Lit",2000,False,"Assets/Furniture Mega Pack/Textures/Chairs/Chair36/Chair36_mat_Chair36_AlbedoTransparency.png"
"Assets/Furniture Mega Pack/FBX/Chair/Chair37.fbx","Universal Render Pipeline/Lit",2000,False,"Assets/Furniture Mega Pack/Textures/Chairs/Chair37/Chair37_mat_Chair37_AlbedoTransparency.png"
"Assets/Furniture Mega Pack/FBX/Chair/Chair38.fbx","Universal Render Pipeline/Lit",2000,False,"Assets/Furniture Mega Pack/Textures/Chairs/Chair38/Chair38_mat_Chair38_AlbedoTransparency.png"
"Assets/Furniture Mega Pack/FBX/Chair/Chair39.fbx","Universal Render Pipeline/Lit",2000,False,"Assets/Furniture Mega Pack/Textures/Chairs/Chair39/Chair39_mat_Chair39_AlbedoTransparency.png"
"Assets/Furniture Mega Pack/FBX/Chair/Chair40.fbx","Universal Render Pipeline/Lit",2000,False,"Assets/Furniture Mega Pack/Textures/Chairs/Chair40/Chair40_mat_Chair40_AlbedoTransparency.png"
"Assets/Furniture Mega Pack/FBX/Chair/Chair41.fbx","Universal Render Pipeline/Lit",2000,False,"Assets/Furniture Mega Pack/Textures/Chairs/Chair41/Chair41_mat_Chair41_AlbedoTransparency.png"
"Assets/Furniture Mega Pack/FBX/Chair/Chair42.fbx","Universal Render Pipeline/Lit",2000,False,"Assets/Furniture Mega Pack/Textures/Chairs/Chair42/Chair42_mat_Chair42_AlbedoTransparency.png"
"Assets/Furniture Mega Pack/FBX/Chair/Chair43.fbx","Universal Render Pipeline/Lit",2000,False,"Assets/Furniture Mega Pack/Textures/Chairs/Chair43/Chair43_mat_Chair43_AlbedoTransparency.png"
"Assets/Furniture Mega Pack/FBX/Chair/Chair44.fbx","Universal Render Pipeline/Lit",2000,False,"Assets/Furniture Mega Pack/Textures/Chairs/Chair44/Chair44_mat_Chair44_AlbedoTransparency.png"
"Assets/Furniture Mega Pack/FBX/Chair/Chair45.fbx","Universal Render Pipeline/Lit",2000,False,"Assets/Furniture Mega Pack/Textures/Chairs/Chair45/Chair45_mat_Chair45_AlbedoTransparency.png"
"Assets/Furniture Mega Pack/FBX/Chair/Chair46.fbx","Universal Render Pipeline/Lit",2000,False,"Assets/Furniture Mega Pack/Textures/Chairs/Chair46/Chair46_mat_Chair46_AlbedoTransparency.png"
"Assets/Furniture Mega Pack/FBX/Chair/Chair47.fbx","Universal Render Pipeline/Lit",2000,False,"Assets/Furniture Mega Pack/Textures/Chairs/Chair47/Chair47_mat_Chair47_AlbedoTransparency.png"
"Assets/Furniture Mega Pack/FBX/Chair/Chair48.fbx","Universal Render Pipeline/Lit",2000,False,"Assets/Furniture Mega Pack/Textures/Chairs/Chair48/Chair48_mat_Chair48_AlbedoTransparency.png"
"Assets/Furniture Mega Pack/FBX/Chair/Chair49.fbx","Universal Render Pipeline/Lit",2000,False,"Assets/Furniture Mega Pack/Textures/Chairs/Chair49/Chair49_mat_Chair49_AlbedoTransparency.png"
"Assets/Furniture Mega Pack/FBX/Chair/Chair50.fbx","Universal Render Pipeline/Lit",2000,False,"Assets/Furniture Mega Pack/Textures/Chairs/Chair50/Chair50_mat_Chair50_AlbedoTransparency.png"
"Assets/Furniture Mega Pack/FBX/Closet/Closet01.fbx","Universal Render Pipeline/Lit",2000,False,"Assets/Furniture Mega Pack/Textures/Closet/AtlasTexture_Closet_AlbedoTransparency.png"
"Assets/Furniture Mega Pack/FBX/Closet/Closet02.fbx","Universal Render Pipeline/Lit",2000,False,"Assets/Furniture Mega Pack/Textures/Closet/AtlasTexture_Closet_AlbedoTransparency.png"
"Assets/Furniture Mega Pack/FBX/Closet/Closet03.fbx","Universal Render Pipeline/Lit",2000,False,"Assets/Furniture Mega Pack/Textures/Closet/AtlasTexture_Closet_AlbedoTransparency.png"
"Assets/Furniture Mega Pack/FBX/Closet/Closet04.fbx","Universal Render Pipeline/Lit",2000,False,"Assets/Furniture Mega Pack/Textures/Closet/AtlasTexture_Closet_AlbedoTransparency.png"
"Assets/Furniture Mega Pack/FBX/Closet/Closet05.fbx","Universal Render Pipeline/Lit",2000,False,"Assets/Furniture Mega Pack/Textures/Closet/AtlasTexture_Closet_AlbedoTransparency.png"
"Assets/Furniture Mega Pack/FBX/Closet/Closet06.fbx","Universal Render Pipeline/Lit",2000,False,"Assets/Furniture Mega Pack/Textures/Closet/AtlasTexture_Closet_AlbedoTransparency.png"
"Assets/Furniture Mega Pack/FBX/Closet/Closet07.fbx","Universal Render Pipeline/Lit",2000,False,"Assets/Furniture Mega Pack/Textures/Closet/AtlasTexture_Closet_AlbedoTransparency.png"
"Assets/Furniture Mega Pack/FBX/Closet/Closet08.fbx","Universal Render Pipeline/Lit",2000,False,"Assets/Furniture Mega Pack/Textures/Closet/AtlasTexture_Closet_AlbedoTransparency.png"
"Assets/Furniture Mega Pack/FBX/Closet/Closet09.fbx","Universal Render Pipeline/Lit",2000,False,"Assets/Furniture Mega Pack/Textures/Closet/AtlasTexture_Closet_AlbedoTransparency.png"
"Assets/Furniture Mega Pack/FBX/Closet/Closet10.fbx","Universal Render Pipeline/Lit",2000,False,"Assets/Furniture Mega Pack/Textures/Closet/AtlasTexture_Closet_AlbedoTransparency.png"
"Assets/Furniture Mega Pack/FBX/Closet/Closet11.fbx","Universal Render Pipeline/Lit",2000,False,"Assets/Furniture Mega Pack/Textures/Closet/AtlasTexture_Closet_AlbedoTransparency.png"
"Assets/Furniture Mega Pack/FBX/Closet/Closet12.fbx","Universal Render Pipeline/Lit",2000,False,"Assets/Furniture Mega Pack/Textures/Closet/AtlasTexture_Closet_AlbedoTransparency.png"
"Assets/Furniture Mega Pack/FBX/Closet/Closet13.fbx","Universal Render Pipeline/Lit",2000,False,"Assets/Furniture Mega Pack/Textures/Closet/AtlasTexture_Closet_AlbedoTransparency.png"
"Assets/Furniture Mega Pack/FBX/Closet/Closet14.fbx","Universal Render Pipeline/Lit",2000,False,"Assets/Furniture Mega Pack/Textures/Closet/AtlasTexture_Closet_AlbedoTransparency.png"
"Assets/Furniture Mega Pack/FBX/Closet/Closet15.fbx","Universal Render Pipeline/Lit",2000,False,"Assets/Furniture Mega Pack/Textures/Closet/AtlasTexture_Closet_AlbedoTransparency.png"
"Assets/Furniture Mega Pack/FBX/Closet/Closet16.fbx","Universal Render Pipeline/Lit",2000,False,"Assets/Furniture Mega Pack/Textures/Closet/AtlasTexture_Closet_AlbedoTransparency.png"
"Assets/Furniture Mega Pack/FBX/Closet/Closet17.fbx","Universal Render Pipeline/Lit",2000,False,"Assets/Furniture Mega Pack/Textures/Closet/AtlasTexture_Closet_AlbedoTransparency.png"
"Assets/Furniture Mega Pack/FBX/Closet/Closet18.fbx","Universal Render Pipeline/Lit",2000,False,"Assets/Furniture Mega Pack/Textures/Closet/AtlasTexture_Closet_AlbedoTransparency.png"
"Assets/Furniture Mega Pack/FBX/Closet/Closet19.fbx","Universal Render Pipeline/Lit",2000,False,"Assets/Furniture Mega Pack/Textures/Closet/AtlasTexture_Closet_AlbedoTransparency.png"
"Assets/Furniture Mega Pack/FBX/Closet/Closet20.fbx","Universal Render Pipeline/Lit",2000,False,"Assets/Furniture Mega Pack/Textures/Closet/AtlasTexture_Closet_AlbedoTransparency.png"
"Assets/Furniture Mega Pack/FBX/Closet/Closet21.fbx","Universal Render Pipeline/Lit",2000,False,"Assets/Furniture Mega Pack/Textures/Closet/AtlasTexture_Closet_AlbedoTransparency.png"
"Assets/Furniture Mega Pack/FBX/Closet/Closet22.fbx","Universal Render Pipeline/Lit",2000,False,"Assets/Furniture Mega Pack/Textures/Closet/AtlasTexture_Closet_AlbedoTransparency.png"
"Assets/Furniture Mega Pack/FBX/Closet/Closet23.fbx","Universal Render Pipeline/Lit",2000,False,"Assets/Furniture Mega Pack/Textures/Closet/AtlasTexture_Closet_AlbedoTransparency.png"
"Assets/Furniture Mega Pack/FBX/Closet/Closet24.fbx","Universal Render Pipeline/Lit",2000,False,"Assets/Furniture Mega Pack/Textures/Closet/AtlasTexture_Closet_AlbedoTransparency.png"
"Assets/Furniture Mega Pack/FBX/Closet/Closet25.fbx","Universal Render Pipeline/Lit",2000,False,"Assets/Furniture Mega Pack/Textures/Closet/AtlasTexture_Closet_AlbedoTransparency.png"
"Assets/Furniture Mega Pack/FBX/Closet/Closet26.fbx","Universal Render Pipeline/Lit",2000,False,"Assets/Furniture Mega Pack/Textures/Closet/AtlasTexture_Closet_AlbedoTransparency.png"
"Assets/Furniture Mega Pack/FBX/Closet/Closet27.fbx","Universal Render Pipeline/Lit",2000,False,"Assets/Furniture Mega Pack/Textures/Closet/AtlasTexture_Closet_AlbedoTransparency.png"
"Assets/Furniture Mega Pack/FBX/Closet/Closet28.fbx","Universal Render Pipeline/Lit",2000,False,"Assets/Furniture Mega Pack/Textures/Closet/AtlasTexture_Closet_AlbedoTransparency.png"
"Assets/Furniture Mega Pack/FBX/Closet/Closet29.fbx","Universal Render Pipeline/Lit",2000,False,"Assets/Furniture Mega Pack/Textures/Closet/AtlasTexture_Closet_AlbedoTransparency.png"
"Assets/Furniture Mega Pack/FBX/Closet/Closet30.fbx","Universal Render Pipeline/Lit",2000,False,"Assets/Furniture Mega Pack/Textures/Closet/AtlasTexture_Closet_AlbedoTransparency.png"
"Assets/Furniture Mega Pack/FBX/Closet/Closet31.fbx","Universal Render Pipeline/Lit",2000,False,"Assets/Furniture Mega Pack/Textures/Closet/AtlasTexture_Closet_AlbedoTransparency.png"
"Assets/Furniture Mega Pack/FBX/Closet/Closet32.fbx","Universal Render Pipeline/Lit",2000,False,"Assets/Furniture Mega Pack/Textures/Closet/AtlasTexture_Closet_AlbedoTransparency.png"
"Assets/Furniture Mega Pack/FBX/Closet/Closet33.fbx","Universal Render Pipeline/Lit",2000,False,"Assets/Furniture Mega Pack/Textures/Closet/AtlasTexture_Closet_AlbedoTransparency.png"
"Assets/Furniture Mega Pack/FBX/Closet/Closet34.fbx","Universal Render Pipeline/Lit",2000,False,"Assets/Furniture Mega Pack/Textures/Closet/AtlasTexture_Closet_AlbedoTransparency.png"
"Assets/Furniture Mega Pack/FBX/Closet/Closet35.fbx","Universal Render Pipeline/Lit",2000,False,"Assets/Furniture Mega Pack/Textures/Closet/AtlasTexture_Closet_AlbedoTransparency.png"
"Assets/Furniture Mega Pack/FBX/Closet/Closet36.fbx","Universal Render Pipeline/Lit",2000,False,"Assets/Furniture Mega Pack/Textures/Closet/AtlasTexture_Closet_AlbedoTransparency.png"
"Assets/Furniture Mega Pack/FBX/Closet/Closet37.fbx","Universal Render Pipeline/Lit",2000,False,"Assets/Furniture Mega Pack/Textures/Closet/AtlasTexture_Closet_AlbedoTransparency.png"
"Assets/Furniture Mega Pack/FBX/Closet/Closet38.fbx","Universal Render Pipeline/Lit",2000,False,"Assets/Furniture Mega Pack/Textures/Closet/AtlasTexture_Closet_AlbedoTransparency.png"
"Assets/Furniture Mega Pack/FBX/Closet/Closet39.fbx","Universal Render Pipeline/Lit",2000,False,"Assets/Furniture Mega Pack/Textures/Closet/AtlasTexture_Closet_AlbedoTransparency.png"
"Assets/Furniture Mega Pack/FBX/Closet/Closet40.fbx","Universal Render Pipeline/Lit",2000,False,"Assets/Furniture Mega Pack/Textures/Closet/AtlasTexture_Closet_AlbedoTransparency.png"
"Assets/Furniture Mega Pack/FBX/Closet/Closet41.fbx","Universal Render Pipeline/Lit",2000,False,"Assets/Furniture Mega Pack/Textures/Closet/AtlasTexture_Closet_AlbedoTransparency.png"
"Assets/Furniture Mega Pack/FBX/Closet/Closet42.fbx","Universal Render Pipeline/Lit",2000,False,"Assets/Furniture Mega Pack/Textures/Closet/AtlasTexture_Closet_AlbedoTransparency.png"
"Assets/Furniture Mega Pack/FBX/Closet/Closet43.fbx","Universal Render Pipeline/Lit",2000,False,"Assets/Furniture Mega Pack/Textures/Closet/AtlasTexture_Closet_AlbedoTransparency.png"
"Assets/Furniture Mega Pack/FBX/Closet/Closet44.fbx","Universal Render Pipeline/Lit",2000,False,"Assets/Furniture Mega Pack/Textures/Closet/AtlasTexture_Closet_AlbedoTransparency.png"
"Assets/Furniture Mega Pack/FBX/Closet/Closet45.fbx","Universal Render Pipeline/Lit",2000,False,"Assets/Furniture Mega Pack/Textures/Closet/AtlasTexture_Closet_AlbedoTransparency.png"
"Assets/Furniture Mega Pack/FBX/Closet/Closet46.fbx","Universal Render Pipeline/Lit",2000,False,"Assets/Furniture Mega Pack/Textures/Closet/AtlasTexture_Closet_AlbedoTransparency.png"
"Assets/Furniture Mega Pack/FBX/Closet/Closet47.fbx","Universal Render Pipeline/Lit",2000,False,"Assets/Furniture Mega Pack/Textures/Closet/AtlasTexture_Closet_AlbedoTransparency.png"
"Assets/Furniture Mega Pack/FBX/Closet/Closet48.fbx","Universal Render Pipeline/Lit",2000,False,"Assets/Furniture Mega Pack/Textures/Closet/AtlasTexture_Closet_AlbedoTransparency.png"
"Assets/Furniture Mega Pack/FBX/Closet/Closet49.fbx","Universal Render Pipeline/Lit",2000,False,"Assets/Furniture Mega Pack/Textures/Closet/AtlasTexture_Closet_AlbedoTransparency.png"
"Assets/Furniture Mega Pack/FBX/Closet/Closet50.fbx","Universal Render Pipeline/Lit",2000,False,"Assets/Furniture Mega Pack/Textures/Closet/AtlasTexture_Closet_AlbedoTransparency.png"
"Assets/Furniture Mega Pack/FBX/Cushion/Cushion01_08.fbx","Universal Render Pipeline/Lit",2000,False,""
"Assets/Furniture Mega Pack/FBX/Cushion/Cushion09_16.fbx","Universal Render Pipeline/Lit",2000,False,""
"Assets/Furniture Mega Pack/FBX/Cushion/Cushion17_24.fbx","Universal Render Pipeline/Lit",2000,False,""
"Assets/Furniture Mega Pack/FBX/Cushion/Cushion25_28.fbx","Universal Render Pipeline/Lit",2000,False,""
"Assets/Furniture Mega Pack/FBX/Cushion/Cushion29_36.fbx","Universal Render Pipeline/Lit",2000,False,""
"Assets/Furniture Mega Pack/FBX/Cushion/Cushion37_40.fbx","Universal Render Pipeline/Lit",2000,False,""
"Assets/Furniture Mega Pack/FBX/Cushion/Cushion41_48.fbx","Universal Render Pipeline/Lit",2000,False,""
"Assets/Furniture Mega Pack/FBX/Cushion/Cushion49_50.fbx","Universal Render Pipeline/Lit",2000,False,""
"Assets/Furniture Mega Pack/FBX/Drawer/Drawer01.fbx","Universal Render Pipeline/Lit",2000,False,"Assets/Furniture Mega Pack/Textures/Drawer/AtlasTexture_Drawer_DefaultMaterial_AlbedoTransparency.png"
"Assets/Furniture Mega Pack/FBX/Drawer/Drawer02.fbx","Universal Render Pipeline/Lit",2000,False,"Assets/Furniture Mega Pack/Textures/Drawer/AtlasTexture_Drawer_DefaultMaterial_AlbedoTransparency.png"
"Assets/Furniture Mega Pack/FBX/Drawer/Drawer03.fbx","Universal Render Pipeline/Lit",2000,False,"Assets/Furniture Mega Pack/Textures/Drawer/AtlasTexture_Drawer_DefaultMaterial_AlbedoTransparency.png"
"Assets/Furniture Mega Pack/FBX/Drawer/Drawer04.fbx","Universal Render Pipeline/Lit",2000,False,"Assets/Furniture Mega Pack/Textures/Drawer/AtlasTexture_Drawer_DefaultMaterial_AlbedoTransparency.png"
"Assets/Furniture Mega Pack/FBX/Drawer/Drawer05.fbx","Universal Render Pipeline/Lit",2000,False,"Assets/Furniture Mega Pack/Textures/Drawer/AtlasTexture_Drawer_DefaultMaterial_AlbedoTransparency.png"
"Assets/Furniture Mega Pack/FBX/Drawer/Drawer06.fbx","Universal Render Pipeline/Lit",2000,False,"Assets/Furniture Mega Pack/Textures/Drawer/AtlasTexture_Drawer_DefaultMaterial_AlbedoTransparency.png"
"Assets/Furniture Mega Pack/FBX/Drawer/Drawer07.fbx","Universal Render Pipeline/Lit",2000,False,"Assets/Furniture Mega Pack/Textures/Drawer/AtlasTexture_Drawer_DefaultMaterial_AlbedoTransparency.png"
"Assets/Furniture Mega Pack/FBX/Drawer/Drawer08.fbx","Universal Render Pipeline/Lit",2000,False,"Assets/Furniture Mega Pack/Textures/Drawer/AtlasTexture_Drawer_DefaultMaterial_AlbedoTransparency.png"
"Assets/Furniture Mega Pack/FBX/Drawer/Drawer09.fbx","Universal Render Pipeline/Lit",2000,False,"Assets/Furniture Mega Pack/Textures/Drawer/AtlasTexture_Drawer_DefaultMaterial_AlbedoTransparency.png"
"Assets/Furniture Mega Pack/FBX/Drawer/Drawer10.fbx","Universal Render Pipeline/Lit",2000,False,"Assets/Furniture Mega Pack/Textures/Drawer/AtlasTexture_Drawer_DefaultMaterial_AlbedoTransparency.png"
"Assets/Furniture Mega Pack/FBX/Drawer/Drawer11.fbx","Universal Render Pipeline/Lit",2000,False,"Assets/Furniture Mega Pack/Textures/Drawer/AtlasTexture_Drawer_DefaultMaterial_AlbedoTransparency.png"
"Assets/Furniture Mega Pack/FBX/Drawer/Drawer12.fbx","Universal Render Pipeline/Lit",2000,False,"Assets/Furniture Mega Pack/Textures/Drawer/AtlasTexture_Drawer_DefaultMaterial_AlbedoTransparency.png"
"Assets/Furniture Mega Pack/FBX/Drawer/Drawer13.fbx","Universal Render Pipeline/Lit",2000,False,"Assets/Furniture Mega Pack/Textures/Drawer/AtlasTexture_Drawer_DefaultMaterial_AlbedoTransparency.png"
"Assets/Furniture Mega Pack/FBX/Drawer/Drawer14.fbx","Universal Render Pipeline/Lit",2000,False,"Assets/Furniture Mega Pack/Textures/Drawer/AtlasTexture_Drawer_DefaultMaterial_AlbedoTransparency.png"
"Assets/Furniture Mega Pack/FBX/Drawer/Drawer15.fbx","Universal Render Pipeline/Lit",2000,False,"Assets/Furniture Mega Pack/Textures/Drawer/AtlasTexture_Drawer_DefaultMaterial_AlbedoTransparency.png"
"Assets/Furniture Mega Pack/FBX/Drawer/Drawer16.fbx","Universal Render Pipeline/Lit",2000,False,"Assets/Furniture Mega Pack/Textures/Drawer/AtlasTexture_Drawer_DefaultMaterial_AlbedoTransparency.png"
"Assets/Furniture Mega Pack/FBX/Drawer/Drawer17.fbx","Universal Render Pipeline/Lit",2000,False,"Assets/Furniture Mega Pack/Textures/Drawer/AtlasTexture_Drawer_DefaultMaterial_AlbedoTransparency.png"
"Assets/Furniture Mega Pack/FBX/Drawer/Drawer18.fbx","Universal Render Pipeline/Lit",2000,False,"Assets/Furniture Mega Pack/Textures/Drawer/AtlasTexture_Drawer_DefaultMaterial_AlbedoTransparency.png"
"Assets/Furniture Mega Pack/FBX/Drawer/Drawer19.fbx","Universal Render Pipeline/Lit",2000,False,"Assets/Furniture Mega Pack/Textures/Drawer/AtlasTexture_Drawer_DefaultMaterial_AlbedoTransparency.png"
"Assets/Furniture Mega Pack/FBX/Drawer/Drawer20.fbx","Universal Render Pipeline/Lit",2000,False,"Assets/Furniture Mega Pack/Textures/Drawer/AtlasTexture_Drawer_DefaultMaterial_AlbedoTransparency.png"
"Assets/Furniture Mega Pack/FBX/Drawer/Drawer21.fbx","Universal Render Pipeline/Lit",2000,False,"Assets/Furniture Mega Pack/Textures/Drawer/AtlasTexture_Drawer_DefaultMaterial_AlbedoTransparency.png"
"Assets/Furniture Mega Pack/FBX/Drawer/Drawer22.fbx","Universal Render Pipeline/Lit",2000,False,"Assets/Furniture Mega Pack/Textures/Drawer/AtlasTexture_Drawer_DefaultMaterial_AlbedoTransparency.png"
"Assets/Furniture Mega Pack/FBX/Drawer/Drawer23.fbx","Universal Render Pipeline/Lit",2000,False,"Assets/Furniture Mega Pack/Textures/Drawer/AtlasTexture_Drawer_DefaultMaterial_AlbedoTransparency.png"
"Assets/Furniture Mega Pack/FBX/Drawer/Drawer24.fbx","Universal Render Pipeline/Lit",2000,False,"Assets/Furniture Mega Pack/Textures/Drawer/AtlasTexture_Drawer_DefaultMaterial_AlbedoTransparency.png"
"Assets/Furniture Mega Pack/FBX/Drawer/Drawer25.fbx","Universal Render Pipeline/Lit",2000,False,"Assets/Furniture Mega Pack/Textures/Drawer/AtlasTexture_Drawer_DefaultMaterial_AlbedoTransparency.png"
"Assets/Furniture Mega Pack/FBX/Drawer/Drawer26.fbx","Universal Render Pipeline/Lit",2000,False,"Assets/Furniture Mega Pack/Textures/Drawer/AtlasTexture_Drawer_DefaultMaterial_AlbedoTransparency.png"
"Assets/Furniture Mega Pack/FBX/Drawer/Drawer27.fbx","Universal Render Pipeline/Lit",2000,False,"Assets/Furniture Mega Pack/Textures/Drawer/AtlasTexture_Drawer_DefaultMaterial_AlbedoTransparency.png"
"Assets/Furniture Mega Pack/FBX/Drawer/Drawer28.fbx","Universal Render Pipeline/Lit",2000,False,"Assets/Furniture Mega Pack/Textures/Drawer/AtlasTexture_Drawer_DefaultMaterial_AlbedoTransparency.png"
"Assets/Furniture Mega Pack/FBX/Drawer/Drawer29.fbx","Universal Render Pipeline/Lit",2000,False,"Assets/Furniture Mega Pack/Textures/Drawer/AtlasTexture_Drawer_DefaultMaterial_AlbedoTransparency.png"
"Assets/Furniture Mega Pack/FBX/Drawer/Drawer30.fbx","Universal Render Pipeline/Lit",2000,False,"Assets/Furniture Mega Pack/Textures/Drawer/AtlasTexture_Drawer_DefaultMaterial_AlbedoTransparency.png"
"Assets/Furniture Mega Pack/FBX/Drawer/Drawer31.fbx","Universal Render Pipeline/Lit",2000,False,"Assets/Furniture Mega Pack/Textures/Drawer/AtlasTexture_Drawer_DefaultMaterial_AlbedoTransparency.png"
"Assets/Furniture Mega Pack/FBX/Drawer/Drawer32.fbx","Universal Render Pipeline/Lit",2000,False,"Assets/Furniture Mega Pack/Textures/Drawer/AtlasTexture_Drawer_DefaultMaterial_AlbedoTransparency.png"
"Assets/Furniture Mega Pack/FBX/Drawer/Drawer33.fbx","Universal Render Pipeline/Lit",2000,False,"Assets/Furniture Mega Pack/Textures/Drawer/AtlasTexture_Drawer_DefaultMaterial_AlbedoTransparency.png"
"Assets/Furniture Mega Pack/FBX/Drawer/Drawer34.fbx","Universal Render Pipeline/Lit",2000,False,"Assets/Furniture Mega Pack/Textures/Drawer/AtlasTexture_Drawer_DefaultMaterial_AlbedoTransparency.png"
"Assets/Furniture Mega Pack/FBX/Drawer/Drawer35.fbx","Universal Render Pipeline/Lit",2000,False,"Assets/Furniture Mega Pack/Textures/Drawer/AtlasTexture_Drawer_DefaultMaterial_AlbedoTransparency.png"
"Assets/Furniture Mega Pack/FBX/Drawer/Drawer36.fbx","Universal Render Pipeline/Lit",2000,False,"Assets/Furniture Mega Pack/Textures/Drawer/AtlasTexture_Drawer_DefaultMaterial_AlbedoTransparency.png"
"Assets/Furniture Mega Pack/FBX/Drawer/Drawer37.fbx","Universal Render Pipeline/Lit",2000,False,"Assets/Furniture Mega Pack/Textures/Drawer/AtlasTexture_Drawer_DefaultMaterial_AlbedoTransparency.png"
"Assets/Furniture Mega Pack/FBX/Drawer/Drawer38.fbx","Universal Render Pipeline/Lit",2000,False,"Assets/Furniture Mega Pack/Textures/Drawer/AtlasTexture_Drawer_DefaultMaterial_AlbedoTransparency.png"
"Assets/Furniture Mega Pack/FBX/Drawer/Drawer39.fbx","Universal Render Pipeline/Lit",2000,False,"Assets/Furniture Mega Pack/Textures/Drawer/AtlasTexture_Drawer_DefaultMaterial_AlbedoTransparency.png"
"Assets/Furniture Mega Pack/FBX/Drawer/Drawer40.fbx","Universal Render Pipeline/Lit",2000,False,"Assets/Furniture Mega Pack/Textures/Drawer/AtlasTexture_Drawer_DefaultMaterial_AlbedoTransparency.png"
"Assets/Furniture Mega Pack/FBX/Drawer/Drawer41.fbx","Universal Render Pipeline/Lit",2000,False,"Assets/Furniture Mega Pack/Textures/Drawer/AtlasTexture_Drawer_DefaultMaterial_AlbedoTransparency.png"
"Assets/Furniture Mega Pack/FBX/Drawer/Drawer42.fbx","Universal Render Pipeline/Lit",2000,False,"Assets/Furniture Mega Pack/Textures/Drawer/AtlasTexture_Drawer_DefaultMaterial_AlbedoTransparency.png"
"Assets/Furniture Mega Pack/FBX/Drawer/Drawer43.fbx","Universal Render Pipeline/Lit",2000,False,"Assets/Furniture Mega Pack/Textures/Drawer/AtlasTexture_Drawer_DefaultMaterial_AlbedoTransparency.png"
"Assets/Furniture Mega Pack/FBX/Drawer/Drawer44.fbx","Universal Render Pipeline/Lit",2000,False,"Assets/Furniture Mega Pack/Textures/Drawer/AtlasTexture_Drawer_DefaultMaterial_AlbedoTransparency.png"
"Assets/Furniture Mega Pack/FBX/Drawer/Drawer45.fbx","Universal Render Pipeline/Lit",2000,False,"Assets/Furniture Mega Pack/Textures/Drawer/AtlasTexture_Drawer_DefaultMaterial_AlbedoTransparency.png"
"Assets/Furniture Mega Pack/FBX/Drawer/Drawer46.fbx","Universal Render Pipeline/Lit",2000,False,"Assets/Furniture Mega Pack/Textures/Drawer/AtlasTexture_Drawer_DefaultMaterial_AlbedoTransparency.png"
"Assets/Furniture Mega Pack/FBX/Drawer/Drawer47.fbx","Universal Render Pipeline/Lit",2000,False,"Assets/Furniture Mega Pack/Textures/Drawer/AtlasTexture_Drawer_DefaultMaterial_AlbedoTransparency.png"
"Assets/Furniture Mega Pack/FBX/Drawer/Drawer48.fbx","Universal Render Pipeline/Lit",2000,False,"Assets/Furniture Mega Pack/Textures/Drawer/AtlasTexture_Drawer_DefaultMaterial_AlbedoTransparency.png"
"Assets/Furniture Mega Pack/FBX/Drawer/Drawer49.fbx","Universal Render Pipeline/Lit",2000,False,"Assets/Furniture Mega Pack/Textures/Drawer/AtlasTexture_Drawer_DefaultMaterial_AlbedoTransparency.png"
"Assets/Furniture Mega Pack/FBX/Drawer/Drawer50.fbx","Universal Render Pipeline/Lit",2000,False,"Assets/Furniture Mega Pack/Textures/Drawer/AtlasTexture_Drawer_DefaultMaterial_AlbedoTransparency.png"
"Assets/Furniture Mega Pack/FBX/Kitchen/CabinetAset.fbx","Universal Render Pipeline/Lit",2000,False,"Assets/Furniture Mega Pack/Textures/Kitchen/AtlasTexture_KitchenCollection_Atlastexture_KitchenCollection_AlbedoTransparency.png"
"Assets/Furniture Mega Pack/FBX/Kitchen/CabinetBset.fbx","Universal Render Pipeline/Lit",2000,False,"Assets/Furniture Mega Pack/Textures/Kitchen/AtlasTexture_KitchenCollection_Atlastexture_KitchenCollection_AlbedoTransparency.png"
"Assets/Furniture Mega Pack/FBX/Kitchen/CabinetCset.fbx","Universal Render Pipeline/Lit",2000,False,"Assets/Furniture Mega Pack/Textures/Kitchen/AtlasTexture_KitchenCollection_Atlastexture_KitchenCollection_AlbedoTransparency.png"
"Assets/Furniture Mega Pack/FBX/Kitchen/CabinetDset.fbx","Universal Render Pipeline/Lit",2000,False,"Assets/Furniture Mega Pack/Textures/Kitchen/AtlasTexture_KitchenCollection_Atlastexture_KitchenCollection_AlbedoTransparency.png"
"Assets/Furniture Mega Pack/FBX/Kitchen/CabinetEset.fbx","Universal Render Pipeline/Lit",2000,False,"Assets/Furniture Mega Pack/Textures/Kitchen/AtlasTexture_KitchenCollection_Atlastexture_KitchenCollection_AlbedoTransparency.png"
"Assets/Furniture Mega Pack/FBX/Kitchen/CabinetFset.fbx","Universal Render Pipeline/Lit",2000,False,"Assets/Furniture Mega Pack/Textures/Kitchen/AtlasTexture_KitchenCollection_Atlastexture_KitchenCollection_AlbedoTransparency.png"
"Assets/Furniture Mega Pack/FBX/Kitchen/CabinetGset.fbx","Universal Render Pipeline/Lit",2000,False,"Assets/Furniture Mega Pack/Textures/Kitchen/AtlasTexture_KitchenCollection_Atlastexture_KitchenCollection_AlbedoTransparency.png"
"Assets/Furniture Mega Pack/FBX/Kitchen/GasStove01.fbx","Universal Render Pipeline/Lit",2000,False,"Assets/Furniture Mega Pack/Textures/Kitchen/AtlasTexture_KitchenCollection_Atlastexture_KitchenCollection_AlbedoTransparency.png"
"Assets/Furniture Mega Pack/FBX/Kitchen/GasStove02.fbx","Universal Render Pipeline/Lit",2000,False,"Assets/Furniture Mega Pack/Textures/Kitchen/AtlasTexture_KitchenCollection_Atlastexture_KitchenCollection_AlbedoTransparency.png"
"Assets/Furniture Mega Pack/FBX/Kitchen/GasStove03.fbx","Universal Render Pipeline/Lit",2000,False,"Assets/Furniture Mega Pack/Textures/Kitchen/AtlasTexture_KitchenCollection_Atlastexture_KitchenCollection_AlbedoTransparency.png"
"Assets/Furniture Mega Pack/FBX/Kitchen/GasStove04.fbx","Universal Render Pipeline/Lit",2000,False,"Assets/Furniture Mega Pack/Textures/Kitchen/AtlasTexture_KitchenCollection_Atlastexture_KitchenCollection_AlbedoTransparency.png"
"Assets/Furniture Mega Pack/FBX/Kitchen/GasStove05.fbx","Universal Render Pipeline/Lit",2000,False,"Assets/Furniture Mega Pack/Textures/Kitchen/AtlasTexture_KitchenCollection_Atlastexture_KitchenCollection_AlbedoTransparency.png"
"Assets/Furniture Mega Pack/FBX/Kitchen/GasStove06.fbx","Universal Render Pipeline/Lit",2000,False,"Assets/Furniture Mega Pack/Textures/Kitchen/AtlasTexture_KitchenCollection_Atlastexture_KitchenCollection_AlbedoTransparency.png"
"Assets/Furniture Mega Pack/FBX/Kitchen/GasStove07.fbx","Universal Render Pipeline/Lit",2000,False,"Assets/Furniture Mega Pack/Textures/Kitchen/AtlasTexture_KitchenCollection_Atlastexture_KitchenCollection_AlbedoTransparency.png"
"Assets/Furniture Mega Pack/FBX/Kitchen/KitchenExhaust01.fbx","Universal Render Pipeline/Lit",2000,False,"Assets/Furniture Mega Pack/Textures/Kitchen/AtlasTexture_KitchenCollection_Atlastexture_KitchenCollection_AlbedoTransparency.png"
"Assets/Furniture Mega Pack/FBX/Kitchen/KitchenExhaust02.fbx","Universal Render Pipeline/Lit",2000,False,"Assets/Furniture Mega Pack/Textures/Kitchen/AtlasTexture_KitchenCollection_Atlastexture_KitchenCollection_AlbedoTransparency.png"
"Assets/Furniture Mega Pack/FBX/Kitchen/KitchenExhaust03.fbx","Universal Render Pipeline/Lit",2000,False,"Assets/Furniture Mega Pack/Textures/Kitchen/AtlasTexture_KitchenCollection_Atlastexture_KitchenCollection_AlbedoTransparency.png"
"Assets/Furniture Mega Pack/FBX/Kitchen/KitchenExhaust04.fbx","Universal Render Pipeline/Lit",2000,False,"Assets/Furniture Mega Pack/Textures/Kitchen/AtlasTexture_KitchenCollection_Atlastexture_KitchenCollection_AlbedoTransparency.png"
"Assets/Furniture Mega Pack/FBX/Kitchen/KitchenExhaust05.fbx","Universal Render Pipeline/Lit",2000,False,"Assets/Furniture Mega Pack/Textures/Kitchen/AtlasTexture_KitchenCollection_Atlastexture_KitchenCollection_AlbedoTransparency.png"
"Assets/Furniture Mega Pack/FBX/Kitchen/KitchenExhaust06.fbx","Universal Render Pipeline/Lit",2000,False,"Assets/Furniture Mega Pack/Textures/Kitchen/AtlasTexture_KitchenCollection_Atlastexture_KitchenCollection_AlbedoTransparency.png"
"Assets/Furniture Mega Pack/FBX/Kitchen/KitchenExhaust07.fbx","Universal Render Pipeline/Lit",2000,False,"Assets/Furniture Mega Pack/Textures/Kitchen/AtlasTexture_KitchenCollection_Atlastexture_KitchenCollection_AlbedoTransparency.png"
"Assets/Furniture Mega Pack/FBX/Kitchen/KitchenOven01.fbx","Universal Render Pipeline/Lit",3000,False,""
"Assets/Furniture Mega Pack/FBX/Kitchen/KitchenOven02.fbx","Universal Render Pipeline/Lit",3000,False,""
"Assets/Furniture Mega Pack/FBX/Kitchen/KitchenOven03.fbx","Universal Render Pipeline/Lit",3000,False,""
"Assets/Furniture Mega Pack/FBX/Kitchen/KitchenOven04.fbx","Universal Render Pipeline/Lit",3000,False,""
"Assets/Furniture Mega Pack/FBX/Kitchen/KitchenOven05.fbx","Universal Render Pipeline/Lit",3000,False,""
"Assets/Furniture Mega Pack/FBX/Kitchen/KitchenOven06.fbx","Universal Render Pipeline/Lit",3000,False,""
"Assets/Furniture Mega Pack/FBX/Kitchen/KitchenOven07.fbx","Universal Render Pipeline/Lit",3000,False,""
"Assets/Furniture Mega Pack/FBX/Kitchen/MicrowaveOven01.fbx","Universal Render Pipeline/Lit",3000,False,""
"Assets/Furniture Mega Pack/FBX/Kitchen/MicrowaveOven02.fbx","Universal Render Pipeline/Lit",3000,False,""
"Assets/Furniture Mega Pack/FBX/Kitchen/MicrowaveOven03.fbx","Universal Render Pipeline/Lit",3000,False,""
"Assets/Furniture Mega Pack/FBX/Kitchen/MicrowaveOven04.fbx","Universal Render Pipeline/Lit",3000,False,""
"Assets/Furniture Mega Pack/FBX/Kitchen/MicrowaveOven05.fbx","Universal Render Pipeline/Lit",3000,False,""
"Assets/Furniture Mega Pack/FBX/Kitchen/MicrowaveOven06.fbx","Universal Render Pipeline/Lit",3000,False,""
"Assets/Furniture Mega Pack/FBX/Kitchen/MicrowaveOven07.fbx","Universal Render Pipeline/Lit",3000,False,""
"Assets/Furniture Mega Pack/FBX/Kitchen/Refrigerator01.fbx","Universal Render Pipeline/Lit",2000,False,"Assets/Furniture Mega Pack/Textures/Kitchen/AtlasTexture_KitchenCollection_Atlastexture_KitchenCollection_AlbedoTransparency.png"
"Assets/Furniture Mega Pack/FBX/Kitchen/Refrigerator02.fbx","Universal Render Pipeline/Lit",2000,False,"Assets/Furniture Mega Pack/Textures/Kitchen/AtlasTexture_KitchenCollection_Atlastexture_KitchenCollection_AlbedoTransparency.png"
"Assets/Furniture Mega Pack/FBX/Kitchen/Refrigerator03.fbx","Universal Render Pipeline/Lit",2000,False,"Assets/Furniture Mega Pack/Textures/Kitchen/AtlasTexture_KitchenCollection_Atlastexture_KitchenCollection_AlbedoTransparency.png"
"Assets/Furniture Mega Pack/FBX/Kitchen/Refrigerator04.fbx","Universal Render Pipeline/Lit",2000,False,"Assets/Furniture Mega Pack/Textures/Kitchen/AtlasTexture_KitchenCollection_Atlastexture_KitchenCollection_AlbedoTransparency.png"
"Assets/Furniture Mega Pack/FBX/Kitchen/Refrigerator05.fbx","Universal Render Pipeline/Lit",2000,False,"Assets/Furniture Mega Pack/Textures/Kitchen/AtlasTexture_KitchenCollection_Atlastexture_KitchenCollection_AlbedoTransparency.png"
"Assets/Furniture Mega Pack/FBX/Kitchen/Refrigerator06.fbx","Universal Render Pipeline/Lit",2000,False,"Assets/Furniture Mega Pack/Textures/Kitchen/AtlasTexture_KitchenCollection_Atlastexture_KitchenCollection_AlbedoTransparency.png"
"Assets/Furniture Mega Pack/FBX/Kitchen/Refrigerator07.fbx","Universal Render Pipeline/Lit",2000,False,"Assets/Furniture Mega Pack/Textures/Kitchen/AtlasTexture_KitchenCollection_Atlastexture_KitchenCollection_AlbedoTransparency.png"
"Assets/Furniture Mega Pack/FBX/Kitchen/Sink01.fbx","Universal Render Pipeline/Lit",2000,False,"Assets/Furniture Mega Pack/Textures/Kitchen/AtlasTexture_KitchenCollection_Atlastexture_KitchenCollection_AlbedoTransparency.png"
"Assets/Furniture Mega Pack/FBX/Kitchen/Sink02.fbx","Universal Render Pipeline/Lit",2000,False,"Assets/Furniture Mega Pack/Textures/Kitchen/AtlasTexture_KitchenCollection_Atlastexture_KitchenCollection_AlbedoTransparency.png"
"Assets/Furniture Mega Pack/FBX/Kitchen/Sink03.fbx","Universal Render Pipeline/Lit",2000,False,"Assets/Furniture Mega Pack/Textures/Kitchen/AtlasTexture_KitchenCollection_Atlastexture_KitchenCollection_AlbedoTransparency.png"
"Assets/Furniture Mega Pack/FBX/Kitchen/Sink04.fbx","Universal Render Pipeline/Lit",2000,False,"Assets/Furniture Mega Pack/Textures/Kitchen/AtlasTexture_KitchenCollection_Atlastexture_KitchenCollection_AlbedoTransparency.png"
"Assets/Furniture Mega Pack/FBX/Kitchen/Sink05.fbx","Universal Render Pipeline/Lit",2000,False,"Assets/Furniture Mega Pack/Textures/Kitchen/AtlasTexture_KitchenCollection_Atlastexture_KitchenCollection_AlbedoTransparency.png"
"Assets/Furniture Mega Pack/FBX/Kitchen/Sink06.fbx","Universal Render Pipeline/Lit",2000,False,"Assets/Furniture Mega Pack/Textures/Kitchen/AtlasTexture_KitchenCollection_Atlastexture_KitchenCollection_AlbedoTransparency.png"
"Assets/Furniture Mega Pack/FBX/Kitchen/Sink07.fbx","Universal Render Pipeline/Lit",2000,False,"Assets/Furniture Mega Pack/Textures/Kitchen/AtlasTexture_KitchenCollection_Atlastexture_KitchenCollection_AlbedoTransparency.png"
"Assets/Furniture Mega Pack/FBX/Sofa/SectionalSofaFabric.fbx","Universal Render Pipeline/Lit",2000,False,""
"Assets/Furniture Mega Pack/FBX/Sofa/SectionalSofaLeather.fbx","Universal Render Pipeline/Lit",2000,False,""
"Assets/Furniture Mega Pack/FBX/Sofa/Sofa01.fbx","Universal Render Pipeline/Lit",2000,False,""
"Assets/Furniture Mega Pack/FBX/Sofa/Sofa02.fbx","Universal Render Pipeline/Lit",2000,False,""
"Assets/Furniture Mega Pack/FBX/Sofa/Sofa03.fbx","Universal Render Pipeline/Lit",2000,False,""
"Assets/Furniture Mega Pack/FBX/Sofa/Sofa04.fbx","Universal Render Pipeline/Lit",2000,False,""
"Assets/Furniture Mega Pack/FBX/Sofa/Sofa05.fbx","Universal Render Pipeline/Lit",2000,False,""
"Assets/Furniture Mega Pack/FBX/Sofa/Sofa06.fbx","Universal Render Pipeline/Lit",2000,False,""
"Assets/Furniture Mega Pack/FBX/Sofa/Sofa07.fbx","Universal Render Pipeline/Lit",2000,False,""
"Assets/Furniture Mega Pack/FBX/Sofa/Sofa08.fbx","Universal Render Pipeline/Lit",2000,False,""
"Assets/Furniture Mega Pack/FBX/Sofa/Sofa09.fbx","Universal Render Pipeline/Lit",2000,False,""
"Assets/Furniture Mega Pack/FBX/Sofa/Sofa10.fbx","Universal Render Pipeline/Lit",2000,False,""
"Assets/Furniture Mega Pack/FBX/Sofa/Sofa11.fbx","Universal Render Pipeline/Lit",2000,False,""
"Assets/Furniture Mega Pack/FBX/Sofa/Sofa12.fbx","Universal Render Pipeline/Lit",2000,False,""
"Assets/Furniture Mega Pack/FBX/Sofa/Sofa13.fbx","Universal Render Pipeline/Lit",2000,False,""
"Assets/Furniture Mega Pack/FBX/Sofa/Sofa14.fbx","Universal Render Pipeline/Lit",2000,False,""
"Assets/Furniture Mega Pack/FBX/Sofa/Sofa15.fbx","Universal Render Pipeline/Lit",2000,False,""
"Assets/Furniture Mega Pack/FBX/Sofa/Sofa16.fbx","Universal Render Pipeline/Lit",2000,False,""
"Assets/Furniture Mega Pack/FBX/Sofa/Sofa17.fbx","Universal Render Pipeline/Lit",2000,False,""
"Assets/Furniture Mega Pack/FBX/Sofa/Sofa18.fbx","Universal Render Pipeline/Lit",2000,False,""
"Assets/Furniture Mega Pack/FBX/Sofa/Sofa19.fbx","Universal Render Pipeline/Lit",2000,False,""
"Assets/Furniture Mega Pack/FBX/Sofa/Sofa20.fbx","Universal Render Pipeline/Lit",2000,False,""
"Assets/Furniture Mega Pack/FBX/Sofa/Sofa21.fbx","Universal Render Pipeline/Lit",2000,False,""
"Assets/Furniture Mega Pack/FBX/Sofa/Sofa22.fbx","Universal Render Pipeline/Lit",2000,False,""
"Assets/Furniture Mega Pack/FBX/Sofa/Sofa23.fbx","Universal Render Pipeline/Lit",2000,False,""
"Assets/Furniture Mega Pack/FBX/Sofa/Sofa24.fbx","Universal Render Pipeline/Lit",2000,False,""
"Assets/Furniture Mega Pack/FBX/Sofa/Sofa25.fbx","Universal Render Pipeline/Lit",2000,False,""
"Assets/Furniture Mega Pack/FBX/Sofa/Sofa26.fbx","Universal Render Pipeline/Lit",2000,False,""
"Assets/Furniture Mega Pack/FBX/Sofa/Sofa27.fbx","Universal Render Pipeline/Lit",2000,False,""
"Assets/Furniture Mega Pack/FBX/Sofa/Sofa28.fbx","Universal Render Pipeline/Lit",2000,False,""
"Assets/Furniture Mega Pack/FBX/Sofa/Sofa29.fbx","Universal Render Pipeline/Lit",2000,False,""
"Assets/Furniture Mega Pack/FBX/Sofa/Sofa30.fbx","Universal Render Pipeline/Lit",2000,False,""
"Assets/Furniture Mega Pack/FBX/Sofa/Sofa31.fbx","Universal Render Pipeline/Lit",2000,False,""
"Assets/Furniture Mega Pack/FBX/Sofa/Sofa32.fbx","Universal Render Pipeline/Lit",2000,False,""
"Assets/Furniture Mega Pack/FBX/Sofa/Sofa33.fbx","Universal Render Pipeline/Lit",2000,False,""
"Assets/Furniture Mega Pack/FBX/Sofa/Sofa34.fbx","Universal Render Pipeline/Lit",2000,False,""
"Assets/Furniture Mega Pack/FBX/Sofa/Sofa35.fbx","Universal Render Pipeline/Lit",2000,False,""
"Assets/Furniture Mega Pack/FBX/Sofa/Sofa36.fbx","Universal Render Pipeline/Lit",2000,False,""
"Assets/Furniture Mega Pack/FBX/Sofa/Sofa37.fbx","Universal Render Pipeline/Lit",2000,False,""
"Assets/Furniture Mega Pack/FBX/Table/Table01.fbx","Universal Render Pipeline/Lit",2000,False,""
"Assets/Furniture Mega Pack/FBX/Table/Table02.fbx","Universal Render Pipeline/Lit",2000,False,""
"Assets/Furniture Mega Pack/FBX/Table/Table03.fbx","Universal Render Pipeline/Lit",2000,False,""
"Assets/Furniture Mega Pack/FBX/Table/Table04.fbx","Universal Render Pipeline/Lit",2000,False,""
"Assets/Furniture Mega Pack/FBX/Table/Table05.fbx","Universal Render Pipeline/Lit",2000,False,""
"Assets/Furniture Mega Pack/FBX/Table/Table06.fbx","Universal Render Pipeline/Lit",2000,False,""
"Assets/Furniture Mega Pack/FBX/Table/Table07.fbx","Universal Render Pipeline/Lit",2000,False,""
"Assets/Furniture Mega Pack/FBX/Table/Table08.fbx","Universal Render Pipeline/Lit",2000,False,""
"Assets/Furniture Mega Pack/FBX/Table/Table09.fbx","Universal Render Pipeline/Lit",2000,False,""
"Assets/Furniture Mega Pack/FBX/Table/Table10.fbx","Universal Render Pipeline/Lit",2000,False,""
"Assets/Furniture Mega Pack/FBX/Table/Table11.fbx","Universal Render Pipeline/Lit",2000,False,""
"Assets/Furniture Mega Pack/FBX/Table/Table12.fbx","Universal Render Pipeline/Lit",2000,False,""
"Assets/Furniture Mega Pack/FBX/Table/Table13.fbx","Universal Render Pipeline/Lit",2000,False,""
"Assets/Furniture Mega Pack/FBX/Table/Table14.fbx","Universal Render Pipeline/Lit",2000,False,""
"Assets/Furniture Mega Pack/FBX/Table/Table15.fbx","Universal Render Pipeline/Lit",2000,False,""
"Assets/Furniture Mega Pack/FBX/Table/Table16.fbx","Universal Render Pipeline/Lit",2000,False,""
"Assets/Furniture Mega Pack/FBX/Table/Table17.fbx","Universal Render Pipeline/Lit",2000,False,""
"Assets/Furniture Mega Pack/FBX/Table/Table18.fbx","Universal Render Pipeline/Lit",2000,False,""
"Assets/Furniture Mega Pack/FBX/Table/Table19.fbx","Universal Render Pipeline/Lit",2000,False,""
"Assets/Furniture Mega Pack/FBX/Table/Table20.fbx","Universal Render Pipeline/Lit",2000,False,""
"Assets/Furniture Mega Pack/FBX/Table/Table21.fbx","Universal Render Pipeline/Lit",2000,False,""
"Assets/Furniture Mega Pack/FBX/Table/Table22.fbx","Universal Render Pipeline/Lit",2000,False,""
"Assets/Furniture Mega Pack/FBX/Table/Table23.fbx","Universal Render Pipeline/Lit",2000,False,""
"Assets/Furniture Mega Pack/FBX/Table/Table24.fbx","Universal Render Pipeline/Lit",2000,False,""
"Assets/Furniture Mega Pack/FBX/Table/Table25.fbx","Universal Render Pipeline/Lit",2000,False,""
"Assets/Furniture Mega Pack/FBX/Table/Table26.fbx","Universal Render Pipeline/Lit",2000,False,""
"Assets/Furniture Mega Pack/FBX/Table/Table27.fbx","Universal Render Pipeline/Lit",2000,False,""
"Assets/Furniture Mega Pack/FBX/Table/Table28.fbx","Universal Render Pipeline/Lit",2000,False,""
"Assets/Furniture Mega Pack/FBX/Table/Table29.fbx","Universal Render Pipeline/Lit",2000,False,""
"Assets/Furniture Mega Pack/FBX/Table/Table30.fbx","Universal Render Pipeline/Lit",2000,False,""
"Assets/Furniture Mega Pack/FBX/Table/Table31.fbx","Universal Render Pipeline/Lit",2000,False,""
"Assets/Furniture Mega Pack/FBX/Table/Table32.fbx","Universal Render Pipeline/Lit",2000,False,""
"Assets/Furniture Mega Pack/FBX/Table/Table33.fbx","Universal Render Pipeline/Lit",2000,False,""
"Assets/Furniture Mega Pack/FBX/Table/Table34.fbx","Universal Render Pipeline/Lit",2000,False,""
"Assets/Furniture Mega Pack/FBX/Table/Table35.fbx","Universal Render Pipeline/Lit",2000,False,""
"Assets/Furniture Mega Pack/FBX/Table/Table36.fbx","Universal Render Pipeline/Lit",2000,False,""
"Assets/Furniture Mega Pack/FBX/Table/Table37.fbx","Universal Render Pipeline/Lit",2000,False,""
"Assets/Furniture Mega Pack/FBX/Table/Table38.fbx","Universal Render Pipeline/Lit",2000,False,""
"Assets/Furniture Mega Pack/FBX/Table/Table39.fbx","Universal Render Pipeline/Lit",2000,False,""
"Assets/Furniture Mega Pack/FBX/Table/Table40.fbx","Universal Render Pipeline/Lit",2000,False,""
"Assets/Furniture Mega Pack/FBX/Table/Table41.fbx","Universal Render Pipeline/Lit",2000,False,""
"Assets/Furniture Mega Pack/FBX/Table/Table42.fbx","Universal Render Pipeline/Lit",2000,False,""
"Assets/Furniture Mega Pack/FBX/Table/Table43.fbx","Universal Render Pipeline/Lit",2000,False,""
"Assets/Furniture Mega Pack/FBX/Table/Table44.fbx","Universal Render Pipeline/Lit",2000,False,""
"Assets/Furniture Mega Pack/FBX/Table/Table45.fbx","Universal Render Pipeline/Lit",2000,False,""
"Assets/Furniture Mega Pack/FBX/Table/Table46.fbx","Universal Render Pipeline/Lit",2000,False,""
"Assets/Furniture Mega Pack/FBX/Table/Table47.fbx","Universal Render Pipeline/Lit",2000,False,""
"Assets/Furniture Mega Pack/FBX/Table/Table48.fbx","Universal Render Pipeline/Lit",2000,False,""
"Assets/Furniture Mega Pack/FBX/Table/Table49.fbx","Universal Render Pipeline/Lit",2000,False,""
"Assets/Furniture Mega Pack/FBX/Table/Table50.fbx","Universal Render Pipeline/Lit",2000,False,""
"Assets/Furniture Mega Pack/Materials/Bathroom/mat_Bathroom.mat","Universal Render Pipeline/Lit",2000,False,"Assets/Furniture Mega Pack/Textures/Bathroom/AtlasTexture_BathroomCollection_BathroomCollection_AlbedoTransparency.png"
"Assets/Furniture Mega Pack/Materials/Bed/mat_BedFrame.mat","Universal Render Pipeline/Lit",2000,False,"Assets/Furniture Mega Pack/Textures/Bed/BedFrame/AtlasTexture_BedFrame_AtlasTexture_BedFrame_AlbedoTransparency.png"
"Assets/Furniture Mega Pack/Materials/Bed/mat_Blanket.mat","Universal Render Pipeline/Lit",2000,False,"Assets/Furniture Mega Pack/Textures/Bed/Blanket/AtlasTexture_Blanket_DefaultMaterial_AlbedoTransparency.png"
"Assets/Furniture Mega Pack/Materials/Bed/mat_Mattress.mat","Universal Render Pipeline/Lit",2000,False,"Assets/Furniture Mega Pack/Textures/Bed/Mattress/AtlasTexture_Mattress_DefaultMaterial_AlbedoTransparency.png"
"Assets/Furniture Mega Pack/Materials/Chair/mat_Chair01.mat","Universal Render Pipeline/Lit",2000,False,"Assets/Furniture Mega Pack/Textures/Chairs/Chair01/Chair01_mat_Chair01_AlbedoTransparency.png"
"Assets/Furniture Mega Pack/Materials/Chair/mat_Chair02.mat","Universal Render Pipeline/Lit",2000,False,"Assets/Furniture Mega Pack/Textures/Chairs/Chair02/Chair02_mat_Chair02_AlbedoTransparency.png"
"Assets/Furniture Mega Pack/Materials/Chair/mat_Chair03.mat","Universal Render Pipeline/Lit",2000,False,"Assets/Furniture Mega Pack/Textures/Chairs/Chair03/Chair03_mat_Chair03_AlbedoTransparency.png"
"Assets/Furniture Mega Pack/Materials/Chair/mat_Chair04.mat","Universal Render Pipeline/Lit",2000,False,"Assets/Furniture Mega Pack/Textures/Chairs/Chair04/Chair04_mat_Chair04_AlbedoTransparency.png"
"Assets/Furniture Mega Pack/Materials/Chair/mat_Chair05.mat","Universal Render Pipeline/Lit",2000,False,"Assets/Furniture Mega Pack/Textures/Chairs/Chair05/Chair05_mat_Chair05_AlbedoTransparency.png"
"Assets/Furniture Mega Pack/Materials/Chair/mat_Chair06.mat","Universal Render Pipeline/Lit",2000,False,"Assets/Furniture Mega Pack/Textures/Chairs/Chair06/Chair06_mat_Chair06_AlbedoTransparency.png"
"Assets/Furniture Mega Pack/Materials/Chair/mat_Chair07.mat","Universal Render Pipeline/Lit",2000,False,"Assets/Furniture Mega Pack/Textures/Chairs/Chair07/Chair07_mat_Chair07_AlbedoTransparency.png"
"Assets/Furniture Mega Pack/Materials/Chair/mat_Chair08.mat","Universal Render Pipeline/Lit",2000,False,"Assets/Furniture Mega Pack/Textures/Chairs/Chair08/Chair08_mat_Chair08_AlbedoTransparency.png"
"Assets/Furniture Mega Pack/Materials/Chair/mat_Chair09.mat","Universal Render Pipeline/Lit",2000,False,"Assets/Furniture Mega Pack/Textures/Chairs/Chair09/Chair09_mat_Chair09_AlbedoTransparency.png"
"Assets/Furniture Mega Pack/Materials/Chair/mat_Chair10.mat","Universal Render Pipeline/Lit",2000,False,"Assets/Furniture Mega Pack/Textures/Chairs/Chair10/Chair10_mat_Chair10_AlbedoTransparency.png"
"Assets/Furniture Mega Pack/Materials/Chair/mat_Chair11.mat","Universal Render Pipeline/Lit",2000,False,"Assets/Furniture Mega Pack/Textures/Chairs/Chair11/Chair11_mat_Chair11_AlbedoTransparency.png"
"Assets/Furniture Mega Pack/Materials/Chair/mat_Chair12.mat","Universal Render Pipeline/Lit",2000,False,"Assets/Furniture Mega Pack/Textures/Chairs/Chair12/Chair12_mat_Chair12_AlbedoTransparency.png"
"Assets/Furniture Mega Pack/Materials/Chair/mat_Chair13.mat","Universal Render Pipeline/Lit",2000,False,"Assets/Furniture Mega Pack/Textures/Chairs/Chair13/Chair13_mat_Chair13_AlbedoTransparency.png"
"Assets/Furniture Mega Pack/Materials/Chair/mat_Chair14.mat","Universal Render Pipeline/Lit",2000,False,"Assets/Furniture Mega Pack/Textures/Chairs/Chair14/Chair14_mat_Chair14_AlbedoTransparency.png"
"Assets/Furniture Mega Pack/Materials/Chair/mat_Chair15.mat","Universal Render Pipeline/Lit",2000,False,"Assets/Furniture Mega Pack/Textures/Chairs/Chair15/Chair15_mat_Chair15_AlbedoTransparency.png"
"Assets/Furniture Mega Pack/Materials/Chair/mat_Chair16.mat","Universal Render Pipeline/Lit",2000,False,"Assets/Furniture Mega Pack/Textures/Chairs/Chair16/Chair16_mat_Chair16_AlbedoTransparency.png"
"Assets/Furniture Mega Pack/Materials/Chair/mat_Chair17.mat","Universal Render Pipeline/Lit",2000,False,"Assets/Furniture Mega Pack/Textures/Chairs/Chair17/Chair17_mat_Chair17_AlbedoTransparency.png"
"Assets/Furniture Mega Pack/Materials/Chair/mat_Chair18.mat","Universal Render Pipeline/Lit",2000,False,"Assets/Furniture Mega Pack/Textures/Chairs/Chair18/Chair18_mat_Chair18_AlbedoTransparency.png"
"Assets/Furniture Mega Pack/Materials/Chair/mat_Chair19.mat","Universal Render Pipeline/Lit",2000,False,"Assets/Furniture Mega Pack/Textures/Chairs/Chair19/Chair19_mat_Chair19_AlbedoTransparency.png"
"Assets/Furniture Mega Pack/Materials/Chair/mat_Chair20.mat","Universal Render Pipeline/Lit",2000,False,"Assets/Furniture Mega Pack/Textures/Chairs/Chair20/Chair20_mat_Chair20_AlbedoTransparency.png"
"Assets/Furniture Mega Pack/Materials/Chair/mat_Chair21.mat","Universal Render Pipeline/Lit",2000,False,"Assets/Furniture Mega Pack/Textures/Chairs/Chair21/Chair21_mat_Chair21_AlbedoTransparency.png"
"Assets/Furniture Mega Pack/Materials/Chair/mat_Chair22.mat","Universal Render Pipeline/Lit",2000,False,"Assets/Furniture Mega Pack/Textures/Chairs/Chair22/Chair22_mat_Chair22_AlbedoTransparency.png"
"Assets/Furniture Mega Pack/Materials/Chair/mat_Chair23.mat","Universal Render Pipeline/Lit",2000,False,"Assets/Furniture Mega Pack/Textures/Chairs/Chair23/Chair23_mat_Chair23_AlbedoTransparency.png"
"Assets/Furniture Mega Pack/Materials/Chair/mat_Chair24.mat","Universal Render Pipeline/Lit",2000,False,"Assets/Furniture Mega Pack/Textures/Chairs/Chair24/Chair24_mat_Chair24_AlbedoTransparency.png"
"Assets/Furniture Mega Pack/Materials/Chair/mat_Chair25.mat","Universal Render Pipeline/Lit",2000,False,"Assets/Furniture Mega Pack/Textures/Chairs/Chair25/Chair25_mat_Chair25_AlbedoTransparency.png"
"Assets/Furniture Mega Pack/Materials/Chair/mat_Chair26.mat","Universal Render Pipeline/Lit",2000,False,"Assets/Furniture Mega Pack/Textures/Chairs/Chair26/Chair26_mat_Chair26_AlbedoTransparency.png"
"Assets/Furniture Mega Pack/Materials/Chair/mat_Chair27.mat","Universal Render Pipeline/Lit",2000,False,"Assets/Furniture Mega Pack/Textures/Chairs/Chair27/Chair27_mat_Chair27_AlbedoTransparency.png"
"Assets/Furniture Mega Pack/Materials/Chair/mat_Chair28.mat","Universal Render Pipeline/Lit",2000,False,"Assets/Furniture Mega Pack/Textures/Chairs/Chair28/Chair28_mat_Chair28_AlbedoTransparency.png"
"Assets/Furniture Mega Pack/Materials/Chair/mat_Chair29.mat","Universal Render Pipeline/Lit",2000,False,"Assets/Furniture Mega Pack/Textures/Chairs/Chair29/Chair29_mat_Chair29_AlbedoTransparency.png"
"Assets/Furniture Mega Pack/Materials/Chair/mat_Chair30.mat","Universal Render Pipeline/Lit",2000,False,"Assets/Furniture Mega Pack/Textures/Chairs/Chair30/Chair30_mat_Chair30_AlbedoTransparency.png"
"Assets/Furniture Mega Pack/Materials/Chair/mat_Chair31.mat","Universal Render Pipeline/Lit",2000,False,"Assets/Furniture Mega Pack/Textures/Chairs/Chair31/Chair31_mat_Chair31_AlbedoTransparency.png"
"Assets/Furniture Mega Pack/Materials/Chair/mat_Chair32.mat","Universal Render Pipeline/Lit",2000,False,"Assets/Furniture Mega Pack/Textures/Chairs/Chair32/Chair32_mat_Chair32_AlbedoTransparency.png"
"Assets/Furniture Mega Pack/Materials/Chair/mat_Chair33.mat","Universal Render Pipeline/Lit",2000,False,"Assets/Furniture Mega Pack/Textures/Chairs/Chair33/Chair33_mat_Chair33_AlbedoTransparency.png"
"Assets/Furniture Mega Pack/Materials/Chair/mat_Chair34.mat","Universal Render Pipeline/Lit",2000,False,"Assets/Furniture Mega Pack/Textures/Chairs/Chair34/Chair34_mat_Chair34_AlbedoTransparency.png"
"Assets/Furniture Mega Pack/Materials/Chair/mat_Chair35.mat","Universal Render Pipeline/Lit",2000,False,"Assets/Furniture Mega Pack/Textures/Chairs/Chair35/Chair35_mat_Chair35_AlbedoTransparency.png"
"Assets/Furniture Mega Pack/Materials/Chair/mat_Chair36.mat","Universal Render Pipeline/Lit",2000,False,"Assets/Furniture Mega Pack/Textures/Chairs/Chair36/Chair36_mat_Chair36_AlbedoTransparency.png"
"Assets/Furniture Mega Pack/Materials/Chair/mat_Chair37.mat","Universal Render Pipeline/Lit",2000,False,"Assets/Furniture Mega Pack/Textures/Chairs/Chair37/Chair37_mat_Chair37_AlbedoTransparency.png"
"Assets/Furniture Mega Pack/Materials/Chair/mat_Chair38.mat","Universal Render Pipeline/Lit",2000,False,"Assets/Furniture Mega Pack/Textures/Chairs/Chair38/Chair38_mat_Chair38_AlbedoTransparency.png"
"Assets/Furniture Mega Pack/Materials/Chair/mat_Chair39.mat","Universal Render Pipeline/Lit",2000,False,"Assets/Furniture Mega Pack/Textures/Chairs/Chair39/Chair39_mat_Chair39_AlbedoTransparency.png"
"Assets/Furniture Mega Pack/Materials/Chair/mat_Chair40.mat","Universal Render Pipeline/Lit",2000,False,"Assets/Furniture Mega Pack/Textures/Chairs/Chair40/Chair40_mat_Chair40_AlbedoTransparency.png"
"Assets/Furniture Mega Pack/Materials/Chair/mat_Chair41.mat","Universal Render Pipeline/Lit",2000,False,"Assets/Furniture Mega Pack/Textures/Chairs/Chair41/Chair41_mat_Chair41_AlbedoTransparency.png"
"Assets/Furniture Mega Pack/Materials/Chair/mat_Chair42.mat","Universal Render Pipeline/Lit",2000,False,"Assets/Furniture Mega Pack/Textures/Chairs/Chair42/Chair42_mat_Chair42_AlbedoTransparency.png"
"Assets/Furniture Mega Pack/Materials/Chair/mat_Chair43.mat","Universal Render Pipeline/Lit",2000,False,"Assets/Furniture Mega Pack/Textures/Chairs/Chair43/Chair43_mat_Chair43_AlbedoTransparency.png"
"Assets/Furniture Mega Pack/Materials/Chair/mat_Chair44.mat","Universal Render Pipeline/Lit",2000,False,"Assets/Furniture Mega Pack/Textures/Chairs/Chair44/Chair44_mat_Chair44_AlbedoTransparency.png"
"Assets/Furniture Mega Pack/Materials/Chair/mat_Chair45.mat","Universal Render Pipeline/Lit",2000,False,"Assets/Furniture Mega Pack/Textures/Chairs/Chair45/Chair45_mat_Chair45_AlbedoTransparency.png"
"Assets/Furniture Mega Pack/Materials/Chair/mat_Chair46.mat","Universal Render Pipeline/Lit",2000,False,"Assets/Furniture Mega Pack/Textures/Chairs/Chair46/Chair46_mat_Chair46_AlbedoTransparency.png"
"Assets/Furniture Mega Pack/Materials/Chair/mat_Chair47.mat","Universal Render Pipeline/Lit",2000,False,"Assets/Furniture Mega Pack/Textures/Chairs/Chair47/Chair47_mat_Chair47_AlbedoTransparency.png"
"Assets/Furniture Mega Pack/Materials/Chair/mat_Chair48.mat","Universal Render Pipeline/Lit",2000,False,"Assets/Furniture Mega Pack/Textures/Chairs/Chair48/Chair48_mat_Chair48_AlbedoTransparency.png"
"Assets/Furniture Mega Pack/Materials/Chair/mat_Chair49.mat","Universal Render Pipeline/Lit",2000,False,"Assets/Furniture Mega Pack/Textures/Chairs/Chair49/Chair49_mat_Chair49_AlbedoTransparency.png"
"Assets/Furniture Mega Pack/Materials/Chair/mat_Chair50.mat","Universal Render Pipeline/Lit",2000,False,"Assets/Furniture Mega Pack/Textures/Chairs/Chair50/Chair50_mat_Chair50_AlbedoTransparency.png"
"Assets/Furniture Mega Pack/Materials/Closet/mat_Closet.mat","Universal Render Pipeline/Lit",2000,False,"Assets/Furniture Mega Pack/Textures/Closet/AtlasTexture_Closet_AlbedoTransparency.png"
"Assets/Furniture Mega Pack/Materials/Cushion/mat_Cushion01_08.mat","Universal Render Pipeline/Lit",2000,False,"Assets/Furniture Mega Pack/Textures/Cushions/Cushion01_08/Cushion01_08_mat_Cushion01_08_AlbedoTransparency.png"
"Assets/Furniture Mega Pack/Materials/Cushion/mat_Cushion09_16.mat","Universal Render Pipeline/Lit",2000,False,"Assets/Furniture Mega Pack/Textures/Cushions/Cushion09_16/Cushion09_16_mat_Cushion09_16_AlbedoTransparency.png"
"Assets/Furniture Mega Pack/Materials/Cushion/mat_Cushion17_24.mat","Universal Render Pipeline/Lit",2000,False,"Assets/Furniture Mega Pack/Textures/Cushions/Cushion17_24/Cushion17_24_mat_Cushion17_24_AlbedoTransparency.png"
"Assets/Furniture Mega Pack/Materials/Cushion/mat_Cushion25_28.mat","Universal Render Pipeline/Lit",2000,False,"Assets/Furniture Mega Pack/Textures/Cushions/Cushion25_28/Cushion25_28_mat_Cushion25_28_AlbedoTransparency.png"
"Assets/Furniture Mega Pack/Materials/Cushion/mat_Cushion29_36.mat","Universal Render Pipeline/Lit",2000,False,"Assets/Furniture Mega Pack/Textures/Cushions/Cushion29_36/Cushion29_36_mat_Cushion29_36_AlbedoTransparency.png"
"Assets/Furniture Mega Pack/Materials/Cushion/mat_Cushion37_40.mat","Universal Render Pipeline/Lit",2000,False,"Assets/Furniture Mega Pack/Textures/Cushions/Cushion37_40/Cushion37_40_mat_Cushion37_40_AlbedoTransparency.png"
"Assets/Furniture Mega Pack/Materials/Cushion/mat_Cushion41_48.mat","Universal Render Pipeline/Lit",2000,False,"Assets/Furniture Mega Pack/Textures/Cushions/Cushion41_48/Cushion41_48_mat_Cushion41_48_AlbedoTransparency.png"
"Assets/Furniture Mega Pack/Materials/Cushion/mat_Cushion49_50.mat","Universal Render Pipeline/Lit",2000,False,"Assets/Furniture Mega Pack/Textures/Cushions/Cushion49_50/Cushion49_50_mat_Cushion49_50_AlbedoTransparency.png"
"Assets/Furniture Mega Pack/Materials/Drawer/mat_Drawer.mat","Universal Render Pipeline/Lit",2000,False,"Assets/Furniture Mega Pack/Textures/Drawer/AtlasTexture_Drawer_DefaultMaterial_AlbedoTransparency.png"
"Assets/Furniture Mega Pack/Materials/Kitchen/mat_Glass.mat","Universal Render Pipeline/Lit",3000,False,""
"Assets/Furniture Mega Pack/Materials/Kitchen/mat_Kitchen.mat","Universal Render Pipeline/Lit",2000,False,"Assets/Furniture Mega Pack/Textures/Kitchen/AtlasTexture_KitchenCollection_Atlastexture_KitchenCollection_AlbedoTransparency.png"
"Assets/Furniture Mega Pack/Materials/mat_Floor.mat","Universal Render Pipeline/Lit",2000,False,""
"Assets/Furniture Mega Pack/Materials/Sofa/mat_SectionalSofaFabric.mat","Universal Render Pipeline/Lit",2000,False,"Assets/Furniture Mega Pack/Textures/Sofas/SectionalSofaFabric/SectionalSofaFabric_mat_SectionalSofaLeather_AlbedoTransparency.png"
"Assets/Furniture Mega Pack/Materials/Sofa/mat_SectionalSofaLeather.mat","Universal Render Pipeline/Lit",2000,False,"Assets/Furniture Mega Pack/Textures/Sofas/SectionalSofaLeather/SectionalSofaLeather_mat_SectionalSofaLeather_AlbedoTransparency.png"
"Assets/Furniture Mega Pack/Materials/Sofa/mat_Sofa01.mat","Universal Render Pipeline/Lit",2000,False,"Assets/Furniture Mega Pack/Textures/Sofas/Sofa01/Sofa01_mat_Sofa01_AlbedoTransparency.png"
"Assets/Furniture Mega Pack/Materials/Sofa/mat_Sofa02.mat","Universal Render Pipeline/Lit",2000,False,"Assets/Furniture Mega Pack/Textures/Sofas/Sofa02/Sofa02_mat_Sofa02_AlbedoTransparency.png"
"Assets/Furniture Mega Pack/Materials/Sofa/mat_Sofa03.mat","Universal Render Pipeline/Lit",2000,False,"Assets/Furniture Mega Pack/Textures/Sofas/Sofa03/Sofa03_mat_Sofa03_AlbedoTransparency.png"
"Assets/Furniture Mega Pack/Materials/Sofa/mat_Sofa04.mat","Universal Render Pipeline/Lit",2000,False,"Assets/Furniture Mega Pack/Textures/Sofas/Sofa04/Sofa04_mat_Sofa04_AlbedoTransparency.png"
"Assets/Furniture Mega Pack/Materials/Sofa/mat_Sofa06.mat","Universal Render Pipeline/Lit",2000,False,"Assets/Furniture Mega Pack/Textures/Sofas/Sofa06/Sofa06_mat_Sofa06_AlbedoTransparency.png"
"Assets/Furniture Mega Pack/Materials/Sofa/mat_Sofa07.mat","Universal Render Pipeline/Lit",2000,False,"Assets/Furniture Mega Pack/Textures/Sofas/Sofa07/Sofa07_mat_Sofa07_AlbedoTransparency.png"
"Assets/Furniture Mega Pack/Materials/Sofa/mat_Sofa08.mat","Universal Render Pipeline/Lit",2000,False,"Assets/Furniture Mega Pack/Textures/Sofas/Sofa08/Sofa08_mat_Sofa08_AlbedoTransparency.png"
"Assets/Furniture Mega Pack/Materials/Sofa/mat_Sofa09.mat","Universal Render Pipeline/Lit",2000,False,"Assets/Furniture Mega Pack/Textures/Sofas/Sofa09/Sofa09_mat_Sofa09_AlbedoTransparency.png"
"Assets/Furniture Mega Pack/Materials/Sofa/mat_Sofa10.mat","Universal Render Pipeline/Lit",2000,False,""
"Assets/Furniture Mega Pack/Materials/Sofa/mat_Sofa11.mat","Universal Render Pipeline/Lit",2000,False,""
"Assets/Furniture Mega Pack/Materials/Sofa/mat_Sofa12.mat","Universal Render Pipeline/Lit",2000,False,""
"Assets/Furniture Mega Pack/Materials/Sofa/mat_Sofa13.mat","Universal Render Pipeline/Lit",2000,False,"Assets/Furniture Mega Pack/Textures/Sofas/Sofa13/Sofa13_mat_Sofa13_AlbedoTransparency.png"
"Assets/Furniture Mega Pack/Materials/Sofa/mat_Sofa14.mat","Universal Render Pipeline/Lit",2000,False,""
"Assets/Furniture Mega Pack/Materials/Sofa/mat_Sofa15.mat","Universal Render Pipeline/Lit",2000,False,""
"Assets/Furniture Mega Pack/Materials/Sofa/mat_Sofa16.mat","Universal Render Pipeline/Lit",2000,False,""
"Assets/Furniture Mega Pack/Materials/Sofa/mat_Sofa17.mat","Universal Render Pipeline/Lit",2000,False,""
"Assets/Furniture Mega Pack/Materials/Sofa/mat_Sofa18.mat","Universal Render Pipeline/Lit",2000,False,""
"Assets/Furniture Mega Pack/Materials/Sofa/mat_Sofa19.mat","Universal Render Pipeline/Lit",2000,False,""
"Assets/Furniture Mega Pack/Materials/Sofa/mat_Sofa20.mat","Universal Render Pipeline/Lit",2000,False,""
"Assets/Furniture Mega Pack/Materials/Sofa/mat_Sofa21.mat","Universal Render Pipeline/Lit",2000,False,""
"Assets/Furniture Mega Pack/Materials/Sofa/mat_Sofa22.mat","Universal Render Pipeline/Lit",2000,False,""
"Assets/Furniture Mega Pack/Materials/Sofa/mat_Sofa23.mat","Universal Render Pipeline/Lit",2000,False,""
"Assets/Furniture Mega Pack/Materials/Sofa/mat_Sofa24.mat","Universal Render Pipeline/Lit",2000,False,""
"Assets/Furniture Mega Pack/Materials/Sofa/mat_Sofa25.mat","Universal Render Pipeline/Lit",2000,False,""
"Assets/Furniture Mega Pack/Materials/Sofa/mat_Sofa26.mat","Universal Render Pipeline/Lit",2000,False,""
"Assets/Furniture Mega Pack/Materials/Sofa/mat_Sofa27.mat","Universal Render Pipeline/Lit",2000,False,""
"Assets/Furniture Mega Pack/Materials/Sofa/mat_Sofa28.mat","Universal Render Pipeline/Lit",2000,False,""
"Assets/Furniture Mega Pack/Materials/Sofa/mat_Sofa29.mat","Universal Render Pipeline/Lit",2000,False,""
"Assets/Furniture Mega Pack/Materials/Sofa/mat_Sofa30.mat","Universal Render Pipeline/Lit",2000,False,""
"Assets/Furniture Mega Pack/Materials/Sofa/mat_Sofa31.mat","Universal Render Pipeline/Lit",2000,False,""
"Assets/Furniture Mega Pack/Materials/Sofa/mat_Sofa32.mat","Universal Render Pipeline/Lit",2000,False,""
"Assets/Furniture Mega Pack/Materials/Sofa/mat_Sofa33.mat","Universal Render Pipeline/Lit",2000,False,""
"Assets/Furniture Mega Pack/Materials/Sofa/mat_Sofa34.mat","Universal Render Pipeline/Lit",2000,False,""
"Assets/Furniture Mega Pack/Materials/Sofa/mat_Sofa35.mat","Universal Render Pipeline/Lit",2000,False,""
"Assets/Furniture Mega Pack/Materials/Sofa/mat_Sofa36.mat","Universal Render Pipeline/Lit",2000,False,""
"Assets/Furniture Mega Pack/Materials/Sofa/mat_Sofa37.mat","Universal Render Pipeline/Lit",2000,False,""
"Assets/Furniture Mega Pack/Materials/Table/mat_Table01.mat","Universal Render Pipeline/Lit",2000,False,""
"Assets/Furniture Mega Pack/Materials/Table/mat_Table02.mat","Universal Render Pipeline/Lit",2000,False,""
"Assets/Furniture Mega Pack/Materials/Table/mat_Table03.mat","Universal Render Pipeline/Lit",2000,False,""
"Assets/Furniture Mega Pack/Materials/Table/mat_Table04.mat","Universal Render Pipeline/Lit",2000,False,""
"Assets/Furniture Mega Pack/Materials/Table/mat_Table05.mat","Universal Render Pipeline/Lit",2000,False,""
"Assets/Furniture Mega Pack/Materials/Table/mat_Table06.mat","Universal Render Pipeline/Lit",2000,False,"Assets/Furniture Mega Pack/Textures/Tables/Table06/Table06_mat_Table06_AlbedoTransparency.png"
"Assets/Furniture Mega Pack/Materials/Table/mat_Table07.mat","Universal Render Pipeline/Lit",2000,False,""
"Assets/Furniture Mega Pack/Materials/Table/mat_Table08.mat","Universal Render Pipeline/Lit",2000,False,""
"Assets/Furniture Mega Pack/Materials/Table/mat_Table09.mat","Universal Render Pipeline/Lit",2000,False,""
"Assets/Furniture Mega Pack/Materials/Table/mat_Table10.mat","Universal Render Pipeline/Lit",2000,False,""
"Assets/Furniture Mega Pack/Materials/Table/mat_Table11.mat","Universal Render Pipeline/Lit",2000,False,""
"Assets/Furniture Mega Pack/Materials/Table/mat_Table12.mat","Universal Render Pipeline/Lit",2000,False,""
"Assets/Furniture Mega Pack/Materials/Table/mat_Table13.mat","Universal Render Pipeline/Lit",2000,False,""
"Assets/Furniture Mega Pack/Materials/Table/mat_Table14.mat","Universal Render Pipeline/Lit",2000,False,""
"Assets/Furniture Mega Pack/Materials/Table/mat_Table15.mat","Universal Render Pipeline/Lit",2000,False,""
"Assets/Furniture Mega Pack/Materials/Table/mat_Table16.mat","Universal Render Pipeline/Lit",2000,False,""
"Assets/Furniture Mega Pack/Materials/Table/mat_Table17.mat","Universal Render Pipeline/Lit",2000,False,""
"Assets/Furniture Mega Pack/Materials/Table/mat_Table18.mat","Universal Render Pipeline/Lit",2000,False,""
"Assets/Furniture Mega Pack/Materials/Table/mat_Table19.mat","Universal Render Pipeline/Lit",2000,False,""
"Assets/Furniture Mega Pack/Materials/Table/mat_Table20.mat","Universal Render Pipeline/Lit",2000,False,""
"Assets/Furniture Mega Pack/Materials/Table/mat_Table21.mat","Universal Render Pipeline/Lit",2000,False,""
"Assets/Furniture Mega Pack/Materials/Table/mat_Table22.mat","Universal Render Pipeline/Lit",2000,False,""
"Assets/Furniture Mega Pack/Materials/Table/mat_Table23.mat","Universal Render Pipeline/Lit",2000,False,""
"Assets/Furniture Mega Pack/Materials/Table/mat_Table24.mat","Universal Render Pipeline/Lit",2000,False,""
"Assets/Furniture Mega Pack/Materials/Table/mat_Table25.mat","Universal Render Pipeline/Lit",2000,False,""
"Assets/Furniture Mega Pack/Materials/Table/mat_Table26.mat","Universal Render Pipeline/Lit",2000,False,""
"Assets/Furniture Mega Pack/Materials/Table/mat_Table27.mat","Universal Render Pipeline/Lit",2000,False,""
"Assets/Furniture Mega Pack/Materials/Table/mat_Table28.mat","Universal Render Pipeline/Lit",2000,False,""
"Assets/Furniture Mega Pack/Materials/Table/mat_Table29.mat","Universal Render Pipeline/Lit",2000,False,""
"Assets/Furniture Mega Pack/Materials/Table/mat_Table30.mat","Universal Render Pipeline/Lit",2000,False,""
"Assets/Furniture Mega Pack/Materials/Table/mat_Table31.mat","Universal Render Pipeline/Lit",2000,False,""
"Assets/Furniture Mega Pack/Materials/Table/mat_Table32.mat","Universal Render Pipeline/Lit",2000,False,""
"Assets/Furniture Mega Pack/Materials/Table/mat_Table33.mat","Universal Render Pipeline/Lit",2000,False,""
"Assets/Furniture Mega Pack/Materials/Table/mat_Table34.mat","Universal Render Pipeline/Lit",2000,False,""
"Assets/Furniture Mega Pack/Materials/Table/mat_Table35.mat","Universal Render Pipeline/Lit",2000,False,""
"Assets/Furniture Mega Pack/Materials/Table/mat_Table36.mat","Universal Render Pipeline/Lit",2000,False,""
"Assets/Furniture Mega Pack/Materials/Table/mat_Table37.mat","Universal Render Pipeline/Lit",2000,False,""
"Assets/Furniture Mega Pack/Materials/Table/mat_Table38.mat","Universal Render Pipeline/Lit",2000,False,"Assets/Furniture Mega Pack/Textures/Tables/Table38/Table38_mat_Table38_AlbedoTransparency.png"
"Assets/Furniture Mega Pack/Materials/Table/mat_Table39.mat","Universal Render Pipeline/Lit",2000,False,""
"Assets/Furniture Mega Pack/Materials/Table/mat_Table40.mat","Universal Render Pipeline/Lit",2000,False,""
"Assets/Furniture Mega Pack/Materials/Table/mat_Table41.mat","Universal Render Pipeline/Lit",2000,False,""
"Assets/Furniture Mega Pack/Materials/Table/mat_Table42.mat","Universal Render Pipeline/Lit",2000,False,""
"Assets/Furniture Mega Pack/Materials/Table/mat_Table43.mat","Universal Render Pipeline/Lit",2000,False,""
"Assets/Furniture Mega Pack/Materials/Table/mat_Table44.mat","Universal Render Pipeline/Lit",2000,False,""
"Assets/Furniture Mega Pack/Materials/Table/mat_Table45.mat","Universal Render Pipeline/Lit",2000,False,""
"Assets/Furniture Mega Pack/Materials/Table/mat_Table46.mat","Universal Render Pipeline/Lit",2000,False,""
"Assets/Furniture Mega Pack/Materials/Table/mat_Table47.mat","Universal Render Pipeline/Lit",2000,False,""
"Assets/Furniture Mega Pack/Materials/Table/mat_Table48.mat","Universal Render Pipeline/Lit",2000,False,""
"Assets/Furniture Mega Pack/Materials/Table/mat_Table49.mat","Universal Render Pipeline/Lit",2000,False,""
"Assets/Furniture Mega Pack/Materials/Table/mat_Table50.mat","Universal Render Pipeline/Lit",2000,False,""
"Assets/HyTeKGames/SRPMaterialConverter/ConvertedMaterials/balcony_wood.mat","Universal Render Pipeline/Lit",2000,False,"Assets/DevDen Arch Viz Scotland/Textures/Environment/Floor Texture/floor mat 1_AlbedoTransparency.png"
"Assets/HyTeKGames/SRPMaterialConverter/ConvertedMaterials/Bathroom_glass_1.mat","Universal Render Pipeline/Lit",3000,False,"Assets/DevDen Arch Viz Scotland/Textures/Bathroom/Bathroom_Glass/glass_glass_Normal.png"
"Assets/HyTeKGames/SRPMaterialConverter/ConvertedMaterials/bathroom_wall_mat_1.mat","Universal Render Pipeline/Lit",2000,False,"Assets/DevDen Arch Viz Scotland/Textures/Bathroom/Tile_Bath/SubwayTile - baseColor.png"
"Assets/HyTeKGames/SRPMaterialConverter/ConvertedMaterials/book_9.mat","Universal Render Pipeline/Lit",2000,False,"Assets/DevDen Arch Viz Scotland/Textures/Study Room/Books Pack/book_9.png"
"Assets/HyTeKGames/SRPMaterialConverter/ConvertedMaterials/carpet.mat","Universal Render Pipeline/Lit",2000,False,"Assets/DevDen Arch Viz Scotland/Textures/Bed Room/bedside_carpet/carpet_carpet_AlbedoTransparency.png"
"Assets/Idyllic Italian Coast Town/Materials/M_attachments_metal.mat","Universal Render Pipeline/Lit",2000,False,"Assets/Idyllic Italian Coast Town/Textures/M_attachments_metal_BaseMap.png"
"Assets/Idyllic Italian Coast Town/Materials/M_attachments_stone.mat","Universal Render Pipeline/Lit",2000,False,"Assets/Idyllic Italian Coast Town/Textures/M_attachments_stone_BaseMap.png"
"Assets/Idyllic Italian Coast Town/Materials/M_boat.mat","Universal Render Pipeline/Lit",2000,False,"Assets/Idyllic Italian Coast Town/Textures/M_boat_kit_BaseMap.png"
"Assets/Idyllic Italian Coast Town/Materials/M_bricks 1.mat","Universal Render Pipeline/Lit",2000,False,"Assets/Idyllic Italian Coast Town/Textures/M_bricks_red_BaseMap.png"
"Assets/Idyllic Italian Coast Town/Materials/M_bricks.mat","Universal Render Pipeline/Lit",2000,False,"Assets/Idyllic Italian Coast Town/Textures/M_bricks_BaseMap.png"
"Assets/Idyllic Italian Coast Town/Materials/M_chairs.mat","Universal Render Pipeline/Lit",2000,False,"Assets/Idyllic Italian Coast Town/Textures/M_chairs_BaseMap.png"
"Assets/Idyllic Italian Coast Town/Materials/M_doors.mat","Universal Render Pipeline/Lit",2000,False,"Assets/Idyllic Italian Coast Town/Textures/M_doors_italian_BaseMap.png"
"Assets/Idyllic Italian Coast Town/Materials/M_floortiles_ceramic.mat","Universal Render Pipeline/Lit",2000,False,"Assets/Idyllic Italian Coast Town/Textures/M_floortiles_ceramic_BaseColor.png"
"Assets/Idyllic Italian Coast Town/Materials/M_metal_dark.mat","Universal Render Pipeline/Lit",2000,False,""
"Assets/Idyllic Italian Coast Town/Materials/M_pillartop.mat","Universal Render Pipeline/Lit",2000,False,"Assets/Idyllic Italian Coast Town/Textures/M_pillartop_BaseMap.png"
"Assets/Idyllic Italian Coast Town/Materials/M_pipes.mat","Universal Render Pipeline/Lit",2000,False,"Assets/Idyllic Italian Coast Town/Textures/M_pipes_BaseMap.png"
"Assets/Idyllic Italian Coast Town/Materials/M_rooftexture.mat","Universal Render Pipeline/Lit",2000,False,"Assets/Idyllic Italian Coast Town/Textures/M_rooftiles_roman_tiling_BaseColor.png"
"Assets/Idyllic Italian Coast Town/Materials/M_skybox 1.mat","Skybox/Panoramic",1000,False,"Assets/Idyllic Italian Coast Town/Textures/M_skybox_cloudy.png"
"Assets/Idyllic Italian Coast Town/Materials/M_skybox 2.mat","Skybox/Panoramic",1000,False,"Assets/Idyllic Italian Coast Town/Textures/M_skybox_01.png"
"Assets/Idyllic Italian Coast Town/Materials/M_skybox.mat","Skybox/Panoramic",1000,False,"Assets/Idyllic Italian Coast Town/Textures/M_skybox_01.png"
"Assets/Idyllic Italian Coast Town/Materials/M_wall_plaster 3.mat","Universal Render Pipeline/Lit",2000,False,"Assets/Idyllic Italian Coast Town/Textures/M_wall_plaster_BaseColor.png"
"Assets/Idyllic Italian Coast Town/Materials/M_wall_plaster 10.mat","Universal Render Pipeline/Lit",2000,False,"Assets/Idyllic Italian Coast Town/Textures/M_wall_plaster_BaseColor.png"
"Assets/Idyllic Italian Coast Town/Materials/M_wall_plaster.mat","Universal Render Pipeline/Lit",2000,False,"Assets/Idyllic Italian Coast Town/Textures/M_wall_plaster_BaseColor.png"
"Assets/Idyllic Italian Coast Town/Materials/M_windows.mat","Universal Render Pipeline/Lit",2000,False,"Assets/Idyllic Italian Coast Town/Textures/M_windows_italian_BaseMap.png"
"Assets/Idyllic Italian Coast Town/Meshes/Buildings/SM_building_gate.fbx","Shader Graphs/PhysicalMaterial3DsMax",2000,False,""
"Assets/Idyllic Italian Coast Town/Meshes/Buildings/SM_building_modular_floor_2x1_03.fbx","Shader Graphs/PhysicalMaterial3DsMax",2000,False,""
"Assets/Idyllic Italian Coast Town/Meshes/Buildings/SM_building_modular_roof_2x1_01.fbx","Shader Graphs/PhysicalMaterial3DsMax",2000,False,""
"Assets/Idyllic Italian Coast Town/Meshes/Buildings/SM_church_italy.fbx","Shader Graphs/PhysicalMaterial3DsMax",2000,False,""
"Assets/Idyllic Italian Coast Town/Meshes/Modular/SM_street_01.fbx","Shader Graphs/PhysicalMaterial3DsMax",2000,False,""
"Assets/Idyllic Italian Coast Town/Meshes/Modular/SM_wall_base.fbx","Shader Graphs/PhysicalMaterial3DsMax",2000,False,""
"Assets/Idyllic Italian Coast Town/Meshes/Modular/SM_wall_pillar.fbx","Shader Graphs/PhysicalMaterial3DsMax",2000,False,""
"Assets/Idyllic Italian Coast Town/Meshes/Props/SM_boat_pylon.fbx","Shader Graphs/PhysicalMaterial3DsMax",2000,False,""
"Assets/Idyllic Italian Coast Town/Meshes/Props/SM_chair_02.fbx","Shader Graphs/PhysicalMaterial3DsMax",2000,False,""
"Assets/Idyllic Italian Coast Town/Meshes/Props/SM_fence_02.fbx","Shader Graphs/PhysicalMaterial3DsMax",2000,False,""
"Assets/Idyllic Italian Coast Town/Meshes/Props/SM_fence_03.fbx","Shader Graphs/PhysicalMaterial3DsMax",2000,False,""
"Assets/Idyllic Italian Coast Town/Meshes/Props/SM_fence_rounded.fbx","Shader Graphs/PhysicalMaterial3DsMax",2000,False,""
"Assets/Idyllic Italian Coast Town/Meshes/Props/SM_flowerpot_04.fbx","Shader Graphs/PhysicalMaterial3DsMax",2000,False,""
"Assets/Idyllic Italian Coast Town/Meshes/Props/SM_table_cafe_square.fbx","Shader Graphs/PhysicalMaterial3DsMax",2000,False,""
"Assets/IgniteCoders/Simple Water Shader/Resources/Water_mat_01.mat","Shader Graphs/WaterShader",2000,True,""
"Assets/IgniteCoders/Simple Water Shader/Resources/Water_mat_02.mat","Shader Graphs/WaterShader",2000,True,""
"Assets/IgniteCoders/Simple Water Shader/Resources/Water_mat_03.mat","Shader Graphs/WaterShader",2000,True,""
"Assets/IgniteCoders/Simple Water Shader/Resources/WaterShader.shadergraph","Shader Graphs/WaterShader",2000,False,""
"Assets/LowPolyLivingRoomPack/Materials/M_LowPolyLivingRoom.mat","Universal Render Pipeline/Lit",2000,False,"Assets/LowPolyLivingRoomPack/Textures/T_Palette_LivingRoom.png"
"Assets/LowPolyLivingRoomPack/ScenesDemo/M_LowPolyLivingRoom_Floor.mat","Universal Render Pipeline/Lit",2000,False,""
"Assets/My_Custom/cake_display.glb","UnityGLTF/PBRGraph",3000,False,""
"Assets/My_Custom/dishwasher.glb","UnityGLTF/PBRGraph",2000,False,"Assets/BCAT_GLB_TextureRemediation/dishwasher/Texture_0 _00.png"
"Assets/My_Custom/FrontDoorRug.mat","Universal Render Pipeline/Lit",2000,False,"Assets/My_Custom/txtrs/99_jaquard fabric texture-seamless.jpg"
"Assets/My_Custom/japanese_red_bridge.glb","UnityGLTF/PBRGraph",2000,False,"Assets/My_Custom/japanese_red_bridge.glb"
"Assets/My_Custom/modern_scandinavian_kitchen_island.glb","UnityGLTF/PBRGraph",2000,False,"Assets/My_Custom/modern_scandinavian_kitchen_island.glb"
"Assets/My_Custom/morten-s.glb","UnityGLTF/PBRGraph",2000,False,""
"Assets/My_Custom/mtrls/Blue_Wall.mat","Universal Render Pipeline/Lit",2000,True,"Assets/My_Custom/txtrs/122_fine plaster painted wall texture-seamless.jpg"
"Assets/My_Custom/mtrls/HallWood 1.mat","Universal Render Pipeline/Lit",2000,True,"Assets/My_Custom/txtrs/221_siding wood texture-seamless.jpg"
"Assets/My_Custom/mtrls/HallWood 2.mat","Universal Render Pipeline/Lit",2000,True,"Assets/My_Custom/txtrs/221_siding wood texture-seamless.jpg"
"Assets/My_Custom/mtrls/HallWood 3.mat","Universal Render Pipeline/Lit",2000,True,"Assets/My_Custom/txtrs/221_siding wood texture-seamless.jpg"
"Assets/My_Custom/mtrls/HallWood 4.mat","Universal Render Pipeline/Lit",2000,True,"Assets/My_Custom/txtrs/221_siding wood texture-seamless.jpg"
"Assets/My_Custom/mtrls/Mint_wall_plaster.mat","Universal Render Pipeline/Lit",2000,True,"Assets/My_Custom/txtrs/67_sponged venetian plaster texture-seamless.jpg"
"Assets/My_Custom/mtrls/OldPathway.mat","Universal Render Pipeline/Lit",2000,False,"Assets/My_Custom/txtrs/PavingStones119_1K-PNG_Color.png"
"Assets/My_Custom/mtrls/OldStairway.mat","Universal Render Pipeline/Lit",2000,True,"Assets/My_Custom/txtrs/PavingStones119_1K-PNG_Color.png"
"Assets/My_Custom/mtrls/OldStone.mat","Universal Render Pipeline/Lit",2000,True,"Assets/My_Custom/txtrs/PavingStones049_1K-PNG_Color.png"
"Assets/My_Custom/mtrls/RawWood.mat","Universal Render Pipeline/Lit",2000,True,"Assets/My_Custom/txtrs/Wood004_1K-PNG_Color.png"
"Assets/My_Custom/mtrls/Wall_Floral.mat","Universal Render Pipeline/Lit",2000,False,"Assets/My_Custom/txtrs/84_floral wallpaper texture-seamless.jpg"
"Assets/My_Custom/mtrls/YellowWall.mat","Universal Render Pipeline/Lit",2000,True,"Assets/My_Custom/txtrs/27_reinassance plaster texture seamless.jpg"
"Assets/My_Custom/SecurityCamera_LowPoly.fbx","Universal Render Pipeline/Lit",2000,False,""
"Assets/My_Custom/zedah_prevalent_52_inch_luxury_fan.glb","UnityGLTF/PBRGraph",2000,False,""
"Assets/Pandazole_Ultimate_Pack/Pandazole Farm Ranch Pack/Materials/PandaMat.mat","Universal Render Pipeline/Lit",2000,False,"Assets/Pandazole_Ultimate_Pack/Pandazole Farm Ranch Pack/Textures/PandaMat.png"
"Assets/picture-frame/source/pictureframe.fbx","Universal Render Pipeline/Lit",2000,False,"Assets/picture-frame/textures/pictureframe.png"
"Assets/RealBlend/Art/Shaders/RealBlend5WayBlendHDRP.shadergraph","Shader Graphs/RealBlend5WayBlendHDRP",2000,False,""
"Assets/RealBlend/Art/Shaders/RealBlendVariationHDRP.shadergraph","Shader Graphs/RealBlendVariationHDRP",2000,False,""
"Assets/RealBlend/Art/Shaders/RealBlendVariationHDRP_ExperimentalSPOM.shadergraph","Shader Graphs/RealBlendVariationHDRP_ExperimentalSPOM",2000,False,""
"Assets/RealBlend/Art/Shaders/RealBlendVariationURP.shadergraph","Shader Graphs/RealBlendVariationURP",2000,False,""
"Assets/Samples/XR Interaction Toolkit/3.3.1/Starter Assets/DemoSceneAssets/Materials/Lit White.mat","Universal Render Pipeline/Simple Lit",2000,True,""
"Assets/Samples/XR Interaction Toolkit/3.3.1/Starter Assets/Materials/Controller_Grey.mat","Universal Render Pipeline/Lit",2000,True,""
"Assets/Samples/XR Interaction Toolkit/3.3.1/Starter Assets/Materials/Controller_White.mat","Universal Render Pipeline/Lit",2000,True,""
"Assets/Samples/XR Interaction Toolkit/3.3.1/Starter Assets/Materials/Flat Blue.mat","Unlit/Color",2000,False,""
"Assets/Samples/XR Interaction Toolkit/3.3.1/Starter Assets/Materials/FresnelHighlight.mat","Shader Graphs/Unlit_Fresnel",2000,False,""
"Assets/Samples/XR Interaction Toolkit/3.3.1/Starter Assets/Materials/Interactable.mat","Shader Graphs/Interactable",2000,True,""
"Assets/Samples/XR Interaction Toolkit/3.3.1/Starter Assets/Materials/Telport Anchor.mat","Universal Render Pipeline/Simple Lit",2000,True,""
"Assets/Samples/XR Interaction Toolkit/3.3.1/Starter Assets/Materials/UI-NoZTest.mat","UI/NoZTest",3000,False,""
"Assets/Samples/XR Interaction Toolkit/3.3.1/Starter Assets/Shaders/Interactable.shadergraph","Shader Graphs/Interactable",2000,False,""
"Assets/Samples/XR Interaction Toolkit/3.3.1/Starter Assets/Shaders/Unlit_Fresnel.shadergraph","Shader Graphs/Unlit_Fresnel",3000,False,""
"Assets/Shaded Spectrum/Cozy Interiors Demo Pack/Materials/Gingham Kitchen Linen.mat","Universal Render Pipeline/Lit",2000,True,"Assets/Shaded Spectrum/Cozy Interiors Demo Pack/Textures/Gingham Kitchen Linen/GinghamKitchenLinenAlbedo.png"
"Assets/Shaded Spectrum/Cozy Interiors Demo Pack/Materials/Painted Beech Wall Boards.mat","Universal Render Pipeline/Lit",2000,True,"Assets/Shaded Spectrum/Cozy Interiors Demo Pack/Textures/Painted Beech Wall Boards/PaintedBeechWallBoardsAlbedo.png"
"Assets/SimpleNaturePack/Materials/SimpleNaturePack_BG.mat","Universal Render Pipeline/Lit",2000,False,""
"Assets/SimpleNaturePack/Materials/SimpleNaturePack_Texture_01.mat","Universal Render Pipeline/Lit",2000,False,"Assets/SimpleNaturePack/Textures/NaturePackLite_Texture_01.png"
"Assets/StarterAssets/Environment/Art/Materials/GreyBlue_Mat.mat","Universal Render Pipeline/Lit",2000,True,""
"Assets/StarterAssets/Environment/Art/Skybox/SkyboxLite.mat","Skybox/Procedural",1000,False,""
"Assets/SubstanceAssets/LittleGamesPack/Materials/GamePieces.mat","Universal Render Pipeline/Lit",2000,False,"Assets/SubstanceAssets/LittleGamesPack/Textures/GamePieces/GamePieces_Base_color.png"
"Assets/SubstanceAssets/LittleGamesPack/Models/Dominos/Domino_0-0.fbx","Universal Render Pipeline/Lit",2000,False,""
"Assets/SubstanceAssets/LittleGamesPack/Models/Dominos/Domino_0-1.fbx","Universal Render Pipeline/Lit",2000,False,""
"Assets/SubstanceAssets/LittleGamesPack/Models/Dominos/Domino_0-3.fbx","Universal Render Pipeline/Lit",2000,False,""
"Assets/SubstanceAssets/LittleGamesPack/Models/Dominos/Domino_0-5.fbx","Universal Render Pipeline/Lit",2000,False,""
"Assets/SubstanceAssets/LittleGamesPack/Models/Dominos/Domino_1-2.fbx","Universal Render Pipeline/Lit",2000,False,""
"Assets/SubstanceAssets/LittleGamesPack/Models/Dominos/Domino_1-4.fbx","Universal Render Pipeline/Lit",2000,False,""
"Assets/SubstanceAssets/LittleGamesPack/Models/Dominos/Domino_1-6.fbx","Universal Render Pipeline/Lit",2000,False,""
"Assets/SubstanceAssets/LittleGamesPack/Models/Dominos/Domino_2-3.fbx","Universal Render Pipeline/Lit",2000,False,""
"Assets/SubstanceAssets/LittleGamesPack/Models/Dominos/Domino_2-4.fbx","Universal Render Pipeline/Lit",2000,False,""
"Assets/SubstanceAssets/LittleGamesPack/Models/Dominos/Domino_2-5.fbx","Universal Render Pipeline/Lit",2000,False,""
"Assets/SubstanceAssets/LittleGamesPack/Models/Dominos/Domino_3-3.fbx","Universal Render Pipeline/Lit",2000,False,""
"Assets/SubstanceAssets/LittleGamesPack/Models/Dominos/Domino_3-5.fbx","Universal Render Pipeline/Lit",2000,False,""
"Assets/SubstanceAssets/LittleGamesPack/Models/Dominos/Domino_4-5.fbx","Universal Render Pipeline/Lit",2000,False,""
"Assets/SubstanceAssets/LittleGamesPack/Models/Dominos/Domino_4-6.fbx","Universal Render Pipeline/Lit",2000,False,""
"Assets/SubstanceAssets/LittleGamesPack/Models/Dominos/Domino_5-5.fbx","Universal Render Pipeline/Lit",2000,False,""
"Assets/SubstanceAssets/LittleGamesPack/Models/Dominos/Domino_6-6.fbx","Universal Render Pipeline/Lit",2000,False,""
"Assets/TerrainSampleAssets/Materials/Grass.asset","Shader Graphs/TerrainGrass",2450,True,""
"Assets/TerrainSampleAssets/Materials/Grass_C.asset","Shader Graphs/TerrainGrass",2450,True,""
"Assets/TerrainSampleAssets/Materials/GrassDry.asset","Shader Graphs/TerrainGrass",2450,True,""
"Assets/TerrainSampleAssets/ShaderGraphs/TerrainGrass.shadergraph","Shader Graphs/TerrainGrass",2450,False,""
"Assets/TextMesh Pro/Fonts/LiberationSans.ttf","GUI/Text Shader",3000,False,"Assets/TextMesh Pro/Fonts/LiberationSans.ttf"
"Assets/TextMesh Pro/Resources/Fonts & Materials/LiberationSans SDF - Drop Shadow.mat","TextMeshPro/Mobile/Distance Field",3000,False,"Assets/TextMesh Pro/Resources/Fonts & Materials/LiberationSans SDF.asset"
"Assets/TextMesh Pro/Resources/Fonts & Materials/LiberationSans SDF - Fallback.asset","TextMeshPro/Mobile/Distance Field",3000,False,"Assets/TextMesh Pro/Resources/Fonts & Materials/LiberationSans SDF - Fallback.asset"
"Assets/TextMesh Pro/Resources/Fonts & Materials/LiberationSans SDF - Outline.mat","TextMeshPro/Mobile/Distance Field",3000,False,"Assets/TextMesh Pro/Resources/Fonts & Materials/LiberationSans SDF.asset"
"Assets/TextMesh Pro/Resources/Fonts & Materials/LiberationSans SDF.asset","TextMeshPro/Mobile/Distance Field",3000,False,"Assets/TextMesh Pro/Resources/Fonts & Materials/LiberationSans SDF.asset"
"Assets/TextMesh Pro/Shaders/TMP_SDF-HDRP LIT.shadergraph","TextMeshPro/SRP/TMP_SDF-HDRP LIT",2000,False,"Assets/TextMesh Pro/Resources/Fonts & Materials/LiberationSans SDF.asset"
"Assets/TextMesh Pro/Shaders/TMP_SDF-HDRP UNLIT.shadergraph","TextMeshPro/SRP/TMP_SDF-HDRP UNLIT",2000,False,"Assets/TextMesh Pro/Resources/Fonts & Materials/LiberationSans SDF.asset"
"Assets/TextMesh Pro/Shaders/TMP_SDF-URP Lit.shadergraph","TextMeshPro/SRP/TMP_SDF-URP Lit",2000,False,"Assets/TextMesh Pro/Resources/Fonts & Materials/LiberationSans SDF.asset"
"Assets/TextMesh Pro/Shaders/TMP_SDF-URP Unlit.shadergraph","TextMeshPro/SRP/TMP_SDF-URP Unlit",2000,False,"Assets/TextMesh Pro/Resources/Fonts & Materials/LiberationSans SDF.asset"
"Assets/UnityTechnologies/Basic Asset Pack Interior/Materials/Cream.mat","Universal Render Pipeline/Lit",2000,False,""
"Assets/UnityTechnologies/Basic Asset Pack Interior/Materials/Glass.mat","Universal Render Pipeline/Lit",3000,False,""
"Assets/UnityTechnologies/Basic Asset Pack Interior/Materials/PatternSpotBlue.mat","Universal Render Pipeline/Lit",2000,False,"Assets/UnityTechnologies/Basic Asset Pack Interior/Textures/SpotsGreenBlue.jpg"
"Assets/UnityTechnologies/Basic Asset Pack Interior/Materials/PatternSpotGreenBig.mat","Universal Render Pipeline/Lit",2000,True,"Assets/UnityTechnologies/Basic Asset Pack Interior/Textures/SpotsGreenLime.jpg"
"Assets/UnityTechnologies/Basic Asset Pack Interior/Materials/PatternSpotGreenBlue.mat","Universal Render Pipeline/Lit",2000,False,"Assets/UnityTechnologies/Basic Asset Pack Interior/Textures/SpotsGreen.jpg"
"Assets/UnityTechnologies/Basic Asset Pack Interior/Materials/SmallProps.mat","Universal Render Pipeline/Lit",2000,True,"Assets/UnityTechnologies/Basic Asset Pack Interior/Textures/SmallProps.jpg"
"Assets/UnityTechnologies/Basic Asset Pack Interior/Materials/SmallProps_Light.mat","Universal Render Pipeline/Lit",2000,True,"Assets/UnityTechnologies/Basic Asset Pack Interior/Textures/SmallProps.jpg"
"Assets/UnityTechnologies/Basic Asset Pack Interior/Materials/TrimSheetGreenPurple.mat","Universal Render Pipeline/Lit",2000,True,"Assets/UnityTechnologies/Basic Asset Pack Interior/Textures/TrimSheet_GreenPurple.jpg"
"Assets/UnityTechnologies/Basic Asset Pack Interior/Materials/WallGreen.mat","Universal Render Pipeline/Lit",2000,True,"Assets/UnityTechnologies/Basic Asset Pack Interior/Textures/WallGreenLight.jpg"
"Packages/com.unity.cinemachine/Runtime/Debug/CinemachineRuntimeTheme.tss","GUI/Text Shader",3000,False,"Packages/com.unity.cinemachine/Runtime/Debug/CinemachineRuntimeTheme.tss"
"Packages/com.unity.render-pipelines.high-definition/Editor/RenderPipeline/CustomPass/CustomPassFullScreenShader.shadergraph","Hidden/HDRP/CustomPassFullScreenShader",2000,False,""
"Packages/com.unity.render-pipelines.high-definition/Editor/RenderPipelineResources/Material/GUITextureBlit2SRGB.mat","Hidden/GUITextureBlit2SRGB",2000,False,""
"Packages/com.unity.render-pipelines.high-definition/Editor/SceneTemplates/Materials/Black.mat","HDRP/Lit",2225,False,""
"Packages/com.unity.render-pipelines.high-definition/Editor/SceneTemplates/Materials/Emissive.mat","HDRP/Unlit",2000,False,""
"Packages/com.unity.render-pipelines.high-definition/Editor/SceneTemplates/Materials/Gold.mat","HDRP/Lit",2225,False,""
"Packages/com.unity.render-pipelines.high-definition/Editor/SceneTemplates/Materials/Ground.mat","HDRP/Lit",2225,False,""
"Packages/com.unity.render-pipelines.high-definition/Editor/SceneTemplates/Materials/Metal_Black.mat","HDRP/Lit",2225,False,""
"Packages/com.unity.render-pipelines.high-definition/Editor/SceneTemplates/Materials/White.mat","HDRP/Lit",2225,False,""
"Packages/com.unity.render-pipelines.high-definition/Runtime/Compositor/ShaderGraphs/DefaultCompositionGraph.shadergraph","Shader Graphs/DefaultCompositionGraph",2000,False,""
"Packages/com.unity.render-pipelines.high-definition/Runtime/Material/Arnold/ArnoldStandardSurface.ShaderGraph","HDRP/ArnoldStandardSurface/ArnoldStandardSurface",2000,False,""
"Packages/com.unity.render-pipelines.high-definition/Runtime/Material/Nature/SpeedTree8.shadergraph","HDRP/Nature/SpeedTree8",2000,False,""
"Packages/com.unity.render-pipelines.high-definition/Runtime/Material/Nature/SpeedTree9_HDRP.shadergraph","HDRP/Nature/SpeedTree9_HDRP",2000,False,""
"Packages/com.unity.render-pipelines.high-definition/Runtime/Material/PhysicalMaterial3DsMax/PhysicalMaterial3DsMax.ShaderGraph","HDRP/3DSMaxPhysicalMaterial/PhysicalMaterial3DsMax",2000,False,""
"Packages/com.unity.render-pipelines.high-definition/Runtime/RenderPipelineResources/Material/AreaLightCookieViewer.mat","HDRP/Unlit",2000,False,""
"Packages/com.unity.render-pipelines.high-definition/Runtime/RenderPipelineResources/Material/AreaLightViewer.mat","HDRP/Unlit",2000,False,""
"Packages/com.unity.render-pipelines.high-definition/Runtime/RenderPipelineResources/Material/DefaultHDDecalMaterial.mat","HDRP/Decal",2000,True,""
"Packages/com.unity.render-pipelines.high-definition/Runtime/RenderPipelineResources/Material/DefaultHDMaterial.mat","HDRP/Lit",2225,False,""
"Packages/com.unity.render-pipelines.high-definition/Runtime/RenderPipelineResources/Material/DefaultHDMirrorMaterial.mat","HDRP/Lit",2225,False,""
"Packages/com.unity.render-pipelines.high-definition/Runtime/RenderPipelineResources/Material/DefaultHDParticleMaterial.mat","HDRP/Unlit",3000,False,"Resources/unity_builtin_extra"
"Packages/com.unity.render-pipelines.high-definition/Runtime/RenderPipelineResources/Material/DefaultHDTerrainMaterial.mat","HDRP/TerrainLit",2225,True,""
"Packages/com.unity.render-pipelines.high-definition/Runtime/RenderPipelineResources/Material/DefaultWaterMaterial.mat","HDRP/Water/Water",2000,True,""
"Packages/com.unity.render-pipelines.high-definition/Runtime/RenderPipelineResources/Material/MaterialBall1.mat","HDRP/Lit",2225,False,""
"Packages/com.unity.render-pipelines.high-definition/Runtime/RenderPipelineResources/Material/MaterialBall12.mat","HDRP/Lit",2225,False,""
"Packages/com.unity.render-pipelines.high-definition/Runtime/RenderPipelineResources/Material/MaterialWaterExclusion.mat","Hidden/HDRP/WaterExclusion",2000,False,""
"Packages/com.unity.render-pipelines.high-definition/Runtime/RenderPipelineResources/Mesh/Cylinder.fbx","Universal Render Pipeline/Lit",2000,False,""
"Packages/com.unity.render-pipelines.high-definition/Runtime/RenderPipelineResources/Mesh/Disc.fbx","Universal Render Pipeline/Lit",2000,False,""
"Packages/com.unity.render-pipelines.high-definition/Runtime/RenderPipelineResources/Mesh/HumanEyeModel.fbx","Universal Render Pipeline/Lit",2000,False,""
"Packages/com.unity.render-pipelines.high-definition/Runtime/RenderPipelineResources/Mesh/Quad.fbx","Universal Render Pipeline/Lit",2000,False,""
"Packages/com.unity.render-pipelines.high-definition/Runtime/RenderPipelineResources/Mesh/Sphere.fbx","Universal Render Pipeline/Lit",2000,False,""
"Packages/com.unity.render-pipelines.high-definition/Runtime/RenderPipelineResources/ShaderGraph/AutodeskInteractive.ShaderGraph","HDRP/Autodesk Interactive/AutodeskInteractive",2000,False,""
"Packages/com.unity.render-pipelines.high-definition/Runtime/RenderPipelineResources/ShaderGraph/AutodeskInteractiveMasked.ShaderGraph","HDRP/Autodesk Interactive/AutodeskInteractiveMasked",2000,False,""
"Packages/com.unity.render-pipelines.high-definition/Runtime/RenderPipelineResources/ShaderGraph/AutodeskInteractiveTransparent.ShaderGraph","HDRP/Autodesk Interactive/AutodeskInteractiveTransparent",2000,False,""
"Packages/com.unity.render-pipelines.high-definition/Runtime/RenderPipelineResources/ShaderGraph/DefaultFogVolume.shadergraph","HDRP/DefaultFogVolume",2000,False,""
"Packages/com.unity.render-pipelines.high-definition/Runtime/RenderPipelineResources/ShaderGraph/Eye.shadergraph","HDRP/Eye",2000,False,""
"Packages/com.unity.render-pipelines.high-definition/Runtime/RenderPipelineResources/ShaderGraph/Fabric CottonWool.ShaderGraph","HDRP/Fabric/Fabric CottonWool",2000,False,""
"Packages/com.unity.render-pipelines.high-definition/Runtime/RenderPipelineResources/ShaderGraph/Fabric Silk.ShaderGraph","HDRP/Fabric/Fabric Silk",2000,False,""
"Packages/com.unity.render-pipelines.high-definition/Runtime/RenderPipelineResources/ShaderGraph/Fullscreen Basic HDRP.shadergraph","Hidden/HDRP/Fullscreen Basic HDRP",2000,False,""
"Packages/com.unity.render-pipelines.high-definition/Runtime/RenderPipelineResources/ShaderGraph/Hair Approximate.shadergraph","HDRP/Hair Approximate",2000,False,""
"Packages/com.unity.render-pipelines.high-definition/Runtime/RenderPipelineResources/ShaderGraph/Hair Physical.shadergraph","HDRP/Hair Physical",2000,False,""
"Packages/com.unity.render-pipelines.high-definition/Runtime/RenderPipelineResources/ShaderGraph/Hair.shadergraph","HDRP/Hair",2000,False,""
"Packages/com.unity.render-pipelines.high-definition/Runtime/RenderPipelineResources/ShaderGraph/HDRP Lit.shadergraph","Hidden/HDRP/HDRP Lit",2000,False,""
"Packages/com.unity.render-pipelines.high-definition/Runtime/RenderPipelineResources/ShaderGraph/PhysicallyBasedSky.shadergraph","HDRP/PhysicallyBasedSky",2000,False,""
"Packages/com.unity.render-pipelines.high-definition/Runtime/RenderPipelineResources/ShaderGraph/Skin.shadergraph","Hidden/HDRP/Skin",2000,False,""
"Packages/com.unity.render-pipelines.high-definition/Runtime/RenderPipelineResources/ShaderGraph/StackLit.shadergraph","Hidden/HDRP/StackLit",2000,False,""
"Packages/com.unity.render-pipelines.high-definition/Runtime/RenderPipelineResources/ShaderGraph/Terrain Standard 4 Layers.shadergraph","Hidden/Terrain/Terrain Standard 4 Layers",2000,False,""
"Packages/com.unity.render-pipelines.high-definition/Runtime/RenderPipelineResources/ShaderGraph/Terrain Standard 8 Layers.shadergraph","Hidden/Terrain/Terrain Standard 8 Layers",2000,False,""
"Packages/com.unity.render-pipelines.high-definition/Runtime/RenderPipelineResources/ShaderGraph/Water Decal Sample.shadergraph","HDRP/Water/Water Decal Sample",2000,False,""
"Packages/com.unity.render-pipelines.high-definition/Runtime/RenderPipelineResources/ShaderGraph/Water Decal.shadergraph","HDRP/Water/Water Decal",2000,False,""
"Packages/com.unity.render-pipelines.high-definition/Runtime/RenderPipelineResources/ShaderGraph/Water.shadergraph","HDRP/Water/Water",2000,False,""
"Packages/com.unity.render-pipelines.high-definition/Runtime/ShaderLibrary/SolidColor.shadergraph","Shader Graphs/SolidColor",2000,False,""
"Packages/com.unity.render-pipelines.high-definition/Runtime/Tools/ColorChecker/ColorCheckerMaterial.mat","Hidden/ColorCheckerShader",2225,False,""
"Packages/com.unity.render-pipelines.high-definition/Runtime/Tools/ColorChecker/ColorCheckerShader.shadergraph","Hidden/ColorCheckerShader",2000,False,""
"Packages/com.unity.probuilder/Content/Material/Checker.mat","ProBuilder6/Standard Vertex Color",2000,False,"Packages/com.unity.probuilder/Content/Material/Textures/Checker.png"
"Packages/com.unity.probuilder/Content/Resources/Materials/Collider.mat","Legacy Shaders/Particles/Alpha Blended",3000,False,"Packages/com.unity.probuilder/Content/Material/Textures/GridBox_Collider.png"
"Packages/com.unity.probuilder/Content/Resources/Materials/EdgePicker.mat","Hidden/ProBuilder/EdgePicker",2000,False,""
"Packages/com.unity.probuilder/Content/Resources/Materials/FacePicker.mat","Hidden/ProBuilder/FacePicker",2000,False,""
"Packages/com.unity.probuilder/Content/Resources/Materials/InvisibleFace.mat","Hidden/ProBuilder/HideVertices",2000,False,""
"Packages/com.unity.probuilder/Content/Resources/Materials/NoDraw.mat","Unlit/Texture",2000,False,"Packages/com.unity.probuilder/Content/Material/Textures/GridBox_NoDraw.png"
"Packages/com.unity.probuilder/Content/Resources/Materials/ProBuilderDefault.mat","ProBuilder6/Standard Vertex Color",2000,False,"Packages/com.unity.probuilder/Content/Resources/Textures/GridBox_Default.png"
"Packages/com.unity.probuilder/Content/Resources/Materials/Trigger.mat","Legacy Shaders/Particles/Alpha Blended",3000,False,"Packages/com.unity.probuilder/Content/Material/Textures/GridBox_Trigger.png"
"Packages/com.unity.probuilder/Content/Resources/Materials/VertexPicker.mat","Hidden/ProBuilder/VertexPicker",2000,False,""
"Packages/com.unity.probuilder/Content/Shader/Standard Vertex Color.shadergraph","ProBuilder6/Standard Vertex Color",2000,False,"Packages/com.unity.probuilder/Content/Resources/Textures/GridBox_Default.png"
"Packages/com.unity.render-pipelines.core/Runtime/Debugging/Prefabs/Fonts/PerfectDOSVGA437.ttf","GUI/Text Shader",3000,False,"Packages/com.unity.render-pipelines.core/Runtime/Debugging/Prefabs/Fonts/PerfectDOSVGA437.ttf"
"Packages/com.unity.render-pipelines.core/Runtime/RenderPipelineResources/Mesh/SamplesFixture.fbx","Universal Render Pipeline/Lit",2000,False,""
"Packages/com.unity.render-pipelines.core/Runtime/RenderPipelineResources/Mesh/SamplesFloorSpotlight.fbx","Universal Render Pipeline/Lit",2000,False,""
"Packages/com.unity.searcher/Editor/Resources/FlatSkin/Font/Roboto-Black.ttf","GUI/Text Shader",3000,False,"Packages/com.unity.searcher/Editor/Resources/FlatSkin/Font/Roboto-Black.ttf"
"Packages/com.unity.searcher/Editor/Resources/FlatSkin/Font/Roboto-BlackItalic.ttf","GUI/Text Shader",3000,False,"Packages/com.unity.searcher/Editor/Resources/FlatSkin/Font/Roboto-BlackItalic.ttf"
"Packages/com.unity.searcher/Editor/Resources/FlatSkin/Font/Roboto-Bold.ttf","GUI/Text Shader",3000,False,"Packages/com.unity.searcher/Editor/Resources/FlatSkin/Font/Roboto-Bold.ttf"
"Packages/com.unity.searcher/Editor/Resources/FlatSkin/Font/Roboto-BoldItalic.ttf","GUI/Text Shader",3000,False,"Packages/com.unity.searcher/Editor/Resources/FlatSkin/Font/Roboto-BoldItalic.ttf"
"Packages/com.unity.searcher/Editor/Resources/FlatSkin/Font/Roboto-Italic.ttf","GUI/Text Shader",3000,False,"Packages/com.unity.searcher/Editor/Resources/FlatSkin/Font/Roboto-Italic.ttf"
"Packages/com.unity.searcher/Editor/Resources/FlatSkin/Font/Roboto-Light.ttf","GUI/Text Shader",3000,False,"Packages/com.unity.searcher/Editor/Resources/FlatSkin/Font/Roboto-Light.ttf"
"Packages/com.unity.searcher/Editor/Resources/FlatSkin/Font/Roboto-LightItalic.ttf","GUI/Text Shader",3000,False,"Packages/com.unity.searcher/Editor/Resources/FlatSkin/Font/Roboto-LightItalic.ttf"
"Packages/com.unity.searcher/Editor/Resources/FlatSkin/Font/Roboto-Medium.ttf","GUI/Text Shader",3000,False,"Packages/com.unity.searcher/Editor/Resources/FlatSkin/Font/Roboto-Medium.ttf"
"Packages/com.unity.searcher/Editor/Resources/FlatSkin/Font/Roboto-MediumItalic.ttf","GUI/Text Shader",3000,False,"Packages/com.unity.searcher/Editor/Resources/FlatSkin/Font/Roboto-MediumItalic.ttf"
"Packages/com.unity.searcher/Editor/Resources/FlatSkin/Font/Roboto-Regular.ttf","GUI/Text Shader",3000,False,"Packages/com.unity.searcher/Editor/Resources/FlatSkin/Font/Roboto-Regular.ttf"
"Packages/com.unity.searcher/Editor/Resources/FlatSkin/Font/Roboto-Thin.ttf","GUI/Text Shader",3000,False,"Packages/com.unity.searcher/Editor/Resources/FlatSkin/Font/Roboto-Thin.ttf"
"Packages/com.unity.searcher/Editor/Resources/FlatSkin/Font/Roboto-ThinItalic.ttf","GUI/Text Shader",3000,False,"Packages/com.unity.searcher/Editor/Resources/FlatSkin/Font/Roboto-ThinItalic.ttf"
"Packages/com.unity.shadergraph/GraphTemplates/BuiltIn/BuiltIn Lit Basic.shadergraph","Hidden/Shader Graphs/BuiltIn Lit Basic",2000,False,""
"Packages/com.unity.shadergraph/GraphTemplates/BuiltIn/BuiltIn Unlit Basic.shadergraph","Hidden/Shader Graphs/BuiltIn Unlit Basic",2000,False,""
"Packages/com.unity.shadergraph/GraphTemplates/Cross Pipeline/0_Decal Simple.shadergraph","Hidden/Decal/0_Decal Simple",2000,False,""
"Packages/com.unity.shadergraph/GraphTemplates/Cross Pipeline/0_Lit Basic.shadergraph","Hidden/Lit/0_Lit Basic",2000,False,""
"Packages/com.unity.shadergraph/GraphTemplates/Cross Pipeline/0_Particle Unlit.shadergraph","Hidden/Shader Graphs/Particles/0_Particle Unlit",2000,False,""
"Packages/com.unity.shadergraph/GraphTemplates/Cross Pipeline/1_Decal Material Volume.shadergraph","Hidden/Decal/1_Decal Material Volume",2000,False,""
"Packages/com.unity.shadergraph/GraphTemplates/Cross Pipeline/1_Lit Full.shadergraph","Hidden/Lit/1_Lit Full",2000,False,""
"Packages/com.unity.shadergraph/GraphTemplates/Cross Pipeline/2_Particle Lit.shadergraph","Hidden/Shader Graphs/Particles/2_Particle Lit",2000,False,""
"Packages/com.unity.shadergraph/GraphTemplates/Cross Pipeline/Terrain Simple.shadergraph","Hidden/Terrain/Terrain Simple",2000,False,""
"Packages/com.unity.shadergraph/GraphTemplates/Cross Pipeline/UGUI Canvas Basic.shadergraph","Hidden/UGUI Canvas/UGUI Canvas Basic",3000,False,""
"Packages/com.unity.shadergraph/GraphTemplates/Cross Pipeline/UGUI Canvas Meter.shadergraph","Hidden/UGUI Canvas/UGUI Canvas Meter",3000,False,""
"Packages/com.unity.shadergraph/GraphTemplates/Cross Pipeline/Unlit Simple.shadergraph","Hidden/Unlit/Unlit Simple",2000,False,""
"Packages/com.unity.shadergraph/GraphTemplates/Custom Render Texture.shadergraph","Hidden/Shader Graphs/Custom Render Texture",2000,False,""
"Packages/com.unity.collab-proxy/Editor/Assets/Fonts/Cascadia.ttf","GUI/Text Shader",3000,False,"Packages/com.unity.collab-proxy/Editor/Assets/Fonts/Cascadia.ttf"
"Packages/org.khronos.unitygltf/Runtime/Resources/Standard (Specular setup).mat","Standard (Specular setup)",2000,False,""
"Packages/org.khronos.unitygltf/Runtime/Scripts/Plugins/Experimental/Invisible.mat","Universal Render Pipeline/Lit",2450,False,""
"Packages/org.khronos.unitygltf/Runtime/Shaders/ShaderGraph/2020-Legacy/PBRGraph-Double.override-graph","Hidden/UnityGLTF/PBRGraph-Double",2000,False,""
"Packages/org.khronos.unitygltf/Runtime/Shaders/ShaderGraph/2020-Legacy/PBRGraph-Transparent-Double.override-graph","Hidden/UnityGLTF/PBRGraph-Transparent-Double",3000,False,""
"Packages/org.khronos.unitygltf/Runtime/Shaders/ShaderGraph/2020-Legacy/PBRGraph-Transparent.override-graph","Hidden/UnityGLTF/PBRGraph-Transparent",3000,False,""
"Packages/org.khronos.unitygltf/Runtime/Shaders/ShaderGraph/2020-Legacy/UnlitGraph-Double.override-graph","Hidden/UnityGLTF/UnlitGraph-Double",2450,False,""
"Packages/org.khronos.unitygltf/Runtime/Shaders/ShaderGraph/2020-Legacy/UnlitGraph-Transparent-Double.override-graph","Hidden/UnityGLTF/UnlitGraph-Transparent-Double",3000,False,""
"Packages/org.khronos.unitygltf/Runtime/Shaders/ShaderGraph/2020-Legacy/UnlitGraph-Transparent.override-graph","Hidden/UnityGLTF/UnlitGraph-Transparent",3000,False,""
"Packages/org.khronos.unitygltf/Runtime/Shaders/ShaderGraph/PBRGraph.shadergraph","UnityGLTF/PBRGraph",2000,False,""
"Packages/org.khronos.unitygltf/Runtime/Shaders/ShaderGraph/UnlitGraph.shadergraph","UnityGLTF/UnlitGraph",2450,False,""
"Packages/com.unity.render-pipelines.universal/Editor/SceneTemplates/Materials/Black.mat","Universal Render Pipeline/Lit",2000,False,""
"Packages/com.unity.render-pipelines.universal/Editor/SceneTemplates/Materials/Emissive.mat","Universal Render Pipeline/Lit",2000,False,""
"Packages/com.unity.render-pipelines.universal/Editor/SceneTemplates/Materials/Gold.mat","Universal Render Pipeline/Lit",2000,False,""
"Packages/com.unity.render-pipelines.universal/Editor/SceneTemplates/Materials/Ground.mat","Universal Render Pipeline/Lit",2000,False,""
"Packages/com.unity.render-pipelines.universal/Editor/SceneTemplates/Materials/Metal_Black.mat","Universal Render Pipeline/Lit",2000,False,""
"Packages/com.unity.render-pipelines.universal/Editor/SceneTemplates/Materials/White.mat","Universal Render Pipeline/Lit",2000,False,""
"Packages/com.unity.render-pipelines.universal/Editor/ShaderGraph/GraphTemplates/2D/0_2D Sprite Lit.shadergraph","Hidden/Shader Graphs/0_2D Sprite Lit",2000,False,""
"Packages/com.unity.render-pipelines.universal/Editor/ShaderGraph/GraphTemplates/2D/1_2D Sprite Unlit.shadergraph","Hidden/Shader Graphs/1_2D Sprite Unlit",2000,False,""
"Packages/com.unity.render-pipelines.universal/Editor/ShaderGraph/GraphTemplates/2D/2_2D Sprite Custom Lit.shadergraph","Hidden/Shader Graphs/2_2D Sprite Custom Lit",2000,False,""
"Packages/com.unity.render-pipelines.universal/Editor/ShaderGraph/GraphTemplates/Fullscreen Basic URP.shadergraph","Hidden/Shader Graphs/Fullscreen Basic URP",2000,False,""
"Packages/com.unity.render-pipelines.universal/Editor/ShaderGraph/GraphTemplates/Terrain Standard 4 Layers URP.shadergraph","Hidden/Terrain/Terrain Standard 4 Layers URP",2000,False,""
"Packages/com.unity.render-pipelines.universal/Editor/ShaderGraph/GraphTemplates/UITKBasicTemplate.shadergraph","Hidden/Shader Graphs/UITKBasicTemplate",3000,False,""
"Packages/com.unity.render-pipelines.universal/Editor/ShaderGraph/GraphTemplates/UITKFullTemplate.shadergraph","Hidden/Shader Graphs/UITKFullTemplate",3000,False,""
"Packages/com.unity.render-pipelines.universal/Runtime/Materials/ArnoldStandardSurface/ArnoldStandardSurface.shadergraph","Shader Graphs/ArnoldStandardSurface",2000,False,""
"Packages/com.unity.render-pipelines.universal/Runtime/Materials/ArnoldStandardSurface/ArnoldStandardSurfaceTransparent.shadergraph","Shader Graphs/ArnoldStandardSurfaceTransparent",2000,False,""
"Packages/com.unity.render-pipelines.universal/Runtime/Materials/Decal.mat","Shader Graphs/Decal",2000,True,""
"Packages/com.unity.render-pipelines.universal/Runtime/Materials/FullscreenInvertColors.mat","Shader Graphs/FullscreenInvertColors",2000,False,""
"Packages/com.unity.render-pipelines.universal/Runtime/Materials/Lit.mat","Universal Render Pipeline/Lit",2000,False,""
"Packages/com.unity.render-pipelines.universal/Runtime/Materials/Mesh2D-Lit-Default.mat","Universal Render Pipeline/2D/Mesh2D-Lit-Default",3000,False,""
"Packages/com.unity.render-pipelines.universal/Runtime/Materials/Mesh2D-Unlit-Default.mat","Universal Render Pipeline/2D/Mesh2D-Unlit-Default",3000,False,""
"Packages/com.unity.render-pipelines.universal/Runtime/Materials/ParticlesUnlit.mat","Universal Render Pipeline/Particles/Unlit",3000,False,"Resources/unity_builtin_extra"
"Packages/com.unity.render-pipelines.universal/Runtime/Materials/PhysicalMaterial3DsMax/PhysicalMaterial3DsMax.shadergraph","Shader Graphs/PhysicalMaterial3DsMax",2000,False,""
"Packages/com.unity.render-pipelines.universal/Runtime/Materials/PhysicalMaterial3DsMax/PhysicalMaterial3DsMaxTransparent.shadergraph","Shader Graphs/PhysicalMaterial3DsMaxTransparent",2000,False,""
"Packages/com.unity.render-pipelines.universal/Runtime/Materials/RenderAs2D-Flattening.mat","2D/RenderAs2D-Flattening",3000,False,""
"Packages/com.unity.render-pipelines.universal/Runtime/Materials/SimpleLit.mat","Universal Render Pipeline/Simple Lit",2000,False,""
"Packages/com.unity.render-pipelines.universal/Runtime/Materials/SpatialMappingOcclusion.mat","Universal Render Pipeline/VR/SpatialMapping/Occlusion",2000,False,""
"Packages/com.unity.render-pipelines.universal/Runtime/Materials/SpatialMappingWireframe.mat","Universal Render Pipeline/VR/SpatialMapping/Wireframe",2000,False,""
"Packages/com.unity.render-pipelines.universal/Runtime/Materials/Sprite-Lit-Default.mat","Universal Render Pipeline/2D/Sprite-Lit-Default",3000,False,""
"Packages/com.unity.render-pipelines.universal/Runtime/Materials/Sprite-Unlit-Default.mat","Universal Render Pipeline/2D/Sprite-Unlit-Default",3000,False,""
"Packages/com.unity.render-pipelines.universal/Runtime/Materials/SpriteMask-Default.mat","Universal Render Pipeline/2D/Sprite-Mask",3000,False,""
"Packages/com.unity.render-pipelines.universal/Runtime/Materials/TerrainLit.mat","Universal Render Pipeline/Terrain/Lit",2000,False,""
"Packages/com.unity.render-pipelines.universal/Runtime/RendererFeatures/SurfaceCacheGIRendererFeature/FallbackMaterial.mat","Hidden/SurfaceCache/Fallback",2000,False,""
"Packages/com.unity.render-pipelines.universal/Shaders/2D/VFXSpriteLit.shadergraph","VFX Graph/VFXSpriteLit",2000,False,""
"Packages/com.unity.render-pipelines.universal/Shaders/2D/VFXSpriteUnlit.shadergraph","VFX Graph/VFXSpriteUnlit",2000,False,""
"Packages/com.unity.render-pipelines.universal/Shaders/AutodeskInteractive/AutodeskInteractive.shadergraph","Universal Render Pipeline/Autodesk Interactive/AutodeskInteractive",2000,False,""
"Packages/com.unity.render-pipelines.universal/Shaders/AutodeskInteractive/AutodeskInteractiveMasked.shadergraph","Universal Render Pipeline/Autodesk Interactive/AutodeskInteractiveMasked",2000,False,""
"Packages/com.unity.render-pipelines.universal/Shaders/AutodeskInteractive/AutodeskInteractiveTransparent.shadergraph","Universal Render Pipeline/Autodesk Interactive/AutodeskInteractiveTransparent",2000,False,""
"Packages/com.unity.render-pipelines.universal/Shaders/Decal.shadergraph","Shader Graphs/Decal",2000,False,""
"Packages/com.unity.render-pipelines.universal/Shaders/FullscreenInvertColors.shadergraph","Shader Graphs/FullscreenInvertColors",2000,False,""
"Packages/com.unity.render-pipelines.universal/Shaders/Nature/SpeedTree8_PBRLit.shadergraph","Universal Render Pipeline/Nature/SpeedTree8_PBRLit",2000,False,""
"Packages/com.unity.render-pipelines.universal/Shaders/Nature/SpeedTree9_URP.shadergraph","Universal Render Pipeline/Nature/SpeedTree9_URP",2000,False,""
"Packages/com.unity.visualeffectgraph/Editor/Templates/01_Minimal_System.vfx","Hidden/VFX/01_Minimal_System/Minimal/Render Quad",3000,True,""
"Packages/com.unity.visualeffectgraph/Editor/Templates/02_Simple_Loop.vfx","Hidden/VFX/02_Simple_Loop/Simple Loop/Render Quad",3000,True,""
"Packages/com.unity.visualeffectgraph/Editor/Templates/03_Simple_Burst.vfx","Hidden/VFX/03_Simple_Burst/Simple Burst/Render Quad",3000,True,""
"Packages/com.unity.visualeffectgraph/Editor/Templates/04_Simple_Trail.vfx","Hidden/VFX/04_Simple_Trail/Ribbon/Render Strip",3000,True,""
"Packages/com.unity.visualeffectgraph/Editor/Templates/05_Head_Trail.vfx","Hidden/VFX/05_Head_Trail/Heads/Heads Quad",3000,True,""
"Packages/com.unity.visualeffectgraph/Editor/Templates/06_Firework.vfx","Hidden/VFX/06_Firework/Burst/Burst Quad",3000,True,""
"Packages/com.unity.visualeffectgraph/ShaderGraph/0_VFXGraph Unlit.shadergraph","Hidden/VFX Graph/0_VFXGraph Unlit",2000,False,""
"Packages/com.unity.visualeffectgraph/ShaderGraph/1_VFXGraph Lit.shadergraph","Hidden/VFX Graph/1_VFXGraph Lit",2000,False,""
"Packages/com.unity.visualeffectgraph/ShaderGraph/2_VFXGraph SixWay Lit.shadergraph","Hidden/VFX Graph/2_VFXGraph SixWay Lit",2000,False,""
"Packages/com.unity.visualeffectgraph/ShaderGraph/VFXDefault.shadergraph","VFX Graph/VFXDefault",2000,False,""
"Packages/com.unity.visualeffectgraph/ShaderGraph/VFXDefaultSingleMesh.shadergraph","Shader Graphs/VFXDefaultSingleMesh",2000,False,""
"Packages/com.unity.visualeffectgraph/ShaderGraph/VFXErrorFallback.shadergraph","VFX Graph/VFXErrorFallback",2000,False,""
"Packages/com.unity.connect.share/UI/MaterialIcons-Regular.ttf","GUI/Text Shader",3000,False,"Packages/com.unity.connect.share/UI/MaterialIcons-Regular.ttf"
