scene,texturePath,width,height,runtimeMemoryBytes,referencedByCount,materials
"Assets/_Recovery/0 (3).unity","Assets/BCaT_assets/BTMMP_Workstation_Assembly/camera-canon-eos-400d/textures/Camara_Low_V2_lambert3_BaseColor.png",2048,2048,11185873,1,"Assets/BCaT_assets/BTMMP_Workstation_Assembly/camera-canon-eos-400d/source/Cilindro low-bajo.fbx"
"Assets/_Recovery/0 (3).unity","Assets/BCaT_assets/BTMMP_Workstation_Assembly/metal_table_asset.glb",2048,2048,11185840,1,"Assets/BCaT_assets/BTMMP_Workstation_Assembly/metal_table_asset.glb"
"Assets/_Recovery/0 (3).unity","Assets/BCaT_assets/BTMMP_Workstation_Assembly/flowerbarrel_with_tulips.glb",2048,2048,11185840,1,"Assets/BCaT_assets/BTMMP_Workstation_Assembly/flowerbarrel_with_tulips.glb"
"Assets/_Recovery/0 (3).unity","Assets/BCaT_assets/BTMMP_Workstation_Assembly/flowerbarrel_with_tulips.glb",2048,2048,11185840,1,"Assets/BCaT_assets/BTMMP_Workstation_Assembly/flowerbarrel_with_tulips.glb"
"Assets/_Recovery/0 (3).unity","Assets/BCaT_assets/SewingRoom/bed.glb",2048,2048,11185840,1,"Assets/BCaT_assets/SewingRoom/bed.glb"
"Assets/_Recovery/0 (3).unity","Assets/BCaT_assets/SewingRoom/bed.glb",2048,2048,11185840,1,"Assets/BCaT_assets/SewingRoom/bed.glb"
"Assets/_Recovery/0 (3).unity","Assets/BCaT_assets/SewingRoom/bed.glb",2048,2048,11185840,1,"Assets/BCaT_assets/SewingRoom/bed.glb"
"Assets/_Recovery/0 (3).unity","Assets/My_Custom/dishwasher.glb",2048,2048,11185840,1,"Assets/My_Custom/dishwasher.glb"
"Assets/_Recovery/0 (3).unity","Assets/BCaT_assets/SewingRoom/old_sewing_box.glb",2048,2048,11185840,1,"Assets/BCaT_assets/SewingRoom/old_sewing_box.glb"
"Assets/_Recovery/0 (3).unity","Assets/BCaT_assets/BlackFamilyMuseumArchive/Models/chest_chair.glb",1024,1024,9787716,1,"Assets/BCaT_assets/BlackFamilyMuseumArchive/Models/chest_chair.glb"
"Assets/_Recovery/0 (3).unity","Assets/BCaT_assets/BlackFamilyMuseumArchive/Models/chest.glb",1024,1024,9787716,1,"Assets/BCaT_assets/BlackFamilyMuseumArchive/Models/chest.glb"
"Assets/_Recovery/0 (3).unity","Assets/BCaT_assets/BTMMP_Workstation_Assembly/camera-canon-eos-400d/textures/Camara_Low_V2_lambert3_Normal.png",2048,2048,5593408,1,"Assets/BCaT_assets/BTMMP_Workstation_Assembly/camera-canon-eos-400d/source/Cilindro low-bajo.fbx"
"Assets/_Recovery/0 (3).unity","Assets/BCaT_assets/BTMMP_Workstation_Assembly/spray-paint-bottle-2/textures/diffuse.jpg",2048,2048,5593408,1,"Assets/BCaT_assets/BTMMP_Workstation_Assembly/spray-paint-bottle-2/source/spray_paint_bottle_2.fbx"
"Assets/_Recovery/0 (3).unity","Assets/BCaT_assets/BTMMP_Workstation_Assembly/spray-paint-bottle-2/textures/normal.jpg",2048,2048,5593408,1,"Assets/BCaT_assets/BTMMP_Workstation_Assembly/spray-paint-bottle-2/source/spray_paint_bottle_2.fbx"
"Assets/_Recovery/0 (3).unity","Assets/My_Custom/zedah_prevalent_52_inch_luxury_fan.glb",2048,2048,5593408,1,"Assets/My_Custom/zedah_prevalent_52_inch_luxury_fan.glb"
"Assets/_Recovery/0 (3).unity","Assets/BCAT_GLB_TextureRemediation/metal_table_asset/Texture_0 _00.png",2048,2048,5593408,1,"Assets/BCaT_assets/BTMMP_Workstation_Assembly/metal_table_asset.glb"
"Assets/_Recovery/0 (3).unity","Assets/BCAT_GLB_TextureRemediation/metal_table_asset/Texture_1 _01.png",2048,2048,5593408,1,"Assets/BCaT_assets/BTMMP_Workstation_Assembly/metal_table_asset.glb"
"Assets/_Recovery/0 (3).unity","Assets/BCaT_assets/BTMMP_Workstation_Assembly/flowerbarrel_with_tulips.glb",2048,2048,5593408,1,"Assets/BCaT_assets/BTMMP_Workstation_Assembly/flowerbarrel_with_tulips.glb"
"Assets/_Recovery/0 (3).unity","Assets/BCaT_assets/BTMMP_Workstation_Assembly/flowerbarrel_with_tulips.glb",2048,2048,5593408,1,"Assets/BCaT_assets/BTMMP_Workstation_Assembly/flowerbarrel_with_tulips.glb"
"Assets/_Recovery/0 (3).unity","Assets/BCaT_assets/BTMMP_Workstation_Assembly/flowerbarrel_with_tulips.glb",2048,2048,5593408,1,"Assets/BCaT_assets/BTMMP_Workstation_Assembly/flowerbarrel_with_tulips.glb"
"Assets/_Recovery/0 (3).unity","Assets/BCaT_assets/BTMMP_Workstation_Assembly/flowerbarrel_with_tulips.glb",2048,2048,5593408,1,"Assets/BCaT_assets/BTMMP_Workstation_Assembly/flowerbarrel_with_tulips.glb"
"Assets/_Recovery/0 (3).unity","Assets/BCaT_assets/BTMMP_Workstation_Assembly/flowerbarrel_with_tulips.glb",2048,2048,5593408,1,"Assets/BCaT_assets/BTMMP_Workstation_Assembly/flowerbarrel_with_tulips.glb"
"Assets/_Recovery/0 (3).unity","Assets/BCaT_assets/BTMMP_Workstation_Assembly/flowerbarrel_with_tulips.glb",2048,2048,5593408,1,"Assets/BCaT_assets/BTMMP_Workstation_Assembly/flowerbarrel_with_tulips.glb"
"Assets/_Recovery/0 (3).unity","Assets/BCaT_assets/SewingRoom/bed.glb",2048,2048,5593408,1,"Assets/BCaT_assets/SewingRoom/bed.glb"
"Assets/_Recovery/0 (3).unity","Assets/BCaT_assets/SewingRoom/bed.glb",2048,2048,5593408,1,"Assets/BCaT_assets/SewingRoom/bed.glb"
"Assets/_Recovery/0 (3).unity","Assets/BCaT_assets/SewingRoom/bed.glb",2048,2048,5593408,1,"Assets/BCaT_assets/SewingRoom/bed.glb"
"Assets/_Recovery/0 (3).unity","Assets/BCaT_assets/SewingRoom/bed.glb",2048,2048,5593408,1,"Assets/BCaT_assets/SewingRoom/bed.glb"
"Assets/_Recovery/0 (3).unity","Assets/BCaT_assets/SewingRoom/bed.glb",2048,2048,5593408,1,"Assets/BCaT_assets/SewingRoom/bed.glb"
"Assets/_Recovery/0 (3).unity","Assets/BCaT_assets/SewingRoom/bed.glb",2048,2048,5593408,1,"Assets/BCaT_assets/SewingRoom/bed.glb"
"Assets/_Recovery/0 (3).unity","Assets/Samples/XR Interaction Toolkit/3.3.1/Starter Assets/Textures/DefaultMaterial_AO.png",2048,2048,5593408,2,"Assets/Samples/XR Interaction Toolkit/3.3.1/Starter Assets/Materials/Controller_Grey.mat;Assets/Samples/XR Interaction Toolkit/3.3.1/Starter Assets/Materials/Controller_White.mat"
"Assets/_Recovery/0 (3).unity","Assets/BCAT_GLB_TextureRemediation/dishwasher/Texture_0 _00.png",2048,2048,5593408,1,"Assets/My_Custom/dishwasher.glb"
"Assets/_Recovery/0 (3).unity","Assets/BCAT_GLB_TextureRemediation/dishwasher/Texture_1 _01.png",2048,2048,5593408,1,"Assets/My_Custom/dishwasher.glb"
"Assets/_Recovery/0 (3).unity","Assets/BCaT_assets/SewingRoom/old_sewing_box.glb",2048,2048,5593408,1,"Assets/BCaT_assets/SewingRoom/old_sewing_box.glb"
"Assets/_Recovery/0 (3).unity","Assets/BCaT_assets/SewingRoom/old_sewing_box.glb",2048,2048,5593408,1,"Assets/BCaT_assets/SewingRoom/old_sewing_box.glb"
"Assets/_Recovery/0 (3).unity","Assets/My_Custom/modern_scandinavian_kitchen_island.glb",2048,2048,5593408,1,"Assets/My_Custom/modern_scandinavian_kitchen_island.glb"
"Assets/_Recovery/0 (3).unity","Assets/My_Custom/modern_scandinavian_kitchen_island.glb",2048,2048,5593408,1,"Assets/My_Custom/modern_scandinavian_kitchen_island.glb"
"Assets/_Recovery/0 (3).unity","Assets/My_Custom/modern_scandinavian_kitchen_island.glb",2048,2048,5593408,1,"Assets/My_Custom/modern_scandinavian_kitchen_island.glb"
"Assets/_Recovery/0 (3).unity","Assets/My_Custom/modern_scandinavian_kitchen_island.glb",2048,2048,5593408,1,"Assets/My_Custom/modern_scandinavian_kitchen_island.glb"
"Assets/_Recovery/0 (3).unity","Assets/My_Custom/modern_scandinavian_kitchen_island.glb",2048,2048,5593408,1,"Assets/My_Custom/modern_scandinavian_kitchen_island.glb"
"Assets/_Recovery/0 (3).unity","Assets/My_Custom/modern_scandinavian_kitchen_island.glb",2048,2048,5593408,1,"Assets/My_Custom/modern_scandinavian_kitchen_island.glb"
"Assets/_Recovery/0 (3).unity","Assets/My_Custom/modern_scandinavian_kitchen_island.glb",2048,2048,5593408,1,"Assets/My_Custom/modern_scandinavian_kitchen_island.glb"
"Assets/_Recovery/0 (3).unity","Assets/My_Custom/modern_scandinavian_kitchen_island.glb",2048,2048,5593408,1,"Assets/My_Custom/modern_scandinavian_kitchen_island.glb"
"Assets/_Recovery/0 (3).unity","Assets/My_Custom/modern_scandinavian_kitchen_island.glb",2048,2048,5593408,1,"Assets/My_Custom/modern_scandinavian_kitchen_island.glb"
"Assets/_Recovery/0 (3).unity","Assets/My_Custom/modern_scandinavian_kitchen_island.glb",2048,2048,5593408,1,"Assets/My_Custom/modern_scandinavian_kitchen_island.glb"
"Assets/_Recovery/0 (3).unity","Assets/Furniture Mega Pack/Textures/Bathroom/AtlasTexture_BathroomCollection_BathroomCollection_MetallicSmoothness.png",1024,1024,2797302,1,"Assets/Furniture Mega Pack/Materials/Bathroom/mat_Bathroom.mat"
"Assets/_Recovery/0 (3).unity","Assets/Furniture Mega Pack/Textures/Bed/BedFrame/AtlasTexture_BedFrame_AtlasTexture_BedFrame_MetallicSmoothness.png",1024,1024,2797295,1,"Assets/Furniture Mega Pack/Materials/Bed/mat_BedFrame.mat"
"Assets/_Recovery/0 (3).unity","Assets/Furniture Mega Pack/Textures/Bathroom/AtlasTexture_BathroomCollection_BathroomCollection_Normal.png",1024,1024,2797290,2,"Assets/Furniture Mega Pack/FBX/Bathroom/BathroomVanity01.fbx;Assets/Furniture Mega Pack/Materials/Bathroom/mat_Bathroom.mat"
"Assets/_Recovery/0 (3).unity","Assets/Furniture Mega Pack/Textures/Bed/Mattress/AtlasTexture_Mattress_DefaultMaterial_MetallicSmoothness.png",1024,1024,2797289,2,"Assets/Furniture Mega Pack/Materials/Bathroom/mat_Bathroom.mat;Assets/Furniture Mega Pack/Materials/Bed/mat_Mattress.mat"
"Assets/_Recovery/0 (3).unity","Assets/Furniture Mega Pack/Textures/Bed/Blanket/AtlasTexture_Blanket_DefaultMaterial_MetallicSmoothness.png",1024,1024,2797288,1,"Assets/Furniture Mega Pack/Materials/Bed/mat_Blanket.mat"
"Assets/_Recovery/0 (3).unity","Assets/Furniture Mega Pack/Textures/Bed/BedFrame/AtlasTexture_BedFrame_AtlasTexture_BedFrame_Normal.png",1024,1024,2797283,1,"Assets/Furniture Mega Pack/Materials/Bed/mat_BedFrame.mat"
"Assets/_Recovery/0 (3).unity","Assets/DevDen Arch Viz Scotland/Textures/Balcony/balconY_tacle/balcony_table_balcony_table_2_MetallicSmoothness.png",1024,1024,2797281,1,"Assets/DevDen Arch Viz Scotland/Materials/balcony/balcony_table_2.mat"
"Assets/_Recovery/0 (3).unity","Assets/Furniture Mega Pack/Textures/Cushions/Cushion01_08/Cushion01_08_mat_Cushion01_08_MetallicSmoothness.png",1024,1024,2797281,1,"Assets/Furniture Mega Pack/Materials/Cushion/mat_Cushion01_08.mat"
"Assets/_Recovery/0 (3).unity","Assets/Furniture Mega Pack/Textures/Cushions/Cushion17_24/Cushion17_24_mat_Cushion17_24_MetallicSmoothness.png",1024,1024,2797281,1,"Assets/Furniture Mega Pack/Materials/Cushion/mat_Cushion17_24.mat"
"Assets/_Recovery/0 (3).unity","Assets/Furniture Mega Pack/Textures/Bed/Mattress/AtlasTexture_Mattress_DefaultMaterial_Normal.png",1024,1024,2797277,2,"Assets/Furniture Mega Pack/Materials/Bathroom/mat_Bathroom.mat;Assets/Furniture Mega Pack/Materials/Bed/mat_Mattress.mat"
"Assets/_Recovery/0 (3).unity","Assets/Furniture Mega Pack/Textures/Bed/Blanket/AtlasTexture_Blanket_DefaultMaterial_Normal.png",1024,1024,2797276,1,"Assets/Furniture Mega Pack/Materials/Bed/mat_Blanket.mat"
"Assets/_Recovery/0 (3).unity","Assets/DevDen Arch Viz Scotland/Textures/Study Room/study_chair/CHair2_study_chairI_Leg_MetallicSmoothness.png",1024,1024,2797275,1,"Assets/DevDen Arch Viz Scotland/Materials/Study Room/study_chairI_Leg.mat"
"Assets/_Recovery/0 (3).unity","Assets/DevDen Arch Viz Scotland/Textures/Balcony/flower_pot/flower_pot_1_plant_pot_MetallicSmoothness.png",1024,1024,2797274,1,"Assets/DevDen Arch Viz Scotland/Materials/balcony/plant_pot.mat"
"Assets/_Recovery/0 (3).unity","Assets/DevDen Arch Viz Scotland/Textures/Bed Room/bedside_table/bedside_table_bedside_MetallicSmoothness.png",1024,1024,2797273,1,"Assets/DevDen Arch Viz Scotland/Materials/Bed Room/bedroom_wood_side_table.mat"
"Assets/_Recovery/0 (3).unity","Assets/DevDen Arch Viz Scotland/Textures/Bed Room/Photo_stand/fotostand_fotostand_MetallicSmoothness.png",1024,1024,2797271,1,"Assets/DevDen Arch Viz Scotland/Materials/Bed Room/Bedroom_wood_table.mat"
"Assets/_Recovery/0 (3).unity","Assets/Furniture Mega Pack/Textures/Chairs/Chair48/Chair48_mat_Chair48_MetallicSmoothness.png",1024,1024,2797271,1,"Assets/Furniture Mega Pack/Materials/Chair/mat_Chair48.mat"
"Assets/_Recovery/0 (3).unity","Assets/DevDen Arch Viz Scotland/Textures/Balcony/flower_pot/flower_pot_1_flower_MetallicSmoothness.png",1024,1024,2797271,1,"Assets/DevDen Arch Viz Scotland/Materials/balcony/flower.mat"
"Assets/_Recovery/0 (3).unity","Assets/Furniture Mega Pack/Textures/Chairs/Chair26/Chair26_mat_Chair26_MetallicSmoothness.png",1024,1024,2797271,1,"Assets/Furniture Mega Pack/Materials/Chair/mat_Chair26.mat"
"Assets/_Recovery/0 (3).unity","Assets/Furniture Mega Pack/Textures/Chairs/Chair47/Chair47_mat_Chair47_MetallicSmoothness.png",1024,1024,2797271,1,"Assets/Furniture Mega Pack/Materials/Chair/mat_Chair47.mat"
"Assets/_Recovery/0 (3).unity","Assets/Furniture Mega Pack/Textures/Chairs/Chair37/Chair37_mat_Chair37_MetallicSmoothness.png",1024,1024,2797271,1,"Assets/Furniture Mega Pack/Materials/Chair/mat_Chair37.mat"
"Assets/_Recovery/0 (3).unity","Assets/Furniture Mega Pack/Textures/Chairs/Chair09/Chair09_mat_Chair09_MetallicSmoothness.png",1024,1024,2797271,1,"Assets/Furniture Mega Pack/Materials/Chair/mat_Chair09.mat"
"Assets/_Recovery/0 (3).unity","Assets/Furniture Mega Pack/Textures/Tables/Table38/Table38_mat_Table38_MetallicSmoothness.png",1024,1024,2797271,1,"Assets/Furniture Mega Pack/Materials/Table/mat_Table38.mat"
"Assets/_Recovery/0 (3).unity","Assets/Furniture Mega Pack/Textures/Closet/AtlasTexture_Closet_MetallicSmoothness.png",1024,1024,2797271,1,"Assets/Furniture Mega Pack/Materials/Closet/mat_Closet.mat"
"Assets/_Recovery/0 (3).unity","Assets/Furniture Mega Pack/Textures/Tables/Table06/Table06_mat_Table06_MetallicSmoothness.png",1024,1024,2797271,1,"Assets/Furniture Mega Pack/Materials/Table/mat_Table06.mat"
"Assets/_Recovery/0 (3).unity","Assets/DevDen Arch Viz Scotland/Textures/Balcony/flower_pot/flower_pot_1_wines_MetallicSmoothness.png",1024,1024,2797270,1,"Assets/DevDen Arch Viz Scotland/Materials/balcony/wines.mat"
"Assets/_Recovery/0 (3).unity","Assets/DevDen Arch Viz Scotland/Textures/Living Room/tea_table/Tea Table_teatable_MetallicSmoothness.png",1024,1024,2797270,1,"Assets/DevDen Arch Viz Scotland/Materials/Living Room/teatable.mat"
"Assets/_Recovery/0 (3).unity","Assets/DevDen Arch Viz Scotland/Textures/Common/note_pad/note_pad_note_pad_MetallicSmoothness.png",1024,1024,2797269,1,"Assets/DevDen Arch Viz Scotland/Materials/Study Room/Notepad.mat"
"Assets/_Recovery/0 (3).unity","Assets/DevDen Arch Viz Scotland/Textures/Balcony/balconY_tacle/balcony_table_balcony_table_2_Normal.png",1024,1024,2797269,1,"Assets/DevDen Arch Viz Scotland/Materials/balcony/balcony_table_2.mat"
"Assets/_Recovery/0 (3).unity","Assets/DevDen Arch Viz Scotland/Textures/Balcony/flower_pot/flower_pot_1_leaf_MetallicSmoothness.png",1024,1024,2797269,1,"Assets/DevDen Arch Viz Scotland/Materials/balcony/leaf.mat"
"Assets/_Recovery/0 (3).unity","Assets/Furniture Mega Pack/Textures/Cushions/Cushion01_08/Cushion01_08_mat_Cushion01_08_Normal.png",1024,1024,2797269,1,"Assets/Furniture Mega Pack/Materials/Cushion/mat_Cushion01_08.mat"
"Assets/_Recovery/0 (3).unity","Assets/Furniture Mega Pack/Textures/Cushions/Cushion17_24/Cushion17_24_mat_Cushion17_24_Normal.png",1024,1024,2797269,1,"Assets/Furniture Mega Pack/Materials/Cushion/mat_Cushion17_24.mat"
"Assets/_Recovery/0 (3).unity","Assets/DevDen Arch Viz Scotland/Textures/Bathroom/Tile_Bath/SubwayTile - normal (Modified).png",1024,1024,2797232,1,"Assets/HyTeKGames/SRPMaterialConverter/ConvertedMaterials/bathroom_wall_mat_1.mat"
"Assets/_Recovery/0 (3).unity","Assets/HyTeKGames/SRPMaterialConverter/ConvertedMaterials/Maps/bathroom_wall_mat_1_Metallic.png",1024,1024,2797232,1,"Assets/HyTeKGames/SRPMaterialConverter/ConvertedMaterials/bathroom_wall_mat_1.mat"
"Assets/_Recovery/0 (3).unity","Assets/Idyllic Italian Coast Town/Textures/M_pillartop_Normal.png",1024,1024,2797232,1,"Assets/Idyllic Italian Coast Town/Materials/M_pillartop.mat"
"Assets/_Recovery/0 (3).unity","Assets/Idyllic Italian Coast Town/Textures/M_pillartop_MaskMap.png",1024,1024,2797232,1,"Assets/Idyllic Italian Coast Town/Materials/M_pillartop.mat"
"Assets/_Recovery/0 (3).unity","Assets/DevDen Arch Viz Scotland/Textures/Bathroom/Bathroom_Glass/glass_glass_Normal.png",1024,1024,2797232,2,"Assets/DevDen Arch Viz Scotland/Materials/Bathroom/Bathroom_glass_1.mat;Assets/HyTeKGames/SRPMaterialConverter/ConvertedMaterials/Bathroom_glass_1.mat"
"Assets/_Recovery/0 (3).unity","Assets/Idyllic Italian Coast Town/Textures/M_wall_plaster_Normal.png",1024,1024,2797232,3,"Assets/Idyllic Italian Coast Town/Materials/M_wall_plaster.mat;Assets/Idyllic Italian Coast Town/Materials/M_wall_plaster 10.mat;Assets/Idyllic Italian Coast Town/Materials/M_wall_plaster 3.mat"
"Assets/_Recovery/0 (3).unity","Assets/Idyllic Italian Coast Town/Textures/M_attachments_stone_Normal.png",1024,1024,2797232,1,"Assets/Idyllic Italian Coast Town/Materials/M_attachments_stone.mat"
"Assets/_Recovery/0 (3).unity","Assets/Idyllic Italian Coast Town/Textures/M_attachments_stone_MaskMap.png",1024,1024,2797232,1,"Assets/Idyllic Italian Coast Town/Materials/M_attachments_stone.mat"
"Assets/_Recovery/0 (3).unity","Assets/Idyllic Italian Coast Town/Textures/M_pipes_Normal.png",1024,1024,2797232,1,"Assets/Idyllic Italian Coast Town/Materials/M_pipes.mat"
"Assets/_Recovery/0 (3).unity","Assets/Idyllic Italian Coast Town/Textures/M_pipes_MaskMap.png",1024,1024,2797232,1,"Assets/Idyllic Italian Coast Town/Materials/M_pipes.mat"
"Assets/_Recovery/0 (3).unity","Assets/Idyllic Italian Coast Town/Textures/M_rooftiles_roman_tiling_Normal.png",1024,1024,2797232,1,"Assets/Idyllic Italian Coast Town/Materials/M_rooftexture.mat"
"Assets/_Recovery/0 (3).unity","Assets/DevDen Arch Viz Scotland/Textures/Bed Room/Photo_stand/fotostand_fotostand_Normal.png",1024,1024,2797232,1,"Assets/DevDen Arch Viz Scotland/Materials/Bed Room/Bedroom_wood_table.mat"
"Assets/_Recovery/0 (3).unity","Assets/DevDen Arch Viz Scotland/Textures/Study Room/study_chair/CHair2_study_chair_seat_Normal.png",1024,1024,2797232,1,"Assets/DevDen Arch Viz Scotland/Materials/Study Room/study_chair_seat.mat"
"Assets/_Recovery/0 (3).unity","Assets/DevDen Arch Viz Scotland/Textures/Study Room/study_chair/CHair2_study_chairI_Leg_Normal.png",1024,1024,2797232,1,"Assets/DevDen Arch Viz Scotland/Materials/Study Room/study_chairI_Leg.mat"
"Assets/_Recovery/0 (3).unity","Assets/Animated Tropical Vegetation/Textures/billboards/jungle_bush_1_billboard_color.png",1024,1024,2797232,1,"Assets/Animated Tropical Vegetation/Materials/Billboards/jungle_bush_1_billboard.mat"
"Assets/_Recovery/0 (3).unity","Assets/Animated Tropical Vegetation/Textures/billboards/jungle_bush_1_billboard_normal.png",1024,1024,2797232,1,"Assets/Animated Tropical Vegetation/Materials/Billboards/jungle_bush_1_billboard.mat"
"Assets/_Recovery/0 (3).unity","Assets/Idyllic Italian Coast Town/Textures/M_doors_italian_Normal.png",1024,1024,2797232,1,"Assets/Idyllic Italian Coast Town/Materials/M_doors.mat"
"Assets/_Recovery/0 (3).unity","Assets/Idyllic Italian Coast Town/Textures/M_doors_italian_MaskMap.png",1024,1024,2797232,1,"Assets/Idyllic Italian Coast Town/Materials/M_doors.mat"
"Assets/_Recovery/0 (3).unity","Assets/Idyllic Italian Coast Town/Textures/M_flowers_base_BaseColor.png",1024,1024,2797232,1,"Assets/Idyllic Italian Coast Town/Meshes/Props/SM_flowerpot_04.fbx"
"Assets/_Recovery/0 (3).unity","Assets/DevDen Arch Viz Scotland/Textures/Common/note_pad/note_pad_note_pad_Normal.png",1024,1024,2797232,1,"Assets/DevDen Arch Viz Scotland/Materials/Study Room/Notepad.mat"
"Assets/_Recovery/0 (3).unity","Assets/Furniture Mega Pack/Textures/Chairs/Chair48/Chair48_mat_Chair48_Normal.png",1024,1024,2797232,1,"Assets/Furniture Mega Pack/Materials/Chair/mat_Chair48.mat"
"Assets/_Recovery/0 (3).unity","Assets/Idyllic Italian Coast Town/Textures/M_bricks_Normal.png",1024,1024,2797232,1,"Assets/Idyllic Italian Coast Town/Materials/M_bricks.mat"
"Assets/_Recovery/0 (3).unity","Assets/Idyllic Italian Coast Town/Textures/M_bricks_MaskMap.png",1024,1024,2797232,1,"Assets/Idyllic Italian Coast Town/Materials/M_bricks.mat"
"Assets/_Recovery/0 (3).unity","Assets/Idyllic Italian Coast Town/Textures/M_windows_italian_Normal.png",1024,1024,2797232,1,"Assets/Idyllic Italian Coast Town/Materials/M_windows.mat"
"Assets/_Recovery/0 (3).unity","Assets/Idyllic Italian Coast Town/Textures/M_windows_italian_MaskMap.png",1024,1024,2797232,1,"Assets/Idyllic Italian Coast Town/Materials/M_windows.mat"
"Assets/_Recovery/0 (3).unity","Assets/BCAT_GLB_TextureRemediation/generic_tulip_flower/Texture_2 _02.png",1024,1024,2797232,1,"Assets/BCaT_assets/BTMMP_Workstation_Assembly/generic_tulip_flower.glb"
"Assets/_Recovery/0 (3).unity","Assets/BCaT_assets/BTMMP_Workstation_Assembly/generic_tulip_flower.glb",1024,1024,2797232,1,"Assets/BCaT_assets/BTMMP_Workstation_Assembly/generic_tulip_flower.glb"
"Assets/_Recovery/0 (3).unity","Assets/Animated Tropical Vegetation/Textures/billboards/jungle_bush_3_billboard_color.png",1024,1024,2797232,1,"Assets/Animated Tropical Vegetation/Materials/Billboards/jungle_bush_3_billboard.mat"
"Assets/_Recovery/0 (3).unity","Assets/Animated Tropical Vegetation/Textures/billboards/jungle_bush_3_billboard_normal.png",1024,1024,2797232,1,"Assets/Animated Tropical Vegetation/Materials/Billboards/jungle_bush_3_billboard.mat"
"Assets/_Recovery/0 (3).unity","Assets/DevDen Arch Viz Scotland/Textures/Common/Interior_props/CommonPlastic01_NM.png",1024,1024,2797232,1,"Assets/DevDen Arch Viz Scotland/Materials/Study Room/LightPlastic02.mat"
"Assets/_Recovery/0 (3).unity","Assets/SubstanceAssets/LittleGamesPack/Textures/GamePieces/GamePieces_Normal_OpenGL.png",1024,1024,2797232,1,"Assets/SubstanceAssets/LittleGamesPack/Materials/GamePieces.mat"
"Assets/_Recovery/0 (3).unity","Assets/DevDen Arch Viz Scotland/Textures/Study Room/shelf/shelf_shelf1_Normal.png",1024,1024,2797232,1,"Assets/DevDen Arch Viz Scotland/Materials/Study Room/shelf1.mat"
"Assets/_Recovery/0 (3).unity","Assets/DevDen Arch Viz Scotland/Textures/Study Room/shelf/shelf_shelf1_MetallicSmoothness.png",1024,1024,2797232,1,"Assets/DevDen Arch Viz Scotland/Materials/Study Room/shelf1.mat"
"Assets/_Recovery/0 (3).unity","Assets/DevDen Arch Viz Scotland/Textures/Balcony/flower_pot/flower_pot_1_flower_Normal.png",1024,1024,2797232,1,"Assets/DevDen Arch Viz Scotland/Materials/balcony/flower.mat"
"Assets/_Recovery/0 (3).unity","Assets/DevDen Arch Viz Scotland/Textures/Balcony/flower_pot/flower_pot_1_wines_Normal.png",1024,1024,2797232,1,"Assets/DevDen Arch Viz Scotland/Materials/balcony/wines.mat"
"Assets/_Recovery/0 (3).unity","Assets/DevDen Arch Viz Scotland/Textures/Balcony/flower_pot/flower_pot_1_leaf_Normal.png",1024,1024,2797232,1,"Assets/DevDen Arch Viz Scotland/Materials/balcony/leaf.mat"
"Assets/_Recovery/0 (3).unity","Assets/DevDen Arch Viz Scotland/Textures/Balcony/flower_pot/flower_pot_1_plant_pot_Normal.png",1024,1024,2797232,1,"Assets/DevDen Arch Viz Scotland/Materials/balcony/plant_pot.mat"
"Assets/_Recovery/0 (3).unity","Assets/Furniture Mega Pack/Textures/Chairs/Chair26/Chair26_mat_Chair26_Normal.png",1024,1024,2797232,1,"Assets/Furniture Mega Pack/Materials/Chair/mat_Chair26.mat"
"Assets/_Recovery/0 (3).unity","Assets/Furniture Mega Pack/Textures/Chairs/Chair47/Chair47_mat_Chair47_Normal.png",1024,1024,2797232,1,"Assets/Furniture Mega Pack/Materials/Chair/mat_Chair47.mat"
"Assets/_Recovery/0 (3).unity","Assets/DevDen Arch Viz Scotland/Textures/Study Room/imac/Imac_imac_Normal.png",1024,1024,2797232,1,"Assets/DevDen Arch Viz Scotland/Materials/Study Room/imac.mat"
"Assets/_Recovery/0 (3).unity","Assets/DevDen Arch Viz Scotland/Textures/Study Room/imac/Imac_imac_MetallicSmoothness.png",1024,1024,2797232,1,"Assets/DevDen Arch Viz Scotland/Materials/Study Room/imac.mat"
"Assets/_Recovery/0 (3).unity","Assets/DevDen Arch Viz Scotland/Textures/Living Room/TV_Shelf/TV_Shelf_DefaultMaterial_Normal.png",1024,1024,2797232,1,"Assets/DevDen Arch Viz Scotland/Materials/Living Room/TV_Shelf.mat"
"Assets/_Recovery/0 (3).unity","Assets/BCaT_assets/LindaLeaks/Models/LL_AntiqueCamera.glb",1024,1024,2797232,1,"Assets/BCaT_assets/LindaLeaks/Models/LL_AntiqueCamera.glb"
"Assets/_Recovery/0 (3).unity","Assets/Furniture Mega Pack/Textures/Chairs/Chair37/Chair37_mat_Chair37_Normal.png",1024,1024,2797232,1,"Assets/Furniture Mega Pack/Materials/Chair/mat_Chair37.mat"
"Assets/_Recovery/0 (3).unity","Assets/Idyllic Italian Coast Town/Textures/M_chairs_Normal.png",1024,1024,2797232,1,"Assets/Idyllic Italian Coast Town/Materials/M_chairs.mat"
"Assets/_Recovery/0 (3).unity","Assets/Idyllic Italian Coast Town/Textures/M_chairs_MaskMap.png",1024,1024,2797232,1,"Assets/Idyllic Italian Coast Town/Materials/M_chairs.mat"
"Assets/_Recovery/0 (3).unity","Assets/Furniture Mega Pack/Textures/Chairs/Chair09/Chair09_mat_Chair09_Normal.png",1024,1024,2797232,1,"Assets/Furniture Mega Pack/Materials/Chair/mat_Chair09.mat"
"Assets/_Recovery/0 (3).unity","Assets/Furniture Mega Pack/Textures/Tables/Table38/Table38_mat_Table38_Normal.png",1024,1024,2797232,1,"Assets/Furniture Mega Pack/Materials/Table/mat_Table38.mat"
"Assets/_Recovery/0 (3).unity","Assets/Shaded Spectrum/Cozy Interiors Demo Pack/Textures/Painted Beech Wall Boards/PaintedBeechWallBoardsNormalMap.png",1024,1024,2797232,1,"Assets/Shaded Spectrum/Cozy Interiors Demo Pack/Materials/Painted Beech Wall Boards.mat"
"Assets/_Recovery/0 (3).unity","Assets/BCaT_assets/BTMMP_Workstation_Assembly/drone.glb",1024,1024,2797232,1,"Assets/BCaT_assets/BTMMP_Workstation_Assembly/drone.glb"
"Assets/_Recovery/0 (3).unity","Assets/DevDen Arch Viz Scotland/Textures/Common/Interior_props/CommonCeramic02_NM.png",1024,1024,2797232,1,"Assets/DevDen Arch Viz Scotland/Materials/Bed Room/CommonCeramic02Biege.mat"
"Assets/_Recovery/0 (3).unity","Assets/DevDen Arch Viz Scotland/Textures/Common/Interior_props/CommonCeramic02_Metallic.png",1024,1024,2797232,1,"Assets/DevDen Arch Viz Scotland/Materials/Bed Room/CommonCeramic02Biege.mat"
"Assets/_Recovery/0 (3).unity","Assets/DevDen Arch Viz Scotland/Textures/Common/Interior_props/CommonCeramic01_NM.png",1024,1024,2797232,1,"Assets/DevDen Arch Viz Scotland/Materials/Bed Room/CommonCeramic01.mat"
"Assets/_Recovery/0 (3).unity","Assets/DevDen Arch Viz Scotland/Textures/Common/Interior_props/CommonCeramic01_Metallic.png",1024,1024,2797232,1,"Assets/DevDen Arch Viz Scotland/Materials/Bed Room/CommonCeramic01.mat"
"Assets/_Recovery/0 (3).unity","Assets/DevDen Arch Viz Scotland/Textures/Bed Room/bedside_carpet/carpet_carpet_Normal.png",1024,1024,2797232,1,"Assets/HyTeKGames/SRPMaterialConverter/ConvertedMaterials/carpet.mat"
"Assets/_Recovery/0 (3).unity","Assets/HyTeKGames/SRPMaterialConverter/ConvertedMaterials/Maps/carpet_AO.png",1024,1024,2797232,1,"Assets/HyTeKGames/SRPMaterialConverter/ConvertedMaterials/carpet.mat"
"Assets/_Recovery/0 (3).unity","Assets/HyTeKGames/SRPMaterialConverter/ConvertedMaterials/Maps/carpet_Metallic.png",1024,1024,2797232,1,"Assets/HyTeKGames/SRPMaterialConverter/ConvertedMaterials/carpet.mat"
"Assets/_Recovery/0 (3).unity","Assets/Idyllic Italian Coast Town/Textures/M_boat_kit_Normal.png",1024,1024,2797232,1,"Assets/Idyllic Italian Coast Town/Materials/M_boat.mat"
"Assets/_Recovery/0 (3).unity","Assets/Idyllic Italian Coast Town/Textures/M_boat_kit_MaskMap.png",1024,1024,2797232,1,"Assets/Idyllic Italian Coast Town/Materials/M_boat.mat"
"Assets/_Recovery/0 (3).unity","Assets/DevDen Arch Viz Scotland/Textures/Environment/Floor Texture/floor mat 1_Normal.png",1024,1024,2797232,1,"Assets/HyTeKGames/SRPMaterialConverter/ConvertedMaterials/balcony_wood.mat"
"Assets/_Recovery/0 (3).unity","Assets/HyTeKGames/SRPMaterialConverter/ConvertedMaterials/Maps/balcony_wood_Metallic.png",1024,1024,2797232,1,"Assets/HyTeKGames/SRPMaterialConverter/ConvertedMaterials/balcony_wood.mat"
"Assets/_Recovery/0 (3).unity","Assets/DevDen Arch Viz Scotland/Textures/Study Room/table/Study Table_Normal.png",1024,1024,2797232,1,"Assets/DevDen Arch Viz Scotland/Materials/Study Room/table1.mat"
"Assets/_Recovery/0 (3).unity","Assets/DevDen Arch Viz Scotland/Textures/Study Room/table/Study Table_MetallicSmoothness.png",1024,1024,2797232,1,"Assets/DevDen Arch Viz Scotland/Materials/Study Room/table1.mat"
"Assets/_Recovery/0 (3).unity","Assets/DevDen Arch Viz Scotland/Textures/Living Room/sofa_2/sofa_2_01 - Default_Normal.png",1024,1024,2797232,1,"Assets/DevDen Arch Viz Scotland/Materials/Living Room/Sofa Set.mat"
"Assets/_Recovery/0 (3).unity","Assets/DevDen Arch Viz Scotland/Textures/Bed Room/bedside_table/bedside_table_bedside_Normal.png",1024,1024,2797232,1,"Assets/DevDen Arch Viz Scotland/Materials/Bed Room/bedroom_wood_side_table.mat"
"Assets/_Recovery/0 (3).unity","Assets/Furniture Mega Pack/Textures/Closet/AtlasTexture_Closet_Normal.png",1024,1024,2797232,1,"Assets/Furniture Mega Pack/Materials/Closet/mat_Closet.mat"
"Assets/_Recovery/0 (3).unity","Assets/Shaded Spectrum/Cozy Interiors Demo Pack/Textures/Gingham Kitchen Linen/GinghamKitchenLinenNormalMap.png",1024,1024,2797232,1,"Assets/Shaded Spectrum/Cozy Interiors Demo Pack/Materials/Gingham Kitchen Linen.mat"
"Assets/_Recovery/0 (3).unity","Assets/Furniture Mega Pack/Textures/Tables/Table06/Table06_mat_Table06_Normal.png",1024,1024,2797232,1,"Assets/Furniture Mega Pack/Materials/Table/mat_Table06.mat"
"Assets/_Recovery/0 (3).unity","Assets/BCaT_assets/Ri/glass_fish.glb",1024,1024,2797232,1,"Assets/BCaT_assets/Ri/glass_fish.glb"
"Assets/_Recovery/0 (3).unity","Assets/DevDen Arch Viz Scotland/Textures/Common/SmallObj/trash-can_normal.png",1024,1024,2797232,1,"Assets/DevDen Arch Viz Scotland/Materials/Dining Room/trash-can.mat"
"Assets/_Recovery/0 (3).unity","Assets/My_Custom/txtrs/PavingStones049_1K-PNG_Color.png",1024,1024,2797232,1,"Assets/My_Custom/mtrls/OldStone.mat"
"Assets/_Recovery/0 (3).unity","Assets/DevDen Arch Viz Scotland/Textures/Living Room/tea_table/Tea Table_teatable_Normal.png",1024,1024,2797232,1,"Assets/DevDen Arch Viz Scotland/Materials/Living Room/teatable.mat"
"Assets/_Recovery/0 (3).unity","Assets/BCaT_assets/BlackParlors/Assets/breonna-taylor-mural-img.jpeg",2048,1024,2797216,1,"Assets/BCaT_assets/BlackParlors/Assets/BreonnaTaylorMural.mat"
"Assets/_Recovery/0 (3).unity","Assets/BCaT_assets/Meshell_Sturgis/Big Mama_s Living Room.jpg",2048,1024,2098128,1,"Assets/BCaT_assets/Meshell_Sturgis/BMLR.mat"
"Assets/_Recovery/0 (3).unity","Assets/BCaT_assets/HOMED/Recipe_Box_Rice.jpeg",2048,1024,2098128,1,"Assets/BCaT_assets/HOMED/Rice.mat"
"Assets/_Recovery/0 (3).unity","Assets/BCaT_assets/HOMED/Recipe_box_img.jpeg",2048,1024,2098128,1,"Assets/BCaT_assets/HOMED/Box_Img.mat"
"Assets/_Recovery/0 (3).unity","Assets/DevDen Arch Viz Scotland/Textures/Living Room/sofa_2/sofa_2_01 - Default_MetallicSmoothness.png",1024,1024,1718699,1,"Assets/DevDen Arch Viz Scotland/Materials/Living Room/Sofa Set.mat"
"Assets/_Recovery/0 (3).unity","Assets/DevDen Arch Viz Scotland/Textures/Dining Room/dinning_chair/dinning_chair_diining_chair_wood_Normal.png",1024,1024,1635972,1,"Assets/DevDen Arch Viz Scotland/Materials/Dining Room/diining_chair_wood.mat"
"Assets/_Recovery/0 (3).unity","Assets/DevDen Arch Viz Scotland/Textures/Kitchen Room/side_piece/side_piece_marble_Normal.png",1024,1024,1424010,1,"Assets/DevDen Arch Viz Scotland/Materials/Kitchen Room/marble.mat"
"Assets/_Recovery/0 (3).unity","Assets/DevDen Arch Viz Scotland/Textures/Dining Room/dinning_chair/dinning_chair_diining_chair_wood_MetallicSmoothness.png",1024,1024,1423965,1,"Assets/DevDen Arch Viz Scotland/Materials/Dining Room/diining_chair_wood.mat"
"Assets/_Recovery/0 (3).unity","Assets/DevDen Arch Viz Scotland/Textures/Kitchen Room/side_piece/side_piece_marble_MetallicSmoothness.png",1024,1024,1423950,1,"Assets/DevDen Arch Viz Scotland/Materials/Kitchen Room/marble.mat"
"Assets/_Recovery/0 (3).unity","Assets/Furniture Mega Pack/Textures/Bathroom/AtlasTexture_BathroomCollection_BathroomCollection_AlbedoTransparency.png",1024,1024,1399174,2,"Assets/Furniture Mega Pack/FBX/Bathroom/BathroomVanity01.fbx;Assets/Furniture Mega Pack/Materials/Bathroom/mat_Bathroom.mat"
"Assets/_Recovery/0 (3).unity","Assets/Furniture Mega Pack/Textures/Bed/BedFrame/AtlasTexture_BedFrame_AtlasTexture_BedFrame_AlbedoTransparency.png",1024,1024,1399167,1,"Assets/Furniture Mega Pack/Materials/Bed/mat_BedFrame.mat"
"Assets/_Recovery/0 (3).unity","Assets/Furniture Mega Pack/Textures/Bed/Mattress/AtlasTexture_Mattress_DefaultMaterial_AlbedoTransparency.png",1024,1024,1399161,2,"Assets/Furniture Mega Pack/Materials/Bathroom/mat_Bathroom.mat;Assets/Furniture Mega Pack/Materials/Bed/mat_Mattress.mat"
"Assets/_Recovery/0 (3).unity","Assets/Furniture Mega Pack/Textures/Bed/Blanket/AtlasTexture_Blanket_DefaultMaterial_AlbedoTransparency.png",1024,1024,1399160,1,"Assets/Furniture Mega Pack/Materials/Bed/mat_Blanket.mat"
"Assets/_Recovery/0 (3).unity","Assets/DevDen Arch Viz Scotland/Textures/Balcony/balconY_tacle/balcony_table_balcony_table_2_AlbedoTransparency.png",1024,1024,1399153,1,"Assets/DevDen Arch Viz Scotland/Materials/balcony/balcony_table_2.mat"
"Assets/_Recovery/0 (3).unity","Assets/Furniture Mega Pack/Textures/Cushions/Cushion01_08/Cushion01_08_mat_Cushion01_08_AlbedoTransparency.png",1024,1024,1399153,1,"Assets/Furniture Mega Pack/Materials/Cushion/mat_Cushion01_08.mat"
"Assets/_Recovery/0 (3).unity","Assets/Furniture Mega Pack/Textures/Cushions/Cushion17_24/Cushion17_24_mat_Cushion17_24_AlbedoTransparency.png",1024,1024,1399153,1,"Assets/Furniture Mega Pack/Materials/Cushion/mat_Cushion17_24.mat"
"Assets/_Recovery/0 (3).unity","Assets/BCaT_assets/HOMED/Recipe_Box_letters.png",1024,512,1399152,1,"Assets/BCaT_assets/HOMED/Letters.mat"
"Assets/_Recovery/0 (3).unity","Assets/My_Custom/txtrs/122_fine plaster painted wall texture-seamless.jpg",1024,1024,1399151,1,"Assets/My_Custom/mtrls/Blue_Wall.mat"
"Assets/_Recovery/0 (3).unity","Assets/My_Custom/txtrs/67_sponged venetian plaster texture-seamless.jpg",1024,1024,1399149,1,"Assets/My_Custom/mtrls/Mint_wall_plaster.mat"
"Assets/_Recovery/0 (3).unity","Assets/DevDen Arch Viz Scotland/Textures/Living Room/TV_Shelf/TV_Shelf_DefaultMaterial_AlbedoTransparency.png",1024,1024,1399148,1,"Assets/DevDen Arch Viz Scotland/Materials/Living Room/TV_Shelf.mat"
"Assets/_Recovery/0 (3).unity","Assets/DevDen Arch Viz Scotland/Textures/Living Room/TV_Shelf/TV_Shelf_DefaultMaterial_MetallicSmoothness.png",1024,1024,1399148,1,"Assets/DevDen Arch Viz Scotland/Materials/Living Room/TV_Shelf.mat"
"Assets/_Recovery/0 (3).unity","Assets/DevDen Arch Viz Scotland/Textures/Study Room/study_chair/CHair2_study_chair_seat_AlbedoTransparency.png",1024,1024,1399147,1,"Assets/DevDen Arch Viz Scotland/Materials/Study Room/study_chair_seat.mat"
"Assets/_Recovery/0 (3).unity","Assets/DevDen Arch Viz Scotland/Textures/Study Room/study_chair/CHair2_study_chairI_Leg_AlbedoTransparency.png",1024,1024,1399147,1,"Assets/DevDen Arch Viz Scotland/Materials/Study Room/study_chairI_Leg.mat"
"Assets/_Recovery/0 (3).unity","Assets/DevDen Arch Viz Scotland/Textures/Balcony/flower_pot/flower_pot_1_plant_pot_AlbedoTransparency.png",1024,1024,1399146,1,"Assets/DevDen Arch Viz Scotland/Materials/balcony/plant_pot.mat"
"Assets/_Recovery/0 (3).unity","Assets/Shaded Spectrum/Cozy Interiors Demo Pack/Textures/Painted Beech Wall Boards/PaintedBeechWallBoardsAmbientOcclusionMap.png",1024,1024,1399146,1,"Assets/Shaded Spectrum/Cozy Interiors Demo Pack/Materials/Painted Beech Wall Boards.mat"
"Assets/_Recovery/0 (3).unity","Assets/DevDen Arch Viz Scotland/Textures/Bed Room/bedside_table/bedside_table_bedside_AlbedoTransparency.png",1024,1024,1399145,1,"Assets/DevDen Arch Viz Scotland/Materials/Bed Room/bedroom_wood_side_table.mat"
"Assets/_Recovery/0 (3).unity","Assets/My_Custom/txtrs/27_reinassance plaster texture seamless.jpg",1024,1024,1399144,1,"Assets/My_Custom/mtrls/YellowWall.mat"
"Assets/_Recovery/0 (3).unity","Assets/DevDen Arch Viz Scotland/Textures/Bed Room/Photo_stand/fotostand_fotostand_AlbedoTransparency.png",1024,1024,1399143,1,"Assets/DevDen Arch Viz Scotland/Materials/Bed Room/Bedroom_wood_table.mat"
"Assets/_Recovery/0 (3).unity","Assets/Furniture Mega Pack/Textures/Chairs/Chair48/Chair48_mat_Chair48_AlbedoTransparency.png",1024,1024,1399143,1,"Assets/Furniture Mega Pack/Materials/Chair/mat_Chair48.mat"
"Assets/_Recovery/0 (3).unity","Assets/DevDen Arch Viz Scotland/Textures/Balcony/flower_pot/flower_pot_1_flower_AlbedoTransparency.png",1024,1024,1399143,1,"Assets/DevDen Arch Viz Scotland/Materials/balcony/flower.mat"
"Assets/_Recovery/0 (3).unity","Assets/Furniture Mega Pack/Textures/Chairs/Chair26/Chair26_mat_Chair26_AlbedoTransparency.png",1024,1024,1399143,1,"Assets/Furniture Mega Pack/Materials/Chair/mat_Chair26.mat"
"Assets/_Recovery/0 (3).unity","Assets/Furniture Mega Pack/Textures/Chairs/Chair47/Chair47_mat_Chair47_AlbedoTransparency.png",1024,1024,1399143,1,"Assets/Furniture Mega Pack/Materials/Chair/mat_Chair47.mat"
"Assets/_Recovery/0 (3).unity","Assets/Furniture Mega Pack/Textures/Chairs/Chair37/Chair37_mat_Chair37_AlbedoTransparency.png",1024,1024,1399143,1,"Assets/Furniture Mega Pack/Materials/Chair/mat_Chair37.mat"
"Assets/_Recovery/0 (3).unity","Assets/Furniture Mega Pack/Textures/Chairs/Chair09/Chair09_mat_Chair09_AlbedoTransparency.png",1024,1024,1399143,1,"Assets/Furniture Mega Pack/Materials/Chair/mat_Chair09.mat"
"Assets/_Recovery/0 (3).unity","Assets/Furniture Mega Pack/Textures/Tables/Table38/Table38_mat_Table38_AlbedoTransparency.png",1024,1024,1399143,1,"Assets/Furniture Mega Pack/Materials/Table/mat_Table38.mat"
"Assets/_Recovery/0 (3).unity","Assets/Furniture Mega Pack/Textures/Closet/AtlasTexture_Closet_AlbedoTransparency.png",1024,1024,1399143,1,"Assets/Furniture Mega Pack/Materials/Closet/mat_Closet.mat"
"Assets/_Recovery/0 (3).unity","Assets/Shaded Spectrum/Cozy Interiors Demo Pack/Textures/Gingham Kitchen Linen/GinghamKitchenLinenAmbientOcclusionMap.png",1024,1024,1399143,1,"Assets/Shaded Spectrum/Cozy Interiors Demo Pack/Materials/Gingham Kitchen Linen.mat"
"Assets/_Recovery/0 (3).unity","Assets/Furniture Mega Pack/Textures/Tables/Table06/Table06_mat_Table06_AlbedoTransparency.png",1024,1024,1399143,1,"Assets/Furniture Mega Pack/Materials/Table/mat_Table06.mat"
"Assets/_Recovery/0 (3).unity","Assets/DevDen Arch Viz Scotland/Textures/Balcony/flower_pot/flower_pot_1_wines_AlbedoTransparency.png",1024,1024,1399142,1,"Assets/DevDen Arch Viz Scotland/Materials/balcony/wines.mat"
"Assets/_Recovery/0 (3).unity","Assets/DevDen Arch Viz Scotland/Textures/Study Room/imac/Imac_imac_AlbedoTransparency_emission.png",1024,1024,1399142,1,"Assets/DevDen Arch Viz Scotland/Materials/Study Room/imac.mat"
"Assets/_Recovery/0 (3).unity","Assets/Shaded Spectrum/Cozy Interiors Demo Pack/Textures/Painted Beech Wall Boards/PaintedBeechWallBoardsDisplacementMap.png",1024,1024,1399142,1,"Assets/Shaded Spectrum/Cozy Interiors Demo Pack/Materials/Painted Beech Wall Boards.mat"
"Assets/_Recovery/0 (3).unity","Assets/DevDen Arch Viz Scotland/Textures/Living Room/tea_table/Tea Table_teatable_AlbedoTransparency.png",1024,1024,1399142,1,"Assets/DevDen Arch Viz Scotland/Materials/Living Room/teatable.mat"
"Assets/_Recovery/0 (3).unity","Assets/DevDen Arch Viz Scotland/Textures/Common/note_pad/note_pad_note_pad_AlbedoTransparency.png",1024,1024,1399141,1,"Assets/DevDen Arch Viz Scotland/Materials/Study Room/Notepad.mat"
"Assets/_Recovery/0 (3).unity","Assets/DevDen Arch Viz Scotland/Textures/Balcony/flower_pot/flower_pot_1_leaf_AlbedoTransparency.png",1024,1024,1399141,1,"Assets/DevDen Arch Viz Scotland/Materials/balcony/leaf.mat"
"Assets/_Recovery/0 (3).unity","Assets/My_Custom/txtrs/84_floral wallpaper texture-seamless.jpg",1024,1024,1399141,1,"Assets/My_Custom/mtrls/Wall_Floral.mat"
"Assets/_Recovery/0 (3).unity","Assets/Idyllic Italian Coast Town/Textures/M_rooftiles_roman_tiling_BaseColor.png",1024,1024,1399139,1,"Assets/Idyllic Italian Coast Town/Materials/M_rooftexture.mat"
"Assets/_Recovery/0 (3).unity","Assets/My_Custom/txtrs/99_jaquard fabric texture-seamless.jpg",1024,1024,1399139,1,"Assets/My_Custom/FrontDoorRug.mat"
"Assets/_Recovery/0 (3).unity","Assets/Shaded Spectrum/Cozy Interiors Demo Pack/Textures/Gingham Kitchen Linen/GinghamKitchenLinenDisplacementMap.png",1024,1024,1399139,1,"Assets/Shaded Spectrum/Cozy Interiors Demo Pack/Materials/Gingham Kitchen Linen.mat"
"Assets/_Recovery/0 (3).unity","Assets/My_Custom/txtrs/221_siding wood texture-seamless.jpg",1024,1024,1399137,4,"Assets/My_Custom/mtrls/HallWood 2.mat;Assets/My_Custom/mtrls/HallWood 3.mat;Assets/My_Custom/mtrls/HallWood 4.mat;Assets/My_Custom/mtrls/HallWood 1.mat"
"Assets/_Recovery/0 (3).unity","Assets/BCaT_assets/HOMED/Models/Recipe-Box.glb",1024,1024,1399137,1,"Assets/BCaT_assets/HOMED/Models/Recipe-Box.glb"
"Assets/_Recovery/0 (3).unity","Assets/BCaT_assets/HOMED/Models/Candle.glb",1024,1024,1399137,1,"Assets/BCaT_assets/HOMED/Models/Candle.glb"
"Assets/_Recovery/0 (3).unity","Assets/DevDen Arch Viz Scotland/Textures/Balcony/balconY_tacle/balcony_table_balcony_table_2_AO.png",1024,1024,1399137,1,"Assets/DevDen Arch Viz Scotland/Materials/balcony/balcony_table_2.mat"
"Assets/_Recovery/0 (3).unity","Assets/DevDen Arch Viz Scotland/Textures/Bathroom/Tile_Bath/SubwayTile - baseColor.png",1024,1024,1399104,1,"Assets/HyTeKGames/SRPMaterialConverter/ConvertedMaterials/bathroom_wall_mat_1.mat"
"Assets/_Recovery/0 (3).unity","Assets/HyTeKGames/SRPMaterialConverter/ConvertedMaterials/Maps/bathroom_wall_mat_1_AO.png",1024,1024,1399104,1,"Assets/HyTeKGames/SRPMaterialConverter/ConvertedMaterials/bathroom_wall_mat_1.mat"
"Assets/_Recovery/0 (3).unity","Assets/Idyllic Italian Coast Town/Textures/M_pillartop_BaseMap.png",1024,1024,1399104,1,"Assets/Idyllic Italian Coast Town/Materials/M_pillartop.mat"
"Assets/_Recovery/0 (3).unity","Assets/SimpleNaturePack/Textures/NaturePackLite_Texture_01.png",1024,1024,1399104,1,"Assets/SimpleNaturePack/Materials/SimpleNaturePack_Texture_01.mat"
"Assets/_Recovery/0 (3).unity","Assets/Idyllic Italian Coast Town/Textures/M_wall_plaster_BaseColor.png",1024,1024,1399104,3,"Assets/Idyllic Italian Coast Town/Materials/M_wall_plaster.mat;Assets/Idyllic Italian Coast Town/Materials/M_wall_plaster 10.mat;Assets/Idyllic Italian Coast Town/Materials/M_wall_plaster 3.mat"
"Assets/_Recovery/0 (3).unity","Assets/Idyllic Italian Coast Town/Textures/M_wall_plaster_height.png",1024,1024,1399104,3,"Assets/Idyllic Italian Coast Town/Materials/M_wall_plaster.mat;Assets/Idyllic Italian Coast Town/Materials/M_wall_plaster 10.mat;Assets/Idyllic Italian Coast Town/Materials/M_wall_plaster 3.mat"
"Assets/_Recovery/0 (3).unity","Assets/Idyllic Italian Coast Town/Textures/M_attachments_stone_BaseMap.png",1024,1024,1399104,1,"Assets/Idyllic Italian Coast Town/Materials/M_attachments_stone.mat"
"Assets/_Recovery/0 (3).unity","Assets/Idyllic Italian Coast Town/Textures/M_pipes_BaseMap.png",1024,1024,1399104,1,"Assets/Idyllic Italian Coast Town/Materials/M_pipes.mat"
"Assets/_Recovery/0 (3).unity","Assets/DevDen Arch Viz Scotland/Textures/Bed Room/Photo_stand/fotostand_fotostand_AO.png",1024,1024,1399104,1,"Assets/DevDen Arch Viz Scotland/Materials/Bed Room/Bedroom_wood_table.mat"
"Assets/_Recovery/0 (3).unity","Assets/DevDen Arch Viz Scotland/Textures/Study Room/study_chair/CHair2_study_chair_seat_AO.png",1024,1024,1399104,1,"Assets/DevDen Arch Viz Scotland/Materials/Study Room/study_chair_seat.mat"
"Assets/_Recovery/0 (3).unity","Assets/DevDen Arch Viz Scotland/Textures/Study Room/study_chair/CHair2_study_chairI_Leg_AO.png",1024,1024,1399104,1,"Assets/DevDen Arch Viz Scotland/Materials/Study Room/study_chairI_Leg.mat"
"Assets/_Recovery/0 (3).unity","Assets/Pandazole_Ultimate_Pack/Pandazole Farm Ranch Pack/Textures/PandaMat.png",1024,1024,1399104,1,"Assets/Pandazole_Ultimate_Pack/Pandazole Farm Ranch Pack/Materials/PandaMat.mat"
"Assets/_Recovery/0 (3).unity","Assets/Idyllic Italian Coast Town/Textures/M_doors_italian_BaseMap.png",1024,1024,1399104,1,"Assets/Idyllic Italian Coast Town/Materials/M_doors.mat"
"Assets/_Recovery/0 (3).unity","Assets/Idyllic Italian Coast Town/Textures/M_skybox_01.png",1024,1024,1399104,1,"Assets/Idyllic Italian Coast Town/Materials/M_skybox.mat"
"Assets/_Recovery/0 (3).unity","Assets/picture-frame/textures/pictureframe.png",1024,1024,1399104,1,"Assets/picture-frame/source/pictureframe.fbx"
"Assets/_Recovery/0 (3).unity","Assets/Idyllic Italian Coast Town/Textures/M_bricks_BaseMap.png",1024,1024,1399104,1,"Assets/Idyllic Italian Coast Town/Materials/M_bricks.mat"
"Assets/_Recovery/0 (3).unity","Assets/Idyllic Italian Coast Town/Textures/M_windows_italian_BaseMap.png",1024,1024,1399104,1,"Assets/Idyllic Italian Coast Town/Materials/M_windows.mat"
"Assets/_Recovery/0 (3).unity","Assets/Idyllic Italian Coast Town/Textures/M_windows_italian_Emissive.png",1024,1024,1399104,1,"Assets/Idyllic Italian Coast Town/Materials/M_windows.mat"
"Assets/_Recovery/0 (3).unity","Assets/BCAT_GLB_TextureRemediation/generic_tulip_flower/Texture_0 _00.png",1024,1024,1399104,1,"Assets/BCaT_assets/BTMMP_Workstation_Assembly/generic_tulip_flower.glb"
"Assets/_Recovery/0 (3).unity","Assets/SubstanceAssets/LittleGamesPack/Textures/GamePieces/GamePieces_Base_color.png",1024,1024,1399104,1,"Assets/SubstanceAssets/LittleGamesPack/Materials/GamePieces.mat"
"Assets/_Recovery/0 (3).unity","Assets/SubstanceAssets/LittleGamesPack/Textures/GamePieces/GamePieces_Mixed_AO.png",1024,1024,1399104,1,"Assets/SubstanceAssets/LittleGamesPack/Materials/GamePieces.mat"
"Assets/_Recovery/0 (3).unity","Assets/SubstanceAssets/LittleGamesPack/Textures/GamePieces/GamePieces_Metallic.png",1024,1024,1399104,1,"Assets/SubstanceAssets/LittleGamesPack/Materials/GamePieces.mat"
"Assets/_Recovery/0 (3).unity","Assets/UnityTechnologies/Basic Asset Pack Interior/Textures/WallGreenLight.jpg",1024,1024,1399104,1,"Assets/UnityTechnologies/Basic Asset Pack Interior/Materials/WallGreen.mat"
"Assets/_Recovery/0 (3).unity","Assets/My_Custom/txtrs/PavingStones119_1K-PNG_Color.png",1024,1024,1399104,2,"Assets/My_Custom/mtrls/OldStairway.mat;Assets/My_Custom/mtrls/OldPathway.mat"
"Assets/_Recovery/0 (3).unity","Assets/UnityTechnologies/Basic Asset Pack Interior/Textures/SmallProps.jpg",1024,1024,1399104,2,"Assets/UnityTechnologies/Basic Asset Pack Interior/Materials/SmallProps_Light.mat;Assets/UnityTechnologies/Basic Asset Pack Interior/Materials/SmallProps.mat"
"Assets/_Recovery/0 (3).unity","Assets/UnityTechnologies/Basic Asset Pack Interior/Textures/TrimSheet_GreenPurple.jpg",1024,1024,1399104,1,"Assets/UnityTechnologies/Basic Asset Pack Interior/Materials/TrimSheetGreenPurple.mat"
"Assets/_Recovery/0 (3).unity","Assets/DevDen Arch Viz Scotland/Textures/Study Room/Books Pack/book_3.png",1024,1024,1399104,1,"Assets/DevDen Arch Viz Scotland/Materials/Study Room/book_3.mat"
"Assets/_Recovery/0 (3).unity","Assets/DevDen Arch Viz Scotland/Textures/Study Room/Books Pack/book_5.png",1024,1024,1399104,1,"Assets/DevDen Arch Viz Scotland/Materials/Study Room/book_5.mat"
"Assets/_Recovery/0 (3).unity","Assets/DevDen Arch Viz Scotland/Textures/Study Room/Books Pack/book_1.png",1024,1024,1399104,1,"Assets/DevDen Arch Viz Scotland/Materials/Study Room/book_1.mat"
"Assets/_Recovery/0 (3).unity","Assets/DevDen Arch Viz Scotland/Textures/Study Room/Books Pack/book_10.png",1024,1024,1399104,1,"Assets/DevDen Arch Viz Scotland/Materials/Study Room/book_10.mat"
"Assets/_Recovery/0 (3).unity","Assets/DevDen Arch Viz Scotland/Textures/Study Room/Books Pack/book_7.png",1024,1024,1399104,1,"Assets/DevDen Arch Viz Scotland/Materials/Study Room/book_7.mat"
"Assets/_Recovery/0 (3).unity","Assets/DevDen Arch Viz Scotland/Textures/Study Room/Books Pack/book_9.png",1024,1024,1399104,2,"Assets/DevDen Arch Viz Scotland/Materials/Study Room/book_9.mat;Assets/HyTeKGames/SRPMaterialConverter/ConvertedMaterials/book_9.mat"
"Assets/_Recovery/0 (3).unity","Assets/DevDen Arch Viz Scotland/Textures/Study Room/Books Pack/book_4.png",1024,1024,1399104,1,"Assets/DevDen Arch Viz Scotland/Materials/Study Room/book_4.mat"
"Assets/_Recovery/0 (3).unity","Assets/DevDen Arch Viz Scotland/Textures/Study Room/Books Pack/book_2.png",1024,1024,1399104,1,"Assets/DevDen Arch Viz Scotland/Materials/Study Room/book_2.mat"
"Assets/_Recovery/0 (3).unity","Assets/DevDen Arch Viz Scotland/Textures/Study Room/Books Pack/book_8.png",1024,1024,1399104,1,"Assets/DevDen Arch Viz Scotland/Materials/Study Room/book_8.mat"
"Assets/_Recovery/0 (3).unity","Assets/DevDen Arch Viz Scotland/Textures/Study Room/Books Pack/book_6.png",1024,1024,1399104,1,"Assets/DevDen Arch Viz Scotland/Materials/Study Room/book_6.mat"
"Assets/_Recovery/0 (3).unity","Assets/DevDen Arch Viz Scotland/Textures/Study Room/shelf/shelf_shelf1_AlbedoTransparency.png",1024,1024,1399104,1,"Assets/DevDen Arch Viz Scotland/Materials/Study Room/shelf1.mat"
"Assets/_Recovery/0 (3).unity","Assets/DevDen Arch Viz Scotland/Textures/Study Room/shelf/shelf_shelf1_AO.png",1024,1024,1399104,1,"Assets/DevDen Arch Viz Scotland/Materials/Study Room/shelf1.mat"
"Assets/_Recovery/0 (3).unity","Assets/DevDen Arch Viz Scotland/Textures/Common/Interior_props/StudyRoom_BG1.png",1024,1024,1399104,1,"Assets/DevDen Arch Viz Scotland/Materials/Study Room/PictureImage03.mat"
"Assets/_Recovery/0 (3).unity","Assets/DevDen Arch Viz Scotland/Textures/Study Room/StudyRoom Carpet/Atlas_1.png",1024,1024,1399104,1,"Assets/DevDen Arch Viz Scotland/Materials/Study Room/Furniture_Atlas_1.mat"
"Assets/_Recovery/0 (3).unity","Assets/DevDen Arch Viz Scotland/Textures/Study Room/StudyRoom Carpet/Emission.png",1024,1024,1399104,1,"Assets/DevDen Arch Viz Scotland/Materials/Study Room/Furniture_Atlas_1.mat"
"Assets/_Recovery/0 (3).unity","Assets/DevDen Arch Viz Scotland/Textures/Study Room/StudyRoom Carpet/Atlas1_Metallic_Smoothness.png",1024,1024,1399104,1,"Assets/DevDen Arch Viz Scotland/Materials/Study Room/Furniture_Atlas_1.mat"
"Assets/_Recovery/0 (3).unity","Assets/DevDen Arch Viz Scotland/Textures/Study Room/imac/Imac_imac_AlbedoTransparency.png",1024,1024,1399104,1,"Assets/DevDen Arch Viz Scotland/Materials/Study Room/imac.mat"
"Assets/_Recovery/0 (3).unity","Assets/DevDen Arch Viz Scotland/Textures/Living Room/TV_Shelf/TV_Shelf_DefaultMaterial_AO.png",1024,1024,1399104,1,"Assets/DevDen Arch Viz Scotland/Materials/Living Room/TV_Shelf.mat"
"Assets/_Recovery/0 (3).unity","Assets/BCaT_assets/LindaLeaks/Models/LL_AntiqueCamera.glb",1024,1024,1399104,1,"Assets/BCaT_assets/LindaLeaks/Models/LL_AntiqueCamera.glb"
"Assets/_Recovery/0 (3).unity","Assets/BCaT_assets/LindaLeaks/Models/LL_AntiqueCamera.glb",1024,1024,1399104,1,"Assets/BCaT_assets/LindaLeaks/Models/LL_AntiqueCamera.glb"
"Assets/_Recovery/0 (3).unity","Assets/BCaT_assets/LindaLeaks/Models/LL_AntiqueCamera.glb",1024,1024,1399104,1,"Assets/BCaT_assets/LindaLeaks/Models/LL_AntiqueCamera.glb"
"Assets/_Recovery/0 (3).unity","Assets/Idyllic Italian Coast Town/Textures/M_chairs_BaseMap.png",1024,1024,1399104,1,"Assets/Idyllic Italian Coast Town/Materials/M_chairs.mat"
"Assets/_Recovery/0 (3).unity","Assets/BCaT_assets/LindaLeaks/Models/LL_PhotoAlbum.glb",1024,1024,1399104,1,"Assets/BCaT_assets/LindaLeaks/Models/LL_PhotoAlbum.glb"
"Assets/_Recovery/0 (3).unity","Assets/Shaded Spectrum/Cozy Interiors Demo Pack/Textures/Painted Beech Wall Boards/PaintedBeechWallBoardsAlbedo.png",1024,1024,1399104,1,"Assets/Shaded Spectrum/Cozy Interiors Demo Pack/Materials/Painted Beech Wall Boards.mat"
"Assets/_Recovery/0 (3).unity","Assets/BCAT_GLB_TextureRemediation/drone/Texture_3 _01.png",1024,1024,1399104,1,"Assets/BCaT_assets/BTMMP_Workstation_Assembly/drone.glb"
"Assets/_Recovery/0 (3).unity","Assets/DevDen Arch Viz Scotland/Textures/Common/Interior_props/CommonCeramic02.png",1024,1024,1399104,1,"Assets/DevDen Arch Viz Scotland/Materials/Bed Room/CommonCeramic02Biege.mat"
"Assets/_Recovery/0 (3).unity","Assets/DevDen Arch Viz Scotland/Textures/Common/Interior_props/CommonCeramic01.png",1024,1024,1399104,1,"Assets/DevDen Arch Viz Scotland/Materials/Bed Room/CommonCeramic01.mat"
"Assets/_Recovery/0 (3).unity","Assets/BCaT_assets/BlackParlors/Assets/Parlor_img.jpg",1024,1024,1399104,1,"Assets/BCaT_assets/BlackParlors/Assets/Photo_Parlor.mat"
"Assets/_Recovery/0 (3).unity","Assets/BCaT_assets/9night/drum.glb",1024,1024,1399104,1,"Assets/BCaT_assets/9night/drum.glb"
"Assets/_Recovery/0 (3).unity","Assets/BCaT_assets/9night/drum.glb",1024,1024,1399104,1,"Assets/BCaT_assets/9night/drum.glb"
"Assets/_Recovery/0 (3).unity","Assets/UnityTechnologies/Basic Asset Pack Interior/Textures/SpotsGreenLime.jpg",1024,1024,1399104,1,"Assets/UnityTechnologies/Basic Asset Pack Interior/Materials/PatternSpotGreenBig.mat"
"Assets/_Recovery/0 (3).unity","Assets/Idyllic Italian Coast Town/Textures/M_boat_kit_BaseMap.png",1024,1024,1399104,1,"Assets/Idyllic Italian Coast Town/Materials/M_boat.mat"
"Assets/_Recovery/0 (3).unity","Assets/DevDen Arch Viz Scotland/Textures/Environment/Floor Texture/floor mat 1_AlbedoTransparency.png",1024,1024,1399104,1,"Assets/HyTeKGames/SRPMaterialConverter/ConvertedMaterials/balcony_wood.mat"
"Assets/_Recovery/0 (3).unity","Assets/HyTeKGames/SRPMaterialConverter/ConvertedMaterials/Maps/balcony_wood_AO.png",1024,1024,1399104,1,"Assets/HyTeKGames/SRPMaterialConverter/ConvertedMaterials/balcony_wood.mat"
"Assets/_Recovery/0 (3).unity","Assets/DevDen Arch Viz Scotland/Textures/Study Room/table/Study Table_AlbedoTransparency.png",1024,1024,1399104,1,"Assets/DevDen Arch Viz Scotland/Materials/Study Room/table1.mat"
"Assets/_Recovery/0 (3).unity","Assets/DevDen Arch Viz Scotland/Textures/Study Room/table/Study Table_AO.png",1024,1024,1399104,1,"Assets/DevDen Arch Viz Scotland/Materials/Study Room/table1.mat"
"Assets/_Recovery/0 (3).unity","Assets/danthaigames/DS 80s Television/Textures/TVScreen.png",1024,1024,1399104,1,"Assets/danthaigames/DS 80s Television/Materials/TV Screen.mat"
"Assets/_Recovery/0 (3).unity","Assets/danthaigames/DS 80s Television/Textures/TV.png",1024,1024,1399104,1,"Assets/danthaigames/DS 80s Television/Materials/TV.mat"
"Assets/_Recovery/0 (3).unity","Assets/danthaigames/DS 80s Television/Textures/TVHandlesSurround.png",1024,1024,1399104,1,"Assets/danthaigames/DS 80s Television/Materials/TV Handles and Surround.mat"
"Assets/_Recovery/0 (3).unity","Assets/DevDen Arch Viz Scotland/Textures/Bed Room/bedside_table/bedside_table_bedside_AO.png",1024,1024,1399104,1,"Assets/DevDen Arch Viz Scotland/Materials/Bed Room/bedroom_wood_side_table.mat"
"Assets/_Recovery/0 (3).unity","Assets/Shaded Spectrum/Cozy Interiors Demo Pack/Textures/Gingham Kitchen Linen/GinghamKitchenLinenAlbedo.png",1024,1024,1399104,1,"Assets/Shaded Spectrum/Cozy Interiors Demo Pack/Materials/Gingham Kitchen Linen.mat"
"Assets/_Recovery/0 (3).unity","Assets/DevDen Arch Viz Scotland/Textures/Living Room/TV/TV_AlbedoTransparency.png",1024,1024,1399104,1,"Assets/DevDen Arch Viz Scotland/Materials/Living Room/TV.mat"
"Assets/_Recovery/0 (3).unity","Assets/My_Custom/modern_scandinavian_kitchen_island.glb",1024,1024,1399104,1,"Assets/My_Custom/modern_scandinavian_kitchen_island.glb"
"Assets/_Recovery/0 (3).unity","Assets/BCaT_assets/Ri/glass_fish.glb",1024,1024,1399104,1,"Assets/BCaT_assets/Ri/glass_fish.glb"
"Assets/_Recovery/0 (3).unity","Assets/BCaT_assets/Ri/glass_fish.glb",1024,1024,1399104,1,"Assets/BCaT_assets/Ri/glass_fish.glb"
"Assets/_Recovery/0 (3).unity","Assets/DevDen Arch Viz Scotland/Textures/Common/SmallObj/trash-can_albedo.png",1024,1024,1399104,1,"Assets/DevDen Arch Viz Scotland/Materials/Dining Room/trash-can.mat"
"Assets/_Recovery/0 (3).unity","Assets/DevDen Arch Viz Scotland/Textures/Common/SmallObj/trash-can_metal.png",1024,1024,1399104,1,"Assets/DevDen Arch Viz Scotland/Materials/Dining Room/trash-can.mat"
"Assets/_Recovery/0 (3).unity","Assets/UnityTechnologies/Basic Asset Pack Interior/Textures/SpotsGreen.jpg",1024,1024,1399104,1,"Assets/UnityTechnologies/Basic Asset Pack Interior/Materials/PatternSpotGreenBlue.mat"
"Assets/_Recovery/0 (3).unity","Assets/My_Custom/txtrs/Wood004_1K-PNG_Color.png",1024,1024,1399104,1,"Assets/My_Custom/mtrls/RawWood.mat"
"Assets/_Recovery/0 (3).unity","Assets/UnityTechnologies/Basic Asset Pack Interior/Textures/SpotsGreenBlue.jpg",1024,1024,1399104,1,"Assets/UnityTechnologies/Basic Asset Pack Interior/Materials/PatternSpotBlue.mat"
"Assets/_Recovery/0 (3).unity","Assets/IgniteCoders/Simple Water Shader/Resources/WaterSurface_atlas.tif",1024,1024,1399104,1,"Assets/IgniteCoders/Simple Water Shader/Resources/Water_mat_01.mat"
"Assets/_Recovery/0 (3).unity","Assets/DevDen Arch Viz Scotland/Textures/Living Room/tea_table/Tea Table_teatable_AO.png",1024,1024,1399104,1,"Assets/DevDen Arch Viz Scotland/Materials/Living Room/teatable.mat"
"Assets/_Recovery/0 (3).unity","Assets/DevDen Arch Viz Scotland/Textures/Dining Room/dinning_chair/dinning_chair_diining_chair_wood_AlbedoTransparency.png",1024,1024,906735,1,"Assets/DevDen Arch Viz Scotland/Materials/Dining Room/diining_chair_wood.mat"
"Assets/_Recovery/0 (3).unity","Assets/DevDen Arch Viz Scotland/Textures/Living Room/sofa_2/sofa_2_01 - Default_AO.png",1024,1024,886859,1,"Assets/DevDen Arch Viz Scotland/Materials/Living Room/Sofa Set.mat"
"Assets/_Recovery/0 (3).unity","Assets/DevDen Arch Viz Scotland/Textures/Kitchen Room/side_piece/side_piece_marble_AlbedoTransparency.png",1024,1024,877283,1,"Assets/DevDen Arch Viz Scotland/Materials/Kitchen Room/marble.mat"
"Assets/_Recovery/0 (3).unity","Assets/DevDen Arch Viz Scotland/Textures/Bed Room/bedside_carpet/carpet_carpet_AlbedoTransparency.png",1024,1024,817122,1,"Assets/HyTeKGames/SRPMaterialConverter/ConvertedMaterials/carpet.mat"
"Assets/_Recovery/0 (3).unity","Assets/DevDen Arch Viz Scotland/Textures/Living Room/sofa_2/sofa_2_01 - Default_AlbedoTransparency.png",1024,1024,816569,1,"Assets/DevDen Arch Viz Scotland/Materials/Living Room/Sofa Set.mat"
"Assets/_Recovery/0 (3).unity","Assets/DevDen Arch Viz Scotland/Textures/Dining Room/dinning_chair/dinning_chair_diining_chair_wood_AO.png",1024,1024,771643,1,"Assets/DevDen Arch Viz Scotland/Materials/Dining Room/diining_chair_wood.mat"
"Assets/_Recovery/0 (3).unity","Assets/DevDen Arch Viz Scotland/Textures/Kitchen Room/side_piece/side_piece_marble_AO.png",1024,1024,722795,1,"Assets/DevDen Arch Viz Scotland/Materials/Kitchen Room/marble.mat"
"Assets/_Recovery/0 (3).unity","Assets/Animated Tropical Vegetation/Textures/jungle_bush_leaves_color.png",512,512,700080,1,"Assets/Animated Tropical Vegetation/Materials/jungle_bush_leaves.mat"
"Assets/_Recovery/0 (3).unity","Assets/Animated Tropical Vegetation/Textures/jungle_bush_leaves_normal.png",512,512,700080,1,"Assets/Animated Tropical Vegetation/Materials/jungle_bush_leaves.mat"
"Assets/_Recovery/0 (3).unity","Assets/DevDen Arch Viz Scotland/Textures/Study Room/Table_Lamp/LightBulb02_NM.png",512,512,700080,1,"Assets/DevDen Arch Viz Scotland/Materials/Study Room/LightBulb02On.mat"
"Assets/_Recovery/0 (3).unity","Assets/DevDen Arch Viz Scotland/Textures/Study Room/Table_Lamp/LightBulb02_Metallic.png",512,512,700080,1,"Assets/DevDen Arch Viz Scotland/Materials/Study Room/LightBulb02On.mat"
"Assets/_Recovery/0 (3).unity","Assets/DevDen Arch Viz Scotland/Textures/Living Room/Living_room_carpet/normal.png",512,512,700080,1,"Assets/DevDen Arch Viz Scotland/Materials/Living Room/NewCarpet.mat"
"Assets/_Recovery/0 (3).unity","Assets/DevDen Arch Viz Scotland/Textures/Living Room/TV/TV_Normal.png",512,512,700080,1,"Assets/DevDen Arch Viz Scotland/Materials/Living Room/TV.mat"
"Assets/_Recovery/0 (3).unity","Assets/IgniteCoders/Simple Water Shader/Resources/WaterSurface_single.tif",512,512,700080,1,"Assets/IgniteCoders/Simple Water Shader/Resources/Water_mat_01.mat"
"Assets/_Recovery/0 (3).unity","Assets/My_Custom/morten-s.glb",1024,512,700064,1,"Assets/My_Custom/morten-s.glb"
"Assets/_Recovery/0 (3).unity","Assets/DevDen Arch Viz Scotland/Textures/Common/Interior_props/LightPlastic02.png",512,512,350528,1,"Assets/DevDen Arch Viz Scotland/Materials/Study Room/LightPlastic02.mat"
"Assets/_Recovery/0 (3).unity","Assets/DevDen Arch Viz Scotland/Textures/Study Room/Table_Lamp/LightBulb02.png",512,512,350528,1,"Assets/DevDen Arch Viz Scotland/Materials/Study Room/LightBulb02On.mat"
"Assets/_Recovery/0 (3).unity","Assets/DevDen Arch Viz Scotland/Textures/Living Room/TV/TV_AO.png",512,512,350528,1,"Assets/DevDen Arch Viz Scotland/Materials/Living Room/TV.mat"
"Assets/_Recovery/0 (3).unity","Assets/Food Pack-Demo/Texture/Texture.png",512,512,350528,1,"Assets/Food Pack-Demo/Materials/Base color.mat"
"Assets/_Recovery/0 (3).unity","Assets/Emilulz_Assets/DEMOLowPolyFlowers/Assets/DEMOAtlas_Flowerpack.png",256,256,175792,1,"Assets/Emilulz_Assets/DEMOLowPolyFlowers/Prefabs/M_DEMOAtlas_LowPolyFlowers.mat"
"Assets/_Recovery/0 (3).unity","Assets/BCaT_assets/SewingRoom/needle_and_thread.glb",256,256,88384,1,"Assets/BCaT_assets/SewingRoom/needle_and_thread.glb"
"Assets/_Recovery/0 (3).unity","Assets/DevDen Arch Viz Scotland/Textures/Living Room/Living_room_carpet/Carpet.png",256,256,88384,1,"Assets/DevDen Arch Viz Scotland/Materials/Living Room/NewCarpet.mat"
"Assets/_Recovery/0 (3).unity","Assets/My_Custom/morten-s.glb",256,256,88384,1,"Assets/My_Custom/morten-s.glb"
"Assets/_Recovery/0 (3).unity","Assets/LowPolyLivingRoomPack/Textures/T_Palette_LivingRoom.png",8,8,1571,1,"Assets/LowPolyLivingRoomPack/Materials/M_LowPolyLivingRoom.mat"
"Assets/_Recovery/0 (3).unity","Assets/IgniteCoders/Simple Water Shader/Resources/WaterReflection.renderTexture",1920,1024,1184,1,"Assets/IgniteCoders/Simple Water Shader/Resources/Water_mat_01.mat"
"Assets/Animated Tropical Vegetation/DemoScene.unity","Assets/Animated Tropical Vegetation/Textures/palm_tree_3_leaves_color.png",2048,1024,5593456,1,"Assets/Animated Tropical Vegetation/Materials/palm_tree_3_leaves.mat"
"Assets/Animated Tropical Vegetation/DemoScene.unity","Assets/Animated Tropical Vegetation/Textures/palm_tree_3_leaves_normal.png",2048,1024,5593456,1,"Assets/Animated Tropical Vegetation/Materials/palm_tree_3_leaves.mat"
"Assets/Animated Tropical Vegetation/DemoScene.unity","Assets/Animated Tropical Vegetation/Textures/billboards/large_palm_tree_2_billboard_normal.png",1024,1024,2797267,1,"Assets/Animated Tropical Vegetation/Materials/Billboards/large_palm_tree_2_billboard.mat"
"Assets/Animated Tropical Vegetation/DemoScene.unity","Assets/Animated Tropical Vegetation/Textures/billboards/large_palm_tree_1_billboard_normal.png",1024,1024,2797267,1,"Assets/Animated Tropical Vegetation/Materials/Billboards/large_palm_tree_1_billboard.mat"
"Assets/Animated Tropical Vegetation/DemoScene.unity","Assets/Animated Tropical Vegetation/Textures/billboards/large_palm_tree_2_billboard_color.png",1024,1024,2797266,1,"Assets/Animated Tropical Vegetation/Materials/Billboards/large_palm_tree_2_billboard.mat"
"Assets/Animated Tropical Vegetation/DemoScene.unity","Assets/Animated Tropical Vegetation/Textures/billboards/large_palm_tree_1_billboard_color.png",1024,1024,2797266,1,"Assets/Animated Tropical Vegetation/Materials/Billboards/large_palm_tree_1_billboard.mat"
"Assets/Animated Tropical Vegetation/DemoScene.unity","Assets/Animated Tropical Vegetation/Textures/billboards/bushy_palm_3_billboard_color.png",1024,1024,2797232,1,"Assets/Animated Tropical Vegetation/Materials/Billboards/bushy_palm_3_billboard.mat"
"Assets/Animated Tropical Vegetation/DemoScene.unity","Assets/Animated Tropical Vegetation/Textures/billboards/bushy_palm_3_billboard_normal.png",1024,1024,2797232,1,"Assets/Animated Tropical Vegetation/Materials/Billboards/bushy_palm_3_billboard.mat"
"Assets/Animated Tropical Vegetation/DemoScene.unity","Assets/Animated Tropical Vegetation/Textures/billboards/palm_tree_2_billboard_color.png",1024,1024,2797232,1,"Assets/Animated Tropical Vegetation/Materials/Billboards/palm_tree_2_billboard.mat"
"Assets/Animated Tropical Vegetation/DemoScene.unity","Assets/Animated Tropical Vegetation/Textures/billboards/palm_tree_2_billboard_normal.png",1024,1024,2797232,1,"Assets/Animated Tropical Vegetation/Materials/Billboards/palm_tree_2_billboard.mat"
"Assets/Animated Tropical Vegetation/DemoScene.unity","Assets/Animated Tropical Vegetation/Textures/palm_tree_2_leaves_color.png",1024,1024,2797232,1,"Assets/Animated Tropical Vegetation/Materials/palm_tree_2_leaves.mat"
"Assets/Animated Tropical Vegetation/DemoScene.unity","Assets/Animated Tropical Vegetation/Textures/palm_tree_2_leaves_normal.png",1024,1024,2797232,1,"Assets/Animated Tropical Vegetation/Materials/palm_tree_2_leaves.mat"
"Assets/Animated Tropical Vegetation/DemoScene.unity","Assets/Animated Tropical Vegetation/Textures/billboards/bushy_palm_2_billboard_color.png",1024,1024,2797232,1,"Assets/Animated Tropical Vegetation/Materials/Billboards/bushy_palm_2_billboard.mat"
"Assets/Animated Tropical Vegetation/DemoScene.unity","Assets/Animated Tropical Vegetation/Textures/billboards/bushy_palm_2_billboard_normal.png",1024,1024,2797232,1,"Assets/Animated Tropical Vegetation/Materials/Billboards/bushy_palm_2_billboard.mat"
"Assets/Animated Tropical Vegetation/DemoScene.unity","Assets/Animated Tropical Vegetation/Textures/billboards/banana_tree_6_billboard_color.png",1024,1024,2797232,1,"Assets/Animated Tropical Vegetation/Materials/Billboards/banana_tree_6_billboard.mat"
"Assets/Animated Tropical Vegetation/DemoScene.unity","Assets/Animated Tropical Vegetation/Textures/billboards/banana_tree_6_billboard_normal.png",1024,1024,2797232,1,"Assets/Animated Tropical Vegetation/Materials/Billboards/banana_tree_6_billboard.mat"
"Assets/Animated Tropical Vegetation/DemoScene.unity","Assets/Animated Tropical Vegetation/Textures/banana_tree_2_leaves_color.png",1024,1024,2797232,1,"Assets/Animated Tropical Vegetation/Materials/banana_tree_2_leaves.mat"
"Assets/Animated Tropical Vegetation/DemoScene.unity","Assets/Animated Tropical Vegetation/Textures/banana_tree_2_leaves_normal.png",1024,1024,2797232,1,"Assets/Animated Tropical Vegetation/Materials/banana_tree_2_leaves.mat"
"Assets/Animated Tropical Vegetation/DemoScene.unity","Assets/Animated Tropical Vegetation/Textures/billboards/small_tree_2_billboard_color.png",1024,1024,2797232,1,"Assets/Animated Tropical Vegetation/Materials/Billboards/small_tree_2_billboard.mat"
"Assets/Animated Tropical Vegetation/DemoScene.unity","Assets/Animated Tropical Vegetation/Textures/billboards/small_tree_2_billboard_normal.png",1024,1024,2797232,1,"Assets/Animated Tropical Vegetation/Materials/Billboards/small_tree_2_billboard.mat"
"Assets/Animated Tropical Vegetation/DemoScene.unity","Assets/Animated Tropical Vegetation/Textures/billboards/small_tree_4_billboard_color.png",1024,1024,2797232,1,"Assets/Animated Tropical Vegetation/Materials/Billboards/small_tree_4_billboard.mat"
"Assets/Animated Tropical Vegetation/DemoScene.unity","Assets/Animated Tropical Vegetation/Textures/billboards/small_tree_4_billboard_normal.png",1024,1024,2797232,1,"Assets/Animated Tropical Vegetation/Materials/Billboards/small_tree_4_billboard.mat"
"Assets/Animated Tropical Vegetation/DemoScene.unity","Assets/Animated Tropical Vegetation/Textures/billboards/jungle_bush_3_billboard_color.png",1024,1024,2797232,1,"Assets/Animated Tropical Vegetation/Materials/Billboards/jungle_bush_3_billboard.mat"
"Assets/Animated Tropical Vegetation/DemoScene.unity","Assets/Animated Tropical Vegetation/Textures/billboards/jungle_bush_3_billboard_normal.png",1024,1024,2797232,1,"Assets/Animated Tropical Vegetation/Materials/Billboards/jungle_bush_3_billboard.mat"
"Assets/Animated Tropical Vegetation/DemoScene.unity","Assets/Animated Tropical Vegetation/Textures/dead_tree_bark_normal.png",1024,1024,2797232,1,"Assets/Animated Tropical Vegetation/Materials/dead_tree_bark.mat"
"Assets/Animated Tropical Vegetation/DemoScene.unity","Assets/Animated Tropical Vegetation/Textures/billboards/banana_tree_3_billboard_color.png",1024,1024,2797232,1,"Assets/Animated Tropical Vegetation/Materials/Billboards/banana_tree_3_billboard.mat"
"Assets/Animated Tropical Vegetation/DemoScene.unity","Assets/Animated Tropical Vegetation/Textures/billboards/banana_tree_3_billboard_normal.png",1024,1024,2797232,1,"Assets/Animated Tropical Vegetation/Materials/Billboards/banana_tree_3_billboard.mat"
"Assets/Animated Tropical Vegetation/DemoScene.unity","Assets/Animated Tropical Vegetation/Textures/billboards/bushy_palm_1_billboard_color.png",1024,1024,2797232,1,"Assets/Animated Tropical Vegetation/Materials/Billboards/bushy_palm_1_billboard.mat"
"Assets/Animated Tropical Vegetation/DemoScene.unity","Assets/Animated Tropical Vegetation/Textures/billboards/bushy_palm_1_billboard_normal.png",1024,1024,2797232,1,"Assets/Animated Tropical Vegetation/Materials/Billboards/bushy_palm_1_billboard.mat"
"Assets/Animated Tropical Vegetation/DemoScene.unity","Assets/Animated Tropical Vegetation/Textures/billboards/banana_tree_5_billboard_color.png",1024,1024,2797232,1,"Assets/Animated Tropical Vegetation/Materials/Billboards/banana_tree_5_billboard.mat"
"Assets/Animated Tropical Vegetation/DemoScene.unity","Assets/Animated Tropical Vegetation/Textures/billboards/banana_tree_5_billboard_normal.png",1024,1024,2797232,1,"Assets/Animated Tropical Vegetation/Materials/Billboards/banana_tree_5_billboard.mat"
"Assets/Animated Tropical Vegetation/DemoScene.unity","Assets/Animated Tropical Vegetation/Textures/palm_tree_1_leaves_color.png",1024,1024,2797232,1,"Assets/Animated Tropical Vegetation/Materials/palm_tree_1_leaves.mat"
"Assets/Animated Tropical Vegetation/DemoScene.unity","Assets/Animated Tropical Vegetation/Textures/palm_tree_1_leaves_normal.png",1024,1024,2797232,1,"Assets/Animated Tropical Vegetation/Materials/palm_tree_1_leaves.mat"
"Assets/Animated Tropical Vegetation/DemoScene.unity","Assets/Animated Tropical Vegetation/Textures/palm_tree_1_bark_normal.png",1024,1024,2797232,1,"Assets/Animated Tropical Vegetation/Materials/palm_tree_1_bark.mat"
"Assets/Animated Tropical Vegetation/DemoScene.unity","Assets/Animated Tropical Vegetation/Textures/billboards/small_tree_3_billboard_color.png",1024,1024,2797232,1,"Assets/Animated Tropical Vegetation/Materials/Billboards/small_tree_3_billboard.mat"
"Assets/Animated Tropical Vegetation/DemoScene.unity","Assets/Animated Tropical Vegetation/Textures/billboards/small_tree_3_billboard_normal.png",1024,1024,2797232,1,"Assets/Animated Tropical Vegetation/Materials/Billboards/small_tree_3_billboard.mat"
"Assets/Animated Tropical Vegetation/DemoScene.unity","Assets/Animated Tropical Vegetation/Textures/billboards/bamboo_3_billboard_color.png",1024,1024,2797232,1,"Assets/Animated Tropical Vegetation/Materials/Billboards/bamboo_3_billboard.mat"
"Assets/Animated Tropical Vegetation/DemoScene.unity","Assets/Animated Tropical Vegetation/Textures/billboards/bamboo_3_billboard_normal.png",1024,1024,2797232,1,"Assets/Animated Tropical Vegetation/Materials/Billboards/bamboo_3_billboard.mat"
"Assets/Animated Tropical Vegetation/DemoScene.unity","Assets/Animated Tropical Vegetation/Textures/billboards/banana_tree_1_billboard_color.png",1024,1024,2797232,1,"Assets/Animated Tropical Vegetation/Materials/Billboards/banana_tree_1_billboard.mat"
"Assets/Animated Tropical Vegetation/DemoScene.unity","Assets/Animated Tropical Vegetation/Textures/billboards/banana_tree_1_billboard_normal.png",1024,1024,2797232,1,"Assets/Animated Tropical Vegetation/Materials/Billboards/banana_tree_1_billboard.mat"
"Assets/Animated Tropical Vegetation/DemoScene.unity","Assets/Animated Tropical Vegetation/Textures/billboards/banana_tree_4_billboard_color.png",1024,1024,2797232,1,"Assets/Animated Tropical Vegetation/Materials/Billboards/banana_tree_4_billboard.mat"
"Assets/Animated Tropical Vegetation/DemoScene.unity","Assets/Animated Tropical Vegetation/Textures/billboards/banana_tree_4_billboard_normal.png",1024,1024,2797232,1,"Assets/Animated Tropical Vegetation/Materials/Billboards/banana_tree_4_billboard.mat"
"Assets/Animated Tropical Vegetation/DemoScene.unity","Assets/Animated Tropical Vegetation/Textures/billboards/banana_tree_2_billboard_color.png",1024,1024,2797232,1,"Assets/Animated Tropical Vegetation/Materials/Billboards/banana_tree_2_billboard.mat"
"Assets/Animated Tropical Vegetation/DemoScene.unity","Assets/Animated Tropical Vegetation/Textures/billboards/banana_tree_2_billboard_normal.png",1024,1024,2797232,1,"Assets/Animated Tropical Vegetation/Materials/Billboards/banana_tree_2_billboard.mat"
"Assets/Animated Tropical Vegetation/DemoScene.unity","Assets/Animated Tropical Vegetation/Textures/billboards/bamboo_2_billboard_color.png",1024,1024,2797232,1,"Assets/Animated Tropical Vegetation/Materials/Billboards/bamboo_2_billboard.mat"
"Assets/Animated Tropical Vegetation/DemoScene.unity","Assets/Animated Tropical Vegetation/Textures/billboards/bamboo_2_billboard_normal.png",1024,1024,2797232,1,"Assets/Animated Tropical Vegetation/Materials/Billboards/bamboo_2_billboard.mat"
"Assets/Animated Tropical Vegetation/DemoScene.unity","Assets/Animated Tropical Vegetation/Textures/billboards/tropical_plant_billboard_color.png",1024,1024,2797232,1,"Assets/Animated Tropical Vegetation/Materials/Billboards/tropical_plant_billboard.mat"
"Assets/Animated Tropical Vegetation/DemoScene.unity","Assets/Animated Tropical Vegetation/Textures/billboards/tropical_plant_billboard_normal.png",1024,1024,2797232,1,"Assets/Animated Tropical Vegetation/Materials/Billboards/tropical_plant_billboard.mat"
"Assets/Animated Tropical Vegetation/DemoScene.unity","Assets/Animated Tropical Vegetation/Textures/billboards/bamboo_1_billboard_color.png",1024,1024,2797232,1,"Assets/Animated Tropical Vegetation/Materials/Billboards/bamboo_1_billboard.mat"
"Assets/Animated Tropical Vegetation/DemoScene.unity","Assets/Animated Tropical Vegetation/Textures/billboards/bamboo_1_billboard_normal.png",1024,1024,2797232,1,"Assets/Animated Tropical Vegetation/Materials/Billboards/bamboo_1_billboard.mat"
"Assets/Animated Tropical Vegetation/DemoScene.unity","Assets/Animated Tropical Vegetation/Textures/billboards/bamboo_4_billboard_color.png",1024,1024,2797232,1,"Assets/Animated Tropical Vegetation/Materials/Billboards/bamboo_4_billboard.mat"
"Assets/Animated Tropical Vegetation/DemoScene.unity","Assets/Animated Tropical Vegetation/Textures/billboards/bamboo_4_billboard_normal.png",1024,1024,2797232,1,"Assets/Animated Tropical Vegetation/Materials/Billboards/bamboo_4_billboard.mat"
"Assets/Animated Tropical Vegetation/DemoScene.unity","Assets/Animated Tropical Vegetation/Textures/billboards/jungle_bush_1_billboard_color.png",1024,1024,2797232,1,"Assets/Animated Tropical Vegetation/Materials/Billboards/jungle_bush_1_billboard.mat"
"Assets/Animated Tropical Vegetation/DemoScene.unity","Assets/Animated Tropical Vegetation/Textures/billboards/jungle_bush_1_billboard_normal.png",1024,1024,2797232,1,"Assets/Animated Tropical Vegetation/Materials/Billboards/jungle_bush_1_billboard.mat"
"Assets/Animated Tropical Vegetation/DemoScene.unity","Assets/Animated Tropical Vegetation/Textures/billboards/big_palm_tree_billboard_color.png",1024,1024,2797232,1,"Assets/Animated Tropical Vegetation/Materials/Billboards/big_palm_tree_billboard.mat"
"Assets/Animated Tropical Vegetation/DemoScene.unity","Assets/Animated Tropical Vegetation/Textures/billboards/big_palm_tree_billboard_normal.png",1024,1024,2797232,1,"Assets/Animated Tropical Vegetation/Materials/Billboards/big_palm_tree_billboard.mat"
"Assets/Animated Tropical Vegetation/DemoScene.unity","Assets/Animated Tropical Vegetation/Textures/palm_tree_3_bark_normal.png",1024,1024,2797232,1,"Assets/Animated Tropical Vegetation/Materials/palm_tree_3_bark.mat"
"Assets/Animated Tropical Vegetation/DemoScene.unity","Assets/Animated Tropical Vegetation/Textures/bushy_palm_2_color.png",1024,512,1399152,1,"Assets/Animated Tropical Vegetation/Materials/bushy_palm_2.mat"
"Assets/Animated Tropical Vegetation/DemoScene.unity","Assets/Animated Tropical Vegetation/Textures/bushy_palm_2_normal.png",1024,512,1399152,1,"Assets/Animated Tropical Vegetation/Materials/bushy_palm_2.mat"
"Assets/Animated Tropical Vegetation/DemoScene.unity","Assets/Animated Tropical Vegetation/Textures/palm_tree_2_bark_normal.png",512,1024,1399152,1,"Assets/Animated Tropical Vegetation/Materials/palm_tree_2_bark.mat"
"Assets/Animated Tropical Vegetation/DemoScene.unity","Assets/Animated Tropical Vegetation/Textures/banana_tree_2_bark_normal.png",512,1024,1399152,1,"Assets/Animated Tropical Vegetation/Materials/banana_tree_2_bark.mat"
"Assets/Animated Tropical Vegetation/DemoScene.unity","Assets/Animated Tropical Vegetation/Textures/dead_tree_bark_color.png",1024,1024,1399104,1,"Assets/Animated Tropical Vegetation/Materials/dead_tree_bark.mat"
"Assets/Animated Tropical Vegetation/DemoScene.unity","Assets/Animated Tropical Vegetation/Textures/palm_tree_1_bark_color.png",1024,1024,1399104,1,"Assets/Animated Tropical Vegetation/Materials/palm_tree_1_bark.mat"
"Assets/Animated Tropical Vegetation/DemoScene.unity","Assets/Animated Tropical Vegetation/Textures/palm_tree_3_bark_color.png",1024,1024,1399104,1,"Assets/Animated Tropical Vegetation/Materials/palm_tree_3_bark.mat"
"Assets/Animated Tropical Vegetation/DemoScene.unity","Assets/Animated Tropical Vegetation/Textures/small_tree_bark_normal.png",512,512,700080,1,"Assets/Animated Tropical Vegetation/Materials/small_tree_bark.mat"
"Assets/Animated Tropical Vegetation/DemoScene.unity","Assets/Animated Tropical Vegetation/Textures/small_tree_leaves_color.png",512,512,700080,1,"Assets/Animated Tropical Vegetation/Materials/small_tree_leaves.mat"
"Assets/Animated Tropical Vegetation/DemoScene.unity","Assets/Animated Tropical Vegetation/Textures/small_tree_leaves_normal.png",512,512,700080,1,"Assets/Animated Tropical Vegetation/Materials/small_tree_leaves.mat"
"Assets/Animated Tropical Vegetation/DemoScene.unity","Assets/Animated Tropical Vegetation/Textures/jungle_bush_leaves_color.png",512,512,700080,1,"Assets/Animated Tropical Vegetation/Materials/jungle_bush_leaves.mat"
"Assets/Animated Tropical Vegetation/DemoScene.unity","Assets/Animated Tropical Vegetation/Textures/jungle_bush_leaves_normal.png",512,512,700080,1,"Assets/Animated Tropical Vegetation/Materials/jungle_bush_leaves.mat"
"Assets/Animated Tropical Vegetation/DemoScene.unity","Assets/Animated Tropical Vegetation/Textures/dead_tree_leaves_color.png",512,512,700080,1,"Assets/Animated Tropical Vegetation/Materials/dead_tree_leaves.mat"
"Assets/Animated Tropical Vegetation/DemoScene.unity","Assets/Animated Tropical Vegetation/Textures/dead_tree_leaves_normal.png",512,512,700080,1,"Assets/Animated Tropical Vegetation/Materials/dead_tree_leaves.mat"
"Assets/Animated Tropical Vegetation/DemoScene.unity","Assets/Animated Tropical Vegetation/Textures/bushy_palm_1_color.png",512,512,700080,1,"Assets/Animated Tropical Vegetation/Materials/bushy_palm_1.mat"
"Assets/Animated Tropical Vegetation/DemoScene.unity","Assets/Animated Tropical Vegetation/Textures/bushy_palm_1_normal.png",512,512,700080,1,"Assets/Animated Tropical Vegetation/Materials/bushy_palm_1.mat"
"Assets/Animated Tropical Vegetation/DemoScene.unity","Assets/Animated Tropical Vegetation/Textures/bamboo_leaves_color.png",512,512,700080,1,"Assets/Animated Tropical Vegetation/Materials/bamboo_leaves.mat"
"Assets/Animated Tropical Vegetation/DemoScene.unity","Assets/Animated Tropical Vegetation/Textures/bamboo_leaves_normal.png",512,512,700080,1,"Assets/Animated Tropical Vegetation/Materials/bamboo_leaves.mat"
"Assets/Animated Tropical Vegetation/DemoScene.unity","Assets/Animated Tropical Vegetation/Textures/banana_tree_1_leaf_color.png",512,512,700080,1,"Assets/Animated Tropical Vegetation/Materials/banana_tree_1_leaf.mat"
"Assets/Animated Tropical Vegetation/DemoScene.unity","Assets/Animated Tropical Vegetation/Textures/banana_tree_1_leaf_normal.png",512,512,700080,1,"Assets/Animated Tropical Vegetation/Materials/banana_tree_1_leaf.mat"
"Assets/Animated Tropical Vegetation/DemoScene.unity","Assets/Animated Tropical Vegetation/Textures/banana_tree_1_bark_normal.png",512,512,700080,1,"Assets/Animated Tropical Vegetation/Materials/banana_tree_1_bark.mat"
"Assets/Animated Tropical Vegetation/DemoScene.unity","Assets/Animated Tropical Vegetation/Textures/tropical_plant_leaf_color.png",512,512,700080,1,"Assets/Animated Tropical Vegetation/Materials/tropical_plant_leaf.mat"
"Assets/Animated Tropical Vegetation/DemoScene.unity","Assets/Animated Tropical Vegetation/Textures/tropical_plant_leaf_normal.png",512,512,700080,1,"Assets/Animated Tropical Vegetation/Materials/tropical_plant_leaf.mat"
"Assets/Animated Tropical Vegetation/DemoScene.unity","Assets/Animated Tropical Vegetation/Textures/palm_tree_2_bark_color.png",512,1024,700064,1,"Assets/Animated Tropical Vegetation/Materials/palm_tree_2_bark.mat"
"Assets/Animated Tropical Vegetation/DemoScene.unity","Assets/Animated Tropical Vegetation/Textures/banana_tree_2_bark_color.png",512,1024,700064,1,"Assets/Animated Tropical Vegetation/Materials/banana_tree_2_bark.mat"
"Assets/Animated Tropical Vegetation/DemoScene.unity","Assets/Animated Tropical Vegetation/Textures/bamboo_bark_normal.png",256,512,350576,1,"Assets/Animated Tropical Vegetation/Materials/bamboo_bark.mat"
"Assets/Animated Tropical Vegetation/DemoScene.unity","Assets/Animated Tropical Vegetation/Textures/small_tree_bark_color.png",512,512,350528,1,"Assets/Animated Tropical Vegetation/Materials/small_tree_bark.mat"
"Assets/Animated Tropical Vegetation/DemoScene.unity","Assets/Animated Tropical Vegetation/Textures/banana_tree_1_bark_color.png",512,512,350528,1,"Assets/Animated Tropical Vegetation/Materials/banana_tree_1_bark.mat"
"Assets/Animated Tropical Vegetation/DemoScene.unity","Assets/Animated Tropical Vegetation/DemoSceneContent/background.png",512,512,350528,1,"Assets/Animated Tropical Vegetation/DemoSceneContent/surface.mat"
"Assets/Animated Tropical Vegetation/DemoScene.unity","Assets/Animated Tropical Vegetation/Textures/bamboo_bark_color.png",256,512,175776,1,"Assets/Animated Tropical Vegetation/Materials/bamboo_bark.mat"
"Assets/BCaT/Exhibits/BlackKitchen/Scenes/BlackKitchen_MemoryScene.unity","Assets/BCaT/Exhibits/BlackKitchen/Models/BlackKitchen_ScannedEnvironment.glb",4096,4096,22370624,1,"Assets/BCaT/Exhibits/BlackKitchen/Models/BlackKitchen_ScannedEnvironment.glb"
"Assets/BCaT/Exhibits/BlackKitchen/Scenes/BlackKitchen_MemoryScene.unity","Assets/Samples/XR Interaction Toolkit/3.3.1/Starter Assets/Textures/DefaultMaterial_AO.png",2048,2048,5593408,2,"Assets/Samples/XR Interaction Toolkit/3.3.1/Starter Assets/Materials/Controller_Grey.mat;Assets/Samples/XR Interaction Toolkit/3.3.1/Starter Assets/Materials/Controller_White.mat"
"Assets/BH_XR_MainScene.unity","Assets/BCaT_assets/BTMMP_Workstation_Assembly/camera-canon-eos-400d/textures/Camara_Low_V2_lambert3_BaseColor.png",2048,2048,11185873,1,"Assets/BCaT_assets/BTMMP_Workstation_Assembly/camera-canon-eos-400d/source/Cilindro low-bajo.fbx"
"Assets/BH_XR_MainScene.unity","Assets/BCaT_assets/BTMMP_Workstation_Assembly/flowerbarrel_with_tulips.glb",2048,2048,11185840,1,"Assets/BCaT_assets/BTMMP_Workstation_Assembly/flowerbarrel_with_tulips.glb"
"Assets/BH_XR_MainScene.unity","Assets/BCaT_assets/BTMMP_Workstation_Assembly/flowerbarrel_with_tulips.glb",2048,2048,11185840,1,"Assets/BCaT_assets/BTMMP_Workstation_Assembly/flowerbarrel_with_tulips.glb"
"Assets/BH_XR_MainScene.unity","Assets/BCaT_assets/BTMMP_Workstation_Assembly/metal_table_asset.glb",2048,2048,11185840,1,"Assets/BCaT_assets/BTMMP_Workstation_Assembly/metal_table_asset.glb"
"Assets/BH_XR_MainScene.unity","Assets/My_Custom/dishwasher.glb",2048,2048,11185840,1,"Assets/My_Custom/dishwasher.glb"
"Assets/BH_XR_MainScene.unity","Assets/BCaT_assets/SewingRoom/old_sewing_box.glb",2048,2048,11185840,1,"Assets/BCaT_assets/SewingRoom/old_sewing_box.glb"
"Assets/BH_XR_MainScene.unity","Assets/BCaT_assets/SewingRoom/bed.glb",2048,2048,11185840,1,"Assets/BCaT_assets/SewingRoom/bed.glb"
"Assets/BH_XR_MainScene.unity","Assets/BCaT_assets/SewingRoom/bed.glb",2048,2048,11185840,1,"Assets/BCaT_assets/SewingRoom/bed.glb"
"Assets/BH_XR_MainScene.unity","Assets/BCaT_assets/SewingRoom/bed.glb",2048,2048,11185840,1,"Assets/BCaT_assets/SewingRoom/bed.glb"
"Assets/BH_XR_MainScene.unity","Assets/BCaT_assets/BlackFamilyMuseumArchive/Models/chest_chair.glb",1024,1024,9787716,1,"Assets/BCaT_assets/BlackFamilyMuseumArchive/Models/chest_chair.glb"
"Assets/BH_XR_MainScene.unity","Assets/BCaT_assets/BlackFamilyMuseumArchive/Models/chest.glb",1024,1024,9787716,1,"Assets/BCaT_assets/BlackFamilyMuseumArchive/Models/chest.glb"
"Assets/BH_XR_MainScene.unity","Assets/BCaT_assets/BTMMP_Workstation_Assembly/spray-paint-bottle-2/textures/diffuse.jpg",2048,2048,5593408,1,"Assets/BCaT_assets/BTMMP_Workstation_Assembly/spray-paint-bottle-2/source/spray_paint_bottle_2.fbx"
"Assets/BH_XR_MainScene.unity","Assets/BCaT_assets/BTMMP_Workstation_Assembly/spray-paint-bottle-2/textures/normal.jpg",2048,2048,5593408,1,"Assets/BCaT_assets/BTMMP_Workstation_Assembly/spray-paint-bottle-2/source/spray_paint_bottle_2.fbx"
"Assets/BH_XR_MainScene.unity","Assets/BCaT_assets/BTMMP_Workstation_Assembly/flowerbarrel_with_tulips.glb",2048,2048,5593408,1,"Assets/BCaT_assets/BTMMP_Workstation_Assembly/flowerbarrel_with_tulips.glb"
"Assets/BH_XR_MainScene.unity","Assets/BCaT_assets/BTMMP_Workstation_Assembly/flowerbarrel_with_tulips.glb",2048,2048,5593408,1,"Assets/BCaT_assets/BTMMP_Workstation_Assembly/flowerbarrel_with_tulips.glb"
"Assets/BH_XR_MainScene.unity","Assets/BCaT_assets/BTMMP_Workstation_Assembly/flowerbarrel_with_tulips.glb",2048,2048,5593408,1,"Assets/BCaT_assets/BTMMP_Workstation_Assembly/flowerbarrel_with_tulips.glb"
"Assets/BH_XR_MainScene.unity","Assets/BCaT_assets/BTMMP_Workstation_Assembly/flowerbarrel_with_tulips.glb",2048,2048,5593408,1,"Assets/BCaT_assets/BTMMP_Workstation_Assembly/flowerbarrel_with_tulips.glb"
"Assets/BH_XR_MainScene.unity","Assets/BCaT_assets/BTMMP_Workstation_Assembly/flowerbarrel_with_tulips.glb",2048,2048,5593408,1,"Assets/BCaT_assets/BTMMP_Workstation_Assembly/flowerbarrel_with_tulips.glb"
"Assets/BH_XR_MainScene.unity","Assets/BCaT_assets/BTMMP_Workstation_Assembly/flowerbarrel_with_tulips.glb",2048,2048,5593408,1,"Assets/BCaT_assets/BTMMP_Workstation_Assembly/flowerbarrel_with_tulips.glb"
"Assets/BH_XR_MainScene.unity","Assets/BCAT_GLB_TextureRemediation/metal_table_asset/Texture_0 _00.png",2048,2048,5593408,1,"Assets/BCaT_assets/BTMMP_Workstation_Assembly/metal_table_asset.glb"
"Assets/BH_XR_MainScene.unity","Assets/BCAT_GLB_TextureRemediation/metal_table_asset/Texture_1 _01.png",2048,2048,5593408,1,"Assets/BCaT_assets/BTMMP_Workstation_Assembly/metal_table_asset.glb"
"Assets/BH_XR_MainScene.unity","Assets/My_Custom/modern_scandinavian_kitchen_island.glb",2048,2048,5593408,1,"Assets/My_Custom/modern_scandinavian_kitchen_island.glb"
"Assets/BH_XR_MainScene.unity","Assets/My_Custom/modern_scandinavian_kitchen_island.glb",2048,2048,5593408,1,"Assets/My_Custom/modern_scandinavian_kitchen_island.glb"
"Assets/BH_XR_MainScene.unity","Assets/My_Custom/modern_scandinavian_kitchen_island.glb",2048,2048,5593408,1,"Assets/My_Custom/modern_scandinavian_kitchen_island.glb"
"Assets/BH_XR_MainScene.unity","Assets/My_Custom/modern_scandinavian_kitchen_island.glb",2048,2048,5593408,1,"Assets/My_Custom/modern_scandinavian_kitchen_island.glb"
"Assets/BH_XR_MainScene.unity","Assets/My_Custom/modern_scandinavian_kitchen_island.glb",2048,2048,5593408,1,"Assets/My_Custom/modern_scandinavian_kitchen_island.glb"
"Assets/BH_XR_MainScene.unity","Assets/My_Custom/modern_scandinavian_kitchen_island.glb",2048,2048,5593408,1,"Assets/My_Custom/modern_scandinavian_kitchen_island.glb"
"Assets/BH_XR_MainScene.unity","Assets/My_Custom/modern_scandinavian_kitchen_island.glb",2048,2048,5593408,1,"Assets/My_Custom/modern_scandinavian_kitchen_island.glb"
"Assets/BH_XR_MainScene.unity","Assets/My_Custom/modern_scandinavian_kitchen_island.glb",2048,2048,5593408,1,"Assets/My_Custom/modern_scandinavian_kitchen_island.glb"
"Assets/BH_XR_MainScene.unity","Assets/My_Custom/modern_scandinavian_kitchen_island.glb",2048,2048,5593408,1,"Assets/My_Custom/modern_scandinavian_kitchen_island.glb"
"Assets/BH_XR_MainScene.unity","Assets/My_Custom/modern_scandinavian_kitchen_island.glb",2048,2048,5593408,1,"Assets/My_Custom/modern_scandinavian_kitchen_island.glb"
"Assets/BH_XR_MainScene.unity","Assets/My_Custom/zedah_prevalent_52_inch_luxury_fan.glb",2048,2048,5593408,1,"Assets/My_Custom/zedah_prevalent_52_inch_luxury_fan.glb"
"Assets/BH_XR_MainScene.unity","Assets/BCaT_assets/BTMMP_Workstation_Assembly/camera-canon-eos-400d/textures/Camara_Low_V2_lambert3_Normal.png",2048,2048,5593408,1,"Assets/BCaT_assets/BTMMP_Workstation_Assembly/camera-canon-eos-400d/source/Cilindro low-bajo.fbx"
"Assets/BH_XR_MainScene.unity","Assets/BCAT_GLB_TextureRemediation/dishwasher/Texture_0 _00.png",2048,2048,5593408,1,"Assets/My_Custom/dishwasher.glb"
"Assets/BH_XR_MainScene.unity","Assets/BCAT_GLB_TextureRemediation/dishwasher/Texture_1 _01.png",2048,2048,5593408,1,"Assets/My_Custom/dishwasher.glb"
"Assets/BH_XR_MainScene.unity","Assets/Samples/XR Interaction Toolkit/3.3.1/Starter Assets/Textures/DefaultMaterial_AO.png",2048,2048,5593408,2,"Assets/Samples/XR Interaction Toolkit/3.3.1/Starter Assets/Materials/Controller_Grey.mat;Assets/Samples/XR Interaction Toolkit/3.3.1/Starter Assets/Materials/Controller_White.mat"
"Assets/BH_XR_MainScene.unity","Assets/BCaT_assets/SewingRoom/old_sewing_box.glb",2048,2048,5593408,1,"Assets/BCaT_assets/SewingRoom/old_sewing_box.glb"
"Assets/BH_XR_MainScene.unity","Assets/BCaT_assets/SewingRoom/old_sewing_box.glb",2048,2048,5593408,1,"Assets/BCaT_assets/SewingRoom/old_sewing_box.glb"
"Assets/BH_XR_MainScene.unity","Assets/BCaT_assets/SewingRoom/bed.glb",2048,2048,5593408,1,"Assets/BCaT_assets/SewingRoom/bed.glb"
"Assets/BH_XR_MainScene.unity","Assets/BCaT_assets/SewingRoom/bed.glb",2048,2048,5593408,1,"Assets/BCaT_assets/SewingRoom/bed.glb"
"Assets/BH_XR_MainScene.unity","Assets/BCaT_assets/SewingRoom/bed.glb",2048,2048,5593408,1,"Assets/BCaT_assets/SewingRoom/bed.glb"
"Assets/BH_XR_MainScene.unity","Assets/BCaT_assets/SewingRoom/bed.glb",2048,2048,5593408,1,"Assets/BCaT_assets/SewingRoom/bed.glb"
"Assets/BH_XR_MainScene.unity","Assets/BCaT_assets/SewingRoom/bed.glb",2048,2048,5593408,1,"Assets/BCaT_assets/SewingRoom/bed.glb"
"Assets/BH_XR_MainScene.unity","Assets/BCaT_assets/SewingRoom/bed.glb",2048,2048,5593408,1,"Assets/BCaT_assets/SewingRoom/bed.glb"
"Assets/BH_XR_MainScene.unity","Assets/Furniture Mega Pack/Textures/Bathroom/AtlasTexture_BathroomCollection_BathroomCollection_MetallicSmoothness.png",1024,1024,2797302,1,"Assets/Furniture Mega Pack/Materials/Bathroom/mat_Bathroom.mat"
"Assets/BH_XR_MainScene.unity","Assets/Furniture Mega Pack/Textures/Bed/BedFrame/AtlasTexture_BedFrame_AtlasTexture_BedFrame_MetallicSmoothness.png",1024,1024,2797295,1,"Assets/Furniture Mega Pack/Materials/Bed/mat_BedFrame.mat"
"Assets/BH_XR_MainScene.unity","Assets/Furniture Mega Pack/Textures/Bathroom/AtlasTexture_BathroomCollection_BathroomCollection_Normal.png",1024,1024,2797290,2,"Assets/Furniture Mega Pack/Materials/Bathroom/mat_Bathroom.mat;Assets/Furniture Mega Pack/FBX/Bathroom/BathroomVanity01.fbx"
"Assets/BH_XR_MainScene.unity","Assets/Furniture Mega Pack/Textures/Bed/Mattress/AtlasTexture_Mattress_DefaultMaterial_MetallicSmoothness.png",1024,1024,2797289,2,"Assets/Furniture Mega Pack/Materials/Bathroom/mat_Bathroom.mat;Assets/Furniture Mega Pack/Materials/Bed/mat_Mattress.mat"
"Assets/BH_XR_MainScene.unity","Assets/Furniture Mega Pack/Textures/Bed/Blanket/AtlasTexture_Blanket_DefaultMaterial_MetallicSmoothness.png",1024,1024,2797288,1,"Assets/Furniture Mega Pack/Materials/Bed/mat_Blanket.mat"
"Assets/BH_XR_MainScene.unity","Assets/Furniture Mega Pack/Textures/Bed/BedFrame/AtlasTexture_BedFrame_AtlasTexture_BedFrame_Normal.png",1024,1024,2797283,1,"Assets/Furniture Mega Pack/Materials/Bed/mat_BedFrame.mat"
"Assets/BH_XR_MainScene.unity","Assets/Furniture Mega Pack/Textures/Cushions/Cushion17_24/Cushion17_24_mat_Cushion17_24_MetallicSmoothness.png",1024,1024,2797281,1,"Assets/Furniture Mega Pack/Materials/Cushion/mat_Cushion17_24.mat"
"Assets/BH_XR_MainScene.unity","Assets/DevDen Arch Viz Scotland/Textures/Balcony/balconY_tacle/balcony_table_balcony_table_2_MetallicSmoothness.png",1024,1024,2797281,1,"Assets/DevDen Arch Viz Scotland/Materials/balcony/balcony_table_2.mat"
"Assets/BH_XR_MainScene.unity","Assets/Furniture Mega Pack/Textures/Cushions/Cushion01_08/Cushion01_08_mat_Cushion01_08_MetallicSmoothness.png",1024,1024,2797281,1,"Assets/Furniture Mega Pack/Materials/Cushion/mat_Cushion01_08.mat"
"Assets/BH_XR_MainScene.unity","Assets/Furniture Mega Pack/Textures/Bed/Mattress/AtlasTexture_Mattress_DefaultMaterial_Normal.png",1024,1024,2797277,2,"Assets/Furniture Mega Pack/Materials/Bathroom/mat_Bathroom.mat;Assets/Furniture Mega Pack/Materials/Bed/mat_Mattress.mat"
"Assets/BH_XR_MainScene.unity","Assets/Furniture Mega Pack/Textures/Bed/Blanket/AtlasTexture_Blanket_DefaultMaterial_Normal.png",1024,1024,2797276,1,"Assets/Furniture Mega Pack/Materials/Bed/mat_Blanket.mat"
"Assets/BH_XR_MainScene.unity","Assets/DevDen Arch Viz Scotland/Textures/Study Room/study_chair/CHair2_study_chairI_Leg_MetallicSmoothness.png",1024,1024,2797275,1,"Assets/DevDen Arch Viz Scotland/Materials/Study Room/study_chairI_Leg.mat"
"Assets/BH_XR_MainScene.unity","Assets/DevDen Arch Viz Scotland/Textures/Balcony/flower_pot/flower_pot_1_plant_pot_MetallicSmoothness.png",1024,1024,2797274,1,"Assets/DevDen Arch Viz Scotland/Materials/balcony/plant_pot.mat"
"Assets/BH_XR_MainScene.unity","Assets/DevDen Arch Viz Scotland/Textures/Bed Room/bedside_table/bedside_table_bedside_MetallicSmoothness.png",1024,1024,2797273,1,"Assets/DevDen Arch Viz Scotland/Materials/Bed Room/bedroom_wood_side_table.mat"
"Assets/BH_XR_MainScene.unity","Assets/Furniture Mega Pack/Textures/Tables/Table06/Table06_mat_Table06_MetallicSmoothness.png",1024,1024,2797271,1,"Assets/Furniture Mega Pack/Materials/Table/mat_Table06.mat"
"Assets/BH_XR_MainScene.unity","Assets/Furniture Mega Pack/Textures/Chairs/Chair26/Chair26_mat_Chair26_MetallicSmoothness.png",1024,1024,2797271,1,"Assets/Furniture Mega Pack/Materials/Chair/mat_Chair26.mat"
"Assets/BH_XR_MainScene.unity","Assets/DevDen Arch Viz Scotland/Textures/Bed Room/Photo_stand/fotostand_fotostand_MetallicSmoothness.png",1024,1024,2797271,1,"Assets/DevDen Arch Viz Scotland/Materials/Bed Room/Bedroom_wood_table.mat"
"Assets/BH_XR_MainScene.unity","Assets/Furniture Mega Pack/Textures/Chairs/Chair37/Chair37_mat_Chair37_MetallicSmoothness.png",1024,1024,2797271,1,"Assets/Furniture Mega Pack/Materials/Chair/mat_Chair37.mat"
"Assets/BH_XR_MainScene.unity","Assets/DevDen Arch Viz Scotland/Textures/Balcony/flower_pot/flower_pot_1_flower_MetallicSmoothness.png",1024,1024,2797271,1,"Assets/DevDen Arch Viz Scotland/Materials/balcony/flower.mat"
"Assets/BH_XR_MainScene.unity","Assets/Furniture Mega Pack/Textures/Chairs/Chair48/Chair48_mat_Chair48_MetallicSmoothness.png",1024,1024,2797271,1,"Assets/Furniture Mega Pack/Materials/Chair/mat_Chair48.mat"
"Assets/BH_XR_MainScene.unity","Assets/Furniture Mega Pack/Textures/Chairs/Chair09/Chair09_mat_Chair09_MetallicSmoothness.png",1024,1024,2797271,1,"Assets/Furniture Mega Pack/Materials/Chair/mat_Chair09.mat"
"Assets/BH_XR_MainScene.unity","Assets/Furniture Mega Pack/Textures/Closet/AtlasTexture_Closet_MetallicSmoothness.png",1024,1024,2797271,1,"Assets/Furniture Mega Pack/Materials/Closet/mat_Closet.mat"
"Assets/BH_XR_MainScene.unity","Assets/Furniture Mega Pack/Textures/Tables/Table38/Table38_mat_Table38_MetallicSmoothness.png",1024,1024,2797271,1,"Assets/Furniture Mega Pack/Materials/Table/mat_Table38.mat"
"Assets/BH_XR_MainScene.unity","Assets/Furniture Mega Pack/Textures/Chairs/Chair47/Chair47_mat_Chair47_MetallicSmoothness.png",1024,1024,2797271,1,"Assets/Furniture Mega Pack/Materials/Chair/mat_Chair47.mat"
"Assets/BH_XR_MainScene.unity","Assets/DevDen Arch Viz Scotland/Textures/Balcony/flower_pot/flower_pot_1_wines_MetallicSmoothness.png",1024,1024,2797270,1,"Assets/DevDen Arch Viz Scotland/Materials/balcony/wines.mat"
"Assets/BH_XR_MainScene.unity","Assets/DevDen Arch Viz Scotland/Textures/Living Room/tea_table/Tea Table_teatable_MetallicSmoothness.png",1024,1024,2797270,1,"Assets/DevDen Arch Viz Scotland/Materials/Living Room/teatable.mat"
"Assets/BH_XR_MainScene.unity","Assets/Furniture Mega Pack/Textures/Cushions/Cushion17_24/Cushion17_24_mat_Cushion17_24_Normal.png",1024,1024,2797269,1,"Assets/Furniture Mega Pack/Materials/Cushion/mat_Cushion17_24.mat"
"Assets/BH_XR_MainScene.unity","Assets/DevDen Arch Viz Scotland/Textures/Balcony/flower_pot/flower_pot_1_leaf_MetallicSmoothness.png",1024,1024,2797269,1,"Assets/DevDen Arch Viz Scotland/Materials/balcony/leaf.mat"
"Assets/BH_XR_MainScene.unity","Assets/DevDen Arch Viz Scotland/Textures/Common/note_pad/note_pad_note_pad_MetallicSmoothness.png",1024,1024,2797269,1,"Assets/DevDen Arch Viz Scotland/Materials/Study Room/Notepad.mat"
"Assets/BH_XR_MainScene.unity","Assets/DevDen Arch Viz Scotland/Textures/Balcony/balconY_tacle/balcony_table_balcony_table_2_Normal.png",1024,1024,2797269,1,"Assets/DevDen Arch Viz Scotland/Materials/balcony/balcony_table_2.mat"
"Assets/BH_XR_MainScene.unity","Assets/Furniture Mega Pack/Textures/Cushions/Cushion01_08/Cushion01_08_mat_Cushion01_08_Normal.png",1024,1024,2797269,1,"Assets/Furniture Mega Pack/Materials/Cushion/mat_Cushion01_08.mat"
"Assets/BH_XR_MainScene.unity","Assets/Idyllic Italian Coast Town/Textures/M_wall_plaster_Normal.png",1024,1024,2797232,3,"Assets/Idyllic Italian Coast Town/Materials/M_wall_plaster.mat;Assets/Idyllic Italian Coast Town/Materials/M_wall_plaster 10.mat;Assets/Idyllic Italian Coast Town/Materials/M_wall_plaster 3.mat"
"Assets/BH_XR_MainScene.unity","Assets/BCaT_assets/LindaLeaks/Models/LL_AntiqueCamera.glb",1024,1024,2797232,1,"Assets/BCaT_assets/LindaLeaks/Models/LL_AntiqueCamera.glb"
"Assets/BH_XR_MainScene.unity","Assets/Animated Tropical Vegetation/Textures/billboards/jungle_bush_1_billboard_color.png",1024,1024,2797232,1,"Assets/Animated Tropical Vegetation/Materials/Billboards/jungle_bush_1_billboard.mat"
"Assets/BH_XR_MainScene.unity","Assets/Animated Tropical Vegetation/Textures/billboards/jungle_bush_1_billboard_normal.png",1024,1024,2797232,1,"Assets/Animated Tropical Vegetation/Materials/Billboards/jungle_bush_1_billboard.mat"
"Assets/BH_XR_MainScene.unity","Assets/Idyllic Italian Coast Town/Textures/M_pillartop_Normal.png",1024,1024,2797232,1,"Assets/Idyllic Italian Coast Town/Materials/M_pillartop.mat"
"Assets/BH_XR_MainScene.unity","Assets/Idyllic Italian Coast Town/Textures/M_pillartop_MaskMap.png",1024,1024,2797232,1,"Assets/Idyllic Italian Coast Town/Materials/M_pillartop.mat"
"Assets/BH_XR_MainScene.unity","Assets/Animated Tropical Vegetation/Textures/billboards/jungle_bush_3_billboard_color.png",1024,1024,2797232,1,"Assets/Animated Tropical Vegetation/Materials/Billboards/jungle_bush_3_billboard.mat"
"Assets/BH_XR_MainScene.unity","Assets/Animated Tropical Vegetation/Textures/billboards/jungle_bush_3_billboard_normal.png",1024,1024,2797232,1,"Assets/Animated Tropical Vegetation/Materials/Billboards/jungle_bush_3_billboard.mat"
"Assets/BH_XR_MainScene.unity","Assets/DevDen Arch Viz Scotland/Textures/Bathroom/Tile_Bath/SubwayTile - normal (Modified).png",1024,1024,2797232,1,"Assets/HyTeKGames/SRPMaterialConverter/ConvertedMaterials/bathroom_wall_mat_1.mat"
"Assets/BH_XR_MainScene.unity","Assets/HyTeKGames/SRPMaterialConverter/ConvertedMaterials/Maps/bathroom_wall_mat_1_Metallic.png",1024,1024,2797232,1,"Assets/HyTeKGames/SRPMaterialConverter/ConvertedMaterials/bathroom_wall_mat_1.mat"
"Assets/BH_XR_MainScene.unity","Assets/SubstanceAssets/LittleGamesPack/Textures/GamePieces/GamePieces_Normal_OpenGL.png",1024,1024,2797232,1,"Assets/SubstanceAssets/LittleGamesPack/Materials/GamePieces.mat"
"Assets/BH_XR_MainScene.unity","Assets/Furniture Mega Pack/Textures/Tables/Table06/Table06_mat_Table06_Normal.png",1024,1024,2797232,1,"Assets/Furniture Mega Pack/Materials/Table/mat_Table06.mat"
"Assets/BH_XR_MainScene.unity","Assets/Idyllic Italian Coast Town/Textures/M_bricks_Normal.png",1024,1024,2797232,1,"Assets/Idyllic Italian Coast Town/Materials/M_bricks.mat"
"Assets/BH_XR_MainScene.unity","Assets/Idyllic Italian Coast Town/Textures/M_bricks_MaskMap.png",1024,1024,2797232,1,"Assets/Idyllic Italian Coast Town/Materials/M_bricks.mat"
"Assets/BH_XR_MainScene.unity","Assets/Idyllic Italian Coast Town/Textures/M_windows_italian_Normal.png",1024,1024,2797232,1,"Assets/Idyllic Italian Coast Town/Materials/M_windows.mat"
"Assets/BH_XR_MainScene.unity","Assets/Idyllic Italian Coast Town/Textures/M_windows_italian_MaskMap.png",1024,1024,2797232,1,"Assets/Idyllic Italian Coast Town/Materials/M_windows.mat"
"Assets/BH_XR_MainScene.unity","Assets/Idyllic Italian Coast Town/Textures/M_boat_kit_Normal.png",1024,1024,2797232,1,"Assets/Idyllic Italian Coast Town/Materials/M_boat.mat"
"Assets/BH_XR_MainScene.unity","Assets/Idyllic Italian Coast Town/Textures/M_boat_kit_MaskMap.png",1024,1024,2797232,1,"Assets/Idyllic Italian Coast Town/Materials/M_boat.mat"
"Assets/BH_XR_MainScene.unity","Assets/Idyllic Italian Coast Town/Textures/M_attachments_stone_Normal.png",1024,1024,2797232,1,"Assets/Idyllic Italian Coast Town/Materials/M_attachments_stone.mat"
"Assets/BH_XR_MainScene.unity","Assets/Idyllic Italian Coast Town/Textures/M_attachments_stone_MaskMap.png",1024,1024,2797232,1,"Assets/Idyllic Italian Coast Town/Materials/M_attachments_stone.mat"
"Assets/BH_XR_MainScene.unity","Assets/Idyllic Italian Coast Town/Textures/M_pipes_Normal.png",1024,1024,2797232,1,"Assets/Idyllic Italian Coast Town/Materials/M_pipes.mat"
"Assets/BH_XR_MainScene.unity","Assets/Idyllic Italian Coast Town/Textures/M_pipes_MaskMap.png",1024,1024,2797232,1,"Assets/Idyllic Italian Coast Town/Materials/M_pipes.mat"
"Assets/BH_XR_MainScene.unity","Assets/Idyllic Italian Coast Town/Textures/M_rooftiles_roman_tiling_Normal.png",1024,1024,2797232,1,"Assets/Idyllic Italian Coast Town/Materials/M_rooftexture.mat"
"Assets/BH_XR_MainScene.unity","Assets/DevDen Arch Viz Scotland/Textures/Bathroom/Bathroom_Glass/glass_glass_Normal.png",1024,1024,2797232,2,"Assets/DevDen Arch Viz Scotland/Materials/Bathroom/Bathroom_glass_1.mat;Assets/HyTeKGames/SRPMaterialConverter/ConvertedMaterials/Bathroom_glass_1.mat"
"Assets/BH_XR_MainScene.unity","Assets/DevDen Arch Viz Scotland/Textures/Common/SmallObj/trash-can_normal.png",1024,1024,2797232,1,"Assets/DevDen Arch Viz Scotland/Materials/Dining Room/trash-can.mat"
"Assets/BH_XR_MainScene.unity","Assets/Furniture Mega Pack/Textures/Chairs/Chair26/Chair26_mat_Chair26_Normal.png",1024,1024,2797232,1,"Assets/Furniture Mega Pack/Materials/Chair/mat_Chair26.mat"
"Assets/BH_XR_MainScene.unity","Assets/DevDen Arch Viz Scotland/Textures/Environment/Floor Texture/floor mat 1_Normal.png",1024,1024,2797232,1,"Assets/HyTeKGames/SRPMaterialConverter/ConvertedMaterials/balcony_wood.mat"
"Assets/BH_XR_MainScene.unity","Assets/HyTeKGames/SRPMaterialConverter/ConvertedMaterials/Maps/balcony_wood_Metallic.png",1024,1024,2797232,1,"Assets/HyTeKGames/SRPMaterialConverter/ConvertedMaterials/balcony_wood.mat"
"Assets/BH_XR_MainScene.unity","Assets/BCaT_assets/Ri/glass_fish.glb",1024,1024,2797232,1,"Assets/BCaT_assets/Ri/glass_fish.glb"
"Assets/BH_XR_MainScene.unity","Assets/DevDen Arch Viz Scotland/Textures/Bed Room/Photo_stand/fotostand_fotostand_Normal.png",1024,1024,2797232,1,"Assets/DevDen Arch Viz Scotland/Materials/Bed Room/Bedroom_wood_table.mat"
"Assets/BH_XR_MainScene.unity","Assets/Furniture Mega Pack/Textures/Chairs/Chair37/Chair37_mat_Chair37_Normal.png",1024,1024,2797232,1,"Assets/Furniture Mega Pack/Materials/Chair/mat_Chair37.mat"
"Assets/BH_XR_MainScene.unity","Assets/Idyllic Italian Coast Town/Textures/M_chairs_Normal.png",1024,1024,2797232,1,"Assets/Idyllic Italian Coast Town/Materials/M_chairs.mat"
"Assets/BH_XR_MainScene.unity","Assets/Idyllic Italian Coast Town/Textures/M_chairs_MaskMap.png",1024,1024,2797232,1,"Assets/Idyllic Italian Coast Town/Materials/M_chairs.mat"
"Assets/BH_XR_MainScene.unity","Assets/DevDen Arch Viz Scotland/Textures/Balcony/flower_pot/flower_pot_1_flower_Normal.png",1024,1024,2797232,1,"Assets/DevDen Arch Viz Scotland/Materials/balcony/flower.mat"
"Assets/BH_XR_MainScene.unity","Assets/DevDen Arch Viz Scotland/Textures/Balcony/flower_pot/flower_pot_1_wines_Normal.png",1024,1024,2797232,1,"Assets/DevDen Arch Viz Scotland/Materials/balcony/wines.mat"
"Assets/BH_XR_MainScene.unity","Assets/DevDen Arch Viz Scotland/Textures/Balcony/flower_pot/flower_pot_1_leaf_Normal.png",1024,1024,2797232,1,"Assets/DevDen Arch Viz Scotland/Materials/balcony/leaf.mat"
"Assets/BH_XR_MainScene.unity","Assets/DevDen Arch Viz Scotland/Textures/Balcony/flower_pot/flower_pot_1_plant_pot_Normal.png",1024,1024,2797232,1,"Assets/DevDen Arch Viz Scotland/Materials/balcony/plant_pot.mat"
"Assets/BH_XR_MainScene.unity","Assets/DevDen Arch Viz Scotland/Textures/Study Room/shelf/shelf_shelf1_Normal.png",1024,1024,2797232,1,"Assets/DevDen Arch Viz Scotland/Materials/Study Room/shelf1.mat"
"Assets/BH_XR_MainScene.unity","Assets/DevDen Arch Viz Scotland/Textures/Study Room/shelf/shelf_shelf1_MetallicSmoothness.png",1024,1024,2797232,1,"Assets/DevDen Arch Viz Scotland/Materials/Study Room/shelf1.mat"
"Assets/BH_XR_MainScene.unity","Assets/BCAT_GLB_TextureRemediation/generic_tulip_flower/Texture_2 _02.png",1024,1024,2797232,1,"Assets/BCaT_assets/BTMMP_Workstation_Assembly/generic_tulip_flower.glb"
"Assets/BH_XR_MainScene.unity","Assets/BCaT_assets/BTMMP_Workstation_Assembly/generic_tulip_flower.glb",1024,1024,2797232,1,"Assets/BCaT_assets/BTMMP_Workstation_Assembly/generic_tulip_flower.glb"
"Assets/BH_XR_MainScene.unity","Assets/DevDen Arch Viz Scotland/Textures/Common/note_pad/note_pad_note_pad_Normal.png",1024,1024,2797232,1,"Assets/DevDen Arch Viz Scotland/Materials/Study Room/Notepad.mat"
"Assets/BH_XR_MainScene.unity","Assets/BCaT_assets/BTMMP_Workstation_Assembly/drone.glb",1024,1024,2797232,1,"Assets/BCaT_assets/BTMMP_Workstation_Assembly/drone.glb"
"Assets/BH_XR_MainScene.unity","Assets/Idyllic Italian Coast Town/Textures/M_flowers_base_BaseColor.png",1024,1024,2797232,1,"Assets/Idyllic Italian Coast Town/Meshes/Props/SM_flowerpot_04.fbx"
"Assets/BH_XR_MainScene.unity","Assets/DevDen Arch Viz Scotland/Textures/Study Room/table/Study Table_Normal.png",1024,1024,2797232,1,"Assets/DevDen Arch Viz Scotland/Materials/Study Room/table1.mat"
"Assets/BH_XR_MainScene.unity","Assets/DevDen Arch Viz Scotland/Textures/Study Room/table/Study Table_MetallicSmoothness.png",1024,1024,2797232,1,"Assets/DevDen Arch Viz Scotland/Materials/Study Room/table1.mat"
"Assets/BH_XR_MainScene.unity","Assets/DevDen Arch Viz Scotland/Textures/Living Room/sofa_2/sofa_2_01 - Default_Normal.png",1024,1024,2797232,1,"Assets/DevDen Arch Viz Scotland/Materials/Living Room/Sofa Set.mat"
"Assets/BH_XR_MainScene.unity","Assets/DevDen Arch Viz Scotland/Textures/Study Room/study_chair/CHair2_study_chair_seat_Normal.png",1024,1024,2797232,1,"Assets/DevDen Arch Viz Scotland/Materials/Study Room/study_chair_seat.mat"
"Assets/BH_XR_MainScene.unity","Assets/DevDen Arch Viz Scotland/Textures/Study Room/study_chair/CHair2_study_chairI_Leg_Normal.png",1024,1024,2797232,1,"Assets/DevDen Arch Viz Scotland/Materials/Study Room/study_chairI_Leg.mat"
"Assets/BH_XR_MainScene.unity","Assets/DevDen Arch Viz Scotland/Textures/Bed Room/bedside_table/bedside_table_bedside_Normal.png",1024,1024,2797232,1,"Assets/DevDen Arch Viz Scotland/Materials/Bed Room/bedroom_wood_side_table.mat"
"Assets/BH_XR_MainScene.unity","Assets/DevDen Arch Viz Scotland/Textures/Common/Interior_props/CommonCeramic02_NM.png",1024,1024,2797232,1,"Assets/DevDen Arch Viz Scotland/Materials/Bed Room/CommonCeramic02Biege.mat"
"Assets/BH_XR_MainScene.unity","Assets/DevDen Arch Viz Scotland/Textures/Common/Interior_props/CommonCeramic02_Metallic.png",1024,1024,2797232,1,"Assets/DevDen Arch Viz Scotland/Materials/Bed Room/CommonCeramic02Biege.mat"
"Assets/BH_XR_MainScene.unity","Assets/DevDen Arch Viz Scotland/Textures/Common/Interior_props/CommonCeramic01_NM.png",1024,1024,2797232,1,"Assets/DevDen Arch Viz Scotland/Materials/Bed Room/CommonCeramic01.mat"
"Assets/BH_XR_MainScene.unity","Assets/DevDen Arch Viz Scotland/Textures/Common/Interior_props/CommonCeramic01_Metallic.png",1024,1024,2797232,1,"Assets/DevDen Arch Viz Scotland/Materials/Bed Room/CommonCeramic01.mat"
"Assets/BH_XR_MainScene.unity","Assets/DevDen Arch Viz Scotland/Textures/Study Room/imac/Imac_imac_Normal.png",1024,1024,2797232,1,"Assets/DevDen Arch Viz Scotland/Materials/Study Room/imac.mat"
"Assets/BH_XR_MainScene.unity","Assets/DevDen Arch Viz Scotland/Textures/Study Room/imac/Imac_imac_MetallicSmoothness.png",1024,1024,2797232,1,"Assets/DevDen Arch Viz Scotland/Materials/Study Room/imac.mat"
"Assets/BH_XR_MainScene.unity","Assets/Shaded Spectrum/Cozy Interiors Demo Pack/Textures/Painted Beech Wall Boards/PaintedBeechWallBoardsNormalMap.png",1024,1024,2797232,1,"Assets/Shaded Spectrum/Cozy Interiors Demo Pack/Materials/Painted Beech Wall Boards.mat"
"Assets/BH_XR_MainScene.unity","Assets/Furniture Mega Pack/Textures/Chairs/Chair48/Chair48_mat_Chair48_Normal.png",1024,1024,2797232,1,"Assets/Furniture Mega Pack/Materials/Chair/mat_Chair48.mat"
"Assets/BH_XR_MainScene.unity","Assets/DevDen Arch Viz Scotland/Textures/Living Room/TV_Shelf/TV_Shelf_DefaultMaterial_Normal.png",1024,1024,2797232,1,"Assets/DevDen Arch Viz Scotland/Materials/Living Room/TV_Shelf.mat"
"Assets/BH_XR_MainScene.unity","Assets/Idyllic Italian Coast Town/Textures/M_doors_italian_Normal.png",1024,1024,2797232,1,"Assets/Idyllic Italian Coast Town/Materials/M_doors.mat"
"Assets/BH_XR_MainScene.unity","Assets/Idyllic Italian Coast Town/Textures/M_doors_italian_MaskMap.png",1024,1024,2797232,1,"Assets/Idyllic Italian Coast Town/Materials/M_doors.mat"
"Assets/BH_XR_MainScene.unity","Assets/Shaded Spectrum/Cozy Interiors Demo Pack/Textures/Gingham Kitchen Linen/GinghamKitchenLinenNormalMap.png",1024,1024,2797232,1,"Assets/Shaded Spectrum/Cozy Interiors Demo Pack/Materials/Gingham Kitchen Linen.mat"
"Assets/BH_XR_MainScene.unity","Assets/DevDen Arch Viz Scotland/Textures/Common/Interior_props/CommonPlastic01_NM.png",1024,1024,2797232,1,"Assets/DevDen Arch Viz Scotland/Materials/Study Room/LightPlastic02.mat"
"Assets/BH_XR_MainScene.unity","Assets/Furniture Mega Pack/Textures/Chairs/Chair09/Chair09_mat_Chair09_Normal.png",1024,1024,2797232,1,"Assets/Furniture Mega Pack/Materials/Chair/mat_Chair09.mat"
"Assets/BH_XR_MainScene.unity","Assets/DevDen Arch Viz Scotland/Textures/Bed Room/bedside_carpet/carpet_carpet_Normal.png",1024,1024,2797232,1,"Assets/HyTeKGames/SRPMaterialConverter/ConvertedMaterials/carpet.mat"
"Assets/BH_XR_MainScene.unity","Assets/HyTeKGames/SRPMaterialConverter/ConvertedMaterials/Maps/carpet_AO.png",1024,1024,2797232,1,"Assets/HyTeKGames/SRPMaterialConverter/ConvertedMaterials/carpet.mat"
"Assets/BH_XR_MainScene.unity","Assets/HyTeKGames/SRPMaterialConverter/ConvertedMaterials/Maps/carpet_Metallic.png",1024,1024,2797232,1,"Assets/HyTeKGames/SRPMaterialConverter/ConvertedMaterials/carpet.mat"
"Assets/BH_XR_MainScene.unity","Assets/Furniture Mega Pack/Textures/Closet/AtlasTexture_Closet_Normal.png",1024,1024,2797232,1,"Assets/Furniture Mega Pack/Materials/Closet/mat_Closet.mat"
"Assets/BH_XR_MainScene.unity","Assets/Furniture Mega Pack/Textures/Tables/Table38/Table38_mat_Table38_Normal.png",1024,1024,2797232,1,"Assets/Furniture Mega Pack/Materials/Table/mat_Table38.mat"
"Assets/BH_XR_MainScene.unity","Assets/Furniture Mega Pack/Textures/Chairs/Chair47/Chair47_mat_Chair47_Normal.png",1024,1024,2797232,1,"Assets/Furniture Mega Pack/Materials/Chair/mat_Chair47.mat"
"Assets/BH_XR_MainScene.unity","Assets/My_Custom/txtrs/PavingStones049_1K-PNG_Color.png",1024,1024,2797232,1,"Assets/My_Custom/mtrls/OldStone.mat"
"Assets/BH_XR_MainScene.unity","Assets/DevDen Arch Viz Scotland/Textures/Living Room/tea_table/Tea Table_teatable_Normal.png",1024,1024,2797232,1,"Assets/DevDen Arch Viz Scotland/Materials/Living Room/teatable.mat"
"Assets/BH_XR_MainScene.unity","Assets/BCaT_assets/BlackParlors/Assets/breonna-taylor-mural-img.jpeg",2048,1024,2797216,1,"Assets/BCaT_assets/BlackParlors/Assets/BreonnaTaylorMural.mat"
"Assets/BH_XR_MainScene.unity","Assets/BCaT_assets/Meshell_Sturgis/Big Mama_s Living Room.jpg",2048,1024,2098128,1,"Assets/BCaT_assets/Meshell_Sturgis/BMLR.mat"
"Assets/BH_XR_MainScene.unity","Assets/BCaT_assets/HOMED/Recipe_Box_Rice.jpeg",2048,1024,2098128,1,"Assets/BCaT_assets/HOMED/Rice.mat"
"Assets/BH_XR_MainScene.unity","Assets/BCaT_assets/HOMED/Recipe_box_img.jpeg",2048,1024,2098128,1,"Assets/BCaT_assets/HOMED/Box_Img.mat"
"Assets/BH_XR_MainScene.unity","Assets/DevDen Arch Viz Scotland/Textures/Living Room/sofa_2/sofa_2_01 - Default_MetallicSmoothness.png",1024,1024,1718699,1,"Assets/DevDen Arch Viz Scotland/Materials/Living Room/Sofa Set.mat"
"Assets/BH_XR_MainScene.unity","Assets/DevDen Arch Viz Scotland/Textures/Dining Room/dinning_chair/dinning_chair_diining_chair_wood_Normal.png",1024,1024,1635972,1,"Assets/DevDen Arch Viz Scotland/Materials/Dining Room/diining_chair_wood.mat"
"Assets/BH_XR_MainScene.unity","Assets/DevDen Arch Viz Scotland/Textures/Kitchen Room/side_piece/side_piece_marble_Normal.png",1024,1024,1424010,1,"Assets/DevDen Arch Viz Scotland/Materials/Kitchen Room/marble.mat"
"Assets/BH_XR_MainScene.unity","Assets/DevDen Arch Viz Scotland/Textures/Dining Room/dinning_chair/dinning_chair_diining_chair_wood_MetallicSmoothness.png",1024,1024,1423965,1,"Assets/DevDen Arch Viz Scotland/Materials/Dining Room/diining_chair_wood.mat"
"Assets/BH_XR_MainScene.unity","Assets/DevDen Arch Viz Scotland/Textures/Kitchen Room/side_piece/side_piece_marble_MetallicSmoothness.png",1024,1024,1423950,1,"Assets/DevDen Arch Viz Scotland/Materials/Kitchen Room/marble.mat"
"Assets/BH_XR_MainScene.unity","Assets/Furniture Mega Pack/Textures/Bathroom/AtlasTexture_BathroomCollection_BathroomCollection_AlbedoTransparency.png",1024,1024,1399174,2,"Assets/Furniture Mega Pack/Materials/Bathroom/mat_Bathroom.mat;Assets/Furniture Mega Pack/FBX/Bathroom/BathroomVanity01.fbx"
"Assets/BH_XR_MainScene.unity","Assets/Furniture Mega Pack/Textures/Bed/BedFrame/AtlasTexture_BedFrame_AtlasTexture_BedFrame_AlbedoTransparency.png",1024,1024,1399167,1,"Assets/Furniture Mega Pack/Materials/Bed/mat_BedFrame.mat"
"Assets/BH_XR_MainScene.unity","Assets/Furniture Mega Pack/Textures/Bed/Mattress/AtlasTexture_Mattress_DefaultMaterial_AlbedoTransparency.png",1024,1024,1399161,2,"Assets/Furniture Mega Pack/Materials/Bathroom/mat_Bathroom.mat;Assets/Furniture Mega Pack/Materials/Bed/mat_Mattress.mat"
"Assets/BH_XR_MainScene.unity","Assets/Furniture Mega Pack/Textures/Bed/Blanket/AtlasTexture_Blanket_DefaultMaterial_AlbedoTransparency.png",1024,1024,1399160,1,"Assets/Furniture Mega Pack/Materials/Bed/mat_Blanket.mat"
"Assets/BH_XR_MainScene.unity","Assets/Furniture Mega Pack/Textures/Cushions/Cushion17_24/Cushion17_24_mat_Cushion17_24_AlbedoTransparency.png",1024,1024,1399153,1,"Assets/Furniture Mega Pack/Materials/Cushion/mat_Cushion17_24.mat"
"Assets/BH_XR_MainScene.unity","Assets/DevDen Arch Viz Scotland/Textures/Balcony/balconY_tacle/balcony_table_balcony_table_2_AlbedoTransparency.png",1024,1024,1399153,1,"Assets/DevDen Arch Viz Scotland/Materials/balcony/balcony_table_2.mat"
"Assets/BH_XR_MainScene.unity","Assets/Furniture Mega Pack/Textures/Cushions/Cushion01_08/Cushion01_08_mat_Cushion01_08_AlbedoTransparency.png",1024,1024,1399153,1,"Assets/Furniture Mega Pack/Materials/Cushion/mat_Cushion01_08.mat"
"Assets/BH_XR_MainScene.unity","Assets/BCaT_assets/HOMED/Recipe_Box_letters.png",1024,512,1399152,1,"Assets/BCaT_assets/HOMED/Letters.mat"
"Assets/BH_XR_MainScene.unity","Assets/My_Custom/txtrs/122_fine plaster painted wall texture-seamless.jpg",1024,1024,1399151,1,"Assets/My_Custom/mtrls/Blue_Wall.mat"
"Assets/BH_XR_MainScene.unity","Assets/My_Custom/txtrs/67_sponged venetian plaster texture-seamless.jpg",1024,1024,1399149,1,"Assets/My_Custom/mtrls/Mint_wall_plaster.mat"
"Assets/BH_XR_MainScene.unity","Assets/DevDen Arch Viz Scotland/Textures/Living Room/TV_Shelf/TV_Shelf_DefaultMaterial_AlbedoTransparency.png",1024,1024,1399148,1,"Assets/DevDen Arch Viz Scotland/Materials/Living Room/TV_Shelf.mat"
"Assets/BH_XR_MainScene.unity","Assets/DevDen Arch Viz Scotland/Textures/Living Room/TV_Shelf/TV_Shelf_DefaultMaterial_MetallicSmoothness.png",1024,1024,1399148,1,"Assets/DevDen Arch Viz Scotland/Materials/Living Room/TV_Shelf.mat"
"Assets/BH_XR_MainScene.unity","Assets/DevDen Arch Viz Scotland/Textures/Study Room/study_chair/CHair2_study_chair_seat_AlbedoTransparency.png",1024,1024,1399147,1,"Assets/DevDen Arch Viz Scotland/Materials/Study Room/study_chair_seat.mat"
"Assets/BH_XR_MainScene.unity","Assets/DevDen Arch Viz Scotland/Textures/Study Room/study_chair/CHair2_study_chairI_Leg_AlbedoTransparency.png",1024,1024,1399147,1,"Assets/DevDen Arch Viz Scotland/Materials/Study Room/study_chairI_Leg.mat"
"Assets/BH_XR_MainScene.unity","Assets/DevDen Arch Viz Scotland/Textures/Balcony/flower_pot/flower_pot_1_plant_pot_AlbedoTransparency.png",1024,1024,1399146,1,"Assets/DevDen Arch Viz Scotland/Materials/balcony/plant_pot.mat"
"Assets/BH_XR_MainScene.unity","Assets/Shaded Spectrum/Cozy Interiors Demo Pack/Textures/Painted Beech Wall Boards/PaintedBeechWallBoardsAmbientOcclusionMap.png",1024,1024,1399146,1,"Assets/Shaded Spectrum/Cozy Interiors Demo Pack/Materials/Painted Beech Wall Boards.mat"
"Assets/BH_XR_MainScene.unity","Assets/DevDen Arch Viz Scotland/Textures/Bed Room/bedside_table/bedside_table_bedside_AlbedoTransparency.png",1024,1024,1399145,1,"Assets/DevDen Arch Viz Scotland/Materials/Bed Room/bedroom_wood_side_table.mat"
"Assets/BH_XR_MainScene.unity","Assets/My_Custom/txtrs/27_reinassance plaster texture seamless.jpg",1024,1024,1399144,1,"Assets/My_Custom/mtrls/YellowWall.mat"
"Assets/BH_XR_MainScene.unity","Assets/Furniture Mega Pack/Textures/Tables/Table06/Table06_mat_Table06_AlbedoTransparency.png",1024,1024,1399143,1,"Assets/Furniture Mega Pack/Materials/Table/mat_Table06.mat"
"Assets/BH_XR_MainScene.unity","Assets/Furniture Mega Pack/Textures/Chairs/Chair26/Chair26_mat_Chair26_AlbedoTransparency.png",1024,1024,1399143,1,"Assets/Furniture Mega Pack/Materials/Chair/mat_Chair26.mat"
"Assets/BH_XR_MainScene.unity","Assets/DevDen Arch Viz Scotland/Textures/Bed Room/Photo_stand/fotostand_fotostand_AlbedoTransparency.png",1024,1024,1399143,1,"Assets/DevDen Arch Viz Scotland/Materials/Bed Room/Bedroom_wood_table.mat"
"Assets/BH_XR_MainScene.unity","Assets/Furniture Mega Pack/Textures/Chairs/Chair37/Chair37_mat_Chair37_AlbedoTransparency.png",1024,1024,1399143,1,"Assets/Furniture Mega Pack/Materials/Chair/mat_Chair37.mat"
"Assets/BH_XR_MainScene.unity","Assets/DevDen Arch Viz Scotland/Textures/Balcony/flower_pot/flower_pot_1_flower_AlbedoTransparency.png",1024,1024,1399143,1,"Assets/DevDen Arch Viz Scotland/Materials/balcony/flower.mat"
"Assets/BH_XR_MainScene.unity","Assets/Furniture Mega Pack/Textures/Chairs/Chair48/Chair48_mat_Chair48_AlbedoTransparency.png",1024,1024,1399143,1,"Assets/Furniture Mega Pack/Materials/Chair/mat_Chair48.mat"
"Assets/BH_XR_MainScene.unity","Assets/Shaded Spectrum/Cozy Interiors Demo Pack/Textures/Gingham Kitchen Linen/GinghamKitchenLinenAmbientOcclusionMap.png",1024,1024,1399143,1,"Assets/Shaded Spectrum/Cozy Interiors Demo Pack/Materials/Gingham Kitchen Linen.mat"
"Assets/BH_XR_MainScene.unity","Assets/Furniture Mega Pack/Textures/Chairs/Chair09/Chair09_mat_Chair09_AlbedoTransparency.png",1024,1024,1399143,1,"Assets/Furniture Mega Pack/Materials/Chair/mat_Chair09.mat"
"Assets/BH_XR_MainScene.unity","Assets/Furniture Mega Pack/Textures/Closet/AtlasTexture_Closet_AlbedoTransparency.png",1024,1024,1399143,1,"Assets/Furniture Mega Pack/Materials/Closet/mat_Closet.mat"
"Assets/BH_XR_MainScene.unity","Assets/Furniture Mega Pack/Textures/Tables/Table38/Table38_mat_Table38_AlbedoTransparency.png",1024,1024,1399143,1,"Assets/Furniture Mega Pack/Materials/Table/mat_Table38.mat"
"Assets/BH_XR_MainScene.unity","Assets/Furniture Mega Pack/Textures/Chairs/Chair47/Chair47_mat_Chair47_AlbedoTransparency.png",1024,1024,1399143,1,"Assets/Furniture Mega Pack/Materials/Chair/mat_Chair47.mat"
"Assets/BH_XR_MainScene.unity","Assets/DevDen Arch Viz Scotland/Textures/Balcony/flower_pot/flower_pot_1_wines_AlbedoTransparency.png",1024,1024,1399142,1,"Assets/DevDen Arch Viz Scotland/Materials/balcony/wines.mat"
"Assets/BH_XR_MainScene.unity","Assets/DevDen Arch Viz Scotland/Textures/Study Room/imac/Imac_imac_AlbedoTransparency_emission.png",1024,1024,1399142,1,"Assets/DevDen Arch Viz Scotland/Materials/Study Room/imac.mat"
"Assets/BH_XR_MainScene.unity","Assets/Shaded Spectrum/Cozy Interiors Demo Pack/Textures/Painted Beech Wall Boards/PaintedBeechWallBoardsDisplacementMap.png",1024,1024,1399142,1,"Assets/Shaded Spectrum/Cozy Interiors Demo Pack/Materials/Painted Beech Wall Boards.mat"
"Assets/BH_XR_MainScene.unity","Assets/DevDen Arch Viz Scotland/Textures/Living Room/tea_table/Tea Table_teatable_AlbedoTransparency.png",1024,1024,1399142,1,"Assets/DevDen Arch Viz Scotland/Materials/Living Room/teatable.mat"
"Assets/BH_XR_MainScene.unity","Assets/DevDen Arch Viz Scotland/Textures/Balcony/flower_pot/flower_pot_1_leaf_AlbedoTransparency.png",1024,1024,1399141,1,"Assets/DevDen Arch Viz Scotland/Materials/balcony/leaf.mat"
"Assets/BH_XR_MainScene.unity","Assets/DevDen Arch Viz Scotland/Textures/Common/note_pad/note_pad_note_pad_AlbedoTransparency.png",1024,1024,1399141,1,"Assets/DevDen Arch Viz Scotland/Materials/Study Room/Notepad.mat"
"Assets/BH_XR_MainScene.unity","Assets/My_Custom/txtrs/84_floral wallpaper texture-seamless.jpg",1024,1024,1399141,1,"Assets/My_Custom/mtrls/Wall_Floral.mat"
"Assets/BH_XR_MainScene.unity","Assets/Idyllic Italian Coast Town/Textures/M_rooftiles_roman_tiling_BaseColor.png",1024,1024,1399139,1,"Assets/Idyllic Italian Coast Town/Materials/M_rooftexture.mat"
"Assets/BH_XR_MainScene.unity","Assets/Shaded Spectrum/Cozy Interiors Demo Pack/Textures/Gingham Kitchen Linen/GinghamKitchenLinenDisplacementMap.png",1024,1024,1399139,1,"Assets/Shaded Spectrum/Cozy Interiors Demo Pack/Materials/Gingham Kitchen Linen.mat"
"Assets/BH_XR_MainScene.unity","Assets/My_Custom/txtrs/99_jaquard fabric texture-seamless.jpg",1024,1024,1399139,1,"Assets/My_Custom/FrontDoorRug.mat"
"Assets/BH_XR_MainScene.unity","Assets/My_Custom/txtrs/221_siding wood texture-seamless.jpg",1024,1024,1399137,4,"Assets/My_Custom/mtrls/HallWood 2.mat;Assets/My_Custom/mtrls/HallWood 3.mat;Assets/My_Custom/mtrls/HallWood 4.mat;Assets/My_Custom/mtrls/HallWood 1.mat"
"Assets/BH_XR_MainScene.unity","Assets/BCaT_assets/HOMED/Models/Recipe-Box.glb",1024,1024,1399137,1,"Assets/BCaT_assets/HOMED/Models/Recipe-Box.glb"
"Assets/BH_XR_MainScene.unity","Assets/BCaT_assets/HOMED/Models/Candle.glb",1024,1024,1399137,1,"Assets/BCaT_assets/HOMED/Models/Candle.glb"
"Assets/BH_XR_MainScene.unity","Assets/DevDen Arch Viz Scotland/Textures/Balcony/balconY_tacle/balcony_table_balcony_table_2_AO.png",1024,1024,1399137,1,"Assets/DevDen Arch Viz Scotland/Materials/balcony/balcony_table_2.mat"
"Assets/BH_XR_MainScene.unity","Assets/Idyllic Italian Coast Town/Textures/M_wall_plaster_BaseColor.png",1024,1024,1399104,3,"Assets/Idyllic Italian Coast Town/Materials/M_wall_plaster.mat;Assets/Idyllic Italian Coast Town/Materials/M_wall_plaster 10.mat;Assets/Idyllic Italian Coast Town/Materials/M_wall_plaster 3.mat"
"Assets/BH_XR_MainScene.unity","Assets/Idyllic Italian Coast Town/Textures/M_wall_plaster_height.png",1024,1024,1399104,3,"Assets/Idyllic Italian Coast Town/Materials/M_wall_plaster.mat;Assets/Idyllic Italian Coast Town/Materials/M_wall_plaster 10.mat;Assets/Idyllic Italian Coast Town/Materials/M_wall_plaster 3.mat"
"Assets/BH_XR_MainScene.unity","Assets/BCaT_assets/LindaLeaks/Models/LL_AntiqueCamera.glb",1024,1024,1399104,1,"Assets/BCaT_assets/LindaLeaks/Models/LL_AntiqueCamera.glb"
"Assets/BH_XR_MainScene.unity","Assets/BCaT_assets/LindaLeaks/Models/LL_AntiqueCamera.glb",1024,1024,1399104,1,"Assets/BCaT_assets/LindaLeaks/Models/LL_AntiqueCamera.glb"
"Assets/BH_XR_MainScene.unity","Assets/BCaT_assets/LindaLeaks/Models/LL_AntiqueCamera.glb",1024,1024,1399104,1,"Assets/BCaT_assets/LindaLeaks/Models/LL_AntiqueCamera.glb"
"Assets/BH_XR_MainScene.unity","Assets/Idyllic Italian Coast Town/Textures/M_pillartop_BaseMap.png",1024,1024,1399104,1,"Assets/Idyllic Italian Coast Town/Materials/M_pillartop.mat"
"Assets/BH_XR_MainScene.unity","Assets/DevDen Arch Viz Scotland/Textures/Bathroom/Tile_Bath/SubwayTile - baseColor.png",1024,1024,1399104,1,"Assets/HyTeKGames/SRPMaterialConverter/ConvertedMaterials/bathroom_wall_mat_1.mat"
"Assets/BH_XR_MainScene.unity","Assets/HyTeKGames/SRPMaterialConverter/ConvertedMaterials/Maps/bathroom_wall_mat_1_AO.png",1024,1024,1399104,1,"Assets/HyTeKGames/SRPMaterialConverter/ConvertedMaterials/bathroom_wall_mat_1.mat"
"Assets/BH_XR_MainScene.unity","Assets/UnityTechnologies/Basic Asset Pack Interior/Textures/WallGreenLight.jpg",1024,1024,1399104,1,"Assets/UnityTechnologies/Basic Asset Pack Interior/Materials/WallGreen.mat"
"Assets/BH_XR_MainScene.unity","Assets/Pandazole_Ultimate_Pack/Pandazole Farm Ranch Pack/Textures/PandaMat.png",1024,1024,1399104,1,"Assets/Pandazole_Ultimate_Pack/Pandazole Farm Ranch Pack/Materials/PandaMat.mat"
"Assets/BH_XR_MainScene.unity","Assets/SubstanceAssets/LittleGamesPack/Textures/GamePieces/GamePieces_Base_color.png",1024,1024,1399104,1,"Assets/SubstanceAssets/LittleGamesPack/Materials/GamePieces.mat"
"Assets/BH_XR_MainScene.unity","Assets/SubstanceAssets/LittleGamesPack/Textures/GamePieces/GamePieces_Mixed_AO.png",1024,1024,1399104,1,"Assets/SubstanceAssets/LittleGamesPack/Materials/GamePieces.mat"
"Assets/BH_XR_MainScene.unity","Assets/SubstanceAssets/LittleGamesPack/Textures/GamePieces/GamePieces_Metallic.png",1024,1024,1399104,1,"Assets/SubstanceAssets/LittleGamesPack/Materials/GamePieces.mat"
"Assets/BH_XR_MainScene.unity","Assets/Idyllic Italian Coast Town/Textures/M_skybox_01.png",1024,1024,1399104,1,"Assets/Idyllic Italian Coast Town/Materials/M_skybox.mat"
"Assets/BH_XR_MainScene.unity","Assets/SimpleNaturePack/Textures/NaturePackLite_Texture_01.png",1024,1024,1399104,1,"Assets/SimpleNaturePack/Materials/SimpleNaturePack_Texture_01.mat"
"Assets/BH_XR_MainScene.unity","Assets/Idyllic Italian Coast Town/Textures/M_bricks_BaseMap.png",1024,1024,1399104,1,"Assets/Idyllic Italian Coast Town/Materials/M_bricks.mat"
"Assets/BH_XR_MainScene.unity","Assets/Idyllic Italian Coast Town/Textures/M_windows_italian_BaseMap.png",1024,1024,1399104,1,"Assets/Idyllic Italian Coast Town/Materials/M_windows.mat"
"Assets/BH_XR_MainScene.unity","Assets/Idyllic Italian Coast Town/Textures/M_windows_italian_Emissive.png",1024,1024,1399104,1,"Assets/Idyllic Italian Coast Town/Materials/M_windows.mat"
"Assets/BH_XR_MainScene.unity","Assets/Idyllic Italian Coast Town/Textures/M_boat_kit_BaseMap.png",1024,1024,1399104,1,"Assets/Idyllic Italian Coast Town/Materials/M_boat.mat"
"Assets/BH_XR_MainScene.unity","Assets/UnityTechnologies/Basic Asset Pack Interior/Textures/SmallProps.jpg",1024,1024,1399104,2,"Assets/UnityTechnologies/Basic Asset Pack Interior/Materials/SmallProps.mat;Assets/UnityTechnologies/Basic Asset Pack Interior/Materials/SmallProps_Light.mat"
"Assets/BH_XR_MainScene.unity","Assets/BCaT_assets/LindaLeaks/Models/LL_PhotoAlbum.glb",1024,1024,1399104,1,"Assets/BCaT_assets/LindaLeaks/Models/LL_PhotoAlbum.glb"
"Assets/BH_XR_MainScene.unity","Assets/My_Custom/txtrs/PavingStones119_1K-PNG_Color.png",1024,1024,1399104,2,"Assets/My_Custom/mtrls/OldStairway.mat;Assets/My_Custom/mtrls/OldPathway.mat"
"Assets/BH_XR_MainScene.unity","Assets/BCaT_assets/BlackParlors/Assets/Parlor_img.jpg",1024,1024,1399104,1,"Assets/BCaT_assets/BlackParlors/Assets/Photo_Parlor.mat"
"Assets/BH_XR_MainScene.unity","Assets/picture-frame/textures/pictureframe.png",1024,1024,1399104,1,"Assets/picture-frame/source/pictureframe.fbx"
"Assets/BH_XR_MainScene.unity","Assets/Idyllic Italian Coast Town/Textures/M_attachments_stone_BaseMap.png",1024,1024,1399104,1,"Assets/Idyllic Italian Coast Town/Materials/M_attachments_stone.mat"
"Assets/BH_XR_MainScene.unity","Assets/Idyllic Italian Coast Town/Textures/M_pipes_BaseMap.png",1024,1024,1399104,1,"Assets/Idyllic Italian Coast Town/Materials/M_pipes.mat"
"Assets/BH_XR_MainScene.unity","Assets/DevDen Arch Viz Scotland/Textures/Common/SmallObj/trash-can_albedo.png",1024,1024,1399104,1,"Assets/DevDen Arch Viz Scotland/Materials/Dining Room/trash-can.mat"
"Assets/BH_XR_MainScene.unity","Assets/DevDen Arch Viz Scotland/Textures/Common/SmallObj/trash-can_metal.png",1024,1024,1399104,1,"Assets/DevDen Arch Viz Scotland/Materials/Dining Room/trash-can.mat"
"Assets/BH_XR_MainScene.unity","Assets/DevDen Arch Viz Scotland/Textures/Environment/Floor Texture/floor mat 1_AlbedoTransparency.png",1024,1024,1399104,1,"Assets/HyTeKGames/SRPMaterialConverter/ConvertedMaterials/balcony_wood.mat"
"Assets/BH_XR_MainScene.unity","Assets/HyTeKGames/SRPMaterialConverter/ConvertedMaterials/Maps/balcony_wood_AO.png",1024,1024,1399104,1,"Assets/HyTeKGames/SRPMaterialConverter/ConvertedMaterials/balcony_wood.mat"
"Assets/BH_XR_MainScene.unity","Assets/BCaT_assets/Ri/glass_fish.glb",1024,1024,1399104,1,"Assets/BCaT_assets/Ri/glass_fish.glb"
"Assets/BH_XR_MainScene.unity","Assets/BCaT_assets/Ri/glass_fish.glb",1024,1024,1399104,1,"Assets/BCaT_assets/Ri/glass_fish.glb"
"Assets/BH_XR_MainScene.unity","Assets/DevDen Arch Viz Scotland/Textures/Bed Room/Photo_stand/fotostand_fotostand_AO.png",1024,1024,1399104,1,"Assets/DevDen Arch Viz Scotland/Materials/Bed Room/Bedroom_wood_table.mat"
"Assets/BH_XR_MainScene.unity","Assets/My_Custom/modern_scandinavian_kitchen_island.glb",1024,1024,1399104,1,"Assets/My_Custom/modern_scandinavian_kitchen_island.glb"
"Assets/BH_XR_MainScene.unity","Assets/Idyllic Italian Coast Town/Textures/M_chairs_BaseMap.png",1024,1024,1399104,1,"Assets/Idyllic Italian Coast Town/Materials/M_chairs.mat"
"Assets/BH_XR_MainScene.unity","Assets/DevDen Arch Viz Scotland/Textures/Study Room/Books Pack/book_3.png",1024,1024,1399104,1,"Assets/DevDen Arch Viz Scotland/Materials/Study Room/book_3.mat"
"Assets/BH_XR_MainScene.unity","Assets/DevDen Arch Viz Scotland/Textures/Study Room/Books Pack/book_5.png",1024,1024,1399104,1,"Assets/DevDen Arch Viz Scotland/Materials/Study Room/book_5.mat"
"Assets/BH_XR_MainScene.unity","Assets/DevDen Arch Viz Scotland/Textures/Study Room/Books Pack/book_1.png",1024,1024,1399104,1,"Assets/DevDen Arch Viz Scotland/Materials/Study Room/book_1.mat"
"Assets/BH_XR_MainScene.unity","Assets/DevDen Arch Viz Scotland/Textures/Study Room/Books Pack/book_10.png",1024,1024,1399104,1,"Assets/DevDen Arch Viz Scotland/Materials/Study Room/book_10.mat"
"Assets/BH_XR_MainScene.unity","Assets/DevDen Arch Viz Scotland/Textures/Study Room/Books Pack/book_7.png",1024,1024,1399104,1,"Assets/DevDen Arch Viz Scotland/Materials/Study Room/book_7.mat"
"Assets/BH_XR_MainScene.unity","Assets/DevDen Arch Viz Scotland/Textures/Study Room/Books Pack/book_9.png",1024,1024,1399104,2,"Assets/DevDen Arch Viz Scotland/Materials/Study Room/book_9.mat;Assets/HyTeKGames/SRPMaterialConverter/ConvertedMaterials/book_9.mat"
"Assets/BH_XR_MainScene.unity","Assets/DevDen Arch Viz Scotland/Textures/Study Room/Books Pack/book_4.png",1024,1024,1399104,1,"Assets/DevDen Arch Viz Scotland/Materials/Study Room/book_4.mat"
"Assets/BH_XR_MainScene.unity","Assets/DevDen Arch Viz Scotland/Textures/Study Room/Books Pack/book_2.png",1024,1024,1399104,1,"Assets/DevDen Arch Viz Scotland/Materials/Study Room/book_2.mat"
"Assets/BH_XR_MainScene.unity","Assets/DevDen Arch Viz Scotland/Textures/Study Room/Books Pack/book_8.png",1024,1024,1399104,1,"Assets/DevDen Arch Viz Scotland/Materials/Study Room/book_8.mat"
"Assets/BH_XR_MainScene.unity","Assets/DevDen Arch Viz Scotland/Textures/Study Room/Books Pack/book_6.png",1024,1024,1399104,1,"Assets/DevDen Arch Viz Scotland/Materials/Study Room/book_6.mat"
"Assets/BH_XR_MainScene.unity","Assets/DevDen Arch Viz Scotland/Textures/Study Room/shelf/shelf_shelf1_AlbedoTransparency.png",1024,1024,1399104,1,"Assets/DevDen Arch Viz Scotland/Materials/Study Room/shelf1.mat"
"Assets/BH_XR_MainScene.unity","Assets/DevDen Arch Viz Scotland/Textures/Study Room/shelf/shelf_shelf1_AO.png",1024,1024,1399104,1,"Assets/DevDen Arch Viz Scotland/Materials/Study Room/shelf1.mat"
"Assets/BH_XR_MainScene.unity","Assets/BCAT_GLB_TextureRemediation/generic_tulip_flower/Texture_0 _00.png",1024,1024,1399104,1,"Assets/BCaT_assets/BTMMP_Workstation_Assembly/generic_tulip_flower.glb"
"Assets/BH_XR_MainScene.unity","Assets/BCAT_GLB_TextureRemediation/drone/Texture_3 _01.png",1024,1024,1399104,1,"Assets/BCaT_assets/BTMMP_Workstation_Assembly/drone.glb"
"Assets/BH_XR_MainScene.unity","Assets/DevDen Arch Viz Scotland/Textures/Study Room/StudyRoom Carpet/Atlas_1.png",1024,1024,1399104,1,"Assets/DevDen Arch Viz Scotland/Materials/Study Room/Furniture_Atlas_1.mat"
"Assets/BH_XR_MainScene.unity","Assets/DevDen Arch Viz Scotland/Textures/Study Room/StudyRoom Carpet/Emission.png",1024,1024,1399104,1,"Assets/DevDen Arch Viz Scotland/Materials/Study Room/Furniture_Atlas_1.mat"
"Assets/BH_XR_MainScene.unity","Assets/DevDen Arch Viz Scotland/Textures/Study Room/StudyRoom Carpet/Atlas1_Metallic_Smoothness.png",1024,1024,1399104,1,"Assets/DevDen Arch Viz Scotland/Materials/Study Room/Furniture_Atlas_1.mat"
"Assets/BH_XR_MainScene.unity","Assets/DevDen Arch Viz Scotland/Textures/Study Room/table/Study Table_AlbedoTransparency.png",1024,1024,1399104,1,"Assets/DevDen Arch Viz Scotland/Materials/Study Room/table1.mat"
"Assets/BH_XR_MainScene.unity","Assets/DevDen Arch Viz Scotland/Textures/Study Room/table/Study Table_AO.png",1024,1024,1399104,1,"Assets/DevDen Arch Viz Scotland/Materials/Study Room/table1.mat"
"Assets/BH_XR_MainScene.unity","Assets/DevDen Arch Viz Scotland/Textures/Study Room/study_chair/CHair2_study_chair_seat_AO.png",1024,1024,1399104,1,"Assets/DevDen Arch Viz Scotland/Materials/Study Room/study_chair_seat.mat"
"Assets/BH_XR_MainScene.unity","Assets/DevDen Arch Viz Scotland/Textures/Study Room/study_chair/CHair2_study_chairI_Leg_AO.png",1024,1024,1399104,1,"Assets/DevDen Arch Viz Scotland/Materials/Study Room/study_chairI_Leg.mat"
"Assets/BH_XR_MainScene.unity","Assets/DevDen Arch Viz Scotland/Textures/Bed Room/bedside_table/bedside_table_bedside_AO.png",1024,1024,1399104,1,"Assets/DevDen Arch Viz Scotland/Materials/Bed Room/bedroom_wood_side_table.mat"
"Assets/BH_XR_MainScene.unity","Assets/DevDen Arch Viz Scotland/Textures/Common/Interior_props/CommonCeramic02.png",1024,1024,1399104,1,"Assets/DevDen Arch Viz Scotland/Materials/Bed Room/CommonCeramic02Biege.mat"
"Assets/BH_XR_MainScene.unity","Assets/DevDen Arch Viz Scotland/Textures/Common/Interior_props/CommonCeramic01.png",1024,1024,1399104,1,"Assets/DevDen Arch Viz Scotland/Materials/Bed Room/CommonCeramic01.mat"
"Assets/BH_XR_MainScene.unity","Assets/DevDen Arch Viz Scotland/Textures/Study Room/imac/Imac_imac_AlbedoTransparency.png",1024,1024,1399104,1,"Assets/DevDen Arch Viz Scotland/Materials/Study Room/imac.mat"
"Assets/BH_XR_MainScene.unity","Assets/UnityTechnologies/Basic Asset Pack Interior/Textures/TrimSheet_GreenPurple.jpg",1024,1024,1399104,1,"Assets/UnityTechnologies/Basic Asset Pack Interior/Materials/TrimSheetGreenPurple.mat"
"Assets/BH_XR_MainScene.unity","Assets/Shaded Spectrum/Cozy Interiors Demo Pack/Textures/Painted Beech Wall Boards/PaintedBeechWallBoardsAlbedo.png",1024,1024,1399104,1,"Assets/Shaded Spectrum/Cozy Interiors Demo Pack/Materials/Painted Beech Wall Boards.mat"
"Assets/BH_XR_MainScene.unity","Assets/DevDen Arch Viz Scotland/Textures/Living Room/TV/TV_AlbedoTransparency.png",1024,1024,1399104,1,"Assets/DevDen Arch Viz Scotland/Materials/Living Room/TV.mat"
"Assets/BH_XR_MainScene.unity","Assets/DevDen Arch Viz Scotland/Textures/Living Room/TV_Shelf/TV_Shelf_DefaultMaterial_AO.png",1024,1024,1399104,1,"Assets/DevDen Arch Viz Scotland/Materials/Living Room/TV_Shelf.mat"
"Assets/BH_XR_MainScene.unity","Assets/UnityTechnologies/Basic Asset Pack Interior/Textures/SpotsGreenLime.jpg",1024,1024,1399104,1,"Assets/UnityTechnologies/Basic Asset Pack Interior/Materials/PatternSpotGreenBig.mat"
"Assets/BH_XR_MainScene.unity","Assets/BCaT_assets/9night/drum.glb",1024,1024,1399104,1,"Assets/BCaT_assets/9night/drum.glb"
"Assets/BH_XR_MainScene.unity","Assets/BCaT_assets/9night/drum.glb",1024,1024,1399104,1,"Assets/BCaT_assets/9night/drum.glb"
"Assets/BH_XR_MainScene.unity","Assets/Idyllic Italian Coast Town/Textures/M_doors_italian_BaseMap.png",1024,1024,1399104,1,"Assets/Idyllic Italian Coast Town/Materials/M_doors.mat"
"Assets/BH_XR_MainScene.unity","Assets/Shaded Spectrum/Cozy Interiors Demo Pack/Textures/Gingham Kitchen Linen/GinghamKitchenLinenAlbedo.png",1024,1024,1399104,1,"Assets/Shaded Spectrum/Cozy Interiors Demo Pack/Materials/Gingham Kitchen Linen.mat"
"Assets/BH_XR_MainScene.unity","Assets/danthaigames/DS 80s Television/Textures/TVScreen.png",1024,1024,1399104,1,"Assets/danthaigames/DS 80s Television/Materials/TV Screen.mat"
"Assets/BH_XR_MainScene.unity","Assets/danthaigames/DS 80s Television/Textures/TV.png",1024,1024,1399104,1,"Assets/danthaigames/DS 80s Television/Materials/TV.mat"
"Assets/BH_XR_MainScene.unity","Assets/danthaigames/DS 80s Television/Textures/TVHandlesSurround.png",1024,1024,1399104,1,"Assets/danthaigames/DS 80s Television/Materials/TV Handles and Surround.mat"
"Assets/BH_XR_MainScene.unity","Assets/DevDen Arch Viz Scotland/Textures/Common/Interior_props/StudyRoom_BG1.png",1024,1024,1399104,1,"Assets/DevDen Arch Viz Scotland/Materials/Study Room/PictureImage03.mat"
"Assets/BH_XR_MainScene.unity","Assets/UnityTechnologies/Basic Asset Pack Interior/Textures/SpotsGreen.jpg",1024,1024,1399104,1,"Assets/UnityTechnologies/Basic Asset Pack Interior/Materials/PatternSpotGreenBlue.mat"
"Assets/BH_XR_MainScene.unity","Assets/My_Custom/txtrs/Wood004_1K-PNG_Color.png",1024,1024,1399104,1,"Assets/My_Custom/mtrls/RawWood.mat"
"Assets/BH_XR_MainScene.unity","Assets/UnityTechnologies/Basic Asset Pack Interior/Textures/SpotsGreenBlue.jpg",1024,1024,1399104,1,"Assets/UnityTechnologies/Basic Asset Pack Interior/Materials/PatternSpotBlue.mat"
"Assets/BH_XR_MainScene.unity","Assets/IgniteCoders/Simple Water Shader/Resources/WaterSurface_atlas.tif",1024,1024,1399104,1,"Assets/IgniteCoders/Simple Water Shader/Resources/Water_mat_01.mat"
"Assets/BH_XR_MainScene.unity","Assets/DevDen Arch Viz Scotland/Textures/Living Room/tea_table/Tea Table_teatable_AO.png",1024,1024,1399104,1,"Assets/DevDen Arch Viz Scotland/Materials/Living Room/teatable.mat"
"Assets/BH_XR_MainScene.unity","Assets/DevDen Arch Viz Scotland/Textures/Dining Room/dinning_chair/dinning_chair_diining_chair_wood_AlbedoTransparency.png",1024,1024,906735,1,"Assets/DevDen Arch Viz Scotland/Materials/Dining Room/diining_chair_wood.mat"
"Assets/BH_XR_MainScene.unity","Assets/DevDen Arch Viz Scotland/Textures/Living Room/sofa_2/sofa_2_01 - Default_AO.png",1024,1024,886859,1,"Assets/DevDen Arch Viz Scotland/Materials/Living Room/Sofa Set.mat"
"Assets/BH_XR_MainScene.unity","Assets/DevDen Arch Viz Scotland/Textures/Kitchen Room/side_piece/side_piece_marble_AlbedoTransparency.png",1024,1024,877283,1,"Assets/DevDen Arch Viz Scotland/Materials/Kitchen Room/marble.mat"
"Assets/BH_XR_MainScene.unity","Assets/DevDen Arch Viz Scotland/Textures/Bed Room/bedside_carpet/carpet_carpet_AlbedoTransparency.png",1024,1024,817122,1,"Assets/HyTeKGames/SRPMaterialConverter/ConvertedMaterials/carpet.mat"
"Assets/BH_XR_MainScene.unity","Assets/DevDen Arch Viz Scotland/Textures/Living Room/sofa_2/sofa_2_01 - Default_AlbedoTransparency.png",1024,1024,816569,1,"Assets/DevDen Arch Viz Scotland/Materials/Living Room/Sofa Set.mat"
"Assets/BH_XR_MainScene.unity","Assets/DevDen Arch Viz Scotland/Textures/Dining Room/dinning_chair/dinning_chair_diining_chair_wood_AO.png",1024,1024,771643,1,"Assets/DevDen Arch Viz Scotland/Materials/Dining Room/diining_chair_wood.mat"
"Assets/BH_XR_MainScene.unity","Assets/DevDen Arch Viz Scotland/Textures/Kitchen Room/side_piece/side_piece_marble_AO.png",1024,1024,722795,1,"Assets/DevDen Arch Viz Scotland/Materials/Kitchen Room/marble.mat"
"Assets/BH_XR_MainScene.unity","Assets/Animated Tropical Vegetation/Textures/jungle_bush_leaves_color.png",512,512,700080,1,"Assets/Animated Tropical Vegetation/Materials/jungle_bush_leaves.mat"
"Assets/BH_XR_MainScene.unity","Assets/Animated Tropical Vegetation/Textures/jungle_bush_leaves_normal.png",512,512,700080,1,"Assets/Animated Tropical Vegetation/Materials/jungle_bush_leaves.mat"
"Assets/BH_XR_MainScene.unity","Assets/DevDen Arch Viz Scotland/Textures/Living Room/TV/TV_Normal.png",512,512,700080,1,"Assets/DevDen Arch Viz Scotland/Materials/Living Room/TV.mat"
"Assets/BH_XR_MainScene.unity","Assets/DevDen Arch Viz Scotland/Textures/Study Room/Table_Lamp/LightBulb02_NM.png",512,512,700080,1,"Assets/DevDen Arch Viz Scotland/Materials/Study Room/LightBulb02On.mat"
"Assets/BH_XR_MainScene.unity","Assets/DevDen Arch Viz Scotland/Textures/Study Room/Table_Lamp/LightBulb02_Metallic.png",512,512,700080,1,"Assets/DevDen Arch Viz Scotland/Materials/Study Room/LightBulb02On.mat"
"Assets/BH_XR_MainScene.unity","Assets/DevDen Arch Viz Scotland/Textures/Living Room/Living_room_carpet/normal.png",512,512,700080,1,"Assets/DevDen Arch Viz Scotland/Materials/Living Room/NewCarpet.mat"
"Assets/BH_XR_MainScene.unity","Assets/IgniteCoders/Simple Water Shader/Resources/WaterSurface_single.tif",512,512,700080,1,"Assets/IgniteCoders/Simple Water Shader/Resources/Water_mat_01.mat"
"Assets/BH_XR_MainScene.unity","Assets/My_Custom/morten-s.glb",1024,512,700064,1,"Assets/My_Custom/morten-s.glb"
"Assets/BH_XR_MainScene.unity","Assets/Food Pack-Demo/Texture/Texture.png",512,512,350528,1,"Assets/Food Pack-Demo/Materials/Base color.mat"
"Assets/BH_XR_MainScene.unity","Assets/DevDen Arch Viz Scotland/Textures/Living Room/TV/TV_AO.png",512,512,350528,1,"Assets/DevDen Arch Viz Scotland/Materials/Living Room/TV.mat"
"Assets/BH_XR_MainScene.unity","Assets/DevDen Arch Viz Scotland/Textures/Common/Interior_props/LightPlastic02.png",512,512,350528,1,"Assets/DevDen Arch Viz Scotland/Materials/Study Room/LightPlastic02.mat"
"Assets/BH_XR_MainScene.unity","Assets/DevDen Arch Viz Scotland/Textures/Study Room/Table_Lamp/LightBulb02.png",512,512,350528,1,"Assets/DevDen Arch Viz Scotland/Materials/Study Room/LightBulb02On.mat"
"Assets/BH_XR_MainScene.unity","Assets/Emilulz_Assets/DEMOLowPolyFlowers/Assets/DEMOAtlas_Flowerpack.png",256,256,175792,1,"Assets/Emilulz_Assets/DEMOLowPolyFlowers/Prefabs/M_DEMOAtlas_LowPolyFlowers.mat"
"Assets/BH_XR_MainScene.unity","Assets/My_Custom/morten-s.glb",256,256,88384,1,"Assets/My_Custom/morten-s.glb"
"Assets/BH_XR_MainScene.unity","Assets/BCaT_assets/SewingRoom/needle_and_thread.glb",256,256,88384,1,"Assets/BCaT_assets/SewingRoom/needle_and_thread.glb"
"Assets/BH_XR_MainScene.unity","Assets/DevDen Arch Viz Scotland/Textures/Living Room/Living_room_carpet/Carpet.png",256,256,88384,1,"Assets/DevDen Arch Viz Scotland/Materials/Living Room/NewCarpet.mat"
"Assets/BH_XR_MainScene.unity","Assets/LowPolyLivingRoomPack/Textures/T_Palette_LivingRoom.png",8,8,1571,1,"Assets/LowPolyLivingRoomPack/Materials/M_LowPolyLivingRoom.mat"
"Assets/BH_XR_MainScene.unity","Assets/IgniteCoders/Simple Water Shader/Resources/WaterReflection.renderTexture",1920,1024,1184,1,"Assets/IgniteCoders/Simple Water Shader/Resources/Water_mat_01.mat"
"Assets/BrokenVector/LowPolyFencePack/Scenes/All Fences Example.unity","Assets/BrokenVector/LowPolyFencePack/Materials/Colorsheets/Colorsheet Wood Brown.png",8,8,1424,1,"Assets/BrokenVector/LowPolyFencePack/Materials/Brown Wood.mat"
"Assets/BrokenVector/LowPolyFencePack/Scenes/All Fences Example.unity","Assets/BrokenVector/LowPolyFencePack/Materials/Colorsheets/Colorsheet Wood Yellow.png",8,8,1424,1,"Assets/BrokenVector/LowPolyFencePack/Materials/Yellow Wood.mat"
"Assets/BrokenVector/LowPolyFencePack/Scenes/All Fences Example.unity","Assets/BrokenVector/LowPolyFencePack/Materials/Colorsheets/Colorsheet Wood Red.png",8,8,1424,1,"Assets/BrokenVector/LowPolyFencePack/Materials/Red Wood.mat"
"Assets/BrokenVector/LowPolyFencePack/Scenes/Animated Doors Example.unity","Assets/BrokenVector/LowPolyFencePack/Materials/Colorsheets/Colorsheet Wood Brown.png",8,8,1424,1,"Assets/BrokenVector/LowPolyFencePack/Materials/Brown Wood.mat"
"Assets/Coconut Palm Tree Pack/Coconut Palm Tree Pack.unity","Assets/Coconut Palm Tree Pack/Textures/Coconut_Palm_Tree_normalspec_bark.psd",1024,1024,2797266,1,"Assets/Coconut Palm Tree Pack/Materials/bark.mat"
"Assets/Coconut Palm Tree Pack/Coconut Palm Tree Pack.unity","Assets/Coconut Palm Tree Pack/Textures/Coconut_Palm_Tree_diffuse.psd",1024,1024,2797232,3,"Assets/Coconut Palm Tree Pack/Materials/bark.mat;Assets/Coconut Palm Tree Pack/Materials/leaf.mat;Assets/Coconut Palm Tree Pack/Materials/Coconut_Palm_Tree_AFS.mat"
"Assets/Coconut Palm Tree Pack/Coconut Palm Tree Pack.unity","Assets/Coconut Palm Tree Pack/Textures/Coconut_Palm_Tree_transgloss.psd",1024,1024,2797232,2,"Assets/Coconut Palm Tree Pack/Materials/bark.mat;Assets/Coconut Palm Tree Pack/Materials/leaf.mat"
"Assets/Coconut Palm Tree Pack/Coconut Palm Tree Pack.unity","Assets/Coconut Palm Tree Pack/Textures/Coconut_Palm_Tree_normalspec.psd",1024,1024,2797232,1,"Assets/Coconut Palm Tree Pack/Materials/leaf.mat"
"Assets/Coconut Palm Tree Pack/Coconut Palm Tree Pack.unity","Assets/Coconut Palm Tree Pack/Textures/Coconut_Palm_Tree_AFS.psd",1024,1024,2797232,2,"Assets/Coconut Palm Tree Pack/Materials/leaf.mat;Assets/Coconut Palm Tree Pack/Materials/Coconut_Palm_Tree_AFS.mat"
"Assets/DevDen Arch Viz Scotland/Scenes/ArchViz.unity","Assets/DevDen Arch Viz Scotland/Decals/Let's Eat.png",1875,1875,28125976,1,"Assets/DevDen Arch Viz Scotland/Decals/Materials/Lets Eat.mat"
"Assets/DevDen Arch Viz Scotland/Scenes/ArchViz.unity","Assets/DevDen Arch Viz Scotland/Textures/Common/Plate/plate_1_plate_1_BaseColor.png",4096,4096,22370624,1,"Assets/DevDen Arch Viz Scotland/Materials/Common/plate.mat"
"Assets/DevDen Arch Viz Scotland/Scenes/ArchViz.unity","Assets/DevDen Arch Viz Scotland/Textures/Common/Plate/plate_1_plate_1_Metallic.png",4096,4096,22370624,1,"Assets/DevDen Arch Viz Scotland/Materials/Common/plate.mat"
"Assets/DevDen Arch Viz Scotland/Scenes/ArchViz.unity","Assets/DevDen Arch Viz Scotland/Textures/Bed Room/foto_frame_3/Painting_StandPhoto_A_Paintings_House_MetallicSmoothness.png",2048,2048,11185897,1,"Assets/DevDen Arch Viz Scotland/Materials/Bed Room/Paintings_House_2.mat"
"Assets/DevDen Arch Viz Scotland/Scenes/ArchViz.unity","Assets/DevDen Arch Viz Scotland/Textures/Bed Room/FOTO_FRAME_4/Painting_StandPhoto_C_Paintings_House_MetallicSmoothness.png",2048,2048,11185897,1,"Assets/DevDen Arch Viz Scotland/Materials/Bed Room/Paintings_House_1.mat"
"Assets/DevDen Arch Viz Scotland/Scenes/ArchViz.unity","Assets/DevDen Arch Viz Scotland/Textures/Dining Room/dinning_chair/dinning_chair_dinning_chair_cusion_MetallicSmoothness.png",2048,2048,11185894,1,"Assets/DevDen Arch Viz Scotland/Materials/Dining Room/dinning_chair_cusion.mat"
"Assets/DevDen Arch Viz Scotland/Scenes/ArchViz.unity","Assets/DevDen Arch Viz Scotland/Textures/Bed Room/foto_frame_2/Painting_Small_C_Paintings_House_MetallicSmoothness.png",2048,2048,11185892,1,"Assets/DevDen Arch Viz Scotland/Materials/Bed Room/Paintings_House.mat"
"Assets/DevDen Arch Viz Scotland/Scenes/ArchViz.unity","Assets/DevDen Arch Viz Scotland/Textures/Bed Room/foto_frame_1/Painting_Photo_B_Paintings_House_MetallicSmoothness.png",2048,2048,11185892,1,"Assets/DevDen Arch Viz Scotland/Materials/Bed Room/Paintings_House_4.mat"
"Assets/DevDen Arch Viz Scotland/Scenes/ArchViz.unity","Assets/DevDen Arch Viz Scotland/Textures/Bed Room/dressing_mirror/dresing_mirror_dressing_mirror1_MetallicSmoothness.png",2048,2048,11185891,1,"Assets/DevDen Arch Viz Scotland/Materials/Bed Room/dressing_mirror1.mat"
"Assets/DevDen Arch Viz Scotland/Scenes/ArchViz.unity","Assets/DevDen Arch Viz Scotland/Textures/Bathroom/Washing_machine/washingmachine_M_washingmachine_MetallicSmoothness.png",2048,2048,11185891,2,"Assets/DevDen Arch Viz Scotland/Materials/Bathroom/washingmachineclosed.mat;Assets/DevDen Arch Viz Scotland/Materials/Bathroom/washingMachine.mat"
"Assets/DevDen Arch Viz Scotland/Scenes/ArchViz.unity","Assets/DevDen Arch Viz Scotland/Textures/Common/AirConditioner/airconditioner_DefaultMaterial_MetallicSmoothness.png",2048,2048,11185890,1,"Assets/DevDen Arch Viz Scotland/Materials/Common/Air Conditioner.mat"
"Assets/DevDen Arch Viz Scotland/Scenes/ArchViz.unity","Assets/DevDen Arch Viz Scotland/Textures/Kitchen Room/CoffeeMachine/coffeemachine_DefaultMaterial_MetallicSmoothness.png",2048,2048,11185889,1,"Assets/DevDen Arch Viz Scotland/Materials/Kitchen Room/coffee_maker.mat"
"Assets/DevDen Arch Viz Scotland/Scenes/ArchViz.unity","Assets/DevDen Arch Viz Scotland/Textures/Balcony/balcony_chair/balcony_ chair_balcony_chair1_MetallicSmoothness.png",2048,2048,11185889,1,"Assets/DevDen Arch Viz Scotland/Materials/balcony/balcony_chair1.mat"
"Assets/DevDen Arch Viz Scotland/Scenes/ArchViz.unity","Assets/DevDen Arch Viz Scotland/Textures/Environment/inner_wall/inner_wall_glass_wall_glass4_AlbedoTransparency.png",2048,2048,11185888,1,"Assets/DevDen Arch Viz Scotland/Materials/Bed Room/glass_wall_glass4.mat"
"Assets/DevDen Arch Viz Scotland/Scenes/ArchViz.unity","Assets/DevDen Arch Viz Scotland/Textures/Kitchen Room/Kettle/kitchan mat 2_kitchan_mat_2_MetallicSmoothness.png",2048,2048,11185887,1,"Assets/DevDen Arch Viz Scotland/Materials/Kitchen Room/kitchan_mat_2.mat"
"Assets/DevDen Arch Viz Scotland/Scenes/ArchViz.unity","Assets/DevDen Arch Viz Scotland/Textures/Dining Room/dinning_table/dinning_table_dinning_table_MetallicSmoothness.png",2048,2048,11185887,1,"Assets/DevDen Arch Viz Scotland/Materials/Dining Room/dinning_table.mat"
"Assets/DevDen Arch Viz Scotland/Scenes/ArchViz.unity","Assets/DevDen Arch Viz Scotland/Textures/Environment/inner_wall/inner_wall_livingroom_wall3_MetallicSmoothness.png",2048,2048,11185887,1,"Assets/DevDen Arch Viz Scotland/Materials/Environment/livingroom_wall3.mat"
"Assets/DevDen Arch Viz Scotland/Scenes/ArchViz.unity","Assets/DevDen Arch Viz Scotland/Textures/Environment/inner_wall/inner_wall_studyroom_wall3_MetallicSmoothness.png",2048,2048,11185886,1,"Assets/DevDen Arch Viz Scotland/Materials/Study Room/studyroom_wall3.mat"
"Assets/DevDen Arch Viz Scotland/Scenes/ArchViz.unity","Assets/DevDen Arch Viz Scotland/Textures/Environment/inner_wall/inner_wall_bathroom_floor3_MetallicSmoothness.png",2048,2048,11185886,1,"Assets/DevDen Arch Viz Scotland/Materials/Bathroom/bathroom_floor3.mat"
"Assets/DevDen Arch Viz Scotland/Scenes/ArchViz.unity","Assets/DevDen Arch Viz Scotland/Textures/Bed Room/foto_frame_3/Painting_StandPhoto_A_Paintings_House_Normal.png",2048,2048,11185885,1,"Assets/DevDen Arch Viz Scotland/Materials/Bed Room/Paintings_House_2.mat"
"Assets/DevDen Arch Viz Scotland/Scenes/ArchViz.unity","Assets/DevDen Arch Viz Scotland/Textures/Bed Room/FOTO_FRAME_4/Painting_StandPhoto_C_Paintings_House_Normal.png",2048,2048,11185885,1,"Assets/DevDen Arch Viz Scotland/Materials/Bed Room/Paintings_House_1.mat"
"Assets/DevDen Arch Viz Scotland/Scenes/ArchViz.unity","Assets/DevDen Arch Viz Scotland/Textures/Environment/inner_wall/inner_wall_bathroom_wall3_MetallicSmoothness.png",2048,2048,11185885,1,"Assets/DevDen Arch Viz Scotland/Materials/Bathroom/bathroom_wall3.mat"
"Assets/DevDen Arch Viz Scotland/Scenes/ArchViz.unity","Assets/DevDen Arch Viz Scotland/Textures/Balcony/balcony_mat/balcony_mat_balcony_mat1_MetallicSmoothness.png",2048,2048,11185884,1,"Assets/DevDen Arch Viz Scotland/Materials/balcony/balcony_mat1.mat"
"Assets/DevDen Arch Viz Scotland/Scenes/ArchViz.unity","Assets/DevDen Arch Viz Scotland/Textures/Environment/inner_wall/inner_wall_bedroom_wall4_MetallicSmoothness.png",2048,2048,11185884,1,"Assets/DevDen Arch Viz Scotland/Materials/Bed Room/bedroom_wall4.mat"
"Assets/DevDen Arch Viz Scotland/Scenes/ArchViz.unity","Assets/DevDen Arch Viz Scotland/Textures/Kitchen Room/kitchen_1/kitchen_gold_tap_handle_MetallicSmoothness.png",2048,2048,11185883,2,"Assets/DevDen Arch Viz Scotland/Materials/Kitchen Room/gold_tap_handle 1.mat;Assets/DevDen Arch Viz Scotland/Materials/Kitchen Room/gold_tap_handle.mat"
"Assets/DevDen Arch Viz Scotland/Scenes/ArchViz.unity","Assets/DevDen Arch Viz Scotland/Textures/Environment/inner_wall/inner_wall_pattern_wall_MetallicSmoothness.png",2048,2048,11185883,1,"Assets/DevDen Arch Viz Scotland/Materials/Bed Room/pattern_wall.mat"
"Assets/DevDen Arch Viz Scotland/Scenes/ArchViz.unity","Assets/DevDen Arch Viz Scotland/Textures/Kitchen Room/fridge_2/frifge_gold_tap_handle_MetallicSmoothness.png",2048,2048,11185882,2,"Assets/DevDen Arch Viz Scotland/Materials/Kitchen Room/gold_tap_handle_1.mat;Assets/DevDen Arch Viz Scotland/Materials/Kitchen Room/gold_tap_handle_2.mat"
"Assets/DevDen Arch Viz Scotland/Scenes/ArchViz.unity","Assets/DevDen Arch Viz Scotland/Textures/Bathroom/Toilet/toilet_DefaultMaterial_MetallicSmoothness.png",2048,2048,11185882,1,"Assets/DevDen Arch Viz Scotland/Materials/Bathroom/M_toilet.mat"
"Assets/DevDen Arch Viz Scotland/Scenes/ArchViz.unity","Assets/DevDen Arch Viz Scotland/Textures/Living Room/Laptop/laptop_DefaultMaterial_MetallicSmoothness.png",2048,2048,11185882,1,"Assets/DevDen Arch Viz Scotland/Materials/Living Room/laptop.mat"
"Assets/DevDen Arch Viz Scotland/Scenes/ArchViz.unity","Assets/DevDen Arch Viz Scotland/Textures/Environment/inner_wall/inner_wall_inner_roof3_MetallicSmoothness.png",2048,2048,11185882,1,"Assets/DevDen Arch Viz Scotland/Materials/Environment/inner_roof3.mat"
"Assets/DevDen Arch Viz Scotland/Scenes/ArchViz.unity","Assets/DevDen Arch Viz Scotland/Textures/Bathroom/Washbasin/washbasin_M_washbasin_MetallicSmoothness.png",2048,2048,11185881,1,"Assets/DevDen Arch Viz Scotland/Materials/Bathroom/M_washbasin2.mat"
"Assets/DevDen Arch Viz Scotland/Scenes/ArchViz.unity","Assets/DevDen Arch Viz Scotland/Textures/Kitchen Room/side_piece/side_piece_white_wood_MetallicSmoothness.png",2048,2048,11185881,1,"Assets/DevDen Arch Viz Scotland/Materials/Kitchen Room/white_wood.mat"
"Assets/DevDen Arch Viz Scotland/Scenes/ArchViz.unity","Assets/DevDen Arch Viz Scotland/Textures/Balcony/balcony/balcony_balcony_metal_MetallicSmoothness.png",2048,2048,11185881,1,"Assets/DevDen Arch Viz Scotland/Materials/balcony/balcony_metal.mat"
"Assets/DevDen Arch Viz Scotland/Scenes/ArchViz.unity","Assets/DevDen Arch Viz Scotland/Textures/Bed Room/foto_frame_2/Painting_Small_C_Paintings_House_Normal.png",2048,2048,11185880,1,"Assets/DevDen Arch Viz Scotland/Materials/Bed Room/Paintings_House.mat"
"Assets/DevDen Arch Viz Scotland/Scenes/ArchViz.unity","Assets/DevDen Arch Viz Scotland/Textures/Bed Room/foto_frame_1/Painting_Photo_B_Paintings_House_Normal.png",2048,2048,11185880,1,"Assets/DevDen Arch Viz Scotland/Materials/Bed Room/Paintings_House_4.mat"
"Assets/DevDen Arch Viz Scotland/Scenes/ArchViz.unity","Assets/DevDen Arch Viz Scotland/Textures/Bathroom/Washing_machine/washingmachine_M_washingmachine_Normal.png",2048,2048,11185879,2,"Assets/DevDen Arch Viz Scotland/Materials/Bathroom/washingmachineclosed.mat;Assets/DevDen Arch Viz Scotland/Materials/Bathroom/washingMachine.mat"
"Assets/DevDen Arch Viz Scotland/Scenes/ArchViz.unity","Assets/DevDen Arch Viz Scotland/Textures/Bed Room/bedsider/bedsider_bed_sider_MetallicSmoothness.png",2048,2048,11185878,1,"Assets/DevDen Arch Viz Scotland/Materials/Bed Room/bed_sider.mat"
"Assets/DevDen Arch Viz Scotland/Scenes/ArchViz.unity","Assets/DevDen Arch Viz Scotland/Textures/Kitchen Room/Kitchen_cupboard_2/kitchen_green_wood_MetallicSmoothness.png",2048,2048,11185878,1,"Assets/DevDen Arch Viz Scotland/Materials/Kitchen Room/green_wood_2.mat"
"Assets/DevDen Arch Viz Scotland/Scenes/ArchViz.unity","Assets/DevDen Arch Viz Scotland/Textures/Common/AirConditioner/airconditioner_DefaultMaterial_Normal.png",2048,2048,11185878,1,"Assets/DevDen Arch Viz Scotland/Materials/Common/Air Conditioner.mat"
"Assets/DevDen Arch Viz Scotland/Scenes/ArchViz.unity","Assets/DevDen Arch Viz Scotland/Textures/Kitchen Room/CoffeeMachine/coffeemachine_DefaultMaterial_Normal.png",2048,2048,11185877,1,"Assets/DevDen Arch Viz Scotland/Materials/Kitchen Room/coffee_maker.mat"
"Assets/DevDen Arch Viz Scotland/Scenes/ArchViz.unity","Assets/DevDen Arch Viz Scotland/Textures/Kitchen Room/Fridge/frifge_green_wood_MetallicSmoothness.png",2048,2048,11185877,2,"Assets/DevDen Arch Viz Scotland/Materials/Kitchen Room/green_wood_1.mat;Assets/DevDen Arch Viz Scotland/Materials/Kitchen Room/green_wood_1 Metal.mat"
"Assets/DevDen Arch Viz Scotland/Scenes/ArchViz.unity","Assets/DevDen Arch Viz Scotland/Textures/Environment/inner_wall/inner_wall_glass_wall_glass4_Normal.png",2048,2048,11185876,1,"Assets/DevDen Arch Viz Scotland/Materials/Bed Room/glass_wall_glass4.mat"
"Assets/DevDen Arch Viz Scotland/Scenes/ArchViz.unity","Assets/DevDen Arch Viz Scotland/Textures/Kitchen Room/side_piece/side_piece_metal_MetallicSmoothness.png",2048,2048,11185876,1,"Assets/DevDen Arch Viz Scotland/Materials/Kitchen Room/metal.mat"
"Assets/DevDen Arch Viz Scotland/Scenes/ArchViz.unity","Assets/DevDen Arch Viz Scotland/Textures/Bathroom/towel_2/2_toilet_wood_1_MetallicSmoothness.png",2048,2048,11185875,1,"Assets/DevDen Arch Viz Scotland/Materials/Bathroom/toilet_wood_1.mat"
"Assets/DevDen Arch Viz Scotland/Scenes/ArchViz.unity","Assets/DevDen Arch Viz Scotland/Textures/Kitchen Room/Kettle/kitchan mat 2_kitchan_mat_2_Normal.png",2048,2048,11185875,1,"Assets/DevDen Arch Viz Scotland/Materials/Kitchen Room/kitchan_mat_2.mat"
"Assets/DevDen Arch Viz Scotland/Scenes/ArchViz.unity","Assets/DevDen Arch Viz Scotland/Textures/Dining Room/dinning_table/dinning_table_dinning_table_Normal.png",2048,2048,11185875,1,"Assets/DevDen Arch Viz Scotland/Materials/Dining Room/dinning_table.mat"
"Assets/DevDen Arch Viz Scotland/Scenes/ArchViz.unity","Assets/DevDen Arch Viz Scotland/Textures/Kitchen Room/kitchen_1/kitchen_switch1_MetallicSmoothness.png",2048,2048,11185875,2,"Assets/DevDen Arch Viz Scotland/Materials/Common/switch2.mat;Assets/DevDen Arch Viz Scotland/Materials/Common/switch1.mat"
"Assets/DevDen Arch Viz Scotland/Scenes/ArchViz.unity","Assets/DevDen Arch Viz Scotland/Textures/Kitchen Room/kitchen_1/kitchen_granite_MetallicSmoothness.png",2048,2048,11185875,1,"Assets/DevDen Arch Viz Scotland/Materials/Kitchen Room/granite.mat"
"Assets/DevDen Arch Viz Scotland/Scenes/ArchViz.unity","Assets/DevDen Arch Viz Scotland/Textures/Environment/inner_wall/inner_wall_studyroom_wall3_Normal.png",2048,2048,11185874,1,"Assets/DevDen Arch Viz Scotland/Materials/Study Room/studyroom_wall3.mat"
"Assets/DevDen Arch Viz Scotland/Scenes/ArchViz.unity","Assets/DevDen Arch Viz Scotland/Textures/Bed Room/bedside_carpet/carpet_carpet_MetallicSmoothness.png",2048,2048,11185873,1,"Assets/DevDen Arch Viz Scotland/Materials/Bed Room/carpet.mat"
"Assets/DevDen Arch Viz Scotland/Scenes/ArchViz.unity","Assets/DevDen Arch Viz Scotland/Textures/Study Room/lamp/Lamp_emission_MetallicSmoothness.png",2048,2048,11185873,1,"Assets/DevDen Arch Viz Scotland/Materials/Common/Lamp_emission.mat"
"Assets/DevDen Arch Viz Scotland/Scenes/ArchViz.unity","Assets/DevDen Arch Viz Scotland/Textures/Kitchen Room/kitchen_1/kitchen_glass_MetallicSmoothness.png",2048,2048,11185873,1,"Assets/DevDen Arch Viz Scotland/Materials/Kitchen Room/glass.mat"
"Assets/DevDen Arch Viz Scotland/Scenes/ArchViz.unity","Assets/DevDen Arch Viz Scotland/Textures/Kitchen Room/kitchen_1/kitchen_steel_MetallicSmoothness.png",2048,2048,11185873,1,"Assets/DevDen Arch Viz Scotland/Materials/Kitchen Room/steel.mat"
"Assets/DevDen Arch Viz Scotland/Scenes/ArchViz.unity","Assets/DevDen Arch Viz Scotland/Textures/Environment/inner_wall/inner_wall_bathroom_wall3_Normal.png",2048,2048,11185873,1,"Assets/DevDen Arch Viz Scotland/Materials/Bathroom/bathroom_wall3.mat"
"Assets/DevDen Arch Viz Scotland/Scenes/ArchViz.unity","Assets/DevDen Arch Viz Scotland/Textures/Kitchen Room/fridge_2/frifge_gold_tap_handle_Normal.png",2048,2048,11185840,2,"Assets/DevDen Arch Viz Scotland/Materials/Kitchen Room/gold_tap_handle_1.mat;Assets/DevDen Arch Viz Scotland/Materials/Kitchen Room/gold_tap_handle_2.mat"
"Assets/DevDen Arch Viz Scotland/Scenes/ArchViz.unity","Assets/DevDen Arch Viz Scotland/Textures/Bathroom/towel_2/2_towl_2_MetallicSmoothness.png",2048,2048,11185840,1,"Assets/DevDen Arch Viz Scotland/Materials/Bathroom/towl_2.mat"
"Assets/DevDen Arch Viz Scotland/Scenes/ArchViz.unity","Assets/DevDen Arch Viz Scotland/Textures/Study Room/lamp/lamp_Normal.png",2048,2048,11185840,1,"Assets/DevDen Arch Viz Scotland/Materials/Common/lamp.mat"
"Assets/DevDen Arch Viz Scotland/Scenes/ArchViz.unity","Assets/DevDen Arch Viz Scotland/Textures/Study Room/lamp/lamp_MetallicSmoothness.png",2048,2048,11185840,1,"Assets/DevDen Arch Viz Scotland/Materials/Common/lamp.mat"
"Assets/DevDen Arch Viz Scotland/Scenes/ArchViz.unity","Assets/DevDen Arch Viz Scotland/Textures/Study Room/lamp/Lamp_emission_Normal.png",2048,2048,11185840,1,"Assets/DevDen Arch Viz Scotland/Materials/Common/Lamp_emission.mat"
"Assets/DevDen Arch Viz Scotland/Scenes/ArchViz.unity","Assets/DevDen Arch Viz Scotland/Textures/Bathroom/Toilet/toilet_DefaultMaterial_Normal.png",2048,2048,11185840,1,"Assets/DevDen Arch Viz Scotland/Materials/Bathroom/M_toilet.mat"
"Assets/DevDen Arch Viz Scotland/Scenes/ArchViz.unity","Assets/DevDen Arch Viz Scotland/Textures/Kitchen Room/Kitchen_cupboard_2/kitchen_granite_Normal.png",2048,2048,11185840,2,"Assets/DevDen Arch Viz Scotland/Materials/Kitchen Room/green_wood_2.mat;Assets/DevDen Arch Viz Scotland/Materials/Kitchen Room/granite.mat"
"Assets/DevDen Arch Viz Scotland/Scenes/ArchViz.unity","Assets/DevDen Arch Viz Scotland/Textures/Bathroom/MetalDryer/dry_M_metaldryer_Normal.png",2048,2048,11185840,1,"Assets/DevDen Arch Viz Scotland/Materials/Bathroom/metaldryer.mat"
"Assets/DevDen Arch Viz Scotland/Scenes/ArchViz.unity","Assets/DevDen Arch Viz Scotland/Textures/Kitchen Room/kitchen/induction-hob_normal.png",2048,2048,11185840,1,"Assets/DevDen Arch Viz Scotland/Materials/Kitchen Room/induction-hob.mat"
"Assets/DevDen Arch Viz Scotland/Scenes/ArchViz.unity","Assets/DevDen Arch Viz Scotland/Textures/Kitchen Room/Mug Holder/Mug Holder_Normal.png",2048,2048,11185840,1,"Assets/DevDen Arch Viz Scotland/Materials/Kitchen Room/Mug_Holder_mat.mat"
"Assets/DevDen Arch Viz Scotland/Scenes/ArchViz.unity","Assets/DevDen Arch Viz Scotland/Textures/Kitchen Room/Mug Holder/Mug Holder_MetallicSmoothness.png",2048,2048,11185840,1,"Assets/DevDen Arch Viz Scotland/Materials/Kitchen Room/Mug_Holder_mat.mat"
"Assets/DevDen Arch Viz Scotland/Scenes/ArchViz.unity","Assets/DevDen Arch Viz Scotland/Textures/Kitchen Room/kitchen_1/kitchen_gold_tap_handle_Normal.png",2048,2048,11185840,2,"Assets/DevDen Arch Viz Scotland/Materials/Kitchen Room/gold_tap_handle 1.mat;Assets/DevDen Arch Viz Scotland/Materials/Kitchen Room/gold_tap_handle.mat"
"Assets/DevDen Arch Viz Scotland/Scenes/ArchViz.unity","Assets/DevDen Arch Viz Scotland/Textures/Kitchen Room/kitchen_1/kitchen_switch1_Normal.png",2048,2048,11185840,2,"Assets/DevDen Arch Viz Scotland/Materials/Common/switch2.mat;Assets/DevDen Arch Viz Scotland/Materials/Common/switch1.mat"
"Assets/DevDen Arch Viz Scotland/Scenes/ArchViz.unity","Assets/DevDen Arch Viz Scotland/Textures/Kitchen Room/kitchen_1/kitchen_chimini_Normal.png",2048,2048,11185840,1,"Assets/DevDen Arch Viz Scotland/Materials/Kitchen Room/chimini.mat"
"Assets/DevDen Arch Viz Scotland/Scenes/ArchViz.unity","Assets/DevDen Arch Viz Scotland/Textures/Kitchen Room/kitchen_1/kitchen_glass_Normal.png",2048,2048,11185840,1,"Assets/DevDen Arch Viz Scotland/Materials/Kitchen Room/glass.mat"
"Assets/DevDen Arch Viz Scotland/Scenes/ArchViz.unity","Assets/DevDen Arch Viz Scotland/Textures/Kitchen Room/kitchen_1/kitchen_steel_Normal.png",2048,2048,11185840,1,"Assets/DevDen Arch Viz Scotland/Materials/Kitchen Room/steel.mat"
"Assets/DevDen Arch Viz Scotland/Scenes/ArchViz.unity","Assets/DevDen Arch Viz Scotland/Textures/Bed Room/FOTO_FRAME_4/Paintings_House_MaskMap.png",2048,2048,11185840,1,"Assets/DevDen Arch Viz Scotland/Materials/Bed Room/Paintings_House_1.mat"
"Assets/DevDen Arch Viz Scotland/Scenes/ArchViz.unity","Assets/DevDen Arch Viz Scotland/Textures/Bathroom/Washbasin/washbasin_M_washbasin_Normal.png",2048,2048,11185840,1,"Assets/DevDen Arch Viz Scotland/Materials/Bathroom/M_washbasin2.mat"
"Assets/DevDen Arch Viz Scotland/Scenes/ArchViz.unity","Assets/DevDen Arch Viz Scotland/Textures/Bed Room/bed/bed_bed_MetallicSmoothness.png",2048,2048,11185840,1,"Assets/DevDen Arch Viz Scotland/Materials/Bed Room/bed.mat"
"Assets/DevDen Arch Viz Scotland/Scenes/ArchViz.unity","Assets/DevDen Arch Viz Scotland/Textures/Kitchen Room/Chopboard/Chopboard_Normal.png",2048,2048,11185840,1,"Assets/DevDen Arch Viz Scotland/Materials/Kitchen Room/Chopboard_mat.mat"
"Assets/DevDen Arch Viz Scotland/Scenes/ArchViz.unity","Assets/DevDen Arch Viz Scotland/Textures/Kitchen Room/Chopboard/Chopboard_MetallicSmoothness.png",2048,2048,11185840,1,"Assets/DevDen Arch Viz Scotland/Materials/Kitchen Room/Chopboard_mat.mat"
"Assets/DevDen Arch Viz Scotland/Scenes/ArchViz.unity","Assets/DevDen Arch Viz Scotland/Textures/Kitchen Room/side_piece/side_piece_white_wood_Normal.png",2048,2048,11185840,1,"Assets/DevDen Arch Viz Scotland/Materials/Kitchen Room/white_wood.mat"
"Assets/DevDen Arch Viz Scotland/Scenes/ArchViz.unity","Assets/DevDen Arch Viz Scotland/Textures/Kitchen Room/side_piece/side_piece_metal_Normal.png",2048,2048,11185840,1,"Assets/DevDen Arch Viz Scotland/Materials/Kitchen Room/metal.mat"
"Assets/DevDen Arch Viz Scotland/Scenes/ArchViz.unity","Assets/DevDen Arch Viz Scotland/Textures/Kitchen Room/Knife Holder/Knife Holder_Normal.png",2048,2048,11185840,1,"Assets/DevDen Arch Viz Scotland/Materials/Kitchen Room/Knife_Holder_mat.mat"
"Assets/DevDen Arch Viz Scotland/Scenes/ArchViz.unity","Assets/DevDen Arch Viz Scotland/Textures/Kitchen Room/Knife Holder/Knife Holder_MetallicSmoothness.png",2048,2048,11185840,1,"Assets/DevDen Arch Viz Scotland/Materials/Kitchen Room/Knife_Holder_mat.mat"
"Assets/DevDen Arch Viz Scotland/Scenes/ArchViz.unity","Assets/DevDen Arch Viz Scotland/Textures/Common/SmallObj/knives_normal.png",2048,2048,11185840,1,"Assets/DevDen Arch Viz Scotland/Materials/Kitchen Room/knives.mat"
"Assets/DevDen Arch Viz Scotland/Scenes/ArchViz.unity","Assets/DevDen Arch Viz Scotland/Textures/Living Room/Laptop/laptop_DefaultMaterial_Normal.png",2048,2048,11185840,1,"Assets/DevDen Arch Viz Scotland/Materials/Living Room/laptop.mat"
"Assets/DevDen Arch Viz Scotland/Scenes/ArchViz.unity","Assets/DevDen Arch Viz Scotland/Textures/Kitchen Room/TOASTER/toaster_toaster_Normal.png",2048,2048,11185840,1,"Assets/DevDen Arch Viz Scotland/Materials/Kitchen Room/toasterNew.mat"
"Assets/DevDen Arch Viz Scotland/Scenes/ArchViz.unity","Assets/DevDen Arch Viz Scotland/Textures/Environment/Floor Texture/floor mat 1_MetallicSmoothness.png",2048,2048,11185840,3,"Assets/DevDen Arch Viz Scotland/Materials/Bed Room/bedroom_floor3.mat;Assets/DevDen Arch Viz Scotland/Materials/Environment/livingroom_floor4.mat;Assets/DevDen Arch Viz Scotland/Materials/balcony/balcony_wood.mat"
"Assets/DevDen Arch Viz Scotland/Scenes/ArchViz.unity","Assets/DevDen Arch Viz Scotland/Textures/Environment/inner_wall/inner_wall_inner_roof3_Normal.png",2048,2048,11185840,1,"Assets/DevDen Arch Viz Scotland/Materials/Environment/inner_roof3.mat"
"Assets/DevDen Arch Viz Scotland/Scenes/ArchViz.unity","Assets/DevDen Arch Viz Scotland/Textures/Common/Plate/plate_1_plate_1_Normal.png",2048,2048,11185840,1,"Assets/DevDen Arch Viz Scotland/Materials/Common/plate.mat"
"Assets/DevDen Arch Viz Scotland/Scenes/ArchViz.unity","Assets/DevDen Arch Viz Scotland/Textures/Environment/inner_wall/inner_wall_pattern_wall_Normal.png",2048,2048,11185840,2,"Assets/DevDen Arch Viz Scotland/Materials/Environment/livingroom_wall3.mat;Assets/DevDen Arch Viz Scotland/Materials/Bed Room/pattern_wall.mat"
"Assets/DevDen Arch Viz Scotland/Scenes/ArchViz.unity","Assets/DevDen Arch Viz Scotland/Textures/Balcony/balcony/balcony_balcony_metal_Normal.png",2048,2048,11185840,1,"Assets/DevDen Arch Viz Scotland/Materials/balcony/balcony_metal.mat"
"Assets/DevDen Arch Viz Scotland/Scenes/ArchViz.unity","Assets/DevDen Arch Viz Scotland/Textures/Environment/inner_wall/inner_wall_bedroom_wall4_Normal.png",2048,2048,11185840,1,"Assets/DevDen Arch Viz Scotland/Materials/Bed Room/bedroom_wall4.mat"
"Assets/DevDen Arch Viz Scotland/Scenes/ArchViz.unity","Assets/DevDen Arch Viz Scotland/Textures/Kitchen Room/Fridge/frifge_green_wood_Normal.png",2048,2048,11185840,2,"Assets/DevDen Arch Viz Scotland/Materials/Kitchen Room/green_wood_1.mat;Assets/DevDen Arch Viz Scotland/Materials/Kitchen Room/green_wood_1 Metal.mat"
"Assets/DevDen Arch Viz Scotland/Scenes/ArchViz.unity","Assets/DevDen Arch Viz Scotland/Textures/Bed Room/foto_frame_3/Painting_StandPhoto_A_Paintings_House_AlbedoTransparency.png",2048,2048,5593465,1,"Assets/DevDen Arch Viz Scotland/Materials/Bed Room/Paintings_House_2.mat"
"Assets/DevDen Arch Viz Scotland/Scenes/ArchViz.unity","Assets/DevDen Arch Viz Scotland/Textures/Bed Room/FOTO_FRAME_4/Painting_StandPhoto_C_Paintings_House_AlbedoTransparency.png",2048,2048,5593465,1,"Assets/DevDen Arch Viz Scotland/Materials/Bed Room/Paintings_House_1.mat"
"Assets/DevDen Arch Viz Scotland/Scenes/ArchViz.unity","Assets/DevDen Arch Viz Scotland/Textures/Dining Room/dinning_chair/dinning_chair_dinning_chair_cusion_AlbedoTransparency.png",2048,2048,5593462,1,"Assets/DevDen Arch Viz Scotland/Materials/Dining Room/dinning_chair_cusion.mat"
"Assets/DevDen Arch Viz Scotland/Scenes/ArchViz.unity","Assets/DevDen Arch Viz Scotland/Textures/Bed Room/foto_frame_2/Painting_Small_C_Paintings_House_AlbedoTransparency.png",2048,2048,5593460,1,"Assets/DevDen Arch Viz Scotland/Materials/Bed Room/Paintings_House.mat"
"Assets/DevDen Arch Viz Scotland/Scenes/ArchViz.unity","Assets/DevDen Arch Viz Scotland/Textures/Bed Room/foto_frame_1/Painting_Photo_B_Paintings_House_AlbedoTransparency.png",2048,2048,5593460,1,"Assets/DevDen Arch Viz Scotland/Materials/Bed Room/Paintings_House_4.mat"
"Assets/DevDen Arch Viz Scotland/Scenes/ArchViz.unity","Assets/DevDen Arch Viz Scotland/Textures/Bed Room/dressing_mirror/dresing_mirror_dressing_mirror1_AlbedoTransparency.png",2048,2048,5593459,1,"Assets/DevDen Arch Viz Scotland/Materials/Bed Room/dressing_mirror1.mat"
"Assets/DevDen Arch Viz Scotland/Scenes/ArchViz.unity","Assets/DevDen Arch Viz Scotland/Textures/Bathroom/Washing_machine/washingmachine_M_washingmachine_AlbedoTransparency.png",2048,2048,5593459,2,"Assets/DevDen Arch Viz Scotland/Materials/Bathroom/washingmachineclosed.mat;Assets/DevDen Arch Viz Scotland/Materials/Bathroom/washingMachine.mat"
"Assets/DevDen Arch Viz Scotland/Scenes/ArchViz.unity","Assets/DevDen Arch Viz Scotland/Textures/Kitchen Room/CoffeeMachine/coffeemachine_DefaultMaterial_AlbedoTransparency_2.png",2048,2048,5593459,1,"Assets/DevDen Arch Viz Scotland/Materials/Kitchen Room/coffee_maker.mat"
"Assets/DevDen Arch Viz Scotland/Scenes/ArchViz.unity","Assets/DevDen Arch Viz Scotland/Textures/Common/AirConditioner/airconditioner_DefaultMaterial_AlbedoTransparency.png",2048,2048,5593458,1,"Assets/DevDen Arch Viz Scotland/Materials/Common/Air Conditioner.mat"
"Assets/DevDen Arch Viz Scotland/Scenes/ArchViz.unity","Assets/DevDen Arch Viz Scotland/Textures/Living Room/Remotecontrol/RemoteControl_DefaultMaterial_AlbedoTransparency.png",2048,2048,5593457,1,"Assets/DevDen Arch Viz Scotland/Materials/Living Room/Remote.mat"
"Assets/DevDen Arch Viz Scotland/Scenes/ArchViz.unity","Assets/DevDen Arch Viz Scotland/Textures/Balcony/balcony_chair/balcony_ chair_balcony_chair1_AlbedoTransparency.png",2048,2048,5593457,1,"Assets/DevDen Arch Viz Scotland/Materials/balcony/balcony_chair1.mat"
"Assets/DevDen Arch Viz Scotland/Scenes/ArchViz.unity","Assets/DevDen Arch Viz Scotland/Textures/Environment/inner_wall/inner_wall_glass_wall_glass4_MetallicSmoothness.png",2048,2048,5593456,1,"Assets/DevDen Arch Viz Scotland/Materials/Bed Room/glass_wall_glass4.mat"
"Assets/DevDen Arch Viz Scotland/Scenes/ArchViz.unity","Assets/DevDen Arch Viz Scotland/Textures/Environment/inner_wall/inner_wall_livingroom_wall3_AlbedoTransparency.png",2048,2048,5593455,1,"Assets/DevDen Arch Viz Scotland/Materials/Environment/livingroom_wall3.mat"
"Assets/DevDen Arch Viz Scotland/Scenes/ArchViz.unity","Assets/DevDen Arch Viz Scotland/Textures/Environment/inner_wall/inner_wall_studyroom_wall3_AlbedoTransparency.png",2048,2048,5593454,1,"Assets/DevDen Arch Viz Scotland/Materials/Study Room/studyroom_wall3.mat"
"Assets/DevDen Arch Viz Scotland/Scenes/ArchViz.unity","Assets/DevDen Arch Viz Scotland/Textures/Environment/inner_wall/inner_wall_bathroom_floor3_AlbedoTransparency.png",2048,2048,5593454,1,"Assets/DevDen Arch Viz Scotland/Materials/Bathroom/bathroom_floor3.mat"
"Assets/DevDen Arch Viz Scotland/Scenes/ArchViz.unity","Assets/DevDen Arch Viz Scotland/Textures/Living Room/TV_Panels/TV_Panels_DefaultMaterial_MetallicSmoothness.png",2048,2048,5593453,1,"Assets/DevDen Arch Viz Scotland/Materials/Living Room/TV_Panels.mat"
"Assets/DevDen Arch Viz Scotland/Scenes/ArchViz.unity","Assets/DevDen Arch Viz Scotland/Textures/Environment/inner_wall/inner_wall_bathroom_wall3_AlbedoTransparency.png",2048,2048,5593453,1,"Assets/DevDen Arch Viz Scotland/Materials/Bathroom/bathroom_wall3.mat"
"Assets/DevDen Arch Viz Scotland/Scenes/ArchViz.unity","Assets/DevDen Arch Viz Scotland/Textures/Environment/inner_wall/inner_wall_bedroom_wall4_AlbedoTransparency.png",2048,2048,5593452,1,"Assets/DevDen Arch Viz Scotland/Materials/Bed Room/bedroom_wall4.mat"
"Assets/DevDen Arch Viz Scotland/Scenes/ArchViz.unity","Assets/DevDen Arch Viz Scotland/Textures/Kitchen Room/kitchen_1/kitchen_gold_tap_handle_AlbedoTransparency.png",2048,2048,5593451,2,"Assets/DevDen Arch Viz Scotland/Materials/Kitchen Room/gold_tap_handle 1.mat;Assets/DevDen Arch Viz Scotland/Materials/Kitchen Room/gold_tap_handle.mat"
"Assets/DevDen Arch Viz Scotland/Scenes/ArchViz.unity","Assets/DevDen Arch Viz Scotland/Textures/Environment/inner_wall/inner_wall_pattern_wall_AlbedoTransparency.png",2048,2048,5593451,1,"Assets/DevDen Arch Viz Scotland/Materials/Bed Room/pattern_wall.mat"
"Assets/DevDen Arch Viz Scotland/Scenes/ArchViz.unity","Assets/DevDen Arch Viz Scotland/Textures/Kitchen Room/fridge_2/frifge_gold_tap_handle_AlbedoTransparency.png",2048,2048,5593450,2,"Assets/DevDen Arch Viz Scotland/Materials/Kitchen Room/gold_tap_handle_1.mat;Assets/DevDen Arch Viz Scotland/Materials/Kitchen Room/gold_tap_handle_2.mat"
"Assets/DevDen Arch Viz Scotland/Scenes/ArchViz.unity","Assets/DevDen Arch Viz Scotland/Textures/Bathroom/Toilet/toilet_DefaultMaterial_AlbedoTransparency.png",2048,2048,5593450,1,"Assets/DevDen Arch Viz Scotland/Materials/Bathroom/M_toilet.mat"
"Assets/DevDen Arch Viz Scotland/Scenes/ArchViz.unity","Assets/DevDen Arch Viz Scotland/Textures/Kitchen Room/Kitchen_cupboard_2/kitchen_green_wood_AlbedoTransparencyTest.png",2048,2048,5593450,1,"Assets/DevDen Arch Viz Scotland/Materials/Kitchen Room/green_wood_2.mat"
"Assets/DevDen Arch Viz Scotland/Scenes/ArchViz.unity","Assets/DevDen Arch Viz Scotland/Textures/Living Room/Laptop/laptop_DefaultMaterial_AlbedoTransparency.png",2048,2048,5593450,1,"Assets/DevDen Arch Viz Scotland/Materials/Living Room/laptop.mat"
"Assets/DevDen Arch Viz Scotland/Scenes/ArchViz.unity","Assets/DevDen Arch Viz Scotland/Textures/Environment/inner_wall/inner_wall_inner_roof3_AlbedoTransparency.png",2048,2048,5593450,1,"Assets/DevDen Arch Viz Scotland/Materials/Environment/inner_roof3.mat"
"Assets/DevDen Arch Viz Scotland/Scenes/ArchViz.unity","Assets/DevDen Arch Viz Scotland/Textures/Bed Room/foto_frame_3/Painting_StandPhoto_A_Paintings_House_AO.png",2048,2048,5593449,1,"Assets/DevDen Arch Viz Scotland/Materials/Bed Room/Paintings_House_2.mat"
"Assets/DevDen Arch Viz Scotland/Scenes/ArchViz.unity","Assets/DevDen Arch Viz Scotland/Textures/Bed Room/FOTO_FRAME_4/Painting_StandPhoto_C_Paintings_House_AO.png",2048,2048,5593449,1,"Assets/DevDen Arch Viz Scotland/Materials/Bed Room/Paintings_House_1.mat"
"Assets/DevDen Arch Viz Scotland/Scenes/ArchViz.unity","Assets/DevDen Arch Viz Scotland/Textures/Bathroom/Washbasin/washbasin_M_washbasin_AlbedoTransparency.png",2048,2048,5593449,1,"Assets/DevDen Arch Viz Scotland/Materials/Bathroom/M_washbasin2.mat"
"Assets/DevDen Arch Viz Scotland/Scenes/ArchViz.unity","Assets/DevDen Arch Viz Scotland/Textures/Kitchen Room/side_piece/side_piece_white_wood_AlbedoTransparency.png",2048,2048,5593449,1,"Assets/DevDen Arch Viz Scotland/Materials/Kitchen Room/white_wood.mat"
"Assets/DevDen Arch Viz Scotland/Scenes/ArchViz.unity","Assets/DevDen Arch Viz Scotland/Textures/Balcony/balcony/balcony_balcony_metal_AlbedoTransparency.png",2048,2048,5593449,1,"Assets/DevDen Arch Viz Scotland/Materials/balcony/balcony_metal.mat"
"Assets/DevDen Arch Viz Scotland/Scenes/ArchViz.unity","Assets/DevDen Arch Viz Scotland/Textures/Kitchen Room/Kettle/kitchan mat 2_kitchan_mat_2_BaseColor 1.png",2048,2048,5593448,1,"Assets/DevDen Arch Viz Scotland/Materials/Kitchen Room/kitchan_mat_2.mat"
"Assets/DevDen Arch Viz Scotland/Scenes/ArchViz.unity","Assets/DevDen Arch Viz Scotland/Textures/Dining Room/dinning_chair/dinning_chair_dinning_chair_cusion_AO.png",2048,2048,5593446,1,"Assets/DevDen Arch Viz Scotland/Materials/Dining Room/dinning_chair_cusion.mat"
"Assets/DevDen Arch Viz Scotland/Scenes/ArchViz.unity","Assets/DevDen Arch Viz Scotland/Textures/Kitchen Room/Fridge/frifge_green_wood_AlbedoTransparency.png",2048,2048,5593445,2,"Assets/DevDen Arch Viz Scotland/Materials/Kitchen Room/green_wood_1.mat;Assets/DevDen Arch Viz Scotland/Materials/Kitchen Room/green_wood_1 Metal.mat"
"Assets/DevDen Arch Viz Scotland/Scenes/ArchViz.unity","Assets/DevDen Arch Viz Scotland/Textures/Bed Room/foto_frame_2/Painting_Small_C_Paintings_House_AO.png",2048,2048,5593444,1,"Assets/DevDen Arch Viz Scotland/Materials/Bed Room/Paintings_House.mat"
"Assets/DevDen Arch Viz Scotland/Scenes/ArchViz.unity","Assets/DevDen Arch Viz Scotland/Textures/Bathroom/MetalDryer/dry_M_metaldryer_AlbedoTransparency.png",2048,2048,5593444,1,"Assets/DevDen Arch Viz Scotland/Materials/Bathroom/metaldryer.mat"
"Assets/DevDen Arch Viz Scotland/Scenes/ArchViz.unity","Assets/DevDen Arch Viz Scotland/Textures/Kitchen Room/side_piece/side_piece_metal_AlbedoTransparency.png",2048,2048,5593444,1,"Assets/DevDen Arch Viz Scotland/Materials/Kitchen Room/metal.mat"
"Assets/DevDen Arch Viz Scotland/Scenes/ArchViz.unity","Assets/DevDen Arch Viz Scotland/Textures/Bed Room/dressing_mirror/dresing_mirror_dressing_mirror1_AO.png",2048,2048,5593443,1,"Assets/DevDen Arch Viz Scotland/Materials/Bed Room/dressing_mirror1.mat"
"Assets/DevDen Arch Viz Scotland/Scenes/ArchViz.unity","Assets/DevDen Arch Viz Scotland/Textures/Kitchen Room/kitchen_1/kitchen_switch1_AlbedoTransparency.png",2048,2048,5593443,2,"Assets/DevDen Arch Viz Scotland/Materials/Common/switch2.mat;Assets/DevDen Arch Viz Scotland/Materials/Common/switch1.mat"
"Assets/DevDen Arch Viz Scotland/Scenes/ArchViz.unity","Assets/DevDen Arch Viz Scotland/Textures/Kitchen Room/kitchen_1/kitchen_chimini_AlbedoTransparency.png",2048,2048,5593443,1,"Assets/DevDen Arch Viz Scotland/Materials/Kitchen Room/chimini.mat"
"Assets/DevDen Arch Viz Scotland/Scenes/ArchViz.unity","Assets/DevDen Arch Viz Scotland/Textures/Kitchen Room/kitchen_1/kitchen_granite_AlbedoTransparency.png",2048,2048,5593443,1,"Assets/DevDen Arch Viz Scotland/Materials/Kitchen Room/granite.mat"
"Assets/DevDen Arch Viz Scotland/Scenes/ArchViz.unity","Assets/DevDen Arch Viz Scotland/Textures/Kitchen Room/TOASTER/toaster_toaster_AlbedoTransparency.png",2048,2048,5593443,1,"Assets/DevDen Arch Viz Scotland/Materials/Kitchen Room/toasterNew.mat"
"Assets/DevDen Arch Viz Scotland/Scenes/ArchViz.unity","Assets/DevDen Arch Viz Scotland/Textures/Common/AirConditioner/airconditioner_DefaultMaterial_AO.png",2048,2048,5593442,1,"Assets/DevDen Arch Viz Scotland/Materials/Common/Air Conditioner.mat"
"Assets/DevDen Arch Viz Scotland/Scenes/ArchViz.unity","Assets/DevDen Arch Viz Scotland/Textures/Kitchen Room/CoffeeMachine/coffeemachine_DefaultMaterial_AO.png",2048,2048,5593441,1,"Assets/DevDen Arch Viz Scotland/Materials/Kitchen Room/coffee_maker.mat"
"Assets/DevDen Arch Viz Scotland/Scenes/ArchViz.unity","Assets/DevDen Arch Viz Scotland/Textures/Kitchen Room/kitchen_1/kitchen_glass_AlbedoTransparency.png",2048,2048,5593441,1,"Assets/DevDen Arch Viz Scotland/Materials/Kitchen Room/glass.mat"
"Assets/DevDen Arch Viz Scotland/Scenes/ArchViz.unity","Assets/DevDen Arch Viz Scotland/Textures/Kitchen Room/kitchen_1/kitchen_steel_AlbedoTransparency.png",2048,2048,5593441,1,"Assets/DevDen Arch Viz Scotland/Materials/Kitchen Room/steel.mat"
"Assets/DevDen Arch Viz Scotland/Scenes/ArchViz.unity","Assets/DevDen Arch Viz Scotland/Textures/Balcony/balcony_chair/balcony_ chair_balcony_chair1_AO.png",2048,2048,5593441,1,"Assets/DevDen Arch Viz Scotland/Materials/balcony/balcony_chair1.mat"
"Assets/DevDen Arch Viz Scotland/Scenes/ArchViz.unity","Assets/DevDen Arch Viz Scotland/Textures/Kitchen Room/fridge_2/frifge_gold_tap_handle_AO.png",2048,2048,5593408,2,"Assets/DevDen Arch Viz Scotland/Materials/Kitchen Room/gold_tap_handle_1.mat;Assets/DevDen Arch Viz Scotland/Materials/Kitchen Room/gold_tap_handle_2.mat"
"Assets/DevDen Arch Viz Scotland/Scenes/ArchViz.unity","Assets/DevDen Arch Viz Scotland/Textures/Bathroom/towel_2/2_toilet_wood_1_AO.png",2048,2048,5593408,1,"Assets/DevDen Arch Viz Scotland/Materials/Bathroom/toilet_wood_1.mat"
"Assets/DevDen Arch Viz Scotland/Scenes/ArchViz.unity","Assets/DevDen Arch Viz Scotland/Textures/Bed Room/bedside_carpet/carpet_carpet_AO.png",2048,2048,5593408,1,"Assets/DevDen Arch Viz Scotland/Materials/Bed Room/carpet.mat"
"Assets/DevDen Arch Viz Scotland/Scenes/ArchViz.unity","Assets/DevDen Arch Viz Scotland/Textures/Bed Room/bedsider/bedsider_bed_sider_AO.png",2048,2048,5593408,1,"Assets/DevDen Arch Viz Scotland/Materials/Bed Room/bed_sider.mat"
"Assets/DevDen Arch Viz Scotland/Scenes/ArchViz.unity","Assets/DevDen Arch Viz Scotland/Textures/Study Room/lamp/lamp_AlbedoTransparency.png",2048,2048,5593408,1,"Assets/DevDen Arch Viz Scotland/Materials/Common/lamp.mat"
"Assets/DevDen Arch Viz Scotland/Scenes/ArchViz.unity","Assets/DevDen Arch Viz Scotland/Textures/Study Room/lamp/Lamp_emission_Emission.png",2048,2048,5593408,1,"Assets/DevDen Arch Viz Scotland/Materials/Common/Lamp_emission.mat"
"Assets/DevDen Arch Viz Scotland/Scenes/ArchViz.unity","Assets/DevDen Arch Viz Scotland/Textures/Bathroom/Toilet/toilet_DefaultMaterial_AO.png",2048,2048,5593408,1,"Assets/DevDen Arch Viz Scotland/Materials/Bathroom/M_toilet.mat"
"Assets/DevDen Arch Viz Scotland/Scenes/ArchViz.unity","Assets/DevDen Arch Viz Scotland/Textures/Kitchen Room/Kitchen_cupboard_2/kitchen_green_wood_AO 1.png",2048,2048,5593408,1,"Assets/DevDen Arch Viz Scotland/Materials/Kitchen Room/green_wood_2.mat"
"Assets/DevDen Arch Viz Scotland/Scenes/ArchViz.unity","Assets/DevDen Arch Viz Scotland/Textures/Bathroom/MetalDryer/dry_M_metaldryer_AO.png",2048,2048,5593408,1,"Assets/DevDen Arch Viz Scotland/Materials/Bathroom/metaldryer.mat"
"Assets/DevDen Arch Viz Scotland/Scenes/ArchViz.unity","Assets/DevDen Arch Viz Scotland/Textures/Kitchen Room/kitchen/induction-hob_albedo.png",2048,2048,5593408,1,"Assets/DevDen Arch Viz Scotland/Materials/Kitchen Room/induction-hob.mat"
"Assets/DevDen Arch Viz Scotland/Scenes/ArchViz.unity","Assets/DevDen Arch Viz Scotland/Textures/Kitchen Room/kitchen/induction-hob_metal.png",2048,2048,5593408,1,"Assets/DevDen Arch Viz Scotland/Materials/Kitchen Room/induction-hob.mat"
"Assets/DevDen Arch Viz Scotland/Scenes/ArchViz.unity","Assets/DevDen Arch Viz Scotland/Textures/Kitchen Room/Mug Holder/Mug Holder_AlbedoTransparency.png",2048,2048,5593408,1,"Assets/DevDen Arch Viz Scotland/Materials/Kitchen Room/Mug_Holder_mat.mat"
"Assets/DevDen Arch Viz Scotland/Scenes/ArchViz.unity","Assets/DevDen Arch Viz Scotland/Textures/Kitchen Room/Mug Holder/Mug Holder_AO.png",2048,2048,5593408,1,"Assets/DevDen Arch Viz Scotland/Materials/Kitchen Room/Mug_Holder_mat.mat"
"Assets/DevDen Arch Viz Scotland/Scenes/ArchViz.unity","Assets/DevDen Arch Viz Scotland/Textures/Kitchen Room/kitchen_1/kitchen_gold_tap_handle_AO.png",2048,2048,5593408,2,"Assets/DevDen Arch Viz Scotland/Materials/Kitchen Room/gold_tap_handle 1.mat;Assets/DevDen Arch Viz Scotland/Materials/Kitchen Room/gold_tap_handle.mat"
"Assets/DevDen Arch Viz Scotland/Scenes/ArchViz.unity","Assets/DevDen Arch Viz Scotland/Textures/Kitchen Room/kitchen_1/kitchen_switch1_AO.png",2048,2048,5593408,2,"Assets/DevDen Arch Viz Scotland/Materials/Common/switch2.mat;Assets/DevDen Arch Viz Scotland/Materials/Common/switch1.mat"
"Assets/DevDen Arch Viz Scotland/Scenes/ArchViz.unity","Assets/DevDen Arch Viz Scotland/Textures/Kitchen Room/kitchen_1/kitchen_chimini_AO.png",2048,2048,5593408,1,"Assets/DevDen Arch Viz Scotland/Materials/Kitchen Room/chimini.mat"
"Assets/DevDen Arch Viz Scotland/Scenes/ArchViz.unity","Assets/DevDen Arch Viz Scotland/Textures/Kitchen Room/kitchen_1/kitchen_chimini_Emission.png",2048,2048,5593408,1,"Assets/DevDen Arch Viz Scotland/Materials/Kitchen Room/chimini.mat"
"Assets/DevDen Arch Viz Scotland/Scenes/ArchViz.unity","Assets/DevDen Arch Viz Scotland/Textures/Kitchen Room/kitchen_1/kitchen_glass_AO.png",2048,2048,5593408,1,"Assets/DevDen Arch Viz Scotland/Materials/Kitchen Room/glass.mat"
"Assets/DevDen Arch Viz Scotland/Scenes/ArchViz.unity","Assets/DevDen Arch Viz Scotland/Textures/Kitchen Room/kitchen_1/kitchen_steel_AO.png",2048,2048,5593408,1,"Assets/DevDen Arch Viz Scotland/Materials/Kitchen Room/steel.mat"
"Assets/DevDen Arch Viz Scotland/Scenes/ArchViz.unity","Assets/DevDen Arch Viz Scotland/Textures/Kitchen Room/kitchen_1/kitchen_granite_AO.png",2048,2048,5593408,1,"Assets/DevDen Arch Viz Scotland/Materials/Kitchen Room/granite.mat"
"Assets/DevDen Arch Viz Scotland/Scenes/ArchViz.unity","Assets/DevDen Arch Viz Scotland/Textures/Bathroom/Washbasin/washbasin_M_washbasin_AO.png",2048,2048,5593408,1,"Assets/DevDen Arch Viz Scotland/Materials/Bathroom/M_washbasin2.mat"
"Assets/DevDen Arch Viz Scotland/Scenes/ArchViz.unity","Assets/DevDen Arch Viz Scotland/Textures/Kitchen Room/Chopboard/Chopboard_AlbedoTransparency.png",2048,2048,5593408,1,"Assets/DevDen Arch Viz Scotland/Materials/Kitchen Room/Chopboard_mat.mat"
"Assets/DevDen Arch Viz Scotland/Scenes/ArchViz.unity","Assets/DevDen Arch Viz Scotland/Textures/Kitchen Room/Chopboard/Chopboard_AO.png",2048,2048,5593408,1,"Assets/DevDen Arch Viz Scotland/Materials/Kitchen Room/Chopboard_mat.mat"
"Assets/DevDen Arch Viz Scotland/Scenes/ArchViz.unity","Assets/DevDen Arch Viz Scotland/Textures/Balcony/balcony_mat/balcony_mat_balcony_mat1_AO.png",2048,2048,5593408,1,"Assets/DevDen Arch Viz Scotland/Materials/balcony/balcony_mat1.mat"
"Assets/DevDen Arch Viz Scotland/Scenes/ArchViz.unity","Assets/DevDen Arch Viz Scotland/Textures/Kitchen Room/side_piece/side_piece_white_wood_AO.png",2048,2048,5593408,1,"Assets/DevDen Arch Viz Scotland/Materials/Kitchen Room/white_wood.mat"
"Assets/DevDen Arch Viz Scotland/Scenes/ArchViz.unity","Assets/DevDen Arch Viz Scotland/Textures/Kitchen Room/side_piece/side_piece_metal_AO.png",2048,2048,5593408,1,"Assets/DevDen Arch Viz Scotland/Materials/Kitchen Room/metal.mat"
"Assets/DevDen Arch Viz Scotland/Scenes/ArchViz.unity","Assets/DevDen Arch Viz Scotland/Textures/Kitchen Room/Knife Holder/Knife Holder_AlbedoTransparency.png",2048,2048,5593408,1,"Assets/DevDen Arch Viz Scotland/Materials/Kitchen Room/Knife_Holder_mat.mat"
"Assets/DevDen Arch Viz Scotland/Scenes/ArchViz.unity","Assets/DevDen Arch Viz Scotland/Textures/Kitchen Room/Knife Holder/Knife Holder_AO.png",2048,2048,5593408,1,"Assets/DevDen Arch Viz Scotland/Materials/Kitchen Room/Knife_Holder_mat.mat"
"Assets/DevDen Arch Viz Scotland/Scenes/ArchViz.unity","Assets/DevDen Arch Viz Scotland/Textures/Common/SmallObj/knives_albedo.png",2048,2048,5593408,1,"Assets/DevDen Arch Viz Scotland/Materials/Kitchen Room/knives.mat"
"Assets/DevDen Arch Viz Scotland/Scenes/ArchViz.unity","Assets/DevDen Arch Viz Scotland/Textures/Common/SmallObj/knives_metal.png",2048,2048,5593408,1,"Assets/DevDen Arch Viz Scotland/Materials/Kitchen Room/knives.mat"
"Assets/DevDen Arch Viz Scotland/Scenes/ArchViz.unity","Assets/DevDen Arch Viz Scotland/Textures/Living Room/Laptop/laptop_DefaultMaterial_AO.png",2048,2048,5593408,1,"Assets/DevDen Arch Viz Scotland/Materials/Living Room/laptop.mat"
"Assets/DevDen Arch Viz Scotland/Scenes/ArchViz.unity","Assets/DevDen Arch Viz Scotland/Textures/Living Room/Laptop/laptop_DefaultMaterial_emission.png",2048,2048,5593408,1,"Assets/DevDen Arch Viz Scotland/Materials/Living Room/laptop.mat"
"Assets/DevDen Arch Viz Scotland/Scenes/ArchViz.unity","Assets/DevDen Arch Viz Scotland/Textures/Common/SmallObj/dish-rack_ao.png",2048,2048,5593408,1,"Assets/DevDen Arch Viz Scotland/Materials/Kitchen Room/DrainerNew.mat"
"Assets/DevDen Arch Viz Scotland/Scenes/ArchViz.unity","Assets/DevDen Arch Viz Scotland/Textures/Common/SmallObj/dish-rack_metal.png",2048,2048,5593408,1,"Assets/DevDen Arch Viz Scotland/Materials/Kitchen Room/DrainerNew.mat"
"Assets/DevDen Arch Viz Scotland/Scenes/ArchViz.unity","Assets/DevDen Arch Viz Scotland/Textures/Kitchen Room/TOASTER/toaster_toaster_Emission.png",2048,2048,5593408,1,"Assets/DevDen Arch Viz Scotland/Materials/Kitchen Room/toasterNew.mat"
"Assets/DevDen Arch Viz Scotland/Scenes/ArchViz.unity","Assets/DevDen Arch Viz Scotland/Textures/Common/AirConditioner/airconditioner_emision.png",2048,2048,5593408,1,"Assets/DevDen Arch Viz Scotland/Materials/Common/Air Conditioner.mat"
"Assets/DevDen Arch Viz Scotland/Scenes/ArchViz.unity","Assets/DevDen Arch Viz Scotland/Textures/Dining Room/food_cloth/tablemat_1.1_BaseColor.png",2048,2048,5593408,1,"Assets/DevDen Arch Viz Scotland/Materials/Dining Room/Table Mat.mat"
"Assets/DevDen Arch Viz Scotland/Scenes/ArchViz.unity","Assets/DevDen Arch Viz Scotland/Textures/Dining Room/food_cloth/tablemat_1.1_AO.png",2048,2048,5593408,1,"Assets/DevDen Arch Viz Scotland/Materials/Dining Room/Table Mat.mat"
"Assets/DevDen Arch Viz Scotland/Scenes/ArchViz.unity","Assets/DevDen Arch Viz Scotland/Textures/Dining Room/food_cloth/tablemat_1.1_Metallic.png",2048,2048,5593408,1,"Assets/DevDen Arch Viz Scotland/Materials/Dining Room/Table Mat.mat"
"Assets/DevDen Arch Viz Scotland/Scenes/ArchViz.unity","Assets/DevDen Arch Viz Scotland/Textures/Environment/Floor Texture/floor mat 1_AO.png",2048,2048,5593408,3,"Assets/DevDen Arch Viz Scotland/Materials/Bed Room/bedroom_floor3.mat;Assets/DevDen Arch Viz Scotland/Materials/Environment/livingroom_floor4.mat;Assets/DevDen Arch Viz Scotland/Materials/balcony/balcony_wood.mat"
"Assets/DevDen Arch Viz Scotland/Scenes/ArchViz.unity","Assets/DevDen Arch Viz Scotland/Textures/Common/Plate/plate_1_plate_1_AO.png",2048,2048,5593408,1,"Assets/DevDen Arch Viz Scotland/Materials/Common/plate.mat"
"Assets/DevDen Arch Viz Scotland/Scenes/ArchViz.unity","Assets/DevDen Arch Viz Scotland/Textures/Balcony/balcony/balcony_balcony_metal_AO.png",2048,2048,5593408,1,"Assets/DevDen Arch Viz Scotland/Materials/balcony/balcony_metal.mat"
"Assets/DevDen Arch Viz Scotland/Scenes/ArchViz.unity","Assets/DevDen Arch Viz Scotland/Textures/Common/Magazine/magazine.png",2048,2048,5593408,1,"Assets/DevDen Arch Viz Scotland/Materials/Common/magazine1.mat"
"Assets/DevDen Arch Viz Scotland/Scenes/ArchViz.unity","Assets/DevDen Arch Viz Scotland/Textures/Kitchen Room/Fridge/frifge_green_wood_AO.png",2048,2048,5593408,2,"Assets/DevDen Arch Viz Scotland/Materials/Kitchen Room/green_wood_1.mat;Assets/DevDen Arch Viz Scotland/Materials/Kitchen Room/green_wood_1 Metal.mat"
"Assets/DevDen Arch Viz Scotland/Scenes/ArchViz.unity","Assets/DevDen Arch Viz Scotland/Decals/Tree.png",2048,1024,4195280,1,"Assets/DevDen Arch Viz Scotland/Decals/Materials/Tree.mat"
"Assets/DevDen Arch Viz Scotland/Scenes/ArchViz.unity","Assets/DevDen Arch Viz Scotland/Decals/Family Love.png",700,525,2940976,1,"Assets/DevDen Arch Viz Scotland/Decals/Materials/Family Love.mat"
"Assets/DevDen Arch Viz Scotland/Scenes/ArchViz.unity","Assets/DevDen Arch Viz Scotland/Decals/Loading.png",1200,1200,2880976,1,"Assets/DevDen Arch Viz Scotland/Decals/Materials/Loading.mat"
"Assets/DevDen Arch Viz Scotland/Scenes/ArchViz.unity","Assets/DevDen Arch Viz Scotland/Textures/Bathroom/bathroom_cabin/bathroom_cabin_bathroom_cabin_MetallicSmoothness.png",1024,1024,2797281,1,"Assets/DevDen Arch Viz Scotland/Materials/Bathroom/bathroom_cabin.mat"
"Assets/DevDen Arch Viz Scotland/Scenes/ArchViz.unity","Assets/DevDen Arch Viz Scotland/Textures/Bathroom/bathroom_shelf/bathroom_shelf_bathroom_shelf_MetallicSmoothness.png",1024,1024,2797281,1,"Assets/DevDen Arch Viz Scotland/Materials/Bathroom/bathroom_shelf.mat"
"Assets/DevDen Arch Viz Scotland/Scenes/ArchViz.unity","Assets/DevDen Arch Viz Scotland/Textures/Living Room/Remotecontrol/RemoteControl_DefaultMaterial_MetallicSmoothness.png",1024,1024,2797281,1,"Assets/DevDen Arch Viz Scotland/Materials/Living Room/Remote.mat"
"Assets/DevDen Arch Viz Scotland/Scenes/ArchViz.unity","Assets/DevDen Arch Viz Scotland/Textures/Balcony/balconY_tacle/balcony_table_balcony_table_2_MetallicSmoothness.png",1024,1024,2797281,1,"Assets/DevDen Arch Viz Scotland/Materials/balcony/balcony_table_2.mat"
"Assets/DevDen Arch Viz Scotland/Scenes/ArchViz.unity","Assets/DevDen Arch Viz Scotland/Textures/Bathroom/TolPaper/tolpaper_DefaultMaterial_MetallicSmoothness.png",1024,1024,2797276,1,"Assets/DevDen Arch Viz Scotland/Materials/Bathroom/tolpaper.mat"
"Assets/DevDen Arch Viz Scotland/Scenes/ArchViz.unity","Assets/DevDen Arch Viz Scotland/Textures/Common/door and handle/door and handles_handle_MetallicSmoothness.png",1024,1024,2797275,1,"Assets/DevDen Arch Viz Scotland/Materials/Environment/handle.mat"
"Assets/DevDen Arch Viz Scotland/Scenes/ArchViz.unity","Assets/DevDen Arch Viz Scotland/Textures/Study Room/study_chair/CHair2_study_chairI_Leg_MetallicSmoothness.png",1024,1024,2797275,1,"Assets/DevDen Arch Viz Scotland/Materials/Study Room/study_chairI_Leg.mat"
"Assets/DevDen Arch Viz Scotland/Scenes/ArchViz.unity","Assets/DevDen Arch Viz Scotland/Textures/Dining Room/dinning_chair/dinning_chair_dinning_chair_cusion_Normal.png",1024,1024,2797274,1,"Assets/DevDen Arch Viz Scotland/Materials/Dining Room/dinning_chair_cusion.mat"
"Assets/DevDen Arch Viz Scotland/Scenes/ArchViz.unity","Assets/DevDen Arch Viz Scotland/Textures/Balcony/flower_pot/flower_pot_1_plant_pot_MetallicSmoothness.png",1024,1024,2797274,1,"Assets/DevDen Arch Viz Scotland/Materials/balcony/plant_pot.mat"
"Assets/DevDen Arch Viz Scotland/Scenes/ArchViz.unity","Assets/DevDen Arch Viz Scotland/Textures/Common/door and handle/door and handles_door1_MetallicSmoothness.png",1024,1024,2797274,1,"Assets/DevDen Arch Viz Scotland/Materials/Common/door1.mat"
"Assets/DevDen Arch Viz Scotland/Scenes/ArchViz.unity","Assets/DevDen Arch Viz Scotland/Textures/Bed Room/bedside_table/bedside_table_bedside_MetallicSmoothness.png",1024,1024,2797273,1,"Assets/DevDen Arch Viz Scotland/Materials/Bed Room/bedroom_wood_side_table.mat"
"Assets/DevDen Arch Viz Scotland/Scenes/ArchViz.unity","Assets/DevDen Arch Viz Scotland/Textures/Kitchen Room/Kitchen_cupboard_1/kitchen_2_green_wood_MetallicSmoothness.png",1024,1024,2797272,1,"Assets/DevDen Arch Viz Scotland/Materials/Kitchen Room/green_wood.mat"
"Assets/DevDen Arch Viz Scotland/Scenes/ArchViz.unity","Assets/DevDen Arch Viz Scotland/Textures/Bathroom/bathroom_wall/bathroom_wall_phong1_MetallicSmoothness.png",1024,1024,2797272,1,"Assets/DevDen Arch Viz Scotland/Materials/Bathroom/phong1.mat"
"Assets/DevDen Arch Viz Scotland/Scenes/ArchViz.unity","Assets/DevDen Arch Viz Scotland/Textures/Bed Room/dressing_mirror/dresing_mirror_dressing_mirror1_Normal.png",1024,1024,2797271,1,"Assets/DevDen Arch Viz Scotland/Materials/Bed Room/dressing_mirror1.mat"
"Assets/DevDen Arch Viz Scotland/Scenes/ArchViz.unity","Assets/DevDen Arch Viz Scotland/Textures/Balcony/flower_pot/flower_pot_1_flower_MetallicSmoothness.png",1024,1024,2797271,1,"Assets/DevDen Arch Viz Scotland/Materials/balcony/flower.mat"
"Assets/DevDen Arch Viz Scotland/Scenes/ArchViz.unity","Assets/DevDen Arch Viz Scotland/Textures/Bed Room/Photo_stand/fotostand_fotostand_MetallicSmoothness.png",1024,1024,2797271,1,"Assets/DevDen Arch Viz Scotland/Materials/Bed Room/Bedroom_wood_table.mat"
"Assets/DevDen Arch Viz Scotland/Scenes/ArchViz.unity","Assets/DevDen Arch Viz Scotland/Textures/Balcony/flower_pot/flower_pot_1_wines_MetallicSmoothness.png",1024,1024,2797270,1,"Assets/DevDen Arch Viz Scotland/Materials/balcony/wines.mat"
"Assets/DevDen Arch Viz Scotland/Scenes/ArchViz.unity","Assets/DevDen Arch Viz Scotland/Textures/Living Room/tea_table/Tea Table_teatable_MetallicSmoothness.png",1024,1024,2797270,1,"Assets/DevDen Arch Viz Scotland/Materials/Living Room/teatable.mat"
"Assets/DevDen Arch Viz Scotland/Scenes/ArchViz.unity","Assets/DevDen Arch Viz Scotland/Textures/Bathroom/bathroom_cabin/bathroom_cabin_bathroom_cabin_Normal.png",1024,1024,2797269,1,"Assets/DevDen Arch Viz Scotland/Materials/Bathroom/bathroom_cabin.mat"
"Assets/DevDen Arch Viz Scotland/Scenes/ArchViz.unity","Assets/DevDen Arch Viz Scotland/Textures/Common/note_pad/note_pad_note_pad_MetallicSmoothness.png",1024,1024,2797269,1,"Assets/DevDen Arch Viz Scotland/Materials/Study Room/Notepad.mat"
"Assets/DevDen Arch Viz Scotland/Scenes/ArchViz.unity","Assets/DevDen Arch Viz Scotland/Textures/Bathroom/bathroom_shelf/bathroom_shelf_bathroom_shelf_Normal.png",1024,1024,2797269,1,"Assets/DevDen Arch Viz Scotland/Materials/Bathroom/bathroom_shelf.mat"
"Assets/DevDen Arch Viz Scotland/Scenes/ArchViz.unity","Assets/DevDen Arch Viz Scotland/Textures/Balcony/flower_pot/flower_pot_1_leaf_MetallicSmoothness.png",1024,1024,2797269,1,"Assets/DevDen Arch Viz Scotland/Materials/balcony/leaf.mat"
"Assets/DevDen Arch Viz Scotland/Scenes/ArchViz.unity","Assets/DevDen Arch Viz Scotland/Textures/Living Room/Remotecontrol/RemoteControl_DefaultMaterial_Normal.png",1024,1024,2797269,1,"Assets/DevDen Arch Viz Scotland/Materials/Living Room/Remote.mat"
"Assets/DevDen Arch Viz Scotland/Scenes/ArchViz.unity","Assets/DevDen Arch Viz Scotland/Textures/Balcony/balconY_tacle/balcony_table_balcony_table_2_Normal.png",1024,1024,2797269,1,"Assets/DevDen Arch Viz Scotland/Materials/balcony/balcony_table_2.mat"
"Assets/DevDen Arch Viz Scotland/Scenes/ArchViz.unity","Assets/DevDen Arch Viz Scotland/Textures/Balcony/balcony_chair/balcony_ chair_balcony_chair1_Normal.png",1024,1024,2797269,1,"Assets/DevDen Arch Viz Scotland/Materials/balcony/balcony_chair1.mat"
"Assets/DevDen Arch Viz Scotland/Scenes/ArchViz.unity","Assets/DevDen Arch Viz Scotland/Textures/Bathroom/MetalDryer/dry_M_metaldryer_MetallicSmoothness.png",1024,1024,2797268,1,"Assets/DevDen Arch Viz Scotland/Materials/Bathroom/metaldryer.mat"
"Assets/DevDen Arch Viz Scotland/Scenes/ArchViz.unity","Assets/DevDen Arch Viz Scotland/Textures/Common/Switch/switch_M_switch_MetallicSmoothness.png",1024,1024,2797267,1,"Assets/DevDen Arch Viz Scotland/Materials/Common/Switch.mat"
"Assets/DevDen Arch Viz Scotland/Scenes/ArchViz.unity","Assets/DevDen Arch Viz Scotland/Textures/Common/Socket/socket_M_socket_MetallicSmoothness.png",1024,1024,2797267,1,"Assets/DevDen Arch Viz Scotland/Materials/Common/Socket.mat"
"Assets/DevDen Arch Viz Scotland/Scenes/ArchViz.unity","Assets/DevDen Arch Viz Scotland/Textures/Living Room/TV_Panels/TV_Panels_DefaultMaterial_Normal.png",1024,1024,2797265,1,"Assets/DevDen Arch Viz Scotland/Materials/Living Room/TV_Panels.mat"
"Assets/DevDen Arch Viz Scotland/Scenes/ArchViz.unity","Assets/DevDen Arch Viz Scotland/Textures/Bathroom/Tile_Bath/SubwayTile - metallic (Modified).png",1024,1024,2797265,1,"Assets/DevDen Arch Viz Scotland/Materials/Bathroom/bathroom_wall_mat_1.mat"
"Assets/DevDen Arch Viz Scotland/Scenes/ArchViz.unity","Assets/DevDen Arch Viz Scotland/Textures/Living Room/chair_2/chair_5_n.png",1024,1024,2797232,1,"Assets/DevDen Arch Viz Scotland/Materials/Living Room/chair_2.mat"
"Assets/DevDen Arch Viz Scotland/Scenes/ArchViz.unity","Assets/DevDen Arch Viz Scotland/Decals/Lamp Pole.png",1024,1024,2797232,1,"Assets/DevDen Arch Viz Scotland/Decals/Materials/Plant.mat"
"Assets/DevDen Arch Viz Scotland/Scenes/ArchViz.unity","Assets/DevDen Arch Viz Scotland/Textures/Bed Room/bedside_table/bedside_table_bedside_Normal.png",1024,1024,2797232,1,"Assets/DevDen Arch Viz Scotland/Materials/Bed Room/bedroom_wood_side_table.mat"
"Assets/DevDen Arch Viz Scotland/Scenes/ArchViz.unity","Assets/DevDen Arch Viz Scotland/Textures/Kitchen Room/Kitchen_cupboard_1/kitchen_2_green_wood_Normal.png",1024,1024,2797232,1,"Assets/DevDen Arch Viz Scotland/Materials/Kitchen Room/green_wood.mat"
"Assets/DevDen Arch Viz Scotland/Scenes/ArchViz.unity","Assets/DevDen Arch Viz Scotland/Textures/Bathroom/towel_2/2_towl_2_Normal.png",1024,1024,2797232,1,"Assets/DevDen Arch Viz Scotland/Materials/Bathroom/towl_2.mat"
"Assets/DevDen Arch Viz Scotland/Scenes/ArchViz.unity","Assets/DevDen Arch Viz Scotland/Textures/Bathroom/towel_2/2_toilet_wood_1_Normal.png",1024,1024,2797232,1,"Assets/DevDen Arch Viz Scotland/Materials/Bathroom/toilet_wood_1.mat"
"Assets/DevDen Arch Viz Scotland/Scenes/ArchViz.unity","Assets/DevDen Arch Viz Scotland/Textures/Common/door and handle/door and handles_handle_Normal.png",1024,1024,2797232,1,"Assets/DevDen Arch Viz Scotland/Materials/Environment/handle.mat"
"Assets/DevDen Arch Viz Scotland/Scenes/ArchViz.unity","Assets/DevDen Arch Viz Scotland/Textures/Bed Room/bedside_carpet/carpet_carpet_Normal.png",1024,1024,2797232,1,"Assets/DevDen Arch Viz Scotland/Materials/Bed Room/carpet.mat"
"Assets/DevDen Arch Viz Scotland/Scenes/ArchViz.unity","Assets/DevDen Arch Viz Scotland/Textures/Common/note_pad/note_pad_note_pad_Normal.png",1024,1024,2797232,1,"Assets/DevDen Arch Viz Scotland/Materials/Study Room/Notepad.mat"
"Assets/DevDen Arch Viz Scotland/Scenes/ArchViz.unity","Assets/DevDen Arch Viz Scotland/Textures/Bed Room/bedsider/bedsider_bed_sider_Normal.png",1024,1024,2797232,1,"Assets/DevDen Arch Viz Scotland/Materials/Bed Room/bed_sider.mat"
"Assets/DevDen Arch Viz Scotland/Scenes/ArchViz.unity","Assets/DevDen Arch Viz Scotland/Textures/Study Room/study_chair/CHair2_study_chair_seat_Normal.png",1024,1024,2797232,1,"Assets/DevDen Arch Viz Scotland/Materials/Study Room/study_chair_seat.mat"
"Assets/DevDen Arch Viz Scotland/Scenes/ArchViz.unity","Assets/DevDen Arch Viz Scotland/Textures/Study Room/study_chair/CHair2_study_chairI_Leg_Normal.png",1024,1024,2797232,1,"Assets/DevDen Arch Viz Scotland/Materials/Study Room/study_chairI_Leg.mat"
"Assets/DevDen Arch Viz Scotland/Scenes/ArchViz.unity","Assets/DevDen Arch Viz Scotland/Textures/Bathroom/Bathroom_Glass/glass_glass_Normal.png",1024,1024,2797232,1,"Assets/DevDen Arch Viz Scotland/Materials/Bathroom/Bathroom_glass_1.mat"
"Assets/DevDen Arch Viz Scotland/Scenes/ArchViz.unity","Assets/DevDen Arch Viz Scotland/Textures/Living Room/sofa_2/sofa_2_01 - Default_Normal.png",1024,1024,2797232,1,"Assets/DevDen Arch Viz Scotland/Materials/Living Room/Sofa Set.mat"
"Assets/DevDen Arch Viz Scotland/Scenes/ArchViz.unity","Assets/DevDen Arch Viz Scotland/Textures/Common/CUTLERY/Cutlery FBX_Cutlery_Normal.png",1024,1024,2797232,1,"Assets/DevDen Arch Viz Scotland/Materials/Dining Room/Cutlery.mat"
"Assets/DevDen Arch Viz Scotland/Scenes/ArchViz.unity","Assets/DevDen Arch Viz Scotland/Textures/Bathroom/TolPaper/tolpaper_DefaultMaterial_Normal.png",1024,1024,2797232,1,"Assets/DevDen Arch Viz Scotland/Materials/Bathroom/tolpaper.mat"
"Assets/DevDen Arch Viz Scotland/Scenes/ArchViz.unity","Assets/DevDen Arch Viz Scotland/Textures/Common/Switch/switch_M_switch_Normal.png",1024,1024,2797232,1,"Assets/DevDen Arch Viz Scotland/Materials/Common/Switch.mat"
"Assets/DevDen Arch Viz Scotland/Scenes/ArchViz.unity","Assets/DevDen Arch Viz Scotland/Textures/Bathroom/bathroom_wall/bathroom_wall_phong1_Normal.png",1024,1024,2797232,1,"Assets/DevDen Arch Viz Scotland/Materials/Bathroom/phong1.mat"
"Assets/DevDen Arch Viz Scotland/Scenes/ArchViz.unity","Assets/DevDen Arch Viz Scotland/Textures/Balcony/flower_pot/flower_pot_1_flower_Normal.png",1024,1024,2797232,1,"Assets/DevDen Arch Viz Scotland/Materials/balcony/flower.mat"
"Assets/DevDen Arch Viz Scotland/Scenes/ArchViz.unity","Assets/DevDen Arch Viz Scotland/Textures/Balcony/flower_pot/flower_pot_1_wines_Normal.png",1024,1024,2797232,1,"Assets/DevDen Arch Viz Scotland/Materials/balcony/wines.mat"
"Assets/DevDen Arch Viz Scotland/Scenes/ArchViz.unity","Assets/DevDen Arch Viz Scotland/Textures/Balcony/flower_pot/flower_pot_1_leaf_Normal.png",1024,1024,2797232,1,"Assets/DevDen Arch Viz Scotland/Materials/balcony/leaf.mat"
"Assets/DevDen Arch Viz Scotland/Scenes/ArchViz.unity","Assets/DevDen Arch Viz Scotland/Textures/Balcony/flower_pot/flower_pot_1_plant_pot_Normal.png",1024,1024,2797232,1,"Assets/DevDen Arch Viz Scotland/Materials/balcony/plant_pot.mat"
"Assets/DevDen Arch Viz Scotland/Scenes/ArchViz.unity","Assets/DevDen Arch Viz Scotland/Textures/Bed Room/bed/bed_low_bed_sheet_Normal.png",1024,1024,2797232,1,"Assets/DevDen Arch Viz Scotland/Materials/Bed Room/bed_sheet.mat"
"Assets/DevDen Arch Viz Scotland/Scenes/ArchViz.unity","Assets/DevDen Arch Viz Scotland/Textures/Bed Room/bed/bed_bed_Normal.png",1024,1024,2797232,1,"Assets/DevDen Arch Viz Scotland/Materials/Bed Room/bed.mat"
"Assets/DevDen Arch Viz Scotland/Scenes/ArchViz.unity","Assets/DevDen Arch Viz Scotland/Textures/Bed Room/bed/bed_bed_coat_Normal.png",1024,1024,2797232,1,"Assets/DevDen Arch Viz Scotland/Materials/Bed Room/bed_coat.mat"
"Assets/DevDen Arch Viz Scotland/Scenes/ArchViz.unity","Assets/DevDen Arch Viz Scotland/Textures/Bed Room/bed/bed_bed_coat_MetallicSmoothness.png",1024,1024,2797232,1,"Assets/DevDen Arch Viz Scotland/Materials/Bed Room/bed_coat.mat"
"Assets/DevDen Arch Viz Scotland/Scenes/ArchViz.unity","Assets/DevDen Arch Viz Scotland/Textures/Bed Room/bed/bed_pillow_1_Normal.png",1024,1024,2797232,1,"Assets/DevDen Arch Viz Scotland/Materials/Bed Room/pillow_1.mat"
"Assets/DevDen Arch Viz Scotland/Scenes/ArchViz.unity","Assets/DevDen Arch Viz Scotland/Textures/Bed Room/bed/bed_pillow_1_MetallicSmoothness.png",1024,1024,2797232,1,"Assets/DevDen Arch Viz Scotland/Materials/Bed Room/pillow_1.mat"
"Assets/DevDen Arch Viz Scotland/Scenes/ArchViz.unity","Assets/DevDen Arch Viz Scotland/Textures/Common/SmallObj/trash-can_normal.png",1024,1024,2797232,1,"Assets/DevDen Arch Viz Scotland/Materials/Dining Room/trash-can.mat"
"Assets/DevDen Arch Viz Scotland/Scenes/ArchViz.unity","Assets/DevDen Arch Viz Scotland/Textures/Bed Room/Photo_stand/fotostand_fotostand_Normal.png",1024,1024,2797232,1,"Assets/DevDen Arch Viz Scotland/Materials/Bed Room/Bedroom_wood_table.mat"
"Assets/DevDen Arch Viz Scotland/Scenes/ArchViz.unity","Assets/DevDen Arch Viz Scotland/Textures/Living Room/tea_table/Tea Table_teatable_Normal.png",1024,1024,2797232,1,"Assets/DevDen Arch Viz Scotland/Materials/Living Room/teatable.mat"
"Assets/DevDen Arch Viz Scotland/Scenes/ArchViz.unity","Assets/DevDen Arch Viz Scotland/Textures/Balcony/balcony_mat/balcony_mat_balcony_mat1_Normal.png",1024,1024,2797232,1,"Assets/DevDen Arch Viz Scotland/Materials/balcony/balcony_mat1.mat"
"Assets/DevDen Arch Viz Scotland/Scenes/ArchViz.unity","Assets/DevDen Arch Viz Scotland/Textures/Balcony/balcony_mat/balcony_mat1_MaskMap.png",1024,1024,2797232,1,"Assets/DevDen Arch Viz Scotland/Materials/balcony/balcony_mat1.mat"
"Assets/DevDen Arch Viz Scotland/Scenes/ArchViz.unity","Assets/DevDen Arch Viz Scotland/Textures/Study Room/table/Study Table_Normal.png",1024,1024,2797232,1,"Assets/DevDen Arch Viz Scotland/Materials/Study Room/table1.mat"
"Assets/DevDen Arch Viz Scotland/Scenes/ArchViz.unity","Assets/DevDen Arch Viz Scotland/Textures/Study Room/table/Study Table_MetallicSmoothness.png",1024,1024,2797232,1,"Assets/DevDen Arch Viz Scotland/Materials/Study Room/table1.mat"
"Assets/DevDen Arch Viz Scotland/Scenes/ArchViz.unity","Assets/DevDen Arch Viz Scotland/Textures/Living Room/TV_Shelf/TV_Shelf_DefaultMaterial_Normal.png",1024,1024,2797232,1,"Assets/DevDen Arch Viz Scotland/Materials/Living Room/TV_Shelf.mat"
"Assets/DevDen Arch Viz Scotland/Scenes/ArchViz.unity","Assets/DevDen Arch Viz Scotland/Textures/Common/Interior_props/CommonCeramic02_NM.png",1024,1024,2797232,1,"Assets/DevDen Arch Viz Scotland/Materials/Bed Room/CommonCeramic02Biege.mat"
"Assets/DevDen Arch Viz Scotland/Scenes/ArchViz.unity","Assets/DevDen Arch Viz Scotland/Textures/Common/Interior_props/CommonCeramic02_Metallic.png",1024,1024,2797232,1,"Assets/DevDen Arch Viz Scotland/Materials/Bed Room/CommonCeramic02Biege.mat"
"Assets/DevDen Arch Viz Scotland/Scenes/ArchViz.unity","Assets/DevDen Arch Viz Scotland/Textures/Common/Interior_props/CommonCeramic01_NM.png",1024,1024,2797232,1,"Assets/DevDen Arch Viz Scotland/Materials/Bed Room/CommonCeramic01.mat"
"Assets/DevDen Arch Viz Scotland/Scenes/ArchViz.unity","Assets/DevDen Arch Viz Scotland/Textures/Common/Interior_props/CommonCeramic01_Metallic.png",1024,1024,2797232,1,"Assets/DevDen Arch Viz Scotland/Materials/Bed Room/CommonCeramic01.mat"
"Assets/DevDen Arch Viz Scotland/Scenes/ArchViz.unity","Assets/DevDen Arch Viz Scotland/Textures/Common/Socket/socket_M_socket_Normal.png",1024,1024,2797232,1,"Assets/DevDen Arch Viz Scotland/Materials/Common/Socket.mat"
"Assets/DevDen Arch Viz Scotland/Scenes/ArchViz.unity","Assets/DevDen Arch Viz Scotland/Textures/Common/SmallObj/dish-rack_normal.png",1024,1024,2797232,1,"Assets/DevDen Arch Viz Scotland/Materials/Kitchen Room/DrainerNew.mat"
"Assets/DevDen Arch Viz Scotland/Scenes/ArchViz.unity","Assets/DevDen Arch Viz Scotland/Textures/Common/Interior_props/CommonPlastic01_NM.png",1024,1024,2797232,1,"Assets/DevDen Arch Viz Scotland/Materials/Study Room/LightPlastic02.mat"
"Assets/DevDen Arch Viz Scotland/Scenes/ArchViz.unity","Assets/DevDen Arch Viz Scotland/Textures/Dining Room/food_cloth/tablemat_1.1_Normal.png",1024,1024,2797232,1,"Assets/DevDen Arch Viz Scotland/Materials/Dining Room/Table Mat.mat"
"Assets/DevDen Arch Viz Scotland/Scenes/ArchViz.unity","Assets/DevDen Arch Viz Scotland/Textures/Environment/Floor Texture/floor mat 1_Normal.png",1024,1024,2797232,3,"Assets/DevDen Arch Viz Scotland/Materials/Bed Room/bedroom_floor3.mat;Assets/DevDen Arch Viz Scotland/Materials/Environment/livingroom_floor4.mat;Assets/DevDen Arch Viz Scotland/Materials/balcony/balcony_wood.mat"
"Assets/DevDen Arch Viz Scotland/Scenes/ArchViz.unity","Assets/DevDen Arch Viz Scotland/Textures/Common/door and handle/door and handles_door1_Normal.png",1024,1024,2797232,1,"Assets/DevDen Arch Viz Scotland/Materials/Common/door1.mat"
"Assets/DevDen Arch Viz Scotland/Scenes/ArchViz.unity","Assets/DevDen Arch Viz Scotland/Textures/Study Room/imac/Imac_imac_Normal.png",1024,1024,2797232,1,"Assets/DevDen Arch Viz Scotland/Materials/Study Room/imac.mat"
"Assets/DevDen Arch Viz Scotland/Scenes/ArchViz.unity","Assets/DevDen Arch Viz Scotland/Textures/Study Room/imac/Imac_imac_MetallicSmoothness.png",1024,1024,2797232,1,"Assets/DevDen Arch Viz Scotland/Materials/Study Room/imac.mat"
"Assets/DevDen Arch Viz Scotland/Scenes/ArchViz.unity","Assets/DevDen Arch Viz Scotland/Textures/Study Room/shelf/shelf_shelf1_Normal.png",1024,1024,2797232,1,"Assets/DevDen Arch Viz Scotland/Materials/Study Room/shelf1.mat"
"Assets/DevDen Arch Viz Scotland/Scenes/ArchViz.unity","Assets/DevDen Arch Viz Scotland/Textures/Study Room/shelf/shelf_shelf1_MetallicSmoothness.png",1024,1024,2797232,1,"Assets/DevDen Arch Viz Scotland/Materials/Study Room/shelf1.mat"
"Assets/DevDen Arch Viz Scotland/Scenes/ArchViz.unity","Assets/DevDen Arch Viz Scotland/Textures/Bathroom/Tile_Bath/SubwayTile - normal (Modified).png",1024,1024,2797232,1,"Assets/DevDen Arch Viz Scotland/Materials/Bathroom/bathroom_wall_mat_1.mat"
"Assets/DevDen Arch Viz Scotland/Scenes/ArchViz.unity","Assets/DevDen Arch Viz Scotland/Textures/Living Room/sofa_2/sofa_2_01 - Default_MetallicSmoothness.png",1024,1024,1718699,1,"Assets/DevDen Arch Viz Scotland/Materials/Living Room/Sofa Set.mat"
"Assets/DevDen Arch Viz Scotland/Scenes/ArchViz.unity","Assets/DevDen Arch Viz Scotland/Textures/Dining Room/dinning_chair/dinning_chair_diining_chair_wood_Normal.png",1024,1024,1635972,1,"Assets/DevDen Arch Viz Scotland/Materials/Dining Room/diining_chair_wood.mat"
"Assets/DevDen Arch Viz Scotland/Scenes/ArchViz.unity","Assets/DevDen Arch Viz Scotland/Decals/Bird and Nest.png",1200,1200,1475911,1,"Assets/DevDen Arch Viz Scotland/Decals/Materials/Bird and Nest.mat"
"Assets/DevDen Arch Viz Scotland/Scenes/ArchViz.unity","Assets/DevDen Arch Viz Scotland/Decals/Cartoon.png",1200,1200,1473770,1,"Assets/DevDen Arch Viz Scotland/Decals/Materials/Cartoon.mat"
"Assets/DevDen Arch Viz Scotland/Scenes/ArchViz.unity","Assets/DevDen Arch Viz Scotland/Textures/Kitchen Room/side_piece/side_piece_marble_Normal.png",1024,1024,1424010,1,"Assets/DevDen Arch Viz Scotland/Materials/Kitchen Room/marble.mat"
"Assets/DevDen Arch Viz Scotland/Scenes/ArchViz.unity","Assets/DevDen Arch Viz Scotland/Textures/Dining Room/dinning_chair/dinning_chair_diining_chair_wood_MetallicSmoothness.png",1024,1024,1423965,1,"Assets/DevDen Arch Viz Scotland/Materials/Dining Room/diining_chair_wood.mat"
"Assets/DevDen Arch Viz Scotland/Scenes/ArchViz.unity","Assets/DevDen Arch Viz Scotland/Textures/Kitchen Room/side_piece/side_piece_marble_MetallicSmoothness.png",1024,1024,1423950,1,"Assets/DevDen Arch Viz Scotland/Materials/Kitchen Room/marble.mat"
"Assets/DevDen Arch Viz Scotland/Scenes/ArchViz.unity","Assets/DevDen Arch Viz Scotland/Textures/Bed Room/BedsideLamp/bedside_lamp_bed_lamp_glass1_AlbedoTransparency.png",512,1024,1399200,1,"Assets/DevDen Arch Viz Scotland/Materials/Bed Room/bed_lamp_glass1.mat"
"Assets/DevDen Arch Viz Scotland/Scenes/ArchViz.unity","Assets/DevDen Arch Viz Scotland/Textures/Bed Room/BedsideLamp/bedside_lamp_bedside_lamp1_MetallicSmoothness.png",512,1024,1399198,1,"Assets/DevDen Arch Viz Scotland/Materials/Bed Room/bedside_lamp1.mat"
"Assets/DevDen Arch Viz Scotland/Scenes/ArchViz.unity","Assets/DevDen Arch Viz Scotland/Textures/Bed Room/BedsideLamp/bedside_lamp_bed_lamp_glass1_Normal.png",512,1024,1399188,1,"Assets/DevDen Arch Viz Scotland/Materials/Bed Room/bed_lamp_glass1.mat"
"Assets/DevDen Arch Viz Scotland/Scenes/ArchViz.unity","Assets/DevDen Arch Viz Scotland/Textures/Bed Room/BedsideLamp/bedside_lamp_bedside_lamp1_Normal.png",512,1024,1399186,1,"Assets/DevDen Arch Viz Scotland/Materials/Bed Room/bedside_lamp1.mat"
"Assets/DevDen Arch Viz Scotland/Scenes/ArchViz.unity","Assets/DevDen Arch Viz Scotland/Textures/Bathroom/bathroom_cabin/bathroom_cabin_bathroom_cabin_AlbedoTransparency.png",1024,1024,1399153,1,"Assets/DevDen Arch Viz Scotland/Materials/Bathroom/bathroom_cabin.mat"
"Assets/DevDen Arch Viz Scotland/Scenes/ArchViz.unity","Assets/DevDen Arch Viz Scotland/Textures/Bathroom/bathroom_shelf/bathroom_shelf_bathroom_shelf_AlbedoTransparency.png",1024,1024,1399153,1,"Assets/DevDen Arch Viz Scotland/Materials/Bathroom/bathroom_shelf.mat"
"Assets/DevDen Arch Viz Scotland/Scenes/ArchViz.unity","Assets/DevDen Arch Viz Scotland/Textures/Balcony/balconY_tacle/balcony_table_balcony_table_2_AlbedoTransparency.png",1024,1024,1399153,1,"Assets/DevDen Arch Viz Scotland/Materials/balcony/balcony_table_2.mat"
"Assets/DevDen Arch Viz Scotland/Scenes/ArchViz.unity","Assets/DevDen Arch Viz Scotland/Textures/Dining Room/dinning_table/dinning_table_dinning_table_AlbedoTransparency.png",1024,1024,1399151,1,"Assets/DevDen Arch Viz Scotland/Materials/Dining Room/dinning_table.mat"
"Assets/DevDen Arch Viz Scotland/Scenes/ArchViz.unity","Assets/DevDen Arch Viz Scotland/Textures/Living Room/TV_Panels/TV_Panels_DefaultMaterial_AlbedoTransparency.png",1024,1024,1399149,1,"Assets/DevDen Arch Viz Scotland/Materials/Living Room/TV_Panels.mat"
"Assets/DevDen Arch Viz Scotland/Scenes/ArchViz.unity","Assets/DevDen Arch Viz Scotland/Textures/Bathroom/TolPaper/tolpaper_DefaultMaterial_AlbedoTransparency.png",1024,1024,1399148,1,"Assets/DevDen Arch Viz Scotland/Materials/Bathroom/tolpaper.mat"
"Assets/DevDen Arch Viz Scotland/Scenes/ArchViz.unity","Assets/DevDen Arch Viz Scotland/Textures/Balcony/balcony_mat/balcony_mat_balcony_mat1_AlbedoTransparency.png",1024,1024,1399148,1,"Assets/DevDen Arch Viz Scotland/Materials/balcony/balcony_mat1.mat"
"Assets/DevDen Arch Viz Scotland/Scenes/ArchViz.unity","Assets/DevDen Arch Viz Scotland/Textures/Living Room/TV_Shelf/TV_Shelf_DefaultMaterial_AlbedoTransparency.png",1024,1024,1399148,1,"Assets/DevDen Arch Viz Scotland/Materials/Living Room/TV_Shelf.mat"
"Assets/DevDen Arch Viz Scotland/Scenes/ArchViz.unity","Assets/DevDen Arch Viz Scotland/Textures/Living Room/TV_Shelf/TV_Shelf_DefaultMaterial_MetallicSmoothness.png",1024,1024,1399148,1,"Assets/DevDen Arch Viz Scotland/Materials/Living Room/TV_Shelf.mat"
"Assets/DevDen Arch Viz Scotland/Scenes/ArchViz.unity","Assets/DevDen Arch Viz Scotland/Textures/Common/door and handle/door and handles_handle_AlbedoTransparency.png",1024,1024,1399147,1,"Assets/DevDen Arch Viz Scotland/Materials/Environment/handle.mat"
"Assets/DevDen Arch Viz Scotland/Scenes/ArchViz.unity","Assets/DevDen Arch Viz Scotland/Textures/Study Room/study_chair/CHair2_study_chair_seat_AlbedoTransparency.png",1024,1024,1399147,1,"Assets/DevDen Arch Viz Scotland/Materials/Study Room/study_chair_seat.mat"
"Assets/DevDen Arch Viz Scotland/Scenes/ArchViz.unity","Assets/DevDen Arch Viz Scotland/Textures/Study Room/study_chair/CHair2_study_chairI_Leg_AlbedoTransparency.png",1024,1024,1399147,1,"Assets/DevDen Arch Viz Scotland/Materials/Study Room/study_chairI_Leg.mat"
"Assets/DevDen Arch Viz Scotland/Scenes/ArchViz.unity","Assets/DevDen Arch Viz Scotland/Textures/Balcony/flower_pot/flower_pot_1_plant_pot_AlbedoTransparency.png",1024,1024,1399146,1,"Assets/DevDen Arch Viz Scotland/Materials/balcony/plant_pot.mat"
"Assets/DevDen Arch Viz Scotland/Scenes/ArchViz.unity","Assets/DevDen Arch Viz Scotland/Textures/Bed Room/bedside_table/bedside_table_bedside_AlbedoTransparency.png",1024,1024,1399145,1,"Assets/DevDen Arch Viz Scotland/Materials/Bed Room/bedroom_wood_side_table.mat"
"Assets/DevDen Arch Viz Scotland/Scenes/ArchViz.unity","Assets/DevDen Arch Viz Scotland/Textures/Common/door and handle/door and handles_door_AlbedoTransparency.png",1024,1024,1399145,1,"Assets/DevDen Arch Viz Scotland/Materials/Common/door1.mat"
"Assets/DevDen Arch Viz Scotland/Scenes/ArchViz.unity","Assets/DevDen Arch Viz Scotland/Textures/Kitchen Room/Kitchen_cupboard_1/kitchen_2_green_wood_AlbedoTransparency.png",1024,1024,1399144,1,"Assets/DevDen Arch Viz Scotland/Materials/Kitchen Room/green_wood.mat"
"Assets/DevDen Arch Viz Scotland/Scenes/ArchViz.unity","Assets/DevDen Arch Viz Scotland/Textures/Bathroom/bathroom_wall/bathroom_wall_phong1_AlbedoTransparency.png",1024,1024,1399144,1,"Assets/DevDen Arch Viz Scotland/Materials/Bathroom/phong1.mat"
"Assets/DevDen Arch Viz Scotland/Scenes/ArchViz.unity","Assets/DevDen Arch Viz Scotland/Textures/Common/CUTLERY/Cutlery FBX_Cutlery_AlbedoTransparency.png",1024,1024,1399143,1,"Assets/DevDen Arch Viz Scotland/Materials/Dining Room/Cutlery.mat"
"Assets/DevDen Arch Viz Scotland/Scenes/ArchViz.unity","Assets/DevDen Arch Viz Scotland/Textures/Balcony/flower_pot/flower_pot_1_flower_AlbedoTransparency.png",1024,1024,1399143,1,"Assets/DevDen Arch Viz Scotland/Materials/balcony/flower.mat"
"Assets/DevDen Arch Viz Scotland/Scenes/ArchViz.unity","Assets/DevDen Arch Viz Scotland/Textures/Bed Room/Photo_stand/fotostand_fotostand_AlbedoTransparency.png",1024,1024,1399143,1,"Assets/DevDen Arch Viz Scotland/Materials/Bed Room/Bedroom_wood_table.mat"
"Assets/DevDen Arch Viz Scotland/Scenes/ArchViz.unity","Assets/DevDen Arch Viz Scotland/Textures/Bed Room/bedsider/bedsider_bed_sider_AlbedoTransparency.png",1024,1024,1399142,1,"Assets/DevDen Arch Viz Scotland/Materials/Bed Room/bed_sider.mat"
"Assets/DevDen Arch Viz Scotland/Scenes/ArchViz.unity","Assets/DevDen Arch Viz Scotland/Textures/Balcony/flower_pot/flower_pot_1_wines_AlbedoTransparency.png",1024,1024,1399142,1,"Assets/DevDen Arch Viz Scotland/Materials/balcony/wines.mat"
"Assets/DevDen Arch Viz Scotland/Scenes/ArchViz.unity","Assets/DevDen Arch Viz Scotland/Textures/Living Room/tea_table/Tea Table_teatable_AlbedoTransparency.png",1024,1024,1399142,1,"Assets/DevDen Arch Viz Scotland/Materials/Living Room/teatable.mat"
"Assets/DevDen Arch Viz Scotland/Scenes/ArchViz.unity","Assets/DevDen Arch Viz Scotland/Textures/Study Room/imac/Imac_imac_AlbedoTransparency_emission.png",1024,1024,1399142,1,"Assets/DevDen Arch Viz Scotland/Materials/Study Room/imac.mat"
"Assets/DevDen Arch Viz Scotland/Scenes/ArchViz.unity","Assets/DevDen Arch Viz Scotland/Textures/Common/note_pad/note_pad_note_pad_AlbedoTransparency.png",1024,1024,1399141,1,"Assets/DevDen Arch Viz Scotland/Materials/Study Room/Notepad.mat"
"Assets/DevDen Arch Viz Scotland/Scenes/ArchViz.unity","Assets/DevDen Arch Viz Scotland/Textures/Balcony/flower_pot/flower_pot_1_leaf_AlbedoTransparency.png",1024,1024,1399141,1,"Assets/DevDen Arch Viz Scotland/Materials/balcony/leaf.mat"
"Assets/DevDen Arch Viz Scotland/Scenes/ArchViz.unity","Assets/DevDen Arch Viz Scotland/Textures/Bed Room/bed/bed_low_bed_sheet_AlbedoTransparency.png",1024,1024,1399141,1,"Assets/DevDen Arch Viz Scotland/Materials/Bed Room/bed_sheet.mat"
"Assets/DevDen Arch Viz Scotland/Scenes/ArchViz.unity","Assets/DevDen Arch Viz Scotland/Textures/Bathroom/towel_2/2_toilet_wood_1_AlbedoTransparency.png",1024,1024,1399139,1,"Assets/DevDen Arch Viz Scotland/Materials/Bathroom/toilet_wood_1.mat"
"Assets/DevDen Arch Viz Scotland/Scenes/ArchViz.unity","Assets/DevDen Arch Viz Scotland/Textures/Common/Switch/switch_M_switch_AlbedoTransparency.png",1024,1024,1399139,1,"Assets/DevDen Arch Viz Scotland/Materials/Common/Switch.mat"
"Assets/DevDen Arch Viz Scotland/Scenes/ArchViz.unity","Assets/DevDen Arch Viz Scotland/Textures/Living Room/TV_Panels/TV_Panels_DefaultMaterial_Emissive.png",1024,1024,1399139,1,"Assets/DevDen Arch Viz Scotland/Materials/Living Room/TV_Panels.mat"
"Assets/DevDen Arch Viz Scotland/Scenes/ArchViz.unity","Assets/DevDen Arch Viz Scotland/Textures/Common/Socket/socket_M_socket_AlbedoTransparency.png",1024,1024,1399139,1,"Assets/DevDen Arch Viz Scotland/Materials/Common/Socket.mat"
"Assets/DevDen Arch Viz Scotland/Scenes/ArchViz.unity","Assets/DevDen Arch Viz Scotland/Textures/Bathroom/bathroom_cabin/bathroom_cabin_bathroom_cabin_AO.png",1024,1024,1399137,1,"Assets/DevDen Arch Viz Scotland/Materials/Bathroom/bathroom_cabin.mat"
"Assets/DevDen Arch Viz Scotland/Scenes/ArchViz.unity","Assets/DevDen Arch Viz Scotland/Textures/Bathroom/bathroom_shelf/bathroom_shelf_bathroom_shelf_AO.png",1024,1024,1399137,1,"Assets/DevDen Arch Viz Scotland/Materials/Bathroom/bathroom_shelf.mat"
"Assets/DevDen Arch Viz Scotland/Scenes/ArchViz.unity","Assets/DevDen Arch Viz Scotland/Textures/Balcony/balconY_tacle/balcony_table_balcony_table_2_AO.png",1024,1024,1399137,1,"Assets/DevDen Arch Viz Scotland/Materials/balcony/balcony_table_2.mat"
"Assets/DevDen Arch Viz Scotland/Scenes/ArchViz.unity","Assets/DevDen Arch Viz Scotland/Textures/Living Room/chair_2/chair_5_d.png",1024,1024,1399104,1,"Assets/DevDen Arch Viz Scotland/Materials/Living Room/chair_2.mat"
"Assets/DevDen Arch Viz Scotland/Scenes/ArchViz.unity","Assets/DevDen Arch Viz Scotland/Textures/Study Room/Books Pack/book_1.png",1024,1024,1399104,1,"Assets/DevDen Arch Viz Scotland/Materials/Study Room/book_1.mat"
"Assets/DevDen Arch Viz Scotland/Scenes/ArchViz.unity","Assets/DevDen Arch Viz Scotland/Textures/Bed Room/bedside_table/bedside_table_bedside_AO.png",1024,1024,1399104,1,"Assets/DevDen Arch Viz Scotland/Materials/Bed Room/bedroom_wood_side_table.mat"
"Assets/DevDen Arch Viz Scotland/Scenes/ArchViz.unity","Assets/DevDen Arch Viz Scotland/Textures/Kitchen Room/Kitchen_cupboard_1/kitchen_2_green_wood_AO.png",1024,1024,1399104,1,"Assets/DevDen Arch Viz Scotland/Materials/Kitchen Room/green_wood.mat"
"Assets/DevDen Arch Viz Scotland/Scenes/ArchViz.unity","Assets/DevDen Arch Viz Scotland/Textures/Bathroom/towel_2/2_towl_2_AlbedoTransparency.png",1024,1024,1399104,1,"Assets/DevDen Arch Viz Scotland/Materials/Bathroom/towl_2.mat"
"Assets/DevDen Arch Viz Scotland/Scenes/ArchViz.unity","Assets/DevDen Arch Viz Scotland/Textures/Common/door and handle/door and handles_handle_AO.png",1024,1024,1399104,1,"Assets/DevDen Arch Viz Scotland/Materials/Environment/handle.mat"
"Assets/DevDen Arch Viz Scotland/Scenes/ArchViz.unity","Assets/DevDen Arch Viz Scotland/Textures/Study Room/Books Pack/book_7.png",1024,1024,1399104,1,"Assets/DevDen Arch Viz Scotland/Materials/Study Room/book_7.mat"
"Assets/DevDen Arch Viz Scotland/Scenes/ArchViz.unity","Assets/DevDen Arch Viz Scotland/Textures/Study Room/study_chair/CHair2_study_chair_seat_AO.png",1024,1024,1399104,1,"Assets/DevDen Arch Viz Scotland/Materials/Study Room/study_chair_seat.mat"
"Assets/DevDen Arch Viz Scotland/Scenes/ArchViz.unity","Assets/DevDen Arch Viz Scotland/Textures/Study Room/study_chair/CHair2_study_chairI_Leg_AO.png",1024,1024,1399104,1,"Assets/DevDen Arch Viz Scotland/Materials/Study Room/study_chairI_Leg.mat"
"Assets/DevDen Arch Viz Scotland/Scenes/ArchViz.unity","Assets/DevDen Arch Viz Scotland/Textures/Study Room/Books Pack/book_3.png",1024,1024,1399104,1,"Assets/DevDen Arch Viz Scotland/Materials/Study Room/book_3.mat"
"Assets/DevDen Arch Viz Scotland/Scenes/ArchViz.unity","Assets/DevDen Arch Viz Scotland/Textures/Study Room/Books Pack/book_4.png",1024,1024,1399104,1,"Assets/DevDen Arch Viz Scotland/Materials/Study Room/book_4.mat"
"Assets/DevDen Arch Viz Scotland/Scenes/ArchViz.unity","Assets/DevDen Arch Viz Scotland/Textures/Study Room/Books Pack/book_9.png",1024,1024,1399104,1,"Assets/DevDen Arch Viz Scotland/Materials/Study Room/book_9.mat"
"Assets/DevDen Arch Viz Scotland/Scenes/ArchViz.unity","Assets/DevDen Arch Viz Scotland/Textures/Study Room/StudyRoom Carpet/Atlas_1.png",1024,1024,1399104,1,"Assets/DevDen Arch Viz Scotland/Materials/Study Room/Furniture_Atlas_1.mat"
"Assets/DevDen Arch Viz Scotland/Scenes/ArchViz.unity","Assets/DevDen Arch Viz Scotland/Textures/Study Room/StudyRoom Carpet/Emission.png",1024,1024,1399104,1,"Assets/DevDen Arch Viz Scotland/Materials/Study Room/Furniture_Atlas_1.mat"
"Assets/DevDen Arch Viz Scotland/Scenes/ArchViz.unity","Assets/DevDen Arch Viz Scotland/Textures/Study Room/StudyRoom Carpet/Atlas1_Metallic_Smoothness.png",1024,1024,1399104,1,"Assets/DevDen Arch Viz Scotland/Materials/Study Room/Furniture_Atlas_1.mat"
"Assets/DevDen Arch Viz Scotland/Scenes/ArchViz.unity","Assets/DevDen Arch Viz Scotland/Textures/Study Room/Books Pack/book_10.png",1024,1024,1399104,1,"Assets/DevDen Arch Viz Scotland/Materials/Study Room/book_10.mat"
"Assets/DevDen Arch Viz Scotland/Scenes/ArchViz.unity","Assets/DevDen Arch Viz Scotland/Textures/Common/CUTLERY/Cutlery FBX_Cutlery_AO.png",1024,1024,1399104,1,"Assets/DevDen Arch Viz Scotland/Materials/Dining Room/Cutlery.mat"
"Assets/DevDen Arch Viz Scotland/Scenes/ArchViz.unity","Assets/DevDen Arch Viz Scotland/Textures/Bathroom/TolPaper/tolpaper_DefaultMaterial_AO.png",1024,1024,1399104,1,"Assets/DevDen Arch Viz Scotland/Materials/Bathroom/tolpaper.mat"
"Assets/DevDen Arch Viz Scotland/Scenes/ArchViz.unity","Assets/DevDen Arch Viz Scotland/Textures/Study Room/Books Pack/book_5.png",1024,1024,1399104,1,"Assets/DevDen Arch Viz Scotland/Materials/Study Room/book_5.mat"
"Assets/DevDen Arch Viz Scotland/Scenes/ArchViz.unity","Assets/DevDen Arch Viz Scotland/Textures/Bed Room/bed/bed_bed_AlbedoTransparency.png",1024,1024,1399104,1,"Assets/DevDen Arch Viz Scotland/Materials/Bed Room/bed.mat"
"Assets/DevDen Arch Viz Scotland/Scenes/ArchViz.unity","Assets/DevDen Arch Viz Scotland/Textures/Bed Room/bed/bed_bed_coat_AlbedoTransparency.png",1024,1024,1399104,1,"Assets/DevDen Arch Viz Scotland/Materials/Bed Room/bed_coat.mat"
"Assets/DevDen Arch Viz Scotland/Scenes/ArchViz.unity","Assets/DevDen Arch Viz Scotland/Textures/Bed Room/bed/bed_pillow_1_AlbedoTransparency.png",1024,1024,1399104,1,"Assets/DevDen Arch Viz Scotland/Materials/Bed Room/pillow_1.mat"
"Assets/DevDen Arch Viz Scotland/Scenes/ArchViz.unity","Assets/DevDen Arch Viz Scotland/Textures/Common/SmallObj/trash-can_albedo.png",1024,1024,1399104,1,"Assets/DevDen Arch Viz Scotland/Materials/Dining Room/trash-can.mat"
"Assets/DevDen Arch Viz Scotland/Scenes/ArchViz.unity","Assets/DevDen Arch Viz Scotland/Textures/Common/SmallObj/trash-can_metal.png",1024,1024,1399104,1,"Assets/DevDen Arch Viz Scotland/Materials/Dining Room/trash-can.mat"
"Assets/DevDen Arch Viz Scotland/Scenes/ArchViz.unity","Assets/DevDen Arch Viz Scotland/Textures/Bed Room/Photo_stand/fotostand_fotostand_AO.png",1024,1024,1399104,1,"Assets/DevDen Arch Viz Scotland/Materials/Bed Room/Bedroom_wood_table.mat"
"Assets/DevDen Arch Viz Scotland/Scenes/ArchViz.unity","Assets/DevDen Arch Viz Scotland/Textures/Living Room/tea_table/Tea Table_teatable_AO.png",1024,1024,1399104,1,"Assets/DevDen Arch Viz Scotland/Materials/Living Room/teatable.mat"
"Assets/DevDen Arch Viz Scotland/Scenes/ArchViz.unity","Assets/DevDen Arch Viz Scotland/Textures/Study Room/table/Study Table_AlbedoTransparency.png",1024,1024,1399104,1,"Assets/DevDen Arch Viz Scotland/Materials/Study Room/table1.mat"
"Assets/DevDen Arch Viz Scotland/Scenes/ArchViz.unity","Assets/DevDen Arch Viz Scotland/Textures/Study Room/table/Study Table_AO.png",1024,1024,1399104,1,"Assets/DevDen Arch Viz Scotland/Materials/Study Room/table1.mat"
"Assets/DevDen Arch Viz Scotland/Scenes/ArchViz.unity","Assets/DevDen Arch Viz Scotland/Textures/Living Room/TV_Shelf/TV_Shelf_DefaultMaterial_AO.png",1024,1024,1399104,1,"Assets/DevDen Arch Viz Scotland/Materials/Living Room/TV_Shelf.mat"
"Assets/DevDen Arch Viz Scotland/Scenes/ArchViz.unity","Assets/DevDen Arch Viz Scotland/Textures/Living Room/TV_Panels/TV_Panels_DefaultMaterial_AO.png",1024,1024,1399104,1,"Assets/DevDen Arch Viz Scotland/Materials/Living Room/TV_Panels.mat"
"Assets/DevDen Arch Viz Scotland/Scenes/ArchViz.unity","Assets/DevDen Arch Viz Scotland/Textures/Living Room/TV/TV_AlbedoTransparency.png",1024,1024,1399104,1,"Assets/DevDen Arch Viz Scotland/Materials/Living Room/TV.mat"
"Assets/DevDen Arch Viz Scotland/Scenes/ArchViz.unity","Assets/DevDen Arch Viz Scotland/Textures/Common/Interior_props/StudyRoom_BG1.png",1024,1024,1399104,1,"Assets/DevDen Arch Viz Scotland/Materials/Study Room/PictureImage03.mat"
"Assets/DevDen Arch Viz Scotland/Scenes/ArchViz.unity","Assets/DevDen Arch Viz Scotland/Textures/Living Room/little_props/little_props_d-Recovered_1.png",1024,1024,1399104,1,"Assets/DevDen Arch Viz Scotland/Materials/Common/little_props.mat"
"Assets/DevDen Arch Viz Scotland/Scenes/ArchViz.unity","Assets/DevDen Arch Viz Scotland/Textures/Common/Interior_props/CommonCeramic02.png",1024,1024,1399104,1,"Assets/DevDen Arch Viz Scotland/Materials/Bed Room/CommonCeramic02Biege.mat"
"Assets/DevDen Arch Viz Scotland/Scenes/ArchViz.unity","Assets/DevDen Arch Viz Scotland/Textures/Common/Interior_props/CommonCeramic01.png",1024,1024,1399104,1,"Assets/DevDen Arch Viz Scotland/Materials/Bed Room/CommonCeramic01.mat"
"Assets/DevDen Arch Viz Scotland/Scenes/ArchViz.unity","Assets/DevDen Arch Viz Scotland/Textures/Common/SmallObj/dish-rack_albedo.png",1024,1024,1399104,1,"Assets/DevDen Arch Viz Scotland/Materials/Kitchen Room/DrainerNew.mat"
"Assets/DevDen Arch Viz Scotland/Scenes/ArchViz.unity","Assets/DevDen Arch Viz Scotland/Textures/Kitchen Room/TOASTER/toaster_toaster_AO.png",1024,1024,1399104,1,"Assets/DevDen Arch Viz Scotland/Materials/Kitchen Room/toasterNew.mat"
"Assets/DevDen Arch Viz Scotland/Scenes/ArchViz.unity","Assets/DevDen Arch Viz Scotland/Textures/Environment/Floor Texture/floor mat 1_AlbedoTransparency.png",1024,1024,1399104,3,"Assets/DevDen Arch Viz Scotland/Materials/Bed Room/bedroom_floor3.mat;Assets/DevDen Arch Viz Scotland/Materials/Environment/livingroom_floor4.mat;Assets/DevDen Arch Viz Scotland/Materials/balcony/balcony_wood.mat"
"Assets/DevDen Arch Viz Scotland/Scenes/ArchViz.unity","Assets/DevDen Arch Viz Scotland/Textures/Study Room/Books Pack/book_2.png",1024,1024,1399104,1,"Assets/DevDen Arch Viz Scotland/Materials/Study Room/book_2.mat"
"Assets/DevDen Arch Viz Scotland/Scenes/ArchViz.unity","Assets/DevDen Arch Viz Scotland/Textures/Study Room/imac/Imac_imac_AlbedoTransparency.png",1024,1024,1399104,1,"Assets/DevDen Arch Viz Scotland/Materials/Study Room/imac.mat"
"Assets/DevDen Arch Viz Scotland/Scenes/ArchViz.unity","Assets/DevDen Arch Viz Scotland/Textures/Study Room/shelf/shelf_shelf1_AlbedoTransparency.png",1024,1024,1399104,1,"Assets/DevDen Arch Viz Scotland/Materials/Study Room/shelf1.mat"
"Assets/DevDen Arch Viz Scotland/Scenes/ArchViz.unity","Assets/DevDen Arch Viz Scotland/Textures/Study Room/shelf/shelf_shelf1_AO.png",1024,1024,1399104,1,"Assets/DevDen Arch Viz Scotland/Materials/Study Room/shelf1.mat"
"Assets/DevDen Arch Viz Scotland/Scenes/ArchViz.unity","Assets/DevDen Arch Viz Scotland/Textures/Study Room/Books Pack/book_8.png",1024,1024,1399104,1,"Assets/DevDen Arch Viz Scotland/Materials/Study Room/book_8.mat"
"Assets/DevDen Arch Viz Scotland/Scenes/ArchViz.unity","Assets/DevDen Arch Viz Scotland/Textures/Study Room/Books Pack/book_6.png",1024,1024,1399104,1,"Assets/DevDen Arch Viz Scotland/Materials/Study Room/book_6.mat"
"Assets/DevDen Arch Viz Scotland/Scenes/ArchViz.unity","Assets/DevDen Arch Viz Scotland/Textures/Bathroom/Tile_Bath/SubwayTile - baseColor.png",1024,1024,1399104,1,"Assets/DevDen Arch Viz Scotland/Materials/Bathroom/bathroom_wall_mat_1.mat"
"Assets/DevDen Arch Viz Scotland/Scenes/ArchViz.unity","Assets/DevDen Arch Viz Scotland/Decals/Line.png",800,600,960976,1,"Assets/DevDen Arch Viz Scotland/Decals/Materials/Line.mat"
"Assets/DevDen Arch Viz Scotland/Scenes/ArchViz.unity","Assets/DevDen Arch Viz Scotland/Textures/Dining Room/dinning_chair/dinning_chair_diining_chair_wood_AlbedoTransparency.png",1024,1024,906735,1,"Assets/DevDen Arch Viz Scotland/Materials/Dining Room/diining_chair_wood.mat"
"Assets/DevDen Arch Viz Scotland/Scenes/ArchViz.unity","Assets/DevDen Arch Viz Scotland/Textures/Living Room/sofa_2/sofa_2_01 - Default_AO.png",1024,1024,886859,1,"Assets/DevDen Arch Viz Scotland/Materials/Living Room/Sofa Set.mat"
"Assets/DevDen Arch Viz Scotland/Scenes/ArchViz.unity","Assets/DevDen Arch Viz Scotland/Textures/Kitchen Room/side_piece/side_piece_marble_AlbedoTransparency.png",1024,1024,877283,1,"Assets/DevDen Arch Viz Scotland/Materials/Kitchen Room/marble.mat"
"Assets/DevDen Arch Viz Scotland/Scenes/ArchViz.unity","Assets/DevDen Arch Viz Scotland/Textures/Bed Room/bedside_carpet/carpet_carpet_AlbedoTransparency.png",1024,1024,817122,1,"Assets/DevDen Arch Viz Scotland/Materials/Bed Room/carpet.mat"
"Assets/DevDen Arch Viz Scotland/Scenes/ArchViz.unity","Assets/DevDen Arch Viz Scotland/Textures/Living Room/sofa_2/sofa_2_01 - Default_AlbedoTransparency.png",1024,1024,816569,1,"Assets/DevDen Arch Viz Scotland/Materials/Living Room/Sofa Set.mat"
"Assets/DevDen Arch Viz Scotland/Scenes/ArchViz.unity","Assets/DevDen Arch Viz Scotland/Textures/Dining Room/dinning_chair/dinning_chair_diining_chair_wood_AO.png",1024,1024,771643,1,"Assets/DevDen Arch Viz Scotland/Materials/Dining Room/diining_chair_wood.mat"
"Assets/DevDen Arch Viz Scotland/Scenes/ArchViz.unity","Assets/DevDen Arch Viz Scotland/Textures/Kitchen Room/side_piece/side_piece_marble_AO.png",1024,1024,722795,1,"Assets/DevDen Arch Viz Scotland/Materials/Kitchen Room/marble.mat"
"Assets/DevDen Arch Viz Scotland/Scenes/ArchViz.unity","Assets/DevDen Arch Viz Scotland/Textures/Bed Room/BedsideLamp/bedside_lamp_bed_lamp_glass1_MetallicSmoothness.png",512,1024,700112,1,"Assets/DevDen Arch Viz Scotland/Materials/Bed Room/bed_lamp_glass1.mat"
"Assets/DevDen Arch Viz Scotland/Scenes/ArchViz.unity","Assets/DevDen Arch Viz Scotland/Textures/Bed Room/BedsideLamp/bedside_lamp_bedside_lamp1_AlbedoTransparency.png",512,1024,700110,1,"Assets/DevDen Arch Viz Scotland/Materials/Bed Room/bedside_lamp1.mat"
"Assets/DevDen Arch Viz Scotland/Scenes/ArchViz.unity","Assets/DevDen Arch Viz Scotland/Textures/Living Room/Living_room_carpet/normal.png",512,512,700080,1,"Assets/DevDen Arch Viz Scotland/Materials/Living Room/NewCarpet.mat"
"Assets/DevDen Arch Viz Scotland/Scenes/ArchViz.unity","Assets/DevDen Arch Viz Scotland/Textures/Living Room/TV/TV_Normal.png",512,512,700080,1,"Assets/DevDen Arch Viz Scotland/Materials/Living Room/TV.mat"
"Assets/DevDen Arch Viz Scotland/Scenes/ArchViz.unity","Assets/DevDen Arch Viz Scotland/Textures/Study Room/Table_Lamp/LightBulb02_NM.png",512,512,700080,1,"Assets/DevDen Arch Viz Scotland/Materials/Study Room/LightBulb02On.mat"
"Assets/DevDen Arch Viz Scotland/Scenes/ArchViz.unity","Assets/DevDen Arch Viz Scotland/Textures/Study Room/Table_Lamp/LightBulb02_Metallic.png",512,512,700080,1,"Assets/DevDen Arch Viz Scotland/Materials/Study Room/LightBulb02On.mat"
"Assets/DevDen Arch Viz Scotland/Scenes/ArchViz.unity","Assets/DevDen Arch Viz Scotland/Textures/Bed Room/BedsideLamp/bedside_lamp_bedside_lamp1_AO.png",512,1024,700064,1,"Assets/DevDen Arch Viz Scotland/Materials/Bed Room/bedside_lamp1.mat"
"Assets/DevDen Arch Viz Scotland/Scenes/ArchViz.unity","Assets/DevDen Arch Viz Scotland/Textures/Bed Room/BedsideLamp/bedside_lamp_bed_lamp_glass1_AO.png",512,1024,700064,1,"Assets/DevDen Arch Viz Scotland/Materials/Bed Room/bed_lamp_glass1.mat"
"Assets/DevDen Arch Viz Scotland/Scenes/ArchViz.unity","Assets/DevDen Arch Viz Scotland/Decals/Decor 1.png",800,600,503605,1,"Assets/DevDen Arch Viz Scotland/Decals/Materials/Decor.mat"
"Assets/DevDen Arch Viz Scotland/Scenes/ArchViz.unity","Assets/DevDen Arch Viz Scotland/Textures/Living Room/TV/TV_AO.png",512,512,350528,1,"Assets/DevDen Arch Viz Scotland/Materials/Living Room/TV.mat"
"Assets/DevDen Arch Viz Scotland/Scenes/ArchViz.unity","Assets/DevDen Arch Viz Scotland/Textures/Common/Interior_props/LightPlastic02.png",512,512,350528,1,"Assets/DevDen Arch Viz Scotland/Materials/Study Room/LightPlastic02.mat"
"Assets/DevDen Arch Viz Scotland/Scenes/ArchViz.unity","Assets/DevDen Arch Viz Scotland/Textures/Study Room/Table_Lamp/LightBulb02.png",512,512,350528,1,"Assets/DevDen Arch Viz Scotland/Materials/Study Room/LightBulb02On.mat"
"Assets/DevDen Arch Viz Scotland/Scenes/ArchViz.unity","Assets/DevDen Arch Viz Scotland/Textures/Living Room/Living_room_carpet/Carpet.png",256,256,88384,1,"Assets/DevDen Arch Viz Scotland/Materials/Living Room/NewCarpet.mat"
"Assets/Emilulz_Assets/DEMOLowPolyFlowers/DemoScene/DemoLowpolyFlowers.unity","Assets/Emilulz_Assets/DEMOLowPolyFlowers/Assets/DEMOAtlas_Flowerpack.png",256,256,175792,1,"Assets/Emilulz_Assets/DEMOLowPolyFlowers/Prefabs/M_DEMOAtlas_LowPolyFlowers.mat"
"Assets/Food Pack-Demo/Scenes/DemoScene.unity","Assets/Food Pack-Demo/Texture/Texture.png",512,512,350528,1,"Assets/Food Pack-Demo/Materials/Base color.mat"
"Assets/Furniture Mega Pack/Scenes/Furniture Mega Pack.unity","Assets/Furniture Mega Pack/Textures/Kitchen/AtlasTexture_KitchenCollection_Atlastexture_KitchenCollection_MetallicSmoothness.png",2048,2048,11185921,1,"Assets/Furniture Mega Pack/Materials/Kitchen/mat_Kitchen.mat"
"Assets/Furniture Mega Pack/Scenes/Furniture Mega Pack.unity","Assets/Furniture Mega Pack/Textures/Kitchen/AtlasTexture_KitchenCollection_Atlastexture_KitchenCollection_Normal.png",2048,2048,11185909,1,"Assets/Furniture Mega Pack/Materials/Kitchen/mat_Kitchen.mat"
"Assets/Furniture Mega Pack/Scenes/Furniture Mega Pack.unity","Assets/Furniture Mega Pack/Textures/Sofas/SectionalSofaLeather/SectionalSofaLeather_mat_SectionalSofaLeather_MetallicSmoothness.png",2048,2048,11185905,1,"Assets/Furniture Mega Pack/Materials/Sofa/mat_SectionalSofaLeather.mat"
"Assets/Furniture Mega Pack/Scenes/Furniture Mega Pack.unity","Assets/Furniture Mega Pack/Textures/Sofas/SectionalSofaFabric/SectionalSofaFabric_mat_SectionalSofaLeather_MetallicSmoothness.png",2048,2048,11185904,1,"Assets/Furniture Mega Pack/Materials/Sofa/mat_SectionalSofaFabric.mat"
"Assets/Furniture Mega Pack/Scenes/Furniture Mega Pack.unity","Assets/Furniture Mega Pack/Textures/Drawer/AtlasTexture_Drawer_DefaultMaterial_MetallicSmoothness.png",2048,2048,11185895,1,"Assets/Furniture Mega Pack/Materials/Drawer/mat_Drawer.mat"
"Assets/Furniture Mega Pack/Scenes/Furniture Mega Pack.unity","Assets/Furniture Mega Pack/Textures/Sofas/SectionalSofaLeather/SectionalSofaLeather_mat_SectionalSofaLeather_Normal.png",2048,2048,11185893,1,"Assets/Furniture Mega Pack/Materials/Sofa/mat_SectionalSofaLeather.mat"
"Assets/Furniture Mega Pack/Scenes/Furniture Mega Pack.unity","Assets/Furniture Mega Pack/Textures/Sofas/SectionalSofaFabric/SectionalSofaFabric_mat_SectionalSofaLeather_Normal.png",2048,2048,11185892,1,"Assets/Furniture Mega Pack/Materials/Sofa/mat_SectionalSofaFabric.mat"
"Assets/Furniture Mega Pack/Scenes/Furniture Mega Pack.unity","Assets/Furniture Mega Pack/Textures/Cushions/Cushion49_50/Cushion49_50_mat_Cushion49_50_MetallicSmoothness.png",2048,2048,11185889,1,"Assets/Furniture Mega Pack/Materials/Cushion/mat_Cushion49_50.mat"
"Assets/Furniture Mega Pack/Scenes/Furniture Mega Pack.unity","Assets/Furniture Mega Pack/Textures/Cushions/Cushion29_36/Cushion29_36_mat_Cushion29_36_MetallicSmoothness.png",2048,2048,11185889,1,"Assets/Furniture Mega Pack/Materials/Cushion/mat_Cushion29_36.mat"
"Assets/Furniture Mega Pack/Scenes/Furniture Mega Pack.unity","Assets/Furniture Mega Pack/Textures/Cushions/Cushion41_48/Cushion41_48_mat_Cushion41_48_MetallicSmoothness.png",2048,2048,11185889,1,"Assets/Furniture Mega Pack/Materials/Cushion/mat_Cushion41_48.mat"
"Assets/Furniture Mega Pack/Scenes/Furniture Mega Pack.unity","Assets/Furniture Mega Pack/Textures/Cushions/Cushion25_28/Cushion25_28_mat_Cushion25_28_MetallicSmoothness.png",2048,2048,11185889,1,"Assets/Furniture Mega Pack/Materials/Cushion/mat_Cushion25_28.mat"
"Assets/Furniture Mega Pack/Scenes/Furniture Mega Pack.unity","Assets/Furniture Mega Pack/Textures/Cushions/Cushion37_40/Cushion37_40_mat_Cushion37_40_MetallicSmoothness.png",2048,2048,11185889,1,"Assets/Furniture Mega Pack/Materials/Cushion/mat_Cushion37_40.mat"
"Assets/Furniture Mega Pack/Scenes/Furniture Mega Pack.unity","Assets/Furniture Mega Pack/Textures/Cushions/Cushion09_16/Cushion09_16_mat_Cushion09_16_MetallicSmoothness.png",2048,2048,11185889,1,"Assets/Furniture Mega Pack/Materials/Cushion/mat_Cushion09_16.mat"
"Assets/Furniture Mega Pack/Scenes/Furniture Mega Pack.unity","Assets/Furniture Mega Pack/Textures/Drawer/AtlasTexture_Drawer_DefaultMaterial_Normal.png",2048,2048,11185883,2,"Assets/Furniture Mega Pack/Materials/Drawer/mat_Drawer.mat;Assets/Furniture Mega Pack/FBX/Drawer/Drawer27.fbx"
"Assets/Furniture Mega Pack/Scenes/Furniture Mega Pack.unity","Assets/Furniture Mega Pack/Textures/Chairs/Chair03/Chair03_mat_Chair03_MetallicSmoothness.png",2048,2048,11185879,1,"Assets/Furniture Mega Pack/Materials/Chair/mat_Chair03.mat"
"Assets/Furniture Mega Pack/Scenes/Furniture Mega Pack.unity","Assets/Furniture Mega Pack/Textures/Chairs/Chair25/Chair25_mat_Chair25_MetallicSmoothness.png",2048,2048,11185879,1,"Assets/Furniture Mega Pack/Materials/Chair/mat_Chair25.mat"
"Assets/Furniture Mega Pack/Scenes/Furniture Mega Pack.unity","Assets/Furniture Mega Pack/Textures/Chairs/Chair13/Chair13_mat_Chair13_MetallicSmoothness.png",2048,2048,11185879,1,"Assets/Furniture Mega Pack/Materials/Chair/mat_Chair13.mat"
"Assets/Furniture Mega Pack/Scenes/Furniture Mega Pack.unity","Assets/Furniture Mega Pack/Textures/Chairs/Chair24/Chair24_mat_Chair24_MetallicSmoothness.png",2048,2048,11185879,1,"Assets/Furniture Mega Pack/Materials/Chair/mat_Chair24.mat"
"Assets/Furniture Mega Pack/Scenes/Furniture Mega Pack.unity","Assets/Furniture Mega Pack/Textures/Chairs/Chair10/Chair10_mat_Chair10_MetallicSmoothness.png",2048,2048,11185879,1,"Assets/Furniture Mega Pack/Materials/Chair/mat_Chair10.mat"
"Assets/Furniture Mega Pack/Scenes/Furniture Mega Pack.unity","Assets/Furniture Mega Pack/Textures/Chairs/Chair15/Chair15_mat_Chair15_MetallicSmoothness.png",2048,2048,11185879,1,"Assets/Furniture Mega Pack/Materials/Chair/mat_Chair15.mat"
"Assets/Furniture Mega Pack/Scenes/Furniture Mega Pack.unity","Assets/Furniture Mega Pack/Textures/Chairs/Chair04/Chair04_mat_Chair04_MetallicSmoothness.png",2048,2048,11185879,1,"Assets/Furniture Mega Pack/Materials/Chair/mat_Chair04.mat"
"Assets/Furniture Mega Pack/Scenes/Furniture Mega Pack.unity","Assets/Furniture Mega Pack/Textures/Chairs/Chair11/Chair11_mat_Chair11_MetallicSmoothness.png",2048,2048,11185879,1,"Assets/Furniture Mega Pack/Materials/Chair/mat_Chair11.mat"
"Assets/Furniture Mega Pack/Scenes/Furniture Mega Pack.unity","Assets/Furniture Mega Pack/Textures/Chairs/Chair39/Chair39_mat_Chair39_MetallicSmoothness.png",2048,2048,11185879,1,"Assets/Furniture Mega Pack/Materials/Chair/mat_Chair39.mat"
"Assets/Furniture Mega Pack/Scenes/Furniture Mega Pack.unity","Assets/Furniture Mega Pack/Textures/Chairs/Chair35/Chair35_mat_Chair35_MetallicSmoothness.png",2048,2048,11185879,1,"Assets/Furniture Mega Pack/Materials/Chair/mat_Chair35.mat"
"Assets/Furniture Mega Pack/Scenes/Furniture Mega Pack.unity","Assets/Furniture Mega Pack/Textures/Chairs/Chair18/Chair18_mat_Chair18_MetallicSmoothness.png",2048,2048,11185879,1,"Assets/Furniture Mega Pack/Materials/Chair/mat_Chair18.mat"
"Assets/Furniture Mega Pack/Scenes/Furniture Mega Pack.unity","Assets/Furniture Mega Pack/Textures/Chairs/Chair22/Chair22_mat_Chair22_MetallicSmoothness.png",2048,2048,11185879,1,"Assets/Furniture Mega Pack/Materials/Chair/mat_Chair22.mat"
"Assets/Furniture Mega Pack/Scenes/Furniture Mega Pack.unity","Assets/Furniture Mega Pack/Textures/Chairs/Chair31/Chair31_mat_Chair31_MetallicSmoothness.png",2048,2048,11185879,1,"Assets/Furniture Mega Pack/Materials/Chair/mat_Chair31.mat"
"Assets/Furniture Mega Pack/Scenes/Furniture Mega Pack.unity","Assets/Furniture Mega Pack/Textures/Chairs/Chair40/Chair40_mat_Chair40_MetallicSmoothness.png",2048,2048,11185879,1,"Assets/Furniture Mega Pack/Materials/Chair/mat_Chair40.mat"
"Assets/Furniture Mega Pack/Scenes/Furniture Mega Pack.unity","Assets/Furniture Mega Pack/Textures/Chairs/Chair17/Chair17_mat_Chair17_MetallicSmoothness.png",2048,2048,11185879,1,"Assets/Furniture Mega Pack/Materials/Chair/mat_Chair17.mat"
"Assets/Furniture Mega Pack/Scenes/Furniture Mega Pack.unity","Assets/Furniture Mega Pack/Textures/Chairs/Chair42/Chair42_mat_Chair42_MetallicSmoothness.png",2048,2048,11185879,1,"Assets/Furniture Mega Pack/Materials/Chair/mat_Chair42.mat"
"Assets/Furniture Mega Pack/Scenes/Furniture Mega Pack.unity","Assets/Furniture Mega Pack/Textures/Chairs/Chair33/Chair33_mat_Chair33_MetallicSmoothness.png",2048,2048,11185879,1,"Assets/Furniture Mega Pack/Materials/Chair/mat_Chair33.mat"
"Assets/Furniture Mega Pack/Scenes/Furniture Mega Pack.unity","Assets/Furniture Mega Pack/Textures/Chairs/Chair38/Chair38_mat_Chair38_MetallicSmoothness.png",2048,2048,11185879,1,"Assets/Furniture Mega Pack/Materials/Chair/mat_Chair38.mat"
"Assets/Furniture Mega Pack/Scenes/Furniture Mega Pack.unity","Assets/Furniture Mega Pack/Textures/Chairs/Chair34/Chair34_mat_Chair34_MetallicSmoothness.png",2048,2048,11185879,1,"Assets/Furniture Mega Pack/Materials/Chair/mat_Chair34.mat"
"Assets/Furniture Mega Pack/Scenes/Furniture Mega Pack.unity","Assets/Furniture Mega Pack/Textures/Chairs/Chair07/Chair07_mat_Chair07_MetallicSmoothness.png",2048,2048,11185879,1,"Assets/Furniture Mega Pack/Materials/Chair/mat_Chair07.mat"
"Assets/Furniture Mega Pack/Scenes/Furniture Mega Pack.unity","Assets/Furniture Mega Pack/Textures/Chairs/Chair43/Chair43_mat_Chair43_MetallicSmoothness.png",2048,2048,11185879,1,"Assets/Furniture Mega Pack/Materials/Chair/mat_Chair43.mat"
"Assets/Furniture Mega Pack/Scenes/Furniture Mega Pack.unity","Assets/Furniture Mega Pack/Textures/Chairs/Chair12/Chair12_mat_Chair12_MetallicSmoothness.png",2048,2048,11185879,1,"Assets/Furniture Mega Pack/Materials/Chair/mat_Chair12.mat"
"Assets/Furniture Mega Pack/Scenes/Furniture Mega Pack.unity","Assets/Furniture Mega Pack/Textures/Chairs/Chair14/Chair14_mat_Chair14_MetallicSmoothness.png",2048,2048,11185879,1,"Assets/Furniture Mega Pack/Materials/Chair/mat_Chair14.mat"
"Assets/Furniture Mega Pack/Scenes/Furniture Mega Pack.unity","Assets/Furniture Mega Pack/Textures/Chairs/Chair41/Chair41_mat_Chair41_MetallicSmoothness.png",2048,2048,11185879,1,"Assets/Furniture Mega Pack/Materials/Chair/mat_Chair41.mat"
"Assets/Furniture Mega Pack/Scenes/Furniture Mega Pack.unity","Assets/Furniture Mega Pack/Textures/Chairs/Chair50/Chair50_mat_Chair50_MetallicSmoothness.png",2048,2048,11185879,1,"Assets/Furniture Mega Pack/Materials/Chair/mat_Chair50.mat"
"Assets/Furniture Mega Pack/Scenes/Furniture Mega Pack.unity","Assets/Furniture Mega Pack/Textures/Chairs/Chair45/Chair45_mat_Chair45_MetallicSmoothness.png",2048,2048,11185879,1,"Assets/Furniture Mega Pack/Materials/Chair/mat_Chair45.mat"
"Assets/Furniture Mega Pack/Scenes/Furniture Mega Pack.unity","Assets/Furniture Mega Pack/Textures/Chairs/Chair46/Chair46_mat_Chair46_MetallicSmoothness.png",2048,2048,11185879,1,"Assets/Furniture Mega Pack/Materials/Chair/mat_Chair46.mat"
"Assets/Furniture Mega Pack/Scenes/Furniture Mega Pack.unity","Assets/Furniture Mega Pack/Textures/Chairs/Chair32/Chair32_mat_Chair32_MetallicSmoothness.png",2048,2048,11185879,1,"Assets/Furniture Mega Pack/Materials/Chair/mat_Chair32.mat"
"Assets/Furniture Mega Pack/Scenes/Furniture Mega Pack.unity","Assets/Furniture Mega Pack/Textures/Chairs/Chair36/Chair36_mat_Chair36_MetallicSmoothness.png",2048,2048,11185879,1,"Assets/Furniture Mega Pack/Materials/Chair/mat_Chair36.mat"
"Assets/Furniture Mega Pack/Scenes/Furniture Mega Pack.unity","Assets/Furniture Mega Pack/Textures/Chairs/Chair21/Chair21_mat_Chair21_MetallicSmoothness.png",2048,2048,11185879,1,"Assets/Furniture Mega Pack/Materials/Chair/mat_Chair21.mat"
"Assets/Furniture Mega Pack/Scenes/Furniture Mega Pack.unity","Assets/Furniture Mega Pack/Textures/Chairs/Chair16/Chair16_mat_Chair16_MetallicSmoothness.png",2048,2048,11185879,1,"Assets/Furniture Mega Pack/Materials/Chair/mat_Chair16.mat"
"Assets/Furniture Mega Pack/Scenes/Furniture Mega Pack.unity","Assets/Furniture Mega Pack/Textures/Chairs/Chair08/Chair08_mat_Chair08_MetallicSmoothness.png",2048,2048,11185879,1,"Assets/Furniture Mega Pack/Materials/Chair/mat_Chair08.mat"
"Assets/Furniture Mega Pack/Scenes/Furniture Mega Pack.unity","Assets/Furniture Mega Pack/Textures/Chairs/Chair06/Chair06_mat_Chair06_MetallicSmoothness.png",2048,2048,11185879,1,"Assets/Furniture Mega Pack/Materials/Chair/mat_Chair06.mat"
"Assets/Furniture Mega Pack/Scenes/Furniture Mega Pack.unity","Assets/Furniture Mega Pack/Textures/Chairs/Chair30/Chair30_mat_Chair30_MetallicSmoothness.png",2048,2048,11185879,1,"Assets/Furniture Mega Pack/Materials/Chair/mat_Chair30.mat"
"Assets/Furniture Mega Pack/Scenes/Furniture Mega Pack.unity","Assets/Furniture Mega Pack/Textures/Chairs/Chair29/Chair29_mat_Chair29_MetallicSmoothness.png",2048,2048,11185879,1,"Assets/Furniture Mega Pack/Materials/Chair/mat_Chair29.mat"
"Assets/Furniture Mega Pack/Scenes/Furniture Mega Pack.unity","Assets/Furniture Mega Pack/Textures/Chairs/Chair01/Chair01_mat_Chair01_MetallicSmoothness.png",2048,2048,11185879,1,"Assets/Furniture Mega Pack/Materials/Chair/mat_Chair01.mat"
"Assets/Furniture Mega Pack/Scenes/Furniture Mega Pack.unity","Assets/Furniture Mega Pack/Textures/Chairs/Chair28/Chair28_mat_Chair28_MetallicSmoothness.png",2048,2048,11185879,1,"Assets/Furniture Mega Pack/Materials/Chair/mat_Chair28.mat"
"Assets/Furniture Mega Pack/Scenes/Furniture Mega Pack.unity","Assets/Furniture Mega Pack/Textures/Chairs/Chair44/Chair44_mat_Chair44_MetallicSmoothness.png",2048,2048,11185879,1,"Assets/Furniture Mega Pack/Materials/Chair/mat_Chair44.mat"
"Assets/Furniture Mega Pack/Scenes/Furniture Mega Pack.unity","Assets/Furniture Mega Pack/Textures/Chairs/Chair27/Chair27_mat_Chair27_MetallicSmoothness.png",2048,2048,11185879,1,"Assets/Furniture Mega Pack/Materials/Chair/mat_Chair27.mat"
"Assets/Furniture Mega Pack/Scenes/Furniture Mega Pack.unity","Assets/Furniture Mega Pack/Textures/Chairs/Chair23/Chair23_mat_Chair23_MetallicSmoothness.png",2048,2048,11185879,1,"Assets/Furniture Mega Pack/Materials/Chair/mat_Chair23.mat"
"Assets/Furniture Mega Pack/Scenes/Furniture Mega Pack.unity","Assets/Furniture Mega Pack/Textures/Chairs/Chair02/Chair02_mat_Chair02_MetallicSmoothness.png",2048,2048,11185879,1,"Assets/Furniture Mega Pack/Materials/Chair/mat_Chair02.mat"
"Assets/Furniture Mega Pack/Scenes/Furniture Mega Pack.unity","Assets/Furniture Mega Pack/Textures/Chairs/Chair20/Chair20_mat_Chair20_MetallicSmoothness.png",2048,2048,11185879,1,"Assets/Furniture Mega Pack/Materials/Chair/mat_Chair20.mat"
"Assets/Furniture Mega Pack/Scenes/Furniture Mega Pack.unity","Assets/Furniture Mega Pack/Textures/Chairs/Chair05/Chair05_mat_Chair05_MetallicSmoothness.png",2048,2048,11185879,1,"Assets/Furniture Mega Pack/Materials/Chair/mat_Chair05.mat"
"Assets/Furniture Mega Pack/Scenes/Furniture Mega Pack.unity","Assets/Furniture Mega Pack/Textures/Chairs/Chair19/Chair19_mat_Chair19_MetallicSmoothness.png",2048,2048,11185879,1,"Assets/Furniture Mega Pack/Materials/Chair/mat_Chair19.mat"
"Assets/Furniture Mega Pack/Scenes/Furniture Mega Pack.unity","Assets/Furniture Mega Pack/Textures/Cushions/Cushion49_50/Cushion49_50_mat_Cushion49_50_Normal.png",2048,2048,11185877,1,"Assets/Furniture Mega Pack/Materials/Cushion/mat_Cushion49_50.mat"
"Assets/Furniture Mega Pack/Scenes/Furniture Mega Pack.unity","Assets/Furniture Mega Pack/Textures/Cushions/Cushion29_36/Cushion29_36_mat_Cushion29_36_Normal.png",2048,2048,11185877,1,"Assets/Furniture Mega Pack/Materials/Cushion/mat_Cushion29_36.mat"
"Assets/Furniture Mega Pack/Scenes/Furniture Mega Pack.unity","Assets/Furniture Mega Pack/Textures/Sofas/Sofa04/Sofa04_mat_Sofa04_MetallicSmoothness.png",2048,2048,11185877,1,"Assets/Furniture Mega Pack/Materials/Sofa/mat_Sofa04.mat"
"Assets/Furniture Mega Pack/Scenes/Furniture Mega Pack.unity","Assets/Furniture Mega Pack/Textures/Cushions/Cushion41_48/Cushion41_48_mat_Cushion41_48_Normal.png",2048,2048,11185877,1,"Assets/Furniture Mega Pack/Materials/Cushion/mat_Cushion41_48.mat"
"Assets/Furniture Mega Pack/Scenes/Furniture Mega Pack.unity","Assets/Furniture Mega Pack/Textures/Cushions/Cushion25_28/Cushion25_28_mat_Cushion25_28_Normal.png",2048,2048,11185877,1,"Assets/Furniture Mega Pack/Materials/Cushion/mat_Cushion25_28.mat"
"Assets/Furniture Mega Pack/Scenes/Furniture Mega Pack.unity","Assets/Furniture Mega Pack/Textures/Cushions/Cushion37_40/Cushion37_40_mat_Cushion37_40_Normal.png",2048,2048,11185877,1,"Assets/Furniture Mega Pack/Materials/Cushion/mat_Cushion37_40.mat"
"Assets/Furniture Mega Pack/Scenes/Furniture Mega Pack.unity","Assets/Furniture Mega Pack/Textures/Cushions/Cushion09_16/Cushion09_16_mat_Cushion09_16_Normal.png",2048,2048,11185877,1,"Assets/Furniture Mega Pack/Materials/Cushion/mat_Cushion09_16.mat"
"Assets/Furniture Mega Pack/Scenes/Furniture Mega Pack.unity","Assets/Furniture Mega Pack/Textures/Sofas/Sofa02/Sofa02_mat_Sofa02_MetallicSmoothness.png",2048,2048,11185877,1,"Assets/Furniture Mega Pack/Materials/Sofa/mat_Sofa02.mat"
"Assets/Furniture Mega Pack/Scenes/Furniture Mega Pack.unity","Assets/Furniture Mega Pack/Textures/Sofas/Sofa06/Sofa06_mat_Sofa06_MetallicSmoothness.png",2048,2048,11185877,1,"Assets/Furniture Mega Pack/Materials/Sofa/mat_Sofa06.mat"
"Assets/Furniture Mega Pack/Scenes/Furniture Mega Pack.unity","Assets/Furniture Mega Pack/Textures/Sofas/Sofa08/Sofa08_mat_Sofa08_MetallicSmoothness.png",2048,2048,11185877,1,"Assets/Furniture Mega Pack/Materials/Sofa/mat_Sofa08.mat"
"Assets/Furniture Mega Pack/Scenes/Furniture Mega Pack.unity","Assets/Furniture Mega Pack/Textures/Sofas/Sofa03/Sofa03_mat_Sofa03_MetallicSmoothness.png",2048,2048,11185877,1,"Assets/Furniture Mega Pack/Materials/Sofa/mat_Sofa03.mat"
"Assets/Furniture Mega Pack/Scenes/Furniture Mega Pack.unity","Assets/Furniture Mega Pack/Textures/Sofas/Sofa09/Sofa09_mat_Sofa09_MetallicSmoothness.png",2048,2048,11185877,1,"Assets/Furniture Mega Pack/Materials/Sofa/mat_Sofa09.mat"
"Assets/Furniture Mega Pack/Scenes/Furniture Mega Pack.unity","Assets/Furniture Mega Pack/Textures/Sofas/Sofa07/Sofa07_mat_Sofa07_MetallicSmoothness.png",2048,2048,11185877,1,"Assets/Furniture Mega Pack/Materials/Sofa/mat_Sofa07.mat"
"Assets/Furniture Mega Pack/Scenes/Furniture Mega Pack.unity","Assets/Furniture Mega Pack/Textures/Sofas/Sofa01/Sofa01_mat_Sofa01_MetallicSmoothness.png",2048,2048,11185877,1,"Assets/Furniture Mega Pack/Materials/Sofa/mat_Sofa01.mat"
"Assets/Furniture Mega Pack/Scenes/Furniture Mega Pack.unity","Assets/Furniture Mega Pack/Textures/Chairs/Chair03/Chair03_mat_Chair03_Normal.png",2048,2048,11185840,1,"Assets/Furniture Mega Pack/Materials/Chair/mat_Chair03.mat"
"Assets/Furniture Mega Pack/Scenes/Furniture Mega Pack.unity","Assets/Furniture Mega Pack/Textures/Chairs/Chair25/Chair25_mat_Chair25_Normal.png",2048,2048,11185840,1,"Assets/Furniture Mega Pack/Materials/Chair/mat_Chair25.mat"
"Assets/Furniture Mega Pack/Scenes/Furniture Mega Pack.unity","Assets/Furniture Mega Pack/Textures/Chairs/Chair13/Chair13_mat_Chair13_Normal.png",2048,2048,11185840,1,"Assets/Furniture Mega Pack/Materials/Chair/mat_Chair13.mat"
"Assets/Furniture Mega Pack/Scenes/Furniture Mega Pack.unity","Assets/Furniture Mega Pack/Textures/Sofas/Sofa04/Sofa04_mat_Sofa04_Normal.png",2048,2048,11185840,1,"Assets/Furniture Mega Pack/Materials/Sofa/mat_Sofa04.mat"
"Assets/Furniture Mega Pack/Scenes/Furniture Mega Pack.unity","Assets/Furniture Mega Pack/Textures/Chairs/Chair24/Chair24_mat_Chair24_Normal.png",2048,2048,11185840,1,"Assets/Furniture Mega Pack/Materials/Chair/mat_Chair24.mat"
"Assets/Furniture Mega Pack/Scenes/Furniture Mega Pack.unity","Assets/Furniture Mega Pack/Textures/Chairs/Chair10/Chair10_mat_Chair10_Normal.png",2048,2048,11185840,1,"Assets/Furniture Mega Pack/Materials/Chair/mat_Chair10.mat"
"Assets/Furniture Mega Pack/Scenes/Furniture Mega Pack.unity","Assets/Furniture Mega Pack/Textures/Chairs/Chair15/Chair15_mat_Chair15_Normal.png",2048,2048,11185840,1,"Assets/Furniture Mega Pack/Materials/Chair/mat_Chair15.mat"
"Assets/Furniture Mega Pack/Scenes/Furniture Mega Pack.unity","Assets/Furniture Mega Pack/Textures/Chairs/Chair04/Chair04_mat_Chair04_Normal.png",2048,2048,11185840,1,"Assets/Furniture Mega Pack/Materials/Chair/mat_Chair04.mat"
"Assets/Furniture Mega Pack/Scenes/Furniture Mega Pack.unity","Assets/Furniture Mega Pack/Textures/Chairs/Chair11/Chair11_mat_Chair11_Normal.png",2048,2048,11185840,1,"Assets/Furniture Mega Pack/Materials/Chair/mat_Chair11.mat"
"Assets/Furniture Mega Pack/Scenes/Furniture Mega Pack.unity","Assets/Furniture Mega Pack/Textures/Chairs/Chair39/Chair39_mat_Chair39_Normal.png",2048,2048,11185840,1,"Assets/Furniture Mega Pack/Materials/Chair/mat_Chair39.mat"
"Assets/Furniture Mega Pack/Scenes/Furniture Mega Pack.unity","Assets/Furniture Mega Pack/Textures/Chairs/Chair35/Chair35_mat_Chair35_Normal.png",2048,2048,11185840,1,"Assets/Furniture Mega Pack/Materials/Chair/mat_Chair35.mat"
"Assets/Furniture Mega Pack/Scenes/Furniture Mega Pack.unity","Assets/Furniture Mega Pack/Textures/Chairs/Chair18/Chair18_mat_Chair18_Normal.png",2048,2048,11185840,1,"Assets/Furniture Mega Pack/Materials/Chair/mat_Chair18.mat"
"Assets/Furniture Mega Pack/Scenes/Furniture Mega Pack.unity","Assets/Furniture Mega Pack/Textures/Chairs/Chair22/Chair22_mat_Chair22_Normal.png",2048,2048,11185840,1,"Assets/Furniture Mega Pack/Materials/Chair/mat_Chair22.mat"
"Assets/Furniture Mega Pack/Scenes/Furniture Mega Pack.unity","Assets/Furniture Mega Pack/Textures/Chairs/Chair31/Chair31_mat_Chair31_Normal.png",2048,2048,11185840,1,"Assets/Furniture Mega Pack/Materials/Chair/mat_Chair31.mat"
"Assets/Furniture Mega Pack/Scenes/Furniture Mega Pack.unity","Assets/Furniture Mega Pack/Textures/Chairs/Chair40/Chair40_mat_Chair40_Normal.png",2048,2048,11185840,1,"Assets/Furniture Mega Pack/Materials/Chair/mat_Chair40.mat"
"Assets/Furniture Mega Pack/Scenes/Furniture Mega Pack.unity","Assets/Furniture Mega Pack/Textures/Chairs/Chair17/Chair17_mat_Chair17_Normal.png",2048,2048,11185840,1,"Assets/Furniture Mega Pack/Materials/Chair/mat_Chair17.mat"
"Assets/Furniture Mega Pack/Scenes/Furniture Mega Pack.unity","Assets/Furniture Mega Pack/Textures/Chairs/Chair42/Chair42_mat_Chair42_Normal.png",2048,2048,11185840,1,"Assets/Furniture Mega Pack/Materials/Chair/mat_Chair42.mat"
"Assets/Furniture Mega Pack/Scenes/Furniture Mega Pack.unity","Assets/Furniture Mega Pack/Textures/Chairs/Chair33/Chair33_mat_Chair33_Normal.png",2048,2048,11185840,1,"Assets/Furniture Mega Pack/Materials/Chair/mat_Chair33.mat"
"Assets/Furniture Mega Pack/Scenes/Furniture Mega Pack.unity","Assets/Furniture Mega Pack/Textures/Chairs/Chair38/Chair38_mat_Chair38_Normal.png",2048,2048,11185840,1,"Assets/Furniture Mega Pack/Materials/Chair/mat_Chair38.mat"
"Assets/Furniture Mega Pack/Scenes/Furniture Mega Pack.unity","Assets/Furniture Mega Pack/Textures/Sofas/Sofa02/Sofa02_mat_Sofa02_Normal.png",2048,2048,11185840,1,"Assets/Furniture Mega Pack/Materials/Sofa/mat_Sofa02.mat"
"Assets/Furniture Mega Pack/Scenes/Furniture Mega Pack.unity","Assets/Furniture Mega Pack/Textures/Chairs/Chair34/Chair34_mat_Chair34_Normal.png",2048,2048,11185840,1,"Assets/Furniture Mega Pack/Materials/Chair/mat_Chair34.mat"
"Assets/Furniture Mega Pack/Scenes/Furniture Mega Pack.unity","Assets/Furniture Mega Pack/Textures/Chairs/Chair07/Chair07_mat_Chair07_Normal.png",2048,2048,11185840,1,"Assets/Furniture Mega Pack/Materials/Chair/mat_Chair07.mat"
"Assets/Furniture Mega Pack/Scenes/Furniture Mega Pack.unity","Assets/Furniture Mega Pack/Textures/Chairs/Chair43/Chair43_mat_Chair43_Normal.png",2048,2048,11185840,1,"Assets/Furniture Mega Pack/Materials/Chair/mat_Chair43.mat"
"Assets/Furniture Mega Pack/Scenes/Furniture Mega Pack.unity","Assets/Furniture Mega Pack/Textures/Chairs/Chair12/Chair12_mat_Chair12_Normal.png",2048,2048,11185840,1,"Assets/Furniture Mega Pack/Materials/Chair/mat_Chair12.mat"
"Assets/Furniture Mega Pack/Scenes/Furniture Mega Pack.unity","Assets/Furniture Mega Pack/Textures/Chairs/Chair14/Chair14_mat_Chair14_Normal.png",2048,2048,11185840,1,"Assets/Furniture Mega Pack/Materials/Chair/mat_Chair14.mat"
"Assets/Furniture Mega Pack/Scenes/Furniture Mega Pack.unity","Assets/Furniture Mega Pack/Textures/Chairs/Chair41/Chair41_mat_Chair41_Normal.png",2048,2048,11185840,1,"Assets/Furniture Mega Pack/Materials/Chair/mat_Chair41.mat"
"Assets/Furniture Mega Pack/Scenes/Furniture Mega Pack.unity","Assets/Furniture Mega Pack/Textures/Chairs/Chair50/Chair50_mat_Chair50_Normal.png",2048,2048,11185840,1,"Assets/Furniture Mega Pack/Materials/Chair/mat_Chair50.mat"
"Assets/Furniture Mega Pack/Scenes/Furniture Mega Pack.unity","Assets/Furniture Mega Pack/Textures/Chairs/Chair45/Chair45_mat_Chair45_Normal.png",2048,2048,11185840,1,"Assets/Furniture Mega Pack/Materials/Chair/mat_Chair45.mat"
"Assets/Furniture Mega Pack/Scenes/Furniture Mega Pack.unity","Assets/Furniture Mega Pack/Textures/Sofas/Sofa06/Sofa06_mat_Sofa06_Normal.png",2048,2048,11185840,1,"Assets/Furniture Mega Pack/Materials/Sofa/mat_Sofa06.mat"
"Assets/Furniture Mega Pack/Scenes/Furniture Mega Pack.unity","Assets/Furniture Mega Pack/Textures/Sofas/Sofa08/Sofa08_mat_Sofa08_Normal.png",2048,2048,11185840,1,"Assets/Furniture Mega Pack/Materials/Sofa/mat_Sofa08.mat"
"Assets/Furniture Mega Pack/Scenes/Furniture Mega Pack.unity","Assets/Furniture Mega Pack/Textures/Chairs/Chair46/Chair46_mat_Chair46_Normal.png",2048,2048,11185840,1,"Assets/Furniture Mega Pack/Materials/Chair/mat_Chair46.mat"
"Assets/Furniture Mega Pack/Scenes/Furniture Mega Pack.unity","Assets/Furniture Mega Pack/Textures/Chairs/Chair32/Chair32_mat_Chair32_Normal.png",2048,2048,11185840,1,"Assets/Furniture Mega Pack/Materials/Chair/mat_Chair32.mat"
"Assets/Furniture Mega Pack/Scenes/Furniture Mega Pack.unity","Assets/Furniture Mega Pack/Textures/Chairs/Chair36/Chair36_mat_Chair36_Normal.png",2048,2048,11185840,1,"Assets/Furniture Mega Pack/Materials/Chair/mat_Chair36.mat"
"Assets/Furniture Mega Pack/Scenes/Furniture Mega Pack.unity","Assets/Furniture Mega Pack/Textures/Chairs/Chair21/Chair21_mat_Chair21_Normal.png",2048,2048,11185840,1,"Assets/Furniture Mega Pack/Materials/Chair/mat_Chair21.mat"
"Assets/Furniture Mega Pack/Scenes/Furniture Mega Pack.unity","Assets/Furniture Mega Pack/Textures/Chairs/Chair16/Chair16_mat_Chair16_Normal.png",2048,2048,11185840,1,"Assets/Furniture Mega Pack/Materials/Chair/mat_Chair16.mat"
"Assets/Furniture Mega Pack/Scenes/Furniture Mega Pack.unity","Assets/Furniture Mega Pack/Textures/Chairs/Chair08/Chair08_mat_Chair08_Normal.png",2048,2048,11185840,1,"Assets/Furniture Mega Pack/Materials/Chair/mat_Chair08.mat"
"Assets/Furniture Mega Pack/Scenes/Furniture Mega Pack.unity","Assets/Furniture Mega Pack/Textures/Chairs/Chair06/Chair06_mat_Chair06_Normal.png",2048,2048,11185840,1,"Assets/Furniture Mega Pack/Materials/Chair/mat_Chair06.mat"
"Assets/Furniture Mega Pack/Scenes/Furniture Mega Pack.unity","Assets/Furniture Mega Pack/Textures/Sofas/Sofa03/Sofa03_mat_Sofa03_Normal.png",2048,2048,11185840,1,"Assets/Furniture Mega Pack/Materials/Sofa/mat_Sofa03.mat"
"Assets/Furniture Mega Pack/Scenes/Furniture Mega Pack.unity","Assets/Furniture Mega Pack/Textures/Chairs/Chair30/Chair30_mat_Chair30_Normal.png",2048,2048,11185840,1,"Assets/Furniture Mega Pack/Materials/Chair/mat_Chair30.mat"
"Assets/Furniture Mega Pack/Scenes/Furniture Mega Pack.unity","Assets/Furniture Mega Pack/Textures/Sofas/Sofa09/Sofa09_mat_Sofa09_Normal.png",2048,2048,11185840,1,"Assets/Furniture Mega Pack/Materials/Sofa/mat_Sofa09.mat"
"Assets/Furniture Mega Pack/Scenes/Furniture Mega Pack.unity","Assets/Furniture Mega Pack/Textures/Sofas/Sofa07/Sofa07_mat_Sofa07_Normal.png",2048,2048,11185840,1,"Assets/Furniture Mega Pack/Materials/Sofa/mat_Sofa07.mat"
"Assets/Furniture Mega Pack/Scenes/Furniture Mega Pack.unity","Assets/Furniture Mega Pack/Textures/Sofas/Sofa01/Sofa01_mat_Sofa01_Normal.png",2048,2048,11185840,1,"Assets/Furniture Mega Pack/Materials/Sofa/mat_Sofa01.mat"
"Assets/Furniture Mega Pack/Scenes/Furniture Mega Pack.unity","Assets/Furniture Mega Pack/Textures/Chairs/Chair29/Chair29_mat_Chair29_Normal.png",2048,2048,11185840,1,"Assets/Furniture Mega Pack/Materials/Chair/mat_Chair29.mat"
"Assets/Furniture Mega Pack/Scenes/Furniture Mega Pack.unity","Assets/Furniture Mega Pack/Textures/Chairs/Chair01/Chair01_mat_Chair01_Normal.png",2048,2048,11185840,1,"Assets/Furniture Mega Pack/Materials/Chair/mat_Chair01.mat"
"Assets/Furniture Mega Pack/Scenes/Furniture Mega Pack.unity","Assets/Furniture Mega Pack/Textures/Chairs/Chair28/Chair28_mat_Chair28_Normal.png",2048,2048,11185840,1,"Assets/Furniture Mega Pack/Materials/Chair/mat_Chair28.mat"
"Assets/Furniture Mega Pack/Scenes/Furniture Mega Pack.unity","Assets/Furniture Mega Pack/Textures/Chairs/Chair44/Chair44_mat_Chair44_Normal.png",2048,2048,11185840,1,"Assets/Furniture Mega Pack/Materials/Chair/mat_Chair44.mat"
"Assets/Furniture Mega Pack/Scenes/Furniture Mega Pack.unity","Assets/Furniture Mega Pack/Textures/Chairs/Chair27/Chair27_mat_Chair27_Normal.png",2048,2048,11185840,1,"Assets/Furniture Mega Pack/Materials/Chair/mat_Chair27.mat"
"Assets/Furniture Mega Pack/Scenes/Furniture Mega Pack.unity","Assets/Furniture Mega Pack/Textures/Chairs/Chair23/Chair23_mat_Chair23_Normal.png",2048,2048,11185840,1,"Assets/Furniture Mega Pack/Materials/Chair/mat_Chair23.mat"
"Assets/Furniture Mega Pack/Scenes/Furniture Mega Pack.unity","Assets/Furniture Mega Pack/Textures/Chairs/Chair02/Chair02_mat_Chair02_Normal.png",2048,2048,11185840,1,"Assets/Furniture Mega Pack/Materials/Chair/mat_Chair02.mat"
"Assets/Furniture Mega Pack/Scenes/Furniture Mega Pack.unity","Assets/Furniture Mega Pack/Textures/Chairs/Chair20/Chair20_mat_Chair20_Normal.png",2048,2048,11185840,1,"Assets/Furniture Mega Pack/Materials/Chair/mat_Chair20.mat"
"Assets/Furniture Mega Pack/Scenes/Furniture Mega Pack.unity","Assets/Furniture Mega Pack/Textures/Chairs/Chair05/Chair05_mat_Chair05_Normal.png",2048,2048,11185840,1,"Assets/Furniture Mega Pack/Materials/Chair/mat_Chair05.mat"
"Assets/Furniture Mega Pack/Scenes/Furniture Mega Pack.unity","Assets/Furniture Mega Pack/Textures/Chairs/Chair19/Chair19_mat_Chair19_Normal.png",2048,2048,11185840,1,"Assets/Furniture Mega Pack/Materials/Chair/mat_Chair19.mat"
"Assets/Furniture Mega Pack/Scenes/Furniture Mega Pack.unity","Assets/Furniture Mega Pack/Textures/Kitchen/AtlasTexture_KitchenCollection_Atlastexture_KitchenCollection_AlbedoTransparency.png",2048,2048,5593489,1,"Assets/Furniture Mega Pack/Materials/Kitchen/mat_Kitchen.mat"
"Assets/Furniture Mega Pack/Scenes/Furniture Mega Pack.unity","Assets/Furniture Mega Pack/Textures/Sofas/SectionalSofaLeather/SectionalSofaLeather_mat_SectionalSofaLeather_AlbedoTransparency.png",2048,2048,5593473,1,"Assets/Furniture Mega Pack/Materials/Sofa/mat_SectionalSofaLeather.mat"
"Assets/Furniture Mega Pack/Scenes/Furniture Mega Pack.unity","Assets/Furniture Mega Pack/Textures/Sofas/SectionalSofaFabric/SectionalSofaFabric_mat_SectionalSofaLeather_AlbedoTransparency.png",2048,2048,5593472,1,"Assets/Furniture Mega Pack/Materials/Sofa/mat_SectionalSofaFabric.mat"
"Assets/Furniture Mega Pack/Scenes/Furniture Mega Pack.unity","Assets/Furniture Mega Pack/Textures/Drawer/AtlasTexture_Drawer_DefaultMaterial_AlbedoTransparency.png",2048,2048,5593463,2,"Assets/Furniture Mega Pack/Materials/Drawer/mat_Drawer.mat;Assets/Furniture Mega Pack/FBX/Drawer/Drawer27.fbx"
"Assets/Furniture Mega Pack/Scenes/Furniture Mega Pack.unity","Assets/Furniture Mega Pack/Textures/Cushions/Cushion49_50/Cushion49_50_mat_Cushion49_50_AlbedoTransparency.png",2048,2048,5593457,1,"Assets/Furniture Mega Pack/Materials/Cushion/mat_Cushion49_50.mat"
"Assets/Furniture Mega Pack/Scenes/Furniture Mega Pack.unity","Assets/Furniture Mega Pack/Textures/Cushions/Cushion29_36/Cushion29_36_mat_Cushion29_36_AlbedoTransparency.png",2048,2048,5593457,1,"Assets/Furniture Mega Pack/Materials/Cushion/mat_Cushion29_36.mat"
"Assets/Furniture Mega Pack/Scenes/Furniture Mega Pack.unity","Assets/Furniture Mega Pack/Textures/Cushions/Cushion41_48/Cushion41_48_mat_Cushion41_48_AlbedoTransparency.png",2048,2048,5593457,1,"Assets/Furniture Mega Pack/Materials/Cushion/mat_Cushion41_48.mat"
"Assets/Furniture Mega Pack/Scenes/Furniture Mega Pack.unity","Assets/Furniture Mega Pack/Textures/Cushions/Cushion25_28/Cushion25_28_mat_Cushion25_28_AlbedoTransparency.png",2048,2048,5593457,1,"Assets/Furniture Mega Pack/Materials/Cushion/mat_Cushion25_28.mat"
"Assets/Furniture Mega Pack/Scenes/Furniture Mega Pack.unity","Assets/Furniture Mega Pack/Textures/Cushions/Cushion37_40/Cushion37_40_mat_Cushion37_40_AlbedoTransparency.png",2048,2048,5593457,1,"Assets/Furniture Mega Pack/Materials/Cushion/mat_Cushion37_40.mat"
"Assets/Furniture Mega Pack/Scenes/Furniture Mega Pack.unity","Assets/Furniture Mega Pack/Textures/Cushions/Cushion09_16/Cushion09_16_mat_Cushion09_16_AlbedoTransparency.png",2048,2048,5593457,1,"Assets/Furniture Mega Pack/Materials/Cushion/mat_Cushion09_16.mat"
"Assets/Furniture Mega Pack/Scenes/Furniture Mega Pack.unity","Assets/Furniture Mega Pack/Textures/Chairs/Chair03/Chair03_mat_Chair03_AlbedoTransparency.png",2048,2048,5593447,1,"Assets/Furniture Mega Pack/Materials/Chair/mat_Chair03.mat"
"Assets/Furniture Mega Pack/Scenes/Furniture Mega Pack.unity","Assets/Furniture Mega Pack/Textures/Chairs/Chair25/Chair25_mat_Chair25_AlbedoTransparency.png",2048,2048,5593447,1,"Assets/Furniture Mega Pack/Materials/Chair/mat_Chair25.mat"
"Assets/Furniture Mega Pack/Scenes/Furniture Mega Pack.unity","Assets/Furniture Mega Pack/Textures/Chairs/Chair13/Chair13_mat_Chair13_AlbedoTransparency.png",2048,2048,5593447,1,"Assets/Furniture Mega Pack/Materials/Chair/mat_Chair13.mat"
"Assets/Furniture Mega Pack/Scenes/Furniture Mega Pack.unity","Assets/Furniture Mega Pack/Textures/Chairs/Chair24/Chair24_mat_Chair24_AlbedoTransparency.png",2048,2048,5593447,1,"Assets/Furniture Mega Pack/Materials/Chair/mat_Chair24.mat"
"Assets/Furniture Mega Pack/Scenes/Furniture Mega Pack.unity","Assets/Furniture Mega Pack/Textures/Chairs/Chair10/Chair10_mat_Chair10_AlbedoTransparency.png",2048,2048,5593447,1,"Assets/Furniture Mega Pack/Materials/Chair/mat_Chair10.mat"
"Assets/Furniture Mega Pack/Scenes/Furniture Mega Pack.unity","Assets/Furniture Mega Pack/Textures/Chairs/Chair15/Chair15_mat_Chair15_AlbedoTransparency.png",2048,2048,5593447,1,"Assets/Furniture Mega Pack/Materials/Chair/mat_Chair15.mat"
"Assets/Furniture Mega Pack/Scenes/Furniture Mega Pack.unity","Assets/Furniture Mega Pack/Textures/Chairs/Chair04/Chair04_mat_Chair04_AlbedoTransparency.png",2048,2048,5593447,1,"Assets/Furniture Mega Pack/Materials/Chair/mat_Chair04.mat"
"Assets/Furniture Mega Pack/Scenes/Furniture Mega Pack.unity","Assets/Furniture Mega Pack/Textures/Chairs/Chair11/Chair11_mat_Chair11_AlbedoTransparency.png",2048,2048,5593447,1,"Assets/Furniture Mega Pack/Materials/Chair/mat_Chair11.mat"
"Assets/Furniture Mega Pack/Scenes/Furniture Mega Pack.unity","Assets/Furniture Mega Pack/Textures/Chairs/Chair39/Chair39_mat_Chair39_AlbedoTransparency.png",2048,2048,5593447,1,"Assets/Furniture Mega Pack/Materials/Chair/mat_Chair39.mat"
"Assets/Furniture Mega Pack/Scenes/Furniture Mega Pack.unity","Assets/Furniture Mega Pack/Textures/Chairs/Chair35/Chair35_mat_Chair35_AlbedoTransparency.png",2048,2048,5593447,1,"Assets/Furniture Mega Pack/Materials/Chair/mat_Chair35.mat"
"Assets/Furniture Mega Pack/Scenes/Furniture Mega Pack.unity","Assets/Furniture Mega Pack/Textures/Chairs/Chair18/Chair18_mat_Chair18_AlbedoTransparency.png",2048,2048,5593447,1,"Assets/Furniture Mega Pack/Materials/Chair/mat_Chair18.mat"
"Assets/Furniture Mega Pack/Scenes/Furniture Mega Pack.unity","Assets/Furniture Mega Pack/Textures/Chairs/Chair22/Chair22_mat_Chair22_AlbedoTransparency.png",2048,2048,5593447,1,"Assets/Furniture Mega Pack/Materials/Chair/mat_Chair22.mat"
"Assets/Furniture Mega Pack/Scenes/Furniture Mega Pack.unity","Assets/Furniture Mega Pack/Textures/Chairs/Chair31/Chair31_mat_Chair31_AlbedoTransparency.png",2048,2048,5593447,1,"Assets/Furniture Mega Pack/Materials/Chair/mat_Chair31.mat"
"Assets/Furniture Mega Pack/Scenes/Furniture Mega Pack.unity","Assets/Furniture Mega Pack/Textures/Chairs/Chair40/Chair40_mat_Chair40_AlbedoTransparency.png",2048,2048,5593447,1,"Assets/Furniture Mega Pack/Materials/Chair/mat_Chair40.mat"
"Assets/Furniture Mega Pack/Scenes/Furniture Mega Pack.unity","Assets/Furniture Mega Pack/Textures/Chairs/Chair17/Chair17_mat_Chair17_AlbedoTransparency.png",2048,2048,5593447,1,"Assets/Furniture Mega Pack/Materials/Chair/mat_Chair17.mat"
"Assets/Furniture Mega Pack/Scenes/Furniture Mega Pack.unity","Assets/Furniture Mega Pack/Textures/Chairs/Chair42/Chair42_mat_Chair42_AlbedoTransparency.png",2048,2048,5593447,1,"Assets/Furniture Mega Pack/Materials/Chair/mat_Chair42.mat"
"Assets/Furniture Mega Pack/Scenes/Furniture Mega Pack.unity","Assets/Furniture Mega Pack/Textures/Chairs/Chair33/Chair33_mat_Chair33_AlbedoTransparency.png",2048,2048,5593447,1,"Assets/Furniture Mega Pack/Materials/Chair/mat_Chair33.mat"
"Assets/Furniture Mega Pack/Scenes/Furniture Mega Pack.unity","Assets/Furniture Mega Pack/Textures/Chairs/Chair38/Chair38_mat_Chair38_AlbedoTransparency.png",2048,2048,5593447,1,"Assets/Furniture Mega Pack/Materials/Chair/mat_Chair38.mat"
"Assets/Furniture Mega Pack/Scenes/Furniture Mega Pack.unity","Assets/Furniture Mega Pack/Textures/Chairs/Chair34/Chair34_mat_Chair34_AlbedoTransparency.png",2048,2048,5593447,1,"Assets/Furniture Mega Pack/Materials/Chair/mat_Chair34.mat"
"Assets/Furniture Mega Pack/Scenes/Furniture Mega Pack.unity","Assets/Furniture Mega Pack/Textures/Chairs/Chair07/Chair07_mat_Chair07_AlbedoTransparency.png",2048,2048,5593447,1,"Assets/Furniture Mega Pack/Materials/Chair/mat_Chair07.mat"
"Assets/Furniture Mega Pack/Scenes/Furniture Mega Pack.unity","Assets/Furniture Mega Pack/Textures/Chairs/Chair43/Chair43_mat_Chair43_AlbedoTransparency.png",2048,2048,5593447,1,"Assets/Furniture Mega Pack/Materials/Chair/mat_Chair43.mat"
"Assets/Furniture Mega Pack/Scenes/Furniture Mega Pack.unity","Assets/Furniture Mega Pack/Textures/Chairs/Chair12/Chair12_mat_Chair12_AlbedoTransparency.png",2048,2048,5593447,1,"Assets/Furniture Mega Pack/Materials/Chair/mat_Chair12.mat"
"Assets/Furniture Mega Pack/Scenes/Furniture Mega Pack.unity","Assets/Furniture Mega Pack/Textures/Chairs/Chair14/Chair14_mat_Chair14_AlbedoTransparency.png",2048,2048,5593447,1,"Assets/Furniture Mega Pack/Materials/Chair/mat_Chair14.mat"
"Assets/Furniture Mega Pack/Scenes/Furniture Mega Pack.unity","Assets/Furniture Mega Pack/Textures/Chairs/Chair41/Chair41_mat_Chair41_AlbedoTransparency.png",2048,2048,5593447,1,"Assets/Furniture Mega Pack/Materials/Chair/mat_Chair41.mat"
"Assets/Furniture Mega Pack/Scenes/Furniture Mega Pack.unity","Assets/Furniture Mega Pack/Textures/Chairs/Chair50/Chair50_mat_Chair50_AlbedoTransparency.png",2048,2048,5593447,1,"Assets/Furniture Mega Pack/Materials/Chair/mat_Chair50.mat"
"Assets/Furniture Mega Pack/Scenes/Furniture Mega Pack.unity","Assets/Furniture Mega Pack/Textures/Chairs/Chair45/Chair45_mat_Chair45_AlbedoTransparency.png",2048,2048,5593447,1,"Assets/Furniture Mega Pack/Materials/Chair/mat_Chair45.mat"
"Assets/Furniture Mega Pack/Scenes/Furniture Mega Pack.unity","Assets/Furniture Mega Pack/Textures/Chairs/Chair46/Chair46_mat_Chair46_AlbedoTransparency.png",2048,2048,5593447,1,"Assets/Furniture Mega Pack/Materials/Chair/mat_Chair46.mat"
"Assets/Furniture Mega Pack/Scenes/Furniture Mega Pack.unity","Assets/Furniture Mega Pack/Textures/Chairs/Chair32/Chair32_mat_Chair32_AlbedoTransparency.png",2048,2048,5593447,1,"Assets/Furniture Mega Pack/Materials/Chair/mat_Chair32.mat"
"Assets/Furniture Mega Pack/Scenes/Furniture Mega Pack.unity","Assets/Furniture Mega Pack/Textures/Chairs/Chair36/Chair36_mat_Chair36_AlbedoTransparency.png",2048,2048,5593447,1,"Assets/Furniture Mega Pack/Materials/Chair/mat_Chair36.mat"
"Assets/Furniture Mega Pack/Scenes/Furniture Mega Pack.unity","Assets/Furniture Mega Pack/Textures/Chairs/Chair21/Chair21_mat_Chair21_AlbedoTransparency.png",2048,2048,5593447,1,"Assets/Furniture Mega Pack/Materials/Chair/mat_Chair21.mat"
"Assets/Furniture Mega Pack/Scenes/Furniture Mega Pack.unity","Assets/Furniture Mega Pack/Textures/Chairs/Chair16/Chair16_mat_Chair16_AlbedoTransparency.png",2048,2048,5593447,1,"Assets/Furniture Mega Pack/Materials/Chair/mat_Chair16.mat"
"Assets/Furniture Mega Pack/Scenes/Furniture Mega Pack.unity","Assets/Furniture Mega Pack/Textures/Chairs/Chair08/Chair08_mat_Chair08_AlbedoTransparency.png",2048,2048,5593447,1,"Assets/Furniture Mega Pack/Materials/Chair/mat_Chair08.mat"
"Assets/Furniture Mega Pack/Scenes/Furniture Mega Pack.unity","Assets/Furniture Mega Pack/Textures/Chairs/Chair06/Chair06_mat_Chair06_AlbedoTransparency.png",2048,2048,5593447,1,"Assets/Furniture Mega Pack/Materials/Chair/mat_Chair06.mat"
"Assets/Furniture Mega Pack/Scenes/Furniture Mega Pack.unity","Assets/Furniture Mega Pack/Textures/Chairs/Chair30/Chair30_mat_Chair30_AlbedoTransparency.png",2048,2048,5593447,1,"Assets/Furniture Mega Pack/Materials/Chair/mat_Chair30.mat"
"Assets/Furniture Mega Pack/Scenes/Furniture Mega Pack.unity","Assets/Furniture Mega Pack/Textures/Chairs/Chair29/Chair29_mat_Chair29_AlbedoTransparency.png",2048,2048,5593447,1,"Assets/Furniture Mega Pack/Materials/Chair/mat_Chair29.mat"
"Assets/Furniture Mega Pack/Scenes/Furniture Mega Pack.unity","Assets/Furniture Mega Pack/Textures/Chairs/Chair01/Chair01_mat_Chair01_AlbedoTransparency.png",2048,2048,5593447,1,"Assets/Furniture Mega Pack/Materials/Chair/mat_Chair01.mat"
"Assets/Furniture Mega Pack/Scenes/Furniture Mega Pack.unity","Assets/Furniture Mega Pack/Textures/Chairs/Chair28/Chair28_mat_Chair28_AlbedoTransparency.png",2048,2048,5593447,1,"Assets/Furniture Mega Pack/Materials/Chair/mat_Chair28.mat"
"Assets/Furniture Mega Pack/Scenes/Furniture Mega Pack.unity","Assets/Furniture Mega Pack/Textures/Chairs/Chair44/Chair44_mat_Chair44_AlbedoTransparency.png",2048,2048,5593447,1,"Assets/Furniture Mega Pack/Materials/Chair/mat_Chair44.mat"
"Assets/Furniture Mega Pack/Scenes/Furniture Mega Pack.unity","Assets/Furniture Mega Pack/Textures/Chairs/Chair27/Chair27_mat_Chair27_AlbedoTransparency.png",2048,2048,5593447,1,"Assets/Furniture Mega Pack/Materials/Chair/mat_Chair27.mat"
"Assets/Furniture Mega Pack/Scenes/Furniture Mega Pack.unity","Assets/Furniture Mega Pack/Textures/Chairs/Chair23/Chair23_mat_Chair23_AlbedoTransparency.png",2048,2048,5593447,1,"Assets/Furniture Mega Pack/Materials/Chair/mat_Chair23.mat"
"Assets/Furniture Mega Pack/Scenes/Furniture Mega Pack.unity","Assets/Furniture Mega Pack/Textures/Chairs/Chair02/Chair02_mat_Chair02_AlbedoTransparency.png",2048,2048,5593447,1,"Assets/Furniture Mega Pack/Materials/Chair/mat_Chair02.mat"
"Assets/Furniture Mega Pack/Scenes/Furniture Mega Pack.unity","Assets/Furniture Mega Pack/Textures/Chairs/Chair20/Chair20_mat_Chair20_AlbedoTransparency.png",2048,2048,5593447,1,"Assets/Furniture Mega Pack/Materials/Chair/mat_Chair20.mat"
"Assets/Furniture Mega Pack/Scenes/Furniture Mega Pack.unity","Assets/Furniture Mega Pack/Textures/Chairs/Chair05/Chair05_mat_Chair05_AlbedoTransparency.png",2048,2048,5593447,1,"Assets/Furniture Mega Pack/Materials/Chair/mat_Chair05.mat"
"Assets/Furniture Mega Pack/Scenes/Furniture Mega Pack.unity","Assets/Furniture Mega Pack/Textures/Chairs/Chair19/Chair19_mat_Chair19_AlbedoTransparency.png",2048,2048,5593447,1,"Assets/Furniture Mega Pack/Materials/Chair/mat_Chair19.mat"
"Assets/Furniture Mega Pack/Scenes/Furniture Mega Pack.unity","Assets/Furniture Mega Pack/Textures/Sofas/Sofa04/Sofa04_mat_Sofa04_AlbedoTransparency.png",2048,2048,5593445,1,"Assets/Furniture Mega Pack/Materials/Sofa/mat_Sofa04.mat"
"Assets/Furniture Mega Pack/Scenes/Furniture Mega Pack.unity","Assets/Furniture Mega Pack/Textures/Sofas/Sofa02/Sofa02_mat_Sofa02_AlbedoTransparency.png",2048,2048,5593445,1,"Assets/Furniture Mega Pack/Materials/Sofa/mat_Sofa02.mat"
"Assets/Furniture Mega Pack/Scenes/Furniture Mega Pack.unity","Assets/Furniture Mega Pack/Textures/Sofas/Sofa06/Sofa06_mat_Sofa06_AlbedoTransparency.png",2048,2048,5593445,1,"Assets/Furniture Mega Pack/Materials/Sofa/mat_Sofa06.mat"
"Assets/Furniture Mega Pack/Scenes/Furniture Mega Pack.unity","Assets/Furniture Mega Pack/Textures/Sofas/Sofa08/Sofa08_mat_Sofa08_AlbedoTransparency.png",2048,2048,5593445,1,"Assets/Furniture Mega Pack/Materials/Sofa/mat_Sofa08.mat"
"Assets/Furniture Mega Pack/Scenes/Furniture Mega Pack.unity","Assets/Furniture Mega Pack/Textures/Sofas/Sofa03/Sofa03_mat_Sofa03_AlbedoTransparency.png",2048,2048,5593445,1,"Assets/Furniture Mega Pack/Materials/Sofa/mat_Sofa03.mat"
"Assets/Furniture Mega Pack/Scenes/Furniture Mega Pack.unity","Assets/Furniture Mega Pack/Textures/Sofas/Sofa09/Sofa09_mat_Sofa09_AlbedoTransparency.png",2048,2048,5593445,1,"Assets/Furniture Mega Pack/Materials/Sofa/mat_Sofa09.mat"
"Assets/Furniture Mega Pack/Scenes/Furniture Mega Pack.unity","Assets/Furniture Mega Pack/Textures/Sofas/Sofa07/Sofa07_mat_Sofa07_AlbedoTransparency.png",2048,2048,5593445,1,"Assets/Furniture Mega Pack/Materials/Sofa/mat_Sofa07.mat"
"Assets/Furniture Mega Pack/Scenes/Furniture Mega Pack.unity","Assets/Furniture Mega Pack/Textures/Sofas/Sofa01/Sofa01_mat_Sofa01_AlbedoTransparency.png",2048,2048,5593445,1,"Assets/Furniture Mega Pack/Materials/Sofa/mat_Sofa01.mat"
"Assets/Furniture Mega Pack/Scenes/Furniture Mega Pack.unity","Assets/Furniture Mega Pack/Textures/Bathroom/AtlasTexture_BathroomCollection_BathroomCollection_MetallicSmoothness.png",1024,1024,2797302,1,"Assets/Furniture Mega Pack/Materials/Bathroom/mat_Bathroom.mat"
"Assets/Furniture Mega Pack/Scenes/Furniture Mega Pack.unity","Assets/Furniture Mega Pack/Textures/Bed/BedFrame/AtlasTexture_BedFrame_AtlasTexture_BedFrame_MetallicSmoothness.png",1024,1024,2797295,1,"Assets/Furniture Mega Pack/Materials/Bed/mat_BedFrame.mat"
"Assets/Furniture Mega Pack/Scenes/Furniture Mega Pack.unity","Assets/Furniture Mega Pack/Textures/Bathroom/AtlasTexture_BathroomCollection_BathroomCollection_Normal.png",1024,1024,2797290,1,"Assets/Furniture Mega Pack/Materials/Bathroom/mat_Bathroom.mat"
"Assets/Furniture Mega Pack/Scenes/Furniture Mega Pack.unity","Assets/Furniture Mega Pack/Textures/Bed/Mattress/AtlasTexture_Mattress_DefaultMaterial_MetallicSmoothness.png",1024,1024,2797289,2,"Assets/Furniture Mega Pack/Materials/Bed/mat_Mattress.mat;Assets/Furniture Mega Pack/Materials/Bathroom/mat_Bathroom.mat"
"Assets/Furniture Mega Pack/Scenes/Furniture Mega Pack.unity","Assets/Furniture Mega Pack/Textures/Bed/Blanket/AtlasTexture_Blanket_DefaultMaterial_MetallicSmoothness.png",1024,1024,2797288,1,"Assets/Furniture Mega Pack/Materials/Bed/mat_Blanket.mat"
"Assets/Furniture Mega Pack/Scenes/Furniture Mega Pack.unity","Assets/Furniture Mega Pack/Textures/Bed/BedFrame/AtlasTexture_BedFrame_AtlasTexture_BedFrame_Normal.png",1024,1024,2797283,1,"Assets/Furniture Mega Pack/Materials/Bed/mat_BedFrame.mat"
"Assets/Furniture Mega Pack/Scenes/Furniture Mega Pack.unity","Assets/Furniture Mega Pack/Textures/Cushions/Cushion17_24/Cushion17_24_mat_Cushion17_24_MetallicSmoothness.png",1024,1024,2797281,1,"Assets/Furniture Mega Pack/Materials/Cushion/mat_Cushion17_24.mat"
"Assets/Furniture Mega Pack/Scenes/Furniture Mega Pack.unity","Assets/Furniture Mega Pack/Textures/Cushions/Cushion01_08/Cushion01_08_mat_Cushion01_08_MetallicSmoothness.png",1024,1024,2797281,1,"Assets/Furniture Mega Pack/Materials/Cushion/mat_Cushion01_08.mat"
"Assets/Furniture Mega Pack/Scenes/Furniture Mega Pack.unity","Assets/Furniture Mega Pack/Textures/Bed/Mattress/AtlasTexture_Mattress_DefaultMaterial_Normal.png",1024,1024,2797277,2,"Assets/Furniture Mega Pack/Materials/Bed/mat_Mattress.mat;Assets/Furniture Mega Pack/Materials/Bathroom/mat_Bathroom.mat"
"Assets/Furniture Mega Pack/Scenes/Furniture Mega Pack.unity","Assets/Furniture Mega Pack/Textures/Bed/Blanket/AtlasTexture_Blanket_DefaultMaterial_Normal.png",1024,1024,2797276,1,"Assets/Furniture Mega Pack/Materials/Bed/mat_Blanket.mat"
"Assets/Furniture Mega Pack/Scenes/Furniture Mega Pack.unity","Assets/Furniture Mega Pack/Textures/Closet/AtlasTexture_Closet_MetallicSmoothness.png",1024,1024,2797271,1,"Assets/Furniture Mega Pack/Materials/Closet/mat_Closet.mat"
"Assets/Furniture Mega Pack/Scenes/Furniture Mega Pack.unity","Assets/Furniture Mega Pack/Textures/Chairs/Chair09/Chair09_mat_Chair09_MetallicSmoothness.png",1024,1024,2797271,1,"Assets/Furniture Mega Pack/Materials/Chair/mat_Chair09.mat"
"Assets/Furniture Mega Pack/Scenes/Furniture Mega Pack.unity","Assets/Furniture Mega Pack/Textures/Tables/Table38/Table38_mat_Table38_MetallicSmoothness.png",1024,1024,2797271,1,"Assets/Furniture Mega Pack/Materials/Table/mat_Table38.mat"
"Assets/Furniture Mega Pack/Scenes/Furniture Mega Pack.unity","Assets/Furniture Mega Pack/Textures/Chairs/Chair37/Chair37_mat_Chair37_MetallicSmoothness.png",1024,1024,2797271,1,"Assets/Furniture Mega Pack/Materials/Chair/mat_Chair37.mat"
"Assets/Furniture Mega Pack/Scenes/Furniture Mega Pack.unity","Assets/Furniture Mega Pack/Textures/Chairs/Chair47/Chair47_mat_Chair47_MetallicSmoothness.png",1024,1024,2797271,1,"Assets/Furniture Mega Pack/Materials/Chair/mat_Chair47.mat"
"Assets/Furniture Mega Pack/Scenes/Furniture Mega Pack.unity","Assets/Furniture Mega Pack/Textures/Tables/Table06/Table06_mat_Table06_MetallicSmoothness.png",1024,1024,2797271,1,"Assets/Furniture Mega Pack/Materials/Table/mat_Table06.mat"
"Assets/Furniture Mega Pack/Scenes/Furniture Mega Pack.unity","Assets/Furniture Mega Pack/Textures/Chairs/Chair26/Chair26_mat_Chair26_MetallicSmoothness.png",1024,1024,2797271,1,"Assets/Furniture Mega Pack/Materials/Chair/mat_Chair26.mat"
"Assets/Furniture Mega Pack/Scenes/Furniture Mega Pack.unity","Assets/Furniture Mega Pack/Textures/Chairs/Chair48/Chair48_mat_Chair48_MetallicSmoothness.png",1024,1024,2797271,1,"Assets/Furniture Mega Pack/Materials/Chair/mat_Chair48.mat"
"Assets/Furniture Mega Pack/Scenes/Furniture Mega Pack.unity","Assets/Furniture Mega Pack/Textures/Chairs/Chair49/Chair49_mat_Chair49_MetallicSmoothness.png",1024,1024,2797271,1,"Assets/Furniture Mega Pack/Materials/Chair/mat_Chair49.mat"
"Assets/Furniture Mega Pack/Scenes/Furniture Mega Pack.unity","Assets/Furniture Mega Pack/Textures/Cushions/Cushion17_24/Cushion17_24_mat_Cushion17_24_Normal.png",1024,1024,2797269,1,"Assets/Furniture Mega Pack/Materials/Cushion/mat_Cushion17_24.mat"
"Assets/Furniture Mega Pack/Scenes/Furniture Mega Pack.unity","Assets/Furniture Mega Pack/Textures/Cushions/Cushion01_08/Cushion01_08_mat_Cushion01_08_Normal.png",1024,1024,2797269,1,"Assets/Furniture Mega Pack/Materials/Cushion/mat_Cushion01_08.mat"
"Assets/Furniture Mega Pack/Scenes/Furniture Mega Pack.unity","Assets/Furniture Mega Pack/Textures/Sofas/Sofa13/Sofa13_mat_Sofa13_MetallicSmoothness.png",1024,1024,2797269,1,"Assets/Furniture Mega Pack/Materials/Sofa/mat_Sofa13.mat"
"Assets/Furniture Mega Pack/Scenes/Furniture Mega Pack.unity","Assets/Furniture Mega Pack/Textures/Closet/AtlasTexture_Closet_Normal.png",1024,1024,2797232,1,"Assets/Furniture Mega Pack/Materials/Closet/mat_Closet.mat"
"Assets/Furniture Mega Pack/Scenes/Furniture Mega Pack.unity","Assets/Furniture Mega Pack/Textures/Chairs/Chair09/Chair09_mat_Chair09_Normal.png",1024,1024,2797232,1,"Assets/Furniture Mega Pack/Materials/Chair/mat_Chair09.mat"
"Assets/Furniture Mega Pack/Scenes/Furniture Mega Pack.unity","Assets/Furniture Mega Pack/Textures/Tables/Table38/Table38_mat_Table38_Normal.png",1024,1024,2797232,1,"Assets/Furniture Mega Pack/Materials/Table/mat_Table38.mat"
"Assets/Furniture Mega Pack/Scenes/Furniture Mega Pack.unity","Assets/Furniture Mega Pack/Textures/Chairs/Chair37/Chair37_mat_Chair37_Normal.png",1024,1024,2797232,1,"Assets/Furniture Mega Pack/Materials/Chair/mat_Chair37.mat"
"Assets/Furniture Mega Pack/Scenes/Furniture Mega Pack.unity","Assets/Furniture Mega Pack/Textures/Sofas/Sofa13/Sofa13_mat_Sofa13_Normal.png",1024,1024,2797232,1,"Assets/Furniture Mega Pack/Materials/Sofa/mat_Sofa13.mat"
"Assets/Furniture Mega Pack/Scenes/Furniture Mega Pack.unity","Assets/Furniture Mega Pack/Textures/Chairs/Chair47/Chair47_mat_Chair47_Normal.png",1024,1024,2797232,1,"Assets/Furniture Mega Pack/Materials/Chair/mat_Chair47.mat"
"Assets/Furniture Mega Pack/Scenes/Furniture Mega Pack.unity","Assets/Furniture Mega Pack/Textures/Tables/Table06/Table06_mat_Table06_Normal.png",1024,1024,2797232,1,"Assets/Furniture Mega Pack/Materials/Table/mat_Table06.mat"
"Assets/Furniture Mega Pack/Scenes/Furniture Mega Pack.unity","Assets/Furniture Mega Pack/Textures/Chairs/Chair26/Chair26_mat_Chair26_Normal.png",1024,1024,2797232,1,"Assets/Furniture Mega Pack/Materials/Chair/mat_Chair26.mat"
"Assets/Furniture Mega Pack/Scenes/Furniture Mega Pack.unity","Assets/Furniture Mega Pack/Textures/Chairs/Chair48/Chair48_mat_Chair48_Normal.png",1024,1024,2797232,1,"Assets/Furniture Mega Pack/Materials/Chair/mat_Chair48.mat"
"Assets/Furniture Mega Pack/Scenes/Furniture Mega Pack.unity","Assets/Furniture Mega Pack/Textures/Chairs/Chair49/Chair49_mat_Chair49_Normal.png",1024,1024,2797232,1,"Assets/Furniture Mega Pack/Materials/Chair/mat_Chair49.mat"
"Assets/Furniture Mega Pack/Scenes/Furniture Mega Pack.unity","Assets/Furniture Mega Pack/Textures/Bathroom/AtlasTexture_BathroomCollection_BathroomCollection_AlbedoTransparency.png",1024,1024,1399174,1,"Assets/Furniture Mega Pack/Materials/Bathroom/mat_Bathroom.mat"
"Assets/Furniture Mega Pack/Scenes/Furniture Mega Pack.unity","Assets/Furniture Mega Pack/Textures/Bed/BedFrame/AtlasTexture_BedFrame_AtlasTexture_BedFrame_AlbedoTransparency.png",1024,1024,1399167,1,"Assets/Furniture Mega Pack/Materials/Bed/mat_BedFrame.mat"
"Assets/Furniture Mega Pack/Scenes/Furniture Mega Pack.unity","Assets/Furniture Mega Pack/Textures/Bed/Mattress/AtlasTexture_Mattress_DefaultMaterial_AlbedoTransparency.png",1024,1024,1399161,2,"Assets/Furniture Mega Pack/Materials/Bed/mat_Mattress.mat;Assets/Furniture Mega Pack/Materials/Bathroom/mat_Bathroom.mat"
"Assets/Furniture Mega Pack/Scenes/Furniture Mega Pack.unity","Assets/Furniture Mega Pack/Textures/Bed/Blanket/AtlasTexture_Blanket_DefaultMaterial_AlbedoTransparency.png",1024,1024,1399160,1,"Assets/Furniture Mega Pack/Materials/Bed/mat_Blanket.mat"
"Assets/Furniture Mega Pack/Scenes/Furniture Mega Pack.unity","Assets/Furniture Mega Pack/Textures/Cushions/Cushion17_24/Cushion17_24_mat_Cushion17_24_AlbedoTransparency.png",1024,1024,1399153,1,"Assets/Furniture Mega Pack/Materials/Cushion/mat_Cushion17_24.mat"
"Assets/Furniture Mega Pack/Scenes/Furniture Mega Pack.unity","Assets/Furniture Mega Pack/Textures/Cushions/Cushion01_08/Cushion01_08_mat_Cushion01_08_AlbedoTransparency.png",1024,1024,1399153,1,"Assets/Furniture Mega Pack/Materials/Cushion/mat_Cushion01_08.mat"
"Assets/Furniture Mega Pack/Scenes/Furniture Mega Pack.unity","Assets/Furniture Mega Pack/Textures/Closet/AtlasTexture_Closet_AlbedoTransparency.png",1024,1024,1399143,1,"Assets/Furniture Mega Pack/Materials/Closet/mat_Closet.mat"
"Assets/Furniture Mega Pack/Scenes/Furniture Mega Pack.unity","Assets/Furniture Mega Pack/Textures/Chairs/Chair09/Chair09_mat_Chair09_AlbedoTransparency.png",1024,1024,1399143,1,"Assets/Furniture Mega Pack/Materials/Chair/mat_Chair09.mat"
"Assets/Furniture Mega Pack/Scenes/Furniture Mega Pack.unity","Assets/Furniture Mega Pack/Textures/Tables/Table38/Table38_mat_Table38_AlbedoTransparency.png",1024,1024,1399143,1,"Assets/Furniture Mega Pack/Materials/Table/mat_Table38.mat"
"Assets/Furniture Mega Pack/Scenes/Furniture Mega Pack.unity","Assets/Furniture Mega Pack/Textures/Chairs/Chair37/Chair37_mat_Chair37_AlbedoTransparency.png",1024,1024,1399143,1,"Assets/Furniture Mega Pack/Materials/Chair/mat_Chair37.mat"
"Assets/Furniture Mega Pack/Scenes/Furniture Mega Pack.unity","Assets/Furniture Mega Pack/Textures/Chairs/Chair47/Chair47_mat_Chair47_AlbedoTransparency.png",1024,1024,1399143,1,"Assets/Furniture Mega Pack/Materials/Chair/mat_Chair47.mat"
"Assets/Furniture Mega Pack/Scenes/Furniture Mega Pack.unity","Assets/Furniture Mega Pack/Textures/Tables/Table06/Table06_mat_Table06_AlbedoTransparency.png",1024,1024,1399143,1,"Assets/Furniture Mega Pack/Materials/Table/mat_Table06.mat"
"Assets/Furniture Mega Pack/Scenes/Furniture Mega Pack.unity","Assets/Furniture Mega Pack/Textures/Chairs/Chair26/Chair26_mat_Chair26_AlbedoTransparency.png",1024,1024,1399143,1,"Assets/Furniture Mega Pack/Materials/Chair/mat_Chair26.mat"
"Assets/Furniture Mega Pack/Scenes/Furniture Mega Pack.unity","Assets/Furniture Mega Pack/Textures/Chairs/Chair48/Chair48_mat_Chair48_AlbedoTransparency.png",1024,1024,1399143,1,"Assets/Furniture Mega Pack/Materials/Chair/mat_Chair48.mat"
"Assets/Furniture Mega Pack/Scenes/Furniture Mega Pack.unity","Assets/Furniture Mega Pack/Textures/Chairs/Chair49/Chair49_mat_Chair49_AlbedoTransparency.png",1024,1024,1399143,1,"Assets/Furniture Mega Pack/Materials/Chair/mat_Chair49.mat"
"Assets/Furniture Mega Pack/Scenes/Furniture Mega Pack.unity","Assets/Furniture Mega Pack/Textures/Sofas/Sofa13/Sofa13_mat_Sofa13_AlbedoTransparency.png",1024,1024,1399141,1,"Assets/Furniture Mega Pack/Materials/Sofa/mat_Sofa13.mat"
"Assets/SimpleNaturePack/Scenes/SimpleNaturePack_Demo.unity","Assets/SimpleNaturePack/Textures/NaturePackLite_Texture_01.png",1024,1024,1399104,1,"Assets/SimpleNaturePack/Materials/SimpleNaturePack_Texture_01.mat"
"Assets/SimpleNaturePack/Scenes/SimpleNaturePack_Overview.unity","Assets/SimpleNaturePack/Textures/NaturePackLite_Texture_01.png",1024,1024,1399104,1,"Assets/SimpleNaturePack/Materials/SimpleNaturePack_Texture_01.mat"
