Unity Editor version:    6000.4.5f1 (cc83ebd631f8)
Branch:                  6000.4/staging
Build type:              Release
Batch mode:              YES
macOS version:           Version 26.5.2 (Build 25F84)
Darwin version:          25.5.0
Architecture:            arm64
Running under Rosetta:   NO
Available memory:        16384 MB
Date:                    2026-07-28T17:20:55Z
[Licensing::Module] Trying to connect to existing licensing client channel...
[Licensing::IpcConnector] Successfully connected to: "LicenseClient-terrence" at "2026-07-28T17:20:55.561146Z"
Launching external process: /Applications/Unity/Hub/Editor/6000.4.5f1/Unity.app/Contents/Helpers/PackageManager/Server/UnityPackageManager

COMMAND LINE ARGUMENTS:
/Applications/Unity/Hub/Editor/6000.4.5f1/Unity.app/Contents/MacOS/Unity
-batchmode
-quit
-projectPath
/Volumes/T9(Samsung)/UnityProjects/BCAT_6000_4_TEST
-executeMethod
BCaTPerformanceAuditRunner.Run
-logFile
/Volumes/T9(Samsung)/UnityProjects/BCAT_6000_4_TEST/PerformanceAudit/unity_batch_audit.log
Successfully changed project path to: /Volumes/T9(Samsung)/UnityProjects/BCAT_6000_4_TEST
/Volumes/T9(Samsung)/UnityProjects/BCAT_6000_4_TEST
[UnityMemory] Configuration Parameters - Can be set up in boot.config
    "memorysetup-temp-allocator-size-gi-baking-worker=262144"
    "memorysetup-temp-allocator-size-gi-baking-worker=262144"
    "memorysetup-temp-allocator-size-gi-baking-worker=262144"
    "memorysetup-temp-allocator-size-gi-baking-worker=262144"
    "memorysetup-temp-allocator-size-gi-baking-worker=262144"
    "memorysetup-temp-allocator-size-nav-mesh-worker=65536"
    "memorysetup-temp-allocator-size-audio-worker=65536"
    "memorysetup-temp-allocator-size-cloud-worker=32768"
    "memorysetup-allocator-temp-initial-block-size-main=262144"
    "memorysetup-allocator-temp-initial-block-size-worker=262144"
    "memorysetup-temp-allocator-size-background-worker=32768"
    "memorysetup-temp-allocator-size-job-worker=262144"
    "memorysetup-temp-allocator-size-preload-manager=33554432"
    "memorysetup-temp-allocator-size-gfx=262144"
    "memorysetup-bucket-allocator-granularity=16"
    "memorysetup-bucket-allocator-bucket-count=8"
    "memorysetup-bucket-allocator-block-size=33554432"
    "memorysetup-bucket-allocator-block-count=8"
    "memorysetup-main-allocator-block-size=16777216"
    "memorysetup-thread-allocator-block-size=16777216"
    "memorysetup-gfx-main-allocator-block-size=16777216"
    "memorysetup-gfx-thread-allocator-block-size=16777216"
    "memorysetup-cache-allocator-block-size=4194304"
    "memorysetup-typetree-allocator-block-size=2097152"
    "memorysetup-profiler-bucket-allocator-granularity=16"
    "memorysetup-profiler-bucket-allocator-bucket-count=8"
    "memorysetup-profiler-bucket-allocator-block-size=33554432"
    "memorysetup-profiler-bucket-allocator-block-count=8"
    "memorysetup-profiler-allocator-block-size=16777216"
    "memorysetup-profiler-editor-allocator-block-size=1048576"
    "memorysetup-temp-allocator-size-main=16777216"
    "memorysetup-job-temp-allocator-block-size=2097152"
    "memorysetup-job-temp-allocator-block-size-background=1048576"
    "memorysetup-job-temp-allocator-reduction-small-platforms=262144"
Player connection [8384060800]  Target information:

Player connection [8384060800]  * "[IP] 10.0.0.162 [Port] 55504 [Flags] 2 [Guid] 2410048565 [EditorId] 2410048565 [Version] 1048832 [Id] OSXEditor(0,Terrences-MacBook-Air.local) [Debug] 1 [PackageName] OSXEditor [ProjectName] Editor" 

Player connection [8384060800]  * "[IP] 10.2.0.2 [Port] 55504 [Flags] 2 [Guid] 2410048565 [EditorId] 2410048565 [Version] 1048832 [Id] OSXEditor(0,Terrences-MacBook-Air.local) [Debug] 1 [PackageName] OSXEditor [ProjectName] Editor" 

Player connection [8384060800] Host joined multi-casting on [225.0.0.222:54997]...
Player connection [8384060800] Host joined alternative multi-casting on [225.0.0.222:34997]...
Input System module state changed to: Initialized.
[Physics::Module] Initialized fallback backend.
[Physics::Module] Id: 0xdecafbad
[Licensing::Client] Error: HandshakeResponse reported an error:
	ResponseCode: 505
	ResponseStatus: Unsupported protocol version '1.18.1'.
[Licensing::Module] Error: Failed to handshake to channel: "LicenseClient-terrence"
[Licensing::IpcConnector] LicenseClient-terrence channel disconnected successfully.
[Licensing::IpcConnector] Channel LicenseClient-terrence-6000.4.5 doesn't exist
Launching external process: /Applications/Unity/Hub/Editor/6000.4.5f1/Unity.app/Contents/Helpers/UnityLicensingClient.app/Contents/MacOS/Unity.Licensing.Client
[Licensing::Module] Successfully launched the LicensingClient (PId: 54126)
[Package Manager] Connected to IPC stream "Upm-54124" after 0.1 seconds.
[Licensing::Module] Licensing is not yet initialized.
[Licensing::IpcConnector] Successfully connected to: "LicenseClient-terrence-6000.4.5" at "2026-07-28T17:20:55.890679Z"
[Licensing::Client] Handshaking with LicensingClient:
  Version:                 1.18.1+9fbee8e
  Session Id:              373575f741a04840acd86d8729aff499
  Correlation Id:          1d22840274d9a515307663e74e7a6827
  External correlation Id: 1165005630083512367
  Machine Id:              1bOvOg2fwccX7xgA5fklJMGtjf8=
[Licensing::Module] Successfully connected to LicensingClient on channel: "LicenseClient-terrence-6000.4.5" (connect: 0.11s, validation: 0.01s, handshake: 0.18s)
[Licensing::IpcConnector] Successfully connected to: "LicenseClient-terrence-6000.4.5-notifications" at "2026-07-28T17:20:56.088637Z"
[Licensing::Module] Connected to LicensingClient (PId: 54126, launch time: 0.00, total connection time: 0.31s)
[Licensing::Module] Error: Access token is unavailable; failed to update
[Licensing::Client] Successfully resolved entitlement details
[Licensing::Module] License group:
  Id: 20067546315208-UnityPersXXXX
  Product: Unity Personal
  Type: Assigned
  Expiration: Unlimited
[Licensing::Client] Successfully updated license, isAsync: True, time: 0.00
[Licensing::Client] Successfully resolved entitlement details
[Licensing::Module] Licensing Background thread has ended after 0.53s
[Licensing::Module] Licensing is initialized (took 0.29s).
[Licensing::Client] Successfully resolved entitlement details
Library Redirect Path: Library/
[Physics::Module] Selected backend.
[Physics::Module] Name: PhysX
[Physics::Module] Id: 0xf2b8ea05
[Physics::Module] SDK Version: 4.1.2
[Physics::Module] Integration Version: 1.0.0
[Physics::Module] Threading Mode: Multi-Threaded
Artifact Garbage Collection - Removed 84 unused hashed content files
Initialize engine version: 6000.4.5f1 (cc83ebd631f8)
[Subsystems] Discovering subsystems at path /Applications/Unity/Hub/Editor/6000.4.5f1/Unity.app/Contents/Resources/UnitySubsystems
[Subsystems] Discovering subsystems at path /Volumes/T9(Samsung)/UnityProjects/BCAT_6000_4_TEST/Assets
GfxDevice: creating device client; kGfxThreadingModeNonThreaded
 preferred device: Apple M4 (high power)
Metal devices available: 1
0: Apple M4 (high power)
Using device Apple M4 (high power)
Initializing Metal device caps: Apple M4
Mac GPU Family: 2
Apple GPU Family: 9
MSL Version: 3.0
Has Float MSAA: 1
Has Float Filtering: 1
ReadWrite Texture Tier: 2
Initialize mono
Mono path[0] = '/Applications/Unity/Hub/Editor/6000.4.5f1/Unity.app/Contents/Resources/Scripting/Managed'
Mono path[1] = '/Applications/Unity/Hub/Editor/6000.4.5f1/Unity.app/Contents/Resources/Scripting/MonoBleedingEdge/lib/mono/unityjit-macos'
Mono config path = '/Applications/Unity/Hub/Editor/6000.4.5f1/Unity.app/Contents/Resources/Scripting/MonoBleedingEdge/etc'
Using monoOptions --debugger-agent=transport=dt_socket,embedding=1,server=y,suspend=n,address=127.0.0.1:56124
CodeReloadManager initialized
Using cacheserver namespaces - metadata:defaultmetadata, artifacts:defaultartifacts
Using cacheserver namespaces - metadata:defaultmetadata, artifacts:defaultartifacts
ImportWorker Server TCP listen port: 0
AcceleratorClientConnectionCallback - disconnected - :0
Begin MonoManager ReloadAssembly
Registering precompiled unity dll's ...
Register platform support module: /Applications/Unity/Hub/Editor/6000.4.5f1/PlaybackEngines/WebGLSupport/UnityEditor.WebGL.Extensions.dll
Register platform support module: /Applications/Unity/Hub/Editor/6000.4.5f1/Unity.app/Contents/PlaybackEngines/MacStandaloneSupport/UnityEditor.OSXStandalone.Extensions.dll
[Licensing::Client] Successfully resolved entitlement details
Register platform support module: /Applications/Unity/Hub/Editor/6000.4.5f1/PlaybackEngines/AndroidPlayer/UnityEditor.Android.Extensions.dll
Registered in 0.002391 seconds.
Native extension for Android target not found
Native extension for OSXStandalone target not found
Native extension for WebGL target not found
Package Manager log level set to [2]
ScheduleIndexationOnStartup MainProcess:False IndexOnStartup:True
Mono: successfully reloaded assembly
- Finished resetting the current domain, in  0.191 seconds
Domain Reload Profiling: 405ms
	BeginReloadAssembly (63ms)
		CreateAndSetChildDomain (8ms)
	RebuildCommonClasses (17ms)
	RebuildNativeTypeToScriptingClass (7ms)
	initialDomainReloadingComplete (23ms)
	LoadAllAssembliesAndSetupDomain (104ms)
		LoadAssemblies (55ms)
		AnalyzeDomain (99ms)
			TypeCache.Refresh (98ms)
				TypeCache.ScanAssembly (92ms)
	FinalizeReload (191ms)
		SetupLoadedEditorAssemblies (0ms)
			InitializePlatformSupportModulesInManaged (24ms)
			BeforeProcessingInitializeOnLoad (35ms)
			ProcessInitializeOnLoadAttributes (50ms)
			ProcessInitializeOnLoadMethodAttributes (50ms)
[Licensing::Client] Successfully resolved entitlement details
Application.AssetDatabase Initial Refresh Start
[Package Manager] Restoring resolved packages state from cache
[Licensing::Client] Successfully resolved entitlement details
[Package Manager] Registered 82 packages:
  Packages from [https://packages.unity.com]:
    com.unity.addressables@2.9.1 (location: /Volumes/T9(Samsung)/UnityProjects/BCAT_6000_4_TEST/Library/PackageCache/com.unity.addressables@8460f1c9c927)
    com.unity.ai.navigation@2.0.12 (location: /Volumes/T9(Samsung)/UnityProjects/BCAT_6000_4_TEST/Library/PackageCache/com.unity.ai.navigation@734c2c4c5591)
    com.unity.burst@1.8.29 (location: /Volumes/T9(Samsung)/UnityProjects/BCAT_6000_4_TEST/Library/PackageCache/com.unity.burst@6bb9aca3ef38)
    com.unity.cinemachine@3.1.6 (location: /Volumes/T9(Samsung)/UnityProjects/BCAT_6000_4_TEST/Library/PackageCache/com.unity.cinemachine@285f38545487)
    com.unity.collab-proxy@2.12.4 (location: /Volumes/T9(Samsung)/UnityProjects/BCAT_6000_4_TEST/Library/PackageCache/com.unity.collab-proxy@0b1559bcd34e)
    com.unity.connect.share@4.2.4 (location: /Volumes/T9(Samsung)/UnityProjects/BCAT_6000_4_TEST/Library/PackageCache/com.unity.connect.share@26544eac5181)
    com.unity.ide.rider@3.0.39 (location: /Volumes/T9(Samsung)/UnityProjects/BCAT_6000_4_TEST/Library/PackageCache/com.unity.ide.rider@4504839d03f7)
    com.unity.ide.visualstudio@2.0.27 (location: /Volumes/T9(Samsung)/UnityProjects/BCAT_6000_4_TEST/Library/PackageCache/com.unity.ide.visualstudio@dc1ddd4f09b6)
    com.unity.ide.vscode@1.2.5 (location: /Volumes/T9(Samsung)/UnityProjects/BCAT_6000_4_TEST/Library/PackageCache/com.unity.ide.vscode@82e68656b7bd)
    com.unity.inputsystem@1.19.0 (location: /Volumes/T9(Samsung)/UnityProjects/BCAT_6000_4_TEST/Library/PackageCache/com.unity.inputsystem@21a28c3a6c83)
    com.unity.mathematics@1.3.3 (location: /Volumes/T9(Samsung)/UnityProjects/BCAT_6000_4_TEST/Library/PackageCache/com.unity.mathematics@19a9377c4ffa)
    com.unity.nuget.mono-cecil@1.11.6 (location: /Volumes/T9(Samsung)/UnityProjects/BCAT_6000_4_TEST/Library/PackageCache/com.unity.nuget.mono-cecil@ecb9724e46ff)
    com.unity.package-validation-suite@0.22.0-preview (location: /Volumes/T9(Samsung)/UnityProjects/BCAT_6000_4_TEST/Library/PackageCache/com.unity.package-validation-suite@536239bd7458)
    com.unity.probuilder@6.0.9 (location: /Volumes/T9(Samsung)/UnityProjects/BCAT_6000_4_TEST/Library/PackageCache/com.unity.probuilder@1f279ab829b7)
    com.unity.searcher@4.9.4 (location: /Volumes/T9(Samsung)/UnityProjects/BCAT_6000_4_TEST/Library/PackageCache/com.unity.searcher@d45a78918735)
    com.unity.splines@2.8.4 (location: /Volumes/T9(Samsung)/UnityProjects/BCAT_6000_4_TEST/Library/PackageCache/com.unity.splines@9b00833aca09)
    com.unity.test-framework.performance@3.4.0 (location: /Volumes/T9(Samsung)/UnityProjects/BCAT_6000_4_TEST/Library/PackageCache/com.unity.test-framework.performance@aa81a99c4a75)
    com.unity.timeline@1.8.12 (location: /Volumes/T9(Samsung)/UnityProjects/BCAT_6000_4_TEST/Library/PackageCache/com.unity.timeline@8cd8509afae5)
    com.unity.visualscripting@1.9.11 (location: /Volumes/T9(Samsung)/UnityProjects/BCAT_6000_4_TEST/Library/PackageCache/com.unity.visualscripting@8bed5ad90189)
    com.unity.xr.interaction.toolkit@3.4.1 (location: /Volumes/T9(Samsung)/UnityProjects/BCAT_6000_4_TEST/Library/PackageCache/com.unity.xr.interaction.toolkit@4612b35e2aac)
    com.unity.xr.openxr@1.16.1 (location: /Volumes/T9(Samsung)/UnityProjects/BCAT_6000_4_TEST/Library/PackageCache/com.unity.xr.openxr@ef0033a586bf)
    com.unity.nuget.newtonsoft-json@3.2.2 (location: /Volumes/T9(Samsung)/UnityProjects/BCAT_6000_4_TEST/Library/PackageCache/com.unity.nuget.newtonsoft-json@4dfd81071c64)
    com.unity.xr.core-utils@2.6.0 (location: /Volumes/T9(Samsung)/UnityProjects/BCAT_6000_4_TEST/Library/PackageCache/com.unity.xr.core-utils@a8b900321199)
    com.unity.xr.management@4.5.2 (location: /Volumes/T9(Samsung)/UnityProjects/BCAT_6000_4_TEST/Library/PackageCache/com.unity.xr.management@f589c7ba49ff)
    com.unity.xr.legacyinputhelpers@3.0.1 (location: /Volumes/T9(Samsung)/UnityProjects/BCAT_6000_4_TEST/Library/PackageCache/com.unity.xr.legacyinputhelpers@3f62d634f63b)
    com.unity.settings-manager@2.1.1 (location: /Volumes/T9(Samsung)/UnityProjects/BCAT_6000_4_TEST/Library/PackageCache/com.unity.settings-manager@0b8638c5ce86)
    com.unity.editorcoroutines@1.1.0 (location: /Volumes/T9(Samsung)/UnityProjects/BCAT_6000_4_TEST/Library/PackageCache/com.unity.editorcoroutines@87a15ed012c2)
    com.unity.performance.profile-analyzer@1.3.4 (location: /Volumes/T9(Samsung)/UnityProjects/BCAT_6000_4_TEST/Library/PackageCache/com.unity.performance.profile-analyzer@418130329099)
    com.unity.testtools.codecoverage@1.3.0 (location: /Volumes/T9(Samsung)/UnityProjects/BCAT_6000_4_TEST/Library/PackageCache/com.unity.testtools.codecoverage@19a841221620)
    com.unity.profiling.core@1.0.3 (location: /Volumes/T9(Samsung)/UnityProjects/BCAT_6000_4_TEST/Library/PackageCache/com.unity.profiling.core@8a49f7027d06)
    com.unity.scriptablebuildpipeline@2.6.1 (location: /Volumes/T9(Samsung)/UnityProjects/BCAT_6000_4_TEST/Library/PackageCache/com.unity.scriptablebuildpipeline@36e3b5898ee2)
  Built-in packages:
    com.unity.2d.sprite@1.0.0 (location: /Volumes/T9(Samsung)/UnityProjects/BCAT_6000_4_TEST/Library/PackageCache/com.unity.2d.sprite@929df5adbb1f)
    com.unity.collections@6.4.0 (location: /Volumes/T9(Samsung)/UnityProjects/BCAT_6000_4_TEST/Library/PackageCache/com.unity.collections@9c2353fb96f6)
    com.unity.ext.nunit@2.0.5 (location: /Volumes/T9(Samsung)/UnityProjects/BCAT_6000_4_TEST/Library/PackageCache/com.unity.ext.nunit@d8c07649098d)
    com.unity.feature.development@1.0.2 (location: /Volumes/T9(Samsung)/UnityProjects/BCAT_6000_4_TEST/Library/PackageCache/com.unity.feature.development@767aadbc6eb7)
    com.unity.multiplayer.center@1.0.1 (location: /Volumes/T9(Samsung)/UnityProjects/BCAT_6000_4_TEST/Library/PackageCache/com.unity.multiplayer.center@f01f4ba8d00a)
    com.unity.render-pipelines.core@17.4.0 (location: /Volumes/T9(Samsung)/UnityProjects/BCAT_6000_4_TEST/Library/PackageCache/com.unity.render-pipelines.core@2269be549234)
    com.unity.render-pipelines.high-definition@17.4.0 (location: /Volumes/T9(Samsung)/UnityProjects/BCAT_6000_4_TEST/Library/PackageCache/com.unity.render-pipelines.high-definition@78906f9b8726)
    com.unity.render-pipelines.universal@17.4.0 (location: /Volumes/T9(Samsung)/UnityProjects/BCAT_6000_4_TEST/Library/PackageCache/com.unity.render-pipelines.universal@4d008a28541a)
    com.unity.shadergraph@17.4.0 (location: /Volumes/T9(Samsung)/UnityProjects/BCAT_6000_4_TEST/Library/PackageCache/com.unity.shadergraph@cd28a7c13031)
    com.unity.test-framework@1.6.0 (location: /Volumes/T9(Samsung)/UnityProjects/BCAT_6000_4_TEST/Library/PackageCache/com.unity.test-framework@76560ee600cb)
    com.unity.ugui@2.0.0 (location: /Volumes/T9(Samsung)/UnityProjects/BCAT_6000_4_TEST/Library/PackageCache/com.unity.ugui@d8a2716f3013)
    com.unity.modules.accessibility@1.0.0 (location: /Volumes/T9(Samsung)/UnityProjects/BCAT_6000_4_TEST/Library/PackageCache/com.unity.modules.accessibility)
    com.unity.modules.adaptiveperformance@1.0.0 (location: /Volumes/T9(Samsung)/UnityProjects/BCAT_6000_4_TEST/Library/PackageCache/com.unity.modules.adaptiveperformance)
    com.unity.modules.ai@1.0.0 (location: /Volumes/T9(Samsung)/UnityProjects/BCAT_6000_4_TEST/Library/PackageCache/com.unity.modules.ai)
    com.unity.modules.androidjni@1.0.0 (location: /Volumes/T9(Samsung)/UnityProjects/BCAT_6000_4_TEST/Library/PackageCache/com.unity.modules.androidjni)
    com.unity.modules.animation@1.0.0 (location: /Volumes/T9(Samsung)/UnityProjects/BCAT_6000_4_TEST/Library/PackageCache/com.unity.modules.animation)
    com.unity.modules.assetbundle@1.0.0 (location: /Volumes/T9(Samsung)/UnityProjects/BCAT_6000_4_TEST/Library/PackageCache/com.unity.modules.assetbundle)
    com.unity.modules.audio@1.0.0 (location: /Volumes/T9(Samsung)/UnityProjects/BCAT_6000_4_TEST/Library/PackageCache/com.unity.modules.audio)
    com.unity.modules.cloth@1.0.0 (location: /Volumes/T9(Samsung)/UnityProjects/BCAT_6000_4_TEST/Library/PackageCache/com.unity.modules.cloth)
    com.unity.modules.director@1.0.0 (location: /Volumes/T9(Samsung)/UnityProjects/BCAT_6000_4_TEST/Library/PackageCache/com.unity.modules.director)
    com.unity.modules.hierarchycore@1.0.0 (location: /Volumes/T9(Samsung)/UnityProjects/BCAT_6000_4_TEST/Library/PackageCache/com.unity.modules.hierarchycore)
    com.unity.modules.imageconversion@1.0.0 (location: /Volumes/T9(Samsung)/UnityProjects/BCAT_6000_4_TEST/Library/PackageCache/com.unity.modules.imageconversion)
    com.unity.modules.imgui@1.0.0 (location: /Volumes/T9(Samsung)/UnityProjects/BCAT_6000_4_TEST/Library/PackageCache/com.unity.modules.imgui)
    com.unity.modules.jsonserialize@1.0.0 (location: /Volumes/T9(Samsung)/UnityProjects/BCAT_6000_4_TEST/Library/PackageCache/com.unity.modules.jsonserialize)
    com.unity.modules.particlesystem@1.0.0 (location: /Volumes/T9(Samsung)/UnityProjects/BCAT_6000_4_TEST/Library/PackageCache/com.unity.modules.particlesystem)
    com.unity.modules.physics@1.0.0 (location: /Volumes/T9(Samsung)/UnityProjects/BCAT_6000_4_TEST/Library/PackageCache/com.unity.modules.physics)
    com.unity.modules.physics2d@1.0.0 (location: /Volumes/T9(Samsung)/UnityProjects/BCAT_6000_4_TEST/Library/PackageCache/com.unity.modules.physics2d)
    com.unity.modules.screencapture@1.0.0 (location: /Volumes/T9(Samsung)/UnityProjects/BCAT_6000_4_TEST/Library/PackageCache/com.unity.modules.screencapture)
    com.unity.modules.subsystems@1.0.0 (location: /Volumes/T9(Samsung)/UnityProjects/BCAT_6000_4_TEST/Library/PackageCache/com.unity.modules.subsystems)
    com.unity.modules.terrain@1.0.0 (location: /Volumes/T9(Samsung)/UnityProjects/BCAT_6000_4_TEST/Library/PackageCache/com.unity.modules.terrain)
    com.unity.modules.terrainphysics@1.0.0 (location: /Volumes/T9(Samsung)/UnityProjects/BCAT_6000_4_TEST/Library/PackageCache/com.unity.modules.terrainphysics)
    com.unity.modules.tilemap@1.0.0 (location: /Volumes/T9(Samsung)/UnityProjects/BCAT_6000_4_TEST/Library/PackageCache/com.unity.modules.tilemap)
    com.unity.modules.ui@1.0.0 (location: /Volumes/T9(Samsung)/UnityProjects/BCAT_6000_4_TEST/Library/PackageCache/com.unity.modules.ui)
    com.unity.modules.uielements@1.0.0 (location: /Volumes/T9(Samsung)/UnityProjects/BCAT_6000_4_TEST/Library/PackageCache/com.unity.modules.uielements)
    com.unity.modules.umbra@1.0.0 (location: /Volumes/T9(Samsung)/UnityProjects/BCAT_6000_4_TEST/Library/PackageCache/com.unity.modules.umbra)
    com.unity.modules.unityanalytics@1.0.0 (location: /Volumes/T9(Samsung)/UnityProjects/BCAT_6000_4_TEST/Library/PackageCache/com.unity.modules.unityanalytics)
    com.unity.modules.unitywebrequest@1.0.0 (location: /Volumes/T9(Samsung)/UnityProjects/BCAT_6000_4_TEST/Library/PackageCache/com.unity.modules.unitywebrequest)
    com.unity.modules.unitywebrequestassetbundle@1.0.0 (location: /Volumes/T9(Samsung)/UnityProjects/BCAT_6000_4_TEST/Library/PackageCache/com.unity.modules.unitywebrequestassetbundle)
    com.unity.modules.unitywebrequestaudio@1.0.0 (location: /Volumes/T9(Samsung)/UnityProjects/BCAT_6000_4_TEST/Library/PackageCache/com.unity.modules.unitywebrequestaudio)
    com.unity.modules.unitywebrequesttexture@1.0.0 (location: /Volumes/T9(Samsung)/UnityProjects/BCAT_6000_4_TEST/Library/PackageCache/com.unity.modules.unitywebrequesttexture)
    com.unity.modules.unitywebrequestwww@1.0.0 (location: /Volumes/T9(Samsung)/UnityProjects/BCAT_6000_4_TEST/Library/PackageCache/com.unity.modules.unitywebrequestwww)
    com.unity.modules.vectorgraphics@1.0.0 (location: /Volumes/T9(Samsung)/UnityProjects/BCAT_6000_4_TEST/Library/PackageCache/com.unity.modules.vectorgraphics)
    com.unity.modules.vehicles@1.0.0 (location: /Volumes/T9(Samsung)/UnityProjects/BCAT_6000_4_TEST/Library/PackageCache/com.unity.modules.vehicles)
    com.unity.modules.video@1.0.0 (location: /Volumes/T9(Samsung)/UnityProjects/BCAT_6000_4_TEST/Library/PackageCache/com.unity.modules.video)
    com.unity.modules.vr@1.0.0 (location: /Volumes/T9(Samsung)/UnityProjects/BCAT_6000_4_TEST/Library/PackageCache/com.unity.modules.vr)
    com.unity.modules.wind@1.0.0 (location: /Volumes/T9(Samsung)/UnityProjects/BCAT_6000_4_TEST/Library/PackageCache/com.unity.modules.wind)
    com.unity.modules.xr@1.0.0 (location: /Volumes/T9(Samsung)/UnityProjects/BCAT_6000_4_TEST/Library/PackageCache/com.unity.modules.xr)
    com.unity.render-pipelines.universal-config@17.4.0 (location: /Volumes/T9(Samsung)/UnityProjects/BCAT_6000_4_TEST/Library/PackageCache/com.unity.render-pipelines.universal-config@0db4263b9e6b)
    com.unity.visualeffectgraph@17.4.0 (location: /Volumes/T9(Samsung)/UnityProjects/BCAT_6000_4_TEST/Library/PackageCache/com.unity.visualeffectgraph@e00a147af410)
    com.unity.render-pipelines.high-definition-config@17.4.0 (location: /Volumes/T9(Samsung)/UnityProjects/BCAT_6000_4_TEST/Library/PackageCache/com.unity.render-pipelines.high-definition-config@f2a20abb2a1c)
  Embedded packages:
    org.khronos.unitygltf@file:/Volumes/T9(Samsung)/UnityProjects/BCAT_6000_4_TEST/Packages/org.khronos.unitygltf (location: /Volumes/T9(Samsung)/UnityProjects/BCAT_6000_4_TEST/Packages/org.khronos.unitygltf)
[Package Manager] com.unity.ide.vscode is deprecated: Visual Studio Code package is not supported anymore. You can continue to use it, but we won't provide any update anymore.
[Subsystems] Looking for new subsystems at path /Volumes/T9(Samsung)/UnityProjects/BCAT_6000_4_TEST/Library/PackageCache/com.unity.xr.openxr@ef0033a586bf
[Subsystems] Novel subsystem found at Library/PackageCache/com.unity.xr.openxr@ef0033a586bf/Runtime/UnitySubsystemsManifest.json
[Subsystems] Discovering subsystems at path /Applications/Unity/Hub/Editor/6000.4.5f1/Unity.app/Contents/Resources/UnitySubsystems
[Subsystems] Discovering subsystems at path /Volumes/T9(Samsung)/UnityProjects/BCAT_6000_4_TEST/Assets
[Subsystems] Discovering subsystems at path /Volumes/T9(Samsung)/UnityProjects/BCAT_6000_4_TEST/Library/PackageCache/com.unity.xr.openxr@ef0033a586bf
[Subsystems] No descriptors matched for  examples in Library/PackageCache/com.unity.xr.openxr@ef0033a586bf/Runtime/UnitySubsystemsManifest.json.
[Subsystems] 1 'inputs' descriptors matched in Library/PackageCache/com.unity.xr.openxr@ef0033a586bf/Runtime/UnitySubsystemsManifest.json
[Subsystems] 1 'displays' descriptors matched in Library/PackageCache/com.unity.xr.openxr@ef0033a586bf/Runtime/UnitySubsystemsManifest.json
[Subsystems] No descriptors matched for  meshings in Library/PackageCache/com.unity.xr.openxr@ef0033a586bf/Runtime/UnitySubsystemsManifest.json.
[Package Manager] Done registering packages in 0.01 seconds
[ScriptCompilation] Requested script compilation because: AssetDatabase observed changes in script compilation related files
Duplicate assembly 'log4net.dll' with different versions detected, using 'Packages/com.unity.package-validation-suite/Lib/Editor/log4net.dll, AssemblyName=log4net, Version=2.0.8.0, Culture=neutral, PublicKeyToken=669e0ddf0bb1aa2a' and ignoring 'Packages/com.unity.collab-proxy/Lib/Editor/log4netPlastic.dll, AssemblyName=log4net, Version=1.2.15.0, Culture=neutral, PublicKeyToken=669e0ddf0bb1aa2a'.info: Microsoft.Hosting.Lifetime[14]
      Now listening on: http://unix:/tmp/ilpp.sock-c5847fb02bd37bbd46af5c68829afaad
info: Microsoft.Hosting.Lifetime[0]
      Application started. Press Ctrl+C to shut down.
info: Microsoft.Hosting.Lifetime[0]
      Hosting environment: Production
info: Microsoft.Hosting.Lifetime[0]
      Content root path: /Volumes/T9(Samsung)/UnityProjects/BCAT_6000_4_TEST
info: Microsoft.AspNetCore.Hosting.Diagnostics[1]
      Request starting HTTP/2 POST http://ilpp/UnityILPP.PostProcessing/Ping - application/grpc -
info: Microsoft.AspNetCore.Routing.EndpointMiddleware[0]
      Executing endpoint 'gRPC - /UnityILPP.PostProcessing/Ping'
info: Microsoft.AspNetCore.Routing.EndpointMiddleware[1]
      Executed endpoint 'gRPC - /UnityILPP.PostProcessing/Ping'
info: Microsoft.AspNetCore.Hosting.Diagnostics[2]
      Request finished HTTP/2 POST http://ilpp/UnityILPP.PostProcessing/Ping - 200 - application/grpc 19.5469ms
Starting: /Applications/Unity/Hub/Editor/6000.4.5f1/Unity.app/Contents/Resources/BuildPipeline/bee_backend --ipc --defer-dag-verification --dagfile="Library/Bee/2000b0aE.dag" --continue-on-failure --profile="Library/Bee/backend1.traceevents" ScriptAssemblies
WorkingDir: /Volumes/T9(Samsung)/UnityProjects/BCAT_6000_4_TEST
Duplicate assembly 'log4net.dll' with different versions detected, using 'Packages/com.unity.package-validation-suite/Lib/Editor/log4net.dll, AssemblyName=log4net, Version=2.0.8.0, Culture=neutral, PublicKeyToken=669e0ddf0bb1aa2a' and ignoring 'Packages/com.unity.collab-proxy/Lib/Editor/log4netPlastic.dll, AssemblyName=log4net, Version=1.2.15.0, Culture=neutral, PublicKeyToken=669e0ddf0bb1aa2a'.DisplayProgressbar: Compiling Scripts
info: Microsoft.AspNetCore.Hosting.Diagnostics[1]
      Request starting HTTP/2 POST http://ilpp/UnityILPP.PostProcessing/ConfigurePostProcessors - application/grpc -
info: Microsoft.AspNetCore.Routing.EndpointMiddleware[0]
      Executing endpoint 'gRPC - /UnityILPP.PostProcessing/ConfigurePostProcessors'
warn: Unity.ILPP.Runner.PostProcessingAssemblyLoadContext[0]
      Assembly system.runtime.interopservices.windowsruntime has duplicate hint path. Ignoring "/Applications/Unity/Hub/Editor/6000.4.5f1/Unity.app/Contents/Resources/Scripting/UnityReferenceAssemblies/unity-4.8-api/Facades/System.Runtime.InteropServices.WindowsRuntime.dll" in favor of "/Applications/Unity/Hub/Editor/6000.4.5f1/Unity.app/Contents/Resources/Scripting/NetStandard/Extensions/2.0.0/System.Runtime.InteropServices.WindowsRuntime.dll"
warn: Unity.ILPP.Runner.PostProcessingAssemblyLoadContext[0]
      Assembly system.componentmodel.composition has duplicate hint path. Ignoring "/Applications/Unity/Hub/Editor/6000.4.5f1/Unity.app/Contents/Resources/Scripting/UnityReferenceAssemblies/unity-4.8-api/System.ComponentModel.Composition.dll" in favor of "/Applications/Unity/Hub/Editor/6000.4.5f1/Unity.app/Contents/Resources/Scripting/NetStandard/compat/2.1.0/shims/netfx/System.ComponentModel.Composition.dll"
info: Unity.ILPP.Runner.PostProcessingAssemblyLoadContext[0]
      Resolved Unity.Burst.Cecil, Version=0.11.6.0, Culture=neutral, PublicKeyToken=50cebf1cceb9d05e with Library/PackageCache/com.unity.burst@6bb9aca3ef38/Unity.Burst.CodeGen/Unity.Burst.Cecil.dll
info: Unity.ILPP.Runner.PostProcessingAssemblyLoadContext[0]
      Resolved Mono.Cecil, Version=0.11.5.0, Culture=neutral, PublicKeyToken=50cebf1cceb9d05e with Library/PackageCache/com.unity.nuget.mono-cecil@ecb9724e46ff/Mono.Cecil.dll
info: Microsoft.AspNetCore.Routing.EndpointMiddleware[1]
      Executed endpoint 'gRPC - /UnityILPP.PostProcessing/ConfigurePostProcessors'
info: Microsoft.AspNetCore.Hosting.Diagnostics[2]
      Request finished HTTP/2 POST http://ilpp/UnityILPP.PostProcessing/ConfigurePostProcessors - 200 - application/grpc 14.9867ms
info: Microsoft.AspNetCore.Hosting.Diagnostics[1]
      Request starting HTTP/2 POST http://ilpp/UnityILPP.PostProcessing/PostProcessAssembly - application/grpc -
info: Microsoft.AspNetCore.Routing.EndpointMiddleware[0]
      Executing endpoint 'gRPC - /UnityILPP.PostProcessing/PostProcessAssembly'
info: Unity.ILPP.Runner.PostProcessingPipeline[0]
      Processing assembly Library/Bee/artifacts/2000b0aE.dag/Assembly-CSharp-Editor.dll, with 114 defines and 415 references
info: Unity.ILPP.Runner.PostProcessingPipeline[0]
      processors: Unity.Jobs.CodeGen.JobsILPostProcessor, zzzUnity.Burst.CodeGen.BurstILPostProcessor
info: Unity.ILPP.Runner.PostProcessingPipeline[0]
      running Unity.Jobs.CodeGen.JobsILPostProcessor
info: Unity.ILPP.Runner.PostProcessingAssemblyLoadContext[0]
      Resolved Unity.Collections, Version=0.0.0.0, Culture=neutral, PublicKeyToken=null with Library/Bee/artifacts/2000b0aE.dag/Unity.Collections.dll
info: Unity.ILPP.Runner.PostProcessingAssemblyLoadContext[0]
      Resolved UnityEditor.CoreModule, Version=0.0.0.0, Culture=neutral, PublicKeyToken=null with /Applications/Unity/Hub/Editor/6000.4.5f1/Unity.app/Contents/Resources/Scripting/Managed/UnityEngine/UnityEditor.CoreModule.dll
info: Unity.ILPP.Runner.PostProcessingAssemblyLoadContext[0]
      Resolved UnityEngine.CoreModule, Version=0.0.0.0, Culture=neutral, PublicKeyToken=null with /Applications/Unity/Hub/Editor/6000.4.5f1/Unity.app/Contents/Resources/Scripting/Managed/UnityEngine/UnityEngine.CoreModule.dll
info: Unity.ILPP.Runner.PostProcessingPipeline[0]
      running zzzUnity.Burst.CodeGen.BurstILPostProcessor
info: Unity.ILPP.Runner.PostProcessingAssemblyLoadContext[0]
      Resolved Unity.Burst.Cecil.Rocks, Version=0.11.6.0, Culture=neutral, PublicKeyToken=50cebf1cceb9d05e with Library/PackageCache/com.unity.burst@6bb9aca3ef38/Unity.Burst.CodeGen/Unity.Burst.Cecil.Rocks.dll
info: Microsoft.AspNetCore.Routing.EndpointMiddleware[1]
      Executed endpoint 'gRPC - /UnityILPP.PostProcessing/PostProcessAssembly'
info: Microsoft.AspNetCore.Hosting.Diagnostics[2]
      Request finished HTTP/2 POST http://ilpp/UnityILPP.PostProcessing/PostProcessAssembly - 200 - application/grpc 196.4982ms
ExitCode: 0 Duration: 2s798ms
[1124/1600  0s] ILPP-Configuration Library/ilpp-configuration.nevergeneratedoutput
[1596/1600  2s] Csc Library/Bee/artifacts/2000b0aE.dag/Assembly-CSharp-Editor.dll (+2 others)
Assets/BCaT/Exhibits/BlackKitchen/Editor/BlackKitchenExperienceBuilder.cs(69,55): warning CS0618: 'Object.FindFirstObjectByType<T>()' is obsolete: 'FindFirstObjectByType has been deprecated because it relies on instance ID ordering. Use FindAnyObjectByType instead, which does not depend on ordering.'
Assets/BCaT/Exhibits/BlackKitchen/Editor/BlackKitchenExperienceBuilder.cs(391,9): warning CS0618: 'TMP_Text.enableWordWrapping' is obsolete: 'The enabledWordWrapping property is now obsolete. Please use the textWrappingMode property instead.'
Assets/BCaT/Exhibits/PrivacyLawExhibit/Editor/PrivacyLawExhibitSceneBuilder.cs(342,13): warning CS0618: 'Object.FindFirstObjectByType<T>()' is obsolete: 'FindFirstObjectByType has been deprecated because it relies on instance ID ordering. Use FindAnyObjectByType instead, which does not depend on ordering.'
Assets/BCaT_assets/LindaLeaks/Scripts/Editor/LindaLeaksPhase2Builder.cs(511,9): warning CS0618: 'TMP_Text.enableWordWrapping' is obsolete: 'The enabledWordWrapping property is now obsolete. Please use the textWrappingMode property instead.'
Assets/BCaT/Exhibits/BlackKitchen/Editor/BlackKitchenAudioStationBuilder.cs(147,142): warning CS0618: 'FindObjectsSortMode' is obsolete: 'FindObjectsSortMode has been deprecated. Use the FindObjectsByType overloads that do not take a FindObjectsSortMode parameter.'
Assets/BCaT/Exhibits/BlackKitchen/Editor/BlackKitchenAudioStationBuilder.cs(147,57): warning CS0618: 'Object.FindObjectsByType<T>(FindObjectsInactive, FindObjectsSortMode)' is obsolete: 'FindObjectsByType with FindObjectsSortMode parameter has been deprecated. Use FindObjectsByType<T>() or FindObjectsByType<T>(FindObjectsInactive) instead. InstanceID will be replaced in the future with EntityId and previous sort order cannot be maintained.'
Assets/BCaT/Exhibits/BlackKitchen/Editor/BlackKitchenAudioPlayModeValidation.cs(124,92): warning CS0618: 'FindObjectsSortMode' is obsolete: 'FindObjectsSortMode has been deprecated. Use the FindObjectsByType overloads that do not take a FindObjectsSortMode parameter.'
Assets/BCaT/Exhibits/BlackKitchen/Editor/BlackKitchenAudioPlayModeValidation.cs(124,24): warning CS0618: 'Object.FindObjectsByType<T>(FindObjectsSortMode)' is obsolete: 'FindObjectsByType with FindObjectsSortMode parameter has been deprecated. Use FindObjectsByType<T>() or FindObjectsByType<T>(FindObjectsInactive) instead. InstanceID will be replaced in the future with EntityId and previous sort order cannot be maintained.'
Assets/Editor/MeshellInteractionDiagnostic.cs(160,94): warning CS0618: 'FindObjectsSortMode' is obsolete: 'FindObjectsSortMode has been deprecated. Use the FindObjectsByType overloads that do not take a FindObjectsSortMode parameter.'
Assets/Editor/MeshellInteractionDiagnostic.cs(160,32): warning CS0618: 'Object.FindObjectsByType<T>(FindObjectsInactive, FindObjectsSortMode)' is obsolete: 'FindObjectsByType with FindObjectsSortMode parameter has been deprecated. Use FindObjectsByType<T>() or FindObjectsByType<T>(FindObjectsInactive) instead. InstanceID will be replaced in the future with EntityId and previous sort order cannot be maintained.'
Assets/Editor/MeshellInteractionDiagnostic.cs(169,113): warning CS0618: 'FindObjectsSortMode' is obsolete: 'FindObjectsSortMode has been deprecated. Use the FindObjectsByType overloads that do not take a FindObjectsSortMode parameter.'
Assets/Editor/MeshellInteractionDiagnostic.cs(169,41): warning CS0618: 'Object.FindObjectsByType<T>(FindObjectsInactive, FindObjectsSortMode)' is obsolete: 'FindObjectsByType with FindObjectsSortMode parameter has been deprecated. Use FindObjectsByType<T>() or FindObjectsByType<T>(FindObjectsInactive) instead. InstanceID will be replaced in the future with EntityId and previous sort order cannot be maintained.'
Assets/Editor/MeshellInteractionDiagnostic.cs(171,115): warning CS0618: 'FindObjectsSortMode' is obsolete: 'FindObjectsSortMode has been deprecated. Use the FindObjectsByType overloads that do not take a FindObjectsSortMode parameter.'
Assets/Editor/MeshellInteractionDiagnostic.cs(171,42): warning CS0618: 'Object.FindObjectsByType<T>(FindObjectsInactive, FindObjectsSortMode)' is obsolete: 'FindObjectsByType with FindObjectsSortMode parameter has been deprecated. Use FindObjectsByType<T>() or FindObjectsByType<T>(FindObjectsInactive) instead. InstanceID will be replaced in the future with EntityId and previous sort order cannot be maintained.'
Assets/Editor/MeshellInteractionDiagnostic.cs(255,98): warning CS0618: 'FindObjectsSortMode' is obsolete: 'FindObjectsSortMode has been deprecated. Use the FindObjectsByType overloads that do not take a FindObjectsSortMode parameter.'
Assets/Editor/MeshellInteractionDiagnostic.cs(255,33): warning CS0618: 'Object.FindObjectsByType<T>(FindObjectsInactive, FindObjectsSortMode)' is obsolete: 'FindObjectsByType with FindObjectsSortMode parameter has been deprecated. Use FindObjectsByType<T>() or FindObjectsByType<T>(FindObjectsInactive) instead. InstanceID will be replaced in the future with EntityId and previous sort order cannot be maintained.'
[1597/1600  0s] ILPostProcess Library/Bee/artifacts/2000b0aE.dag/post-processed/Assembly-CSharp-Editor.dll (+pdb)
Processing assembly Library/Bee/artifacts/2000b0aE.dag/Assembly-CSharp-Editor.dll, with 114 defines and 415 references
processors: Unity.Jobs.CodeGen.JobsILPostProcessor, zzzUnity.Burst.CodeGen.BurstILPostProcessor
running Unity.Jobs.CodeGen.JobsILPostProcessor
running zzzUnity.Burst.CodeGen.BurstILPostProcessor
[1598/1600  0s] CopyFiles Library/ScriptAssemblies/Assembly-CSharp-Editor.dll
[1599/1600  0s] CopyFiles Library/ScriptAssemblies/Assembly-CSharp-Editor.pdb
*** Tundra build success (2.78 seconds), 5 items updated, 1600 evaluated
Assets/BCaT/Exhibits/BlackKitchen/Editor/BlackKitchenExperienceBuilder.cs(69,55): warning CS0618: 'Object.FindFirstObjectByType<T>()' is obsolete: 'FindFirstObjectByType has been deprecated because it relies on instance ID ordering. Use FindAnyObjectByType instead, which does not depend on ordering.'
Assets/BCaT/Exhibits/BlackKitchen/Editor/BlackKitchenExperienceBuilder.cs(391,9): warning CS0618: 'TMP_Text.enableWordWrapping' is obsolete: 'The enabledWordWrapping property is now obsolete. Please use the textWrappingMode property instead.'
Assets/BCaT/Exhibits/PrivacyLawExhibit/Editor/PrivacyLawExhibitSceneBuilder.cs(342,13): warning CS0618: 'Object.FindFirstObjectByType<T>()' is obsolete: 'FindFirstObjectByType has been deprecated because it relies on instance ID ordering. Use FindAnyObjectByType instead, which does not depend on ordering.'
Assets/BCaT_assets/LindaLeaks/Scripts/Editor/LindaLeaksPhase2Builder.cs(511,9): warning CS0618: 'TMP_Text.enableWordWrapping' is obsolete: 'The enabledWordWrapping property is now obsolete. Please use the textWrappingMode property instead.'
Assets/BCaT/Exhibits/BlackKitchen/Editor/BlackKitchenAudioStationBuilder.cs(147,142): warning CS0618: 'FindObjectsSortMode' is obsolete: 'FindObjectsSortMode has been deprecated. Use the FindObjectsByType overloads that do not take a FindObjectsSortMode parameter.'
Assets/BCaT/Exhibits/BlackKitchen/Editor/BlackKitchenAudioStationBuilder.cs(147,57): warning CS0618: 'Object.FindObjectsByType<T>(FindObjectsInactive, FindObjectsSortMode)' is obsolete: 'FindObjectsByType with FindObjectsSortMode parameter has been deprecated. Use FindObjectsByType<T>() or FindObjectsByType<T>(FindObjectsInactive) instead. InstanceID will be replaced in the future with EntityId and previous sort order cannot be maintained.'
Assets/BCaT/Exhibits/BlackKitchen/Editor/BlackKitchenAudioPlayModeValidation.cs(124,92): warning CS0618: 'FindObjectsSortMode' is obsolete: 'FindObjectsSortMode has been deprecated. Use the FindObjectsByType overloads that do not take a FindObjectsSortMode parameter.'
Assets/BCaT/Exhibits/BlackKitchen/Editor/BlackKitchenAudioPlayModeValidation.cs(124,24): warning CS0618: 'Object.FindObjectsByType<T>(FindObjectsSortMode)' is obsolete: 'FindObjectsByType with FindObjectsSortMode parameter has been deprecated. Use FindObjectsByType<T>() or FindObjectsByType<T>(FindObjectsInactive) instead. InstanceID will be replaced in the future with EntityId and previous sort order cannot be maintained.'
Assets/Editor/MeshellInteractionDiagnostic.cs(160,94): warning CS0618: 'FindObjectsSortMode' is obsolete: 'FindObjectsSortMode has been deprecated. Use the FindObjectsByType overloads that do not take a FindObjectsSortMode parameter.'
Assets/Editor/MeshellInteractionDiagnostic.cs(160,32): warning CS0618: 'Object.FindObjectsByType<T>(FindObjectsInactive, FindObjectsSortMode)' is obsolete: 'FindObjectsByType with FindObjectsSortMode parameter has been deprecated. Use FindObjectsByType<T>() or FindObjectsByType<T>(FindObjectsInactive) instead. InstanceID will be replaced in the future with EntityId and previous sort order cannot be maintained.'
Assets/Editor/MeshellInteractionDiagnostic.cs(169,113): warning CS0618: 'FindObjectsSortMode' is obsolete: 'FindObjectsSortMode has been deprecated. Use the FindObjectsByType overloads that do not take a FindObjectsSortMode parameter.'
Assets/Editor/MeshellInteractionDiagnostic.cs(169,41): warning CS0618: 'Object.FindObjectsByType<T>(FindObjectsInactive, FindObjectsSortMode)' is obsolete: 'FindObjectsByType with FindObjectsSortMode parameter has been deprecated. Use FindObjectsByType<T>() or FindObjectsByType<T>(FindObjectsInactive) instead. InstanceID will be replaced in the future with EntityId and previous sort order cannot be maintained.'
Assets/Editor/MeshellInteractionDiagnostic.cs(171,115): warning CS0618: 'FindObjectsSortMode' is obsolete: 'FindObjectsSortMode has been deprecated. Use the FindObjectsByType overloads that do not take a FindObjectsSortMode parameter.'
Assets/Editor/MeshellInteractionDiagnostic.cs(171,42): warning CS0618: 'Object.FindObjectsByType<T>(FindObjectsInactive, FindObjectsSortMode)' is obsolete: 'FindObjectsByType with FindObjectsSortMode parameter has been deprecated. Use FindObjectsByType<T>() or FindObjectsByType<T>(FindObjectsInactive) instead. InstanceID will be replaced in the future with EntityId and previous sort order cannot be maintained.'
Assets/Editor/MeshellInteractionDiagnostic.cs(255,98): warning CS0618: 'FindObjectsSortMode' is obsolete: 'FindObjectsSortMode has been deprecated. Use the FindObjectsByType overloads that do not take a FindObjectsSortMode parameter.'
Assets/Editor/MeshellInteractionDiagnostic.cs(255,33): warning CS0618: 'Object.FindObjectsByType<T>(FindObjectsInactive, FindObjectsSortMode)' is obsolete: 'FindObjectsByType with FindObjectsSortMode parameter has been deprecated. Use FindObjectsByType<T>() or FindObjectsByType<T>(FindObjectsInactive) instead. InstanceID will be replaced in the future with EntityId and previous sort order cannot be maintained.'
Exhibits/BlackKitchen/Editor/BlackKitchenExperienceBuilder.cs(391,9): warning CS0618: 'TMP_Text.enableWordWrapping' is obsolete: 'The enabledWordWrapping property is now obsolete. Please use the textWrappingMode property instead.'
Assets/BCaT/Exhibits/PrivacyLawExhibit/Editor/PrivacyLawExhibitSceneBuilder.cs(342,13): warning CS0618: 'Object.FindFirstObjectByType<T>()' is obsolete: 'FindFirstObjectByType has been deprecated because it relies on instance ID ordering. Use FindAnyObjectByType instead, which does not depend on ordering.'
Assets/BCaT_assets/LindaLeaks/Scripts/Editor/LindaLeaksPhase2Builder.cs(511,9): warning CS0618: 'TMP_Text.enableWordWrapping' is obsolete: 'The enabledWordWrapping property is now obsolete. Please use the textWrappingMode property instead.'
Assets/BCaT/Exhibits/BlackKitchen/Editor/BlackKitchenAudioStationBuilder.cs(147,142): warning CS0618: 'FindObjectsSortMode' is obsolete: 'FindObjectsSortMode has been deprecated. Use the FindObjectsByType overloads that do not take a FindObjectsSortMode parameter.'
Assets/BCaT/Exhibits/BlackKitchen/Editor/BlackKitchenAudioStationBuilder.cs(147,57): warning CS0618: 'Object.FindObjectsByType<T>(FindObjectsInactive, FindObjectsSortMode)' is obsolete: 'FindObjectsByType with FindObjectsSortMode parameter has been deprecated. Use FindObjectsByType<T>() or FindObjectsByType<T>(FindObjectsInactive) instead. InstanceID will be replaced in the future with EntityId and previous sort order cannot be maintained.'
Assets/BCaT/Exhibits/BlackKitchen/Editor/BlackKitchenAudioPlayModeValidation.cs(124,92): warning CS0618: 'FindObjectsSortMode' is obsolete: 'FindObjectsSortMode has been deprecated. Use the FindObjectsByType overloads that do not take a FindObjectsSortMode parameter.'
Assets/BCaT/Exhibits/BlackKitchen/Editor/BlackKitchenAudioPlayModeValidation.cs(124,24): warning CS0618: 'Object.FindObjectsByType<T>(FindObjectsSortMode)' is obsolete: 'FindObjectsByType with FindObjectsSortMode parameter has been deprecated. Use FindObjectsByType<T>() or FindObjectsByType<T>(FindObjectsInactive) instead. InstanceID will be replaced in the future with EntityId and previous sort order cannot be maintained.'
Assets/Editor/MeshellInteractionDiagnostic.cs(160,94): warning CS0618: 'FindObjectsSortMode' is obsolete: 'FindObjectsSortMode has been deprecated. Use the FindObjectsByType overloads that do not take a FindObjectsSortMode parameter.'
Assets/Editor/MeshellInteractionDiagnostic.cs(160,32): warning CS0618: 'Object.FindObjectsByType<T>(FindObjectsInactive, FindObjectsSortMode)' is obsolete: 'FindObjectsByType with FindObjectsSortMode parameter has been deprecated. Use FindObjectsByType<T>() or FindObjectsByType<T>(FindObjectsInactive) instead. InstanceID will be replaced in the future with EntityId and previous sort order cannot be maintained.'
Assets/Editor/MeshellInteractionDiagnostic.cs(169,113): warning CS0618: 'FindObjectsSortMode' is obsolete: 'FindObjectsSortMode has been deprecated. Use the FindObjectsByType overloads that do not take a FindObjectsSortMode parameter.'
Assets/Editor/MeshellInteractionDiagnostic.cs(169,41): warning CS0618: 'Object.FindObjectsByType<T>(FindObjectsInactive, FindObjectsSortMode)' is obsolete: 'FindObjectsByType with FindObjectsSortMode parameter has been deprecated. Use FindObjectsByType<T>() or FindObjectsByType<T>(FindObjectsInactive) instead. InstanceID will be replaced in the future with EntityId and previous sort order cannot be maintained.'
Assets/Editor/MeshellInteractionDiagnostic.cs(171,115): warning CS0618: 'FindObjectsSortMode' is obsolete: 'FindObjectsSortMode has been deprecated. Use the FindObjectsByType overloads that do not take a FindObjectsSortMode parameter.'
Assets/Editor/MeshellInteractionDiagnostic.cs(171,42): warning CS0618: 'Object.FindObjectsByType<T>(FindObjectsInactive, FindObjectsSortMode)' is obsolete: 'FindObjectsByType with FindObjectsSortMode parameter has been deprecated. Use FindObjectsByType<T>() or FindObjectsByType<T>(FindObjectsInactive) instead. InstanceID will be replaced in the future with EntityId and previous sort order cannot be maintained.'
Assets/Editor/MeshellInteractionDiagnostic.cs(255,98): warning CS0618: 'FindObjectsSortMode' is obsolete: 'FindObjectsSortMode has been deprecated. Use the FindObjectsByType overloads that do not take a FindObjectsSortMode parameter.'
Assets/Editor/MeshellInteractionDiagnostic.cs(255,33): warning CS0618: 'Object.FindObjectsByType<T>(FindObjectsInactive, FindObjectsSortMode)' is obsolete: 'FindObjectsByType with FindObjectsSortMode parameter has been deprecated. Use FindObjectsByType<T>() or FindObjectsByType<T>(FindObjectsInactive) instead. InstanceID will be replaced in the future with EntityId and previous sort order cannot be maintained.'
AssetDatabase: script compilation time: 3.233589s
Total cache size 267236311
Total cache size after purge 267236311, took 00:00:00.1054309
Begin MonoManager ReloadAssembly
Duplicate assembly 'log4net.dll' with different versions detected, using 'Packages/com.unity.package-validation-suite/Lib/Editor/log4net.dll, AssemblyName=log4net, Version=2.0.8.0, Culture=neutral, PublicKeyToken=669e0ddf0bb1aa2a' and ignoring 'Packages/com.unity.collab-proxy/Lib/Editor/log4netPlastic.dll, AssemblyName=log4net, Version=1.2.15.0, Culture=neutral, PublicKeyToken=669e0ddf0bb1aa2a'.Assembly Assembly-CSharp-Editor-firstpass.dll at Library/ScriptAssemblies/Assembly-CSharp-Editor-firstpass.dll not valid. Loading of assembly skipped.
Assembly Assembly-CSharp-firstpass.dll at Library/ScriptAssemblies/Assembly-CSharp-firstpass.dll not valid. Loading of assembly skipped.
Assembly DocCodeExamples.dll at Library/ScriptAssemblies/DocCodeExamples.dll not valid. Loading of assembly skipped.
Assembly TestNewCustomAssembly.dll at Library/ScriptAssemblies/TestNewCustomAssembly.dll not valid. Loading of assembly skipped.
Assembly Unity.2D.Sprite.Package.EditorTests.dll at Library/ScriptAssemblies/Unity.2D.Sprite.Package.EditorTests.dll not valid. Loading of assembly skipped.
Assembly Unity.Addressables.Editor.Tests.dll at Library/ScriptAssemblies/Unity.Addressables.Editor.Tests.dll not valid. Loading of assembly skipped.
Assembly Unity.Addressables.Runtime.Tests.dll at Library/ScriptAssemblies/Unity.Addressables.Runtime.Tests.dll not valid. Loading of assembly skipped.
Assembly Unity.Collections.BurstCompatibilityGen.dll at Library/ScriptAssemblies/Unity.Collections.BurstCompatibilityGen.dll not valid. Loading of assembly skipped.
Assembly Unity.Collections.DocCodeSamples.dll at Library/ScriptAssemblies/Unity.Collections.DocCodeSamples.dll not valid. Loading of assembly skipped.
Assembly Unity.Collections.PerformanceTests.dll at Library/ScriptAssemblies/Unity.Collections.PerformanceTests.dll not valid. Loading of assembly skipped.
Assembly Unity.Collections.Tests.dll at Library/ScriptAssemblies/Unity.Collections.Tests.dll not valid. Loading of assembly skipped.
Assembly Unity.Collections.Tests.Playmode.dll at Library/ScriptAssemblies/Unity.Collections.Tests.Playmode.dll not valid. Loading of assembly skipped.
Assembly Unity.InputSystem.IntegrationTests.dll at Library/ScriptAssemblies/Unity.InputSystem.IntegrationTests.dll not valid. Loading of assembly skipped.
Assembly Unity.Mathematics.Tests.dll at Library/ScriptAssemblies/Unity.Mathematics.Tests.dll not valid. Loading of assembly skipped.
Assembly Unity.Multiplayer.Center.Editor.Tests.dll at Library/ScriptAssemblies/Unity.Multiplayer.Center.Editor.Tests.dll not valid. Loading of assembly skipped.
Assembly Unity.Multiplayer.Center.Tests.dll at Library/ScriptAssemblies/Unity.Multiplayer.Center.Tests.dll not valid. Loading of assembly skipped.
Assembly Unity.Nuget.Mono-Cecil.dll at Library/ScriptAssemblies/Unity.Nuget.Mono-Cecil.dll not valid. Loading of assembly skipped.
Assembly Unity.PathTracing.Editor.Tests.dll at Library/ScriptAssemblies/Unity.PathTracing.Editor.Tests.dll not valid. Loading of assembly skipped.
Assembly Unity.PathTracing.Runtime.Tests.dll at Library/ScriptAssemblies/Unity.PathTracing.Runtime.Tests.dll not valid. Loading of assembly skipped.
Assembly Unity.Performance.Profile-Analyzer.EditorTests.dll at Library/ScriptAssemblies/Unity.Performance.Profile-Analyzer.EditorTests.dll not valid. Loading of assembly skipped.
Assembly Unity.Play.Publisher.Editor.Tests.dll at Library/ScriptAssemblies/Unity.Play.Publisher.Editor.Tests.dll not valid. Loading of assembly skipped.
Assembly Unity.RenderPipelines.Core.Editor.Tests.dll at Library/ScriptAssemblies/Unity.RenderPipelines.Core.Editor.Tests.dll not valid. Loading of assembly skipped.
Assembly Unity.RenderPipelines.Core.Runtime.Tests.dll at Library/ScriptAssemblies/Unity.RenderPipelines.Core.Runtime.Tests.dll not valid. Loading of assembly skipped.
Assembly Unity.RenderPipelines.HighDefinition.Editor.Tests.dll at Library/ScriptAssemblies/Unity.RenderPipelines.HighDefinition.Editor.Tests.dll not valid. Loading of assembly skipped.
Assembly Unity.RenderPipelines.HighDefinition.Runtime.Tests.dll at Library/ScriptAssemblies/Unity.RenderPipelines.HighDefinition.Runtime.Tests.dll not valid. Loading of assembly skipped.
Assembly Unity.RenderPipelines.HighDefinitionConfig.Editor.Tests.dll at Library/ScriptAssemblies/Unity.RenderPipelines.HighDefinitionConfig.Editor.Tests.dll not valid. Loading of assembly skipped.
Assembly Unity.RenderPipelines.Universal.Config.Editor.Tests.dll at Library/ScriptAssemblies/Unity.RenderPipelines.Universal.Config.Editor.Tests.dll not valid. Loading of assembly skipped.
Assembly Unity.RenderPipelines.Universal.Editor.Tests.dll at Library/ScriptAssemblies/Unity.RenderPipelines.Universal.Editor.Tests.dll not valid. Loading of assembly skipped.
Assembly Unity.RenderPipelines.Universal.Runtime.Tests.dll at Library/ScriptAssemblies/Unity.RenderPipelines.Universal.Runtime.Tests.dll not valid. Loading of assembly skipped.
Assembly Unity.ResourceManager.Tests.dll at Library/ScriptAssemblies/Unity.ResourceManager.Tests.dll not valid. Loading of assembly skipped.
Assembly Unity.ScriptableBuildPipeline.Editor.Tests.dll at Library/ScriptAssemblies/Unity.ScriptableBuildPipeline.Editor.Tests.dll not valid. Loading of assembly skipped.
Assembly Unity.ScriptableBuildPipeline.Tests.dll at Library/ScriptAssemblies/Unity.ScriptableBuildPipeline.Tests.dll not valid. Loading of assembly skipped.
Assembly Unity.ScriptableBuildPipelineTests.Runtime.Tests.dll at Library/ScriptAssemblies/Unity.ScriptableBuildPipelineTests.Runtime.Tests.dll not valid. Loading of assembly skipped.
Assembly Unity.Searcher.EditorTests.dll at Library/ScriptAssemblies/Unity.Searcher.EditorTests.dll not valid. Loading of assembly skipped.
Assembly Unity.Settings.Tests.dll at Library/ScriptAssemblies/Unity.Settings.Tests.dll not valid. Loading of assembly skipped.
Assembly Unity.ShaderGraph.Editor.Tests.dll at Library/ScriptAssemblies/Unity.ShaderGraph.Editor.Tests.dll not valid. Loading of assembly skipped.
Assembly Unity.TestTools.CodeCoverage.Editor.Compatibility.dll at Library/ScriptAssemblies/Unity.TestTools.CodeCoverage.Editor.Compatibility.dll not valid. Loading of assembly skipped.
Assembly Unity.TextMeshPro.Editor.Tests.dll at Library/ScriptAssemblies/Unity.TextMeshPro.Editor.Tests.dll not valid. Loading of assembly skipped.
Assembly Unity.TextMeshPro.Tests.dll at Library/ScriptAssemblies/Unity.TextMeshPro.Tests.dll not valid. Loading of assembly skipped.
Assembly Unity.UnifiedRayTracing.Editor.Tests.dll at Library/ScriptAssemblies/Unity.UnifiedRayTracing.Editor.Tests.dll not valid. Loading of assembly skipped.
Assembly Unity.VisualEffectGraph.Editor.Tests.dll at Library/ScriptAssemblies/Unity.VisualEffectGraph.Editor.Tests.dll not valid. Loading of assembly skipped.
Assembly Unity.VisualEffectGraph.Runtime.Tests.dll at Library/ScriptAssemblies/Unity.VisualEffectGraph.Runtime.Tests.dll not valid. Loading of assembly skipped.
Assembly Unity.XR.CoreUtils.CodeSamples.Tests.dll at Library/ScriptAssemblies/Unity.XR.CoreUtils.CodeSamples.Tests.dll not valid. Loading of assembly skipped.
Assembly Unity.XR.CoreUtils.Editor.Tests.dll at Library/ScriptAssemblies/Unity.XR.CoreUtils.Editor.Tests.dll not valid. Loading of assembly skipped.
Assembly Unity.XR.CoreUtils.Tests.dll at Library/ScriptAssemblies/Unity.XR.CoreUtils.Tests.dll not valid. Loading of assembly skipped.
Assembly Unity.XR.Interaction.Toolkit.Editor.Tests.dll at Library/ScriptAssemblies/Unity.XR.Interaction.Toolkit.Editor.Tests.dll not valid. Loading of assembly skipped.
Assembly Unity.XR.Interaction.Toolkit.Tests.dll at Library/ScriptAssemblies/Unity.XR.Interaction.Toolkit.Tests.dll not valid. Loading of assembly skipped.
Assembly Unity.XR.Management.EditorTests.dll at Library/ScriptAssemblies/Unity.XR.Management.EditorTests.dll not valid. Loading of assembly skipped.
Assembly Unity.XR.Management.TestPackage.dll at Library/ScriptAssemblies/Unity.XR.Management.TestPackage.dll not valid. Loading of assembly skipped.
Assembly Unity.XR.Management.TestPackage.Editor.dll at Library/ScriptAssemblies/Unity.XR.Management.TestPackage.Editor.dll not valid. Loading of assembly skipped.
Assembly Unity.XR.Management.Tests.dll at Library/ScriptAssemblies/Unity.XR.Management.Tests.dll not valid. Loading of assembly skipped.
Assembly Unity.XR.Management.Tests.Standalone.dll at Library/ScriptAssemblies/Unity.XR.Management.Tests.Standalone.dll not valid. Loading of assembly skipped.
Assembly Unity.XR.OpenXR.Editor.Tests.dll at Library/ScriptAssemblies/Unity.XR.OpenXR.Editor.Tests.dll not valid. Loading of assembly skipped.
Assembly Unity.XR.OpenXR.Tests.dll at Library/ScriptAssemblies/Unity.XR.OpenXR.Tests.dll not valid. Loading of assembly skipped.
Assembly Unity.XR.OpenXR.Ubuntu.Tests.dll at Library/ScriptAssemblies/Unity.XR.OpenXR.Ubuntu.Tests.dll not valid. Loading of assembly skipped.
Assembly Unity.XR.TestSupport.dll at Library/ScriptAssemblies/Unity.XR.TestSupport.dll not valid. Loading of assembly skipped.
Assembly UnityEditor.UI.Common.Tests.dll at Library/ScriptAssemblies/UnityEditor.UI.Common.Tests.dll not valid. Loading of assembly skipped.
Assembly UnityEditor.UI.EditorTests.dll at Library/ScriptAssemblies/UnityEditor.UI.EditorTests.dll not valid. Loading of assembly skipped.
Assembly UnityEditor.XR.LegacyInputHelpers.Tests.dll at Library/ScriptAssemblies/UnityEditor.XR.LegacyInputHelpers.Tests.dll not valid. Loading of assembly skipped.
Assembly UnityEngine.SpatialTracking.Tests.dll at Library/ScriptAssemblies/UnityEngine.SpatialTracking.Tests.dll not valid. Loading of assembly skipped.
Assembly UnityEngine.UI.Tests.dll at Library/ScriptAssemblies/UnityEngine.UI.Tests.dll not valid. Loading of assembly skipped.
Assembly UnityEngine.XR.OpenXR.CodeSamples.Editor.Tests.dll at Library/ScriptAssemblies/UnityEngine.XR.OpenXR.CodeSamples.Editor.Tests.dll not valid. Loading of assembly skipped.
Symbol file LoadedFromMemory is not a mono symbol file
'Packages/com.unity.cinemachine/Editor/Editors/CinemachineVirtualCameraBaseEditor.cs' contains partial class of Unity.Object, exactly 1 of the partial classes needs to be in a file with the same filename. This is to know the one that can be referenced from ie. GameObjects
'Packages/com.unity.cinemachine/Editor/Obsolete/CinemachineVirtualCameraBaseEditor.cs' contains partial class of Unity.Object, exactly 1 of the partial classes needs to be in a file with the same filename. This is to know the one that can be referenced from ie. GameObjects
Native extension for Android target not found
Native extension for OSXStandalone target not found
Native extension for WebGL target not found
Duplicate assembly 'log4net.dll' with different versions detected, using 'Packages/com.unity.package-validation-suite/Lib/Editor/log4net.dll, AssemblyName=log4net, Version=2.0.8.0, Culture=neutral, PublicKeyToken=669e0ddf0bb1aa2a' and ignoring 'Packages/com.unity.collab-proxy/Lib/Editor/log4netPlastic.dll, AssemblyName=log4net, Version=1.2.15.0, Culture=neutral, PublicKeyToken=669e0ddf0bb1aa2a'.[MODES] ModeService[none].Initialize
[MODES] ModeService[none].LoadModes
[MODES] Loading mode Default (0) for mode-current-id-Black Homeplaces: The XR House
ScheduleIndexationOnStartup MainProcess:True IndexOnStartup:True
Mono: successfully reloaded assembly
- Finished resetting the current domain, in  2.476 seconds
Domain Reload Profiling: 3105ms
	BeginReloadAssembly (68ms)
		DisableScriptedObjects (8ms)
		CreateAndSetChildDomain (17ms)
	RebuildCommonClasses (18ms)
	RebuildNativeTypeToScriptingClass (7ms)
	initialDomainReloadingComplete (102ms)
	LoadAllAssembliesAndSetupDomain (433ms)
		LoadAssemblies (227ms)
		AnalyzeDomain (225ms)
			TypeCache.Refresh (160ms)
				TypeCache.ScanAssembly (148ms)
			BuildScriptInfoCaches (56ms)
			ResolveRequiredComponents (8ms)
	FinalizeReload (2476ms)
		SetupLoadedEditorAssemblies (0ms)
			InitializePlatformSupportModulesInManaged (12ms)
			BeforeProcessingInitializeOnLoad (95ms)
			ProcessInitializeOnLoadAttributes (2045ms)
			ProcessInitializeOnLoadMethodAttributes (129ms)
		AwakeInstancesAfterBackupRestoration (6ms)
Refreshing native plugins compatible for Editor in 2.04 ms, found 9 plugins.
(Values over 0.050ms)
Asset Pipeline Refresh (id=e1f5ae8aa5d824fcba729d94a52f735e): Total: 8.190 seconds - Initiated by InitialRefreshV2(ForceSynchronousImport)
	Summary:
		Imports: total=0 (actual=0, local cache=0, cache server=0)
		Asset DB Process Time: managed=0 ms, native=3596 ms
		Asset DB Callback time: managed=664 ms, native=22 ms
		Scripting: domain reloads=1, domain reload time=629 ms, compile time=3234 ms, other=41 ms
		Project Asset Count: scripts=3080, non-scripts=7841
		Asset File Changes: new=0, changed=1, moved=0, deleted=0
		Scan Filter Count: 1
	InvokePackagesCallback: 12.576ms
	ApplyChangesToAssetFolders: 0.245ms
	Scan: 706.176ms
	OnSourceAssetsModified: 0.396ms
	CategorizeScriptCompilationAssets: 110.368ms
	ProcessAssetsWithTransientArtifactChanges: 58.617ms
	CategorizeAssets: 112.508ms
	CompileScripts: 3234.338ms
	ImportOutOfDateAssets: 2488.252ms (2485.320ms without children)
		ReloadNativeAssets: 0.057ms
		UnloadImportedAssets: 0.875ms
		EnsureUptoDateAssetsAreRegisteredWithGuidPM: 0.977ms
		OnDemandSchedulerStart: 1.022ms
	PostProcessAllAssets: 665.760ms
		VCAutoAddAssetPostprocess 1.148ms
		XRBuildSystem.XRAssetImported 0.310ms
		MonoPostProcessAllAssets: 663.939ms
			HDRenderPipelineGlobalSettingsPostprocessor.OnPostprocessAllAssets 270.932ms
			AssetPostprocessor.OnPostprocessAllAssets 147.606ms
			BuilderAssetPostprocessor.OnPostprocessAllAssets 96.538ms
			AssetCallbacks.OnPostprocessAllAssets 32.365ms
			StyleCatalogPostProcessor.OnPostprocessAllAssets 19.883ms
			WindowAssetPostprocessingWatcher.OnPostprocessAllAssets 6.201ms
			UniversalRenderPipelineGlobalSettingsPostprocessor.OnPostprocessAllAssets 5.422ms
			SyncVS.PostprocessSyncProject 4.448ms
			AudioMixerPostprocessor.OnPostprocessAllAssets 1.500ms
			AddressablesAssetPostProcessor.OnPostprocessAllAssets 1.382ms
			SpeedTree9Postprocessor.OnPostprocessAllAssets 1.144ms
			AssetChangedListener.OnPostprocessAllAssets 0.819ms
			RetainedModeAssetPostprocessor.OnPostprocessAllAssets 0.803ms
			ShaderGraphAssetPostProcessor.OnPostprocessAllAssets 0.801ms
			VFXGraphPreprocessor.OnPostprocessAllAssets 0.672ms
			UVCSAssetPostprocessor.OnPostprocessAllAssets 0.667ms
			MaterialPostprocessor.OnPostprocessAllAssets 0.468ms
			SpriteEditorTexturePostprocessor.OnPostprocessAllAssets 0.384ms
			RenderPipelineGlobalSettingsPostprocessor.OnPostprocessAllAssets 0.375ms
			ArtifactBrowserPostProcessor.OnPostprocessAllAssets 0.317ms
			AudioImportPostprocessor.OnPostprocessAllAssets 0.294ms
			TMPro_TexturePostProcessor.OnPostprocessAllAssets 0.264ms
			InputActionJsonNameModifierAssetProcessor.OnPostprocessAllAssets 0.227ms
			CinemachineSettings.OnPostprocessAllAssets 0.201ms
			TextAssetPostProcessor.OnPostprocessAllAssets 0.184ms
			InputActionAssetPostprocessor.OnPostprocessAllAssets 0.179ms
			DomainReloadProcessor.OnPostprocessAllAssets 0.160ms
			ReferencedClipsPostProcessor.OnPostprocessAllAssets 0.156ms
			AssetPathToTypes.OnPostprocessAllAssets 0.147ms
			TerrainToolbarOverlayPostProcessor.OnPostprocessAllAssets 0.139ms
			PostProcessor.OnPostprocessAllAssets 0.125ms
			AssetEvents.OnPostprocessAllAssets 0.122ms
			UpdateCustomDependenciesAfterImport.OnPostprocessAllAssets 0.098ms
			ConfigAssetsTracker.OnPostprocessAllAssets 0.098ms
			AssetDatabaseCallbacks.OnPostprocessAllAssets 0.097ms
			SpeedTreePostProcessor.OnPostprocessAllAssets 0.095ms
			ProjectSettingsPostprocessor.OnPostprocessAllAssets 0.082ms
			AudioContainerPostProcessor.OnPostprocessAllAssets 0.064ms
			SamplePostprocessor.OnPostprocessAllAssets 0.057ms
	PostAssetChangesProfiler: 8.838ms
	UnloadStreamsBegin: 1.481ms
	PersistCurrentRevisions: 0.220ms
	GenerateScriptTypeHashes: 3.254ms
	GenerateScriptTypeSerializationHashes: 5.403ms
	Untracked: 788.727ms

Application.AssetDatabase Initial Refresh End
Shader Hidden/ChartRasterizerHardware is not supported: GPU does not support conservative rasterization
Launching external process: /Applications/Unity/Hub/Editor/6000.4.5f1/Unity.app/Contents/Helpers/UnityShaderCompiler
Launched and connected shader compiler UnityShaderCompiler after 0.04 seconds
Shader Hidden/ChartRasterizerHardware is not supported: GPU does not support conservative rasterization
Scanning for USB devices : 0.117ms
Initializing Unity extensions:
2026-07-28 10:21:06.457 Unity[54124:1905906] NSEventModifierFlagFunction specified to -setKeyEquivalentModifierMask: for item <NSMenuItem: 0xac8fb5cc0 SDF, ke='Command-F12'>, but is only supported for system-provided menu items; will not be used
Unloading 336 Unused Serialized files (Serialized files now loaded: 0)
Curl error 6: Could not resolve host: config.uca.cloud.unity3d.com
Unloading 11478 unused Assets / (8.7 MB). Loaded Objects now: 12880.
Memory consumption went from 0.52 GB to 0.51 GB.
Total: 11.964209 ms (FindLiveObjects: 0.390208 ms CreateObjectMapping: 0.249334 ms MarkObjects: 5.324166 ms  DeleteObjects: 6.000334 ms)

Curl error 6: Could not resolve host: cdp.cloud.unity3d.com
2026-07-28 10:21:06.515 Unity[54124:1905906] NSEventModifierFlagFunction specified to -setKeyEquivalentModifierMask: for item <NSMenuItem: 0xac8faea80 SDF, ke='Command-F12'>, but is only supported for system-provided menu items; will not be used
(Values over 0.050ms)
Asset Pipeline Refresh (id=0bca317a38d3a4f70ade7c766d1252f4): Total: 0.359 seconds - Initiated by RefreshV2(NoUpdateAssetOptions)
	Summary:
		Imports: total=0 (actual=0, local cache=0, cache server=0)
		Asset DB Process Time: managed=0 ms, native=358 ms
		Asset DB Callback time: managed=0 ms, native=0 ms
		Scripting: domain reloads=0, domain reload time=0 ms, compile time=0 ms, other=0 ms
		Project Asset Count: scripts=3080, non-scripts=7841
		Asset File Changes: new=0, changed=0, moved=0, deleted=0
		Scan Filter Count: 1
	ApplyChangesToAssetFolders: 0.109ms
	Scan: 277.625ms
	ProcessAssetsWithTransientArtifactChanges: 0.078ms
	CategorizeAssets: 73.589ms
	ImportOutOfDateAssets: 1.300ms (0.230ms without children)
		ReloadNativeAssets: 0.056ms
		UnloadImportedAssets: 0.068ms
		EnsureUptoDateAssetsAreRegisteredWithGuidPM: 0.689ms
		OnDemandSchedulerStart: 0.257ms
	GatherAllCurrentPrimaryImportResultRevisions: 0.153ms
	UnloadStreamsBegin: 0.056ms
	PersistCurrentRevisions: 0.215ms
	Untracked: 4.551ms

MaterialLocation.External is obsolete. External Material Location is no longer supported. (Assets/DevDen Arch Viz Scotland/Models/Balcony/balcony_ chair.fbx)
MaterialLocation.External is obsolete. External Material Location is no longer supported. (Assets/DevDen Arch Viz Scotland/Models/Bathroom/Mirror02_1.FBX)
MaterialLocation.External is obsolete. External Material Location is no longer supported. (Assets/DevDen Arch Viz Scotland/Models/Bed Room/VaseFloor02_1.FBX)
MaterialLocation.External is obsolete. External Material Location is no longer supported. (Assets/DevDen Arch Viz Scotland/Models/Common/airconditioner.FBX)
MaterialLocation.External is obsolete. External Material Location is no longer supported. (Assets/DevDen Arch Viz Scotland/Models/Common/magazine.FBX)
MaterialLocation.External is obsolete. External Material Location is no longer supported. (Assets/DevDen Arch Viz Scotland/Models/Common/magazine1.FBX)
MaterialLocation.External is obsolete. External Material Location is no longer supported. (Assets/DevDen Arch Viz Scotland/Models/Kitchen Room/chopping-board.fbx)
MaterialLocation.External is obsolete. External Material Location is no longer supported. (Assets/DevDen Arch Viz Scotland/Models/Kitchen Room/coffeemachine.FBX)
MaterialLocation.External is obsolete. External Material Location is no longer supported. (Assets/DevDen Arch Viz Scotland/Models/Kitchen Room/dish-rack.fbx)
MaterialLocation.External is obsolete. External Material Location is no longer supported. (Assets/DevDen Arch Viz Scotland/Models/Kitchen Room/knife-block.fbx)
MaterialLocation.External is obsolete. External Material Location is no longer supported. (Assets/DevDen Arch Viz Scotland/Models/Kitchen Room/knife1.fbx)
MaterialLocation.External is obsolete. External Material Location is no longer supported. (Assets/DevDen Arch Viz Scotland/Models/Kitchen Room/knife2.fbx)
MaterialLocation.External is obsolete. External Material Location is no longer supported. (Assets/DevDen Arch Viz Scotland/Models/Kitchen Room/mug-tree.fbx)
MaterialLocation.External is obsolete. External Material Location is no longer supported. (Assets/DevDen Arch Viz Scotland/Models/Living Room/chair_5.FBX)
MaterialLocation.External is obsolete. External Material Location is no longer supported. (Assets/DevDen Arch Viz Scotland/Models/Living Room/RemoteControl.FBX)
MaterialLocation.External is obsolete. External Material Location is no longer supported. (Assets/DevDen Arch Viz Scotland/Models/Living Room/TV.FBX)
MaterialLocation.External is obsolete. External Material Location is no longer supported. (Assets/DevDen Arch Viz Scotland/Models/Living Room/TV_Panels.FBX)
MaterialLocation.External is obsolete. External Material Location is no longer supported. (Assets/DevDen Arch Viz Scotland/Models/Living Room/TV_Shelf.FBX)
MaterialLocation.External is obsolete. External Material Location is no longer supported. (Assets/DevDen Arch Viz Scotland/Models/Study Room/LightTable06_1.FBX)
MaterialLocation.External is obsolete. External Material Location is no longer supported. (Assets/DevDen Arch Viz Scotland/Models/Study Room/Picture01_3.FBX)
MaterialLocation.External is obsolete. External Material Location is no longer supported. (Assets/DevDen Arch Viz Scotland/Models/Study Room/Rug_Square_3.obj)
Material 'M_attachments_metal' with Shader 'Shader Graphs/PhysicalMaterial3DsMax' doesn't have a texture property '_MainTex'
UnityEngine.Debug:ExtractStackTraceNoAlloc (byte*,int,string)
UnityEngine.StackTraceUtility:ExtractStackTrace () (at /Users/bokken/build/output/unity/unity/Runtime/Export/Scripting/StackTrace.cs:35)
UnityEngine.Material:GetTextureImpl (int)
UnityEngine.Material:GetTexture (int) (at /Users/bokken/build/output/unity/unity/Runtime/Export/Shaders/Material.cs:173)
UnityEngine.Material:get_mainTexture () (at /Users/bokken/build/output/unity/unity/Runtime/Export/Shaders/Material.bindings.cs:66)
BCaTPerformanceAuditRunner:WriteAssetInventory () (at Assets/Editor/BCaTPerformanceAuditRunner.cs:134)
BCaTPerformanceAuditRunner:Run () (at Assets/Editor/BCaTPerformanceAuditRunner.cs:32)

[Assets/Editor/BCaTPerformanceAuditRunner.cs line 134]

Material 'M_bricks' with Shader 'Shader Graphs/PhysicalMaterial3DsMax' doesn't have a texture property '_MainTex'
UnityEngine.Debug:ExtractStackTraceNoAlloc (byte*,int,string)
UnityEngine.StackTraceUtility:ExtractStackTrace () (at /Users/bokken/build/output/unity/unity/Runtime/Export/Scripting/StackTrace.cs:35)
UnityEngine.Material:GetTextureImpl (int)
UnityEngine.Material:GetTexture (int) (at /Users/bokken/build/output/unity/unity/Runtime/Export/Shaders/Material.cs:173)
UnityEngine.Material:get_mainTexture () (at /Users/bokken/build/output/unity/unity/Runtime/Export/Shaders/Material.bindings.cs:66)
BCaTPerformanceAuditRunner:WriteAssetInventory () (at Assets/Editor/BCaTPerformanceAuditRunner.cs:134)
BCaTPerformanceAuditRunner:Run () (at Assets/Editor/BCaTPerformanceAuditRunner.cs:32)

[Assets/Editor/BCaTPerformanceAuditRunner.cs line 134]

Material 'M_attachments_stone' with Shader 'Shader Graphs/PhysicalMaterial3DsMax' doesn't have a texture property '_MainTex'
UnityEngine.Debug:ExtractStackTraceNoAlloc (byte*,int,string)
UnityEngine.StackTraceUtility:ExtractStackTrace () (at /Users/bokken/build/output/unity/unity/Runtime/Export/Scripting/StackTrace.cs:35)
UnityEngine.Material:GetTextureImpl (int)
UnityEngine.Material:GetTexture (int) (at /Users/bokken/build/output/unity/unity/Runtime/Export/Shaders/Material.cs:173)
UnityEngine.Material:get_mainTexture () (at /Users/bokken/build/output/unity/unity/Runtime/Export/Shaders/Material.bindings.cs:66)
BCaTPerformanceAuditRunner:WriteAssetInventory () (at Assets/Editor/BCaTPerformanceAuditRunner.cs:134)
BCaTPerformanceAuditRunner:Run () (at Assets/Editor/BCaTPerformanceAuditRunner.cs:32)

[Assets/Editor/BCaTPerformanceAuditRunner.cs line 134]

Material 'M_attachments_metal' with Shader 'Shader Graphs/PhysicalMaterial3DsMax' doesn't have a texture property '_MainTex'
UnityEngine.Debug:ExtractStackTraceNoAlloc (byte*,int,string)
UnityEngine.StackTraceUtility:ExtractStackTrace () (at /Users/bokken/build/output/unity/unity/Runtime/Export/Scripting/StackTrace.cs:35)
UnityEngine.Material:GetTextureImpl (int)
UnityEngine.Material:GetTexture (int) (at /Users/bokken/build/output/unity/unity/Runtime/Export/Shaders/Material.cs:173)
UnityEngine.Material:get_mainTexture () (at /Users/bokken/build/output/unity/unity/Runtime/Export/Shaders/Material.bindings.cs:66)
BCaTPerformanceAuditRunner:WriteAssetInventory () (at Assets/Editor/BCaTPerformanceAuditRunner.cs:134)
BCaTPerformanceAuditRunner:Run () (at Assets/Editor/BCaTPerformanceAuditRunner.cs:32)

[Assets/Editor/BCaTPerformanceAuditRunner.cs line 134]

Material 'M_bricks' with Shader 'Shader Graphs/PhysicalMaterial3DsMax' doesn't have a texture property '_MainTex'
UnityEngine.Debug:ExtractStackTraceNoAlloc (byte*,int,string)
UnityEngine.StackTraceUtility:ExtractStackTrace () (at /Users/bokken/build/output/unity/unity/Runtime/Export/Scripting/StackTrace.cs:35)
UnityEngine.Material:GetTextureImpl (int)
UnityEngine.Material:GetTexture (int) (at /Users/bokken/build/output/unity/unity/Runtime/Export/Shaders/Material.cs:173)
UnityEngine.Material:get_mainTexture () (at /Users/bokken/build/output/unity/unity/Runtime/Export/Shaders/Material.bindings.cs:66)
BCaTPerformanceAuditRunner:WriteAssetInventory () (at Assets/Editor/BCaTPerformanceAuditRunner.cs:134)
BCaTPerformanceAuditRunner:Run () (at Assets/Editor/BCaTPerformanceAuditRunner.cs:32)

[Assets/Editor/BCaTPerformanceAuditRunner.cs line 134]

Material 'M_walls' with Shader 'Shader Graphs/PhysicalMaterial3DsMax' doesn't have a texture property '_MainTex'
UnityEngine.Debug:ExtractStackTraceNoAlloc (byte*,int,string)
UnityEngine.StackTraceUtility:ExtractStackTrace () (at /Users/bokken/build/output/unity/unity/Runtime/Export/Scripting/StackTrace.cs:35)
UnityEngine.Material:GetTextureImpl (int)
UnityEngine.Material:GetTexture (int) (at /Users/bokken/build/output/unity/unity/Runtime/Export/Shaders/Material.cs:173)
UnityEngine.Material:get_mainTexture () (at /Users/bokken/build/output/unity/unity/Runtime/Export/Shaders/Material.bindings.cs:66)
BCaTPerformanceAuditRunner:WriteAssetInventory () (at Assets/Editor/BCaTPerformanceAuditRunner.cs:134)
BCaTPerformanceAuditRunner:Run () (at Assets/Editor/BCaTPerformanceAuditRunner.cs:32)

[Assets/Editor/BCaTPerformanceAuditRunner.cs line 134]

Material 'M_pillartop' with Shader 'Shader Graphs/PhysicalMaterial3DsMax' doesn't have a texture property '_MainTex'
UnityEngine.Debug:ExtractStackTraceNoAlloc (byte*,int,string)
UnityEngine.StackTraceUtility:ExtractStackTrace () (at /Users/bokken/build/output/unity/unity/Runtime/Export/Scripting/StackTrace.cs:35)
UnityEngine.Material:GetTextureImpl (int)
UnityEngine.Material:GetTexture (int) (at /Users/bokken/build/output/unity/unity/Runtime/Export/Shaders/Material.cs:173)
UnityEngine.Material:get_mainTexture () (at /Users/bokken/build/output/unity/unity/Runtime/Export/Shaders/Material.bindings.cs:66)
BCaTPerformanceAuditRunner:WriteAssetInventory () (at Assets/Editor/BCaTPerformanceAuditRunner.cs:134)
BCaTPerformanceAuditRunner:Run () (at Assets/Editor/BCaTPerformanceAuditRunner.cs:32)

[Assets/Editor/BCaTPerformanceAuditRunner.cs line 134]

Material 'M_boat_kit' with Shader 'Shader Graphs/PhysicalMaterial3DsMax' doesn't have a texture property '_MainTex'
UnityEngine.Debug:ExtractStackTraceNoAlloc (byte*,int,string)
UnityEngine.StackTraceUtility:ExtractStackTrace () (at /Users/bokken/build/output/unity/unity/Runtime/Export/Scripting/StackTrace.cs:35)
UnityEngine.Material:GetTextureImpl (int)
UnityEngine.Material:GetTexture (int) (at /Users/bokken/build/output/unity/unity/Runtime/Export/Shaders/Material.cs:173)
UnityEngine.Material:get_mainTexture () (at /Users/bokken/build/output/unity/unity/Runtime/Export/Shaders/Material.bindings.cs:66)
BCaTPerformanceAuditRunner:WriteAssetInventory () (at Assets/Editor/BCaTPerformanceAuditRunner.cs:134)
BCaTPerformanceAuditRunner:Run () (at Assets/Editor/BCaTPerformanceAuditRunner.cs:32)

[Assets/Editor/BCaTPerformanceAuditRunner.cs line 134]

Material 'M_chairs' with Shader 'Shader Graphs/PhysicalMaterial3DsMax' doesn't have a texture property '_MainTex'
UnityEngine.Debug:ExtractStackTraceNoAlloc (byte*,int,string)
UnityEngine.StackTraceUtility:ExtractStackTrace () (at /Users/bokken/build/output/unity/unity/Runtime/Export/Scripting/StackTrace.cs:35)
UnityEngine.Material:GetTextureImpl (int)
UnityEngine.Material:GetTexture (int) (at /Users/bokken/build/output/unity/unity/Runtime/Export/Shaders/Material.cs:173)
UnityEngine.Material:get_mainTexture () (at /Users/bokken/build/output/unity/unity/Runtime/Export/Shaders/Material.bindings.cs:66)
BCaTPerformanceAuditRunner:WriteAssetInventory () (at Assets/Editor/BCaTPerformanceAuditRunner.cs:134)
BCaTPerformanceAuditRunner:Run () (at Assets/Editor/BCaTPerformanceAuditRunner.cs:32)

[Assets/Editor/BCaTPerformanceAuditRunner.cs line 134]

Material 'M_attachments_metal' with Shader 'Shader Graphs/PhysicalMaterial3DsMax' doesn't have a texture property '_MainTex'
UnityEngine.Debug:ExtractStackTraceNoAlloc (byte*,int,string)
UnityEngine.StackTraceUtility:ExtractStackTrace () (at /Users/bokken/build/output/unity/unity/Runtime/Export/Scripting/StackTrace.cs:35)
UnityEngine.Material:GetTextureImpl (int)
UnityEngine.Material:GetTexture (int) (at /Users/bokken/build/output/unity/unity/Runtime/Export/Shaders/Material.cs:173)
UnityEngine.Material:get_mainTexture () (at /Users/bokken/build/output/unity/unity/Runtime/Export/Shaders/Material.bindings.cs:66)
BCaTPerformanceAuditRunner:WriteAssetInventory () (at Assets/Editor/BCaTPerformanceAuditRunner.cs:134)
BCaTPerformanceAuditRunner:Run () (at Assets/Editor/BCaTPerformanceAuditRunner.cs:32)

[Assets/Editor/BCaTPerformanceAuditRunner.cs line 134]

Material 'M_attachments_metal' with Shader 'Shader Graphs/PhysicalMaterial3DsMax' doesn't have a texture property '_MainTex'
UnityEngine.Debug:ExtractStackTraceNoAlloc (byte*,int,string)
UnityEngine.StackTraceUtility:ExtractStackTrace () (at /Users/bokken/build/output/unity/unity/Runtime/Export/Scripting/StackTrace.cs:35)
UnityEngine.Material:GetTextureImpl (int)
UnityEngine.Material:GetTexture (int) (at /Users/bokken/build/output/unity/unity/Runtime/Export/Shaders/Material.cs:173)
UnityEngine.Material:get_mainTexture () (at /Users/bokken/build/output/unity/unity/Runtime/Export/Shaders/Material.bindings.cs:66)
BCaTPerformanceAuditRunner:WriteAssetInventory () (at Assets/Editor/BCaTPerformanceAuditRunner.cs:134)
BCaTPerformanceAuditRunner:Run () (at Assets/Editor/BCaTPerformanceAuditRunner.cs:32)

[Assets/Editor/BCaTPerformanceAuditRunner.cs line 134]

Material 'M_attachments_metal' with Shader 'Shader Graphs/PhysicalMaterial3DsMax' doesn't have a texture property '_MainTex'
UnityEngine.Debug:ExtractStackTraceNoAlloc (byte*,int,string)
UnityEngine.StackTraceUtility:ExtractStackTrace () (at /Users/bokken/build/output/unity/unity/Runtime/Export/Scripting/StackTrace.cs:35)
UnityEngine.Material:GetTextureImpl (int)
UnityEngine.Material:GetTexture (int) (at /Users/bokken/build/output/unity/unity/Runtime/Export/Shaders/Material.cs:173)
UnityEngine.Material:get_mainTexture () (at /Users/bokken/build/output/unity/unity/Runtime/Export/Shaders/Material.bindings.cs:66)
BCaTPerformanceAuditRunner:WriteAssetInventory () (at Assets/Editor/BCaTPerformanceAuditRunner.cs:134)
BCaTPerformanceAuditRunner:Run () (at Assets/Editor/BCaTPerformanceAuditRunner.cs:32)

[Assets/Editor/BCaTPerformanceAuditRunner.cs line 134]

Material 'M_flowerpots' with Shader 'Shader Graphs/PhysicalMaterial3DsMax' doesn't have a texture property '_MainTex'
UnityEngine.Debug:ExtractStackTraceNoAlloc (byte*,int,string)
UnityEngine.StackTraceUtility:ExtractStackTrace () (at /Users/bokken/build/output/unity/unity/Runtime/Export/Scripting/StackTrace.cs:35)
UnityEngine.Material:GetTextureImpl (int)
UnityEngine.Material:GetTexture (int) (at /Users/bokken/build/output/unity/unity/Runtime/Export/Shaders/Material.cs:173)
UnityEngine.Material:get_mainTexture () (at /Users/bokken/build/output/unity/unity/Runtime/Export/Shaders/Material.bindings.cs:66)
BCaTPerformanceAuditRunner:WriteAssetInventory () (at Assets/Editor/BCaTPerformanceAuditRunner.cs:134)
BCaTPerformanceAuditRunner:Run () (at Assets/Editor/BCaTPerformanceAuditRunner.cs:32)

[Assets/Editor/BCaTPerformanceAuditRunner.cs line 134]

Material 'M_chairs' with Shader 'Shader Graphs/PhysicalMaterial3DsMax' doesn't have a texture property '_MainTex'
UnityEngine.Debug:ExtractStackTraceNoAlloc (byte*,int,string)
UnityEngine.StackTraceUtility:ExtractStackTrace () (at /Users/bokken/build/output/unity/unity/Runtime/Export/Scripting/StackTrace.cs:35)
UnityEngine.Material:GetTextureImpl (int)
UnityEngine.Material:GetTexture (int) (at /Users/bokken/build/output/unity/unity/Runtime/Export/Shaders/Material.cs:173)
UnityEngine.Material:get_mainTexture () (at /Users/bokken/build/output/unity/unity/Runtime/Export/Shaders/Material.bindings.cs:66)
BCaTPerformanceAuditRunner:WriteAssetInventory () (at Assets/Editor/BCaTPerformanceAuditRunner.cs:134)
BCaTPerformanceAuditRunner:Run () (at Assets/Editor/BCaTPerformanceAuditRunner.cs:32)

[Assets/Editor/BCaTPerformanceAuditRunner.cs line 134]

Material 'Water_mat_01' with Shader 'Shader Graphs/WaterShader' doesn't have a texture property '_MainTex'
UnityEngine.Debug:ExtractStackTraceNoAlloc (byte*,int,string)
UnityEngine.StackTraceUtility:ExtractStackTrace () (at /Users/bokken/build/output/unity/unity/Runtime/Export/Scripting/StackTrace.cs:35)
UnityEngine.Material:GetTextureImpl (int)
UnityEngine.Material:GetTexture (int) (at /Users/bokken/build/output/unity/unity/Runtime/Export/Shaders/Material.cs:173)
UnityEngine.Material:get_mainTexture () (at /Users/bokken/build/output/unity/unity/Runtime/Export/Shaders/Material.bindings.cs:66)
BCaTPerformanceAuditRunner:WriteAssetInventory () (at Assets/Editor/BCaTPerformanceAuditRunner.cs:134)
BCaTPerformanceAuditRunner:Run () (at Assets/Editor/BCaTPerformanceAuditRunner.cs:32)

[Assets/Editor/BCaTPerformanceAuditRunner.cs line 134]

Material 'Water_mat_02' with Shader 'Shader Graphs/WaterShader' doesn't have a texture property '_MainTex'
UnityEngine.Debug:ExtractStackTraceNoAlloc (byte*,int,string)
UnityEngine.StackTraceUtility:ExtractStackTrace () (at /Users/bokken/build/output/unity/unity/Runtime/Export/Scripting/StackTrace.cs:35)
UnityEngine.Material:GetTextureImpl (int)
UnityEngine.Material:GetTexture (int) (at /Users/bokken/build/output/unity/unity/Runtime/Export/Shaders/Material.cs:173)
UnityEngine.Material:get_mainTexture () (at /Users/bokken/build/output/unity/unity/Runtime/Export/Shaders/Material.bindings.cs:66)
BCaTPerformanceAuditRunner:WriteAssetInventory () (at Assets/Editor/BCaTPerformanceAuditRunner.cs:134)
BCaTPerformanceAuditRunner:Run () (at Assets/Editor/BCaTPerformanceAuditRunner.cs:32)

[Assets/Editor/BCaTPerformanceAuditRunner.cs line 134]

Material 'Water_mat_03' with Shader 'Shader Graphs/WaterShader' doesn't have a texture property '_MainTex'
UnityEngine.Debug:ExtractStackTraceNoAlloc (byte*,int,string)
UnityEngine.StackTraceUtility:ExtractStackTrace () (at /Users/bokken/build/output/unity/unity/Runtime/Export/Scripting/StackTrace.cs:35)
UnityEngine.Material:GetTextureImpl (int)
UnityEngine.Material:GetTexture (int) (at /Users/bokken/build/output/unity/unity/Runtime/Export/Shaders/Material.cs:173)
UnityEngine.Material:get_mainTexture () (at /Users/bokken/build/output/unity/unity/Runtime/Export/Shaders/Material.bindings.cs:66)
BCaTPerformanceAuditRunner:WriteAssetInventory () (at Assets/Editor/BCaTPerformanceAuditRunner.cs:134)
BCaTPerformanceAuditRunner:Run () (at Assets/Editor/BCaTPerformanceAuditRunner.cs:32)

[Assets/Editor/BCaTPerformanceAuditRunner.cs line 134]

Material 'WaterShader' with Shader 'Shader Graphs/WaterShader' doesn't have a texture property '_MainTex'
UnityEngine.Debug:ExtractStackTraceNoAlloc (byte*,int,string)
UnityEngine.StackTraceUtility:ExtractStackTrace () (at /Users/bokken/build/output/unity/unity/Runtime/Export/Scripting/StackTrace.cs:35)
UnityEngine.Material:GetTextureImpl (int)
UnityEngine.Material:GetTexture (int) (at /Users/bokken/build/output/unity/unity/Runtime/Export/Shaders/Material.cs:173)
UnityEngine.Material:get_mainTexture () (at /Users/bokken/build/output/unity/unity/Runtime/Export/Shaders/Material.bindings.cs:66)
BCaTPerformanceAuditRunner:WriteAssetInventory () (at Assets/Editor/BCaTPerformanceAuditRunner.cs:134)
BCaTPerformanceAuditRunner:Run () (at Assets/Editor/BCaTPerformanceAuditRunner.cs:32)

[Assets/Editor/BCaTPerformanceAuditRunner.cs line 134]

Material 'RealBlend5WayBlendHDRP' with Shader 'Shader Graphs/RealBlend5WayBlendHDRP' doesn't have a texture property '_MainTex'
UnityEngine.Debug:ExtractStackTraceNoAlloc (byte*,int,string)
UnityEngine.StackTraceUtility:ExtractStackTrace () (at /Users/bokken/build/output/unity/unity/Runtime/Export/Scripting/StackTrace.cs:35)
UnityEngine.Material:GetTextureImpl (int)
UnityEngine.Material:GetTexture (int) (at /Users/bokken/build/output/unity/unity/Runtime/Export/Shaders/Material.cs:173)
UnityEngine.Material:get_mainTexture () (at /Users/bokken/build/output/unity/unity/Runtime/Export/Shaders/Material.bindings.cs:66)
BCaTPerformanceAuditRunner:WriteAssetInventory () (at Assets/Editor/BCaTPerformanceAuditRunner.cs:134)
BCaTPerformanceAuditRunner:Run () (at Assets/Editor/BCaTPerformanceAuditRunner.cs:32)

[Assets/Editor/BCaTPerformanceAuditRunner.cs line 134]

Material 'RealBlendVariationHDRP' with Shader 'Shader Graphs/RealBlendVariationHDRP' doesn't have a texture property '_MainTex'
UnityEngine.Debug:ExtractStackTraceNoAlloc (byte*,int,string)
UnityEngine.StackTraceUtility:ExtractStackTrace () (at /Users/bokken/build/output/unity/unity/Runtime/Export/Scripting/StackTrace.cs:35)
UnityEngine.Material:GetTextureImpl (int)
UnityEngine.Material:GetTexture (int) (at /Users/bokken/build/output/unity/unity/Runtime/Export/Shaders/Material.cs:173)
UnityEngine.Material:get_mainTexture () (at /Users/bokken/build/output/unity/unity/Runtime/Export/Shaders/Material.bindings.cs:66)
BCaTPerformanceAuditRunner:WriteAssetInventory () (at Assets/Editor/BCaTPerformanceAuditRunner.cs:134)
BCaTPerformanceAuditRunner:Run () (at Assets/Editor/BCaTPerformanceAuditRunner.cs:32)

[Assets/Editor/BCaTPerformanceAuditRunner.cs line 134]

Material 'RealBlendVariationHDRP_ExperimentalSPOM' with Shader 'Shader Graphs/RealBlendVariationHDRP_ExperimentalSPOM' doesn't have a texture property '_MainTex'
UnityEngine.Debug:ExtractStackTraceNoAlloc (byte*,int,string)
UnityEngine.StackTraceUtility:ExtractStackTrace () (at /Users/bokken/build/output/unity/unity/Runtime/Export/Scripting/StackTrace.cs:35)
UnityEngine.Material:GetTextureImpl (int)
UnityEngine.Material:GetTexture (int) (at /Users/bokken/build/output/unity/unity/Runtime/Export/Shaders/Material.cs:173)
UnityEngine.Material:get_mainTexture () (at /Users/bokken/build/output/unity/unity/Runtime/Export/Shaders/Material.bindings.cs:66)
BCaTPerformanceAuditRunner:WriteAssetInventory () (at Assets/Editor/BCaTPerformanceAuditRunner.cs:134)
BCaTPerformanceAuditRunner:Run () (at Assets/Editor/BCaTPerformanceAuditRunner.cs:32)

[Assets/Editor/BCaTPerformanceAuditRunner.cs line 134]

Material 'RealBlendVariationURP' with Shader 'Shader Graphs/RealBlendVariationURP' doesn't have a texture property '_MainTex'
UnityEngine.Debug:ExtractStackTraceNoAlloc (byte*,int,string)
UnityEngine.StackTraceUtility:ExtractStackTrace () (at /Users/bokken/build/output/unity/unity/Runtime/Export/Scripting/StackTrace.cs:35)
UnityEngine.Material:GetTextureImpl (int)
UnityEngine.Material:GetTexture (int) (at /Users/bokken/build/output/unity/unity/Runtime/Export/Shaders/Material.cs:173)
UnityEngine.Material:get_mainTexture () (at /Users/bokken/build/output/unity/unity/Runtime/Export/Shaders/Material.bindings.cs:66)
BCaTPerformanceAuditRunner:WriteAssetInventory () (at Assets/Editor/BCaTPerformanceAuditRunner.cs:134)
BCaTPerformanceAuditRunner:Run () (at Assets/Editor/BCaTPerformanceAuditRunner.cs:32)

[Assets/Editor/BCaTPerformanceAuditRunner.cs line 134]

Material 'Interactable' with Shader 'Shader Graphs/Interactable' doesn't have a texture property '_MainTex'
UnityEngine.Debug:ExtractStackTraceNoAlloc (byte*,int,string)
UnityEngine.StackTraceUtility:ExtractStackTrace () (at /Users/bokken/build/output/unity/unity/Runtime/Export/Scripting/StackTrace.cs:35)
UnityEngine.Material:GetTextureImpl (int)
UnityEngine.Material:GetTexture (int) (at /Users/bokken/build/output/unity/unity/Runtime/Export/Shaders/Material.cs:173)
UnityEngine.Material:get_mainTexture () (at /Users/bokken/build/output/unity/unity/Runtime/Export/Shaders/Material.bindings.cs:66)
BCaTPerformanceAuditRunner:WriteAssetInventory () (at Assets/Editor/BCaTPerformanceAuditRunner.cs:134)
BCaTPerformanceAuditRunner:Run () (at Assets/Editor/BCaTPerformanceAuditRunner.cs:32)

[Assets/Editor/BCaTPerformanceAuditRunner.cs line 134]

Material 'Unlit_Fresnel' with Shader 'Shader Graphs/Unlit_Fresnel' doesn't have a texture property '_MainTex'
UnityEngine.Debug:ExtractStackTraceNoAlloc (byte*,int,string)
UnityEngine.StackTraceUtility:ExtractStackTrace () (at /Users/bokken/build/output/unity/unity/Runtime/Export/Scripting/StackTrace.cs:35)
UnityEngine.Material:GetTextureImpl (int)
UnityEngine.Material:GetTexture (int) (at /Users/bokken/build/output/unity/unity/Runtime/Export/Shaders/Material.cs:173)
UnityEngine.Material:get_mainTexture () (at /Users/bokken/build/output/unity/unity/Runtime/Export/Shaders/Material.bindings.cs:66)
BCaTPerformanceAuditRunner:WriteAssetInventory () (at Assets/Editor/BCaTPerformanceAuditRunner.cs:134)
BCaTPerformanceAuditRunner:Run () (at Assets/Editor/BCaTPerformanceAuditRunner.cs:32)

[Assets/Editor/BCaTPerformanceAuditRunner.cs line 134]

Material 'Grass' with Shader 'Shader Graphs/TerrainGrass' doesn't have a texture property '_MainTex'
UnityEngine.Debug:ExtractStackTraceNoAlloc (byte*,int,string)
UnityEngine.StackTraceUtility:ExtractStackTrace () (at /Users/bokken/build/output/unity/unity/Runtime/Export/Scripting/StackTrace.cs:35)
UnityEngine.Material:GetTextureImpl (int)
UnityEngine.Material:GetTexture (int) (at /Users/bokken/build/output/unity/unity/Runtime/Export/Shaders/Material.cs:173)
UnityEngine.Material:get_mainTexture () (at /Users/bokken/build/output/unity/unity/Runtime/Export/Shaders/Material.bindings.cs:66)
BCaTPerformanceAuditRunner:WriteAssetInventory () (at Assets/Editor/BCaTPerformanceAuditRunner.cs:134)
BCaTPerformanceAuditRunner:Run () (at Assets/Editor/BCaTPerformanceAuditRunner.cs:32)

[Assets/Editor/BCaTPerformanceAuditRunner.cs line 134]

Material 'Grass_C' with Shader 'Shader Graphs/TerrainGrass' doesn't have a texture property '_MainTex'
UnityEngine.Debug:ExtractStackTraceNoAlloc (byte*,int,string)
UnityEngine.StackTraceUtility:ExtractStackTrace () (at /Users/bokken/build/output/unity/unity/Runtime/Export/Scripting/StackTrace.cs:35)
UnityEngine.Material:GetTextureImpl (int)
UnityEngine.Material:GetTexture (int) (at /Users/bokken/build/output/unity/unity/Runtime/Export/Shaders/Material.cs:173)
UnityEngine.Material:get_mainTexture () (at /Users/bokken/build/output/unity/unity/Runtime/Export/Shaders/Material.bindings.cs:66)
BCaTPerformanceAuditRunner:WriteAssetInventory () (at Assets/Editor/BCaTPerformanceAuditRunner.cs:134)
BCaTPerformanceAuditRunner:Run () (at Assets/Editor/BCaTPerformanceAuditRunner.cs:32)

[Assets/Editor/BCaTPerformanceAuditRunner.cs line 134]

Material 'GrassDry' with Shader 'Shader Graphs/TerrainGrass' doesn't have a texture property '_MainTex'
UnityEngine.Debug:ExtractStackTraceNoAlloc (byte*,int,string)
UnityEngine.StackTraceUtility:ExtractStackTrace () (at /Users/bokken/build/output/unity/unity/Runtime/Export/Scripting/StackTrace.cs:35)
UnityEngine.Material:GetTextureImpl (int)
UnityEngine.Material:GetTexture (int) (at /Users/bokken/build/output/unity/unity/Runtime/Export/Shaders/Material.cs:173)
UnityEngine.Material:get_mainTexture () (at /Users/bokken/build/output/unity/unity/Runtime/Export/Shaders/Material.bindings.cs:66)
BCaTPerformanceAuditRunner:WriteAssetInventory () (at Assets/Editor/BCaTPerformanceAuditRunner.cs:134)
BCaTPerformanceAuditRunner:Run () (at Assets/Editor/BCaTPerformanceAuditRunner.cs:32)

[Assets/Editor/BCaTPerformanceAuditRunner.cs line 134]

Material 'TerrainGrass' with Shader 'Shader Graphs/TerrainGrass' doesn't have a texture property '_MainTex'
UnityEngine.Debug:ExtractStackTraceNoAlloc (byte*,int,string)
UnityEngine.StackTraceUtility:ExtractStackTrace () (at /Users/bokken/build/output/unity/unity/Runtime/Export/Scripting/StackTrace.cs:35)
UnityEngine.Material:GetTextureImpl (int)
UnityEngine.Material:GetTexture (int) (at /Users/bokken/build/output/unity/unity/Runtime/Export/Shaders/Material.cs:173)
UnityEngine.Material:get_mainTexture () (at /Users/bokken/build/output/unity/unity/Runtime/Export/Shaders/Material.bindings.cs:66)
BCaTPerformanceAuditRunner:WriteAssetInventory () (at Assets/Editor/BCaTPerformanceAuditRunner.cs:134)
BCaTPerformanceAuditRunner:Run () (at Assets/Editor/BCaTPerformanceAuditRunner.cs:32)

[Assets/Editor/BCaTPerformanceAuditRunner.cs line 134]

Material 'CustomPassFullScreenShader' with Shader 'Hidden/HDRP/CustomPassFullScreenShader' doesn't have a texture property '_MainTex'
UnityEngine.Debug:ExtractStackTraceNoAlloc (byte*,int,string)
UnityEngine.StackTraceUtility:ExtractStackTrace () (at /Users/bokken/build/output/unity/unity/Runtime/Export/Scripting/StackTrace.cs:35)
UnityEngine.Material:GetTextureImpl (int)
UnityEngine.Material:GetTexture (int) (at /Users/bokken/build/output/unity/unity/Runtime/Export/Shaders/Material.cs:173)
UnityEngine.Material:get_mainTexture () (at /Users/bokken/build/output/unity/unity/Runtime/Export/Shaders/Material.bindings.cs:66)
BCaTPerformanceAuditRunner:WriteAssetInventory () (at Assets/Editor/BCaTPerformanceAuditRunner.cs:134)
BCaTPerformanceAuditRunner:Run () (at Assets/Editor/BCaTPerformanceAuditRunner.cs:32)

[Assets/Editor/BCaTPerformanceAuditRunner.cs line 134]

Material 'DefaultCompositionGraph' with Shader 'Shader Graphs/DefaultCompositionGraph' doesn't have a texture property '_MainTex'
UnityEngine.Debug:ExtractStackTraceNoAlloc (byte*,int,string)
UnityEngine.StackTraceUtility:ExtractStackTrace () (at /Users/bokken/build/output/unity/unity/Runtime/Export/Scripting/StackTrace.cs:35)
UnityEngine.Material:GetTextureImpl (int)
UnityEngine.Material:GetTexture (int) (at /Users/bokken/build/output/unity/unity/Runtime/Export/Shaders/Material.cs:173)
UnityEngine.Material:get_mainTexture () (at /Users/bokken/build/output/unity/unity/Runtime/Export/Shaders/Material.bindings.cs:66)
BCaTPerformanceAuditRunner:WriteAssetInventory () (at Assets/Editor/BCaTPerformanceAuditRunner.cs:134)
BCaTPerformanceAuditRunner:Run () (at Assets/Editor/BCaTPerformanceAuditRunner.cs:32)

[Assets/Editor/BCaTPerformanceAuditRunner.cs line 134]

Material 'ArnoldStandardSurface' with Shader 'HDRP/ArnoldStandardSurface/ArnoldStandardSurface' doesn't have a texture property '_MainTex'
UnityEngine.Debug:ExtractStackTraceNoAlloc (byte*,int,string)
UnityEngine.StackTraceUtility:ExtractStackTrace () (at /Users/bokken/build/output/unity/unity/Runtime/Export/Scripting/StackTrace.cs:35)
UnityEngine.Material:GetTextureImpl (int)
UnityEngine.Material:GetTexture (int) (at /Users/bokken/build/output/unity/unity/Runtime/Export/Shaders/Material.cs:173)
UnityEngine.Material:get_mainTexture () (at /Users/bokken/build/output/unity/unity/Runtime/Export/Shaders/Material.bindings.cs:66)
BCaTPerformanceAuditRunner:WriteAssetInventory () (at Assets/Editor/BCaTPerformanceAuditRunner.cs:134)
BCaTPerformanceAuditRunner:Run () (at Assets/Editor/BCaTPerformanceAuditRunner.cs:32)

[Assets/Editor/BCaTPerformanceAuditRunner.cs line 134]

Material 'PhysicalMaterial3DsMax' with Shader 'HDRP/3DSMaxPhysicalMaterial/PhysicalMaterial3DsMax' doesn't have a texture property '_MainTex'
UnityEngine.Debug:ExtractStackTraceNoAlloc (byte*,int,string)
UnityEngine.StackTraceUtility:ExtractStackTrace () (at /Users/bokken/build/output/unity/unity/Runtime/Export/Scripting/StackTrace.cs:35)
UnityEngine.Material:GetTextureImpl (int)
UnityEngine.Material:GetTexture (int) (at /Users/bokken/build/output/unity/unity/Runtime/Export/Shaders/Material.cs:173)
UnityEngine.Material:get_mainTexture () (at /Users/bokken/build/output/unity/unity/Runtime/Export/Shaders/Material.bindings.cs:66)
BCaTPerformanceAuditRunner:WriteAssetInventory () (at Assets/Editor/BCaTPerformanceAuditRunner.cs:134)
BCaTPerformanceAuditRunner:Run () (at Assets/Editor/BCaTPerformanceAuditRunner.cs:32)

[Assets/Editor/BCaTPerformanceAuditRunner.cs line 134]

Material 'DefaultWaterMaterial' with Shader 'HDRP/Water/Water' doesn't have a texture property '_MainTex'
UnityEngine.Debug:ExtractStackTraceNoAlloc (byte*,int,string)
UnityEngine.StackTraceUtility:ExtractStackTrace () (at /Users/bokken/build/output/unity/unity/Runtime/Export/Scripting/StackTrace.cs:35)
UnityEngine.Material:GetTextureImpl (int)
UnityEngine.Material:GetTexture (int) (at /Users/bokken/build/output/unity/unity/Runtime/Export/Shaders/Material.cs:173)
UnityEngine.Material:get_mainTexture () (at /Users/bokken/build/output/unity/unity/Runtime/Export/Shaders/Material.bindings.cs:66)
BCaTPerformanceAuditRunner:WriteAssetInventory () (at Assets/Editor/BCaTPerformanceAuditRunner.cs:134)
BCaTPerformanceAuditRunner:Run () (at Assets/Editor/BCaTPerformanceAuditRunner.cs:32)

[Assets/Editor/BCaTPerformanceAuditRunner.cs line 134]

Material 'DefaultFogVolume' with Shader 'HDRP/DefaultFogVolume' doesn't have a texture property '_MainTex'
UnityEngine.Debug:ExtractStackTraceNoAlloc (byte*,int,string)
UnityEngine.StackTraceUtility:ExtractStackTrace () (at /Users/bokken/build/output/unity/unity/Runtime/Export/Scripting/StackTrace.cs:35)
UnityEngine.Material:GetTextureImpl (int)
UnityEngine.Material:GetTexture (int) (at /Users/bokken/build/output/unity/unity/Runtime/Export/Shaders/Material.cs:173)
UnityEngine.Material:get_mainTexture () (at /Users/bokken/build/output/unity/unity/Runtime/Export/Shaders/Material.bindings.cs:66)
BCaTPerformanceAuditRunner:WriteAssetInventory () (at Assets/Editor/BCaTPerformanceAuditRunner.cs:134)
BCaTPerformanceAuditRunner:Run () (at Assets/Editor/BCaTPerformanceAuditRunner.cs:32)

[Assets/Editor/BCaTPerformanceAuditRunner.cs line 134]

Material 'Eye' with Shader 'HDRP/Eye' doesn't have a texture property '_MainTex'
UnityEngine.Debug:ExtractStackTraceNoAlloc (byte*,int,string)
UnityEngine.StackTraceUtility:ExtractStackTrace () (at /Users/bokken/build/output/unity/unity/Runtime/Export/Scripting/StackTrace.cs:35)
UnityEngine.Material:GetTextureImpl (int)
UnityEngine.Material:GetTexture (int) (at /Users/bokken/build/output/unity/unity/Runtime/Export/Shaders/Material.cs:173)
UnityEngine.Material:get_mainTexture () (at /Users/bokken/build/output/unity/unity/Runtime/Export/Shaders/Material.bindings.cs:66)
BCaTPerformanceAuditRunner:WriteAssetInventory () (at Assets/Editor/BCaTPerformanceAuditRunner.cs:134)
BCaTPerformanceAuditRunner:Run () (at Assets/Editor/BCaTPerformanceAuditRunner.cs:32)

[Assets/Editor/BCaTPerformanceAuditRunner.cs line 134]

Material 'Fabric CottonWool' with Shader 'HDRP/Fabric/Fabric CottonWool' doesn't have a texture property '_MainTex'
UnityEngine.Debug:ExtractStackTraceNoAlloc (byte*,int,string)
UnityEngine.StackTraceUtility:ExtractStackTrace () (at /Users/bokken/build/output/unity/unity/Runtime/Export/Scripting/StackTrace.cs:35)
UnityEngine.Material:GetTextureImpl (int)
UnityEngine.Material:GetTexture (int) (at /Users/bokken/build/output/unity/unity/Runtime/Export/Shaders/Material.cs:173)
UnityEngine.Material:get_mainTexture () (at /Users/bokken/build/output/unity/unity/Runtime/Export/Shaders/Material.bindings.cs:66)
BCaTPerformanceAuditRunner:WriteAssetInventory () (at Assets/Editor/BCaTPerformanceAuditRunner.cs:134)
BCaTPerformanceAuditRunner:Run () (at Assets/Editor/BCaTPerformanceAuditRunner.cs:32)

[Assets/Editor/BCaTPerformanceAuditRunner.cs line 134]

Material 'Fabric Silk' with Shader 'HDRP/Fabric/Fabric Silk' doesn't have a texture property '_MainTex'
UnityEngine.Debug:ExtractStackTraceNoAlloc (byte*,int,string)
UnityEngine.StackTraceUtility:ExtractStackTrace () (at /Users/bokken/build/output/unity/unity/Runtime/Export/Scripting/StackTrace.cs:35)
UnityEngine.Material:GetTextureImpl (int)
UnityEngine.Material:GetTexture (int) (at /Users/bokken/build/output/unity/unity/Runtime/Export/Shaders/Material.cs:173)
UnityEngine.Material:get_mainTexture () (at /Users/bokken/build/output/unity/unity/Runtime/Export/Shaders/Material.bindings.cs:66)
BCaTPerformanceAuditRunner:WriteAssetInventory () (at Assets/Editor/BCaTPerformanceAuditRunner.cs:134)
BCaTPerformanceAuditRunner:Run () (at Assets/Editor/BCaTPerformanceAuditRunner.cs:32)

[Assets/Editor/BCaTPerformanceAuditRunner.cs line 134]

Material 'Fullscreen Basic HDRP' with Shader 'Hidden/HDRP/Fullscreen Basic HDRP' doesn't have a texture property '_MainTex'
UnityEngine.Debug:ExtractStackTraceNoAlloc (byte*,int,string)
UnityEngine.StackTraceUtility:ExtractStackTrace () (at /Users/bokken/build/output/unity/unity/Runtime/Export/Scripting/StackTrace.cs:35)
UnityEngine.Material:GetTextureImpl (int)
UnityEngine.Material:GetTexture (int) (at /Users/bokken/build/output/unity/unity/Runtime/Export/Shaders/Material.cs:173)
UnityEngine.Material:get_mainTexture () (at /Users/bokken/build/output/unity/unity/Runtime/Export/Shaders/Material.bindings.cs:66)
BCaTPerformanceAuditRunner:WriteAssetInventory () (at Assets/Editor/BCaTPerformanceAuditRunner.cs:134)
BCaTPerformanceAuditRunner:Run () (at Assets/Editor/BCaTPerformanceAuditRunner.cs:32)

[Assets/Editor/BCaTPerformanceAuditRunner.cs line 134]

Material 'Hair Approximate' with Shader 'HDRP/Hair Approximate' doesn't have a texture property '_MainTex'
UnityEngine.Debug:ExtractStackTraceNoAlloc (byte*,int,string)
UnityEngine.StackTraceUtility:ExtractStackTrace () (at /Users/bokken/build/output/unity/unity/Runtime/Export/Scripting/StackTrace.cs:35)
UnityEngine.Material:GetTextureImpl (int)
UnityEngine.Material:GetTexture (int) (at /Users/bokken/build/output/unity/unity/Runtime/Export/Shaders/Material.cs:173)
UnityEngine.Material:get_mainTexture () (at /Users/bokken/build/output/unity/unity/Runtime/Export/Shaders/Material.bindings.cs:66)
BCaTPerformanceAuditRunner:WriteAssetInventory () (at Assets/Editor/BCaTPerformanceAuditRunner.cs:134)
BCaTPerformanceAuditRunner:Run () (at Assets/Editor/BCaTPerformanceAuditRunner.cs:32)

[Assets/Editor/BCaTPerformanceAuditRunner.cs line 134]

Material 'Hair Physical' with Shader 'HDRP/Hair Physical' doesn't have a texture property '_MainTex'
UnityEngine.Debug:ExtractStackTraceNoAlloc (byte*,int,string)
UnityEngine.StackTraceUtility:ExtractStackTrace () (at /Users/bokken/build/output/unity/unity/Runtime/Export/Scripting/StackTrace.cs:35)
UnityEngine.Material:GetTextureImpl (int)
UnityEngine.Material:GetTexture (int) (at /Users/bokken/build/output/unity/unity/Runtime/Export/Shaders/Material.cs:173)
UnityEngine.Material:get_mainTexture () (at /Users/bokken/build/output/unity/unity/Runtime/Export/Shaders/Material.bindings.cs:66)
BCaTPerformanceAuditRunner:WriteAssetInventory () (at Assets/Editor/BCaTPerformanceAuditRunner.cs:134)
BCaTPerformanceAuditRunner:Run () (at Assets/Editor/BCaTPerformanceAuditRunner.cs:32)

[Assets/Editor/BCaTPerformanceAuditRunner.cs line 134]

Material 'Hair' with Shader 'HDRP/Hair' doesn't have a texture property '_MainTex'
UnityEngine.Debug:ExtractStackTraceNoAlloc (byte*,int,string)
UnityEngine.StackTraceUtility:ExtractStackTrace () (at /Users/bokken/build/output/unity/unity/Runtime/Export/Scripting/StackTrace.cs:35)
UnityEngine.Material:GetTextureImpl (int)
UnityEngine.Material:GetTexture (int) (at /Users/bokken/build/output/unity/unity/Runtime/Export/Shaders/Material.cs:173)
UnityEngine.Material:get_mainTexture () (at /Users/bokken/build/output/unity/unity/Runtime/Export/Shaders/Material.bindings.cs:66)
BCaTPerformanceAuditRunner:WriteAssetInventory () (at Assets/Editor/BCaTPerformanceAuditRunner.cs:134)
BCaTPerformanceAuditRunner:Run () (at Assets/Editor/BCaTPerformanceAuditRunner.cs:32)

[Assets/Editor/BCaTPerformanceAuditRunner.cs line 134]

Material 'HDRP Lit' with Shader 'Hidden/HDRP/HDRP Lit' doesn't have a texture property '_MainTex'
UnityEngine.Debug:ExtractStackTraceNoAlloc (byte*,int,string)
UnityEngine.StackTraceUtility:ExtractStackTrace () (at /Users/bokken/build/output/unity/unity/Runtime/Export/Scripting/StackTrace.cs:35)
UnityEngine.Material:GetTextureImpl (int)
UnityEngine.Material:GetTexture (int) (at /Users/bokken/build/output/unity/unity/Runtime/Export/Shaders/Material.cs:173)
UnityEngine.Material:get_mainTexture () (at /Users/bokken/build/output/unity/unity/Runtime/Export/Shaders/Material.bindings.cs:66)
BCaTPerformanceAuditRunner:WriteAssetInventory () (at Assets/Editor/BCaTPerformanceAuditRunner.cs:134)
BCaTPerformanceAuditRunner:Run () (at Assets/Editor/BCaTPerformanceAuditRunner.cs:32)

[Assets/Editor/BCaTPerformanceAuditRunner.cs line 134]

Material 'PhysicallyBasedSky' with Shader 'HDRP/PhysicallyBasedSky' doesn't have a texture property '_MainTex'
UnityEngine.Debug:ExtractStackTraceNoAlloc (byte*,int,string)
UnityEngine.StackTraceUtility:ExtractStackTrace () (at /Users/bokken/build/output/unity/unity/Runtime/Export/Scripting/StackTrace.cs:35)
UnityEngine.Material:GetTextureImpl (int)
UnityEngine.Material:GetTexture (int) (at /Users/bokken/build/output/unity/unity/Runtime/Export/Shaders/Material.cs:173)
UnityEngine.Material:get_mainTexture () (at /Users/bokken/build/output/unity/unity/Runtime/Export/Shaders/Material.bindings.cs:66)
BCaTPerformanceAuditRunner:WriteAssetInventory () (at Assets/Editor/BCaTPerformanceAuditRunner.cs:134)
BCaTPerformanceAuditRunner:Run () (at Assets/Editor/BCaTPerformanceAuditRunner.cs:32)

[Assets/Editor/BCaTPerformanceAuditRunner.cs line 134]

Material 'Skin' with Shader 'Hidden/HDRP/Skin' doesn't have a texture property '_MainTex'
UnityEngine.Debug:ExtractStackTraceNoAlloc (byte*,int,string)
UnityEngine.StackTraceUtility:ExtractStackTrace () (at /Users/bokken/build/output/unity/unity/Runtime/Export/Scripting/StackTrace.cs:35)
UnityEngine.Material:GetTextureImpl (int)
UnityEngine.Material:GetTexture (int) (at /Users/bokken/build/output/unity/unity/Runtime/Export/Shaders/Material.cs:173)
UnityEngine.Material:get_mainTexture () (at /Users/bokken/build/output/unity/unity/Runtime/Export/Shaders/Material.bindings.cs:66)
BCaTPerformanceAuditRunner:WriteAssetInventory () (at Assets/Editor/BCaTPerformanceAuditRunner.cs:134)
BCaTPerformanceAuditRunner:Run () (at Assets/Editor/BCaTPerformanceAuditRunner.cs:32)

[Assets/Editor/BCaTPerformanceAuditRunner.cs line 134]

Material 'StackLit' with Shader 'Hidden/HDRP/StackLit' doesn't have a texture property '_MainTex'
UnityEngine.Debug:ExtractStackTraceNoAlloc (byte*,int,string)
UnityEngine.StackTraceUtility:ExtractStackTrace () (at /Users/bokken/build/output/unity/unity/Runtime/Export/Scripting/StackTrace.cs:35)
UnityEngine.Material:GetTextureImpl (int)
UnityEngine.Material:GetTexture (int) (at /Users/bokken/build/output/unity/unity/Runtime/Export/Shaders/Material.cs:173)
UnityEngine.Material:get_mainTexture () (at /Users/bokken/build/output/unity/unity/Runtime/Export/Shaders/Material.bindings.cs:66)
BCaTPerformanceAuditRunner:WriteAssetInventory () (at Assets/Editor/BCaTPerformanceAuditRunner.cs:134)
BCaTPerformanceAuditRunner:Run () (at Assets/Editor/BCaTPerformanceAuditRunner.cs:32)

[Assets/Editor/BCaTPerformanceAuditRunner.cs line 134]

Material 'Water Decal Sample' with Shader 'HDRP/Water/Water Decal Sample' doesn't have a texture property '_MainTex'
UnityEngine.Debug:ExtractStackTraceNoAlloc (byte*,int,string)
UnityEngine.StackTraceUtility:ExtractStackTrace () (at /Users/bokken/build/output/unity/unity/Runtime/Export/Scripting/StackTrace.cs:35)
UnityEngine.Material:GetTextureImpl (int)
UnityEngine.Material:GetTexture (int) (at /Users/bokken/build/output/unity/unity/Runtime/Export/Shaders/Material.cs:173)
UnityEngine.Material:get_mainTexture () (at /Users/bokken/build/output/unity/unity/Runtime/Export/Shaders/Material.bindings.cs:66)
BCaTPerformanceAuditRunner:WriteAssetInventory () (at Assets/Editor/BCaTPerformanceAuditRunner.cs:134)
BCaTPerformanceAuditRunner:Run () (at Assets/Editor/BCaTPerformanceAuditRunner.cs:32)

[Assets/Editor/BCaTPerformanceAuditRunner.cs line 134]

Material 'Water Decal' with Shader 'HDRP/Water/Water Decal' doesn't have a texture property '_MainTex'
UnityEngine.Debug:ExtractStackTraceNoAlloc (byte*,int,string)
UnityEngine.StackTraceUtility:ExtractStackTrace () (at /Users/bokken/build/output/unity/unity/Runtime/Export/Scripting/StackTrace.cs:35)
UnityEngine.Material:GetTextureImpl (int)
UnityEngine.Material:GetTexture (int) (at /Users/bokken/build/output/unity/unity/Runtime/Export/Shaders/Material.cs:173)
UnityEngine.Material:get_mainTexture () (at /Users/bokken/build/output/unity/unity/Runtime/Export/Shaders/Material.bindings.cs:66)
BCaTPerformanceAuditRunner:WriteAssetInventory () (at Assets/Editor/BCaTPerformanceAuditRunner.cs:134)
BCaTPerformanceAuditRunner:Run () (at Assets/Editor/BCaTPerformanceAuditRunner.cs:32)

[Assets/Editor/BCaTPerformanceAuditRunner.cs line 134]

Material 'Water' with Shader 'HDRP/Water/Water' doesn't have a texture property '_MainTex'
UnityEngine.Debug:ExtractStackTraceNoAlloc (byte*,int,string)
UnityEngine.StackTraceUtility:ExtractStackTrace () (at /Users/bokken/build/output/unity/unity/Runtime/Export/Scripting/StackTrace.cs:35)
UnityEngine.Material:GetTextureImpl (int)
UnityEngine.Material:GetTexture (int) (at /Users/bokken/build/output/unity/unity/Runtime/Export/Shaders/Material.cs:173)
UnityEngine.Material:get_mainTexture () (at /Users/bokken/build/output/unity/unity/Runtime/Export/Shaders/Material.bindings.cs:66)
BCaTPerformanceAuditRunner:WriteAssetInventory () (at Assets/Editor/BCaTPerformanceAuditRunner.cs:134)
BCaTPerformanceAuditRunner:Run () (at Assets/Editor/BCaTPerformanceAuditRunner.cs:32)

[Assets/Editor/BCaTPerformanceAuditRunner.cs line 134]

Material 'SolidColor' with Shader 'Shader Graphs/SolidColor' doesn't have a texture property '_MainTex'
UnityEngine.Debug:ExtractStackTraceNoAlloc (byte*,int,string)
UnityEngine.StackTraceUtility:ExtractStackTrace () (at /Users/bokken/build/output/unity/unity/Runtime/Export/Scripting/StackTrace.cs:35)
UnityEngine.Material:GetTextureImpl (int)
UnityEngine.Material:GetTexture (int) (at /Users/bokken/build/output/unity/unity/Runtime/Export/Shaders/Material.cs:173)
UnityEngine.Material:get_mainTexture () (at /Users/bokken/build/output/unity/unity/Runtime/Export/Shaders/Material.bindings.cs:66)
BCaTPerformanceAuditRunner:WriteAssetInventory () (at Assets/Editor/BCaTPerformanceAuditRunner.cs:134)
BCaTPerformanceAuditRunner:Run () (at Assets/Editor/BCaTPerformanceAuditRunner.cs:32)

[Assets/Editor/BCaTPerformanceAuditRunner.cs line 134]

Material 'ColorCheckerMaterial' with Shader 'Hidden/ColorCheckerShader' doesn't have a texture property '_MainTex'
UnityEngine.Debug:ExtractStackTraceNoAlloc (byte*,int,string)
UnityEngine.StackTraceUtility:ExtractStackTrace () (at /Users/bokken/build/output/unity/unity/Runtime/Export/Scripting/StackTrace.cs:35)
UnityEngine.Material:GetTextureImpl (int)
UnityEngine.Material:GetTexture (int) (at /Users/bokken/build/output/unity/unity/Runtime/Export/Shaders/Material.cs:173)
UnityEngine.Material:get_mainTexture () (at /Users/bokken/build/output/unity/unity/Runtime/Export/Shaders/Material.bindings.cs:66)
BCaTPerformanceAuditRunner:WriteAssetInventory () (at Assets/Editor/BCaTPerformanceAuditRunner.cs:134)
BCaTPerformanceAuditRunner:Run () (at Assets/Editor/BCaTPerformanceAuditRunner.cs:32)

[Assets/Editor/BCaTPerformanceAuditRunner.cs line 134]

Material 'ColorCheckerShader' with Shader 'Hidden/ColorCheckerShader' doesn't have a texture property '_MainTex'
UnityEngine.Debug:ExtractStackTraceNoAlloc (byte*,int,string)
UnityEngine.StackTraceUtility:ExtractStackTrace () (at /Users/bokken/build/output/unity/unity/Runtime/Export/Scripting/StackTrace.cs:35)
UnityEngine.Material:GetTextureImpl (int)
UnityEngine.Material:GetTexture (int) (at /Users/bokken/build/output/unity/unity/Runtime/Export/Shaders/Material.cs:173)
UnityEngine.Material:get_mainTexture () (at /Users/bokken/build/output/unity/unity/Runtime/Export/Shaders/Material.bindings.cs:66)
BCaTPerformanceAuditRunner:WriteAssetInventory () (at Assets/Editor/BCaTPerformanceAuditRunner.cs:134)
BCaTPerformanceAuditRunner:Run () (at Assets/Editor/BCaTPerformanceAuditRunner.cs:32)

[Assets/Editor/BCaTPerformanceAuditRunner.cs line 134]

Material 'EdgePicker' with Shader 'Hidden/ProBuilder/EdgePicker' doesn't have a texture property '_MainTex'
UnityEngine.Debug:ExtractStackTraceNoAlloc (byte*,int,string)
UnityEngine.StackTraceUtility:ExtractStackTrace () (at /Users/bokken/build/output/unity/unity/Runtime/Export/Scripting/StackTrace.cs:35)
UnityEngine.Material:GetTextureImpl (int)
UnityEngine.Material:GetTexture (int) (at /Users/bokken/build/output/unity/unity/Runtime/Export/Shaders/Material.cs:173)
UnityEngine.Material:get_mainTexture () (at /Users/bokken/build/output/unity/unity/Runtime/Export/Shaders/Material.bindings.cs:66)
BCaTPerformanceAuditRunner:WriteAssetInventory () (at Assets/Editor/BCaTPerformanceAuditRunner.cs:134)
BCaTPerformanceAuditRunner:Run () (at Assets/Editor/BCaTPerformanceAuditRunner.cs:32)

[Assets/Editor/BCaTPerformanceAuditRunner.cs line 134]

Material 'FacePicker' with Shader 'Hidden/ProBuilder/FacePicker' doesn't have a texture property '_MainTex'
UnityEngine.Debug:ExtractStackTraceNoAlloc (byte*,int,string)
UnityEngine.StackTraceUtility:ExtractStackTrace () (at /Users/bokken/build/output/unity/unity/Runtime/Export/Scripting/StackTrace.cs:35)
UnityEngine.Material:GetTextureImpl (int)
UnityEngine.Material:GetTexture (int) (at /Users/bokken/build/output/unity/unity/Runtime/Export/Shaders/Material.cs:173)
UnityEngine.Material:get_mainTexture () (at /Users/bokken/build/output/unity/unity/Runtime/Export/Shaders/Material.bindings.cs:66)
BCaTPerformanceAuditRunner:WriteAssetInventory () (at Assets/Editor/BCaTPerformanceAuditRunner.cs:134)
BCaTPerformanceAuditRunner:Run () (at Assets/Editor/BCaTPerformanceAuditRunner.cs:32)

[Assets/Editor/BCaTPerformanceAuditRunner.cs line 134]

Material 'VertexPicker' with Shader 'Hidden/ProBuilder/VertexPicker' doesn't have a texture property '_MainTex'
UnityEngine.Debug:ExtractStackTraceNoAlloc (byte*,int,string)
UnityEngine.StackTraceUtility:ExtractStackTrace () (at /Users/bokken/build/output/unity/unity/Runtime/Export/Scripting/StackTrace.cs:35)
UnityEngine.Material:GetTextureImpl (int)
UnityEngine.Material:GetTexture (int) (at /Users/bokken/build/output/unity/unity/Runtime/Export/Shaders/Material.cs:173)
UnityEngine.Material:get_mainTexture () (at /Users/bokken/build/output/unity/unity/Runtime/Export/Shaders/Material.bindings.cs:66)
BCaTPerformanceAuditRunner:WriteAssetInventory () (at Assets/Editor/BCaTPerformanceAuditRunner.cs:134)
BCaTPerformanceAuditRunner:Run () (at Assets/Editor/BCaTPerformanceAuditRunner.cs:32)

[Assets/Editor/BCaTPerformanceAuditRunner.cs line 134]

Material '0_Particle Unlit' with Shader 'Hidden/Shader Graphs/Particles/0_Particle Unlit' doesn't have a texture property '_MainTex'
UnityEngine.Debug:ExtractStackTraceNoAlloc (byte*,int,string)
UnityEngine.StackTraceUtility:ExtractStackTrace () (at /Users/bokken/build/output/unity/unity/Runtime/Export/Scripting/StackTrace.cs:35)
UnityEngine.Material:GetTextureImpl (int)
UnityEngine.Material:GetTexture (int) (at /Users/bokken/build/output/unity/unity/Runtime/Export/Shaders/Material.cs:173)
UnityEngine.Material:get_mainTexture () (at /Users/bokken/build/output/unity/unity/Runtime/Export/Shaders/Material.bindings.cs:66)
BCaTPerformanceAuditRunner:WriteAssetInventory () (at Assets/Editor/BCaTPerformanceAuditRunner.cs:134)
BCaTPerformanceAuditRunner:Run () (at Assets/Editor/BCaTPerformanceAuditRunner.cs:32)

[Assets/Editor/BCaTPerformanceAuditRunner.cs line 134]

Material '1_Lit Full' with Shader 'Hidden/Lit/1_Lit Full' doesn't have a texture property '_MainTex'
UnityEngine.Debug:ExtractStackTraceNoAlloc (byte*,int,string)
UnityEngine.StackTraceUtility:ExtractStackTrace () (at /Users/bokken/build/output/unity/unity/Runtime/Export/Scripting/StackTrace.cs:35)
UnityEngine.Material:GetTextureImpl (int)
UnityEngine.Material:GetTexture (int) (at /Users/bokken/build/output/unity/unity/Runtime/Export/Shaders/Material.cs:173)
UnityEngine.Material:get_mainTexture () (at /Users/bokken/build/output/unity/unity/Runtime/Export/Shaders/Material.bindings.cs:66)
BCaTPerformanceAuditRunner:WriteAssetInventory () (at Assets/Editor/BCaTPerformanceAuditRunner.cs:134)
BCaTPerformanceAuditRunner:Run () (at Assets/Editor/BCaTPerformanceAuditRunner.cs:32)

[Assets/Editor/BCaTPerformanceAuditRunner.cs line 134]

Material '2_Particle Lit' with Shader 'Hidden/Shader Graphs/Particles/2_Particle Lit' doesn't have a texture property '_MainTex'
UnityEngine.Debug:ExtractStackTraceNoAlloc (byte*,int,string)
UnityEngine.StackTraceUtility:ExtractStackTrace () (at /Users/bokken/build/output/unity/unity/Runtime/Export/Scripting/StackTrace.cs:35)
UnityEngine.Material:GetTextureImpl (int)
UnityEngine.Material:GetTexture (int) (at /Users/bokken/build/output/unity/unity/Runtime/Export/Shaders/Material.cs:173)
UnityEngine.Material:get_mainTexture () (at /Users/bokken/build/output/unity/unity/Runtime/Export/Shaders/Material.bindings.cs:66)
BCaTPerformanceAuditRunner:WriteAssetInventory () (at Assets/Editor/BCaTPerformanceAuditRunner.cs:134)
BCaTPerformanceAuditRunner:Run () (at Assets/Editor/BCaTPerformanceAuditRunner.cs:32)

[Assets/Editor/BCaTPerformanceAuditRunner.cs line 134]

Material 'Custom Render Texture' with Shader 'Hidden/Shader Graphs/Custom Render Texture' doesn't have a texture property '_MainTex'
UnityEngine.Debug:ExtractStackTraceNoAlloc (byte*,int,string)
UnityEngine.StackTraceUtility:ExtractStackTrace () (at /Users/bokken/build/output/unity/unity/Runtime/Export/Scripting/StackTrace.cs:35)
UnityEngine.Material:GetTextureImpl (int)
UnityEngine.Material:GetTexture (int) (at /Users/bokken/build/output/unity/unity/Runtime/Export/Shaders/Material.cs:173)
UnityEngine.Material:get_mainTexture () (at /Users/bokken/build/output/unity/unity/Runtime/Export/Shaders/Material.bindings.cs:66)
BCaTPerformanceAuditRunner:WriteAssetInventory () (at Assets/Editor/BCaTPerformanceAuditRunner.cs:134)
BCaTPerformanceAuditRunner:Run () (at Assets/Editor/BCaTPerformanceAuditRunner.cs:32)

[Assets/Editor/BCaTPerformanceAuditRunner.cs line 134]

Material 'Fullscreen Basic URP' with Shader 'Hidden/Shader Graphs/Fullscreen Basic URP' doesn't have a texture property '_MainTex'
UnityEngine.Debug:ExtractStackTraceNoAlloc (byte*,int,string)
UnityEngine.StackTraceUtility:ExtractStackTrace () (at /Users/bokken/build/output/unity/unity/Runtime/Export/Scripting/StackTrace.cs:35)
UnityEngine.Material:GetTextureImpl (int)
UnityEngine.Material:GetTexture (int) (at /Users/bokken/build/output/unity/unity/Runtime/Export/Shaders/Material.cs:173)
UnityEngine.Material:get_mainTexture () (at /Users/bokken/build/output/unity/unity/Runtime/Export/Shaders/Material.bindings.cs:66)
BCaTPerformanceAuditRunner:WriteAssetInventory () (at Assets/Editor/BCaTPerformanceAuditRunner.cs:134)
BCaTPerformanceAuditRunner:Run () (at Assets/Editor/BCaTPerformanceAuditRunner.cs:32)

[Assets/Editor/BCaTPerformanceAuditRunner.cs line 134]

Material 'UITKBasicTemplate' with Shader 'Hidden/Shader Graphs/UITKBasicTemplate' doesn't have a texture property '_MainTex'
UnityEngine.Debug:ExtractStackTraceNoAlloc (byte*,int,string)
UnityEngine.StackTraceUtility:ExtractStackTrace () (at /Users/bokken/build/output/unity/unity/Runtime/Export/Scripting/StackTrace.cs:35)
UnityEngine.Material:GetTextureImpl (int)
UnityEngine.Material:GetTexture (int) (at /Users/bokken/build/output/unity/unity/Runtime/Export/Shaders/Material.cs:173)
UnityEngine.Material:get_mainTexture () (at /Users/bokken/build/output/unity/unity/Runtime/Export/Shaders/Material.bindings.cs:66)
BCaTPerformanceAuditRunner:WriteAssetInventory () (at Assets/Editor/BCaTPerformanceAuditRunner.cs:134)
BCaTPerformanceAuditRunner:Run () (at Assets/Editor/BCaTPerformanceAuditRunner.cs:32)

[Assets/Editor/BCaTPerformanceAuditRunner.cs line 134]

Material 'UITKFullTemplate' with Shader 'Hidden/Shader Graphs/UITKFullTemplate' doesn't have a texture property '_MainTex'
UnityEngine.Debug:ExtractStackTraceNoAlloc (byte*,int,string)
UnityEngine.StackTraceUtility:ExtractStackTrace () (at /Users/bokken/build/output/unity/unity/Runtime/Export/Scripting/StackTrace.cs:35)
UnityEngine.Material:GetTextureImpl (int)
UnityEngine.Material:GetTexture (int) (at /Users/bokken/build/output/unity/unity/Runtime/Export/Shaders/Material.cs:173)
UnityEngine.Material:get_mainTexture () (at /Users/bokken/build/output/unity/unity/Runtime/Export/Shaders/Material.bindings.cs:66)
BCaTPerformanceAuditRunner:WriteAssetInventory () (at Assets/Editor/BCaTPerformanceAuditRunner.cs:134)
BCaTPerformanceAuditRunner:Run () (at Assets/Editor/BCaTPerformanceAuditRunner.cs:32)

[Assets/Editor/BCaTPerformanceAuditRunner.cs line 134]

Material 'ArnoldStandardSurface' with Shader 'Shader Graphs/ArnoldStandardSurface' doesn't have a texture property '_MainTex'
UnityEngine.Debug:ExtractStackTraceNoAlloc (byte*,int,string)
UnityEngine.StackTraceUtility:ExtractStackTrace () (at /Users/bokken/build/output/unity/unity/Runtime/Export/Scripting/StackTrace.cs:35)
UnityEngine.Material:GetTextureImpl (int)
UnityEngine.Material:GetTexture (int) (at /Users/bokken/build/output/unity/unity/Runtime/Export/Shaders/Material.cs:173)
UnityEngine.Material:get_mainTexture () (at /Users/bokken/build/output/unity/unity/Runtime/Export/Shaders/Material.bindings.cs:66)
BCaTPerformanceAuditRunner:WriteAssetInventory () (at Assets/Editor/BCaTPerformanceAuditRunner.cs:134)
BCaTPerformanceAuditRunner:Run () (at Assets/Editor/BCaTPerformanceAuditRunner.cs:32)

[Assets/Editor/BCaTPerformanceAuditRunner.cs line 134]

Material 'ArnoldStandardSurfaceTransparent' with Shader 'Shader Graphs/ArnoldStandardSurfaceTransparent' doesn't have a texture property '_MainTex'
UnityEngine.Debug:ExtractStackTraceNoAlloc (byte*,int,string)
UnityEngine.StackTraceUtility:ExtractStackTrace () (at /Users/bokken/build/output/unity/unity/Runtime/Export/Scripting/StackTrace.cs:35)
UnityEngine.Material:GetTextureImpl (int)
UnityEngine.Material:GetTexture (int) (at /Users/bokken/build/output/unity/unity/Runtime/Export/Shaders/Material.cs:173)
UnityEngine.Material:get_mainTexture () (at /Users/bokken/build/output/unity/unity/Runtime/Export/Shaders/Material.bindings.cs:66)
BCaTPerformanceAuditRunner:WriteAssetInventory () (at Assets/Editor/BCaTPerformanceAuditRunner.cs:134)
BCaTPerformanceAuditRunner:Run () (at Assets/Editor/BCaTPerformanceAuditRunner.cs:32)

[Assets/Editor/BCaTPerformanceAuditRunner.cs line 134]

Material 'PhysicalMaterial3DsMax' with Shader 'Shader Graphs/PhysicalMaterial3DsMax' doesn't have a texture property '_MainTex'
UnityEngine.Debug:ExtractStackTraceNoAlloc (byte*,int,string)
UnityEngine.StackTraceUtility:ExtractStackTrace () (at /Users/bokken/build/output/unity/unity/Runtime/Export/Scripting/StackTrace.cs:35)
UnityEngine.Material:GetTextureImpl (int)
UnityEngine.Material:GetTexture (int) (at /Users/bokken/build/output/unity/unity/Runtime/Export/Shaders/Material.cs:173)
UnityEngine.Material:get_mainTexture () (at /Users/bokken/build/output/unity/unity/Runtime/Export/Shaders/Material.bindings.cs:66)
BCaTPerformanceAuditRunner:WriteAssetInventory () (at Assets/Editor/BCaTPerformanceAuditRunner.cs:134)
BCaTPerformanceAuditRunner:Run () (at Assets/Editor/BCaTPerformanceAuditRunner.cs:32)

[Assets/Editor/BCaTPerformanceAuditRunner.cs line 134]

Material 'PhysicalMaterial3DsMaxTransparent' with Shader 'Shader Graphs/PhysicalMaterial3DsMaxTransparent' doesn't have a texture property '_MainTex'
UnityEngine.Debug:ExtractStackTraceNoAlloc (byte*,int,string)
UnityEngine.StackTraceUtility:ExtractStackTrace () (at /Users/bokken/build/output/unity/unity/Runtime/Export/Scripting/StackTrace.cs:35)
UnityEngine.Material:GetTextureImpl (int)
UnityEngine.Material:GetTexture (int) (at /Users/bokken/build/output/unity/unity/Runtime/Export/Shaders/Material.cs:173)
UnityEngine.Material:get_mainTexture () (at /Users/bokken/build/output/unity/unity/Runtime/Export/Shaders/Material.bindings.cs:66)
BCaTPerformanceAuditRunner:WriteAssetInventory () (at Assets/Editor/BCaTPerformanceAuditRunner.cs:134)
BCaTPerformanceAuditRunner:Run () (at Assets/Editor/BCaTPerformanceAuditRunner.cs:32)

[Assets/Editor/BCaTPerformanceAuditRunner.cs line 134]

Material 'VFXSpriteLit' with Shader 'VFX Graph/VFXSpriteLit' doesn't have a texture property '_MainTex'
UnityEngine.Debug:ExtractStackTraceNoAlloc (byte*,int,string)
UnityEngine.StackTraceUtility:ExtractStackTrace () (at /Users/bokken/build/output/unity/unity/Runtime/Export/Scripting/StackTrace.cs:35)
UnityEngine.Material:GetTextureImpl (int)
UnityEngine.Material:GetTexture (int) (at /Users/bokken/build/output/unity/unity/Runtime/Export/Shaders/Material.cs:173)
UnityEngine.Material:get_mainTexture () (at /Users/bokken/build/output/unity/unity/Runtime/Export/Shaders/Material.bindings.cs:66)
BCaTPerformanceAuditRunner:WriteAssetInventory () (at Assets/Editor/BCaTPerformanceAuditRunner.cs:134)
BCaTPerformanceAuditRunner:Run () (at Assets/Editor/BCaTPerformanceAuditRunner.cs:32)

[Assets/Editor/BCaTPerformanceAuditRunner.cs line 134]

Material 'VFXSpriteUnlit' with Shader 'VFX Graph/VFXSpriteUnlit' doesn't have a texture property '_MainTex'
UnityEngine.Debug:ExtractStackTraceNoAlloc (byte*,int,string)
UnityEngine.StackTraceUtility:ExtractStackTrace () (at /Users/bokken/build/output/unity/unity/Runtime/Export/Scripting/StackTrace.cs:35)
UnityEngine.Material:GetTextureImpl (int)
UnityEngine.Material:GetTexture (int) (at /Users/bokken/build/output/unity/unity/Runtime/Export/Shaders/Material.cs:173)
UnityEngine.Material:get_mainTexture () (at /Users/bokken/build/output/unity/unity/Runtime/Export/Shaders/Material.bindings.cs:66)
BCaTPerformanceAuditRunner:WriteAssetInventory () (at Assets/Editor/BCaTPerformanceAuditRunner.cs:134)
BCaTPerformanceAuditRunner:Run () (at Assets/Editor/BCaTPerformanceAuditRunner.cs:32)

[Assets/Editor/BCaTPerformanceAuditRunner.cs line 134]

Material 'Decal' with Shader 'Shader Graphs/Decal' doesn't have a texture property '_MainTex'
UnityEngine.Debug:ExtractStackTraceNoAlloc (byte*,int,string)
UnityEngine.StackTraceUtility:ExtractStackTrace () (at /Users/bokken/build/output/unity/unity/Runtime/Export/Scripting/StackTrace.cs:35)
UnityEngine.Material:GetTextureImpl (int)
UnityEngine.Material:GetTexture (int) (at /Users/bokken/build/output/unity/unity/Runtime/Export/Shaders/Material.cs:173)
UnityEngine.Material:get_mainTexture () (at /Users/bokken/build/output/unity/unity/Runtime/Export/Shaders/Material.bindings.cs:66)
BCaTPerformanceAuditRunner:WriteAssetInventory () (at Assets/Editor/BCaTPerformanceAuditRunner.cs:134)
BCaTPerformanceAuditRunner:Run () (at Assets/Editor/BCaTPerformanceAuditRunner.cs:32)

[Assets/Editor/BCaTPerformanceAuditRunner.cs line 134]

Material 'FullscreenInvertColors' with Shader 'Shader Graphs/FullscreenInvertColors' doesn't have a texture property '_MainTex'
UnityEngine.Debug:ExtractStackTraceNoAlloc (byte*,int,string)
UnityEngine.StackTraceUtility:ExtractStackTrace () (at /Users/bokken/build/output/unity/unity/Runtime/Export/Scripting/StackTrace.cs:35)
UnityEngine.Material:GetTextureImpl (int)
UnityEngine.Material:GetTexture (int) (at /Users/bokken/build/output/unity/unity/Runtime/Export/Shaders/Material.cs:173)
UnityEngine.Material:get_mainTexture () (at /Users/bokken/build/output/unity/unity/Runtime/Export/Shaders/Material.bindings.cs:66)
BCaTPerformanceAuditRunner:WriteAssetInventory () (at Assets/Editor/BCaTPerformanceAuditRunner.cs:134)
BCaTPerformanceAuditRunner:Run () (at Assets/Editor/BCaTPerformanceAuditRunner.cs:32)

[Assets/Editor/BCaTPerformanceAuditRunner.cs line 134]

Material 'Hidden/VFX/01_Minimal_System/Minimal/Render Quad' with Shader 'Hidden/VFX/01_Minimal_System/Minimal/Render Quad' doesn't have a texture property '_MainTex'
UnityEngine.Debug:ExtractStackTraceNoAlloc (byte*,int,string)
UnityEngine.StackTraceUtility:ExtractStackTrace () (at /Users/bokken/build/output/unity/unity/Runtime/Export/Scripting/StackTrace.cs:35)
UnityEngine.Material:GetTextureImpl (int)
UnityEngine.Material:GetTexture (int) (at /Users/bokken/build/output/unity/unity/Runtime/Export/Shaders/Material.cs:173)
UnityEngine.Material:get_mainTexture () (at /Users/bokken/build/output/unity/unity/Runtime/Export/Shaders/Material.bindings.cs:66)
BCaTPerformanceAuditRunner:WriteAssetInventory () (at Assets/Editor/BCaTPerformanceAuditRunner.cs:134)
BCaTPerformanceAuditRunner:Run () (at Assets/Editor/BCaTPerformanceAuditRunner.cs:32)

[Assets/Editor/BCaTPerformanceAuditRunner.cs line 134]

Material 'Hidden/VFX/02_Simple_Loop/Simple Loop/Render Quad' with Shader 'Hidden/VFX/02_Simple_Loop/Simple Loop/Render Quad' doesn't have a texture property '_MainTex'
UnityEngine.Debug:ExtractStackTraceNoAlloc (byte*,int,string)
UnityEngine.StackTraceUtility:ExtractStackTrace () (at /Users/bokken/build/output/unity/unity/Runtime/Export/Scripting/StackTrace.cs:35)
UnityEngine.Material:GetTextureImpl (int)
UnityEngine.Material:GetTexture (int) (at /Users/bokken/build/output/unity/unity/Runtime/Export/Shaders/Material.cs:173)
UnityEngine.Material:get_mainTexture () (at /Users/bokken/build/output/unity/unity/Runtime/Export/Shaders/Material.bindings.cs:66)
BCaTPerformanceAuditRunner:WriteAssetInventory () (at Assets/Editor/BCaTPerformanceAuditRunner.cs:134)
BCaTPerformanceAuditRunner:Run () (at Assets/Editor/BCaTPerformanceAuditRunner.cs:32)

[Assets/Editor/BCaTPerformanceAuditRunner.cs line 134]

Material 'Hidden/VFX/03_Simple_Burst/Simple Burst/Render Quad' with Shader 'Hidden/VFX/03_Simple_Burst/Simple Burst/Render Quad' doesn't have a texture property '_MainTex'
UnityEngine.Debug:ExtractStackTraceNoAlloc (byte*,int,string)
UnityEngine.StackTraceUtility:ExtractStackTrace () (at /Users/bokken/build/output/unity/unity/Runtime/Export/Scripting/StackTrace.cs:35)
UnityEngine.Material:GetTextureImpl (int)
UnityEngine.Material:GetTexture (int) (at /Users/bokken/build/output/unity/unity/Runtime/Export/Shaders/Material.cs:173)
UnityEngine.Material:get_mainTexture () (at /Users/bokken/build/output/unity/unity/Runtime/Export/Shaders/Material.bindings.cs:66)
BCaTPerformanceAuditRunner:WriteAssetInventory () (at Assets/Editor/BCaTPerformanceAuditRunner.cs:134)
BCaTPerformanceAuditRunner:Run () (at Assets/Editor/BCaTPerformanceAuditRunner.cs:32)

[Assets/Editor/BCaTPerformanceAuditRunner.cs line 134]

Material 'Hidden/VFX/04_Simple_Trail/Ribbon/Render Strip' with Shader 'Hidden/VFX/04_Simple_Trail/Ribbon/Render Strip' doesn't have a texture property '_MainTex'
UnityEngine.Debug:ExtractStackTraceNoAlloc (byte*,int,string)
UnityEngine.StackTraceUtility:ExtractStackTrace () (at /Users/bokken/build/output/unity/unity/Runtime/Export/Scripting/StackTrace.cs:35)
UnityEngine.Material:GetTextureImpl (int)
UnityEngine.Material:GetTexture (int) (at /Users/bokken/build/output/unity/unity/Runtime/Export/Shaders/Material.cs:173)
UnityEngine.Material:get_mainTexture () (at /Users/bokken/build/output/unity/unity/Runtime/Export/Shaders/Material.bindings.cs:66)
BCaTPerformanceAuditRunner:WriteAssetInventory () (at Assets/Editor/BCaTPerformanceAuditRunner.cs:134)
BCaTPerformanceAuditRunner:Run () (at Assets/Editor/BCaTPerformanceAuditRunner.cs:32)

[Assets/Editor/BCaTPerformanceAuditRunner.cs line 134]

Material 'Hidden/VFX/05_Head_Trail/Heads/Heads Quad' with Shader 'Hidden/VFX/05_Head_Trail/Heads/Heads Quad' doesn't have a texture property '_MainTex'
UnityEngine.Debug:ExtractStackTraceNoAlloc (byte*,int,string)
UnityEngine.StackTraceUtility:ExtractStackTrace () (at /Users/bokken/build/output/unity/unity/Runtime/Export/Scripting/StackTrace.cs:35)
UnityEngine.Material:GetTextureImpl (int)
UnityEngine.Material:GetTexture (int) (at /Users/bokken/build/output/unity/unity/Runtime/Export/Shaders/Material.cs:173)
UnityEngine.Material:get_mainTexture () (at /Users/bokken/build/output/unity/unity/Runtime/Export/Shaders/Material.bindings.cs:66)
BCaTPerformanceAuditRunner:WriteAssetInventory () (at Assets/Editor/BCaTPerformanceAuditRunner.cs:134)
BCaTPerformanceAuditRunner:Run () (at Assets/Editor/BCaTPerformanceAuditRunner.cs:32)

[Assets/Editor/BCaTPerformanceAuditRunner.cs line 134]

Material 'Hidden/VFX/06_Firework/Burst/Burst Quad' with Shader 'Hidden/VFX/06_Firework/Burst/Burst Quad' doesn't have a texture property '_MainTex'
UnityEngine.Debug:ExtractStackTraceNoAlloc (byte*,int,string)
UnityEngine.StackTraceUtility:ExtractStackTrace () (at /Users/bokken/build/output/unity/unity/Runtime/Export/Scripting/StackTrace.cs:35)
UnityEngine.Material:GetTextureImpl (int)
UnityEngine.Material:GetTexture (int) (at /Users/bokken/build/output/unity/unity/Runtime/Export/Shaders/Material.cs:173)
UnityEngine.Material:get_mainTexture () (at /Users/bokken/build/output/unity/unity/Runtime/Export/Shaders/Material.bindings.cs:66)
BCaTPerformanceAuditRunner:WriteAssetInventory () (at Assets/Editor/BCaTPerformanceAuditRunner.cs:134)
BCaTPerformanceAuditRunner:Run () (at Assets/Editor/BCaTPerformanceAuditRunner.cs:32)

[Assets/Editor/BCaTPerformanceAuditRunner.cs line 134]

Material '0_VFXGraph Unlit' with Shader 'Hidden/VFX Graph/0_VFXGraph Unlit' doesn't have a texture property '_MainTex'
UnityEngine.Debug:ExtractStackTraceNoAlloc (byte*,int,string)
UnityEngine.StackTraceUtility:ExtractStackTrace () (at /Users/bokken/build/output/unity/unity/Runtime/Export/Scripting/StackTrace.cs:35)
UnityEngine.Material:GetTextureImpl (int)
UnityEngine.Material:GetTexture (int) (at /Users/bokken/build/output/unity/unity/Runtime/Export/Shaders/Material.cs:173)
UnityEngine.Material:get_mainTexture () (at /Users/bokken/build/output/unity/unity/Runtime/Export/Shaders/Material.bindings.cs:66)
BCaTPerformanceAuditRunner:WriteAssetInventory () (at Assets/Editor/BCaTPerformanceAuditRunner.cs:134)
BCaTPerformanceAuditRunner:Run () (at Assets/Editor/BCaTPerformanceAuditRunner.cs:32)

[Assets/Editor/BCaTPerformanceAuditRunner.cs line 134]

Material '1_VFXGraph Lit' with Shader 'Hidden/VFX Graph/1_VFXGraph Lit' doesn't have a texture property '_MainTex'
UnityEngine.Debug:ExtractStackTraceNoAlloc (byte*,int,string)
UnityEngine.StackTraceUtility:ExtractStackTrace () (at /Users/bokken/build/output/unity/unity/Runtime/Export/Scripting/StackTrace.cs:35)
UnityEngine.Material:GetTextureImpl (int)
UnityEngine.Material:GetTexture (int) (at /Users/bokken/build/output/unity/unity/Runtime/Export/Shaders/Material.cs:173)
UnityEngine.Material:get_mainTexture () (at /Users/bokken/build/output/unity/unity/Runtime/Export/Shaders/Material.bindings.cs:66)
BCaTPerformanceAuditRunner:WriteAssetInventory () (at Assets/Editor/BCaTPerformanceAuditRunner.cs:134)
BCaTPerformanceAuditRunner:Run () (at Assets/Editor/BCaTPerformanceAuditRunner.cs:32)

[Assets/Editor/BCaTPerformanceAuditRunner.cs line 134]

Material '2_VFXGraph SixWay Lit' with Shader 'Hidden/VFX Graph/2_VFXGraph SixWay Lit' doesn't have a texture property '_MainTex'
UnityEngine.Debug:ExtractStackTraceNoAlloc (byte*,int,string)
UnityEngine.StackTraceUtility:ExtractStackTrace () (at /Users/bokken/build/output/unity/unity/Runtime/Export/Scripting/StackTrace.cs:35)
UnityEngine.Material:GetTextureImpl (int)
UnityEngine.Material:GetTexture (int) (at /Users/bokken/build/output/unity/unity/Runtime/Export/Shaders/Material.cs:173)
UnityEngine.Material:get_mainTexture () (at /Users/bokken/build/output/unity/unity/Runtime/Export/Shaders/Material.bindings.cs:66)
BCaTPerformanceAuditRunner:WriteAssetInventory () (at Assets/Editor/BCaTPerformanceAuditRunner.cs:134)
BCaTPerformanceAuditRunner:Run () (at Assets/Editor/BCaTPerformanceAuditRunner.cs:32)

[Assets/Editor/BCaTPerformanceAuditRunner.cs line 134]

Material 'VFXDefault' with Shader 'VFX Graph/VFXDefault' doesn't have a texture property '_MainTex'
UnityEngine.Debug:ExtractStackTraceNoAlloc (byte*,int,string)
UnityEngine.StackTraceUtility:ExtractStackTrace () (at /Users/bokken/build/output/unity/unity/Runtime/Export/Scripting/StackTrace.cs:35)
UnityEngine.Material:GetTextureImpl (int)
UnityEngine.Material:GetTexture (int) (at /Users/bokken/build/output/unity/unity/Runtime/Export/Shaders/Material.cs:173)
UnityEngine.Material:get_mainTexture () (at /Users/bokken/build/output/unity/unity/Runtime/Export/Shaders/Material.bindings.cs:66)
BCaTPerformanceAuditRunner:WriteAssetInventory () (at Assets/Editor/BCaTPerformanceAuditRunner.cs:134)
BCaTPerformanceAuditRunner:Run () (at Assets/Editor/BCaTPerformanceAuditRunner.cs:32)

[Assets/Editor/BCaTPerformanceAuditRunner.cs line 134]

Material 'VFXDefaultSingleMesh' with Shader 'Shader Graphs/VFXDefaultSingleMesh' doesn't have a texture property '_MainTex'
UnityEngine.Debug:ExtractStackTraceNoAlloc (byte*,int,string)
UnityEngine.StackTraceUtility:ExtractStackTrace () (at /Users/bokken/build/output/unity/unity/Runtime/Export/Scripting/StackTrace.cs:35)
UnityEngine.Material:GetTextureImpl (int)
UnityEngine.Material:GetTexture (int) (at /Users/bokken/build/output/unity/unity/Runtime/Export/Shaders/Material.cs:173)
UnityEngine.Material:get_mainTexture () (at /Users/bokken/build/output/unity/unity/Runtime/Export/Shaders/Material.bindings.cs:66)
BCaTPerformanceAuditRunner:WriteAssetInventory () (at Assets/Editor/BCaTPerformanceAuditRunner.cs:134)
BCaTPerformanceAuditRunner:Run () (at Assets/Editor/BCaTPerformanceAuditRunner.cs:32)

[Assets/Editor/BCaTPerformanceAuditRunner.cs line 134]

Material 'VFXErrorFallback' with Shader 'VFX Graph/VFXErrorFallback' doesn't have a texture property '_MainTex'
UnityEngine.Debug:ExtractStackTraceNoAlloc (byte*,int,string)
UnityEngine.StackTraceUtility:ExtractStackTrace () (at /Users/bokken/build/output/unity/unity/Runtime/Export/Scripting/StackTrace.cs:35)
UnityEngine.Material:GetTextureImpl (int)
UnityEngine.Material:GetTexture (int) (at /Users/bokken/build/output/unity/unity/Runtime/Export/Shaders/Material.cs:173)
UnityEngine.Material:get_mainTexture () (at /Users/bokken/build/output/unity/unity/Runtime/Export/Shaders/Material.bindings.cs:66)
BCaTPerformanceAuditRunner:WriteAssetInventory () (at Assets/Editor/BCaTPerformanceAuditRunner.cs:134)
BCaTPerformanceAuditRunner:Run () (at Assets/Editor/BCaTPerformanceAuditRunner.cs:32)

[Assets/Editor/BCaTPerformanceAuditRunner.cs line 134]

Opening scene 'Assets/_Recovery/0 (1).unity'
Unloading 4371 Unused Serialized files (Serialized files now loaded: 0)
Loaded scene 'Assets/_Recovery/0 (1).unity'
	Deserialize:            2.936 ms
	Integration:            362.055 ms
	Integration of assets:  0.001 ms
	Thread Wait Time:       0.004 ms
	Total Operation Time:   364.995 ms
Unloading 22421 unused Assets / (3.35 GB). Loaded Objects now: 12939.
Memory consumption went from 3.96 GB to 0.61 GB.
Total: 119.624458 ms (FindLiveObjects: 0.756875 ms CreateObjectMapping: 0.809000 ms MarkObjects: 7.987875 ms  DeleteObjects: 110.069583 ms)

Opening scene 'Assets/_Recovery/0 (2).unity'
Unloading 1 Unused Serialized files (Serialized files now loaded: 0)
Loaded scene 'Assets/_Recovery/0 (2).unity'
	Deserialize:            4.271 ms
	Integration:            241.966 ms
	Integration of assets:  0.004 ms
	Thread Wait Time:       -0.002 ms
	Total Operation Time:   246.240 ms
Unloading 1 unused Assets / (0.5 KB). Loaded Objects now: 12939.
Memory consumption went from 0.51 GB to 0.51 GB.
Total: 6.701083 ms (FindLiveObjects: 0.271375 ms CreateObjectMapping: 0.203000 ms MarkObjects: 6.213417 ms  DeleteObjects: 0.013000 ms)

Opening scene 'Assets/_Recovery/0 (3).unity'
Unloading 72 Unused Serialized files (Serialized files now loaded: 0)
Loaded scene 'Assets/_Recovery/0 (3).unity'
	Deserialize:            308.038 ms
	Integration:            767.260 ms
	Integration of assets:  29.851 ms
	Thread Wait Time:       -1.849 ms
	Total Operation Time:   1103.299 ms
Unloading 1 unused Assets / (0.7 KB). Loaded Objects now: 30608.
Memory consumption went from 0.86 GB to 0.86 GB.
Total: 8.930583 ms (FindLiveObjects: 1.151583 ms CreateObjectMapping: 0.285333 ms MarkObjects: 7.470000 ms  DeleteObjects: 0.023458 ms)

Opening scene 'Assets/_Recovery/0.unity'
Unloading 770 Unused Serialized files (Serialized files now loaded: 0)
Loaded scene 'Assets/_Recovery/0.unity'
	Deserialize:            0.963 ms
	Integration:            144.328 ms
	Integration of assets:  0.001 ms
	Thread Wait Time:       0.006 ms
	Total Operation Time:   145.298 ms
Unloading 5486 unused Assets / (0.64 GB). Loaded Objects now: 12950.
Memory consumption went from 1.17 GB to 0.54 GB.
Total: 13.685125 ms (FindLiveObjects: 0.354292 ms CreateObjectMapping: 0.295041 ms MarkObjects: 5.939250 ms  DeleteObjects: 7.096292 ms)

Opening scene 'Assets/Animated Tropical Vegetation/DemoScene.unity'
LightingSettings: switching bake backend from 2 to 1.
Unloading 8 Unused Serialized files (Serialized files now loaded: 0)
Problem detected while opening the Scene file: 'Assets/Animated Tropical Vegetation/DemoScene.unity'.
Check the following logs for more details.
UnityEngine.Debug:ExtractStackTraceNoAlloc (byte*,int,string)
UnityEngine.StackTraceUtility:ExtractStackTrace () (at /Users/bokken/build/output/unity/unity/Runtime/Export/Scripting/StackTrace.cs:35)
UnityEditor.SceneManagement.EditorSceneManager:OpenScene (string,UnityEditor.SceneManagement.OpenSceneMode)
BCaTPerformanceAuditRunner:WriteSceneAudits () (at Assets/Editor/BCaTPerformanceAuditRunner.cs:151)
BCaTPerformanceAuditRunner:Run () (at Assets/Editor/BCaTPerformanceAuditRunner.cs:33)

[Assets/Editor/BCaTPerformanceAuditRunner.cs line 151]

Prefab instance problem. Missing Prefab Asset: 'Tall Tree 3 (Missing Prefab with guid: 05606d717f9c52847892a577a5c73f1c)'
UnityEngine.Debug:ExtractStackTraceNoAlloc (byte*,int,string)
UnityEngine.StackTraceUtility:ExtractStackTrace () (at /Users/bokken/build/output/unity/unity/Runtime/Export/Scripting/StackTrace.cs:35)
UnityEditor.SceneManagement.EditorSceneManager:OpenScene (string,UnityEditor.SceneManagement.OpenSceneMode)
BCaTPerformanceAuditRunner:WriteSceneAudits () (at Assets/Editor/BCaTPerformanceAuditRunner.cs:151)
BCaTPerformanceAuditRunner:Run () (at Assets/Editor/BCaTPerformanceAuditRunner.cs:33)

[Assets/Editor/BCaTPerformanceAuditRunner.cs line 151]

Prefab instance problem. Missing Prefab Asset: 'Small Palm Tree 4 (Missing Prefab with guid: 0b824050afef7154eb85824ae17da0f8)'
UnityEngine.Debug:ExtractStackTraceNoAlloc (byte*,int,string)
UnityEngine.StackTraceUtility:ExtractStackTrace () (at /Users/bokken/build/output/unity/unity/Runtime/Export/Scripting/StackTrace.cs:35)
UnityEditor.SceneManagement.EditorSceneManager:OpenScene (string,UnityEditor.SceneManagement.OpenSceneMode)
BCaTPerformanceAuditRunner:WriteSceneAudits () (at Assets/Editor/BCaTPerformanceAuditRunner.cs:151)
BCaTPerformanceAuditRunner:Run () (at Assets/Editor/BCaTPerformanceAuditRunner.cs:33)

[Assets/Editor/BCaTPerformanceAuditRunner.cs line 151]

Prefab instance problem. Missing Prefab Asset: 'Tall Tree 1 (Missing Prefab with guid: 24ff629064a67d946aef5e8910882aa5)'
UnityEngine.Debug:ExtractStackTraceNoAlloc (byte*,int,string)
UnityEngine.StackTraceUtility:ExtractStackTrace () (at /Users/bokken/build/output/unity/unity/Runtime/Export/Scripting/StackTrace.cs:35)
UnityEditor.SceneManagement.EditorSceneManager:OpenScene (string,UnityEditor.SceneManagement.OpenSceneMode)
BCaTPerformanceAuditRunner:WriteSceneAudits () (at Assets/Editor/BCaTPerformanceAuditRunner.cs:151)
BCaTPerformanceAuditRunner:Run () (at Assets/Editor/BCaTPerformanceAuditRunner.cs:33)

[Assets/Editor/BCaTPerformanceAuditRunner.cs line 151]

Prefab instance problem. Missing Prefab Asset: 'Small Tree 1 (Missing Prefab with guid: 37b8188f35a751848922b6bab8a5d5db)'
UnityEngine.Debug:ExtractStackTraceNoAlloc (byte*,int,string)
UnityEngine.StackTraceUtility:ExtractStackTrace () (at /Users/bokken/build/output/unity/unity/Runtime/Export/Scripting/StackTrace.cs:35)
UnityEditor.SceneManagement.EditorSceneManager:OpenScene (string,UnityEditor.SceneManagement.OpenSceneMode)
BCaTPerformanceAuditRunner:WriteSceneAudits () (at Assets/Editor/BCaTPerformanceAuditRunner.cs:151)
BCaTPerformanceAuditRunner:Run () (at Assets/Editor/BCaTPerformanceAuditRunner.cs:33)

[Assets/Editor/BCaTPerformanceAuditRunner.cs line 151]

Prefab instance problem. Missing Prefab Asset: 'Small Palm Tree 1 (Missing Prefab with guid: 3b7ca0b86a7b5c6489f7cd030d0698d5)'
UnityEngine.Debug:ExtractStackTraceNoAlloc (byte*,int,string)
UnityEngine.StackTraceUtility:ExtractStackTrace () (at /Users/bokken/build/output/unity/unity/Runtime/Export/Scripting/StackTrace.cs:35)
UnityEditor.SceneManagement.EditorSceneManager:OpenScene (string,UnityEditor.SceneManagement.OpenSceneMode)
BCaTPerformanceAuditRunner:WriteSceneAudits () (at Assets/Editor/BCaTPerformanceAuditRunner.cs:151)
BCaTPerformanceAuditRunner:Run () (at Assets/Editor/BCaTPerformanceAuditRunner.cs:33)

[Assets/Editor/BCaTPerformanceAuditRunner.cs line 151]

Prefab instance problem. Missing Prefab Asset: 'Small Palm Tree 3 (Missing Prefab with guid: 54321ae0905eb404da4668788f35d1ab)'
UnityEngine.Debug:ExtractStackTraceNoAlloc (byte*,int,string)
UnityEngine.StackTraceUtility:ExtractStackTrace () (at /Users/bokken/build/output/unity/unity/Runtime/Export/Scripting/StackTrace.cs:35)
UnityEditor.SceneManagement.EditorSceneManager:OpenScene (string,UnityEditor.SceneManagement.OpenSceneMode)
BCaTPerformanceAuditRunner:WriteSceneAudits () (at Assets/Editor/BCaTPerformanceAuditRunner.cs:151)
BCaTPerformanceAuditRunner:Run () (at Assets/Editor/BCaTPerformanceAuditRunner.cs:33)

[Assets/Editor/BCaTPerformanceAuditRunner.cs line 151]

Prefab instance problem. Missing Prefab Asset: 'Tall Tree 4 (Missing Prefab with guid: 615fcdeed3085b342a8e184dfa25910c)'
UnityEngine.Debug:ExtractStackTraceNoAlloc (byte*,int,string)
UnityEngine.StackTraceUtility:ExtractStackTrace () (at /Users/bokken/build/output/unity/unity/Runtime/Export/Scripting/StackTrace.cs:35)
UnityEditor.SceneManagement.EditorSceneManager:OpenScene (string,UnityEditor.SceneManagement.OpenSceneMode)
BCaTPerformanceAuditRunner:WriteSceneAudits () (at Assets/Editor/BCaTPerformanceAuditRunner.cs:151)
BCaTPerformanceAuditRunner:Run () (at Assets/Editor/BCaTPerformanceAuditRunner.cs:33)

[Assets/Editor/BCaTPerformanceAuditRunner.cs line 151]

Prefab instance problem. Missing Prefab Asset: 'Palm Tree 1 (Missing Prefab with guid: 66594e7f967a23a4cbd0074500c7b3b8)'
UnityEngine.Debug:ExtractStackTraceNoAlloc (byte*,int,string)
UnityEngine.StackTraceUtility:ExtractStackTrace () (at /Users/bokken/build/output/unity/unity/Runtime/Export/Scripting/StackTrace.cs:35)
UnityEditor.SceneManagement.EditorSceneManager:OpenScene (string,UnityEditor.SceneManagement.OpenSceneMode)
BCaTPerformanceAuditRunner:WriteSceneAudits () (at Assets/Editor/BCaTPerformanceAuditRunner.cs:151)
BCaTPerformanceAuditRunner:Run () (at Assets/Editor/BCaTPerformanceAuditRunner.cs:33)

[Assets/Editor/BCaTPerformanceAuditRunner.cs line 151]

Prefab instance problem. Missing Prefab Asset: 'Double Palm Tree (Missing Prefab with guid: 6d29b5f594e739943b09096c5b69ef40)'
UnityEngine.Debug:ExtractStackTraceNoAlloc (byte*,int,string)
UnityEngine.StackTraceUtility:ExtractStackTrace () (at /Users/bokken/build/output/unity/unity/Runtime/Export/Scripting/StackTrace.cs:35)
UnityEditor.SceneManagement.EditorSceneManager:OpenScene (string,UnityEditor.SceneManagement.OpenSceneMode)
BCaTPerformanceAuditRunner:WriteSceneAudits () (at Assets/Editor/BCaTPerformanceAuditRunner.cs:151)
BCaTPerformanceAuditRunner:Run () (at Assets/Editor/BCaTPerformanceAuditRunner.cs:33)

[Assets/Editor/BCaTPerformanceAuditRunner.cs line 151]

Prefab instance problem. Missing Prefab Asset: 'Jungle Bush 2 (Missing Prefab with guid: 9656bc9ead9e6934ab6ec2950bb0e74e)'
UnityEngine.Debug:ExtractStackTraceNoAlloc (byte*,int,string)
UnityEngine.StackTraceUtility:ExtractStackTrace () (at /Users/bokken/build/output/unity/unity/Runtime/Export/Scripting/StackTrace.cs:35)
UnityEditor.SceneManagement.EditorSceneManager:OpenScene (string,UnityEditor.SceneManagement.OpenSceneMode)
BCaTPerformanceAuditRunner:WriteSceneAudits () (at Assets/Editor/BCaTPerformanceAuditRunner.cs:151)
BCaTPerformanceAuditRunner:Run () (at Assets/Editor/BCaTPerformanceAuditRunner.cs:33)

[Assets/Editor/BCaTPerformanceAuditRunner.cs line 151]

Prefab instance problem. Missing Prefab Asset: 'Tall Tree 2 (Missing Prefab with guid: 9aa264f83138baf41b0f1f542d2e95eb)'
UnityEngine.Debug:ExtractStackTraceNoAlloc (byte*,int,string)
UnityEngine.StackTraceUtility:ExtractStackTrace () (at /Users/bokken/build/output/unity/unity/Runtime/Export/Scripting/StackTrace.cs:35)
UnityEditor.SceneManagement.EditorSceneManager:OpenScene (string,UnityEditor.SceneManagement.OpenSceneMode)
BCaTPerformanceAuditRunner:WriteSceneAudits () (at Assets/Editor/BCaTPerformanceAuditRunner.cs:151)
BCaTPerformanceAuditRunner:Run () (at Assets/Editor/BCaTPerformanceAuditRunner.cs:33)

[Assets/Editor/BCaTPerformanceAuditRunner.cs line 151]

Prefab instance problem. Missing Prefab Asset: 'Palm Tree 5 (Missing Prefab with guid: a0d5d3d5271b21e45a7933c48f7c6aaf)'
UnityEngine.Debug:ExtractStackTraceNoAlloc (byte*,int,string)
UnityEngine.StackTraceUtility:ExtractStackTrace () (at /Users/bokken/build/output/unity/unity/Runtime/Export/Scripting/StackTrace.cs:35)
UnityEditor.SceneManagement.EditorSceneManager:OpenScene (string,UnityEditor.SceneManagement.OpenSceneMode)
BCaTPerformanceAuditRunner:WriteSceneAudits () (at Assets/Editor/BCaTPerformanceAuditRunner.cs:151)
BCaTPerformanceAuditRunner:Run () (at Assets/Editor/BCaTPerformanceAuditRunner.cs:33)

[Assets/Editor/BCaTPerformanceAuditRunner.cs line 151]

Prefab instance problem. Missing Prefab Asset: 'Palm Tree 4 (Missing Prefab with guid: b8fff8d55cfa8cf4a8f5d4a3660ba8ff)'
UnityEngine.Debug:ExtractStackTraceNoAlloc (byte*,int,string)
UnityEngine.StackTraceUtility:ExtractStackTrace () (at /Users/bokken/build/output/unity/unity/Runtime/Export/Scripting/StackTrace.cs:35)
UnityEditor.SceneManagement.EditorSceneManager:OpenScene (string,UnityEditor.SceneManagement.OpenSceneMode)
BCaTPerformanceAuditRunner:WriteSceneAudits () (at Assets/Editor/BCaTPerformanceAuditRunner.cs:151)
BCaTPerformanceAuditRunner:Run () (at Assets/Editor/BCaTPerformanceAuditRunner.cs:33)

[Assets/Editor/BCaTPerformanceAuditRunner.cs line 151]

Prefab instance problem. Missing Prefab Asset: 'Palm Tree 3 (Missing Prefab with guid: bedb7fd0b41c9c74e90443dad6caa9aa)'
UnityEngine.Debug:ExtractStackTraceNoAlloc (byte*,int,string)
UnityEngine.StackTraceUtility:ExtractStackTrace () (at /Users/bokken/build/output/unity/unity/Runtime/Export/Scripting/StackTrace.cs:35)
UnityEditor.SceneManagement.EditorSceneManager:OpenScene (string,UnityEditor.SceneManagement.OpenSceneMode)
BCaTPerformanceAuditRunner:WriteSceneAudits () (at Assets/Editor/BCaTPerformanceAuditRunner.cs:151)
BCaTPerformanceAuditRunner:Run () (at Assets/Editor/BCaTPerformanceAuditRunner.cs:33)

[Assets/Editor/BCaTPerformanceAuditRunner.cs line 151]

Prefab instance problem. Missing Prefab Asset: 'Small Palm Tree 2 (Missing Prefab with guid: c2bbfcb4be74f7d4ca68e74b671205d1)'
UnityEngine.Debug:ExtractStackTraceNoAlloc (byte*,int,string)
UnityEngine.StackTraceUtility:ExtractStackTrace () (at /Users/bokken/build/output/unity/unity/Runtime/Export/Scripting/StackTrace.cs:35)
UnityEditor.SceneManagement.EditorSceneManager:OpenScene (string,UnityEditor.SceneManagement.OpenSceneMode)
BCaTPerformanceAuditRunner:WriteSceneAudits () (at Assets/Editor/BCaTPerformanceAuditRunner.cs:151)
BCaTPerformanceAuditRunner:Run () (at Assets/Editor/BCaTPerformanceAuditRunner.cs:33)

[Assets/Editor/BCaTPerformanceAuditRunner.cs line 151]

Prefab instance problem. Missing Prefab Asset: 'Small Tree 5 (Missing Prefab with guid: c779867ea257cde49a956869f7811d84)'
UnityEngine.Debug:ExtractStackTraceNoAlloc (byte*,int,string)
UnityEngine.StackTraceUtility:ExtractStackTrace () (at /Users/bokken/build/output/unity/unity/Runtime/Export/Scripting/StackTrace.cs:35)
UnityEditor.SceneManagement.EditorSceneManager:OpenScene (string,UnityEditor.SceneManagement.OpenSceneMode)
BCaTPerformanceAuditRunner:WriteSceneAudits () (at Assets/Editor/BCaTPerformanceAuditRunner.cs:151)
BCaTPerformanceAuditRunner:Run () (at Assets/Editor/BCaTPerformanceAuditRunner.cs:33)

[Assets/Editor/BCaTPerformanceAuditRunner.cs line 151]

Prefab instance problem. Missing Prefab Asset: 'Jungle Tree (Missing Prefab with guid: f68af67f5d0340e42b20417a46d0edb5)'
UnityEngine.Debug:ExtractStackTraceNoAlloc (byte*,int,string)
UnityEngine.StackTraceUtility:ExtractStackTrace () (at /Users/bokken/build/output/unity/unity/Runtime/Export/Scripting/StackTrace.cs:35)
UnityEditor.SceneManagement.EditorSceneManager:OpenScene (string,UnityEditor.SceneManagement.OpenSceneMode)
BCaTPerformanceAuditRunner:WriteSceneAudits () (at Assets/Editor/BCaTPerformanceAuditRunner.cs:151)
BCaTPerformanceAuditRunner:Run () (at Assets/Editor/BCaTPerformanceAuditRunner.cs:33)

[Assets/Editor/BCaTPerformanceAuditRunner.cs line 151]

Loaded scene 'Assets/Animated Tropical Vegetation/DemoScene.unity'
	Deserialize:            9.387 ms
	Integration:            182.656 ms
	Integration of assets:  0.169 ms
	Thread Wait Time:       0.006 ms
	Total Operation Time:   192.218 ms
Unloading 4 unused Assets / (4.8 KB). Loaded Objects now: 17638.
Memory consumption went from 0.51 GB to 0.51 GB.
Total: 6.657834 ms (FindLiveObjects: 0.389625 ms CreateObjectMapping: 0.292292 ms MarkObjects: 5.935666 ms  DeleteObjects: 0.040000 ms)

Opening scene 'Assets/BCaT/Exhibits/BlackKitchen/Scenes/BlackKitchen_MemoryScene.unity'
Unloading 200 Unused Serialized files (Serialized files now loaded: 0)
Loaded scene 'Assets/BCaT/Exhibits/BlackKitchen/Scenes/BlackKitchen_MemoryScene.unity'
	Deserialize:            2.735 ms
	Integration:            182.651 ms
	Integration of assets:  0.007 ms
	Thread Wait Time:       0.004 ms
	Total Operation Time:   185.398 ms
Unloading 2416 unused Assets / (89.7 MB). Loaded Objects now: 13772.
Memory consumption went from 0.62 GB to 0.54 GB.
Total: 7.792000 ms (FindLiveObjects: 0.332875 ms CreateObjectMapping: 0.277375 ms MarkObjects: 6.008667 ms  DeleteObjects: 1.172750 ms)

Opening scene 'Assets/BCaT/SceneTransitions/Scenes/LoadingScene.unity'
Unloading 29 Unused Serialized files (Serialized files now loaded: 0)
Loaded scene 'Assets/BCaT/SceneTransitions/Scenes/LoadingScene.unity'
	Deserialize:            0.386 ms
	Integration:            145.230 ms
	Integration of assets:  0.001 ms
	Thread Wait Time:       0.005 ms
	Total Operation Time:   145.621 ms
Unloading 409 unused Assets / (0.9 MB). Loaded Objects now: 12954.
Memory consumption went from 0.53 GB to 0.53 GB.
Total: 6.547958 ms (FindLiveObjects: 0.272250 ms CreateObjectMapping: 0.193167 ms MarkObjects: 5.811000 ms  DeleteObjects: 0.271333 ms)

Opening scene 'Assets/BH_XR_MainScene.unity'
Unloading 72 Unused Serialized files (Serialized files now loaded: 0)
Loaded scene 'Assets/BH_XR_MainScene.unity'
	Deserialize:            74.598 ms
	Integration:            308.637 ms
	Integration of assets:  27.156 ms
	Thread Wait Time:       -0.283 ms
	Total Operation Time:   410.109 ms
Unloading 1 unused Assets / (0.7 KB). Loaded Objects now: 30608.
Memory consumption went from 0.86 GB to 0.86 GB.
Total: 8.527583 ms (FindLiveObjects: 0.905709 ms CreateObjectMapping: 0.303250 ms MarkObjects: 7.298542 ms  DeleteObjects: 0.020000 ms)

Opening scene 'Assets/BrokenVector/LowPolyFencePack/Scenes/All Fences Example.unity'
Component GUI Layer in Main Camera for Scene Assets/BrokenVector/LowPolyFencePack/Scenes/All Fences Example.unity is no longer available.
It will be removed after you edit this GameObject and save the Scene.
UnityEngine.Debug:ExtractStackTraceNoAlloc (byte*,int,string)
UnityEngine.StackTraceUtility:ExtractStackTrace () (at /Users/bokken/build/output/unity/unity/Runtime/Export/Scripting/StackTrace.cs:35)
UnityEditor.SceneManagement.EditorSceneManager:OpenScene (string,UnityEditor.SceneManagement.OpenSceneMode)
BCaTPerformanceAuditRunner:WriteSceneAudits () (at Assets/Editor/BCaTPerformanceAuditRunner.cs:151)
BCaTPerformanceAuditRunner:Run () (at Assets/Editor/BCaTPerformanceAuditRunner.cs:33)

[Assets/Editor/BCaTPerformanceAuditRunner.cs line 151]

Unloading 766 Unused Serialized files (Serialized files now loaded: 0)
DisplayProgressbar: Baking Adaptive Probe Volumes
Created GICache directory at /Users/terrence/Library/Caches/com.unity3d.UnityEditor/GiCache. Took: 0.001s, timestamps: [23.289 - 23.291]
[00:00:00] Precompute started.
Launching external process: /Applications/Unity/Hub/Editor/6000.4.5f1/Unity.app/Contents/Helpers/JobProcess
[BakePipeline::Driver] Extracted OOTS snapshot with 0 instances, 0 geometries, 0 meshes, 0 materials, 0 lights, 0 cookies in 59.55ms.
-- Listing OpenCL platforms(s) --
 * OpenCL platform 0
	PROFILE = FULL_PROFILE
	VERSION = OpenCL 1.2 (Apr 18 2026 19:20:04)
	NAME = Apple
	VENDOR = Apple
-- Listing OpenCL device(s) --
 * OpenCL platform 0, device 0 
	DEVICE_TYPE = 4
	DEVICE_NAME = Apple M4
	DEVICE_VENDOR = Apple
	DEVICE_VERSION = OpenCL 1.2 
	DRIVER_VERSION = 1.2 1.0
	DEVICE_MAX_COMPUTE_UNITS = 8
	DEVICE_MAX_CLOCK_FREQUENCY = 1000
	CL_DEVICE_MAX_CONSTANT_BUFFER_SIZE = 1073741824
	CL_DEVICE_HOST_UNIFIED_MEMORY = true
	CL_DEVICE_MAX_MEM_ALLOC_SIZE = 2383708160
	DEVICE_GLOBAL_MEM_SIZE = 12713115648
[BakePipeline::Driver] Transformed OOTS snapshot into LightBaker scene input (0x36ab4e4f0) in 22.23ms. Size: 1.50MB.
[BakePipeline::PreprocessStage] Background thread started.
[PathTracer] Finished packing lightmaps in 0.000000 seconds.
[00:00:00] Builtin Sky manager started.
[BakePipeline::BakeStage] Background thread started. Calling LightBaker.
[BakePipeline::BakeStage] LightBaker bake took 0.00ms and succeeded.
[00:00:00] Finished 1 Bake Ambient Probe job (0.00s execute, 0.00s integrate, 0.01s wallclock)
[BakePipeline::PostProcessStage] Started.
[BakePipeline::Run] Completed succesfully.
[00:00:01] Finished 1 Layout Systems job (1.05s execute, 0.00s integrate, 1.06s wallclock)
[00:00:01] Finished 1 Tetrahedralize Probes job (0.00s execute, 0.00s integrate, 0.01s wallclock)
[00:00:01] Precompute took 1.068597 seconds.
Enlighten scene contents:   0 geometries.   0 instances.   0 systems.   0 probe groups.   0 cube maps. Scene is up-to-date.
Loaded scene 'Assets/BrokenVector/LowPolyFencePack/Scenes/All Fences Example.unity'
	Deserialize:            6.223 ms
	Integration:            1543.266 ms
	Integration of assets:  0.044 ms
	Thread Wait Time:       0.005 ms
	Total Operation Time:   1549.537 ms
Unloading 5487 unused Assets / (0.64 GB). Loaded Objects now: 13387.
Memory consumption went from 1.18 GB to 0.54 GB.
Total: 13.073000 ms (FindLiveObjects: 0.372625 ms CreateObjectMapping: 0.302917 ms MarkObjects: 6.253958 ms  DeleteObjects: 6.143333 ms)

Opening scene 'Assets/BrokenVector/LowPolyFencePack/Scenes/Animated Doors Example.unity'
Unloading 41 Unused Serialized files (Serialized files now loaded: 0)
[00:00:00] Builtin Sky manager took 1.338488 seconds. Cancelled, so not done yet.
[00:00:00] Precompute started.
Launching external process: /Applications/Unity/Hub/Editor/6000.4.5f1/Unity.app/Contents/Helpers/JobProcess
[BakePipeline::Driver] Extracted OOTS snapshot with 0 instances, 0 geometries, 0 meshes, 0 materials, 0 lights, 0 cookies in 0.08ms.
[BakePipeline::Driver] Transformed OOTS snapshot into LightBaker scene input (0x31f97a120) in 0.32ms. Size: 1.50MB.
[BakePipeline::PreprocessStage] Background thread started.
[PathTracer] Finished packing lightmaps in 0.000000 seconds.
[BakePipeline::BakeStage] Background thread started. Calling LightBaker.
[BakePipeline::BakeStage] LightBaker bake took 0.00ms and succeeded.
[BakePipeline::PostProcessStage] Started.
[BakePipeline::Run] Completed succesfully.
[00:00:00] Finished 1 Layout Systems job (0.03s execute, 0.00s integrate, 0.04s wallclock)
[00:00:00] Finished 1 Tetrahedralize Probes job (0.00s execute, 0.00s integrate, 0.01s wallclock)
[00:00:00] Precompute took 0.048647 seconds.
Enlighten scene contents:   0 geometries.   0 instances.   0 systems.   0 probe groups.   0 cube maps. Scene is up-to-date.
Loaded scene 'Assets/BrokenVector/LowPolyFencePack/Scenes/Animated Doors Example.unity'
	Deserialize:            0.821 ms
	Integration:            378.455 ms
	Integration of assets:  0.001 ms
	Thread Wait Time:       0.005 ms
	Total Operation Time:   379.281 ms
Unloading 97 unused Assets / (65.5 KB). Loaded Objects now: 13158.
Memory consumption went from 505.3 MB to 505.2 MB.
Total: 6.945750 ms (FindLiveObjects: 0.271750 ms CreateObjectMapping: 0.207709 ms MarkObjects: 6.348458 ms  DeleteObjects: 0.117500 ms)

Opening scene 'Assets/Coconut Palm Tree Pack/Coconut Palm Tree Pack.unity'
Unloading 2 Unused Serialized files (Serialized files now loaded: 0)
Problem detected while opening the Scene file: 'Assets/Coconut Palm Tree Pack/Coconut Palm Tree Pack.unity'.
Check the following logs for more details.
UnityEngine.Debug:ExtractStackTraceNoAlloc (byte*,int,string)
UnityEngine.StackTraceUtility:ExtractStackTrace () (at /Users/bokken/build/output/unity/unity/Runtime/Export/Scripting/StackTrace.cs:35)
UnityEditor.SceneManagement.EditorSceneManager:OpenScene (string,UnityEditor.SceneManagement.OpenSceneMode)
BCaTPerformanceAuditRunner:WriteSceneAudits () (at Assets/Editor/BCaTPerformanceAuditRunner.cs:151)
BCaTPerformanceAuditRunner:Run () (at Assets/Editor/BCaTPerformanceAuditRunner.cs:33)

[Assets/Editor/BCaTPerformanceAuditRunner.cs line 151]

Prefab instance problem. Missing Prefab Asset: 'Missing Prefab with guid: a5180b78e14595545b205f7fe0e69f43'
UnityEngine.Debug:ExtractStackTraceNoAlloc (byte*,int,string)
UnityEngine.StackTraceUtility:ExtractStackTrace () (at /Users/bokken/build/output/unity/unity/Runtime/Export/Scripting/StackTrace.cs:35)
UnityEditor.SceneManagement.EditorSceneManager:OpenScene (string,UnityEditor.SceneManagement.OpenSceneMode)
BCaTPerformanceAuditRunner:WriteSceneAudits () (at Assets/Editor/BCaTPerformanceAuditRunner.cs:151)
BCaTPerformanceAuditRunner:Run () (at Assets/Editor/BCaTPerformanceAuditRunner.cs:33)

[Assets/Editor/BCaTPerformanceAuditRunner.cs line 151]

[00:00:00] Precompute started.
Launching external process: /Applications/Unity/Hub/Editor/6000.4.5f1/Unity.app/Contents/Helpers/JobProcess
[BakePipeline::Driver] Extracted OOTS snapshot with 0 instances, 0 geometries, 0 meshes, 0 materials, 0 lights, 0 cookies in 0.09ms.
[BakePipeline::Driver] Transformed OOTS snapshot into LightBaker scene input (0x3075741e0) in 0.31ms. Size: 1.50MB.
[BakePipeline::PreprocessStage] Background thread started.
[00:00:00] Builtin Sky manager started.
[PathTracer] Finished packing lightmaps in 0.000000 seconds.
[BakePipeline::BakeStage] Background thread started. Calling LightBaker.
[BakePipeline::BakeStage] LightBaker bake took 0.00ms and succeeded.
[BakePipeline::PostProcessStage] Started.
[BakePipeline::Run] Completed succesfully.
[00:00:00] Finished 1 Layout Systems job (0.03s execute, 0.00s integrate, 0.04s wallclock)
[00:00:00] Finished 1 Tetrahedralize Probes job (0.00s execute, 0.00s integrate, 0.01s wallclock)
[00:00:00] Precompute took 0.049686 seconds.
Enlighten scene contents:   0 geometries.   0 instances.   0 systems.   0 probe groups.   0 cube maps. Scene is up-to-date.
Loaded scene 'Assets/Coconut Palm Tree Pack/Coconut Palm Tree Pack.unity'
	Deserialize:            5.285 ms
	Integration:            416.423 ms
	Integration of assets:  0.002 ms
	Thread Wait Time:       0.003 ms
	Total Operation Time:   421.713 ms
Unloading 75 unused Assets / (24.7 KB). Loaded Objects now: 13538.
Memory consumption went from 0.50 GB to 0.50 GB.
Total: 7.086500 ms (FindLiveObjects: 0.282292 ms CreateObjectMapping: 0.196500 ms MarkObjects: 6.339500 ms  DeleteObjects: 0.268000 ms)

Opening scene 'Assets/DevDen Arch Viz Scotland/Scenes/ArchViz.unity'
Unloading 60 Unused Serialized files (Serialized files now loaded: 0)
Unknown error occurred while loading 'Assets/DevDen Arch Viz Scotland/Scenes/ArchViz/LightingData.asset'.
UnityEngine.Debug:ExtractStackTraceNoAlloc (byte*,int,string)
UnityEngine.StackTraceUtility:ExtractStackTrace () (at /Users/bokken/build/output/unity/unity/Runtime/Export/Scripting/StackTrace.cs:35)
UnityEditor.SceneManagement.EditorSceneManager:OpenScene (string,UnityEditor.SceneManagement.OpenSceneMode)
BCaTPerformanceAuditRunner:WriteSceneAudits () (at Assets/Editor/BCaTPerformanceAuditRunner.cs:151)
BCaTPerformanceAuditRunner:Run () (at Assets/Editor/BCaTPerformanceAuditRunner.cs:33)

[Assets/Editor/BCaTPerformanceAuditRunner.cs line 151]

[00:00:00] Builtin Sky manager took 0.422273 seconds. Cancelled, so not done yet.
Loaded scene 'Assets/DevDen Arch Viz Scotland/Scenes/ArchViz.unity'
	Deserialize:            13.992 ms
	Integration:            152.110 ms
	Integration of assets:  0.063 ms
	Thread Wait Time:       0.005 ms
	Total Operation Time:   166.170 ms
Unloading 276 unused Assets / (114.8 KB). Loaded Objects now: 15333.
Memory consumption went from 0.53 GB to 0.53 GB.
Total: 7.178167 ms (FindLiveObjects: 0.343417 ms CreateObjectMapping: 0.232416 ms MarkObjects: 6.342334 ms  DeleteObjects: 0.259708 ms)

Opening scene 'Assets/Emilulz_Assets/DEMOLowPolyFlowers/DemoScene/DemoLowpolyFlowers.unity'
Unloading 601 Unused Serialized files (Serialized files now loaded: 0)
Loaded scene 'Assets/Emilulz_Assets/DEMOLowPolyFlowers/DemoScene/DemoLowpolyFlowers.unity'
	Deserialize:            0.863 ms
	Integration:            145.366 ms
	Integration of assets:  0.001 ms
	Thread Wait Time:       0.006 ms
	Total Operation Time:   146.235 ms
Unloading 845 unused Assets / (0.67 GB). Loaded Objects now: 13082.
Memory consumption went from 1.40 GB to 0.73 GB.
Total: 9.376875 ms (FindLiveObjects: 0.289917 ms CreateObjectMapping: 0.142375 ms MarkObjects: 6.190000 ms  DeleteObjects: 2.754208 ms)

Opening scene 'Assets/Food Pack-Demo/Scenes/DemoScene.unity'
Unloading 15 Unused Serialized files (Serialized files now loaded: 0)
Loaded scene 'Assets/Food Pack-Demo/Scenes/DemoScene.unity'
	Deserialize:            2.954 ms
	Integration:            170.639 ms
	Integration of assets:  0.001 ms
	Thread Wait Time:       0.006 ms
	Total Operation Time:   173.600 ms
Unloading 36 unused Assets / (30.2 KB). Loaded Objects now: 13634.
Memory consumption went from 0.51 GB to 0.51 GB.
Total: 6.647000 ms (FindLiveObjects: 0.281083 ms CreateObjectMapping: 0.127583 ms MarkObjects: 6.165000 ms  DeleteObjects: 0.073000 ms)

Opening scene 'Assets/Furniture Mega Pack/Scenes/Furniture Mega Pack.unity'
Unloading 117 Unused Serialized files (Serialized files now loaded: 0)
Loaded scene 'Assets/Furniture Mega Pack/Scenes/Furniture Mega Pack.unity'
	Deserialize:            14.007 ms
	Integration:            365.977 ms
	Integration of assets:  0.010 ms
	Thread Wait Time:       -0.000 ms
	Total Operation Time:   379.995 ms
Unloading 336 unused Assets / (243.5 KB). Loaded Objects now: 26366.
Memory consumption went from 0.74 GB to 0.74 GB.
Total: 7.416333 ms (FindLiveObjects: 0.629916 ms CreateObjectMapping: 0.256334 ms MarkObjects: 6.258500 ms  DeleteObjects: 0.271333 ms)

Opening scene 'Assets/SimpleNaturePack/Scenes/SimpleNaturePack_Demo.unity'
Unloading 1300 Unused Serialized files (Serialized files now loaded: 0)
LightingSettings: switching bake backend from 2 to 1.
[00:00:00] Precompute started.
Launching external process: /Applications/Unity/Hub/Editor/6000.4.5f1/Unity.app/Contents/Helpers/JobProcess
[BakePipeline::Driver] Extracted OOTS snapshot with 0 instances, 0 geometries, 0 meshes, 0 materials, 0 lights, 0 cookies in 0.27ms.
[BakePipeline::Driver] Transformed OOTS snapshot into LightBaker scene input (0x306827450) in 0.29ms. Size: 1.50MB.
[BakePipeline::PreprocessStage] Background thread started.
[PathTracer] Finished packing lightmaps in 0.000001 seconds.
[00:00:00] Builtin Sky manager started.
[BakePipeline::BakeStage] Background thread started. Calling LightBaker.
[BakePipeline::BakeStage] LightBaker bake took 0.00ms and succeeded.
[BakePipeline::PostProcessStage] Started.
[00:00:00] Finished 1 Bake Ambient Probe job (0.00s execute, 0.00s integrate, 0.01s wallclock)
[BakePipeline::Run] Completed succesfully.
[00:00:00] Finished 1 Layout Systems job (0.03s execute, 0.00s integrate, 0.04s wallclock)
[00:00:00] Finished 1 Tetrahedralize Probes job (0.00s execute, 0.00s integrate, 0.01s wallclock)
[00:00:00] Precompute took 0.051134 seconds.
Enlighten scene contents:   0 geometries.   0 instances.   0 systems.   0 probe groups.   0 cube maps. Scene is up-to-date.
Loaded scene 'Assets/SimpleNaturePack/Scenes/SimpleNaturePack_Demo.unity'
	Deserialize:            4.088 ms
	Integration:            404.612 ms
	Integration of assets:  0.001 ms
	Thread Wait Time:       0.001 ms
	Total Operation Time:   408.702 ms
Unloading 7621 unused Assets / (0.96 GB). Loaded Objects now: 14726.
Memory consumption went from 1.52 GB to 0.56 GB.
Total: 20.410875 ms (FindLiveObjects: 0.470458 ms CreateObjectMapping: 0.369833 ms MarkObjects: 6.339500 ms  DeleteObjects: 13.230917 ms)

Opening scene 'Assets/SimpleNaturePack/Scenes/SimpleNaturePack_Overview.unity'
Unloading 52 Unused Serialized files (Serialized files now loaded: 0)
LightingSettings: switching bake backend from 2 to 1.
[00:00:00] Builtin Sky manager took 0.420392 seconds. Cancelled, so not done yet.
[00:00:00] Precompute started.
Launching external process: /Applications/Unity/Hub/Editor/6000.4.5f1/Unity.app/Contents/Helpers/JobProcess
[BakePipeline::Driver] Extracted OOTS snapshot with 0 instances, 0 geometries, 0 meshes, 0 materials, 0 lights, 0 cookies in 0.09ms.
[BakePipeline::Driver] Transformed OOTS snapshot into LightBaker scene input (0x36abff200) in 0.33ms. Size: 1.50MB.
[BakePipeline::PreprocessStage] Background thread started.
[PathTracer] Finished packing lightmaps in 0.000001 seconds.
[00:00:00] Builtin Sky manager started.
[BakePipeline::BakeStage] Background thread started. Calling LightBaker.
[BakePipeline::BakeStage] LightBaker bake took 0.00ms and succeeded.
[BakePipeline::PostProcessStage] Started.
[00:00:00] Finished 1 Bake Ambient Probe job (0.00s execute, 0.00s integrate, 0.01s wallclock)
[BakePipeline::Run] Completed succesfully.
[00:00:00] Finished 1 Layout Systems job (0.03s execute, 0.00s integrate, 0.04s wallclock)
[00:00:00] Finished 1 Tetrahedralize Probes job (0.00s execute, 0.00s integrate, 0.01s wallclock)
[00:00:00] Precompute took 0.050387 seconds.
Enlighten scene contents:   0 geometries.   0 instances.   0 systems.   0 probe groups.   0 cube maps. Scene is up-to-date.
Loaded scene 'Assets/SimpleNaturePack/Scenes/SimpleNaturePack_Overview.unity'
	Deserialize:            1.587 ms
	Integration:            387.679 ms
	Integration of assets:  0.001 ms
	Thread Wait Time:       0.005 ms
	Total Operation Time:   389.273 ms
Unloading 3 unused Assets / (1.0 KB). Loaded Objects now: 13579.
Memory consumption went from 507.2 MB to 507.1 MB.
Total: 6.673834 ms (FindLiveObjects: 0.286583 ms CreateObjectMapping: 0.187708 ms MarkObjects: 6.182000 ms  DeleteObjects: 0.017292 ms)

Canceling DisplayDialog: Opening scene in read-only package! It is not allowed to open a scene in a read-only package.
This should not be called when not controlled by a human.
UnityEngine.Debug:ExtractStackTraceNoAlloc (byte*,int,string)
UnityEngine.StackTraceUtility:ExtractStackTrace () (at /Users/bokken/build/output/unity/unity/Runtime/Export/Scripting/StackTrace.cs:35)
UnityEditor.SceneManagement.EditorSceneManager:OpenScene (string,UnityEditor.SceneManagement.OpenSceneMode)
BCaTPerformanceAuditRunner:WriteSceneAudits () (at Assets/Editor/BCaTPerformanceAuditRunner.cs:151)
BCaTPerformanceAuditRunner:Run () (at Assets/Editor/BCaTPerformanceAuditRunner.cs:33)

[Assets/Editor/BCaTPerformanceAuditRunner.cs line 151]

Canceling DisplayDialog: Opening scene in read-only package! It is not allowed to open a scene in a read-only package.
This should not be called when not controlled by a human.
UnityEngine.Debug:ExtractStackTraceNoAlloc (byte*,int,string)
UnityEngine.StackTraceUtility:ExtractStackTrace () (at /Users/bokken/build/output/unity/unity/Runtime/Export/Scripting/StackTrace.cs:35)
UnityEditor.SceneManagement.EditorSceneManager:OpenScene (string,UnityEditor.SceneManagement.OpenSceneMode)
BCaTPerformanceAuditRunner:WriteSceneAudits () (at Assets/Editor/BCaTPerformanceAuditRunner.cs:151)
BCaTPerformanceAuditRunner:Run () (at Assets/Editor/BCaTPerformanceAuditRunner.cs:33)

[Assets/Editor/BCaTPerformanceAuditRunner.cs line 151]

Canceling DisplayDialog: Opening scene in read-only package! It is not allowed to open a scene in a read-only package.
This should not be called when not controlled by a human.
UnityEngine.Debug:ExtractStackTraceNoAlloc (byte*,int,string)
UnityEngine.StackTraceUtility:ExtractStackTrace () (at /Users/bokken/build/output/unity/unity/Runtime/Export/Scripting/StackTrace.cs:35)
UnityEditor.SceneManagement.EditorSceneManager:OpenScene (string,UnityEditor.SceneManagement.OpenSceneMode)
BCaTPerformanceAuditRunner:WriteSceneAudits () (at Assets/Editor/BCaTPerformanceAuditRunner.cs:151)
BCaTPerformanceAuditRunner:Run () (at Assets/Editor/BCaTPerformanceAuditRunner.cs:33)

[Assets/Editor/BCaTPerformanceAuditRunner.cs line 151]

Canceling DisplayDialog: Opening scene in read-only package! It is not allowed to open a scene in a read-only package.
This should not be called when not controlled by a human.
UnityEngine.Debug:ExtractStackTraceNoAlloc (byte*,int,string)
UnityEngine.StackTraceUtility:ExtractStackTrace () (at /Users/bokken/build/output/unity/unity/Runtime/Export/Scripting/StackTrace.cs:35)
UnityEditor.SceneManagement.EditorSceneManager:OpenScene (string,UnityEditor.SceneManagement.OpenSceneMode)
BCaTPerformanceAuditRunner:WriteSceneAudits () (at Assets/Editor/BCaTPerformanceAuditRunner.cs:151)
BCaTPerformanceAuditRunner:Run () (at Assets/Editor/BCaTPerformanceAuditRunner.cs:33)

[Assets/Editor/BCaTPerformanceAuditRunner.cs line 151]

Canceling DisplayDialog: Opening scene in read-only package! It is not allowed to open a scene in a read-only package.
This should not be called when not controlled by a human.
UnityEngine.Debug:ExtractStackTraceNoAlloc (byte*,int,string)
UnityEngine.StackTraceUtility:ExtractStackTrace () (at /Users/bokken/build/output/unity/unity/Runtime/Export/Scripting/StackTrace.cs:35)
UnityEditor.SceneManagement.EditorSceneManager:OpenScene (string,UnityEditor.SceneManagement.OpenSceneMode)
BCaTPerformanceAuditRunner:WriteSceneAudits () (at Assets/Editor/BCaTPerformanceAuditRunner.cs:151)
BCaTPerformanceAuditRunner:Run () (at Assets/Editor/BCaTPerformanceAuditRunner.cs:33)

[Assets/Editor/BCaTPerformanceAuditRunner.cs line 151]

Canceling DisplayDialog: Opening scene in read-only package! It is not allowed to open a scene in a read-only package.
This should not be called when not controlled by a human.
UnityEngine.Debug:ExtractStackTraceNoAlloc (byte*,int,string)
UnityEngine.StackTraceUtility:ExtractStackTrace () (at /Users/bokken/build/output/unity/unity/Runtime/Export/Scripting/StackTrace.cs:35)
UnityEditor.SceneManagement.EditorSceneManager:OpenScene (string,UnityEditor.SceneManagement.OpenSceneMode)
BCaTPerformanceAuditRunner:WriteSceneAudits () (at Assets/Editor/BCaTPerformanceAuditRunner.cs:151)
BCaTPerformanceAuditRunner:Run () (at Assets/Editor/BCaTPerformanceAuditRunner.cs:33)

[Assets/Editor/BCaTPerformanceAuditRunner.cs line 151]

Canceling DisplayDialog: Opening scene in read-only package! It is not allowed to open a scene in a read-only package.
This should not be called when not controlled by a human.
UnityEngine.Debug:ExtractStackTraceNoAlloc (byte*,int,string)
UnityEngine.StackTraceUtility:ExtractStackTrace () (at /Users/bokken/build/output/unity/unity/Runtime/Export/Scripting/StackTrace.cs:35)
UnityEditor.SceneManagement.EditorSceneManager:OpenScene (string,UnityEditor.SceneManagement.OpenSceneMode)
BCaTPerformanceAuditRunner:WriteSceneAudits () (at Assets/Editor/BCaTPerformanceAuditRunner.cs:151)
BCaTPerformanceAuditRunner:Run () (at Assets/Editor/BCaTPerformanceAuditRunner.cs:33)

[Assets/Editor/BCaTPerformanceAuditRunner.cs line 151]

Canceling DisplayDialog: Opening scene in read-only package! It is not allowed to open a scene in a read-only package.
This should not be called when not controlled by a human.
UnityEngine.Debug:ExtractStackTraceNoAlloc (byte*,int,string)
UnityEngine.StackTraceUtility:ExtractStackTrace () (at /Users/bokken/build/output/unity/unity/Runtime/Export/Scripting/StackTrace.cs:35)
UnityEditor.SceneManagement.EditorSceneManager:OpenScene (string,UnityEditor.SceneManagement.OpenSceneMode)
BCaTPerformanceAuditRunner:WriteSceneAudits () (at Assets/Editor/BCaTPerformanceAuditRunner.cs:151)
BCaTPerformanceAuditRunner:Run () (at Assets/Editor/BCaTPerformanceAuditRunner.cs:33)

[Assets/Editor/BCaTPerformanceAuditRunner.cs line 151]

Canceling DisplayDialog: Opening scene in read-only package! It is not allowed to open a scene in a read-only package.
This should not be called when not controlled by a human.
UnityEngine.Debug:ExtractStackTraceNoAlloc (byte*,int,string)
UnityEngine.StackTraceUtility:ExtractStackTrace () (at /Users/bokken/build/output/unity/unity/Runtime/Export/Scripting/StackTrace.cs:35)
UnityEditor.SceneManagement.EditorSceneManager:OpenScene (string,UnityEditor.SceneManagement.OpenSceneMode)
BCaTPerformanceAuditRunner:WriteSceneAudits () (at Assets/Editor/BCaTPerformanceAuditRunner.cs:151)
BCaTPerformanceAuditRunner:Run () (at Assets/Editor/BCaTPerformanceAuditRunner.cs:33)

[Assets/Editor/BCaTPerformanceAuditRunner.cs line 151]

Canceling DisplayDialog: Opening scene in read-only package! It is not allowed to open a scene in a read-only package.
This should not be called when not controlled by a human.
UnityEngine.Debug:ExtractStackTraceNoAlloc (byte*,int,string)
UnityEngine.StackTraceUtility:ExtractStackTrace () (at /Users/bokken/build/output/unity/unity/Runtime/Export/Scripting/StackTrace.cs:35)
UnityEditor.SceneManagement.EditorSceneManager:OpenScene (string,UnityEditor.SceneManagement.OpenSceneMode)
BCaTPerformanceAuditRunner:WriteSceneAudits () (at Assets/Editor/BCaTPerformanceAuditRunner.cs:151)
BCaTPerformanceAuditRunner:Run () (at Assets/Editor/BCaTPerformanceAuditRunner.cs:33)

[Assets/Editor/BCaTPerformanceAuditRunner.cs line 151]

Canceling DisplayDialog: Opening scene in read-only package! It is not allowed to open a scene in a read-only package.
This should not be called when not controlled by a human.
UnityEngine.Debug:ExtractStackTraceNoAlloc (byte*,int,string)
UnityEngine.StackTraceUtility:ExtractStackTrace () (at /Users/bokken/build/output/unity/unity/Runtime/Export/Scripting/StackTrace.cs:35)
UnityEditor.SceneManagement.EditorSceneManager:OpenScene (string,UnityEditor.SceneManagement.OpenSceneMode)
BCaTPerformanceAuditRunner:WriteSceneAudits () (at Assets/Editor/BCaTPerformanceAuditRunner.cs:151)
BCaTPerformanceAuditRunner:Run () (at Assets/Editor/BCaTPerformanceAuditRunner.cs:33)

[Assets/Editor/BCaTPerformanceAuditRunner.cs line 151]

Canceling DisplayDialog: Opening scene in read-only package! It is not allowed to open a scene in a read-only package.
This should not be called when not controlled by a human.
UnityEngine.Debug:ExtractStackTraceNoAlloc (byte*,int,string)
UnityEngine.StackTraceUtility:ExtractStackTrace () (at /Users/bokken/build/output/unity/unity/Runtime/Export/Scripting/StackTrace.cs:35)
UnityEditor.SceneManagement.EditorSceneManager:OpenScene (string,UnityEditor.SceneManagement.OpenSceneMode)
BCaTPerformanceAuditRunner:WriteSceneAudits () (at Assets/Editor/BCaTPerformanceAuditRunner.cs:151)
BCaTPerformanceAuditRunner:Run () (at Assets/Editor/BCaTPerformanceAuditRunner.cs:33)

[Assets/Editor/BCaTPerformanceAuditRunner.cs line 151]

Canceling DisplayDialog: Opening scene in read-only package! It is not allowed to open a scene in a read-only package.
This should not be called when not controlled by a human.
UnityEngine.Debug:ExtractStackTraceNoAlloc (byte*,int,string)
UnityEngine.StackTraceUtility:ExtractStackTrace () (at /Users/bokken/build/output/unity/unity/Runtime/Export/Scripting/StackTrace.cs:35)
UnityEditor.SceneManagement.EditorSceneManager:OpenScene (string,UnityEditor.SceneManagement.OpenSceneMode)
BCaTPerformanceAuditRunner:WriteSceneAudits () (at Assets/Editor/BCaTPerformanceAuditRunner.cs:151)
BCaTPerformanceAuditRunner:Run () (at Assets/Editor/BCaTPerformanceAuditRunner.cs:33)

[Assets/Editor/BCaTPerformanceAuditRunner.cs line 151]

Canceling DisplayDialog: Opening scene in read-only package! It is not allowed to open a scene in a read-only package.
This should not be called when not controlled by a human.
UnityEngine.Debug:ExtractStackTraceNoAlloc (byte*,int,string)
UnityEngine.StackTraceUtility:ExtractStackTrace () (at /Users/bokken/build/output/unity/unity/Runtime/Export/Scripting/StackTrace.cs:35)
UnityEditor.SceneManagement.EditorSceneManager:OpenScene (string,UnityEditor.SceneManagement.OpenSceneMode)
BCaTPerformanceAuditRunner:WriteSceneAudits () (at Assets/Editor/BCaTPerformanceAuditRunner.cs:151)
BCaTPerformanceAuditRunner:Run () (at Assets/Editor/BCaTPerformanceAuditRunner.cs:33)

[Assets/Editor/BCaTPerformanceAuditRunner.cs line 151]

Canceling DisplayDialog: Opening scene in read-only package! It is not allowed to open a scene in a read-only package.
This should not be called when not controlled by a human.
UnityEngine.Debug:ExtractStackTraceNoAlloc (byte*,int,string)
UnityEngine.StackTraceUtility:ExtractStackTrace () (at /Users/bokken/build/output/unity/unity/Runtime/Export/Scripting/StackTrace.cs:35)
UnityEditor.SceneManagement.EditorSceneManager:OpenScene (string,UnityEditor.SceneManagement.OpenSceneMode)
BCaTPerformanceAuditRunner:WriteSceneAudits () (at Assets/Editor/BCaTPerformanceAuditRunner.cs:151)
BCaTPerformanceAuditRunner:Run () (at Assets/Editor/BCaTPerformanceAuditRunner.cs:33)

[Assets/Editor/BCaTPerformanceAuditRunner.cs line 151]

Canceling DisplayDialog: Opening scene in read-only package! It is not allowed to open a scene in a read-only package.
This should not be called when not controlled by a human.
UnityEngine.Debug:ExtractStackTraceNoAlloc (byte*,int,string)
UnityEngine.StackTraceUtility:ExtractStackTrace () (at /Users/bokken/build/output/unity/unity/Runtime/Export/Scripting/StackTrace.cs:35)
UnityEditor.SceneManagement.EditorSceneManager:OpenScene (string,UnityEditor.SceneManagement.OpenSceneMode)
BCaTPerformanceAuditRunner:WriteSceneAudits () (at Assets/Editor/BCaTPerformanceAuditRunner.cs:151)
BCaTPerformanceAuditRunner:Run () (at Assets/Editor/BCaTPerformanceAuditRunner.cs:33)

[Assets/Editor/BCaTPerformanceAuditRunner.cs line 151]

Canceling DisplayDialog: Opening scene in read-only package! It is not allowed to open a scene in a read-only package.
This should not be called when not controlled by a human.
UnityEngine.Debug:ExtractStackTraceNoAlloc (byte*,int,string)
UnityEngine.StackTraceUtility:ExtractStackTrace () (at /Users/bokken/build/output/unity/unity/Runtime/Export/Scripting/StackTrace.cs:35)
UnityEditor.SceneManagement.EditorSceneManager:OpenScene (string,UnityEditor.SceneManagement.OpenSceneMode)
BCaTPerformanceAuditRunner:WriteSceneAudits () (at Assets/Editor/BCaTPerformanceAuditRunner.cs:151)
BCaTPerformanceAuditRunner:Run () (at Assets/Editor/BCaTPerformanceAuditRunner.cs:33)

[Assets/Editor/BCaTPerformanceAuditRunner.cs line 151]

Canceling DisplayDialog: Opening scene in read-only package! It is not allowed to open a scene in a read-only package.
This should not be called when not controlled by a human.
UnityEngine.Debug:ExtractStackTraceNoAlloc (byte*,int,string)
UnityEngine.StackTraceUtility:ExtractStackTrace () (at /Users/bokken/build/output/unity/unity/Runtime/Export/Scripting/StackTrace.cs:35)
UnityEditor.SceneManagement.EditorSceneManager:OpenScene (string,UnityEditor.SceneManagement.OpenSceneMode)
BCaTPerformanceAuditRunner:WriteSceneAudits () (at Assets/Editor/BCaTPerformanceAuditRunner.cs:151)
BCaTPerformanceAuditRunner:Run () (at Assets/Editor/BCaTPerformanceAuditRunner.cs:33)

[Assets/Editor/BCaTPerformanceAuditRunner.cs line 151]

Canceling DisplayDialog: Opening scene in read-only package! It is not allowed to open a scene in a read-only package.
This should not be called when not controlled by a human.
UnityEngine.Debug:ExtractStackTraceNoAlloc (byte*,int,string)
UnityEngine.StackTraceUtility:ExtractStackTrace () (at /Users/bokken/build/output/unity/unity/Runtime/Export/Scripting/StackTrace.cs:35)
UnityEditor.SceneManagement.EditorSceneManager:OpenScene (string,UnityEditor.SceneManagement.OpenSceneMode)
BCaTPerformanceAuditRunner:WriteSceneAudits () (at Assets/Editor/BCaTPerformanceAuditRunner.cs:151)
BCaTPerformanceAuditRunner:Run () (at Assets/Editor/BCaTPerformanceAuditRunner.cs:33)

[Assets/Editor/BCaTPerformanceAuditRunner.cs line 151]

Canceling DisplayDialog: Opening scene in read-only package! It is not allowed to open a scene in a read-only package.
This should not be called when not controlled by a human.
UnityEngine.Debug:ExtractStackTraceNoAlloc (byte*,int,string)
UnityEngine.StackTraceUtility:ExtractStackTrace () (at /Users/bokken/build/output/unity/unity/Runtime/Export/Scripting/StackTrace.cs:35)
UnityEditor.SceneManagement.EditorSceneManager:OpenScene (string,UnityEditor.SceneManagement.OpenSceneMode)
BCaTPerformanceAuditRunner:WriteSceneAudits () (at Assets/Editor/BCaTPerformanceAuditRunner.cs:151)
BCaTPerformanceAuditRunner:Run () (at Assets/Editor/BCaTPerformanceAuditRunner.cs:33)

[Assets/Editor/BCaTPerformanceAuditRunner.cs line 151]

Canceling DisplayDialog: Opening scene in read-only package! It is not allowed to open a scene in a read-only package.
This should not be called when not controlled by a human.
UnityEngine.Debug:ExtractStackTraceNoAlloc (byte*,int,string)
UnityEngine.StackTraceUtility:ExtractStackTrace () (at /Users/bokken/build/output/unity/unity/Runtime/Export/Scripting/StackTrace.cs:35)
UnityEditor.SceneManagement.EditorSceneManager:OpenScene (string,UnityEditor.SceneManagement.OpenSceneMode)
BCaTPerformanceAuditRunner:WriteSceneAudits () (at Assets/Editor/BCaTPerformanceAuditRunner.cs:151)
BCaTPerformanceAuditRunner:Run () (at Assets/Editor/BCaTPerformanceAuditRunner.cs:33)

[Assets/Editor/BCaTPerformanceAuditRunner.cs line 151]

Canceling DisplayDialog: Opening scene in read-only package! It is not allowed to open a scene in a read-only package.
This should not be called when not controlled by a human.
UnityEngine.Debug:ExtractStackTraceNoAlloc (byte*,int,string)
UnityEngine.StackTraceUtility:ExtractStackTrace () (at /Users/bokken/build/output/unity/unity/Runtime/Export/Scripting/StackTrace.cs:35)
UnityEditor.SceneManagement.EditorSceneManager:OpenScene (string,UnityEditor.SceneManagement.OpenSceneMode)
BCaTPerformanceAuditRunner:WriteSceneAudits () (at Assets/Editor/BCaTPerformanceAuditRunner.cs:151)
BCaTPerformanceAuditRunner:Run () (at Assets/Editor/BCaTPerformanceAuditRunner.cs:33)

[Assets/Editor/BCaTPerformanceAuditRunner.cs line 151]

Canceling DisplayDialog: Opening scene in read-only package! It is not allowed to open a scene in a read-only package.
This should not be called when not controlled by a human.
UnityEngine.Debug:ExtractStackTraceNoAlloc (byte*,int,string)
UnityEngine.StackTraceUtility:ExtractStackTrace () (at /Users/bokken/build/output/unity/unity/Runtime/Export/Scripting/StackTrace.cs:35)
UnityEditor.SceneManagement.EditorSceneManager:OpenScene (string,UnityEditor.SceneManagement.OpenSceneMode)
BCaTPerformanceAuditRunner:WriteSceneAudits () (at Assets/Editor/BCaTPerformanceAuditRunner.cs:151)
BCaTPerformanceAuditRunner:Run () (at Assets/Editor/BCaTPerformanceAuditRunner.cs:33)

[Assets/Editor/BCaTPerformanceAuditRunner.cs line 151]

Canceling DisplayDialog: Opening scene in read-only package! It is not allowed to open a scene in a read-only package.
This should not be called when not controlled by a human.
UnityEngine.Debug:ExtractStackTraceNoAlloc (byte*,int,string)
UnityEngine.StackTraceUtility:ExtractStackTrace () (at /Users/bokken/build/output/unity/unity/Runtime/Export/Scripting/StackTrace.cs:35)
UnityEditor.SceneManagement.EditorSceneManager:OpenScene (string,UnityEditor.SceneManagement.OpenSceneMode)
BCaTPerformanceAuditRunner:WriteSceneAudits () (at Assets/Editor/BCaTPerformanceAuditRunner.cs:151)
BCaTPerformanceAuditRunner:Run () (at Assets/Editor/BCaTPerformanceAuditRunner.cs:33)

[Assets/Editor/BCaTPerformanceAuditRunner.cs line 151]

Canceling DisplayDialog: Opening scene in read-only package! It is not allowed to open a scene in a read-only package.
This should not be called when not controlled by a human.
UnityEngine.Debug:ExtractStackTraceNoAlloc (byte*,int,string)
UnityEngine.StackTraceUtility:ExtractStackTrace () (at /Users/bokken/build/output/unity/unity/Runtime/Export/Scripting/StackTrace.cs:35)
UnityEditor.SceneManagement.EditorSceneManager:OpenScene (string,UnityEditor.SceneManagement.OpenSceneMode)
BCaTPerformanceAuditRunner:WriteSceneAudits () (at Assets/Editor/BCaTPerformanceAuditRunner.cs:151)
BCaTPerformanceAuditRunner:Run () (at Assets/Editor/BCaTPerformanceAuditRunner.cs:33)

[Assets/Editor/BCaTPerformanceAuditRunner.cs line 151]

Canceling DisplayDialog: Opening scene in read-only package! It is not allowed to open a scene in a read-only package.
This should not be called when not controlled by a human.
UnityEngine.Debug:ExtractStackTraceNoAlloc (byte*,int,string)
UnityEngine.StackTraceUtility:ExtractStackTrace () (at /Users/bokken/build/output/unity/unity/Runtime/Export/Scripting/StackTrace.cs:35)
UnityEditor.SceneManagement.EditorSceneManager:OpenScene (string,UnityEditor.SceneManagement.OpenSceneMode)
BCaTPerformanceAuditRunner:WriteSceneAudits () (at Assets/Editor/BCaTPerformanceAuditRunner.cs:151)
BCaTPerformanceAuditRunner:Run () (at Assets/Editor/BCaTPerformanceAuditRunner.cs:33)

[Assets/Editor/BCaTPerformanceAuditRunner.cs line 151]

Canceling DisplayDialog: Opening scene in read-only package! It is not allowed to open a scene in a read-only package.
This should not be called when not controlled by a human.
UnityEngine.Debug:ExtractStackTraceNoAlloc (byte*,int,string)
UnityEngine.StackTraceUtility:ExtractStackTrace () (at /Users/bokken/build/output/unity/unity/Runtime/Export/Scripting/StackTrace.cs:35)
UnityEditor.SceneManagement.EditorSceneManager:OpenScene (string,UnityEditor.SceneManagement.OpenSceneMode)
BCaTPerformanceAuditRunner:WriteSceneAudits () (at Assets/Editor/BCaTPerformanceAuditRunner.cs:151)
BCaTPerformanceAuditRunner:Run () (at Assets/Editor/BCaTPerformanceAuditRunner.cs:33)

[Assets/Editor/BCaTPerformanceAuditRunner.cs line 151]

Canceling DisplayDialog: Opening scene in read-only package! It is not allowed to open a scene in a read-only package.
This should not be called when not controlled by a human.
UnityEngine.Debug:ExtractStackTraceNoAlloc (byte*,int,string)
UnityEngine.StackTraceUtility:ExtractStackTrace () (at /Users/bokken/build/output/unity/unity/Runtime/Export/Scripting/StackTrace.cs:35)
UnityEditor.SceneManagement.EditorSceneManager:OpenScene (string,UnityEditor.SceneManagement.OpenSceneMode)
BCaTPerformanceAuditRunner:WriteSceneAudits () (at Assets/Editor/BCaTPerformanceAuditRunner.cs:151)
BCaTPerformanceAuditRunner:Run () (at Assets/Editor/BCaTPerformanceAuditRunner.cs:33)

[Assets/Editor/BCaTPerformanceAuditRunner.cs line 151]

Canceling DisplayDialog: Opening scene in read-only package! It is not allowed to open a scene in a read-only package.
This should not be called when not controlled by a human.
UnityEngine.Debug:ExtractStackTraceNoAlloc (byte*,int,string)
UnityEngine.StackTraceUtility:ExtractStackTrace () (at /Users/bokken/build/output/unity/unity/Runtime/Export/Scripting/StackTrace.cs:35)
UnityEditor.SceneManagement.EditorSceneManager:OpenScene (string,UnityEditor.SceneManagement.OpenSceneMode)
BCaTPerformanceAuditRunner:WriteSceneAudits () (at Assets/Editor/BCaTPerformanceAuditRunner.cs:151)
BCaTPerformanceAuditRunner:Run () (at Assets/Editor/BCaTPerformanceAuditRunner.cs:33)

[Assets/Editor/BCaTPerformanceAuditRunner.cs line 151]

Canceling DisplayDialog: Opening scene in read-only package! It is not allowed to open a scene in a read-only package.
This should not be called when not controlled by a human.
UnityEngine.Debug:ExtractStackTraceNoAlloc (byte*,int,string)
UnityEngine.StackTraceUtility:ExtractStackTrace () (at /Users/bokken/build/output/unity/unity/Runtime/Export/Scripting/StackTrace.cs:35)
UnityEditor.SceneManagement.EditorSceneManager:OpenScene (string,UnityEditor.SceneManagement.OpenSceneMode)
BCaTPerformanceAuditRunner:WriteSceneAudits () (at Assets/Editor/BCaTPerformanceAuditRunner.cs:151)
BCaTPerformanceAuditRunner:Run () (at Assets/Editor/BCaTPerformanceAuditRunner.cs:33)

[Assets/Editor/BCaTPerformanceAuditRunner.cs line 151]

Canceling DisplayDialog: Opening scene in read-only package! It is not allowed to open a scene in a read-only package.
This should not be called when not controlled by a human.
UnityEngine.Debug:ExtractStackTraceNoAlloc (byte*,int,string)
UnityEngine.StackTraceUtility:ExtractStackTrace () (at /Users/bokken/build/output/unity/unity/Runtime/Export/Scripting/StackTrace.cs:35)
UnityEditor.SceneManagement.EditorSceneManager:OpenScene (string,UnityEditor.SceneManagement.OpenSceneMode)
BCaTPerformanceAuditRunner:WriteSceneAudits () (at Assets/Editor/BCaTPerformanceAuditRunner.cs:151)
BCaTPerformanceAuditRunner:Run () (at Assets/Editor/BCaTPerformanceAuditRunner.cs:33)

[Assets/Editor/BCaTPerformanceAuditRunner.cs line 151]

Canceling DisplayDialog: Opening scene in read-only package! It is not allowed to open a scene in a read-only package.
This should not be called when not controlled by a human.
UnityEngine.Debug:ExtractStackTraceNoAlloc (byte*,int,string)
UnityEngine.StackTraceUtility:ExtractStackTrace () (at /Users/bokken/build/output/unity/unity/Runtime/Export/Scripting/StackTrace.cs:35)
UnityEditor.SceneManagement.EditorSceneManager:OpenScene (string,UnityEditor.SceneManagement.OpenSceneMode)
BCaTPerformanceAuditRunner:WriteSceneAudits () (at Assets/Editor/BCaTPerformanceAuditRunner.cs:151)
BCaTPerformanceAuditRunner:Run () (at Assets/Editor/BCaTPerformanceAuditRunner.cs:33)

[Assets/Editor/BCaTPerformanceAuditRunner.cs line 151]

Canceling DisplayDialog: Opening scene in read-only package! It is not allowed to open a scene in a read-only package.
This should not be called when not controlled by a human.
UnityEngine.Debug:ExtractStackTraceNoAlloc (byte*,int,string)
UnityEngine.StackTraceUtility:ExtractStackTrace () (at /Users/bokken/build/output/unity/unity/Runtime/Export/Scripting/StackTrace.cs:35)
UnityEditor.SceneManagement.EditorSceneManager:OpenScene (string,UnityEditor.SceneManagement.OpenSceneMode)
BCaTPerformanceAuditRunner:WriteSceneAudits () (at Assets/Editor/BCaTPerformanceAuditRunner.cs:151)
BCaTPerformanceAuditRunner:Run () (at Assets/Editor/BCaTPerformanceAuditRunner.cs:33)

[Assets/Editor/BCaTPerformanceAuditRunner.cs line 151]

Canceling DisplayDialog: Opening scene in read-only package! It is not allowed to open a scene in a read-only package.
This should not be called when not controlled by a human.
UnityEngine.Debug:ExtractStackTraceNoAlloc (byte*,int,string)
UnityEngine.StackTraceUtility:ExtractStackTrace () (at /Users/bokken/build/output/unity/unity/Runtime/Export/Scripting/StackTrace.cs:35)
UnityEditor.SceneManagement.EditorSceneManager:OpenScene (string,UnityEditor.SceneManagement.OpenSceneMode)
BCaTPerformanceAuditRunner:WriteSceneAudits () (at Assets/Editor/BCaTPerformanceAuditRunner.cs:151)
BCaTPerformanceAuditRunner:Run () (at Assets/Editor/BCaTPerformanceAuditRunner.cs:33)

[Assets/Editor/BCaTPerformanceAuditRunner.cs line 151]

Canceling DisplayDialog: Opening scene in read-only package! It is not allowed to open a scene in a read-only package.
This should not be called when not controlled by a human.
UnityEngine.Debug:ExtractStackTraceNoAlloc (byte*,int,string)
UnityEngine.StackTraceUtility:ExtractStackTrace () (at /Users/bokken/build/output/unity/unity/Runtime/Export/Scripting/StackTrace.cs:35)
UnityEditor.SceneManagement.EditorSceneManager:OpenScene (string,UnityEditor.SceneManagement.OpenSceneMode)
BCaTPerformanceAuditRunner:WriteSceneAudits () (at Assets/Editor/BCaTPerformanceAuditRunner.cs:151)
BCaTPerformanceAuditRunner:Run () (at Assets/Editor/BCaTPerformanceAuditRunner.cs:33)

[Assets/Editor/BCaTPerformanceAuditRunner.cs line 151]

Loaded scene 'Library/Unused/8d7bdd813f0bd4de28070d4088eda610'
	Deserialize:            0.065 ms
	Integration:            1.668 ms
	Integration of assets:  0.001 ms
	Thread Wait Time:       0.002 ms
	Total Operation Time:   1.736 ms
Loaded scene 'Library/Unused/3819ad863d6864c60ab48c77d369ebb7'
	Deserialize:            0.058 ms
	Integration:            1.497 ms
	Integration of assets:  0.000 ms
	Thread Wait Time:       0.002 ms
	Total Operation Time:   1.557 ms
Loaded scene 'Library/Unused/2b10ac26ad2b347be8f7e87beadf960c'
	Deserialize:            0.033 ms
	Integration:            1.288 ms
	Integration of assets:  0.000 ms
	Thread Wait Time:       0.002 ms
	Total Operation Time:   1.324 ms
Loaded scene 'Library/Unused/a6692932749e7438ca499b8b09e38e40'
	Deserialize:            0.039 ms
	Integration:            1.592 ms
	Integration of assets:  0.000 ms
	Thread Wait Time:       0.003 ms
	Total Operation Time:   1.634 ms
Loaded scene 'Library/Unused/e81fc3e213d8b4af0ad3282e51d41f42'
	Deserialize:            0.039 ms
	Integration:            1.022 ms
	Integration of assets:  0.000 ms
	Thread Wait Time:       0.002 ms
	Total Operation Time:   1.063 ms
Loaded scene 'Library/Unused/e3febeb57d8d6469e8cac05226a43c57'
	Deserialize:            0.036 ms
	Integration:            1.222 ms
	Integration of assets:  0.000 ms
	Thread Wait Time:       0.002 ms
	Total Operation Time:   1.261 ms
Loaded scene 'Library/Unused/3838f050aa1ee408481e3dfa4a223b49'
	Deserialize:            0.038 ms
	Integration:            1.141 ms
	Integration of assets:  0.000 ms
	Thread Wait Time:       0.003 ms
	Total Operation Time:   1.182 ms
Loaded scene 'Library/Unused/7d3d21d2c83cc464e9cbcbd7e55b56a5'
	Deserialize:            0.034 ms
	Integration:            1.044 ms
	Integration of assets:  0.000 ms
	Thread Wait Time:       0.004 ms
	Total Operation Time:   1.082 ms
Loaded scene 'Library/Unused/4cd2a9d78fdf44ca9b532b0882c6ac70'
	Deserialize:            0.030 ms
	Integration:            1.113 ms
	Integration of assets:  0.000 ms
	Thread Wait Time:       0.002 ms
	Total Operation Time:   1.146 ms
Loaded scene 'Library/Unused/b2866c32b237a4cd58bb75c4768b89e5'
	Deserialize:            0.036 ms
	Integration:            1.154 ms
	Integration of assets:  0.000 ms
	Thread Wait Time:       0.003 ms
	Total Operation Time:   1.193 ms
Loaded scene 'Library/Unused/0d3ea035ae4ba45248a65d239fcefc81'
	Deserialize:            0.039 ms
	Integration:            1.333 ms
	Integration of assets:  0.000 ms
	Thread Wait Time:       0.003 ms
	Total Operation Time:   1.375 ms
Loaded scene 'Library/Unused/5d27eeaf1e26a472cad911b92ddddc2d'
	Deserialize:            0.036 ms
	Integration:            1.038 ms
	Integration of assets:  0.000 ms
	Thread Wait Time:       0.002 ms
	Total Operation Time:   1.076 ms
Loaded scene 'Library/Unused/cfa7d5189f53746ada744678fed5d2cd'
	Deserialize:            0.029 ms
	Integration:            0.794 ms
	Integration of assets:  0.000 ms
	Thread Wait Time:       0.002 ms
	Total Operation Time:   0.826 ms
Loaded scene 'Library/Unused/4b384121bd56e49398b13eb07e30274d'
	Deserialize:            0.034 ms
	Integration:            0.890 ms
	Integration of assets:  0.000 ms
	Thread Wait Time:       0.003 ms
	Total Operation Time:   0.927 ms
Loaded scene 'Library/Unused/ebe7a31cab08b459b9a888f038504a50'
	Deserialize:            0.033 ms
	Integration:            1.233 ms
	Integration of assets:  0.000 ms
	Thread Wait Time:       0.002 ms
	Total Operation Time:   1.269 ms
Loaded scene 'Library/Unused/e4bc24b5f09814da88cf22ab73073881'
	Deserialize:            0.036 ms
	Integration:            1.277 ms
	Integration of assets:  0.000 ms
	Thread Wait Time:       0.002 ms
	Total Operation Time:   1.315 ms
Loaded scene 'Library/Unused/5676b501d8de446d7b3d5bf11b550c5a'
	Deserialize:            0.038 ms
	Integration:            1.437 ms
	Integration of assets:  0.000 ms
	Thread Wait Time:       0.002 ms
	Total Operation Time:   1.476 ms
Loaded scene 'Library/Unused/498b16bceaa214f358c71b8db103bdff'
	Deserialize:            0.039 ms
	Integration:            1.387 ms
	Integration of assets:  0.000 ms
	Thread Wait Time:       0.002 ms
	Total Operation Time:   1.428 ms
Loaded scene 'Library/Unused/31342721cd1a24b9cac43aa14e21e239'
	Deserialize:            0.035 ms
	Integration:            1.397 ms
	Integration of assets:  0.000 ms
	Thread Wait Time:       0.005 ms
	Total Operation Time:   1.437 ms
Loaded scene 'Library/Unused/b4056fcdf30f44601947676ef98ce208'
	Deserialize:            0.046 ms
	Integration:            1.267 ms
	Integration of assets:  0.000 ms
	Thread Wait Time:       0.002 ms
	Total Operation Time:   1.316 ms
Loaded scene 'Library/Unused/29033877a7e534942ae6991bf7055a11'
	Deserialize:            0.027 ms
	Integration:            1.061 ms
	Integration of assets:  0.000 ms
	Thread Wait Time:       0.004 ms
	Total Operation Time:   1.093 ms
Loaded scene 'Library/Unused/cd3b5d58405f4413b8d75dcb5e7bdfd4'
	Deserialize:            0.039 ms
	Integration:            0.964 ms
	Integration of assets:  0.000 ms
	Thread Wait Time:       0.002 ms
	Total Operation Time:   1.006 ms
Loaded scene 'Library/Unused/21e095476c5c84d899e1f70dd7cb95e9'
	Deserialize:            0.034 ms
	Integration:            0.920 ms
	Integration of assets:  0.000 ms
	Thread Wait Time:       0.002 ms
	Total Operation Time:   0.956 ms
Loaded scene 'Library/Unused/fe8ba643aef8e4495bd83b306c935552'
	Deserialize:            0.119 ms
	Integration:            0.030 ms
	Integration of assets:  0.000 ms
	Thread Wait Time:       0.002 ms
	Total Operation Time:   0.152 ms
Loaded scene 'Library/Unused/820469132db4d4350b4cc127ba9f9f33'
	Deserialize:            0.097 ms
	Integration:            0.033 ms
	Integration of assets:  0.000 ms
	Thread Wait Time:       0.002 ms
	Total Operation Time:   0.132 ms
Loaded scene 'Library/Unused/5e830ba9738b84090805c7d3a0748d40'
	Deserialize:            0.095 ms
	Integration:            0.031 ms
	Integration of assets:  0.000 ms
	Thread Wait Time:       0.002 ms
	Total Operation Time:   0.128 ms
Loaded scene 'Library/Unused/4a13fbfa9463a42b89802070e45c0c1a'
	Deserialize:            0.089 ms
	Integration:            0.028 ms
	Integration of assets:  0.000 ms
	Thread Wait Time:       0.002 ms
	Total Operation Time:   0.119 ms
Loaded scene 'Library/Unused/631774acf6d5d462bbf4e9e8470e50ea'
	Deserialize:            0.076 ms
	Integration:            0.029 ms
	Integration of assets:  0.000 ms
	Thread Wait Time:       0.002 ms
	Total Operation Time:   0.107 ms
Loaded scene 'Library/Unused/e21ddb69e62604870b2a4d53d5b1e7de'
	Deserialize:            0.086 ms
	Integration:            0.024 ms
	Integration of assets:  0.000 ms
	Thread Wait Time:       0.002 ms
	Total Operation Time:   0.113 ms
Loaded scene 'Library/Unused/612958e1852554cee9ddd8fdac71b1d9'
	Deserialize:            0.091 ms
	Integration:            0.024 ms
	Integration of assets:  0.000 ms
	Thread Wait Time:       0.002 ms
	Total Operation Time:   0.117 ms
Loaded scene 'Library/Unused/4902ef4840f3543539d9a040fd76123d'
	Deserialize:            0.088 ms
	Integration:            0.025 ms
	Integration of assets:  0.000 ms
	Thread Wait Time:       0.002 ms
	Total Operation Time:   0.115 ms
Loaded scene 'Library/Unused/b57ec647a03f847699d9ccd0748b14c8'
	Deserialize:            0.091 ms
	Integration:            0.037 ms
	Integration of assets:  0.000 ms
	Thread Wait Time:       0.003 ms
	Total Operation Time:   0.131 ms
Loaded scene 'Library/Unused/631d2cb3acaef4de9ac6810c202c68b0'
	Deserialize:            0.111 ms
	Integration:            0.032 ms
	Integration of assets:  0.000 ms
	Thread Wait Time:       0.002 ms
	Total Operation Time:   0.145 ms
Loaded scene 'Library/Unused/a086ccff05cb54bea9340f8db40b18cb'
	Deserialize:            0.093 ms
	Integration:            0.027 ms
	Integration of assets:  0.000 ms
	Thread Wait Time:       0.007 ms
	Total Operation Time:   0.127 ms
Loaded scene 'Library/Unused/172be61cd9e484e839de9b36bf63229b'
	Deserialize:            0.086 ms
	Integration:            0.025 ms
	Integration of assets:  0.000 ms
	Thread Wait Time:       0.002 ms
	Total Operation Time:   0.113 ms
Loaded scene 'Library/Unused/d25ef3e598cb740cbaab5915e4065064'
	Deserialize:            0.086 ms
	Integration:            0.025 ms
	Integration of assets:  0.000 ms
	Thread Wait Time:       0.004 ms
	Total Operation Time:   0.115 ms
Loaded scene 'Library/Unused/2dd364a6bbac0490984aaff4320dcd29'
	Deserialize:            0.102 ms
	Integration:            0.022 ms
	Integration of assets:  0.000 ms
	Thread Wait Time:       0.002 ms
	Total Operation Time:   0.126 ms
Loaded scene 'Library/Unused/97e4fb19b4995478bb70097389a37e29'
	Deserialize:            0.071 ms
	Integration:            0.165 ms
	Integration of assets:  0.000 ms
	Thread Wait Time:       0.002 ms
	Total Operation Time:   0.238 ms
Loaded scene 'Library/Unused/0721c7636af514e2a8e19cd523081f53'
	Deserialize:            0.059 ms
	Integration:            0.141 ms
	Integration of assets:  0.000 ms
	Thread Wait Time:       0.002 ms
	Total Operation Time:   0.202 ms
Loaded scene 'Library/Unused/8a00c9882da0647368cd0b73aa282745'
	Deserialize:            0.063 ms
	Integration:            0.243 ms
	Integration of assets:  0.000 ms
	Thread Wait Time:       0.003 ms
	Total Operation Time:   0.309 ms
Loaded scene 'Library/Unused/7e19709361cc1415dae72a9948d2b7b0'
	Deserialize:            0.072 ms
	Integration:            0.023 ms
	Integration of assets:  0.000 ms
	Thread Wait Time:       0.003 ms
	Total Operation Time:   0.099 ms
Loaded scene 'Library/Unused/2b5e02b1fd2054fd58f3756014870881'
	Deserialize:            0.068 ms
	Integration:            0.022 ms
	Integration of assets:  0.000 ms
	Thread Wait Time:       0.002 ms
	Total Operation Time:   0.091 ms
Loaded scene 'Library/Unused/bfedbcf4cd3cc4a33b4b3e6733b5ae11'
	Deserialize:            0.101 ms
	Integration:            0.027 ms
	Integration of assets:  0.000 ms
	Thread Wait Time:       0.003 ms
	Total Operation Time:   0.131 ms
Loaded scene 'Library/Unused/4379d49b5a7c14b4cb9399c657fc0617'
	Deserialize:            0.094 ms
	Integration:            0.043 ms
	Integration of assets:  0.000 ms
	Thread Wait Time:       0.003 ms
	Total Operation Time:   0.140 ms
Loaded scene 'Library/Unused/398139a489a0340119c412098482b87a'
	Deserialize:            0.096 ms
	Integration:            0.034 ms
	Integration of assets:  0.000 ms
	Thread Wait Time:       0.002 ms
	Total Operation Time:   0.132 ms
Loaded scene 'Library/Unused/3c63ab191fe4a4730a949ba0c2597056'
	Deserialize:            0.087 ms
	Integration:            0.029 ms
	Integration of assets:  0.000 ms
	Thread Wait Time:       0.004 ms
	Total Operation Time:   0.120 ms
Loaded scene 'Library/Unused/92d98edc0123543a8bd178bfe3ab023a'
	Deserialize:            0.088 ms
	Integration:            0.026 ms
	Integration of assets:  0.000 ms
	Thread Wait Time:       0.004 ms
	Total Operation Time:   0.119 ms
Loaded scene 'Library/Unused/765d442932ff44881b536baf6d1e2483'
	Deserialize:            0.088 ms
	Integration:            0.025 ms
	Integration of assets:  0.000 ms
	Thread Wait Time:       0.004 ms
	Total Operation Time:   0.117 ms
Loaded scene 'Library/Unused/2d92a2cf6ad96470ca0cfb5e37423174'
	Deserialize:            0.085 ms
	Integration:            0.024 ms
	Integration of assets:  0.000 ms
	Thread Wait Time:       0.002 ms
	Total Operation Time:   0.111 ms
Loaded scene 'Library/Unused/547a2b6027e90466e89dfc8f81bce8b1'
	Deserialize:            2.247 ms
	Integration:            1.217 ms
	Integration of assets:  0.018 ms
	Thread Wait Time:       0.003 ms
	Total Operation Time:   3.485 ms
Loaded scene 'Library/Unused/7f1338563fa1a46b997ddc0cd413c4f9'
	Deserialize:            0.060 ms
	Integration:            0.427 ms
	Integration of assets:  0.000 ms
	Thread Wait Time:       0.003 ms
	Total Operation Time:   0.491 ms
Loaded scene 'Library/Unused/9962047faba9a485691848337ade3cf4'
	Deserialize:            0.237 ms
	Integration:            0.108 ms
	Integration of assets:  0.000 ms
	Thread Wait Time:       0.004 ms
	Total Operation Time:   0.349 ms
Loaded scene 'Library/Unused/fead6f4996df94f1081e266e860db1a6'
	Deserialize:            0.050 ms
	Integration:            0.148 ms
	Integration of assets:  0.000 ms
	Thread Wait Time:       0.002 ms
	Total Operation Time:   0.200 ms
Loaded scene 'Library/Unused/68530375953db484384edfbf95315620'
	Deserialize:            0.170 ms
	Integration:            0.121 ms
	Integration of assets:  0.000 ms
	Thread Wait Time:       0.003 ms
	Total Operation Time:   0.295 ms
Loaded scene 'Library/Unused/999aa1e281c2b495687797bc37dcb024'
	Deserialize:            0.194 ms
	Integration:            0.067 ms
	Integration of assets:  0.000 ms
	Thread Wait Time:       0.002 ms
	Total Operation Time:   0.263 ms
Loaded scene 'Library/Unused/757e3a3885de949a0869d97b0415361a'
	Deserialize:            0.528 ms
	Integration:            0.057 ms
	Integration of assets:  0.000 ms
	Thread Wait Time:       0.002 ms
	Total Operation Time:   0.588 ms
Loaded scene 'Library/Unused/18476614dca8340a7847f96271cb2028'
	Deserialize:            0.155 ms
	Integration:            0.078 ms
	Integration of assets:  0.000 ms
	Thread Wait Time:       0.006 ms
	Total Operation Time:   0.239 ms
Loaded scene 'Library/Unused/2b5ea6c062a444b39a048b8ec1eaeb71'
	Deserialize:            0.378 ms
	Integration:            0.088 ms
	Integration of assets:  0.000 ms
	Thread Wait Time:       0.002 ms
	Total Operation Time:   0.468 ms
Loaded scene 'Library/Unused/31a5a09c40f114d34a96f3a4cb8aa985'
	Deserialize:            0.394 ms
	Integration:            0.067 ms
	Integration of assets:  0.000 ms
	Thread Wait Time:       0.003 ms
	Total Operation Time:   0.466 ms
Loaded scene 'Library/Unused/f722a027a42ec4684bff75a34246a5e5'
	Deserialize:            0.149 ms
	Integration:            0.048 ms
	Integration of assets:  0.000 ms
	Thread Wait Time:       0.005 ms
	Total Operation Time:   0.202 ms
Loaded scene 'Library/Unused/894cbca615166474bb2231013e810167'
	Deserialize:            0.179 ms
	Integration:            0.448 ms
	Integration of assets:  0.000 ms
	Thread Wait Time:       0.002 ms
	Total Operation Time:   0.629 ms
Loaded scene 'Library/Unused/64f2eee654f1c4250b17bbf493593884'
	Deserialize:            0.410 ms
	Integration:            0.133 ms
	Integration of assets:  0.000 ms
	Thread Wait Time:       0.003 ms
	Total Operation Time:   0.547 ms
Loaded scene 'Library/Unused/7d19409b78169470199ecf52d13a0daa'
	Deserialize:            1.141 ms
	Integration:            1.089 ms
	Integration of assets:  0.029 ms
	Thread Wait Time:       0.003 ms
	Total Operation Time:   2.261 ms
Loaded scene 'Library/Unused/9056160bb8e0b4dab8a2b13ac4db9c6f'
	Deserialize:            0.688 ms
	Integration:            0.717 ms
	Integration of assets:  0.002 ms
	Thread Wait Time:       0.004 ms
	Total Operation Time:   1.412 ms
Loaded scene 'Library/Unused/df933f0e30f5b4fba809696ea093f829'
	Deserialize:            0.238 ms
	Integration:            0.080 ms
	Integration of assets:  0.023 ms
	Thread Wait Time:       0.002 ms
	Total Operation Time:   0.344 ms
Loaded scene 'Library/Unused/5b3a360ecf436445abe6a20a3c0fca7c'
	Deserialize:            0.162 ms
	Integration:            0.064 ms
	Integration of assets:  0.015 ms
	Thread Wait Time:       0.003 ms
	Total Operation Time:   0.244 ms
Loaded scene 'Library/Unused/8daf9f3bd8c244d9c811a0614a1954c0'
	Deserialize:            0.165 ms
	Integration:            0.064 ms
	Integration of assets:  0.010 ms
	Thread Wait Time:       0.003 ms
	Total Operation Time:   0.242 ms
Loaded scene 'Library/Unused/fe29b62df140348cf83e088d1cc9d609'
	Deserialize:            0.044 ms
	Integration:            0.111 ms
	Integration of assets:  0.000 ms
	Thread Wait Time:       0.002 ms
	Total Operation Time:   0.158 ms
Loaded scene 'Library/Unused/daaa01ab0e0dd4185a5cc3eb8602d8f7'
	Deserialize:            0.038 ms
	Integration:            0.097 ms
	Integration of assets:  0.000 ms
	Thread Wait Time:       0.002 ms
	Total Operation Time:   0.137 ms
Loaded scene 'Library/Unused/f624f44087dd3408a953bb84951222ec'
	Deserialize:            0.038 ms
	Integration:            0.103 ms
	Integration of assets:  0.000 ms
	Thread Wait Time:       0.002 ms
	Total Operation Time:   0.143 ms
Loaded scene 'Library/Unused/41a4b383bcce741f0ab09633d7608d21'
	Deserialize:            0.037 ms
	Integration:            0.104 ms
	Integration of assets:  0.000 ms
	Thread Wait Time:       0.002 ms
	Total Operation Time:   0.143 ms
Loaded scene 'Library/Unused/a90c92ead934e44b7b389b2b211b06d2'
	Deserialize:            0.036 ms
	Integration:            0.113 ms
	Integration of assets:  0.000 ms
	Thread Wait Time:       0.002 ms
	Total Operation Time:   0.151 ms
Loaded scene 'Library/Unused/29f806ebe58864b2dba28f9459354ee1'
	Deserialize:            0.037 ms
	Integration:            0.117 ms
	Integration of assets:  0.000 ms
	Thread Wait Time:       0.002 ms
	Total Operation Time:   0.157 ms
Loaded scene 'Library/Unused/2f925db0bdf984af29178ad40cb82061'
	Deserialize:            0.034 ms
	Integration:            0.128 ms
	Integration of assets:  0.000 ms
	Thread Wait Time:       0.002 ms
	Total Operation Time:   0.164 ms
Loaded scene 'Library/Unused/f2729402295d04a2ab15b8bb4a056d11'
	Deserialize:            0.039 ms
	Integration:            0.147 ms
	Integration of assets:  0.000 ms
	Thread Wait Time:       0.002 ms
	Total Operation Time:   0.188 ms
Loaded scene 'Library/Unused/7c543e72ac615454ba48d5fcbb313bd3'
	Deserialize:            0.035 ms
	Integration:            0.163 ms
	Integration of assets:  0.000 ms
	Thread Wait Time:       0.003 ms
	Total Operation Time:   0.202 ms
Loaded scene 'Library/Unused/abda993c4d2424b8ebe6bee599b7c0ef'
	Deserialize:            0.049 ms
	Integration:            0.151 ms
	Integration of assets:  0.000 ms
	Thread Wait Time:       0.002 ms
	Total Operation Time:   0.203 ms
Loaded scene 'Library/Unused/9ecd3d9de14b44341b4b52d7694eb214'
	Deserialize:            0.039 ms
	Integration:            0.117 ms
	Integration of assets:  0.000 ms
	Thread Wait Time:       0.002 ms
	Total Operation Time:   0.158 ms
Loaded scene 'Library/Unused/3b007a6a51ce9435394b889990754c1f'
	Deserialize:            0.048 ms
	Integration:            0.122 ms
	Integration of assets:  0.000 ms
	Thread Wait Time:       0.002 ms
	Total Operation Time:   0.172 ms
Loaded scene 'Library/Unused/96fcd6cb1698a41baa6f10942269314a'
	Deserialize:            0.032 ms
	Integration:            0.127 ms
	Integration of assets:  0.000 ms
	Thread Wait Time:       0.002 ms
	Total Operation Time:   0.161 ms
Loaded scene 'Library/Unused/41c8c5c1ea21f4819817eaed7fee4312'
	Deserialize:            0.034 ms
	Integration:            1.191 ms
	Integration of assets:  0.000 ms
	Thread Wait Time:       0.002 ms
	Total Operation Time:   1.227 ms
Loaded scene 'Library/Unused/898a1f96fb8474aecb487a16294cf1f8'
	Deserialize:            0.025 ms
	Integration:            1.116 ms
	Integration of assets:  0.000 ms
	Thread Wait Time:       0.002 ms
	Total Operation Time:   1.143 ms
Loaded scene 'Library/Unused/9009cb16db3634c70b45ee35d1ab6e62'
	Deserialize:            0.025 ms
	Integration:            1.242 ms
	Integration of assets:  0.000 ms
	Thread Wait Time:       0.002 ms
	Total Operation Time:   1.268 ms
Loaded scene 'Library/Unused/5ab54399b013a4b6cb28c8f3fcf71c09'
	Deserialize:            0.027 ms
	Integration:            0.983 ms
	Integration of assets:  0.000 ms
	Thread Wait Time:       0.004 ms
	Total Operation Time:   1.014 ms
Loaded scene 'Library/Unused/9ce6b54394307476ab37bf52345c5f1e'
	Deserialize:            0.023 ms
	Integration:            1.051 ms
	Integration of assets:  0.000 ms
	Thread Wait Time:       0.002 ms
	Total Operation Time:   1.076 ms
Loaded scene 'Library/Unused/aab07f6d58a0442269929bba55d4fc35'
	Deserialize:            0.039 ms
	Integration:            1.089 ms
	Integration of assets:  0.000 ms
	Thread Wait Time:       0.002 ms
	Total Operation Time:   1.130 ms
Loaded scene 'Library/Unused/c39dfbfdfe87d4d838ef12a4cc27b8bc'
	Deserialize:            0.025 ms
	Integration:            0.977 ms
	Integration of assets:  0.000 ms
	Thread Wait Time:       0.003 ms
	Total Operation Time:   1.005 ms
Loaded scene 'Library/Unused/05f5764e704684d788812a2844fc0d55'
	Deserialize:            0.026 ms
	Integration:            1.147 ms
	Integration of assets:  0.000 ms
	Thread Wait Time:       0.002 ms
	Total Operation Time:   1.175 ms
Loaded scene 'Library/Unused/8fb1c2eb462784bd08f5a871a3e182b3'
	Deserialize:            0.024 ms
	Integration:            1.056 ms
	Integration of assets:  0.000 ms
	Thread Wait Time:       0.002 ms
	Total Operation Time:   1.082 ms
Loaded scene 'Library/Unused/be0ea008cead8458388525818a71d1c7'
	Deserialize:            0.024 ms
	Integration:            1.001 ms
	Integration of assets:  0.000 ms
	Thread Wait Time:       0.002 ms
	Total Operation Time:   1.027 ms
Loaded scene 'Library/Unused/95a33d6dc93ad4f37a42edc5eaefd401'
	Deserialize:            0.023 ms
	Integration:            1.248 ms
	Integration of assets:  0.000 ms
	Thread Wait Time:       0.002 ms
	Total Operation Time:   1.273 ms
Loaded scene 'Library/Unused/8cd4ef6be24634845a99dff72596425b'
	Deserialize:            0.028 ms
	Integration:            0.970 ms
	Integration of assets:  0.000 ms
	Thread Wait Time:       0.002 ms
	Total Operation Time:   0.999 ms
Loaded scene 'Library/Unused/ff17303068a48462a99a7f989d1dd7f4'
	Deserialize:            0.031 ms
	Integration:            0.026 ms
	Integration of assets:  0.000 ms
	Thread Wait Time:       0.002 ms
	Total Operation Time:   0.059 ms
Loaded scene 'Library/Unused/7349b504e99c44116831f6fbbc7e10f8'
	Deserialize:            0.030 ms
	Integration:            0.123 ms
	Integration of assets:  0.000 ms
	Thread Wait Time:       0.002 ms
	Total Operation Time:   0.156 ms
Loaded scene 'Library/Unused/712c53f6b1bbf46eea6a8b058855bfb8'
	Deserialize:            0.028 ms
	Integration:            0.118 ms
	Integration of assets:  0.000 ms
	Thread Wait Time:       0.002 ms
	Total Operation Time:   0.148 ms
Loaded scene 'Library/Unused/b58b00fb5448c4d41865b289a7947b2a'
	Deserialize:            0.027 ms
	Integration:            0.099 ms
	Integration of assets:  0.000 ms
	Thread Wait Time:       0.002 ms
	Total Operation Time:   0.127 ms
Loaded scene 'Library/Unused/edfdceed04ff541f898efd1083cee695'
	Deserialize:            0.024 ms
	Integration:            0.146 ms
	Integration of assets:  0.000 ms
	Thread Wait Time:       0.002 ms
	Total Operation Time:   0.173 ms
Loaded scene 'Library/Unused/9f01aed96481d4bd29008def082bd287'
	Deserialize:            0.041 ms
	Integration:            0.104 ms
	Integration of assets:  0.000 ms
	Thread Wait Time:       0.002 ms
	Total Operation Time:   0.148 ms
Loaded scene 'Library/Unused/f21c9203215b14eb698aaa229dadc0ad'
	Deserialize:            0.038 ms
	Integration:            0.138 ms
	Integration of assets:  0.000 ms
	Thread Wait Time:       0.002 ms
	Total Operation Time:   0.178 ms
Loaded scene 'Library/Unused/a3054e0aca8da4c1881f1adb020bb081'
	Deserialize:            0.025 ms
	Integration:            0.107 ms
	Integration of assets:  0.000 ms
	Thread Wait Time:       0.002 ms
	Total Operation Time:   0.134 ms
Loaded scene 'Library/Unused/6ec538c6cf34c46a39f8d640937a96f6'
	Deserialize:            0.026 ms
	Integration:            0.107 ms
	Integration of assets:  0.000 ms
	Thread Wait Time:       0.002 ms
	Total Operation Time:   0.135 ms
Loaded scene 'Library/Unused/cf9f242e30b274ff0b564cc3806b91b0'
	Deserialize:            0.039 ms
	Integration:            0.127 ms
	Integration of assets:  0.000 ms
	Thread Wait Time:       0.002 ms
	Total Operation Time:   0.168 ms
Loaded scene 'Library/Unused/af7dc11b162e6499d9c245ff811ab1a4'
	Deserialize:            0.035 ms
	Integration:            0.118 ms
	Integration of assets:  0.000 ms
	Thread Wait Time:       0.003 ms
	Total Operation Time:   0.155 ms
Loaded scene 'Library/Unused/fccf724191f394a0e8d6e628e38a9f9e'
	Deserialize:            0.027 ms
	Integration:            0.125 ms
	Integration of assets:  0.000 ms
	Thread Wait Time:       0.002 ms
	Total Operation Time:   0.154 ms
Loaded scene 'Library/Unused/866b31c6639484e92aa121b3aa503e39'
	Deserialize:            2.851 ms
	Integration:            0.720 ms
	Integration of assets:  0.032 ms
	Thread Wait Time:       -0.024 ms
	Total Operation Time:   3.579 ms
Loaded scene 'Library/Unused/b498ff353faeb4a0189be361ce60e9cd'
	Deserialize:            1.023 ms
	Integration:            0.029 ms
	Integration of assets:  0.027 ms
	Thread Wait Time:       0.003 ms
	Total Operation Time:   1.083 ms
Loaded scene 'Library/Unused/bf24022ed5680409887e4e4cc583042e'
	Deserialize:            1.116 ms
	Integration:            0.045 ms
	Integration of assets:  0.040 ms
	Thread Wait Time:       0.003 ms
	Total Operation Time:   1.204 ms
Loaded scene 'Library/Unused/d28d3e621272c48b5b3e44a424960597'
	Deserialize:            0.821 ms
	Integration:            0.043 ms
	Integration of assets:  0.025 ms
	Thread Wait Time:       0.003 ms
	Total Operation Time:   0.892 ms
Loaded scene 'Library/Unused/c1d9456fd195c4078b6b7dbf0b6fa9b1'
	Deserialize:            0.930 ms
	Integration:            0.040 ms
	Integration of assets:  0.040 ms
	Thread Wait Time:       0.003 ms
	Total Operation Time:   1.013 ms
Loaded scene 'Library/Unused/bc61ec6b96a054522baccea5f11f3f42'
	Deserialize:            0.985 ms
	Integration:            0.043 ms
	Integration of assets:  0.025 ms
	Thread Wait Time:       0.004 ms
	Total Operation Time:   1.056 ms
Loaded scene 'Library/Unused/f6124436bf7f642fa9bb856dee4b2b27'
	Deserialize:            0.871 ms
	Integration:            0.042 ms
	Integration of assets:  0.023 ms
	Thread Wait Time:       0.003 ms
	Total Operation Time:   0.939 ms
Loaded scene 'Library/Unused/79e03f29fe6af4e3fb9065b2b994abaf'
	Deserialize:            1.013 ms
	Integration:            0.040 ms
	Integration of assets:  0.025 ms
	Thread Wait Time:       0.003 ms
	Total Operation Time:   1.081 ms
Loaded scene 'Library/Unused/4b73cd870431744a099be410162d907c'
	Deserialize:            0.931 ms
	Integration:            0.039 ms
	Integration of assets:  0.025 ms
	Thread Wait Time:       0.003 ms
	Total Operation Time:   0.998 ms
Loaded scene 'Library/Unused/10963173368404f13a29fd895f8220f2'
	Deserialize:            0.945 ms
	Integration:            0.039 ms
	Integration of assets:  0.021 ms
	Thread Wait Time:       0.002 ms
	Total Operation Time:   1.007 ms
Loaded scene 'Library/Unused/12dade4591972456a9af65e6c887f5d6'
	Deserialize:            1.087 ms
	Integration:            0.045 ms
	Integration of assets:  0.029 ms
	Thread Wait Time:       0.003 ms
	Total Operation Time:   1.163 ms
Loaded scene 'Library/Unused/aea43de63f34a47339e01e5fbac6dc67'
	Deserialize:            0.900 ms
	Integration:            0.042 ms
	Integration of assets:  0.031 ms
	Thread Wait Time:       0.003 ms
	Total Operation Time:   0.976 ms
Loaded scene 'Library/Unused/16cbe8333293b418780d7135ab2f906a'
	Deserialize:            0.236 ms
	Integration:            0.258 ms
	Integration of assets:  0.000 ms
	Thread Wait Time:       0.002 ms
	Total Operation Time:   0.497 ms
Loaded scene 'Library/Unused/c41ebbbe48ab4450c89ba864582a77dc'
	Deserialize:            0.030 ms
	Integration:            0.108 ms
	Integration of assets:  0.000 ms
	Thread Wait Time:       0.002 ms
	Total Operation Time:   0.141 ms
Loaded scene 'Library/Unused/74702ddb636dc4ca69f7bb2873eca55e'
	Deserialize:            0.032 ms
	Integration:            0.183 ms
	Integration of assets:  0.000 ms
	Thread Wait Time:       0.002 ms
	Total Operation Time:   0.217 ms
Loaded scene 'Library/Unused/684a43c4f949142f98d55c4a7038ff8a'
	Deserialize:            0.035 ms
	Integration:            0.242 ms
	Integration of assets:  0.000 ms
	Thread Wait Time:       0.002 ms
	Total Operation Time:   0.279 ms
Loaded scene 'Library/Unused/e9e983c32e251478f9e6be09d44c82b3'
	Deserialize:            0.036 ms
	Integration:            3.790 ms
	Integration of assets:  0.000 ms
	Thread Wait Time:       0.002 ms
	Total Operation Time:   3.828 ms
Loaded scene 'Library/Unused/51df38c8a67624485bb11ec08adebe2e'
	Deserialize:            0.029 ms
	Integration:            0.110 ms
	Integration of assets:  0.000 ms
	Thread Wait Time:       0.002 ms
	Total Operation Time:   0.140 ms
Loaded scene 'Library/Unused/b39f92c844ee747aea20cc094f391f84'
	Deserialize:            0.134 ms
	Integration:            0.157 ms
	Integration of assets:  0.000 ms
	Thread Wait Time:       0.003 ms
	Total Operation Time:   0.294 ms
Loaded scene 'Library/Unused/2894f357e49824cb889f2e7c5d75e5f0'
	Deserialize:            0.042 ms
	Integration:            0.137 ms
	Integration of assets:  0.000 ms
	Thread Wait Time:       0.002 ms
	Total Operation Time:   0.182 ms
Loaded scene 'Library/Unused/995b20de2b5784e1d884b88d5c8edcfe'
	Deserialize:            0.036 ms
	Integration:            0.108 ms
	Integration of assets:  0.000 ms
	Thread Wait Time:       0.003 ms
	Total Operation Time:   0.147 ms
Loaded scene 'Library/Unused/0f9f1840a8b654cc9a9ebb50fe754644'
	Deserialize:            0.034 ms
	Integration:            0.019 ms
	Integration of assets:  0.000 ms
	Thread Wait Time:       0.002 ms
	Total Operation Time:   0.055 ms
Loaded scene 'Library/Unused/17f795ef1838542ecaaf1c6a7dcef79e'
	Deserialize:            0.040 ms
	Integration:            0.023 ms
	Integration of assets:  0.000 ms
	Thread Wait Time:       0.002 ms
	Total Operation Time:   0.065 ms
Loaded scene 'Library/Unused/010828b1f39304c0285b14aa3f9e32b2'
	Deserialize:            0.035 ms
	Integration:            0.199 ms
	Integration of assets:  0.000 ms
	Thread Wait Time:       0.003 ms
	Total Operation Time:   0.237 ms
Loaded scene 'Library/Unused/0abf20e38c2d3473692fd58acd0d9f36'
	Deserialize:            0.032 ms
	Integration:            0.278 ms
	Integration of assets:  0.000 ms
	Thread Wait Time:       0.003 ms
	Total Operation Time:   0.312 ms
Loaded scene 'Library/Unused/aab2deaa529e241b1b07c2deb6059a2f'
	Deserialize:            0.031 ms
	Integration:            0.289 ms
	Integration of assets:  0.000 ms
	Thread Wait Time:       0.003 ms
	Total Operation Time:   0.323 ms
Loaded scene 'Library/Unused/92ac24b64e029496c85200e1f5251cbc'
	Deserialize:            0.031 ms
	Integration:            0.139 ms
	Integration of assets:  0.000 ms
	Thread Wait Time:       0.003 ms
	Total Operation Time:   0.173 ms
Loaded scene 'Library/Unused/f760b308d7b49415f9d2ebd0ae8e08fb'
	Deserialize:            0.032 ms
	Integration:            0.161 ms
	Integration of assets:  0.000 ms
	Thread Wait Time:       0.002 ms
	Total Operation Time:   0.195 ms
Loaded scene 'Library/Unused/d9b9c9510f4404d3da6832ee2cc1d913'
	Deserialize:            0.408 ms
	Integration:            16.208 ms
	Integration of assets:  0.000 ms
	Thread Wait Time:       0.002 ms
	Total Operation Time:   16.618 ms
Loaded scene 'Library/Unused/dee5ed8cf1c6e4668b38a2cf29d07985'
	Deserialize:            0.037 ms
	Integration:            5.117 ms
	Integration of assets:  0.000 ms
	Thread Wait Time:       0.002 ms
	Total Operation Time:   5.156 ms
Loaded scene 'Library/Unused/1b4337e8def274e66aa293b23e4399f1'
	Deserialize:            0.068 ms
	Integration:            0.144 ms
	Integration of assets:  0.000 ms
	Thread Wait Time:       0.002 ms
	Total Operation Time:   0.215 ms
Loaded scene 'Library/Unused/0e544d889855848e0847c3ee87e63e2d'
	Deserialize:            0.033 ms
	Integration:            0.181 ms
	Integration of assets:  0.000 ms
	Thread Wait Time:       0.002 ms
	Total Operation Time:   0.216 ms
Loaded scene 'Library/Unused/f757358953eea4f0b8565384838c7679'
	Deserialize:            0.029 ms
	Integration:            0.198 ms
	Integration of assets:  0.000 ms
	Thread Wait Time:       0.002 ms
	Total Operation Time:   0.229 ms
Loaded scene 'Library/Unused/e1dd5e3ede37345f5993d444e7eaf47e'
	Deserialize:            0.026 ms
	Integration:            0.114 ms
	Integration of assets:  0.000 ms
	Thread Wait Time:       0.001 ms
	Total Operation Time:   0.142 ms
Loaded scene 'Library/Unused/aabf9fa252fbc4dfa88d92ee7879ef62'
	Deserialize:            0.160 ms
	Integration:            0.190 ms
	Integration of assets:  0.000 ms
	Thread Wait Time:       0.002 ms
	Total Operation Time:   0.352 ms
Loaded scene 'Library/Unused/adcae15b78d764394b4ac8585e092d2c'
	Deserialize:            0.035 ms
	Integration:            0.106 ms
	Integration of assets:  0.000 ms
	Thread Wait Time:       0.002 ms
	Total Operation Time:   0.143 ms
Loaded scene 'Library/Unused/cd0e9daa25cd04e2983dfd071d07be3f'
	Deserialize:            0.035 ms
	Integration:            0.362 ms
	Integration of assets:  0.000 ms
	Thread Wait Time:       0.003 ms
	Total Operation Time:   0.400 ms
Loaded scene 'Library/Unused/51d51af514af347aa9ac1646c0ddef7b'
	Deserialize:            0.039 ms
	Integration:            0.298 ms
	Integration of assets:  0.000 ms
	Thread Wait Time:       0.002 ms
	Total Operation Time:   0.339 ms
Loaded scene 'Library/Unused/721ce4ff5f7ae40ab9945a634d01751d'
	Deserialize:            0.038 ms
	Integration:            0.177 ms
	Integration of assets:  0.000 ms
	Thread Wait Time:       0.004 ms
	Total Operation Time:   0.218 ms
Loaded scene 'Library/Unused/167497e12f8ef4ebd815755d532df090'
	Deserialize:            0.038 ms
	Integration:            0.080 ms
	Integration of assets:  0.000 ms
	Thread Wait Time:       0.002 ms
	Total Operation Time:   0.121 ms
Loaded scene 'Library/Unused/8df150247155b4cdcb15c65fb176d62b'
	Deserialize:            0.087 ms
	Integration:            0.249 ms
	Integration of assets:  0.000 ms
	Thread Wait Time:       0.002 ms
	Total Operation Time:   0.338 ms
Loaded scene 'Library/Unused/1abceef9979d5484db1f2e212ceec210'
	Deserialize:            0.036 ms
	Integration:            0.149 ms
	Integration of assets:  0.000 ms
	Thread Wait Time:       0.002 ms
	Total Operation Time:   0.187 ms
Loaded scene 'Library/Unused/b09776c60ce8448c2a3e9b44ebf111ed'
	Deserialize:            0.032 ms
	Integration:            0.400 ms
	Integration of assets:  0.000 ms
	Thread Wait Time:       0.002 ms
	Total Operation Time:   0.434 ms
Loaded scene 'Library/Unused/18e1f3e93e51b45568a11ff674cd7072'
	Deserialize:            0.024 ms
	Integration:            0.172 ms
	Integration of assets:  0.000 ms
	Thread Wait Time:       0.002 ms
	Total Operation Time:   0.198 ms
Loaded scene 'Library/Unused/d6615b0a0fa3448c48ee3e6b18d116f0'
	Deserialize:            0.023 ms
	Integration:            0.087 ms
	Integration of assets:  0.000 ms
	Thread Wait Time:       0.002 ms
	Total Operation Time:   0.112 ms
Loaded scene 'Library/Unused/e0f0abfd8a01646e38a81a234690caba'
	Deserialize:            0.027 ms
	Integration:            0.328 ms
	Integration of assets:  0.000 ms
	Thread Wait Time:       0.002 ms
	Total Operation Time:   0.356 ms
Loaded scene 'Library/Unused/5b86dda92e11b4157931926765ec3277'
	Deserialize:            0.061 ms
	Integration:            0.154 ms
	Integration of assets:  0.000 ms
	Thread Wait Time:       0.002 ms
	Total Operation Time:   0.217 ms
Loaded scene 'Library/Unused/ebf9cf84f136f444eabed402b2dd187d'
	Deserialize:            0.035 ms
	Integration:            0.254 ms
	Integration of assets:  0.000 ms
	Thread Wait Time:       0.002 ms
	Total Operation Time:   0.291 ms
Loaded scene 'Library/Unused/90dad0bc856d14ae2a18446af184dd42'
	Deserialize:            0.093 ms
	Integration:            0.287 ms
	Integration of assets:  0.000 ms
	Thread Wait Time:       0.002 ms
	Total Operation Time:   0.382 ms
Loaded scene 'Library/Unused/778f19375a2f94553a9122466453d806'
	Deserialize:            0.026 ms
	Integration:            0.853 ms
	Integration of assets:  0.000 ms
	Thread Wait Time:       0.002 ms
	Total Operation Time:   0.881 ms
Loaded scene 'Library/Unused/e48add9ef9a994a3d91047c6e3d0d9e9'
	Deserialize:            0.031 ms
	Integration:            0.102 ms
	Integration of assets:  0.000 ms
	Thread Wait Time:       0.016 ms
	Total Operation Time:   0.149 ms
Loaded scene 'Library/Unused/f3ea419869a6b49768b756576a04aa6c'
	Deserialize:            0.056 ms
	Integration:            0.030 ms
	Integration of assets:  0.000 ms
	Thread Wait Time:       0.002 ms
	Total Operation Time:   0.088 ms
Loaded scene 'Library/Unused/d4a6ea6367b194f4fa404f9342067ba8'
	Deserialize:            0.027 ms
	Integration:            0.212 ms
	Integration of assets:  0.000 ms
	Thread Wait Time:       0.002 ms
	Total Operation Time:   0.241 ms
Loaded scene 'Library/Unused/fbe2c2481f96e4a0a9d74304a1859365'
	Deserialize:            0.368 ms
	Integration:            0.414 ms
	Integration of assets:  0.000 ms
	Thread Wait Time:       0.004 ms
	Total Operation Time:   0.787 ms
Loaded scene 'Library/Unused/b14d893f4cb5945c9b546803d3cbdd5c'
	Deserialize:            0.033 ms
	Integration:            0.141 ms
	Integration of assets:  0.000 ms
	Thread Wait Time:       0.002 ms
	Total Operation Time:   0.176 ms
Loaded scene 'Library/Unused/f8b0abe2259144947bac31b49dd63d4d'
	Deserialize:            0.032 ms
	Integration:            0.385 ms
	Integration of assets:  0.000 ms
	Thread Wait Time:       0.005 ms
	Total Operation Time:   0.422 ms
Loaded scene 'Library/Unused/02cdcee1234d74f0f8d30655a19599c0'
	Deserialize:            0.114 ms
	Integration:            0.328 ms
	Integration of assets:  0.000 ms
	Thread Wait Time:       0.003 ms
	Total Operation Time:   0.445 ms
Loaded scene 'Library/Unused/07532d7f056d4468c8e315f1335500c2'
	Deserialize:            0.039 ms
	Integration:            0.294 ms
	Integration of assets:  0.000 ms
	Thread Wait Time:       0.002 ms
	Total Operation Time:   0.335 ms
Loaded scene 'Library/Unused/f3449232c3f7c494c8cfaae781c3efab'
	Deserialize:            1.954 ms
	Integration:            1.773 ms
	Integration of assets:  0.000 ms
	Thread Wait Time:       0.006 ms
	Total Operation Time:   3.734 ms
Loaded scene 'Library/Unused/10c16934900fd4d94a4cbd8bac6c7845'
	Deserialize:            1.364 ms
	Integration:            0.882 ms
	Integration of assets:  0.000 ms
	Thread Wait Time:       0.002 ms
	Total Operation Time:   2.249 ms
Loaded scene 'Library/Unused/8abd527f4332e472b91c50c31b5728a3'
	Deserialize:            0.092 ms
	Integration:            0.207 ms
	Integration of assets:  0.000 ms
	Thread Wait Time:       0.002 ms
	Total Operation Time:   0.302 ms
Loaded scene 'Library/Unused/adbae4bfbac2f4d9dbc98598b85b7fbd'
	Deserialize:            0.033 ms
	Integration:            0.390 ms
	Integration of assets:  0.000 ms
	Thread Wait Time:       0.003 ms
	Total Operation Time:   0.427 ms
Loaded scene 'Library/Unused/5227fa656df644911b802b4ef05e7f49'
	Deserialize:            0.043 ms
	Integration:            0.333 ms
	Integration of assets:  0.000 ms
	Thread Wait Time:       0.002 ms
	Total Operation Time:   0.379 ms
Loaded scene 'Library/Unused/8daa814c55a634b1ea5ad0db4b18bee3'
	Deserialize:            0.027 ms
	Integration:            0.127 ms
	Integration of assets:  0.000 ms
	Thread Wait Time:       0.002 ms
	Total Operation Time:   0.156 ms
Loaded scene 'Library/Unused/39956e05a89884d7daae272071c8b240'
	Deserialize:            0.029 ms
	Integration:            0.022 ms
	Integration of assets:  0.000 ms
	Thread Wait Time:       0.002 ms
	Total Operation Time:   0.053 ms
Loaded scene 'Library/Unused/b2b2495b618544bc9aa720d3fec9de76'
	Deserialize:            0.034 ms
	Integration:            0.657 ms
	Integration of assets:  0.000 ms
	Thread Wait Time:       0.002 ms
	Total Operation Time:   0.693 ms
Loaded scene 'Library/Unused/834d55a1fad164eee9e2570dd813a147'
	Deserialize:            0.026 ms
	Integration:            0.117 ms
	Integration of assets:  0.000 ms
	Thread Wait Time:       0.002 ms
	Total Operation Time:   0.144 ms
Loaded scene 'Library/Unused/cb2a56edd581a4f2d8f5f398d2f5bd51'
	Deserialize:            0.026 ms
	Integration:            1.018 ms
	Integration of assets:  0.000 ms
	Thread Wait Time:       0.002 ms
	Total Operation Time:   1.046 ms
Loaded scene 'Library/Unused/b740eb4a0b07b491ba3c143373842579'
	Deserialize:            0.025 ms
	Integration:            0.139 ms
	Integration of assets:  0.000 ms
	Thread Wait Time:       0.002 ms
	Total Operation Time:   0.166 ms
Loaded scene 'Library/Unused/53984118a7e494884b9a15d532b36efe'
	Deserialize:            0.025 ms
	Integration:            0.116 ms
	Integration of assets:  0.000 ms
	Thread Wait Time:       0.002 ms
	Total Operation Time:   0.142 ms
Loaded scene 'Library/Unused/07591395d58904e98bab378c4d2afa95'
	Deserialize:            0.024 ms
	Integration:            0.095 ms
	Integration of assets:  0.000 ms
	Thread Wait Time:       0.002 ms
	Total Operation Time:   0.121 ms
Loaded scene 'Library/Unused/0bba9e251303847839bae4ab835aacde'
	Deserialize:            0.025 ms
	Integration:            0.139 ms
	Integration of assets:  0.000 ms
	Thread Wait Time:       0.002 ms
	Total Operation Time:   0.166 ms
Loaded scene 'Library/Unused/bea68860288804c9a892b2dae9a3a71b'
	Deserialize:            0.096 ms
	Integration:            0.157 ms
	Integration of assets:  0.000 ms
	Thread Wait Time:       0.002 ms
	Total Operation Time:   0.255 ms
Loaded scene 'Library/Unused/8f957309b3ff34eb6bf89e71dd103f09'
	Deserialize:            0.352 ms
	Integration:            0.293 ms
	Integration of assets:  0.000 ms
	Thread Wait Time:       0.003 ms
	Total Operation Time:   0.648 ms
Loaded scene 'Library/Unused/5b28e8811fe564af1b2c332dc85f5232'
	Deserialize:            0.026 ms
	Integration:            0.248 ms
	Integration of assets:  0.000 ms
	Thread Wait Time:       0.002 ms
	Total Operation Time:   0.276 ms
Loaded scene 'Library/Unused/acb6727caad0f440b810e76c5d452409'
	Deserialize:            0.148 ms
	Integration:            0.223 ms
	Integration of assets:  0.000 ms
	Thread Wait Time:       0.002 ms
	Total Operation Time:   0.373 ms
Loaded scene 'Library/Unused/40535308f004642519ad0c989f5002cb'
	Deserialize:            0.024 ms
	Integration:            0.126 ms
	Integration of assets:  0.000 ms
	Thread Wait Time:       0.002 ms
	Total Operation Time:   0.152 ms
Loaded scene 'Library/Unused/0d12f35816e1d48729dafa0d32420d8b'
	Deserialize:            0.034 ms
	Integration:            0.968 ms
	Integration of assets:  0.000 ms
	Thread Wait Time:       0.002 ms
	Total Operation Time:   1.005 ms
Loaded scene 'Library/Unused/730280f118a784669aa054b7dff7325a'
	Deserialize:            0.035 ms
	Integration:            0.457 ms
	Integration of assets:  0.000 ms
	Thread Wait Time:       0.002 ms
	Total Operation Time:   0.495 ms
Loaded scene 'Library/Unused/27bacf36ad78e4347bf10cad19713f4d'
	Deserialize:            0.033 ms
	Integration:            0.090 ms
	Integration of assets:  0.000 ms
	Thread Wait Time:       0.002 ms
	Total Operation Time:   0.126 ms
Loaded scene 'Library/Unused/ff1af1b8cae214c248e470275d3db460'
	Deserialize:            0.024 ms
	Integration:            0.084 ms
	Integration of assets:  0.000 ms
	Thread Wait Time:       0.002 ms
	Total Operation Time:   0.109 ms
Loaded scene 'Library/Unused/24e81cf8a23da409aadac77745689551'
	Deserialize:            0.022 ms
	Integration:            0.073 ms
	Integration of assets:  0.000 ms
	Thread Wait Time:       0.002 ms
	Total Operation Time:   0.097 ms
Loaded scene 'Library/Unused/a8f5e6f708b9544ed94801f8813379d6'
	Deserialize:            0.028 ms
	Integration:            0.075 ms
	Integration of assets:  0.000 ms
	Thread Wait Time:       0.004 ms
	Total Operation Time:   0.107 ms
Loaded scene 'Library/Unused/fdea57b277bd24cd6ad3906d69495063'
	Deserialize:            0.021 ms
	Integration:            0.082 ms
	Integration of assets:  0.000 ms
	Thread Wait Time:       0.002 ms
	Total Operation Time:   0.105 ms
Loaded scene 'Library/Unused/ad567bd36b5d741aa91e535b13000378'
	Deserialize:            0.022 ms
	Integration:            0.081 ms
	Integration of assets:  0.000 ms
	Thread Wait Time:       0.001 ms
	Total Operation Time:   0.105 ms
Loaded scene 'Library/Unused/ad612f51e4e054bcc908d6c2f4f7da7a'
	Deserialize:            0.022 ms
	Integration:            0.068 ms
	Integration of assets:  0.000 ms
	Thread Wait Time:       0.002 ms
	Total Operation Time:   0.092 ms
Loaded scene 'Library/Unused/95b5fe61ea5ef44f6b7bf92d1d78d46e'
	Deserialize:            0.029 ms
	Integration:            0.082 ms
	Integration of assets:  0.000 ms
	Thread Wait Time:       0.002 ms
	Total Operation Time:   0.114 ms
Loaded scene 'Library/Unused/58f51c7c621bc424fbba0cb6b591ae7d'
	Deserialize:            0.019 ms
	Integration:            0.090 ms
	Integration of assets:  0.000 ms
	Thread Wait Time:       0.001 ms
	Total Operation Time:   0.111 ms
Loaded scene 'Library/Unused/0ce1bf2e425b748dbbb236e56a4f178f'
	Deserialize:            0.021 ms
	Integration:            0.078 ms
	Integration of assets:  0.000 ms
	Thread Wait Time:       0.002 ms
	Total Operation Time:   0.100 ms
Loaded scene 'Library/Unused/01deba4d46b4945b4acdfb72a07a9586'
	Deserialize:            0.027 ms
	Integration:            0.073 ms
	Integration of assets:  0.000 ms
	Thread Wait Time:       0.002 ms
	Total Operation Time:   0.103 ms
Loaded scene 'Library/Unused/9e458615226814793b5e8b201adb536a'
	Deserialize:            0.021 ms
	Integration:            0.084 ms
	Integration of assets:  0.000 ms
	Thread Wait Time:       0.002 ms
	Total Operation Time:   0.107 ms
Loaded scene 'Library/Unused/e72e2c5d4efe64881aef76a2363c6642'
	Deserialize:            0.028 ms
	Integration:            0.079 ms
	Integration of assets:  0.000 ms
	Thread Wait Time:       0.005 ms
	Total Operation Time:   0.112 ms
Loaded scene 'Library/Unused/07c88aa815ad94c6cbd4eaa45c8df5ed'
	Deserialize:            0.022 ms
	Integration:            0.076 ms
	Integration of assets:  0.000 ms
	Thread Wait Time:       0.002 ms
	Total Operation Time:   0.099 ms
Loaded scene 'Library/Unused/adfadd954fc4b432496636adfdfbcb76'
	Deserialize:            0.021 ms
	Integration:            0.063 ms
	Integration of assets:  0.000 ms
	Thread Wait Time:       0.002 ms
	Total Operation Time:   0.086 ms
Loaded scene 'Library/Unused/e437b94d4a83e4b14b8426d54d670dd4'
	Deserialize:            0.021 ms
	Integration:            0.071 ms
	Integration of assets:  0.000 ms
	Thread Wait Time:       0.002 ms
	Total Operation Time:   0.093 ms
Loaded scene 'Library/Unused/79839082d804e4bfc8c9300679c81cdb'
	Deserialize:            0.021 ms
	Integration:            0.075 ms
	Integration of assets:  0.000 ms
	Thread Wait Time:       0.002 ms
	Total Operation Time:   0.098 ms
Loaded scene 'Library/Unused/af4792463d33f44b385e1bc0def1fc17'
	Deserialize:            0.021 ms
	Integration:            0.075 ms
	Integration of assets:  0.000 ms
	Thread Wait Time:       0.001 ms
	Total Operation Time:   0.098 ms
Loaded scene 'Library/Unused/61485a20b88c84d2d92a05908613804e'
	Deserialize:            0.022 ms
	Integration:            0.083 ms
	Integration of assets:  0.000 ms
	Thread Wait Time:       0.002 ms
	Total Operation Time:   0.106 ms
Loaded scene 'Library/Unused/16a2fbec8e7514fceac1ed70973cf052'
	Deserialize:            0.022 ms
	Integration:            0.078 ms
	Integration of assets:  0.000 ms
	Thread Wait Time:       0.002 ms
	Total Operation Time:   0.101 ms
Loaded scene 'Library/Unused/9a6e52fb02f4145578109c0918bd6b7a'
	Deserialize:            0.020 ms
	Integration:            0.075 ms
	Integration of assets:  0.000 ms
	Thread Wait Time:       0.002 ms
	Total Operation Time:   0.098 ms
Loaded scene 'Library/Unused/f316e94b8ebd7410da3aad7e19258960'
	Deserialize:            0.022 ms
	Integration:            0.075 ms
	Integration of assets:  0.000 ms
	Thread Wait Time:       0.002 ms
	Total Operation Time:   0.099 ms
Loaded scene 'Library/Unused/d05677e28c4204956baa8469a409c328'
	Deserialize:            0.019 ms
	Integration:            0.072 ms
	Integration of assets:  0.000 ms
	Thread Wait Time:       0.002 ms
	Total Operation Time:   0.093 ms
Loaded scene 'Library/Unused/1ea787f51615a41f2b2d709eab9bcfe9'
	Deserialize:            0.021 ms
	Integration:            0.077 ms
	Integration of assets:  0.000 ms
	Thread Wait Time:       0.002 ms
	Total Operation Time:   0.101 ms
Loaded scene 'Library/Unused/0dff9c45630144b7d8cb7ed4cc2ce7df'
	Deserialize:            0.021 ms
	Integration:            0.082 ms
	Integration of assets:  0.000 ms
	Thread Wait Time:       0.002 ms
	Total Operation Time:   0.106 ms
Loaded scene 'Library/Unused/410327c89f191442ea3c445b96eaca71'
	Deserialize:            0.021 ms
	Integration:            0.075 ms
	Integration of assets:  0.000 ms
	Thread Wait Time:       0.002 ms
	Total Operation Time:   0.098 ms
Loaded scene 'Library/Unused/64e840579d4ab4e0d9b9f54a5568c440'
	Deserialize:            0.020 ms
	Integration:            0.079 ms
	Integration of assets:  0.000 ms
	Thread Wait Time:       0.002 ms
	Total Operation Time:   0.101 ms
Loaded scene 'Library/Unused/fdfe5eb87c0d34851b7a524b2ae02149'
	Deserialize:            0.020 ms
	Integration:            0.077 ms
	Integration of assets:  0.000 ms
	Thread Wait Time:       0.002 ms
	Total Operation Time:   0.100 ms
Loaded scene 'Library/Unused/3d67febdffe8a4b7992dbb0f6ec40ea6'
	Deserialize:            0.021 ms
	Integration:            0.074 ms
	Integration of assets:  0.000 ms
	Thread Wait Time:       0.002 ms
	Total Operation Time:   0.097 ms
Loaded scene 'Library/Unused/0480e94572c0447a98f93fc5a313e008'
	Deserialize:            0.022 ms
	Integration:            0.075 ms
	Integration of assets:  0.000 ms
	Thread Wait Time:       0.002 ms
	Total Operation Time:   0.099 ms
Loaded scene 'Library/Unused/a3b105b8d732b48e6ace15416bbfbda6'
	Deserialize:            0.021 ms
	Integration:            0.069 ms
	Integration of assets:  0.000 ms
	Thread Wait Time:       0.002 ms
	Total Operation Time:   0.092 ms
Loaded scene 'Library/Unused/3d5e2261c1ab741a68f68ada8a4eac38'
	Deserialize:            0.021 ms
	Integration:            0.075 ms
	Integration of assets:  0.000 ms
	Thread Wait Time:       0.002 ms
	Total Operation Time:   0.098 ms
Loaded scene 'Library/Unused/e943254e9f9fe404ca5348d3bfe28aca'
	Deserialize:            0.022 ms
	Integration:            0.067 ms
	Integration of assets:  0.000 ms
	Thread Wait Time:       0.002 ms
	Total Operation Time:   0.091 ms
Loaded scene 'Library/Unused/00117995ac87a451382fb6eda96d8464'
	Deserialize:            0.026 ms
	Integration:            0.069 ms
	Integration of assets:  0.000 ms
	Thread Wait Time:       0.003 ms
	Total Operation Time:   0.098 ms
Loaded scene 'Library/Unused/36413e3c7a40148e38d906305435b0fa'
	Deserialize:            0.027 ms
	Integration:            0.079 ms
	Integration of assets:  0.000 ms
	Thread Wait Time:       0.004 ms
	Total Operation Time:   0.111 ms
Loaded scene 'Library/Unused/98ace895651b649a4b4348ba7f34f266'
	Deserialize:            0.030 ms
	Integration:            0.078 ms
	Integration of assets:  0.000 ms
	Thread Wait Time:       0.002 ms
	Total Operation Time:   0.110 ms
Loaded scene 'Library/Unused/c27af3e1e533b4767a34305af5264540'
	Deserialize:            0.035 ms
	Integration:            0.092 ms
	Integration of assets:  0.000 ms
	Thread Wait Time:       0.002 ms
	Total Operation Time:   0.128 ms
Loaded scene 'Library/Unused/19cca6f38705448fb85186fef106e324'
	Deserialize:            0.024 ms
	Integration:            0.072 ms
	Integration of assets:  0.000 ms
	Thread Wait Time:       0.002 ms
	Total Operation Time:   0.098 ms
Loaded scene 'Library/Unused/1336c66e15789418da311c0a096191aa'
	Deserialize:            0.020 ms
	Integration:            0.094 ms
	Integration of assets:  0.000 ms
	Thread Wait Time:       0.002 ms
	Total Operation Time:   0.116 ms
Loaded scene 'Library/Unused/2095157aa25d5443fade760ff5f43867'
	Deserialize:            0.022 ms
	Integration:            0.072 ms
	Integration of assets:  0.000 ms
	Thread Wait Time:       0.002 ms
	Total Operation Time:   0.096 ms
Loaded scene 'Library/Unused/4d111507a7d2041478159249c549727d'
	Deserialize:            0.023 ms
	Integration:            0.071 ms
	Integration of assets:  0.000 ms
	Thread Wait Time:       0.002 ms
	Total Operation Time:   0.096 ms
Loaded scene 'Library/Unused/79cb8730cf76444bfa18982d7278f089'
	Deserialize:            0.022 ms
	Integration:            0.062 ms
	Integration of assets:  0.000 ms
	Thread Wait Time:       0.002 ms
	Total Operation Time:   0.086 ms
Loaded scene 'Library/Unused/ba898f8c9e56b4c53bf14f922a469d22'
	Deserialize:            0.021 ms
	Integration:            0.071 ms
	Integration of assets:  0.000 ms
	Thread Wait Time:       0.002 ms
	Total Operation Time:   0.094 ms
Loaded scene 'Library/Unused/ec163f8386c3c4c8a9fb846e1d4585b0'
	Deserialize:            0.021 ms
	Integration:            0.070 ms
	Integration of assets:  0.000 ms
	Thread Wait Time:       0.003 ms
	Total Operation Time:   0.094 ms
Loaded scene 'Library/Unused/4892f10f80efa4f119cc73edee5ea2ea'
	Deserialize:            0.021 ms
	Integration:            0.072 ms
	Integration of assets:  0.000 ms
	Thread Wait Time:       0.002 ms
	Total Operation Time:   0.095 ms
Loaded scene 'Library/Unused/ffdec1af2575e4e18beb7dc5aa7dfa8a'
	Deserialize:            0.021 ms
	Integration:            0.072 ms
	Integration of assets:  0.000 ms
	Thread Wait Time:       0.002 ms
	Total Operation Time:   0.095 ms
Loaded scene 'Library/Unused/15f85315d68d64dd19f8342cf90a5ccd'
	Deserialize:            0.022 ms
	Integration:            0.069 ms
	Integration of assets:  0.000 ms
	Thread Wait Time:       0.002 ms
	Total Operation Time:   0.093 ms
Loaded scene 'Library/Unused/f0b8d6874e8b944ab801388752c5fd76'
	Deserialize:            0.022 ms
	Integration:            0.076 ms
	Integration of assets:  0.000 ms
	Thread Wait Time:       0.002 ms
	Total Operation Time:   0.100 ms
Loaded scene 'Library/Unused/9aa6428ba5a1c4242ab7553590cc2c07'
	Deserialize:            0.022 ms
	Integration:            0.081 ms
	Integration of assets:  0.000 ms
	Thread Wait Time:       0.002 ms
	Total Operation Time:   0.104 ms
Loaded scene 'Library/Unused/bd120de0c50bc44d699fb893edbb3d06'
	Deserialize:            0.022 ms
	Integration:            0.074 ms
	Integration of assets:  0.000 ms
	Thread Wait Time:       0.002 ms
	Total Operation Time:   0.098 ms
Loaded scene 'Library/Unused/5fe1fe51fae5d44c1b5ca4add2b63a33'
	Deserialize:            0.022 ms
	Integration:            0.072 ms
	Integration of assets:  0.000 ms
	Thread Wait Time:       0.002 ms
	Total Operation Time:   0.096 ms
Loaded scene 'Library/Unused/103cf60d4b31c4706939db3c96c3c2b5'
	Deserialize:            0.022 ms
	Integration:            0.076 ms
	Integration of assets:  0.000 ms
	Thread Wait Time:       0.002 ms
	Total Operation Time:   0.099 ms
Loaded scene 'Library/Unused/a74ff1b3607c74f62952d9a6f84578e7'
	Deserialize:            0.021 ms
	Integration:            0.073 ms
	Integration of assets:  0.000 ms
	Thread Wait Time:       0.002 ms
	Total Operation Time:   0.096 ms
Loaded scene 'Library/Unused/0cd53696b03734aeb930bdcb01a2cf90'
	Deserialize:            0.021 ms
	Integration:            0.071 ms
	Integration of assets:  0.000 ms
	Thread Wait Time:       0.004 ms
	Total Operation Time:   0.097 ms
Loaded scene 'Library/Unused/c11807a2288ed4b5790744a784f24ee2'
	Deserialize:            0.021 ms
	Integration:            0.073 ms
	Integration of assets:  0.000 ms
	Thread Wait Time:       0.002 ms
	Total Operation Time:   0.096 ms
Loaded scene 'Library/Unused/e671c2afb5f004be8889c2cd1dfb7687'
	Deserialize:            0.021 ms
	Integration:            0.075 ms
	Integration of assets:  0.000 ms
	Thread Wait Time:       0.002 ms
	Total Operation Time:   0.099 ms
Loaded scene 'Library/Unused/497ca80dfffcc487186c676a03656851'
	Deserialize:            0.022 ms
	Integration:            0.074 ms
	Integration of assets:  0.000 ms
	Thread Wait Time:       0.002 ms
	Total Operation Time:   0.097 ms
Loaded scene 'Library/Unused/bb72ef559dc694454b15a31458496d00'
	Deserialize:            0.021 ms
	Integration:            0.084 ms
	Integration of assets:  0.000 ms
	Thread Wait Time:       0.002 ms
	Total Operation Time:   0.106 ms
Loaded scene 'Library/Unused/e67a1995f5f6c4fd4ace1ba9abaa06cc'
	Deserialize:            0.021 ms
	Integration:            0.070 ms
	Integration of assets:  0.000 ms
	Thread Wait Time:       0.002 ms
	Total Operation Time:   0.092 ms
Loaded scene 'Library/Unused/ef0d7dfdaedcc4502b9febdcdcd03f03'
	Deserialize:            0.022 ms
	Integration:            0.085 ms
	Integration of assets:  0.000 ms
	Thread Wait Time:       0.002 ms
	Total Operation Time:   0.109 ms
Loaded scene 'Library/Unused/06d3224e2e28f45678d3064af2aed847'
	Deserialize:            0.022 ms
	Integration:            0.077 ms
	Integration of assets:  0.000 ms
	Thread Wait Time:       0.002 ms
	Total Operation Time:   0.101 ms
Loaded scene 'Library/Unused/66260f6585d6d4c759940e3a31d01f0a'
	Deserialize:            0.021 ms
	Integration:            0.065 ms
	Integration of assets:  0.000 ms
	Thread Wait Time:       0.002 ms
	Total Operation Time:   0.088 ms
Loaded scene 'Library/Unused/447832f77f2d44c6eb3c75e949ad52f9'
	Deserialize:            0.047 ms
	Integration:            0.535 ms
	Integration of assets:  0.000 ms
	Thread Wait Time:       0.002 ms
	Total Operation Time:   0.583 ms
Loaded scene 'Library/Unused/def3704be7a4f46ce909896e453a9265'
	Deserialize:            0.037 ms
	Integration:            0.501 ms
	Integration of assets:  0.000 ms
	Thread Wait Time:       0.002 ms
	Total Operation Time:   0.540 ms
Loaded scene 'Library/Unused/5be00d09443a148cd8fe83a73cf9d620'
	Deserialize:            0.029 ms
	Integration:            0.683 ms
	Integration of assets:  0.000 ms
	Thread Wait Time:       0.001 ms
	Total Operation Time:   0.714 ms
Loaded scene 'Library/Unused/49710717127da4ca49506db1471a3ea6'
	Deserialize:            0.025 ms
	Integration:            0.403 ms
	Integration of assets:  0.000 ms
	Thread Wait Time:       0.002 ms
	Total Operation Time:   0.430 ms
Loaded scene 'Library/Unused/2d96265bbc6d94416b7089d15b153873'
	Deserialize:            0.028 ms
	Integration:            0.442 ms
	Integration of assets:  0.000 ms
	Thread Wait Time:       0.002 ms
	Total Operation Time:   0.472 ms
Loaded scene 'Library/Unused/85431fa8c10d34d7c8a5f12d2ed19809'
	Deserialize:            0.029 ms
	Integration:            0.823 ms
	Integration of assets:  0.000 ms
	Thread Wait Time:       0.002 ms
	Total Operation Time:   0.853 ms
Loaded scene 'Library/Unused/59fa92f6b064740bb9b1a42bda1470dd'
	Deserialize:            0.026 ms
	Integration:            0.418 ms
	Integration of assets:  0.000 ms
	Thread Wait Time:       0.002 ms
	Total Operation Time:   0.445 ms
Loaded scene 'Library/Unused/286b990fa5a3e40d7ae1bb77fc23551b'
	Deserialize:            0.026 ms
	Integration:            0.412 ms
	Integration of assets:  0.000 ms
	Thread Wait Time:       0.002 ms
	Total Operation Time:   0.439 ms
Loaded scene 'Library/Unused/42804584a2fe34927b3781d5d51f99ff'
	Deserialize:            0.025 ms
	Integration:            0.435 ms
	Integration of assets:  0.000 ms
	Thread Wait Time:       0.002 ms
	Total Operation Time:   0.462 ms
Loaded scene 'Library/Unused/5186eaf063e9e4f179f606a38071be71'
	Deserialize:            0.025 ms
	Integration:            0.432 ms
	Integration of assets:  0.000 ms
	Thread Wait Time:       0.002 ms
	Total Operation Time:   0.460 ms
Loaded scene 'Library/Unused/c408b7ae602b04d788c3107eda323760'
	Deserialize:            0.030 ms
	Integration:            0.463 ms
	Integration of assets:  0.000 ms
	Thread Wait Time:       0.002 ms
	Total Operation Time:   0.494 ms
Loaded scene 'Library/Unused/562fbbc88f83b4786b1cf8d8b946d7fd'
	Deserialize:            0.025 ms
	Integration:            0.437 ms
	Integration of assets:  0.000 ms
	Thread Wait Time:       0.002 ms
	Total Operation Time:   0.464 ms
Loaded scene 'Library/Unused/3ba12a5632f204a6ba5c45916808ce3e'
	Deserialize:            0.026 ms
	Integration:            0.423 ms
	Integration of assets:  0.000 ms
	Thread Wait Time:       0.002 ms
	Total Operation Time:   0.451 ms
Loaded scene 'Library/Unused/bcdfe30c29ca94f4e86fb41904ffb5a6'
	Deserialize:            0.025 ms
	Integration:            0.020 ms
	Integration of assets:  0.000 ms
	Thread Wait Time:       0.002 ms
	Total Operation Time:   0.047 ms
Loaded scene 'Library/Unused/505a4315e743c41f480ec3380efa8f75'
	Deserialize:            0.029 ms
	Integration:            0.673 ms
	Integration of assets:  0.000 ms
	Thread Wait Time:       0.002 ms
	Total Operation Time:   0.704 ms
Loaded scene 'Library/Unused/d3dacac148bb94878ae3d11ec0bb5247'
	Deserialize:            0.026 ms
	Integration:            0.476 ms
	Integration of assets:  0.000 ms
	Thread Wait Time:       0.002 ms
	Total Operation Time:   0.504 ms
Loaded scene 'Library/Unused/3ba6a29bfbd774417a0fbd9dfd6079a1'
	Deserialize:            0.028 ms
	Integration:            0.407 ms
	Integration of assets:  0.000 ms
	Thread Wait Time:       0.002 ms
	Total Operation Time:   0.437 ms
Loaded scene 'Library/Unused/2bd87d1f07be84e228494dfba8be5972'
	Deserialize:            0.025 ms
	Integration:            0.399 ms
	Integration of assets:  0.000 ms
	Thread Wait Time:       0.002 ms
	Total Operation Time:   0.426 ms
Loaded scene 'Library/Unused/d1048ef61ca3447d4be51109f8d55968'
	Deserialize:            0.026 ms
	Integration:            0.419 ms
	Integration of assets:  0.000 ms
	Thread Wait Time:       0.002 ms
	Total Operation Time:   0.448 ms
Loaded scene 'Library/Unused/3ec99e113558f44c5b165c649c8f0f3b'
	Deserialize:            0.026 ms
	Integration:            0.021 ms
	Integration of assets:  0.000 ms
	Thread Wait Time:       0.001 ms
	Total Operation Time:   0.049 ms
Loaded scene 'Library/Unused/100b36189ed184e988b3ecb1b18d9900'
	Deserialize:            0.026 ms
	Integration:            0.414 ms
	Integration of assets:  0.000 ms
	Thread Wait Time:       0.002 ms
	Total Operation Time:   0.441 ms
Loaded scene 'Library/Unused/2eb57458295a14707a654502e8161bba'
	Deserialize:            0.025 ms
	Integration:            0.409 ms
	Integration of assets:  0.000 ms
	Thread Wait Time:       0.001 ms
	Total Operation Time:   0.436 ms
Loaded scene 'Library/Unused/ca3c1dd04fc6a4d55a861c179e1f816f'
	Deserialize:            0.032 ms
	Integration:            0.481 ms
	Integration of assets:  0.000 ms
	Thread Wait Time:       0.002 ms
	Total Operation Time:   0.515 ms
Loaded scene 'Library/Unused/d8d204bffc5f64602ba862c8c9d8c13a'
	Deserialize:            0.024 ms
	Integration:            0.418 ms
	Integration of assets:  0.000 ms
	Thread Wait Time:       0.001 ms
	Total Operation Time:   0.444 ms
Loaded scene 'Library/Unused/c9f11e5b949b445819334d31036c12ff'
	Deserialize:            0.025 ms
	Integration:            0.469 ms
	Integration of assets:  0.000 ms
	Thread Wait Time:       0.004 ms
	Total Operation Time:   0.498 ms
Loaded scene 'Library/Unused/b6825aae6dc4f456ea8a148713b51c9f'
	Deserialize:            0.025 ms
	Integration:            0.591 ms
	Integration of assets:  0.000 ms
	Thread Wait Time:       0.002 ms
	Total Operation Time:   0.617 ms
Loaded scene 'Library/Unused/be7e67780d8a34417a839dcb064d4c5a'
	Deserialize:            0.025 ms
	Integration:            0.020 ms
	Integration of assets:  0.000 ms
	Thread Wait Time:       0.002 ms
	Total Operation Time:   0.046 ms
Loaded scene 'Library/Unused/2ec450e5723a240d081cb7168cb8be9c'
	Deserialize:            0.026 ms
	Integration:            0.429 ms
	Integration of assets:  0.000 ms
	Thread Wait Time:       0.001 ms
	Total Operation Time:   0.457 ms
Loaded scene 'Library/Unused/781d2da8b181b4392a88f05dff2aa17a'
	Deserialize:            0.026 ms
	Integration:            0.464 ms
	Integration of assets:  0.000 ms
	Thread Wait Time:       0.001 ms
	Total Operation Time:   0.492 ms
Loaded scene 'Library/Unused/ba08a5f9bead0485f86d578a9dfcf3a1'
	Deserialize:            0.025 ms
	Integration:            0.478 ms
	Integration of assets:  0.000 ms
	Thread Wait Time:       0.004 ms
	Total Operation Time:   0.508 ms
Loaded scene 'Library/Unused/54e01e387d5dd4478af7e6474ec36a4b'
	Deserialize:            0.024 ms
	Integration:            0.398 ms
	Integration of assets:  0.000 ms
	Thread Wait Time:       0.002 ms
	Total Operation Time:   0.424 ms
Loaded scene 'Library/Unused/1d665bf9d1b404268bccd45edcee092e'
	Deserialize:            0.025 ms
	Integration:            0.472 ms
	Integration of assets:  0.000 ms
	Thread Wait Time:       0.004 ms
	Total Operation Time:   0.502 ms
Loaded scene 'Library/Unused/b34c7f9b44c8643ac971c6e38f4b4592'
	Deserialize:            0.027 ms
	Integration:            0.472 ms
	Integration of assets:  0.000 ms
	Thread Wait Time:       0.004 ms
	Total Operation Time:   0.504 ms
Loaded scene 'Library/Unused/0b22f2d03ffa74a95b8560299af2a6d9'
	Deserialize:            0.025 ms
	Integration:            0.456 ms
	Integration of assets:  0.000 ms
	Thread Wait Time:       0.002 ms
	Total Operation Time:   0.483 ms
Loaded scene 'Library/Unused/5f856f7bafdd04d2f89b20407cce955f'
	Deserialize:            0.025 ms
	Integration:            0.393 ms
	Integration of assets:  0.000 ms
	Thread Wait Time:       0.002 ms
	Total Operation Time:   0.419 ms
Loaded scene 'Library/Unused/3f341ab7c5986471b964ba17838315f2'
	Deserialize:            0.026 ms
	Integration:            0.475 ms
	Integration of assets:  0.000 ms
	Thread Wait Time:       0.003 ms
	Total Operation Time:   0.504 ms
Loaded scene 'Library/Unused/ea4dc265037a944dfa36c9768a3d8b75'
	Deserialize:            0.042 ms
	Integration:            0.469 ms
	Integration of assets:  0.000 ms
	Thread Wait Time:       0.003 ms
	Total Operation Time:   0.514 ms
Loaded scene 'Library/Unused/8219677468ac340848e460f5d1bdfc9d'
	Deserialize:            0.040 ms
	Integration:            0.430 ms
	Integration of assets:  0.000 ms
	Thread Wait Time:       0.002 ms
	Total Operation Time:   0.472 ms
Loaded scene 'Library/Unused/15287b04721e54985ac704cef17c76a6'
	Deserialize:            0.039 ms
	Integration:            0.431 ms
	Integration of assets:  0.000 ms
	Thread Wait Time:       0.002 ms
	Total Operation Time:   0.472 ms
Loaded scene 'Library/Unused/403aa8496dd3d48a4880980b6649b8f7'
	Deserialize:            0.038 ms
	Integration:            0.425 ms
	Integration of assets:  0.000 ms
	Thread Wait Time:       0.002 ms
	Total Operation Time:   0.465 ms
Loaded scene 'Library/Unused/cc0678c7458af483caf0fca7784f7579'
	Deserialize:            0.028 ms
	Integration:            0.422 ms
	Integration of assets:  0.000 ms
	Thread Wait Time:       0.002 ms
	Total Operation Time:   0.452 ms
Loaded scene 'Library/Unused/57664a04c7bf74959bd6a4fe0b4d5d83'
	Deserialize:            0.038 ms
	Integration:            0.310 ms
	Integration of assets:  0.000 ms
	Thread Wait Time:       0.002 ms
	Total Operation Time:   0.350 ms
Loaded scene 'Library/Unused/cf6822033f0f449aebcadacc465a07f4'
	Deserialize:            0.038 ms
	Integration:            0.407 ms
	Integration of assets:  0.000 ms
	Thread Wait Time:       0.002 ms
	Total Operation Time:   0.448 ms
Loaded scene 'Library/Unused/6efb94338f8254355a4efa8922e732cd'
	Deserialize:            0.036 ms
	Integration:            0.418 ms
	Integration of assets:  0.000 ms
	Thread Wait Time:       0.002 ms
	Total Operation Time:   0.456 ms
Loaded scene 'Library/Unused/e4cd4d8a91922445a9e08e9f91d94fb8'
	Deserialize:            0.039 ms
	Integration:            0.458 ms
	Integration of assets:  0.000 ms
	Thread Wait Time:       0.002 ms
	Total Operation Time:   0.500 ms
Loaded scene 'Library/Unused/9d4802788f12c4360ae906e172071179'
	Deserialize:            0.036 ms
	Integration:            0.406 ms
	Integration of assets:  0.000 ms
	Thread Wait Time:       0.002 ms
	Total Operation Time:   0.444 ms
Loaded scene 'Library/Unused/212e18c569a4a43538c85fc30f50c530'
	Deserialize:            0.029 ms
	Integration:            0.417 ms
	Integration of assets:  0.000 ms
	Thread Wait Time:       0.002 ms
	Total Operation Time:   0.448 ms
Loaded scene 'Library/Unused/7d543b76015434b9c8fdfa55f3ad8326'
	Deserialize:            0.036 ms
	Integration:            0.411 ms
	Integration of assets:  0.000 ms
	Thread Wait Time:       0.005 ms
	Total Operation Time:   0.451 ms
Loaded scene 'Library/Unused/1c1a8145ca63d4c4091f6fd05360e4b1'
	Deserialize:            0.036 ms
	Integration:            0.427 ms
	Integration of assets:  0.000 ms
	Thread Wait Time:       0.003 ms
	Total Operation Time:   0.466 ms
Loaded scene 'Library/Unused/8de81a97173954461a2d524b532ca703'
	Deserialize:            0.039 ms
	Integration:            0.431 ms
	Integration of assets:  0.000 ms
	Thread Wait Time:       0.002 ms
	Total Operation Time:   0.472 ms
Loaded scene 'Library/Unused/f41ff8f3e1c804af2938483ec4fed718'
	Deserialize:            0.037 ms
	Integration:            0.442 ms
	Integration of assets:  0.000 ms
	Thread Wait Time:       0.003 ms
	Total Operation Time:   0.482 ms
Loaded scene 'Library/Unused/3a304e90bb9964512a109b783b34baa8'
	Deserialize:            0.036 ms
	Integration:            0.499 ms
	Integration of assets:  0.000 ms
	Thread Wait Time:       0.002 ms
	Total Operation Time:   0.537 ms
Loaded scene 'Library/Unused/c9f4e0588dfb447e699a281a5e5bab42'
	Deserialize:            0.026 ms
	Integration:            0.474 ms
	Integration of assets:  0.000 ms
	Thread Wait Time:       0.002 ms
	Total Operation Time:   0.502 ms
Loaded scene 'Library/Unused/9aa6231bdf09d4add9a79a778d4c61e4'
	Deserialize:            0.036 ms
	Integration:            0.476 ms
	Integration of assets:  0.000 ms
	Thread Wait Time:       0.002 ms
	Total Operation Time:   0.515 ms
Loaded scene 'Library/Unused/c2c93c15373554ccbba2581c66fdbdad'
	Deserialize:            0.037 ms
	Integration:            0.447 ms
	Integration of assets:  0.000 ms
	Thread Wait Time:       0.002 ms
	Total Operation Time:   0.486 ms
Loaded scene 'Library/Unused/2e05f8966e70e44a6a69bcd0e993e397'
	Deserialize:            0.056 ms
	Integration:            0.112 ms
	Integration of assets:  0.000 ms
	Thread Wait Time:       0.002 ms
	Total Operation Time:   0.170 ms
Loaded scene 'Library/Unused/8ff84ef7a693e4b17b7ef9b952318b4d'
	Deserialize:            0.065 ms
	Integration:            0.136 ms
	Integration of assets:  0.000 ms
	Thread Wait Time:       0.004 ms
	Total Operation Time:   0.206 ms
Loaded scene 'Library/Unused/ede9e4af54d2d48848fea693903a0a3f'
	Deserialize:            0.072 ms
	Integration:            0.101 ms
	Integration of assets:  0.000 ms
	Thread Wait Time:       0.003 ms
	Total Operation Time:   0.176 ms
Loaded scene 'Library/Unused/f1636d69ee62b4868a7073da85a2e8a2'
	Deserialize:            0.061 ms
	Integration:            0.106 ms
	Integration of assets:  0.000 ms
	Thread Wait Time:       0.002 ms
	Total Operation Time:   0.169 ms
Loaded scene 'Library/Unused/2af8ddffa1c484d70b1399e75c6b03c7'
	Deserialize:            0.072 ms
	Integration:            0.123 ms
	Integration of assets:  0.000 ms
	Thread Wait Time:       0.002 ms
	Total Operation Time:   0.198 ms
Loaded scene 'Library/Unused/1925bbd905b3140b2a5b7511a9cecec3'
	Deserialize:            0.035 ms
	Integration:            0.064 ms
	Integration of assets:  0.000 ms
	Thread Wait Time:       0.002 ms
	Total Operation Time:   0.101 ms
Loaded scene 'Library/Unused/05e245f0027d24b119b1aebeb96b4de2'
	Deserialize:            0.059 ms
	Integration:            0.118 ms
	Integration of assets:  0.000 ms
	Thread Wait Time:       0.002 ms
	Total Operation Time:   0.180 ms
Loaded scene 'Library/Unused/0ec7d7d397ca246f8871d568da6d34a1'
	Deserialize:            0.030 ms
	Integration:            0.086 ms
	Integration of assets:  0.000 ms
	Thread Wait Time:       0.002 ms
	Total Operation Time:   0.118 ms
Loaded scene 'Library/Unused/433c1b7b111b14793badcc3b3f6e695d'
	Deserialize:            0.027 ms
	Integration:            0.073 ms
	Integration of assets:  0.000 ms
	Thread Wait Time:       0.002 ms
	Total Operation Time:   0.102 ms
Loaded scene 'Library/Unused/039354bb439894ff98c02e9c77deb9db'
	Deserialize:            0.027 ms
	Integration:            0.080 ms
	Integration of assets:  0.000 ms
	Thread Wait Time:       0.002 ms
	Total Operation Time:   0.109 ms
Loaded scene 'Library/Unused/f22b24c6bcf6641d5a29e37659590528'
	Deserialize:            0.030 ms
	Integration:            0.082 ms
	Integration of assets:  0.000 ms
	Thread Wait Time:       0.002 ms
	Total Operation Time:   0.113 ms
Loaded scene 'Library/Unused/844821e25abf74d58980d44be6657de4'
	Deserialize:            0.029 ms
	Integration:            0.072 ms
	Integration of assets:  0.000 ms
	Thread Wait Time:       0.002 ms
	Total Operation Time:   0.103 ms
Loaded scene 'Library/Unused/6c05ea0e245fc4b94b3275df6f4b06ad'
	Deserialize:            0.027 ms
	Integration:            0.094 ms
	Integration of assets:  0.000 ms
	Thread Wait Time:       0.002 ms
	Total Operation Time:   0.123 ms
Loaded scene 'Library/Unused/b81eeb7446c6e4023bd27cf8556f7c7b'
	Deserialize:            0.027 ms
	Integration:            0.093 ms
	Integration of assets:  0.000 ms
	Thread Wait Time:       0.002 ms
	Total Operation Time:   0.123 ms
Loaded scene 'Library/Unused/d8ce88c928340478192d0f9421e97a50'
	Deserialize:            0.063 ms
	Integration:            0.199 ms
	Integration of assets:  0.000 ms
	Thread Wait Time:       0.002 ms
	Total Operation Time:   0.264 ms
Loaded scene 'Library/Unused/59d8ae1d34da040b089644e4c8e91f6e'
	Deserialize:            0.049 ms
	Integration:            0.174 ms
	Integration of assets:  0.000 ms
	Thread Wait Time:       0.002 ms
	Total Operation Time:   0.225 ms
Loaded scene 'Library/Unused/8164de7f5120c4edba76384e45317598'
	Deserialize:            0.062 ms
	Integration:            0.160 ms
	Integration of assets:  0.000 ms
	Thread Wait Time:       0.002 ms
	Total Operation Time:   0.224 ms
Loaded scene 'Library/Unused/a25cdc37544be4978aa4a03f6081c5b6'
	Deserialize:            0.048 ms
	Integration:            0.108 ms
	Integration of assets:  0.000 ms
	Thread Wait Time:       0.002 ms
	Total Operation Time:   0.158 ms
Loaded scene 'Library/Unused/545741c7ecf3e4a7e97dfbe182406596'
	Deserialize:            0.062 ms
	Integration:            0.226 ms
	Integration of assets:  0.000 ms
	Thread Wait Time:       0.002 ms
	Total Operation Time:   0.290 ms
Loaded scene 'Library/Unused/691e47f3f2a1a451893b568c671e61f1'
	Deserialize:            0.062 ms
	Integration:            0.231 ms
	Integration of assets:  0.000 ms
	Thread Wait Time:       0.002 ms
	Total Operation Time:   0.295 ms
Loaded scene 'Library/Unused/7b2c2eff68cfa4e53b2e4e7f302cf80e'
	Deserialize:            0.055 ms
	Integration:            0.228 ms
	Integration of assets:  0.000 ms
	Thread Wait Time:       0.002 ms
	Total Operation Time:   0.285 ms
Loaded scene 'Library/Unused/087dc66e9ac3e4c15a87a51b09744886'
	Deserialize:            0.027 ms
	Integration:            0.065 ms
	Integration of assets:  0.000 ms
	Thread Wait Time:       0.002 ms
	Total Operation Time:   0.094 ms
Loaded scene 'Library/Unused/5ac874f6f6f2b4223b9e5567aa837095'
	Deserialize:            0.026 ms
	Integration:            0.072 ms
	Integration of assets:  0.000 ms
	Thread Wait Time:       0.003 ms
	Total Operation Time:   0.101 ms
Loaded scene 'Library/Unused/ec3ba721757a54e42839f51936605e4e'
	Deserialize:            0.047 ms
	Integration:            0.092 ms
	Integration of assets:  0.000 ms
	Thread Wait Time:       0.002 ms
	Total Operation Time:   0.141 ms
Loaded scene 'Library/Unused/209bbcb68e4ca4ad0a74ebfe7c99ac44'
	Deserialize:            0.026 ms
	Integration:            0.065 ms
	Integration of assets:  0.000 ms
	Thread Wait Time:       0.002 ms
	Total Operation Time:   0.094 ms
Loaded scene 'Library/Unused/56a08a3f9df8e4ec4842909aa9e983a0'
	Deserialize:            0.046 ms
	Integration:            0.094 ms
	Integration of assets:  0.000 ms
	Thread Wait Time:       0.002 ms
	Total Operation Time:   0.143 ms
Loaded scene 'Library/Unused/fd90c60e8706f4985bd4f7c435ba1299'
	Deserialize:            0.026 ms
	Integration:            0.067 ms
	Integration of assets:  0.000 ms
	Thread Wait Time:       0.002 ms
	Total Operation Time:   0.095 ms
Loaded scene 'Library/Unused/eba7960067f584132882fcfcb03c6117'
	Deserialize:            0.026 ms
	Integration:            0.068 ms
	Integration of assets:  0.000 ms
	Thread Wait Time:       0.002 ms
	Total Operation Time:   0.096 ms
Loaded scene 'Library/Unused/2770ae5ddf5ae46f1b970f2398b56d66'
	Deserialize:            0.079 ms
	Integration:            0.182 ms
	Integration of assets:  0.000 ms
	Thread Wait Time:       0.002 ms
	Total Operation Time:   0.263 ms
Loaded scene 'Library/Unused/26ae13be459134812bf380e4bc3abdfd'
	Deserialize:            0.074 ms
	Integration:            0.179 ms
	Integration of assets:  0.000 ms
	Thread Wait Time:       0.002 ms
	Total Operation Time:   0.256 ms
Loaded scene 'Library/Unused/60d37302dac7f4ee7b8c4d1c73db8f08'
	Deserialize:            0.075 ms
	Integration:            0.179 ms
	Integration of assets:  0.000 ms
	Thread Wait Time:       0.002 ms
	Total Operation Time:   0.257 ms
Loaded scene 'Library/Unused/01d7cebee751744e9a53d5ed5702746b'
	Deserialize:            0.089 ms
	Integration:            0.256 ms
	Integration of assets:  0.000 ms
	Thread Wait Time:       0.002 ms
	Total Operation Time:   0.348 ms
Loaded scene 'Library/Unused/bfe9bde4c1e924b378c45d964f88e6e7'
	Deserialize:            0.073 ms
	Integration:            0.226 ms
	Integration of assets:  0.000 ms
	Thread Wait Time:       0.002 ms
	Total Operation Time:   0.301 ms
Loaded scene 'Library/Unused/7d164301c236143b6ae515c344c139eb'
	Deserialize:            0.089 ms
	Integration:            0.159 ms
	Integration of assets:  0.000 ms
	Thread Wait Time:       0.002 ms
	Total Operation Time:   0.250 ms
Loaded scene 'Library/Unused/358fd9578b06048dd9b7f3ea897685ac'
	Deserialize:            0.074 ms
	Integration:            0.145 ms
	Integration of assets:  0.000 ms
	Thread Wait Time:       0.002 ms
	Total Operation Time:   0.221 ms
Loaded scene 'Library/Unused/acb56fdd3f55a43ebb7a15fb01ec7e32'
	Deserialize:            0.027 ms
	Integration:            0.062 ms
	Integration of assets:  0.000 ms
	Thread Wait Time:       0.002 ms
	Total Operation Time:   0.090 ms
Loaded scene 'Library/Unused/6977d54f67c2042438310375c8c6924e'
	Deserialize:            0.026 ms
	Integration:            0.066 ms
	Integration of assets:  0.000 ms
	Thread Wait Time:       0.002 ms
	Total Operation Time:   0.094 ms
Loaded scene 'Library/Unused/5ac100609adf04343a36974958a7d954'
	Deserialize:            0.026 ms
	Integration:            0.071 ms
	Integration of assets:  0.000 ms
	Thread Wait Time:       0.002 ms
	Total Operation Time:   0.099 ms
Loaded scene 'Library/Unused/81dc7272ce214450b8eeb0b69418d932'
	Deserialize:            0.026 ms
	Integration:            0.071 ms
	Integration of assets:  0.000 ms
	Thread Wait Time:       0.002 ms
	Total Operation Time:   0.099 ms
Loaded scene 'Library/Unused/391b9324d9fb34939bedb7aa7df09f63'
	Deserialize:            0.027 ms
	Integration:            0.070 ms
	Integration of assets:  0.000 ms
	Thread Wait Time:       0.002 ms
	Total Operation Time:   0.098 ms
Loaded scene 'Library/Unused/32a9b3a62ff224c7982d712cdf13cc8d'
	Deserialize:            0.027 ms
	Integration:            0.074 ms
	Integration of assets:  0.000 ms
	Thread Wait Time:       0.002 ms
	Total Operation Time:   0.102 ms
Loaded scene 'Library/Unused/4c0896230c79f4c269d0134c755e875f'
	Deserialize:            0.026 ms
	Integration:            0.073 ms
	Integration of assets:  0.000 ms
	Thread Wait Time:       0.002 ms
	Total Operation Time:   0.101 ms
Loaded scene 'Library/Unused/4154f4c4ef4f54043bd720a9688ff96c'
	Deserialize:            0.061 ms
	Integration:            0.117 ms
	Integration of assets:  0.000 ms
	Thread Wait Time:       0.002 ms
	Total Operation Time:   0.180 ms
Loaded scene 'Library/Unused/b6731ed8ed27c4d9f8db55f051ea4cf7'
	Deserialize:            0.060 ms
	Integration:            0.112 ms
	Integration of assets:  0.000 ms
	Thread Wait Time:       0.002 ms
	Total Operation Time:   0.174 ms
Loaded scene 'Library/Unused/1a6466a0d6b6d4b388c8d36458e50f3d'
	Deserialize:            0.063 ms
	Integration:            0.113 ms
	Integration of assets:  0.000 ms
	Thread Wait Time:       0.002 ms
	Total Operation Time:   0.179 ms
Loaded scene 'Library/Unused/64ade8cf4d4204b84b1e01a0ca37f2e7'
	Deserialize:            0.055 ms
	Integration:            0.115 ms
	Integration of assets:  0.000 ms
	Thread Wait Time:       0.002 ms
	Total Operation Time:   0.172 ms
Loaded scene 'Library/Unused/75b76454a6e66442394b06abecc077c6'
	Deserialize:            0.062 ms
	Integration:            0.113 ms
	Integration of assets:  0.000 ms
	Thread Wait Time:       0.002 ms
	Total Operation Time:   0.178 ms
Loaded scene 'Library/Unused/16ecf93c79636492184b3bf0fa38973f'
	Deserialize:            0.061 ms
	Integration:            0.121 ms
	Integration of assets:  0.000 ms
	Thread Wait Time:       0.002 ms
	Total Operation Time:   0.184 ms
Loaded scene 'Library/Unused/915ae08cc9ac74f9d9cadb5f31535c3f'
	Deserialize:            0.064 ms
	Integration:            0.112 ms
	Integration of assets:  0.000 ms
	Thread Wait Time:       0.002 ms
	Total Operation Time:   0.179 ms
Loaded scene 'Library/Unused/0e0ef7e0420a546dc8c677ca1f7b5662'
	Deserialize:            0.063 ms
	Integration:            0.191 ms
	Integration of assets:  0.000 ms
	Thread Wait Time:       0.002 ms
	Total Operation Time:   0.257 ms
Loaded scene 'Library/Unused/9c43511a0babe4e63820d6f9338b9a45'
	Deserialize:            0.053 ms
	Integration:            0.182 ms
	Integration of assets:  0.000 ms
	Thread Wait Time:       0.002 ms
	Total Operation Time:   0.237 ms
Loaded scene 'Library/Unused/c7bf50d5666814017aea7e7121a76650'
	Deserialize:            0.055 ms
	Integration:            0.199 ms
	Integration of assets:  0.000 ms
	Thread Wait Time:       0.002 ms
	Total Operation Time:   0.256 ms
Loaded scene 'Library/Unused/81c83933b434c4231819ce8d5510f130'
	Deserialize:            0.060 ms
	Integration:            0.179 ms
	Integration of assets:  0.000 ms
	Thread Wait Time:       0.002 ms
	Total Operation Time:   0.242 ms
Loaded scene 'Library/Unused/926b1118b203d47539d3a4aa5657b7bc'
	Deserialize:            0.064 ms
	Integration:            0.175 ms
	Integration of assets:  0.000 ms
	Thread Wait Time:       0.002 ms
	Total Operation Time:   0.241 ms
Loaded scene 'Library/Unused/a47138c5b9552470380c4794fd7f7ce9'
	Deserialize:            0.060 ms
	Integration:            0.172 ms
	Integration of assets:  0.000 ms
	Thread Wait Time:       0.002 ms
	Total Operation Time:   0.234 ms
Loaded scene 'Library/Unused/1b42b2c3aadbc4e13b34e4a0e1f5fe98'
	Deserialize:            0.060 ms
	Integration:            0.184 ms
	Integration of assets:  0.000 ms
	Thread Wait Time:       0.002 ms
	Total Operation Time:   0.246 ms
Loaded scene 'Library/Unused/6051f946b0863480a9a0fd4b5af4aa43'
	Deserialize:            0.059 ms
	Integration:            0.179 ms
	Integration of assets:  0.000 ms
	Thread Wait Time:       0.002 ms
	Total Operation Time:   0.240 ms
Loaded scene 'Library/Unused/98f92b47170f24fe490e6388c9924e9a'
	Deserialize:            0.063 ms
	Integration:            0.177 ms
	Integration of assets:  0.000 ms
	Thread Wait Time:       0.002 ms
	Total Operation Time:   0.241 ms
Loaded scene 'Library/Unused/f264a334953d341b58345213c909f68d'
	Deserialize:            0.060 ms
	Integration:            0.197 ms
	Integration of assets:  0.000 ms
	Thread Wait Time:       0.003 ms
	Total Operation Time:   0.260 ms
Loaded scene 'Library/Unused/125878a29ffbc4ec59ad72e99aafc3a9'
	Deserialize:            0.088 ms
	Integration:            0.214 ms
	Integration of assets:  0.000 ms
	Thread Wait Time:       0.002 ms
	Total Operation Time:   0.304 ms
Loaded scene 'Library/Unused/a967c92a59ace41a7bb08091b53a4e15'
	Deserialize:            0.102 ms
	Integration:            0.245 ms
	Integration of assets:  0.000 ms
	Thread Wait Time:       0.003 ms
	Total Operation Time:   0.350 ms
Loaded scene 'Library/Unused/71180ea1eda224d74a7d07a6709ad8e0'
	Deserialize:            0.098 ms
	Integration:            0.261 ms
	Integration of assets:  0.000 ms
	Thread Wait Time:       0.002 ms
	Total Operation Time:   0.361 ms
Loaded scene 'Library/Unused/5d53013da4bec4baab825eaa5ab88c64'
	Deserialize:            0.092 ms
	Integration:            0.225 ms
	Integration of assets:  0.000 ms
	Thread Wait Time:       0.002 ms
	Total Operation Time:   0.319 ms
Loaded scene 'Library/Unused/4941ce6175d7e4af9a76c0035e4cb38b'
	Deserialize:            0.073 ms
	Integration:            0.211 ms
	Integration of assets:  0.000 ms
	Thread Wait Time:       0.004 ms
	Total Operation Time:   0.289 ms
Loaded scene 'Library/Unused/88a72b28eba84408c86d79a4594922b0'
	Deserialize:            0.077 ms
	Integration:            0.258 ms
	Integration of assets:  0.000 ms
	Thread Wait Time:       0.003 ms
	Total Operation Time:   0.339 ms
Loaded scene 'Library/Unused/d5e30881367654ab4a3842b1859822dd'
	Deserialize:            0.076 ms
	Integration:            0.215 ms
	Integration of assets:  0.000 ms
	Thread Wait Time:       0.002 ms
	Total Operation Time:   0.293 ms
Loaded scene 'Library/Unused/03af7944dd4d8460aad0a1f424bb6696'
	Deserialize:            0.091 ms
	Integration:            0.205 ms
	Integration of assets:  0.000 ms
	Thread Wait Time:       0.002 ms
	Total Operation Time:   0.298 ms
Loaded scene 'Library/Unused/e156ce9480bc34288b82922d5af168e2'
	Deserialize:            0.133 ms
	Integration:            0.260 ms
	Integration of assets:  0.000 ms
	Thread Wait Time:       0.003 ms
	Total Operation Time:   0.396 ms
Loaded scene 'Library/Unused/f09b253b0c76e46daa6f365cc3574473'
	Deserialize:            0.154 ms
	Integration:            0.265 ms
	Integration of assets:  0.000 ms
	Thread Wait Time:       0.002 ms
	Total Operation Time:   0.421 ms
Loaded scene 'Library/Unused/e37286c8382fd4d409e23ed7484cae45'
	Deserialize:            0.089 ms
	Integration:            0.260 ms
	Integration of assets:  0.000 ms
	Thread Wait Time:       0.002 ms
	Total Operation Time:   0.351 ms
Loaded scene 'Library/Unused/b3a6f0dae82a340d0bb49637e6492857'
	Deserialize:            0.090 ms
	Integration:            0.255 ms
	Integration of assets:  0.000 ms
	Thread Wait Time:       0.002 ms
	Total Operation Time:   0.347 ms
Loaded scene 'Library/Unused/85c6e6a5bd1b449359eb646751d29617'
	Deserialize:            0.090 ms
	Integration:            0.284 ms
	Integration of assets:  0.000 ms
	Thread Wait Time:       0.002 ms
	Total Operation Time:   0.377 ms
Loaded scene 'Library/Unused/e8e6aeb7a34de4abdbf270145398b141'
	Deserialize:            0.089 ms
	Integration:            0.250 ms
	Integration of assets:  0.000 ms
	Thread Wait Time:       0.002 ms
	Total Operation Time:   0.341 ms
Loaded scene 'Library/Unused/7fa97c7dcdc0d40759525dbad718e779'
	Deserialize:            0.090 ms
	Integration:            0.250 ms
	Integration of assets:  0.000 ms
	Thread Wait Time:       0.005 ms
	Total Operation Time:   0.345 ms
Loaded scene 'Library/Unused/1a04bc5f6ee5546d8be8ff390f469f0e'
	Deserialize:            0.092 ms
	Integration:            0.260 ms
	Integration of assets:  0.000 ms
	Thread Wait Time:       0.002 ms
	Total Operation Time:   0.354 ms
Loaded scene 'Library/Unused/de39358d0179b43ae8540e01199e19c2'
	Deserialize:            0.089 ms
	Integration:            0.342 ms
	Integration of assets:  0.000 ms
	Thread Wait Time:       0.002 ms
	Total Operation Time:   0.433 ms
Loaded scene 'Library/Unused/9564ef15722dd4ad7b83d64547bc2493'
	Deserialize:            0.095 ms
	Integration:            0.373 ms
	Integration of assets:  0.000 ms
	Thread Wait Time:       0.002 ms
	Total Operation Time:   0.470 ms
Loaded scene 'Library/Unused/7479d213750ca4797a88a2c461d1da0b'
	Deserialize:            0.076 ms
	Integration:            0.322 ms
	Integration of assets:  0.000 ms
	Thread Wait Time:       0.002 ms
	Total Operation Time:   0.400 ms
Loaded scene 'Library/Unused/ee96c7852a6774c7bb9ebc955b452ced'
	Deserialize:            0.075 ms
	Integration:            0.366 ms
	Integration of assets:  0.000 ms
	Thread Wait Time:       0.002 ms
	Total Operation Time:   0.444 ms
Loaded scene 'Library/Unused/3726bce44f6bb475e9e8d34261b59c60'
	Deserialize:            0.065 ms
	Integration:            0.219 ms
	Integration of assets:  0.000 ms
	Thread Wait Time:       0.002 ms
	Total Operation Time:   0.286 ms
Loaded scene 'Library/Unused/d74d9a05535414d628b0a5d497527b11'
	Deserialize:            0.061 ms
	Integration:            0.196 ms
	Integration of assets:  0.000 ms
	Thread Wait Time:       0.002 ms
	Total Operation Time:   0.258 ms
Loaded scene 'Library/Unused/54fda64538ef64e1498b1be876cfde1a'
	Deserialize:            0.038 ms
	Integration:            0.098 ms
	Integration of assets:  0.000 ms
	Thread Wait Time:       0.002 ms
	Total Operation Time:   0.138 ms
Loaded scene 'Library/Unused/52746f0d3b7f6435990941651e7f33e7'
	Deserialize:            0.048 ms
	Integration:            0.101 ms
	Integration of assets:  0.000 ms
	Thread Wait Time:       0.002 ms
	Total Operation Time:   0.151 ms
Loaded scene 'Library/Unused/c5831e6b1c6314132a20ef0ca971cff1'
	Deserialize:            0.036 ms
	Integration:            0.103 ms
	Integration of assets:  0.000 ms
	Thread Wait Time:       0.002 ms
	Total Operation Time:   0.141 ms
Loaded scene 'Library/Unused/db8470fb6b827444a955b9512715c0fa'
	Deserialize:            0.038 ms
	Integration:            0.107 ms
	Integration of assets:  0.000 ms
	Thread Wait Time:       0.002 ms
	Total Operation Time:   0.147 ms
Loaded scene 'Library/Unused/b3aa26d64076943ca980c69f3c2f3dbf'
	Deserialize:            0.039 ms
	Integration:            0.115 ms
	Integration of assets:  0.000 ms
	Thread Wait Time:       0.002 ms
	Total Operation Time:   0.156 ms
Loaded scene 'Library/Unused/809fa19fe8d284cf7b02120d696ffd76'
	Deserialize:            0.036 ms
	Integration:            0.121 ms
	Integration of assets:  0.000 ms
	Thread Wait Time:       0.004 ms
	Total Operation Time:   0.162 ms
Loaded scene 'Library/Unused/98a00be26ea374258822c016386e8cea'
	Deserialize:            0.026 ms
	Integration:            0.181 ms
	Integration of assets:  0.000 ms
	Thread Wait Time:       0.002 ms
	Total Operation Time:   0.210 ms
Loaded scene 'Library/Unused/621809cd00f9a4e5d9901c8a35cd5df8'
	Deserialize:            0.028 ms
	Integration:            0.166 ms
	Integration of assets:  0.000 ms
	Thread Wait Time:       0.002 ms
	Total Operation Time:   0.196 ms
Loaded scene 'Library/Unused/b177db7dcb2f44ca2932011153b0173e'
	Deserialize:            0.026 ms
	Integration:            0.214 ms
	Integration of assets:  0.000 ms
	Thread Wait Time:       0.002 ms
	Total Operation Time:   0.242 ms
Loaded scene 'Library/Unused/c580ac3f54e914f06996751ff069aedf'
	Deserialize:            0.026 ms
	Integration:            0.226 ms
	Integration of assets:  0.000 ms
	Thread Wait Time:       0.002 ms
	Total Operation Time:   0.254 ms
Loaded scene 'Library/Unused/2d984ab7ec7be4974939239580d0b288'
	Deserialize:            0.037 ms
	Integration:            0.255 ms
	Integration of assets:  0.000 ms
	Thread Wait Time:       0.002 ms
	Total Operation Time:   0.293 ms
Loaded scene 'Library/Unused/2f38408cffb5a4fa8a3ad6d3051e9116'
	Deserialize:            0.036 ms
	Integration:            0.235 ms
	Integration of assets:  0.000 ms
	Thread Wait Time:       0.002 ms
	Total Operation Time:   0.274 ms
Loaded scene 'Library/Unused/4ecf87fb0c2c448eebff88389b202242'
	Deserialize:            0.033 ms
	Integration:            0.248 ms
	Integration of assets:  0.000 ms
	Thread Wait Time:       0.005 ms
	Total Operation Time:   0.286 ms
Loaded scene 'Library/Unused/47b0c50fdd79c41e3aceec80ce56489e'
	Deserialize:            0.027 ms
	Integration:            0.291 ms
	Integration of assets:  0.000 ms
	Thread Wait Time:       0.003 ms
	Total Operation Time:   0.322 ms
Loaded scene 'Library/Unused/c0c978a20c3db48a5a87e27513b4514e'
	Deserialize:            0.032 ms
	Integration:            0.229 ms
	Integration of assets:  0.000 ms
	Thread Wait Time:       0.002 ms
	Total Operation Time:   0.263 ms
Loaded scene 'Library/Unused/fe5cf36191e804a71a7f4f04a4369592'
	Deserialize:            0.026 ms
	Integration:            0.240 ms
	Integration of assets:  0.000 ms
	Thread Wait Time:       0.002 ms
	Total Operation Time:   0.269 ms
Loaded scene 'Library/Unused/3c4049c5ce2414f249ab0c84d89c0af4'
	Deserialize:            0.034 ms
	Integration:            0.160 ms
	Integration of assets:  0.000 ms
	Thread Wait Time:       0.002 ms
	Total Operation Time:   0.197 ms
Loaded scene 'Library/Unused/a11ac204c3f844a30a778e669c88d335'
	Deserialize:            0.026 ms
	Integration:            0.159 ms
	Integration of assets:  0.000 ms
	Thread Wait Time:       0.002 ms
	Total Operation Time:   0.187 ms
Loaded scene 'Library/Unused/550481d021bd9476d8ae7c0d47391dab'
	Deserialize:            0.033 ms
	Integration:            0.096 ms
	Integration of assets:  0.000 ms
	Thread Wait Time:       0.002 ms
	Total Operation Time:   0.131 ms
Loaded scene 'Library/Unused/1ba0680a77b66476682c3d93296f0b46'
	Deserialize:            0.027 ms
	Integration:            0.094 ms
	Integration of assets:  0.000 ms
	Thread Wait Time:       0.002 ms
	Total Operation Time:   0.123 ms
Loaded scene 'Library/Unused/7c4135cea99e94356ab3a954a8bf86ba'
	Deserialize:            0.027 ms
	Integration:            0.103 ms
	Integration of assets:  0.000 ms
	Thread Wait Time:       0.002 ms
	Total Operation Time:   0.132 ms
Loaded scene 'Library/Unused/4e929480f38ad46f9b73b70ea9906e08'
	Deserialize:            0.030 ms
	Integration:            0.137 ms
	Integration of assets:  0.000 ms
	Thread Wait Time:       0.002 ms
	Total Operation Time:   0.170 ms
Loaded scene 'Library/Unused/d4c8bc5116cc4464b89cd903a2de0306'
	Deserialize:            0.030 ms
	Integration:            0.124 ms
	Integration of assets:  0.000 ms
	Thread Wait Time:       0.003 ms
	Total Operation Time:   0.157 ms
Loaded scene 'Library/Unused/fb93c2e304cf04b73ae46c04453c1cd7'
	Deserialize:            0.031 ms
	Integration:            0.121 ms
	Integration of assets:  0.000 ms
	Thread Wait Time:       0.002 ms
	Total Operation Time:   0.154 ms
Loaded scene 'Library/Unused/3e6742033f492435eb8d341d6f77dd55'
	Deserialize:            0.029 ms
	Integration:            0.098 ms
	Integration of assets:  0.000 ms
	Thread Wait Time:       0.002 ms
	Total Operation Time:   0.129 ms
Loaded scene 'Library/Unused/0ad658731b4b24bada7ff66ef506c1bf'
	Deserialize:            0.028 ms
	Integration:            0.222 ms
	Integration of assets:  0.000 ms
	Thread Wait Time:       0.002 ms
	Total Operation Time:   0.252 ms
Loaded scene 'Library/Unused/6cacb929a8be2423f883172ba8b8c374'
	Deserialize:            0.027 ms
	Integration:            0.259 ms
	Integration of assets:  0.000 ms
	Thread Wait Time:       0.002 ms
	Total Operation Time:   0.288 ms
Loaded scene 'Library/Unused/0f526bd7d43b24e95b96b7b31c8bd19e'
	Deserialize:            0.027 ms
	Integration:            0.588 ms
	Integration of assets:  0.000 ms
	Thread Wait Time:       0.002 ms
	Total Operation Time:   0.618 ms
Loaded scene 'Library/Unused/c67839a9e8ad2465ea151cdacbed2427'
	Deserialize:            0.027 ms
	Integration:            0.176 ms
	Integration of assets:  0.000 ms
	Thread Wait Time:       0.002 ms
	Total Operation Time:   0.205 ms
Loaded scene 'Library/Unused/7740ae7f9214c4592a9900a732c38d14'
	Deserialize:            0.028 ms
	Integration:            0.176 ms
	Integration of assets:  0.000 ms
	Thread Wait Time:       0.002 ms
	Total Operation Time:   0.206 ms
Loaded scene 'Library/Unused/cf5aa95bcb9fa42b28f962d97f72a6bb'
	Deserialize:            0.032 ms
	Integration:            0.138 ms
	Integration of assets:  0.000 ms
	Thread Wait Time:       0.002 ms
	Total Operation Time:   0.172 ms
Loaded scene 'Library/Unused/2338833935aac4af787d8093d5ddce7a'
	Deserialize:            0.024 ms
	Integration:            0.179 ms
	Integration of assets:  0.000 ms
	Thread Wait Time:       0.002 ms
	Total Operation Time:   0.205 ms
Loaded scene 'Library/Unused/266bfc392568e4ad8a85cf9e9fa3a35c'
	Deserialize:            0.027 ms
	Integration:            0.197 ms
	Integration of assets:  0.000 ms
	Thread Wait Time:       0.002 ms
	Total Operation Time:   0.227 ms
Loaded scene 'Library/Unused/a13c0579a0f6147d9abefa609b88e277'
	Deserialize:            0.026 ms
	Integration:            0.252 ms
	Integration of assets:  0.000 ms
	Thread Wait Time:       0.002 ms
	Total Operation Time:   0.281 ms
Loaded scene 'Library/Unused/cb4648092f16a42a1963e6fb174da4b8'
	Deserialize:            0.024 ms
	Integration:            0.131 ms
	Integration of assets:  0.000 ms
	Thread Wait Time:       0.002 ms
	Total Operation Time:   0.156 ms
Loaded scene 'Library/Unused/80b922c9b11b341beb534027fa0b4d05'
	Deserialize:            0.024 ms
	Integration:            0.170 ms
	Integration of assets:  0.000 ms
	Thread Wait Time:       0.002 ms
	Total Operation Time:   0.196 ms
Loaded scene 'Library/Unused/26559a9a0a1344cf8807ddaedc670168'
	Deserialize:            0.023 ms
	Integration:            0.132 ms
	Integration of assets:  0.000 ms
	Thread Wait Time:       0.001 ms
	Total Operation Time:   0.157 ms
Loaded scene 'Library/Unused/7e1c1c5c8ef3549e09eae7257953de8f'
	Deserialize:            0.024 ms
	Integration:            0.303 ms
	Integration of assets:  0.000 ms
	Thread Wait Time:       0.002 ms
	Total Operation Time:   0.330 ms
Loaded scene 'Library/Unused/2a61f3e4d178047bfb1d519d68099dce'
	Deserialize:            0.024 ms
	Integration:            0.093 ms
	Integration of assets:  0.000 ms
	Thread Wait Time:       0.002 ms
	Total Operation Time:   0.119 ms
Loaded scene 'Library/Unused/48d61a4a78c2848ec9b45cbcf63ec2b7'
	Deserialize:            0.025 ms
	Integration:            0.098 ms
	Integration of assets:  0.000 ms
	Thread Wait Time:       0.002 ms
	Total Operation Time:   0.124 ms
Loaded scene 'Library/Unused/226a7b2bcbcae43faaac8c21fc44c75a'
	Deserialize:            0.024 ms
	Integration:            0.085 ms
	Integration of assets:  0.000 ms
	Thread Wait Time:       0.002 ms
	Total Operation Time:   0.111 ms
Loaded scene 'Library/Unused/71bd6683a1dde416294401743dacb246'
	Deserialize:            0.024 ms
	Integration:            0.101 ms
	Integration of assets:  0.000 ms
	Thread Wait Time:       0.002 ms
	Total Operation Time:   0.127 ms
Loaded scene 'Library/Unused/a62748abf94ca498996b6602df087e98'
	Deserialize:            0.024 ms
	Integration:            0.106 ms
	Integration of assets:  0.000 ms
	Thread Wait Time:       0.002 ms
	Total Operation Time:   0.132 ms
Loaded scene 'Library/Unused/c55cbae0b01fa476d87a4b3592961336'
	Deserialize:            0.024 ms
	Integration:            0.177 ms
	Integration of assets:  0.000 ms
	Thread Wait Time:       0.002 ms
	Total Operation Time:   0.202 ms
Loaded scene 'Library/Unused/409e84efe444347efa4679477874fdc3'
	Deserialize:            0.024 ms
	Integration:            0.148 ms
	Integration of assets:  0.000 ms
	Thread Wait Time:       0.002 ms
	Total Operation Time:   0.173 ms
Loaded scene 'Library/Unused/f10dbac36fc8f4cd8a970dc3d1419228'
	Deserialize:            0.024 ms
	Integration:            0.209 ms
	Integration of assets:  0.000 ms
	Thread Wait Time:       0.002 ms
	Total Operation Time:   0.235 ms
Loaded scene 'Library/Unused/d306b57b6fcae4581bd663924e867b7f'
	Deserialize:            0.024 ms
	Integration:            0.142 ms
	Integration of assets:  0.000 ms
	Thread Wait Time:       0.002 ms
	Total Operation Time:   0.168 ms
Loaded scene 'Library/Unused/16b014b65f3b2489e8df86190f35d9e2'
	Deserialize:            0.024 ms
	Integration:            0.237 ms
	Integration of assets:  0.000 ms
	Thread Wait Time:       0.002 ms
	Total Operation Time:   0.263 ms
Loaded scene 'Library/Unused/80ec0ed55cfdf4c9086aeb9794bf36f2'
	Deserialize:            0.024 ms
	Integration:            0.121 ms
	Integration of assets:  0.000 ms
	Thread Wait Time:       0.002 ms
	Total Operation Time:   0.147 ms
Loaded scene 'Library/Unused/f194e40cf3b2e41aebae3eb982fbfec3'
	Deserialize:            0.024 ms
	Integration:            0.129 ms
	Integration of assets:  0.000 ms
	Thread Wait Time:       0.002 ms
	Total Operation Time:   0.154 ms
Loaded scene 'Library/Unused/1b9b162605389454b8a05571ee9c653d'
	Deserialize:            0.024 ms
	Integration:            0.219 ms
	Integration of assets:  0.000 ms
	Thread Wait Time:       0.002 ms
	Total Operation Time:   0.244 ms
Loaded scene 'Library/Unused/de82f959520374279b35f54151f8dfbc'
	Deserialize:            0.024 ms
	Integration:            0.701 ms
	Integration of assets:  0.000 ms
	Thread Wait Time:       0.002 ms
	Total Operation Time:   0.727 ms
Loaded scene 'Library/Unused/5810670e2548e4decaa8fd6f70059e6c'
	Deserialize:            0.027 ms
	Integration:            0.733 ms
	Integration of assets:  0.000 ms
	Thread Wait Time:       0.002 ms
	Total Operation Time:   0.762 ms
Loaded scene 'Library/Unused/d71460b04cab24c49b0ff49c387db62e'
	Deserialize:            0.031 ms
	Integration:            0.136 ms
	Integration of assets:  0.000 ms
	Thread Wait Time:       0.002 ms
	Total Operation Time:   0.170 ms
Loaded scene 'Library/Unused/8f0dc62dd33c1422fa622d9224941df6'
	Deserialize:            0.028 ms
	Integration:            0.184 ms
	Integration of assets:  0.000 ms
	Thread Wait Time:       0.002 ms
	Total Operation Time:   0.214 ms
Loaded scene 'Library/Unused/f412470bb551749ac8cd0f3003eceade'
	Deserialize:            0.026 ms
	Integration:            0.277 ms
	Integration of assets:  0.000 ms
	Thread Wait Time:       0.002 ms
	Total Operation Time:   0.305 ms
Loaded scene 'Library/Unused/2ba4457aa419d4e09b2efb25c01381f8'
	Deserialize:            0.026 ms
	Integration:            0.142 ms
	Integration of assets:  0.000 ms
	Thread Wait Time:       0.002 ms
	Total Operation Time:   0.171 ms
Loaded scene 'Library/Unused/b84055a3cb95049b3a0aed94a86a1586'
	Deserialize:            0.028 ms
	Integration:            0.119 ms
	Integration of assets:  0.000 ms
	Thread Wait Time:       0.002 ms
	Total Operation Time:   0.149 ms
Loaded scene 'Library/Unused/d270ce19ce3784f1a80c61f48344d36a'
	Deserialize:            0.029 ms
	Integration:            0.100 ms
	Integration of assets:  0.000 ms
	Thread Wait Time:       0.002 ms
	Total Operation Time:   0.131 ms
Loaded scene 'Library/Unused/75f992f0ceebe421691016ac5fbb653f'
	Deserialize:            0.027 ms
	Integration:            0.140 ms
	Integration of assets:  0.000 ms
	Thread Wait Time:       0.002 ms
	Total Operation Time:   0.170 ms
Loaded scene 'Library/Unused/5246691b65868496b8ada467b97ed938'
	Deserialize:            0.025 ms
	Integration:            0.115 ms
	Integration of assets:  0.000 ms
	Thread Wait Time:       0.002 ms
	Total Operation Time:   0.142 ms
Loaded scene 'Library/Unused/6b92d63c9250c4c2097c74f29a1be400'
	Deserialize:            0.024 ms
	Integration:            0.151 ms
	Integration of assets:  0.000 ms
	Thread Wait Time:       0.002 ms
	Total Operation Time:   0.178 ms
Loaded scene 'Library/Unused/68dfe5efabbef422dba36a02d4be96cf'
	Deserialize:            0.024 ms
	Integration:            0.108 ms
	Integration of assets:  0.000 ms
	Thread Wait Time:       0.002 ms
	Total Operation Time:   0.134 ms
Loaded scene 'Library/Unused/b0cee5072d2f742de803d4692ce8b921'
	Deserialize:            0.024 ms
	Integration:            0.142 ms
	Integration of assets:  0.000 ms
	Thread Wait Time:       0.002 ms
	Total Operation Time:   0.168 ms
Loaded scene 'Library/Unused/0cbbefa73f3ee43d1b8dc84c9d8227ca'
	Deserialize:            0.033 ms
	Integration:            0.129 ms
	Integration of assets:  0.000 ms
	Thread Wait Time:       0.002 ms
	Total Operation Time:   0.165 ms
Loaded scene 'Library/Unused/48ca181d5c1714e67b0c59d079f8571d'
	Deserialize:            0.024 ms
	Integration:            0.095 ms
	Integration of assets:  0.000 ms
	Thread Wait Time:       0.002 ms
	Total Operation Time:   0.121 ms
Loaded scene 'Library/Unused/3990502ea555a4814915ddc4cddc8bde'
	Deserialize:            0.025 ms
	Integration:            0.235 ms
	Integration of assets:  0.000 ms
	Thread Wait Time:       0.002 ms
	Total Operation Time:   0.261 ms
Loaded scene 'Library/Unused/b52d2a43efcc4445e9ee8d879613dc1b'
	Deserialize:            0.025 ms
	Integration:            0.763 ms
	Integration of assets:  0.000 ms
	Thread Wait Time:       0.002 ms
	Total Operation Time:   0.789 ms
Loaded scene 'Library/Unused/0cb8c0458ffd846058ea39a73db58cff'
	Deserialize:            0.028 ms
	Integration:            0.089 ms
	Integration of assets:  0.000 ms
	Thread Wait Time:       0.002 ms
	Total Operation Time:   0.118 ms
Loaded scene 'Library/Unused/93f43905629614f8981ef0060b5a915d'
	Deserialize:            0.025 ms
	Integration:            0.079 ms
	Integration of assets:  0.000 ms
	Thread Wait Time:       0.002 ms
	Total Operation Time:   0.106 ms
Loaded scene 'Library/Unused/86dc22845c6eb40da91e0076e1d3170d'
	Deserialize:            0.027 ms
	Integration:            0.087 ms
	Integration of assets:  0.000 ms
	Thread Wait Time:       0.002 ms
	Total Operation Time:   0.116 ms
Loaded scene 'Library/Unused/4a1f0f3ab659547208d2741fc5e9d071'
	Deserialize:            0.026 ms
	Integration:            0.081 ms
	Integration of assets:  0.000 ms
	Thread Wait Time:       0.002 ms
	Total Operation Time:   0.109 ms
Loaded scene 'Library/Unused/f06324e5098944c4ba2dcc38378338ba'
	Deserialize:            0.027 ms
	Integration:            0.086 ms
	Integration of assets:  0.000 ms
	Thread Wait Time:       0.002 ms
	Total Operation Time:   0.115 ms
Loaded scene 'Library/Unused/760af4c17ea9342a3a543d08653f5eed'
	Deserialize:            0.026 ms
	Integration:            0.082 ms
	Integration of assets:  0.000 ms
	Thread Wait Time:       0.002 ms
	Total Operation Time:   0.110 ms
Loaded scene 'Library/Unused/96bb09d337fdf4d71a340cfc72b5d185'
	Deserialize:            0.026 ms
	Integration:            0.087 ms
	Integration of assets:  0.000 ms
	Thread Wait Time:       0.002 ms
	Total Operation Time:   0.115 ms
Loaded scene 'Library/Unused/eb83826fbbf09450bb6611b70e59dafb'
	Deserialize:            0.026 ms
	Integration:            0.086 ms
	Integration of assets:  0.000 ms
	Thread Wait Time:       0.002 ms
	Total Operation Time:   0.114 ms
Loaded scene 'Library/Unused/022b1abdb104e410498d40e3428dbed4'
	Deserialize:            0.026 ms
	Integration:            0.082 ms
	Integration of assets:  0.000 ms
	Thread Wait Time:       0.002 ms
	Total Operation Time:   0.110 ms
Loaded scene 'Library/Unused/adac6538fc2b64f47b073fca016ac3bc'
	Deserialize:            0.041 ms
	Integration:            0.079 ms
	Integration of assets:  0.000 ms
	Thread Wait Time:       0.002 ms
	Total Operation Time:   0.122 ms
Loaded scene 'Library/Unused/72bda83f0162f4818842a8f6b146f62f'
	Deserialize:            0.030 ms
	Integration:            0.082 ms
	Integration of assets:  0.000 ms
	Thread Wait Time:       0.002 ms
	Total Operation Time:   0.114 ms
Loaded scene 'Library/Unused/78ccc56bb7aa54765a2a135aaf58628d'
	Deserialize:            0.028 ms
	Integration:            0.079 ms
	Integration of assets:  0.000 ms
	Thread Wait Time:       0.002 ms
	Total Operation Time:   0.109 ms
Loaded scene 'Library/Unused/da7057da1821e4c4797a5d64257cc5ee'
	Deserialize:            0.027 ms
	Integration:            0.064 ms
	Integration of assets:  0.000 ms
	Thread Wait Time:       0.002 ms
	Total Operation Time:   0.094 ms
Loaded scene 'Library/Unused/9940be558a370477db489b8ca634ade0'
	Deserialize:            0.027 ms
	Integration:            0.077 ms
	Integration of assets:  0.000 ms
	Thread Wait Time:       0.002 ms
	Total Operation Time:   0.106 ms
Loaded scene 'Library/Unused/da9eb2311bc6c482fb34af3e5e4797af'
	Deserialize:            0.027 ms
	Integration:            0.069 ms
	Integration of assets:  0.000 ms
	Thread Wait Time:       0.003 ms
	Total Operation Time:   0.099 ms
Loaded scene 'Library/Unused/a58e9eb5712f94f958346466f56b993d'
	Deserialize:            0.027 ms
	Integration:            0.069 ms
	Integration of assets:  0.000 ms
	Thread Wait Time:       0.002 ms
	Total Operation Time:   0.097 ms
Loaded scene 'Library/Unused/2fb9be142654a42849641c30ad1390bc'
	Deserialize:            0.027 ms
	Integration:            0.067 ms
	Integration of assets:  0.000 ms
	Thread Wait Time:       0.002 ms
	Total Operation Time:   0.096 ms
Loaded scene 'Library/Unused/b6c1714d72a4748a9995f8db1b26840f'
	Deserialize:            0.028 ms
	Integration:            0.068 ms
	Integration of assets:  0.000 ms
	Thread Wait Time:       0.002 ms
	Total Operation Time:   0.098 ms
Loaded scene 'Library/Unused/3cb0bacb2361f48e7a7c1b383101767c'
	Deserialize:            0.027 ms
	Integration:            0.074 ms
	Integration of assets:  0.000 ms
	Thread Wait Time:       0.002 ms
	Total Operation Time:   0.103 ms
Loaded scene 'Library/Unused/d7ca6b035e7d14fc2a15b64efca5c90f'
	Deserialize:            0.026 ms
	Integration:            0.076 ms
	Integration of assets:  0.000 ms
	Thread Wait Time:       0.002 ms
	Total Operation Time:   0.104 ms
Loaded scene 'Library/Unused/12cb812b95a9d4343b73fd6c879a0625'
	Deserialize:            0.059 ms
	Integration:            0.123 ms
	Integration of assets:  0.000 ms
	Thread Wait Time:       0.003 ms
	Total Operation Time:   0.184 ms
Loaded scene 'Library/Unused/ddabc46d10b764b37aecb98f4d253a25'
	Deserialize:            0.056 ms
	Integration:            0.124 ms
	Integration of assets:  0.000 ms
	Thread Wait Time:       0.002 ms
	Total Operation Time:   0.182 ms
Loaded scene 'Library/Unused/d50808063abd94173b99f01f0b054fcc'
	Deserialize:            0.061 ms
	Integration:            0.137 ms
	Integration of assets:  0.000 ms
	Thread Wait Time:       0.002 ms
	Total Operation Time:   0.200 ms
Loaded scene 'Library/Unused/416b7364b2a364976a9781197651a499'
	Deserialize:            0.056 ms
	Integration:            0.122 ms
	Integration of assets:  0.000 ms
	Thread Wait Time:       0.002 ms
	Total Operation Time:   0.180 ms
Loaded scene 'Library/Unused/2f5ac13d1c5d94b0abdfe600ddf558f5'
	Deserialize:            0.063 ms
	Integration:            0.115 ms
	Integration of assets:  0.000 ms
	Thread Wait Time:       0.002 ms
	Total Operation Time:   0.180 ms
Loaded scene 'Library/Unused/6f06a8aeef273487fa97384b2754a1e5'
	Deserialize:            0.041 ms
	Integration:            0.106 ms
	Integration of assets:  0.000 ms
	Thread Wait Time:       0.002 ms
	Total Operation Time:   0.150 ms
Loaded scene 'Library/Unused/fa681c59bc32e49d59ec3545267c861a'
	Deserialize:            0.041 ms
	Integration:            0.103 ms
	Integration of assets:  0.000 ms
	Thread Wait Time:       0.005 ms
	Total Operation Time:   0.149 ms
Loaded scene 'Library/Unused/f6f755c2a8c264bd59adc21f0bd54eb2'
	Deserialize:            0.040 ms
	Integration:            0.098 ms
	Integration of assets:  0.000 ms
	Thread Wait Time:       0.002 ms
	Total Operation Time:   0.141 ms
Loaded scene 'Library/Unused/3053052c87865449dbce73c96f3493af'
	Deserialize:            0.041 ms
	Integration:            0.099 ms
	Integration of assets:  0.000 ms
	Thread Wait Time:       0.002 ms
	Total Operation Time:   0.142 ms
Loaded scene 'Library/Unused/3bf127c954ba04a05939700bc972894e'
	Deserialize:            0.049 ms
	Integration:            0.093 ms
	Integration of assets:  0.000 ms
	Thread Wait Time:       0.002 ms
	Total Operation Time:   0.145 ms
Loaded scene 'Library/Unused/495b61ec2a7d640ec83ef0dc9b55c41c'
	Deserialize:            0.035 ms
	Integration:            0.072 ms
	Integration of assets:  0.000 ms
	Thread Wait Time:       0.002 ms
	Total Operation Time:   0.110 ms
Loaded scene 'Library/Unused/780d7ac94aecf4fcd9ae9673d18d406a'
	Deserialize:            0.028 ms
	Integration:            0.068 ms
	Integration of assets:  0.000 ms
	Thread Wait Time:       0.002 ms
	Total Operation Time:   0.098 ms
Loaded scene 'Library/Unused/4a4fc02e74c744619a38c9519d40dc26'
	Deserialize:            0.027 ms
	Integration:            0.067 ms
	Integration of assets:  0.000 ms
	Thread Wait Time:       0.002 ms
	Total Operation Time:   0.097 ms
Loaded scene 'Library/Unused/542f44719348049d7a2d6e29319b746f'
	Deserialize:            0.028 ms
	Integration:            0.079 ms
	Integration of assets:  0.000 ms
	Thread Wait Time:       0.003 ms
	Total Operation Time:   0.109 ms
Loaded scene 'Library/Unused/0812e2334f88b4cdf917c703b458e649'
	Deserialize:            0.028 ms
	Integration:            0.072 ms
	Integration of assets:  0.000 ms
	Thread Wait Time:       0.002 ms
	Total Operation Time:   0.102 ms
Loaded scene 'Library/Unused/d0bb87f86e99345c5bc555fc88fbe4e1'
	Deserialize:            0.027 ms
	Integration:            0.074 ms
	Integration of assets:  0.000 ms
	Thread Wait Time:       0.002 ms
	Total Operation Time:   0.103 ms
Loaded scene 'Library/Unused/4f4b441ad09f4466aa36f4d3f6e787f0'
	Deserialize:            0.027 ms
	Integration:            0.066 ms
	Integration of assets:  0.000 ms
	Thread Wait Time:       0.002 ms
	Total Operation Time:   0.095 ms
Loaded scene 'Library/Unused/01b1ffe5a838449179c1c9b580fb9249'
	Deserialize:            0.026 ms
	Integration:            0.079 ms
	Integration of assets:  0.000 ms
	Thread Wait Time:       0.002 ms
	Total Operation Time:   0.108 ms
Loaded scene 'Library/Unused/ae1cbb9bb836444bc9fe9d5f9f9bbde0'
	Deserialize:            0.027 ms
	Integration:            0.066 ms
	Integration of assets:  0.000 ms
	Thread Wait Time:       0.002 ms
	Total Operation Time:   0.095 ms
Loaded scene 'Library/Unused/4f71b399817ee46c09f13dc9d7906d11'
	Deserialize:            0.027 ms
	Integration:            0.067 ms
	Integration of assets:  0.000 ms
	Thread Wait Time:       0.002 ms
	Total Operation Time:   0.095 ms
Loaded scene 'Library/Unused/966c90e3e14434010836e66a6eabf93f'
	Deserialize:            0.027 ms
	Integration:            0.077 ms
	Integration of assets:  0.000 ms
	Thread Wait Time:       0.002 ms
	Total Operation Time:   0.106 ms
Loaded scene 'Library/Unused/d234074be78324137b889078cc279f0d'
	Deserialize:            0.026 ms
	Integration:            0.066 ms
	Integration of assets:  0.000 ms
	Thread Wait Time:       0.003 ms
	Total Operation Time:   0.095 ms
Loaded scene 'Library/Unused/62de4f7d487ec423ebba2379ab53ee55'
	Deserialize:            0.041 ms
	Integration:            0.094 ms
	Integration of assets:  0.000 ms
	Thread Wait Time:       0.003 ms
	Total Operation Time:   0.138 ms
Loaded scene 'Library/Unused/ade82afd50348410fa28c22c3fa2df43'
	Deserialize:            0.041 ms
	Integration:            0.095 ms
	Integration of assets:  0.000 ms
	Thread Wait Time:       0.002 ms
	Total Operation Time:   0.139 ms
Loaded scene 'Library/Unused/0e13c139db6654fc186bcabb76e26b92'
	Deserialize:            0.041 ms
	Integration:            0.101 ms
	Integration of assets:  0.000 ms
	Thread Wait Time:       0.002 ms
	Total Operation Time:   0.144 ms
Loaded scene 'Library/Unused/cae03f1b58e5249cab70f644451fb3f5'
	Deserialize:            0.055 ms
	Integration:            0.113 ms
	Integration of assets:  0.000 ms
	Thread Wait Time:       0.002 ms
	Total Operation Time:   0.170 ms
Loaded scene 'Library/Unused/42a630ebbb7e64e9a916069b6a6ad8fb'
	Deserialize:            0.040 ms
	Integration:            0.087 ms
	Integration of assets:  0.000 ms
	Thread Wait Time:       0.002 ms
	Total Operation Time:   0.129 ms
Loaded scene 'Library/Unused/2ab478144c5ad4cd2a5a3987bb273d1c'
	Deserialize:            0.042 ms
	Integration:            0.087 ms
	Integration of assets:  0.000 ms
	Thread Wait Time:       0.002 ms
	Total Operation Time:   0.131 ms
Loaded scene 'Library/Unused/11b7d0716d4514f41b27b57695378bb5'
	Deserialize:            0.040 ms
	Integration:            0.091 ms
	Integration of assets:  0.000 ms
	Thread Wait Time:       0.002 ms
	Total Operation Time:   0.133 ms
Loaded scene 'Library/Unused/6959ac3aed2d84cf9bd1297522b2747e'
	Deserialize:            0.055 ms
	Integration:            0.109 ms
	Integration of assets:  0.000 ms
	Thread Wait Time:       0.002 ms
	Total Operation Time:   0.166 ms
Loaded scene 'Library/Unused/aa159085e830e451385bc8a101188cb1'
	Deserialize:            0.028 ms
	Integration:            0.082 ms
	Integration of assets:  0.000 ms
	Thread Wait Time:       0.002 ms
	Total Operation Time:   0.113 ms
Loaded scene 'Library/Unused/ab62f416288af494d90f007986a977b2'
	Deserialize:            0.026 ms
	Integration:            0.034 ms
	Integration of assets:  0.000 ms
	Thread Wait Time:       0.003 ms
	Total Operation Time:   0.064 ms
Loaded scene 'Library/Unused/a9c985a0afb194a8db37f68be6a1fcf0'
	Deserialize:            0.027 ms
	Integration:            0.038 ms
	Integration of assets:  0.000 ms
	Thread Wait Time:       0.002 ms
	Total Operation Time:   0.066 ms
Loaded scene 'Library/Unused/d219735a33a174c43b20f052836ce510'
	Deserialize:            0.026 ms
	Integration:            0.035 ms
	Integration of assets:  0.000 ms
	Thread Wait Time:       0.002 ms
	Total Operation Time:   0.063 ms
Loaded scene 'Library/Unused/12b769f0c81724710aeaa1da80f68be6'
	Deserialize:            0.026 ms
	Integration:            0.034 ms
	Integration of assets:  0.000 ms
	Thread Wait Time:       0.002 ms
	Total Operation Time:   0.063 ms
Loaded scene 'Library/Unused/06271d8679ba94111a980b12ccd1c18c'
	Deserialize:            0.026 ms
	Integration:            0.035 ms
	Integration of assets:  0.000 ms
	Thread Wait Time:       0.002 ms
	Total Operation Time:   0.064 ms
Loaded scene 'Library/Unused/197b011163b0e486f831dda38b90f2a2'
	Deserialize:            0.027 ms
	Integration:            0.041 ms
	Integration of assets:  0.000 ms
	Thread Wait Time:       0.002 ms
	Total Operation Time:   0.070 ms
Loaded scene 'Library/Unused/ac5f626c369be4b1bb3028c67942900f'
	Deserialize:            0.026 ms
	Integration:            0.047 ms
	Integration of assets:  0.000 ms
	Thread Wait Time:       0.002 ms
	Total Operation Time:   0.075 ms
Loaded scene 'Library/Unused/be67e6b53dc834f93a00bcd111b107f5'
	Deserialize:            0.028 ms
	Integration:            0.078 ms
	Integration of assets:  0.000 ms
	Thread Wait Time:       0.002 ms
	Total Operation Time:   0.108 ms
Loaded scene 'Library/Unused/d15a80c3fecb54d529820a8766385131'
	Deserialize:            0.026 ms
	Integration:            0.039 ms
	Integration of assets:  0.000 ms
	Thread Wait Time:       0.002 ms
	Total Operation Time:   0.067 ms
Loaded scene 'Library/Unused/62d16acccf9f34b919ade448235f1f8e'
	Deserialize:            0.027 ms
	Integration:            0.042 ms
	Integration of assets:  0.000 ms
	Thread Wait Time:       0.002 ms
	Total Operation Time:   0.071 ms
Loaded scene 'Library/Unused/c2984605d24bf434994ee40d6f649f42'
	Deserialize:            0.027 ms
	Integration:            0.036 ms
	Integration of assets:  0.000 ms
	Thread Wait Time:       0.002 ms
	Total Operation Time:   0.065 ms
Loaded scene 'Library/Unused/043e5f1902e2f4e489880498b36f5324'
	Deserialize:            0.026 ms
	Integration:            0.050 ms
	Integration of assets:  0.000 ms
	Thread Wait Time:       0.002 ms
	Total Operation Time:   0.078 ms
Loaded scene 'Library/Unused/3c3c4187c9a084e4a9f5b2fd057155fb'
	Deserialize:            0.030 ms
	Integration:            0.041 ms
	Integration of assets:  0.000 ms
	Thread Wait Time:       0.002 ms
	Total Operation Time:   0.072 ms
Loaded scene 'Library/Unused/387ce910505814a2c969046a5e66cee7'
	Deserialize:            0.028 ms
	Integration:            0.039 ms
	Integration of assets:  0.000 ms
	Thread Wait Time:       0.002 ms
	Total Operation Time:   0.070 ms
Loaded scene 'Library/Unused/383eec8ce390a4a85b9eed474c3ea91e'
	Deserialize:            0.027 ms
	Integration:            0.037 ms
	Integration of assets:  0.000 ms
	Thread Wait Time:       0.002 ms
	Total Operation Time:   0.066 ms
Loaded scene 'Library/Unused/6655b8ca30b1040b59106fa55170a870'
	Deserialize:            0.028 ms
	Integration:            0.081 ms
	Integration of assets:  0.000 ms
	Thread Wait Time:       0.002 ms
	Total Operation Time:   0.111 ms
Loaded scene 'Library/Unused/212b321005bf24af0b8e9fdc5cf8ccc7'
	Deserialize:            0.027 ms
	Integration:            0.036 ms
	Integration of assets:  0.000 ms
	Thread Wait Time:       0.002 ms
	Total Operation Time:   0.065 ms
Loaded scene 'Library/Unused/33ee2829b25414e919569a7eb10fa705'
	Deserialize:            0.027 ms
	Integration:            0.041 ms
	Integration of assets:  0.000 ms
	Thread Wait Time:       0.002 ms
	Total Operation Time:   0.070 ms
Loaded scene 'Library/Unused/5e5c10c53d04b4615902c5a9d520e279'
	Deserialize:            0.027 ms
	Integration:            0.043 ms
	Integration of assets:  0.000 ms
	Thread Wait Time:       0.003 ms
	Total Operation Time:   0.073 ms
Loaded scene 'Library/Unused/cbdcf465583b54a96b36fccaf14e7415'
	Deserialize:            0.027 ms
	Integration:            0.035 ms
	Integration of assets:  0.000 ms
	Thread Wait Time:       0.002 ms
	Total Operation Time:   0.064 ms
Loaded scene 'Library/Unused/e9988a08c6b9b46b596c163984e54c3c'
	Deserialize:            0.026 ms
	Integration:            0.039 ms
	Integration of assets:  0.000 ms
	Thread Wait Time:       0.002 ms
	Total Operation Time:   0.068 ms
Loaded scene 'Library/Unused/7e16716252a8c4cdd8bd78a823a7a22e'
	Deserialize:            0.027 ms
	Integration:            0.036 ms
	Integration of assets:  0.000 ms
	Thread Wait Time:       0.003 ms
	Total Operation Time:   0.067 ms
Loaded scene 'Library/Unused/58ff442d3b57b403ba708ee4dd632043'
	Deserialize:            0.027 ms
	Integration:            0.036 ms
	Integration of assets:  0.000 ms
	Thread Wait Time:       0.003 ms
	Total Operation Time:   0.066 ms
Loaded scene 'Library/Unused/5e72eb2dd35704249811f0b876daf0a5'
	Deserialize:            0.030 ms
	Integration:            0.087 ms
	Integration of assets:  0.000 ms
	Thread Wait Time:       0.002 ms
	Total Operation Time:   0.119 ms
Loaded scene 'Library/Unused/f3fc9b3e7643945c39bdbad33eca3298'
	Deserialize:            0.027 ms
	Integration:            0.047 ms
	Integration of assets:  0.000 ms
	Thread Wait Time:       0.002 ms
	Total Operation Time:   0.077 ms
Loaded scene 'Library/Unused/e63c8b6b664d14b34aa3d16cbb0b4a76'
	Deserialize:            0.026 ms
	Integration:            0.041 ms
	Integration of assets:  0.000 ms
	Thread Wait Time:       0.002 ms
	Total Operation Time:   0.069 ms
Loaded scene 'Library/Unused/6e3059fcdead244d09878621a4ca4a4d'
	Deserialize:            0.028 ms
	Integration:            0.038 ms
	Integration of assets:  0.000 ms
	Thread Wait Time:       0.002 ms
	Total Operation Time:   0.068 ms
Loaded scene 'Library/Unused/d6bb8df66156b443891dcac3e96bad08'
	Deserialize:            0.028 ms
	Integration:            0.086 ms
	Integration of assets:  0.000 ms
	Thread Wait Time:       0.002 ms
	Total Operation Time:   0.117 ms
Loaded scene 'Library/Unused/3c8ee0d0740e04ad1965717baf5ab35c'
	Deserialize:            0.028 ms
	Integration:            0.040 ms
	Integration of assets:  0.000 ms
	Thread Wait Time:       0.002 ms
	Total Operation Time:   0.070 ms
Loaded scene 'Library/Unused/3a89ac6fd6a884bf784fa05417480f23'
	Deserialize:            0.027 ms
	Integration:            0.041 ms
	Integration of assets:  0.000 ms
	Thread Wait Time:       0.002 ms
	Total Operation Time:   0.070 ms
Loaded scene 'Library/Unused/dd32b585539974481a50592a285a59b5'
	Deserialize:            0.026 ms
	Integration:            0.036 ms
	Integration of assets:  0.000 ms
	Thread Wait Time:       0.002 ms
	Total Operation Time:   0.065 ms
Loaded scene 'Library/Unused/d8603b7cddb734725b2cfa0173ec14e0'
	Deserialize:            0.027 ms
	Integration:            0.032 ms
	Integration of assets:  0.000 ms
	Thread Wait Time:       0.002 ms
	Total Operation Time:   0.061 ms
Loaded scene 'Library/Unused/e0c26dca745d44c61bcb4708b898ffd9'
	Deserialize:            0.027 ms
	Integration:            0.036 ms
	Integration of assets:  0.000 ms
	Thread Wait Time:       0.002 ms
	Total Operation Time:   0.064 ms
Loaded scene 'Library/Unused/a08bec241ff0640fc8c9fc0cfc4daae2'
	Deserialize:            0.027 ms
	Integration:            0.046 ms
	Integration of assets:  0.000 ms
	Thread Wait Time:       0.002 ms
	Total Operation Time:   0.074 ms
Loaded scene 'Library/Unused/9902f3fb4ca694fbca9da0ea2af2a783'
	Deserialize:            0.026 ms
	Integration:            0.039 ms
	Integration of assets:  0.000 ms
	Thread Wait Time:       0.002 ms
	Total Operation Time:   0.067 ms
Loaded scene 'Library/Unused/6c6f3d036a06d4a2589db1d3aba932a8'
	Deserialize:            0.027 ms
	Integration:            0.086 ms
	Integration of assets:  0.000 ms
	Thread Wait Time:       0.002 ms
	Total Operation Time:   0.115 ms
Loaded scene 'Library/Unused/3074e3fc961ad45c1871d82d6aece50e'
	Deserialize:            0.027 ms
	Integration:            0.035 ms
	Integration of assets:  0.000 ms
	Thread Wait Time:       0.002 ms
	Total Operation Time:   0.064 ms
Loaded scene 'Library/Unused/80a97f477a77f45c0aeaa123814da3a8'
	Deserialize:            0.026 ms
	Integration:            0.033 ms
	Integration of assets:  0.000 ms
	Thread Wait Time:       0.002 ms
	Total Operation Time:   0.062 ms
Loaded scene 'Library/Unused/906fab66b3b914b63b42cb0fa5d4c0ab'
	Deserialize:            0.027 ms
	Integration:            0.035 ms
	Integration of assets:  0.000 ms
	Thread Wait Time:       0.002 ms
	Total Operation Time:   0.064 ms
Loaded scene 'Library/Unused/8d9de45230255457f8de1f5ebf8dae09'
	Deserialize:            0.027 ms
	Integration:            0.086 ms
	Integration of assets:  0.000 ms
	Thread Wait Time:       0.002 ms
	Total Operation Time:   0.115 ms
Loaded scene 'Library/Unused/9e6b972e96fc14e5487d54137c3e4457'
	Deserialize:            0.027 ms
	Integration:            0.035 ms
	Integration of assets:  0.000 ms
	Thread Wait Time:       0.002 ms
	Total Operation Time:   0.064 ms
Loaded scene 'Library/Unused/99fa767bb966641ddb5d66de0b87f18e'
	Deserialize:            0.026 ms
	Integration:            0.043 ms
	Integration of assets:  0.000 ms
	Thread Wait Time:       0.002 ms
	Total Operation Time:   0.071 ms
Loaded scene 'Library/Unused/777c37a865c494178890d1d8ab45afba'
	Deserialize:            0.027 ms
	Integration:            0.035 ms
	Integration of assets:  0.000 ms
	Thread Wait Time:       0.002 ms
	Total Operation Time:   0.063 ms
Loaded scene 'Library/Unused/0b0e64d0b61fb4567a9a5c01664ef6a6'
	Deserialize:            0.027 ms
	Integration:            0.041 ms
	Integration of assets:  0.000 ms
	Thread Wait Time:       0.002 ms
	Total Operation Time:   0.070 ms
Loaded scene 'Library/Unused/34a9598f6f5f4484cbc24fa2d8daf319'
	Deserialize:            0.026 ms
	Integration:            0.043 ms
	Integration of assets:  0.000 ms
	Thread Wait Time:       0.003 ms
	Total Operation Time:   0.072 ms
Loaded scene 'Library/Unused/ea2240fe2b9f64f3f8ddf6edd314e0f3'
	Deserialize:            0.026 ms
	Integration:            0.043 ms
	Integration of assets:  0.000 ms
	Thread Wait Time:       0.002 ms
	Total Operation Time:   0.071 ms
Loaded scene 'Library/Unused/e96224488900d4341be710d87efedc81'
	Deserialize:            0.032 ms
	Integration:            0.063 ms
	Integration of assets:  0.000 ms
	Thread Wait Time:       0.002 ms
	Total Operation Time:   0.096 ms
Loaded scene 'Library/Unused/cfb40c8664747480f9b02642c3a51aac'
	Deserialize:            0.028 ms
	Integration:            0.088 ms
	Integration of assets:  0.000 ms
	Thread Wait Time:       0.003 ms
	Total Operation Time:   0.119 ms
Loaded scene 'Library/Unused/0d808578d9e364ed5a5a4496ea4df787'
	Deserialize:            0.027 ms
	Integration:            0.036 ms
	Integration of assets:  0.000 ms
	Thread Wait Time:       0.002 ms
	Total Operation Time:   0.065 ms
Loaded scene 'Library/Unused/74f106cf114994105b9800bf79869798'
	Deserialize:            0.074 ms
	Integration:            0.126 ms
	Integration of assets:  0.000 ms
	Thread Wait Time:       0.002 ms
	Total Operation Time:   0.202 ms
Loaded scene 'Library/Unused/0851ef0cfb80f43668ab6700cf803ae3'
	Deserialize:            0.069 ms
	Integration:            0.122 ms
	Integration of assets:  0.000 ms
	Thread Wait Time:       0.002 ms
	Total Operation Time:   0.193 ms
Loaded scene 'Library/Unused/d5194c8a28d28428aacfc7bfb98154c1'
	Deserialize:            0.068 ms
	Integration:            0.112 ms
	Integration of assets:  0.000 ms
	Thread Wait Time:       0.002 ms
	Total Operation Time:   0.183 ms
Loaded scene 'Library/Unused/b6ea49aca622a44b993fa3ae7311fcb2'
	Deserialize:            0.068 ms
	Integration:            0.120 ms
	Integration of assets:  0.000 ms
	Thread Wait Time:       0.002 ms
	Total Operation Time:   0.190 ms
Loaded scene 'Library/Unused/dac591cc7b8f24a6eb413babdaa7d087'
	Deserialize:            0.068 ms
	Integration:            0.120 ms
	Integration of assets:  0.000 ms
	Thread Wait Time:       0.002 ms
	Total Operation Time:   0.191 ms
Loaded scene 'Library/Unused/01dcd9373dfd14cc7ae3620a888243da'
	Deserialize:            0.059 ms
	Integration:            0.115 ms
	Integration of assets:  0.000 ms
	Thread Wait Time:       0.002 ms
	Total Operation Time:   0.176 ms
Loaded scene 'Library/Unused/287bbb8fa47f74f2a9f92017c0dda48c'
	Deserialize:            0.056 ms
	Integration:            0.116 ms
	Integration of assets:  0.000 ms
	Thread Wait Time:       0.002 ms
	Total Operation Time:   0.173 ms
Loaded scene 'Library/Unused/e4fefdf8197a74c5d9c9c5217bcc1489'
	Deserialize:            0.055 ms
	Integration:            0.117 ms
	Integration of assets:  0.000 ms
	Thread Wait Time:       0.008 ms
	Total Operation Time:   0.179 ms
Loaded scene 'Library/Unused/83e9b638ce2074f5ebb93443ea8e416e'
	Deserialize:            0.055 ms
	Integration:            0.110 ms
	Integration of assets:  0.000 ms
	Thread Wait Time:       0.002 ms
	Total Operation Time:   0.167 ms
Loaded scene 'Library/Unused/a682d3e6d300040339f3c5e5a7bad4a5'
	Deserialize:            0.054 ms
	Integration:            0.114 ms
	Integration of assets:  0.000 ms
	Thread Wait Time:       0.002 ms
	Total Operation Time:   0.170 ms
Loaded scene 'Library/Unused/d30692043dd114c78be66f883642e4c2'
	Deserialize:            0.068 ms
	Integration:            0.138 ms
	Integration of assets:  0.000 ms
	Thread Wait Time:       0.002 ms
	Total Operation Time:   0.208 ms
Loaded scene 'Library/Unused/6f841ab282b2247f6a6cb4a1097e2c69'
	Deserialize:            0.082 ms
	Integration:            0.178 ms
	Integration of assets:  0.000 ms
	Thread Wait Time:       0.002 ms
	Total Operation Time:   0.262 ms
Loaded scene 'Library/Unused/c53e35548be574bd5b955dfe63864e21'
	Deserialize:            0.110 ms
	Integration:            0.192 ms
	Integration of assets:  0.000 ms
	Thread Wait Time:       0.002 ms
	Total Operation Time:   0.304 ms
Loaded scene 'Library/Unused/dde912fa8116045198f477a39f7eb9ca'
	Deserialize:            0.067 ms
	Integration:            0.128 ms
	Integration of assets:  0.000 ms
	Thread Wait Time:       0.002 ms
	Total Operation Time:   0.198 ms
Loaded scene 'Library/Unused/a90319966ffcc4a98b29edc2f0b3f9ed'
	Deserialize:            0.082 ms
	Integration:            0.157 ms
	Integration of assets:  0.000 ms
	Thread Wait Time:       0.005 ms
	Total Operation Time:   0.244 ms
Loaded scene 'Library/Unused/cb42ee21ab45f4aef98153861f6f7fd9'
	Deserialize:            0.084 ms
	Integration:            0.174 ms
	Integration of assets:  0.000 ms
	Thread Wait Time:       0.002 ms
	Total Operation Time:   0.261 ms
Loaded scene 'Library/Unused/34a7b2f71a39144ef892996aad243c5a'
	Deserialize:            0.083 ms
	Integration:            0.157 ms
	Integration of assets:  0.000 ms
	Thread Wait Time:       0.002 ms
	Total Operation Time:   0.241 ms
Loaded scene 'Library/Unused/82d4d2e2b06904256bbc8af7e010afe1'
	Deserialize:            0.081 ms
	Integration:            0.159 ms
	Integration of assets:  0.000 ms
	Thread Wait Time:       0.002 ms
	Total Operation Time:   0.242 ms
Loaded scene 'Library/Unused/eed8c34c5ff2b47e994c180242964ef0'
	Deserialize:            0.067 ms
	Integration:            0.120 ms
	Integration of assets:  0.000 ms
	Thread Wait Time:       0.002 ms
	Total Operation Time:   0.189 ms
Loaded scene 'Library/Unused/22a748232393e45c5bcc5e660cc09603'
	Deserialize:            0.082 ms
	Integration:            0.126 ms
	Integration of assets:  0.000 ms
	Thread Wait Time:       0.002 ms
	Total Operation Time:   0.210 ms
Loaded scene 'Library/Unused/7db4fc7b3343a41d1ae020ac1aed8611'
	Deserialize:            0.082 ms
	Integration:            0.134 ms
	Integration of assets:  0.000 ms
	Thread Wait Time:       0.003 ms
	Total Operation Time:   0.220 ms
Loaded scene 'Library/Unused/a5bb941ba11844053a803f4da5d5b733'
	Deserialize:            0.081 ms
	Integration:            0.149 ms
	Integration of assets:  0.000 ms
	Thread Wait Time:       0.002 ms
	Total Operation Time:   0.233 ms
Loaded scene 'Library/Unused/0ff59fdfa6b3d44d0a18dede8f548697'
	Deserialize:            0.084 ms
	Integration:            0.151 ms
	Integration of assets:  0.000 ms
	Thread Wait Time:       0.002 ms
	Total Operation Time:   0.238 ms
Loaded scene 'Library/Unused/f4a3c8f86c1b540d2bd8eda48b31b7c8'
	Deserialize:            0.078 ms
	Integration:            0.178 ms
	Integration of assets:  0.000 ms
	Thread Wait Time:       0.004 ms
	Total Operation Time:   0.260 ms
Loaded scene 'Library/Unused/aa4fa400c25414887b9cdffa1011ef6a'
	Deserialize:            0.070 ms
	Integration:            0.195 ms
	Integration of assets:  0.000 ms
	Thread Wait Time:       0.002 ms
	Total Operation Time:   0.268 ms
Loaded scene 'Library/Unused/e930999f2d2b148fdb6669af9470fdb9'
	Deserialize:            0.069 ms
	Integration:            0.209 ms
	Integration of assets:  0.000 ms
	Thread Wait Time:       0.002 ms
	Total Operation Time:   0.280 ms
Loaded scene 'Library/Unused/8a5231cd18bd0485ead73b779c5d8e38'
	Deserialize:            0.067 ms
	Integration:            0.159 ms
	Integration of assets:  0.000 ms
	Thread Wait Time:       0.002 ms
	Total Operation Time:   0.228 ms
Loaded scene 'Library/Unused/e98741e573d5e45cbb2c37790204bb98'
	Deserialize:            0.074 ms
	Integration:            0.166 ms
	Integration of assets:  0.000 ms
	Thread Wait Time:       0.002 ms
	Total Operation Time:   0.243 ms
Loaded scene 'Library/Unused/ad91f5cfa076f493a82fdae3eec2e992'
	Deserialize:            0.101 ms
	Integration:            0.168 ms
	Integration of assets:  0.000 ms
	Thread Wait Time:       0.002 ms
	Total Operation Time:   0.271 ms
Loaded scene 'Library/Unused/3566c4e0499a64374a025be9c470ce86'
	Deserialize:            0.084 ms
	Integration:            0.142 ms
	Integration of assets:  0.000 ms
	Thread Wait Time:       0.003 ms
	Total Operation Time:   0.229 ms
Loaded scene 'Library/Unused/803a8c05da9074424a61cfeb00cf7268'
	Deserialize:            0.156 ms
	Integration:            0.286 ms
	Integration of assets:  0.000 ms
	Thread Wait Time:       0.003 ms
	Total Operation Time:   0.445 ms
Loaded scene 'Library/Unused/f9ed4aeef445345439d1c6e90310a705'
	Deserialize:            0.161 ms
	Integration:            0.313 ms
	Integration of assets:  0.000 ms
	Thread Wait Time:       0.003 ms
	Total Operation Time:   0.477 ms
Loaded scene 'Library/Unused/2bfedfc31bd09498b80043f9bdb904db'
	Deserialize:            0.110 ms
	Integration:            0.217 ms
	Integration of assets:  0.000 ms
	Thread Wait Time:       0.003 ms
	Total Operation Time:   0.330 ms
Loaded scene 'Library/Unused/8cceba24e33fe4556aa532e7cd60dcf1'
	Deserialize:            0.084 ms
	Integration:            0.165 ms
	Integration of assets:  0.000 ms
	Thread Wait Time:       0.002 ms
	Total Operation Time:   0.252 ms
Loaded scene 'Library/Unused/52479a561ebf24562b106473ea15c6a3'
	Deserialize:            0.128 ms
	Integration:            0.257 ms
	Integration of assets:  0.000 ms
	Thread Wait Time:       0.002 ms
	Total Operation Time:   0.388 ms
Loaded scene 'Library/Unused/21f99ed4bb1c843e5ab9f7ea6bc83db4'
	Deserialize:            0.112 ms
	Integration:            0.253 ms
	Integration of assets:  0.000 ms
	Thread Wait Time:       0.003 ms
	Total Operation Time:   0.368 ms
Loaded scene 'Library/Unused/d3367145d28fa479bbc7872b9df38eb4'
	Deserialize:            0.070 ms
	Integration:            0.143 ms
	Integration of assets:  0.000 ms
	Thread Wait Time:       0.002 ms
	Total Operation Time:   0.216 ms
Loaded scene 'Library/Unused/09c1b50648c19474c8d309e64d12f7bb'
	Deserialize:            0.126 ms
	Integration:            0.251 ms
	Integration of assets:  0.000 ms
	Thread Wait Time:       0.002 ms
	Total Operation Time:   0.379 ms
Loaded scene 'Library/Unused/7a2a4b561e94b45c6893c3f97d882ab2'
	Deserialize:            0.123 ms
	Integration:            0.243 ms
	Integration of assets:  0.000 ms
	Thread Wait Time:       0.005 ms
	Total Operation Time:   0.370 ms
Loaded scene 'Library/Unused/98816990351ea4a9fb814442cacd919e'
	Deserialize:            0.124 ms
	Integration:            0.242 ms
	Integration of assets:  0.000 ms
	Thread Wait Time:       0.002 ms
	Total Operation Time:   0.368 ms
Loaded scene 'Library/Unused/18c0495b9b1d94b6c894722c78b29ee9'
	Deserialize:            0.109 ms
	Integration:            0.164 ms
	Integration of assets:  0.000 ms
	Thread Wait Time:       0.002 ms
	Total Operation Time:   0.275 ms
Loaded scene 'Library/Unused/603505d18cc624f9daf1333195a70619'
	Deserialize:            0.081 ms
	Integration:            0.143 ms
	Integration of assets:  0.000 ms
	Thread Wait Time:       0.005 ms
	Total Operation Time:   0.229 ms
Loaded scene 'Library/Unused/908da9f88ded743659fb6142160f0a2a'
	Deserialize:            0.067 ms
	Integration:            0.118 ms
	Integration of assets:  0.000 ms
	Thread Wait Time:       0.002 ms
	Total Operation Time:   0.187 ms
Loaded scene 'Library/Unused/8e8f7048409314ca28d8d9b7fa3e4c46'
	Deserialize:            0.074 ms
	Integration:            0.138 ms
	Integration of assets:  0.000 ms
	Thread Wait Time:       0.002 ms
	Total Operation Time:   0.215 ms
Loaded scene 'Library/Unused/b05c6e6c1f15640808f8116c955fa3b3'
	Deserialize:            0.154 ms
	Integration:            0.254 ms
	Integration of assets:  0.000 ms
	Thread Wait Time:       0.004 ms
	Total Operation Time:   0.412 ms
Loaded scene 'Library/Unused/8c3677d6c01a74c8e9f0e5c6cd742718'
	Deserialize:            0.160 ms
	Integration:            0.279 ms
	Integration of assets:  0.000 ms
	Thread Wait Time:       0.002 ms
	Total Operation Time:   0.441 ms
Loaded scene 'Library/Unused/c091789b0c7c44df89273a42c75057d7'
	Deserialize:            0.112 ms
	Integration:            0.192 ms
	Integration of assets:  0.000 ms
	Thread Wait Time:       0.002 ms
	Total Operation Time:   0.307 ms
Loaded scene 'Library/Unused/64fef7143101f42a084e40be93f68e1d'
	Deserialize:            0.082 ms
	Integration:            0.163 ms
	Integration of assets:  0.000 ms
	Thread Wait Time:       0.002 ms
	Total Operation Time:   0.247 ms
Loaded scene 'Library/Unused/a13717a82658f403385cefdbae473a9e'
	Deserialize:            0.082 ms
	Integration:            0.149 ms
	Integration of assets:  0.000 ms
	Thread Wait Time:       0.002 ms
	Total Operation Time:   0.233 ms
Loaded scene 'Library/Unused/3c71be72a151944f1b14589cbbe54da8'
	Deserialize:            0.082 ms
	Integration:            0.159 ms
	Integration of assets:  0.000 ms
	Thread Wait Time:       0.002 ms
	Total Operation Time:   0.243 ms
Loaded scene 'Library/Unused/139d6c49c05c546fa8561eea7a2af7ed'
	Deserialize:            0.043 ms
	Integration:            0.113 ms
	Integration of assets:  0.000 ms
	Thread Wait Time:       0.002 ms
	Total Operation Time:   0.158 ms
Loaded scene 'Library/Unused/b251228ebce93426d908bc640591efad'
	Deserialize:            0.044 ms
	Integration:            0.059 ms
	Integration of assets:  0.000 ms
	Thread Wait Time:       0.002 ms
	Total Operation Time:   0.105 ms
Loaded scene 'Library/Unused/443928941e8484d0cbb44a2fddbe1df9'
	Deserialize:            0.071 ms
	Integration:            0.087 ms
	Integration of assets:  0.000 ms
	Thread Wait Time:       0.003 ms
	Total Operation Time:   0.161 ms
Loaded scene 'Library/Unused/4d4413ab2b0884b3e83c8fedac51e3e7'
	Deserialize:            0.054 ms
	Integration:            0.075 ms
	Integration of assets:  0.000 ms
	Thread Wait Time:       0.002 ms
	Total Operation Time:   0.131 ms
Loaded scene 'Library/Unused/61f0cf70ad99e4d36806d1a35de9649b'
	Deserialize:            0.041 ms
	Integration:            0.057 ms
	Integration of assets:  0.000 ms
	Thread Wait Time:       0.002 ms
	Total Operation Time:   0.100 ms
Loaded scene 'Library/Unused/992372e72b68b487bb646dc4faad897e'
	Deserialize:            0.041 ms
	Integration:            0.051 ms
	Integration of assets:  0.000 ms
	Thread Wait Time:       0.002 ms
	Total Operation Time:   0.094 ms
Loaded scene 'Library/Unused/da6252e520f984d65b14abd4937103d0'
	Deserialize:            0.026 ms
	Integration:            0.030 ms
	Integration of assets:  0.000 ms
	Thread Wait Time:       0.003 ms
	Total Operation Time:   0.059 ms
Loaded scene 'Library/Unused/8bed838b8ab3e4a60b6d7a39187c8891'
	Deserialize:            0.059 ms
	Integration:            0.077 ms
	Integration of assets:  0.000 ms
	Thread Wait Time:       0.002 ms
	Total Operation Time:   0.138 ms
Loaded scene 'Library/Unused/0611072f6dec849b2b27ef2946f9939b'
	Deserialize:            0.028 ms
	Integration:            0.032 ms
	Integration of assets:  0.000 ms
	Thread Wait Time:       0.002 ms
	Total Operation Time:   0.062 ms
Loaded scene 'Library/Unused/5c92018d085234ae7835fdd94207ce13'
	Deserialize:            0.027 ms
	Integration:            0.033 ms
	Integration of assets:  0.000 ms
	Thread Wait Time:       0.002 ms
	Total Operation Time:   0.062 ms
Loaded scene 'Library/Unused/e08a67d23096f4ee3822411212daa636'
	Deserialize:            0.047 ms
	Integration:            0.134 ms
	Integration of assets:  0.000 ms
	Thread Wait Time:       0.002 ms
	Total Operation Time:   0.183 ms
Loaded scene 'Library/Unused/7e929a2f4b0354013924f9041d2eaad7'
	Deserialize:            0.046 ms
	Integration:            0.074 ms
	Integration of assets:  0.000 ms
	Thread Wait Time:       0.004 ms
	Total Operation Time:   0.123 ms
Loaded scene 'Library/Unused/7269f254db0014436ad82d305ab49eae'
	Deserialize:            0.072 ms
	Integration:            0.113 ms
	Integration of assets:  0.000 ms
	Thread Wait Time:       0.005 ms
	Total Operation Time:   0.190 ms
Loaded scene 'Library/Unused/cc590aa9a94604458b3c38aac778213c'
	Deserialize:            0.056 ms
	Integration:            0.097 ms
	Integration of assets:  0.000 ms
	Thread Wait Time:       0.002 ms
	Total Operation Time:   0.156 ms
Loaded scene 'Library/Unused/778893fa3d15f4a47a0801af58bf461a'
	Deserialize:            0.044 ms
	Integration:            0.064 ms
	Integration of assets:  0.000 ms
	Thread Wait Time:       0.002 ms
	Total Operation Time:   0.110 ms
Loaded scene 'Library/Unused/693a36a09289a413cbf521ce51724f1d'
	Deserialize:            0.046 ms
	Integration:            0.081 ms
	Integration of assets:  0.000 ms
	Thread Wait Time:       0.002 ms
	Total Operation Time:   0.129 ms
Loaded scene 'Library/Unused/34f0d215db38a451cacf2b08fa5a00d9'
	Deserialize:            0.029 ms
	Integration:            0.032 ms
	Integration of assets:  0.000 ms
	Thread Wait Time:       0.002 ms
	Total Operation Time:   0.063 ms
Loaded scene 'Library/Unused/3be3f59e0a26d422295e391b0c36242a'
	Deserialize:            0.058 ms
	Integration:            0.097 ms
	Integration of assets:  0.000 ms
	Thread Wait Time:       0.002 ms
	Total Operation Time:   0.157 ms
Loaded scene 'Library/Unused/596e0c76da2a74ba88bf218756b3f662'
	Deserialize:            0.032 ms
	Integration:            0.032 ms
	Integration of assets:  0.000 ms
	Thread Wait Time:       0.004 ms
	Total Operation Time:   0.069 ms
Loaded scene 'Library/Unused/a6fedc24fadf841eab5203e2bfc66c86'
	Deserialize:            0.030 ms
	Integration:            0.038 ms
	Integration of assets:  0.000 ms
	Thread Wait Time:       0.002 ms
	Total Operation Time:   0.069 ms
Loaded scene 'Library/Unused/d0983b20339a448b89f111358ac1f0fa'
	Deserialize:            0.045 ms
	Integration:            0.159 ms
	Integration of assets:  0.000 ms
	Thread Wait Time:       0.002 ms
	Total Operation Time:   0.206 ms
Loaded scene 'Library/Unused/8bd9e42429e64407bbd3419a3830054f'
	Deserialize:            0.043 ms
	Integration:            0.067 ms
	Integration of assets:  0.000 ms
	Thread Wait Time:       0.002 ms
	Total Operation Time:   0.113 ms
Loaded scene 'Library/Unused/c830603da2be949f6bede5f8df9066ea'
	Deserialize:            0.070 ms
	Integration:            0.102 ms
	Integration of assets:  0.000 ms
	Thread Wait Time:       0.002 ms
	Total Operation Time:   0.174 ms
Loaded scene 'Library/Unused/b9cb0b031b8854de9ad48cd14c037bfe'
	Deserialize:            0.055 ms
	Integration:            0.077 ms
	Integration of assets:  0.000 ms
	Thread Wait Time:       0.003 ms
	Total Operation Time:   0.135 ms
Loaded scene 'Library/Unused/4aacccd98667348faa876f3ffa249bf8'
	Deserialize:            0.047 ms
	Integration:            0.067 ms
	Integration of assets:  0.000 ms
	Thread Wait Time:       0.002 ms
	Total Operation Time:   0.116 ms
Loaded scene 'Library/Unused/30042a54d8acc46ce9d61d5016d8070f'
	Deserialize:            0.044 ms
	Integration:            0.067 ms
	Integration of assets:  0.000 ms
	Thread Wait Time:       0.002 ms
	Total Operation Time:   0.113 ms
Loaded scene 'Library/Unused/729418b3b68c844cf8bf0ee4fe9c9802'
	Deserialize:            0.032 ms
	Integration:            0.040 ms
	Integration of assets:  0.000 ms
	Thread Wait Time:       0.002 ms
	Total Operation Time:   0.074 ms
Loaded scene 'Library/Unused/6aacc42843748489680c0db7aa6a6af7'
	Deserialize:            0.061 ms
	Integration:            0.093 ms
	Integration of assets:  0.000 ms
	Thread Wait Time:       0.002 ms
	Total Operation Time:   0.156 ms
Loaded scene 'Library/Unused/eb45868ee76904d829ffbcde9a2254dd'
	Deserialize:            0.028 ms
	Integration:            0.039 ms
	Integration of assets:  0.000 ms
	Thread Wait Time:       0.002 ms
	Total Operation Time:   0.069 ms
Loaded scene 'Library/Unused/0db77134589db41b69f50f461079ab8b'
	Deserialize:            0.029 ms
	Integration:            0.039 ms
	Integration of assets:  0.000 ms
	Thread Wait Time:       0.002 ms
	Total Operation Time:   0.070 ms
Loaded scene 'Library/Unused/03ead637961f443e592cb1150921b24e'
	Deserialize:            0.044 ms
	Integration:            0.122 ms
	Integration of assets:  0.000 ms
	Thread Wait Time:       0.002 ms
	Total Operation Time:   0.169 ms
Loaded scene 'Library/Unused/3d1375090c1fd48f9befe27740e8eda3'
	Deserialize:            0.044 ms
	Integration:            0.053 ms
	Integration of assets:  0.000 ms
	Thread Wait Time:       0.002 ms
	Total Operation Time:   0.100 ms
Loaded scene 'Library/Unused/02eb147de2e24452fbaf94a858eff4e8'
	Deserialize:            0.074 ms
	Integration:            0.088 ms
	Integration of assets:  0.000 ms
	Thread Wait Time:       0.002 ms
	Total Operation Time:   0.164 ms
Loaded scene 'Library/Unused/3b11c70871ab94a8a93febc277e83c2d'
	Deserialize:            0.055 ms
	Integration:            0.068 ms
	Integration of assets:  0.000 ms
	Thread Wait Time:       0.002 ms
	Total Operation Time:   0.124 ms
Loaded scene 'Library/Unused/0fdb08e3e56934560b321739f2a12c11'
	Deserialize:            0.041 ms
	Integration:            0.051 ms
	Integration of assets:  0.000 ms
	Thread Wait Time:       0.005 ms
	Total Operation Time:   0.096 ms
Loaded scene 'Library/Unused/71dba81db6a934305b426b911e9284a7'
	Deserialize:            0.041 ms
	Integration:            0.049 ms
	Integration of assets:  0.000 ms
	Thread Wait Time:       0.002 ms
	Total Operation Time:   0.092 ms
Loaded scene 'Library/Unused/268ed631c68944dae923448d71a19c59'
	Deserialize:            0.027 ms
	Integration:            0.028 ms
	Integration of assets:  0.000 ms
	Thread Wait Time:       0.002 ms
	Total Operation Time:   0.057 ms
Loaded scene 'Library/Unused/7e0e352f22901483bb9aff506dbf16c8'
	Deserialize:            0.056 ms
	Integration:            0.077 ms
	Integration of assets:  0.000 ms
	Thread Wait Time:       0.002 ms
	Total Operation Time:   0.135 ms
Loaded scene 'Library/Unused/57909e45463954a6086ef37a96151948'
	Deserialize:            0.027 ms
	Integration:            0.028 ms
	Integration of assets:  0.000 ms
	Thread Wait Time:       0.002 ms
	Total Operation Time:   0.057 ms
Loaded scene 'Library/Unused/95a9e5f66362947e48af4d1c5ff9512e'
	Deserialize:            0.046 ms
	Integration:            0.036 ms
	Integration of assets:  0.000 ms
	Thread Wait Time:       0.003 ms
	Total Operation Time:   0.085 ms
Loaded scene 'Library/Unused/36161769fa98649bd9f01af1cf22acb0'
	Deserialize:            0.047 ms
	Integration:            0.123 ms
	Integration of assets:  0.000 ms
	Thread Wait Time:       0.002 ms
	Total Operation Time:   0.172 ms
Loaded scene 'Library/Unused/7d737bd61a85c42afaca126be6f44d85'
	Deserialize:            0.045 ms
	Integration:            0.060 ms
	Integration of assets:  0.000 ms
	Thread Wait Time:       0.002 ms
	Total Operation Time:   0.107 ms
Loaded scene 'Library/Unused/35abc7641faae434994c28b4514a58da'
	Deserialize:            0.073 ms
	Integration:            0.097 ms
	Integration of assets:  0.000 ms
	Thread Wait Time:       0.002 ms
	Total Operation Time:   0.171 ms
Loaded scene 'Library/Unused/320c712230d2145a4858300dab3c1446'
	Deserialize:            0.058 ms
	Integration:            0.075 ms
	Integration of assets:  0.000 ms
	Thread Wait Time:       0.002 ms
	Total Operation Time:   0.136 ms
Loaded scene 'Library/Unused/8841507bdd047468fa5a63c18f86cd08'
	Deserialize:            0.045 ms
	Integration:            0.061 ms
	Integration of assets:  0.000 ms
	Thread Wait Time:       0.002 ms
	Total Operation Time:   0.109 ms
Loaded scene 'Library/Unused/07bd7325e026c485db6c24fd685512f9'
	Deserialize:            0.042 ms
	Integration:            0.058 ms
	Integration of assets:  0.000 ms
	Thread Wait Time:       0.002 ms
	Total Operation Time:   0.102 ms
Loaded scene 'Library/Unused/8916fdc8bc2ba4f1295dc428cd0c4479'
	Deserialize:            0.027 ms
	Integration:            0.040 ms
	Integration of assets:  0.000 ms
	Thread Wait Time:       0.002 ms
	Total Operation Time:   0.069 ms
Loaded scene 'Library/Unused/193239a675c9140be99370650ec5a11d'
	Deserialize:            0.062 ms
	Integration:            0.092 ms
	Integration of assets:  0.000 ms
	Thread Wait Time:       0.003 ms
	Total Operation Time:   0.157 ms
Loaded scene 'Library/Unused/c8631d734390d45d3af1909093995e5b'
	Deserialize:            0.030 ms
	Integration:            0.028 ms
	Integration of assets:  0.000 ms
	Thread Wait Time:       0.002 ms
	Total Operation Time:   0.060 ms
Loaded scene 'Library/Unused/3c18991a38351403f834a6ef4a4a8bd8'
	Deserialize:            0.033 ms
	Integration:            0.032 ms
	Integration of assets:  0.000 ms
	Thread Wait Time:       0.002 ms
	Total Operation Time:   0.067 ms
Loaded scene 'Library/Unused/2d7639c719255489a88cd33ab3723b24'
	Deserialize:            0.046 ms
	Integration:            0.142 ms
	Integration of assets:  0.000 ms
	Thread Wait Time:       0.003 ms
	Total Operation Time:   0.191 ms
Loaded scene 'Library/Unused/9b73dedcde62f4b8c9495c2b6a514ac3'
	Deserialize:            0.043 ms
	Integration:            0.069 ms
	Integration of assets:  0.000 ms
	Thread Wait Time:       0.002 ms
	Total Operation Time:   0.115 ms
Loaded scene 'Library/Unused/80b8c1f8e79cd40c2837ccb4d13783ac'
	Deserialize:            0.076 ms
	Integration:            0.089 ms
	Integration of assets:  0.000 ms
	Thread Wait Time:       0.002 ms
	Total Operation Time:   0.168 ms
Loaded scene 'Library/Unused/fc030e0a61a114d8cb12348ce1e7e199'
	Deserialize:            0.057 ms
	Integration:            0.083 ms
	Integration of assets:  0.000 ms
	Thread Wait Time:       0.002 ms
	Total Operation Time:   0.142 ms
Loaded scene 'Library/Unused/4a3fef48a6e344223b232f4ffc7b5aa0'
	Deserialize:            0.042 ms
	Integration:            0.060 ms
	Integration of assets:  0.000 ms
	Thread Wait Time:       0.002 ms
	Total Operation Time:   0.105 ms
Loaded scene 'Library/Unused/6abdcaf9744224a6eb56cc4ac4ea7f90'
	Deserialize:            0.041 ms
	Integration:            0.060 ms
	Integration of assets:  0.000 ms
	Thread Wait Time:       0.003 ms
	Total Operation Time:   0.104 ms
Loaded scene 'Library/Unused/fc900dc0b79a5473c9a75b499d6411cf'
	Deserialize:            0.030 ms
	Integration:            0.041 ms
	Integration of assets:  0.000 ms
	Thread Wait Time:       0.002 ms
	Total Operation Time:   0.073 ms
Loaded scene 'Library/Unused/7c36dd59a70e84c599b2c1cc5727d851'
	Deserialize:            0.065 ms
	Integration:            0.098 ms
	Integration of assets:  0.000 ms
	Thread Wait Time:       0.003 ms
	Total Operation Time:   0.166 ms
Loaded scene 'Library/Unused/cd9c4edc332b94685997761b105dee2e'
	Deserialize:            0.028 ms
	Integration:            0.035 ms
	Integration of assets:  0.000 ms
	Thread Wait Time:       0.002 ms
	Total Operation Time:   0.065 ms
Loaded scene 'Library/Unused/e711c139daf5a46a6aea13ff91e1cdc4'
	Deserialize:            0.029 ms
	Integration:            0.031 ms
	Integration of assets:  0.000 ms
	Thread Wait Time:       0.002 ms
	Total Operation Time:   0.063 ms
Loaded scene 'Library/Unused/dd95fffe0375b416992ea46e922e57af'
	Deserialize:            0.045 ms
	Integration:            0.139 ms
	Integration of assets:  0.000 ms
	Thread Wait Time:       0.004 ms
	Total Operation Time:   0.189 ms
Loaded scene 'Library/Unused/47eafb37a06714a04bd1d4f41e89f0f0'
	Deserialize:            0.046 ms
	Integration:            0.061 ms
	Integration of assets:  0.000 ms
	Thread Wait Time:       0.002 ms
	Total Operation Time:   0.109 ms
Loaded scene 'Library/Unused/cd281e09bc0f544b3bf8a37b50304d55'
	Deserialize:            0.072 ms
	Integration:            0.076 ms
	Integration of assets:  0.000 ms
	Thread Wait Time:       0.002 ms
	Total Operation Time:   0.150 ms
Loaded scene 'Library/Unused/f6cd8fabf204d4e07b05df2b7d6c3ebd'
	Deserialize:            0.056 ms
	Integration:            0.079 ms
	Integration of assets:  0.000 ms
	Thread Wait Time:       0.002 ms
	Total Operation Time:   0.137 ms
Loaded scene 'Library/Unused/106fca214ba8343c28a64ce63151adcc'
	Deserialize:            0.045 ms
	Integration:            0.059 ms
	Integration of assets:  0.000 ms
	Thread Wait Time:       0.002 ms
	Total Operation Time:   0.105 ms
Loaded scene 'Library/Unused/ea6fd96c60381417fbe32604ab9ace20'
	Deserialize:            0.042 ms
	Integration:            0.062 ms
	Integration of assets:  0.000 ms
	Thread Wait Time:       0.002 ms
	Total Operation Time:   0.106 ms
Loaded scene 'Library/Unused/b614f0ee97c4f47a9abf8491f5c0f61d'
	Deserialize:            0.029 ms
	Integration:            0.039 ms
	Integration of assets:  0.000 ms
	Thread Wait Time:       0.002 ms
	Total Operation Time:   0.070 ms
Loaded scene 'Library/Unused/e6fc6d2933fce4a25864b685bad0c88c'
	Deserialize:            0.062 ms
	Integration:            0.078 ms
	Integration of assets:  0.000 ms
	Thread Wait Time:       0.003 ms
	Total Operation Time:   0.143 ms
Loaded scene 'Library/Unused/6f1f40b09edf4494b89b93b1d2079a6b'
	Deserialize:            0.032 ms
	Integration:            0.033 ms
	Integration of assets:  0.000 ms
	Thread Wait Time:       0.003 ms
	Total Operation Time:   0.068 ms
Loaded scene 'Library/Unused/e7380de3a423247ba98b24e1e6e0a01f'
	Deserialize:            0.030 ms
	Integration:            0.043 ms
	Integration of assets:  0.000 ms
	Thread Wait Time:       0.002 ms
	Total Operation Time:   0.075 ms
Loaded scene 'Library/Unused/297b202c7668140eab9a112c4021d27f'
	Deserialize:            0.061 ms
	Integration:            0.169 ms
	Integration of assets:  0.000 ms
	Thread Wait Time:       0.002 ms
	Total Operation Time:   0.232 ms
Loaded scene 'Library/Unused/fdeaa8c9dfd564a7ea4a3ed697c2b899'
	Deserialize:            0.061 ms
	Integration:            0.150 ms
	Integration of assets:  0.000 ms
	Thread Wait Time:       0.002 ms
	Total Operation Time:   0.214 ms
Loaded scene 'Library/Unused/ec4b160c383bf492f835c4a57050c7fb'
	Deserialize:            0.064 ms
	Integration:            0.169 ms
	Integration of assets:  0.000 ms
	Thread Wait Time:       0.004 ms
	Total Operation Time:   0.237 ms
Loaded scene 'Library/Unused/6ab93c7f3de9f4a0ea28dbfb1d20a58f'
	Deserialize:            0.043 ms
	Integration:            0.110 ms
	Integration of assets:  0.000 ms
	Thread Wait Time:       0.002 ms
	Total Operation Time:   0.155 ms
Loaded scene 'Library/Unused/78fd6741577e14eb5b871678d5632c8d'
	Deserialize:            0.066 ms
	Integration:            0.147 ms
	Integration of assets:  0.000 ms
	Thread Wait Time:       0.003 ms
	Total Operation Time:   0.215 ms
Loaded scene 'Library/Unused/349dcda8ae08e4b3fbb1ccf1da328394'
	Deserialize:            0.045 ms
	Integration:            0.134 ms
	Integration of assets:  0.000 ms
	Thread Wait Time:       0.003 ms
	Total Operation Time:   0.182 ms
Loaded scene 'Library/Unused/1274c13040c694e378afcf25a872cb60'
	Deserialize:            0.096 ms
	Integration:            0.229 ms
	Integration of assets:  0.000 ms
	Thread Wait Time:       0.002 ms
	Total Operation Time:   0.327 ms
Loaded scene 'Library/Unused/07a7d73510d1249f9a6e7cd7575cc63c'
	Deserialize:            0.029 ms
	Integration:            0.077 ms
	Integration of assets:  0.000 ms
	Thread Wait Time:       0.002 ms
	Total Operation Time:   0.107 ms
Loaded scene 'Library/Unused/e642a962564554ddc87196d9d7982f8b'
	Deserialize:            0.028 ms
	Integration:            0.080 ms
	Integration of assets:  0.000 ms
	Thread Wait Time:       0.002 ms
	Total Operation Time:   0.110 ms
Loaded scene 'Library/Unused/c5b0744e7f318408ebfb80c45e8b14f9'
	Deserialize:            0.027 ms
	Integration:            0.074 ms
	Integration of assets:  0.000 ms
	Thread Wait Time:       0.003 ms
	Total Operation Time:   0.103 ms
Loaded scene 'Library/Unused/be5869339b23d442cafec649d040c68e'
	Deserialize:            0.027 ms
	Integration:            0.073 ms
	Integration of assets:  0.000 ms
	Thread Wait Time:       0.002 ms
	Total Operation Time:   0.102 ms
Loaded scene 'Library/Unused/3b86f1f1af127482198c97890e29ad6e'
	Deserialize:            0.026 ms
	Integration:            0.076 ms
	Integration of assets:  0.000 ms
	Thread Wait Time:       0.002 ms
	Total Operation Time:   0.104 ms
Loaded scene 'Library/Unused/5d7391a4e7dc74fb999288e7ae30d7d7'
	Deserialize:            0.034 ms
	Integration:            0.075 ms
	Integration of assets:  0.000 ms
	Thread Wait Time:       0.002 ms
	Total Operation Time:   0.111 ms
Loaded scene 'Library/Unused/7d06df26c68fb474ea28a6a233685ae3'
	Deserialize:            0.029 ms
	Integration:            0.077 ms
	Integration of assets:  0.000 ms
	Thread Wait Time:       0.002 ms
	Total Operation Time:   0.108 ms
Loaded scene 'Library/Unused/5be4d2029e78f4d0a89b9cf6eb318858'
	Deserialize:            0.104 ms
	Integration:            0.173 ms
	Integration of assets:  0.000 ms
	Thread Wait Time:       0.002 ms
	Total Operation Time:   0.280 ms
Loaded scene 'Library/Unused/aeb89b3dc17104e1095ac086122d1f35'
	Deserialize:            0.099 ms
	Integration:            0.168 ms
	Integration of assets:  0.000 ms
	Thread Wait Time:       0.003 ms
	Total Operation Time:   0.270 ms
Loaded scene 'Library/Unused/19e586cdaad724199a66db9e360cb5d8'
	Deserialize:            0.123 ms
	Integration:            0.201 ms
	Integration of assets:  0.000 ms
	Thread Wait Time:       0.002 ms
	Total Operation Time:   0.327 ms
Loaded scene 'Library/Unused/b946d1e9e0c6642b389a018f0698deab'
	Deserialize:            0.113 ms
	Integration:            0.201 ms
	Integration of assets:  0.000 ms
	Thread Wait Time:       0.002 ms
	Total Operation Time:   0.317 ms
Loaded scene 'Library/Unused/9122eade2344243beaa7245161c170fe'
	Deserialize:            0.069 ms
	Integration:            0.126 ms
	Integration of assets:  0.000 ms
	Thread Wait Time:       0.002 ms
	Total Operation Time:   0.197 ms
Loaded scene 'Library/Unused/4f510dfdf1e1040caa425679a08d0972'
	Deserialize:            0.070 ms
	Integration:            0.134 ms
	Integration of assets:  0.000 ms
	Thread Wait Time:       0.002 ms
	Total Operation Time:   0.206 ms
Loaded scene 'Library/Unused/ee9de1188b02b49e4b6c880c211f81eb'
	Deserialize:            0.069 ms
	Integration:            0.174 ms
	Integration of assets:  0.000 ms
	Thread Wait Time:       0.002 ms
	Total Operation Time:   0.245 ms
Loaded scene 'Library/Unused/39977ddaa4655414eadc7f92cee47f88'
	Deserialize:            0.101 ms
	Integration:            0.172 ms
	Integration of assets:  0.000 ms
	Thread Wait Time:       0.002 ms
	Total Operation Time:   0.275 ms
Loaded scene 'Library/Unused/4464f6c0d7cbd40088946be3ec67a111'
	Deserialize:            0.096 ms
	Integration:            0.165 ms
	Integration of assets:  0.000 ms
	Thread Wait Time:       0.002 ms
	Total Operation Time:   0.263 ms
Loaded scene 'Library/Unused/a7adece51d4054a0296777e048e1e69f'
	Deserialize:            0.086 ms
	Integration:            0.185 ms
	Integration of assets:  0.000 ms
	Thread Wait Time:       0.002 ms
	Total Operation Time:   0.274 ms
Loaded scene 'Library/Unused/592709ee618eb45e9a9ec43d54815cf8'
	Deserialize:            0.103 ms
	Integration:            0.190 ms
	Integration of assets:  0.000 ms
	Thread Wait Time:       0.002 ms
	Total Operation Time:   0.295 ms
Loaded scene 'Library/Unused/5f697c2e52a79426baf73d51aaa894d3'
	Deserialize:            0.097 ms
	Integration:            0.174 ms
	Integration of assets:  0.000 ms
	Thread Wait Time:       0.002 ms
	Total Operation Time:   0.274 ms
Loaded scene 'Library/Unused/a10836408a9bf426f931c1f06e74c7d2'
	Deserialize:            0.082 ms
	Integration:            0.149 ms
	Integration of assets:  0.000 ms
	Thread Wait Time:       0.002 ms
	Total Operation Time:   0.233 ms
Loaded scene 'Library/Unused/f1ef237c8f18948d1a263ea09f71fbc4'
	Deserialize:            0.071 ms
	Integration:            0.134 ms
	Integration of assets:  0.000 ms
	Thread Wait Time:       0.002 ms
	Total Operation Time:   0.207 ms
Loaded scene 'Library/Unused/880a062d6d6e841d4a9fc41ab16580d8'
	Deserialize:            0.055 ms
	Integration:            0.115 ms
	Integration of assets:  0.000 ms
	Thread Wait Time:       0.003 ms
	Total Operation Time:   0.173 ms
Loaded scene 'Library/Unused/12a80bd07bf2148f5885c49c5c890cdd'
	Deserialize:            0.055 ms
	Integration:            0.127 ms
	Integration of assets:  0.000 ms
	Thread Wait Time:       0.002 ms
	Total Operation Time:   0.184 ms
Loaded scene 'Library/Unused/328436e64069a446680cbf6653a219ed'
	Deserialize:            0.114 ms
	Integration:            0.214 ms
	Integration of assets:  0.000 ms
	Thread Wait Time:       0.003 ms
	Total Operation Time:   0.331 ms
Loaded scene 'Library/Unused/dd0abb56bdc92479fa6d1193578ee405'
	Deserialize:            0.083 ms
	Integration:            0.193 ms
	Integration of assets:  0.000 ms
	Thread Wait Time:       0.002 ms
	Total Operation Time:   0.279 ms
Loaded scene 'Library/Unused/03abe219692634c99aea091f59786ac4'
	Deserialize:            1.019 ms
	Integration:            0.242 ms
	Integration of assets:  0.000 ms
	Thread Wait Time:       0.002 ms
	Total Operation Time:   1.263 ms
Loaded scene 'Library/Unused/aad451cc81d1f40a98b3d0fce9b23599'
	Deserialize:            0.086 ms
	Integration:            0.199 ms
	Integration of assets:  0.000 ms
	Thread Wait Time:       0.002 ms
	Total Operation Time:   0.287 ms
Loaded scene 'Library/Unused/57c561a76530d45d1bc7c01018b4a638'
	Deserialize:            0.055 ms
	Integration:            0.119 ms
	Integration of assets:  0.000 ms
	Thread Wait Time:       0.002 ms
	Total Operation Time:   0.177 ms
Loaded scene 'Library/Unused/1ef56d3b3f69e414384882868b41f261'
	Deserialize:            0.071 ms
	Integration:            0.154 ms
	Integration of assets:  0.000 ms
	Thread Wait Time:       0.002 ms
	Total Operation Time:   0.227 ms
Loaded scene 'Library/Unused/07e2d811e85024ccebba3e3f650c1fd5'
	Deserialize:            0.070 ms
	Integration:            0.149 ms
	Integration of assets:  0.000 ms
	Thread Wait Time:       0.002 ms
	Total Operation Time:   0.221 ms
Loaded scene 'Library/Unused/d33b466cbecae44c4b7562836e167df7'
	Deserialize:            0.069 ms
	Integration:            0.149 ms
	Integration of assets:  0.000 ms
	Thread Wait Time:       0.002 ms
	Total Operation Time:   0.221 ms
Loaded scene 'Library/Unused/c9eacffff1e0d4ca1b2cb87cbf6456df'
	Deserialize:            0.082 ms
	Integration:            0.185 ms
	Integration of assets:  0.000 ms
	Thread Wait Time:       0.002 ms
	Total Operation Time:   0.270 ms
Loaded scene 'Library/Unused/2d58aadebc1254a4cbf90289ae4bcb0a'
	Deserialize:            0.086 ms
	Integration:            0.195 ms
	Integration of assets:  0.000 ms
	Thread Wait Time:       0.004 ms
	Total Operation Time:   0.285 ms
Loaded scene 'Library/Unused/0d4c5db211e2d48f5a89d86c76619cf8'
	Deserialize:            0.097 ms
	Integration:            0.195 ms
	Integration of assets:  0.000 ms
	Thread Wait Time:       0.007 ms
	Total Operation Time:   0.299 ms
Loaded scene 'Library/Unused/029cabafe04a1436d91cfd88593e50b6'
	Deserialize:            0.079 ms
	Integration:            0.154 ms
	Integration of assets:  0.000 ms
	Thread Wait Time:       0.004 ms
	Total Operation Time:   0.237 ms
Loaded scene 'Library/Unused/300f60f7139ed4a36b631e122740d5ca'
	Deserialize:            0.030 ms
	Integration:            0.301 ms
	Integration of assets:  0.000 ms
	Thread Wait Time:       0.002 ms
	Total Operation Time:   0.333 ms
Loaded scene 'Library/Unused/7642e951c932347ae934e35a2d3b422a'
	Deserialize:            0.028 ms
	Integration:            0.184 ms
	Integration of assets:  0.000 ms
	Thread Wait Time:       0.002 ms
	Total Operation Time:   0.214 ms
Loaded scene 'Library/Unused/6f2955826b412433cb972431bb336912'
	Deserialize:            0.030 ms
	Integration:            0.163 ms
	Integration of assets:  0.000 ms
	Thread Wait Time:       0.002 ms
	Total Operation Time:   0.196 ms
Loaded scene 'Library/Unused/b5486816e43b34adcb3572c3d048c980'
	Deserialize:            0.027 ms
	Integration:            0.114 ms
	Integration of assets:  0.000 ms
	Thread Wait Time:       0.002 ms
	Total Operation Time:   0.143 ms
Loaded scene 'Library/Unused/344fc0ac12e874ed49832124d4eb1ad0'
	Deserialize:            0.027 ms
	Integration:            0.099 ms
	Integration of assets:  0.000 ms
	Thread Wait Time:       0.002 ms
	Total Operation Time:   0.127 ms
Loaded scene 'Library/Unused/975d3e88ec7ec419a9a298eee394b86f'
	Deserialize:            0.027 ms
	Integration:            0.137 ms
	Integration of assets:  0.000 ms
	Thread Wait Time:       0.002 ms
	Total Operation Time:   0.166 ms
Loaded scene 'Library/Unused/72b484da587ba472d90623622ba293f1'
	Deserialize:            0.027 ms
	Integration:            0.112 ms
	Integration of assets:  0.000 ms
	Thread Wait Time:       0.002 ms
	Total Operation Time:   0.140 ms
Loaded scene 'Library/Unused/9682600a09e8a45e288122d95baaeaba'
	Deserialize:            0.028 ms
	Integration:            0.153 ms
	Integration of assets:  0.000 ms
	Thread Wait Time:       0.003 ms
	Total Operation Time:   0.184 ms
Loaded scene 'Library/Unused/a051cf96672214472b991b84c11b8b48'
	Deserialize:            0.032 ms
	Integration:            0.128 ms
	Integration of assets:  0.000 ms
	Thread Wait Time:       0.002 ms
	Total Operation Time:   0.162 ms
Loaded scene 'Library/Unused/6d0edfebdcaa845fca884595e57af9a4'
	Deserialize:            0.031 ms
	Integration:            0.094 ms
	Integration of assets:  0.000 ms
	Thread Wait Time:       0.002 ms
	Total Operation Time:   0.127 ms
Loaded scene 'Library/Unused/aa2b941785ff748d9a25b7413036fcb1'
	Deserialize:            0.028 ms
	Integration:            1.655 ms
	Integration of assets:  0.000 ms
	Thread Wait Time:       0.002 ms
	Total Operation Time:   1.685 ms
Loaded scene 'Library/Unused/993d1c227870d4afebf31f0bdcf58a04'
	Deserialize:            0.039 ms
	Integration:            0.877 ms
	Integration of assets:  0.000 ms
	Thread Wait Time:       0.002 ms
	Total Operation Time:   0.918 ms
Loaded scene 'Library/Unused/59f12657ab5cb4d418e0e17e4f208c58'
	Deserialize:            0.034 ms
	Integration:            0.355 ms
	Integration of assets:  0.000 ms
	Thread Wait Time:       0.002 ms
	Total Operation Time:   0.392 ms
Loaded scene 'Library/Unused/fcb0a84be12a74d9aa0d1c2617a7a812'
	Deserialize:            0.030 ms
	Integration:            0.356 ms
	Integration of assets:  0.000 ms
	Thread Wait Time:       0.004 ms
	Total Operation Time:   0.391 ms
Loaded scene 'Library/Unused/a22c4ca59beed42428d6c0c4b6ada525'
	Deserialize:            0.029 ms
	Integration:            0.279 ms
	Integration of assets:  0.000 ms
	Thread Wait Time:       0.003 ms
	Total Operation Time:   0.310 ms
Loaded scene 'Library/Unused/312789d3e62524e9ca55b11aeee9203e'
	Deserialize:            0.031 ms
	Integration:            0.222 ms
	Integration of assets:  0.000 ms
	Thread Wait Time:       0.002 ms
	Total Operation Time:   0.256 ms
Loaded scene 'Library/Unused/2a559fafb16554f149940c82fa2e72aa'
	Deserialize:            0.032 ms
	Integration:            0.195 ms
	Integration of assets:  0.000 ms
	Thread Wait Time:       0.003 ms
	Total Operation Time:   0.230 ms
Loaded scene 'Library/Unused/ebd488174a27b44c28b6407ae8a82571'
	Deserialize:            0.030 ms
	Integration:            0.157 ms
	Integration of assets:  0.000 ms
	Thread Wait Time:       0.002 ms
	Total Operation Time:   0.189 ms
Loaded scene 'Library/Unused/a9994790edb6843b48a0a025ae971e5d'
	Deserialize:            0.028 ms
	Integration:            0.161 ms
	Integration of assets:  0.000 ms
	Thread Wait Time:       0.002 ms
	Total Operation Time:   0.192 ms
Loaded scene 'Library/Unused/1f895c9afa8504ed99b3ca11eeacea7f'
	Deserialize:            0.028 ms
	Integration:            0.152 ms
	Integration of assets:  0.000 ms
	Thread Wait Time:       0.002 ms
	Total Operation Time:   0.183 ms
Loaded scene 'Library/Unused/ca1b2c45d020f4517acff3c7d7c45f0c'
	Deserialize:            0.028 ms
	Integration:            0.144 ms
	Integration of assets:  0.000 ms
	Thread Wait Time:       0.002 ms
	Total Operation Time:   0.174 ms
Loaded scene 'Library/Unused/d27fd4e0f052447d1bff75eac1e59c91'
	Deserialize:            0.028 ms
	Integration:            0.124 ms
	Integration of assets:  0.000 ms
	Thread Wait Time:       0.002 ms
	Total Operation Time:   0.155 ms
Loaded scene 'Library/Unused/8b8d6058e3f1241f0ae5b11d45f66da1'
	Deserialize:            0.030 ms
	Integration:            0.177 ms
	Integration of assets:  0.000 ms
	Thread Wait Time:       0.002 ms
	Total Operation Time:   0.209 ms
Loaded scene 'Library/Unused/5043a81f6b45648a0a2876e694d50e23'
	Deserialize:            0.027 ms
	Integration:            0.221 ms
	Integration of assets:  0.000 ms
	Thread Wait Time:       0.002 ms
	Total Operation Time:   0.249 ms
Loaded scene 'Library/Unused/07a84ed8229b14c548272f99a47ff292'
	Deserialize:            0.026 ms
	Integration:            0.307 ms
	Integration of assets:  0.000 ms
	Thread Wait Time:       0.002 ms
	Total Operation Time:   0.336 ms
Loaded scene 'Library/Unused/31b8ac2da4f314171b9ccd18fc993fe8'
	Deserialize:            0.027 ms
	Integration:            0.117 ms
	Integration of assets:  0.000 ms
	Thread Wait Time:       0.003 ms
	Total Operation Time:   0.147 ms
Loaded scene 'Library/Unused/7c80f16a78db24ea59cc455b23b13fa4'
	Deserialize:            0.027 ms
	Integration:            0.142 ms
	Integration of assets:  0.000 ms
	Thread Wait Time:       0.002 ms
	Total Operation Time:   0.171 ms
Loaded scene 'Library/Unused/b7490e7a7e8954e71be1ba08e1d48c1b'
	Deserialize:            0.026 ms
	Integration:            0.111 ms
	Integration of assets:  0.000 ms
	Thread Wait Time:       0.002 ms
	Total Operation Time:   0.139 ms
Loaded scene 'Library/Unused/01bcc8ea9de624d3b8e319c547c46605'
	Deserialize:            0.034 ms
	Integration:            0.115 ms
	Integration of assets:  0.000 ms
	Thread Wait Time:       0.002 ms
	Total Operation Time:   0.150 ms
Loaded scene 'Library/Unused/2378c737c98e449c98da61ba7b644bb1'
	Deserialize:            0.029 ms
	Integration:            0.106 ms
	Integration of assets:  0.000 ms
	Thread Wait Time:       0.002 ms
	Total Operation Time:   0.137 ms
Loaded scene 'Library/Unused/7a443da2f21c549dcb0be693a72a6dfc'
	Deserialize:            0.030 ms
	Integration:            0.145 ms
	Integration of assets:  0.000 ms
	Thread Wait Time:       0.002 ms
	Total Operation Time:   0.177 ms
Loaded scene 'Library/Unused/e582297890f3345e18415baa8d9518c8'
	Deserialize:            0.029 ms
	Integration:            0.139 ms
	Integration of assets:  0.000 ms
	Thread Wait Time:       0.002 ms
	Total Operation Time:   0.170 ms
Loaded scene 'Library/Unused/f49516c8ed4474b62894c3758a2091a9'
	Deserialize:            0.028 ms
	Integration:            0.179 ms
	Integration of assets:  0.000 ms
	Thread Wait Time:       0.002 ms
	Total Operation Time:   0.209 ms
Loaded scene 'Library/Unused/97c7737f2e5e541cc8694d6d73ad27ae'
	Deserialize:            0.027 ms
	Integration:            0.214 ms
	Integration of assets:  0.000 ms
	Thread Wait Time:       0.003 ms
	Total Operation Time:   0.245 ms
Loaded scene 'Library/Unused/8df5e54bd897949b8943095d7b921f34'
	Deserialize:            0.031 ms
	Integration:            0.296 ms
	Integration of assets:  0.000 ms
	Thread Wait Time:       0.003 ms
	Total Operation Time:   0.330 ms
Loaded scene 'Library/Unused/3ccbc3087a0204a76a511b456c3be3b4'
	Deserialize:            0.029 ms
	Integration:            0.154 ms
	Integration of assets:  0.000 ms
	Thread Wait Time:       0.002 ms
	Total Operation Time:   0.185 ms
Loaded scene 'Library/Unused/2a5f562b897aa411cbfebb306c1e4b76'
	Deserialize:            0.028 ms
	Integration:            0.121 ms
	Integration of assets:  0.000 ms
	Thread Wait Time:       0.002 ms
	Total Operation Time:   0.152 ms
Loaded scene 'Library/Unused/8fa335b11a68b40518c77ae872bc290d'
	Deserialize:            0.027 ms
	Integration:            0.119 ms
	Integration of assets:  0.000 ms
	Thread Wait Time:       0.002 ms
	Total Operation Time:   0.148 ms
Loaded scene 'Library/Unused/5981aaf472d0447c18a252b1bc3e1661'
	Deserialize:            0.027 ms
	Integration:            0.053 ms
	Integration of assets:  0.000 ms
	Thread Wait Time:       0.002 ms
	Total Operation Time:   0.082 ms
Loaded scene 'Library/Unused/ed591d9be4ea0400a88b8a67c7569114'
	Deserialize:            0.026 ms
	Integration:            0.063 ms
	Integration of assets:  0.000 ms
	Thread Wait Time:       0.002 ms
	Total Operation Time:   0.092 ms
Loaded scene 'Library/Unused/88137ded8b91a474c84aad9de8125c36'
	Deserialize:            0.029 ms
	Integration:            0.067 ms
	Integration of assets:  0.000 ms
	Thread Wait Time:       0.002 ms
	Total Operation Time:   0.099 ms
Loaded scene 'Library/Unused/eeb1ed7d6dd8e4c908a624493d7071a6'
	Deserialize:            0.026 ms
	Integration:            0.064 ms
	Integration of assets:  0.000 ms
	Thread Wait Time:       0.002 ms
	Total Operation Time:   0.092 ms
Loaded scene 'Library/Unused/578e340a52aab484686eb0f757bbae9d'
	Deserialize:            0.030 ms
	Integration:            0.053 ms
	Integration of assets:  0.000 ms
	Thread Wait Time:       0.002 ms
	Total Operation Time:   0.085 ms
Loaded scene 'Library/Unused/3157abe0701a448849bb37f15b560b89'
	Deserialize:            0.027 ms
	Integration:            0.060 ms
	Integration of assets:  0.000 ms
	Thread Wait Time:       0.002 ms
	Total Operation Time:   0.088 ms
Loaded scene 'Library/Unused/67c60f011fbdb464591965a0b44a61e3'
	Deserialize:            0.027 ms
	Integration:            0.141 ms
	Integration of assets:  0.000 ms
	Thread Wait Time:       0.002 ms
	Total Operation Time:   0.170 ms
Loaded scene 'Library/Unused/65b6cefed305c47d2a12bbb89493a144'
	Deserialize:            0.026 ms
	Integration:            0.061 ms
	Integration of assets:  0.000 ms
	Thread Wait Time:       0.002 ms
	Total Operation Time:   0.089 ms
Loaded scene 'Library/Unused/35c015b21d5ca4cf7881fa5254fb308a'
	Deserialize:            0.027 ms
	Integration:            0.085 ms
	Integration of assets:  0.000 ms
	Thread Wait Time:       0.003 ms
	Total Operation Time:   0.115 ms
Loaded scene 'Library/Unused/8744ea156be2c4b5f8867fb0d3b31c83'
	Deserialize:            0.028 ms
	Integration:            0.050 ms
	Integration of assets:  0.000 ms
	Thread Wait Time:       0.002 ms
	Total Operation Time:   0.080 ms
Loaded scene 'Library/Unused/111be3455fd5e43d889a0595a4723229'
	Deserialize:            0.026 ms
	Integration:            0.067 ms
	Integration of assets:  0.000 ms
	Thread Wait Time:       0.002 ms
	Total Operation Time:   0.095 ms
Loaded scene 'Library/Unused/16522ace88a144f35877bee73c0b2607'
	Deserialize:            0.027 ms
	Integration:            0.092 ms
	Integration of assets:  0.000 ms
	Thread Wait Time:       0.002 ms
	Total Operation Time:   0.121 ms
Loaded scene 'Library/Unused/086457fb8433a4187ab2a08445cb8da1'
	Deserialize:            0.032 ms
	Integration:            0.087 ms
	Integration of assets:  0.000 ms
	Thread Wait Time:       0.002 ms
	Total Operation Time:   0.121 ms
Loaded scene 'Library/Unused/bb6439293baeb457eb623d1cabbf73f1'
	Deserialize:            0.030 ms
	Integration:            0.071 ms
	Integration of assets:  0.000 ms
	Thread Wait Time:       0.002 ms
	Total Operation Time:   0.103 ms
Loaded scene 'Library/Unused/7bba5a084c36e465494589065cf6b3c8'
	Deserialize:            0.028 ms
	Integration:            0.072 ms
	Integration of assets:  0.000 ms
	Thread Wait Time:       0.002 ms
	Total Operation Time:   0.102 ms
Loaded scene 'Library/Unused/fc0a7300bdd224efabdc6edbdf7b1036'
	Deserialize:            0.031 ms
	Integration:            0.086 ms
	Integration of assets:  0.000 ms
	Thread Wait Time:       0.002 ms
	Total Operation Time:   0.120 ms
Loaded scene 'Library/Unused/333779bb864d74a94aea801056a0b8b3'
	Deserialize:            0.029 ms
	Integration:            0.074 ms
	Integration of assets:  0.000 ms
	Thread Wait Time:       0.002 ms
	Total Operation Time:   0.105 ms
Loaded scene 'Library/Unused/d852a177a5269428c862d804fdfa430c'
	Deserialize:            0.028 ms
	Integration:            0.071 ms
	Integration of assets:  0.000 ms
	Thread Wait Time:       0.002 ms
	Total Operation Time:   0.101 ms
Loaded scene 'Library/Unused/74a83040ae1d44d4d9fee9b46f123008'
	Deserialize:            0.027 ms
	Integration:            0.077 ms
	Integration of assets:  0.000 ms
	Thread Wait Time:       0.002 ms
	Total Operation Time:   0.106 ms
Loaded scene 'Library/Unused/bbdb46c65f73e48d4b7e8bd4bbd9bbe2'
	Deserialize:            0.027 ms
	Integration:            0.072 ms
	Integration of assets:  0.000 ms
	Thread Wait Time:       0.002 ms
	Total Operation Time:   0.101 ms
Loaded scene 'Library/Unused/a2b20dde6c7c14023a3f92c97c63f235'
	Deserialize:            0.028 ms
	Integration:            0.072 ms
	Integration of assets:  0.000 ms
	Thread Wait Time:       0.002 ms
	Total Operation Time:   0.102 ms
Loaded scene 'Library/Unused/a6c925fb7d31343a5afd0ab1897659df'
	Deserialize:            0.036 ms
	Integration:            0.073 ms
	Integration of assets:  0.000 ms
	Thread Wait Time:       0.002 ms
	Total Operation Time:   0.111 ms
Loaded scene 'Library/Unused/4c3fa1b4fbaac414bb779d2937c0a2ff'
	Deserialize:            0.033 ms
	Integration:            0.112 ms
	Integration of assets:  0.000 ms
	Thread Wait Time:       0.002 ms
	Total Operation Time:   0.147 ms
Loaded scene 'Library/Unused/064c270322efe4bd187eb766ef16d747'
	Deserialize:            0.028 ms
	Integration:            0.115 ms
	Integration of assets:  0.000 ms
	Thread Wait Time:       0.002 ms
	Total Operation Time:   0.146 ms
Loaded scene 'Library/Unused/b396747d04e4048a6baf9f065a60675b'
	Deserialize:            0.027 ms
	Integration:            0.110 ms
	Integration of assets:  0.000 ms
	Thread Wait Time:       0.002 ms
	Total Operation Time:   0.139 ms
Loaded scene 'Library/Unused/04f775a1094c94105bfcf50a9c05095c'
	Deserialize:            0.029 ms
	Integration:            0.131 ms
	Integration of assets:  0.000 ms
	Thread Wait Time:       0.002 ms
	Total Operation Time:   0.163 ms
Loaded scene 'Library/Unused/451308ae0a9934d9e88dc8e1b0cd07e6'
	Deserialize:            0.028 ms
	Integration:            0.096 ms
	Integration of assets:  0.000 ms
	Thread Wait Time:       0.002 ms
	Total Operation Time:   0.126 ms
Loaded scene 'Library/Unused/783dd06f836d64bb5bc3016858995d3a'
	Deserialize:            0.027 ms
	Integration:            0.132 ms
	Integration of assets:  0.000 ms
	Thread Wait Time:       0.002 ms
	Total Operation Time:   0.161 ms
Loaded scene 'Library/Unused/f90b53d85414040c7a3b81855f23a59f'
	Deserialize:            0.027 ms
	Integration:            0.149 ms
	Integration of assets:  0.000 ms
	Thread Wait Time:       0.008 ms
	Total Operation Time:   0.184 ms
Loaded scene 'Library/Unused/26180b0c3a69a48509c5d3aef4cb14da'
	Deserialize:            0.028 ms
	Integration:            0.102 ms
	Integration of assets:  0.000 ms
	Thread Wait Time:       0.002 ms
	Total Operation Time:   0.132 ms
Loaded scene 'Library/Unused/39f17510be340483f862562271163303'
	Deserialize:            0.027 ms
	Integration:            0.115 ms
	Integration of assets:  0.000 ms
	Thread Wait Time:       0.002 ms
	Total Operation Time:   0.144 ms
Loaded scene 'Library/Unused/2b427edeb24de4ebcbeaaa5adefe6a67'
	Deserialize:            0.028 ms
	Integration:            0.094 ms
	Integration of assets:  0.000 ms
	Thread Wait Time:       0.004 ms
	Total Operation Time:   0.125 ms
Loaded scene 'Library/Unused/dffb1e6e9747748ce8dd224ea187d146'
	Deserialize:            0.028 ms
	Integration:            0.098 ms
	Integration of assets:  0.000 ms
	Thread Wait Time:       0.002 ms
	Total Operation Time:   0.128 ms
Loaded scene 'Library/Unused/198c9dda816584c60bdce30307208b5c'
	Deserialize:            0.028 ms
	Integration:            0.082 ms
	Integration of assets:  0.000 ms
	Thread Wait Time:       0.002 ms
	Total Operation Time:   0.113 ms
Loaded scene 'Library/Unused/2f266bcd492b54461bb90adeb5fa2475'
	Deserialize:            0.028 ms
	Integration:            0.093 ms
	Integration of assets:  0.000 ms
	Thread Wait Time:       0.002 ms
	Total Operation Time:   0.124 ms
Loaded scene 'Library/Unused/011d4cb2f865b4f169d3af0e3454a3cb'
	Deserialize:            0.027 ms
	Integration:            0.119 ms
	Integration of assets:  0.000 ms
	Thread Wait Time:       0.002 ms
	Total Operation Time:   0.149 ms
Loaded scene 'Library/Unused/e341d3c1283bd418ead7a8c925030cc6'
	Deserialize:            0.027 ms
	Integration:            0.117 ms
	Integration of assets:  0.000 ms
	Thread Wait Time:       0.003 ms
	Total Operation Time:   0.146 ms
Loaded scene 'Library/Unused/400185d4e60f447f3a0c5955330e25c5'
	Deserialize:            0.028 ms
	Integration:            0.090 ms
	Integration of assets:  0.000 ms
	Thread Wait Time:       0.002 ms
	Total Operation Time:   0.120 ms
Loaded scene 'Library/Unused/8906c5597f7744b09991d63c123cf5bc'
	Deserialize:            0.026 ms
	Integration:            0.080 ms
	Integration of assets:  0.000 ms
	Thread Wait Time:       0.002 ms
	Total Operation Time:   0.108 ms
Loaded scene 'Library/Unused/5f3e4a6cedbd8435dbcd2560e0eb5ee3'
	Deserialize:            0.026 ms
	Integration:            0.092 ms
	Integration of assets:  0.000 ms
	Thread Wait Time:       0.004 ms
	Total Operation Time:   0.122 ms
Loaded scene 'Library/Unused/7c6617bee1bce4a8cad35162ac9507cc'
	Deserialize:            0.027 ms
	Integration:            0.119 ms
	Integration of assets:  0.000 ms
	Thread Wait Time:       0.002 ms
	Total Operation Time:   0.148 ms
Loaded scene 'Library/Unused/09d54eca068954a3e809fec995f9b43b'
	Deserialize:            0.026 ms
	Integration:            0.085 ms
	Integration of assets:  0.000 ms
	Thread Wait Time:       0.002 ms
	Total Operation Time:   0.113 ms
Loaded scene 'Library/Unused/b8d01c2f1bbe44404bcae291f7777a53'
	Deserialize:            0.026 ms
	Integration:            0.076 ms
	Integration of assets:  0.000 ms
	Thread Wait Time:       0.002 ms
	Total Operation Time:   0.105 ms
Loaded scene 'Library/Unused/59f6a23159a894fa7ab3efaec911e8aa'
	Deserialize:            0.026 ms
	Integration:            0.092 ms
	Integration of assets:  0.000 ms
	Thread Wait Time:       0.002 ms
	Total Operation Time:   0.120 ms
Loaded scene 'Library/Unused/27ea86230f2d24e51b92eb253c62c53e'
	Deserialize:            0.026 ms
	Integration:            0.075 ms
	Integration of assets:  0.000 ms
	Thread Wait Time:       0.002 ms
	Total Operation Time:   0.103 ms
Loaded scene 'Library/Unused/985aaaed8b7744dcc90d1c8eb6bbc78d'
	Deserialize:            0.026 ms
	Integration:            0.072 ms
	Integration of assets:  0.000 ms
	Thread Wait Time:       0.002 ms
	Total Operation Time:   0.100 ms
Loaded scene 'Library/Unused/fdc6cb92ed96f423d9e01614867c0922'
	Deserialize:            0.026 ms
	Integration:            0.082 ms
	Integration of assets:  0.000 ms
	Thread Wait Time:       0.002 ms
	Total Operation Time:   0.110 ms
Loaded scene 'Library/Unused/41ec09932524b4569b2de9fe5335fe9d'
	Deserialize:            0.026 ms
	Integration:            0.107 ms
	Integration of assets:  0.000 ms
	Thread Wait Time:       0.002 ms
	Total Operation Time:   0.135 ms
Loaded scene 'Library/Unused/a00fbb5155d5d46f3a1217316bbe20ed'
	Deserialize:            0.026 ms
	Integration:            0.072 ms
	Integration of assets:  0.000 ms
	Thread Wait Time:       0.002 ms
	Total Operation Time:   0.100 ms
Loaded scene 'Library/Unused/61f7b301ef978436cbd81af69b624ad9'
	Deserialize:            0.026 ms
	Integration:            0.099 ms
	Integration of assets:  0.000 ms
	Thread Wait Time:       0.002 ms
	Total Operation Time:   0.127 ms
Loaded scene 'Library/Unused/1f0cc0d59ecf0455186c3a6c479e1464'
	Deserialize:            0.029 ms
	Integration:            0.108 ms
	Integration of assets:  0.000 ms
	Thread Wait Time:       0.002 ms
	Total Operation Time:   0.140 ms
Loaded scene 'Library/Unused/a2f92ffb9cb994c6c9a63821c47c1f09'
	Deserialize:            0.027 ms
	Integration:            0.093 ms
	Integration of assets:  0.000 ms
	Thread Wait Time:       0.003 ms
	Total Operation Time:   0.122 ms
Loaded scene 'Library/Unused/e4211f0c1edc8457cbb0f659f84e9f84'
	Deserialize:            0.026 ms
	Integration:            0.109 ms
	Integration of assets:  0.000 ms
	Thread Wait Time:       0.002 ms
	Total Operation Time:   0.137 ms
Loaded scene 'Library/Unused/0ca561906acbd4b03bca7a34be865f4a'
	Deserialize:            0.026 ms
	Integration:            0.093 ms
	Integration of assets:  0.000 ms
	Thread Wait Time:       0.002 ms
	Total Operation Time:   0.122 ms
Loaded scene 'Library/Unused/00cd592e427714c7a8541351d0a47a11'
	Deserialize:            0.029 ms
	Integration:            0.097 ms
	Integration of assets:  0.000 ms
	Thread Wait Time:       0.003 ms
	Total Operation Time:   0.129 ms
Loaded scene 'Library/Unused/d2858e56c135d42069d7b8245aa9f134'
	Deserialize:            0.027 ms
	Integration:            0.088 ms
	Integration of assets:  0.000 ms
	Thread Wait Time:       0.004 ms
	Total Operation Time:   0.119 ms
Loaded scene 'Library/Unused/fa3b7f53944a44da4bf1f985573ba92b'
	Deserialize:            0.032 ms
	Integration:            0.129 ms
	Integration of assets:  0.000 ms
	Thread Wait Time:       0.003 ms
	Total Operation Time:   0.164 ms
Loaded scene 'Library/Unused/869251ef579b3434d865e085969dec35'
	Deserialize:            0.028 ms
	Integration:            0.184 ms
	Integration of assets:  0.000 ms
	Thread Wait Time:       0.002 ms
	Total Operation Time:   0.215 ms
Loaded scene 'Library/Unused/c60274e686d0e400ba744506b633c868'
	Deserialize:            0.027 ms
	Integration:            0.101 ms
	Integration of assets:  0.000 ms
	Thread Wait Time:       0.003 ms
	Total Operation Time:   0.131 ms
Loaded scene 'Library/Unused/a60a4e817fe8d4c249ff95e2b56c27d0'
	Deserialize:            0.028 ms
	Integration:            0.094 ms
	Integration of assets:  0.000 ms
	Thread Wait Time:       0.003 ms
	Total Operation Time:   0.124 ms
Loaded scene 'Library/Unused/050e7f80f2bc14936b1bad344d82dfc8'
	Deserialize:            0.028 ms
	Integration:            0.083 ms
	Integration of assets:  0.000 ms
	Thread Wait Time:       0.002 ms
	Total Operation Time:   0.113 ms
Loaded scene 'Library/Unused/bdfcd0c001303449e9b93403de3dfd4a'
	Deserialize:            0.027 ms
	Integration:            0.182 ms
	Integration of assets:  0.000 ms
	Thread Wait Time:       0.002 ms
	Total Operation Time:   0.210 ms
Loaded scene 'Library/Unused/e6e4edfe35dd04befb27239e06930e54'
	Deserialize:            0.036 ms
	Integration:            0.361 ms
	Integration of assets:  0.000 ms
	Thread Wait Time:       0.002 ms
	Total Operation Time:   0.400 ms
Loaded scene 'Library/Unused/364299de35b404b208ced772d58623d5'
	Deserialize:            0.030 ms
	Integration:            1.106 ms
	Integration of assets:  0.000 ms
	Thread Wait Time:       0.002 ms
	Total Operation Time:   1.138 ms
Loaded scene 'Library/Unused/57bc2dcc16c8a45e184829f19f714793'
	Deserialize:            0.024 ms
	Integration:            0.715 ms
	Integration of assets:  0.000 ms
	Thread Wait Time:       0.002 ms
	Total Operation Time:   0.741 ms
Loaded scene 'Library/Unused/0d44e4bdffcff4597a496cce39ec09cb'
	Deserialize:            0.025 ms
	Integration:            0.473 ms
	Integration of assets:  0.000 ms
	Thread Wait Time:       0.002 ms
	Total Operation Time:   0.500 ms
Loaded scene 'Library/Unused/a8c91a8a1fbdf47d2980dffec372fb8e'
	Deserialize:            0.023 ms
	Integration:            0.170 ms
	Integration of assets:  0.000 ms
	Thread Wait Time:       0.002 ms
	Total Operation Time:   0.195 ms
Loaded scene 'Library/Unused/b6f5646ec848e4373865e20880f60ae9'
	Deserialize:            0.022 ms
	Integration:            0.032 ms
	Integration of assets:  0.000 ms
	Thread Wait Time:       0.002 ms
	Total Operation Time:   0.056 ms
Loaded scene 'Library/Unused/35c9b5e0fded34ef88c3151000d34cec'
	Deserialize:            0.023 ms
	Integration:            0.306 ms
	Integration of assets:  0.000 ms
	Thread Wait Time:       0.002 ms
	Total Operation Time:   0.331 ms
Loaded scene 'Library/Unused/032a8cfb372da40ee9ca9c61b9ecb32e'
	Deserialize:            0.024 ms
	Integration:            0.379 ms
	Integration of assets:  0.000 ms
	Thread Wait Time:       0.002 ms
	Total Operation Time:   0.405 ms
Loaded scene 'Library/Unused/5decb7d46ca964425b296bf8f9100853'
	Deserialize:            0.022 ms
	Integration:            0.363 ms
	Integration of assets:  0.000 ms
	Thread Wait Time:       0.003 ms
	Total Operation Time:   0.388 ms
Loaded scene 'Library/Unused/77d08775d48c946f7a2b13b0a01c569e'
	Deserialize:            0.023 ms
	Integration:            0.220 ms
	Integration of assets:  0.000 ms
	Thread Wait Time:       0.002 ms
	Total Operation Time:   0.246 ms
Loaded scene 'Library/Unused/fbd885afcc7e2408d83b358f3473d546'
	Deserialize:            0.022 ms
	Integration:            0.761 ms
	Integration of assets:  0.000 ms
	Thread Wait Time:       0.002 ms
	Total Operation Time:   0.785 ms
Loaded scene 'Library/Unused/7ee38132034fb4fc3baeb28651810651'
	Deserialize:            0.023 ms
	Integration:            0.141 ms
	Integration of assets:  0.000 ms
	Thread Wait Time:       0.002 ms
	Total Operation Time:   0.166 ms
Loaded scene 'Library/Unused/430152cedc34f4a0d97ce7b22d56ca7d'
	Deserialize:            0.027 ms
	Integration:            0.083 ms
	Integration of assets:  0.000 ms
	Thread Wait Time:       0.002 ms
	Total Operation Time:   0.112 ms
Loaded scene 'Library/Unused/45f74b9d3cb1a4ea3b21b9721e39d6ed'
	Deserialize:            0.023 ms
	Integration:            0.071 ms
	Integration of assets:  0.000 ms
	Thread Wait Time:       0.002 ms
	Total Operation Time:   0.096 ms
Loaded scene 'Library/Unused/b47abe43fff2145d1b01273494ed49c7'
	Deserialize:            0.485 ms
	Integration:            8.604 ms
	Integration of assets:  0.000 ms
	Thread Wait Time:       0.002 ms
	Total Operation Time:   9.092 ms
Loaded scene 'Library/Unused/da0e528a6d5854076b2ef843cfa5f6db'
	Deserialize:            0.560 ms
	Integration:            0.546 ms
	Integration of assets:  0.000 ms
	Thread Wait Time:       0.003 ms
	Total Operation Time:   1.109 ms
Loaded scene 'Library/Unused/29a67f91b4f24460885a04ec63e9954f'
	Deserialize:            0.026 ms
	Integration:            0.177 ms
	Integration of assets:  0.000 ms
	Thread Wait Time:       0.002 ms
	Total Operation Time:   0.205 ms
Loaded scene 'Library/Unused/a514f7cc8b9454f4ea0b775f8014d742'
	Deserialize:            0.021 ms
	Integration:            0.832 ms
	Integration of assets:  0.000 ms
	Thread Wait Time:       0.002 ms
	Total Operation Time:   0.855 ms
Loaded scene 'Library/Unused/f522a7108be164dfbae8c00e643187fc'
	Deserialize:            0.022 ms
	Integration:            0.321 ms
	Integration of assets:  0.000 ms
	Thread Wait Time:       0.002 ms
	Total Operation Time:   0.345 ms
Loaded scene 'Library/Unused/66bf30584aca94814849aeb21b2123bd'
	Deserialize:            0.020 ms
	Integration:            0.238 ms
	Integration of assets:  0.000 ms
	Thread Wait Time:       0.002 ms
	Total Operation Time:   0.260 ms
Loaded scene 'Library/Unused/b29d7862852a340e789f8427b22636bb'
	Deserialize:            0.020 ms
	Integration:            0.140 ms
	Integration of assets:  0.000 ms
	Thread Wait Time:       0.002 ms
	Total Operation Time:   0.162 ms
Loaded scene 'Library/Unused/6a1f1367f0b8f470994f5fdd307738d6'
	Deserialize:            0.938 ms
	Integration:            0.800 ms
	Integration of assets:  0.007 ms
	Thread Wait Time:       0.003 ms
	Total Operation Time:   1.749 ms
Problem detected while loading the contents of the Prefab file: 'Assets/Samples/XR Interaction Toolkit/3.3.1/Starter Assets/DemoSceneAssets/Prefabs/Interactables/Cube.prefab'.
Check the following logs for more details.
UnityEngine.Debug:ExtractStackTraceNoAlloc (byte*,int,string)
UnityEngine.StackTraceUtility:ExtractStackTrace () (at /Users/bokken/build/output/unity/unity/Runtime/Export/Scripting/StackTrace.cs:35)
UnityEditor.PrefabUtility:LoadPrefabContentsIntoPreviewScene_Internal (string,UnityEngine.SceneManagement.Scene)
UnityEditor.PrefabUtility:LoadPrefabContents (string) (at /Users/bokken/build/output/unity/unity/Editor/Mono/Prefabs/PrefabUtility.cs:3193)
BCaTPerformanceAuditRunner:WritePrefabMeshAudit () (at Assets/Editor/BCaTPerformanceAuditRunner.cs:265)
BCaTPerformanceAuditRunner:Run () (at Assets/Editor/BCaTPerformanceAuditRunner.cs:34)

[/Users/bokken/build/output/unity/unity/Editor/Mono/Prefabs/PrefabUtility.cs line 3193]

Nested Prefab problem. Missing Nested Prefab Asset: 'Interaction Affordance (Missing Prefab with guid: eb9104ef66b7305468adb3697fdeed5e)'
UnityEngine.Debug:ExtractStackTraceNoAlloc (byte*,int,string)
UnityEngine.StackTraceUtility:ExtractStackTrace () (at /Users/bokken/build/output/unity/unity/Runtime/Export/Scripting/StackTrace.cs:35)
UnityEditor.PrefabUtility:LoadPrefabContentsIntoPreviewScene_Internal (string,UnityEngine.SceneManagement.Scene)
UnityEditor.PrefabUtility:LoadPrefabContents (string) (at /Users/bokken/build/output/unity/unity/Editor/Mono/Prefabs/PrefabUtility.cs:3193)
BCaTPerformanceAuditRunner:WritePrefabMeshAudit () (at Assets/Editor/BCaTPerformanceAuditRunner.cs:265)
BCaTPerformanceAuditRunner:Run () (at Assets/Editor/BCaTPerformanceAuditRunner.cs:34)

[/Users/bokken/build/output/unity/unity/Editor/Mono/Prefabs/PrefabUtility.cs line 3193]

Loaded scene 'Library/Unused/c6334c3d8651c497b980728b5261a2e2'
	Deserialize:            0.099 ms
	Integration:            0.304 ms
	Integration of assets:  0.000 ms
	Thread Wait Time:       0.002 ms
	Total Operation Time:   0.406 ms
Loaded scene 'Library/Unused/403b842ea8b2047f79fc1a19e118049f'
	Deserialize:            0.297 ms
	Integration:            0.030 ms
	Integration of assets:  0.002 ms
	Thread Wait Time:       0.002 ms
	Total Operation Time:   0.332 ms
Loaded scene 'Library/Unused/0a058674fbe004cc4add8c8193842bd2'
	Deserialize:            0.732 ms
	Integration:            0.306 ms
	Integration of assets:  0.003 ms
	Thread Wait Time:       0.003 ms
	Total Operation Time:   1.045 ms
Loaded scene 'Library/Unused/13130ea9b365646f282d3400f4eaa5db'
	Deserialize:            0.204 ms
	Integration:            0.034 ms
	Integration of assets:  0.002 ms
	Thread Wait Time:       0.002 ms
	Total Operation Time:   0.243 ms
Loaded scene 'Library/Unused/d8ba3d56618e34afb878849311204ec9'
	Deserialize:            0.838 ms
	Integration:            0.028 ms
	Integration of assets:  0.000 ms
	Thread Wait Time:       0.003 ms
	Total Operation Time:   0.870 ms
Loaded scene 'Library/Unused/17786e89db10c4b2f8630a0eac47b9d0'
	Deserialize:            0.827 ms
	Integration:            0.022 ms
	Integration of assets:  0.002 ms
	Thread Wait Time:       0.003 ms
	Total Operation Time:   0.854 ms
Loaded scene 'Library/Unused/ee9627c69bb7a4cf8b74769184e939e0'
	Deserialize:            0.788 ms
	Integration:            0.032 ms
	Integration of assets:  0.004 ms
	Thread Wait Time:       0.003 ms
	Total Operation Time:   0.827 ms
Loaded scene 'Library/Unused/e10cacc78f05e41f1b3850dd34faed35'
	Deserialize:            0.311 ms
	Integration:            0.218 ms
	Integration of assets:  0.000 ms
	Thread Wait Time:       0.002 ms
	Total Operation Time:   0.531 ms
Loaded scene 'Library/Unused/8eeb8b84262f640afb156c692e08f905'
	Deserialize:            0.779 ms
	Integration:            0.025 ms
	Integration of assets:  0.000 ms
	Thread Wait Time:       0.002 ms
	Total Operation Time:   0.808 ms
Loaded scene 'Library/Unused/2ccd1533a6b874e2f921b533d2d955e7'
	Deserialize:            0.027 ms
	Integration:            0.458 ms
	Integration of assets:  0.000 ms
	Thread Wait Time:       0.002 ms
	Total Operation Time:   0.487 ms
Loaded scene 'Library/Unused/0670cddcb34a94ce8b9fe4b3e6c8870d'
	Deserialize:            0.279 ms
	Integration:            0.023 ms
	Integration of assets:  0.141 ms
	Thread Wait Time:       0.004 ms
	Total Operation Time:   0.447 ms
Loaded scene 'Library/Unused/37f66a793038f4644b0f60b351f74cff'
	Deserialize:            0.502 ms
	Integration:            0.014 ms
	Integration of assets:  0.000 ms
	Thread Wait Time:       0.005 ms
	Total Operation Time:   0.521 ms
Loaded scene 'Library/Unused/074475f64b3fe4dbeb65c3711f585979'
	Deserialize:            0.063 ms
	Integration:            0.024 ms
	Integration of assets:  0.000 ms
	Thread Wait Time:       0.002 ms
	Total Operation Time:   0.089 ms
Loaded scene 'Library/Unused/6330ef55d530949cda4a6b4720ee25a2'
	Deserialize:            0.250 ms
	Integration:            3.710 ms
	Integration of assets:  0.010 ms
	Thread Wait Time:       0.002 ms
	Total Operation Time:   3.971 ms
Loaded scene 'Library/Unused/0299a46acb8254a82bc612f02c0929f0'
	Deserialize:            0.045 ms
	Integration:            0.083 ms
	Integration of assets:  0.000 ms
	Thread Wait Time:       0.002 ms
	Total Operation Time:   0.130 ms
Loaded scene 'Library/Unused/8475b0d8bb9904c8786a9223e03b23fd'
	Deserialize:            1.807 ms
	Integration:            2.703 ms
	Integration of assets:  0.019 ms
	Thread Wait Time:       0.005 ms
	Total Operation Time:   4.533 ms
Loaded scene 'Library/Unused/7b5ee930fef3543269793bccb9fce9b2'
	Deserialize:            4.860 ms
	Integration:            23.268 ms
	Integration of assets:  0.088 ms
	Thread Wait Time:       0.006 ms
	Total Operation Time:   28.221 ms
Loaded scene 'Library/Unused/6b227ac991a8f45329ff1452214c4326'
	Deserialize:            2.860 ms
	Integration:            0.031 ms
	Integration of assets:  0.299 ms
	Thread Wait Time:       0.002 ms
	Total Operation Time:   3.192 ms
Loaded scene 'Library/Unused/e0d2c901c466b46b6afc8a172607b376'
	Deserialize:            0.043 ms
	Integration:            0.031 ms
	Integration of assets:  0.000 ms
	Thread Wait Time:       0.002 ms
	Total Operation Time:   0.076 ms
Loaded scene 'Library/Unused/18e4e9ed94e7945e496d8847e40a6acc'
	Deserialize:            0.061 ms
	Integration:            0.028 ms
	Integration of assets:  0.000 ms
	Thread Wait Time:       0.002 ms
	Total Operation Time:   0.091 ms
Loaded scene 'Library/Unused/77be5438377fe4711bb9133dba65d3f6'
	Deserialize:            0.051 ms
	Integration:            0.024 ms
	Integration of assets:  0.000 ms
	Thread Wait Time:       0.002 ms
	Total Operation Time:   0.077 ms
Loaded scene 'Library/Unused/d5fa5caad381c4a60a515a4efc03f386'
	Deserialize:            0.049 ms
	Integration:            0.022 ms
	Integration of assets:  0.000 ms
	Thread Wait Time:       0.002 ms
	Total Operation Time:   0.074 ms
Loaded scene 'Library/Unused/208351f93ca1a40009340956b6a793f0'
	Deserialize:            0.050 ms
	Integration:            0.025 ms
	Integration of assets:  0.000 ms
	Thread Wait Time:       0.002 ms
	Total Operation Time:   0.077 ms
Loaded scene 'Library/Unused/a9f19d1f75e1c401e8cc207d33658222'
	Deserialize:            0.047 ms
	Integration:            0.023 ms
	Integration of assets:  0.000 ms
	Thread Wait Time:       0.002 ms
	Total Operation Time:   0.072 ms
Loaded scene 'Library/Unused/edaf25a5ff9a5464ea57173c23586508'
	Deserialize:            0.048 ms
	Integration:            0.021 ms
	Integration of assets:  0.000 ms
	Thread Wait Time:       0.002 ms
	Total Operation Time:   0.071 ms
Loaded scene 'Library/Unused/3a10fa4dbf19c449caf79b977e6900f1'
	Deserialize:            0.048 ms
	Integration:            0.026 ms
	Integration of assets:  0.000 ms
	Thread Wait Time:       0.004 ms
	Total Operation Time:   0.077 ms
Loaded scene 'Library/Unused/636b2031b2dbf4d22af01e13d45a27e9'
	Deserialize:            0.027 ms
	Integration:            0.017 ms
	Integration of assets:  0.000 ms
	Thread Wait Time:       0.002 ms
	Total Operation Time:   0.046 ms
Loaded scene 'Library/Unused/ae12c84e9f47d4225b63fe4163605895'
	Deserialize:            0.026 ms
	Integration:            0.021 ms
	Integration of assets:  0.000 ms
	Thread Wait Time:       0.002 ms
	Total Operation Time:   0.049 ms
Loaded scene 'Library/Unused/a7edba22ce5614653aa2fb07c8e16fcb'
	Deserialize:            0.025 ms
	Integration:            0.016 ms
	Integration of assets:  0.000 ms
	Thread Wait Time:       0.002 ms
	Total Operation Time:   0.043 ms
Loaded scene 'Library/Unused/769fa3764914848a9aab0a82663fa23d'
	Deserialize:            0.049 ms
	Integration:            0.023 ms
	Integration of assets:  0.000 ms
	Thread Wait Time:       0.003 ms
	Total Operation Time:   0.075 ms
Loaded scene 'Library/Unused/58d0a6ddaa2f44ceeb274108cde9617d'
	Deserialize:            0.049 ms
	Integration:            0.019 ms
	Integration of assets:  0.000 ms
	Thread Wait Time:       0.002 ms
	Total Operation Time:   0.071 ms
Loaded scene 'Library/Unused/f8d5c6a04230248d084cc58fe66d736f'
	Deserialize:            0.025 ms
	Integration:            0.018 ms
	Integration of assets:  0.000 ms
	Thread Wait Time:       0.002 ms
	Total Operation Time:   0.045 ms
Loaded scene 'Library/Unused/078a6dab1db844d5ba262c44d516146e'
	Deserialize:            0.025 ms
	Integration:            0.016 ms
	Integration of assets:  0.000 ms
	Thread Wait Time:       0.002 ms
	Total Operation Time:   0.043 ms
Loaded scene 'Library/Unused/cd4942538a34742538042b68cef1ea11'
	Deserialize:            0.025 ms
	Integration:            0.017 ms
	Integration of assets:  0.000 ms
	Thread Wait Time:       0.002 ms
	Total Operation Time:   0.044 ms
Loaded scene 'Library/Unused/8e41a1208817242c8a3bc4fa0463261e'
	Deserialize:            0.024 ms
	Integration:            0.016 ms
	Integration of assets:  0.000 ms
	Thread Wait Time:       0.002 ms
	Total Operation Time:   0.042 ms
Loaded scene 'Library/Unused/e385abff43dea48d7a91244822e2717d'
	Deserialize:            0.024 ms
	Integration:            0.017 ms
	Integration of assets:  0.000 ms
	Thread Wait Time:       0.002 ms
	Total Operation Time:   0.043 ms
Loaded scene 'Library/Unused/ceb1295fd728b40ed9bfa0be7ea94974'
	Deserialize:            0.048 ms
	Integration:            0.019 ms
	Integration of assets:  0.000 ms
	Thread Wait Time:       0.002 ms
	Total Operation Time:   0.069 ms
Loaded scene 'Library/Unused/8225167abcdd646c2957fb3645edcc6f'
	Deserialize:            0.047 ms
	Integration:            0.018 ms
	Integration of assets:  0.000 ms
	Thread Wait Time:       0.002 ms
	Total Operation Time:   0.068 ms
Loaded scene 'Library/Unused/ac11325eb73344912b1f304c492af6dd'
	Deserialize:            0.047 ms
	Integration:            0.020 ms
	Integration of assets:  0.000 ms
	Thread Wait Time:       0.002 ms
	Total Operation Time:   0.069 ms
Loaded scene 'Library/Unused/e80b3e54ec1f24dccb59fa19ff879651'
	Deserialize:            0.047 ms
	Integration:            0.022 ms
	Integration of assets:  0.000 ms
	Thread Wait Time:       0.002 ms
	Total Operation Time:   0.071 ms
Loaded scene 'Library/Unused/442aeb02a12304cc39dd15232d15a75a'
	Deserialize:            0.047 ms
	Integration:            0.018 ms
	Integration of assets:  0.000 ms
	Thread Wait Time:       0.002 ms
	Total Operation Time:   0.067 ms
Loaded scene 'Library/Unused/f7ef4b52df89d4ada85dd10fcb0c41e5'
	Deserialize:            0.048 ms
	Integration:            0.018 ms
	Integration of assets:  0.000 ms
	Thread Wait Time:       0.002 ms
	Total Operation Time:   0.068 ms
Loaded scene 'Library/Unused/9951df4578d834a43831e5e81626dd5e'
	Deserialize:            0.098 ms
	Integration:            1.106 ms
	Integration of assets:  0.000 ms
	Thread Wait Time:       0.002 ms
	Total Operation Time:   1.206 ms
Problem detected while loading the contents of the Prefab file: 'Assets/StarterAssets/FirstPersonController/Prefabs/NestedParent_Unpack.prefab'.
Check the following logs for more details.
UnityEngine.Debug:ExtractStackTraceNoAlloc (byte*,int,string)
UnityEngine.StackTraceUtility:ExtractStackTrace () (at /Users/bokken/build/output/unity/unity/Runtime/Export/Scripting/StackTrace.cs:35)
UnityEditor.PrefabUtility:LoadPrefabContentsIntoPreviewScene_Internal (string,UnityEngine.SceneManagement.Scene)
UnityEditor.PrefabUtility:LoadPrefabContents (string) (at /Users/bokken/build/output/unity/unity/Editor/Mono/Prefabs/PrefabUtility.cs:3193)
BCaTPerformanceAuditRunner:WritePrefabMeshAudit () (at Assets/Editor/BCaTPerformanceAuditRunner.cs:265)
BCaTPerformanceAuditRunner:Run () (at Assets/Editor/BCaTPerformanceAuditRunner.cs:34)

[/Users/bokken/build/output/unity/unity/Editor/Mono/Prefabs/PrefabUtility.cs line 3193]

Nested Prefab problem. Missing Nested Prefab Asset: 'UI_Canvas_StarterAssetsInputs_Joysticks (Missing Prefab with guid: 2f7f3dde7ae722a4aafffe20691ad702)'
UnityEngine.Debug:ExtractStackTraceNoAlloc (byte*,int,string)
UnityEngine.StackTraceUtility:ExtractStackTrace () (at /Users/bokken/build/output/unity/unity/Runtime/Export/Scripting/StackTrace.cs:35)
UnityEditor.PrefabUtility:LoadPrefabContentsIntoPreviewScene_Internal (string,UnityEngine.SceneManagement.Scene)
UnityEditor.PrefabUtility:LoadPrefabContents (string) (at /Users/bokken/build/output/unity/unity/Editor/Mono/Prefabs/PrefabUtility.cs:3193)
BCaTPerformanceAuditRunner:WritePrefabMeshAudit () (at Assets/Editor/BCaTPerformanceAuditRunner.cs:265)
BCaTPerformanceAuditRunner:Run () (at Assets/Editor/BCaTPerformanceAuditRunner.cs:34)

[/Users/bokken/build/output/unity/unity/Editor/Mono/Prefabs/PrefabUtility.cs line 3193]

Nested Prefab problem. Missing Nested Prefab Asset: 'PlayerFollowCamera (Missing Prefab with guid: 9c489a8547f4d9e4387da15a4ff82c81)'
UnityEngine.Debug:ExtractStackTraceNoAlloc (byte*,int,string)
UnityEngine.StackTraceUtility:ExtractStackTrace () (at /Users/bokken/build/output/unity/unity/Runtime/Export/Scripting/StackTrace.cs:35)
UnityEditor.PrefabUtility:LoadPrefabContentsIntoPreviewScene_Internal (string,UnityEngine.SceneManagement.Scene)
UnityEditor.PrefabUtility:LoadPrefabContents (string) (at /Users/bokken/build/output/unity/unity/Editor/Mono/Prefabs/PrefabUtility.cs:3193)
BCaTPerformanceAuditRunner:WritePrefabMeshAudit () (at Assets/Editor/BCaTPerformanceAuditRunner.cs:265)
BCaTPerformanceAuditRunner:Run () (at Assets/Editor/BCaTPerformanceAuditRunner.cs:34)

[/Users/bokken/build/output/unity/unity/Editor/Mono/Prefabs/PrefabUtility.cs line 3193]

Nested Prefab problem. Missing Nested Prefab Asset: 'UI_EventSystem (Missing Prefab with guid: f0271df749728104eac22c3d897fd8ce)'
UnityEngine.Debug:ExtractStackTraceNoAlloc (byte*,int,string)
UnityEngine.StackTraceUtility:ExtractStackTrace () (at /Users/bokken/build/output/unity/unity/Runtime/Export/Scripting/StackTrace.cs:35)
UnityEditor.PrefabUtility:LoadPrefabContentsIntoPreviewScene_Internal (string,UnityEngine.SceneManagement.Scene)
UnityEditor.PrefabUtility:LoadPrefabContents (string) (at /Users/bokken/build/output/unity/unity/Editor/Mono/Prefabs/PrefabUtility.cs:3193)
BCaTPerformanceAuditRunner:WritePrefabMeshAudit () (at Assets/Editor/BCaTPerformanceAuditRunner.cs:265)
BCaTPerformanceAuditRunner:Run () (at Assets/Editor/BCaTPerformanceAuditRunner.cs:34)

[/Users/bokken/build/output/unity/unity/Editor/Mono/Prefabs/PrefabUtility.cs line 3193]

Loaded scene 'Library/Unused/0126172040b3742efa207616d20374a0'
	Deserialize:            0.119 ms
	Integration:            0.874 ms
	Integration of assets:  0.000 ms
	Thread Wait Time:       0.004 ms
	Total Operation Time:   0.996 ms
Loaded scene 'Library/Unused/508065864dfe846248ac70d434435b50'
	Deserialize:            0.271 ms
	Integration:            0.032 ms
	Integration of assets:  0.000 ms
	Thread Wait Time:       0.003 ms
	Total Operation Time:   0.307 ms
Problem detected while loading the contents of the Prefab file: 'Assets/StarterAssets/Mobile/Prefabs/CanvasInputs/UI_Canvas_StarterAssetsInputs_TouchZones.prefab'.
Check the following logs for more details.
UnityEngine.Debug:ExtractStackTraceNoAlloc (byte*,int,string)
UnityEngine.StackTraceUtility:ExtractStackTrace () (at /Users/bokken/build/output/unity/unity/Runtime/Export/Scripting/StackTrace.cs:35)
UnityEditor.PrefabUtility:LoadPrefabContentsIntoPreviewScene_Internal (string,UnityEngine.SceneManagement.Scene)
UnityEditor.PrefabUtility:LoadPrefabContents (string) (at /Users/bokken/build/output/unity/unity/Editor/Mono/Prefabs/PrefabUtility.cs:3193)
BCaTPerformanceAuditRunner:WritePrefabMeshAudit () (at Assets/Editor/BCaTPerformanceAuditRunner.cs:265)
BCaTPerformanceAuditRunner:Run () (at Assets/Editor/BCaTPerformanceAuditRunner.cs:34)

[/Users/bokken/build/output/unity/unity/Editor/Mono/Prefabs/PrefabUtility.cs line 3193]

Prefab instance problem: 'UI_Virtual_Button_Jump (Missing Prefab with guid: 9e55d9b4642484f41be20c69a9b48063)'. 2 instances are missing the same Prefab Asset with guid 9e55d9b4642484f41be20c69a9b48063.
UnityEngine.Debug:ExtractStackTraceNoAlloc (byte*,int,string)
UnityEngine.StackTraceUtility:ExtractStackTrace () (at /Users/bokken/build/output/unity/unity/Runtime/Export/Scripting/StackTrace.cs:35)
UnityEditor.PrefabUtility:LoadPrefabContentsIntoPreviewScene_Internal (string,UnityEngine.SceneManagement.Scene)
UnityEditor.PrefabUtility:LoadPrefabContents (string) (at /Users/bokken/build/output/unity/unity/Editor/Mono/Prefabs/PrefabUtility.cs:3193)
BCaTPerformanceAuditRunner:WritePrefabMeshAudit () (at Assets/Editor/BCaTPerformanceAuditRunner.cs:265)
BCaTPerformanceAuditRunner:Run () (at Assets/Editor/BCaTPerformanceAuditRunner.cs:34)

[/Users/bokken/build/output/unity/unity/Editor/Mono/Prefabs/PrefabUtility.cs line 3193]

Loaded scene 'Library/Unused/28bde13cf55294552b3ee3f560250579'
	Deserialize:            0.227 ms
	Integration:            1.210 ms
	Integration of assets:  0.000 ms
	Thread Wait Time:       0.002 ms
	Total Operation Time:   1.439 ms
Loaded scene 'Library/Unused/394f20231db9e401fa219209ba5ae983'
	Deserialize:            0.132 ms
	Integration:            0.032 ms
	Integration of assets:  0.000 ms
	Thread Wait Time:       0.002 ms
	Total Operation Time:   0.166 ms
Loaded scene 'Library/Unused/f1cca1c85fa3d4a90aa71772c5d8671c'
	Deserialize:            0.061 ms
	Integration:            0.214 ms
	Integration of assets:  0.000 ms
	Thread Wait Time:       0.002 ms
	Total Operation Time:   0.278 ms
Loaded scene 'Library/Unused/4ebdc1fb40f424ce0ba75aee1fc447e8'
	Deserialize:            0.052 ms
	Integration:            0.091 ms
	Integration of assets:  0.000 ms
	Thread Wait Time:       0.002 ms
	Total Operation Time:   0.146 ms
Loaded scene 'Library/Unused/21a861bcec0e54bb19386c11cb7a787c'
	Deserialize:            0.052 ms
	Integration:            0.099 ms
	Integration of assets:  0.000 ms
	Thread Wait Time:       0.002 ms
	Total Operation Time:   0.153 ms
Loaded scene 'Library/Unused/9b5e9144df51a4d64afce32d4a868bca'
	Deserialize:            0.054 ms
	Integration:            0.113 ms
	Integration of assets:  0.000 ms
	Thread Wait Time:       0.003 ms
	Total Operation Time:   0.170 ms
Loaded scene 'Library/Unused/6b71863564a0540189062e9152cc8e1f'
	Deserialize:            0.052 ms
	Integration:            0.088 ms
	Integration of assets:  0.000 ms
	Thread Wait Time:       0.002 ms
	Total Operation Time:   0.142 ms
Loaded scene 'Library/Unused/3832bb836b36540c39ccfbcecca3b25f'
	Deserialize:            0.051 ms
	Integration:            0.110 ms
	Integration of assets:  0.000 ms
	Thread Wait Time:       0.002 ms
	Total Operation Time:   0.163 ms
Loaded scene 'Library/Unused/5f7f72f50eac14145ac18f60d243487e'
	Deserialize:            0.051 ms
	Integration:            0.088 ms
	Integration of assets:  0.000 ms
	Thread Wait Time:       0.002 ms
	Total Operation Time:   0.141 ms
Loaded scene 'Library/Unused/50714dc89c8524434b1309508e5c2f9e'
	Deserialize:            0.053 ms
	Integration:            0.093 ms
	Integration of assets:  0.000 ms
	Thread Wait Time:       0.002 ms
	Total Operation Time:   0.148 ms
Loaded scene 'Library/Unused/597a3fd8d3da34f99ab869d091ac7b1e'
	Deserialize:            0.050 ms
	Integration:            0.098 ms
	Integration of assets:  0.000 ms
	Thread Wait Time:       0.002 ms
	Total Operation Time:   0.150 ms
Loaded scene 'Library/Unused/07577d39200484f56823fbd0b87365f5'
	Deserialize:            0.050 ms
	Integration:            0.090 ms
	Integration of assets:  0.000 ms
	Thread Wait Time:       0.002 ms
	Total Operation Time:   0.142 ms
Loaded scene 'Library/Unused/bd29e51b935724c33aa712813a326fc9'
	Deserialize:            0.050 ms
	Integration:            0.091 ms
	Integration of assets:  0.000 ms
	Thread Wait Time:       0.002 ms
	Total Operation Time:   0.143 ms
Loaded scene 'Library/Unused/f06db79dbfc6148b49076f70d1c1c8e7'
	Deserialize:            0.050 ms
	Integration:            0.097 ms
	Integration of assets:  0.000 ms
	Thread Wait Time:       0.002 ms
	Total Operation Time:   0.150 ms
Loaded scene 'Library/Unused/16267a6af54dc4cd888a71e7e013445c'
	Deserialize:            0.050 ms
	Integration:            0.084 ms
	Integration of assets:  0.000 ms
	Thread Wait Time:       0.002 ms
	Total Operation Time:   0.137 ms
Loaded scene 'Library/Unused/d8ecc4c93277948d6aecca3bedff182d'
	Deserialize:            0.050 ms
	Integration:            0.087 ms
	Integration of assets:  0.000 ms
	Thread Wait Time:       0.002 ms
	Total Operation Time:   0.139 ms
Loaded scene 'Library/Unused/e71e3d7592eac475cb88e18afd9f4261'
	Deserialize:            0.051 ms
	Integration:            0.096 ms
	Integration of assets:  0.000 ms
	Thread Wait Time:       0.002 ms
	Total Operation Time:   0.149 ms
Loaded scene 'Library/Unused/4269f15e5f51e48b385d1f633eb8a738'
	Deserialize:            0.024 ms
	Integration:            0.124 ms
	Integration of assets:  0.000 ms
	Thread Wait Time:       0.002 ms
	Total Operation Time:   0.150 ms
Loaded scene 'Library/Unused/ed416974062d249d69cd476d42d05a7a'
	Deserialize:            0.023 ms
	Integration:            0.446 ms
	Integration of assets:  0.000 ms
	Thread Wait Time:       0.002 ms
	Total Operation Time:   0.471 ms
Loaded scene 'Library/Unused/35855d383e91643f794c6b0853bd1c1e'
	Deserialize:            0.025 ms
	Integration:            0.367 ms
	Integration of assets:  0.000 ms
	Thread Wait Time:       0.002 ms
	Total Operation Time:   0.395 ms
Loaded scene 'Library/Unused/62621294274514565959307d220fed5d'
	Deserialize:            0.026 ms
	Integration:            0.125 ms
	Integration of assets:  0.000 ms
	Thread Wait Time:       0.002 ms
	Total Operation Time:   0.153 ms
Loaded scene 'Library/Unused/87f5ff3556e9a448a99f2012345b979f'
	Deserialize:            0.023 ms
	Integration:            0.117 ms
	Integration of assets:  0.000 ms
	Thread Wait Time:       0.002 ms
	Total Operation Time:   0.142 ms
Loaded scene 'Library/Unused/b57bcae6c53a242b3820acf8dcac0765'
	Deserialize:            0.023 ms
	Integration:            0.075 ms
	Integration of assets:  0.000 ms
	Thread Wait Time:       0.002 ms
	Total Operation Time:   0.100 ms
Loaded scene 'Library/Unused/ed74f8dfdf50f4185bba29c8f216147e'
	Deserialize:            0.023 ms
	Integration:            0.089 ms
	Integration of assets:  0.000 ms
	Thread Wait Time:       0.002 ms
	Total Operation Time:   0.114 ms
Loaded scene 'Library/Unused/cf04f682ecc594ce6ad7d09704bcb0a7'
	Deserialize:            0.084 ms
	Integration:            0.251 ms
	Integration of assets:  0.000 ms
	Thread Wait Time:       0.004 ms
	Total Operation Time:   0.340 ms
Loaded scene 'Library/Unused/0f5111689e35f4b96881ae3603104504'
	Deserialize:            0.043 ms
	Integration:            0.222 ms
	Integration of assets:  0.000 ms
	Thread Wait Time:       0.002 ms
	Total Operation Time:   0.268 ms
Loaded scene 'Library/Unused/026d708118934408fa7cefa586cc20fb'
	Deserialize:            0.036 ms
	Integration:            0.104 ms
	Integration of assets:  0.000 ms
	Thread Wait Time:       0.002 ms
	Total Operation Time:   0.143 ms
Loaded scene 'Library/Unused/ffdcb9320c48940b8af9609200f6f7c1'
	Deserialize:            0.102 ms
	Integration:            0.281 ms
	Integration of assets:  0.000 ms
	Thread Wait Time:       0.003 ms
	Total Operation Time:   0.386 ms
Loaded scene 'Library/Unused/3aa1ebd9944c94c50bd54a03b81ae98a'
	Deserialize:            0.118 ms
	Integration:            0.320 ms
	Integration of assets:  0.000 ms
	Thread Wait Time:       0.002 ms
	Total Operation Time:   0.441 ms
Loaded scene 'Library/Unused/954829af1eb074f4cb5201abae48d60d'
	Deserialize:            0.072 ms
	Integration:            0.133 ms
	Integration of assets:  0.000 ms
	Thread Wait Time:       0.002 ms
	Total Operation Time:   0.208 ms
Loaded scene 'Library/Unused/70b80e3affb0a4f40b48a22914c84170'
	Deserialize:            0.199 ms
	Integration:            4.497 ms
	Integration of assets:  0.000 ms
	Thread Wait Time:       0.002 ms
	Total Operation Time:   4.698 ms
Loaded scene 'Library/Unused/aaf9c72e7a88c40e892b1bfd90fafc22'
	Deserialize:            20.834 ms
	Integration:            0.072 ms
	Integration of assets:  1.153 ms
	Thread Wait Time:       0.003 ms
	Total Operation Time:   22.062 ms
Loaded scene 'Library/Unused/1d21c082f04ec44ce8afee639739a20b'
	Deserialize:            0.521 ms
	Integration:            0.148 ms
	Integration of assets:  0.009 ms
	Thread Wait Time:       0.004 ms
	Total Operation Time:   0.682 ms
Loaded scene 'Library/Unused/4ae27e805b3f54e35a7f5f363074cee5'
	Deserialize:            3.069 ms
	Integration:            0.422 ms
	Integration of assets:  0.000 ms
	Thread Wait Time:       0.004 ms
	Total Operation Time:   3.496 ms
Loaded scene 'Library/Unused/fec94253ed9a74720bc7749112c93686'
	Deserialize:            0.098 ms
	Integration:            0.065 ms
	Integration of assets:  0.000 ms
	Thread Wait Time:       0.002 ms
	Total Operation Time:   0.165 ms
Loaded scene 'Library/Unused/5d564c4dd9a5d4ff89445a6935e2471c'
	Deserialize:            0.426 ms
	Integration:            0.101 ms
	Integration of assets:  0.000 ms
	Thread Wait Time:       0.003 ms
	Total Operation Time:   0.531 ms
Loaded scene 'Library/Unused/b36c1fc3efeb04e1c9dc7608f5ac2a1f'
	Deserialize:            0.156 ms
	Integration:            0.058 ms
	Integration of assets:  0.000 ms
	Thread Wait Time:       0.002 ms
	Total Operation Time:   0.216 ms
Loaded scene 'Library/Unused/9934f3df990e5422ab6688647165e729'
	Deserialize:            0.071 ms
	Integration:            0.033 ms
	Integration of assets:  0.000 ms
	Thread Wait Time:       0.002 ms
	Total Operation Time:   0.106 ms
Loaded scene 'Library/Unused/23590060205844805a006503ab1ae44f'
	Deserialize:            0.212 ms
	Integration:            0.062 ms
	Integration of assets:  0.000 ms
	Thread Wait Time:       0.003 ms
	Total Operation Time:   0.276 ms
Loaded scene 'Library/Unused/3542c51a48a61499193040e976f672e6'
	Deserialize:            0.152 ms
	Integration:            0.046 ms
	Integration of assets:  0.000 ms
	Thread Wait Time:       0.002 ms
	Total Operation Time:   0.199 ms
Loaded scene 'Library/Unused/86df38b64801b46a2afc87b4bf25c8ee'
	Deserialize:            0.098 ms
	Integration:            0.056 ms
	Integration of assets:  0.000 ms
	Thread Wait Time:       0.002 ms
	Total Operation Time:   0.156 ms
Loaded scene 'Library/Unused/15467485222824ee7958ebb7f6534535'
	Deserialize:            2.811 ms
	Integration:            0.281 ms
	Integration of assets:  0.000 ms
	Thread Wait Time:       0.003 ms
	Total Operation Time:   3.096 ms
Loaded scene 'Library/Unused/2f9580fd370ea498a98160c4b6768d2c'
	Deserialize:            0.062 ms
	Integration:            0.038 ms
	Integration of assets:  0.000 ms
	Thread Wait Time:       0.002 ms
	Total Operation Time:   0.101 ms
Loaded scene 'Library/Unused/33d1d235dbdb14eaf80e427a798b7bf5'
	Deserialize:            0.222 ms
	Integration:            0.070 ms
	Integration of assets:  0.000 ms
	Thread Wait Time:       0.002 ms
	Total Operation Time:   0.294 ms
Loaded scene 'Library/Unused/46fe9570b0f5a4c49b12644f31038512'
	Deserialize:            0.079 ms
	Integration:            0.037 ms
	Integration of assets:  0.000 ms
	Thread Wait Time:       0.003 ms
	Total Operation Time:   0.120 ms
Loaded scene 'Library/Unused/6522125fde3cf491f8b46f7d56d406f5'
	Deserialize:            0.066 ms
	Integration:            0.033 ms
	Integration of assets:  0.000 ms
	Thread Wait Time:       0.002 ms
	Total Operation Time:   0.101 ms
Loaded scene 'Library/Unused/f8485eb90c3ed454a832fbd9a4070b21'
	Deserialize:            0.150 ms
	Integration:            0.055 ms
	Integration of assets:  0.000 ms
	Thread Wait Time:       0.002 ms
	Total Operation Time:   0.207 ms
Loaded scene 'Library/Unused/61ed467565e86451dae3c0b0ce60099e'
	Deserialize:            0.144 ms
	Integration:            0.045 ms
	Integration of assets:  0.000 ms
	Thread Wait Time:       0.002 ms
	Total Operation Time:   0.191 ms
Loaded scene 'Library/Unused/386107c847aef4da886ed59ee8debeb7'
	Deserialize:            0.498 ms
	Integration:            0.232 ms
	Integration of assets:  0.000 ms
	Thread Wait Time:       0.004 ms
	Total Operation Time:   0.735 ms
Loaded scene 'Library/Unused/9f854ff872ac646ff8708fb7514edb8d'
	Deserialize:            0.096 ms
	Integration:            0.050 ms
	Integration of assets:  0.000 ms
	Thread Wait Time:       0.002 ms
	Total Operation Time:   0.149 ms
Loaded scene 'Library/Unused/aaf9ea4627e64471eb8adecf2b6a0e07'
	Deserialize:            0.156 ms
	Integration:            0.054 ms
	Integration of assets:  0.000 ms
	Thread Wait Time:       0.004 ms
	Total Operation Time:   0.214 ms
Loaded scene 'Library/Unused/04e587f456d1f440d8706ec6edfa6e67'
	Deserialize:            0.108 ms
	Integration:            0.168 ms
	Integration of assets:  0.000 ms
	Thread Wait Time:       0.003 ms
	Total Operation Time:   0.279 ms
Loaded scene 'Library/Unused/9724ebdc321a94b848a298c2673c7ee5'
	Deserialize:            0.113 ms
	Integration:            0.040 ms
	Integration of assets:  0.000 ms
	Thread Wait Time:       0.002 ms
	Total Operation Time:   0.156 ms
Loaded scene 'Library/Unused/e134074ac714143c0a00cbd7e2c3c0be'
	Deserialize:            0.218 ms
	Integration:            0.059 ms
	Integration of assets:  0.000 ms
	Thread Wait Time:       0.002 ms
	Total Operation Time:   0.279 ms
Loaded scene 'Library/Unused/3e1bd0d20ad8949ac86dc8117cbd6af6'
	Deserialize:            0.074 ms
	Integration:            0.032 ms
	Integration of assets:  0.000 ms
	Thread Wait Time:       0.002 ms
	Total Operation Time:   0.108 ms
Loaded scene 'Library/Unused/60f2253a0e7474c8680a4384e8feba71'
	Deserialize:            0.061 ms
	Integration:            0.030 ms
	Integration of assets:  0.000 ms
	Thread Wait Time:       0.004 ms
	Total Operation Time:   0.094 ms
Loaded scene 'Library/Unused/3b6fff4ed918e474f9780a6b989976b8'
	Deserialize:            0.065 ms
	Integration:            0.030 ms
	Integration of assets:  0.000 ms
	Thread Wait Time:       0.002 ms
	Total Operation Time:   0.097 ms
Loaded scene 'Library/Unused/07cd6dd0b59a44d1986730548bb691b7'
	Deserialize:            0.047 ms
	Integration:            0.023 ms
	Integration of assets:  0.000 ms
	Thread Wait Time:       0.002 ms
	Total Operation Time:   0.073 ms
Loaded scene 'Library/Unused/c34df73d89750499aab4b066d950dc97'
	Deserialize:            0.265 ms
	Integration:            0.052 ms
	Integration of assets:  0.000 ms
	Thread Wait Time:       0.002 ms
	Total Operation Time:   0.319 ms
Loaded scene 'Library/Unused/5dec72d47f996477d908c3047a8e348d'
	Deserialize:            0.308 ms
	Integration:            0.058 ms
	Integration of assets:  0.000 ms
	Thread Wait Time:       0.002 ms
	Total Operation Time:   0.368 ms
Loaded scene 'Library/Unused/543ae7a50461f44cfaac1b9cb26ad8d6'
	Deserialize:            0.360 ms
	Integration:            0.064 ms
	Integration of assets:  0.000 ms
	Thread Wait Time:       0.008 ms
	Total Operation Time:   0.433 ms
Loaded scene 'Library/Unused/c7babbc25c27a47bbb7f410575ed1f57'
	Deserialize:            0.139 ms
	Integration:            0.013 ms
	Integration of assets:  0.000 ms
	Thread Wait Time:       0.002 ms
	Total Operation Time:   0.153 ms
Loaded scene 'Library/Unused/89559975f0a584a56804219bd1d61879'
	Deserialize:            0.090 ms
	Integration:            0.033 ms
	Integration of assets:  0.000 ms
	Thread Wait Time:       0.002 ms
	Total Operation Time:   0.125 ms
Loaded scene 'Library/Unused/709f7dcc5b2c346968c2710d3a9debde'
	Deserialize:            0.245 ms
	Integration:            0.200 ms
	Integration of assets:  0.000 ms
	Thread Wait Time:       0.002 ms
	Total Operation Time:   0.447 ms
MaterialLocation.External is obsolete. External Material Location is no longer supported. (Assets/DevDen Arch Viz Scotland/Models/Balcony/balcony_ chair.fbx)
MaterialLocation.External is obsolete. External Material Location is no longer supported. (Assets/DevDen Arch Viz Scotland/Models/Bathroom/Mirror02_1.FBX)
MaterialLocation.External is obsolete. External Material Location is no longer supported. (Assets/DevDen Arch Viz Scotland/Models/Bed Room/VaseFloor02_1.FBX)
MaterialLocation.External is obsolete. External Material Location is no longer supported. (Assets/DevDen Arch Viz Scotland/Models/Common/airconditioner.FBX)
MaterialLocation.External is obsolete. External Material Location is no longer supported. (Assets/DevDen Arch Viz Scotland/Models/Common/magazine.FBX)
MaterialLocation.External is obsolete. External Material Location is no longer supported. (Assets/DevDen Arch Viz Scotland/Models/Common/magazine1.FBX)
MaterialLocation.External is obsolete. External Material Location is no longer supported. (Assets/DevDen Arch Viz Scotland/Models/Kitchen Room/chopping-board.fbx)
MaterialLocation.External is obsolete. External Material Location is no longer supported. (Assets/DevDen Arch Viz Scotland/Models/Kitchen Room/coffeemachine.FBX)
MaterialLocation.External is obsolete. External Material Location is no longer supported. (Assets/DevDen Arch Viz Scotland/Models/Kitchen Room/dish-rack.fbx)
MaterialLocation.External is obsolete. External Material Location is no longer supported. (Assets/DevDen Arch Viz Scotland/Models/Kitchen Room/knife-block.fbx)
MaterialLocation.External is obsolete. External Material Location is no longer supported. (Assets/DevDen Arch Viz Scotland/Models/Kitchen Room/knife1.fbx)
MaterialLocation.External is obsolete. External Material Location is no longer supported. (Assets/DevDen Arch Viz Scotland/Models/Kitchen Room/knife2.fbx)
MaterialLocation.External is obsolete. External Material Location is no longer supported. (Assets/DevDen Arch Viz Scotland/Models/Kitchen Room/mug-tree.fbx)
MaterialLocation.External is obsolete. External Material Location is no longer supported. (Assets/DevDen Arch Viz Scotland/Models/Living Room/chair_5.FBX)
MaterialLocation.External is obsolete. External Material Location is no longer supported. (Assets/DevDen Arch Viz Scotland/Models/Living Room/RemoteControl.FBX)
MaterialLocation.External is obsolete. External Material Location is no longer supported. (Assets/DevDen Arch Viz Scotland/Models/Living Room/TV.FBX)
MaterialLocation.External is obsolete. External Material Location is no longer supported. (Assets/DevDen Arch Viz Scotland/Models/Living Room/TV_Panels.FBX)
MaterialLocation.External is obsolete. External Material Location is no longer supported. (Assets/DevDen Arch Viz Scotland/Models/Living Room/TV_Shelf.FBX)
MaterialLocation.External is obsolete. External Material Location is no longer supported. (Assets/DevDen Arch Viz Scotland/Models/Study Room/LightTable06_1.FBX)
MaterialLocation.External is obsolete. External Material Location is no longer supported. (Assets/DevDen Arch Viz Scotland/Models/Study Room/Picture01_3.FBX)
MaterialLocation.External is obsolete. External Material Location is no longer supported. (Assets/DevDen Arch Viz Scotland/Models/Study Room/Rug_Square_3.obj)
Asset Pipeline Refresh (id=a4bb1ef72539a4103bb569b65921cc2f): Total: 0.172 seconds - Initiated by RefreshV2(NoUpdateAssetOptions)
[00:00:01] Builtin Sky manager took 1.728489 seconds. Cancelled, so not done yet.
Thread 0x35af4f000 may have been prematurely finalized
Killing ADB server in 0.07281 seconds.
Thread 0x17f107000 may have been prematurely finalized
Input System module state changed to: ShutdownInProgress.
Input Polling Thread exited.
Input System module state changed to: Shutdown.
[Physics::Module] Cleanup current backend.
[Physics::Module] Id: 0xf2b8ea05
[Licensing::IpcConnector] LicenseClient-terrence-6000.4.5-notifications channel disconnected successfully.
[Licensing::IpcConnector] LicenseClient-terrence-6000.4.5 channel disconnected successfully.
Thread 0x16dcbf000 may have been prematurely finalized
Thread 0x16dd4b000 may have been prematurely finalized
Thread 0x16ddd7000 may have been prematurely finalized
Thread 0x16de63000 may have been prematurely finalized
Thread 0x16deef000 may have been prematurely finalized
Thread 0x16df7b000 may have been prematurely finalized
Thread 0x16e007000 may have been prematurely finalized
Thread 0x16e093000 may have been prematurely finalized
Thread 0x16e11f000 may have been prematurely finalized
AcceleratorClientConnectionCallback - disconnected - :0
Cleanup mono
CodeReloadManager destroyed
info: Microsoft.Hosting.Lifetime[0]
      Application is shutting down...
info: Unity.ILPP.Runner.PostProcessingAssemblyLoadContext[0]
      ALC ILPP context 1 is unloading
debugger-agent: Unable to listen on 44
