Unity Editor version:    6000.4.5f1 (cc83ebd631f8)
Branch:                  6000.4/staging
Build type:              Release
Batch mode:              YES
macOS version:           Version 26.5.2 (Build 25F84)
Darwin version:          25.5.0
Architecture:            arm64
Running under Rosetta:   NO
Available memory:        16384 MB
Date:                    2026-07-29T01:00:34Z
[Licensing::Module] Trying to connect to existing licensing client channel...
[Licensing::IpcConnector] Channel LicenseClient-terrence doesn't exist
Launching external process: /Applications/Unity/Hub/Editor/6000.4.5f1/Unity.app/Contents/Helpers/UnityLicensingClient.app/Contents/MacOS/Unity.Licensing.Client
[Licensing::Module] Successfully launched the LicensingClient (PId: 57730)
Launching external process: /Applications/Unity/Hub/Editor/6000.4.5f1/Unity.app/Contents/Helpers/PackageManager/Server/UnityPackageManager

COMMAND LINE ARGUMENTS:
/Applications/Unity/Hub/Editor/6000.4.5f1/Unity.app/Contents/MacOS/Unity
-batchmode
-nographics
-projectPath
/Volumes/T9(Samsung)/UnityProjects/BCAT_6000_4_TEST
-executeMethod
BCAT.OptimizationPass.FullOptimizationPassTool.RunFullPass
-logFile
/Volumes/T9(Samsung)/UnityProjects/BCAT_6000_4_TEST/PerformanceAudit/FullOptimizationPass/unity_full_pass.log
Successfully changed project path to: /Volumes/T9(Samsung)/UnityProjects/BCAT_6000_4_TEST
/Volumes/T9(Samsung)/UnityProjects/BCAT_6000_4_TEST
[UnityMemory] Configuration Parameters - Can be set up in boot.config
    "memorysetup-temp-allocator-size-gi-baking-worker=262144"
    "memorysetup-temp-allocator-size-gi-baking-worker=262144"
    "memorysetup-temp-allocator-size-gi-baking-worker=262144"
    "memorysetup-temp-allocator-size-gi-baking-worker=262144"
    "memorysetup-temp-allocator-size-gi-baking-worker=262144"
    "memorysetup-temp-allocator-size-nav-mesh-worker=65536"
    "memorysetup-temp-allocator-size-audio-worker=65536"
    "memorysetup-temp-allocator-size-cloud-worker=32768"
    "memorysetup-allocator-temp-initial-block-size-main=262144"
    "memorysetup-allocator-temp-initial-block-size-worker=262144"
    "memorysetup-temp-allocator-size-background-worker=32768"
    "memorysetup-temp-allocator-size-job-worker=262144"
    "memorysetup-temp-allocator-size-preload-manager=33554432"
    "memorysetup-temp-allocator-size-gfx=262144"
    "memorysetup-bucket-allocator-granularity=16"
    "memorysetup-bucket-allocator-bucket-count=8"
    "memorysetup-bucket-allocator-block-size=33554432"
    "memorysetup-bucket-allocator-block-count=8"
    "memorysetup-main-allocator-block-size=16777216"
    "memorysetup-thread-allocator-block-size=16777216"
    "memorysetup-gfx-main-allocator-block-size=16777216"
    "memorysetup-gfx-thread-allocator-block-size=16777216"
    "memorysetup-cache-allocator-block-size=4194304"
    "memorysetup-typetree-allocator-block-size=2097152"
    "memorysetup-profiler-bucket-allocator-granularity=16"
    "memorysetup-profiler-bucket-allocator-bucket-count=8"
    "memorysetup-profiler-bucket-allocator-block-size=33554432"
    "memorysetup-profiler-bucket-allocator-block-count=8"
    "memorysetup-profiler-allocator-block-size=16777216"
    "memorysetup-profiler-editor-allocator-block-size=1048576"
    "memorysetup-temp-allocator-size-main=16777216"
    "memorysetup-job-temp-allocator-block-size=2097152"
    "memorysetup-job-temp-allocator-block-size-background=1048576"
    "memorysetup-job-temp-allocator-reduction-small-platforms=262144"
Player connection [8384060800]  Target information:

Player connection [8384060800]  * "[IP] 10.0.0.162 [Port] 55504 [Flags] 2 [Guid] 947172184 [EditorId] 947172184 [Version] 1048832 [Id] OSXEditor(0,Terrences-MacBook-Air.local) [Debug] 1 [PackageName] OSXEditor [ProjectName] Editor" 

Player connection [8384060800]  * "[IP] 10.2.0.2 [Port] 55504 [Flags] 2 [Guid] 947172184 [EditorId] 947172184 [Version] 1048832 [Id] OSXEditor(0,Terrences-MacBook-Air.local) [Debug] 1 [PackageName] OSXEditor [ProjectName] Editor" 

Player connection [8384060800] Host joined multi-casting on [225.0.0.222:54997]...
Player connection [8384060800] Host joined alternative multi-casting on [225.0.0.222:34997]...
Input System module state changed to: Initialized.
[Physics::Module] Initialized fallback backend.
[Physics::Module] Id: 0xdecafbad
[Licensing::IpcConnector] Successfully connected to: "LicenseClient-terrence" at "2026-07-29T01:00:34.123463Z"
[Package Manager] Connected to IPC stream "Upm-57729" after 0.1 seconds.
[Licensing::Module] Licensing is not yet initialized.
[Licensing::Client] Handshaking with LicensingClient:
  Version:                 1.18.1+9fbee8e
  Session Id:              12b95d8a5de447f79f634d116c4b9918
  Correlation Id:          74eb65e561a3614803b6018be3a62e69
  External correlation Id: 2002032780595478333
  Machine Id:              1bOvOg2fwccX7xgA5fklJMGtjf8=
[Licensing::Module] Successfully connected to LicensingClient on channel: "LicenseClient-terrence" (connect: 0.11s, validation: 0.01s, handshake: 0.19s)
[Licensing::IpcConnector] Successfully connected to: "LicenseClient-terrence-notifications" at "2026-07-29T01:00:34.322488Z"
[Licensing::Module] Connected to LicensingClient (PId: 57730, launch time: 0.00, total connection time: 0.31s)
[Licensing::Module] Error: Access token is unavailable; failed to update
[Licensing::Client] Successfully resolved entitlement details
[Licensing::Module] License group:
  Id: 20067546315208-UnityPersXXXX
  Product: Unity Personal
  Type: Assigned
  Expiration: Unlimited
[Licensing::Client] Successfully updated license, isAsync: True, time: 0.00
[Licensing::Client] Successfully resolved entitlement details
[Licensing::Module] Licensing Background thread has ended after 0.32s
[Licensing::Module] Licensing is initialized (took 0.12s).
[Licensing::Client] Successfully resolved entitlement details
Library Redirect Path: Library/
[Physics::Module] Selected backend.
[Physics::Module] Name: PhysX
[Physics::Module] Id: 0xf2b8ea05
[Physics::Module] SDK Version: 4.1.2
[Physics::Module] Integration Version: 1.0.0
[Physics::Module] Threading Mode: Multi-Threaded
Artifact Garbage Collection - Removed 1 unused hashed content files
Initialize engine version: 6000.4.5f1 (cc83ebd631f8)
[Subsystems] Discovering subsystems at path /Applications/Unity/Hub/Editor/6000.4.5f1/Unity.app/Contents/Resources/UnitySubsystems
[Subsystems] Discovering subsystems at path /Volumes/T9(Samsung)/UnityProjects/BCAT_6000_4_TEST/Assets
Forcing GfxDevice: Null
GfxDevice: creating device client; kGfxThreadingModeNonThreaded
NullGfxDevice:
    Version:  NULL 1.0 [1.0]
    Renderer: Null Device
    Vendor:   Unity Technologies
Initialize mono
Mono path[0] = '/Applications/Unity/Hub/Editor/6000.4.5f1/Unity.app/Contents/Resources/Scripting/Managed'
Mono path[1] = '/Applications/Unity/Hub/Editor/6000.4.5f1/Unity.app/Contents/Resources/Scripting/MonoBleedingEdge/lib/mono/unityjit-macos'
Mono config path = '/Applications/Unity/Hub/Editor/6000.4.5f1/Unity.app/Contents/Resources/Scripting/MonoBleedingEdge/etc'
Using monoOptions --debugger-agent=transport=dt_socket,embedding=1,server=y,suspend=n,address=127.0.0.1:56729
CodeReloadManager initialized
Using cacheserver namespaces - metadata:defaultmetadata, artifacts:defaultartifacts
Using cacheserver namespaces - metadata:defaultmetadata, artifacts:defaultartifacts
ImportWorker Server TCP listen port: 0
AcceleratorClientConnectionCallback - disconnected - :0
Begin MonoManager ReloadAssembly
Registering precompiled unity dll's ...
Register platform support module: /Applications/Unity/Hub/Editor/6000.4.5f1/PlaybackEngines/WebGLSupport/UnityEditor.WebGL.Extensions.dll
Register platform support module: /Applications/Unity/Hub/Editor/6000.4.5f1/Unity.app/Contents/PlaybackEngines/MacStandaloneSupport/UnityEditor.OSXStandalone.Extensions.dll
[Licensing::Client] Successfully resolved entitlement details
Register platform support module: /Applications/Unity/Hub/Editor/6000.4.5f1/PlaybackEngines/AndroidPlayer/UnityEditor.Android.Extensions.dll
Registered in 0.001260 seconds.
Native extension for Android target not found
Native extension for OSXStandalone target not found
Native extension for WebGL target not found
Package Manager log level set to [2]
ScheduleIndexationOnStartup MainProcess:False IndexOnStartup:True
Mono: successfully reloaded assembly
- Finished resetting the current domain, in  0.192 seconds
Domain Reload Profiling: 396ms
	BeginReloadAssembly (56ms)
		CreateAndSetChildDomain (16ms)
	RebuildCommonClasses (17ms)
	RebuildNativeTypeToScriptingClass (7ms)
	initialDomainReloadingComplete (23ms)
	LoadAllAssembliesAndSetupDomain (99ms)
		LoadAssemblies (41ms)
		AnalyzeDomain (94ms)
			TypeCache.Refresh (93ms)
				TypeCache.ScanAssembly (86ms)
	FinalizeReload (193ms)
		SetupLoadedEditorAssemblies (0ms)
			InitializePlatformSupportModulesInManaged (23ms)
			BeforeProcessingInitializeOnLoad (38ms)
			ProcessInitializeOnLoadAttributes (55ms)
			ProcessInitializeOnLoadMethodAttributes (45ms)
[Licensing::Client] Successfully resolved entitlement details
Application.AssetDatabase Initial Refresh Start
[Package Manager] Restoring resolved packages state from cache
[Licensing::Client] Successfully resolved entitlement details
[Package Manager] Registered 82 packages:
  Packages from [https://packages.unity.com]:
    com.unity.addressables@2.9.1 (location: /Volumes/T9(Samsung)/UnityProjects/BCAT_6000_4_TEST/Library/PackageCache/com.unity.addressables@8460f1c9c927)
    com.unity.ai.navigation@2.0.12 (location: /Volumes/T9(Samsung)/UnityProjects/BCAT_6000_4_TEST/Library/PackageCache/com.unity.ai.navigation@734c2c4c5591)
    com.unity.burst@1.8.29 (location: /Volumes/T9(Samsung)/UnityProjects/BCAT_6000_4_TEST/Library/PackageCache/com.unity.burst@6bb9aca3ef38)
    com.unity.cinemachine@3.1.6 (location: /Volumes/T9(Samsung)/UnityProjects/BCAT_6000_4_TEST/Library/PackageCache/com.unity.cinemachine@285f38545487)
    com.unity.collab-proxy@2.12.4 (location: /Volumes/T9(Samsung)/UnityProjects/BCAT_6000_4_TEST/Library/PackageCache/com.unity.collab-proxy@0b1559bcd34e)
    com.unity.connect.share@4.2.4 (location: /Volumes/T9(Samsung)/UnityProjects/BCAT_6000_4_TEST/Library/PackageCache/com.unity.connect.share@26544eac5181)
    com.unity.ide.rider@3.0.39 (location: /Volumes/T9(Samsung)/UnityProjects/BCAT_6000_4_TEST/Library/PackageCache/com.unity.ide.rider@4504839d03f7)
    com.unity.ide.visualstudio@2.0.27 (location: /Volumes/T9(Samsung)/UnityProjects/BCAT_6000_4_TEST/Library/PackageCache/com.unity.ide.visualstudio@dc1ddd4f09b6)
    com.unity.ide.vscode@1.2.5 (location: /Volumes/T9(Samsung)/UnityProjects/BCAT_6000_4_TEST/Library/PackageCache/com.unity.ide.vscode@82e68656b7bd)
    com.unity.inputsystem@1.19.0 (location: /Volumes/T9(Samsung)/UnityProjects/BCAT_6000_4_TEST/Library/PackageCache/com.unity.inputsystem@21a28c3a6c83)
    com.unity.mathematics@1.3.3 (location: /Volumes/T9(Samsung)/UnityProjects/BCAT_6000_4_TEST/Library/PackageCache/com.unity.mathematics@19a9377c4ffa)
    com.unity.nuget.mono-cecil@1.11.6 (location: /Volumes/T9(Samsung)/UnityProjects/BCAT_6000_4_TEST/Library/PackageCache/com.unity.nuget.mono-cecil@ecb9724e46ff)
    com.unity.package-validation-suite@0.22.0-preview (location: /Volumes/T9(Samsung)/UnityProjects/BCAT_6000_4_TEST/Library/PackageCache/com.unity.package-validation-suite@536239bd7458)
    com.unity.probuilder@6.0.9 (location: /Volumes/T9(Samsung)/UnityProjects/BCAT_6000_4_TEST/Library/PackageCache/com.unity.probuilder@1f279ab829b7)
    com.unity.searcher@4.9.4 (location: /Volumes/T9(Samsung)/UnityProjects/BCAT_6000_4_TEST/Library/PackageCache/com.unity.searcher@d45a78918735)
    com.unity.splines@2.8.4 (location: /Volumes/T9(Samsung)/UnityProjects/BCAT_6000_4_TEST/Library/PackageCache/com.unity.splines@9b00833aca09)
    com.unity.test-framework.performance@3.4.0 (location: /Volumes/T9(Samsung)/UnityProjects/BCAT_6000_4_TEST/Library/PackageCache/com.unity.test-framework.performance@aa81a99c4a75)
    com.unity.timeline@1.8.12 (location: /Volumes/T9(Samsung)/UnityProjects/BCAT_6000_4_TEST/Library/PackageCache/com.unity.timeline@8cd8509afae5)
    com.unity.visualscripting@1.9.11 (location: /Volumes/T9(Samsung)/UnityProjects/BCAT_6000_4_TEST/Library/PackageCache/com.unity.visualscripting@8bed5ad90189)
    com.unity.xr.interaction.toolkit@3.4.1 (location: /Volumes/T9(Samsung)/UnityProjects/BCAT_6000_4_TEST/Library/PackageCache/com.unity.xr.interaction.toolkit@4612b35e2aac)
    com.unity.xr.openxr@1.16.1 (location: /Volumes/T9(Samsung)/UnityProjects/BCAT_6000_4_TEST/Library/PackageCache/com.unity.xr.openxr@ef0033a586bf)
    com.unity.nuget.newtonsoft-json@3.2.2 (location: /Volumes/T9(Samsung)/UnityProjects/BCAT_6000_4_TEST/Library/PackageCache/com.unity.nuget.newtonsoft-json@4dfd81071c64)
    com.unity.xr.core-utils@2.6.0 (location: /Volumes/T9(Samsung)/UnityProjects/BCAT_6000_4_TEST/Library/PackageCache/com.unity.xr.core-utils@a8b900321199)
    com.unity.xr.management@4.5.2 (location: /Volumes/T9(Samsung)/UnityProjects/BCAT_6000_4_TEST/Library/PackageCache/com.unity.xr.management@f589c7ba49ff)
    com.unity.xr.legacyinputhelpers@3.0.1 (location: /Volumes/T9(Samsung)/UnityProjects/BCAT_6000_4_TEST/Library/PackageCache/com.unity.xr.legacyinputhelpers@3f62d634f63b)
    com.unity.settings-manager@2.1.1 (location: /Volumes/T9(Samsung)/UnityProjects/BCAT_6000_4_TEST/Library/PackageCache/com.unity.settings-manager@0b8638c5ce86)
    com.unity.editorcoroutines@1.1.0 (location: /Volumes/T9(Samsung)/UnityProjects/BCAT_6000_4_TEST/Library/PackageCache/com.unity.editorcoroutines@87a15ed012c2)
    com.unity.performance.profile-analyzer@1.3.4 (location: /Volumes/T9(Samsung)/UnityProjects/BCAT_6000_4_TEST/Library/PackageCache/com.unity.performance.profile-analyzer@418130329099)
    com.unity.testtools.codecoverage@1.3.0 (location: /Volumes/T9(Samsung)/UnityProjects/BCAT_6000_4_TEST/Library/PackageCache/com.unity.testtools.codecoverage@19a841221620)
    com.unity.profiling.core@1.0.3 (location: /Volumes/T9(Samsung)/UnityProjects/BCAT_6000_4_TEST/Library/PackageCache/com.unity.profiling.core@8a49f7027d06)
    com.unity.scriptablebuildpipeline@2.6.1 (location: /Volumes/T9(Samsung)/UnityProjects/BCAT_6000_4_TEST/Library/PackageCache/com.unity.scriptablebuildpipeline@36e3b5898ee2)
  Built-in packages:
    com.unity.2d.sprite@1.0.0 (location: /Volumes/T9(Samsung)/UnityProjects/BCAT_6000_4_TEST/Library/PackageCache/com.unity.2d.sprite@929df5adbb1f)
    com.unity.collections@6.4.0 (location: /Volumes/T9(Samsung)/UnityProjects/BCAT_6000_4_TEST/Library/PackageCache/com.unity.collections@9c2353fb96f6)
    com.unity.ext.nunit@2.0.5 (location: /Volumes/T9(Samsung)/UnityProjects/BCAT_6000_4_TEST/Library/PackageCache/com.unity.ext.nunit@d8c07649098d)
    com.unity.feature.development@1.0.2 (location: /Volumes/T9(Samsung)/UnityProjects/BCAT_6000_4_TEST/Library/PackageCache/com.unity.feature.development@767aadbc6eb7)
    com.unity.multiplayer.center@1.0.1 (location: /Volumes/T9(Samsung)/UnityProjects/BCAT_6000_4_TEST/Library/PackageCache/com.unity.multiplayer.center@f01f4ba8d00a)
    com.unity.render-pipelines.core@17.4.0 (location: /Volumes/T9(Samsung)/UnityProjects/BCAT_6000_4_TEST/Library/PackageCache/com.unity.render-pipelines.core@2269be549234)
    com.unity.render-pipelines.high-definition@17.4.0 (location: /Volumes/T9(Samsung)/UnityProjects/BCAT_6000_4_TEST/Library/PackageCache/com.unity.render-pipelines.high-definition@78906f9b8726)
    com.unity.render-pipelines.universal@17.4.0 (location: /Volumes/T9(Samsung)/UnityProjects/BCAT_6000_4_TEST/Library/PackageCache/com.unity.render-pipelines.universal@4d008a28541a)
    com.unity.shadergraph@17.4.0 (location: /Volumes/T9(Samsung)/UnityProjects/BCAT_6000_4_TEST/Library/PackageCache/com.unity.shadergraph@cd28a7c13031)
    com.unity.test-framework@1.6.0 (location: /Volumes/T9(Samsung)/UnityProjects/BCAT_6000_4_TEST/Library/PackageCache/com.unity.test-framework@76560ee600cb)
    com.unity.ugui@2.0.0 (location: /Volumes/T9(Samsung)/UnityProjects/BCAT_6000_4_TEST/Library/PackageCache/com.unity.ugui@d8a2716f3013)
    com.unity.modules.accessibility@1.0.0 (location: /Volumes/T9(Samsung)/UnityProjects/BCAT_6000_4_TEST/Library/PackageCache/com.unity.modules.accessibility)
    com.unity.modules.adaptiveperformance@1.0.0 (location: /Volumes/T9(Samsung)/UnityProjects/BCAT_6000_4_TEST/Library/PackageCache/com.unity.modules.adaptiveperformance)
    com.unity.modules.ai@1.0.0 (location: /Volumes/T9(Samsung)/UnityProjects/BCAT_6000_4_TEST/Library/PackageCache/com.unity.modules.ai)
    com.unity.modules.androidjni@1.0.0 (location: /Volumes/T9(Samsung)/UnityProjects/BCAT_6000_4_TEST/Library/PackageCache/com.unity.modules.androidjni)
    com.unity.modules.animation@1.0.0 (location: /Volumes/T9(Samsung)/UnityProjects/BCAT_6000_4_TEST/Library/PackageCache/com.unity.modules.animation)
    com.unity.modules.assetbundle@1.0.0 (location: /Volumes/T9(Samsung)/UnityProjects/BCAT_6000_4_TEST/Library/PackageCache/com.unity.modules.assetbundle)
    com.unity.modules.audio@1.0.0 (location: /Volumes/T9(Samsung)/UnityProjects/BCAT_6000_4_TEST/Library/PackageCache/com.unity.modules.audio)
    com.unity.modules.cloth@1.0.0 (location: /Volumes/T9(Samsung)/UnityProjects/BCAT_6000_4_TEST/Library/PackageCache/com.unity.modules.cloth)
    com.unity.modules.director@1.0.0 (location: /Volumes/T9(Samsung)/UnityProjects/BCAT_6000_4_TEST/Library/PackageCache/com.unity.modules.director)
    com.unity.modules.hierarchycore@1.0.0 (location: /Volumes/T9(Samsung)/UnityProjects/BCAT_6000_4_TEST/Library/PackageCache/com.unity.modules.hierarchycore)
    com.unity.modules.imageconversion@1.0.0 (location: /Volumes/T9(Samsung)/UnityProjects/BCAT_6000_4_TEST/Library/PackageCache/com.unity.modules.imageconversion)
    com.unity.modules.imgui@1.0.0 (location: /Volumes/T9(Samsung)/UnityProjects/BCAT_6000_4_TEST/Library/PackageCache/com.unity.modules.imgui)
    com.unity.modules.jsonserialize@1.0.0 (location: /Volumes/T9(Samsung)/UnityProjects/BCAT_6000_4_TEST/Library/PackageCache/com.unity.modules.jsonserialize)
    com.unity.modules.particlesystem@1.0.0 (location: /Volumes/T9(Samsung)/UnityProjects/BCAT_6000_4_TEST/Library/PackageCache/com.unity.modules.particlesystem)
    com.unity.modules.physics@1.0.0 (location: /Volumes/T9(Samsung)/UnityProjects/BCAT_6000_4_TEST/Library/PackageCache/com.unity.modules.physics)
    com.unity.modules.physics2d@1.0.0 (location: /Volumes/T9(Samsung)/UnityProjects/BCAT_6000_4_TEST/Library/PackageCache/com.unity.modules.physics2d)
    com.unity.modules.screencapture@1.0.0 (location: /Volumes/T9(Samsung)/UnityProjects/BCAT_6000_4_TEST/Library/PackageCache/com.unity.modules.screencapture)
    com.unity.modules.subsystems@1.0.0 (location: /Volumes/T9(Samsung)/UnityProjects/BCAT_6000_4_TEST/Library/PackageCache/com.unity.modules.subsystems)
    com.unity.modules.terrain@1.0.0 (location: /Volumes/T9(Samsung)/UnityProjects/BCAT_6000_4_TEST/Library/PackageCache/com.unity.modules.terrain)
    com.unity.modules.terrainphysics@1.0.0 (location: /Volumes/T9(Samsung)/UnityProjects/BCAT_6000_4_TEST/Library/PackageCache/com.unity.modules.terrainphysics)
    com.unity.modules.tilemap@1.0.0 (location: /Volumes/T9(Samsung)/UnityProjects/BCAT_6000_4_TEST/Library/PackageCache/com.unity.modules.tilemap)
    com.unity.modules.ui@1.0.0 (location: /Volumes/T9(Samsung)/UnityProjects/BCAT_6000_4_TEST/Library/PackageCache/com.unity.modules.ui)
    com.unity.modules.uielements@1.0.0 (location: /Volumes/T9(Samsung)/UnityProjects/BCAT_6000_4_TEST/Library/PackageCache/com.unity.modules.uielements)
    com.unity.modules.umbra@1.0.0 (location: /Volumes/T9(Samsung)/UnityProjects/BCAT_6000_4_TEST/Library/PackageCache/com.unity.modules.umbra)
    com.unity.modules.unityanalytics@1.0.0 (location: /Volumes/T9(Samsung)/UnityProjects/BCAT_6000_4_TEST/Library/PackageCache/com.unity.modules.unityanalytics)
    com.unity.modules.unitywebrequest@1.0.0 (location: /Volumes/T9(Samsung)/UnityProjects/BCAT_6000_4_TEST/Library/PackageCache/com.unity.modules.unitywebrequest)
    com.unity.modules.unitywebrequestassetbundle@1.0.0 (location: /Volumes/T9(Samsung)/UnityProjects/BCAT_6000_4_TEST/Library/PackageCache/com.unity.modules.unitywebrequestassetbundle)
    com.unity.modules.unitywebrequestaudio@1.0.0 (location: /Volumes/T9(Samsung)/UnityProjects/BCAT_6000_4_TEST/Library/PackageCache/com.unity.modules.unitywebrequestaudio)
    com.unity.modules.unitywebrequesttexture@1.0.0 (location: /Volumes/T9(Samsung)/UnityProjects/BCAT_6000_4_TEST/Library/PackageCache/com.unity.modules.unitywebrequesttexture)
    com.unity.modules.unitywebrequestwww@1.0.0 (location: /Volumes/T9(Samsung)/UnityProjects/BCAT_6000_4_TEST/Library/PackageCache/com.unity.modules.unitywebrequestwww)
    com.unity.modules.vectorgraphics@1.0.0 (location: /Volumes/T9(Samsung)/UnityProjects/BCAT_6000_4_TEST/Library/PackageCache/com.unity.modules.vectorgraphics)
    com.unity.modules.vehicles@1.0.0 (location: /Volumes/T9(Samsung)/UnityProjects/BCAT_6000_4_TEST/Library/PackageCache/com.unity.modules.vehicles)
    com.unity.modules.video@1.0.0 (location: /Volumes/T9(Samsung)/UnityProjects/BCAT_6000_4_TEST/Library/PackageCache/com.unity.modules.video)
    com.unity.modules.vr@1.0.0 (location: /Volumes/T9(Samsung)/UnityProjects/BCAT_6000_4_TEST/Library/PackageCache/com.unity.modules.vr)
    com.unity.modules.wind@1.0.0 (location: /Volumes/T9(Samsung)/UnityProjects/BCAT_6000_4_TEST/Library/PackageCache/com.unity.modules.wind)
    com.unity.modules.xr@1.0.0 (location: /Volumes/T9(Samsung)/UnityProjects/BCAT_6000_4_TEST/Library/PackageCache/com.unity.modules.xr)
    com.unity.render-pipelines.universal-config@17.4.0 (location: /Volumes/T9(Samsung)/UnityProjects/BCAT_6000_4_TEST/Library/PackageCache/com.unity.render-pipelines.universal-config@0db4263b9e6b)
    com.unity.visualeffectgraph@17.4.0 (location: /Volumes/T9(Samsung)/UnityProjects/BCAT_6000_4_TEST/Library/PackageCache/com.unity.visualeffectgraph@e00a147af410)
    com.unity.render-pipelines.high-definition-config@17.4.0 (location: /Volumes/T9(Samsung)/UnityProjects/BCAT_6000_4_TEST/Library/PackageCache/com.unity.render-pipelines.high-definition-config@f2a20abb2a1c)
  Embedded packages:
    org.khronos.unitygltf@file:/Volumes/T9(Samsung)/UnityProjects/BCAT_6000_4_TEST/Packages/org.khronos.unitygltf (location: /Volumes/T9(Samsung)/UnityProjects/BCAT_6000_4_TEST/Packages/org.khronos.unitygltf)
[Package Manager] com.unity.ide.vscode is deprecated: Visual Studio Code package is not supported anymore. You can continue to use it, but we won't provide any update anymore.
[Subsystems] Looking for new subsystems at path /Volumes/T9(Samsung)/UnityProjects/BCAT_6000_4_TEST/Library/PackageCache/com.unity.xr.openxr@ef0033a586bf
[Subsystems] Novel subsystem found at Library/PackageCache/com.unity.xr.openxr@ef0033a586bf/Runtime/UnitySubsystemsManifest.json
[Subsystems] Discovering subsystems at path /Applications/Unity/Hub/Editor/6000.4.5f1/Unity.app/Contents/Resources/UnitySubsystems
[Subsystems] Discovering subsystems at path /Volumes/T9(Samsung)/UnityProjects/BCAT_6000_4_TEST/Assets
[Subsystems] Discovering subsystems at path /Volumes/T9(Samsung)/UnityProjects/BCAT_6000_4_TEST/Library/PackageCache/com.unity.xr.openxr@ef0033a586bf
[Subsystems] No descriptors matched for  examples in Library/PackageCache/com.unity.xr.openxr@ef0033a586bf/Runtime/UnitySubsystemsManifest.json.
[Subsystems] 1 'inputs' descriptors matched in Library/PackageCache/com.unity.xr.openxr@ef0033a586bf/Runtime/UnitySubsystemsManifest.json
[Subsystems] 1 'displays' descriptors matched in Library/PackageCache/com.unity.xr.openxr@ef0033a586bf/Runtime/UnitySubsystemsManifest.json
[Subsystems] No descriptors matched for  meshings in Library/PackageCache/com.unity.xr.openxr@ef0033a586bf/Runtime/UnitySubsystemsManifest.json.
[Package Manager] Done registering packages in 0.01 seconds
Duplicate assembly 'log4net.dll' with different versions detected, using 'Packages/com.unity.package-validation-suite/Lib/Editor/log4net.dll, AssemblyName=log4net, Version=2.0.8.0, Culture=neutral, PublicKeyToken=669e0ddf0bb1aa2a' and ignoring 'Packages/com.unity.collab-proxy/Lib/Editor/log4netPlastic.dll, AssemblyName=log4net, Version=1.2.15.0, Culture=neutral, PublicKeyToken=669e0ddf0bb1aa2a'.info: Microsoft.Hosting.Lifetime[14]
      Now listening on: http://unix:/tmp/ilpp.sock-c5847fb02bd37bbd46af5c68829afaad
info: Microsoft.Hosting.Lifetime[0]
      Application started. Press Ctrl+C to shut down.
info: Microsoft.Hosting.Lifetime[0]
      Hosting environment: Production
info: Microsoft.Hosting.Lifetime[0]
      Content root path: /Volumes/T9(Samsung)/UnityProjects/BCAT_6000_4_TEST
info: Microsoft.AspNetCore.Hosting.Diagnostics[1]
      Request starting HTTP/2 POST http://ilpp/UnityILPP.PostProcessing/Ping - application/grpc -
info: Microsoft.AspNetCore.Routing.EndpointMiddleware[0]
      Executing endpoint 'gRPC - /UnityILPP.PostProcessing/Ping'
info: Microsoft.AspNetCore.Routing.EndpointMiddleware[1]
      Executed endpoint 'gRPC - /UnityILPP.PostProcessing/Ping'
info: Microsoft.AspNetCore.Hosting.Diagnostics[2]
      Request finished HTTP/2 POST http://ilpp/UnityILPP.PostProcessing/Ping - 200 - application/grpc 13.5091ms
Starting: /Applications/Unity/Hub/Editor/6000.4.5f1/Unity.app/Contents/Resources/BuildPipeline/bee_backend --ipc --defer-dag-verification --dagfile="Library/Bee/2000b0aE.dag" --continue-on-failure --profile="Library/Bee/backend1.traceevents" ScriptAssemblies
WorkingDir: /Volumes/T9(Samsung)/UnityProjects/BCAT_6000_4_TEST
Duplicate assembly 'log4net.dll' with different versions detected, using 'Packages/com.unity.package-validation-suite/Lib/Editor/log4net.dll, AssemblyName=log4net, Version=2.0.8.0, Culture=neutral, PublicKeyToken=669e0ddf0bb1aa2a' and ignoring 'Packages/com.unity.collab-proxy/Lib/Editor/log4netPlastic.dll, AssemblyName=log4net, Version=1.2.15.0, Culture=neutral, PublicKeyToken=669e0ddf0bb1aa2a'.DisplayProgressbar: Compiling Scripts
info: Microsoft.AspNetCore.Hosting.Diagnostics[1]
      Request starting HTTP/2 POST http://ilpp/UnityILPP.PostProcessing/ConfigurePostProcessors - application/grpc -
info: Microsoft.AspNetCore.Routing.EndpointMiddleware[0]
      Executing endpoint 'gRPC - /UnityILPP.PostProcessing/ConfigurePostProcessors'
warn: Unity.ILPP.Runner.PostProcessingAssemblyLoadContext[0]
      Assembly system.runtime.interopservices.windowsruntime has duplicate hint path. Ignoring "/Applications/Unity/Hub/Editor/6000.4.5f1/Unity.app/Contents/Resources/Scripting/UnityReferenceAssemblies/unity-4.8-api/Facades/System.Runtime.InteropServices.WindowsRuntime.dll" in favor of "/Applications/Unity/Hub/Editor/6000.4.5f1/Unity.app/Contents/Resources/Scripting/NetStandard/Extensions/2.0.0/System.Runtime.InteropServices.WindowsRuntime.dll"
warn: Unity.ILPP.Runner.PostProcessingAssemblyLoadContext[0]
      Assembly system.componentmodel.composition has duplicate hint path. Ignoring "/Applications/Unity/Hub/Editor/6000.4.5f1/Unity.app/Contents/Resources/Scripting/UnityReferenceAssemblies/unity-4.8-api/System.ComponentModel.Composition.dll" in favor of "/Applications/Unity/Hub/Editor/6000.4.5f1/Unity.app/Contents/Resources/Scripting/NetStandard/compat/2.1.0/shims/netfx/System.ComponentModel.Composition.dll"
info: Unity.ILPP.Runner.PostProcessingAssemblyLoadContext[0]
      Resolved Unity.Burst.Cecil, Version=0.11.6.0, Culture=neutral, PublicKeyToken=50cebf1cceb9d05e with Library/PackageCache/com.unity.burst@6bb9aca3ef38/Unity.Burst.CodeGen/Unity.Burst.Cecil.dll
info: Unity.ILPP.Runner.PostProcessingAssemblyLoadContext[0]
      Resolved Mono.Cecil, Version=0.11.5.0, Culture=neutral, PublicKeyToken=50cebf1cceb9d05e with Library/PackageCache/com.unity.nuget.mono-cecil@ecb9724e46ff/Mono.Cecil.dll
info: Microsoft.AspNetCore.Routing.EndpointMiddleware[1]
      Executed endpoint 'gRPC - /UnityILPP.PostProcessing/ConfigurePostProcessors'
info: Microsoft.AspNetCore.Hosting.Diagnostics[2]
      Request finished HTTP/2 POST http://ilpp/UnityILPP.PostProcessing/ConfigurePostProcessors - 200 - application/grpc 13.2841ms
ExitCode: 0 Duration: 0s315ms
[1182/1600  0s] ILPP-Configuration Library/ilpp-configuration.nevergeneratedoutput
*** Tundra build success (0.30 seconds), 1 items updated, 1600 evaluated
AssetDatabase: script compilation time: 0.610136s
Total cache size 267236311
Total cache size after purge 267236311, took 00:00:00.1126088
Begin MonoManager ReloadAssembly
Duplicate assembly 'log4net.dll' with different versions detected, using 'Packages/com.unity.package-validation-suite/Lib/Editor/log4net.dll, AssemblyName=log4net, Version=2.0.8.0, Culture=neutral, PublicKeyToken=669e0ddf0bb1aa2a' and ignoring 'Packages/com.unity.collab-proxy/Lib/Editor/log4netPlastic.dll, AssemblyName=log4net, Version=1.2.15.0, Culture=neutral, PublicKeyToken=669e0ddf0bb1aa2a'.Assembly Assembly-CSharp-Editor-firstpass.dll at Library/ScriptAssemblies/Assembly-CSharp-Editor-firstpass.dll not valid. Loading of assembly skipped.
Assembly Assembly-CSharp-firstpass.dll at Library/ScriptAssemblies/Assembly-CSharp-firstpass.dll not valid. Loading of assembly skipped.
Assembly DocCodeExamples.dll at Library/ScriptAssemblies/DocCodeExamples.dll not valid. Loading of assembly skipped.
Assembly TestNewCustomAssembly.dll at Library/ScriptAssemblies/TestNewCustomAssembly.dll not valid. Loading of assembly skipped.
Assembly Unity.2D.Sprite.Package.EditorTests.dll at Library/ScriptAssemblies/Unity.2D.Sprite.Package.EditorTests.dll not valid. Loading of assembly skipped.
Assembly Unity.Addressables.Editor.Tests.dll at Library/ScriptAssemblies/Unity.Addressables.Editor.Tests.dll not valid. Loading of assembly skipped.
Assembly Unity.Addressables.Runtime.Tests.dll at Library/ScriptAssemblies/Unity.Addressables.Runtime.Tests.dll not valid. Loading of assembly skipped.
Assembly Unity.Collections.BurstCompatibilityGen.dll at Library/ScriptAssemblies/Unity.Collections.BurstCompatibilityGen.dll not valid. Loading of assembly skipped.
Assembly Unity.Collections.DocCodeSamples.dll at Library/ScriptAssemblies/Unity.Collections.DocCodeSamples.dll not valid. Loading of assembly skipped.
Assembly Unity.Collections.PerformanceTests.dll at Library/ScriptAssemblies/Unity.Collections.PerformanceTests.dll not valid. Loading of assembly skipped.
Assembly Unity.Collections.Tests.dll at Library/ScriptAssemblies/Unity.Collections.Tests.dll not valid. Loading of assembly skipped.
Assembly Unity.Collections.Tests.Playmode.dll at Library/ScriptAssemblies/Unity.Collections.Tests.Playmode.dll not valid. Loading of assembly skipped.
Assembly Unity.InputSystem.IntegrationTests.dll at Library/ScriptAssemblies/Unity.InputSystem.IntegrationTests.dll not valid. Loading of assembly skipped.
Assembly Unity.Mathematics.Tests.dll at Library/ScriptAssemblies/Unity.Mathematics.Tests.dll not valid. Loading of assembly skipped.
Assembly Unity.Multiplayer.Center.Editor.Tests.dll at Library/ScriptAssemblies/Unity.Multiplayer.Center.Editor.Tests.dll not valid. Loading of assembly skipped.
Assembly Unity.Multiplayer.Center.Tests.dll at Library/ScriptAssemblies/Unity.Multiplayer.Center.Tests.dll not valid. Loading of assembly skipped.
Assembly Unity.Nuget.Mono-Cecil.dll at Library/ScriptAssemblies/Unity.Nuget.Mono-Cecil.dll not valid. Loading of assembly skipped.
Assembly Unity.PathTracing.Editor.Tests.dll at Library/ScriptAssemblies/Unity.PathTracing.Editor.Tests.dll not valid. Loading of assembly skipped.
Assembly Unity.PathTracing.Runtime.Tests.dll at Library/ScriptAssemblies/Unity.PathTracing.Runtime.Tests.dll not valid. Loading of assembly skipped.
Assembly Unity.Performance.Profile-Analyzer.EditorTests.dll at Library/ScriptAssemblies/Unity.Performance.Profile-Analyzer.EditorTests.dll not valid. Loading of assembly skipped.
Assembly Unity.Play.Publisher.Editor.Tests.dll at Library/ScriptAssemblies/Unity.Play.Publisher.Editor.Tests.dll not valid. Loading of assembly skipped.
Assembly Unity.RenderPipelines.Core.Editor.Tests.dll at Library/ScriptAssemblies/Unity.RenderPipelines.Core.Editor.Tests.dll not valid. Loading of assembly skipped.
Assembly Unity.RenderPipelines.Core.Runtime.Tests.dll at Library/ScriptAssemblies/Unity.RenderPipelines.Core.Runtime.Tests.dll not valid. Loading of assembly skipped.
Assembly Unity.RenderPipelines.HighDefinition.Editor.Tests.dll at Library/ScriptAssemblies/Unity.RenderPipelines.HighDefinition.Editor.Tests.dll not valid. Loading of assembly skipped.
Assembly Unity.RenderPipelines.HighDefinition.Runtime.Tests.dll at Library/ScriptAssemblies/Unity.RenderPipelines.HighDefinition.Runtime.Tests.dll not valid. Loading of assembly skipped.
Assembly Unity.RenderPipelines.HighDefinitionConfig.Editor.Tests.dll at Library/ScriptAssemblies/Unity.RenderPipelines.HighDefinitionConfig.Editor.Tests.dll not valid. Loading of assembly skipped.
Assembly Unity.RenderPipelines.Universal.Config.Editor.Tests.dll at Library/ScriptAssemblies/Unity.RenderPipelines.Universal.Config.Editor.Tests.dll not valid. Loading of assembly skipped.
Assembly Unity.RenderPipelines.Universal.Editor.Tests.dll at Library/ScriptAssemblies/Unity.RenderPipelines.Universal.Editor.Tests.dll not valid. Loading of assembly skipped.
Assembly Unity.RenderPipelines.Universal.Runtime.Tests.dll at Library/ScriptAssemblies/Unity.RenderPipelines.Universal.Runtime.Tests.dll not valid. Loading of assembly skipped.
Assembly Unity.ResourceManager.Tests.dll at Library/ScriptAssemblies/Unity.ResourceManager.Tests.dll not valid. Loading of assembly skipped.
Assembly Unity.ScriptableBuildPipeline.Editor.Tests.dll at Library/ScriptAssemblies/Unity.ScriptableBuildPipeline.Editor.Tests.dll not valid. Loading of assembly skipped.
Assembly Unity.ScriptableBuildPipeline.Tests.dll at Library/ScriptAssemblies/Unity.ScriptableBuildPipeline.Tests.dll not valid. Loading of assembly skipped.
Assembly Unity.ScriptableBuildPipelineTests.Runtime.Tests.dll at Library/ScriptAssemblies/Unity.ScriptableBuildPipelineTests.Runtime.Tests.dll not valid. Loading of assembly skipped.
Assembly Unity.Searcher.EditorTests.dll at Library/ScriptAssemblies/Unity.Searcher.EditorTests.dll not valid. Loading of assembly skipped.
Assembly Unity.Settings.Tests.dll at Library/ScriptAssemblies/Unity.Settings.Tests.dll not valid. Loading of assembly skipped.
Assembly Unity.ShaderGraph.Editor.Tests.dll at Library/ScriptAssemblies/Unity.ShaderGraph.Editor.Tests.dll not valid. Loading of assembly skipped.
Assembly Unity.TestTools.CodeCoverage.Editor.Compatibility.dll at Library/ScriptAssemblies/Unity.TestTools.CodeCoverage.Editor.Compatibility.dll not valid. Loading of assembly skipped.
Assembly Unity.TextMeshPro.Editor.Tests.dll at Library/ScriptAssemblies/Unity.TextMeshPro.Editor.Tests.dll not valid. Loading of assembly skipped.
Assembly Unity.TextMeshPro.Tests.dll at Library/ScriptAssemblies/Unity.TextMeshPro.Tests.dll not valid. Loading of assembly skipped.
Assembly Unity.UnifiedRayTracing.Editor.Tests.dll at Library/ScriptAssemblies/Unity.UnifiedRayTracing.Editor.Tests.dll not valid. Loading of assembly skipped.
Assembly Unity.VisualEffectGraph.Editor.Tests.dll at Library/ScriptAssemblies/Unity.VisualEffectGraph.Editor.Tests.dll not valid. Loading of assembly skipped.
Assembly Unity.VisualEffectGraph.Runtime.Tests.dll at Library/ScriptAssemblies/Unity.VisualEffectGraph.Runtime.Tests.dll not valid. Loading of assembly skipped.
Assembly Unity.XR.CoreUtils.CodeSamples.Tests.dll at Library/ScriptAssemblies/Unity.XR.CoreUtils.CodeSamples.Tests.dll not valid. Loading of assembly skipped.
Assembly Unity.XR.CoreUtils.Editor.Tests.dll at Library/ScriptAssemblies/Unity.XR.CoreUtils.Editor.Tests.dll not valid. Loading of assembly skipped.
Assembly Unity.XR.CoreUtils.Tests.dll at Library/ScriptAssemblies/Unity.XR.CoreUtils.Tests.dll not valid. Loading of assembly skipped.
Assembly Unity.XR.Interaction.Toolkit.Editor.Tests.dll at Library/ScriptAssemblies/Unity.XR.Interaction.Toolkit.Editor.Tests.dll not valid. Loading of assembly skipped.
Assembly Unity.XR.Interaction.Toolkit.Tests.dll at Library/ScriptAssemblies/Unity.XR.Interaction.Toolkit.Tests.dll not valid. Loading of assembly skipped.
Assembly Unity.XR.Management.EditorTests.dll at Library/ScriptAssemblies/Unity.XR.Management.EditorTests.dll not valid. Loading of assembly skipped.
Assembly Unity.XR.Management.TestPackage.dll at Library/ScriptAssemblies/Unity.XR.Management.TestPackage.dll not valid. Loading of assembly skipped.
Assembly Unity.XR.Management.TestPackage.Editor.dll at Library/ScriptAssemblies/Unity.XR.Management.TestPackage.Editor.dll not valid. Loading of assembly skipped.
Assembly Unity.XR.Management.Tests.dll at Library/ScriptAssemblies/Unity.XR.Management.Tests.dll not valid. Loading of assembly skipped.
Assembly Unity.XR.Management.Tests.Standalone.dll at Library/ScriptAssemblies/Unity.XR.Management.Tests.Standalone.dll not valid. Loading of assembly skipped.
Assembly Unity.XR.OpenXR.Editor.Tests.dll at Library/ScriptAssemblies/Unity.XR.OpenXR.Editor.Tests.dll not valid. Loading of assembly skipped.
Assembly Unity.XR.OpenXR.Tests.dll at Library/ScriptAssemblies/Unity.XR.OpenXR.Tests.dll not valid. Loading of assembly skipped.
Assembly Unity.XR.OpenXR.Ubuntu.Tests.dll at Library/ScriptAssemblies/Unity.XR.OpenXR.Ubuntu.Tests.dll not valid. Loading of assembly skipped.
Assembly Unity.XR.TestSupport.dll at Library/ScriptAssemblies/Unity.XR.TestSupport.dll not valid. Loading of assembly skipped.
Assembly UnityEditor.UI.Common.Tests.dll at Library/ScriptAssemblies/UnityEditor.UI.Common.Tests.dll not valid. Loading of assembly skipped.
Assembly UnityEditor.UI.EditorTests.dll at Library/ScriptAssemblies/UnityEditor.UI.EditorTests.dll not valid. Loading of assembly skipped.
Assembly UnityEditor.XR.LegacyInputHelpers.Tests.dll at Library/ScriptAssemblies/UnityEditor.XR.LegacyInputHelpers.Tests.dll not valid. Loading of assembly skipped.
Assembly UnityEngine.SpatialTracking.Tests.dll at Library/ScriptAssemblies/UnityEngine.SpatialTracking.Tests.dll not valid. Loading of assembly skipped.
Assembly UnityEngine.UI.Tests.dll at Library/ScriptAssemblies/UnityEngine.UI.Tests.dll not valid. Loading of assembly skipped.
Assembly UnityEngine.XR.OpenXR.CodeSamples.Editor.Tests.dll at Library/ScriptAssemblies/UnityEngine.XR.OpenXR.CodeSamples.Editor.Tests.dll not valid. Loading of assembly skipped.
Symbol file LoadedFromMemory is not a mono symbol file
'Packages/com.unity.cinemachine/Editor/Editors/CinemachineVirtualCameraBaseEditor.cs' contains partial class of Unity.Object, exactly 1 of the partial classes needs to be in a file with the same filename. This is to know the one that can be referenced from ie. GameObjects
'Packages/com.unity.cinemachine/Editor/Obsolete/CinemachineVirtualCameraBaseEditor.cs' contains partial class of Unity.Object, exactly 1 of the partial classes needs to be in a file with the same filename. This is to know the one that can be referenced from ie. GameObjects
Native extension for Android target not found
Native extension for OSXStandalone target not found
Native extension for WebGL target not found
Duplicate assembly 'log4net.dll' with different versions detected, using 'Packages/com.unity.package-validation-suite/Lib/Editor/log4net.dll, AssemblyName=log4net, Version=2.0.8.0, Culture=neutral, PublicKeyToken=669e0ddf0bb1aa2a' and ignoring 'Packages/com.unity.collab-proxy/Lib/Editor/log4netPlastic.dll, AssemblyName=log4net, Version=1.2.15.0, Culture=neutral, PublicKeyToken=669e0ddf0bb1aa2a'.[MODES] ModeService[none].Initialize
[MODES] ModeService[none].LoadModes
[MODES] Loading mode Default (0) for mode-current-id-Black Homeplaces: The XR House
ScheduleIndexationOnStartup MainProcess:True IndexOnStartup:True
Mono: successfully reloaded assembly
- Finished resetting the current domain, in  2.713 seconds
Domain Reload Profiling: 3204ms
	BeginReloadAssembly (79ms)
		DisableScriptedObjects (7ms)
		CreateAndSetChildDomain (28ms)
	RebuildCommonClasses (18ms)
	RebuildNativeTypeToScriptingClass (7ms)
	initialDomainReloadingComplete (22ms)
	LoadAllAssembliesAndSetupDomain (364ms)
		LoadAssemblies (161ms)
		AnalyzeDomain (222ms)
			TypeCache.Refresh (157ms)
				TypeCache.ScanAssembly (145ms)
			BuildScriptInfoCaches (55ms)
			ResolveRequiredComponents (8ms)
	FinalizeReload (2713ms)
		SetupLoadedEditorAssemblies (0ms)
			InitializePlatformSupportModulesInManaged (13ms)
			BeforeProcessingInitializeOnLoad (95ms)
			ProcessInitializeOnLoadAttributes (2147ms)
			ProcessInitializeOnLoadMethodAttributes (94ms)
		AwakeInstancesAfterBackupRestoration (6ms)
(Values over 0.050ms)
Asset Pipeline Refresh (id=ed6ee4ada443948cd89b26a976d70863): Total: 5.284 seconds - Initiated by InitialRefreshV2(ForceSynchronousImport)
	Summary:
		Imports: total=0 (actual=0, local cache=0, cache server=0)
		Asset DB Process Time: managed=0 ms, native=3849 ms
		Asset DB Callback time: managed=279 ms, native=12 ms
		Scripting: domain reloads=1, domain reload time=491 ms, compile time=611 ms, other=40 ms
		Project Asset Count: scripts=3082, non-scripts=7844
		Asset File Changes: new=0, changed=0, moved=0, deleted=0
		Scan Filter Count: 1
	InvokePackagesCallback: 12.925ms
	ApplyChangesToAssetFolders: 0.234ms
	Scan: 745.394ms
	CategorizeScriptCompilationAssets: 75.885ms
	ProcessAssetsWithTransientArtifactChanges: 61.993ms
	CategorizeAssets: 117.490ms
	CompileScripts: 610.925ms
	ImportOutOfDateAssets: 2728.901ms (2726.387ms without children)
		ReloadNativeAssets: 0.065ms
		UnloadImportedAssets: 0.994ms
		EnsureUptoDateAssetsAreRegisteredWithGuidPM: 1.020ms
		OnDemandSchedulerStart: 0.434ms
	PostProcessAllAssets: 279.228ms
		MonoPostProcessAllAssets: 279.199ms
			HDRenderPipelineGlobalSettingsPostprocessor.OnPostprocessAllAssets 249.084ms
			UniversalRenderPipelineGlobalSettingsPostprocessor.OnPostprocessAllAssets 8.129ms
			SyncVS.PostprocessSyncProject 3.854ms
			WindowAssetPostprocessingWatcher.OnPostprocessAllAssets 1.224ms
			SpeedTree9Postprocessor.OnPostprocessAllAssets 1.035ms
			RenderPipelineGlobalSettingsPostprocessor.OnPostprocessAllAssets 0.293ms
			AudioImportPostprocessor.OnPostprocessAllAssets 0.292ms
			CinemachineSettings.OnPostprocessAllAssets 0.260ms
			ReferencedClipsPostProcessor.OnPostprocessAllAssets 0.161ms
			AssetDatabaseCallbacks.OnPostprocessAllAssets 0.150ms
			DomainReloadProcessor.OnPostprocessAllAssets 0.144ms
			InputActionAssetPostprocessor.OnPostprocessAllAssets 0.129ms
			TerrainToolbarOverlayPostProcessor.OnPostprocessAllAssets 0.107ms
			ProjectSettingsPostprocessor.OnPostprocessAllAssets 0.096ms
	UnloadStreamsBegin: 1.473ms
	PersistCurrentRevisions: 0.208ms
	GenerateScriptTypeHashes: 4.233ms
	GenerateScriptTypeSerializationHashes: 6.919ms
	Untracked: 644.351ms

Application.AssetDatabase Initial Refresh End
Shader Hidden/ChartRasterizerHardware is not supported: GPU does not support conservative rasterization
Shader Hidden/ChartRasterizerHardware is not supported: GPU does not support conservative rasterization
Scanning for USB devices : 0.120ms
Initializing Unity extensions:
Curl error 6: Could not resolve host: config.uca.cloud.unity3d.com
Unloading 334 Unused Serialized files (Serialized files now loaded: 0)
Curl error 6: Could not resolve host: cdp.cloud.unity3d.com
Unloading 11479 unused Assets / (1.7 MB). Loaded Objects now: 12877.
Memory consumption went from 454.1 MB to 452.3 MB.
Total: 7.583625 ms (FindLiveObjects: 0.422708 ms CreateObjectMapping: 0.280750 ms MarkObjects: 5.455750 ms  DeleteObjects: 1.424208 ms)

Start importing Assets/BCaT/OptimizedMeshes using Guid(9a8596f0ca4e849d19dcd52a73cc95d1) (DefaultImporter) -> (Import Result ID: '7203bbd9efb3f40d67459850d653f28b') in 0.003247166 seconds [static dependencies only]. Details - ImportResultOutputID=ee08a1386967f4758700a3e26a9662b8 DependenciesID=5591b55128b8705616a548054f79882a StaticDependenciesID=bafb73142734aeb89d8566d3b235e7f0 
(Values over 0.050ms)
Asset Pipeline Refresh (id=e8c5986c31d50430e9239d02ee71da8a): Total: 0.306 seconds - Initiated by StopAssetImportingV2(NoUpdateAssetOptions)
	Summary:
		Imports: total=1 (actual=1, local cache=0, cache server=0)
		Asset DB Process Time: managed=1 ms, native=94 ms
		Asset DB Callback time: managed=205 ms, native=4 ms
		Scripting: domain reloads=0, domain reload time=0 ms, compile time=0 ms, other=0 ms
		Project Asset Count: scripts=3083, non-scripts=7844
		Asset File Changes: new=1, changed=1, moved=0, deleted=0
		Scan Filter Count: 3
	ApplyChangesToAssetFolders: 0.112ms
	Scan: 6.590ms
	OnSourceAssetsModified: 0.252ms
	ProcessAssetsWithTransientArtifactChanges: 0.083ms
	CategorizeAssets: 78.567ms
	ImportOutOfDateAssets: 5.487ms (0.362ms without children)
		ImportManagerImport: 3.997ms (0.562ms without children)
		ReloadNativeAssets: 0.075ms
		UnloadImportedAssets: 0.061ms
		EnsureUptoDateAssetsAreRegisteredWithGuidPM: 0.748ms
		OnDemandSchedulerStart: 0.243ms
	PostProcessAllAssets: 207.297ms
		XRBuildSystem.XRAssetImported 2.178ms
		MonoPostProcessAllAssets: 204.922ms
			AssetPostprocessor.OnPostprocessAllAssets 163.875ms
			AssetCallbacks.OnPostprocessAllAssets 16.777ms
			StyleCatalogPostProcessor.OnPostprocessAllAssets 13.912ms
			BuilderAssetPostprocessor.OnPostprocessAllAssets 3.385ms
			AddressablesAssetPostProcessor.OnPostprocessAllAssets 1.126ms
			ShaderGraphAssetPostProcessor.OnPostprocessAllAssets 0.501ms
			AssetChangedListener.OnPostprocessAllAssets 0.498ms
			RetainedModeAssetPostprocessor.OnPostprocessAllAssets 0.495ms
			VFXGraphPreprocessor.OnPostprocessAllAssets 0.472ms
			SyncVS.PostprocessSyncProject 0.389ms
			TMPro_TexturePostProcessor.OnPostprocessAllAssets 0.298ms
			SpriteEditorTexturePostprocessor.OnPostprocessAllAssets 0.254ms
			ArtifactBrowserPostProcessor.OnPostprocessAllAssets 0.241ms
			MaterialPostprocessor.OnPostprocessAllAssets 0.210ms
			UVCSAssetPostprocessor.OnPostprocessAllAssets 0.205ms
			TextAssetPostProcessor.OnPostprocessAllAssets 0.155ms
			AudioMixerPostprocessor.OnPostprocessAllAssets 0.142ms
			AssetPathToTypes.OnPostprocessAllAssets 0.134ms
			InputActionJsonNameModifierAssetProcessor.OnPostprocessAllAssets 0.133ms
			AssetEvents.OnPostprocessAllAssets 0.132ms
			PostProcessor.OnPostprocessAllAssets 0.083ms
			ConfigAssetsTracker.OnPostprocessAllAssets 0.079ms
			SpeedTreePostProcessor.OnPostprocessAllAssets 0.056ms
			ScenarioDriftAssetsTracker.OnPostprocessAllAssets 0.050ms
	PostAssetChangesProfiler: 2.179ms
	GatherAllCurrentPrimaryImportResultRevisions: 0.292ms
	UnloadStreamsBegin: 0.057ms
	PersistCurrentRevisions: 0.251ms
	Untracked: 3.358ms

Opening scene 'Assets/BH_XR_MainScene.unity'
Unloading 76 Unused Serialized files (Serialized files now loaded: 0)
Loaded scene 'Assets/BH_XR_MainScene.unity'
	Deserialize:            329.460 ms
	Integration:            998.967 ms
	Integration of assets:  3.065 ms
	Thread Wait Time:       -2.571 ms
	Total Operation Time:   1328.922 ms
Unloading 46 unused Assets / (4.7 KB). Loaded Objects now: 30564.
Memory consumption went from 0.84 GB to 0.84 GB.
Total: 8.124833 ms (FindLiveObjects: 0.730583 ms CreateObjectMapping: 0.333250 ms MarkObjects: 7.026958 ms  DeleteObjects: 0.033833 ms)

[FullOpt] phase start: shadows
UnityEngine.Debug:ExtractStackTraceNoAlloc (byte*,int,string)
UnityEngine.StackTraceUtility:ExtractStackTrace () (at /Users/bokken/build/output/unity/unity/Runtime/Export/Scripting/StackTrace.cs:35)
UnityEngine.DebugLogHandler:Internal_Log (UnityEngine.LogType,UnityEngine.LogOption,string,UnityEngine.Object)
UnityEngine.DebugLogHandler:LogFormat (UnityEngine.LogType,UnityEngine.Object,string,object[])
UnityEngine.Logger:Log (UnityEngine.LogType,object)
UnityEngine.Debug:Log (object)
BCAT.OptimizationPass.FullOptimizationPassTool:Phase (string,System.Action) (at Assets/Editor/FullOptimizationPass/FullOptimizationPassTool.cs:99)
BCAT.OptimizationPass.FullOptimizationPassTool:RunFullPass () (at Assets/Editor/FullOptimizationPass/FullOptimizationPassTool.cs:63)

(Filename: Assets/Editor/FullOptimizationPass/FullOptimizationPassTool.cs Line: 99)

[FullOpt] phase done: shadows
UnityEngine.Debug:ExtractStackTraceNoAlloc (byte*,int,string)
UnityEngine.StackTraceUtility:ExtractStackTrace () (at /Users/bokken/build/output/unity/unity/Runtime/Export/Scripting/StackTrace.cs:35)
UnityEngine.DebugLogHandler:Internal_Log (UnityEngine.LogType,UnityEngine.LogOption,string,UnityEngine.Object)
UnityEngine.DebugLogHandler:LogFormat (UnityEngine.LogType,UnityEngine.Object,string,object[])
UnityEngine.Logger:Log (UnityEngine.LogType,object)
UnityEngine.Debug:Log (object)
BCAT.OptimizationPass.FullOptimizationPassTool:Phase (string,System.Action) (at Assets/Editor/FullOptimizationPass/FullOptimizationPassTool.cs:101)
BCAT.OptimizationPass.FullOptimizationPassTool:RunFullPass () (at Assets/Editor/FullOptimizationPass/FullOptimizationPassTool.cs:63)

(Filename: Assets/Editor/FullOptimizationPass/FullOptimizationPassTool.cs Line: 101)

[FullOpt] phase start: material_dedup
UnityEngine.Debug:ExtractStackTraceNoAlloc (byte*,int,string)
UnityEngine.StackTraceUtility:ExtractStackTrace () (at /Users/bokken/build/output/unity/unity/Runtime/Export/Scripting/StackTrace.cs:35)
UnityEngine.DebugLogHandler:Internal_Log (UnityEngine.LogType,UnityEngine.LogOption,string,UnityEngine.Object)
UnityEngine.DebugLogHandler:LogFormat (UnityEngine.LogType,UnityEngine.Object,string,object[])
UnityEngine.Logger:Log (UnityEngine.LogType,object)
UnityEngine.Debug:Log (object)
BCAT.OptimizationPass.FullOptimizationPassTool:Phase (string,System.Action) (at Assets/Editor/FullOptimizationPass/FullOptimizationPassTool.cs:99)
BCAT.OptimizationPass.FullOptimizationPassTool:RunFullPass () (at Assets/Editor/FullOptimizationPass/FullOptimizationPassTool.cs:64)

(Filename: Assets/Editor/FullOptimizationPass/FullOptimizationPassTool.cs Line: 99)

[FullOpt] phase done: material_dedup
UnityEngine.Debug:ExtractStackTraceNoAlloc (byte*,int,string)
UnityEngine.StackTraceUtility:ExtractStackTrace () (at /Users/bokken/build/output/unity/unity/Runtime/Export/Scripting/StackTrace.cs:35)
UnityEngine.DebugLogHandler:Internal_Log (UnityEngine.LogType,UnityEngine.LogOption,string,UnityEngine.Object)
UnityEngine.DebugLogHandler:LogFormat (UnityEngine.LogType,UnityEngine.Object,string,object[])
UnityEngine.Logger:Log (UnityEngine.LogType,object)
UnityEngine.Debug:Log (object)
BCAT.OptimizationPass.FullOptimizationPassTool:Phase (string,System.Action) (at Assets/Editor/FullOptimizationPass/FullOptimizationPassTool.cs:101)
BCAT.OptimizationPass.FullOptimizationPassTool:RunFullPass () (at Assets/Editor/FullOptimizationPass/FullOptimizationPassTool.cs:64)

(Filename: Assets/Editor/FullOptimizationPass/FullOptimizationPassTool.cs Line: 101)

[FullOpt] phase start: terrain
UnityEngine.Debug:ExtractStackTraceNoAlloc (byte*,int,string)
UnityEngine.StackTraceUtility:ExtractStackTrace () (at /Users/bokken/build/output/unity/unity/Runtime/Export/Scripting/StackTrace.cs:35)
UnityEngine.DebugLogHandler:Internal_Log (UnityEngine.LogType,UnityEngine.LogOption,string,UnityEngine.Object)
UnityEngine.DebugLogHandler:LogFormat (UnityEngine.LogType,UnityEngine.Object,string,object[])
UnityEngine.Logger:Log (UnityEngine.LogType,object)
UnityEngine.Debug:Log (object)
BCAT.OptimizationPass.FullOptimizationPassTool:Phase (string,System.Action) (at Assets/Editor/FullOptimizationPass/FullOptimizationPassTool.cs:99)
BCAT.OptimizationPass.FullOptimizationPassTool:RunFullPass () (at Assets/Editor/FullOptimizationPass/FullOptimizationPassTool.cs:65)

(Filename: Assets/Editor/FullOptimizationPass/FullOptimizationPassTool.cs Line: 99)

[FullOpt] phase done: terrain
UnityEngine.Debug:ExtractStackTraceNoAlloc (byte*,int,string)
UnityEngine.StackTraceUtility:ExtractStackTrace () (at /Users/bokken/build/output/unity/unity/Runtime/Export/Scripting/StackTrace.cs:35)
UnityEngine.DebugLogHandler:Internal_Log (UnityEngine.LogType,UnityEngine.LogOption,string,UnityEngine.Object)
UnityEngine.DebugLogHandler:LogFormat (UnityEngine.LogType,UnityEngine.Object,string,object[])
UnityEngine.Logger:Log (UnityEngine.LogType,object)
UnityEngine.Debug:Log (object)
BCAT.OptimizationPass.FullOptimizationPassTool:Phase (string,System.Action) (at Assets/Editor/FullOptimizationPass/FullOptimizationPassTool.cs:101)
BCAT.OptimizationPass.FullOptimizationPassTool:RunFullPass () (at Assets/Editor/FullOptimizationPass/FullOptimizationPassTool.cs:65)

(Filename: Assets/Editor/FullOptimizationPass/FullOptimizationPassTool.cs Line: 101)

[FullOpt] phase start: lods_top_assets
UnityEngine.Debug:ExtractStackTraceNoAlloc (byte*,int,string)
UnityEngine.StackTraceUtility:ExtractStackTrace () (at /Users/bokken/build/output/unity/unity/Runtime/Export/Scripting/StackTrace.cs:35)
UnityEngine.DebugLogHandler:Internal_Log (UnityEngine.LogType,UnityEngine.LogOption,string,UnityEngine.Object)
UnityEngine.DebugLogHandler:LogFormat (UnityEngine.LogType,UnityEngine.Object,string,object[])
UnityEngine.Logger:Log (UnityEngine.LogType,object)
UnityEngine.Debug:Log (object)
BCAT.OptimizationPass.FullOptimizationPassTool:Phase (string,System.Action) (at Assets/Editor/FullOptimizationPass/FullOptimizationPassTool.cs:99)
BCAT.OptimizationPass.FullOptimizationPassTool:RunFullPass () (at Assets/Editor/FullOptimizationPass/FullOptimizationPassTool.cs:66)

(Filename: Assets/Editor/FullOptimizationPass/FullOptimizationPassTool.cs Line: 99)

Start importing Assets/BCaT/OptimizedMeshes/Object_0_68566_LOD1.asset using Guid(e31ae34b1c9f4476fb88010232ff1aa1) (NativeFormatImporter) -> (Import Result ID: 'd5b96738c573fdd3e850c346c5a146f7') in 0.009691583 seconds [static dependencies only]. Details - ImportResultOutputID=cbbede36539b90c478fbe992d6617b37 DependenciesID=47bf3f23735137a01e93e149410f91c2 StaticDependenciesID=4e50f3c74c6f776040d703b02d78bf63 
Asset Pipeline Refresh (id=390870d731db0444ba4c4b915bbeb174): Total: 0.094 seconds - Initiated by StopAssetImportingV2(NoUpdateAssetOptions)
Start importing Assets/BCaT/OptimizedMeshes/Object_0_68566_LOD2.asset using Guid(30e6a310a677147389ce52b028e70138) (NativeFormatImporter) -> (Import Result ID: 'fc2c37a049684dc89fd2a3122ebed77c') in 0.007140125 seconds [static dependencies only]. Details - ImportResultOutputID=f1648fea4a77a31e248c78d51e559f0e DependenciesID=ec17a74a4877c21a8300b5adde2195e3 StaticDependenciesID=e91b50c6de64ce6c012692e10779acde 
Asset Pipeline Refresh (id=1565d422f47494974a148920eb7264c4): Total: 0.070 seconds - Initiated by StopAssetImportingV2(NoUpdateAssetOptions)
Start importing Assets/BCaT/OptimizedMeshes/Object_0_68566_COL.asset using Guid(9895f819fff224be69e5572ba04faad0) (NativeFormatImporter) -> (Import Result ID: 'f6c4724ca74c5f7c4af9545dd920bac5') in 0.005768709 seconds [static dependencies only]. Details - ImportResultOutputID=9ed1952c1835cb04890e928248b2537b DependenciesID=3e7753f0f8797333876602059116b491 StaticDependenciesID=869c5b12c88e1672e409532b8dfd1bc2 
Asset Pipeline Refresh (id=749ea84fcc0cb48429f4ea136d42f595): Total: 0.069 seconds - Initiated by StopAssetImportingV2(NoUpdateAssetOptions)
Start importing Assets/BCaT/OptimizedMeshes/Object_1_68568_LOD1.asset using Guid(f7887b527ab7c45b0b7185c000dd4bda) (NativeFormatImporter) -> (Import Result ID: 'df45f3149a0756929fdd493e05059b18') in 0.01052925 seconds [static dependencies only]. Details - ImportResultOutputID=3607b52dbfe2e0a7b7a2a468907eac48 DependenciesID=01f39da91a833cf0838b39db3baeab7f StaticDependenciesID=ed4a58cf12e09ca19891328c3ea5dd16 
Asset Pipeline Refresh (id=f2d338dfb5c244578bd4b68969024567): Total: 0.073 seconds - Initiated by StopAssetImportingV2(NoUpdateAssetOptions)
Start importing Assets/BCaT/OptimizedMeshes/Object_1_68568_LOD2.asset using Guid(4705abec993714d258a8886fce521208) (NativeFormatImporter) -> (Import Result ID: '8901b029e84ac3fd7aeb54bf5dd99f5d') in 0.007082958 seconds [static dependencies only]. Details - ImportResultOutputID=775bc41b4943038a4dcfa16b89b87592 DependenciesID=34280ccb54140a56a419313e6dbfb640 StaticDependenciesID=e1ebafb32c7555f0d374a19804a87367 
Asset Pipeline Refresh (id=79855846039eb42bdaab1652a935e89a): Total: 0.070 seconds - Initiated by StopAssetImportingV2(NoUpdateAssetOptions)
Start importing Assets/BCaT/OptimizedMeshes/Object_1_68568_COL.asset using Guid(4621bc1b1a8594156b9d32d2a2dc0842) (NativeFormatImporter) -> (Import Result ID: '9148058db81bb6ddbfffe5d2db1f8051') in 0.005569375 seconds [static dependencies only]. Details - ImportResultOutputID=14b5d1082f32fa8bff3c0c0523e05a4a DependenciesID=1f8ab1ae6f0e159fd8e2193ba0e5cbb7 StaticDependenciesID=84433d7cc048cf039e5a1d7ba4af6620 
Asset Pipeline Refresh (id=22a1ae1ca336f4b3eb6ff450ef592b51): Total: 0.069 seconds - Initiated by StopAssetImportingV2(NoUpdateAssetOptions)
Start importing Assets/BCaT/OptimizedMeshes/Object_2_68570_LOD1.asset using Guid(054ba288b7ced4bb0a55ca363e546bfe) (NativeFormatImporter) -> (Import Result ID: 'fed789b4173411c7262c8d494fcd4f55') in 0.010722167 seconds [static dependencies only]. Details - ImportResultOutputID=bc5fb8506494b87d8c3e2be6361169b8 DependenciesID=222e084f534915bda3a6150a69b0c602 StaticDependenciesID=409539bd87ae345990b8da2d97c112e4 
Asset Pipeline Refresh (id=1b57708b0f2d64073b2099d48c3c3a16): Total: 0.077 seconds - Initiated by StopAssetImportingV2(NoUpdateAssetOptions)
Start importing Assets/BCaT/OptimizedMeshes/Object_2_68570_LOD2.asset using Guid(6040b3462314842ae8488e0dc81521cb) (NativeFormatImporter) -> (Import Result ID: 'c7dc172d56a4a841506f8f0efae000f5') in 0.00754 seconds [static dependencies only]. Details - ImportResultOutputID=7b0a2a65d7339853367ae2554dba034c DependenciesID=fd1e37ae24f7276efa47e2e308e68b53 StaticDependenciesID=7c60ccaaa0cd34055406910856f2c079 
Asset Pipeline Refresh (id=9ef33d083a94a43d1887ca8e895081f3): Total: 0.070 seconds - Initiated by StopAssetImportingV2(NoUpdateAssetOptions)
Start importing Assets/BCaT/OptimizedMeshes/Object_2_68570_COL.asset using Guid(4ee5fed92b70b4c509cd7a3e5eca36ab) (NativeFormatImporter) -> (Import Result ID: '53776fb545bb8cb0985cf5f0b6204c38') in 0.005733291 seconds [static dependencies only]. Details - ImportResultOutputID=11bd0d84df928ed7ecfe6b894699e786 DependenciesID=8c4cb62cad19714021fd6a639409b206 StaticDependenciesID=27e2360135c414430c14fb06010dd089 
Asset Pipeline Refresh (id=7668f05bc4e5c474187385b308c6ba9a): Total: 0.068 seconds - Initiated by StopAssetImportingV2(NoUpdateAssetOptions)
Start importing Assets/BCaT/OptimizedMeshes/Object_0_69098_LOD1.asset using Guid(1d2c992352e434920aca7173d783b235) (NativeFormatImporter) -> (Import Result ID: 'ff7d96c91a6737a345a8fa4e04f85d21') in 0.011415584 seconds [static dependencies only]. Details - ImportResultOutputID=a7fbb0bd18f45b556e92ed6da08ffb10 DependenciesID=b8b9151779deaf8a6be41fc75e5c86e4 StaticDependenciesID=08be5ee800d0f509041b29aedfe0c182 
Asset Pipeline Refresh (id=eb568a48d10fe46ec9b3a9e720c545a9): Total: 0.074 seconds - Initiated by StopAssetImportingV2(NoUpdateAssetOptions)
Start importing Assets/BCaT/OptimizedMeshes/Object_0_69098_LOD2.asset using Guid(204742ee9b07245f3a0b5ca2ef308fbb) (NativeFormatImporter) -> (Import Result ID: '068b12e458ea5ee4bfd5eb2c86c1e7ce') in 0.008370333 seconds [static dependencies only]. Details - ImportResultOutputID=eba9d49e766602e7cfe4830eed9fcb8a DependenciesID=54564538ef7ddda687f01eb0f0390bac StaticDependenciesID=e54dfd2557ae9b581c1d35debaa1af6f 
Asset Pipeline Refresh (id=57021c99a2d2541eebbb85dbc6a5aa38): Total: 0.070 seconds - Initiated by StopAssetImportingV2(NoUpdateAssetOptions)
Start importing Assets/BCaT/OptimizedMeshes/Object_0_69098_COL.asset using Guid(59d5cf3db35df46c68e6679e64e9bfc2) (NativeFormatImporter) -> (Import Result ID: '8fd3f0498624a3767e7e1c1691649d97') in 0.005342959 seconds [static dependencies only]. Details - ImportResultOutputID=149cb70e5418a3cb05b5a0bcd736bc8f DependenciesID=77419e02183deb05844446298a58bf4a StaticDependenciesID=e94b9aa96259c2166684bca36f5596b9 
Asset Pipeline Refresh (id=0ea2e99df61524343930d9d5f998dab0): Total: 0.067 seconds - Initiated by StopAssetImportingV2(NoUpdateAssetOptions)
Start importing Assets/BCaT/OptimizedMeshes/Object_1_69100_LOD1.asset using Guid(29020b52becb243fe86d6ddb412769cf) (NativeFormatImporter) -> (Import Result ID: 'f96539c0fec8c6548f6416be291790b4') in 0.007024542 seconds [static dependencies only]. Details - ImportResultOutputID=30a4316c43d7a2c83aec391f77320759 DependenciesID=a39252c9b954240a3d0b102f1d51c056 StaticDependenciesID=883dee5006c5c92b9f7c8afdbd2de14d 
Asset Pipeline Refresh (id=565794c63211a4cf5a5c6c864fd2aa32): Total: 0.071 seconds - Initiated by StopAssetImportingV2(NoUpdateAssetOptions)
Start importing Assets/BCaT/OptimizedMeshes/Object_1_69100_LOD2.asset using Guid(5c10708ab567a424ab21512034b78b86) (NativeFormatImporter) -> (Import Result ID: 'eb2fd9648fda288c5794ba2f0fd0075c') in 0.005187 seconds [static dependencies only]. Details - ImportResultOutputID=4cac2616a7746a6f99813d16529e78f1 DependenciesID=98b3c28a1fa06209e540be267ede6835 StaticDependenciesID=3b429c0ea12aa6cbc64701b901bd71a0 
Asset Pipeline Refresh (id=76cce1399555847b6a9fd45d5359fa2b): Total: 0.069 seconds - Initiated by StopAssetImportingV2(NoUpdateAssetOptions)
Start importing Assets/BCaT/OptimizedMeshes/Object_1_69100_COL.asset using Guid(6f15cf9a17be045c3bb1db40354e1fda) (NativeFormatImporter) -> (Import Result ID: '9bd123043cf34339b8f5bb63ad08584d') in 0.003489542 seconds [static dependencies only]. Details - ImportResultOutputID=3c625ba7ce7a0225a4ae797b4605ef80 DependenciesID=20382fad80959c053c524d2d3b2d1a8c StaticDependenciesID=f266258ff4c0dfedb75a61dc9f10e74b 
Asset Pipeline Refresh (id=1ca94e5844412466486528973c9f9a7a): Total: 0.068 seconds - Initiated by StopAssetImportingV2(NoUpdateAssetOptions)
Start importing Assets/BCaT/OptimizedMeshes/SM_Body_M_Body_0_70414_LOD1.asset using Guid(d25c2160556d342aeb18b7d6138d7027) (NativeFormatImporter) -> (Import Result ID: 'd1348419bbd5678e1794c57f6350b535') in 0.010581792 seconds [static dependencies only]. Details - ImportResultOutputID=bd408e4a2d78a0e6ec7e64779333e0b0 DependenciesID=fd93ca1410316764369ba75577802aac StaticDependenciesID=b70733ea79eeffbc1f25beb5b6b6ba46 
Asset Pipeline Refresh (id=f91cb0eaf029d4d2fa4b70f55f820efb): Total: 0.073 seconds - Initiated by StopAssetImportingV2(NoUpdateAssetOptions)
Start importing Assets/BCaT/OptimizedMeshes/SM_Body_M_Body_0_70414_LOD2.asset using Guid(7b379c96047864f5381e8b629dae88ad) (NativeFormatImporter) -> (Import Result ID: '389412c22453a6506015b512698c8c0f') in 0.006730916 seconds [static dependencies only]. Details - ImportResultOutputID=46e1a26774a78494b38fc2bd72485fe3 DependenciesID=4b0c85ef8daa86efccbc00bf04a9d9d6 StaticDependenciesID=d1baed1a1ddd8a167e0ea0b351ad09fe 
Asset Pipeline Refresh (id=41a3183ef767941f3a77d7474368856b): Total: 0.070 seconds - Initiated by StopAssetImportingV2(NoUpdateAssetOptions)
Start importing Assets/BCaT/OptimizedMeshes/SM_Body_M_Body_0_70414_COL.asset using Guid(c40d7217b017c4cbc888e035f42b8736) (NativeFormatImporter) -> (Import Result ID: '3e99822de01025827d260648c8624824') in 0.005211708 seconds [static dependencies only]. Details - ImportResultOutputID=7a2d07caee08a7c3d452dfc53c0c53e6 DependenciesID=3bd28d0ba23e9d897e7a11df096d46e5 StaticDependenciesID=815149c8799f4921a57fbff88a3d1383 
Asset Pipeline Refresh (id=52a52cce29424422198de9f12465a24f): Total: 0.070 seconds - Initiated by StopAssetImportingV2(NoUpdateAssetOptions)
Start importing Assets/BCaT/OptimizedMeshes/SM_Body_M_Body_0_70416_LOD1.asset using Guid(a2921ffab28084bc1abcaa2b968ea2d2) (NativeFormatImporter) -> (Import Result ID: '87af4b430dfeccdd531c56b575e26d9b') in 0.009955334 seconds [static dependencies only]. Details - ImportResultOutputID=0311189ca8ab5eb4614fe1649219923b DependenciesID=5acc575099a43f1281f47ddbd6676d6f StaticDependenciesID=7a27f23aabce29c0df7f1d6092bed747 
Asset Pipeline Refresh (id=91d5c12f59c3b49429071ee081052e23): Total: 0.072 seconds - Initiated by StopAssetImportingV2(NoUpdateAssetOptions)
Start importing Assets/BCaT/OptimizedMeshes/SM_Body_M_Body_0_70416_LOD2.asset using Guid(361e8e391294849bdae00733818ff245) (NativeFormatImporter) -> (Import Result ID: '49a62379e98b4bc84a3155df0f491d00') in 0.006306542 seconds [static dependencies only]. Details - ImportResultOutputID=9a4587f59472e0a2b21da7993f7302f4 DependenciesID=4a629cfbb19cc269788508b9a4813b99 StaticDependenciesID=14fca053282db9530a3065c7b992e88e 
Asset Pipeline Refresh (id=6d42d723cb20544d380e0dd7fd63cd52): Total: 0.069 seconds - Initiated by StopAssetImportingV2(NoUpdateAssetOptions)
Start importing Assets/BCaT/OptimizedMeshes/SM_Body_M_Body_0_70416_COL.asset using Guid(0a39afbaef5354932b3f38fd8db88be5) (NativeFormatImporter) -> (Import Result ID: '05a490eef4039ca18ba48f3d4986279a') in 0.004541791 seconds [static dependencies only]. Details - ImportResultOutputID=0854bf7cf27d3717617583cedf741e5c DependenciesID=b6a1fb0cf281f09d5424b34322013977 StaticDependenciesID=044b24fcb35e242abdadaeed02105776 
Asset Pipeline Refresh (id=be790598f11a84959b0600758c4d0cca): Total: 0.069 seconds - Initiated by StopAssetImportingV2(NoUpdateAssetOptions)
Start importing Assets/BCaT/OptimizedMeshes/SM_Body_M_Body_0_70418_LOD1.asset using Guid(c9e46f194e4a443d4add564e92a6e6c3) (NativeFormatImporter) -> (Import Result ID: 'da4d44dfc855b7265701a9e90c7a580c') in 0.001546625 seconds [static dependencies only]. Details - ImportResultOutputID=4af350de12fe3670ed3286bc4508f8aa DependenciesID=1100bd96106fe69434d8da3c5e7b6b23 StaticDependenciesID=a9c720f99938509352e59595e7b6a749 
Asset Pipeline Refresh (id=502bc0f588c3a48bb924dd92d39bb4fb): Total: 0.064 seconds - Initiated by StopAssetImportingV2(NoUpdateAssetOptions)
Start importing Assets/BCaT/OptimizedMeshes/SM_Body_M_Body_0_70418_LOD2.asset using Guid(9fc78b5d0d7a245318cf0e6c0b50a7e9) (NativeFormatImporter) -> (Import Result ID: 'd4da6bcd271c8356ad5b67835012f546') in 0.001372792 seconds [static dependencies only]. Details - ImportResultOutputID=2f94186df4251955d9c109ceb95c6398 DependenciesID=6d5d2be688b4c1587456dd6eb8daaba2 StaticDependenciesID=6021501e356ce028bb049f5f865a3dfe 
Asset Pipeline Refresh (id=4e2139bfe8ec5405db1a7927e28765b6): Total: 0.062 seconds - Initiated by StopAssetImportingV2(NoUpdateAssetOptions)
Start importing Assets/BCaT/OptimizedMeshes/SM_Body_M_Body_0_70418_COL.asset using Guid(dc62cbfb22e514030a7b6911e7d52d5a) (NativeFormatImporter) -> (Import Result ID: 'af2c1714629afd1cfc6bfad44241a0f7') in 0.001269542 seconds [static dependencies only]. Details - ImportResultOutputID=18f7ba488af9d2de1514f03b2ced2362 DependenciesID=8178eaedb2ed1ec903f5624ded77820c StaticDependenciesID=dc0f3d39e8ae6aaca5b08417592eedde 
Asset Pipeline Refresh (id=71656c51f57894a7881e21875f1010c3): Total: 0.062 seconds - Initiated by StopAssetImportingV2(NoUpdateAssetOptions)
Start importing Assets/BCaT/OptimizedMeshes/SM_InnerBody_M_InnerBody_0_70420_LOD1.asset using Guid(c4f9cb91ddafd4986a7dfa8822d87b40) (NativeFormatImporter) -> (Import Result ID: '77123ba4344a69f0709a2222ac8ea5c2') in 0.008864625 seconds [static dependencies only]. Details - ImportResultOutputID=ef125830b94164b080a3d9b342ac82b0 DependenciesID=3f0147eb9a07578ffe4ee621e1b0426e StaticDependenciesID=9e361de0199ef3a3fc5b40b50cb64970 
Asset Pipeline Refresh (id=ed3bd81797fde4ceebf34a35b03b9313): Total: 0.072 seconds - Initiated by StopAssetImportingV2(NoUpdateAssetOptions)
Start importing Assets/BCaT/OptimizedMeshes/SM_InnerBody_M_InnerBody_0_70420_LOD2.asset using Guid(ac558fa2ff31b4ab195da1927afd7261) (NativeFormatImporter) -> (Import Result ID: 'dbc09fd9240f17035b50a7165158b989') in 0.006577041 seconds [static dependencies only]. Details - ImportResultOutputID=d400c59f4a3566325119a703391c01dc DependenciesID=f7df1cf15222e6491b27ebcacca9c22d StaticDependenciesID=b7aa67f88994abfcf8c9f647ac722aed 
Asset Pipeline Refresh (id=64fb09e8a3456410291a8a08b2e6ab86): Total: 0.071 seconds - Initiated by StopAssetImportingV2(NoUpdateAssetOptions)
Start importing Assets/BCaT/OptimizedMeshes/SM_InnerBody_M_InnerBody_0_70420_COL.asset using Guid(bd84284553fd448d5a93670b978f2e5e) (NativeFormatImporter) -> (Import Result ID: 'aa3a9d421fd2e59588fe6a4423ee03d0') in 0.004998958 seconds [static dependencies only]. Details - ImportResultOutputID=dd1e9ef1cb9f3d7cd6afc3c27303a44a DependenciesID=31ca64cbc800255fb6d5ff02b9baeb0b StaticDependenciesID=36d613c8c04b1fffa513643b618d3fa0 
Asset Pipeline Refresh (id=87ccac5cc965040dc8297c922fb559be): Total: 0.069 seconds - Initiated by StopAssetImportingV2(NoUpdateAssetOptions)
Start importing Assets/BCaT/OptimizedMeshes/Object_0_72476_LOD1.asset using Guid(be4ea062729df4cf9b1c646c9fe69297) (NativeFormatImporter) -> (Import Result ID: 'deb58bd2df914950f566f58835dfd481') in 0.001379833 seconds [static dependencies only]. Details - ImportResultOutputID=7ec44d77dfdb6697e59fad728e13c865 DependenciesID=f7513619fdc391c6b4bfad5a330c3fd0 StaticDependenciesID=e5bfc6948aa015902821f09da66772df 
Asset Pipeline Refresh (id=caa3609e5e699453a9a54c04af91e72a): Total: 0.064 seconds - Initiated by StopAssetImportingV2(NoUpdateAssetOptions)
Start importing Assets/BCaT/OptimizedMeshes/Object_0_72476_LOD2.asset using Guid(e5e6b36dbe52743bfbda3a2c640b8cd0) (NativeFormatImporter) -> (Import Result ID: '6ab78d27e0a6618decfc5854c2a341c3') in 0.001264166 seconds [static dependencies only]. Details - ImportResultOutputID=f054034933fc64f1cfa663a7e2a46e8f DependenciesID=f66e4004b12ed648ebf0f73094f80949 StaticDependenciesID=53f71ee704a0f086f4753bdff328c223 
Asset Pipeline Refresh (id=349d430a7dca549209f4f950ed00adcc): Total: 0.064 seconds - Initiated by StopAssetImportingV2(NoUpdateAssetOptions)
Start importing Assets/BCaT/OptimizedMeshes/Object_0_72476_COL.asset using Guid(b77d8f19dc4674601915a1e07f13e403) (NativeFormatImporter) -> (Import Result ID: '19f01cfa7af08f85deeb34d22586b827') in 0.001193542 seconds [static dependencies only]. Details - ImportResultOutputID=567a136ebd7f6af7130e30c8f8abbe93 DependenciesID=af283c54d137df742b2d856985022322 StaticDependenciesID=b3708f2faad7b6ba88125f88f30805a0 
Asset Pipeline Refresh (id=df2afdc741f744e138cff1f9e7098573): Total: 0.064 seconds - Initiated by StopAssetImportingV2(NoUpdateAssetOptions)
Start importing Assets/BCaT/OptimizedMeshes/Object_2_72480_LOD1.asset using Guid(9ca7ea0ebecd74499b24c8875b3985c8) (NativeFormatImporter) -> (Import Result ID: 'cbde9356553d85344802d0dce35aaa23') in 0.006985166 seconds [static dependencies only]. Details - ImportResultOutputID=f5a1918c680fb8578ce258ab38d78722 DependenciesID=1675b459fd8b377aaf3c15d46df9e2d0 StaticDependenciesID=fde4a577ec8ef956fcc58370d8fc7bc8 
Asset Pipeline Refresh (id=5a4ea4ca8584d48e89be43d872fee060): Total: 0.070 seconds - Initiated by StopAssetImportingV2(NoUpdateAssetOptions)
Start importing Assets/BCaT/OptimizedMeshes/Object_2_72480_LOD2.asset using Guid(25856defede8d4cfba2d5e5cff40be2d) (NativeFormatImporter) -> (Import Result ID: 'f362142a5f2fed1e41a5462eacb77ac2') in 0.003659125 seconds [static dependencies only]. Details - ImportResultOutputID=cb9e228792b6daa78d98086a6e2bf6d6 DependenciesID=22e0d1c922eb557449848dc530915309 StaticDependenciesID=e6b455906344a24d0d2bd89ea0ea4383 
Asset Pipeline Refresh (id=22c6f7bbe710a4ab889d809fc32c2f87): Total: 0.065 seconds - Initiated by StopAssetImportingV2(NoUpdateAssetOptions)
Start importing Assets/BCaT/OptimizedMeshes/Object_2_72480_COL.asset using Guid(fef6a7d42cd7c45038dc109ba0385d61) (NativeFormatImporter) -> (Import Result ID: 'b921eea053ca4676fed619c0dabaa9e3') in 0.002874083 seconds [static dependencies only]. Details - ImportResultOutputID=7545ef7ffd37253a3118866788314553 DependenciesID=e09633083279a786af88e2afa6a1efe8 StaticDependenciesID=624c910f0a8102bdccd18f8d8cda670c 
Asset Pipeline Refresh (id=2da4226fd0a234d7dbe60514f5f0d974): Total: 0.064 seconds - Initiated by StopAssetImportingV2(NoUpdateAssetOptions)
Start importing Assets/BCaT/OptimizedMeshes/Object_3_72482_LOD1.asset using Guid(08dd27854dd4e460e998ba96f672c520) (NativeFormatImporter) -> (Import Result ID: '01ffed79b1d66987d4e343e89354e6fd') in 0.006933583 seconds [static dependencies only]. Details - ImportResultOutputID=3c33f4bf2f1e0ba3382713c4c6e4efb2 DependenciesID=4e3c1379b55090302ca7f661d40d70bf StaticDependenciesID=28dc09af27a7e82f6c08fd8c39ad3507 
Asset Pipeline Refresh (id=56745308c757c472e9509d0d0e2fe2ef): Total: 0.069 seconds - Initiated by StopAssetImportingV2(NoUpdateAssetOptions)
Start importing Assets/BCaT/OptimizedMeshes/Object_3_72482_LOD2.asset using Guid(e9dbd4e438065497c926544a4d1177f5) (NativeFormatImporter) -> (Import Result ID: '30eba16af7aee2678870a21dd8428d52') in 0.003576583 seconds [static dependencies only]. Details - ImportResultOutputID=cdf8d3096f7e4b8b2c976e4e8942c7fe DependenciesID=a8dd54656b9b2f059ae1587215bb5930 StaticDependenciesID=a0c7d35c585252f671e7b6f4e083ec71 
Asset Pipeline Refresh (id=4fb3dacc3e8c9465fbcf77e2d3afd5d4): Total: 0.066 seconds - Initiated by StopAssetImportingV2(NoUpdateAssetOptions)
Start importing Assets/BCaT/OptimizedMeshes/Object_3_72482_COL.asset using Guid(da67ca16f91924af29f4eb72e0bf8379) (NativeFormatImporter) -> (Import Result ID: '8b4435d47f122b1250a2181a739f5908') in 0.002861292 seconds [static dependencies only]. Details - ImportResultOutputID=cf2f5f92f9796c2ed21d6cffee0b68b9 DependenciesID=97aae076d100bc217885fd8b1b0afd08 StaticDependenciesID=697902e9f7d3f00dd772fd320d7354e2 
Asset Pipeline Refresh (id=563436022ad744918a4cb15708098f24): Total: 0.064 seconds - Initiated by StopAssetImportingV2(NoUpdateAssetOptions)
Start importing Assets/BCaT/OptimizedMeshes/Object_4_72484_LOD1.asset using Guid(f0fc9b27c730a420c95bf876f90a6745) (NativeFormatImporter) -> (Import Result ID: '1a42b4fc732b006ce3428372b066ab20') in 0.006945083 seconds [static dependencies only]. Details - ImportResultOutputID=252c9143ceb13938861f61469b270693 DependenciesID=8b2acb04a094f99d4d962c799e7bdd7e StaticDependenciesID=9905c6fe9c9df7505702c4c1080f961b 
Asset Pipeline Refresh (id=7dce2cf14b6f14a138ed80576011d712): Total: 0.069 seconds - Initiated by StopAssetImportingV2(NoUpdateAssetOptions)
Start importing Assets/BCaT/OptimizedMeshes/Object_4_72484_LOD2.asset using Guid(0febd30ad9cc1446bbfc4ced1d8f60ae) (NativeFormatImporter) -> (Import Result ID: 'fbfdebcb72ad0f94f43aa833ab567b3f') in 0.003601583 seconds [static dependencies only]. Details - ImportResultOutputID=44dc5f02cedbfd1406143826c8918558 DependenciesID=7f36e66a272f531e822d8d38c14816e6 StaticDependenciesID=8d42448b6f3a446de1e4a35ea2d1a207 
Asset Pipeline Refresh (id=9a053945931ab4193b67bead0b71fa8a): Total: 0.066 seconds - Initiated by StopAssetImportingV2(NoUpdateAssetOptions)
Start importing Assets/BCaT/OptimizedMeshes/Object_4_72484_COL.asset using Guid(9b4402ce4fe23480e8d250bb118fffe9) (NativeFormatImporter) -> (Import Result ID: '15d14ffd79854712886b2a920034f2d0') in 0.002861166 seconds [static dependencies only]. Details - ImportResultOutputID=1368cdd72e22c092a1cab46e188920b2 DependenciesID=0ff080f4493ee6c342c8372c3a76eee2 StaticDependenciesID=2705c2d423e0f44d501b5619ddabee6b 
Asset Pipeline Refresh (id=869fe455cf26b4f5cb9aab8036587647): Total: 0.065 seconds - Initiated by StopAssetImportingV2(NoUpdateAssetOptions)
Start importing Assets/BCaT/OptimizedMeshes/Object_5_72486_LOD1.asset using Guid(dd346df391ca44b35a96fc4fe700c422) (NativeFormatImporter) -> (Import Result ID: 'a0462350a6a85c192dd69457d9023d31') in 0.007055625 seconds [static dependencies only]. Details - ImportResultOutputID=3205fccecb5cf97a90cf04d5bbb6a18f DependenciesID=6e9756901da9068d7f55470f234e1735 StaticDependenciesID=8cb770a68b137ef1055c789c18684c60 
Asset Pipeline Refresh (id=4b25e50f72ddc41738fd1ef5645908cc): Total: 0.069 seconds - Initiated by StopAssetImportingV2(NoUpdateAssetOptions)
Start importing Assets/BCaT/OptimizedMeshes/Object_5_72486_LOD2.asset using Guid(b8ca0dde7504945b0a0bcc2f71e49729) (NativeFormatImporter) -> (Import Result ID: '550dc64a82a72058d545a728a42aaba2') in 0.003586667 seconds [static dependencies only]. Details - ImportResultOutputID=1101f95a661e6badfb8dcf445317a619 DependenciesID=b641d9fce51f6a736097cbe668268166 StaticDependenciesID=0dd9d9782f4610e4ff6dbbdedde07c21 
Asset Pipeline Refresh (id=d01b582e143b74715a2341c472b2535a): Total: 0.065 seconds - Initiated by StopAssetImportingV2(NoUpdateAssetOptions)
Start importing Assets/BCaT/OptimizedMeshes/Object_5_72486_COL.asset using Guid(8e8c98fbd51f04cb7a1256654bcbdcb3) (NativeFormatImporter) -> (Import Result ID: 'a55ec17be93d8130f036e2d4d8115b59') in 0.00288625 seconds [static dependencies only]. Details - ImportResultOutputID=90e439daedc91ddcba1afe6029575b33 DependenciesID=6c5e825de096f578bcacc0bd6c93a2ee StaticDependenciesID=0b61ae430dc64d0c192cc68bc4a3553e 
Asset Pipeline Refresh (id=3053872e818e749c09a9c7d697edcd70): Total: 0.064 seconds - Initiated by StopAssetImportingV2(NoUpdateAssetOptions)
Start importing Assets/BCaT/OptimizedMeshes/Object_6_72488_LOD1.asset using Guid(25cc5383c3e1e4ee999e36b96c7c4451) (NativeFormatImporter) -> (Import Result ID: 'cea1118b299020330eaa28e722ef03e5') in 0.001755292 seconds [static dependencies only]. Details - ImportResultOutputID=e7d9ee668656bf20050035821d74e82f DependenciesID=7bd298193191d783d16bb0f097b5f28e StaticDependenciesID=5bbb84adf67f4982b28ee65c289a51d6 
Asset Pipeline Refresh (id=13a75eb35929d4205a128c0360f80beb): Total: 0.064 seconds - Initiated by StopAssetImportingV2(NoUpdateAssetOptions)
Start importing Assets/BCaT/OptimizedMeshes/Object_6_72488_LOD2.asset using Guid(404893a41d9b94c9ba8b160731352f4d) (NativeFormatImporter) -> (Import Result ID: '30f4aa6590b2c94eb3f2c12faeb243e9') in 0.001360958 seconds [static dependencies only]. Details - ImportResultOutputID=b7a7b3fcdc985dadef054ce4853e2fcf DependenciesID=7116805dcc99a301083b7631597538ae StaticDependenciesID=bafef0b9c70cba2060b106c5c5a8aadd 
Asset Pipeline Refresh (id=e424566b9fddc49b0a6f33a8681d8004): Total: 0.063 seconds - Initiated by StopAssetImportingV2(NoUpdateAssetOptions)
Start importing Assets/BCaT/OptimizedMeshes/Object_6_72488_COL.asset using Guid(628ab96018af54b5996031fbfe5cc80f) (NativeFormatImporter) -> (Import Result ID: '59455aad699027f790b8bc6c280d6110') in 0.001286708 seconds [static dependencies only]. Details - ImportResultOutputID=9e16189928c05f07d6aabb6705a2f6ba DependenciesID=1ac02a44af8354c6535ab845e16093ae StaticDependenciesID=359df819e9c014712aab1fbe45ebcf62 
Asset Pipeline Refresh (id=9720762ef35ce40119042787eca805af): Total: 0.062 seconds - Initiated by StopAssetImportingV2(NoUpdateAssetOptions)
Start importing Assets/BCaT/OptimizedMeshes/Object_8_72492_LOD1.asset using Guid(9f7e542f27de6485faafe0b99857850a) (NativeFormatImporter) -> (Import Result ID: '6922d177263d6f24800ecab300792376') in 0.010052208 seconds [static dependencies only]. Details - ImportResultOutputID=0b828deac8a05edd10c08daec10bc82d DependenciesID=cb2233f6ee835a38816578f4662cdf63 StaticDependenciesID=cfe348cdd6c172710202782e13ec4e44 
Asset Pipeline Refresh (id=c118e9ea3f5f6424796f84c88b4a6876): Total: 0.073 seconds - Initiated by StopAssetImportingV2(NoUpdateAssetOptions)
Start importing Assets/BCaT/OptimizedMeshes/Object_8_72492_LOD2.asset using Guid(169983be2b0464931a83fe08ba5ebd02) (NativeFormatImporter) -> (Import Result ID: 'c513a8726e0517b66fc557c895431641') in 0.006144875 seconds [static dependencies only]. Details - ImportResultOutputID=64d257f9f99ba467cffb8eddf434b561 DependenciesID=d48cc3d5a2a4ccb301fc2dc3d93aecaa StaticDependenciesID=2c674f6d73ac0e1dee30697683966faf 
Asset Pipeline Refresh (id=a5e62a6e74aa64cfaa3f5750bf82bc7f): Total: 0.068 seconds - Initiated by StopAssetImportingV2(NoUpdateAssetOptions)
Start importing Assets/BCaT/OptimizedMeshes/Object_8_72492_COL.asset using Guid(bfb37cb541a4640308b76143226ed762) (NativeFormatImporter) -> (Import Result ID: 'c211ecf5fb73f31940ab0017968b6518') in 0.005247333 seconds [static dependencies only]. Details - ImportResultOutputID=76afb11a9601c3ba6306e4e695eaa92d DependenciesID=0be1bdad7cd805609a3b056a551b26ca StaticDependenciesID=731fcc1e33688924ab87bad6ae350815 
Asset Pipeline Refresh (id=5965a252d044a4f1f9738abeb2d1fc71): Total: 0.068 seconds - Initiated by StopAssetImportingV2(NoUpdateAssetOptions)
Start importing Assets/BCaT/OptimizedMeshes/Object_9_72494_LOD1.asset using Guid(464eb5d2cb8044d03946ae883f6348ba) (NativeFormatImporter) -> (Import Result ID: 'b939e70f64f215bf829dd7e9e958febf') in 0.004023 seconds [static dependencies only]. Details - ImportResultOutputID=1c97f07d2d0f9f17b42fb20095accca7 DependenciesID=9c44283afd1b0a17997bc8394000f44b StaticDependenciesID=a052f01401b3d368c22029199ebac60d 
Asset Pipeline Refresh (id=684d2aa94a418429681890b1021fdaaf): Total: 0.068 seconds - Initiated by StopAssetImportingV2(NoUpdateAssetOptions)
Start importing Assets/BCaT/OptimizedMeshes/Object_9_72494_LOD2.asset using Guid(9bcf1b49aa80c4bf4bcef1f30884c759) (NativeFormatImporter) -> (Import Result ID: '3bc79ebd5bd7e402aab644fd6e0868c6') in 0.002890584 seconds [static dependencies only]. Details - ImportResultOutputID=79b2c49fb8727659e9eb98c26de44b77 DependenciesID=757b34acde76e8a7f69f5e271e8d5441 StaticDependenciesID=bf5bdf92316a04ccc58c435086583277 
Asset Pipeline Refresh (id=29bbe415a21a44351a1b2fdeddde4d56): Total: 0.066 seconds - Initiated by StopAssetImportingV2(NoUpdateAssetOptions)
Start importing Assets/BCaT/OptimizedMeshes/Object_9_72494_COL.asset using Guid(ff81135668ffc409cb8ba82412e1834c) (NativeFormatImporter) -> (Import Result ID: '4f87a78247c711b865e2bda6bb56cc92') in 0.002448917 seconds [static dependencies only]. Details - ImportResultOutputID=b1fe57c3cb63d3d2103fc636a41bca5e DependenciesID=125f56c1dfbcbdc45e8bd1cbb51cd5cf StaticDependenciesID=2a184a7ff9daa6d3f71faf054c6c0041 
Asset Pipeline Refresh (id=f58e2f789ea044e7a918d0bc25e2d802): Total: 0.066 seconds - Initiated by StopAssetImportingV2(NoUpdateAssetOptions)
Start importing Assets/BCaT/OptimizedMeshes/Drum_001_Drum_0_70106_LOD1.asset using Guid(007f39a073c844bc3bdb9c30f6d4c6b4) (NativeFormatImporter) -> (Import Result ID: '5b7ad59d3c3199a3b820f9693d536e02') in 0.011590833 seconds [static dependencies only]. Details - ImportResultOutputID=9c286969e9e8b7a366a730cc7e644fcb DependenciesID=2967bfd64808417de4572fbe1c85458d StaticDependenciesID=88678059e30b71fedc45a3f673a76d8b 
Asset Pipeline Refresh (id=eaed4fd0b4562434d897bccc2d0d8167): Total: 0.074 seconds - Initiated by StopAssetImportingV2(NoUpdateAssetOptions)
Start importing Assets/BCaT/OptimizedMeshes/Drum_001_Drum_0_70106_LOD2.asset using Guid(c8bb46cdfd9e743629f6a8f17190abe2) (NativeFormatImporter) -> (Import Result ID: 'e87ff55504241b4f91ae0723ab92e7b2') in 0.007366 seconds [static dependencies only]. Details - ImportResultOutputID=fb3ff5ddcfcc3a9d6c0c20da9982e4c2 DependenciesID=d27006fb4820c0702678f09ef194abb7 StaticDependenciesID=20c0042a752ef52872003bed7936dc0c 
Asset Pipeline Refresh (id=3bc6edd834f5844079d8d22a568e83c1): Total: 0.069 seconds - Initiated by StopAssetImportingV2(NoUpdateAssetOptions)
Start importing Assets/BCaT/OptimizedMeshes/Drum_001_Drum_0_70106_COL.asset using Guid(aef49aabd233e4c53b97fb8331d6a98f) (NativeFormatImporter) -> (Import Result ID: 'd224ebba53e3204cc012192fd9efe877') in 0.005488459 seconds [static dependencies only]. Details - ImportResultOutputID=762aaea99137520fe06e039e22a6917e DependenciesID=72ab6df186102a6cf0ce7079f56173cc StaticDependenciesID=1b75a5ca6effc040816840404449ccf6 
Asset Pipeline Refresh (id=d35226bd2b08d4d52b87fc519e99d43f): Total: 0.067 seconds - Initiated by StopAssetImportingV2(NoUpdateAssetOptions)
Start importing Assets/BCaT/OptimizedMeshes/Drum_001_Drum_0_70108_LOD1.asset using Guid(089ead3dd704a4e9994d5e08f36b8d47) (NativeFormatImporter) -> (Import Result ID: 'b14bdf2ad920d67ebf7e4456bee6fdff') in 0.011011375 seconds [static dependencies only]. Details - ImportResultOutputID=bf95f58388dc6852d0608d70e6d09b00 DependenciesID=c1f4edb59dcd59cbef4ba4f09fb7a37b StaticDependenciesID=e372eeba0647e394ca5bd03163b2d7fe 
Asset Pipeline Refresh (id=fab7289c2c25d44368c7050d5a0fc2f8): Total: 0.074 seconds - Initiated by StopAssetImportingV2(NoUpdateAssetOptions)
Start importing Assets/BCaT/OptimizedMeshes/Drum_001_Drum_0_70108_LOD2.asset using Guid(06967bdbb746a46459dcdc1fda4c90e6) (NativeFormatImporter) -> (Import Result ID: '0044a6b03035592380ef49849c176f98') in 0.006777666 seconds [static dependencies only]. Details - ImportResultOutputID=c75f872284b1d36494d16d2b4b08bab9 DependenciesID=4d972a190b84d91fd706394fed50fc0a StaticDependenciesID=a7252afc8607f074d9c9796374a07101 
Asset Pipeline Refresh (id=be81305f9cb7b47fea73ee5fa2be957b): Total: 0.070 seconds - Initiated by StopAssetImportingV2(NoUpdateAssetOptions)
Start importing Assets/BCaT/OptimizedMeshes/Drum_001_Drum_0_70108_COL.asset using Guid(642064e9c54f344bda75c2409e72c3b8) (NativeFormatImporter) -> (Import Result ID: '40838bd819610a156dcb12bdc22e06b7') in 0.00461075 seconds [static dependencies only]. Details - ImportResultOutputID=169767a11ea134a5f62eb22aa840fd93 DependenciesID=29cbe0b9d5352ab4d9594e51d09c6006 StaticDependenciesID=23f56e0e061469d1f3ce2488e15d5e94 
Asset Pipeline Refresh (id=ae35cf79a0a804c76a2497d6909dd4b2): Total: 0.068 seconds - Initiated by StopAssetImportingV2(NoUpdateAssetOptions)
Start importing Assets/BCaT/OptimizedMeshes/Drum_001_Drum_0_70110_LOD1.asset using Guid(ca0a0195fdf9a45d8b1134ccf8076b14) (NativeFormatImporter) -> (Import Result ID: '14a6926f1777d0d1c6ff460bee561748') in 0.0067915 seconds [static dependencies only]. Details - ImportResultOutputID=3b7ad9956cf0f4b208c0d961d10528ad DependenciesID=850a205586495a9f248b49949745ec79 StaticDependenciesID=77ab39ad9eae43ac80e3a12bb4bc9763 
Asset Pipeline Refresh (id=d0a791f96025642f19122f368afd79dd): Total: 0.069 seconds - Initiated by StopAssetImportingV2(NoUpdateAssetOptions)
Start importing Assets/BCaT/OptimizedMeshes/Drum_001_Drum_0_70110_LOD2.asset using Guid(0e6bdffcc7b9b4bcc80ce412cb5c6275) (NativeFormatImporter) -> (Import Result ID: '70cecb2e80df86a8dcabbcef81ba9499') in 0.003594542 seconds [static dependencies only]. Details - ImportResultOutputID=eb9fc99c2bb1c551984b9aa636bcac55 DependenciesID=62853a86a8e6ba1d501513533861baa9 StaticDependenciesID=674776034e4a8858eddd280ce321d9e6 
Asset Pipeline Refresh (id=522449aa0e4d14eabb402e7e1f8ccc77): Total: 0.067 seconds - Initiated by StopAssetImportingV2(NoUpdateAssetOptions)
Start importing Assets/BCaT/OptimizedMeshes/Drum_001_Drum_0_70110_COL.asset using Guid(8fa71f53358394edcb7f07167453f81b) (NativeFormatImporter) -> (Import Result ID: 'a2c01f7eaea583c346d4d549c10cc08d') in 0.002507042 seconds [static dependencies only]. Details - ImportResultOutputID=dfcde35227ef203521bed08ce0ba872e DependenciesID=331f6efbecfb8a545e12e1c18620c24a StaticDependenciesID=423b877ae04c2bf9318cc489ee4cb85f 
Asset Pipeline Refresh (id=e77bff12775a8418da23228ea145aa0a): Total: 0.065 seconds - Initiated by StopAssetImportingV2(NoUpdateAssetOptions)
[FullOpt] phase done: lods_top_assets
UnityEngine.Debug:ExtractStackTraceNoAlloc (byte*,int,string)
UnityEngine.StackTraceUtility:ExtractStackTrace () (at /Users/bokken/build/output/unity/unity/Runtime/Export/Scripting/StackTrace.cs:35)
UnityEngine.DebugLogHandler:Internal_Log (UnityEngine.LogType,UnityEngine.LogOption,string,UnityEngine.Object)
UnityEngine.DebugLogHandler:LogFormat (UnityEngine.LogType,UnityEngine.Object,string,object[])
UnityEngine.Logger:Log (UnityEngine.LogType,object)
UnityEngine.Debug:Log (object)
BCAT.OptimizationPass.FullOptimizationPassTool:Phase (string,System.Action) (at Assets/Editor/FullOptimizationPass/FullOptimizationPassTool.cs:101)
BCAT.OptimizationPass.FullOptimizationPassTool:RunFullPass () (at Assets/Editor/FullOptimizationPass/FullOptimizationPassTool.cs:66)

(Filename: Assets/Editor/FullOptimizationPass/FullOptimizationPassTool.cs Line: 101)

[FullOpt] phase start: lods_fbx_existing
UnityEngine.Debug:ExtractStackTraceNoAlloc (byte*,int,string)
UnityEngine.StackTraceUtility:ExtractStackTrace () (at /Users/bokken/build/output/unity/unity/Runtime/Export/Scripting/StackTrace.cs:35)
UnityEngine.DebugLogHandler:Internal_Log (UnityEngine.LogType,UnityEngine.LogOption,string,UnityEngine.Object)
UnityEngine.DebugLogHandler:LogFormat (UnityEngine.LogType,UnityEngine.Object,string,object[])
UnityEngine.Logger:Log (UnityEngine.LogType,object)
UnityEngine.Debug:Log (object)
BCAT.OptimizationPass.FullOptimizationPassTool:Phase (string,System.Action) (at Assets/Editor/FullOptimizationPass/FullOptimizationPassTool.cs:99)
BCAT.OptimizationPass.FullOptimizationPassTool:RunFullPass () (at Assets/Editor/FullOptimizationPass/FullOptimizationPassTool.cs:67)

(Filename: Assets/Editor/FullOptimizationPass/FullOptimizationPassTool.cs Line: 99)

[FullOpt] phase done: lods_fbx_existing
UnityEngine.Debug:ExtractStackTraceNoAlloc (byte*,int,string)
UnityEngine.StackTraceUtility:ExtractStackTrace () (at /Users/bokken/build/output/unity/unity/Runtime/Export/Scripting/StackTrace.cs:35)
UnityEngine.DebugLogHandler:Internal_Log (UnityEngine.LogType,UnityEngine.LogOption,string,UnityEngine.Object)
UnityEngine.DebugLogHandler:LogFormat (UnityEngine.LogType,UnityEngine.Object,string,object[])
UnityEngine.Logger:Log (UnityEngine.LogType,object)
UnityEngine.Debug:Log (object)
BCAT.OptimizationPass.FullOptimizationPassTool:Phase (string,System.Action) (at Assets/Editor/FullOptimizationPass/FullOptimizationPassTool.cs:101)
BCAT.OptimizationPass.FullOptimizationPassTool:RunFullPass () (at Assets/Editor/FullOptimizationPass/FullOptimizationPassTool.cs:67)

(Filename: Assets/Editor/FullOptimizationPass/FullOptimizationPassTool.cs Line: 101)

[FullOpt] phase start: colliders
UnityEngine.Debug:ExtractStackTraceNoAlloc (byte*,int,string)
UnityEngine.StackTraceUtility:ExtractStackTrace () (at /Users/bokken/build/output/unity/unity/Runtime/Export/Scripting/StackTrace.cs:35)
UnityEngine.DebugLogHandler:Internal_Log (UnityEngine.LogType,UnityEngine.LogOption,string,UnityEngine.Object)
UnityEngine.DebugLogHandler:LogFormat (UnityEngine.LogType,UnityEngine.Object,string,object[])
UnityEngine.Logger:Log (UnityEngine.LogType,object)
UnityEngine.Debug:Log (object)
BCAT.OptimizationPass.FullOptimizationPassTool:Phase (string,System.Action) (at Assets/Editor/FullOptimizationPass/FullOptimizationPassTool.cs:99)
BCAT.OptimizationPass.FullOptimizationPassTool:RunFullPass () (at Assets/Editor/FullOptimizationPass/FullOptimizationPassTool.cs:68)

(Filename: Assets/Editor/FullOptimizationPass/FullOptimizationPassTool.cs Line: 99)

Start importing Assets/BCaT/OptimizedMeshes/flowere1_88972_LOD1.asset using Guid(a28412cbf5c8b43038599d8b0064a8a5) (NativeFormatImporter) -> (Import Result ID: '55f7e72ad3f27ca95a393df87cebe1fe') in 0.003392791 seconds [static dependencies only]. Details - ImportResultOutputID=ef1fb3e8fd2b76cb9e14e8641addb788 DependenciesID=f4cbe236c1466bf9e6dffb304bb72209 StaticDependenciesID=5218a8b34e3816e49d634ec4e85c5e0b 
Asset Pipeline Refresh (id=f3da8fad7de0641b1bba2da3169f9321): Total: 0.070 seconds - Initiated by StopAssetImportingV2(NoUpdateAssetOptions)
Start importing Assets/BCaT/OptimizedMeshes/flowere1_88972_LOD2.asset using Guid(36264f375e516425b9aeed84058889d7) (NativeFormatImporter) -> (Import Result ID: 'f9fc25081c1921f87e545e56c5a2e45c') in 0.0023285 seconds [static dependencies only]. Details - ImportResultOutputID=f2e4b392fa2fdca1e98ff5f9f43baa70 DependenciesID=84ed72543381edb2549bbae94844e49e StaticDependenciesID=2d0e06e86f46a8e6cfa6fb26befa44b1 
Asset Pipeline Refresh (id=19de0400dba4f4d04a6b8b8176fea45d): Total: 0.064 seconds - Initiated by StopAssetImportingV2(NoUpdateAssetOptions)
Start importing Assets/BCaT/OptimizedMeshes/flowere1_88972_COL.asset using Guid(3adc88a70f00c4d1d8a010d92d26891d) (NativeFormatImporter) -> (Import Result ID: '8138c552c36d72af69f2a0ede5e37d8b') in 0.001972042 seconds [static dependencies only]. Details - ImportResultOutputID=128c277d3382636b47c8a69a79e8fa9c DependenciesID=147e3a4155598145b491f9eba03f59f3 StaticDependenciesID=ba07aa43183e2c8a2c2b7b78698b0f7e 
Asset Pipeline Refresh (id=d9548a6c75ae049a3b41fce91b8befc4): Total: 0.064 seconds - Initiated by StopAssetImportingV2(NoUpdateAssetOptions)
Start importing Assets/BCaT/OptimizedMeshes/Object32368_82794_LOD1.asset using Guid(4bd80a0a67e174f508b0b984ffc9118b) (NativeFormatImporter) -> (Import Result ID: '033f0cd2dc0a7cdd5f82f0c1d5d93dc6') in 0.001920792 seconds [static dependencies only]. Details - ImportResultOutputID=fd3f750be96ed8d1caaebcecb6dc801d DependenciesID=3c022a9f29ed0eb92078839264f32f39 StaticDependenciesID=f4afd845df65e15ffad325afcaae27c3 
Asset Pipeline Refresh (id=afb91bcf0e566490f8a0ce0697c41315): Total: 0.066 seconds - Initiated by StopAssetImportingV2(NoUpdateAssetOptions)
Start importing Assets/BCaT/OptimizedMeshes/Object32368_82794_LOD2.asset using Guid(7b9cbe10c2aff4c5995a118194305673) (NativeFormatImporter) -> (Import Result ID: '30a68a45f7fa545e7b668a7db864bfa9') in 0.001563916 seconds [static dependencies only]. Details - ImportResultOutputID=ef521e573bace0d298e267334ee7a976 DependenciesID=9d135092fb2567bfdb280210f0fb93d4 StaticDependenciesID=2dda82c04c8e5ede0854245f780efcc1 
Asset Pipeline Refresh (id=6a877965a26194cb394ff1e8263857b1): Total: 0.066 seconds - Initiated by StopAssetImportingV2(NoUpdateAssetOptions)
Start importing Assets/BCaT/OptimizedMeshes/Object32368_82794_COL.asset using Guid(ffd7f635715e241cba6682154cca8889) (NativeFormatImporter) -> (Import Result ID: '799579f25dd2474b8120ef93ae33af3c') in 0.001408541 seconds [static dependencies only]. Details - ImportResultOutputID=4feaacc31d35cb2e7a5d2c6352bb9655 DependenciesID=28302a35eabd57d32a4f8e81cfaa7fee StaticDependenciesID=d2258ed6105db31543d01411742c1d5d 
Asset Pipeline Refresh (id=6620e0fa5120c42819da5f154ce366c7): Total: 0.066 seconds - Initiated by StopAssetImportingV2(NoUpdateAssetOptions)
[FullOpt] phase done: colliders
UnityEngine.Debug:ExtractStackTraceNoAlloc (byte*,int,string)
UnityEngine.StackTraceUtility:ExtractStackTrace () (at /Users/bokken/build/output/unity/unity/Runtime/Export/Scripting/StackTrace.cs:35)
UnityEngine.DebugLogHandler:Internal_Log (UnityEngine.LogType,UnityEngine.LogOption,string,UnityEngine.Object)
UnityEngine.DebugLogHandler:LogFormat (UnityEngine.LogType,UnityEngine.Object,string,object[])
UnityEngine.Logger:Log (UnityEngine.LogType,object)
UnityEngine.Debug:Log (object)
BCAT.OptimizationPass.FullOptimizationPassTool:Phase (string,System.Action) (at Assets/Editor/FullOptimizationPass/FullOptimizationPassTool.cs:101)
BCAT.OptimizationPass.FullOptimizationPassTool:RunFullPass () (at Assets/Editor/FullOptimizationPass/FullOptimizationPassTool.cs:68)

(Filename: Assets/Editor/FullOptimizationPass/FullOptimizationPassTool.cs Line: 101)

[FullOpt] phase start: renderer_reduction
UnityEngine.Debug:ExtractStackTraceNoAlloc (byte*,int,string)
UnityEngine.StackTraceUtility:ExtractStackTrace () (at /Users/bokken/build/output/unity/unity/Runtime/Export/Scripting/StackTrace.cs:35)
UnityEngine.DebugLogHandler:Internal_Log (UnityEngine.LogType,UnityEngine.LogOption,string,UnityEngine.Object)
UnityEngine.DebugLogHandler:LogFormat (UnityEngine.LogType,UnityEngine.Object,string,object[])
UnityEngine.Logger:Log (UnityEngine.LogType,object)
UnityEngine.Debug:Log (object)
BCAT.OptimizationPass.FullOptimizationPassTool:Phase (string,System.Action) (at Assets/Editor/FullOptimizationPass/FullOptimizationPassTool.cs:99)
BCAT.OptimizationPass.FullOptimizationPassTool:RunFullPass () (at Assets/Editor/FullOptimizationPass/FullOptimizationPassTool.cs:69)

(Filename: Assets/Editor/FullOptimizationPass/FullOptimizationPassTool.cs Line: 99)

Start importing Assets/BCaT/OptimizedMeshes/Combined_Flowers_Left_0.asset using Guid(a947de2c52b3d44f3be4c7aa1106aada) (NativeFormatImporter) -> (Import Result ID: '5d9e6761984b2c6fce54b87cf353e7a8') in 0.010488416 seconds [static dependencies only]. Details - ImportResultOutputID=ce3baf56a3f6b29db83da6e07f06a7e8 DependenciesID=569795bfc83c54d31a7c4069229cc20d StaticDependenciesID=9ce2159df333085c52ec7fc74f9d8ba5 
Asset Pipeline Refresh (id=9bf3efe25d43e4b01a8792a433e02088): Total: 0.074 seconds - Initiated by StopAssetImportingV2(NoUpdateAssetOptions)
Start importing Assets/BCaT/OptimizedMeshes/Combined_Flowers_Left_1.asset using Guid(6ffc51f01ee314f9bae132719d1c0e9e) (NativeFormatImporter) -> (Import Result ID: '453c097a36fc47c04cff365c4f69bdbb') in 0.007362334 seconds [static dependencies only]. Details - ImportResultOutputID=e8624bdc7f4f3f286c10f3ededfd1dda DependenciesID=bcea43bd29e2bdd6496bd72001e0216f StaticDependenciesID=d753dc250274d0d9dbf5aed781ceddba 
Asset Pipeline Refresh (id=5c854b2134ad9467a864a4b90ce20e94): Total: 0.071 seconds - Initiated by StopAssetImportingV2(NoUpdateAssetOptions)
Start importing Assets/BCaT/OptimizedMeshes/Combined_Flowers_Right_0.asset using Guid(75a87f5849e5c4b088aa64be1ce0383f) (NativeFormatImporter) -> (Import Result ID: 'cd35296f023278fff920593d22c91bc9') in 0.010398209 seconds [static dependencies only]. Details - ImportResultOutputID=fcf0aff89d141aac64d19ac56236a645 DependenciesID=cbb81c2328a094a053fa752d881c6426 StaticDependenciesID=c3fd91ce755fe0bcf2f9f9df66bce45b 
Asset Pipeline Refresh (id=468a6ba18560b4aa397b0a258f3f3523): Total: 0.075 seconds - Initiated by StopAssetImportingV2(NoUpdateAssetOptions)
Start importing Assets/BCaT/OptimizedMeshes/Combined_Flowers_Right_1.asset using Guid(e8762517510d44edeab95bea7e878821) (NativeFormatImporter) -> (Import Result ID: 'e8ca33a8b99177de50cc97cc222d0fe8') in 0.005359 seconds [static dependencies only]. Details - ImportResultOutputID=f4b3000f2e9634d302f9ef422b611a28 DependenciesID=e283cc298078bb30e9c2d351536ee495 StaticDependenciesID=5e2a6e7e8e36ebcaaa988f12c7c00228 
Asset Pipeline Refresh (id=7c0b7185ad6d74261b0fc392eb5f803c): Total: 0.068 seconds - Initiated by StopAssetImportingV2(NoUpdateAssetOptions)
[FullOpt] phase done: renderer_reduction
UnityEngine.Debug:ExtractStackTraceNoAlloc (byte*,int,string)
UnityEngine.StackTraceUtility:ExtractStackTrace () (at /Users/bokken/build/output/unity/unity/Runtime/Export/Scripting/StackTrace.cs:35)
UnityEngine.DebugLogHandler:Internal_Log (UnityEngine.LogType,UnityEngine.LogOption,string,UnityEngine.Object)
UnityEngine.DebugLogHandler:LogFormat (UnityEngine.LogType,UnityEngine.Object,string,object[])
UnityEngine.Logger:Log (UnityEngine.LogType,object)
UnityEngine.Debug:Log (object)
BCAT.OptimizationPass.FullOptimizationPassTool:Phase (string,System.Action) (at Assets/Editor/FullOptimizationPass/FullOptimizationPassTool.cs:101)
BCAT.OptimizationPass.FullOptimizationPassTool:RunFullPass () (at Assets/Editor/FullOptimizationPass/FullOptimizationPassTool.cs:69)

(Filename: Assets/Editor/FullOptimizationPass/FullOptimizationPassTool.cs Line: 101)

[FullOpt] phase start: canvases_main
UnityEngine.Debug:ExtractStackTraceNoAlloc (byte*,int,string)
UnityEngine.StackTraceUtility:ExtractStackTrace () (at /Users/bokken/build/output/unity/unity/Runtime/Export/Scripting/StackTrace.cs:35)
UnityEngine.DebugLogHandler:Internal_Log (UnityEngine.LogType,UnityEngine.LogOption,string,UnityEngine.Object)
UnityEngine.DebugLogHandler:LogFormat (UnityEngine.LogType,UnityEngine.Object,string,object[])
UnityEngine.Logger:Log (UnityEngine.LogType,object)
UnityEngine.Debug:Log (object)
BCAT.OptimizationPass.FullOptimizationPassTool:Phase (string,System.Action) (at Assets/Editor/FullOptimizationPass/FullOptimizationPassTool.cs:99)
BCAT.OptimizationPass.FullOptimizationPassTool:RunFullPass () (at Assets/Editor/FullOptimizationPass/FullOptimizationPassTool.cs:70)

(Filename: Assets/Editor/FullOptimizationPass/FullOptimizationPassTool.cs Line: 99)

[FullOpt] phase done: canvases_main
UnityEngine.Debug:ExtractStackTraceNoAlloc (byte*,int,string)
UnityEngine.StackTraceUtility:ExtractStackTrace () (at /Users/bokken/build/output/unity/unity/Runtime/Export/Scripting/StackTrace.cs:35)
UnityEngine.DebugLogHandler:Internal_Log (UnityEngine.LogType,UnityEngine.LogOption,string,UnityEngine.Object)
UnityEngine.DebugLogHandler:LogFormat (UnityEngine.LogType,UnityEngine.Object,string,object[])
UnityEngine.Logger:Log (UnityEngine.LogType,object)
UnityEngine.Debug:Log (object)
BCAT.OptimizationPass.FullOptimizationPassTool:Phase (string,System.Action) (at Assets/Editor/FullOptimizationPass/FullOptimizationPassTool.cs:101)
BCAT.OptimizationPass.FullOptimizationPassTool:RunFullPass () (at Assets/Editor/FullOptimizationPass/FullOptimizationPassTool.cs:70)

(Filename: Assets/Editor/FullOptimizationPass/FullOptimizationPassTool.cs Line: 101)

Start importing Assets/My_Custom/mtrls/OldPathway.mat using Guid(003417dd7d9cb4c0c902648b40efba54) (NativeFormatImporter) -> (Import Result ID: 'e67fb8befb4940e53044f800ae8fa423') in 0.001389917 seconds [static dependencies only]. Details - ImportResultOutputID=ffe23716eba4fea2794ee448ecafb2f0 DependenciesID=c571c58182053046ad004f768eafe647 StaticDependenciesID=15b5bb097cc4ff4124b6f29eacae2b4a 
Asset Pipeline Refresh (id=d46a02f4232034ea3aaec58386a59f1f): Total: 0.075 seconds - Initiated by StopAssetImportingV2(NoUpdateAssetOptions)
Start importing Assets/BH_XR_MainScene.unity using Guid(682df8046c3564f1b92d250dd0fcf67b) (DefaultImporter) -> (Import Result ID: '458c1f3f5f363c8b025f8db419408170') in 0.002472375 seconds [static dependencies only]. Details - ImportResultOutputID=aa82c3c9c5181f5fd7aa1c664433b3d5 DependenciesID=73c5bd5a373625da3f3765b5924eb7fa StaticDependenciesID=34d773545b81b18b22208d7492dfa0cb 
Asset Pipeline Refresh (id=2b506d8186ff741b8902bf70cc9fd917): Total: 0.067 seconds - Initiated by StopAssetImportingV2(NoUpdateAssetOptions)
[FullOpt] main scene saved
UnityEngine.Debug:ExtractStackTraceNoAlloc (byte*,int,string)
UnityEngine.StackTraceUtility:ExtractStackTrace () (at /Users/bokken/build/output/unity/unity/Runtime/Export/Scripting/StackTrace.cs:35)
UnityEngine.DebugLogHandler:Internal_Log (UnityEngine.LogType,UnityEngine.LogOption,string,UnityEngine.Object)
UnityEngine.DebugLogHandler:LogFormat (UnityEngine.LogType,UnityEngine.Object,string,object[])
UnityEngine.Logger:Log (UnityEngine.LogType,object)
UnityEngine.Debug:Log (object)
BCAT.OptimizationPass.FullOptimizationPassTool:RunFullPass () (at Assets/Editor/FullOptimizationPass/FullOptimizationPassTool.cs:73)

(Filename: Assets/Editor/FullOptimizationPass/FullOptimizationPassTool.cs Line: 73)

Opening scene 'Assets/BCaT/Exhibits/BlackKitchen/Scenes/BlackKitchen_MemoryScene.unity'
Unloading 46 Unused Serialized files (Serialized files now loaded: 0)
Loaded scene 'Assets/BCaT/Exhibits/BlackKitchen/Scenes/BlackKitchen_MemoryScene.unity'
	Deserialize:            5.160 ms
	Integration:            186.448 ms
	Integration of assets:  0.014 ms
	Thread Wait Time:       0.005 ms
	Total Operation Time:   191.627 ms
Unloading 5326 unused Assets / (420.7 MB). Loaded Objects now: 13786.
Memory consumption went from 0.98 GB to 0.57 GB.
Total: 11.360542 ms (FindLiveObjects: 0.375250 ms CreateObjectMapping: 0.318417 ms MarkObjects: 5.775333 ms  DeleteObjects: 4.891041 ms)

[FullOpt] phase start: bk_lods
UnityEngine.Debug:ExtractStackTraceNoAlloc (byte*,int,string)
UnityEngine.StackTraceUtility:ExtractStackTrace () (at /Users/bokken/build/output/unity/unity/Runtime/Export/Scripting/StackTrace.cs:35)
UnityEngine.DebugLogHandler:Internal_Log (UnityEngine.LogType,UnityEngine.LogOption,string,UnityEngine.Object)
UnityEngine.DebugLogHandler:LogFormat (UnityEngine.LogType,UnityEngine.Object,string,object[])
UnityEngine.Logger:Log (UnityEngine.LogType,object)
UnityEngine.Debug:Log (object)
BCAT.OptimizationPass.FullOptimizationPassTool:Phase (string,System.Action) (at Assets/Editor/FullOptimizationPass/FullOptimizationPassTool.cs:99)
BCAT.OptimizationPass.FullOptimizationPassTool:RunFullPass () (at Assets/Editor/FullOptimizationPass/FullOptimizationPassTool.cs:77)

(Filename: Assets/Editor/FullOptimizationPass/FullOptimizationPassTool.cs Line: 99)

Start importing Assets/BCaT/OptimizedMeshes/_69906_LOD1.asset using Guid(8d6fbb284b1f5468883b381b7fc27785) (NativeFormatImporter) -> (Import Result ID: '541693dd830af7de5c1196debbb3def8') in 0.065293292 seconds [static dependencies only]. Details - ImportResultOutputID=92f9516857ef6d3003d520b6c721749b DependenciesID=e3c2a41b5c5dc7ffca93588a42520ba5 StaticDependenciesID=e0235f00e2f450c939389409dd0d3303 
Refreshing native plugins compatible for Editor in 3.52 ms, found 9 plugins.
Asset Pipeline Refresh (id=362690a5461de417b97231ef4247e295): Total: 0.179 seconds - Initiated by StopAssetImportingV2(NoUpdateAssetOptions)
Start importing Assets/BCaT/OptimizedMeshes/_69906_LOD2.asset using Guid(c517d242d6b0441b7a6fed77f631e817) (NativeFormatImporter) -> (Import Result ID: '79e5bac5f4f42879ab5ba616303e5c20') in 0.037668625 seconds [static dependencies only]. Details - ImportResultOutputID=0d89edc12ccb23bbb10d6709c4ba98e4 DependenciesID=817523862a0c7044a348157540702ed5 StaticDependenciesID=7910709b8b4dffe53a1a1499e263820c 
Asset Pipeline Refresh (id=f4382e2de6bf946fea24083a6bcba74d): Total: 0.102 seconds - Initiated by StopAssetImportingV2(NoUpdateAssetOptions)
Start importing Assets/BCaT/OptimizedMeshes/_69906_COL.asset using Guid(2812943d75cd642638f7bad5f0ede579) (NativeFormatImporter) -> (Import Result ID: '3bafd02518e7c990b269f3f93bf4298e') in 0.025113875 seconds [static dependencies only]. Details - ImportResultOutputID=512b6724911179adaa2ed7d1a370f17a DependenciesID=7d9ea049af0140bf2083d1981a8f95b3 StaticDependenciesID=87645f1a53cabdcbc9193f79e65a4ce8 
Asset Pipeline Refresh (id=35b49603ba47643d3896ada8e3f4592c): Total: 0.089 seconds - Initiated by StopAssetImportingV2(NoUpdateAssetOptions)
[FullOpt] phase done: bk_lods
UnityEngine.Debug:ExtractStackTraceNoAlloc (byte*,int,string)
UnityEngine.StackTraceUtility:ExtractStackTrace () (at /Users/bokken/build/output/unity/unity/Runtime/Export/Scripting/StackTrace.cs:35)
UnityEngine.DebugLogHandler:Internal_Log (UnityEngine.LogType,UnityEngine.LogOption,string,UnityEngine.Object)
UnityEngine.DebugLogHandler:LogFormat (UnityEngine.LogType,UnityEngine.Object,string,object[])
UnityEngine.Logger:Log (UnityEngine.LogType,object)
UnityEngine.Debug:Log (object)
BCAT.OptimizationPass.FullOptimizationPassTool:Phase (string,System.Action) (at Assets/Editor/FullOptimizationPass/FullOptimizationPassTool.cs:101)
BCAT.OptimizationPass.FullOptimizationPassTool:RunFullPass () (at Assets/Editor/FullOptimizationPass/FullOptimizationPassTool.cs:77)

(Filename: Assets/Editor/FullOptimizationPass/FullOptimizationPassTool.cs Line: 101)

[FullOpt] phase start: bk_colliders
UnityEngine.Debug:ExtractStackTraceNoAlloc (byte*,int,string)
UnityEngine.StackTraceUtility:ExtractStackTrace () (at /Users/bokken/build/output/unity/unity/Runtime/Export/Scripting/StackTrace.cs:35)
UnityEngine.DebugLogHandler:Internal_Log (UnityEngine.LogType,UnityEngine.LogOption,string,UnityEngine.Object)
UnityEngine.DebugLogHandler:LogFormat (UnityEngine.LogType,UnityEngine.Object,string,object[])
UnityEngine.Logger:Log (UnityEngine.LogType,object)
UnityEngine.Debug:Log (object)
BCAT.OptimizationPass.FullOptimizationPassTool:Phase (string,System.Action) (at Assets/Editor/FullOptimizationPass/FullOptimizationPassTool.cs:99)
BCAT.OptimizationPass.FullOptimizationPassTool:RunFullPass () (at Assets/Editor/FullOptimizationPass/FullOptimizationPassTool.cs:78)

(Filename: Assets/Editor/FullOptimizationPass/FullOptimizationPassTool.cs Line: 99)

[FullOpt] phase done: bk_colliders
UnityEngine.Debug:ExtractStackTraceNoAlloc (byte*,int,string)
UnityEngine.StackTraceUtility:ExtractStackTrace () (at /Users/bokken/build/output/unity/unity/Runtime/Export/Scripting/StackTrace.cs:35)
UnityEngine.DebugLogHandler:Internal_Log (UnityEngine.LogType,UnityEngine.LogOption,string,UnityEngine.Object)
UnityEngine.DebugLogHandler:LogFormat (UnityEngine.LogType,UnityEngine.Object,string,object[])
UnityEngine.Logger:Log (UnityEngine.LogType,object)
UnityEngine.Debug:Log (object)
BCAT.OptimizationPass.FullOptimizationPassTool:Phase (string,System.Action) (at Assets/Editor/FullOptimizationPass/FullOptimizationPassTool.cs:101)
BCAT.OptimizationPass.FullOptimizationPassTool:RunFullPass () (at Assets/Editor/FullOptimizationPass/FullOptimizationPassTool.cs:78)

(Filename: Assets/Editor/FullOptimizationPass/FullOptimizationPassTool.cs Line: 101)

[FullOpt] phase start: canvases_bk
UnityEngine.Debug:ExtractStackTraceNoAlloc (byte*,int,string)
UnityEngine.StackTraceUtility:ExtractStackTrace () (at /Users/bokken/build/output/unity/unity/Runtime/Export/Scripting/StackTrace.cs:35)
UnityEngine.DebugLogHandler:Internal_Log (UnityEngine.LogType,UnityEngine.LogOption,string,UnityEngine.Object)
UnityEngine.DebugLogHandler:LogFormat (UnityEngine.LogType,UnityEngine.Object,string,object[])
UnityEngine.Logger:Log (UnityEngine.LogType,object)
UnityEngine.Debug:Log (object)
BCAT.OptimizationPass.FullOptimizationPassTool:Phase (string,System.Action) (at Assets/Editor/FullOptimizationPass/FullOptimizationPassTool.cs:99)
BCAT.OptimizationPass.FullOptimizationPassTool:RunFullPass () (at Assets/Editor/FullOptimizationPass/FullOptimizationPassTool.cs:79)

(Filename: Assets/Editor/FullOptimizationPass/FullOptimizationPassTool.cs Line: 99)

[FullOpt] phase done: canvases_bk
UnityEngine.Debug:ExtractStackTraceNoAlloc (byte*,int,string)
UnityEngine.StackTraceUtility:ExtractStackTrace () (at /Users/bokken/build/output/unity/unity/Runtime/Export/Scripting/StackTrace.cs:35)
UnityEngine.DebugLogHandler:Internal_Log (UnityEngine.LogType,UnityEngine.LogOption,string,UnityEngine.Object)
UnityEngine.DebugLogHandler:LogFormat (UnityEngine.LogType,UnityEngine.Object,string,object[])
UnityEngine.Logger:Log (UnityEngine.LogType,object)
UnityEngine.Debug:Log (object)
BCAT.OptimizationPass.FullOptimizationPassTool:Phase (string,System.Action) (at Assets/Editor/FullOptimizationPass/FullOptimizationPassTool.cs:101)
BCAT.OptimizationPass.FullOptimizationPassTool:RunFullPass () (at Assets/Editor/FullOptimizationPass/FullOptimizationPassTool.cs:79)

(Filename: Assets/Editor/FullOptimizationPass/FullOptimizationPassTool.cs Line: 101)

Start importing Assets/BCaT/Exhibits/BlackKitchen/Scenes/BlackKitchen_MemoryScene.unity using Guid(22bc6237247ca41a09d4974e94a690a7) (DefaultImporter) -> (Import Result ID: '3ec7cbcfae0d3ce681ef17d8c679ba03') in 0.001735333 seconds [static dependencies only]. Details - ImportResultOutputID=7b72f6ad0b01446674c3cfe492ee0162 DependenciesID=7c03d026a706ccbd2b5679f784bbf5ab StaticDependenciesID=454612c69fd7280e1ab2ec046edd52aa 
Asset Pipeline Refresh (id=9a12b622ceb0e41e1a7b952583310af8): Total: 0.065 seconds - Initiated by StopAssetImportingV2(NoUpdateAssetOptions)
[FullOpt] Black Kitchen scene saved
UnityEngine.Debug:ExtractStackTraceNoAlloc (byte*,int,string)
UnityEngine.StackTraceUtility:ExtractStackTrace () (at /Users/bokken/build/output/unity/unity/Runtime/Export/Scripting/StackTrace.cs:35)
UnityEngine.DebugLogHandler:Internal_Log (UnityEngine.LogType,UnityEngine.LogOption,string,UnityEngine.Object)
UnityEngine.DebugLogHandler:LogFormat (UnityEngine.LogType,UnityEngine.Object,string,object[])
UnityEngine.Logger:Log (UnityEngine.LogType,object)
UnityEngine.Debug:Log (object)
BCAT.OptimizationPass.FullOptimizationPassTool:RunFullPass () (at Assets/Editor/FullOptimizationPass/FullOptimizationPassTool.cs:82)

(Filename: Assets/Editor/FullOptimizationPass/FullOptimizationPassTool.cs Line: 82)

[FullOpt] phase start: instancing
UnityEngine.Debug:ExtractStackTraceNoAlloc (byte*,int,string)
UnityEngine.StackTraceUtility:ExtractStackTrace () (at /Users/bokken/build/output/unity/unity/Runtime/Export/Scripting/StackTrace.cs:35)
UnityEngine.DebugLogHandler:Internal_Log (UnityEngine.LogType,UnityEngine.LogOption,string,UnityEngine.Object)
UnityEngine.DebugLogHandler:LogFormat (UnityEngine.LogType,UnityEngine.Object,string,object[])
UnityEngine.Logger:Log (UnityEngine.LogType,object)
UnityEngine.Debug:Log (object)
BCAT.OptimizationPass.FullOptimizationPassTool:Phase (string,System.Action) (at Assets/Editor/FullOptimizationPass/FullOptimizationPassTool.cs:99)
BCAT.OptimizationPass.FullOptimizationPassTool:RunFullPass () (at Assets/Editor/FullOptimizationPass/FullOptimizationPassTool.cs:85)

(Filename: Assets/Editor/FullOptimizationPass/FullOptimizationPassTool.cs Line: 99)

[FullOpt] phase done: instancing
UnityEngine.Debug:ExtractStackTraceNoAlloc (byte*,int,string)
UnityEngine.StackTraceUtility:ExtractStackTrace () (at /Users/bokken/build/output/unity/unity/Runtime/Export/Scripting/StackTrace.cs:35)
UnityEngine.DebugLogHandler:Internal_Log (UnityEngine.LogType,UnityEngine.LogOption,string,UnityEngine.Object)
UnityEngine.DebugLogHandler:LogFormat (UnityEngine.LogType,UnityEngine.Object,string,object[])
UnityEngine.Logger:Log (UnityEngine.LogType,object)
UnityEngine.Debug:Log (object)
BCAT.OptimizationPass.FullOptimizationPassTool:Phase (string,System.Action) (at Assets/Editor/FullOptimizationPass/FullOptimizationPassTool.cs:101)
BCAT.OptimizationPass.FullOptimizationPassTool:RunFullPass () (at Assets/Editor/FullOptimizationPass/FullOptimizationPassTool.cs:85)

(Filename: Assets/Editor/FullOptimizationPass/FullOptimizationPassTool.cs Line: 101)

[FullOpt] phase start: textures
UnityEngine.Debug:ExtractStackTraceNoAlloc (byte*,int,string)
UnityEngine.StackTraceUtility:ExtractStackTrace () (at /Users/bokken/build/output/unity/unity/Runtime/Export/Scripting/StackTrace.cs:35)
UnityEngine.DebugLogHandler:Internal_Log (UnityEngine.LogType,UnityEngine.LogOption,string,UnityEngine.Object)
UnityEngine.DebugLogHandler:LogFormat (UnityEngine.LogType,UnityEngine.Object,string,object[])
UnityEngine.Logger:Log (UnityEngine.LogType,object)
UnityEngine.Debug:Log (object)
BCAT.OptimizationPass.FullOptimizationPassTool:Phase (string,System.Action) (at Assets/Editor/FullOptimizationPass/FullOptimizationPassTool.cs:99)
BCAT.OptimizationPass.FullOptimizationPassTool:RunFullPass () (at Assets/Editor/FullOptimizationPass/FullOptimizationPassTool.cs:86)

(Filename: Assets/Editor/FullOptimizationPass/FullOptimizationPassTool.cs Line: 99)

[Licensing::Client] Successfully resolved entitlement details
Start importing Assets/Coconut Palm Tree Pack/Textures/Parts/Palm_Brush_normal.tif using Guid(00d939a5e964c1e468fb0ba0f978bba9) (TextureImporter) -> (Import Result ID: 'c9542d536cdef69f89b6fb5cf49d96cd') in 0.014481834 seconds [static and dynamic dependencies]. Details - ImportResultOutputID=275db47901b8c6494b48fe3150d0ccf8 DependenciesID=18c925878cb2a4d618485118ad752bf5 StaticDependenciesID=193a458d4b9178be9868e7d0316530c7 
Start importing Assets/Furniture Mega Pack/Textures/Chairs/Chair02/Chair02_mat_Chair02_Normal.png using Guid(10447137b4c7298458251fe71a3ad534) (TextureImporter) -> (Import Result ID: '5575f49fc5960b7527e182c1b77288a4') in 0.075435208 seconds [static and dynamic dependencies]. Details - ImportResultOutputID=7e0fe4bbff3b4712f8ed35961d772c6d DependenciesID=dc5fd33953953ee02dcefbdf3a1c1ab6 StaticDependenciesID=8cfd09841abef390ac191474fda30e3f 
Start importing Assets/DevDen Arch Viz Scotland/Textures/Bathroom/Toilet/toilet_DefaultMaterial_AO.png using Guid(10ef9844cbdd4a7488fcfda6255ea414) (TextureImporter)crunched in 0.178777
 -> (Import Result ID: 'af4d98a1801b778bc62e8bc643af02b9') in 0.212258291 seconds [static and dynamic dependencies]. Details - ImportResultOutputID=59bbeb59983ba31824080c8fb37ce9b1 DependenciesID=3c775c43d6d28f613c0afa176b707fa0 StaticDependenciesID=2eac1ff8e77fc2f8ee6ada8b4ee69631 
Start importing Assets/Furniture Mega Pack/Textures/Sofas/Sofa03/Sofa03_mat_Sofa03_AlbedoTransparency.png using Guid(208286e5fa3d0a140a62c550d1ba05e5) (TextureImporter) -> (Import Result ID: '39e0ad72b9cfc01fcc57a69a8215e0b9') in 0.077025292 seconds [static and dynamic dependencies]. Details - ImportResultOutputID=0e9289083c9f15e84f9dc232f3632889 DependenciesID=62d016f99f17913543fa710720c791db StaticDependenciesID=288e84758cfc0e64ca8e2e9ee38bf3b9 
Start importing Assets/DevDen Arch Viz Scotland/Textures/Common/Switch/switch_M_switch_AlbedoTransparency.png using Guid(206e466ec5ebd9d4aac81cce5f0199c4) (TextureImporter) -> (Import Result ID: '718868b8a1f58b89351e5d47babe630f') in 0.010738083 seconds [static and dynamic dependencies]. Details - ImportResultOutputID=c5f3a32e583eb3194acac8e088c1f280 DependenciesID=b5fb323f49a1d005e90f8cafde54ad27 StaticDependenciesID=400450bcbfec92edd65423c6284479f3 
Start importing Assets/Furniture Mega Pack/Textures/Chairs/Chair24/Chair24_mat_Chair24_MetallicSmoothness.png using Guid(30e06e0be46a1014b9df7d74bb0d646a) (TextureImporter) -> (Import Result ID: '69b671ff9069f62cebbfd27b1b6019a5') in 0.049934459 seconds [static and dynamic dependencies]. Details - ImportResultOutputID=00daf90262fb8b72afa57aba60a9ba58 DependenciesID=07cfebca6ade8057ae168b7b6c84ab7e StaticDependenciesID=26a48c865346b63bf3d2570570e83470 
Start importing Assets/DevDen Arch Viz Scotland/Textures/Bathroom/Washing_machine/washingmachine_M_washingmachine_MetallicSmoothness.png using Guid(30a3f446d4a5aea47b9825304835f612) (TextureImporter)crunched in 0.566324
 -> (Import Result ID: 'd561ca9c80ef95c29ecc768e1c3cedbe') in 0.6067495 seconds [static and dynamic dependencies]. Details - ImportResultOutputID=2bbc9f6e3a6ea9fcb31dc0d1964e0adf DependenciesID=8ccf8302d031fbd6eb5cc0301c22a91e StaticDependenciesID=6f84e5db9c93f719195271ecaeb5e473 
Start importing Assets/DevDen Arch Viz Scotland/Textures/Environment/Floor Texture/floor mat 1_AO.png using Guid(3088ea98b64ee2c4682ed33967580220) (TextureImporter) -> (Import Result ID: 'd2a4e6a05f0cad284f8dc2876cbc7d29') in 0.043316292 seconds [static and dynamic dependencies]. Details - ImportResultOutputID=438b0d90fa48a8a9af7aa5c1a18a063a DependenciesID=f9cc1f0ed2a10c14432db9e8223412a5 StaticDependenciesID=ef44bfcc0262cb9844b5114fc8b879b7 
Start importing Assets/DevDen Arch Viz Scotland/Textures/Environment/inner_wall/inner_wall_livingroom_floor4_MetallicSmoothness.png using Guid(40d4a10ce5981544b9c397d482f70f1c) (TextureImporter)crunched in 0.055363
 -> (Import Result ID: '19c5a82382cfb43a353ba49870c9863a') in 0.079525375 seconds [static and dynamic dependencies]. Details - ImportResultOutputID=c134baeee688145dd3512bc1e1479e46 DependenciesID=c690975c0db17e9f127df5af801af1d9 StaticDependenciesID=dcb8cc82ecb7a012c970b2a2cc51966e 
Start importing Assets/DevDen Arch Viz Scotland/Textures/Study Room/study_chair/CHair2_study_chairI_Leg_AO.png using Guid(409c0c732f5f649469f9d56f97eac439) (TextureImporter) -> (Import Result ID: 'b59788ed916b87e93fa77a5a1ce40679') in 0.011086333 seconds [static and dynamic dependencies]. Details - ImportResultOutputID=06b891067ce2f4365b31d0e63517e9c6 DependenciesID=b68c7592266f22971429b1d70c4f102b StaticDependenciesID=2692d571a45beb44978501e16c071b9c 
Start importing Assets/Furniture Mega Pack/Textures/Chairs/Chair43/Chair43_mat_Chair43_MetallicSmoothness.png using Guid(407e0e0efa9107840b40487c2900e658) (TextureImporter) -> (Import Result ID: '28ba4e9e5b8c095ddf53a25e2a485ff5') in 0.058793125 seconds [static and dynamic dependencies]. Details - ImportResultOutputID=a26845c4356e3a99368a6145ff32e549 DependenciesID=96e33d05b252cdbd5101b9c4e76b0156 StaticDependenciesID=37922fdb3cc35ebf45124eedef058c01 
Start importing Assets/Coconut Palm Tree Pack/Textures/Coconut_Palm_Tree_normalspec.psd using Guid(50c99bdf4a8177d4f8901f7cd9af46a8) (TextureImporter) -> (Import Result ID: '011ca55192d00bf16a3185be631ee781') in 0.010428958 seconds [static and dynamic dependencies]. Details - ImportResultOutputID=56b8a8a20ce6044aac770d60405343d6 DependenciesID=85a363a73ed885e3a177d9e29d30e5f0 StaticDependenciesID=c6ac7987a59bc2b8366731a4eb3848a5 
Start importing Assets/Furniture Mega Pack/Textures/Chairs/Chair10/Chair10_mat_Chair10_AlbedoTransparency.png using Guid(504cbcbc3d8bc4a4d8cd7d205d1d9364) (TextureImporter) -> (Import Result ID: 'a479179e38b0d7380f1bdf5ddc7c3d8b') in 0.0738655 seconds [static and dynamic dependencies]. Details - ImportResultOutputID=bd224d3fba6b3008e55a99ae834887b5 DependenciesID=14cc68ce879135f943d6eb60a007841a StaticDependenciesID=9bc8a1c1f84b3db26059eb2457f3f511 
Start importing Assets/DevDen Arch Viz Scotland/Textures/Common/SmallObj/knives_metal.png using Guid(6020fdf0dafb02b458c52a0de3a6937f) (TextureImporter) -> (Import Result ID: '4d88362e70c8a34344c84c8a7fc21ed0') in 0.033148875 seconds [static and dynamic dependencies]. Details - ImportResultOutputID=772e6fb9c7ee721f6c18d9eb0fcdce1c DependenciesID=5ca81a1a60e02dff2bbf1853b99070a0 StaticDependenciesID=c7b3caa4f2c9dd6b05ecce9c478cdb6d 
Start importing Assets/DevDen Arch Viz Scotland/Textures/Bed Room/foto_frame_1/Painting_Photo_B_Paintings_House_AlbedoTransparency.png using Guid(60fe7d91576fc0044b4a554ac6d4cc65) (TextureImporter)crunched in 0.041805
 -> (Import Result ID: '91086a84f0fffb077b0a18ad4d3c91b1') in 0.06909375 seconds [static and dynamic dependencies]. Details - ImportResultOutputID=144c7427782de569d47d417f82ec7330 DependenciesID=aa79259dac2aaaea28526a1f1343695f StaticDependenciesID=124f0e1c11afbc98ec15717893664f95 
Start importing Assets/DevDen Arch Viz Scotland/Textures/Bathroom/bathroom_wall/bathroom_wall_phong1_Normal.png using Guid(600f9bd9ddd3dc34a8691b5546ee551a) (TextureImporter) -> (Import Result ID: 'caf1de32bada578b4ce797d3acba701c') in 0.014025875 seconds [static and dynamic dependencies]. Details - ImportResultOutputID=43c9ae012fb7a8ee436a1adce60abcc7 DependenciesID=4c68c76140fdc02350cf664dd6ed46fc StaticDependenciesID=0910157554f9b5c4c154b93a3d810789 
Start importing Assets/Furniture Mega Pack/Textures/Chairs/Chair46/Chair46_mat_Chair46_AlbedoTransparency.png using Guid(90502a666e746d44fb24ba148d39f58c) (TextureImporter) -> (Import Result ID: '6043bb8cd349daf34fb57e02954a585c') in 0.074610791 seconds [static and dynamic dependencies]. Details - ImportResultOutputID=a666ebb3b048b749109eae9db9c977b0 DependenciesID=f6ae354d833f067ca360907165dfd85b StaticDependenciesID=85c05bf35a5cc73081dc1f82781e70eb 
Start importing Assets/DevDen Arch Viz Scotland/Textures/Bathroom/towel_2/2_towl_2_MetallicSmoothness.png using Guid(90287f0bd25af1648b26804a7d8bd89e) (TextureImporter)crunched in 0.055495
 -> (Import Result ID: 'a1f1f5379ffb32402f2c95b0af99e244') in 0.07989 seconds [static and dynamic dependencies]. Details - ImportResultOutputID=b14ae5d92329dac90b1fea8463875154 DependenciesID=0e4f81321861c1b15d87dc9a84e3de2a StaticDependenciesID=61d09904c38591864e047c1b94cd2df5 
Start importing Assets/DevDen Arch Viz Scotland/Textures/Environment/inner_wall/inner_wall_hall_way_Normal.png using Guid(905adcaa8884f9f44b1b5b5896e88a5d) (TextureImporter)crunched in 0.156714
 -> (Import Result ID: 'aa77ef21b2f505234f284f742d8998ab') in 0.208381958 seconds [static and dynamic dependencies]. Details - ImportResultOutputID=3d31734db6209d5db932ebc55203c5a9 DependenciesID=32e8844fd149a176ca3435162d6270f9 StaticDependenciesID=245c3b4fcedc2415a3aae455a4ea4159 
Start importing Assets/DevDen Arch Viz Scotland/Textures/Common/Interior_props/CommonCeramic01_Metallic.png using Guid(90fb8baa489c6ac4f81c6e4bf6320c63) (TextureImporter) -> (Import Result ID: '190535b21e0b2f9f6441a26f363d4c54') in 0.01024375 seconds [static and dynamic dependencies]. Details - ImportResultOutputID=c0926a059a125e59b8653f817c067310 DependenciesID=5888d9da7cf93a2f7ce7f1704227d1a2 StaticDependenciesID=72d032357223e726e00b00384624a568 
Start importing Assets/DevDen Arch Viz Scotland/Textures/Bed Room/Photo_stand/fotostand_fotostand_Normal.png using Guid(a05f72549aa39664d84f5a48f0d060b5) (TextureImporter) -> (Import Result ID: '0436065c067261417a362e727ad14ddb') in 0.013951792 seconds [static and dynamic dependencies]. Details - ImportResultOutputID=69a689dd14b341c37a930e0fdc15d20e DependenciesID=334aa996b9599591f4d736d96ea50d98 StaticDependenciesID=22083acede94ffab3b85ce508979e175 
Start importing Assets/Furniture Mega Pack/Textures/Sofas/SectionalSofaFabric/SectionalSofaFabric_mat_SectionalSofaLeather_MetallicSmoothness.png using Guid(b0b4e92d14210884e9b41afa63767cec) (TextureImporter) -> (Import Result ID: '4138a31c9f28fca6b8cfa82e687026f6') in 0.064704208 seconds [static and dynamic dependencies]. Details - ImportResultOutputID=337428cb59b805b561b268174b7dfb09 DependenciesID=d4273c1215648a371fb2ca93e6a8a0d1 StaticDependenciesID=1a937f20eceee32ef52d0c583f7c054c 
Start importing Assets/DevDen Arch Viz Scotland/Textures/Bed Room/bedside_carpet/carpet_carpet_MetallicSmoothness.png using Guid(b037a869df4f22244a7b0a86cacbc73f) (TextureImporter)crunched in 0.333377
 -> (Import Result ID: '4f89d0d3806748527026ca055ad965b9') in 0.366082667 seconds [static and dynamic dependencies]. Details - ImportResultOutputID=df61b967a49824ee9035ad6443eb235f DependenciesID=299b59e6a13dbd3272598516b773a2f0 StaticDependenciesID=80ca634648357fa31c98c39879877ee9 
Start importing Assets/Furniture Mega Pack/Textures/Cushions/Cushion09_16/Cushion09_16_mat_Cushion09_16_MetallicSmoothness.png using Guid(b0fc50d201241d3429c3d219f1b4475b) (TextureImporter) -> (Import Result ID: 'fea56d1902c78d5968adeaf14f8fcd1f') in 0.061540834 seconds [static and dynamic dependencies]. Details - ImportResultOutputID=27ade72a2fc6b650667f56122a374068 DependenciesID=e54d2710f48d5fc30fcd159b5771ed7c StaticDependenciesID=0ed286f83417b1ca995a7b5b2ce680a8 
Start importing Assets/Furniture Mega Pack/Textures/Chairs/Chair03/Chair03_mat_Chair03_MetallicSmoothness.png using Guid(b0dd4dd64e5cee7478844b2849f2d1f4) (TextureImporter) -> (Import Result ID: 'a3f66584d6fc715ee1e2854bea8892e0') in 0.06188325 seconds [static and dynamic dependencies]. Details - ImportResultOutputID=13534437535f4022eab80d3c22c20501 DependenciesID=d9f594e2d1f1f3f345be0c11543976c0 StaticDependenciesID=16439b4f355c7937c8f46f5e5bd48bc5 
Start importing Assets/Coconut Palm Tree Pack/Textures/Parts/Coconut_Palm_Tree_Branch1_shadowoffset.png using Guid(b09e7e34f2ccdb4469ff6dde8c3ebabf) (TextureImporter) -> (Import Result ID: '04ec3d269687953bd789ff04a3a577d2') in 0.001274834 seconds [static and dynamic dependencies]. Details - ImportResultOutputID=f09770264c923623a8209de5971ac30f DependenciesID=4e690fbdea5e222c80e97ef0b7f05d7d StaticDependenciesID=7ec71e63ec9fac88816feb18a912edbc 
Start importing Assets/DevDen Arch Viz Scotland/Textures/Kitchen Room/side_piece/side_piece_white_wood_AO.png using Guid(c09b26d0fc667d342afe5739a7222a64) (TextureImporter)crunched in 0.269574
 -> (Import Result ID: '83477522e6183d8253e8001739a430b3') in 0.315530667 seconds [static and dynamic dependencies]. Details - ImportResultOutputID=d5013441198a86d65f66af824f0f8b1d DependenciesID=a6aa497500f0ad60eb9a8f36de457bae StaticDependenciesID=dd06c346fce0dc26a0662bc2e8f3dacb 
Start importing Assets/DevDen Arch Viz Scotland/Decals/Cartoon.png using Guid(c0ef6b7d0d7688a4db2762a700da03dc) (TextureImporter)crunched in 0.084183
 -> (Import Result ID: 'b5151232de03333a9ab823831b47485c') in 0.105502583 seconds [static and dynamic dependencies]. Details - ImportResultOutputID=3881be2e05fd6ec856e20d4082455d89 DependenciesID=b14a87014e146c832e09ed824e525c16 StaticDependenciesID=45d406539d64d2c9e11a7dae8d289801 
Start importing Assets/DevDen Arch Viz Scotland/Textures/Bathroom/bathroom_cabin/bathroom_cabin_bathroom_cabin_Normal.png using Guid(d0b11c92d65a6ca41bc12952d94c41bf) (TextureImporter) -> (Import Result ID: 'd9316bb45c2b90466cf6c87f39b17053') in 0.013465667 seconds [static and dynamic dependencies]. Details - ImportResultOutputID=62447a520d0dc7fea7417c6b541f8775 DependenciesID=432f1401f5fb71df6a99fbe965ebc7f1 StaticDependenciesID=b5d5f8f86d51ea269f74a19dbc2e0dfb 
Start importing Assets/DevDen Arch Viz Scotland/Textures/Kitchen Room/kitchen/induction-hob_metal.png using Guid(d00ff266347fc5b41a2b9028023179d6) (TextureImporter) -> (Import Result ID: '3982a9eec8edc4f33ebac9d3cb7d2d3e') in 0.061516167 seconds [static and dynamic dependencies]. Details - ImportResultOutputID=cddbea3c8bfb76e6bdac5f562ee13a2a DependenciesID=4748d6df999b962ab858a064e4f4d556 StaticDependenciesID=7cc29714fbb369caffce19b49df800c8 
Start importing Assets/DevDen Arch Viz Scotland/Textures/Bathroom/Toilet/toilet_DefaultMaterial_Normal.png using Guid(e097edfe19ac809469786f6ec65455ed) (TextureImporter)crunched in 0.516574
 -> (Import Result ID: '98861b49cb33ec67bb10c3967df7ecb9') in 0.55018975 seconds [static and dynamic dependencies]. Details - ImportResultOutputID=ff1a955e5fa3fd26e643e43e175da31a DependenciesID=826cdaf099439601ecc81c155705710b StaticDependenciesID=0069886106c7e46a0c012c5d332f8767 
Start importing Assets/DevDen Arch Viz Scotland/Textures/Environment/inner_wall/inner_wall_bedroom_floor3_AlbedoTransparency.png using Guid(f092c6fac05d7144daca242a3952a076) (TextureImporter) -> (Import Result ID: '28ec177930a1a0b3bcea6f443cd6946d') in 0.031898416 seconds [static and dynamic dependencies]. Details - ImportResultOutputID=000e116f3ae3f15f3109a221962425d6 DependenciesID=1769b198c0724554136625d5c88ca748 StaticDependenciesID=d3a8a2bb626bf29793209966aa82af72 
Start importing Assets/DevDen Arch Viz Scotland/Textures/Environment/inner_wall/inner_wall_livingroom_wall3_MetallicSmoothness.png using Guid(f0fd31ab42d07414f97556131881ce24) (TextureImporter)crunched in 0.055879
 -> (Import Result ID: 'f365dd73ef0232bc01f4735b971a61ff') in 0.07968575 seconds [static and dynamic dependencies]. Details - ImportResultOutputID=13819ce3befac8b743071d4ba59a2ac8 DependenciesID=93dca0b3c1968e8b9ce27772dd2cfc97 StaticDependenciesID=0640b7c5841629f22effefe9adc42300 
Start importing Assets/DevDen Arch Viz Scotland/Textures/Environment/inner_wall/inner_wall_studyroom_wall3_MetallicSmoothness.png using Guid(0197f8783983a074e9852448c330921b) (TextureImporter)crunched in 0.055796
 -> (Import Result ID: '1973ad17b1607c635afc914da8105661') in 0.079997625 seconds [static and dynamic dependencies]. Details - ImportResultOutputID=cbda1a68cd9b8bd7d2ac09a20a79cafd DependenciesID=3882d8a7e29ad73a05c654ad4730fcb4 StaticDependenciesID=e225d47e5241ed7f27f1699bba137cfa 
Start importing Assets/DevDen Arch Viz Scotland/Textures/Balcony/balcony_chair/balcony_ chair_balcony_chair1_AO.png using Guid(01d98c6e22b6e214fb20bc2f4d47d6f3) (TextureImporter)crunched in 0.199034
 -> (Import Result ID: '39c92b4ac83ff356179ca1dbc5c9fa2f') in 0.238150125 seconds [static and dynamic dependencies]. Details - ImportResultOutputID=06e527ce7f9c5428d9199aa31f45d841 DependenciesID=f3213b87025ce621c46c363bde1e0a2b StaticDependenciesID=ff0aa419e6482dcb09c6660b55b85d64 
Start importing Assets/Furniture Mega Pack/Textures/Chairs/Chair18/Chair18_mat_Chair18_MetallicSmoothness.png using Guid(01ee5e5cde4529d4e86d0962424f320f) (TextureImporter) -> (Import Result ID: 'a1086f126c56b8948d7b4253a4cceec3') in 0.056570916 seconds [static and dynamic dependencies]. Details - ImportResultOutputID=5f9d7a8032926387eee6e231bf348c6d DependenciesID=a6cdbabd55edd4d1b189c6dfe28e1975 StaticDependenciesID=19e6dc49706bd27174179ff42a1bddc3 
Start importing Assets/DevDen Arch Viz Scotland/Textures/Environment/inner_wall/inner_wall_pattern_wall_MetallicSmoothness.png using Guid(018fe1de1838ca841832c42c3837226e) (TextureImporter)crunched in 0.520977
 -> (Import Result ID: 'eb6714d2bd12fafb37797445f4ba6f51') in 0.5609115 seconds [static and dynamic dependencies]. Details - ImportResultOutputID=4d7fa5e841739ea0d167360860c31c89 DependenciesID=ccf78a7d24cab6aa8b73d72eee93d20a StaticDependenciesID=0abd2ec7ee570233fa71e57e089af614 
Start importing Assets/DevDen Arch Viz Scotland/Textures/Balcony/balcony_chair/balcony_ chair_balcony_chair1_MetallicSmoothness.png using Guid(21cdb543242a54f4980ff061a26cf4b4) (TextureImporter)crunched in 0.390114
 -> (Import Result ID: 'd45bae67f2028fc8f38447a5bf8b3d4e') in 0.42804975 seconds [static and dynamic dependencies]. Details - ImportResultOutputID=5f28c1f90a213996161639e68139c46e DependenciesID=45ad6ecff6944023e3d6a5d71b5c3903 StaticDependenciesID=74a2058d642e395fdd8b337c16abafa6 
Start importing Assets/DevDen Arch Viz Scotland/Textures/Dining Room/food_cloth/tablemat_1.1_AO.png using Guid(31e0cb2194ab0e54fac1d7280b5022fa) (TextureImporter) -> (Import Result ID: 'f776d71e9fc18aba94c3a06b7e377b40') in 0.060951083 seconds [static and dynamic dependencies]. Details - ImportResultOutputID=70b18b575f8baaf82803242097807fb7 DependenciesID=38f6240a0da3b886725c2e746057ad6f StaticDependenciesID=76f55f8b9f4f91f8d7097820317991d1 
Start importing Assets/DevDen Arch Viz Scotland/Textures/Kitchen Room/kitchen_1/kitchen_switch1_AlbedoTransparency.png using Guid(3124c401e29ab46419a1528888f25617) (TextureImporter)crunched in 0.034774
 -> (Import Result ID: 'b47d67904f3f87988e1ba2fdbab613df') in 0.061064333 seconds [static and dynamic dependencies]. Details - ImportResultOutputID=64c247b5d7aaecbf0822c62437636b6a DependenciesID=a975d25baa2e73ed0d03cd3f985240e6 StaticDependenciesID=8086090d9791be5d837762f3ee88e347 
Start importing Assets/DevDen Arch Viz Scotland/Textures/Bathroom/TolPaper/tolpaper_DefaultMaterial_MetallicSmoothness.png using Guid(316d3afeba621594b873d7b741d75cf0) (TextureImporter) -> (Import Result ID: 'dadeadb436a3f7dbb71d0925c1784c3f') in 0.014393375 seconds [static and dynamic dependencies]. Details - ImportResultOutputID=d9fb47b16d4cb789c6192c3a1ce91ed4 DependenciesID=81dad5dba363e0ae593cc33aeaa815f5 StaticDependenciesID=c63ca6b4d7176014d9f3a03324664d91 
Start importing Assets/DevDen Arch Viz Scotland/Textures/Environment/inner_wall/inner_wall_bedroom_wall4_Normal.png using Guid(31ed0856de6120b43ba8fd9ed2db5b5d) (TextureImporter)crunched in 0.087997
 -> (Import Result ID: 'ffd1055e06ccb3113f15f1baf678ada2') in 0.133097917 seconds [static and dynamic dependencies]. Details - ImportResultOutputID=d0bdaf802d428290695fed1b027773fe DependenciesID=f3f0d47b05e5de2621b97366fc41c777 StaticDependenciesID=4af6808ccdac4e2d71bc0caf3fe5bcd7 
Start importing Assets/Coconut Palm Tree Pack/Textures/Coconut_Palm_Tree_normalspec_bark.psd using Guid(41db16db92611aa498f3379b2f23be96) (TextureImporter) -> (Import Result ID: '03360bfa9fbc5381ed7c0196d2371267') in 0.011351875 seconds [static and dynamic dependencies]. Details - ImportResultOutputID=d4cbde4733a14d8eea79f3c87d5c74ef DependenciesID=c6f1d4bb640814ec0e06e3598bbf562a StaticDependenciesID=51355b713dddc11dfbac1a2dbb04085a 
Start importing Assets/Furniture Mega Pack/Textures/Cushions/Cushion49_50/Cushion49_50_mat_Cushion49_50_Normal.png using Guid(515f87d8646bb3648b965b29c99a38d2) (TextureImporter) -> (Import Result ID: '52e5ad3c6b749dbe2ca69a5958004cb2') in 0.084296416 seconds [static and dynamic dependencies]. Details - ImportResultOutputID=43e43db8be50e57ff651e0db0185fa2f DependenciesID=8dc4a01abb1ad16379951bb45dab3220 StaticDependenciesID=04fd645319778f8767047611e851d4a5 
Start importing Assets/DevDen Arch Viz Scotland/Textures/Kitchen Room/Fridge/frifge_green_wood_AO.png using Guid(610663bf6d0ca1648aae7fede3c5ccc5) (TextureImporter) -> (Import Result ID: '3d8ddb4d9831bc9fdfbb1faa979684f2') in 0.038345459 seconds [static and dynamic dependencies]. Details - ImportResultOutputID=2464aeb45fb0e487b3d2fb8ded1cff5a DependenciesID=1cc9de4995e1dc5ac06564e5131dae9b StaticDependenciesID=aaeefce31eb317b9ee46dbc2adc4303f 
Start importing Assets/Furniture Mega Pack/Textures/Chairs/Chair39/Chair39_mat_Chair39_Normal.png using Guid(6116fc07cbdf66a418a1238b72ce8103) (TextureImporter) -> (Import Result ID: '62902749a358fc61d499372848583e2e') in 0.090620625 seconds [static and dynamic dependencies]. Details - ImportResultOutputID=30a935a8b92c6103e24c36c93830125f DependenciesID=346e53fe4ed16b46a19387b453ce2759 StaticDependenciesID=6c9447407c54b49fabb16099704947ae 
Start importing Assets/DevDen Arch Viz Scotland/Textures/Kitchen Room/Fridge/frifge_green_wood_MetallicSmoothness.png using Guid(619653d5b40b0ec45b34d73ae736f7f0) (TextureImporter)crunched in 0.071590
 -> (Import Result ID: '72eb14f4f56eefc5770ddf2222c3f022') in 0.096260875 seconds [static and dynamic dependencies]. Details - ImportResultOutputID=cfee59d9779b3d867e59dedd4ff8055e DependenciesID=88144dd52b4384fad08b0411b6067dd2 StaticDependenciesID=e07914b7df242dea0ff7ab51b9a1cf6b 
Start importing Assets/DevDen Arch Viz Scotland/Textures/Bathroom/towel_2/2_toilet_wood_1_AlbedoTransparency.png using Guid(614d30463a4e1034b8f4ca34e6c94645) (TextureImporter) -> (Import Result ID: '434aa78f4639858dfa5e105bf5febec7') in 0.029702666 seconds [static and dynamic dependencies]. Details - ImportResultOutputID=457f04a4332c2fe43af8f1e70bfbcb7a DependenciesID=06c817049f7209630d584ec5fbeb09b5 StaticDependenciesID=d8d8e9ecd0717d7c99f58250685db609 
Start importing Assets/Furniture Mega Pack/Textures/Chairs/Chair50/Chair50_mat_Chair50_MetallicSmoothness.png using Guid(712214b9e260d724a966d44d3e3fa88e) (TextureImporter) -> (Import Result ID: '6e1457cd285c94e5e5efe53137c2ca73') in 0.055146834 seconds [static and dynamic dependencies]. Details - ImportResultOutputID=000fb23373b088b3c3f31f653544f132 DependenciesID=81ae5597def1b23d8dd126040a48d5d5 StaticDependenciesID=ecd87a8f9f4c05b446dd5e9552828d24 
Start importing Assets/Furniture Mega Pack/Textures/Sofas/Sofa01/Sofa01_mat_Sofa01_AlbedoTransparency.png using Guid(818845b04f3610141ad2952e6d70b6a1) (TextureImporter) -> (Import Result ID: '62d5cf01d232be1fed1b91d9d7439ae2') in 0.074590375 seconds [static and dynamic dependencies]. Details - ImportResultOutputID=044173d0887b6a6e20910434cbbcd943 DependenciesID=93d89e3c201d4ae6b1a5fe7e1e7ceca9 StaticDependenciesID=f4d16461cca032ceb8c8c31b7e34e39f 
Start importing Assets/DevDen Arch Viz Scotland/Textures/Kitchen Room/Chopboard/Chopboard_Normal.png using Guid(81393e1fecd910b4894c1f46c88968de) (TextureImporter) -> (Import Result ID: 'c4c4bd1fd2070bdd68553bb72e9c18c4') in 0.048920542 seconds [static and dynamic dependencies]. Details - ImportResultOutputID=f45dc21c34e4436a64e180d29d15dbdc DependenciesID=e7a81979cc2d0898cef2d833bc0c2a3d StaticDependenciesID=9f09b141e0ee7b45882bf8ea04d4aa07 
Start importing Assets/Coconut Palm Tree Pack/Textures/Parts/Coconut_Palm_Tree_Branch2_normal.png using Guid(815fb985cccc47141bf1e486ac9d3df4) (TextureImporter) -> (Import Result ID: '9d7753c6ee818dd4b500d8169147264b') in 0.011305292 seconds [static and dynamic dependencies]. Details - ImportResultOutputID=a5406223cd98e94304487bb8800785f4 DependenciesID=8bf2f15c2aeff97b107098c7fcecb50e StaticDependenciesID=fcc92a5bf58113df0b00fa0ba376e392 
Start importing Assets/DevDen Arch Viz Scotland/Textures/Common/Switch/switch_M_switch_MetallicSmoothness.png using Guid(9162eabcdeb57a74a8a4d1f8c8b41880) (TextureImporter) -> (Import Result ID: 'b75819db083d06d23cb4366547d16748') in 0.007674791 seconds [static and dynamic dependencies]. Details - ImportResultOutputID=694e193c2c9e79f7fb2e993e7e3effd1 DependenciesID=c1c2169ca512436eb77149afbddce129 StaticDependenciesID=31b38ceeeadb93e2df8c4e5c9b52b1d1 
Start importing Assets/Furniture Mega Pack/Textures/Chairs/Chair20/Chair20_mat_Chair20_AlbedoTransparency.png using Guid(912559cdbc5e9174e837692eb66819f7) (TextureImporter) -> (Import Result ID: 'ab19669252d98279c51563d377740034') in 0.071498 seconds [static and dynamic dependencies]. Details - ImportResultOutputID=efd1e49c3e7c5dfe344a28d9d7796b26 DependenciesID=397dd750f29b28c41f9836b84a877745 StaticDependenciesID=1574f2bd9de6600e1e1c4f1b8f075a83 
Start importing Assets/DevDen Arch Viz Scotland/Textures/Environment/inner_wall/inner_wall_livingroom_floor4_AlbedoTransparency.png using Guid(91ab52485fb52cb4690ee9de424ff0c7) (TextureImporter) -> (Import Result ID: '74e3e80361edf33c2f4254653b91ae36') in 0.022746917 seconds [static and dynamic dependencies]. Details - ImportResultOutputID=f59b7deac3da521212c53f58d3894f6c DependenciesID=fde851cc7d7cfe0778b6cc2859578ab9 StaticDependenciesID=108e02e8946d718eedacc5213f320197 
Start importing Assets/Furniture Mega Pack/Textures/Chairs/Chair36/Chair36_mat_Chair36_Normal.png using Guid(912e9c2ef56d8c848988ece825e8c043) (TextureImporter) -> (Import Result ID: 'c1bfdc5fc68da64db272d6bf7968b72e') in 0.069839875 seconds [static and dynamic dependencies]. Details - ImportResultOutputID=68267ec93e3cafb10c0480eef4c6088e DependenciesID=3a459c33cdb07cd2b4dd67ea48dfe1af StaticDependenciesID=2ae8b9e5bc4e80b206dd61ee8d686344 
Start importing Assets/Furniture Mega Pack/Textures/Sofas/Sofa09/Sofa09_mat_Sofa09_Normal.png using Guid(a1d1fd68356901443bdb5c5b0a535a7b) (TextureImporter) -> (Import Result ID: '5e8af2701cee1cbf90a18be4e51eac55') in 0.089125708 seconds [static and dynamic dependencies]. Details - ImportResultOutputID=a18840d33760fc40e436718b86fa3883 DependenciesID=ea979c2fadcdec103ffa6b07724dec0f StaticDependenciesID=c17c5f321f1961d8d491db4365e4bc6f 
Start importing Assets/Furniture Mega Pack/Textures/Chairs/Chair20/Chair20_mat_Chair20_Normal.png using Guid(a1b245a17ed38f24f9660821fabd4fe6) (TextureImporter) -> (Import Result ID: '21944469479f1d7452399126ec3bede8') in 0.083594625 seconds [static and dynamic dependencies]. Details - ImportResultOutputID=fee1c61122059e82ed510a91649f085d DependenciesID=7945064250be8f45f2d0b2cc66080a0e StaticDependenciesID=b3ec065aa04ca8914da365655214c469 
Start importing Assets/Furniture Mega Pack/Textures/Cushions/Cushion25_28/Cushion25_28_mat_Cushion25_28_Normal.png using Guid(b192aa0b4f1ad434db342bf879deb267) (TextureImporter) -> (Import Result ID: '4260cbab1af5e37b758b165d1716e4de') in 0.079053834 seconds [static and dynamic dependencies]. Details - ImportResultOutputID=af6c961a1846e64b7d5e8139e3c4453e DependenciesID=7271576b3b9136b6c8cbf99c06ca1332 StaticDependenciesID=3ec8f7920c69ac409de23295efb0fef5 
Start importing Assets/Furniture Mega Pack/Textures/Sofas/Sofa10/Sofa10_mat_Sofa10_AlbedoTransparency.png using Guid(b1042f632441d4d67bda241c1ba53102) (TextureImporter) -> (Import Result ID: '0fafc776d680a957faad0ef8ff226357') in 0.086058834 seconds [static and dynamic dependencies]. Details - ImportResultOutputID=6f7fde4b14d3080be3b1cc4baaa4531a DependenciesID=9e58dded18f06487c806489dd667c261 StaticDependenciesID=10e34a2d1007d52edef8981fcbcdeb42 
Start importing Assets/DevDen Arch Viz Scotland/Textures/Common/Interior_props/CommonCeramic01_NM.png using Guid(c1606567ede6bf048b335687d4036146) (TextureImporter) -> (Import Result ID: '599ef9732dae2d6d851c0eff664b916c') in 0.017164084 seconds [static and dynamic dependencies]. Details - ImportResultOutputID=717e0d089c8c6e71bb8e94bc2b53073f DependenciesID=2ebe3e0fa44c4e2bd991573d7ed11492 StaticDependenciesID=447106a28d06a45510d5cf224c1edd18 
Start importing Assets/Furniture Mega Pack/Textures/Chairs/Chair31/Chair31_mat_Chair31_MetallicSmoothness.png using Guid(c1d6681aa5028234a85e4b48f1ef5324) (TextureImporter) -> (Import Result ID: '44cf7787821dd29dcfe2ff1f47391ba5') in 0.053537459 seconds [static and dynamic dependencies]. Details - ImportResultOutputID=d0bc74cfd1445bd2f7b3a709787d7e2b DependenciesID=b56fb7c329b7079cd284f7e88853023e StaticDependenciesID=306517afede4494730ae49e41b94d87d 
Start importing Assets/Furniture Mega Pack/Textures/Drawer/AtlasTexture_Drawer_DefaultMaterial_Normal.png using Guid(d1136c5c760e9e840842bf2a34ee1c05) (TextureImporter) -> (Import Result ID: '4c9bf0ff688a47ea78b82b8f14d7e94a') in 0.056834708 seconds [static and dynamic dependencies]. Details - ImportResultOutputID=3c712f33370621c573801ba2aa13ca83 DependenciesID=91cc1c2e2d43c8eb3b9bd78f44747330 StaticDependenciesID=73dc75c0a09242263e267871c0859f28 
Start importing Assets/DevDen Arch Viz Scotland/Textures/Balcony/balcony/balcony_balcony_metal_Normal.png using Guid(d1c555dd7e370ab4ead31387b31e99e0) (TextureImporter)crunched in 0.084735
 -> (Import Result ID: '3c91e046a6a29119d9131576f330a24b') in 0.131240833 seconds [static and dynamic dependencies]. Details - ImportResultOutputID=3b362e5cb58385d9bca2f7f21070c78c DependenciesID=9c0f11575569faf0b84d776f2600fa3f StaticDependenciesID=3ba4b4b4b78813c168f57b4f28bba632 
Start importing Assets/DevDen Arch Viz Scotland/Textures/Kitchen Room/kitchen_1/kitchen_glass_AO.png using Guid(d14e847f408005e428bbd4d0bc3ec128) (TextureImporter)crunched in 0.212653
 -> (Import Result ID: 'f7cbc30a54fc4a3c58bdec377730dd53') in 0.258821583 seconds [static and dynamic dependencies]. Details - ImportResultOutputID=129a129f0bb564460fd70b7b1730b845 DependenciesID=bd0a005918c86e622b8b94ca843a9b3a StaticDependenciesID=fe386ed37fd38cec7e1943ebf4489480 
Start importing Assets/Furniture Mega Pack/Textures/Chairs/Chair45/Chair45_mat_Chair45_Normal.png using Guid(e1a007be13d608549b3e359b8c3f38a6) (TextureImporter) -> (Import Result ID: '52967d5ec1b116879e61944e2afdaf75') in 0.088441875 seconds [static and dynamic dependencies]. Details - ImportResultOutputID=7ec08b61c5f359db2c1f8cfafecfaa12 DependenciesID=548beb453e24c50ed853d020cac940e1 StaticDependenciesID=8ddba698693d8b3c3f5b7695042a3060 
Start importing Assets/DevDen Arch Viz Scotland/Textures/Environment/inner_wall/inner_wall_pattern_wall_AlbedoTransparency.png using Guid(f14181d57ba34e340b92ad7bc4cf43d3) (TextureImporter)crunched in 0.228262
 -> (Import Result ID: 'e7f026fb1dc81142fa8349ea8acdf104') in 0.273362292 seconds [static and dynamic dependencies]. Details - ImportResultOutputID=0d9c7938065dff2efcea120520a79ae8 DependenciesID=5a90df9e961706fc2f704d97a14ab8de StaticDependenciesID=6110448e68f6740ebac18717b366f23f 
Start importing Assets/DevDen Arch Viz Scotland/Textures/Bathroom/Toilet/toilet_DefaultMaterial_MetallicSmoothness.png using Guid(f15485f978231784dbab9c6cfa0dfaa5) (TextureImporter)crunched in 0.494021
 -> (Import Result ID: 'cdab8cfe22cae17509089765101bf6d6') in 0.528604375 seconds [static and dynamic dependencies]. Details - ImportResultOutputID=e19ff8d77ae487a24a626b7836872136 DependenciesID=a1202fe5aed99c06861b6c3e26712126 StaticDependenciesID=e4d41da13c88ffd054f1f28571e458f7 
Start importing Assets/DevDen Arch Viz Scotland/Decals/Decor 1.png using Guid(f1ec8d7b47306914e8f775c6eef5fcd2) (TextureImporter)crunched in 0.041300
 -> (Import Result ID: 'dca09144474c536d48d0626e3062c22f') in 0.04644125 seconds [static and dynamic dependencies]. Details - ImportResultOutputID=c332e092f0cdce1a3b2ae876a4269e2a DependenciesID=b768dbc404b34607eab6597471b1da08 StaticDependenciesID=1713f2808e990236080ddd921325f97a 
Start importing Assets/Furniture Mega Pack/Textures/Chairs/Chair12/Chair12_mat_Chair12_Normal.png using Guid(025623cd985fbd346b9c8c04c7dd400a) (TextureImporter) -> (Import Result ID: '26e06fd49510d195af57a1298f598a88') in 0.080395416 seconds [static and dynamic dependencies]. Details - ImportResultOutputID=db70473522dfb08f92ad755d68eb68a7 DependenciesID=0ef4f8a0f97229c65fd60e4e88e6e50d StaticDependenciesID=561ca0648b2cd43b1e02332487e4e0b5 
Start importing Assets/Furniture Mega Pack/Textures/Chairs/Chair19/Chair19_mat_Chair19_AlbedoTransparency.png using Guid(0279d644b4bf45345bce5e6d2d2d2793) (TextureImporter) -> (Import Result ID: 'd6a9b88e12c403ecdda0534e8473a636') in 0.071141375 seconds [static and dynamic dependencies]. Details - ImportResultOutputID=17cae99fd3033932d8251991bef5f494 DependenciesID=05caed246f49375b593a927a93ff0477 StaticDependenciesID=88fc26fe0ca82e0fe702aacb58722549 
Start importing Assets/DevDen Arch Viz Scotland/Textures/Kitchen Room/Kitchen_cupboard_2/kitchen_green_wood_AlbedoTransparencyTest.png using Guid(12a98f70c1fad1c49b561f7de7f1b170) (TextureImporter)crunched in 0.033395
 -> (Import Result ID: '31ffe8f0ec8340233712dfa674e1377e') in 0.059716709 seconds [static and dynamic dependencies]. Details - ImportResultOutputID=3cef853e3d48e982e36cefbc244f7f23 DependenciesID=3024214c035120a824baadb5b850c20c StaticDependenciesID=371bcf9b9c4679604fc3a92636e5e011 
Start importing Assets/Furniture Mega Pack/Textures/Chairs/Chair43/Chair43_mat_Chair43_Normal.png using Guid(129b8be674990814f912e3505e624a31) (TextureImporter) -> (Import Result ID: '89ec0966e71f007139838bb308c66069') in 0.071863125 seconds [static and dynamic dependencies]. Details - ImportResultOutputID=921532be5545b88e7ac0996afe6c0ba2 DependenciesID=a638d8cc1230832c5c9dea3e4799cedc StaticDependenciesID=25ec6661d8bf872cc3781b3f727ae8f1 
Start importing Assets/Furniture Mega Pack/Textures/Chairs/Chair46/Chair46_mat_Chair46_MetallicSmoothness.png using Guid(32785d166181842458d363d9cb9532a8) (TextureImporter) -> (Import Result ID: 'fdca4ce270692cbadf6f09441afa9561') in 0.05964775 seconds [static and dynamic dependencies]. Details - ImportResultOutputID=02560e2579755008bc867deccdb9a9ab DependenciesID=8ce6cc206cebc613f32008f739eb9924 StaticDependenciesID=95efea7217dd773273f0289ecf72cb47 
Start importing Assets/DevDen Arch Viz Scotland/Textures/Bed Room/bed/bed_low_bed_sheet_MetallicSmoothness.png using Guid(32892a7f88c325e4f89ef58085bc9c3d) (TextureImporter) -> (Import Result ID: 'a33f57783e37aad2db5f3e2bb6cb7549') in 0.033360958 seconds [static and dynamic dependencies]. Details - ImportResultOutputID=05f28dc6e940dd39917264d6f4462f2a DependenciesID=e4d33b4cdbb053e4d8838daf708b9c77 StaticDependenciesID=2185e74026a4cb8d6bb1b63897899eff 
Start importing Assets/Furniture Mega Pack/Textures/Chairs/Chair36/Chair36_mat_Chair36_AlbedoTransparency.png using Guid(328cd223ffaeda6469d190956ea468b8) (TextureImporter) -> (Import Result ID: 'a759acf4205d1971208e9efd841bd451') in 0.058976458 seconds [static and dynamic dependencies]. Details - ImportResultOutputID=de0f3f2bde3e6e2e6cc0254c39bf2e45 DependenciesID=f3f128ff58909b85326b3e0960d8c4d8 StaticDependenciesID=b5919637f091a4aab0e79af05fe72683 
Start importing Assets/DevDen Arch Viz Scotland/Textures/Kitchen Room/kitchen_1/kitchen_steel_AO.png using Guid(4223ebaa3f662e246b89a63fcc42031b) (TextureImporter)crunched in 0.226690
 -> (Import Result ID: '9a098d075fb03eeca5bb837dc696ded0') in 0.270664542 seconds [static and dynamic dependencies]. Details - ImportResultOutputID=9d307417c1ad8ba8ea31a1c686b3d84b DependenciesID=ee957ebb8384948c78a249e854f370fc StaticDependenciesID=e5b6ce9fae8166f649525abf51dc6a92 
Start importing Assets/Furniture Mega Pack/Textures/Chairs/Chair50/Chair50_mat_Chair50_AlbedoTransparency.png using Guid(42f338e293c7e164e9f35f95e519d55f) (TextureImporter) -> (Import Result ID: '5099a40a9bdaf0ff88b1fc53417dbfeb') in 0.064158166 seconds [static and dynamic dependencies]. Details - ImportResultOutputID=cb97dc5e941a6e74a8e8a80af4aec732 DependenciesID=d62bdae0072b61a02e5f654ba6198519 StaticDependenciesID=f1065daf57cc9f52deddb1f1d314355b 
Start importing Assets/Furniture Mega Pack/Textures/Chairs/Chair14/Chair14_mat_Chair14_Normal.png using Guid(42f514ba63ddea04096463b86669127d) (TextureImporter) -> (Import Result ID: '077b374836007c899b80b43d976d0dc2') in 0.085685833 seconds [static and dynamic dependencies]. Details - ImportResultOutputID=b4de5c5ed14339e9169ea82b107b35cc DependenciesID=297d4d1d75fc5b0b29d10ead21636e05 StaticDependenciesID=7e9404cd3d0af60495ea83694e6f87c0 
Start importing Assets/DevDen Arch Viz Scotland/Textures/Bathroom/MetalDryer/dry_M_metaldryer_MetallicSmoothness.png using Guid(421ceea65670e584f8baf71278501f0e) (TextureImporter) -> (Import Result ID: '1672335704fe298ddb821f785b754b45') in 0.025784459 seconds [static and dynamic dependencies]. Details - ImportResultOutputID=3866d4100c1580677b54e2003e44b37b DependenciesID=b757e71ad4edc1035fdea92d43aaa456 StaticDependenciesID=47eee58161d36c425501f9593fac15cf 
Start importing Assets/Furniture Mega Pack/Textures/Chairs/Chair16/Chair16_mat_Chair16_AlbedoTransparency.png using Guid(42dd21aa7856ffd41810013b73436af5) (TextureImporter) -> (Import Result ID: 'b3bcc01dadd56e92b638734caf8268ba') in 0.065445 seconds [static and dynamic dependencies]. Details - ImportResultOutputID=899da941dfcf9dd8a518cf5d03ea8306 DependenciesID=f57268b12dac71b1013d8596972291a2 StaticDependenciesID=e70334d27db03eec01a28e126e607e5f 
Start importing Assets/DevDen Arch Viz Scotland/Textures/Dining Room/dinning_table/dinning_table_dinning_table_Normal.png using Guid(42fdd9c31d06e70498e373f656fae532) (TextureImporter)crunched in 0.337476
 -> (Import Result ID: '6e20cff9206cdabd3431ae745bdab7e5') in 0.371306125 seconds [static and dynamic dependencies]. Details - ImportResultOutputID=278adab26587d1519d429a2d35d103bf DependenciesID=e302c2061d0329b4dbf64cb238a45d67 StaticDependenciesID=63ea450bb7a934d7851243ef3cc18bbf 
Start importing Assets/DevDen Arch Viz Scotland/Textures/Balcony/balcony/balcony_balcony_metal_AlbedoTransparency.png using Guid(52a0a40bbfd12b3458f59dfc717326dd) (TextureImporter)crunched in 0.033554
 -> (Import Result ID: 'aaa44421efff640ba00bc1e1677f600f') in 0.059904125 seconds [static and dynamic dependencies]. Details - ImportResultOutputID=e4f06b000feb521cfef999e6ee7d15f8 DependenciesID=3f2df978edb119101c86380d122b8efa StaticDependenciesID=a6d6e5c3227c4a7c7c8925c8db7280b8 
Start importing Assets/DevDen Arch Viz Scotland/Textures/Environment/inner_wall/inner_wall_bathroom_floor3_MetallicSmoothness.png using Guid(52c20dbc57bebc8459acdb0ab806f53a) (TextureImporter)crunched in 0.203092
 -> (Import Result ID: 'a12d014afe6116540cbd2255bbefd8e2') in 0.232713583 seconds [static and dynamic dependencies]. Details - ImportResultOutputID=e6502d321220aad27be8b452025a8535 DependenciesID=7f3d9f800ccbee6716696114fd60b9a5 StaticDependenciesID=1e0d764fff09642a04c2f8dee05d5c6a 
Start importing Assets/DevDen Arch Viz Scotland/Decals/Bird and Nest.png using Guid(52b942cbf9f81164989a2a370ad93315) (TextureImporter)crunched in 0.103098
 -> (Import Result ID: '074ecba72ced5694a6cb7e109f7bb834') in 0.120250333 seconds [static and dynamic dependencies]. Details - ImportResultOutputID=fb699a62ae551488320f42221d8b8ccd DependenciesID=2df4c7b2fcea36d40ceb68e943f71680 StaticDependenciesID=7f270a608d58b42071ce0fa843610cf9 
Start importing Assets/DevDen Arch Viz Scotland/Textures/Kitchen Room/side_piece/side_piece_white_wood_AlbedoTransparency.png using Guid(62c70437c04c27246bd2e6a311908891) (TextureImporter)crunched in 0.034510
 -> (Import Result ID: 'e6f85b214ca248874e4ff8bfc8dd80dd') in 0.062344917 seconds [static and dynamic dependencies]. Details - ImportResultOutputID=cb08ace0116bb117e330e48366e09ce3 DependenciesID=6f86a79c52a23de539369e22587a627e StaticDependenciesID=4d6af92fde223337e307eccb707fa779 
Start importing Assets/Furniture Mega Pack/Textures/Sofas/Sofa07/Sofa07_mat_Sofa07_MetallicSmoothness.png using Guid(7224f5c9d7410c34ab42eb94791c8603) (TextureImporter) -> (Import Result ID: '778bf515d40e5ee1a502bae9582eae45') in 0.051014917 seconds [static and dynamic dependencies]. Details - ImportResultOutputID=b48424c31e629d42f1af09e7561e7a76 DependenciesID=6d5d6e05ca2495c750eb6070e9598ef4 StaticDependenciesID=53f94639fd268c60ae05a4eee9b381c0 
Start importing Assets/Furniture Mega Pack/Textures/Chairs/Chair41/Chair41_mat_Chair41_MetallicSmoothness.png using Guid(82f3bf7ad645212419fb31159fc12a97) (TextureImporter) -> (Import Result ID: '6b05d2a7723edfa72081b713374278af') in 0.054244917 seconds [static and dynamic dependencies]. Details - ImportResultOutputID=4708f744108b9fa7926c834f21afb67d DependenciesID=26461aeb2dac12cf6e35aa7cf2849c63 StaticDependenciesID=635e3df21f595abef16fe415094bf492 
Start importing Assets/DevDen Arch Viz Scotland/Textures/Dining Room/dinning_chair/dinning_chair_diining_chair_wood_Normal.png using Guid(82d79d265f71d1f48af0fc9246a91665) (TextureImporter)crunched in 0.558023
 -> (Import Result ID: '5773c3ea037ef3542eb1c56baa9a9801') in 0.59550675 seconds [static and dynamic dependencies]. Details - ImportResultOutputID=b6d1d516f8d830645c3b38ae82f73939 DependenciesID=e1aff1cc308ac785aa26b703b9d4485c StaticDependenciesID=f0c6d044f9d6f18d859ed4229afa22f6 
Start importing Assets/Furniture Mega Pack/Textures/Chairs/Chair13/Chair13_mat_Chair13_Normal.png using Guid(92f216d5f32e5d74a9497f088a5103f4) (TextureImporter) -> (Import Result ID: '5a9571dba7536b0724011494d0423ef9') in 0.072328917 seconds [static and dynamic dependencies]. Details - ImportResultOutputID=cae6cdd494c2e57c7687326ea61d0236 DependenciesID=8752e0cbd502f47b62ee69854bf4aa18 StaticDependenciesID=a18b1d44341a184f6a61c1b91436537c 
Start importing Assets/Coconut Palm Tree Pack/Textures/Parts/Coconut_Palm_Tree_Branch2_shadowoffset.png using Guid(9238265c535372340a719cce16c833a2) (TextureImporter) -> (Import Result ID: '5a29e0a8a64a30a51382e4563bc305c6') in 0.001744333 seconds [static and dynamic dependencies]. Details - ImportResultOutputID=af217d3a550eae3a1f0b32c39f4c0a83 DependenciesID=68867f6f6fdcf89383142ad06d4df8ac StaticDependenciesID=7a012556318edd54439448866eab7e88 
Start importing Assets/Furniture Mega Pack/Textures/Kitchen/AtlasTexture_KitchenCollection_Atlastexture_KitchenCollection_Normal.png using Guid(924cdcce2161686499ed87fb56b6bc82) (TextureImporter) -> (Import Result ID: '5cd1cea3f454fb3a3773a1bbc69b137d') in 0.062953958 seconds [static and dynamic dependencies]. Details - ImportResultOutputID=44b00b6c9ab53ebefd883d4269747bb3 DependenciesID=2178508fdb8bbd732fb6e889732e4b58 StaticDependenciesID=2b8fc2560c1877f3559f64ae3b773c7a 
Start importing Assets/DevDen Arch Viz Scotland/Textures/Common/Interior_props/CommonCeramic02_Metallic.png using Guid(b2339cd1630d5b94fb2a0ef0d2d1068c) (TextureImporter) -> (Import Result ID: 'fb016fff7b83a1c94d7bd04fb6e3fb63') in 0.011356667 seconds [static and dynamic dependencies]. Details - ImportResultOutputID=fe0470d3099883d1966f5d7ebec50427 DependenciesID=003a9a0ac2a431af3981ed64bae9e322 StaticDependenciesID=0391a95560bbc99e6b7963d87769a249 
Start importing Assets/DevDen Arch Viz Scotland/Textures/Environment/inner_wall/inner_wall_glass_wall_glass4_MetallicSmoothness.png using Guid(b2b8e87cd4b2c9847bcb034e3b4f638e) (TextureImporter)crunched in 0.033882
 -> (Import Result ID: '6c20b736b65cf698831ca85c509aa54c') in 0.060315291 seconds [static and dynamic dependencies]. Details - ImportResultOutputID=f3c8c41e2d3c5c16e84f3bc399f57349 DependenciesID=ae2373152b7117a252c90879e9b8194b StaticDependenciesID=206e10c7913943b8f7b2b18a91bdfc1a 
Start importing Assets/DevDen Arch Viz Scotland/Textures/Environment/inner_wall/inner_wall_studyroom_wall3_Normal.png using Guid(f271d95c375a3334d834b95f908b7878) (TextureImporter)crunched in 0.089511
 -> (Import Result ID: '5346c48f9af8b98c4daa2323d742fec0') in 0.135070542 seconds [static and dynamic dependencies]. Details - ImportResultOutputID=543f8117850a91c1b155a23d6487362c DependenciesID=0f2f7390316e9dfdafb444cad0f5e28e StaticDependenciesID=926aa09cfed1bd2c8ee2e27f7c505692 
Start importing Assets/DevDen Arch Viz Scotland/Textures/Kitchen Room/kitchen_1/kitchen_chimini_Emission.png using Guid(f284029ab60463744b0a92a649b71e9c) (TextureImporter) -> (Import Result ID: '6777f686a65e7383667f2cf8f31683dc') in 0.029279083 seconds [static and dynamic dependencies]. Details - ImportResultOutputID=48c68c0faf214a4fdc0fbf3cb29281c2 DependenciesID=da2703f0620e794334be71e6e6d6c9a8 StaticDependenciesID=fa1023cbc6cb5fa223f4d1a0b7765347 
Start importing Assets/Furniture Mega Pack/Textures/Sofas/Sofa08/Sofa08_mat_Sofa08_MetallicSmoothness.png using Guid(f296bc59ae597f84e977e9e375888282) (TextureImporter) -> (Import Result ID: '20de9000726c751442ad473f3b088338') in 0.055420167 seconds [static and dynamic dependencies]. Details - ImportResultOutputID=7733c7079b9cdd71209824d032a52638 DependenciesID=2a241a11b00092baaf6f3ffb5defab42 StaticDependenciesID=02cbbfb678c58d492cd9158ee886186f 
Start importing Assets/SubstanceAssets/LittleGamesPack/Textures/GamePieces/GamePieces_Metallic.png using Guid(03159f8be35accb4883befca9d0641e1) (TextureImporter) -> (Import Result ID: '950c2bed2be706fb00e73c77fee9f1e0') in 0.075493459 seconds [static and dynamic dependencies]. Details - ImportResultOutputID=dab5016685a1b748ded9b0890aac99d7 DependenciesID=b5c20ec042b5ec8c8bf6603f042cbe8e StaticDependenciesID=8d4bfd370b8358277e2f548efde06d2c 
Start importing Assets/DevDen Arch Viz Scotland/Textures/Balcony/balcony/balcony_balcony_glass_AO.png using Guid(031b139f608a30c4988001984c7f25ac) (TextureImporter)crunched in 0.197150
 -> (Import Result ID: '03cdcc1409315bebca18888eee7e096a') in 0.233752916 seconds [static and dynamic dependencies]. Details - ImportResultOutputID=ca93fa3afcdc195375fde91e21e6ddd3 DependenciesID=071f2daadf79456ca0fd479b1fddda2f StaticDependenciesID=3a9fc659666fd285bb70ec7b231dca90 
Start importing Assets/DevDen Arch Viz Scotland/Textures/Bed Room/BedsideLamp/bedside_lamp_bedside_lamp1_MetallicSmoothness.png using Guid(13c48cdc08f42d140a3ad20115228820) (TextureImporter) -> (Import Result ID: '3e489c93d3217335fd91cb99623324e0') in 0.006252791 seconds [static and dynamic dependencies]. Details - ImportResultOutputID=3d76048e74599a5c4e2bd8b141a6ef4b DependenciesID=9983ee99f214f21b3ba049b6e9d95076 StaticDependenciesID=592e4bd2f6e36e4bd0b87ecb9d302c39 
Start importing Assets/Furniture Mega Pack/Textures/Cushions/Cushion25_28/Cushion25_28_mat_Cushion25_28_MetallicSmoothness.png using Guid(13e9ec274d9d29a4ba9b6de10d7c2c05) (TextureImporter) -> (Import Result ID: '6bafa6b025321531d8454458d0fd7835') in 0.058826625 seconds [static and dynamic dependencies]. Details - ImportResultOutputID=96d16614845060ccf4d9bbafd277e5ba DependenciesID=61ae09d4a42835b87d44d4e878c5c39c StaticDependenciesID=e0e622f347f5bb1917b83ff7a355e208 
Start importing Assets/Coconut Palm Tree Pack/Textures/Parts/Coconut_Palm_Tree_Branch1_translucency.png using Guid(13dae0eac9956254180d4e76b203db4d) (TextureImporter) -> (Import Result ID: 'cf491c0799df77856ed07fe8898828bd') in 0.001557875 seconds [static and dynamic dependencies]. Details - ImportResultOutputID=dc7109610fa1a0673fc62f44ab902045 DependenciesID=b0b98db3351b0302b58d3a4fb78ccacc StaticDependenciesID=b3488fc62039e6eadb9e51c8bee16367 
Start importing Assets/Furniture Mega Pack/Textures/Chairs/Chair15/Chair15_mat_Chair15_Normal.png using Guid(2361c64facc805141ace2eaf3f4a6c52) (TextureImporter) -> (Import Result ID: 'fb2656ae466a4ccad9bee7e2ce10e946') in 0.088366167 seconds [static and dynamic dependencies]. Details - ImportResultOutputID=03a5b73e82f383c214db0be2177d500d DependenciesID=b86c4a5d303c71d30f3771cbf1a62398 StaticDependenciesID=7299c364834dd23a53e6781a374826b9 
Start importing Assets/DevDen Arch Viz Scotland/Textures/Environment/inner_wall/inner_wall_glass_wall_glass4_AlbedoTransparency.png using Guid(238d86030ab6f744ebc96eca99adcd89) (TextureImporter)crunched in 0.055434
 -> (Import Result ID: '7988ba05bd87187a8c80ba46d99dcdbb') in 0.080312291 seconds [static and dynamic dependencies]. Details - ImportResultOutputID=37af4045f4b28ac769017e5885e45596 DependenciesID=bf4f2d91a26ee094f1e02fbf759a7ef9 StaticDependenciesID=d3d6f082debdb510f2ff1b91703c0dc3 
Start importing Assets/Furniture Mega Pack/Textures/Sofas/Sofa08/Sofa08_mat_Sofa08_AlbedoTransparency.png using Guid(33eca0b811c611c409353f12be9fc495) (TextureImporter) -> (Import Result ID: 'df448a2793102a82e9d7d076e10723db') in 0.082641084 seconds [static and dynamic dependencies]. Details - ImportResultOutputID=d95b9a4307744dd24819f4c509602263 DependenciesID=cb5ddf4fef351ec6f73b71d9b9e188e6 StaticDependenciesID=14db03d604e09d40c3dedbddd0454e16 
Start importing Assets/DevDen Arch Viz Scotland/Textures/Study Room/lamp/lamp_AlbedoTransparency.png using Guid(43e0221751fc1e84ca23c2ac1c64f3fb) (TextureImporter)crunched in 0.034282
 -> (Import Result ID: 'e2ed61d92154fdeb5bf7bb6b6456a9c5') in 0.061422584 seconds [static and dynamic dependencies]. Details - ImportResultOutputID=d5fc2e01e9e6dcf5ab86aa06d38fa970 DependenciesID=d0cda84d28ee4edda9e71cd9535a143d StaticDependenciesID=938e144fea8aec5fe8f016d0a9297f59 
Start importing Assets/DevDen Arch Viz Scotland/Textures/Bed Room/foto_frame_2/Painting_Small_C_Paintings_House_Normal.png using Guid(43f1d319237deca4795afff83b66a5d9) (TextureImporter)crunched in 0.075261
 -> (Import Result ID: 'a2f634f76817c4546a94bc824f00d6d3') in 0.110768167 seconds [static and dynamic dependencies]. Details - ImportResultOutputID=0ae2ba404cf0844bf200440f1bfbd19d DependenciesID=045aaffbe414230c0c41d4c62076c13a StaticDependenciesID=5e92bf75708afeb99e1eb71acac4bee1 
Start importing Assets/DevDen Arch Viz Scotland/Textures/Living Room/sofa_2/sofa_2_01 - Default_Normal.png using Guid(43c721d23788ab74e977df47a14a9b0b) (TextureImporter) -> (Import Result ID: '2a02215a0f189e3a46fa1780a8449f7e') in 0.020872166 seconds [static and dynamic dependencies]. Details - ImportResultOutputID=74d453a952803cbef440bd2539e01269 DependenciesID=7653dd018926510637c6ec29a460f8ee StaticDependenciesID=063c556e6a91082da1d6390c5d6d7149 
Start importing Assets/Furniture Mega Pack/Textures/Chairs/Chair40/Chair40_mat_Chair40_AlbedoTransparency.png using Guid(436e33cffbaaf8342b457c906c5a1f02) (TextureImporter) -> (Import Result ID: '1facc31b7567ac0aae27bdb2a65a297e') in 0.073129083 seconds [static and dynamic dependencies]. Details - ImportResultOutputID=dc026f59393397f292c2534010e0826c DependenciesID=672185fb86672c49e772ffb7cc1fcb55 StaticDependenciesID=a65289acaa6e6d140bb4095aeac45f0c 
Start importing Assets/Furniture Mega Pack/Textures/Chairs/Chair07/Chair07_mat_Chair07_MetallicSmoothness.png using Guid(43ee9908d52f33545a4a460dd2cd9610) (TextureImporter) -> (Import Result ID: 'a45b2fc03f958a04191fbdf380f5b615') in 0.065607625 seconds [static and dynamic dependencies]. Details - ImportResultOutputID=b27076844bcdca00337aa58618143bdd DependenciesID=99f0a09cde68c6b1e83210f318e7e861 StaticDependenciesID=d1f0c687689a45ee4db7d0b451b6fa57 
Start importing Assets/Coconut Palm Tree Pack/Textures/Coconut_Palm_Tree_transgloss.psd using Guid(5325128a82fad4b4db6e4fdb2e6a790c) (TextureImporter) -> (Import Result ID: '92e76da0ef5f55ef76a90c276e1ffedc') in 0.008700042 seconds [static and dynamic dependencies]. Details - ImportResultOutputID=dbc0dd23663fb9cded7b0642205b00f3 DependenciesID=b570e63d42fb8a932966b1d186d92dc2 StaticDependenciesID=2e93ef805f2d89a0e34e293474cb8623 
Start importing Assets/DevDen Arch Viz Scotland/Textures/Kitchen Room/kitchen_1/kitchen_chimini_AO.png using Guid(53ea021d0849256468e46fef285c23d4) (TextureImporter)crunched in 0.233514
 -> (Import Result ID: 'c3dfc74f0b07f72cf9be793d9bbe1081') in 0.271853708 seconds [static and dynamic dependencies]. Details - ImportResultOutputID=8e6154c70c884e8282bc9c3c299ea2af DependenciesID=7acd77495644fc8504ee95a0487309a7 StaticDependenciesID=ff7c26fb531faba2dd0efef3b881fd05 
Start importing Assets/DevDen Arch Viz Scotland/Textures/Study Room/study_chair/CHair2_study_chairI_Leg_AlbedoTransparency.png using Guid(53ae26f8bd492f749830336bb487f0c0) (TextureImporter) -> (Import Result ID: '8d65b9a72b32a4ca7432148fd4d8c940') in 0.016678375 seconds [static and dynamic dependencies]. Details - ImportResultOutputID=450534d9c2bca9986ee8bb3f2f0ede43 DependenciesID=fb64f0e1cb6fc45231acb5778af6ab15 StaticDependenciesID=76abc2a92b076c2d0ac36183a76d9386 
Start importing Assets/DevDen Arch Viz Scotland/Textures/Bathroom/bathroom_shelf/bathroom_shelf_bathroom_shelf_Normal.png using Guid(63822f1b66c0bbb42b8083cbef276b60) (TextureImporter) -> (Import Result ID: '1c8c0a50e218b3fba6bb2587f8d0472c') in 0.013681291 seconds [static and dynamic dependencies]. Details - ImportResultOutputID=4c3ec3fb4a4120a04a2ff0194da93b3b DependenciesID=37400ebf54969dfb64be9dd1b0c42434 StaticDependenciesID=ca22d55470a7c5b3ebc9aa3c5829209a 
Start importing Assets/DevDen Arch Viz Scotland/Textures/Bathroom/Washing_machine/washingmachine_M_washingmachine_Normal.png using Guid(63b84352b990e8a46983bccf32fdbc02) (TextureImporter)crunched in 0.570079
 -> (Import Result ID: 'c5985cebed2853132cc9ae7b48cb0c37') in 0.606281167 seconds [static and dynamic dependencies]. Details - ImportResultOutputID=f3189a302f5dc537da92febcb818b0e6 DependenciesID=3f79477c3d5adf5ebc2934a37921e8b8 StaticDependenciesID=e63cbdf8fa96d4d519191ad6f8c1ef86 
Start importing Assets/Furniture Mega Pack/Textures/Sofas/Sofa01/Sofa01_mat_Sofa01_MetallicSmoothness.png using Guid(63096657bc7acc145b1972e780e677cb) (TextureImporter) -> (Import Result ID: 'ec1d31bd51aeaf4ba8e6697056761547') in 0.040111292 seconds [static and dynamic dependencies]. Details - ImportResultOutputID=308f77a790e538ae5580ccac5485b536 DependenciesID=8077270fc50931bf5603a8e74e7e3593 StaticDependenciesID=01528ad4c50c89671f32d4dc084e5984 
Start importing Assets/DevDen Arch Viz Scotland/Textures/Kitchen Room/kitchen_1/kitchen_gold_tap_handle_Normal.png using Guid(63ac50b38b38d634b9bf2756a9e5290e) (TextureImporter)crunched in 0.109473
 -> (Import Result ID: '556a2d11ca834c9e0df0a6140d434e29') in 0.160804375 seconds [static and dynamic dependencies]. Details - ImportResultOutputID=93a5f171861aea8677ba3e7878a00d51 DependenciesID=bac65a78362c27fadd319f798ae4a1b6 StaticDependenciesID=eff60f9a91567c580d8681153c83774e 
Start importing Assets/Furniture Mega Pack/Textures/Chairs/Chair28/Chair28_mat_Chair28_MetallicSmoothness.png using Guid(73c4a64cfce3c2f438ce838bdff684fe) (TextureImporter) -> (Import Result ID: 'f7c0f22831599b41ddccbb6b3b169780') in 0.06315175 seconds [static and dynamic dependencies]. Details - ImportResultOutputID=9d411ab717dcdd0cf425cf08dbac93f9 DependenciesID=3cc1eae034f390953e2e8be854ae53ec StaticDependenciesID=96f31aa1db4a929f02d73239bbe877dc 
Start importing Assets/DevDen Arch Viz Scotland/Textures/Bathroom/MetalDryer/dry_M_metaldryer_AlbedoTransparency.png using Guid(731a7294032f33846abde08b7fffd5b1) (TextureImporter)crunched in 0.108670
 -> (Import Result ID: '039c3335f2e24273af2b15bcb53e02a9') in 0.290791791 seconds [static and dynamic dependencies]. Details - ImportResultOutputID=2850fc1bd56fe970a01446f1d813d4b9 DependenciesID=bfd1d7fa32e7408636565bdff606ded9 StaticDependenciesID=02d74d3cb01fbc47e77036702a964eb7 
Start importing Assets/DevDen Arch Viz Scotland/Textures/Bed Room/bedside_table/bedside_table_bedside_AO.png using Guid(733c6d55094ea824587133e1634be2a1) (TextureImporter) -> (Import Result ID: '9b4a6d38de3d9ab8feb8ca0c50f4f612') in 0.012815666 seconds [static and dynamic dependencies]. Details - ImportResultOutputID=467e71689cadd9c0781c4b20a74f9d07 DependenciesID=44349f438a90b7e1d1c7ed47ce656863 StaticDependenciesID=82981c503ed41f20f4d1ae22fb6cc8fe 
Start importing Assets/Furniture Mega Pack/Textures/Chairs/Chair14/Chair14_mat_Chair14_MetallicSmoothness.png using Guid(9301a7b39258e894ca3c4367b5252299) (TextureImporter) -> (Import Result ID: '6061392e0ffb0ad322094e4c09c39353') in 0.060922792 seconds [static and dynamic dependencies]. Details - ImportResultOutputID=c23d6eec6725a781cbe461f5b5fab6f1 DependenciesID=bae211208f3fc510febfb2cd13f8eef8 StaticDependenciesID=b99ac985addc803186629dd441dbf6ad 
Start importing Assets/DevDen Arch Viz Scotland/Textures/Study Room/lamp/Lamp_emission_Emission.png using Guid(93b2d15457131ae419962d2d511feb16) (TextureImporter) -> (Import Result ID: '096127c071e758ef9a0bdb1a6e818d51') in 0.029258125 seconds [static and dynamic dependencies]. Details - ImportResultOutputID=8b662ede325b4c5ff0e4a51e46caa7bf DependenciesID=f12cc7912736fce1c111553cbb2b4a21 StaticDependenciesID=c41c3b384c2ec1fdc903ff1081e5ba6b 
Start importing Assets/DevDen Arch Viz Scotland/Textures/Bathroom/Toilet_wood/3_toilet_wood1_MetallicSmoothness.png using Guid(a39a98fef505c6b49b6e983d74a8d5a4) (TextureImporter)crunched in 0.057195
 -> (Import Result ID: '9ede5d8387d2474094e931a629811b12') in 0.081552917 seconds [static and dynamic dependencies]. Details - ImportResultOutputID=8a49f736e7c77480bb50a1a469f6da9d DependenciesID=7723bf4fcb1c00a6364a9fb61f8e994a StaticDependenciesID=8c9e4d8fb379844d776de637648df5b6 
Start importing Assets/DevDen Arch Viz Scotland/Textures/Kitchen Room/Mug Holder/Mug Holder_MetallicSmoothness.png using Guid(a32b11ce2d20ee548bfb7cd39bf89f0b) (TextureImporter) -> (Import Result ID: '239d29de2c1cee022d4ccf2fda0bd89a') in 0.041561792 seconds [static and dynamic dependencies]. Details - ImportResultOutputID=d585e8e1b1c3d149429d23eb833e03d7 DependenciesID=7ecc33411d1940724126221087c60e26 StaticDependenciesID=aadb64277fe25808ff019c1531eb9504 
Start importing Assets/DevDen Arch Viz Scotland/Textures/Balcony/balcony/balcony_balcony_glass_AlbedoTransparency.png using Guid(a39f9ef600367fe4abcf205d20d92134) (TextureImporter)crunched in 0.107731
 -> (Import Result ID: '4bde6ccd00f2e7b30d61630c189b7f80') in 0.136045375 seconds [static and dynamic dependencies]. Details - ImportResultOutputID=c7a326b04738d7382a3d8cebf78b25c8 DependenciesID=797bf7944cc0f20ed38191772572d115 StaticDependenciesID=f2fcff80d26f54680fbb4a31ef2e2cc5 
Start importing Assets/Furniture Mega Pack/Textures/Chairs/Chair07/Chair07_mat_Chair07_Normal.png using Guid(c31bb9b35e7232e4ca0e14c609dd7217) (TextureImporter) -> (Import Result ID: '537f02b5114db87af6674b40739abfda') in 0.071972667 seconds [static and dynamic dependencies]. Details - ImportResultOutputID=e192ee57f773ef62c9c69799595971ae DependenciesID=6ed3f3d01262b26ac98226805ae5ab99 StaticDependenciesID=30a837933b7e838dda098b40e752a3ee 
Start importing Assets/Furniture Mega Pack/Textures/Kitchen/AtlasTexture_KitchenCollection_Atlastexture_KitchenCollection_MetallicSmoothness.png using Guid(d3a0f9d8601308c4e95eb3fc48af6bcb) (TextureImporter) -> (Import Result ID: '22ec5e7cb88c40e085321e8f0098b426') in 0.048509542 seconds [static and dynamic dependencies]. Details - ImportResultOutputID=8f1d2917b022f91c2fc6147ff81de1de DependenciesID=12106132c2efaf0434ba3a5260ee0f72 StaticDependenciesID=c7330cdc3bf7f4e96207d04d85118dda 
Start importing Assets/DevDen Arch Viz Scotland/Textures/Common/Interior_props/CommonCeramic01.png using Guid(d30b1fd330148bd4d8a30eea7e997cc6) (TextureImporter) -> (Import Result ID: '28a28c63cd79e8baea47264bacb03636') in 0.01925525 seconds [static and dynamic dependencies]. Details - ImportResultOutputID=87ef7246008ac9bf4852c26f7e465594 DependenciesID=8cef50e737ffcffc4ad50da641a3e7f8 StaticDependenciesID=f2e8b0f7a3f5801e892540e24add5996 
Start importing Assets/DevDen Arch Viz Scotland/Textures/Kitchen Room/Kitchen_cupboard_2/kitchen_green_wood_AO 1.png using Guid(f3347015d4f481244aa3c06bc748da75) (TextureImporter)crunched in 0.326028
 -> (Import Result ID: '921bd11c38eb589f0a221707b0a4e314') in 0.374910333 seconds [static and dynamic dependencies]. Details - ImportResultOutputID=16ef12af7d1292576ae78c42a2cbd080 DependenciesID=a57b5004bd42e675e8febdf0d497ef92 StaticDependenciesID=667fe39bb844779590172a69ea15f272 
Start importing Assets/Furniture Mega Pack/Textures/Chairs/Chair17/Chair17_mat_Chair17_MetallicSmoothness.png using Guid(f308dc341c32bef4c9f0fb60fe5c7beb) (TextureImporter) -> (Import Result ID: 'f837b43cd9962b0aab3ecb88c7363cea') in 0.065641083 seconds [static and dynamic dependencies]. Details - ImportResultOutputID=595bd183f98931f1aa97e5a889797389 DependenciesID=8927a59335f8754768dc8e5d37ee32c1 StaticDependenciesID=87fd31a034b5cd727583b4116f8b67aa 
Start importing Assets/Furniture Mega Pack/Textures/Chairs/Chair32/Chair32_mat_Chair32_MetallicSmoothness.png using Guid(0436e9af47745e34b99c56edcd3ed34d) (TextureImporter) -> (Import Result ID: '48172351ea30b2a7228a6dd50d292524') in 0.050734875 seconds [static and dynamic dependencies]. Details - ImportResultOutputID=900e60123a6506a2e5f2cf36e1abc06f DependenciesID=5439ad9e1d990b324a577420842c1435 StaticDependenciesID=f6cb40de7ea97c553142911548294c78 
Start importing Assets/Furniture Mega Pack/Textures/Chairs/Chair38/Chair38_mat_Chair38_AlbedoTransparency.png using Guid(04b7cf32b203f7a46bf81c742b72f181) (TextureImporter) -> (Import Result ID: '04560f7e3354ca594e48ff92c4e59ea2') in 0.053525458 seconds [static and dynamic dependencies]. Details - ImportResultOutputID=63addc9b42d3d983ed8244a1473541fc DependenciesID=a20b16120a5848b2c291becef096389c StaticDependenciesID=becc89f3550575216f731c4f2ef8346f 
Start importing Assets/DevDen Arch Viz Scotland/Textures/Environment/inner_wall/inner_wall_inner_roof3_Normal.png using Guid(144508e8ac940b047b202a3de1b28681) (TextureImporter)crunched in 0.089013
 -> (Import Result ID: 'bfa4eee9a608518445207b51db424061') in 0.137071 seconds [static and dynamic dependencies]. Details - ImportResultOutputID=18beb5cd69d0cfabfe5cad4bcaa4423d DependenciesID=302dbadd2cbd6bb907adab9ab2e58dbc StaticDependenciesID=a40eb5aa7d29b962ef3503b53a6bd3c6 
Start importing Assets/DevDen Arch Viz Scotland/Textures/Bed Room/FOTO_FRAME_4/Painting_StandPhoto_C_Paintings_House_MetallicSmoothness.png using Guid(1455bfde9e39c1f4999aae413ab8d18d) (TextureImporter)crunched in 0.084172
 -> (Import Result ID: 'b1b24fefd24184d7ca2e81e8c49edb5e') in 0.108896166 seconds [static and dynamic dependencies]. Details - ImportResultOutputID=4c9a5156442e30b3eccf839c7e709e37 DependenciesID=4ab36424824102f1dcf4e23ff0652922 StaticDependenciesID=439b80f776eb2be2e79600406b4fdc24 
Start importing Assets/Furniture Mega Pack/Textures/Chairs/Chair11/Chair11_mat_Chair11_AlbedoTransparency.png using Guid(144e54ca2a79d9f4aaf256e9fe90c2be) (TextureImporter) -> (Import Result ID: '4e6ead56caae105fc0fdbf333299f75e') in 0.071182333 seconds [static and dynamic dependencies]. Details - ImportResultOutputID=66409d5d28495903f2ce9c5df1d9b4c3 DependenciesID=48dee54f51f0a46c83014181c3eb0064 StaticDependenciesID=9d2a8149cf6100fa5ea8969201164262 
Start importing Assets/Furniture Mega Pack/Textures/Chairs/Chair23/Chair23_mat_Chair23_Normal.png using Guid(147e0d8b9c9dfef4492c118c3804e483) (TextureImporter) -> (Import Result ID: '674cf54cfe6c53b4deba4922472c3993') in 0.095141 seconds [static and dynamic dependencies]. Details - ImportResultOutputID=c18687e35dab5f259d6f81ff60b5d4dc DependenciesID=3f4bc641e2dcfee7308b2e2712a5f964 StaticDependenciesID=4eff3ab263e47d93c9aa812a55a12172 
Start importing Assets/DevDen Arch Viz Scotland/Textures/Bathroom/Washbasin/washbasin_M_washbasin_AO.png using Guid(24359b693aa49d048ac0956849c4bcdb) (TextureImporter)crunched in 0.138483
 -> (Import Result ID: '5b82b23bb2a05124d343ab7d64f4edf6') in 0.172858666 seconds [static and dynamic dependencies]. Details - ImportResultOutputID=909cfad0d659e43c5c35e511ee515681 DependenciesID=7ebac7764f27ecda4f257cfe9c846227 StaticDependenciesID=4eab6b858bd840be931eaedcba4e1ea8 
Start importing Assets/Furniture Mega Pack/Textures/Chairs/Chair02/Chair02_mat_Chair02_MetallicSmoothness.png using Guid(2495c985da457d94180feb1890e81da5) (TextureImporter) -> (Import Result ID: '8b77ee835bf9ef9f429224c28b25fbd4') in 0.053493084 seconds [static and dynamic dependencies]. Details - ImportResultOutputID=0b763d869f8297a941c158a110ff9bbf DependenciesID=f0b9f3fa594d8ab174084b9dba242040 StaticDependenciesID=e4d637af661060f27e35c747d6eb9a24 
Start importing Assets/DevDen Arch Viz Scotland/Textures/Kitchen Room/CoffeeMachine/coffeemachine_DefaultMaterial_AO.png using Guid(24c98300d3c0fbc4d923890a58a0b088) (TextureImporter)crunched in 0.222285
 -> (Import Result ID: '325582758462ec4280840b2e44622c2f') in 0.257782833 seconds [static and dynamic dependencies]. Details - ImportResultOutputID=ffd215c06c40d0a55a5d9af8c22ae32f DependenciesID=651b21dfa240c96d53b29a04d0b6192a StaticDependenciesID=7430610092f188e7eee08469448d8ca9 
Start importing Assets/DevDen Arch Viz Scotland/Textures/Common/Socket/socket_M_socket_MetallicSmoothness.png using Guid(3440cfc25900a0f44948484f6bdae72f) (TextureImporter) -> (Import Result ID: '08b12c739a66ca48f6d8be258598ba81') in 0.007847 seconds [static and dynamic dependencies]. Details - ImportResultOutputID=a771b22222dad2889ee41e0e70bfd65a DependenciesID=cd5a562068f9ef223b473bdfbabde471 StaticDependenciesID=31a400b4ab5b0d016e1d9c2287c31eec 
Start importing Assets/Furniture Mega Pack/Textures/Chairs/Chair31/Chair31_mat_Chair31_AlbedoTransparency.png using Guid(34087fcf3d4596a4c8df954de74dcd15) (TextureImporter) -> (Import Result ID: '4f76f1fc33e4d107d5ead15752ff04c1') in 0.054579417 seconds [static and dynamic dependencies]. Details - ImportResultOutputID=5b4fd9d91f77339f04145ec99ed59fc3 DependenciesID=a55d7dec6d35713fa02e7a59dd9e3019 StaticDependenciesID=b8d35e65ee7bd4716ee8fa6a4f15979d 
Start importing Assets/DevDen Arch Viz Scotland/Textures/Kitchen Room/fridge_2/frifge_gold_tap_handle_AlbedoTransparency.png using Guid(340e320badc1db047bcd677d2ef5a3d3) (TextureImporter)crunched in 0.034038
 -> (Import Result ID: '4758b740f59a3101ba116f7893371dc0') in 0.060936417 seconds [static and dynamic dependencies]. Details - ImportResultOutputID=d3406c0e484fc57bbba83c3483575e0b DependenciesID=923e759f2e18c1217340d3aa53df0706 StaticDependenciesID=9dfac81c3e9cbc3debb060880693dc94 
Start importing Assets/Furniture Mega Pack/Textures/Chairs/Chair08/Chair08_mat_Chair08_MetallicSmoothness.png using Guid(446da292c173a7246b5ff15b3a60bf3a) (TextureImporter) -> (Import Result ID: 'af75ada61e1e948766563cf7453d7f3c') in 0.050712167 seconds [static and dynamic dependencies]. Details - ImportResultOutputID=6f4ac6a35a365f2a56cc53aad810d657 DependenciesID=546a29bfac6dac4be08acec0b7caa118 StaticDependenciesID=b180ba0f11e0b1f3d8bc262e1a90c1de 
Start importing Assets/DevDen Arch Viz Scotland/Textures/Kitchen Room/Knife Holder/Knife Holder_MetallicSmoothness.png using Guid(44dfab1b70377cf458a23f403aad75b8) (TextureImporter) -> (Import Result ID: '8f31445d8dab6b2c61276e190e73ceec') in 0.045975125 seconds [static and dynamic dependencies]. Details - ImportResultOutputID=c7e1aa345800b79f229c3bcfc3751ed6 DependenciesID=8377796414f94d7a53120b0403b6bfce StaticDependenciesID=8a86b43796d9dc80f175e152455111a3 
Start importing Assets/Coconut Palm Tree Pack/Textures/Parts/Coconut_Palm_Tree_Bark_diffuse.tif using Guid(54054dbf5a8a60f45a1379fdec49fae9) (TextureImporter) -> (Import Result ID: '9890a602e8f5ca6c50ea519b89927839') in 0.009910208 seconds [static and dynamic dependencies]. Details - ImportResultOutputID=57014e0131b682be9f425a2326e89254 DependenciesID=5c9a159922c52b0de89b0056b8727157 StaticDependenciesID=25b30da3861ff45031995d27e1b0d8f0 
Start importing Assets/DevDen Arch Viz Scotland/Textures/Balcony/balcony_mat/balcony_mat_balcony_mat1_AlbedoTransparency.png using Guid(5425140201b6c5b48a54a90d48414fd4) (TextureImporter) -> (Import Result ID: 'cf601cf9d5e9047e4c37b841063afd87') in 0.032120083 seconds [static and dynamic dependencies]. Details - ImportResultOutputID=d76ce7010d79b507229cfd884716015e DependenciesID=2c95d874906a53ada28f124b9c0e55ad StaticDependenciesID=19fbbf182b21f121a19a5c3dead71c23 
Start importing Assets/DevDen Arch Viz Scotland/Textures/Living Room/Laptop/laptop_DefaultMaterial_emission.png using Guid(542c7604b011c18459de72082469f25e) (TextureImporter) -> (Import Result ID: '5cce9a98615172937a7e40609350bd0f') in 0.128522041 seconds [static and dynamic dependencies]. Details - ImportResultOutputID=4b4cd0a16cb9490b7e06b78810948549 DependenciesID=d517b3480c0976ed4126f28f4933d604 StaticDependenciesID=10d813a7744670aebe34c4305498e09a 
Start importing Assets/DevDen Arch Viz Scotland/Textures/Bathroom/Washing_machine/washingmachine_M_washingmachine_AlbedoTransparency.png using Guid(644093fe736a20b4bb283d207596c460) (TextureImporter) -> (Import Result ID: 'c91516148b0203b408078ef4c4600a13') in 0.1581415 seconds [static and dynamic dependencies]. Details - ImportResultOutputID=07bda920a20732708c7acf8831ea9b26 DependenciesID=6eadab78d5acf0b68828c041790a0704 StaticDependenciesID=a5bee08af45b68f7b2859a0a61caf65f 
Start importing Assets/Furniture Mega Pack/Textures/Sofas/SectionalSofaLeather/SectionalSofaLeather_mat_SectionalSofaLeather_Normal.png using Guid(64410b0dfb28dd245b9b72e8139f0db3) (TextureImporter) -> (Import Result ID: '55d51e40550bc86af10351261057ca54') in 0.075109792 seconds [static and dynamic dependencies]. Details - ImportResultOutputID=cb439df78ffa1d75a9bd4a0a32135166 DependenciesID=2e43a2bdccfc9d64a4326de2c1b96dd6 StaticDependenciesID=82a6f9108806e4d2556b66d1cbb607b4 
Start importing Assets/DevDen Arch Viz Scotland/Textures/Kitchen Room/Kitchen_cupboard_1/kitchen_2_green_wood_MetallicSmoothness.png using Guid(6461da92c391b3b4cafb15b196d455ff) (TextureImporter) -> (Import Result ID: '52053ef59a5bf1b2c56b2677046cdcbf') in 0.007092708 seconds [static and dynamic dependencies]. Details - ImportResultOutputID=70bc85eae183e5d6054cc941fc4d2d55 DependenciesID=174234cd0c3c91286391b3b638c786fa StaticDependenciesID=50ed031a999a815d3008125abe374760 
Start importing Assets/DevDen Arch Viz Scotland/Textures/Kitchen Room/Knife Holder/Knife Holder_AlbedoTransparency.png using Guid(649ccba9cc7ab5343a004112b7741c7e) (TextureImporter) -> (Import Result ID: '80d5a0438126eac2c57021226ea743a3') in 0.075906292 seconds [static and dynamic dependencies]. Details - ImportResultOutputID=f877712321ded5bd613b12ccae6c00aa DependenciesID=dbb96e53654af3d1fee4553297f661a4 StaticDependenciesID=1d39d48b2e3f5e4c78e9a36ed4b76e0a 
Start importing Assets/DevDen Arch Viz Scotland/Textures/Kitchen Room/kitchen_1/kitchen_steel_AlbedoTransparency.png using Guid(64ae12b879503b440b72ca5d5b9f053e) (TextureImporter)crunched in 0.034092
 -> (Import Result ID: '3cf9e3afe9a2e35c6e4c7fa993454b25') in 0.061870666 seconds [static and dynamic dependencies]. Details - ImportResultOutputID=2727788d05b52c9b0be35b3af3eb3465 DependenciesID=ce21228b7f3bd77f28a4a239cb1e5318 StaticDependenciesID=3f92f8960f029883bba716566902862d 
Start importing Assets/DevDen Arch Viz Scotland/Textures/Bed Room/BedsideLamp/bedside_lamp_bedside_lamp1_AO.png using Guid(7410df1afb536a04cab9abcb8386f2f1) (TextureImporter) -> (Import Result ID: '36ecf231fe7355670d850aeffae30541') in 0.006822667 seconds [static and dynamic dependencies]. Details - ImportResultOutputID=e6552b652e5c8636fbec3feed49ec398 DependenciesID=b17bb5daeb293718947439578e94a841 StaticDependenciesID=dc0c10104c5897b977ad98451f308bd1 
Start importing Assets/Furniture Mega Pack/Textures/Sofas/Sofa02/Sofa02_mat_Sofa02_Normal.png using Guid(74c7c23d6ae973b4f966589c26472590) (TextureImporter) -> (Import Result ID: '9e014d754d238309aae043593a75f16c') in 0.085811 seconds [static and dynamic dependencies]. Details - ImportResultOutputID=0975acdf16c34cf2859804db755a11e7 DependenciesID=1582f1d6041c2cda1250ef65b79689e9 StaticDependenciesID=54582e1bd58849fcc7eb8c66110154d0 
Start importing Assets/Animated Tropical Vegetation/Textures/palm_tree_3_leaves_color.png using Guid(74ab009edab3b8540938382f50a3a6aa) (TextureImporter) -> (Import Result ID: '42f1bf4834e6ff6ddb85dc0c972ea8c1') in 0.034074708 seconds [static and dynamic dependencies]. Details - ImportResultOutputID=bb49bb439aa22512151b1c0b024f3ad3 DependenciesID=846182f640e1b1319d74dffa413bc950 StaticDependenciesID=272d1d7acc1861bef3011e1b10703add 
Start importing Assets/DevDen Arch Viz Scotland/Textures/Kitchen Room/kitchen_1/kitchen_plastic_AO.png using Guid(74eb4a96a2f283c46bc3292ef84e3f16) (TextureImporter)crunched in 0.254961
 -> (Import Result ID: '49b8d60d735364c973fde2e38b5e68c4') in 0.298578917 seconds [static and dynamic dependencies]. Details - ImportResultOutputID=14ff3b0d8d4fe75deda188125dab498c DependenciesID=3f5df9fc329b3753a6224d582933bd03 StaticDependenciesID=b5fb5200bb0846510b1d2aabdd45ccf4 
Start importing Assets/DevDen Arch Viz Scotland/Textures/Common/Plate/plate_1_plate_1_Normal.png using Guid(8477b477213da7f4c9fb6d12c63b361a) (TextureImporter) -> (Import Result ID: 'b52b13aa4dfc3a64bcb63fb3c4e67fca') in 0.041919791 seconds [static and dynamic dependencies]. Details - ImportResultOutputID=fa98390541e5844c6b74b5aad03c8329 DependenciesID=6b9145bb1761ef2b239ab97fdfd258cf StaticDependenciesID=191a4dcb5691fa57c3b63ba58d74ef00 
Start importing Assets/DevDen Arch Viz Scotland/Textures/Bed Room/foto_frame_3/Painting_StandPhoto_A_Paintings_House_AO.png using Guid(84c98746758d1314d856cd543624e38b) (TextureImporter)crunched in 0.080595
 -> (Import Result ID: '24056de6f374cada4803762a54137aea') in 0.110411708 seconds [static and dynamic dependencies]. Details - ImportResultOutputID=025cc9660004ca4bc140a9020c74bc46 DependenciesID=a8e5236c03bb80e6ca2a2f0674f7a29c StaticDependenciesID=103447076f68eac7ae8a03b55dd5431f 
Start importing Assets/Furniture Mega Pack/Textures/Chairs/Chair38/Chair38_mat_Chair38_Normal.png using Guid(842efe323b44efb46b45cad499b4edb1) (TextureImporter) -> (Import Result ID: '6e447f33956f537e0857d82f0874eec3') in 0.066483625 seconds [static and dynamic dependencies]. Details - ImportResultOutputID=08fd47af057cbd2fc4827a72354d6c55 DependenciesID=1e7247e88336e729a3c4c685d60486eb StaticDependenciesID=b7b7ae1fdbf89a91aa21d4a4a2551c12 
Start importing Assets/DevDen Arch Viz Scotland/Textures/Living Room/Remotecontrol/RemoteControl_DefaultMaterial_AlbedoTransparency.png using Guid(84efb40c533a34f428bd97544ac19268) (TextureImporter) -> (Import Result ID: '182f864aea97da07979b5afa6fc91d5d') in 0.048775917 seconds [static and dynamic dependencies]. Details - ImportResultOutputID=6753160338ee277076ce7fa5c5616f51 DependenciesID=d956d8ba8dc4039b5797d6e860299c40 StaticDependenciesID=f933ac6e228e7da91cc895426a369bfc 
Start importing Assets/Furniture Mega Pack/Textures/Chairs/Chair39/Chair39_mat_Chair39_AlbedoTransparency.png using Guid(94650e0dc9c87f340b22bb3adac0abed) (TextureImporter) -> (Import Result ID: '1e5f115af8bf0b7d769c4435cac49ee1') in 0.0796565 seconds [static and dynamic dependencies]. Details - ImportResultOutputID=274bcb893b501fc9f8b99ada47804cbe DependenciesID=cdda9d519071b31b0abbde2d5b594fcd StaticDependenciesID=56f9974d5a45b49f043c7accc9635a42 
Start importing Assets/Furniture Mega Pack/Textures/Chairs/Chair23/Chair23_mat_Chair23_MetallicSmoothness.png using Guid(946929191922f99499eb1769cf1da3f6) (TextureImporter) -> (Import Result ID: '83f1e327b4dddfa20c974684e5b6defc') in 0.041653542 seconds [static and dynamic dependencies]. Details - ImportResultOutputID=bdaf6bd4b9d489c9b198ae1c2ad7411d DependenciesID=d4fe71069fd64f30cc44fb6104899644 StaticDependenciesID=b52573157a14c1420f63e184e21ec800 
Start importing Assets/Furniture Mega Pack/Textures/Chairs/Chair15/Chair15_mat_Chair15_MetallicSmoothness.png using Guid(946e295eace92314d834a0f691438031) (TextureImporter) -> (Import Result ID: '2b863cb1b90db0a18850161cc9cd9110') in 0.053023042 seconds [static and dynamic dependencies]. Details - ImportResultOutputID=58104e6b8c651af4e0137365649741b8 DependenciesID=781c213982f7056d7f64814a7b186528 StaticDependenciesID=84da3aeb7791327996cdda750d3155e6 
Start importing Assets/Furniture Mega Pack/Textures/Sofas/Sofa04/Sofa04_mat_Sofa04_Normal.png using Guid(a493343973846e949bc63132b5c735c8) (TextureImporter) -> (Import Result ID: '58b286adcaff592763c65c299d19a6cc') in 0.088762 seconds [static and dynamic dependencies]. Details - ImportResultOutputID=e4fa943e2a827f9e2a40c3f6f54a5641 DependenciesID=705b356362c356ccab9fbae3a8c15fab StaticDependenciesID=8a03bfb601417609f898e83e82ec46c6 
Start importing Assets/DevDen Arch Viz Scotland/Textures/Common/door and handle/door and handles_door_AlbedoTransparency.png using Guid(b4b272b4364e7d745ae7f168d43f3485) (TextureImporter) -> (Import Result ID: '1f81cbcdbed2f0e4055f511ba1ad72fc') in 0.008991166 seconds [static and dynamic dependencies]. Details - ImportResultOutputID=a614695ccd2b39e503eb54dd1db4aedc DependenciesID=caec8882cc0c150d93a054e4bd1e6078 StaticDependenciesID=d260a7ec21961b09f3194f5f7bd3483f 
Start importing Assets/DevDen Arch Viz Scotland/Textures/Bed Room/dressing_mirror/dresing_mirror_dressing_mirror1_MetallicSmoothness.png using Guid(b4048190cbedd994094e94bed502ac19) (TextureImporter)crunched in 0.438183
 -> (Import Result ID: 'c6c12f0ce3cc8c91637a9d027313ece3') in 0.474727833 seconds [static and dynamic dependencies]. Details - ImportResultOutputID=15de9e782664d0e29a388d3b897221a8 DependenciesID=419468b2db0e1e6afb2c428ebd9e5bc6 StaticDependenciesID=a9b40083dd5ae5c6b4b0ae52cda48839 
Start importing Assets/DevDen Arch Viz Scotland/Textures/Kitchen Room/side_piece/side_piece_white_wood_Normal.png using Guid(b4551ef17fe6a324f8042e908773dbcd) (TextureImporter)crunched in 0.091204
 -> (Import Result ID: '457d9e2b4bcfd417bae52f408d3cebfe') in 0.13916275 seconds [static and dynamic dependencies]. Details - ImportResultOutputID=b49c166d236b99868e0f2a70e82e926f DependenciesID=22fd2086d2ab653d71f1a8447681e01a StaticDependenciesID=13f75432e10a9e367d897cc2cb581418 
Start importing Assets/Furniture Mega Pack/Textures/Kitchen/AtlasTexture_KitchenCollection_Atlastexture_KitchenCollection_AlbedoTransparency.png using Guid(b4a612d2898819642a91be3159b04366) (TextureImporter) -> (Import Result ID: '17fdab24b128407f11f74da7056f2f27') in 0.050156916 seconds [static and dynamic dependencies]. Details - ImportResultOutputID=cd5fd20aebea72c4485fb4fc05424bb8 DependenciesID=2d17d2c081fbeda91d1ce821c05da63e StaticDependenciesID=123d2eb629f02c218d4397196fcb8ee4 
Start importing Assets/DevDen Arch Viz Scotland/Textures/Study Room/lamp/lamp_MetallicSmoothness.png using Guid(b4b7e032a0f638e48a24c0eb3446f069) (TextureImporter)crunched in 0.055486
 -> (Import Result ID: 'deef537e824b176dd68429f41879fd70') in 0.080709708 seconds [static and dynamic dependencies]. Details - ImportResultOutputID=d110d6d2bca100a7e817849ef14c282f DependenciesID=e8a74d38550f211fd4dec2fa745639aa StaticDependenciesID=6d8b826b0dab55b0e03906bc9eb4f68e 
Start importing Assets/DevDen Arch Viz Scotland/Textures/Common/Plate/plate_1_plate_1_Metallic.png using Guid(b48abe66f99a22249bf641e15a47fd04) (TextureImporter) -> (Import Result ID: '479fed30266952503b683a87d125fe44') in 0.18768375 seconds [static and dynamic dependencies]. Details - ImportResultOutputID=c483d9af7d40fcde7c202e3f24330ac3 DependenciesID=9ccdd659bdeb93e79ed063ed78a0c090 StaticDependenciesID=ce8370d9597e039a24ccda5a28d559d9 
Start importing Assets/DevDen Arch Viz Scotland/Textures/Living Room/tea_table/Tea Table_teatable_MetallicSmoothness.png using Guid(b45d23b4959344244ad15a0ff7eee303) (TextureImporter) -> (Import Result ID: 'a88823e0bc1ccc5a3e976770069c9042') in 0.009443584 seconds [static and dynamic dependencies]. Details - ImportResultOutputID=f2c46558905a098bbac6532d16acb0e3 DependenciesID=1d04997ffcf1a9b1a712b657c0bbba77 StaticDependenciesID=625371f18c7cc77715babe1b02b7b53f 
Start importing Assets/DevDen Arch Viz Scotland/Textures/Kitchen Room/Kitchen_cupboard_1/kitchen_2_green_wood_Normal.png using Guid(c4739f5a0e75a1448b6f7d077ea4ada5) (TextureImporter) -> (Import Result ID: '8c15cae6747fb9d4129821d41b0ee38a') in 0.013142917 seconds [static and dynamic dependencies]. Details - ImportResultOutputID=a260e63cddc5337be9450261bb29e6a9 DependenciesID=9af950d0756916328137729d133348da StaticDependenciesID=cc50150032f79cb26e33f3e4d3cdd3fe 
Start importing Assets/Furniture Mega Pack/Textures/Chairs/Chair24/Chair24_mat_Chair24_AlbedoTransparency.png using Guid(c42c3bc338f44ea46b0ae128e3ac7ce1) (TextureImporter) -> (Import Result ID: 'fb3aa66f5521a71cbcc0c93dd8bd9fea') in 0.05192575 seconds [static and dynamic dependencies]. Details - ImportResultOutputID=7b25dfe8dd39622491fd8c0bd5a0a389 DependenciesID=8debfc27f28cb3ded26289fb47d65e32 StaticDependenciesID=b06db6cecf6e474e497ba8be0d8abb2f 
Start importing Assets/DevDen Arch Viz Scotland/Textures/Bathroom/Washbasin/washbasin_M_washbasin_AlbedoTransparency.png using Guid(d4012282a652ec94b98fd22b5b113747) (TextureImporter) -> (Import Result ID: 'ac78f750a7207557e72febcb5403385c') in 0.029178417 seconds [static and dynamic dependencies]. Details - ImportResultOutputID=6bdfd56636dabaac6f18826fe7803258 DependenciesID=d0f1cb245ac487305794dc2be5d92c0f StaticDependenciesID=a19ce939201493df42d9f9cd2f4ab625 
Start importing Assets/DevDen Arch Viz Scotland/Textures/Living Room/tea_table/Tea Table_teatable_AO.png using Guid(d4720a1a0445f42488d633491bea0483) (TextureImporter) -> (Import Result ID: '235875fd61cf07e0adba208d4d6eef6f') in 0.010698625 seconds [static and dynamic dependencies]. Details - ImportResultOutputID=41912f05e2dcefec6f30470558bd5eba DependenciesID=b9562aa04a3cfef798c8ee4364668672 StaticDependenciesID=3031eeaa4354bf20ecbfe2a5b3a27643 
Start importing Assets/DevDen Arch Viz Scotland/Textures/Common/AirConditioner/airconditioner_emision.png using Guid(d4f54817807ffa44298d1a4b7c727975) (TextureImporter) -> (Import Result ID: 'd198311ca4a87195f057af38afd619ba') in 0.029579708 seconds [static and dynamic dependencies]. Details - ImportResultOutputID=ba63c22b67a9a66f5ce120fa69ab64e8 DependenciesID=38ebc9bcedd9dfdf1e25d54b72a4e1ca StaticDependenciesID=28403d324ad36daf9c959a74d8487875 
Start importing Assets/DevDen Arch Viz Scotland/Textures/Bed Room/foto_frame_1/Painting_Photo_B_Paintings_House_Normal.png using Guid(d42bb09af5ffe214d8dc25dca88d6902) (TextureImporter)crunched in 0.082591
 -> (Import Result ID: '11d793cc568168dc8c747956a14b640b') in 0.112232917 seconds [static and dynamic dependencies]. Details - ImportResultOutputID=2a491bfbb407b36b9d8172e4ec08218d DependenciesID=82755f346ccf0d14ecbd2b0abb6c3f29 StaticDependenciesID=b403386e2aea71431c3f166b8d44f59e 
Start importing Assets/DevDen Arch Viz Scotland/Textures/Bathroom/Toilet_wood/3_toilet_wood1_Normal.png using Guid(e498dbfda0ef2304ba2ca4aff64d6610) (TextureImporter) -> (Import Result ID: '69a1a396ff8a9e57788760fc29dbe997') in 0.022091083 seconds [static and dynamic dependencies]. Details - ImportResultOutputID=410398e89a23d43b5d01d6f0b7929fd4 DependenciesID=f41031fdfdffc7004edfd5fd9503daf6 StaticDependenciesID=3a94b5092072be2fcedd9ec965cda336 
Start importing Assets/DevDen Arch Viz Scotland/Textures/Bathroom/towel_2/2_toilet_wood_1_Normal.png using Guid(e40a469a4b1e74a4093aa86a48b13c99) (TextureImporter) -> (Import Result ID: '4aaa3e7e89bfc6940e654722209c4d4c') in 0.022633542 seconds [static and dynamic dependencies]. Details - ImportResultOutputID=799c313974431ff6b4d09732f3633cd5 DependenciesID=3b2aed364c2f80915d2b7ac3c5951a63 StaticDependenciesID=9036d63e122922d4561ff1dba5578db4 
Start importing Assets/Furniture Mega Pack/Textures/Chairs/Chair08/Chair08_mat_Chair08_Normal.png using Guid(e42c05a9496061248b3952b2b6a9e9e9) (TextureImporter) -> (Import Result ID: '2ca095bdbce6b0d92934b4347ff65e35') in 0.069793584 seconds [static and dynamic dependencies]. Details - ImportResultOutputID=69a0ac8bab1c72a48742d412c4490bac DependenciesID=ae2c799ebc6af37a4993c00acfe631cf StaticDependenciesID=c705553817a18f61d89462c7ccb13236 
Start importing Assets/Furniture Mega Pack/Textures/Chairs/Chair21/Chair21_mat_Chair21_AlbedoTransparency.png using Guid(e45f019a45b49d147a7c1f7134e51dcb) (TextureImporter) -> (Import Result ID: '1962aaf0a06c9d665ddecc140196d98c') in 0.081903125 seconds [static and dynamic dependencies]. Details - ImportResultOutputID=fd06ba7f0c0709a5b6e017b0c650f198 DependenciesID=660c83d32f32c7aed549dbb17b07ef1d StaticDependenciesID=891f61a921bb87b010e131e3d6de006f 
Start importing Assets/DevDen Arch Viz Scotland/Textures/Bed Room/bedsider/bedsider_bed_sider_Normal.png using Guid(f47a81decf4e8e64e9de60e339d60960) (TextureImporter) -> (Import Result ID: 'd31f1e59527e8c56bd4388fbdf380b07') in 0.019212333 seconds [static and dynamic dependencies]. Details - ImportResultOutputID=7bc143432b4f51895d6cbc2f41765191 DependenciesID=8f2a337838437bc8a2148e263c9000b6 StaticDependenciesID=d3a96984e6f3f565c0f49410ffa2add2 
Start importing Assets/DevDen Arch Viz Scotland/Textures/Environment/inner_wall/inner_wall_bathroom_wall3_Normal.png using Guid(0559eed2ba9dfe84d8fa34fda3ecf82c) (TextureImporter)crunched in 0.089783
 -> (Import Result ID: '0b24b35bd7c39cbde5266a9ded1ad050') in 0.137493583 seconds [static and dynamic dependencies]. Details - ImportResultOutputID=4f02410c4f4c2a9a83281dab4c6b7ddb DependenciesID=c2d520fe7f51c3ea2aedaaab00fcaa32 StaticDependenciesID=76f2ec36c6c2db14f8551e4fe6d85f07 
Start importing Assets/Furniture Mega Pack/Textures/Chairs/Chair20/Chair20_mat_Chair20_MetallicSmoothness.png using Guid(05c981dab448f8d47bd5080977861cba) (TextureImporter) -> (Import Result ID: '3a6e5678b8ff3638a9bbc84590109c11') in 0.05423325 seconds [static and dynamic dependencies]. Details - ImportResultOutputID=67ec37414b3ca3f094886a23487045fe DependenciesID=dd08c3845e55ea61732e1f79d1e93a4b StaticDependenciesID=0834d01a056ebf50a19065911f69d314 
Start importing Assets/Furniture Mega Pack/Textures/Chairs/Chair13/Chair13_mat_Chair13_MetallicSmoothness.png using Guid(1503f54bfccb7b549ab58ea790058483) (TextureImporter) -> (Import Result ID: 'bb9dbebad2f4067f3a5a8c71ff8c2435') in 0.058424667 seconds [static and dynamic dependencies]. Details - ImportResultOutputID=339e838b7f94841d71ecbe49d9a3c97f DependenciesID=9cc6bc3112aad85b06f564dc40554688 StaticDependenciesID=b81a91e8dedd6caeb4509426404fbff1 
Start importing Assets/Furniture Mega Pack/Textures/Cushions/Cushion09_16/Cushion09_16_mat_Cushion09_16_Normal.png using Guid(15afd7c51c582294b8764550c1d5d244) (TextureImporter) -> (Import Result ID: '42d8741b4d3fab08396b5e9ea2d0c008') in 0.0818475 seconds [static and dynamic dependencies]. Details - ImportResultOutputID=1db49bdd84aa6c84c3ffa5f20029b52c DependenciesID=ae969d3990ad7e6321d43c3e8d08d505 StaticDependenciesID=3fcdb6f2a3fdc169609c2e1dd82b36a8 
Start importing Assets/DevDen Arch Viz Scotland/Textures/Study Room/study_chair/CHair2_study_chair_seat_AO.png using Guid(25693338409ea2a4b8b29c23860be139) (TextureImporter) -> (Import Result ID: '9cfd2d0b4b124f9bc026b0ed0700d3fe') in 0.010851625 seconds [static and dynamic dependencies]. Details - ImportResultOutputID=7bbe4c26cf51597a9f04deb529faa4ec DependenciesID=b3208b2ccb76a58b8faedb7f99340828 StaticDependenciesID=50b0f907502368ead60002904a7ff7f6 
Start importing Assets/DevDen Arch Viz Scotland/Textures/Living Room/tea_table/Tea Table_teatable_AlbedoTransparency.png using Guid(252ad1ac7a32cc64bba28f8fd53656cc) (TextureImporter) -> (Import Result ID: '244deb64f81275b426bba03f3b337c02') in 0.012580334 seconds [static and dynamic dependencies]. Details - ImportResultOutputID=776122b8b86c0038fb1d029e06b528b5 DependenciesID=888b09efb9cd3dca71b864656ab02808 StaticDependenciesID=b809da678e03c009e3a254d884f9b17a 
Start importing Assets/DevDen Arch Viz Scotland/Textures/Bed Room/dressing_mirror/dresing_mirror_dressing_mirror1_Normal.png using Guid(556a5b0f44bbba44cbb6f2c901b0abaf) (TextureImporter) -> (Import Result ID: 'b016738d30245e1bb98e84e3ae987797') in 0.01877925 seconds [static and dynamic dependencies]. Details - ImportResultOutputID=b3817fca09e70e00773b406b3ed262c3 DependenciesID=f8b27a1608713a5923592d9f4134416f StaticDependenciesID=d22f6c18a0783b0c5b885bfdae59b6b8 
Start importing Assets/Furniture Mega Pack/Textures/Chairs/Chair16/Chair16_mat_Chair16_MetallicSmoothness.png using Guid(555fb31843ab43c4fb39d0031b03320a) (TextureImporter) -> (Import Result ID: '553fdd08a19d2125b4beda0c52228785') in 0.056807209 seconds [static and dynamic dependencies]. Details - ImportResultOutputID=aa863c2b8afae24d33c6d4d13f10aaa7 DependenciesID=cc7e5df90a822f258403174e9cff882a StaticDependenciesID=d35cfe7b4ac260ae07f58ad28b95ffb8 
Start importing Assets/DevDen Arch Viz Scotland/Textures/Bed Room/FOTO_FRAME_4/Painting_StandPhoto_C_Paintings_House_AO.png using Guid(65f9bba4c3a49da47917cf5abda2a68f) (TextureImporter)crunched in 0.067075
 -> (Import Result ID: 'b920f7ecbfcfa679771bde5f71c5ea0a') in 0.095822416 seconds [static and dynamic dependencies]. Details - ImportResultOutputID=a62eb5764fcebcad6f97581cee66f428 DependenciesID=2047364f9aba226ae793496cd3daae5a StaticDependenciesID=23050a4bc2cd6e9188b59b72da358827 
Start importing Assets/DevDen Arch Viz Scotland/Textures/Bed Room/bedsider/bedsider_bed_sider_AlbedoTransparency.png using Guid(65adc980938f71340b7cc84822165895) (TextureImporter) -> (Import Result ID: '7cbe0042b08e40ed6ec06ffae90c1efb') in 0.033748375 seconds [static and dynamic dependencies]. Details - ImportResultOutputID=fb6d2ee9f0f27fe1b8e6a4fbd78e1c2a DependenciesID=7eb5a3cd986a16eb1b068b12d384592f StaticDependenciesID=eef0a509c0b013e0c5072332ee960164 
Start importing Assets/Furniture Mega Pack/Textures/Sofas/Sofa07/Sofa07_mat_Sofa07_AlbedoTransparency.png using Guid(75b1ebadad7303c44b19766789bf7cc7) (TextureImporter) -> (Import Result ID: 'ecd8059871951b9c5b90e07267e760ef') in 0.071232209 seconds [static and dynamic dependencies]. Details - ImportResultOutputID=195bd3aa2b0fa2eebf1a44b71cfaf539 DependenciesID=d2bcb7498ed406c573143efc84fe4f15 StaticDependenciesID=47cc6bb76265bb936ba0889b4ac72914 
Start importing Assets/DevDen Arch Viz Scotland/Textures/Common/SmallObj/knives_normal.png using Guid(75bb5eba1dcb5684f9eb55295195b487) (TextureImporter) -> (Import Result ID: '95ba8f5c4480bf941dd299bf35fdac62') in 0.019552292 seconds [static and dynamic dependencies]. Details - ImportResultOutputID=c0161cef472eb97a333ec404a10789f8 DependenciesID=0811e9a6987b2b715e46566896e26617 StaticDependenciesID=cffdd89179397e38ad4924e56a107e55 
Start importing Assets/Furniture Mega Pack/Textures/Chairs/Chair38/Chair38_mat_Chair38_MetallicSmoothness.png using Guid(85707f1a000790d47aae587ba9ff279f) (TextureImporter) -> (Import Result ID: 'd1377978e272c23e76328c3f25464702') in 0.064170167 seconds [static and dynamic dependencies]. Details - ImportResultOutputID=726bbc4eaeac844107507f91638afee2 DependenciesID=a34ddcf3bcde6f61055ea241fe364720 StaticDependenciesID=aaa0cbdfc66f4f316f9981514db9bf61 
Start importing Assets/Furniture Mega Pack/Textures/Chairs/Chair03/Chair03_mat_Chair03_AlbedoTransparency.png using Guid(950546484a6c96248b97449ed12dbbca) (TextureImporter) -> (Import Result ID: 'd81ff02369a96eb35eb927fd2c1087c9') in 0.067966625 seconds [static and dynamic dependencies]. Details - ImportResultOutputID=b72943e52f2870678acb7ca24d862cf2 DependenciesID=04381dd884ac1f70a524adb04ad2885e StaticDependenciesID=03744801b1ce7160a9dfab669702bfa8 
Start importing Assets/DevDen Arch Viz Scotland/Textures/Bed Room/bedside_carpet/carpet_carpet_AlbedoTransparency.png using Guid(95588a1d7e2b9764a9eb2fe8e7cbd9f0) (TextureImporter)crunched in 0.236475
 -> (Import Result ID: '9bc7d7fa3b43207170f036c04a581e74') in 0.274922 seconds [static and dynamic dependencies]. Details - ImportResultOutputID=ddd803b2c517cfc9db26924e4e20a68c DependenciesID=ce1181ea578dc487f1a7edccb031d1f3 StaticDependenciesID=e747dfc2fda6f87bde9a239ede9e95c0 
Start importing Assets/Furniture Mega Pack/Textures/Sofas/Sofa04/Sofa04_mat_Sofa04_MetallicSmoothness.png using Guid(95f9e0ac4b987fc43956b3214373d21d) (TextureImporter) -> (Import Result ID: 'b3a85fc7f0d005e4220de1d7ffef95ca') in 0.059390041 seconds [static and dynamic dependencies]. Details - ImportResultOutputID=1368effcc66d873db13ba00fde73e551 DependenciesID=4c2dd12d3f09f8d2bf9d36ea2edbe0ad StaticDependenciesID=0e0fe3ccc408e3b4a873c2177575a402 
Start importing Assets/DevDen Arch Viz Scotland/Textures/Bed Room/BedsideLamp/bedside_lamp_bedside_lamp1_Normal.png using Guid(950a419b338321d45ac9405fc8218832) (TextureImporter) -> (Import Result ID: '84dd84c9333d68200456d4e8a7d05c32') in 0.007071917 seconds [static and dynamic dependencies]. Details - ImportResultOutputID=3ffea60063eadad4056d7e25df70f3ac DependenciesID=e3d02e834e9c907f05940a16a0dec647 StaticDependenciesID=1ce550010007f7ac602e3045b874f845 
Start importing Assets/DevDen Arch Viz Scotland/Textures/Kitchen Room/fridge_2/frifge_gold_tap_handle_Normal.png using Guid(958ebcb4fe9b8b9418ca6ba90c047fbc) (TextureImporter)crunched in 0.095210
 -> (Import Result ID: '0bfd7caff93a00f3d1fba2d9b7e63ae3') in 0.140653291 seconds [static and dynamic dependencies]. Details - ImportResultOutputID=29e99eb9ba677fc04b9827b9b9e1d62c DependenciesID=16eea5694986f22e723c21732cfc6263 StaticDependenciesID=6c06f46e2b0cf548da51574001203228 
Start importing Assets/DevDen Arch Viz Scotland/Decals/Line.png using Guid(a516d44a317b60c4d92415a68322bbdf) (TextureImporter) -> (Import Result ID: '3c7dd47487f3b524b56688366359d9f6') in 0.003643416 seconds [static and dynamic dependencies]. Details - ImportResultOutputID=3864c4cf7d505c0981e39be29032b795 DependenciesID=512328adde78f66833f1bbe7ff466fc1 StaticDependenciesID=36770e59e4fb54b6912e2f99aee7b649 
Start importing Assets/DevDen Arch Viz Scotland/Textures/Bathroom/towel_2/2_towl_2_AlbedoTransparency.png using Guid(a53e583f921f7454d96111a0f3923d13) (TextureImporter) -> (Import Result ID: '36f82a16d02283af0bc5fb1b411a35c2') in 0.034348292 seconds [static and dynamic dependencies]. Details - ImportResultOutputID=0dc788f27bef6a8fbc95e3ffddad8ac6 DependenciesID=96070b1a413cbd92e3ce0c63d7b22298 StaticDependenciesID=1e78880852c6fd3ce361688dab3a3624 
Start importing Assets/DevDen Arch Viz Scotland/Textures/Common/Interior_props/CommonCeramic04_NM.png using Guid(b5402b21aa2d4184da25773c1de4d61a) (TextureImporter) -> (Import Result ID: '3d935e4fc006ecb02b4486b587321317') in 0.017364583 seconds [static and dynamic dependencies]. Details - ImportResultOutputID=387f5d7788e399b304219b75d2aa8230 DependenciesID=e097314cfc06f1d9dd45c3167c54395d StaticDependenciesID=c89d58419e91787dd43f0d0ea712df1f 
Start importing Assets/DevDen Arch Viz Scotland/Textures/Kitchen Room/kitchen_1/kitchen_switch1_MetallicSmoothness.png using Guid(b5fb634bd85231c4cbd5a0b30cd4e84c) (TextureImporter)crunched in 0.054868
 -> (Import Result ID: 'ec2c75cde24e2e101867e59de66b5615') in 0.0786755 seconds [static and dynamic dependencies]. Details - ImportResultOutputID=5b6173fda75559025a4011fb3cd45dcd DependenciesID=b21b657d415de3dee840ce3aed45c3d7 StaticDependenciesID=f713215591e1c1582dd155202bf1ec53 
Start importing Assets/Furniture Mega Pack/Textures/Chairs/Chair42/Chair42_mat_Chair42_AlbedoTransparency.png using Guid(c5738c9268425fa41bbbcdb2ba7020c9) (TextureImporter) -> (Import Result ID: '4040803e8271549e297fd686db913ec6') in 0.0787025 seconds [static and dynamic dependencies]. Details - ImportResultOutputID=38d45aa8cbfeb63bfd6373173f59979e DependenciesID=8348f77bc8acecaab76674c59b4aea78 StaticDependenciesID=1fa3c31fbe4128f15a7f713f65f07ca4 
Start importing Assets/DevDen Arch Viz Scotland/Textures/Living Room/sofa_2/sofa_2_01 - Default_AO.png using Guid(c5cf688ecaef83a429d9706ce6428fcf) (TextureImporter)crunched in 0.312355
 -> (Import Result ID: 'c6a8ce7d9a310816e451106de52c9fe8') in 0.347341209 seconds [static and dynamic dependencies]. Details - ImportResultOutputID=d9cabec153905a023d256f23de6f199e DependenciesID=32a7ad15d816a403f559f7be5b533704 StaticDependenciesID=15ab27c23d16fa1bc92789dc409fe86a 
Start importing Assets/DevDen Arch Viz Scotland/Textures/Environment/inner_wall/inner_wall_livingroom_floor4_Normal.png using Guid(d5719d8c780486e489a421b0772fd497) (TextureImporter)crunched in 0.091481
 -> (Import Result ID: 'bb13b1c8253c0345a404764fb55031a3') in 0.142518208 seconds [static and dynamic dependencies]. Details - ImportResultOutputID=676294fc829dcf1ec34e7e4e5cdae0a3 DependenciesID=8cd678c1e8b9fc121dca2b514396840f StaticDependenciesID=f18e539b67883f56ed672677e24709d6 
Start importing Assets/Furniture Mega Pack/Textures/Sofas/Sofa08/Sofa08_mat_Sofa08_Normal.png using Guid(d503e2a129e3a004b8c1701ce60c2868) (TextureImporter) -> (Import Result ID: 'bc9d4c8abac2e80c9ed43fa74d933116') in 0.09862875 seconds [static and dynamic dependencies]. Details - ImportResultOutputID=4a484c1121322739b2eb7169b103342a DependenciesID=e850c2302a8e92a211f1c5a387a7189d StaticDependenciesID=cd616c93321fb74c1025956ba1b888ae 
Start importing Assets/DevDen Arch Viz Scotland/Textures/Common/Socket/socket_M_socket_Normal.png using Guid(d5035cb6b06d2fe4993b67b1d3e46cb3) (TextureImporter) -> (Import Result ID: 'f0a4d891209e4e60ede201ea136d1460') in 0.011555833 seconds [static and dynamic dependencies]. Details - ImportResultOutputID=0fdea2230daa7782cde38e43e52413d8 DependenciesID=e7d0c1a31ecd1469af943a9e882acc95 StaticDependenciesID=2ecb48961d3077b427045894d79f9847 
Start importing Assets/Furniture Mega Pack/Textures/Chairs/Chair34/Chair34_mat_Chair34_AlbedoTransparency.png using Guid(d5e456e9e3eb07e459c154e092a4a60d) (TextureImporter) -> (Import Result ID: '9dcfffe6c716f584fb002b1d90a0eeaf') in 0.0513335 seconds [static and dynamic dependencies]. Details - ImportResultOutputID=db0483062f7cd55df3d2c9d9ca58456f DependenciesID=784e81a2c0f1d57f06eb9fdb0602e9d5 StaticDependenciesID=b7ed890f8d970565026da1190f323748 
Start importing Assets/DevDen Arch Viz Scotland/Textures/Environment/inner_wall/inner_wall_inner_roof3_AlbedoTransparency.png using Guid(d525c137b796ab0458e41d1315458535) (TextureImporter)crunched in 0.034130
 -> (Import Result ID: '98e0f61405b733595e9c95eb40d05c43') in 0.061823875 seconds [static and dynamic dependencies]. Details - ImportResultOutputID=a53ab8b7468b5d6ad8b9044d7394fb66 DependenciesID=56000481ae6cc7c8a22993131c936ec7 StaticDependenciesID=9ff07c763280d590ccd7a9748821dcaf 
Start importing Assets/DevDen Arch Viz Scotland/Textures/Bed Room/bed/bed_bed_coat_AlbedoTransparency.png using Guid(e551261fc71ba4a48ac16b03f4b69ef8) (TextureImporter) -> (Import Result ID: '442f6ee46035469360c1f99b37be0843') in 0.031187583 seconds [static and dynamic dependencies]. Details - ImportResultOutputID=b3c17767ffa935fcfdbbecf51bb29b9e DependenciesID=30d12f423cfb58874002c03ef0de87e1 StaticDependenciesID=eefcc95cfc56a89c94bdc50d75c4ec16 
Start importing Assets/Furniture Mega Pack/Textures/Chairs/Chair12/Chair12_mat_Chair12_MetallicSmoothness.png using Guid(064431af687690e4fba429763757a597) (TextureImporter) -> (Import Result ID: 'fdf7a2fd6c37e79bc1141abc31c8b1ec') in 0.042189042 seconds [static and dynamic dependencies]. Details - ImportResultOutputID=9a55678d1dbfe2998b6b105e39d269a8 DependenciesID=02ad10ee22ee4aee63d822fb870dd7f1 StaticDependenciesID=efca442e65dde7de48e10332e7170c9f 
Start importing Assets/Furniture Mega Pack/Textures/Chairs/Chair40/Chair40_mat_Chair40_MetallicSmoothness.png using Guid(06560f40b9f754646a0d3945af5cc5fd) (TextureImporter) -> (Import Result ID: 'e5291b9d93c94aa960e11244c8989761') in 0.062125417 seconds [static and dynamic dependencies]. Details - ImportResultOutputID=9ee7a3de61abc6b426f0f8f42ab56d16 DependenciesID=be6b416f49dd984da4140b5a46ce9814 StaticDependenciesID=8f837e55077d771dcd734de0259d18df 
Start importing Assets/Furniture Mega Pack/Textures/Sofas/SectionalSofaFabric/SectionalSofaFabric_mat_SectionalSofaLeather_Normal.png using Guid(063da6d5303397a48835bb3669333291) (TextureImporter) -> (Import Result ID: '18add3f2c63f216151cd5ee11a080947') in 0.086406541 seconds [static and dynamic dependencies]. Details - ImportResultOutputID=7bdd2b9e13430e843fe70b81aaf46f74 DependenciesID=fa2378fe7366289f8b43d8068f07d5bc StaticDependenciesID=2084eb61ddf80f8d5adc9362844ddfd9 
Start importing Assets/Coconut Palm Tree Pack/Textures/Parts/Coconut_Palm_Tree_Branch1_diffuse.psd using Guid(16ea72dd21e6343488bb3a817d30e6cf) (TextureImporter) -> (Import Result ID: 'ace2cf149d0a7c332ad821ed83f5788c') in 0.006622917 seconds [static and dynamic dependencies]. Details - ImportResultOutputID=4a135d6a5017d4588dbccd58850911cb DependenciesID=79ec0678d9459e3ecd8fa0b706aaf652 StaticDependenciesID=506ba3a90c373e9ecc46640d18199a66 
Start importing Assets/SubstanceAssets/LittleGamesPack/Textures/GamePieces/GamePieces_Normal_OpenGL.png using Guid(168bb243bae8f0d4d84f05d54375dfac) (TextureImporter) -> (Import Result ID: '198992d8e265a792ea0acf45d6f42eb7') in 0.656378167 seconds [static and dynamic dependencies]. Details - ImportResultOutputID=478bec927ad099b22ec6907f32c302af DependenciesID=8e930888901162ce3c024aa2238515f0 StaticDependenciesID=a41a4e7e2e7030fe9ed529d3ebcecb71 
Start importing Assets/Furniture Mega Pack/Textures/Chairs/Chair19/Chair19_mat_Chair19_MetallicSmoothness.png using Guid(16ce1e8142cf60a4c95b4251aa92c42a) (TextureImporter) -> (Import Result ID: '0ea2e5651b6740a96ccc92a70ac225d6') in 0.056762167 seconds [static and dynamic dependencies]. Details - ImportResultOutputID=cabcb76d6a8083b2317794a585592313 DependenciesID=c217250c8e658d78df933f0c9ce0d97d StaticDependenciesID=95ba2b08939fd6c2b27ad584debe7863 
Start importing Assets/Furniture Mega Pack/Textures/Chairs/Chair05/Chair05_mat_Chair05_MetallicSmoothness.png using Guid(16bf7f6fa104ab746947bc1f3f189d33) (TextureImporter) -> (Import Result ID: 'cc6efee2ff5bc3ef786648dc775273e3') in 0.0626065 seconds [static and dynamic dependencies]. Details - ImportResultOutputID=ebf68c335e837afacbb8480bc45d6703 DependenciesID=804752f825bb92314f194f51ad2226bf StaticDependenciesID=c2b4030efad2161a26de6325bc998c15 
Start importing Assets/Furniture Mega Pack/Textures/Chairs/Chair01/Chair01_mat_Chair01_MetallicSmoothness.png using Guid(36b796ecdf60073449bf13d5d456ed28) (TextureImporter) -> (Import Result ID: '1e80bc7262d0f7c384a6cb13fe16a7a8') in 0.059728125 seconds [static and dynamic dependencies]. Details - ImportResultOutputID=07def819e2f4f20d2ef3e435c682081d DependenciesID=02d620397d9c595b59ba4e69d351d60b StaticDependenciesID=5c179cf8e4ae78399b055e9ec9598a53 
Start importing Assets/DevDen Arch Viz Scotland/Textures/Kitchen Room/Knife Holder/Knife Holder_Normal.png using Guid(362b6a9113d56d0468be19f66781bbd8) (TextureImporter) -> (Import Result ID: '231cd672339c05dca54831702dd7ac2f') in 0.04830775 seconds [static and dynamic dependencies]. Details - ImportResultOutputID=646cb7d5bcba02253b4a4a153f8f69e4 DependenciesID=f4da518cd5cb109fec937477eb50161d StaticDependenciesID=1799c82e094d85b8def2784d1548e1b0 
Start importing Assets/Furniture Mega Pack/Textures/Chairs/Chair36/Chair36_mat_Chair36_MetallicSmoothness.png using Guid(4624b84c65ec4e441a45b8891c02c26a) (TextureImporter) -> (Import Result ID: '05978810088fc39a922bcf21ad923913') in 0.057609625 seconds [static and dynamic dependencies]. Details - ImportResultOutputID=4a903721a4a9f0e3dbd4f87069dc3b0e DependenciesID=46ceb7d78d1a9e7794bfc2f3531e88cf StaticDependenciesID=100fecdd306096295590f6717e76cbc4 
Start importing Assets/DevDen Arch Viz Scotland/Textures/Common/AirConditioner/airconditioner_DefaultMaterial_MetallicSmoothness.png using Guid(5671ac59d143e7544bfe6472f874b0c9) (TextureImporter)crunched in 0.869136
 -> (Import Result ID: '167a34176eea9162666a94c649f4df68') in 0.914272583 seconds [static and dynamic dependencies]. Details - ImportResultOutputID=86a5f8bd22dc52bf45d7a0a63ea88ede DependenciesID=bde059f298ccdbd751a915d72235138a StaticDependenciesID=6e95154edb112d0504f10a24a2fc708b 
Start importing Assets/DevDen Arch Viz Scotland/Textures/Balcony/balcony_mat/balcony_mat1_MaskMap.png using Guid(56c66f197e1eedb44b8da962e547e96c) (TextureImporter) -> (Import Result ID: '08930ebe0e50b9a1975a9ea5736b17b5') in 0.009037292 seconds [static and dynamic dependencies]. Details - ImportResultOutputID=14f0f533967e1ab08c7843baf1694f0b DependenciesID=37d43060b5d6f9b3e7fe0df7cdf9f47d StaticDependenciesID=cd297007f6a40256018ccd40016ae6cc 
Start importing Assets/Furniture Mega Pack/Textures/Cushions/Cushion41_48/Cushion41_48_mat_Cushion41_48_MetallicSmoothness.png using Guid(66a81b85e9ab3754ab81792aa8e5bfaf) (TextureImporter) -> (Import Result ID: 'c5e989d693dec0fdb8dc65d80403f784') in 0.067154959 seconds [static and dynamic dependencies]. Details - ImportResultOutputID=e8e410ac5b84138dd142d12dc148f0bf DependenciesID=04de5849a04b84e861141e840fcfeea4 StaticDependenciesID=509736bac44af79be3ce8c128c95d6a9 
Start importing Assets/DevDen Arch Viz Scotland/Textures/Environment/inner_wall/inner_wall_hall_way_MetallicSmoothness.png using Guid(76468753a710596438e8f1a1bddf71c8) (TextureImporter)crunched in 0.097881
 -> (Import Result ID: 'bc83582af86afc92e1add857db481b3e') in 0.124145 seconds [static and dynamic dependencies]. Details - ImportResultOutputID=1a06070863ff5f1f2f7235f2f4ae4283 DependenciesID=0ea9fe25cd736a0e82636505f487c618 StaticDependenciesID=3822ab0e636da16ab64d1b6492a06ca2 
Start importing Assets/Furniture Mega Pack/Textures/Chairs/Chair08/Chair08_mat_Chair08_AlbedoTransparency.png using Guid(7697d88139e202c42bf1337628f3d1c7) (TextureImporter) -> (Import Result ID: '8581f3a7beb71acb0c227958b65ab025') in 0.0631685 seconds [static and dynamic dependencies]. Details - ImportResultOutputID=f09b320ee785044ef975b1f2b5f88e7c DependenciesID=c00883e027b7910ea0c6a10c3f5ee99e StaticDependenciesID=6cbd7e4606bf47fff679c2454a5b17e2 
Start importing Assets/Furniture Mega Pack/Textures/Cushions/Cushion37_40/Cushion37_40_mat_Cushion37_40_Normal.png using Guid(7669c254e4a46104ba5f61d7492c091b) (TextureImporter) -> (Import Result ID: '8b4879cfd7c4af1b5ddab975d07b91ff') in 0.094211458 seconds [static and dynamic dependencies]. Details - ImportResultOutputID=ff1d6a3b0a4f09f29328a29aca1a5ba8 DependenciesID=facfee1064c3128359b0c5853f0ca060 StaticDependenciesID=9578f3d59aa269f49d9b81dc645cf507 
Start importing Assets/Coconut Palm Tree Pack/Textures/Parts/Coconut_Palm_Tree_Branch2_translucency.png using Guid(8620dcc4adbdeee4b88549a56b9bf221) (TextureImporter) -> (Import Result ID: 'f3ae23d64ff489c4acea592bb55a9b60') in 0.001744625 seconds [static and dynamic dependencies]. Details - ImportResultOutputID=fb9a17aff053ccdebd84daef4c74e401 DependenciesID=90c528b2056b62a4e3b6782c77a08593 StaticDependenciesID=3b3cf877455138490ad3183bb4326bc2 
Start importing Assets/Furniture Mega Pack/Textures/Chairs/Chair41/Chair41_mat_Chair41_Normal.png using Guid(866a4d4b23f5ad64c88ec3db83f91d2f) (TextureImporter) -> (Import Result ID: '03504d79dc1e38e8dc7aecb2404a0b31') in 0.0714665 seconds [static and dynamic dependencies]. Details - ImportResultOutputID=4031de439d324adb93d2faf1389e2043 DependenciesID=2d020fb4b9e3720b58a39ee2d72f47e2 StaticDependenciesID=221f73433d143e155337dd4d4962c09f 
Start importing Assets/Furniture Mega Pack/Textures/Drawer/AtlasTexture_Drawer_DefaultMaterial_MetallicSmoothness.png using Guid(96755aecfea68114593fda89c341eca8) (TextureImporter) -> (Import Result ID: 'a37887e696820f5c9943b57a0da60d2b') in 0.038370875 seconds [static and dynamic dependencies]. Details - ImportResultOutputID=e6f9f2d60d72706e5ccbc8b7fd6718ba DependenciesID=448fbb97e86a974e4de59b33fd21306a StaticDependenciesID=73b2d13c5d93b556d4a43eea0095ba77 
Start importing Assets/DevDen Arch Viz Scotland/Textures/Kitchen Room/kitchen_1/kitchen_glass_AlbedoTransparency.png using Guid(96685fb96edf77f4e9ed686f1cf9aba9) (TextureImporter)crunched in 0.034544
 -> (Import Result ID: 'daa127faa8f1298c113a6ad4ee92a597') in 0.060779 seconds [static and dynamic dependencies]. Details - ImportResultOutputID=01382ab8be805daa1c429fc9471d3fb9 DependenciesID=6dfd02ccda524342417bddf3f8022330 StaticDependenciesID=220f20b1f5889bf4d68008524971c646 
Start importing Assets/DevDen Arch Viz Scotland/Textures/Common/SmallObj/dish-rack_ao.png using Guid(96792bd1000eabc448e308a29fa6156c) (TextureImporter) -> (Import Result ID: '945d22d518b78c4d55fa5455d3dcfa2e') in 0.131583333 seconds [static and dynamic dependencies]. Details - ImportResultOutputID=f79994c2f2ccefc40a72cb5a815b57d4 DependenciesID=401064c4dbd51ef8563a0350e67a92fe StaticDependenciesID=194376732a9d000f393784ab8240f173 
Start importing Assets/Furniture Mega Pack/Textures/Sofas/SectionalSofaLeather/SectionalSofaLeather_mat_SectionalSofaLeather_AlbedoTransparency.png using Guid(964c93ef523eef44596c30f1d83422fb) (TextureImporter) -> (Import Result ID: 'eb1ff8d6b6d91dc564a699a61c034d73') in 0.068718 seconds [static and dynamic dependencies]. Details - ImportResultOutputID=3f4e3b86b9a4b9ba0e573701029acada DependenciesID=9c74ad18c9952c76ed9f9a9b52757365 StaticDependenciesID=54661544cd146fd716e51bbc48135bec 
Start importing Assets/DevDen Arch Viz Scotland/Textures/Balcony/balcony/balcony_balcony_glass_Normal.png using Guid(964c4bc3e7a499941a27bcdbd8cbc8c9) (TextureImporter)crunched in 0.091627
 -> (Import Result ID: 'a605bc4fdb140cb94e9e03739ac2c76a') in 0.138456792 seconds [static and dynamic dependencies]. Details - ImportResultOutputID=0939be3be3dfcd1a5ed6b2d01bdd279d DependenciesID=1447109f27fca318158503e5409b2f07 StaticDependenciesID=bed81482eb8bcf0faf73e80d4cde8c53 
Start importing Assets/DevDen Arch Viz Scotland/Textures/Bathroom/bathroom_cabin/bathroom_cabin_bathroom_cabin_MetallicSmoothness.png using Guid(a637ba760c1221a41b5fc20cca8c0f6a) (TextureImporter) -> (Import Result ID: '7869c864508492f7d7a8fb21ae7f8f97') in 0.007807792 seconds [static and dynamic dependencies]. Details - ImportResultOutputID=935d2754d553ae9d91a1a0e11502a8ef DependenciesID=ca17976a60bbe3a58dcfa78ab7337607 StaticDependenciesID=02cbeaded02c91650c6220e6881180ed 
Start importing Assets/DevDen Arch Viz Scotland/Textures/Kitchen Room/side_piece/side_piece_metal_AlbedoTransparency.png using Guid(b60500ae4828dd14f9e9cfa234eb40d4) (TextureImporter)crunched in 0.043691
 -> (Import Result ID: '5e33ef4523ae8af4cc6e6c866af2d703') in 0.071329416 seconds [static and dynamic dependencies]. Details - ImportResultOutputID=9165cbf7f0c34da20bb3e6772eba96c9 DependenciesID=e1bda6bb8d53cdf51fa1ba3314c187f8 StaticDependenciesID=d043b0ca82d76cd857e4062278b6e68a 
Start importing Assets/DevDen Arch Viz Scotland/Textures/Bed Room/bedsider/bedsider_bed_sider_MetallicSmoothness.png using Guid(b69979f186876604dbfecb56533fd1f5) (TextureImporter)crunched in 0.589021
 -> (Import Result ID: 'ac98dfb462f9e3b8aa6d1e50d6099a7d') in 0.618688667 seconds [static and dynamic dependencies]. Details - ImportResultOutputID=bd161f949202d448c1f1f31005dbd278 DependenciesID=83ea9dd6b83c2c18dbcd29a3ddf86c26 StaticDependenciesID=bc28cbc1d310f5cc5aa19fe022115816 
Start importing Assets/DevDen Arch Viz Scotland/Textures/Living Room/Laptop/laptop_DefaultMaterial_Normal.png using Guid(b65c458decaa66f49847f592c3059873) (TextureImporter)crunched in 0.284712
 -> (Import Result ID: '4b876f5663a81dbad9bf46cb2fb54654') in 0.315123083 seconds [static and dynamic dependencies]. Details - ImportResultOutputID=160483b5951efb36e69d60c9bd21e4d4 DependenciesID=a760ade2d8000db661a4e496061451a2 StaticDependenciesID=e85e84ede983ca567410319496ccd7df 
Start importing Assets/Animated Tropical Vegetation/Textures/palm_tree_3_leaves_normal.png using Guid(c6e17efa0d0a2dd419dcc6cfc34864d3) (TextureImporter) -> (Import Result ID: '12e58131fc798d1d6287eb1aba7749a4') in 0.033398 seconds [static and dynamic dependencies]. Details - ImportResultOutputID=ada9e1f0fd1ffe614b9b0713a0aa71ec DependenciesID=8f8e1d4422e46166876bc2719623ba47 StaticDependenciesID=661f95496952d8898d3f19a328d3218e 
Start importing Assets/Furniture Mega Pack/Textures/Drawer/AtlasTexture_Drawer_DefaultMaterial_AlbedoTransparency.png using Guid(c6d5e7365915e5b4b8320da3c811cf19) (TextureImporter) -> (Import Result ID: '9a4289220495fa2b5e854b88896a5e75') in 0.044406209 seconds [static and dynamic dependencies]. Details - ImportResultOutputID=0509732a21a9cd0042a93f7872d27d01 DependenciesID=64c14f236f28b46df7eb0b755339306a StaticDependenciesID=2096291e03b297bdbaab0919590e945b 
Start importing Assets/Furniture Mega Pack/Textures/Chairs/Chair16/Chair16_mat_Chair16_Normal.png using Guid(d68e22e94c4a41947989d6e9631c3d85) (TextureImporter) -> (Import Result ID: '2fce2fc7cd13c7bec34b4e0b119d27a0') in 0.063431166 seconds [static and dynamic dependencies]. Details - ImportResultOutputID=cc106c9caa0690cd5a5cb43e594cce4a DependenciesID=9066456b5ea09a393eaa38caf27643ee StaticDependenciesID=f8cd69836007b719319feef6aa9b22d6 
Start importing Assets/Furniture Mega Pack/Textures/Chairs/Chair30/Chair30_mat_Chair30_AlbedoTransparency.png using Guid(e6d0982518095054881878c1c86bd268) (TextureImporter) -> (Import Result ID: '8a268db2d3c6cdc26451ae690f0ad45d') in 0.058441375 seconds [static and dynamic dependencies]. Details - ImportResultOutputID=dee201c4c9de058b3534aced049e2ee4 DependenciesID=ca36d13439c7f9f91f03d90081cdd693 StaticDependenciesID=3df9898854f4417727794097e6233e78 
Start importing Assets/DevDen Arch Viz Scotland/Textures/Bed Room/FOTO_FRAME_4/Painting_StandPhoto_C_Paintings_House_AlbedoTransparency.png using Guid(e6050d04b9c158b46b05c381ee50ac4d) (TextureImporter)crunched in 0.080236
 -> (Import Result ID: 'e037926c707d345229eada8130a598f0') in 0.111543833 seconds [static and dynamic dependencies]. Details - ImportResultOutputID=f20e374ac75228310102b0713a9d76ad DependenciesID=f096de8b146a9ecb9771a9e5c506345f StaticDependenciesID=6fd686505e03ff19fde0b7d8c3e599e8 
Start importing Assets/DevDen Arch Viz Scotland/Textures/Bathroom/bathroom_cabin/bathroom_cabin_bathroom_cabin_AlbedoTransparency.png using Guid(e6062f682a797994ab57c713d0e190d7) (TextureImporter) -> (Import Result ID: '2b4f86fcdbf9d3bb50c7aea0f1d78159') in 0.00936075 seconds [static and dynamic dependencies]. Details - ImportResultOutputID=f6d00aea6262f6699df872071872d646 DependenciesID=71d440a3338b7736811a7d010a7832b6 StaticDependenciesID=dcf0d6750aa91671b7eda791d7af2f92 
Start importing Assets/DevDen Arch Viz Scotland/Textures/Balcony/balcony_chair/balcony_ chair_balcony_chair1_Normal.png using Guid(e629b5e87a61c5f44acc8998d4e390a5) (TextureImporter) -> (Import Result ID: 'fbcc9874fdf8ed89f848c1219573a855') in 0.03553125 seconds [static and dynamic dependencies]. Details - ImportResultOutputID=d04036173e823b601d70aa3b5cc29deb DependenciesID=20e5bda7762a5660e40e766bf3d1c798 StaticDependenciesID=9a4ed39e9fcc7c7431b8ef8fe05988db 
Start importing Assets/Furniture Mega Pack/Textures/Chairs/Chair32/Chair32_mat_Chair32_Normal.png using Guid(e62a9bcb45152384d9bb46620b50676d) (TextureImporter) -> (Import Result ID: 'bb3a0d8d5f81132a18b0d39ceff84ab4') in 0.067058958 seconds [static and dynamic dependencies]. Details - ImportResultOutputID=7d4170cff92ed65382f2299a98079ce0 DependenciesID=cf5626fcc0bf7ef54b5ddb4a9a4890b2 StaticDependenciesID=12bd4b3aa0289f28ec370670e8233286 
Start importing Assets/DevDen Arch Viz Scotland/Textures/Kitchen Room/kitchen_1/kitchen_granite_AO.png using Guid(e61c71d4c9e3c2b4ebf25ffa5c203df3) (TextureImporter)crunched in 0.131435
 -> (Import Result ID: '189589bf00f0c3e738015593d2e3bcf9') in 0.162686625 seconds [static and dynamic dependencies]. Details - ImportResultOutputID=e9c15344d86597b5e789f877ee387f28 DependenciesID=44bd92513570825bcd8837f563ec293f StaticDependenciesID=9c78f908086f29f3f3860e0cf8e3adab 
Start importing Assets/DevDen Arch Viz Scotland/Decals/Let's Eat.png using Guid(f632aecb7e14d904bb68db74ead2dd03) (TextureImporter)crunched in 0.100046
 -> (Import Result ID: 'ec8cccc241e36602726d45f7b69c5bb2') in 0.124312375 seconds [static and dynamic dependencies]. Details - ImportResultOutputID=1f9974050337c0e511a75cde345f884f DependenciesID=d2bcc67f108e49177b67bc2b31eb45d2 StaticDependenciesID=b65550934d719b3d2850981a38379ae9 
Start importing Assets/DevDen Arch Viz Scotland/Textures/Environment/inner_wall/inner_wall_hall_way_AlbedoTransparency.png using Guid(f68d8c8c14a485049a87cccfcb9329d5) (TextureImporter)crunched in 0.033637
 -> (Import Result ID: '71f8f26d6cc06a2b7e0a376630e73b3b') in 0.060373875 seconds [static and dynamic dependencies]. Details - ImportResultOutputID=c2ac33d0b38532c9ec0458b812c41e6f DependenciesID=6f8b696eb59c934071d84046905db5d6 StaticDependenciesID=70993cf738d435f165860fee78b376b9 
Start importing Assets/DevDen Arch Viz Scotland/Textures/Kitchen Room/Kitchen_cupboard_2/kitchen_granite_Normal.png using Guid(070ffafad64e55c4a972580f27355192) (TextureImporter)crunched in 0.066744
 -> (Import Result ID: '7396271085190a08a647cc6ad71b532e') in 0.185512208 seconds [static and dynamic dependencies]. Details - ImportResultOutputID=c00cffed8d23e605402b583cb5629654 DependenciesID=1ec86b1057bc0ec9450b04900e0c2ebd StaticDependenciesID=5eafa89fe622f2c88900b70e0fe1ad7e 
Start importing Assets/Furniture Mega Pack/Textures/Sofas/SectionalSofaFabric/SectionalSofaFabric_mat_SectionalSofaLeather_AlbedoTransparency.png using Guid(17bb36ac59ac19042800991cb3af0a65) (TextureImporter) -> (Import Result ID: 'b82e34fe31654d197b6189c5a3e1f86e') in 0.074860792 seconds [static and dynamic dependencies]. Details - ImportResultOutputID=1654062959f7c564fb637082e2716b02 DependenciesID=ed8eda03fa25b057d63cf6c975b85da5 StaticDependenciesID=ba471e9a1553ba918fec2841c0e75e94 
Start importing Assets/Furniture Mega Pack/Textures/Chairs/Chair05/Chair05_mat_Chair05_Normal.png using Guid(17cd621d23ccf9047b1bd8c926071157) (TextureImporter) -> (Import Result ID: 'fab8801bd60491a0ff2a85017a60e95e') in 0.085341334 seconds [static and dynamic dependencies]. Details - ImportResultOutputID=c5d884154fff51eb5ea9ff9a68f17f06 DependenciesID=15133ca0bd7bf5c59c02c5f989c80d90 StaticDependenciesID=5306d14852bf46b985e395f6818c546f 
Start importing Assets/DevDen Arch Viz Scotland/Textures/Bed Room/bed/bed_bed_MetallicSmoothness.png using Guid(27c343a77b2060449a38ac585f36a10d) (TextureImporter) -> (Import Result ID: '332558841867c1c638524df50bae3c89') in 0.044448125 seconds [static and dynamic dependencies]. Details - ImportResultOutputID=0ef3f31ef11750b8ad6a310f772f1aaa DependenciesID=efeba0303bcce2ccf2575c07d952b291 StaticDependenciesID=e8b6900d80904bffeb651427ff6b88b2 
Start importing Assets/DevDen Arch Viz Scotland/Textures/Bed Room/BedsideLamp/bedside_lamp_bed_lamp_glass1_AlbedoTransparency.png using Guid(27d693f9c1ddeec4d9f2608895b615e6) (TextureImporter) -> (Import Result ID: '7fab4785b64d2f6a1405df2174adf06a') in 0.005210792 seconds [static and dynamic dependencies]. Details - ImportResultOutputID=32b782008709873208d96d161c5b444a DependenciesID=0f9b07b0ff55fdb5d3e69c97d17e0e26 StaticDependenciesID=034450c558233e4923e465bd0849f551 
Start importing Assets/DevDen Arch Viz Scotland/Textures/Common/CUTLERY/Cutlery FBX_Cutlery_Normal.png using Guid(278d7eb4af35e2f45a6df9ea5d41a522) (TextureImporter) -> (Import Result ID: '6a4b7d84542017fbc0d590dbacddb5e5') in 0.013520667 seconds [static and dynamic dependencies]. Details - ImportResultOutputID=31c3516a4d286310d4450b4321601896 DependenciesID=50e61fbc2c53dd479e63d256f25ce0b8 StaticDependenciesID=227ed20a7293a2247abf7800e92a2fc6 
Start importing Assets/Coconut Palm Tree Pack/Textures/Parts/Coconut_Palm_Bark2_normal.tif using Guid(27be2962e4b2b2d4eb9362d2135f6331) (TextureImporter) -> (Import Result ID: 'eca035607f76814fc9538f1f2b5df8db') in 0.009606541 seconds [static and dynamic dependencies]. Details - ImportResultOutputID=f2e12c1b5aa466afa31ebcf6c92631e5 DependenciesID=d1cea714d0a0bc0a02a3803867d20fa2 StaticDependenciesID=0985377da56ce7e06525af77e43e3fdb 
Start importing Assets/Furniture Mega Pack/Textures/Chairs/Chair05/Chair05_mat_Chair05_AlbedoTransparency.png using Guid(4720600e51f63ac4f87a819c2e1b656e) (TextureImporter) -> (Import Result ID: 'f37049aa08093c254ad102fab1fb3b1e') in 0.071132084 seconds [static and dynamic dependencies]. Details - ImportResultOutputID=398e07a114565203db8933123087a2c4 DependenciesID=1522c488ce374837c92d4a083ed0bd55 StaticDependenciesID=2e7d79c16bc591b679c396627fa86d30 
Start importing Assets/Furniture Mega Pack/Textures/Chairs/Chair33/Chair33_mat_Chair33_AlbedoTransparency.png using Guid(474172e55a725db4fbdb6fc1bbd2b485) (TextureImporter) -> (Import Result ID: 'adf3219096c68c802c5776a72565c516') in 0.048358958 seconds [static and dynamic dependencies]. Details - ImportResultOutputID=b650b643c565975d00dbf9d0a7d4a2fc DependenciesID=bdf5820ffc05bd8149382ea42de5d91c StaticDependenciesID=015ddf64527a000a7284be7f31af0075 
Start importing Assets/DevDen Arch Viz Scotland/Textures/Kitchen Room/Kitchen_cupboard_1/kitchen_2_green_wood_AlbedoTransparency.png using Guid(47caa312c52e3bb4989f7e122eef6d4f) (TextureImporter) -> (Import Result ID: '73a4e2868fa2d0831843a372f5967af2') in 0.009092875 seconds [static and dynamic dependencies]. Details - ImportResultOutputID=ffa257ea9d7f17735a1c40ed4d9b4815 DependenciesID=40fbe9bce5bb7b0d8c0eb8848a90c696 StaticDependenciesID=25a93d87df16e95ba8b309ff996f5793 
Start importing Assets/DevDen Arch Viz Scotland/Textures/Dining Room/dinning_chair/dinning_chair_dinning_chair_cusion_AO.png using Guid(5712f3b4dbb32c7489f9fb3d1bebba7d) (TextureImporter)crunched in 0.099818
 -> (Import Result ID: '9a82c69e91f7d99f5ba6c338a8110da7') in 0.130164041 seconds [static and dynamic dependencies]. Details - ImportResultOutputID=3a07e20bb5cba2fa354325a013dd152d DependenciesID=73566025f2dc384fdf97517e67f4fad0 StaticDependenciesID=1d176d5c134bbda267c2f06f0d2ad0ac 
Start importing Assets/Furniture Mega Pack/Textures/Sofas/Sofa06/Sofa06_mat_Sofa06_AlbedoTransparency.png using Guid(5752cbdcc5572f14aa4d0ad0c4c2149b) (TextureImporter) -> (Import Result ID: '9e4c6ff8a809f84e8d3eaab03fad77ca') in 0.078685125 seconds [static and dynamic dependencies]. Details - ImportResultOutputID=52abf39906680a70782426af1364d048 DependenciesID=314af0ae551d7238e64834bcd69ed2cb StaticDependenciesID=9e564737b1c3c3e33e11084fa3114b60 
Start importing Assets/Furniture Mega Pack/Textures/Chairs/Chair43/Chair43_mat_Chair43_AlbedoTransparency.png using Guid(576ea5a0dbd2b5a4d8a53788c9f6150b) (TextureImporter) -> (Import Result ID: '09e68531968c13273fe781db7f848c62') in 0.057545417 seconds [static and dynamic dependencies]. Details - ImportResultOutputID=278de42a6304aa4e232aff17f278ecc1 DependenciesID=8ab80a4c07d1ed138d40a8ee29c49a49 StaticDependenciesID=004844b5eb40a33bea9b5af6e7bcfb2e 
Start importing Assets/Furniture Mega Pack/Textures/Chairs/Chair21/Chair21_mat_Chair21_MetallicSmoothness.png using Guid(67e1d75a942e3af47b5a96c790d0e2a7) (TextureImporter) -> (Import Result ID: '1fc292ceefd806cdba2ca9f18486bddb') in 0.061488792 seconds [static and dynamic dependencies]. Details - ImportResultOutputID=ef6d8d3500902066fc1b382de669c786 DependenciesID=642e2ea6ebcd40ffa2ed1127e085e36a StaticDependenciesID=9aca47390d8f166120b26e1e04876e65 
Start importing Assets/DevDen Arch Viz Scotland/Textures/Kitchen Room/kitchen_1/kitchen_gold_tap_handle_AlbedoTransparency.png using Guid(67723f49e93766d4a8a421c757bc0386) (TextureImporter)crunched in 0.034945
 -> (Import Result ID: '9789fbf13eea2cc7501ef350725b2c08') in 0.062176208 seconds [static and dynamic dependencies]. Details - ImportResultOutputID=56310743b4ab7bb1f95a9e9b4d6600f1 DependenciesID=9c83a1366b17984c5aab36486d3afec6 StaticDependenciesID=96cf072d33b31802e26f43fea041d5d6 
Start importing Assets/DevDen Arch Viz Scotland/Textures/Kitchen Room/kitchen_1/kitchen_switch1_AO.png using Guid(773b1d93eda828846b59d7d5755004f3) (TextureImporter)crunched in 0.109099
 -> (Import Result ID: '27757247cb99e5e667705843ea11266b') in 0.138724041 seconds [static and dynamic dependencies]. Details - ImportResultOutputID=c8596c2453d0823b6390a2cc25209343 DependenciesID=c5f37e9fe45dac2f9ea5376120e48c3e StaticDependenciesID=e9b7e796835f04d5b07a8ece6984b098 
Start importing Assets/DevDen Arch Viz Scotland/Textures/Bed Room/bed/bed_bed_AlbedoTransparency.png using Guid(87652a26deb1b2340b8db8a373a74475) (TextureImporter) -> (Import Result ID: '1751293b3e12bca9d192ac9d1f3228c5') in 0.033422459 seconds [static and dynamic dependencies]. Details - ImportResultOutputID=edfb480ecc8ed69fdea2d78d192580fd DependenciesID=217b5d70123c2578d7e01f465c8f9259 StaticDependenciesID=9c9782c822cb5fe9a186a145ca0a0439 
Start importing Assets/DevDen Arch Viz Scotland/Textures/Common/Interior_props/CommonCeramic02_NM.png using Guid(97447cbb5a618784796a25690ec6099e) (TextureImporter) -> (Import Result ID: 'd72235bc069ea75dc4ec4db5a0100041') in 0.020890708 seconds [static and dynamic dependencies]. Details - ImportResultOutputID=2a20172dccc0cbc7ffd91c4b6b850228 DependenciesID=4de2bc2213f0d0e2e43d303f5d741ced StaticDependenciesID=89ed0454b8d77c7545889dbb6b70c99c 
Start importing Assets/DevDen Arch Viz Scotland/Textures/Common/door and handle/door and handles_handle_AO.png using Guid(97c58a91d449af449bf1e391c1ee0624) (TextureImporter) -> (Import Result ID: '949749bcbefc85a3bd490aa065a98a82') in 0.009986375 seconds [static and dynamic dependencies]. Details - ImportResultOutputID=48402dee4890551303cf95345687e44f DependenciesID=e7f6829bc3496613be5f66e4c7763943 StaticDependenciesID=74de03e344e253e0e1dd584738990938 
Start importing Assets/DevDen Arch Viz Scotland/Textures/Common/AirConditioner/airconditioner_DefaultMaterial_Normal.png using Guid(a7a4f0f1e8126a34e8c8169b21dca3eb) (TextureImporter)crunched in 0.609660
 -> (Import Result ID: 'f79e3f85fe3704e7ee37e9c88fac6f0f') in 0.644884375 seconds [static and dynamic dependencies]. Details - ImportResultOutputID=3ec4133acd55c0ff315aa96ca3ba0b9f DependenciesID=3b339cf6f7738f2318ac72c9b7584b1a StaticDependenciesID=c88c7676ad9832e884388f1e7e7c7742 
Start importing Assets/DevDen Arch Viz Scotland/Textures/Bathroom/bathroom_shelf/bathroom_shelf_bathroom_shelf_AO.png using Guid(a719ca6494d86e84e84c4d9a631fe7cd) (TextureImporter) -> (Import Result ID: '1abab96bc77363b64dc94c0c3e2f45c2') in 0.013072667 seconds [static and dynamic dependencies]. Details - ImportResultOutputID=7c625080bf6d32d7faf29f1db82ec445 DependenciesID=3d7130480d810c7837a502ed3d652621 StaticDependenciesID=8b3ea42b0ffc92abcb8f53a7ca1a98b1 
Start importing Assets/Coconut Palm Tree Pack/Textures/Coconut_Palm_Tree_AFS.psd using Guid(a77c7ca359b47564f87329ac91dfaf0c) (TextureImporter) -> (Import Result ID: '0fe5efa60228d91418c9904bc4706593') in 0.014435083 seconds [static and dynamic dependencies]. Details - ImportResultOutputID=5c6421db7f309ac4c0327b9e871a33ad DependenciesID=821baf317d8bed9d0937f9a6e3309438 StaticDependenciesID=80b5d1607d20019d640ed120308d79c3 
Start importing Assets/Furniture Mega Pack/Textures/Chairs/Chair30/Chair30_mat_Chair30_MetallicSmoothness.png using Guid(b7747151745c88f45a9782d09fd4eeaf) (TextureImporter) -> (Import Result ID: 'be761eed7e0cdb6593e0689b45f39653') in 0.060995417 seconds [static and dynamic dependencies]. Details - ImportResultOutputID=25b673e334580745c454b49940c5eda4 DependenciesID=a438ffbe7011d8132e7e4bf85e0c5be1 StaticDependenciesID=867835cb72ba3370a80e2a1122d2896f 
Start importing Assets/DevDen Arch Viz Scotland/Textures/Living Room/Laptop/laptop_DefaultMaterial_AO.png using Guid(c786b355b8afd404890a161791870d19) (TextureImporter)crunched in 0.121060
 -> (Import Result ID: '78b5fbcd05384a892fba25e8dd25f257') in 0.152841334 seconds [static and dynamic dependencies]. Details - ImportResultOutputID=6a25cc9b743975324d83af575d5077f9 DependenciesID=ff48eefa223bb68d246797075226584c StaticDependenciesID=19c88f8950917d14c7d83174e5b8b22c 
Start importing Assets/DevDen Arch Viz Scotland/Textures/Common/AirConditioner/airconditioner_DefaultMaterial_AO.png using Guid(c74c998d009c80e4ebb001abcc8f9c31) (TextureImporter)crunched in 0.223120
 -> (Import Result ID: 'e27ff6abe74712156209f88cd965b3d7') in 0.25675125 seconds [static and dynamic dependencies]. Details - ImportResultOutputID=f477da00100d179ed70e37f883fc2101 DependenciesID=1a60c8d96d926b29d7ccbcdfdddf480d StaticDependenciesID=3600b0e5a381e774bd677a427819d303 
Start importing Assets/Coconut Palm Tree Pack/Textures/Parts/Coconut_Palm_Tree_Branch1_normal.tif using Guid(d783fab3ba1456147949e7a8c7bf4aea) (TextureImporter) -> (Import Result ID: 'b4b5330f1bbf072708df4056c1b333a7') in 0.006366333 seconds [static and dynamic dependencies]. Details - ImportResultOutputID=dca5ad1c39fbfe4413f744f46db2e740 DependenciesID=0a36b628a7c887c34c3c118a9240d1ba StaticDependenciesID=6119d6dfdb3bb219202d5726fa9b986d 
Start importing Assets/DevDen Arch Viz Scotland/Textures/Kitchen Room/fridge_2/frifge_green_wood_AlbedoTransparency.png using Guid(d7d6d0f66e7114f47821ae0ceaee9646) (TextureImporter) -> (Import Result ID: 'a00e718aee20bbbbf62951cb100f8085') in 0.030127875 seconds [static and dynamic dependencies]. Details - ImportResultOutputID=e81d2d3a4ed2002be77f461e78cf078e DependenciesID=83534e19da725823961382a1e89ca5af StaticDependenciesID=0c4bf6bee6c5b9dae7629b674044642d 
Start importing Assets/DevDen Arch Viz Scotland/Textures/Kitchen Room/Mug Holder/Mug Holder_Normal.png using Guid(e7228d3a8126b484c973328970c4dea1) (TextureImporter) -> (Import Result ID: 'b313c1cee89324b4e1471a334e38e1fb') in 0.048645833 seconds [static and dynamic dependencies]. Details - ImportResultOutputID=a2f7372aad0f67cb0a79618e0124d7ef DependenciesID=ef75a9868f36aea44397eaccc02d7830 StaticDependenciesID=543d8870267bafec0bd178be310e8e9c 
Start importing Assets/DevDen Arch Viz Scotland/Textures/Bed Room/bed/bed_low_bed_sheet_Normal.png using Guid(086487a7149a2b542b1b7501e70de02c) (TextureImporter) -> (Import Result ID: 'ddca0e3cb2570fdadca46fc02b86a4ee') in 0.0231545 seconds [static and dynamic dependencies]. Details - ImportResultOutputID=3d445732e3528054f1ab12d9d420651c DependenciesID=320b6c1298c5930b29a2e5c5d05b1dae StaticDependenciesID=e6f55a0584b30e9507fb87f0d6299283 
Start importing Assets/DevDen Arch Viz Scotland/Textures/Common/door and handle/door and handles_handle_Normal.png using Guid(08d4e01207bfde84390d2c3c3d3b5de4) (TextureImporter) -> (Import Result ID: 'b731974e48c89bd48491963b45352b3d') in 0.013341667 seconds [static and dynamic dependencies]. Details - ImportResultOutputID=c92cd43ca47bfb6adaca8384d539bc06 DependenciesID=7c741adee314a8ef299e9755ba2e3648 StaticDependenciesID=507dd4e58c7280c0dee710e00f1f67e3 
Start importing Assets/DevDen Arch Viz Scotland/Textures/Kitchen Room/Mug Holder/Mug Holder_AO.png using Guid(1822de5867477454ea61e4cad28881a8) (TextureImporter) -> (Import Result ID: '289ebacc219bd20c01702f9ef5b345c8') in 0.053770125 seconds [static and dynamic dependencies]. Details - ImportResultOutputID=aeab87d05a74c11098d9f4eb367a127c DependenciesID=b0329b8a32adc2097df3a128c98f972f StaticDependenciesID=26fd5a3a6f58abb450063d2ff5f1c65d 
Start importing Assets/Furniture Mega Pack/Textures/Chairs/Chair13/Chair13_mat_Chair13_AlbedoTransparency.png using Guid(1823bf6940b79ea4db7a892b559dc11b) (TextureImporter) -> (Import Result ID: 'ccd3b05e7d7d79a55d92538947b938bc') in 0.06947775 seconds [static and dynamic dependencies]. Details - ImportResultOutputID=29cfece815a344a57f4c02f0a257e0dc DependenciesID=31565f4b7b8d8e6d7d5d8d7fd893b13c StaticDependenciesID=40640030a396373a8ead6e6a58249a61 
Start importing Assets/DevDen Arch Viz Scotland/Textures/Balcony/balconY_tacle/balcony_table_balcony_table_2_AlbedoTransparency.png using Guid(18b340cd91e64d942baffdaa6d48091f) (TextureImporter) -> (Import Result ID: '0bd387b2a0aa72407c486d73e3e4380f') in 0.01711225 seconds [static and dynamic dependencies]. Details - ImportResultOutputID=e25a00614e3044bfc800c100951fa2e6 DependenciesID=14e99570760d7ae87ad167afebf7d93f StaticDependenciesID=2e6702a0b8e1dce3f532be5b8a6aa66f 
Start importing Assets/Furniture Mega Pack/Textures/Chairs/Chair44/Chair44_mat_Chair44_Normal.png using Guid(2873c3067111f68428e8697b0e4a25ac) (TextureImporter) -> (Import Result ID: '72b9c6a76d721fa02a2be9e21adc1ba4') in 0.086713833 seconds [static and dynamic dependencies]. Details - ImportResultOutputID=36077eab922a8733d492e3104a8be642 DependenciesID=d18209bf6896e333d1523cbcfb613853 StaticDependenciesID=dbb3b39d81d9eaba6e8512a62627a464 
Start importing Assets/Furniture Mega Pack/Textures/Chairs/Chair34/Chair34_mat_Chair34_MetallicSmoothness.png using Guid(288494fe78d7579469c2f20937cd211b) (TextureImporter) -> (Import Result ID: 'b12f3f98c1eab6609ebb7933f0dfbd56') in 0.057942125 seconds [static and dynamic dependencies]. Details - ImportResultOutputID=051cc1bb3bfb3ac2035158386882856d DependenciesID=7fa8a6d90761bc9f350818cd87084ce3 StaticDependenciesID=cd5071899a6a5261d387ce926ca04eba 
Start importing Assets/DevDen Arch Viz Scotland/Textures/Bed Room/foto_frame_2/Painting_Small_C_Paintings_House_AO.png using Guid(282559ee82322e845baddc2b871dae21) (TextureImporter)crunched in 0.067277
 -> (Import Result ID: '9f02b058629b588d546082bf66de88cd') in 0.095190208 seconds [static and dynamic dependencies]. Details - ImportResultOutputID=271bef4c91eb22f504324761f673908f DependenciesID=acd2d9a971c96a746c343397c44d6892 StaticDependenciesID=30c001df4628fe6b1480b42c4b5abdae 
Start importing Assets/DevDen Arch Viz Scotland/Textures/Bed Room/foto_frame_1/Painting_Photo_B_Paintings_House_MetallicSmoothness.png using Guid(28b5bd91d6546e448ba962c06de7537c) (TextureImporter)crunched in 0.066243
 -> (Import Result ID: '82eda9da5e095f27de9f89819e5b1222') in 0.090543958 seconds [static and dynamic dependencies]. Details - ImportResultOutputID=0551e5ee5b1b79550bddc3762e81039a DependenciesID=3013ffd6ce097866a1dc965debc2d3f5 StaticDependenciesID=c2cf53b34c80bad1db39192f4882a9ca 
Start importing Assets/DevDen Arch Viz Scotland/Textures/Kitchen Room/TOASTER/toaster_toaster_AO.png using Guid(388b64ca3cd00774584d3c6ef6515518) (TextureImporter) -> (Import Result ID: '8f203f143acc7bb34feea55856b17365') in 0.011988042 seconds [static and dynamic dependencies]. Details - ImportResultOutputID=fecb7db6eb5b478ce1799db6d7734a0e DependenciesID=d05148829cbe832107d311952ba1f99a StaticDependenciesID=473126d3c9d8ab88cec28fccb9205399 
Start importing Assets/Furniture Mega Pack/Textures/Chairs/Chair30/Chair30_mat_Chair30_Normal.png using Guid(38defb4a6e32d4045a055c4037f89a2b) (TextureImporter) -> (Import Result ID: '55df1c26dba1c01f5c7172c222052506') in 0.07636425 seconds [static and dynamic dependencies]. Details - ImportResultOutputID=6425e486d2203ca2a35967a5469c388f DependenciesID=7cc3962aa285e2002c50d2ea13040e04 StaticDependenciesID=c4c63c7af8b5520e17c4b2ac4064cd7a 
Start importing Assets/Furniture Mega Pack/Textures/Chairs/Chair42/Chair42_mat_Chair42_MetallicSmoothness.png using Guid(487750ac9d6b3704ebe73716e8fbfee1) (TextureImporter) -> (Import Result ID: '12055ddb449b0bef0fa268d2ae0844e2') in 0.049779875 seconds [static and dynamic dependencies]. Details - ImportResultOutputID=9037de39f3eabedfa2345678a5ce34e8 DependenciesID=888438aa757b9900603ae90c53760ffd StaticDependenciesID=17c83a000569c580a7b4e91c31ef9f2d 
Start importing Assets/DevDen Arch Viz Scotland/Textures/Balcony/balcony/balcony_balcony_metal_AO.png using Guid(487bb6c79a125fb44a239c6eb34406a4) (TextureImporter)crunched in 0.133006
 -> (Import Result ID: '0ffa8e540649266eea7c9c38bc3b6d55') in 0.166937542 seconds [static and dynamic dependencies]. Details - ImportResultOutputID=e4a4d554b56e546dddbf70dac1a5f5c0 DependenciesID=39d3669e5d6c7329c60fc25c76093e96 StaticDependenciesID=91f74b36c76b7bfe3c0fca0480cb0e58 
Start importing Assets/Furniture Mega Pack/Textures/Chairs/Chair04/Chair04_mat_Chair04_Normal.png using Guid(58d4dd14d7d849244997fdabfd9d1a42) (TextureImporter) -> (Import Result ID: 'e4e60e5bd35d7a4c2683066a1ea0b7fb') in 0.083849583 seconds [static and dynamic dependencies]. Details - ImportResultOutputID=b40071df0fe3d5312e265c95de323581 DependenciesID=9398708bc57ad379028b9f4777c0a4a6 StaticDependenciesID=7110f3c4ff3b46b6c0917842c62e185b 
Start importing Assets/Furniture Mega Pack/Textures/Chairs/Chair45/Chair45_mat_Chair45_AlbedoTransparency.png using Guid(68d0bc515cb59e54d80c50864c2d5ff2) (TextureImporter) -> (Import Result ID: 'a97516292193a66f4719209e46c03a3b') in 0.071367959 seconds [static and dynamic dependencies]. Details - ImportResultOutputID=758054e69cb78d697d2e6a2aa1cc2642 DependenciesID=e5f7d45edf65101e15a63267d92e4b21 StaticDependenciesID=394cdbd6d37d4ac01997d76ce9c9329e 
Start importing Assets/DevDen Arch Viz Scotland/Textures/Bed Room/bedsider/bedsider_bed_sider_AO.png using Guid(68e829e02c8a9dd4486518859b05c199) (TextureImporter)crunched in 0.089760
 -> (Import Result ID: 'a647aef56c6a0ba6bb6b724f820ce20c') in 0.127216583 seconds [static and dynamic dependencies]. Details - ImportResultOutputID=8d62d3829f9efed61ff286ede9dd003c DependenciesID=143f5c5f27428c4c69acf7a21255b9f3 StaticDependenciesID=dbeb1858f25b3f336446dede6c44bca5 
Start importing Assets/Furniture Mega Pack/Textures/Chairs/Chair01/Chair01_mat_Chair01_AlbedoTransparency.png using Guid(7870ef46cca1d5e409b3bec3fc89b8c6) (TextureImporter) -> (Import Result ID: '9c2110a60b07a470ccca50fe19f5808a') in 0.07380725 seconds [static and dynamic dependencies]. Details - ImportResultOutputID=af2a4c0dfa32bacf526edc76546d62f4 DependenciesID=d8a0937c6cb17dbfd229f70dcaa2f3b6 StaticDependenciesID=ef9bf9e1d1b5b537aada5ee9a75f1e64 
Start importing Assets/DevDen Arch Viz Scotland/Textures/Living Room/Laptop/laptop_DefaultMaterial_MetallicSmoothness.png using Guid(782e956386c1a3940bd78daa570bf97b) (TextureImporter)crunched in 0.064770
 -> (Import Result ID: 'a078b0ece8b1f3fe76dea822d4f18f9b') in 0.090018208 seconds [static and dynamic dependencies]. Details - ImportResultOutputID=f04ad1c89fea4212420b5c6cb8a59a82 DependenciesID=6e7971b8fb7eaba7cb49f9e71b3b4c7b StaticDependenciesID=420e3b7d4609187a8cf1298878525b54 
Start importing Assets/Furniture Mega Pack/Textures/Chairs/Chair17/Chair17_mat_Chair17_AlbedoTransparency.png using Guid(98f38198a21dc204c87610f9d8a72444) (TextureImporter) -> (Import Result ID: '8e6a66716be539ecca65954b693b7933') in 0.075674834 seconds [static and dynamic dependencies]. Details - ImportResultOutputID=d829d1a861976ec7a2522f660cb234bf DependenciesID=b08619a87f161862a82cf61d183b4cae StaticDependenciesID=e2648dda0e52aa2b46082d57c6b5b054 
Start importing Assets/Furniture Mega Pack/Textures/Chairs/Chair06/Chair06_mat_Chair06_AlbedoTransparency.png using Guid(a864eeb7e3043d2448c1c010abc11b29) (TextureImporter) -> (Import Result ID: '55399f8690146b0ac850cf5bd02999af') in 0.073549584 seconds [static and dynamic dependencies]. Details - ImportResultOutputID=dc9310d23af0584fb440457467b6bafc DependenciesID=7dbea50564a5195c0b80c14718718380 StaticDependenciesID=4138ee1c380711ddff9014fabc71c6c8 
Start importing Assets/DevDen Arch Viz Scotland/Textures/Bed Room/BedsideLamp/bedside_lamp_bedside_lamp1_AlbedoTransparency.png using Guid(a8094c42c8e5e7d4fa4ef8f99a0e0d48) (TextureImporter) -> (Import Result ID: '1c31f5f04f63e1de6bfadce7c86b50a8') in 0.00661475 seconds [static and dynamic dependencies]. Details - ImportResultOutputID=329c110936f2c05ae012733745ca92f0 DependenciesID=c4e4c974f04c2e304fd27013567a17d8 StaticDependenciesID=6b35e727acb89d0837de89f6d2bac731 
Start importing Assets/Furniture Mega Pack/Textures/Chairs/Chair27/Chair27_mat_Chair27_AlbedoTransparency.png using Guid(b86cdfde26f58614388e01e6f9fd7799) (TextureImporter) -> (Import Result ID: '63240081a267e57e835008f8da7a14d1') in 0.059281333 seconds [static and dynamic dependencies]. Details - ImportResultOutputID=564c5fb1e51a44d3feeef0483c44f479 DependenciesID=af6fcaee2c71b5720ef2091533106104 StaticDependenciesID=496b70a1a06fc39daeb3ab10e6a3ee3b 
Start importing Assets/DevDen Arch Viz Scotland/Textures/Kitchen Room/side_piece/side_piece_metal_MetallicSmoothness.png using Guid(b87f8bda86e69584493faeb638b9ebd1) (TextureImporter)crunched in 0.057474
 -> (Import Result ID: 'd335305ce0f4b31ab7175e55c4273aa3') in 0.082554125 seconds [static and dynamic dependencies]. Details - ImportResultOutputID=edbe1102861e24480f46eedfa2017db8 DependenciesID=c86afa62faa2b5388b054aee8d30401a StaticDependenciesID=ff7b59e78390cf1a76abcbf7dd807feb 
Start importing Assets/DevDen Arch Viz Scotland/Textures/Bed Room/bed/bed_low_bed_sheet_AlbedoTransparency.png using Guid(c86a8f71eb49b4143b018494c3d8b93f) (TextureImporter) -> (Import Result ID: '1f2921ab31d1868dea6b60a0b024c4c9') in 0.022288292 seconds [static and dynamic dependencies]. Details - ImportResultOutputID=30636d0180f80db35969f551fefc3a4b DependenciesID=6304bd757c4b8822a974ea3d21059b95 StaticDependenciesID=7791f6a481c2200c1f80ee748fa8f38e 
Start importing Assets/Furniture Mega Pack/Textures/Chairs/Chair46/Chair46_mat_Chair46_Normal.png using Guid(c8dad196e7db98f439e8cfe9b9e4973c) (TextureImporter) -> (Import Result ID: 'd9354dbcfde43223cc3d011ba1d5f170') in 0.091004042 seconds [static and dynamic dependencies]. Details - ImportResultOutputID=18e88dc5a049fed434a6d25cebeea79f DependenciesID=b3fbb6e38c0a04230be1dcd6732a4acf StaticDependenciesID=68e28017f59f774c637aecd21edc3356 
Start importing Assets/Furniture Mega Pack/Textures/Sofas/Sofa02/Sofa02_mat_Sofa02_MetallicSmoothness.png using Guid(d82014759fe84f94b8459dad4103ed70) (TextureImporter) -> (Import Result ID: '14cd21adad2377002821f48d21647d89') in 0.040053167 seconds [static and dynamic dependencies]. Details - ImportResultOutputID=06c8e2a4facad40109a626e78b0fd322 DependenciesID=836a4cbd3656751c96ececcaf6c75bdd StaticDependenciesID=977c036fc98f6c1636c17144bd2fe316 
Start importing Assets/Furniture Mega Pack/Textures/Chairs/Chair25/Chair25_mat_Chair25_Normal.png using Guid(d8d2d8ce1669c2d43aabb5a704e8d8fc) (TextureImporter) -> (Import Result ID: 'ab6ccd7ab1e82baec1a20fc3089e5090') in 0.063154292 seconds [static and dynamic dependencies]. Details - ImportResultOutputID=f09b71235b3e2bdcdbe95a23ca254168 DependenciesID=6ecdca1071cc6f095c0aa9316cd71d16 StaticDependenciesID=d1c6b6844dc245551159799220bfeb41 
Start importing Assets/DevDen Arch Viz Scotland/Textures/Bed Room/bedside_carpet/carpet_carpet_AO.png using Guid(e8d6c7da4fc128d4a995ad09a574d4fa) (TextureImporter)crunched in 0.040800
 -> (Import Result ID: 'e344338796584800bfc38c33366e2a4d') in 0.06775275 seconds [static and dynamic dependencies]. Details - ImportResultOutputID=bed8e1b1980dc6645c670e4f109d79c4 DependenciesID=cce45e1b5dd50ddcab9fda3d943600b0 StaticDependenciesID=7a37a99d196a28a98b9d0b28b0a87160 
Start importing Assets/DevDen Arch Viz Scotland/Textures/Kitchen Room/side_piece/side_piece_metal_Normal.png using Guid(e8f77b00701f1f8419fcf69fefff5212) (TextureImporter)crunched in 0.104759
 -> (Import Result ID: '5504e0d41bcc907c507eb2923ab11b18') in 0.151892875 seconds [static and dynamic dependencies]. Details - ImportResultOutputID=a09baee8920b334eada53a2aef6f4af9 DependenciesID=e4f96c97808678fdd661eb5c33fbe486 StaticDependenciesID=5e18a657c22c82fc6573601822aa9a82 
Start importing Assets/Furniture Mega Pack/Textures/Chairs/Chair19/Chair19_mat_Chair19_Normal.png using Guid(f80392626818feb418a5fb2ce8c8a3ea) (TextureImporter) -> (Import Result ID: '58fb22e35800e9994afc45dfbe62c535') in 0.070109125 seconds [static and dynamic dependencies]. Details - ImportResultOutputID=e3f58c918e0e0caa6c0fc6d68036e808 DependenciesID=1402d44b51e65a2eb073ceec81f10255 StaticDependenciesID=8f2f13e248c70ec657f962339ffedea9 
Start importing Assets/Furniture Mega Pack/Textures/Cushions/Cushion29_36/Cushion29_36_mat_Cushion29_36_AlbedoTransparency.png using Guid(f87876204b95f0e4aa9ad04ef0a0a6a3) (TextureImporter) -> (Import Result ID: '883b27a0a1b9d65b9a919065152b3104') in 0.070786375 seconds [static and dynamic dependencies]. Details - ImportResultOutputID=e5742c54603ada9eb61320a742b698d8 DependenciesID=db5a3b5ac6317b3b4365906b27c92665 StaticDependenciesID=0e7f473fb62e58079b38797ab9fb2511 
Start importing Assets/Coconut Palm Tree Pack/Textures/Parts/Coconut_Palm_Tree_Branch2_diffuse.psd using Guid(f8883751afb979b43af59adbb48ef465) (TextureImporter) -> (Import Result ID: '9dc190dd0d4d2273e11abfba604ac242') in 0.009917208 seconds [static and dynamic dependencies]. Details - ImportResultOutputID=75fbb1090d11258399ff6023910efaa6 DependenciesID=ed39d300819ec20b81e0c9d1b18e19ff StaticDependenciesID=01e89d90c2ac33b734d69e3b78e128fe 
Start importing Assets/DevDen Arch Viz Scotland/Textures/Bathroom/TolPaper/tolpaper_DefaultMaterial_AO.png using Guid(f88a46234eb256e42bf09e264b571519) (TextureImporter) -> (Import Result ID: 'e484b43e03f198f4538de5af1f5387ae') in 0.011880083 seconds [static and dynamic dependencies]. Details - ImportResultOutputID=40dd289cc7e40567aa2fafcc31b55afc DependenciesID=fe4823ba4431be35f1b1506e98a4f837 StaticDependenciesID=a3d1a0e8d02ccf92135d66443afd4b09 
Start importing Assets/Furniture Mega Pack/Textures/Cushions/Cushion37_40/Cushion37_40_mat_Cushion37_40_MetallicSmoothness.png using Guid(094a14904c5fef64484e104d707e4937) (TextureImporter) -> (Import Result ID: '2ac5572517dd93a1f90adb0445efb377') in 0.04265125 seconds [static and dynamic dependencies]. Details - ImportResultOutputID=a3f1667e8a34be35a245af2fc697cc96 DependenciesID=a9d2ac378dff0f4283918369efb122ff StaticDependenciesID=a989f560808c4ed88c9ac14828f63b26 
Start importing Assets/DevDen Arch Viz Scotland/Textures/Bathroom/TolPaper/tolpaper_DefaultMaterial_AlbedoTransparency.png using Guid(094ad9df78208684f95a0b120ec2445e) (TextureImporter) -> (Import Result ID: 'ea5887f2216331a386e9536c221174e8') in 0.013948291 seconds [static and dynamic dependencies]. Details - ImportResultOutputID=97090d0b6c8d6ba791e30aa349417c21 DependenciesID=347ec17207859b96b1cf6f10c7a0d738 StaticDependenciesID=ab00783eae44d822162ebe1287943be2 
Start importing Assets/DevDen Arch Viz Scotland/Textures/Living Room/Remotecontrol/RemoteControl_DefaultMaterial_Normal.png using Guid(097bf1f5ae3c02047a2ca26be220d88c) (TextureImporter) -> (Import Result ID: 'b686880bbc7b7787dc075cdc0f91054f') in 0.010817208 seconds [static and dynamic dependencies]. Details - ImportResultOutputID=f96f1f67b3f652b8249df4821e46fa71 DependenciesID=98bac3aaf768bf75992740422e5595c5 StaticDependenciesID=d55fd199947d799bcb9c7d8d6d3a2987 
Start importing Assets/DevDen Arch Viz Scotland/Textures/Bathroom/Bathroom_Glass/glass_glass_Normal.png using Guid(09db36ff06548e54da892ef9a23d38e9) (TextureImporter) -> (Import Result ID: 'aafb2fb5be45656d856c91e11557abd5') in 0.032834416 seconds [static and dynamic dependencies]. Details - ImportResultOutputID=cd341d1223edd3a520b57fb4eae0ba8b DependenciesID=36593fb6f9f6b1d121e0959671ee2a22 StaticDependenciesID=bead3aad3827d8464f121288f72a53f2 
Start importing Assets/DevDen Arch Viz Scotland/Textures/Kitchen Room/kitchen_1/kitchen_glass_MetallicSmoothness.png using Guid(39b48d05c201ac74f824ec1b4293515c) (TextureImporter)crunched in 0.056423
 -> (Import Result ID: '36bc9567d0ca670fb4df72b3bf34c643') in 0.081619541 seconds [static and dynamic dependencies]. Details - ImportResultOutputID=8f917cf3dd78bd0ed1ad5123acb44aa2 DependenciesID=ba055e182c1f3709de670586b4395e90 StaticDependenciesID=235667af2eeb7bd4d109acc81d7cf998 
Start importing Assets/Furniture Mega Pack/Textures/Chairs/Chair34/Chair34_mat_Chair34_Normal.png using Guid(39294ed4818c7004d812d9e850b23043) (TextureImporter) -> (Import Result ID: '8d2443d4b727b78971e0a08fde0f36c5') in 0.066837833 seconds [static and dynamic dependencies]. Details - ImportResultOutputID=34fee9891b4b10861e510218c1f4ffb8 DependenciesID=f1a2e2624c3db6701c1b4cd4772fb9a9 StaticDependenciesID=12c3210398fc924c14ec0fbeb1b353ac 
Start importing Assets/DevDen Arch Viz Scotland/Textures/Bed Room/foto_frame_3/Painting_StandPhoto_A_Paintings_House_Normal.png using Guid(39f9db504cea88041aebb8f85b04ab2d) (TextureImporter)crunched in 0.083176
 -> (Import Result ID: 'e309881bd83660387e81ea8cef0c6e86') in 0.118809375 seconds [static and dynamic dependencies]. Details - ImportResultOutputID=55512e892392fd5eb35433051ed0c5fd DependenciesID=3a7742805824a8bb22222eeb62f2b0e7 StaticDependenciesID=f1d3627178405945f6756af3dad84604 
Start importing Assets/DevDen Arch Viz Scotland/Textures/Environment/inner_wall/inner_wall_bedroom_floor3_MetallicSmoothness.png using Guid(59a1310ffda6ffd4788a8bcb57e98d4a) (TextureImporter)crunched in 0.057031
 -> (Import Result ID: '1b96953aaf81c040f399acff79eef16b') in 0.081979041 seconds [static and dynamic dependencies]. Details - ImportResultOutputID=530fac97e7c615242e6aa216a7031660 DependenciesID=11ca6cac7ea365647b390e6e4e5768cf StaticDependenciesID=6784be107127d625aed87160cfa44b92 
Start importing Assets/Furniture Mega Pack/Textures/Cushions/Cushion49_50/Cushion49_50_mat_Cushion49_50_MetallicSmoothness.png using Guid(59ef66210a448e547a16140cd2b606f0) (TextureImporter) -> (Import Result ID: 'f3a489171b1ecf7832558902e3693092') in 0.066302042 seconds [static and dynamic dependencies]. Details - ImportResultOutputID=1259bfbb3d8a2602e8674e78f8bb8cc7 DependenciesID=2960bcb743bfb93109550aac3ecb8986 StaticDependenciesID=239f5cd95b5e3c416c33424e01ce2352 
Start importing Assets/DevDen Arch Viz Scotland/Decals/Family Love.png using Guid(69e697b4c5e340b4cadd3c06e6ba7ab9) (TextureImporter) -> (Import Result ID: '9efd93927c9046bcd571894ff5b786d5') in 0.003695 seconds [static and dynamic dependencies]. Details - ImportResultOutputID=e6f65d175d4def5d6f0702c08d989094 DependenciesID=ed6425171c090e8a1bd1335914d7d691 StaticDependenciesID=70845c82796fca588724da25e0d2fd7c 
Start importing Assets/Coconut Palm Tree Pack/Textures/Coconut_Palm_Tree_diffuse.psd using Guid(69c952e0cacbc0c428fbb6b81f6c4035) (TextureImporter) -> (Import Result ID: '5a3614022eb88d9306d6a6e8cf2099a1') in 0.048982667 seconds [static and dynamic dependencies]. Details - ImportResultOutputID=9299804ee19a2928950a5efca0a1bd46 DependenciesID=f489835887ffd8bb2056a515f84de97a StaticDependenciesID=4e63e930359e22474ac9d5fe68f73a98 
Start importing Assets/DevDen Arch Viz Scotland/Textures/Bathroom/Washbasin/washbasin_M_washbasin_Normal.png using Guid(69fba93eebdd80e49b090a23275320d4) (TextureImporter)crunched in 0.088404
 -> (Import Result ID: 'bf2cc30b69042470611d76f5c0d34b6b') in 0.136120208 seconds [static and dynamic dependencies]. Details - ImportResultOutputID=81d39ddc94deb947c946834406f31bc2 DependenciesID=c45ee6f8504af95c8e364155732a5f4a StaticDependenciesID=6532fba0e66ae24294d37c70a8f33543 
Start importing Assets/DevDen Arch Viz Scotland/Textures/Common/CUTLERY/Cutlery FBX_Cutlery_AlbedoTransparency.png using Guid(79835347aeccb1b48860730ee75c6aa3) (TextureImporter) -> (Import Result ID: 'd4a054cc5e6906357b342f017a733208') in 0.009298792 seconds [static and dynamic dependencies]. Details - ImportResultOutputID=70e0740b62f595f584e8979842a32d30 DependenciesID=760a091227f34c8ee33711b1f75d42d9 StaticDependenciesID=4408694541bf0607626580a4de3a9f12 
Start importing Assets/DevDen Arch Viz Scotland/Textures/Bed Room/bed/bed_bed_Normal.png using Guid(79c61a2ce7ec8114b89f0c0d99e4d58e) (TextureImporter) -> (Import Result ID: 'a69d66389ae09a2703990de0d68cba11') in 0.032568292 seconds [static and dynamic dependencies]. Details - ImportResultOutputID=c81bda7d884d2830e0b17d28bcd9139c DependenciesID=863eaeacf3f03c00e44c33d1c6f0769a StaticDependenciesID=4fa26708f386a07a1c5f3c4a676fba08 
Start importing Assets/DevDen Arch Viz Scotland/Textures/Dining Room/dinning_chair/dinning_chair_diining_chair_wood_AO.png using Guid(99ac31510bdd75a4b85266b0763525ae) (TextureImporter)crunched in 0.153447
 -> (Import Result ID: '092c4bd323d7765f3bad6bd6b1f38628') in 0.186342666 seconds [static and dynamic dependencies]. Details - ImportResultOutputID=bcd6230e912183ad7f87edd0d1a3a87b DependenciesID=c1485fff7f38ff373134f7e30842c20d StaticDependenciesID=7dd29316f668cd4716621bca0da09e2d 
Start importing Assets/DevDen Arch Viz Scotland/Textures/Kitchen Room/Fridge/frifge_green_wood_Normal.png using Guid(990e9d382c2b8f64aa1200baba0916be) (TextureImporter)crunched in 0.100259
 -> (Import Result ID: '062282190cdc020cd8b6c32e37c22d83') in 0.148465083 seconds [static and dynamic dependencies]. Details - ImportResultOutputID=32699d32bedccd8a9382447ce2bd16a3 DependenciesID=6444644fe957cd8a7d954ade97005256 StaticDependenciesID=3293ed234f260c7e14f9733a6c13d3a1 
Start importing Assets/DevDen Arch Viz Scotland/Textures/Study Room/study_chair/CHair2_study_chair_seat_Normal.png using Guid(994f4a8243ea3cd49808079670d990fa) (TextureImporter) -> (Import Result ID: 'ec011d5add7a27ef22cf782a291d9fdc') in 0.0146255 seconds [static and dynamic dependencies]. Details - ImportResultOutputID=2ade6dd00b0412daddb74daf6a1caea3 DependenciesID=90b6ed64c80789350d641a1a5a4a233a StaticDependenciesID=2084fb0a5f5beeacad6578996079e36b 
Start importing Assets/Furniture Mega Pack/Textures/Chairs/Chair27/Chair27_mat_Chair27_MetallicSmoothness.png using Guid(a973ee870a990244b8bda3ca5bd60bbf) (TextureImporter) -> (Import Result ID: 'a736f853d37b01b2403fd0c38345354e') in 0.061955459 seconds [static and dynamic dependencies]. Details - ImportResultOutputID=0cfe3c794a6cb9f70109e0d70d980722 DependenciesID=c48537838c6cf216931f3969046d6b43 StaticDependenciesID=f09521aa803f98b839540e0d643eac8c 
Start importing Assets/DevDen Arch Viz Scotland/Textures/Common/Socket/socket_M_socket_AlbedoTransparency.png using Guid(a9846a3f48c9c2a4898904d84d27d5e4) (TextureImporter) -> (Import Result ID: '51145fbbfa94f77cd1e1cf12043ccd95') in 0.012112166 seconds [static and dynamic dependencies]. Details - ImportResultOutputID=9d836e0ae634eb31baa3510020d86f76 DependenciesID=2abfa91767b48dabaea92a31c84d8225 StaticDependenciesID=e0aea5710543ee0dc605cbc71af64e55 
Start importing Assets/Furniture Mega Pack/Textures/Chairs/Chair29/Chair29_mat_Chair29_Normal.png using Guid(b99a4a9cfa98d2c4b93013e7512165b0) (TextureImporter) -> (Import Result ID: 'f62bd2cfee9d5acd6854b7c464cdcca6') in 0.080043542 seconds [static and dynamic dependencies]. Details - ImportResultOutputID=f775bdb63b309840dc36fca3dcb22eff DependenciesID=ba537ae8ad11e3602a6d19e14d695d2c StaticDependenciesID=178ca611e7b6e5cabc0b52c7eb579e90 
Start importing Assets/DevDen Arch Viz Scotland/Textures/Kitchen Room/Chopboard/Chopboard_AO.png using Guid(b94deaade6b86aa4ab428947a39236cd) (TextureImporter) -> (Import Result ID: 'cea4824310a0b6006cb8b5ece81042b5') in 0.058091541 seconds [static and dynamic dependencies]. Details - ImportResultOutputID=403e72ca2d3eef21c0bbda25b8777c99 DependenciesID=5a783e4d800511cac1f7d4fdf23428c6 StaticDependenciesID=83cbfcc156b3000e7c688fac9fc07b79 
Start importing Assets/Furniture Mega Pack/Textures/Chairs/Chair18/Chair18_mat_Chair18_Normal.png using Guid(b99f13cbbcf91cc4badb4ccf5502cd8a) (TextureImporter) -> (Import Result ID: '276a107b26be7c4a923fa9a90ae88e8c') in 0.073061333 seconds [static and dynamic dependencies]. Details - ImportResultOutputID=24041f3ce38ff91f1c4714530e79694e DependenciesID=7c7197f1c6bb8fc4e18fc562d92c08f1 StaticDependenciesID=08e18e054096652d9d3f3dc08af73ee7 
Start importing Assets/DevDen Arch Viz Scotland/Textures/Bed Room/bed/bed_pillow_1_Normal.png using Guid(c9c975531b41a3b46a3ec911493e6df3) (TextureImporter) -> (Import Result ID: 'f778878157a9af3395f664601fcebdca') in 0.021026667 seconds [static and dynamic dependencies]. Details - ImportResultOutputID=e9b6ca6d88cbf8e8e301eb099a773262 DependenciesID=8e18e4198a728074b10fe5ebb7e2843a StaticDependenciesID=49a4eee24d52b52edc08f205259079ac 
Start importing Assets/DevDen Arch Viz Scotland/Textures/Study Room/shelf/shelf_shelf1_AlbedoTransparency.png using Guid(d9628e326902ed24692bc6ea87e4aef5) (TextureImporter) -> (Import Result ID: '460faced1e5d47a0471c03f44eb2aead') in 0.014530584 seconds [static and dynamic dependencies]. Details - ImportResultOutputID=4553136b54f70c2195f274fb7eaa1d75 DependenciesID=464cbe330a48cc4d04b766fc9909af32 StaticDependenciesID=16d24de3db1f7b4b9e47fbc394c03cae 
Start importing Assets/DevDen Arch Viz Scotland/Textures/Balcony/balcony_mat/balcony_mat_balcony_mat1_AO.png using Guid(d905c93170682624b9bcd403f197e890) (TextureImporter)crunched in 0.033784
 -> (Import Result ID: '1016ad27e00f24f3ab823e1e1cbcc506') in 0.059885208 seconds [static and dynamic dependencies]. Details - ImportResultOutputID=919092b599535b449506266ea8cff21a DependenciesID=79c0bfe0bdbc2d6991cdffdbd56c06d1 StaticDependenciesID=5053b9579ae639597042ce60b7b0ea4d 
Start importing Assets/DevDen Arch Viz Scotland/Textures/Bed Room/BedsideLamp/bedside_lamp_bed_lamp_glass1_AO.png using Guid(d92a2c9d6aa7c804a8c12ac347a6b063) (TextureImporter) -> (Import Result ID: '3f98819a26e61dbafc3dcc94bf23d0ff') in 0.005809291 seconds [static and dynamic dependencies]. Details - ImportResultOutputID=4ff0a04a806d9b3b8c8053a2a931a34e DependenciesID=e73e3c041414513eff0e385270d50c0f StaticDependenciesID=c2bfc8329dbe5d9a7af1bff9b958f38a 
Start importing Assets/DevDen Arch Viz Scotland/Textures/Bathroom/bathroom_wall/bathroom_wall_phong1_MetallicSmoothness.png using Guid(d93aec953ae983f4c9096fcb4d5422e1) (TextureImporter) -> (Import Result ID: '92601d5c07b33ac6488bc58d359261f4') in 0.01586225 seconds [static and dynamic dependencies]. Details - ImportResultOutputID=61d8e2424ee117ef2a2200ea1b7a59be DependenciesID=c6aaa937d44d1fada70a7e1dfb2c349c StaticDependenciesID=8a1616d5f98b8beb3b809a6ec5dac377 
Start importing Assets/DevDen Arch Viz Scotland/Textures/Kitchen Room/side_piece/side_piece_marble_Normal.png using Guid(e9c300d374265bb4d897a01eb3ecd463) (TextureImporter)crunched in 0.061846
 -> (Import Result ID: '309669f721cabad4a1b24931105175b9') in 0.088926959 seconds [static and dynamic dependencies]. Details - ImportResultOutputID=c2a3ae6c51e9ad67cc7c84aef887e958 DependenciesID=4c24a46cf7651b2a8a32279754f1740f StaticDependenciesID=11c679e0c6b7fae5c86e4c6e8c119251 
Start importing Assets/Furniture Mega Pack/Textures/Chairs/Chair15/Chair15_mat_Chair15_AlbedoTransparency.png using Guid(e9d4f7d2b3d857346b97b1d5eb4229c3) (TextureImporter) -> (Import Result ID: '7b986ef97641e12b041f5df061e0a8ea') in 0.072791625 seconds [static and dynamic dependencies]. Details - ImportResultOutputID=1471b8297762beb30593b4bbf725e64c DependenciesID=76e19e5d2f982f79f09d6b9a82774b10 StaticDependenciesID=e75e5b9caaf99968d2b52605b08756d0 
Start importing Assets/Furniture Mega Pack/Textures/Sofas/Sofa03/Sofa03_mat_Sofa03_Normal.png using Guid(e96a5218a646d2c47a5c63675e307827) (TextureImporter) -> (Import Result ID: 'b2fe7798657aa48b8e000d6b88e0768e') in 0.091316291 seconds [static and dynamic dependencies]. Details - ImportResultOutputID=0dc7a3c0ca4fc248e6daf4da7c5f1971 DependenciesID=5d5faa128b72aa1d4bcab49c9811a8a7 StaticDependenciesID=b422fdc7ba27432c23ec21c9f7b05b20 
Start importing Assets/DevDen Arch Viz Scotland/Textures/Bed Room/bed/bed_bed_coat_Normal.png using Guid(f9422372c3a8800468a5f7fbbae79eed) (TextureImporter) -> (Import Result ID: 'c0496286c01a215a6270f4442b1e793d') in 0.021729625 seconds [static and dynamic dependencies]. Details - ImportResultOutputID=9958c5ce54a73531e12b7d4dfa61f0aa DependenciesID=ab1134c7d102d3c14010c2fa83540f9b StaticDependenciesID=3411243773cb992de40eba2c46da81d4 
Start importing Assets/Furniture Mega Pack/Textures/Chairs/Chair28/Chair28_mat_Chair28_Normal.png using Guid(f917a9affce41d74e9d8dfae4cebc85d) (TextureImporter) -> (Import Result ID: '3e190bc144f6af75d05924d4e3672d97') in 0.074178584 seconds [static and dynamic dependencies]. Details - ImportResultOutputID=b621b3f039b621685f43c4e97889236d DependenciesID=9b98197ca91f76ad21d029250e650429 StaticDependenciesID=375623441d6ffb996645445b41947262 
Start importing Assets/Furniture Mega Pack/Textures/Chairs/Chair29/Chair29_mat_Chair29_AlbedoTransparency.png using Guid(f9caf42a6b12a6e4d9d08c706724974a) (TextureImporter) -> (Import Result ID: 'fe1cb5887ceca9dd29ed94e67464bc9f') in 0.051285292 seconds [static and dynamic dependencies]. Details - ImportResultOutputID=e64ce85ef6acab9168877319d8906de8 DependenciesID=fb99af8551ddcb6e9c9df3dea329f0b5 StaticDependenciesID=be75c593afcb671b25fdfa8c91a5ccb6 
Start importing Assets/DevDen Arch Viz Scotland/Textures/Common/door and handle/door and handles_door1_MetallicSmoothness.png using Guid(f95c77e261f4027489e35114f0038148) (TextureImporter) -> (Import Result ID: '189f56ad292f7c5d9b5736c0427f18a5') in 0.00784675 seconds [static and dynamic dependencies]. Details - ImportResultOutputID=1844910942cc12eede6edfca4a3a7e5e DependenciesID=77c9a55db6263465caa72121c4f1445e StaticDependenciesID=87caeff4c3c0fe2ea078b8290f424729 
Start importing Assets/DevDen Arch Viz Scotland/Textures/Common/Interior_props/CommonCeramic02.png using Guid(1a5439d87b65de94a80826ba2bdb0569) (TextureImporter) -> (Import Result ID: '700b1d6978e871d042bbf157db8a6d47') in 0.011599125 seconds [static and dynamic dependencies]. Details - ImportResultOutputID=5e21770bd0ab007f164a3124a601efd9 DependenciesID=593ce7e8cc6594e66a6755bd9249af4c StaticDependenciesID=726313111ea36c38b972b5bf8fdb5138 
Start importing Assets/DevDen Arch Viz Scotland/Textures/Bathroom/MetalDryer/dry_M_metaldryer_AO.png using Guid(1a684dbc9e1566a4a9a7dc17195f571f) (TextureImporter)crunched in 0.227593
 -> (Import Result ID: 'f428eef9be64a6e123113a8609620f9f') in 0.349367916 seconds [static and dynamic dependencies]. Details - ImportResultOutputID=6dbf709eef68ad05d7b62f6ac90a9a51 DependenciesID=23fe8c3d7c548e45b982fcf24cf2f6cf StaticDependenciesID=4cc60caa041198174d010a32f29c8476 
Start importing Assets/Coconut Palm Tree Pack/Textures/Parts/Coconut_Palm_Tree_Branch2_gloss.png using Guid(1aeac123f1d9e2a4aad9c32bfd25eab7) (TextureImporter) -> (Import Result ID: '56b56f78bb68629079f8d55f977edd05') in 0.001825417 seconds [static and dynamic dependencies]. Details - ImportResultOutputID=f51cc3a17bfe84bd9fbb621f600012a3 DependenciesID=6425c1432388945149b0a04cca3289bb StaticDependenciesID=f84d14d9c8fea8e82a72a91b215d82f5 
Start importing Assets/DevDen Arch Viz Scotland/Textures/Living Room/sofa_2/sofa_2_01 - Default_AlbedoTransparency.png using Guid(1add9e2198fd6e04b84838f8c0eb46ca) (TextureImporter)crunched in 0.319004
 -> (Import Result ID: '06e1a15f999e1e50b7fc5806d98c16a3') in 0.353888083 seconds [static and dynamic dependencies]. Details - ImportResultOutputID=f6c74c5573e07893d67e4e75a8925c11 DependenciesID=e03b906e78f77e2a51d2b0eaf0eb813f StaticDependenciesID=ad0efa88323bbaf6d1977a614d737931 
Start importing Assets/DevDen Arch Viz Scotland/Textures/Kitchen Room/side_piece/side_piece_white_wood_MetallicSmoothness.png using Guid(2ac7e68defb7a7a4987fa41ce79a1226) (TextureImporter)crunched in 0.058973
 -> (Import Result ID: '6f980bab4fda4e6760de076525a5cf0f') in 0.084480042 seconds [static and dynamic dependencies]. Details - ImportResultOutputID=d47647fc094580cbb667535d14a8a692 DependenciesID=81953832cdfcafb61e3e752af89f7a27 StaticDependenciesID=82dc46d60809b926fda6a713044e0328 
Start importing Assets/Furniture Mega Pack/Textures/Chairs/Chair28/Chair28_mat_Chair28_AlbedoTransparency.png using Guid(2a1b79fdf2dcfa8479d24fbf39eacd91) (TextureImporter) -> (Import Result ID: '2184b47a716f2561cccceca5aa558621') in 0.054803625 seconds [static and dynamic dependencies]. Details - ImportResultOutputID=bf2faacbc3f0116b74bcc68fdcf66ee6 DependenciesID=c80612d16b6791ad4044a2d004a1a645 StaticDependenciesID=0ff8e14fc018a88c4fcefe086af4374f 
Start importing Assets/DevDen Arch Viz Scotland/Textures/Kitchen Room/kitchen/induction-hob_normal.png using Guid(3ae4bb95fd7e6734a847c0d0d26dc506) (TextureImporter) -> (Import Result ID: 'ea62b32eeff590e2263ccb85df3d415a') in 0.055746958 seconds [static and dynamic dependencies]. Details - ImportResultOutputID=c503d6220db98f8f20145e2a205af936 DependenciesID=bbf40039b71ed29ac2f98fab9feb9b65 StaticDependenciesID=e927be294a21062dee91dc8d29900344 
Start importing Assets/DevDen Arch Viz Scotland/Textures/Kitchen Room/Mug Holder/Mug Holder_AlbedoTransparency.png using Guid(3a5ab0b9d2931b74aa00f2735ea27df6) (TextureImporter) -> (Import Result ID: 'b1aa30a49c8246f764335bfd4866a321') in 0.059577584 seconds [static and dynamic dependencies]. Details - ImportResultOutputID=b4b72523640ebc4fe6415347ea4529c0 DependenciesID=8e3e129978e26a76a940308b9c25df96 StaticDependenciesID=ab7f4530360d0e481ae92c5a0df1104a 
Start importing Assets/DevDen Arch Viz Scotland/Textures/Bed Room/FOTO_FRAME_4/Painting_StandPhoto_C_Paintings_House_Normal.png using Guid(4ac3835925a9a4946b913121b8d51577) (TextureImporter)crunched in 0.079115
 -> (Import Result ID: 'c4d2e2bcc1808c26e18cdf081ee7990d') in 0.114963625 seconds [static and dynamic dependencies]. Details - ImportResultOutputID=4dbbcc7f9e6529c4b90ad126f3278aea DependenciesID=da7c7ddbf009cce1d140f49430e02c13 StaticDependenciesID=fb6a5ce9c24079701244fc3230921eff 
Start importing Assets/Furniture Mega Pack/Textures/Chairs/Chair22/Chair22_mat_Chair22_AlbedoTransparency.png using Guid(5a8514d62b311564486daf3ccdfba90f) (TextureImporter) -> (Import Result ID: '6f8e79ff44200751cec700264a1126dd') in 0.085256666 seconds [static and dynamic dependencies]. Details - ImportResultOutputID=86afc7f1dde6eb9eef5dfc892554c8e6 DependenciesID=3f95aeb87beb1f0cdf22e35576b0b5eb StaticDependenciesID=cfb8c6e53e8cc0551299845d04a92011 
Start importing Assets/DevDen Arch Viz Scotland/Textures/Kitchen Room/kitchen_1/kitchen_gold_tap_handle_AO.png using Guid(6a941bd47c0e3094da7c870e0fd45295) (TextureImporter)crunched in 0.256576
 -> (Import Result ID: '95cbbe06f18d432643385f85c024d380') in 0.300855167 seconds [static and dynamic dependencies]. Details - ImportResultOutputID=2a72b0bbe944b44dd6549bd0b3bb5fc2 DependenciesID=b5cef04dc6ce293dd35af866d25ed131 StaticDependenciesID=699ed29ed86ce2111c1454b9f164e8ff 
Start importing Assets/DevDen Arch Viz Scotland/Textures/Bathroom/bathroom_shelf/bathroom_shelf_bathroom_shelf_AlbedoTransparency.png using Guid(6a75b00a06e6901469b5a74bd1f5c455) (TextureImporter) -> (Import Result ID: '6e3ebe9a74d0395261eb49ae01f7e3ce') in 0.009775458 seconds [static and dynamic dependencies]. Details - ImportResultOutputID=a41d18f71bd858230d07e9eecaa1ada3 DependenciesID=f4754bca08e691f3c274e8f0e7c91df7 StaticDependenciesID=b8a061bbc5e3e59fd2e6e26a7ff67436 
Start importing Assets/DevDen Arch Viz Scotland/Textures/Environment/inner_wall/inner_wall_bathroom_floor3_AlbedoTransparency.png using Guid(7a55570dc982fdb44afb09eb94a16cc5) (TextureImporter)crunched in 0.070912
 -> (Import Result ID: 'ee8cb37bbb1f6e630a80d692d47298e4') in 0.101443208 seconds [static and dynamic dependencies]. Details - ImportResultOutputID=e08ea82bd0a3db11d1ac8eb5caa65786 DependenciesID=ddc6334c4ddd82e3c137a26701d9e619 StaticDependenciesID=46409b3034017074f41bf33bdca8394f 
Start importing Assets/DevDen Arch Viz Scotland/Textures/Kitchen Room/TOASTER/toaster_toaster_Emission.png using Guid(8a42e35740e806f4c91798e5e72abb27) (TextureImporter) -> (Import Result ID: '7c4a9ad10b31b43d89f6b21b8900faf1') in 0.029605625 seconds [static and dynamic dependencies]. Details - ImportResultOutputID=3b9595a9a268306163b44b79708064bb DependenciesID=419c37df7ed1cf6f63e473c109c38075 StaticDependenciesID=7195ec24d8a29e92fcc17c78bd3e6f39 
Start importing Assets/Furniture Mega Pack/Textures/Chairs/Chair22/Chair22_mat_Chair22_Normal.png using Guid(8a8e98153fefab143b9ced3548d09ae5) (TextureImporter) -> (Import Result ID: 'b4e42c86972e1adac959dc8fc68b9ff9') in 0.089515667 seconds [static and dynamic dependencies]. Details - ImportResultOutputID=ad3f4ff695f5b998e56bf28a8a800f1a DependenciesID=9f6140e8e3db0fb5f90b5f133dbf3a79 StaticDependenciesID=720441440a0e961d102bf959c5944658 
Start importing Assets/DevDen Arch Viz Scotland/Textures/Bathroom/MetalDryer/dry_M_metaldryer_Normal.png using Guid(9a270c255e7dc8e42a89142aa76fe63c) (TextureImporter)crunched in 0.552840
 -> (Import Result ID: 'ce9f8929d003bcb9e5c61bca9d0528a6') in 0.590475083 seconds [static and dynamic dependencies]. Details - ImportResultOutputID=c39c8f4fbeead73203e65654d5b75021 DependenciesID=fd98da78ea312ed99d3bba0c1498a7ad StaticDependenciesID=e1a267ef30b5ffbabf75eb5540bd42ca 
Start importing Assets/Furniture Mega Pack/Textures/Sofas/Sofa01/Sofa01_mat_Sofa01_Normal.png using Guid(aa04e9ec6f86fbd48b9bc68707315941) (TextureImporter) -> (Import Result ID: 'd388e6644f8ad2e30597a6a43c1d5cc0') in 0.095703083 seconds [static and dynamic dependencies]. Details - ImportResultOutputID=749af90152786c720bd82cafaaade902 DependenciesID=cec03c53d3aff0efd3e99ef6353e7cf7 StaticDependenciesID=427d4f75f267aa4c28fcfb8916b055a8 
Start importing Assets/DevDen Arch Viz Scotland/Textures/Living Room/sofa_2/sofa_2_01 - Default_MetallicSmoothness.png using Guid(aa58420c6b1c25c42b52effa028a4045) (TextureImporter)crunched in 0.900639
 -> (Import Result ID: 'b95db171d0faaef3989836297ace6758') in 0.937277708 seconds [static and dynamic dependencies]. Details - ImportResultOutputID=79911f0bacfee113072e3dd8e8a44cab DependenciesID=001ea52e549275df0a5d0d449d35e2a8 StaticDependenciesID=9a354d946d72199a00a150353be312f8 
Start importing Assets/Furniture Mega Pack/Textures/Cushions/Cushion09_16/Cushion09_16_mat_Cushion09_16_AlbedoTransparency.png using Guid(aacfb11e6be273f43ac09f3dd95acb37) (TextureImporter) -> (Import Result ID: '26b3c4f45ef10fcd3752da9844497141') in 0.082454417 seconds [static and dynamic dependencies]. Details - ImportResultOutputID=a5022e499463bb126a60e4189aa31197 DependenciesID=ef41159be682b8ee977a6aadf80e9ea0 StaticDependenciesID=8157f913ebd937796fdbd3811bd3721a 
Start importing Assets/Furniture Mega Pack/Textures/Chairs/Chair50/Chair50_mat_Chair50_Normal.png using Guid(ba42bab65bd39b545ac0f60a5aa2bbc2) (TextureImporter) -> (Import Result ID: '3461935161c306ae288216c21e4d9dc7') in 0.087135125 seconds [static and dynamic dependencies]. Details - ImportResultOutputID=48ea2e5da33c2b814995e48e263cc45e DependenciesID=c8b15609c8b43c2ebf65e64dc655c92d StaticDependenciesID=d30fc08f29b3ccc19622a5e80c2cee9e 
Start importing Assets/Furniture Mega Pack/Textures/Chairs/Chair07/Chair07_mat_Chair07_AlbedoTransparency.png using Guid(baa300fa2ec34dc4c9e14e80b6110d43) (TextureImporter) -> (Import Result ID: 'c8c29abc06995b3176560420e83905df') in 0.056276209 seconds [static and dynamic dependencies]. Details - ImportResultOutputID=9467dc1c3b06cec321d10b57851bb057 DependenciesID=8daa9885bf534affa299a249cbdcc1da StaticDependenciesID=f811e45c701be2d0e9393f01a069694a 
Start importing Assets/DevDen Arch Viz Scotland/Textures/Kitchen Room/Kettle/kitchan mat 2_kitchan_mat_2_Normal.png using Guid(ca645e74acf47474ca711950a586c0ac) (TextureImporter) -> (Import Result ID: '25173b3fe38c3d42ccc0b99b435ee47e') in 0.052379833 seconds [static and dynamic dependencies]. Details - ImportResultOutputID=456db421ed6c4e44cdcd3b672c844f65 DependenciesID=7864bdf861ea9fa2e094f3f7090ef558 StaticDependenciesID=e86e579a38b6966e18d44f62e3d255b2 
Start importing Assets/Furniture Mega Pack/Textures/Chairs/Chair17/Chair17_mat_Chair17_Normal.png using Guid(ca5a24939224264439974e126e82ca6d) (TextureImporter) -> (Import Result ID: '8739b70975e6188c0f6507bee2038074') in 0.069238417 seconds [static and dynamic dependencies]. Details - ImportResultOutputID=26ee60cb94a5c46e10b4972637a09277 DependenciesID=abb37223d86326a13b9c1545006cb2f2 StaticDependenciesID=2107ab119156ff04dd49d8a261d4cd58 
Start importing Assets/DevDen Arch Viz Scotland/Textures/Bed Room/bed/bed_pillow_1_AlbedoTransparency.png using Guid(cafca0e8578edc34ea176d6d19d940cb) (TextureImporter) -> (Import Result ID: '907be0d5af25aa9bf51c7039c721a77b') in 0.030963125 seconds [static and dynamic dependencies]. Details - ImportResultOutputID=e30c016bf758e697aa5d4b12ec0accdd DependenciesID=4f0ac52b6c589fd993fd4047aee4339f StaticDependenciesID=598f071affbd4cd5acc173abfe10f0d9 
Start importing Assets/DevDen Arch Viz Scotland/Textures/Kitchen Room/kitchen_1/kitchen_granite_Normal.png using Guid(cafd52c9b6c429242867225e3a2b34d0) (TextureImporter) -> (Import Result ID: 'f4123a872483b94b6a0373dac7e92bee') in 0.030678416 seconds [static and dynamic dependencies]. Details - ImportResultOutputID=d46c3a71482f1b6f437dfb7a0cd8cb3c DependenciesID=60b11baf75984cfde69758636df5e1a5 StaticDependenciesID=0bfcdce280a5ce296b0bed3e202f3b3f 
Start importing Assets/DevDen Arch Viz Scotland/Textures/Bathroom/bathroom_wall/bathroom_wall_phong1_AlbedoTransparency.png using Guid(eafcc6c2944a80f4a875d500383b4766) (TextureImporter) -> (Import Result ID: 'b5b847b4ab525f79451f4fbc1888fbf0') in 0.021817459 seconds [static and dynamic dependencies]. Details - ImportResultOutputID=bf2e53cbbd44dcdabc45090121b8ce06 DependenciesID=1d5cb58e1fcdfd156a78c5c9b9571488 StaticDependenciesID=20cee3315ccd719498a2d32441d10184 
Start importing Assets/Furniture Mega Pack/Textures/Chairs/Chair31/Chair31_mat_Chair31_Normal.png using Guid(fa330fa8fb372b843a6e553c2a24fe61) (TextureImporter) -> (Import Result ID: '5cf09126fb2ca14ab2a459b8a1db15da') in 0.07375125 seconds [static and dynamic dependencies]. Details - ImportResultOutputID=1b757ebbc7e9dc5affc99a0f83391e4f DependenciesID=02956e7176ee043711c5b0319d2ed4ab StaticDependenciesID=5d1bb551765fdfd7ffacfe4d836c0b33 
Start importing Assets/Furniture Mega Pack/Textures/Sofas/Sofa07/Sofa07_mat_Sofa07_Normal.png using Guid(0b98971312c332046b0356e3e89868b4) (TextureImporter) -> (Import Result ID: '63202ff89f43875ebda6248cf12f4091') in 0.081937834 seconds [static and dynamic dependencies]. Details - ImportResultOutputID=4b1d11ba7a30fca7a3dd84370438f7e6 DependenciesID=d1b0498b17c291dcbc666f44535de105 StaticDependenciesID=af59ba3a1278d5369a9f8e9378129e31 
Start importing Assets/DevDen Arch Viz Scotland/Textures/Kitchen Room/kitchen_1/kitchen_plastic_AlbedoTransparency.png using Guid(0b3a43beac17d694580f4030237a156a) (TextureImporter)crunched in 0.033351
 -> (Import Result ID: '3d709a9a2d5f8bbb791d8f0872ba1a62') in 0.059192959 seconds [static and dynamic dependencies]. Details - ImportResultOutputID=eee0e21fa79274ee3ca8ce9d89916b00 DependenciesID=4bf95ac2592353d15777fe256fcde923 StaticDependenciesID=fdf5ada675e050de7e7ae0be1fee5b37 
Start importing Assets/DevDen Arch Viz Scotland/Textures/Kitchen Room/Kitchen_cupboard_1/kitchen_2_green_wood_AO.png using Guid(0b2ed7c1c530db0479f64dda0ca4debb) (TextureImporter) -> (Import Result ID: '3e9df4857fe5bff8f188c427ab35a111') in 0.011197584 seconds [static and dynamic dependencies]. Details - ImportResultOutputID=148c040d4d519c673b8c91e0f01fa367 DependenciesID=ccdca4a93ab2238beb1578fb669052b2 StaticDependenciesID=b623cade126ab5d2370b3da297b289fc 
Start importing Assets/DevDen Arch Viz Scotland/Textures/Study Room/lamp/Lamp_emission_MetallicSmoothness.png using Guid(1bc5376626a585e4db53b59028288c82) (TextureImporter)crunched in 0.058584
 -> (Import Result ID: 'd140f7a14b341ef7643337166a8c8153') in 0.082389958 seconds [static and dynamic dependencies]. Details - ImportResultOutputID=7dc404f5a169d2147b10386f13b472a7 DependenciesID=ca62ff2294d010ad3a052418d49d0545 StaticDependenciesID=5c00be775b5937dabee2b9279aa36f72 
Start importing Assets/Furniture Mega Pack/Textures/Chairs/Chair23/Chair23_mat_Chair23_AlbedoTransparency.png using Guid(1bcafd5ea83e86a488765691048201ee) (TextureImporter) -> (Import Result ID: 'e9fac1b84ed13c2dd06afab6e15b79df') in 0.078686541 seconds [static and dynamic dependencies]. Details - ImportResultOutputID=9cbdc4f4641cfe5d80090100948352bf DependenciesID=d5cbd1dba9ab6b841b700adad136b065 StaticDependenciesID=32b0410a7b44a61fe21f5ae2b8eb5a82 
Start importing Assets/DevDen Arch Viz Scotland/Textures/Common/door and handle/door and handles_handle_AlbedoTransparency.png using Guid(1b2e44b0bff9d504fb917ca84556d95b) (TextureImporter) -> (Import Result ID: '333b6dfe424c50e4dfd77ae4aca036c3') in 0.008598875 seconds [static and dynamic dependencies]. Details - ImportResultOutputID=8c5bb4852d2837d15df89563c620c69a DependenciesID=d1779b35805dd8998407f50cca444b1a StaticDependenciesID=531a7c9700e345c0ad41a3aa5cebb307 
Start importing Assets/Furniture Mega Pack/Textures/Sofas/SectionalSofaLeather/SectionalSofaLeather_mat_SectionalSofaLeather_MetallicSmoothness.png using Guid(1b1ff26637f7c034084abaf31bf5ba3b) (TextureImporter) -> (Import Result ID: 'fa3aa9d738bec2a8f083dc10a8936aef') in 0.059344125 seconds [static and dynamic dependencies]. Details - ImportResultOutputID=6e98ac7249e52cd8a14c2bf6aff40dda DependenciesID=fc4018cdabcb81dd3d70b1ee92917745 StaticDependenciesID=d2b3619df5dcc7be83bb1122d3bf74f2 
Start importing Assets/DevDen Arch Viz Scotland/Textures/Kitchen Room/Fridge/frifge_green_wood_AlbedoTransparency.png using Guid(2bcba6116ea4d2542a4893ca59caca75) (TextureImporter) -> (Import Result ID: 'c88826ed6511eeb44800a4e2ddb09243') in 0.03043425 seconds [static and dynamic dependencies]. Details - ImportResultOutputID=7b7de5c0ba620ee378a5298d46afb43a DependenciesID=a1c6d8da29122c32c8392407c78f669b StaticDependenciesID=c0c6bcf4727f8ca41d2a55b971763934 
Start importing Assets/Furniture Mega Pack/Textures/Chairs/Chair11/Chair11_mat_Chair11_MetallicSmoothness.png using Guid(2bceeb64f577c464682e7f4999fae902) (TextureImporter) -> (Import Result ID: '57905a4c306ac75d96bb8d354b7f4caf') in 0.059192292 seconds [static and dynamic dependencies]. Details - ImportResultOutputID=ea0fbf0b8918be9ddc09378e068cec86 DependenciesID=ad3434e203672b30f97e7dc370eb230d StaticDependenciesID=3cdbcb8b537444082b1ab0a5839d65f4 
Start importing Assets/Furniture Mega Pack/Textures/Chairs/Chair35/Chair35_mat_Chair35_MetallicSmoothness.png using Guid(2b2fc9938c224e348a55fba8242e9f57) (TextureImporter) -> (Import Result ID: '51ce3dcffadbc16cb83777f860110971') in 0.059066791 seconds [static and dynamic dependencies]. Details - ImportResultOutputID=dbe0794b7c943e013b2aa8ff837252e1 DependenciesID=7242f283cb007e3d775e32ac9e60f5ed StaticDependenciesID=83db89093ceb8fb7119a10cc7deee1ba 
Start importing Assets/Furniture Mega Pack/Textures/Sofas/Sofa04/Sofa04_mat_Sofa04_AlbedoTransparency.png using Guid(3b018c426512bb943b6996bb0698af8e) (TextureImporter) -> (Import Result ID: 'a2668f7b42de2d43ccfdb6813d0877a0') in 0.076089916 seconds [static and dynamic dependencies]. Details - ImportResultOutputID=f14d22f7d9054864dae4231f54e55b8f DependenciesID=f1678160524634604217b1319b0569cb StaticDependenciesID=79f1c769ffe3a618d9d4fb4ea5fcd54f 
Start importing Assets/DevDen Arch Viz Scotland/Textures/Balcony/balcony_mat/balcony_mat_balcony_mat1_MetallicSmoothness.png using Guid(3ba1670be3dab3d45be9c524f70a84ce) (TextureImporter)crunched in 0.391576
 -> (Import Result ID: 'ef00003f686184137be6ddb482393d23') in 0.420919875 seconds [static and dynamic dependencies]. Details - ImportResultOutputID=c60cec4554463c262ad34796818040ee DependenciesID=d0f53ae88a0c4b9f97ea1f4d8f1da328 StaticDependenciesID=2e0b881e0504d5265945a7088c1e3f8d 
Start importing Assets/DevDen Arch Viz Scotland/Textures/Bed Room/bedside_table/bedside_table_bedside_Normal.png using Guid(3b5bf737e2169604c8a8e8a86b280f05) (TextureImporter) -> (Import Result ID: '802a21ce8c82abbeb650bfbd1c2f535d') in 0.014433791 seconds [static and dynamic dependencies]. Details - ImportResultOutputID=f5cf78f6fb76c1a77102edd0100fcdf5 DependenciesID=71131d6e0ed72d1b054db7aa334eb6ab StaticDependenciesID=06b8de4dfa57e7a4a8c47df8adc7d919 
Start importing Assets/Furniture Mega Pack/Textures/Cushions/Cushion41_48/Cushion41_48_mat_Cushion41_48_AlbedoTransparency.png using Guid(3b6f7cdd41952db428c935efffbca4fe) (TextureImporter) -> (Import Result ID: '6e0f8ef260855a5f7ce8ef6d593e6e3d') in 0.089958708 seconds [static and dynamic dependencies]. Details - ImportResultOutputID=bbc37b6ec4bb86089ebc4c0278f49863 DependenciesID=eaf60438c123cd3e769c51239df1d10c StaticDependenciesID=4fb6187dd4fea858b5f261dff3ec8178 
Start importing Assets/DevDen Arch Viz Scotland/Textures/Bathroom/TolPaper/tolpaper_DefaultMaterial_Normal.png using Guid(4b95452cb10e54b4caad151dee71c3e1) (TextureImporter) -> (Import Result ID: '246cf563c73f6387b35cfda94af05940') in 0.021339917 seconds [static and dynamic dependencies]. Details - ImportResultOutputID=d2fa19e238d12ecc92215ed0936b4b62 DependenciesID=d26c1b0e9d811a95b8bb49eee70c673a StaticDependenciesID=83701cf52c6b6be92d4cef11adf66734 
Start importing Assets/DevDen Arch Viz Scotland/Textures/Bed Room/BedsideLamp/bedside_lamp_bed_lamp_glass1_Normal.png using Guid(4bdd656cd96ebf64a8302432cb85dd52) (TextureImporter) -> (Import Result ID: 'af0b6e059ff08ebf4d4d86cc5890756f') in 0.007481291 seconds [static and dynamic dependencies]. Details - ImportResultOutputID=312bedd14cc1ef7b91e2e0ee4f41e980 DependenciesID=bb6ce990ed6e3532e0bc31c522dce9be StaticDependenciesID=daf9886158b62a43a2c243bcf250547a 
Start importing Assets/DevDen Arch Viz Scotland/Textures/Balcony/balconY_tacle/balcony_table_balcony_table_2_AO.png using Guid(5bcf64982ce2eb54fbe7290ca71859dd) (TextureImporter) -> (Import Result ID: '2042dd8b3c20b071d0184929e3b37bdf') in 0.012578708 seconds [static and dynamic dependencies]. Details - ImportResultOutputID=df0dd42187de197e478d4701da6cab80 DependenciesID=316c8dad738b9ef68d3ec463de60cb7f StaticDependenciesID=9cc66971b28b5d2d4da9e87a8078e67b 
Start importing Assets/Furniture Mega Pack/Textures/Chairs/Chair06/Chair06_mat_Chair06_MetallicSmoothness.png using Guid(6b710ef9056286f4c82e533b39fae05c) (TextureImporter) -> (Import Result ID: 'ce6271ceb30733e46f5735768481ae0c') in 0.054437958 seconds [static and dynamic dependencies]. Details - ImportResultOutputID=690c04e6ba9920ef770cd01bb0278390 DependenciesID=f39eaedb16e5f00ed43dfa5c9f0e727f StaticDependenciesID=9daa8efcd1481313a7556227aee43b3e 
Start importing Assets/DevDen Arch Viz Scotland/Textures/Living Room/Laptop/laptop_DefaultMaterial_AlbedoTransparency.png using Guid(6be40161fae38214ca96ca167b699bd2) (TextureImporter)crunched in 0.325073
 -> (Import Result ID: '14e9e6843592129d1b97ab58edff1dd1') in 0.461697042 seconds [static and dynamic dependencies]. Details - ImportResultOutputID=39af35130982469e2f6fdf629b464882 DependenciesID=ee471c14101e895b81f3a76a552112f2 StaticDependenciesID=cae105e93c41ab60b7cc97d778676230 
Start importing Assets/Furniture Mega Pack/Textures/Chairs/Chair01/Chair01_mat_Chair01_Normal.png using Guid(6b85a4a38bd41664cbc595bdaddd5556) (TextureImporter) -> (Import Result ID: 'eb6fdc5576e9d857289168961c7ee17f') in 0.0801105 seconds [static and dynamic dependencies]. Details - ImportResultOutputID=727e7392c9b53541b0096b1d85be5986 DependenciesID=c96aa605bbd8394f0e6352a000cc2686 StaticDependenciesID=4d5dad6b49b4de76996682fa854f5aae 
Start importing Assets/DevDen Arch Viz Scotland/Textures/Bed Room/bedside_carpet/carpet_carpet_Normal.png using Guid(6bf5265d5115f4f43b9c23f0d05b908a) (TextureImporter) -> (Import Result ID: 'eb94a5894695359b607c158242f5b719') in 0.016989958 seconds [static and dynamic dependencies]. Details - ImportResultOutputID=04eb071a28945cf157239c847e0b91ae DependenciesID=49fbd4ee78a564998aff0cc30b2e2d35 StaticDependenciesID=727f89df88337e4829da88de59c317ec 
Start importing Assets/DevDen Arch Viz Scotland/Textures/Common/Interior_props/StudyRoom_BG1.png using Guid(6bb6cecd65d0d4a4fa4c47bf01346043) (TextureImporter) -> (Import Result ID: '69d3c45cefef21daa9719da60b599fa5') in 0.062126125 seconds [static and dynamic dependencies]. Details - ImportResultOutputID=c20b55bbc0efd9a79c5d9c08cdaf12d3 DependenciesID=fe131f1fbef4bfe54d4bbbc1eeb1792a StaticDependenciesID=c82a2a10d912ef5532290876271fda4a 
Start importing Assets/DevDen Arch Viz Scotland/Textures/Common/Plate/plate_1_plate_1_AO.png using Guid(6b9ab15ddc4f02448a69fa5bac961458) (TextureImporter) -> (Import Result ID: '27edb8c72c523310166290a5e8e0a229') in 0.033917167 seconds [static and dynamic dependencies]. Details - ImportResultOutputID=f28eae99fa87074c2ce64c88e727015c DependenciesID=535081a2c13d85bd9b1b0c43b1b9c8b1 StaticDependenciesID=64def6fe603c3d9127eebec14977ec92 
Start importing Assets/DevDen Arch Viz Scotland/Textures/Kitchen Room/kitchen_1/kitchen_gold_tap_handle_MetallicSmoothness.png using Guid(6bcb2ff529ad53b46bd9e2b12eede7eb) (TextureImporter)crunched in 0.057648
 -> (Import Result ID: '1702481cbd344479eb25dc1b2e727a5c') in 0.082061125 seconds [static and dynamic dependencies]. Details - ImportResultOutputID=0e29c8025a14967a6db1676992042db6 DependenciesID=640783183bbab796e77b4d5c7ccb81d1 StaticDependenciesID=0cdf4283ad4aaaeaef7beef4dc142c4c 
Start importing Assets/DevDen Arch Viz Scotland/Textures/Kitchen Room/Kettle/kitchan mat 2_kitchan_mat_2_MetallicSmoothness.png using Guid(7b59817a2a26f344480de7e1aa95c715) (TextureImporter) -> (Import Result ID: '559d253936517d76b72f27b6ef179674') in 0.045957416 seconds [static and dynamic dependencies]. Details - ImportResultOutputID=4ad9af0ce152fd188079caf454d1281a DependenciesID=d2de9f372f39e97be19f549b80c0c67c StaticDependenciesID=fc9c566a87aaeb03ffaf875c33368433 
Start importing Assets/DevDen Arch Viz Scotland/Textures/Balcony/balcony/balcony_balcony_metal_MetallicSmoothness.png using Guid(7b5d2cffcbd7e2c40bee1af6f3d102dc) (TextureImporter)crunched in 0.059788
 -> (Import Result ID: '4e00c5edec1040e4dea4463190b76f97') in 0.085873667 seconds [static and dynamic dependencies]. Details - ImportResultOutputID=7f362b95738c7105919af3371fbe8109 DependenciesID=c1790967960aa7547f859e6fde8dc54b StaticDependenciesID=4cf6f7d5b3270aadc8c0fac7fda7c9cb 
Start importing Assets/Furniture Mega Pack/Textures/Chairs/Chair25/Chair25_mat_Chair25_MetallicSmoothness.png using Guid(9bd7ab9241e0648468cea2e2546a82ca) (TextureImporter) -> (Import Result ID: '42a341fd669607a4c431db4b9db18b56') in 0.061652208 seconds [static and dynamic dependencies]. Details - ImportResultOutputID=318535f9c0315d6c59168f5b33748ad7 DependenciesID=bf30ba0ec873cdf839fe83adcb3779a0 StaticDependenciesID=546d933a47483fad588f0b58bf41349d 
Start importing Assets/DevDen Arch Viz Scotland/Textures/Bathroom/bathroom_shelf/bathroom_shelf_bathroom_shelf_MetallicSmoothness.png using Guid(abe1e05553436304b86ee2f326fa6c6b) (TextureImporter) -> (Import Result ID: 'de2e3f2f4098592e940e360b29da51a4') in 0.007691625 seconds [static and dynamic dependencies]. Details - ImportResultOutputID=c632d40a953a22722a607ec6c46b7919 DependenciesID=fd75bf4e67d9ef824c664b26cf6a5ea9 StaticDependenciesID=41456dee7caa7e9e5bd2d89bcd0cadde 
Start importing Assets/DevDen Arch Viz Scotland/Textures/Kitchen Room/side_piece/side_piece_marble_MetallicSmoothness.png using Guid(ab540dedf6d59d84c9ceddedef5f3b98) (TextureImporter)crunched in 0.058996
 -> (Import Result ID: 'ec0ad8c0ea7b57e7b6e46ab114184cbd') in 0.084666333 seconds [static and dynamic dependencies]. Details - ImportResultOutputID=429157fc29106013c029090f525874f2 DependenciesID=08087bc0afd4f373eb5786dd1dae5fed StaticDependenciesID=783667fb0340b3932c194eec3ce4b188 
Start importing Assets/Furniture Mega Pack/Textures/Cushions/Cushion29_36/Cushion29_36_mat_Cushion29_36_Normal.png using Guid(ab77e313cf4538b43950bab4405a6858) (TextureImporter) -> (Import Result ID: '92f5559ac9d90859cccc86f96fa6e447') in 0.076529084 seconds [static and dynamic dependencies]. Details - ImportResultOutputID=7d61add5efca7dd4ec73109447dd1753 DependenciesID=7b6b04e6a3669b728f48cd05b363d8e1 StaticDependenciesID=bd0213d9c4d21681733acb2bfdbc84fb 
Start importing Assets/Furniture Mega Pack/Textures/Chairs/Chair18/Chair18_mat_Chair18_AlbedoTransparency.png using Guid(abbf003f57d094747bf581f03e8c732f) (TextureImporter) -> (Import Result ID: '91f42e18b3c29a59ed7ffdb86ef47187') in 0.059563125 seconds [static and dynamic dependencies]. Details - ImportResultOutputID=e53378ba0c3169381dd23c9e9104ffd7 DependenciesID=dea0471682b8331cf578a9a7fc253fae StaticDependenciesID=b39f42f751507ff7e4db92d738f1cc1b 
Start importing Assets/DevDen Arch Viz Scotland/Textures/Common/CUTLERY/Cutlery FBX_Cutlery_AO.png using Guid(bb77ee54b14657d428c19d0ad9a8e891) (TextureImporter) -> (Import Result ID: '93dce8d669f52ab070b199e8a9d25ea1') in 0.011298958 seconds [static and dynamic dependencies]. Details - ImportResultOutputID=6c720802376471021027e1e38195645b DependenciesID=4db3dc033ecd8b8e27ef83f4e68a035e StaticDependenciesID=0aec1176b7403dc0530ae126b0f41f70 
Start importing Assets/DevDen Arch Viz Scotland/Textures/Environment/inner_wall/inner_wall_pattern_wall_Normal.png using Guid(bb2998f7ef8b59e40b36a084bec64065) (TextureImporter)Compressing using quality level 255
Compressing using quality level 255
Compressing using quality level 255
Compressing using quality level 255
Compressing using quality level 255
Compressing using quality level 255
Compressing using quality level 255
Compressing using quality level 255
Compressing using quality level 127
Compressing using quality level 255
Compressing using quality level 255
Compressing using quality level 255
Compressing using quality level 255
Compressing using quality level 255
Compressing using quality level 255
Compressing using quality level 255
Compressing using quality level 255
Compressing using quality level 255
Compressing using quality level 255
Compressing using quality level 255
Compressing using quality level 255
Compressing using quality level 255
Compressing using quality level 127
Compressing using quality level 255
Compressing using quality level 255
Compressing using quality level 255
Compressing using quality level 255
Compressing using quality level 255
Compressing using quality level 127
Compressing using quality level 255
Compressing using quality level 255
Compressing using quality level 255
Compressing using quality level 255
Compressing using quality level 255
Compressing using quality level 255
Compressing using quality level 255
Compressing using quality level 255
Compressing using quality level 255
Compressing using quality level 255
Compressing using quality level 255
Compressing using quality level 255
Compressing using quality level 255
Compressing using quality level 255
Compressing using quality level 255
Compressing using quality level 255
Compressing using quality level 255
Compressing using quality level 255
Compressing using quality level 255
Compressing using quality level 255
Compressing using quality level 255
Compressing using quality level 255
Compressing using quality level 255
Compressing using quality level 255
Compressing using quality level 255
Compressing using quality level 255
Compressing using quality level 255
Compressing using quality level 255
Compressing using quality level 255
Compressing using quality level 255
Compressing using quality level 255
Compressing using quality level 255
Compressing using quality level 255
Compressing using quality level 255
Compressing using quality level 255
Compressing using quality level 255
Compressing using quality level 255
Compressing using quality level 255
Compressing using quality level 255
Compressing using quality level 255
Compressing using quality level 255
Compressing using quality level 255
Compressing using quality level 255
Compressing using quality level 255
Compressing using quality level 127
Compressing using quality level 255
Compressing using quality level 255
Compressing using quality level 255
Compressing using quality level 255
Compressing using quality level 255
Compressing using quality level 255
Compressing using quality level 255
Compressing using quality level 255
Compressing using quality level 255
Compressing using quality level 255
Compressing using quality level 255
Compressing using quality level 255
Compressing using quality level 255
Compressing using quality level 255
Compressing using quality level 255
Compressing using quality level 255
Compressing using quality level 255
Compressing using quality level 255
Compressing using quality level 255
Compressing using quality level 255
Compressing using quality level 255
Compressing using quality level 255
Compressing using quality level 255
Compressing using quality level 255
Compressing using quality level 255
Compressing using quality level 255
Compressing using quality level 255
Compressing using quality level 255
Compressing using quality level 255
Compressing using quality level 255
Compressing using quality level 255
Compressing using quality level 255
Compressing using quality level 255
Compressing using quality level 255
Compressing using quality level 255
Compressing using quality level 255
Compressing using quality level 255
Compressing using quality level 255
Compressing using quality level 255
Compressing using quality lecrunched in 0.095449
 -> (Import Result ID: '971d96f9a2ceceb14b3de1731026d7b9') in 0.141733583 seconds [static and dynamic dependencies]. Details - ImportResultOutputID=e5c3391ba086152fe423eb1763ee312f DependenciesID=93def08421ddb06b0c80a3ec792c8e94 StaticDependenciesID=54aeb699e458cad8d70ef0072d58a736 
Start importing Assets/DevDen Arch Viz Scotland/Textures/Balcony/balconY_tacle/balcony_table_balcony_table_2_MetallicSmoothness.png using Guid(bb3f0aff4313aca49bbe514638826b95) (TextureImporter) -> (Import Result ID: '68cbc896814f5fd0e4991d160f195b94') in 0.015672708 seconds [static and dynamic dependencies]. Details - ImportResultOutputID=7c4be28d09b1652118432771be2ba4a1 DependenciesID=c1202d08a75fe30d67f1336d5bb254e6 StaticDependenciesID=8aba2fc16b0a809a7dbd714e6a848317 
Start importing Assets/DevDen Arch Viz Scotland/Textures/Bed Room/Photo_stand/fotostand_fotostand_AO.png using Guid(cba17a7df55557b47a530ea7dbe507b4) (TextureImporter) -> (Import Result ID: '2345a628de981bee0117f4d947b99bd4') in 0.008632584 seconds [static and dynamic dependencies]. Details - ImportResultOutputID=5ab5209c0589c06fe579ed1b9f735236 DependenciesID=057a2e0acf0e9d5fac444909a89a9575 StaticDependenciesID=b9dcc4197669ca8fc3a57440a2e6c1c2 
Start importing Assets/DevDen Arch Viz Scotland/Textures/Kitchen Room/side_piece/side_piece_marble_AlbedoTransparency.png using Guid(cba5243a3236f634395774718b521522) (TextureImporter)crunched in 0.294886
 -> (Import Result ID: '88edc51a722abb8027f0e858937aca7b') in 0.360322333 seconds [static and dynamic dependencies]. Details - ImportResultOutputID=db9c91e789774c1d07eff4a26f8da7f3 DependenciesID=df29d29c751f97fb1ccb209008dc7943 StaticDependenciesID=9335082e2b027c5a11a5115fc80d9d27 
Start importing Assets/DevDen Arch Viz Scotland/Textures/Kitchen Room/kitchen/induction-hob_albedo.png using Guid(cb9a5494c15a0e8489ba2cb673853ef5) (TextureImporter) -> (Import Result ID: '07c014271c078a8a242e85c4f530af76') in 0.104464583 seconds [static and dynamic dependencies]. Details - ImportResultOutputID=14889ce296ae721bc67795ae54868ff1 DependenciesID=dd0a63421eb7adcece2217684f8f85e3 StaticDependenciesID=540d9d6ce6befb552f72f761ce81637e 
Start importing Assets/DevDen Arch Viz Scotland/Textures/Common/door and handle/door and handles_handle_MetallicSmoothness.png using Guid(cb1e9e8de6604724ba77e4cb5bfefc03) (TextureImporter) -> (Import Result ID: 'e4fe25e608a3b55ecf7e2502d2cd0f3b') in 0.008243083 seconds [static and dynamic dependencies]. Details - ImportResultOutputID=aff9e225cae64776dbd17530bb8a12d4 DependenciesID=f8f8f2d6de06c4721dfa540b4fdb0463 StaticDependenciesID=c4ff3c6c59c2cf5285bc3ab9ae94cf91 
Start importing Assets/DevDen Arch Viz Scotland/Textures/Environment/inner_wall/inner_wall_bathroom_wall3_MetallicSmoothness.png using Guid(ebc3c585308c9ce44be708c0aa5a488d) (TextureImporter)crunched in 0.058163
 -> (Import Result ID: 'c9a70d4a5bfbfb919306eb51e94787ab') in 0.083423625 seconds [static and dynamic dependencies]. Details - ImportResultOutputID=1989987e32ab49c1e677b864f7b831fd DependenciesID=65f5eadb67eb650512423f3ee6f559a1 StaticDependenciesID=fd91effb30b9a05b84fe44b97820370d 
Start importing Assets/Furniture Mega Pack/Textures/Chairs/Chair11/Chair11_mat_Chair11_Normal.png using Guid(eba75fcc8557f634fae976b448a82d79) (TextureImporter) -> (Import Result ID: '5ed0e8867e8bdf946f3fd0ffcc02f852') in 0.087667417 seconds [static and dynamic dependencies]. Details - ImportResultOutputID=b24e8dee93c052983bbe00eca94210bb DependenciesID=9af393cdbd6870216bf78959087c1dcf StaticDependenciesID=f56be2148809b6c0923da5a3b8255021 
Start importing Assets/DevDen Arch Viz Scotland/Textures/Bed Room/dressing_mirror/dresing_mirror_dressing_mirror1_AlbedoTransparency.png using Guid(fb1608cb2f96cd9409082c113ecb98a8) (TextureImporter)crunched in 0.339256
 -> (Import Result ID: 'f80ad70f9691d771e49b2d4e419453b5') in 0.3933375 seconds [static and dynamic dependencies]. Details - ImportResultOutputID=e4d238b7a222fd980840b2b68df94dcf DependenciesID=720a771f4165f880d683fa22dbdf2ecc StaticDependenciesID=4633b61d2165de49dc50b7120550f5bb 
Start importing Assets/DevDen Arch Viz Scotland/Textures/Kitchen Room/kitchen_1/kitchen_plastic_Normal.png using Guid(fbe67d2a438dea449abe2cb4daf020e0) (TextureImporter)crunched in 0.096780
 -> (Import Result ID: 'd2b96e1671834f715be6a7803e715de6') in 0.143588542 seconds [static and dynamic dependencies]. Details - ImportResultOutputID=77de4c672b981a5108a6264f9002cee5 DependenciesID=018a9f4eb037a0da45c46f7a2ee17d6a StaticDependenciesID=e74f39ccf4e4ff8c252cf1e0884cf9c4 
Start importing Assets/DevDen Arch Viz Scotland/Textures/Kitchen Room/kitchen_1/kitchen_chimini_Normal.png using Guid(fb6a7d5dca41e8244852648f45e3c1fc) (TextureImporter)crunched in 0.588118
 -> (Import Result ID: '7315a30e27a858f9d3ed354b86691f88') in 0.643468625 seconds [static and dynamic dependencies]. Details - ImportResultOutputID=e8e16b650ac1f6c57479b4d6ba828c66 DependenciesID=bd5c57368761bc474c2003513ee5ec77 StaticDependenciesID=f65fd6110174c40e7001ab9bdb457baf 
Start importing Assets/DevDen Arch Viz Scotland/Textures/Environment/inner_wall/inner_wall_studyroom_floor3_MetallicSmoothness.png using Guid(0c402d580e7dd5b4f989b8fb35438512) (TextureImporter)crunched in 0.058249
 -> (Import Result ID: 'cc81582cfdf3f03c49952ae075b9147b') in 0.082394917 seconds [static and dynamic dependencies]. Details - ImportResultOutputID=f948b18bbc09a9cc1e8e9ad4135f675a DependenciesID=e8615931d95258a7e3d3f21eb08276bc StaticDependenciesID=b4b38937366763fcbf478089361af543 
Start importing Assets/DevDen Arch Viz Scotland/Textures/Balcony/balconY_tacle/balcony_table_balcony_table_2_Normal.png using Guid(0c659d62b198f7b4eb86a092de2de1b6) (TextureImporter) -> (Import Result ID: '9e6f951e27bf3e6f507aeb9227db7eb4') in 0.019000625 seconds [static and dynamic dependencies]. Details - ImportResultOutputID=70cdc25872a60eae7173dd0dee708b03 DependenciesID=7507973b672cc973c4eb7e3eaad2d72f StaticDependenciesID=1bd16df068979a3fef04e1370c546b79 
Start importing Assets/DevDen Arch Viz Scotland/Textures/Bed Room/foto_frame_2/Painting_Small_C_Paintings_House_AlbedoTransparency.png using Guid(0c9959615b8ecfb489e120f6373b3b53) (TextureImporter)crunched in 0.154044
 -> (Import Result ID: '7c6d1a9267f9d7f1768830100a29018e') in 0.18562375 seconds [static and dynamic dependencies]. Details - ImportResultOutputID=e0cfb56cca2bfe2aa6be75ad124132af DependenciesID=e110cce8948775151e5c3adbfb957431 StaticDependenciesID=886462d8be22caef159054334951751e 
Start importing Assets/Furniture Mega Pack/Textures/Sofas/Sofa02/Sofa02_mat_Sofa02_AlbedoTransparency.png using Guid(1cb039800ec3ad142b84f484a3890e82) (TextureImporter) -> (Import Result ID: 'c2cf5c3319cdb561986ce099497d5356') in 0.080283958 seconds [static and dynamic dependencies]. Details - ImportResultOutputID=bb7c18e0c85aef50f513df21abe5ef83 DependenciesID=6b61e34c5adaeeae85cf7d1da0c2347b StaticDependenciesID=f15f8a534c56be26777b2180189a371d 
Start importing Assets/Furniture Mega Pack/Textures/Chairs/Chair22/Chair22_mat_Chair22_MetallicSmoothness.png using Guid(1c943f83a7c2da9488eb795bb3b2dc5c) (TextureImporter) -> (Import Result ID: '00416b1a11c210b9ad22517c3fbfd8fe') in 0.043622083 seconds [static and dynamic dependencies]. Details - ImportResultOutputID=80d4f71282dd28ec430bc48d0ec211a6 DependenciesID=b348f0eae371ad605388e0ac3697cfbf StaticDependenciesID=522a1306bdec2991d6b2639db774048c 
Start importing Assets/Furniture Mega Pack/Textures/Chairs/Chair14/Chair14_mat_Chair14_AlbedoTransparency.png using Guid(1c099e58766014d4099bd0245019a72b) (TextureImporter) -> (Import Result ID: 'e7f191c5e55ffacc3ce22c05c5d468b9') in 0.074888 seconds [static and dynamic dependencies]. Details - ImportResultOutputID=d4f68e66c4c4cb28c2cb5c88574ec930 DependenciesID=83af042093b34a2ad22eed9cafaf4f33 StaticDependenciesID=71bdbc74c560b3b1b3d0a9e21cec4422 
Start importing Assets/DevDen Arch Viz Scotland/Textures/Kitchen Room/fridge_2/frifge_green_wood_AO.png using Guid(1cc9c922e2cd35b469ea55415eb7fb31) (TextureImporter) -> (Import Result ID: '4475a4201f60a2a62e6db0e55553810d') in 0.040748708 seconds [static and dynamic dependencies]. Details - ImportResultOutputID=398f0c101aa4f464459cb4b25e96da35 DependenciesID=b30a00e3a90d0fae1393950b6a694850 StaticDependenciesID=31175acc5075dae189d3ef13bfc9954b 
Start importing Assets/DevDen Arch Viz Scotland/Textures/Common/door and handle/door and handles_door1_Normal.png using Guid(2cb287600c0482443aebf5d150be4a8a) (TextureImporter) -> (Import Result ID: 'ac9d8fe5334c25b4cae90df3621c3daa') in 0.014382542 seconds [static and dynamic dependencies]. Details - ImportResultOutputID=e5c0352caa441f2d4a980107609f2e19 DependenciesID=927df7b52bfd1495e49443830ef24093 StaticDependenciesID=39fd56720b215b2d0905db2705f0f915 
Start importing Assets/Furniture Mega Pack/Textures/Sofas/Sofa06/Sofa06_mat_Sofa06_Normal.png using Guid(2c93235e2ae025d479d1300a8e1bc2b5) (TextureImporter) -> (Import Result ID: 'd12b44446a741a5379675cb8b228b476') in 0.086735875 seconds [static and dynamic dependencies]. Details - ImportResultOutputID=0b859f8c043c15b8b974a63f2c48f54c DependenciesID=4da5a95d6bfd785000ad29844a3254b9 StaticDependenciesID=a26de72b77ae006f77eacd1b7c5090d8 
Start importing Assets/DevDen Arch Viz Scotland/Textures/Kitchen Room/kitchen_1/kitchen_granite_MetallicSmoothness.png using Guid(2cf404bd9c7de0a43a36e2e8cc20ebc8) (TextureImporter)crunched in 0.058513
 -> (Import Result ID: '4f4f35f87c6a6f2966f50e615d7ab8e6') in 0.082993042 seconds [static and dynamic dependencies]. Details - ImportResultOutputID=7f7158f4276326cf668e2a9f3a3bc451 DependenciesID=d170e49edfb57f27b92c002a5bd80b38 StaticDependenciesID=3418cb5cdc6a8ba94c66b3a0de09a21a 
Start importing Assets/Furniture Mega Pack/Textures/Chairs/Chair45/Chair45_mat_Chair45_MetallicSmoothness.png using Guid(2c06be1848a79ea40a764bc0f6546bef) (TextureImporter) -> (Import Result ID: '8ec0eb4d81af51c789e0640b716e62ba') in 0.052992875 seconds [static and dynamic dependencies]. Details - ImportResultOutputID=64cb251cefc749b4f71b1895592e9b1d DependenciesID=b6a59e546c0c5567687c33011500d6cd StaticDependenciesID=0c9fc5c9b94649a7d836360f35d77784 
Start importing Assets/DevDen Arch Viz Scotland/Textures/Kitchen Room/Kettle/kitchan mat 2_kitchan_mat_2_BaseColor 1.png using Guid(2c66e4d8c8389714e9f6d0bf3662dc0d) (TextureImporter) -> (Import Result ID: '75a9944a8c18b5cd975b235b5903268f') in 0.031514375 seconds [static and dynamic dependencies]. Details - ImportResultOutputID=061511a4a8e7efc1b33392d7edc65d99 DependenciesID=07a4de525da6d084a1591a9011ffa937 StaticDependenciesID=623b0b10cf5b97a79cdff11a0004bc7f 
Start importing Assets/DevDen Arch Viz Scotland/Textures/Kitchen Room/kitchen_1/kitchen_steel_Normal.png using Guid(2c8d1101204a8d247b09ad157296a32e) (TextureImporter)crunched in 0.232098
 -> (Import Result ID: '83ae5294a883814554720b0c4d3f4d82') in 0.280213833 seconds [static and dynamic dependencies]. Details - ImportResultOutputID=b22985e998d59373ddc0ea0170af596f DependenciesID=040ee0e2eb8162dd05312b668c0ecadd StaticDependenciesID=7be5bd5c248d91138e2f17d60ed894f4 
Start importing Assets/DevDen Arch Viz Scotland/Textures/Common/SmallObj/dish-rack_metal.png using Guid(3c885b6e032a8cc4bb9dd92b2330a919) (TextureImporter) -> (Import Result ID: 'a8c8e369334aaa24a5da5af38bd2c7d7') in 0.076615708 seconds [static and dynamic dependencies]. Details - ImportResultOutputID=22401354299c74cd728538d079652414 DependenciesID=b2b086b2ca311d6ce86427f61b15fc78 StaticDependenciesID=f252a1c18af0d8d52cf42b9b545955f6 
Start importing Assets/DevDen Arch Viz Scotland/Textures/Kitchen Room/Chopboard/Chopboard_AlbedoTransparency.png using Guid(4c580cbca28347b4abbeab184f9f34e4) (TextureImporter) -> (Import Result ID: '3f94cc73a7055e9ce4f75494891a2559') in 0.077488167 seconds [static and dynamic dependencies]. Details - ImportResultOutputID=e524ede367c1d643d2c2ad31b2448182 DependenciesID=ab21b2d5b20620c707bfaeac91e17d59 StaticDependenciesID=b44e93e36d246b2dc861dea712be3226 
Start importing Assets/Furniture Mega Pack/Textures/Chairs/Chair33/Chair33_mat_Chair33_Normal.png using Guid(4c3c8a1acee70e946bafa2a694ea6d44) (TextureImporter) -> (Import Result ID: 'd54174d0b1ad6ebca0cda8bfa7963c09') in 0.072828542 seconds [static and dynamic dependencies]. Details - ImportResultOutputID=a81f66022841e32e22396cfac876ef0a DependenciesID=ae6f47445d673f250d819f4ff606235f StaticDependenciesID=66d77e87f729c4b16ecfbd3d9beffc6c 
Start importing Assets/Furniture Mega Pack/Textures/Chairs/Chair44/Chair44_mat_Chair44_MetallicSmoothness.png using Guid(4c2f4b4aea047b347b5f82c951851d5c) (TextureImporter) -> (Import Result ID: 'f5512b9abf471b8208850a89108d8728') in 0.047138 seconds [static and dynamic dependencies]. Details - ImportResultOutputID=4de23089a2c73936123e8d4953204114 DependenciesID=b78239bad84e3c2770e692e984c737d4 StaticDependenciesID=239792438abc441998ab9681634a43fa 
Start importing Assets/DevDen Arch Viz Scotland/Textures/Environment/Floor Texture/floor mat 1_MetallicSmoothness.png using Guid(5ce156708b17b44428056ab5d9d0a2fc) (TextureImporter) -> (Import Result ID: 'c0e13815031785eb62032cdded9fd51a') in 0.05051725 seconds [static and dynamic dependencies]. Details - ImportResultOutputID=2724e225e28d3d50bc8464835f919f75 DependenciesID=4310cc7bbfd1b0b3272afa230b6b4603 StaticDependenciesID=73b476aa89526260d8edac50bf17749a 
Start importing Assets/DevDen Arch Viz Scotland/Textures/Kitchen Room/fridge_2/frifge_gold_tap_handle_MetallicSmoothness.png using Guid(5c493aef3ad07a44f9c220d17723e593) (TextureImporter)crunched in 0.058691
 -> (Import Result ID: '3951323807d03ac1dfeb232df62cb7d3') in 0.0841065 seconds [static and dynamic dependencies]. Details - ImportResultOutputID=fbbf50a12ab0e8e2fd6b54e8a3443309 DependenciesID=c52f1bd3b432a9f4753b66f1f3242092 StaticDependenciesID=cf97217278d21a60ff4406946147b186 
Start importing Assets/DevDen Arch Viz Scotland/Textures/Common/SmallObj/knives_albedo.png using Guid(5c6b90a1d19312e4eb418e2e2265db1b) (TextureImporter) -> (Import Result ID: '616cace13b818506e6507b34ace314ec') in 0.043119917 seconds [static and dynamic dependencies]. Details - ImportResultOutputID=a30b21c3a664fde0d03714814292681f DependenciesID=02fc7f183aaad4b0f8798d2de8cb4da4 StaticDependenciesID=ba11798f173f19cac4ff499ff2851a86 
Start importing Assets/DevDen Arch Viz Scotland/Textures/Dining Room/dinning_chair/dinning_chair_dinning_chair_cusion_AlbedoTransparency.png using Guid(6cab6c5ee4cba5c41896747291b1efb0) (TextureImporter)crunched in 0.137668
 -> (Import Result ID: '2e266da503da2be53a9cd483dfa7a68c') in 0.170010958 seconds [static and dynamic dependencies]. Details - ImportResultOutputID=ad57f4670bc02497d428c3f80b2dfb15 DependenciesID=5a86371ba7b73362bb9533d91d8d5775 StaticDependenciesID=7e190a57b71f3c2406eb329a331aa9f3 
Start importing Assets/DevDen Arch Viz Scotland/Textures/Kitchen Room/kitchen_1/kitchen_chimini_AlbedoTransparency.png using Guid(6cbf23cdb383eb544ac9801a70b21215) (TextureImporter)crunched in 0.196598
 -> (Import Result ID: '61e8fb54c790f09480fcd4eb3a00bd18') in 0.231682625 seconds [static and dynamic dependencies]. Details - ImportResultOutputID=c8c216d9c83d00c892e5adf6e29a4a4a DependenciesID=b08a48945528c6433befa828e0480a31 StaticDependenciesID=d0831f7ddbbd983c9b92f824b5edf55a 
Start importing Assets/DevDen Arch Viz Scotland/Textures/Kitchen Room/fridge_2/frifge_gold_tap_handle_AO.png using Guid(7cab24b8ed9fb3243a30ecea5e94ebea) (TextureImporter)crunched in 0.227624
 -> (Import Result ID: '7e32611a7b583a3cdeb9068e56d12354') in 0.268946792 seconds [static and dynamic dependencies]. Details - ImportResultOutputID=b5b8dbea58884a171339eaf76015f725 DependenciesID=8516fa94056b1ca97764292d5b6f4fd7 StaticDependenciesID=ca8b7de3e1f5e91dcf0212838f17888b 
Start importing Assets/DevDen Arch Viz Scotland/Textures/Bathroom/Washbasin/washbasin_M_washbasin_MetallicSmoothness.png using Guid(8c1084842f8e4e74ba89bcb7f31eb332) (TextureImporter)crunched in 0.058327
 -> (Import Result ID: '39f1e88368fc6421a02fd40422facad7') in 0.084355584 seconds [static and dynamic dependencies]. Details - ImportResultOutputID=6727e47f563b42ea2db4ed8e557d0dec DependenciesID=4b2992701a3a0424c5ab94ece4c7000f StaticDependenciesID=53cb8efb159a9217da7a29a5675daa8c 
Start importing Assets/DevDen Arch Viz Scotland/Textures/Kitchen Room/side_piece/side_piece_metal_AO.png using Guid(8c139b359bf227f41995423911d61f2b) (TextureImporter)crunched in 0.067807
 -> (Import Result ID: '325419f451c9c59832661282d2b6d3f6') in 0.096862 seconds [static and dynamic dependencies]. Details - ImportResultOutputID=136c13be75deb3478d8cfa7ca09d4445 DependenciesID=b30e471ef473dbb4aaa0f43a76580380 StaticDependenciesID=06caedceb743952ae803b7f4add10c7b 
Start importing Assets/Furniture Mega Pack/Textures/Chairs/Chair40/Chair40_mat_Chair40_Normal.png using Guid(8cf6ac53278dc1c429f8085ec4ce2231) (TextureImporter) -> (Import Result ID: '6ffc0cc307a25fdec3136462d19ce613') in 0.085437459 seconds [static and dynamic dependencies]. Details - ImportResultOutputID=1929ee7b5561ecddf198d0f68f4656d9 DependenciesID=bb688fd93853ff56f838e26379beab9f StaticDependenciesID=8dbce01379263fe6571c9680e2bf8ab3 
Start importing Assets/DevDen Arch Viz Scotland/Textures/Bed Room/bedside_table/bedside_table_bedside_MetallicSmoothness.png using Guid(8cdae928c4083e541aa0f6f8767977bd) (TextureImporter) -> (Import Result ID: '90c9060977afcd29ce3c9692ea79adff') in 0.008065 seconds [static and dynamic dependencies]. Details - ImportResultOutputID=5792af102433556373a699c6b3edc9da DependenciesID=f776608630f24c461a1b64a74d6c4935 StaticDependenciesID=545e8550aefc6620a90ff3510d365c5c 
Start importing Assets/Furniture Mega Pack/Textures/Chairs/Chair42/Chair42_mat_Chair42_Normal.png using Guid(8c4f9a28a601d5c4d99a8075de8f87c1) (TextureImporter) -> (Import Result ID: '60b9747f2adbc60b8614f429ae3b14a9') in 0.0954425 seconds [static and dynamic dependencies]. Details - ImportResultOutputID=f8df2824170389b55dbfea05cc605389 DependenciesID=f019b8c2986b88d5ea38bf9ce248de0a StaticDependenciesID=823b0a7b384b5ea7299016c0925b2821 
Start importing Assets/DevDen Arch Viz Scotland/Textures/Common/Interior_props/CommonCeramic04_Metallic.png using Guid(9c71c482486617b43b075640bf61e24d) (TextureImporter) -> (Import Result ID: 'c21fcd54351a5923d2ffe81e4f632e43') in 0.01033275 seconds [static and dynamic dependencies]. Details - ImportResultOutputID=68635eef58674d7d23038bf7f88eff48 DependenciesID=7fbea1d21f04853697216fe8496e8957 StaticDependenciesID=240c15a7cb72b66a84234e3c7a341639 
Start importing Assets/DevDen Arch Viz Scotland/Textures/Balcony/balcony_mat/balcony_mat_balcony_mat1_Normal.png using Guid(9c93b8adf4e8ae141a1513c59b90c8d3) (TextureImporter) -> (Import Result ID: '83caa57cd17a60bedf579688eec6a90a') in 0.018917167 seconds [static and dynamic dependencies]. Details - ImportResultOutputID=6953f3995ba52dc13a2148f9bd878c07 DependenciesID=111ee77d5fee2da8dc909176b5ec8982 StaticDependenciesID=22815896756ba766472b0fd66bc3b35b 
Start importing Assets/DevDen Arch Viz Scotland/Textures/Environment/inner_wall/inner_wall_inner_roof3_MetallicSmoothness.png using Guid(9cf60c5deb150b440b283ca78ca1298f) (TextureImporter)crunched in 0.059609
 -> (Import Result ID: '6236849338b768d80f83d9941c595931') in 0.083945916 seconds [static and dynamic dependencies]. Details - ImportResultOutputID=29035766478f04ba0ea53fdab7af64f1 DependenciesID=a604a22ed7128e8269f0932f277f6508 StaticDependenciesID=a1767829afd1ad0cbf5fd2091a42f434 
Start importing Assets/Coconut Palm Tree Pack/Textures/Parts/Palm_Brush_diffuse.psd using Guid(9cd8cff609aaf234f946e620c14ffb05) (TextureImporter) -> (Import Result ID: '4a4ae689f4c064c5c9d46174896bdeec') in 0.006671333 seconds [static and dynamic dependencies]. Details - ImportResultOutputID=0db52d93dfcd4b8efad08f277ac32585 DependenciesID=9262fa778b0a47603f027115bba11751 StaticDependenciesID=01571b3292e30e02197e5f0909bad47b 
Start importing Assets/DevDen Arch Viz Scotland/Textures/Environment/inner_wall/inner_wall_bathroom_wall3_AlbedoTransparency.png using Guid(acf5d89131f228541a2df8cd64f78f21) (TextureImporter)crunched in 0.035685
 -> (Import Result ID: '8c99911eb39180f23874444fb0d4dce2') in 0.063214958 seconds [static and dynamic dependencies]. Details - ImportResultOutputID=93c6996eb9ef99287f195db585f82cc1 DependenciesID=4767ce24d65f5ac2a0832aae62e7db1a StaticDependenciesID=85a3d0462519cd70540e2ef0cff37dc7 
Start importing Assets/DevDen Arch Viz Scotland/Textures/Environment/inner_wall/inner_wall_studyroom_floor3_AlbedoTransparency.png using Guid(acda089edf6420a40b1d692df2a5bb8b) (TextureImporter)crunched in 0.324486
 -> (Import Result ID: '3c17485025abbf14f911087725f58abe') in 0.380453917 seconds [static and dynamic dependencies]. Details - ImportResultOutputID=1786824ca9534e0db932027e9c9b7895 DependenciesID=e47186937cb02ae3cba542479036eb11 StaticDependenciesID=be66bcb3de66c3f1809fbaaa2943cdce 
Start importing Assets/DevDen Arch Viz Scotland/Textures/Bathroom/Toilet_wood/3_toilet_wood1_AlbedoTransparency.png using Guid(ac7d0fcc0dd62ad42a6ecb88f20001af) (TextureImporter) -> (Import Result ID: '3b75d885b4311d6fc614daca851a6e04') in 0.031098375 seconds [static and dynamic dependencies]. Details - ImportResultOutputID=d9d2c14081079ffe6a90e693088a9b29 DependenciesID=16ab0ca7862b9a032b0ec56ecef4a5d4 StaticDependenciesID=d68a0d32b6f28f266bd49e677236451c 
Start importing Assets/DevDen Arch Viz Scotland/Textures/Living Room/TV_Panels/TV_Panels_DefaultMaterial_MetallicSmoothness.png using Guid(cc0b531b2194b5c4ca3f837f58e5fe24) (TextureImporter) -> (Import Result ID: '0486b441648fc5967ae5509d4898abb1') in 0.022009625 seconds [static and dynamic dependencies]. Details - ImportResultOutputID=4427b15a96339f425e339fed2864d491 DependenciesID=9b5b6de594fb16c59394f75ab98e92c5 StaticDependenciesID=cb527ad62aff12c7aec5a8e6de67c151 
Start importing Assets/DevDen Arch Viz Scotland/Decals/Loading.png using Guid(dce6d135a871c6947a238e0fa913df6d) (TextureImporter) -> (Import Result ID: '77f0daf7c95b4d592ef5e10f7d355d92') in 0.013628584 seconds [static and dynamic dependencies]. Details - ImportResultOutputID=a2fcff7c0d9f37e379dc4d8b5958a5bd DependenciesID=08aa525a6f9f592b1496eeddbb9fb5b1 StaticDependenciesID=887a30652b1f58cd36360d4860a80c18 
Start importing Assets/DevDen Arch Viz Scotland/Textures/Bed Room/foto_frame_2/Painting_Small_C_Paintings_House_MetallicSmoothness.png using Guid(dca8fad145677a64180c6b3c860a52e0) (TextureImporter)crunched in 0.075987
 -> (Import Result ID: 'cd3023071b0785edf5daa5c3cdc42c80') in 0.103065458 seconds [static and dynamic dependencies]. Details - ImportResultOutputID=466d55af0cb59388b7e344dc7f6e8333 DependenciesID=a53aa9e335f651d7a8d2039f072357c6 StaticDependenciesID=c7c3b986803ea7418e78813c8f503b36 
Start importing Assets/SubstanceAssets/LittleGamesPack/Textures/GamePieces/GamePieces_Base_color.png using Guid(dc5957f23a73e0945b24147f3c4d999e) (TextureImporter) -> (Import Result ID: '055fd292b0d7381a46ce8314fbb1cce5') in 0.227043334 seconds [static and dynamic dependencies]. Details - ImportResultOutputID=b67eff5d015b11fe7afaac6a7cb1ffbb DependenciesID=d1d3f94daf4c1d1e458c41dc843a4fd9 StaticDependenciesID=6988294a93de9371d64993312dd6117c 
Start importing Assets/DevDen Arch Viz Scotland/Textures/Bed Room/foto_frame_3/Painting_StandPhoto_A_Paintings_House_MetallicSmoothness.png using Guid(dcc9603c7098f1246b31ee59e2a2f595) (TextureImporter)crunched in 0.076093
 -> (Import Result ID: '79773c48c4c4b600595c579dda1ce0b1') in 0.101260333 seconds [static and dynamic dependencies]. Details - ImportResultOutputID=9449fc4fb132705f30cbf60f92a622ee DependenciesID=757dbbb81e76238f9c143f68cde12a6c StaticDependenciesID=c658373f711b634af8c12664539a0e31 
Start importing Assets/DevDen Arch Viz Scotland/Textures/Dining Room/dinning_chair/dinning_chair_dinning_chair_cusion_MetallicSmoothness.png using Guid(dc3f60655212b2c49a9d910c982ae382) (TextureImporter)crunched in 0.523767
 -> (Import Result ID: '82a8d70653902a4fe1f3b819c929fd8c') in 0.561597875 seconds [static and dynamic dependencies]. Details - ImportResultOutputID=f8cc5c999d3a37d733647a3e5a9fe01f DependenciesID=8264fffe6d26e8399ee3533ca51c43e7 StaticDependenciesID=95c62876148cf3a527d532003ebb3476 
Start importing Assets/DevDen Arch Viz Scotland/Textures/Environment/inner_wall/inner_wall_livingroom_wall3_AlbedoTransparency.png using Guid(0da59cf034d961142bb2d3372d6bb4d2) (TextureImporter)crunched in 0.036930
 -> (Import Result ID: '6bd3631c5347b73fc8f874cd2033af30') in 0.065463583 seconds [static and dynamic dependencies]. Details - ImportResultOutputID=349f95557894306b8f4db7ffa15be521 DependenciesID=83046512e0ff63f9010530a92ec4eb6c StaticDependenciesID=6b12c60517f5a44c4ac57727bff2693e 
Start importing Assets/DevDen Arch Viz Scotland/Textures/Common/AirConditioner/airconditioner_DefaultMaterial_AlbedoTransparency.png using Guid(0d1bac4f67c1eb54f823c112010fffdb) (TextureImporter) -> (Import Result ID: '2683f8162e8d6d7de5e44b2248889f5a') in 0.044895958 seconds [static and dynamic dependencies]. Details - ImportResultOutputID=0647d876e35205b19ff6944a77f6c530 DependenciesID=f392c21a49120ec9918551848be70ea8 StaticDependenciesID=08642bf72232309617a7d3f8a325c17c 
Start importing Assets/Coconut Palm Tree Pack/Textures/Parts/Coconut_Palm_Tree_Bark_gloss.tif using Guid(0dffe2fc5737be3488eaaf8dc423a082) (TextureImporter) -> (Import Result ID: '38c9d91664d36c7d2d73c3e8dfa02c44') in 0.003122542 seconds [static and dynamic dependencies]. Details - ImportResultOutputID=7baa95fa53ab1ca6c93ffa62ab102a82 DependenciesID=ba14c2d063c9ec049b41300d8fd13ea7 StaticDependenciesID=c116a10ba94f8092492005e61d5f24cf 
Start importing Assets/DevDen Arch Viz Scotland/Textures/Dining Room/dinning_table/dinning_table_dinning_table_AlbedoTransparency.png using Guid(1d709e610a9a7a84b861528642820e61) (TextureImporter) -> (Import Result ID: '7f9b7c5504223b6b26d31b118770617b') in 0.031410708 seconds [static and dynamic dependencies]. Details - ImportResultOutputID=a9985d4678dbae18d107c9e37ab5e1eb DependenciesID=61c60f8f5c8b2d520b083ecb198acdea StaticDependenciesID=a9326ea6c199bfd2e6ba22d23ac1d445 
Start importing Assets/DevDen Arch Viz Scotland/Textures/Common/Magazine/magazine.png using Guid(2de3e05a3087a9b4aad5fe6b0cd8d85e) (TextureImporter) -> (Import Result ID: '1fe7627b93e218ae71a9d9461a733c7c') in 0.0573165 seconds [static and dynamic dependencies]. Details - ImportResultOutputID=8fe94119299c2566a2be78569bdb58ea DependenciesID=1dd4b7b911a1b8c177a47a317cb404ec StaticDependenciesID=1b93ac7426bb3cc66bbfb17f607580eb 
Start importing Assets/DevDen Arch Viz Scotland/Textures/Living Room/Remotecontrol/RemoteControl_DefaultMaterial_MetallicSmoothness.png using Guid(3d49719a21ab2b84a94f40bec83e168b) (TextureImporter) -> (Import Result ID: '9454244623c960101198f87e0d203d04') in 0.011936416 seconds [static and dynamic dependencies]. Details - ImportResultOutputID=3dbcdf1092c33b9f5bf3509779b2ec98 DependenciesID=aec2649db02c7d71ef169e57ef5cbca0 StaticDependenciesID=e6c983eaeb68a51e0abd0db340d5da40 
Start importing Assets/DevDen Arch Viz Scotland/Textures/Environment/inner_wall/inner_wall_studyroom_floor3_Normal.png using Guid(3dcddbe66fa875b40b5d1595d83b63aa) (TextureImporter)crunched in 0.097335
 -> (Import Result ID: 'df5df9e69be58f9f3212421eaeb19522') in 0.144306709 seconds [static and dynamic dependencies]. Details - ImportResultOutputID=d0455a43d0a2c45fc721633dd536be11 DependenciesID=914724eaf16259ca867ae3975c462814 StaticDependenciesID=76bd09cccf0b1c0251048c74dec27066 
Start importing Assets/DevDen Arch Viz Scotland/Decals/Tree.png using Guid(4dd0f42ece144f344a2fe5addcfe5fb6) (TextureImporter) -> (Import Result ID: '0b1be2122ab8d76c6c77a9c482227fd1') in 0.02366425 seconds [static and dynamic dependencies]. Details - ImportResultOutputID=52a93a62a7cb5a0e6bc5d390647f6661 DependenciesID=6b4e04b61ecfa1bf3072411ac2e31530 StaticDependenciesID=2aba6a273cbc044be4c30382919e5a2b 
Start importing Assets/DevDen Arch Viz Scotland/Textures/Kitchen Room/kitchen_1/kitchen_steel_MetallicSmoothness.png using Guid(4dda7d7da7941dd42a8c831d8cdfe308) (TextureImporter)crunched in 0.056675
 -> (Import Result ID: 'f24fbbd6b505436a28c02b770a9b9886') in 0.082857541 seconds [static and dynamic dependencies]. Details - ImportResultOutputID=ada8f9d64cd466d55a633efcf331689b DependenciesID=8a2e1bec2fd296b5ae10f9c2ae863f66 StaticDependenciesID=af0d1aa5bd859059caaedb823863d821 
Start importing Assets/DevDen Arch Viz Scotland/Textures/Bed Room/Photo_stand/fotostand_fotostand_AlbedoTransparency.png using Guid(5dec7a41482d1004998f96b6db19ed72) (TextureImporter) -> (Import Result ID: '8d9e93d793b2a75672cbebc26dc04a30') in 0.015843208 seconds [static and dynamic dependencies]. Details - ImportResultOutputID=a8f6c66963e24aa7bc884e28b4ddbaa4 DependenciesID=816a43ab5deb910604fb7e9f706fe762 StaticDependenciesID=f3ba43e0a2091c3aa23864fcd8c03aba 
Start importing Assets/DevDen Arch Viz Scotland/Textures/Environment/inner_wall/inner_wall_glass_wall_glass4_Normal.png using Guid(5d7ff50e00d195141af8de4ca256bea9) (TextureImporter)crunched in 0.098331
 -> (Import Result ID: '3f5c2f357158dcc873121e32d8254073') in 0.147097583 seconds [static and dynamic dependencies]. Details - ImportResultOutputID=ca8b3b1c944d5fd4908643b33c9ca2d2 DependenciesID=aee8b4d15965cae4b7c15fc8021e3e20 StaticDependenciesID=d67557be68da9b6e42422460074f9f00 
Start importing Assets/Furniture Mega Pack/Textures/Sofas/Sofa09/Sofa09_mat_Sofa09_MetallicSmoothness.png using Guid(6de0b52ffb0fd604ab15b4276a594da8) (TextureImporter) -> (Import Result ID: '56f859f7c04b84e97e42d94638cd23e7') in 0.059047375 seconds [static and dynamic dependencies]. Details - ImportResultOutputID=14c0b1b6010e06a18aff6176b3352c4c DependenciesID=39aebf36a63608f5cde0fd1fba50af00 StaticDependenciesID=4eedb9c17b495d0bf8ba3ea9eb0c89a9 
Start importing Assets/Furniture Mega Pack/Textures/Chairs/Chair29/Chair29_mat_Chair29_MetallicSmoothness.png using Guid(6de528eebfbe7f6429fa31ae869bff83) (TextureImporter) -> (Import Result ID: '58bc168a3525bba5877395be6bddf68d') in 0.062115208 seconds [static and dynamic dependencies]. Details - ImportResultOutputID=db506a311e1442058c63857abdf1ebd3 DependenciesID=7b4881f26e250dfe02f77add1f5716c2 StaticDependenciesID=f5b8de45d1de9c96f6074429f2620a3f 
Start importing Assets/DevDen Arch Viz Scotland/Textures/Study Room/shelf/shelf_shelf1_AO.png using Guid(6d16bea45375e664fb602c230ec8664b) (TextureImporter) -> (Import Result ID: 'ced5fc6672a0dd52008aeca24f151667') in 0.010241875 seconds [static and dynamic dependencies]. Details - ImportResultOutputID=d70183d388776bd550b130cb09c3458f DependenciesID=7acdc6275c12dc0cf259793079db0645 StaticDependenciesID=6e34914022abd2e5db88df8a23b6872e 
Start importing Assets/Furniture Mega Pack/Textures/Chairs/Chair33/Chair33_mat_Chair33_MetallicSmoothness.png using Guid(7d742fd48c44f7d49b74dba9c8ed5982) (TextureImporter) -> (Import Result ID: '754a0dc2b359db18e50332a457513ecb') in 0.05377325 seconds [static and dynamic dependencies]. Details - ImportResultOutputID=23a7617c8c54f4e94c6b689faf267428 DependenciesID=c08f58bfdd4be069b2466978ebbb12b4 StaticDependenciesID=397f848e16eed1591eabb367e70a0c09 
Start importing Assets/Coconut Palm Tree Pack/Textures/Parts/Palm_Brush_gloss.png using Guid(7d86926c175021744956548284febc35) (TextureImporter) -> (Import Result ID: 'b53ab6ea66348517fb308d4f23beeaee') in 0.001845792 seconds [static and dynamic dependencies]. Details - ImportResultOutputID=4c6d3da7e2b18e384b8b0ac7c5ab02ea DependenciesID=6481e7a1a1ba603d9eb8e4a2d344ffe1 StaticDependenciesID=66aa022567f6b373d7197bbd380d2664 
Start importing Assets/DevDen Arch Viz Scotland/Textures/Bathroom/towel_2/2_toilet_wood_1_AO.png using Guid(7d98f732efaa39c4ca33d826b7cd8f73) (TextureImporter)crunched in 0.179449
 -> (Import Result ID: '03f5076a71f4fc079f3d8629ca38db9f') in 0.21556025 seconds [static and dynamic dependencies]. Details - ImportResultOutputID=53f72b4f06bcf64e32a3bf90a11b0413 DependenciesID=7e2f66ffa63c856be78a138e719a6fb4 StaticDependenciesID=d3ea4742d26a58bd2bf73fc2d0352d97 
Start importing Assets/DevDen Arch Viz Scotland/Textures/Kitchen Room/kitchen_1/kitchen_granite_AlbedoTransparency.png using Guid(7dd89ec9fb9191b469d2933db14a81b4) (TextureImporter)crunched in 0.230780
 -> (Import Result ID: '40f3acd0481f16af20e4165a5d48f22e') in 0.275389334 seconds [static and dynamic dependencies]. Details - ImportResultOutputID=a7cf52aafc8701c7a482cea0b748964a DependenciesID=bcf1faf11324ff9f043ae367a00770ee StaticDependenciesID=c4cd2e57e0500531ad1871e7a0cca7cf 
Start importing Assets/DevDen Arch Viz Scotland/Textures/Study Room/study_chair/CHair2_study_chairI_Leg_Normal.png using Guid(7d1e01d7a7d835140b426d515b9dc00e) (TextureImporter) -> (Import Result ID: '123096087e96c74c2e072b3f58d977a1') in 0.014749958 seconds [static and dynamic dependencies]. Details - ImportResultOutputID=63e9014e36fa4e9eaa9315ff008c436d DependenciesID=38b64a8cb2238bd097d1f6f52d332a86 StaticDependenciesID=9b447c1d0a71bdd17d8069176bda9d10 
Start importing Assets/Furniture Mega Pack/Textures/Chairs/Chair32/Chair32_mat_Chair32_AlbedoTransparency.png using Guid(8d968404d40b6d848a55cc4f09638fc3) (TextureImporter) -> (Import Result ID: 'a3ef6b2361ac24bf419f6eb9e81250d0') in 0.06634425 seconds [static and dynamic dependencies]. Details - ImportResultOutputID=bc27e95d943611cbe98c63255635d1df DependenciesID=da52251d14ecec0f2a0e9bf62d41b6d0 StaticDependenciesID=e52e13217accd7b8adffb305c40b9c35 
Start importing Assets/Coconut Palm Tree Pack/Textures/Parts/Coconut_Palm_Tree_Bark_normal.tif using Guid(8d17c3e5418f938499dc4e55fdbc4f3f) (TextureImporter) -> (Import Result ID: 'da6f3c606147294ddd0e815f1af82633') in 0.010031792 seconds [static and dynamic dependencies]. Details - ImportResultOutputID=9411033a7401b78f3c64971bc4a1fa88 DependenciesID=3f31f8c074c39d957bcfcf136675479a StaticDependenciesID=8b2709ce2c0112d987d22a13fdadd9be 
Start importing Assets/DevDen Arch Viz Scotland/Textures/Bathroom/Toilet/toilet_DefaultMaterial_AlbedoTransparency.png using Guid(9d21e1c8c01aeba459d40f5b171ded0e) (TextureImporter)crunched in 0.131132
 -> (Import Result ID: '54dd2d155ffe76d8d5fe70edcd8c58d3') in 0.162455 seconds [static and dynamic dependencies]. Details - ImportResultOutputID=80e1487ca279fe505589936fca6140ef DependenciesID=c3657bb20da3360e7333676d04184d9b StaticDependenciesID=55b177a5f6caa1e6c4a7d88f8710c103 
Start importing Assets/Furniture Mega Pack/Textures/Chairs/Chair02/Chair02_mat_Chair02_AlbedoTransparency.png using Guid(9da28a00fd8b5f042b73b83e8a73b7a0) (TextureImporter) -> (Import Result ID: '43227e052bb83444d78660c4dfd25bc4') in 0.075673791 seconds [static and dynamic dependencies]. Details - ImportResultOutputID=384378d996a85871419ad80364ebe45c DependenciesID=f4e26c0afc317e0dbef022006577c3f3 StaticDependenciesID=794bfa4dbbc8dd646c525815a2e9d347 
Start importing Assets/Furniture Mega Pack/Textures/Sofas/Sofa06/Sofa06_mat_Sofa06_MetallicSmoothness.png using Guid(9deaa74da1dc56442a501a37c667b446) (TextureImporter) -> (Import Result ID: '6115bb849b4c50f3ee995029dde44377') in 0.052748625 seconds [static and dynamic dependencies]. Details - ImportResultOutputID=7467b60c5f8f0140ea4914ce1439bb2f DependenciesID=9c2937d63d60223911922fe3ff720a92 StaticDependenciesID=c00a5ed3ebad1ba3db5e3f64cb11f253 
Start importing Assets/Furniture Mega Pack/Textures/Chairs/Chair10/Chair10_mat_Chair10_MetallicSmoothness.png using Guid(adc5f8c2033c2144fb39a8997df1c429) (TextureImporter) -> (Import Result ID: '38addb60b1c07581fa75b72aeeb6c170') in 0.067786417 seconds [static and dynamic dependencies]. Details - ImportResultOutputID=286876d2db71ea47c0b5ac3c10972ac5 DependenciesID=fd4915f0f26e584f60346d1869ff80c6 StaticDependenciesID=92d76c469d721d4a7ac6776fc23bb1df 
Start importing Assets/DevDen Arch Viz Scotland/Textures/Bed Room/bedside_table/bedside_table_bedside_AlbedoTransparency.png using Guid(bd1b9241d38ce9f4bbabe990d1b70ba8) (TextureImporter) -> (Import Result ID: 'bc28aa3da38c93ec0eb7674034120acd') in 0.019105708 seconds [static and dynamic dependencies]. Details - ImportResultOutputID=d9844765e755ae6e4c33712bc2595d66 DependenciesID=db62c1bc9b804c1506b6f9a94e2f533d StaticDependenciesID=14da552428da55c5e723d91a338cc027 
Start importing Assets/DevDen Arch Viz Scotland/Textures/Study Room/study_chair/CHair2_study_chairI_Leg_MetallicSmoothness.png using Guid(cd3d8680bc52b454b82d95cff07c5854) (TextureImporter) -> (Import Result ID: 'faad287ceb9fd7ea85b7a127e0f2e74b') in 0.008209292 seconds [static and dynamic dependencies]. Details - ImportResultOutputID=1d98adda6105893b6707cfca1cde80fd DependenciesID=a63b4f9aeb3b5ba9a2b5f3492a18bfcb StaticDependenciesID=c0322b534e1ab69e4bfdfa59d782bb25 
Start importing Assets/DevDen Arch Viz Scotland/Textures/Kitchen Room/kitchen_1/kitchen_switch1_Normal.png using Guid(cd6f742edd21d284b8fca7af447d60d4) (TextureImporter)crunched in 0.083583
 -> (Import Result ID: '547504bfa7eae94882af1e0754b16d30') in 0.130261959 seconds [static and dynamic dependencies]. Details - ImportResultOutputID=bb15fb6467947f9bb659b7df811f5ebd DependenciesID=af7eb2ab086f5514d09666e358cc703c StaticDependenciesID=b9a4dbe63c6074fbb7335a567070f32f 
Start importing Assets/DevDen Arch Viz Scotland/Textures/Study Room/study_chair/CHair2_study_chair_seat_AlbedoTransparency.png using Guid(dd8bda90e5be68144af0f35f7215d04d) (TextureImporter) -> (Import Result ID: 'ed8eea61b01caf58b41a80869a0157e2') in 0.009777958 seconds [static and dynamic dependencies]. Details - ImportResultOutputID=6249b656d494fda52e68df2954141084 DependenciesID=5802a9f077912a78de0d54f8006ad6f7 StaticDependenciesID=bdc8427873b3894e03e1bd511c5cb715 
Start importing Assets/DevDen Arch Viz Scotland/Textures/Dining Room/dinning_chair/dinning_chair_dinning_chair_cusion_Normal.png using Guid(fd642fcaff78afd4abff45f184affe52) (TextureImporter) -> (Import Result ID: 'efabccf4456b738aef9a7242556161fc') in 0.031978 seconds [static and dynamic dependencies]. Details - ImportResultOutputID=580b800cd2c047eefc1484de3a4d46c9 DependenciesID=9395db953fceda77eeffa5a649e758b7 StaticDependenciesID=b3b7c41c9bc2f7afa0765a1ddb673794 
Start importing Assets/DevDen Arch Viz Scotland/Textures/Kitchen Room/Knife Holder/Knife Holder_AO.png using Guid(fd3a15ac2c4278b47bc2ac86448352e2) (TextureImporter) -> (Import Result ID: '65e2e3e551f49373ecf4245ab5b16925') in 0.065497959 seconds [static and dynamic dependencies]. Details - ImportResultOutputID=9558b1cc2c0d8fa322d248363b708bb9 DependenciesID=fef5b6ab3dc1dbcf35f7c234298d5951 StaticDependenciesID=c9a89b200cb08ae9ef2c17b231889f8a 
Start importing Assets/DevDen Arch Viz Scotland/Textures/Kitchen Room/CoffeeMachine/coffeemachine_DefaultMaterial_AlbedoTransparency_2.png using Guid(0e663a7fdf280ce4380525cfd6d0c948) (TextureImporter) -> (Import Result ID: 'adcd3edda6fd0e0d221c60f11b63e933') in 0.044997875 seconds [static and dynamic dependencies]. Details - ImportResultOutputID=3649f7d23de72bb5ce50efe931d6f010 DependenciesID=cf4a4040cca262b4aaec78e3fce811c3 StaticDependenciesID=d58434c727426e15c10dc02cffa362ee 
Start importing Assets/DevDen Arch Viz Scotland/Textures/Living Room/tea_table/Tea Table_teatable_Normal.png using Guid(0e0e6603664a7fc4bad533e04d8b3320) (TextureImporter) -> (Import Result ID: '8856b36b13c3b54d8e5d75b83df3ae81') in 0.012914834 seconds [static and dynamic dependencies]. Details - ImportResultOutputID=0f770b62d4385208410b497639b50258 DependenciesID=c1546b6f254ade1ac4ea8311bb578dc2 StaticDependenciesID=375ce9c9b6af8c69937be9c5b318ff68 
Start importing Assets/Furniture Mega Pack/Textures/Cushions/Cushion37_40/Cushion37_40_mat_Cushion37_40_AlbedoTransparency.png using Guid(0e9eb91b9402d0f4e99febc03cc49c92) (TextureImporter) -> (Import Result ID: '96d8a9114598447195ea2c7e9fa177a2') in 0.070639209 seconds [static and dynamic dependencies]. Details - ImportResultOutputID=a0858936a110f6d4ba176e1f39582333 DependenciesID=59fd6a4af1987b67caef5e41b1dff764 StaticDependenciesID=fa9b67ccf8a8a56ee8e832d4e6c98686 
Start importing Assets/DevDen Arch Viz Scotland/Textures/Study Room/lamp/Lamp_emission_Normal.png using Guid(1e54f4ce274a8c948896d6b57f2a9b2b) (TextureImporter)crunched in 0.088294
 -> (Import Result ID: '94d4c4c0aaa23cb3ac29eee929f9502c') in 0.135537416 seconds [static and dynamic dependencies]. Details - ImportResultOutputID=88efefff2c8b076c60c3b3615378c228 DependenciesID=3a74670b54d95eecc637f028edc5ac79 StaticDependenciesID=87467a795fe3066dde74427c8e2afd4d 
Start importing Assets/DevDen Arch Viz Scotland/Textures/Study Room/shelf/shelf_shelf1_Normal.png using Guid(1ed9d382a740a7542b031e20fbc1ff22) (TextureImporter) -> (Import Result ID: '1ce1ed0d6f41acf53c6e3b760d1af62e') in 0.018885375 seconds [static and dynamic dependencies]. Details - ImportResultOutputID=84ba43a2baaef1141d4ae996b0be09cc DependenciesID=518ad38100294ffb40c0a61c438bcd3b StaticDependenciesID=b400771d52a0079fac61d81b14ecda4e 
Start importing Assets/DevDen Arch Viz Scotland/Textures/Dining Room/dinning_chair/dinning_chair_diining_chair_wood_MetallicSmoothness.png using Guid(3ea71fdb0e2aa5141819fc9321ebdc5e) (TextureImporter)crunched in 0.059351
 -> (Import Result ID: '557a59f045e02a800ad5b0ae96b1c329') in 0.085113083 seconds [static and dynamic dependencies]. Details - ImportResultOutputID=066cff3c82d83ec04fefafbee5d1929f DependenciesID=097f3fa7eb44f9db0a293b32935e3f6b StaticDependenciesID=2017bdddf7009cff1bbe53cd846673ff 
Start importing Assets/DevDen Arch Viz Scotland/Textures/Environment/inner_wall/inner_wall_bedroom_wall4_AlbedoTransparency.png using Guid(3ec7224db90d7554c80d4ce75664f6c5) (TextureImporter)crunched in 0.035091
 -> (Import Result ID: '7d6636063a85044446c18808ef4e1470') in 0.062590334 seconds [static and dynamic dependencies]. Details - ImportResultOutputID=ddd16b2cef0d94efb3ec989eaa840f3e DependenciesID=e12b08ed96f26086b23870393060700b StaticDependenciesID=fec843e1298e114df0b192489e625666 
Start importing Assets/Furniture Mega Pack/Textures/Chairs/Chair39/Chair39_mat_Chair39_MetallicSmoothness.png using Guid(5e30260a3154e704cb2df2dbbf30a999) (TextureImporter) -> (Import Result ID: '49d98513b31000b46a1465e75c4ce614') in 0.061473417 seconds [static and dynamic dependencies]. Details - ImportResultOutputID=756a980d7375e960ea7d0c99936e6862 DependenciesID=6db513b35f55f0e2939de249e8f7fcde StaticDependenciesID=a89f6e3054efab7e71acb86a7f64a472 
Start importing Assets/Furniture Mega Pack/Textures/Chairs/Chair44/Chair44_mat_Chair44_AlbedoTransparency.png using Guid(5e7e7f14664b1f54ca5cb2e2a51bfb94) (TextureImporter) -> (Import Result ID: '3edcf562570f41790a36e04fef428f6c') in 0.076202458 seconds [static and dynamic dependencies]. Details - ImportResultOutputID=33f8664b2ecb9c310fd60bb1f93e9a91 DependenciesID=6c5406dd871fea01c342cc9957b21464 StaticDependenciesID=f7ed257b3b688459bc0f7aadb5bbb5fc 
Start importing Assets/DevDen Arch Viz Scotland/Textures/Kitchen Room/Chopboard/Chopboard_MetallicSmoothness.png using Guid(5e4fd2c15cd01c34bbbd6cbe62ce5a12) (TextureImporter) -> (Import Result ID: '4cfefd0fe381f68214a68a04ff218e19') in 0.040358792 seconds [static and dynamic dependencies]. Details - ImportResultOutputID=fcb627fcb126c0077e0697dd1ee96aae DependenciesID=4796e9da0b817f33c3d52d6fb2116d46 StaticDependenciesID=850671adf83a0029788f442fc1fd3c78 
Start importing Assets/DevDen Arch Viz Scotland/Textures/Bed Room/bed/bed_pillow_1_MetallicSmoothness.png using Guid(6e119183276f68747a93993e7306ad1d) (TextureImporter) -> (Import Result ID: 'a2216a63174dda0bfec7d847311278b0') in 0.0325445 seconds [static and dynamic dependencies]. Details - ImportResultOutputID=2539df8c74d742259b65fe27aca03475 DependenciesID=7e8b9b751b46b1cbe88a19107253a222 StaticDependenciesID=b007f7bccac6c844a4553d75279edc02 
Start importing Assets/Furniture Mega Pack/Textures/Sofas/Sofa09/Sofa09_mat_Sofa09_AlbedoTransparency.png using Guid(6e86258ea886543419ab33251974c3ba) (TextureImporter) -> (Import Result ID: '59863d649b11f08839d978cc6d69430f') in 0.083545542 seconds [static and dynamic dependencies]. Details - ImportResultOutputID=d92462c3ebc8ea3988b5c2fa8fcc43be DependenciesID=b71c73cc79ae44c3193ffa5fd3a78bc5 StaticDependenciesID=14be1c220ee1ccb98c6b37bd1d4daa23 
Start importing Assets/DevDen Arch Viz Scotland/Textures/Bathroom/towel_2/2_toilet_wood_1_MetallicSmoothness.png using Guid(6e98eca794794aa4ab2c05b9f9492f12) (TextureImporter)crunched in 0.058587
 -> (Import Result ID: '956e4a34c59317f9c2b37b91d414ef86') in 0.08354525 seconds [static and dynamic dependencies]. Details - ImportResultOutputID=20e6aa2ad2616f449bd35b01642c1b9c DependenciesID=f58674bfb03b798e6fda5246fadae989 StaticDependenciesID=51365791a81a3fed3bb6413a0acc3356 
Start importing Assets/DevDen Arch Viz Scotland/Textures/Bed Room/Photo_stand/fotostand_fotostand_MetallicSmoothness.png using Guid(6e5ee5584602b344790effc469028f1c) (TextureImporter) -> (Import Result ID: 'b896ab0c6675fa362dd52e5cabdd4a0c') in 0.008149792 seconds [static and dynamic dependencies]. Details - ImportResultOutputID=57414e3baeeb023f9474aba9a08d0d3b DependenciesID=93451c8effabb797d67d27d4c97f4c4f StaticDependenciesID=890f41cec494e5cc2632cdeee74a7233 
Start importing Assets/Furniture Mega Pack/Textures/Cushions/Cushion29_36/Cushion29_36_mat_Cushion29_36_MetallicSmoothness.png using Guid(7ec78b21120658344889457258188b2a) (TextureImporter) -> (Import Result ID: '368d846d1516f736ad17aff32d3ba191') in 0.042471166 seconds [static and dynamic dependencies]. Details - ImportResultOutputID=abc63327d8a6da95dcee2302472933c7 DependenciesID=2ed6bd1afc734073a1f726e6887899bd StaticDependenciesID=2fd5f07dab09b3094360b81e8c192a6c 
Start importing Assets/Furniture Mega Pack/Textures/Chairs/Chair35/Chair35_mat_Chair35_AlbedoTransparency.png using Guid(7e79a1a98c62af4459c38f7c66434d25) (TextureImporter) -> (Import Result ID: '53ace102edd2bf93ff604b5eccb4cb9d') in 0.057990458 seconds [static and dynamic dependencies]. Details - ImportResultOutputID=c80432356710a56a10653d9633f773b3 DependenciesID=d087e3724346060ac624ea3d9bc1cad2 StaticDependenciesID=70331c1b948c133727c726085860ad93 
Start importing Assets/DevDen Arch Viz Scotland/Textures/Kitchen Room/kitchen_1/kitchen_glass_Normal.png using Guid(9e2dea911f9816b42aa75dbc8b39fbf2) (TextureImporter)crunched in 0.104422
 -> (Import Result ID: 'de516d89a0c64a4b68a1a2b5dc023161') in 0.151860209 seconds [static and dynamic dependencies]. Details - ImportResultOutputID=960a7368f58344681e4a4ba984bb6dd6 DependenciesID=d1e95893e0a31ae59d80fc7b9d85fad8 StaticDependenciesID=f58486bb3c133ef53e148f153fdb21f8 
Start importing Assets/DevDen Arch Viz Scotland/HDRI/HDRI.png using Guid(ae22126814d70cb47bdf62011cb728e0) (TextureImporter) -> (Import Result ID: 'd4f9b5018752af880db772bc19b4be5b') in 0.505473542 seconds [static and dynamic dependencies]. Details - ImportResultOutputID=81faae6592b54433ed2f21be3bd41043 DependenciesID=07afb8128c1ae475e91aefcc899fe67c StaticDependenciesID=9fd31197228c4fc81762eb92610291f7 
Start importing Assets/DevDen Arch Viz Scotland/Textures/Bed Room/foto_frame_3/Painting_StandPhoto_A_Paintings_House_AlbedoTransparency.png using Guid(aecb9f1f8d4f5724dacc181a53334b19) (TextureImporter)crunched in 0.130425
 -> (Import Result ID: '1e9751cc57ab770e03a9dbaf604843ed') in 0.162433583 seconds [static and dynamic dependencies]. Details - ImportResultOutputID=99cae9540ee540d18464978a346661bb DependenciesID=83c1aa366be41334a7b009d32c9ba891 StaticDependenciesID=5c996ce5c17a9960dc4a4497e6a14813 
Start importing Assets/DevDen Arch Viz Scotland/Textures/Dining Room/dinning_table/dinning_table_dinning_table_MetallicSmoothness.png using Guid(be2101f6840856249a1451580b918cc7) (TextureImporter)crunched in 0.437453
 -> (Import Result ID: 'c077725c355a1c9d2cc0aa908fe79ce9') in 0.475887583 seconds [static and dynamic dependencies]. Details - ImportResultOutputID=210802f467fb3cdd9e2ef503d01da769 DependenciesID=afe2cd0a80a3606136b7f5173780639c StaticDependenciesID=3947cad185f1d3748f901742da6d435a 
Start importing Assets/Furniture Mega Pack/Textures/Chairs/Chair35/Chair35_mat_Chair35_Normal.png using Guid(bef407b41eff98e41b99e4611e330330) (TextureImporter) -> (Import Result ID: '1c6213a4a867ad20a02194264feab497') in 0.068851166 seconds [static and dynamic dependencies]. Details - ImportResultOutputID=7e42f89eaec4283db1f66b1987effec9 DependenciesID=7c956ec05126fd10b875f2bcee7fcdee StaticDependenciesID=2e5a662da0f7be8076ef8e6c424d8aa2 
Start importing Assets/Furniture Mega Pack/Textures/Chairs/Chair24/Chair24_mat_Chair24_Normal.png using Guid(beb930eccc22a8440941dd587fde17b1) (TextureImporter) -> (Import Result ID: 'd91763587da98be190398699e87a1d30') in 0.062074 seconds [static and dynamic dependencies]. Details - ImportResultOutputID=359effe396777287aaf87e789b0aac57 DependenciesID=69eb7b5c268ec24da161800675ca01f9 StaticDependenciesID=236b1775927692a4a4c48c7eec539134 
Start importing Assets/DevDen Arch Viz Scotland/Textures/Environment/inner_wall/inner_wall_bedroom_wall4_MetallicSmoothness.png using Guid(ce43c92ebbc54ca4492d1469727772b5) (TextureImporter)crunched in 0.060245
 -> (Import Result ID: 'b643c8263297446b7cb4ec570aafd663') in 0.084926125 seconds [static and dynamic dependencies]. Details - ImportResultOutputID=6a67f0b22b24ca09ec5296ceabc913ab DependenciesID=821a5d51e6bd99a0af4951022c210038 StaticDependenciesID=d5bf7e121e56459307e2b5ee5796fde7 
Start importing Assets/Coconut Palm Tree Pack/Textures/Parts/Coconut_Palm_Tree_Branch1_gloss.png using Guid(ded2058333b20b44caed3f73bf275f9b) (TextureImporter) -> (Import Result ID: 'b187889e0bef9a161a30bd291d03c43f') in 0.0017295 seconds [static and dynamic dependencies]. Details - ImportResultOutputID=9a5d5c3a5fec066c124f5e273510cc20 DependenciesID=0b5f0aac4261b990ad6b88f490be4cb2 StaticDependenciesID=cbd6368adf6c8942636a3fb91956b4e7 
Start importing Assets/Furniture Mega Pack/Textures/Chairs/Chair06/Chair06_mat_Chair06_Normal.png using Guid(de45aef8b09b5564eb7d7ed80b1b9aad) (TextureImporter) -> (Import Result ID: '59c385e2a706517be0c219020b1abeac') in 0.068915291 seconds [static and dynamic dependencies]. Details - ImportResultOutputID=94db720412a556e84d1b17d3330e7474 DependenciesID=f9a3ad840f3c98de51ae8cdfd866f9ac StaticDependenciesID=6ad005cd35b994f67baa9a044bbc7869 
Start importing Assets/SubstanceAssets/LittleGamesPack/Textures/GamePieces/GamePieces_Mixed_AO.png using Guid(de081bbef34671741ac786e6cc4a51d9) (TextureImporter) -> (Import Result ID: '7075b37c9636932cf186f936ee8c0372') in 0.135756834 seconds [static and dynamic dependencies]. Details - ImportResultOutputID=510183f41f580d45671c507d3f764ab1 DependenciesID=3962a59b5bcbaa78a225af242241f625 StaticDependenciesID=1d2a5858013f9b62027256fe0f8ecfa8 
Start importing Assets/Furniture Mega Pack/Textures/Chairs/Chair03/Chair03_mat_Chair03_Normal.png using Guid(ee6587163b78a3b428b6e30e2e39629c) (TextureImporter) -> (Import Result ID: 'd8195ac098377e2369ba7c54538f07dd') in 0.083991917 seconds [static and dynamic dependencies]. Details - ImportResultOutputID=9369ef86171751a43f9ff21241eeafeb DependenciesID=d95f3b95513a190145b7cd0d89ac72cb StaticDependenciesID=998a55a369d204a5ad005cc109d23a91 
Start importing Assets/DevDen Arch Viz Scotland/Textures/Common/Plate/plate_1_plate_1_BaseColor.png using Guid(ee593462663d8a746a6f76df60ac21bd) (TextureImporter) -> (Import Result ID: '9221fb44120ba734e207924cf7e26ff4') in 0.33035725 seconds [static and dynamic dependencies]. Details - ImportResultOutputID=a50e30c989dd49e4114a617957661a31 DependenciesID=20fe923f38470ddf809cb14cf7832027 StaticDependenciesID=ee1aeb2e23061a537c005265b71e5a83 
Start importing Assets/DevDen Arch Viz Scotland/Textures/Balcony/balcony_chair/balcony_ chair_balcony_chair1_AlbedoTransparency.png using Guid(fe90f942619da1c4c9a75d8d43e144ea) (TextureImporter)crunched in 0.309086
 -> (Import Result ID: '0a3d034521d3c78566fb118da8678b77') in 0.356502292 seconds [static and dynamic dependencies]. Details - ImportResultOutputID=edd7d79187117ede2d61b5a3f6f47323 DependenciesID=096c07c75f5eb3b529b64a810155372b StaticDependenciesID=521f4d30696ad737f29816dce5ceb238 
Start importing Assets/DevDen Arch Viz Scotland/Textures/Kitchen Room/TOASTER/toaster_toaster_AlbedoTransparency.png using Guid(fe88553862eac8241a2655a747b07a49) (TextureImporter)crunched in 0.087206
 -> (Import Result ID: '5e407e044e55e44b761effd8a8daac7a') in 0.130575625 seconds [static and dynamic dependencies]. Details - ImportResultOutputID=fa74ce8b4c14d3ba20868b54215851ca DependenciesID=fef8dace92dc027e8a324c715bfdb184 StaticDependenciesID=aa331ddd21b32081bed644092636194d 
Start importing Assets/Furniture Mega Pack/Textures/Chairs/Chair27/Chair27_mat_Chair27_Normal.png using Guid(0ff8f7d8aa432b747b79e7c2f4cac3c8) (TextureImporter) -> (Import Result ID: '9f67704387a37ade2e84de3588ae12f2') in 0.083615375 seconds [static and dynamic dependencies]. Details - ImportResultOutputID=3e516eaeb1d8bdda39f6a7af5fd71eb6 DependenciesID=024a70645384b25f77d1197f1ca8c365 StaticDependenciesID=df8c77ac7aacf4c303adfb56b10903ea 
Start importing Assets/Furniture Mega Pack/Textures/Chairs/Chair41/Chair41_mat_Chair41_AlbedoTransparency.png using Guid(0f4b512895c3017448bbbaf96102dfff) (TextureImporter) -> (Import Result ID: '70a7ce3633d1b3109c6d85d93c6deda0') in 0.091429208 seconds [static and dynamic dependencies]. Details - ImportResultOutputID=659b191ac77f67dab72f3fce88b364f7 DependenciesID=6c9d667469e8ee186967e970b96e2f9a StaticDependenciesID=1f6f6ad9f635be7cfd39436554f527e1 
Start importing Assets/DevDen Arch Viz Scotland/Textures/Environment/inner_wall/inner_wall_bedroom_floor3_Normal.png using Guid(1f03529405c2c1846b773748b164d966) (TextureImporter)crunched in 0.099314
 -> (Import Result ID: '097f33f5518ce5414ab2b1233fd5d43b') in 0.148206667 seconds [static and dynamic dependencies]. Details - ImportResultOutputID=7044920fece2cc7f3c3c280cb965e957 DependenciesID=a2662cbb890e0c22e86400742d79f051 StaticDependenciesID=9bab50e65413d95d59abb31d4b9780e8 
Start importing Assets/Furniture Mega Pack/Textures/Chairs/Chair04/Chair04_mat_Chair04_MetallicSmoothness.png using Guid(2f2efec67b5a94747aaa3bcfb3bf4a6e) (TextureImporter) -> (Import Result ID: '0a091dc428952fd9396b47618e4a799a') in 0.065293209 seconds [static and dynamic dependencies]. Details - ImportResultOutputID=84c556dcb1dce4f459194808c8214c45 DependenciesID=beb5ed0694b2a9651b9922fa00a86ac5 StaticDependenciesID=6ee9d510b2bf86c6b27d7208598dcfa5 
Start importing Assets/DevDen Arch Viz Scotland/Textures/Common/Interior_props/CommonCeramic04.png using Guid(3f0140969b8fb9f42bc6a36a5d6a8d48) (TextureImporter) -> (Import Result ID: '2a9bda88a4d8e3b0fd6a455b7bca3dec') in 0.010910791 seconds [static and dynamic dependencies]. Details - ImportResultOutputID=5ddaddc99e03f71742912151b9bdb9ff DependenciesID=3e2b61248caffb912532c7dcb756ad43 StaticDependenciesID=ce5be3d1701852acd60f887f7c3d35d3 
Start importing Assets/DevDen Arch Viz Scotland/Textures/Kitchen Room/side_piece/side_piece_marble_AO.png using Guid(3f6d4eb1c003062439d621eed0bc72b1) (TextureImporter)crunched in 0.051552
 -> (Import Result ID: '6313d610ee04898f4c5af12678a1e71b') in 0.082760917 seconds [static and dynamic dependencies]. Details - ImportResultOutputID=31acdc156a9a5ea336a397f5ea6edacd DependenciesID=d9ee9ffed9477face86ae5c6159c0d09 StaticDependenciesID=99dadc7b55b964b04a20c29e10a6d21c 
Start importing Assets/DevDen Arch Viz Scotland/Textures/Dining Room/food_cloth/tablemat_1.1_BaseColor.png using Guid(4fc0412948b6b044aae60dd560f9c751) (TextureImporter) -> (Import Result ID: '750b02889bef4d263dc23b68cdce25a8') in 0.09641225 seconds [static and dynamic dependencies]. Details - ImportResultOutputID=41f3a8b2da0c449f3cd5a952ccd6bfd2 DependenciesID=501cfbfc73b79585dd8734e950d635fb StaticDependenciesID=f07e6a2875afe3debe750df9e388ed99 
Start importing Assets/Furniture Mega Pack/Textures/Cushions/Cushion25_28/Cushion25_28_mat_Cushion25_28_AlbedoTransparency.png using Guid(4f3802842e78bf146abac665f4b89977) (TextureImporter) -> (Import Result ID: '83e69d2643f28d2e7f5810580a7e28bd') in 0.077811625 seconds [static and dynamic dependencies]. Details - ImportResultOutputID=171e5e2f8bb75597554fbd465c88e3ab DependenciesID=232569067a385bffa1dfc80d94144d87 StaticDependenciesID=e36179d962083d31d9d240c8e0f3f30b 
Start importing Assets/DevDen Arch Viz Scotland/Textures/Dining Room/food_cloth/tablemat_1.1_Metallic.png using Guid(4f9ceb2787e2b7d4aa9d6684f7d0b7a3) (TextureImporter) -> (Import Result ID: '270c3f55152e3a3fd369cd419b6736ed') in 0.043318458 seconds [static and dynamic dependencies]. Details - ImportResultOutputID=c1a80df86a7520be0cf92e0af0df5d26 DependenciesID=1daed8db59d6ec974c87bac2ad05da25 StaticDependenciesID=d0c289e91c839d61c7c3f86382dffcc1 
Start importing Assets/DevDen Arch Viz Scotland/Textures/Study Room/shelf/shelf_shelf1_MetallicSmoothness.png using Guid(5f8015c57b75fb44c8a966dcc1c7965c) (TextureImporter) -> (Import Result ID: '514a6016de963ffcfea2bfb4677f3315') in 0.011770292 seconds [static and dynamic dependencies]. Details - ImportResultOutputID=7670827d15186d746154802ddf754812 DependenciesID=4fa468325431a572c9b857ed3468c871 StaticDependenciesID=bc0ce83853999055c56556c65cff576c 
Start importing Assets/DevDen Arch Viz Scotland/Textures/Bed Room/dressing_mirror/dresing_mirror_dressing_mirror1_AO.png using Guid(5fc31b25361417147a8adc77b72d8dd1) (TextureImporter)crunched in 0.219534
 -> (Import Result ID: 'bc3513e34b38e6e504495bcaad906447') in 0.258578792 seconds [static and dynamic dependencies]. Details - ImportResultOutputID=775c8762d986c738d660ec737163cb10 DependenciesID=f274d13d118a0d83d95b39d690f6367f StaticDependenciesID=8a8341a83e0d1b760d1556fb9e366695 
Start importing Assets/Furniture Mega Pack/Textures/Sofas/Sofa03/Sofa03_mat_Sofa03_MetallicSmoothness.png using Guid(6f51c6780828a924fa68f26de868c545) (TextureImporter) -> (Import Result ID: 'a50f1e623309350c6bde2653bdf31c5c') in 0.061619834 seconds [static and dynamic dependencies]. Details - ImportResultOutputID=051703583ee5fd89ace27983e7e46cca DependenciesID=fd2fe4c055f36f8d50c3876080b6e5cb StaticDependenciesID=b00e0715d41916657ab17df80a2286f2 
Start importing Assets/DevDen Arch Viz Scotland/Textures/Common/Switch/switch_M_switch_Normal.png using Guid(6f2590c64826f214cae6c033f41f6421) (TextureImporter) -> (Import Result ID: '6bfb51df5b6222ac315e13464c8a9e60') in 0.008640375 seconds [static and dynamic dependencies]. Details - ImportResultOutputID=6c8555314b0725fcc6f02d43108a5f50 DependenciesID=2a7c44e5461e73b006074d807909957b StaticDependenciesID=1b84e711c23219164bb650976b297ea6 
Start importing Assets/Furniture Mega Pack/Textures/Chairs/Chair21/Chair21_mat_Chair21_Normal.png using Guid(7fa9d795ac5ae9e47991edf8fec74fa8) (TextureImporter) -> (Import Result ID: '04a7a4a4c7b91d73e53bfe0a3af347c2') in 0.09422825 seconds [static and dynamic dependencies]. Details - ImportResultOutputID=6ee6a9654146bc8da0b7d89977440965 DependenciesID=3584aec3eb87fbd5c485caeb193564c4 StaticDependenciesID=b54ca9c74f3fcedd111a1e0cbeb286e9 
Start importing Assets/DevDen Arch Viz Scotland/Textures/Kitchen Room/CoffeeMachine/coffeemachine_DefaultMaterial_MetallicSmoothness.png using Guid(8f8f20fd2e725844e84a1d76cc6f82d2) (TextureImporter)crunched in 0.504789
 -> (Import Result ID: 'f58fa6e4aafaca586410d0b67d59de2b') in 0.532156 seconds [static and dynamic dependencies]. Details - ImportResultOutputID=0b788f469e26af9f009bd0530b51819a DependenciesID=1eb3e2b67f275fbab06c3f90c33f4e75 StaticDependenciesID=fb43d7d805615a5c77d629f49ec78bd8 
Start importing Assets/DevDen Arch Viz Scotland/Textures/Study Room/lamp/lamp_Normal.png using Guid(9f79ee1169dca7842ab0b29d78b28072) (TextureImporter)crunched in 0.094256
 -> (Import Result ID: 'd9932b7f17caa0dcafaf4bf04b4d6091') in 0.143687041 seconds [static and dynamic dependencies]. Details - ImportResultOutputID=8da0bc1f342646d8cf1007381821ab0f DependenciesID=9a9b4ce77fe52fcaf5a1c9f0d9366cc1 StaticDependenciesID=8347101be118f9081aeaa7fd590b27c6 
Start importing Assets/DevDen Arch Viz Scotland/Textures/Bed Room/BedsideLamp/bedside_lamp_bed_lamp_glass1_MetallicSmoothness.png using Guid(9f4cd69ec824b524ea3445be08f60768) (TextureImporter) -> (Import Result ID: 'd30594d59a297ec4b9d68dffb1c690b2') in 0.006200875 seconds [static and dynamic dependencies]. Details - ImportResultOutputID=e268818fb428aab16fc1ccf30f0f4d8a DependenciesID=6f88865a64c973741560475503fcabcf StaticDependenciesID=93a9299dcc20c3ab0226fc7d33e95028 
Start importing Assets/DevDen Arch Viz Scotland/Textures/Bathroom/bathroom_cabin/bathroom_cabin_bathroom_cabin_AO.png using Guid(9f6c29596192f4b48a8e966af7bfe9d7) (TextureImporter) -> (Import Result ID: 'c6753beeb88093d9adb36f5270979a45') in 0.013792542 seconds [static and dynamic dependencies]. Details - ImportResultOutputID=696cf2c5fd3569fb80ba8f21a5adf7fa DependenciesID=6148e4bc877c517f7275f54b15c93a19 StaticDependenciesID=663e09929aacdb8b0e8f40d8f8e53351 
Start importing Assets/DevDen Arch Viz Scotland/Textures/Kitchen Room/TOASTER/toaster_toaster_Normal.png using Guid(af61449f8c9199243abc9797a7578be3) (TextureImporter)crunched in 0.414614
 -> (Import Result ID: '3f1b8f12e3d18aca4d4153cb70df2f55') in 0.467277834 seconds [static and dynamic dependencies]. Details - ImportResultOutputID=4a26bc2ccbb7c2fd52ad4e2339c6c222 DependenciesID=6baea79f7895e372dfff7597da878335 StaticDependenciesID=8f6a652ffecf45c724edc6a223fdc8c6 
Start importing Assets/DevDen Arch Viz Scotland/Textures/Environment/inner_wall/inner_wall_studyroom_wall3_AlbedoTransparency.png using Guid(af541053ad76ded449861e0e32865475) (TextureImporter)crunched in 0.034801
 -> (Import Result ID: '70cbbd825229cecf7f264b78857e1a84') in 0.063300333 seconds [static and dynamic dependencies]. Details - ImportResultOutputID=5023dd36a1bd8501cd5eec1effadf0e2 DependenciesID=56f621b0be86bb3464a8fd44685b065c StaticDependenciesID=01da4fef8cd2b7e087ddb14d9cfe4b75 
Start importing Assets/Furniture Mega Pack/Textures/Cushions/Cushion49_50/Cushion49_50_mat_Cushion49_50_AlbedoTransparency.png using Guid(afeae6e6bcf1237409ec75ed5547a201) (TextureImporter) -> (Import Result ID: 'b26d5c64cfad52b5a08c530526c28273') in 0.077548916 seconds [static and dynamic dependencies]. Details - ImportResultOutputID=df0613634ad8c2a91fd82911a1dffb1d DependenciesID=3d317706f5ea6fc71eb192557679b9b4 StaticDependenciesID=6a2ab310ed05e0f527c58bf6a9bdee97 
Start importing Assets/DevDen Arch Viz Scotland/Textures/Bed Room/bed/bed_bed_coat_MetallicSmoothness.png using Guid(afee355ed2bc6a44e93cb575584aa6e6) (TextureImporter) -> (Import Result ID: '5070faba1ce5158601a92e44f3651d78') in 0.032915584 seconds [static and dynamic dependencies]. Details - ImportResultOutputID=9ab67c4a694d7e01690e5db2b4f04d81 DependenciesID=3952e83424db0ef3590f22cc4e5d6466 StaticDependenciesID=babec128ae27ac7693a342d85ae4b24a 
Start importing Assets/DevDen Arch Viz Scotland/Textures/Kitchen Room/CoffeeMachine/coffeemachine_DefaultMaterial_Normal.png using Guid(cf28ec41ac7e2b9428279157a6015fb6) (TextureImporter)crunched in 0.529658
 -> (Import Result ID: 'c0da7d1584be9a495d28fa68bba40e5b') in 0.564638625 seconds [static and dynamic dependencies]. Details - ImportResultOutputID=2bfb6087673befacc84ad5cd9cf4e7d3 DependenciesID=64f6529200ee6efc5f389851d0db2ae7 StaticDependenciesID=a414d881e1c204985b7a883a2553b2ca 
Start importing Assets/Furniture Mega Pack/Textures/Chairs/Chair25/Chair25_mat_Chair25_AlbedoTransparency.png using Guid(cf69b63d896b4ad498801a0c7cc3859a) (TextureImporter) -> (Import Result ID: '09e96fec4a01c9511572bb6f007c7058') in 0.054449959 seconds [static and dynamic dependencies]. Details - ImportResultOutputID=981ed2cd317a3f19175fab6dde01bbe0 DependenciesID=72d0fbf2bbb92073d1ba8d01d629ec93 StaticDependenciesID=d4fcaa57c38af735375b52b1a440879b 
Start importing Assets/DevDen Arch Viz Scotland/Textures/Dining Room/dinning_chair/dinning_chair_diining_chair_wood_AlbedoTransparency.png using Guid(cf4b972f44fabeb46889bdcefc048766) (TextureImporter)crunched in 0.391958
 -> (Import Result ID: '0775d82bd4a03fd26d445278e3d4b913') in 0.43502225 seconds [static and dynamic dependencies]. Details - ImportResultOutputID=746447e96e1bdcc5a4c739ccfee11876 DependenciesID=901bf168defaa07d0b2d192603f5375f StaticDependenciesID=3c47851c84a332977f4170dffad62868 
Start importing Assets/Coconut Palm Tree Pack/Textures/Parts/Coconut_Palm_Bark1_normal.tif using Guid(dfb207cb03df38541a0a4559385db1c3) (TextureImporter) -> (Import Result ID: 'c237d1810f0991b868b8fdc97a444b8c') in 0.007288209 seconds [static and dynamic dependencies]. Details - ImportResultOutputID=697e2361d1cdfe00860182b8a3425c1a DependenciesID=52dc9fafdbb72047bcce95aa75170d8d StaticDependenciesID=7de59cc24e5ec2e55122cb0edc5fda3b 
Start importing Assets/DevDen Arch Viz Scotland/Textures/Bathroom/towel_2/2_towl_2_Normal.png using Guid(df0678f1d13f015429aa9c67f28ab714) (TextureImporter) -> (Import Result ID: 'a8ee9de1f310b72d68d0e0f94b64a199') in 0.021799333 seconds [static and dynamic dependencies]. Details - ImportResultOutputID=f8963992c7c4e4b2e630e5a24b037e4c DependenciesID=075a7a9daa3b87046ecbf3e56263784d StaticDependenciesID=6c0c581b7c5ca393c2db1f0d83769b49 
Start importing Assets/Furniture Mega Pack/Textures/Chairs/Chair04/Chair04_mat_Chair04_AlbedoTransparency.png using Guid(df9786372e7cb114992bd9ea17ef8bd7) (TextureImporter) -> (Import Result ID: 'c961c08a2af8d4e33e47959ecba8ec44') in 0.055705375 seconds [static and dynamic dependencies]. Details - ImportResultOutputID=d985b879bfcf9cec2ae85187d7d45f66 DependenciesID=0f21b671beb0bd32bd930ded428dea97 StaticDependenciesID=b55630912f9dac6e65c45e8cc60b1c49 
Start importing Assets/DevDen Arch Viz Scotland/Textures/Kitchen Room/Kitchen_cupboard_2/kitchen_green_wood_MetallicSmoothness.png using Guid(df5efbe8a7b74c741bfb36e099eae121) (TextureImporter)crunched in 0.060744
 -> (Import Result ID: '1aa2abb5c039781c1b3293d88c65d7c7') in 0.087190125 seconds [static and dynamic dependencies]. Details - ImportResultOutputID=b3808ec6207daa53f254e304b9a4a4d1 DependenciesID=2637c50f08969c7cd7e5acebbaa258ff StaticDependenciesID=488a006cad81273a768e2cd46b2ea3f5 
Start importing Assets/DevDen Arch Viz Scotland/Textures/Balcony/balcony/balcony_balcony_glass_MetallicSmoothness.png using Guid(ef90ad457236b604d827a6d50c8c77d7) (TextureImporter)crunched in 0.120029
 -> (Import Result ID: '8ae7dcdc2e30ac924ff9b397d3d71831') in 0.148947875 seconds [static and dynamic dependencies]. Details - ImportResultOutputID=2c82eab6ec855f1746944d3097b43b6a DependenciesID=4985e5b9e4547b98af9b4cc102d11800 StaticDependenciesID=a811ad835d58611facfb11c39894785b 
Start importing Assets/Furniture Mega Pack/Textures/Chairs/Chair10/Chair10_mat_Chair10_Normal.png using Guid(ef2408110e9a41748b68b79a817d26bd) (TextureImporter) -> (Import Result ID: 'dd19f3e61319c29ef6a37e3574d3bb75') in 0.093645958 seconds [static and dynamic dependencies]. Details - ImportResultOutputID=f4982433992eed81e869220326ca2ce8 DependenciesID=84283411f0a1f6bc07c94ffab10f4654 StaticDependenciesID=5088857f540b2095636c009b1185713e 
Start importing Assets/Furniture Mega Pack/Textures/Cushions/Cushion41_48/Cushion41_48_mat_Cushion41_48_Normal.png using Guid(efe50577c039d244682306809d2f9b58) (TextureImporter) -> (Import Result ID: '02a4bb46d027bc648597b06f25bb619b') in 0.101545042 seconds [static and dynamic dependencies]. Details - ImportResultOutputID=10b379245d33a84d1cdd93928c024049 DependenciesID=a041cde456728ebe1b8581cd3f0c2d47 StaticDependenciesID=f20406089dbc458628a42862da0307f8 
Start importing Assets/Furniture Mega Pack/Textures/Chairs/Chair12/Chair12_mat_Chair12_AlbedoTransparency.png using Guid(ef9d3e18a925bab46859b006d9d57864) (TextureImporter) -> (Import Result ID: 'fd090e8feedb4d9b95e34eedba36211a') in 0.0695945 seconds [static and dynamic dependencies]. Details - ImportResultOutputID=5cf54f522256e4cfa11ee7295b06ba66 DependenciesID=39f2a93ed1dda2b8e77cd26cb1b67d2f StaticDependenciesID=a392df5932a06071361290a356fb3455 
Start importing Assets/DevDen Arch Viz Scotland/Textures/Bed Room/FOTO_FRAME_4/Paintings_House_MaskMap.png using Guid(ffa4b408fd31a8c40acfda811597c907) (TextureImporter) -> (Import Result ID: '6c67c7c7e65fcfaafd9cc1f8484695fd') in 0.038607583 seconds [static and dynamic dependencies]. Details - ImportResultOutputID=4ad651ff0724fb1f6e2ff52365c3168b DependenciesID=49d5ba59fa399bde423eceb3ebb652ba StaticDependenciesID=b5e1c68b6b3044337fded40eba26196a 
Refreshing native plugins compatible for Editor in 11.18 ms, found 9 plugins.
(Values over 0.050ms)
Asset Pipeline Refresh (id=f5f96627437414ebbbd517cc79bcd947): Total: 55.173 seconds - Initiated by StopAssetImportingV2(NoUpdateAssetOptions)
	Summary:
		Imports: total=695 (actual=551, local cache=144, cache server=0)
		Asset DB Process Time: managed=67 ms, native=54930 ms
		Asset DB Callback time: managed=45 ms, native=129 ms
		Scripting: domain reloads=0, domain reload time=0 ms, compile time=0 ms, other=0 ms
		Project Asset Count: scripts=3083, non-scripts=7917
		Asset File Changes: new=0, changed=551, moved=0, deleted=0
		Scan Filter Count: 703
	ApplyChangesToAssetFolders: 0.152ms
	Scan: 50.039ms
	OnSourceAssetsModified: 0.895ms
	CategorizeScriptCompilationAssets: 22.013ms
	ProcessAssetsWithTransientArtifactChanges: 0.073ms
	CategorizeAssets: 56.784ms
	ImportOutOfDateAssets: 54602.499ms (0.404ms without children)
		ImportManagerImport: 54583.988ms (13.587ms without children)
			UpdateCategorizedAssets: 2.152ms
		ReloadNativeAssets: 0.150ms
		UnloadImportedAssets: 16.584ms
		ReloadImportedAssets: 542.005ms
		EnsureUptoDateAssetsAreRegisteredWithGuidPM: 0.795ms
		OnDemandSchedulerStart: 0.567ms
	PostProcessAllAssets: 162.189ms
		ShaderAssetModifiedCallback 1.148ms
		PostProcessCallbackCreateDeferredMaterials 1.062ms
		RaytracingShaderImportPostprocess 0.874ms
		ComputeShaderImportPostprocess 0.649ms
		SpeedTreeImporter.PostprocessAllAssets 0.506ms
		LocalizationDatabase.AssetDatabasePostprocessCallback 0.499ms
		BlockShaderImporter.PostprocessAllAssets 0.400ms
		XRBuildSystem.XRAssetImported 0.374ms
		AssemblyValidation.PostprocessAllAssets 0.245ms
		MonoPostProcessAllAssets: 44.680ms
			ShaderGraphAssetPostProcessor.OnPostprocessAllAssets 17.016ms
			AssetPostprocessor.OnPostprocessAllAssets 4.255ms
			PostProcessor.OnPostprocessAllAssets 3.545ms
			AddressablesAssetPostProcessor.OnPostprocessAllAssets 2.511ms
			TextAssetPostProcessor.OnPostprocessAllAssets 2.448ms
			SyncVS.PostprocessSyncProject 2.207ms
			VFXGraphPreprocessor.OnPostprocessAllAssets 2.116ms
			MaterialPostprocessor.OnPostprocessAllAssets 2.043ms
			InputActionJsonNameModifierAssetProcessor.OnPostprocessAllAssets 2.036ms
			InputActionAssetPostprocessor.OnPostprocessAllAssets 2.020ms
			AssetChangedListener.OnPostprocessAllAssets 0.764ms
			RenderPipelineGlobalSettingsPostprocessor.OnPostprocessAllAssets 0.281ms
			SpeedTree9Postprocessor.OnPostprocessAllAssets 0.138ms
			StyleCatalogPostProcessor.OnPostprocessAllAssets 0.060ms
			SpriteEditorTexturePostprocessor.OnPostprocessAllAssets 0.052ms
	PostAssetChangesProfiler: 11.983ms
	GatherAllCurrentPrimaryImportResultRevisions: 0.283ms
	UnloadStreamsBegin: 9.591ms
	PersistCurrentRevisions: 1.006ms
	Untracked: 255.389ms

[FullOpt] phase done: textures
UnityEngine.Debug:ExtractStackTraceNoAlloc (byte*,int,string)
UnityEngine.StackTraceUtility:ExtractStackTrace () (at /Users/bokken/build/output/unity/unity/Runtime/Export/Scripting/StackTrace.cs:35)
UnityEngine.DebugLogHandler:Internal_Log (UnityEngine.LogType,UnityEngine.LogOption,string,UnityEngine.Object)
UnityEngine.DebugLogHandler:LogFormat (UnityEngine.LogType,UnityEngine.Object,string,object[])
UnityEngine.Logger:Log (UnityEngine.LogType,object)
UnityEngine.Debug:Log (object)
BCAT.OptimizationPass.FullOptimizationPassTool:Phase (string,System.Action) (at Assets/Editor/FullOptimizationPass/FullOptimizationPassTool.cs:101)
BCAT.OptimizationPass.FullOptimizationPassTool:RunFullPass () (at Assets/Editor/FullOptimizationPass/FullOptimizationPassTool.cs:86)

(Filename: Assets/Editor/FullOptimizationPass/FullOptimizationPassTool.cs Line: 101)

[FullOpt] phase start: build_refs
UnityEngine.Debug:ExtractStackTraceNoAlloc (byte*,int,string)
UnityEngine.StackTraceUtility:ExtractStackTrace () (at /Users/bokken/build/output/unity/unity/Runtime/Export/Scripting/StackTrace.cs:35)
UnityEngine.DebugLogHandler:Internal_Log (UnityEngine.LogType,UnityEngine.LogOption,string,UnityEngine.Object)
UnityEngine.DebugLogHandler:LogFormat (UnityEngine.LogType,UnityEngine.Object,string,object[])
UnityEngine.Logger:Log (UnityEngine.LogType,object)
UnityEngine.Debug:Log (object)
BCAT.OptimizationPass.FullOptimizationPassTool:Phase (string,System.Action) (at Assets/Editor/FullOptimizationPass/FullOptimizationPassTool.cs:99)
BCAT.OptimizationPass.FullOptimizationPassTool:RunFullPass () (at Assets/Editor/FullOptimizationPass/FullOptimizationPassTool.cs:87)

(Filename: Assets/Editor/FullOptimizationPass/FullOptimizationPassTool.cs Line: 99)

[FullOpt] phase done: build_refs
UnityEngine.Debug:ExtractStackTraceNoAlloc (byte*,int,string)
UnityEngine.StackTraceUtility:ExtractStackTrace () (at /Users/bokken/build/output/unity/unity/Runtime/Export/Scripting/StackTrace.cs:35)
UnityEngine.DebugLogHandler:Internal_Log (UnityEngine.LogType,UnityEngine.LogOption,string,UnityEngine.Object)
UnityEngine.DebugLogHandler:LogFormat (UnityEngine.LogType,UnityEngine.Object,string,object[])
UnityEngine.Logger:Log (UnityEngine.LogType,object)
UnityEngine.Debug:Log (object)
BCAT.OptimizationPass.FullOptimizationPassTool:Phase (string,System.Action) (at Assets/Editor/FullOptimizationPass/FullOptimizationPassTool.cs:101)
BCAT.OptimizationPass.FullOptimizationPassTool:RunFullPass () (at Assets/Editor/FullOptimizationPass/FullOptimizationPassTool.cs:87)

(Filename: Assets/Editor/FullOptimizationPass/FullOptimizationPassTool.cs Line: 101)

Start importing Assets/Pandazole_Ultimate_Pack/Pandazole Farm Ranch Pack/Materials/PandaMat.mat using Guid(003570a65ef8a814a8ad41fc7fbb9c9b) (NativeFormatImporter) -> (Import Result ID: 'f87e6e35ca936375f1cef55cd74e7c64') in 0.001835083 seconds [static dependencies only]. Details - ImportResultOutputID=c2e4125f6679f1e16eda436fec930390 DependenciesID=d1037db322fd8d40c3072d12911aa962 StaticDependenciesID=7abb62019132811102c432173f082ff4 
Start importing Assets/Idyllic Italian Coast Town/Materials/M_skybox.mat using Guid(20e29b2091382a645885f83bcc8ddee2) (NativeFormatImporter) -> (Import Result ID: 'f564633cfaf983251ec3a5ad3083d2fb') in 0.000610167 seconds [static dependencies only]. Details - ImportResultOutputID=3afd4cf682a9237a7ef5440a7cd1f213 DependenciesID=fb61387e48b6015aa9b4e77881765ec7 StaticDependenciesID=624a4643c1294200712adc546f72c596 
Start importing Assets/UnityTechnologies/Basic Asset Pack Interior/Materials/Glass.mat using Guid(c0776710185a9a5479eb8809dd79030b) (NativeFormatImporter) -> (Import Result ID: '6db04ad879db5b552a17ad9c53183363') in 0.00054125 seconds [static dependencies only]. Details - ImportResultOutputID=2f69d89660be3cc7c25a8bc7a6b6a40b DependenciesID=629a4ac0183ecf245d95d38c2e82a1cb StaticDependenciesID=01017079b176f7b366dd7f6e28730c9f 
Start importing Packages/com.unity.render-pipelines.universal/Runtime/Materials/Lit.mat using Guid(31321ba15b8f8eb4c954353edc038b1d) (NativeFormatImporter) -> (Import Result ID: '096daf824b897848f587454da4b6a055') in 0.000853667 seconds [static dependencies only]. Details - ImportResultOutputID=0bda2be740cfa1757b896643206cac1f DependenciesID=591e464f88f19104fd62a139dfad03f2 StaticDependenciesID=810596500f968cdff1c0bb6cdcca31e9 
Start importing Assets/Idyllic Italian Coast Town/Materials/M_attachments_stone.mat using Guid(c2533795ce017c74eaecdfaddef2fce8) (NativeFormatImporter) -> (Import Result ID: '09f9b95e4f28b709262d09c8157e39d9') in 0.001359834 seconds [static dependencies only]. Details - ImportResultOutputID=095fc784e2bd1d5a2647c8964a83d35a DependenciesID=0d8639a2aff3c883fab5cfe24b5deb47 StaticDependenciesID=c07e6c446e6059f2b017b0a14ce5a315 
Start importing Assets/SimpleNaturePack/Materials/SimpleNaturePack_Texture_01.mat using Guid(93caadf4359ae8143aad35b3145d31af) (NativeFormatImporter) -> (Import Result ID: '261fe93ec71770aa65c4af6b8aff6de1') in 0.000545417 seconds [static dependencies only]. Details - ImportResultOutputID=449235f6d330ef5f4eb3c124db78cbbd DependenciesID=484d4f779198c8d83ff4c097455861c2 StaticDependenciesID=5399f45812b25b5dbfece287788e95d7 
Start importing Assets/LowPolyLivingRoomPack/ScenesDemo/M_LowPolyLivingRoom_Floor.mat using Guid(e4a6b303c71f9c04a99c61bfd3156447) (NativeFormatImporter) -> (Import Result ID: '75e85a230e4ef3983611e4828e24c33b') in 0.001047083 seconds [static dependencies only]. Details - ImportResultOutputID=91f02b5fb317c31121e6a4e525fdf39a DependenciesID=643268fd801da85e92dd4c8038a45f3d StaticDependenciesID=a2185fefd2c5d140a9d755e2f232574e 
Start importing Assets/Idyllic Italian Coast Town/Materials/M_chairs.mat using Guid(5702491b61ea375428d81e3d88f9a04f) (NativeFormatImporter) -> (Import Result ID: 'df3d9f8cee5d4ff3a5379e8171f0c9a2') in 0.000917125 seconds [static dependencies only]. Details - ImportResultOutputID=36f1c44fca9294fd9ece7f5125f8ac5c DependenciesID=01cc2df58a231cd7cd1fa6644af8c158 StaticDependenciesID=24a057fea4fbff9dcea5e47e06c59009 
Start importing Assets/HyTeKGames/SRPMaterialConverter/ConvertedMaterials/bathroom_wall_mat_1.mat using Guid(5a3107a54ca88432c94224a353ed9083) (NativeFormatImporter) -> (Import Result ID: 'f2c9e51e09484417821fce93aa5c5e58') in 0.001112709 seconds [static dependencies only]. Details - ImportResultOutputID=07367b975eac3559fb33db3701c45980 DependenciesID=dc176cd6ab6522926e277bdd36efa783 StaticDependenciesID=a22aa46c503d9535777cfdb00f8bb907 
Start importing Assets/Idyllic Italian Coast Town/Materials/M_wall_plaster.mat using Guid(9b2c8ee7f3d0b9e4282f5013d650b626) (NativeFormatImporter) -> (Import Result ID: '43d16517adb55c59601d67f62a195721') in 0.000947792 seconds [static dependencies only]. Details - ImportResultOutputID=2272d6514f22901c8efe0111895e6d50 DependenciesID=d0fb656d2578984b3fde70833af7ab05 StaticDependenciesID=9b3ce11c667cd75009b4f652062ad1b0 
Start importing Assets/Idyllic Italian Coast Town/Materials/M_wall_plaster 10.mat using Guid(dc7493ba90d91a042a103f41ccc570fe) (NativeFormatImporter) -> (Import Result ID: 'fc8c8cbf5e1cb786c775ae4ab0e90624') in 0.000810792 seconds [static dependencies only]. Details - ImportResultOutputID=69134740157ed65b2484ae33b7d1b70c DependenciesID=304e96c5711f1b9babe7431c6e4bba35 StaticDependenciesID=d17fa4139a4173792de1d46947f950a2 
Start importing Assets/Emilulz_Assets/DEMOLowPolyFlowers/Prefabs/M_DEMOAtlas_LowPolyFlowers.mat using Guid(dd78ab307d686a6409db14ba36b7c8a5) (NativeFormatImporter) -> (Import Result ID: '859c1e001d47add64c6db3f3c1385cb9') in 0.000637041 seconds [static dependencies only]. Details - ImportResultOutputID=551d9a5eb1a5574f007fc3da0aca95d9 DependenciesID=ed21f12588b355861450d2a14d3e58df StaticDependenciesID=2107ca590bb6887591b75841bd6e898c 
Start importing Assets/BCaT/Exhibits/PrivacyLawExhibit/Materials/PrivacyLaw_HologramLine.mat using Guid(6ebad9ebdbd31455c959f4c4941b5577) (NativeFormatImporter) -> (Import Result ID: '758055e38b6753e9e34545d0403b1675') in 0.00091675 seconds [static dependencies only]. Details - ImportResultOutputID=e98fa66ec2fc24e9d9b5b221d598ccfe DependenciesID=178a605033955082936df86ccf44ed88 StaticDependenciesID=4b87298173ae355a19bf6e5b89fcb648 
Start importing Assets/Furniture Mega Pack/Materials/Chair/mat_Chair37.mat using Guid(8e0662a1d9087f04084c52f3c64ed5d0) (NativeFormatImporter) -> (Import Result ID: '245661f168fc044cfeb882f78fa6554e') in 0.001168208 seconds [static dependencies only]. Details - ImportResultOutputID=41507702aa5cbfe73efc7c22cedb7d58 DependenciesID=fbb25e30d5cc093031be0e06e2b49cda StaticDependenciesID=9bc7b302c266c30fe65b15ad008c370d 
The following asset(s) located in immutable packages were unexpectedly altered. Making changes to immutable packages isn't recommended because the changes can be lost without any warning during Package Manager operations.
  Packages/com.unity.render-pipelines.universal/Runtime/Materials/Lit.mat
Asset Pipeline Refresh (id=38a8ae9751bb9467fb83d552f76e4546): Total: 0.097 seconds - Initiated by StopAssetImportingV2(NoUpdateAssetOptions)
[FullOpt] full pass complete
UnityEngine.Debug:ExtractStackTraceNoAlloc (byte*,int,string)
UnityEngine.StackTraceUtility:ExtractStackTrace () (at /Users/bokken/build/output/unity/unity/Runtime/Export/Scripting/StackTrace.cs:35)
UnityEngine.DebugLogHandler:Internal_Log (UnityEngine.LogType,UnityEngine.LogOption,string,UnityEngine.Object)
UnityEngine.DebugLogHandler:LogFormat (UnityEngine.LogType,UnityEngine.Object,string,object[])
UnityEngine.Logger:Log (UnityEngine.LogType,object)
UnityEngine.Debug:Log (object)
BCAT.OptimizationPass.FullOptimizationPassTool:RunFullPass () (at Assets/Editor/FullOptimizationPass/FullOptimizationPassTool.cs:91)

(Filename: Assets/Editor/FullOptimizationPass/FullOptimizationPassTool.cs Line: 91)

vel 255
Compressing using quality level 255
Compressing using quality level 255
Compressing using quality level 255
Compressing using quality level 255
Compressing using quality level 255
Compressing using quality level 255
Compressing using quality level 255
Compressing using quality level 255
Compressing using quality level 255
Compressing using quality level 255
Compressing using quality level 255
Compressing using quality level 255
Compressing using quality level 255
Compressing using quality level 255
Compressing using quality level 255
Compressing using quality level 255
Compressing using quality level 255
Compressing using quality level 255
Compressing using quality level 255
Compressing using quality level 255
Compressing using quality level 255
Compressing using quality level 255
Compressing using quality level 255
Compressing using quality level 255
Compressing using quality level 255
Compressing using quality level 255
Compressing using quality level 255
Compressing using quality level 255
Compressing using quality level 255
Compressing using quality level 255
Compressing using quality level 255
Compressing using quality level 255
Compressing using quality level 255
Compressing using quality level 255
Compressing using quality level 255
Compressing using quality level 255
Compressing using quality level 255
Compressing using quality level 255
Compressing using quality level 255
Compressing using quality level 255
Compressing using quality level 255
Compressing using quality level 255
Compressing using quality level 255
Compressing using quality level 255
Compressing using quality level 255
Compressing using quality level 255
Compressing using quality level 255
Compressing using quality level 255
Compressing using quality level 255
Compressing using quality level 255
Thread 0x16f95b000 may have been prematurely finalized
Killing ADB server in 0.048477 seconds.
Thread 0x16f9e7000 may have been prematurely finalized
Input System module state changed to: ShutdownInProgress.
Input Polling Thread exited.
Input System module state changed to: Shutdown.
[Physics::Module] Cleanup current backend.
[Physics::Module] Id: 0xf2b8ea05
[Licensing::IpcConnector] LicenseClient-terrence-notifications channel disconnected successfully.
[Licensing::IpcConnector] LicenseClient-terrence channel disconnected successfully.
Thread 0x1702a7000 may have been prematurely finalized
Thread 0x170333000 may have been prematurely finalized
Thread 0x1703bf000 may have been prematurely finalized
Thread 0x170563000 may have been prematurely finalized
Thread 0x1704d7000 may have been prematurely finalized
Thread 0x17044b000 may have been prematurely finalized
Thread 0x1705ef000 may have been prematurely finalized
Thread 0x17067b000 may have been prematurely finalized
AcceleratorClientConnectionCallback - disconnected - :0
Cleanup mono
CodeReloadManager destroyed
info: Microsoft.Hosting.Lifetime[0]
      Application is shutting down...
info: Unity.ILPP.Runner.PostProcessingAssemblyLoadContext[0]
      ALC ILPP context 1 is unloading
debugger-agent: Unable to listen on 44
