Unity Editor version:    6000.4.5f1 (cc83ebd631f8)
Branch:                  6000.4/staging
Build type:              Release
Batch mode:              YES
macOS version:           Version 26.5.2 (Build 25F84)
Darwin version:          25.5.0
Architecture:            arm64
Running under Rosetta:   NO
Available memory:        16384 MB
Date:                    2026-07-23T21:15:14Z
[Licensing::Module] Trying to connect to existing licensing client channel...
[Licensing::IpcConnector] Successfully connected to: "LicenseClient-terrence" at "2026-07-23T21:15:14.472025Z"
Launching external process: /Applications/Unity/Hub/Editor/6000.4.5f1/Unity.app/Contents/Helpers/PackageManager/Server/UnityPackageManager

COMMAND LINE ARGUMENTS:
/Applications/Unity/Hub/Editor/6000.4.5f1/Unity.app/Contents/MacOS/Unity
-batchmode
-nographics
-projectPath
/Volumes/T9(Samsung)/UnityProjects/BCAT_6000_4_TEST
-buildTarget
WebGL
-executeMethod
BCATAddressablesSetup.Setup
-logFile
webgl-public-optimization-reports/unity_addr_setup.log
Successfully changed project path to: /Volumes/T9(Samsung)/UnityProjects/BCAT_6000_4_TEST
/Volumes/T9(Samsung)/UnityProjects/BCAT_6000_4_TEST
[UnityMemory] Configuration Parameters - Can be set up in boot.config
    "memorysetup-temp-allocator-size-gi-baking-worker=262144"
    "memorysetup-temp-allocator-size-gi-baking-worker=262144"
    "memorysetup-temp-allocator-size-gi-baking-worker=262144"
    "memorysetup-temp-allocator-size-gi-baking-worker=262144"
    "memorysetup-temp-allocator-size-gi-baking-worker=262144"
    "memorysetup-temp-allocator-size-nav-mesh-worker=65536"
    "memorysetup-temp-allocator-size-audio-worker=65536"
    "memorysetup-temp-allocator-size-cloud-worker=32768"
    "memorysetup-allocator-temp-initial-block-size-main=262144"
    "memorysetup-allocator-temp-initial-block-size-worker=262144"
    "memorysetup-temp-allocator-size-background-worker=32768"
    "memorysetup-temp-allocator-size-job-worker=262144"
    "memorysetup-temp-allocator-size-preload-manager=33554432"
    "memorysetup-temp-allocator-size-gfx=262144"
    "memorysetup-bucket-allocator-granularity=16"
    "memorysetup-bucket-allocator-bucket-count=8"
    "memorysetup-bucket-allocator-block-size=33554432"
    "memorysetup-bucket-allocator-block-count=8"
    "memorysetup-main-allocator-block-size=16777216"
    "memorysetup-thread-allocator-block-size=16777216"
    "memorysetup-gfx-main-allocator-block-size=16777216"
    "memorysetup-gfx-thread-allocator-block-size=16777216"
    "memorysetup-cache-allocator-block-size=4194304"
    "memorysetup-typetree-allocator-block-size=2097152"
    "memorysetup-profiler-bucket-allocator-granularity=16"
    "memorysetup-profiler-bucket-allocator-bucket-count=8"
    "memorysetup-profiler-bucket-allocator-block-size=33554432"
    "memorysetup-profiler-bucket-allocator-block-count=8"
    "memorysetup-profiler-allocator-block-size=16777216"
    "memorysetup-profiler-editor-allocator-block-size=1048576"
    "memorysetup-temp-allocator-size-main=16777216"
    "memorysetup-job-temp-allocator-block-size=2097152"
    "memorysetup-job-temp-allocator-block-size-background=1048576"
    "memorysetup-job-temp-allocator-reduction-small-platforms=262144"
Player connection [8384060800]  Target information:

Player connection [8384060800]  * "[IP] 10.0.0.162 [Port] 55504 [Flags] 2 [Guid] 1385162122 [EditorId] 1385162122 [Version] 1048832 [Id] OSXEditor(0,Terrences-MacBook-Air.local) [Debug] 1 [PackageName] OSXEditor [ProjectName] Editor" 

Player connection [8384060800]  * "[IP] 10.2.0.2 [Port] 55504 [Flags] 2 [Guid] 1385162122 [EditorId] 1385162122 [Version] 1048832 [Id] OSXEditor(0,Terrences-MacBook-Air.local) [Debug] 1 [PackageName] OSXEditor [ProjectName] Editor" 

Player connection [8384060800] Host joined multi-casting on [225.0.0.222:54997]...
Player connection [8384060800] Host joined alternative multi-casting on [225.0.0.222:34997]...
Input System module state changed to: Initialized.
[Physics::Module] Initialized fallback backend.
[Physics::Module] Id: 0xdecafbad
[Licensing::Client] Error: HandshakeResponse reported an error:
	ResponseCode: 505
	ResponseStatus: Unsupported protocol version '1.18.1'.
[Licensing::Module] Error: Failed to handshake to channel: "LicenseClient-terrence"
[Licensing::IpcConnector] LicenseClient-terrence channel disconnected successfully.
[Licensing::IpcConnector] Channel LicenseClient-terrence-6000.4.5 doesn't exist
Launching external process: /Applications/Unity/Hub/Editor/6000.4.5f1/Unity.app/Contents/Helpers/UnityLicensingClient.app/Contents/MacOS/Unity.Licensing.Client
[Licensing::Module] Successfully launched the LicensingClient (PId: 78383)
[Package Manager] Connected to IPC stream "Upm-78380" after 0.1 seconds.
[Licensing::Module] Licensing is not yet initialized.
[Licensing::IpcConnector] Successfully connected to: "LicenseClient-terrence-6000.4.5" at "2026-07-23T21:15:14.781512Z"
[Licensing::Client] Handshaking with LicensingClient:
  Version:                 1.18.1+9fbee8e
  Session Id:              a1e44418d8844aa5ac8e4e14b6ca9579
  Correlation Id:          129cbbd74c17d60e2284a3442f37c9f2
  External correlation Id: 4471217948822615614
  Machine Id:              1bOvOg2fwccX7xgA5fklJMGtjf8=
[Licensing::Module] Successfully connected to LicensingClient on channel: "LicenseClient-terrence-6000.4.5" (connect: 0.11s, validation: 0.02s, handshake: 0.19s)
[Licensing::IpcConnector] Successfully connected to: "LicenseClient-terrence-6000.4.5-notifications" at "2026-07-23T21:15:14.987547Z"
[Licensing::Module] Connected to LicensingClient (PId: 78383, launch time: 0.00, total connection time: 0.32s)
[Licensing::Module] Error: Access token is unavailable; failed to update
[Licensing::Client] Successfully resolved entitlement details
[Licensing::Module] License group:
  Id: 20067546315208-UnityPersXXXX
  Product: Unity Personal
  Type: Assigned
  Expiration: Unlimited
[Licensing::Client] Successfully updated license, isAsync: True, time: 0.00
[Licensing::Client] Successfully resolved entitlement details
[Licensing::Module] Licensing Background thread has ended after 0.52s
[Licensing::Module] Licensing is initialized (took 0.30s).
[Licensing::Client] Successfully resolved entitlement details
Library Redirect Path: Library/
[Physics::Module] Selected backend.
[Physics::Module] Name: PhysX
[Physics::Module] Id: 0xf2b8ea05
[Physics::Module] SDK Version: 4.1.2
[Physics::Module] Integration Version: 1.0.0
[Physics::Module] Threading Mode: Multi-Threaded
Targeting platform: WebGL
Initialize engine version: 6000.4.5f1 (cc83ebd631f8)
[Subsystems] Discovering subsystems at path /Applications/Unity/Hub/Editor/6000.4.5f1/Unity.app/Contents/Resources/UnitySubsystems
[Subsystems] Discovering subsystems at path /Volumes/T9(Samsung)/UnityProjects/BCAT_6000_4_TEST/Assets
Forcing GfxDevice: Null
GfxDevice: creating device client; kGfxThreadingModeNonThreaded
NullGfxDevice:
    Version:  NULL 1.0 [1.0]
    Renderer: Null Device
    Vendor:   Unity Technologies
Initialize mono
Mono path[0] = '/Applications/Unity/Hub/Editor/6000.4.5f1/Unity.app/Contents/Resources/Scripting/Managed'
Mono path[1] = '/Applications/Unity/Hub/Editor/6000.4.5f1/Unity.app/Contents/Resources/Scripting/MonoBleedingEdge/lib/mono/unityjit-macos'
Mono config path = '/Applications/Unity/Hub/Editor/6000.4.5f1/Unity.app/Contents/Resources/Scripting/MonoBleedingEdge/etc'
Using monoOptions --debugger-agent=transport=dt_socket,embedding=1,server=y,suspend=n,address=127.0.0.1:56380
CodeReloadManager initialized
Using cacheserver namespaces - metadata:defaultmetadata, artifacts:defaultartifacts
Using cacheserver namespaces - metadata:defaultmetadata, artifacts:defaultartifacts
ImportWorker Server TCP listen port: 0
AcceleratorClientConnectionCallback - disconnected - :0
Begin MonoManager ReloadAssembly
Registering precompiled unity dll's ...
Register platform support module: /Applications/Unity/Hub/Editor/6000.4.5f1/PlaybackEngines/WebGLSupport/UnityEditor.WebGL.Extensions.dll
Register platform support module: /Applications/Unity/Hub/Editor/6000.4.5f1/Unity.app/Contents/PlaybackEngines/MacStandaloneSupport/UnityEditor.OSXStandalone.Extensions.dll
[Licensing::Client] Successfully resolved entitlement details
Register platform support module: /Applications/Unity/Hub/Editor/6000.4.5f1/PlaybackEngines/AndroidPlayer/UnityEditor.Android.Extensions.dll
Registered in 0.001536 seconds.
Native extension for Android target not found
Native extension for OSXStandalone target not found
Native extension for WebGL target not found
Package Manager log level set to [2]
ScheduleIndexationOnStartup MainProcess:False IndexOnStartup:True
Mono: successfully reloaded assembly
- Finished resetting the current domain, in  0.209 seconds
Domain Reload Profiling: 420ms
	BeginReloadAssembly (47ms)
		CreateAndSetChildDomain (12ms)
	RebuildCommonClasses (19ms)
	RebuildNativeTypeToScriptingClass (7ms)
	initialDomainReloadingComplete (27ms)
	LoadAllAssembliesAndSetupDomain (109ms)
		LoadAssemblies (35ms)
		AnalyzeDomain (104ms)
			TypeCache.Refresh (103ms)
				TypeCache.ScanAssembly (95ms)
	FinalizeReload (211ms)
		SetupLoadedEditorAssemblies (0ms)
			InitializePlatformSupportModulesInManaged (26ms)
			BeforeProcessingInitializeOnLoad (41ms)
			ProcessInitializeOnLoadAttributes (58ms)
			ProcessInitializeOnLoadMethodAttributes (50ms)
[Licensing::Client] Successfully resolved entitlement details
Application.AssetDatabase Initial Refresh Start
[Package Manager] Restoring resolved packages state from cache
[Licensing::Client] Successfully resolved entitlement details
[Package Manager] Registered 79 packages:
  Packages from [https://packages.unity.com]:
    com.unity.ai.navigation@2.0.12 (location: /Volumes/T9(Samsung)/UnityProjects/BCAT_6000_4_TEST/Library/PackageCache/com.unity.ai.navigation@734c2c4c5591)
    com.unity.burst@1.8.29 (location: /Volumes/T9(Samsung)/UnityProjects/BCAT_6000_4_TEST/Library/PackageCache/com.unity.burst@6bb9aca3ef38)
    com.unity.cinemachine@3.1.6 (location: /Volumes/T9(Samsung)/UnityProjects/BCAT_6000_4_TEST/Library/PackageCache/com.unity.cinemachine@285f38545487)
    com.unity.collab-proxy@2.12.4 (location: /Volumes/T9(Samsung)/UnityProjects/BCAT_6000_4_TEST/Library/PackageCache/com.unity.collab-proxy@0b1559bcd34e)
    com.unity.connect.share@4.2.4 (location: /Volumes/T9(Samsung)/UnityProjects/BCAT_6000_4_TEST/Library/PackageCache/com.unity.connect.share@26544eac5181)
    com.unity.ide.rider@3.0.39 (location: /Volumes/T9(Samsung)/UnityProjects/BCAT_6000_4_TEST/Library/PackageCache/com.unity.ide.rider@4504839d03f7)
    com.unity.ide.visualstudio@2.0.27 (location: /Volumes/T9(Samsung)/UnityProjects/BCAT_6000_4_TEST/Library/PackageCache/com.unity.ide.visualstudio@dc1ddd4f09b6)
    com.unity.ide.vscode@1.2.5 (location: /Volumes/T9(Samsung)/UnityProjects/BCAT_6000_4_TEST/Library/PackageCache/com.unity.ide.vscode@82e68656b7bd)
    com.unity.inputsystem@1.19.0 (location: /Volumes/T9(Samsung)/UnityProjects/BCAT_6000_4_TEST/Library/PackageCache/com.unity.inputsystem@21a28c3a6c83)
    com.unity.mathematics@1.3.3 (location: /Volumes/T9(Samsung)/UnityProjects/BCAT_6000_4_TEST/Library/PackageCache/com.unity.mathematics@19a9377c4ffa)
    com.unity.nuget.mono-cecil@1.11.6 (location: /Volumes/T9(Samsung)/UnityProjects/BCAT_6000_4_TEST/Library/PackageCache/com.unity.nuget.mono-cecil@ecb9724e46ff)
    com.unity.package-validation-suite@0.22.0-preview (location: /Volumes/T9(Samsung)/UnityProjects/BCAT_6000_4_TEST/Library/PackageCache/com.unity.package-validation-suite@536239bd7458)
    com.unity.probuilder@6.0.9 (location: /Volumes/T9(Samsung)/UnityProjects/BCAT_6000_4_TEST/Library/PackageCache/com.unity.probuilder@1f279ab829b7)
    com.unity.searcher@4.9.4 (location: /Volumes/T9(Samsung)/UnityProjects/BCAT_6000_4_TEST/Library/PackageCache/com.unity.searcher@d45a78918735)
    com.unity.splines@2.8.4 (location: /Volumes/T9(Samsung)/UnityProjects/BCAT_6000_4_TEST/Library/PackageCache/com.unity.splines@9b00833aca09)
    com.unity.test-framework.performance@3.4.0 (location: /Volumes/T9(Samsung)/UnityProjects/BCAT_6000_4_TEST/Library/PackageCache/com.unity.test-framework.performance@aa81a99c4a75)
    com.unity.timeline@1.8.12 (location: /Volumes/T9(Samsung)/UnityProjects/BCAT_6000_4_TEST/Library/PackageCache/com.unity.timeline@8cd8509afae5)
    com.unity.visualscripting@1.9.11 (location: /Volumes/T9(Samsung)/UnityProjects/BCAT_6000_4_TEST/Library/PackageCache/com.unity.visualscripting@8bed5ad90189)
    com.unity.xr.interaction.toolkit@3.4.1 (location: /Volumes/T9(Samsung)/UnityProjects/BCAT_6000_4_TEST/Library/PackageCache/com.unity.xr.interaction.toolkit@4612b35e2aac)
    com.unity.xr.openxr@1.16.1 (location: /Volumes/T9(Samsung)/UnityProjects/BCAT_6000_4_TEST/Library/PackageCache/com.unity.xr.openxr@ef0033a586bf)
    com.unity.nuget.newtonsoft-json@3.2.2 (location: /Volumes/T9(Samsung)/UnityProjects/BCAT_6000_4_TEST/Library/PackageCache/com.unity.nuget.newtonsoft-json@4dfd81071c64)
    com.unity.xr.core-utils@2.6.0 (location: /Volumes/T9(Samsung)/UnityProjects/BCAT_6000_4_TEST/Library/PackageCache/com.unity.xr.core-utils@a8b900321199)
    com.unity.xr.management@4.5.2 (location: /Volumes/T9(Samsung)/UnityProjects/BCAT_6000_4_TEST/Library/PackageCache/com.unity.xr.management@f589c7ba49ff)
    com.unity.xr.legacyinputhelpers@3.0.1 (location: /Volumes/T9(Samsung)/UnityProjects/BCAT_6000_4_TEST/Library/PackageCache/com.unity.xr.legacyinputhelpers@3f62d634f63b)
    com.unity.settings-manager@2.1.1 (location: /Volumes/T9(Samsung)/UnityProjects/BCAT_6000_4_TEST/Library/PackageCache/com.unity.settings-manager@0b8638c5ce86)
    com.unity.editorcoroutines@1.1.0 (location: /Volumes/T9(Samsung)/UnityProjects/BCAT_6000_4_TEST/Library/PackageCache/com.unity.editorcoroutines@87a15ed012c2)
    com.unity.performance.profile-analyzer@1.3.4 (location: /Volumes/T9(Samsung)/UnityProjects/BCAT_6000_4_TEST/Library/PackageCache/com.unity.performance.profile-analyzer@418130329099)
    com.unity.testtools.codecoverage@1.3.0 (location: /Volumes/T9(Samsung)/UnityProjects/BCAT_6000_4_TEST/Library/PackageCache/com.unity.testtools.codecoverage@19a841221620)
  Built-in packages:
    com.unity.2d.sprite@1.0.0 (location: /Volumes/T9(Samsung)/UnityProjects/BCAT_6000_4_TEST/Library/PackageCache/com.unity.2d.sprite@929df5adbb1f)
    com.unity.collections@6.4.0 (location: /Volumes/T9(Samsung)/UnityProjects/BCAT_6000_4_TEST/Library/PackageCache/com.unity.collections@9c2353fb96f6)
    com.unity.ext.nunit@2.0.5 (location: /Volumes/T9(Samsung)/UnityProjects/BCAT_6000_4_TEST/Library/PackageCache/com.unity.ext.nunit@d8c07649098d)
    com.unity.feature.development@1.0.2 (location: /Volumes/T9(Samsung)/UnityProjects/BCAT_6000_4_TEST/Library/PackageCache/com.unity.feature.development@767aadbc6eb7)
    com.unity.multiplayer.center@1.0.1 (location: /Volumes/T9(Samsung)/UnityProjects/BCAT_6000_4_TEST/Library/PackageCache/com.unity.multiplayer.center@f01f4ba8d00a)
    com.unity.render-pipelines.core@17.4.0 (location: /Volumes/T9(Samsung)/UnityProjects/BCAT_6000_4_TEST/Library/PackageCache/com.unity.render-pipelines.core@2269be549234)
    com.unity.render-pipelines.high-definition@17.4.0 (location: /Volumes/T9(Samsung)/UnityProjects/BCAT_6000_4_TEST/Library/PackageCache/com.unity.render-pipelines.high-definition@78906f9b8726)
    com.unity.render-pipelines.universal@17.4.0 (location: /Volumes/T9(Samsung)/UnityProjects/BCAT_6000_4_TEST/Library/PackageCache/com.unity.render-pipelines.universal@4d008a28541a)
    com.unity.shadergraph@17.4.0 (location: /Volumes/T9(Samsung)/UnityProjects/BCAT_6000_4_TEST/Library/PackageCache/com.unity.shadergraph@cd28a7c13031)
    com.unity.test-framework@1.6.0 (location: /Volumes/T9(Samsung)/UnityProjects/BCAT_6000_4_TEST/Library/PackageCache/com.unity.test-framework@76560ee600cb)
    com.unity.ugui@2.0.0 (location: /Volumes/T9(Samsung)/UnityProjects/BCAT_6000_4_TEST/Library/PackageCache/com.unity.ugui@d8a2716f3013)
    com.unity.modules.accessibility@1.0.0 (location: /Volumes/T9(Samsung)/UnityProjects/BCAT_6000_4_TEST/Library/PackageCache/com.unity.modules.accessibility)
    com.unity.modules.adaptiveperformance@1.0.0 (location: /Volumes/T9(Samsung)/UnityProjects/BCAT_6000_4_TEST/Library/PackageCache/com.unity.modules.adaptiveperformance)
    com.unity.modules.ai@1.0.0 (location: /Volumes/T9(Samsung)/UnityProjects/BCAT_6000_4_TEST/Library/PackageCache/com.unity.modules.ai)
    com.unity.modules.androidjni@1.0.0 (location: /Volumes/T9(Samsung)/UnityProjects/BCAT_6000_4_TEST/Library/PackageCache/com.unity.modules.androidjni)
    com.unity.modules.animation@1.0.0 (location: /Volumes/T9(Samsung)/UnityProjects/BCAT_6000_4_TEST/Library/PackageCache/com.unity.modules.animation)
    com.unity.modules.assetbundle@1.0.0 (location: /Volumes/T9(Samsung)/UnityProjects/BCAT_6000_4_TEST/Library/PackageCache/com.unity.modules.assetbundle)
    com.unity.modules.audio@1.0.0 (location: /Volumes/T9(Samsung)/UnityProjects/BCAT_6000_4_TEST/Library/PackageCache/com.unity.modules.audio)
    com.unity.modules.cloth@1.0.0 (location: /Volumes/T9(Samsung)/UnityProjects/BCAT_6000_4_TEST/Library/PackageCache/com.unity.modules.cloth)
    com.unity.modules.director@1.0.0 (location: /Volumes/T9(Samsung)/UnityProjects/BCAT_6000_4_TEST/Library/PackageCache/com.unity.modules.director)
    com.unity.modules.hierarchycore@1.0.0 (location: /Volumes/T9(Samsung)/UnityProjects/BCAT_6000_4_TEST/Library/PackageCache/com.unity.modules.hierarchycore)
    com.unity.modules.imageconversion@1.0.0 (location: /Volumes/T9(Samsung)/UnityProjects/BCAT_6000_4_TEST/Library/PackageCache/com.unity.modules.imageconversion)
    com.unity.modules.imgui@1.0.0 (location: /Volumes/T9(Samsung)/UnityProjects/BCAT_6000_4_TEST/Library/PackageCache/com.unity.modules.imgui)
    com.unity.modules.jsonserialize@1.0.0 (location: /Volumes/T9(Samsung)/UnityProjects/BCAT_6000_4_TEST/Library/PackageCache/com.unity.modules.jsonserialize)
    com.unity.modules.particlesystem@1.0.0 (location: /Volumes/T9(Samsung)/UnityProjects/BCAT_6000_4_TEST/Library/PackageCache/com.unity.modules.particlesystem)
    com.unity.modules.physics@1.0.0 (location: /Volumes/T9(Samsung)/UnityProjects/BCAT_6000_4_TEST/Library/PackageCache/com.unity.modules.physics)
    com.unity.modules.physics2d@1.0.0 (location: /Volumes/T9(Samsung)/UnityProjects/BCAT_6000_4_TEST/Library/PackageCache/com.unity.modules.physics2d)
    com.unity.modules.screencapture@1.0.0 (location: /Volumes/T9(Samsung)/UnityProjects/BCAT_6000_4_TEST/Library/PackageCache/com.unity.modules.screencapture)
    com.unity.modules.subsystems@1.0.0 (location: /Volumes/T9(Samsung)/UnityProjects/BCAT_6000_4_TEST/Library/PackageCache/com.unity.modules.subsystems)
    com.unity.modules.terrain@1.0.0 (location: /Volumes/T9(Samsung)/UnityProjects/BCAT_6000_4_TEST/Library/PackageCache/com.unity.modules.terrain)
    com.unity.modules.terrainphysics@1.0.0 (location: /Volumes/T9(Samsung)/UnityProjects/BCAT_6000_4_TEST/Library/PackageCache/com.unity.modules.terrainphysics)
    com.unity.modules.tilemap@1.0.0 (location: /Volumes/T9(Samsung)/UnityProjects/BCAT_6000_4_TEST/Library/PackageCache/com.unity.modules.tilemap)
    com.unity.modules.ui@1.0.0 (location: /Volumes/T9(Samsung)/UnityProjects/BCAT_6000_4_TEST/Library/PackageCache/com.unity.modules.ui)
    com.unity.modules.uielements@1.0.0 (location: /Volumes/T9(Samsung)/UnityProjects/BCAT_6000_4_TEST/Library/PackageCache/com.unity.modules.uielements)
    com.unity.modules.umbra@1.0.0 (location: /Volumes/T9(Samsung)/UnityProjects/BCAT_6000_4_TEST/Library/PackageCache/com.unity.modules.umbra)
    com.unity.modules.unityanalytics@1.0.0 (location: /Volumes/T9(Samsung)/UnityProjects/BCAT_6000_4_TEST/Library/PackageCache/com.unity.modules.unityanalytics)
    com.unity.modules.unitywebrequest@1.0.0 (location: /Volumes/T9(Samsung)/UnityProjects/BCAT_6000_4_TEST/Library/PackageCache/com.unity.modules.unitywebrequest)
    com.unity.modules.unitywebrequestassetbundle@1.0.0 (location: /Volumes/T9(Samsung)/UnityProjects/BCAT_6000_4_TEST/Library/PackageCache/com.unity.modules.unitywebrequestassetbundle)
    com.unity.modules.unitywebrequestaudio@1.0.0 (location: /Volumes/T9(Samsung)/UnityProjects/BCAT_6000_4_TEST/Library/PackageCache/com.unity.modules.unitywebrequestaudio)
    com.unity.modules.unitywebrequesttexture@1.0.0 (location: /Volumes/T9(Samsung)/UnityProjects/BCAT_6000_4_TEST/Library/PackageCache/com.unity.modules.unitywebrequesttexture)
    com.unity.modules.unitywebrequestwww@1.0.0 (location: /Volumes/T9(Samsung)/UnityProjects/BCAT_6000_4_TEST/Library/PackageCache/com.unity.modules.unitywebrequestwww)
    com.unity.modules.vectorgraphics@1.0.0 (location: /Volumes/T9(Samsung)/UnityProjects/BCAT_6000_4_TEST/Library/PackageCache/com.unity.modules.vectorgraphics)
    com.unity.modules.vehicles@1.0.0 (location: /Volumes/T9(Samsung)/UnityProjects/BCAT_6000_4_TEST/Library/PackageCache/com.unity.modules.vehicles)
    com.unity.modules.video@1.0.0 (location: /Volumes/T9(Samsung)/UnityProjects/BCAT_6000_4_TEST/Library/PackageCache/com.unity.modules.video)
    com.unity.modules.vr@1.0.0 (location: /Volumes/T9(Samsung)/UnityProjects/BCAT_6000_4_TEST/Library/PackageCache/com.unity.modules.vr)
    com.unity.modules.wind@1.0.0 (location: /Volumes/T9(Samsung)/UnityProjects/BCAT_6000_4_TEST/Library/PackageCache/com.unity.modules.wind)
    com.unity.modules.xr@1.0.0 (location: /Volumes/T9(Samsung)/UnityProjects/BCAT_6000_4_TEST/Library/PackageCache/com.unity.modules.xr)
    com.unity.render-pipelines.universal-config@17.4.0 (location: /Volumes/T9(Samsung)/UnityProjects/BCAT_6000_4_TEST/Library/PackageCache/com.unity.render-pipelines.universal-config@0db4263b9e6b)
    com.unity.visualeffectgraph@17.4.0 (location: /Volumes/T9(Samsung)/UnityProjects/BCAT_6000_4_TEST/Library/PackageCache/com.unity.visualeffectgraph@e00a147af410)
    com.unity.render-pipelines.high-definition-config@17.4.0 (location: /Volumes/T9(Samsung)/UnityProjects/BCAT_6000_4_TEST/Library/PackageCache/com.unity.render-pipelines.high-definition-config@f2a20abb2a1c)
  Embedded packages:
    org.khronos.unitygltf@file:/Volumes/T9(Samsung)/UnityProjects/BCAT_6000_4_TEST/Packages/org.khronos.unitygltf (location: /Volumes/T9(Samsung)/UnityProjects/BCAT_6000_4_TEST/Packages/org.khronos.unitygltf)
[Package Manager] com.unity.ide.vscode is deprecated: Visual Studio Code package is not supported anymore. You can continue to use it, but we won't provide any update anymore.
[Subsystems] Looking for new subsystems at path /Volumes/T9(Samsung)/UnityProjects/BCAT_6000_4_TEST/Library/PackageCache/com.unity.xr.openxr@ef0033a586bf
[Subsystems] Novel subsystem found at Library/PackageCache/com.unity.xr.openxr@ef0033a586bf/Runtime/UnitySubsystemsManifest.json
[Subsystems] Discovering subsystems at path /Applications/Unity/Hub/Editor/6000.4.5f1/Unity.app/Contents/Resources/UnitySubsystems
[Subsystems] Discovering subsystems at path /Volumes/T9(Samsung)/UnityProjects/BCAT_6000_4_TEST/Assets
[Subsystems] Discovering subsystems at path /Volumes/T9(Samsung)/UnityProjects/BCAT_6000_4_TEST/Library/PackageCache/com.unity.xr.openxr@ef0033a586bf
[Subsystems] No descriptors matched for  examples in Library/PackageCache/com.unity.xr.openxr@ef0033a586bf/Runtime/UnitySubsystemsManifest.json.
[Subsystems] 1 'inputs' descriptors matched in Library/PackageCache/com.unity.xr.openxr@ef0033a586bf/Runtime/UnitySubsystemsManifest.json
[Subsystems] 1 'displays' descriptors matched in Library/PackageCache/com.unity.xr.openxr@ef0033a586bf/Runtime/UnitySubsystemsManifest.json
[Subsystems] No descriptors matched for  meshings in Library/PackageCache/com.unity.xr.openxr@ef0033a586bf/Runtime/UnitySubsystemsManifest.json.
[Package Manager] Done registering packages in 0.01 seconds
(node:78382) [DEP0169] DeprecationWarning: `url.parse()` behavior is not standardized and prone to errors that have security implications. Use the WHATWG URL API instead. CVEs are not issued for `url.parse()` vulnerabilities.
(Use `UnityPackageManager --trace-deprecation ...` to show where the warning was created)
[Package Manager] Done resolving packages in 4.19 seconds
[Licensing::Client] Successfully resolved entitlement details
[Package Manager] Lock file was modified
[Package Manager] Registered 82 packages:
  Packages from [https://packages.unity.com]:
    com.unity.addressables@2.9.1 (location: /Volumes/T9(Samsung)/UnityProjects/BCAT_6000_4_TEST/Library/PackageCache/com.unity.addressables@8460f1c9c927)
    com.unity.ai.navigation@2.0.12 (location: /Volumes/T9(Samsung)/UnityProjects/BCAT_6000_4_TEST/Library/PackageCache/com.unity.ai.navigation@734c2c4c5591)
    com.unity.burst@1.8.29 (location: /Volumes/T9(Samsung)/UnityProjects/BCAT_6000_4_TEST/Library/PackageCache/com.unity.burst@6bb9aca3ef38)
    com.unity.cinemachine@3.1.6 (location: /Volumes/T9(Samsung)/UnityProjects/BCAT_6000_4_TEST/Library/PackageCache/com.unity.cinemachine@285f38545487)
    com.unity.collab-proxy@2.12.4 (location: /Volumes/T9(Samsung)/UnityProjects/BCAT_6000_4_TEST/Library/PackageCache/com.unity.collab-proxy@0b1559bcd34e)
    com.unity.connect.share@4.2.4 (location: /Volumes/T9(Samsung)/UnityProjects/BCAT_6000_4_TEST/Library/PackageCache/com.unity.connect.share@26544eac5181)
    com.unity.ide.rider@3.0.39 (location: /Volumes/T9(Samsung)/UnityProjects/BCAT_6000_4_TEST/Library/PackageCache/com.unity.ide.rider@4504839d03f7)
    com.unity.ide.visualstudio@2.0.27 (location: /Volumes/T9(Samsung)/UnityProjects/BCAT_6000_4_TEST/Library/PackageCache/com.unity.ide.visualstudio@dc1ddd4f09b6)
    com.unity.ide.vscode@1.2.5 (location: /Volumes/T9(Samsung)/UnityProjects/BCAT_6000_4_TEST/Library/PackageCache/com.unity.ide.vscode@82e68656b7bd)
    com.unity.inputsystem@1.19.0 (location: /Volumes/T9(Samsung)/UnityProjects/BCAT_6000_4_TEST/Library/PackageCache/com.unity.inputsystem@21a28c3a6c83)
    com.unity.mathematics@1.3.3 (location: /Volumes/T9(Samsung)/UnityProjects/BCAT_6000_4_TEST/Library/PackageCache/com.unity.mathematics@19a9377c4ffa)
    com.unity.nuget.mono-cecil@1.11.6 (location: /Volumes/T9(Samsung)/UnityProjects/BCAT_6000_4_TEST/Library/PackageCache/com.unity.nuget.mono-cecil@ecb9724e46ff)
    com.unity.package-validation-suite@0.22.0-preview (location: /Volumes/T9(Samsung)/UnityProjects/BCAT_6000_4_TEST/Library/PackageCache/com.unity.package-validation-suite@536239bd7458)
    com.unity.probuilder@6.0.9 (location: /Volumes/T9(Samsung)/UnityProjects/BCAT_6000_4_TEST/Library/PackageCache/com.unity.probuilder@1f279ab829b7)
    com.unity.searcher@4.9.4 (location: /Volumes/T9(Samsung)/UnityProjects/BCAT_6000_4_TEST/Library/PackageCache/com.unity.searcher@d45a78918735)
    com.unity.splines@2.8.4 (location: /Volumes/T9(Samsung)/UnityProjects/BCAT_6000_4_TEST/Library/PackageCache/com.unity.splines@9b00833aca09)
    com.unity.test-framework.performance@3.4.0 (location: /Volumes/T9(Samsung)/UnityProjects/BCAT_6000_4_TEST/Library/PackageCache/com.unity.test-framework.performance@aa81a99c4a75)
    com.unity.timeline@1.8.12 (location: /Volumes/T9(Samsung)/UnityProjects/BCAT_6000_4_TEST/Library/PackageCache/com.unity.timeline@8cd8509afae5)
    com.unity.visualscripting@1.9.11 (location: /Volumes/T9(Samsung)/UnityProjects/BCAT_6000_4_TEST/Library/PackageCache/com.unity.visualscripting@8bed5ad90189)
    com.unity.xr.interaction.toolkit@3.4.1 (location: /Volumes/T9(Samsung)/UnityProjects/BCAT_6000_4_TEST/Library/PackageCache/com.unity.xr.interaction.toolkit@4612b35e2aac)
    com.unity.xr.openxr@1.16.1 (location: /Volumes/T9(Samsung)/UnityProjects/BCAT_6000_4_TEST/Library/PackageCache/com.unity.xr.openxr@ef0033a586bf)
    com.unity.nuget.newtonsoft-json@3.2.2 (location: /Volumes/T9(Samsung)/UnityProjects/BCAT_6000_4_TEST/Library/PackageCache/com.unity.nuget.newtonsoft-json@4dfd81071c64)
    com.unity.xr.core-utils@2.6.0 (location: /Volumes/T9(Samsung)/UnityProjects/BCAT_6000_4_TEST/Library/PackageCache/com.unity.xr.core-utils@a8b900321199)
    com.unity.xr.management@4.5.2 (location: /Volumes/T9(Samsung)/UnityProjects/BCAT_6000_4_TEST/Library/PackageCache/com.unity.xr.management@f589c7ba49ff)
    com.unity.xr.legacyinputhelpers@3.0.1 (location: /Volumes/T9(Samsung)/UnityProjects/BCAT_6000_4_TEST/Library/PackageCache/com.unity.xr.legacyinputhelpers@3f62d634f63b)
    com.unity.settings-manager@2.1.1 (location: /Volumes/T9(Samsung)/UnityProjects/BCAT_6000_4_TEST/Library/PackageCache/com.unity.settings-manager@0b8638c5ce86)
    com.unity.editorcoroutines@1.1.0 (location: /Volumes/T9(Samsung)/UnityProjects/BCAT_6000_4_TEST/Library/PackageCache/com.unity.editorcoroutines@87a15ed012c2)
    com.unity.performance.profile-analyzer@1.3.4 (location: /Volumes/T9(Samsung)/UnityProjects/BCAT_6000_4_TEST/Library/PackageCache/com.unity.performance.profile-analyzer@418130329099)
    com.unity.testtools.codecoverage@1.3.0 (location: /Volumes/T9(Samsung)/UnityProjects/BCAT_6000_4_TEST/Library/PackageCache/com.unity.testtools.codecoverage@19a841221620)
    com.unity.profiling.core@1.0.3 (location: /Volumes/T9(Samsung)/UnityProjects/BCAT_6000_4_TEST/Library/PackageCache/com.unity.profiling.core@8a49f7027d06)
    com.unity.scriptablebuildpipeline@2.6.1 (location: /Volumes/T9(Samsung)/UnityProjects/BCAT_6000_4_TEST/Library/PackageCache/com.unity.scriptablebuildpipeline@36e3b5898ee2)
  Built-in packages:
    com.unity.2d.sprite@1.0.0 (location: /Volumes/T9(Samsung)/UnityProjects/BCAT_6000_4_TEST/Library/PackageCache/com.unity.2d.sprite@929df5adbb1f)
    com.unity.collections@6.4.0 (location: /Volumes/T9(Samsung)/UnityProjects/BCAT_6000_4_TEST/Library/PackageCache/com.unity.collections@9c2353fb96f6)
    com.unity.ext.nunit@2.0.5 (location: /Volumes/T9(Samsung)/UnityProjects/BCAT_6000_4_TEST/Library/PackageCache/com.unity.ext.nunit@d8c07649098d)
    com.unity.feature.development@1.0.2 (location: /Volumes/T9(Samsung)/UnityProjects/BCAT_6000_4_TEST/Library/PackageCache/com.unity.feature.development@767aadbc6eb7)
    com.unity.multiplayer.center@1.0.1 (location: /Volumes/T9(Samsung)/UnityProjects/BCAT_6000_4_TEST/Library/PackageCache/com.unity.multiplayer.center@f01f4ba8d00a)
    com.unity.render-pipelines.core@17.4.0 (location: /Volumes/T9(Samsung)/UnityProjects/BCAT_6000_4_TEST/Library/PackageCache/com.unity.render-pipelines.core@2269be549234)
    com.unity.render-pipelines.high-definition@17.4.0 (location: /Volumes/T9(Samsung)/UnityProjects/BCAT_6000_4_TEST/Library/PackageCache/com.unity.render-pipelines.high-definition@78906f9b8726)
    com.unity.render-pipelines.universal@17.4.0 (location: /Volumes/T9(Samsung)/UnityProjects/BCAT_6000_4_TEST/Library/PackageCache/com.unity.render-pipelines.universal@4d008a28541a)
    com.unity.shadergraph@17.4.0 (location: /Volumes/T9(Samsung)/UnityProjects/BCAT_6000_4_TEST/Library/PackageCache/com.unity.shadergraph@cd28a7c13031)
    com.unity.test-framework@1.6.0 (location: /Volumes/T9(Samsung)/UnityProjects/BCAT_6000_4_TEST/Library/PackageCache/com.unity.test-framework@76560ee600cb)
    com.unity.ugui@2.0.0 (location: /Volumes/T9(Samsung)/UnityProjects/BCAT_6000_4_TEST/Library/PackageCache/com.unity.ugui@d8a2716f3013)
    com.unity.modules.accessibility@1.0.0 (location: /Volumes/T9(Samsung)/UnityProjects/BCAT_6000_4_TEST/Library/PackageCache/com.unity.modules.accessibility)
    com.unity.modules.adaptiveperformance@1.0.0 (location: /Volumes/T9(Samsung)/UnityProjects/BCAT_6000_4_TEST/Library/PackageCache/com.unity.modules.adaptiveperformance)
    com.unity.modules.ai@1.0.0 (location: /Volumes/T9(Samsung)/UnityProjects/BCAT_6000_4_TEST/Library/PackageCache/com.unity.modules.ai)
    com.unity.modules.androidjni@1.0.0 (location: /Volumes/T9(Samsung)/UnityProjects/BCAT_6000_4_TEST/Library/PackageCache/com.unity.modules.androidjni)
    com.unity.modules.animation@1.0.0 (location: /Volumes/T9(Samsung)/UnityProjects/BCAT_6000_4_TEST/Library/PackageCache/com.unity.modules.animation)
    com.unity.modules.assetbundle@1.0.0 (location: /Volumes/T9(Samsung)/UnityProjects/BCAT_6000_4_TEST/Library/PackageCache/com.unity.modules.assetbundle)
    com.unity.modules.audio@1.0.0 (location: /Volumes/T9(Samsung)/UnityProjects/BCAT_6000_4_TEST/Library/PackageCache/com.unity.modules.audio)
    com.unity.modules.cloth@1.0.0 (location: /Volumes/T9(Samsung)/UnityProjects/BCAT_6000_4_TEST/Library/PackageCache/com.unity.modules.cloth)
    com.unity.modules.director@1.0.0 (location: /Volumes/T9(Samsung)/UnityProjects/BCAT_6000_4_TEST/Library/PackageCache/com.unity.modules.director)
    com.unity.modules.hierarchycore@1.0.0 (location: /Volumes/T9(Samsung)/UnityProjects/BCAT_6000_4_TEST/Library/PackageCache/com.unity.modules.hierarchycore)
    com.unity.modules.imageconversion@1.0.0 (location: /Volumes/T9(Samsung)/UnityProjects/BCAT_6000_4_TEST/Library/PackageCache/com.unity.modules.imageconversion)
    com.unity.modules.imgui@1.0.0 (location: /Volumes/T9(Samsung)/UnityProjects/BCAT_6000_4_TEST/Library/PackageCache/com.unity.modules.imgui)
    com.unity.modules.jsonserialize@1.0.0 (location: /Volumes/T9(Samsung)/UnityProjects/BCAT_6000_4_TEST/Library/PackageCache/com.unity.modules.jsonserialize)
    com.unity.modules.particlesystem@1.0.0 (location: /Volumes/T9(Samsung)/UnityProjects/BCAT_6000_4_TEST/Library/PackageCache/com.unity.modules.particlesystem)
    com.unity.modules.physics@1.0.0 (location: /Volumes/T9(Samsung)/UnityProjects/BCAT_6000_4_TEST/Library/PackageCache/com.unity.modules.physics)
    com.unity.modules.physics2d@1.0.0 (location: /Volumes/T9(Samsung)/UnityProjects/BCAT_6000_4_TEST/Library/PackageCache/com.unity.modules.physics2d)
    com.unity.modules.screencapture@1.0.0 (location: /Volumes/T9(Samsung)/UnityProjects/BCAT_6000_4_TEST/Library/PackageCache/com.unity.modules.screencapture)
    com.unity.modules.subsystems@1.0.0 (location: /Volumes/T9(Samsung)/UnityProjects/BCAT_6000_4_TEST/Library/PackageCache/com.unity.modules.subsystems)
    com.unity.modules.terrain@1.0.0 (location: /Volumes/T9(Samsung)/UnityProjects/BCAT_6000_4_TEST/Library/PackageCache/com.unity.modules.terrain)
    com.unity.modules.terrainphysics@1.0.0 (location: /Volumes/T9(Samsung)/UnityProjects/BCAT_6000_4_TEST/Library/PackageCache/com.unity.modules.terrainphysics)
    com.unity.modules.tilemap@1.0.0 (location: /Volumes/T9(Samsung)/UnityProjects/BCAT_6000_4_TEST/Library/PackageCache/com.unity.modules.tilemap)
    com.unity.modules.ui@1.0.0 (location: /Volumes/T9(Samsung)/UnityProjects/BCAT_6000_4_TEST/Library/PackageCache/com.unity.modules.ui)
    com.unity.modules.uielements@1.0.0 (location: /Volumes/T9(Samsung)/UnityProjects/BCAT_6000_4_TEST/Library/PackageCache/com.unity.modules.uielements)
    com.unity.modules.umbra@1.0.0 (location: /Volumes/T9(Samsung)/UnityProjects/BCAT_6000_4_TEST/Library/PackageCache/com.unity.modules.umbra)
    com.unity.modules.unityanalytics@1.0.0 (location: /Volumes/T9(Samsung)/UnityProjects/BCAT_6000_4_TEST/Library/PackageCache/com.unity.modules.unityanalytics)
    com.unity.modules.unitywebrequest@1.0.0 (location: /Volumes/T9(Samsung)/UnityProjects/BCAT_6000_4_TEST/Library/PackageCache/com.unity.modules.unitywebrequest)
    com.unity.modules.unitywebrequestassetbundle@1.0.0 (location: /Volumes/T9(Samsung)/UnityProjects/BCAT_6000_4_TEST/Library/PackageCache/com.unity.modules.unitywebrequestassetbundle)
    com.unity.modules.unitywebrequestaudio@1.0.0 (location: /Volumes/T9(Samsung)/UnityProjects/BCAT_6000_4_TEST/Library/PackageCache/com.unity.modules.unitywebrequestaudio)
    com.unity.modules.unitywebrequesttexture@1.0.0 (location: /Volumes/T9(Samsung)/UnityProjects/BCAT_6000_4_TEST/Library/PackageCache/com.unity.modules.unitywebrequesttexture)
    com.unity.modules.unitywebrequestwww@1.0.0 (location: /Volumes/T9(Samsung)/UnityProjects/BCAT_6000_4_TEST/Library/PackageCache/com.unity.modules.unitywebrequestwww)
    com.unity.modules.vectorgraphics@1.0.0 (location: /Volumes/T9(Samsung)/UnityProjects/BCAT_6000_4_TEST/Library/PackageCache/com.unity.modules.vectorgraphics)
    com.unity.modules.vehicles@1.0.0 (location: /Volumes/T9(Samsung)/UnityProjects/BCAT_6000_4_TEST/Library/PackageCache/com.unity.modules.vehicles)
    com.unity.modules.video@1.0.0 (location: /Volumes/T9(Samsung)/UnityProjects/BCAT_6000_4_TEST/Library/PackageCache/com.unity.modules.video)
    com.unity.modules.vr@1.0.0 (location: /Volumes/T9(Samsung)/UnityProjects/BCAT_6000_4_TEST/Library/PackageCache/com.unity.modules.vr)
    com.unity.modules.wind@1.0.0 (location: /Volumes/T9(Samsung)/UnityProjects/BCAT_6000_4_TEST/Library/PackageCache/com.unity.modules.wind)
    com.unity.modules.xr@1.0.0 (location: /Volumes/T9(Samsung)/UnityProjects/BCAT_6000_4_TEST/Library/PackageCache/com.unity.modules.xr)
    com.unity.render-pipelines.universal-config@17.4.0 (location: /Volumes/T9(Samsung)/UnityProjects/BCAT_6000_4_TEST/Library/PackageCache/com.unity.render-pipelines.universal-config@0db4263b9e6b)
    com.unity.visualeffectgraph@17.4.0 (location: /Volumes/T9(Samsung)/UnityProjects/BCAT_6000_4_TEST/Library/PackageCache/com.unity.visualeffectgraph@e00a147af410)
    com.unity.render-pipelines.high-definition-config@17.4.0 (location: /Volumes/T9(Samsung)/UnityProjects/BCAT_6000_4_TEST/Library/PackageCache/com.unity.render-pipelines.high-definition-config@f2a20abb2a1c)
  Embedded packages:
    org.khronos.unitygltf@file:/Volumes/T9(Samsung)/UnityProjects/BCAT_6000_4_TEST/Packages/org.khronos.unitygltf (location: /Volumes/T9(Samsung)/UnityProjects/BCAT_6000_4_TEST/Packages/org.khronos.unitygltf)
[Package Manager] com.unity.ide.vscode is deprecated: Visual Studio Code package is not supported anymore. You can continue to use it, but we won't provide any update anymore.
[Subsystems] Looking for new subsystems at path /Volumes/T9(Samsung)/UnityProjects/BCAT_6000_4_TEST/Library/PackageCache/com.unity.xr.openxr@ef0033a586bf
[Subsystems] Looking for invalid subsystems at path Library/PackageCache/com.unity.xr.openxr@ef0033a586bf/Runtime/UnitySubsystemsManifest.json
[Subsystems] No new subsystems found in resolved package list.
[Package Manager] Done registering packages in 0.00 seconds
[ScriptCompilation] Requested script compilation because: Assembly Definition File(s) changed
[ScriptCompilation] Requested script compilation because: AssetDatabase observed changes in script compilation related files
Duplicate assembly 'log4net.dll' with different versions detected, using 'Packages/com.unity.package-validation-suite/Lib/Editor/log4net.dll, AssemblyName=log4net, Version=2.0.8.0, Culture=neutral, PublicKeyToken=669e0ddf0bb1aa2a' and ignoring 'Packages/com.unity.collab-proxy/Lib/Editor/log4netPlastic.dll, AssemblyName=log4net, Version=1.2.15.0, Culture=neutral, PublicKeyToken=669e0ddf0bb1aa2a'.info: Microsoft.Hosting.Lifetime[14]
      Now listening on: http://unix:/tmp/ilpp.sock-c5847fb02bd37bbd46af5c68829afaad
info: Microsoft.Hosting.Lifetime[0]
      Application started. Press Ctrl+C to shut down.
info: Microsoft.Hosting.Lifetime[0]
      Hosting environment: Production
info: Microsoft.Hosting.Lifetime[0]
      Content root path: /Volumes/T9(Samsung)/UnityProjects/BCAT_6000_4_TEST
info: Microsoft.AspNetCore.Hosting.Diagnostics[1]
      Request starting HTTP/2 POST http://ilpp/UnityILPP.PostProcessing/Ping - application/grpc -
info: Microsoft.AspNetCore.Routing.EndpointMiddleware[0]
      Executing endpoint 'gRPC - /UnityILPP.PostProcessing/Ping'
info: Microsoft.AspNetCore.Routing.EndpointMiddleware[1]
      Executed endpoint 'gRPC - /UnityILPP.PostProcessing/Ping'
info: Microsoft.AspNetCore.Hosting.Diagnostics[2]
      Request finished HTTP/2 POST http://ilpp/UnityILPP.PostProcessing/Ping - 200 - application/grpc 14.2192ms
Starting: /Applications/Unity/Hub/Editor/6000.4.5f1/Unity.app/Contents/Resources/BuildPipeline/bee_backend --ipc --defer-dag-verification --dagfile="Library/Bee/2000b0aE.dag" --continue-on-failure --profile="Library/Bee/backend1.traceevents" ScriptAssemblies
WorkingDir: /Volumes/T9(Samsung)/UnityProjects/BCAT_6000_4_TEST
Duplicate assembly 'log4net.dll' with different versions detected, using 'Packages/com.unity.package-validation-suite/Lib/Editor/log4net.dll, AssemblyName=log4net, Version=2.0.8.0, Culture=neutral, PublicKeyToken=669e0ddf0bb1aa2a' and ignoring 'Packages/com.unity.collab-proxy/Lib/Editor/log4netPlastic.dll, AssemblyName=log4net, Version=1.2.15.0, Culture=neutral, PublicKeyToken=669e0ddf0bb1aa2a'.DisplayProgressbar: Compiling Scripts
info: Microsoft.AspNetCore.Hosting.Diagnostics[1]
      Request starting HTTP/2 POST http://ilpp/UnityILPP.PostProcessing/ConfigurePostProcessors - application/grpc -
info: Microsoft.AspNetCore.Routing.EndpointMiddleware[0]
      Executing endpoint 'gRPC - /UnityILPP.PostProcessing/ConfigurePostProcessors'
warn: Unity.ILPP.Runner.PostProcessingAssemblyLoadContext[0]
      Assembly system.runtime.interopservices.windowsruntime has duplicate hint path. Ignoring "/Applications/Unity/Hub/Editor/6000.4.5f1/Unity.app/Contents/Resources/Scripting/UnityReferenceAssemblies/unity-4.8-api/Facades/System.Runtime.InteropServices.WindowsRuntime.dll" in favor of "/Applications/Unity/Hub/Editor/6000.4.5f1/Unity.app/Contents/Resources/Scripting/NetStandard/Extensions/2.0.0/System.Runtime.InteropServices.WindowsRuntime.dll"
warn: Unity.ILPP.Runner.PostProcessingAssemblyLoadContext[0]
      Assembly system.componentmodel.composition has duplicate hint path. Ignoring "/Applications/Unity/Hub/Editor/6000.4.5f1/Unity.app/Contents/Resources/Scripting/UnityReferenceAssemblies/unity-4.8-api/System.ComponentModel.Composition.dll" in favor of "/Applications/Unity/Hub/Editor/6000.4.5f1/Unity.app/Contents/Resources/Scripting/NetStandard/compat/2.1.0/shims/netfx/System.ComponentModel.Composition.dll"
info: Unity.ILPP.Runner.PostProcessingAssemblyLoadContext[0]
      Resolved Unity.Burst.Cecil, Version=0.11.6.0, Culture=neutral, PublicKeyToken=50cebf1cceb9d05e with Library/PackageCache/com.unity.burst@6bb9aca3ef38/Unity.Burst.CodeGen/Unity.Burst.Cecil.dll
info: Unity.ILPP.Runner.PostProcessingAssemblyLoadContext[0]
      Resolved Mono.Cecil, Version=0.11.5.0, Culture=neutral, PublicKeyToken=50cebf1cceb9d05e with Library/PackageCache/com.unity.nuget.mono-cecil@ecb9724e46ff/Mono.Cecil.dll
info: Microsoft.AspNetCore.Routing.EndpointMiddleware[1]
      Executed endpoint 'gRPC - /UnityILPP.PostProcessing/ConfigurePostProcessors'
info: Microsoft.AspNetCore.Hosting.Diagnostics[2]
      Request finished HTTP/2 POST http://ilpp/UnityILPP.PostProcessing/ConfigurePostProcessors - 200 - application/grpc 12.7754ms
Starting: /Applications/Unity/Hub/Editor/6000.4.5f1/Unity.app/Contents/Resources/Scripting/netcorerun/netcorerun "/Applications/Unity/Hub/Editor/6000.4.5f1/Unity.app/Contents/Resources/BuildPipeline/ScriptCompilationBuildProgram.exe" "Library/Bee/2000b0aE.dag.json" "Library/Bee/2000b0aE-inputdata.json" "Library/Bee/buildprogram0.traceevents"
ExitCode: 4 Duration: 0s249ms
Rebuilding DAG because FileSignature timestamp changed: Library/Bee/2000b0aE-inputdata.json
[ 844/1521  0s] ILPP-Configuration Library/ilpp-configuration.nevergeneratedoutput
*** Tundra requires additional run (0.23 seconds), 1 items updated, 835 evaluated
WorkingDir: /Volumes/T9(Samsung)/UnityProjects/BCAT_6000_4_TEST
ExitCode: 0 Duration: 1s523ms
Starting: /Applications/Unity/Hub/Editor/6000.4.5f1/Unity.app/Contents/Resources/BuildPipeline/bee_backend --ipc --defer-dag-verification --dagfile="Library/Bee/2000b0aE.dag" --continue-on-failure --dagfilejson="Library/Bee/2000b0aE.dag.json" --profile="Library/Bee/backend2.traceevents" ScriptAssemblies
WorkingDir: /Volumes/T9(Samsung)/UnityProjects/BCAT_6000_4_TEST
info: Microsoft.AspNetCore.Hosting.Diagnostics[1]
      Request starting HTTP/2 POST http://ilpp/UnityILPP.PostProcessing/ConfigurePostProcessors - application/grpc -
info: Microsoft.AspNetCore.Routing.EndpointMiddleware[0]
      Executing endpoint 'gRPC - /UnityILPP.PostProcessing/ConfigurePostProcessors'
info: Unity.ILPP.Runner.PostProcessingAssemblyLoadContext[0]
      Current configuration matches the requested one, skipping
info: Microsoft.AspNetCore.Routing.EndpointMiddleware[1]
      Executed endpoint 'gRPC - /UnityILPP.PostProcessing/ConfigurePostProcessors'
info: Microsoft.AspNetCore.Hosting.Diagnostics[2]
      Request finished HTTP/2 POST http://ilpp/UnityILPP.PostProcessing/ConfigurePostProcessors - 200 - application/grpc 4.2643ms
info: Microsoft.AspNetCore.Hosting.Diagnostics[1]
      Request starting HTTP/2 POST http://ilpp/UnityILPP.PostProcessing/PostProcessAssembly - application/grpc -
info: Microsoft.AspNetCore.Routing.EndpointMiddleware[0]
      Executing endpoint 'gRPC - /UnityILPP.PostProcessing/PostProcessAssembly'
info: Unity.ILPP.Runner.PostProcessingPipeline[0]
      Processing assembly Library/Bee/artifacts/2000b0aE.dag/Unity.ScriptableBuildPipeline.dll, with 116 defines and 283 references
info: Unity.ILPP.Runner.PostProcessingPipeline[0]
      processors: Unity.Jobs.CodeGen.JobsILPostProcessor, zzzUnity.Burst.CodeGen.BurstILPostProcessor
info: Unity.ILPP.Runner.PostProcessingPipeline[0]
      running Unity.Jobs.CodeGen.JobsILPostProcessor
info: Unity.ILPP.Runner.PostProcessingPipeline[0]
      running zzzUnity.Burst.CodeGen.BurstILPostProcessor
info: Microsoft.AspNetCore.Hosting.Diagnostics[1]
      Request starting HTTP/2 POST http://ilpp/UnityILPP.PostProcessing/PostProcessAssembly - application/grpc -
info: Microsoft.AspNetCore.Routing.EndpointMiddleware[0]
      Executing endpoint 'gRPC - /UnityILPP.PostProcessing/PostProcessAssembly'
info: Microsoft.AspNetCore.Routing.EndpointMiddleware[1]
      Executed endpoint 'gRPC - /UnityILPP.PostProcessing/PostProcessAssembly'
info: Microsoft.AspNetCore.Hosting.Diagnostics[2]
      Request finished HTTP/2 POST http://ilpp/UnityILPP.PostProcessing/PostProcessAssembly - 200 - application/grpc 10.9114ms
info: Unity.ILPP.Runner.PostProcessingPipeline[0]
      Processing assembly Library/Bee/artifacts/2000b0aE.dag/Unity.Profiling.Core.dll, with 116 defines and 283 references
info: Unity.ILPP.Runner.PostProcessingPipeline[0]
      processors: Unity.Jobs.CodeGen.JobsILPostProcessor, zzzUnity.Burst.CodeGen.BurstILPostProcessor
info: Unity.ILPP.Runner.PostProcessingPipeline[0]
      running Unity.Jobs.CodeGen.JobsILPostProcessor
info: Unity.ILPP.Runner.PostProcessingPipeline[0]
      running zzzUnity.Burst.CodeGen.BurstILPostProcessor
info: Microsoft.AspNetCore.Routing.EndpointMiddleware[1]
      Executed endpoint 'gRPC - /UnityILPP.PostProcessing/PostProcessAssembly'
info: Microsoft.AspNetCore.Hosting.Diagnostics[2]
      Request finished HTTP/2 POST http://ilpp/UnityILPP.PostProcessing/PostProcessAssembly - 200 - application/grpc 3.7710ms
info: Microsoft.AspNetCore.Hosting.Diagnostics[1]
      Request starting HTTP/2 POST http://ilpp/UnityILPP.PostProcessing/PostProcessAssembly - application/grpc -
info: Microsoft.AspNetCore.Routing.EndpointMiddleware[0]
      Executing endpoint 'gRPC - /UnityILPP.PostProcessing/PostProcessAssembly'
info: Unity.ILPP.Runner.PostProcessingPipeline[0]
      Processing assembly Library/Bee/artifacts/2000b0aE.dag/Unity.ResourceManager.dll, with 117 defines and 284 references
info: Unity.ILPP.Runner.PostProcessingPipeline[0]
      processors: Unity.Jobs.CodeGen.JobsILPostProcessor, zzzUnity.Burst.CodeGen.BurstILPostProcessor
info: Unity.ILPP.Runner.PostProcessingPipeline[0]
      running Unity.Jobs.CodeGen.JobsILPostProcessor
info: Unity.ILPP.Runner.PostProcessingPipeline[0]
      running zzzUnity.Burst.CodeGen.BurstILPostProcessor
info: Microsoft.AspNetCore.Routing.EndpointMiddleware[1]
      Executed endpoint 'gRPC - /UnityILPP.PostProcessing/PostProcessAssembly'
info: Microsoft.AspNetCore.Hosting.Diagnostics[2]
      Request finished HTTP/2 POST http://ilpp/UnityILPP.PostProcessing/PostProcessAssembly - 200 - application/grpc 6.5165ms
info: Microsoft.AspNetCore.Hosting.Diagnostics[1]
      Request starting HTTP/2 POST http://ilpp/UnityILPP.PostProcessing/PostProcessAssembly - application/grpc -
info: Microsoft.AspNetCore.Routing.EndpointMiddleware[0]
      Executing endpoint 'gRPC - /UnityILPP.PostProcessing/PostProcessAssembly'
info: Unity.ILPP.Runner.PostProcessingPipeline[0]
      Processing assembly Library/Bee/artifacts/2000b0aE.dag/Unity.ScriptableBuildPipeline.Editor.dll, with 117 defines and 298 references
info: Unity.ILPP.Runner.PostProcessingPipeline[0]
      processors: Unity.Jobs.CodeGen.JobsILPostProcessor, zzzUnity.Burst.CodeGen.BurstILPostProcessor
info: Unity.ILPP.Runner.PostProcessingPipeline[0]
      running Unity.Jobs.CodeGen.JobsILPostProcessor
info: Unity.ILPP.Runner.PostProcessingPipeline[0]
      running zzzUnity.Burst.CodeGen.BurstILPostProcessor
info: Microsoft.AspNetCore.Routing.EndpointMiddleware[1]
      Executed endpoint 'gRPC - /UnityILPP.PostProcessing/PostProcessAssembly'
info: Microsoft.AspNetCore.Hosting.Diagnostics[2]
      Request finished HTTP/2 POST http://ilpp/UnityILPP.PostProcessing/PostProcessAssembly - 200 - application/grpc 5.4698ms
info: Microsoft.AspNetCore.Hosting.Diagnostics[1]
      Request starting HTTP/2 POST http://ilpp/UnityILPP.PostProcessing/PostProcessAssembly - application/grpc -
info: Microsoft.AspNetCore.Routing.EndpointMiddleware[0]
      Executing endpoint 'gRPC - /UnityILPP.PostProcessing/PostProcessAssembly'
info: Unity.ILPP.Runner.PostProcessingPipeline[0]
      Processing assembly Library/Bee/artifacts/2000b0aE.dag/Unity.Addressables.dll, with 116 defines and 284 references
info: Unity.ILPP.Runner.PostProcessingPipeline[0]
      processors: Unity.Jobs.CodeGen.JobsILPostProcessor, zzzUnity.Burst.CodeGen.BurstILPostProcessor
info: Unity.ILPP.Runner.PostProcessingPipeline[0]
      running Unity.Jobs.CodeGen.JobsILPostProcessor
info: Unity.ILPP.Runner.PostProcessingPipeline[0]
      running zzzUnity.Burst.CodeGen.BurstILPostProcessor
info: Microsoft.AspNetCore.Routing.EndpointMiddleware[1]
      Executed endpoint 'gRPC - /UnityILPP.PostProcessing/PostProcessAssembly'
info: Microsoft.AspNetCore.Hosting.Diagnostics[2]
      Request finished HTTP/2 POST http://ilpp/UnityILPP.PostProcessing/PostProcessAssembly - 200 - application/grpc 2.4045ms
info: Microsoft.AspNetCore.Hosting.Diagnostics[1]
      Request starting HTTP/2 POST http://ilpp/UnityILPP.PostProcessing/PostProcessAssembly - application/grpc -
info: Microsoft.AspNetCore.Routing.EndpointMiddleware[0]
      Executing endpoint 'gRPC - /UnityILPP.PostProcessing/PostProcessAssembly'
info: Unity.ILPP.Runner.PostProcessingPipeline[0]
      Processing assembly Library/Bee/artifacts/2000b0aE.dag/Unity.Addressables.Editor.dll, with 115 defines and 301 references
info: Unity.ILPP.Runner.PostProcessingPipeline[0]
      processors: Unity.Jobs.CodeGen.JobsILPostProcessor, zzzUnity.Burst.CodeGen.BurstILPostProcessor
info: Unity.ILPP.Runner.PostProcessingPipeline[0]
      running Unity.Jobs.CodeGen.JobsILPostProcessor
info: Unity.ILPP.Runner.PostProcessingPipeline[0]
      running zzzUnity.Burst.CodeGen.BurstILPostProcessor
info: Microsoft.AspNetCore.Routing.EndpointMiddleware[1]
      Executed endpoint 'gRPC - /UnityILPP.PostProcessing/PostProcessAssembly'
info: Microsoft.AspNetCore.Hosting.Diagnostics[2]
      Request finished HTTP/2 POST http://ilpp/UnityILPP.PostProcessing/PostProcessAssembly - 200 - application/grpc 4.0371ms
info: Microsoft.AspNetCore.Hosting.Diagnostics[1]
      Request starting HTTP/2 POST http://ilpp/UnityILPP.PostProcessing/PostProcessAssembly - application/grpc -
info: Microsoft.AspNetCore.Hosting.Diagnostics[1]
      Request starting HTTP/2 POST http://ilpp/UnityILPP.PostProcessing/PostProcessAssembly - application/grpc -
info: Microsoft.AspNetCore.Routing.EndpointMiddleware[0]
      Executing endpoint 'gRPC - /UnityILPP.PostProcessing/PostProcessAssembly'
info: Microsoft.AspNetCore.Routing.EndpointMiddleware[0]
      Executing endpoint 'gRPC - /UnityILPP.PostProcessing/PostProcessAssembly'
info: Unity.ILPP.Runner.PostProcessingPipeline[0]
      Processing assembly Library/Bee/artifacts/2000b0aE.dag/Unity.AutoGroupGenerator.Editor.dll, with 114 defines and 300 references
info: Unity.ILPP.Runner.PostProcessingPipeline[0]
      Processing assembly Library/Bee/artifacts/2000b0aE.dag/Unity.Addressables.DocExampleCode.Editor.Tests.dll, with 116 defines and 281 references
info: Unity.ILPP.Runner.PostProcessingPipeline[0]
      processors: Unity.Jobs.CodeGen.JobsILPostProcessor, zzzUnity.Burst.CodeGen.BurstILPostProcessor
info: Unity.ILPP.Runner.PostProcessingPipeline[0]
      processors: Unity.Jobs.CodeGen.JobsILPostProcessor, zzzUnity.Burst.CodeGen.BurstILPostProcessor
info: Unity.ILPP.Runner.PostProcessingPipeline[0]
      running Unity.Jobs.CodeGen.JobsILPostProcessor
info: Unity.ILPP.Runner.PostProcessingPipeline[0]
      running Unity.Jobs.CodeGen.JobsILPostProcessor
info: Unity.ILPP.Runner.PostProcessingPipeline[0]
      running zzzUnity.Burst.CodeGen.BurstILPostProcessor
info: Unity.ILPP.Runner.PostProcessingPipeline[0]
      running zzzUnity.Burst.CodeGen.BurstILPostProcessor
info: Microsoft.AspNetCore.Routing.EndpointMiddleware[1]
      Executed endpoint 'gRPC - /UnityILPP.PostProcessing/PostProcessAssembly'
info: Microsoft.AspNetCore.Hosting.Diagnostics[2]
      Request finished HTTP/2 POST http://ilpp/UnityILPP.PostProcessing/PostProcessAssembly - 200 - application/grpc 3.2579ms
info: Microsoft.AspNetCore.Routing.EndpointMiddleware[1]
      Executed endpoint 'gRPC - /UnityILPP.PostProcessing/PostProcessAssembly'
info: Microsoft.AspNetCore.Hosting.Diagnostics[2]
      Request finished HTTP/2 POST http://ilpp/UnityILPP.PostProcessing/PostProcessAssembly - 200 - application/grpc 3.3956ms
ExitCode: 3 Duration: 4s791ms
Finished compiling graph: 1603 nodes, 37322 flattened edges (29938 ToBuild, 292 ToUse), maximum node priority 1991
[ 348/1600  0s] WriteText Library/Bee/artifacts/2000b0aE.dag/Unity.ScriptableBuildPipeline.rsp2
[ 359/1600  0s] WriteText Library/Bee/artifacts/2000b0aE.dag/Unity.ScriptableBuildPipeline.UnityAdditionalFile.txt
[ 360/1600  0s] WriteText Library/Bee/artifacts/2000b0aE.dag/Unity.Profiling.Core.UnityAdditionalFile.txt
[ 361/1600  0s] WriteText Library/Bee/artifacts/2000b0aE.dag/Unity.ResourceManager.UnityAdditionalFile.txt
[ 362/1600  0s] WriteText Library/Bee/artifacts/2000b0aE.dag/Unity.Profiling.Core.dll.mvfrm.rsp
[ 363/1600  0s] WriteText Library/Bee/artifacts/2000b0aE.dag/Unity.Profiling.Core.rsp2
[ 366/1600  0s] WriteText Library/Bee/artifacts/2000b0aE.dag/Unity.ResourceManager.rsp2
[ 368/1600  0s] WriteText Library/Bee/artifacts/2000b0aE.dag/Unity.ResourceManager.dll.mvfrm.rsp
[ 370/1600  0s] WriteText Library/Bee/artifacts/2000b0aE.dag/Unity.Profiling.Core.rsp
[ 390/1600  0s] WriteText Library/Bee/artifacts/2000b0aE.dag/Unity.ScriptableBuildPipeline.dll.mvfrm.rsp
[ 396/1600  0s] WriteText Library/Bee/artifacts/2000b0aE.dag/Unity.ResourceManager.rsp
[ 406/1600  0s] WriteText Library/Bee/artifacts/2000b0aE.dag/Unity.Addressables.rsp2
[ 409/1600  0s] WriteText Library/Bee/artifacts/2000b0aE.dag/Unity.ScriptableBuildPipeline.rsp
[ 413/1600  0s] WriteText Library/Bee/artifacts/2000b0aE.dag/Unity.ScriptableBuildPipeline.Editor.UnityAdditionalFile.txt
[ 419/1600  0s] WriteText Library/Bee/artifacts/2000b0aE.dag/Unity.ScriptableBuildPipeline.Editor.rsp2
[ 421/1600  0s] WriteText Library/Bee/artifacts/2000b0aE.dag/Unity.Addressables.UnityAdditionalFile.txt
[ 444/1600  0s] WriteText Library/Bee/artifacts/2000b0aE.dag/Unity.Addressables.dll.mvfrm.rsp
[ 450/1600  0s] WriteText Library/Bee/artifacts/2000b0aE.dag/Unity.Addressables.rsp
[ 456/1600  0s] WriteText Library/Bee/artifacts/2000b0aE.dag/Unity.ScriptableBuildPipeline.Editor.rsp
[ 464/1600  0s] WriteText Library/Bee/artifacts/2000b0aE.dag/Unity.ScriptableBuildPipeline.Editor.dll.mvfrm.rsp
[ 480/1600  0s] WriteText Library/Bee/artifacts/2000b0aE.dag/Unity.Addressables.Editor.rsp2
[ 483/1600  0s] WriteText Library/Bee/artifacts/2000b0aE.dag/Unity.Addressables.Editor.UnityAdditionalFile.txt
[ 531/1600  0s] WriteText Library/Bee/artifacts/2000b0aE.dag/Unity.Addressables.Editor.rsp
[ 539/1600  0s] WriteText Library/Bee/artifacts/2000b0aE.dag/Unity.Addressables.Editor.dll.mvfrm.rsp
[ 590/1600  0s] WriteText Library/Bee/artifacts/2000b0aE.dag/Unity.AutoGroupGenerator.Editor.rsp2
[ 593/1600  0s] WriteText Library/Bee/artifacts/2000b0aE.dag/Unity.AutoGroupGenerator.Editor.UnityAdditionalFile.txt
[ 658/1600  0s] WriteText Library/Bee/artifacts/2000b0aE.dag/Unity.AutoGroupGenerator.Editor.dll.mvfrm.rsp
[ 682/1600  0s] WriteText Library/Bee/artifacts/2000b0aE.dag/Unity.AutoGroupGenerator.Editor.rsp
[ 715/1600  0s] WriteText Library/Bee/artifacts/2000b0aE.dag/Assembly-CSharp.dll.mvfrm.rsp
[ 721/1600  0s] WriteText Library/Bee/artifacts/2000b0aE.dag/Unity.Addressables.DocExampleCode.Editor.Tests.rsp2
[ 735/1600  0s] WriteText Library/Bee/artifacts/2000b0aE.dag/Assembly-CSharp-Editor.dll.mvfrm.rsp
[ 737/1600  0s] WriteText Library/Bee/artifacts/2000b0aE.dag/Assembly-CSharp.rsp
[ 738/1600  0s] WriteText Library/Bee/artifacts/2000b0aE.dag/Unity.Addressables.DocExampleCode.Editor.Tests.dll.mvfrm.rsp
[ 740/1600  0s] WriteText Library/Bee/artifacts/2000b0aE.dag/Unity.Addressables.DocExampleCode.Editor.Tests.UnityAdditionalFile.txt
[ 746/1600  0s] WriteText Library/Bee/artifacts/2000b0aE.dag/Assembly-CSharp-Editor.rsp
[ 747/1600  0s] WriteText Library/Bee/artifacts/2000b0aE.dag/Unity.Addressables.DocExampleCode.Editor.Tests.rsp
[1060/1600  0s] MovedFromExtractor-Combine Library/Bee/artifacts/2000b0aE.dag/Unity.Profiling.Core.dll.mvfrm
[1061/1600  0s] MovedFromExtractor-Combine Library/Bee/artifacts/2000b0aE.dag/Unity.ScriptableBuildPipeline.dll.mvfrm
[           0s] Csc Library/Bee/artifacts/2000b0aE.dag/Unity.Profiling.Core.dll (+2 others) [CacheMiss d6f2e52ee8a83cad745ab6df43a06ce900000000000000000000000000000006]
[           0s] Csc Library/Bee/artifacts/2000b0aE.dag/Unity.ScriptableBuildPipeline.dll (+2 others) [CacheMiss 0509f3ea7bd92f57edaa7a4db308196f00000000000000000000000000000006]
[1157/1600  0s] ILPP-Configuration Library/ilpp-configuration.nevergeneratedoutput
[1545/1600  1s] Csc Library/Bee/artifacts/2000b0aE.dag/Unity.ScriptableBuildPipeline.dll (+2 others)
[1546/1600  1s] Csc Library/Bee/artifacts/2000b0aE.dag/Unity.Profiling.Core.dll (+2 others)
[           0s] Csc Library/Bee/artifacts/2000b0aE.dag/Unity.ScriptableBuildPipeline.dll (+2 others) [CacheWrite 0509f3ea7bd92f57edaa7a4db308196f00000000000000000000000000000006]
[           0s] Csc Library/Bee/artifacts/2000b0aE.dag/Unity.Profiling.Core.dll (+2 others) [CacheWrite d6f2e52ee8a83cad745ab6df43a06ce900000000000000000000000000000006]
[1547/1600  0s] MovedFromExtractor Library/Bee/artifacts/mvdfrm/Unity.ScriptableBuildPipeline.ref.dll_5694DD008534A739.mvfrm
[1548/1600  0s] MovedFromExtractor Library/Bee/artifacts/mvdfrm/Unity.Profiling.Core.ref.dll_29C6C54F498BDD8F.mvfrm
[1549/1600  0s] ILPostProcess Library/Bee/artifacts/2000b0aE.dag/post-processed/Unity.ScriptableBuildPipeline.dll (+pdb)
Processing assembly Library/Bee/artifacts/2000b0aE.dag/Unity.ScriptableBuildPipeline.dll, with 116 defines and 283 references
processors: Unity.Jobs.CodeGen.JobsILPostProcessor, zzzUnity.Burst.CodeGen.BurstILPostProcessor
running Unity.Jobs.CodeGen.JobsILPostProcessor
running zzzUnity.Burst.CodeGen.BurstILPostProcessor
[1550/1600  0s] CopyFiles Library/ScriptAssemblies/Unity.ScriptableBuildPipeline.dll
[1551/1600  0s] CopyFiles Library/ScriptAssemblies/Unity.ScriptableBuildPipeline.pdb
[1552/1600  0s] ILPostProcess Library/Bee/artifacts/2000b0aE.dag/post-processed/Unity.Profiling.Core.dll (+pdb)
Processing assembly Library/Bee/artifacts/2000b0aE.dag/Unity.Profiling.Core.dll, with 116 defines and 283 references
processors: Unity.Jobs.CodeGen.JobsILPostProcessor, zzzUnity.Burst.CodeGen.BurstILPostProcessor
running Unity.Jobs.CodeGen.JobsILPostProcessor
running zzzUnity.Burst.CodeGen.BurstILPostProcessor
[1553/1600  0s] CopyFiles Library/ScriptAssemblies/Unity.Profiling.Core.dll
[1554/1600  0s] CopyFiles Library/ScriptAssemblies/Unity.Profiling.Core.pdb
[1555/1600  0s] MovedFromExtractor-Combine Library/Bee/artifacts/2000b0aE.dag/Unity.ScriptableBuildPipeline.Editor.dll.mvfrm
[1556/1600  0s] MovedFromExtractor-Combine Library/Bee/artifacts/2000b0aE.dag/Unity.ResourceManager.dll.mvfrm
[           0s] Csc Library/Bee/artifacts/2000b0aE.dag/Unity.ResourceManager.dll (+2 others) [CacheMiss 587cb6186208460fad33107510f35e0100000000000000000000000000000006]
[           0s] Csc Library/Bee/artifacts/2000b0aE.dag/Unity.ScriptableBuildPipeline.Editor.dll (+2 others) [CacheMiss 04c59617a6c8d982ec675ec61b929ed500000000000000000000000000000006]
[1557/1600  0s] Csc Library/Bee/artifacts/2000b0aE.dag/Unity.ResourceManager.dll (+2 others)
[           0s] Csc Library/Bee/artifacts/2000b0aE.dag/Unity.ResourceManager.dll (+2 others) [CacheWrite 587cb6186208460fad33107510f35e0100000000000000000000000000000006]
[1558/1600  0s] MovedFromExtractor Library/Bee/artifacts/mvdfrm/Unity.ResourceManager.ref.dll_4F37F032E393A1ED.mvfrm
[1559/1600  0s] ILPostProcess Library/Bee/artifacts/2000b0aE.dag/post-processed/Unity.ResourceManager.dll (+pdb)
Processing assembly Library/Bee/artifacts/2000b0aE.dag/Unity.ResourceManager.dll, with 117 defines and 284 references
processors: Unity.Jobs.CodeGen.JobsILPostProcessor, zzzUnity.Burst.CodeGen.BurstILPostProcessor
running Unity.Jobs.CodeGen.JobsILPostProcessor
running zzzUnity.Burst.CodeGen.BurstILPostProcessor
[1560/1600  0s] CopyFiles Library/ScriptAssemblies/Unity.ResourceManager.dll
[1561/1600  0s] CopyFiles Library/ScriptAssemblies/Unity.ResourceManager.pdb
[1562/1600  0s] MovedFromExtractor-Combine Library/Bee/artifacts/2000b0aE.dag/Unity.Addressables.dll.mvfrm
[           0s] Csc Library/Bee/artifacts/2000b0aE.dag/Unity.Addressables.dll (+2 others) [CacheMiss 751dd6d158ecb0d7e24c9602d8f4982e00000000000000000000000000000006]
[1563/1600  0s] Csc Library/Bee/artifacts/2000b0aE.dag/Unity.ScriptableBuildPipeline.Editor.dll (+2 others)
[           0s] Csc Library/Bee/artifacts/2000b0aE.dag/Unity.ScriptableBuildPipeline.Editor.dll (+2 others) [CacheWrite 04c59617a6c8d982ec675ec61b929ed500000000000000000000000000000006]
[1564/1600  0s] MovedFromExtractor Library/Bee/artifacts/mvdfrm/Unity.ScriptableBuildPipeline.Editor.ref.dll_B38B4706F48A9708.mvfrm
[1565/1600  0s] ILPostProcess Library/Bee/artifacts/2000b0aE.dag/post-processed/Unity.ScriptableBuildPipeline.Editor.dll (+pdb)
Processing assembly Library/Bee/artifacts/2000b0aE.dag/Unity.ScriptableBuildPipeline.Editor.dll, with 117 defines and 298 references
processors: Unity.Jobs.CodeGen.JobsILPostProcessor, zzzUnity.Burst.CodeGen.BurstILPostProcessor
running Unity.Jobs.CodeGen.JobsILPostProcessor
running zzzUnity.Burst.CodeGen.BurstILPostProcessor
[1566/1600  0s] CopyFiles Library/ScriptAssemblies/Unity.ScriptableBuildPipeline.Editor.pdb
[1567/1600  0s] CopyFiles Library/ScriptAssemblies/Unity.ScriptableBuildPipeline.Editor.dll
[1568/1600  0s] Csc Library/Bee/artifacts/2000b0aE.dag/Unity.Addressables.dll (+2 others)
[           0s] Csc Library/Bee/artifacts/2000b0aE.dag/Unity.Addressables.dll (+2 others) [CacheWrite 751dd6d158ecb0d7e24c9602d8f4982e00000000000000000000000000000006]
[1569/1600  0s] MovedFromExtractor Library/Bee/artifacts/mvdfrm/Unity.Addressables.ref.dll_08EDE5DCD823AE5D.mvfrm
[1570/1600  0s] ILPostProcess Library/Bee/artifacts/2000b0aE.dag/post-processed/Unity.Addressables.dll (+pdb)
Processing assembly Library/Bee/artifacts/2000b0aE.dag/Unity.Addressables.dll, with 116 defines and 284 references
processors: Unity.Jobs.CodeGen.JobsILPostProcessor, zzzUnity.Burst.CodeGen.BurstILPostProcessor
running Unity.Jobs.CodeGen.JobsILPostProcessor
running zzzUnity.Burst.CodeGen.BurstILPostProcessor
[1571/1600  0s] CopyFiles Library/ScriptAssemblies/Unity.Addressables.pdb
[1572/1600  0s] CopyFiles Library/ScriptAssemblies/Unity.Addressables.dll
[1573/1600  0s] MovedFromExtractor-Combine Library/Bee/artifacts/2000b0aE.dag/Unity.Addressables.Editor.dll.mvfrm
[           0s] Csc Library/Bee/artifacts/2000b0aE.dag/Unity.Addressables.Editor.dll (+2 others) [CacheMiss 41998c9f15b65e7c303b071079e1f27100000000000000000000000000000006]
[1574/1600  1s] Csc Library/Bee/artifacts/2000b0aE.dag/Unity.Addressables.Editor.dll (+2 others)
[           0s] Csc Library/Bee/artifacts/2000b0aE.dag/Unity.Addressables.Editor.dll (+2 others) [CacheWrite 41998c9f15b65e7c303b071079e1f27100000000000000000000000000000006]
[1575/1600  0s] MovedFromExtractor Library/Bee/artifacts/mvdfrm/Unity.Addressables.Editor.ref.dll_25599A53198BCE24.mvfrm
[1576/1600  0s] ILPostProcess Library/Bee/artifacts/2000b0aE.dag/post-processed/Unity.Addressables.Editor.dll (+pdb)
Processing assembly Library/Bee/artifacts/2000b0aE.dag/Unity.Addressables.Editor.dll, with 115 defines and 301 references
processors: Unity.Jobs.CodeGen.JobsILPostProcessor, zzzUnity.Burst.CodeGen.BurstILPostProcessor
running Unity.Jobs.CodeGen.JobsILPostProcessor
running zzzUnity.Burst.CodeGen.BurstILPostProcessor
[1577/1600  0s] CopyFiles Library/ScriptAssemblies/Unity.Addressables.Editor.pdb
[1578/1600  0s] CopyFiles Library/ScriptAssemblies/Unity.Addressables.Editor.dll
[1579/1600  0s] MovedFromExtractor-Combine Library/Bee/artifacts/2000b0aE.dag/Unity.AutoGroupGenerator.Editor.dll.mvfrm
[1580/1600  0s] MovedFromExtractor-Combine Library/Bee/artifacts/2000b0aE.dag/Unity.Addressables.DocExampleCode.Editor.Tests.dll.mvfrm
[           0s] Csc Library/Bee/artifacts/2000b0aE.dag/Unity.Addressables.DocExampleCode.Editor.Tests.dll (+2 others) [CacheMiss 83a83b778396dd61a77a8a8e551c9c1000000000000000000000000000000006]
[           0s] Csc Library/Bee/artifacts/2000b0aE.dag/Unity.AutoGroupGenerator.Editor.dll (+2 others) [CacheMiss 3d4fa5d41aefa878f66ceaa38921208000000000000000000000000000000006]
[1581/1600  0s] Csc Library/Bee/artifacts/2000b0aE.dag/Unity.AutoGroupGenerator.Editor.dll (+2 others)
[1582/1600  0s] Csc Library/Bee/artifacts/2000b0aE.dag/Unity.Addressables.DocExampleCode.Editor.Tests.dll (+2 others)
[           0s] Csc Library/Bee/artifacts/2000b0aE.dag/Unity.AutoGroupGenerator.Editor.dll (+2 others) [CacheWrite 3d4fa5d41aefa878f66ceaa38921208000000000000000000000000000000006]
[           0s] Csc Library/Bee/artifacts/2000b0aE.dag/Unity.Addressables.DocExampleCode.Editor.Tests.dll (+2 others) [CacheWrite 83a83b778396dd61a77a8a8e551c9c1000000000000000000000000000000006]
[1583/1600  0s] MovedFromExtractor Library/Bee/artifacts/mvdfrm/Unity.AutoGroupGenerator.Editor.ref.dll_73C27D69B2FC9396.mvfrm
[1584/1600  0s] ILPostProcess Library/Bee/artifacts/2000b0aE.dag/post-processed/Unity.AutoGroupGenerator.Editor.dll (+pdb)
Processing assembly Library/Bee/artifacts/2000b0aE.dag/Unity.AutoGroupGenerator.Editor.dll, with 114 defines and 300 references
processors: Unity.Jobs.CodeGen.JobsILPostProcessor, zzzUnity.Burst.CodeGen.BurstILPostProcessor
running Unity.Jobs.CodeGen.JobsILPostProcessor
running zzzUnity.Burst.CodeGen.BurstILPostProcessor
[1585/1600  0s] ILPostProcess Library/Bee/artifacts/2000b0aE.dag/post-processed/Unity.Addressables.DocExampleCode.Editor.Tests.dll (+pdb)
Processing assembly Library/Bee/artifacts/2000b0aE.dag/Unity.Addressables.DocExampleCode.Editor.Tests.dll, with 116 defines and 281 references
processors: Unity.Jobs.CodeGen.JobsILPostProcessor, zzzUnity.Burst.CodeGen.BurstILPostProcessor
running Unity.Jobs.CodeGen.JobsILPostProcessor
running zzzUnity.Burst.CodeGen.BurstILPostProcessor
[1586/1600  0s] CopyFiles Library/ScriptAssemblies/Unity.AutoGroupGenerator.Editor.pdb
[1587/1600  0s] CopyFiles Library/ScriptAssemblies/Unity.Addressables.DocExampleCode.Editor.Tests.pdb
[1588/1600  0s] CopyFiles Library/ScriptAssemblies/Unity.Addressables.DocExampleCode.Editor.Tests.dll
[1589/1600  0s] CopyFiles Library/ScriptAssemblies/Unity.AutoGroupGenerator.Editor.dll
[1590/1600  0s] MovedFromExtractor-Combine Library/Bee/artifacts/2000b0aE.dag/Assembly-CSharp-Editor.dll.mvfrm
[1591/1600  0s] MovedFromExtractor-Combine Library/Bee/artifacts/2000b0aE.dag/Assembly-CSharp.dll.mvfrm
[1592/1600  0s] Csc Library/Bee/artifacts/2000b0aE.dag/Assembly-CSharp.dll (+2 others)
##### CommandLine
"/Applications/Unity/Hub/Editor/6000.4.5f1/Unity.app/Contents/Resources/Scripting/NetCoreRuntime/dotnet" exec "/Applications/Unity/Hub/Editor/6000.4.5f1/Unity.app/Contents/Resources/Scripting/DotNetSdkRoslyn/csc.dll" /nostdlib /noconfig /shared "@Library/Bee/artifacts/2000b0aE.dag/Assembly-CSharp.rsp" "@Library/Bee/artifacts/2000b0aE.dag/Assembly-CSharp.rsp2"
##### Contents of Library/Bee/artifacts/2000b0aE.dag/Assembly-CSharp.rsp
-target:library
-out:"Library/Bee/artifacts/2000b0aE.dag/Assembly-CSharp.dll"
-refout:"Library/Bee/artifacts/2000b0aE.dag/Assembly-CSharp.ref.dll"
-define:UNITY_6000_4_5
-define:UNITY_6000_4
-define:UNITY_6000
-define:UNITY_5_3_OR_NEWER
-define:UNITY_5_4_OR_NEWER
-define:UNITY_5_5_OR_NEWER
-define:UNITY_5_6_OR_NEWER
-define:UNITY_2017_1_OR_NEWER
-define:UNITY_2017_2_OR_NEWER
-define:UNITY_2017_3_OR_NEWER
-define:UNITY_2017_4_OR_NEWER
-define:UNITY_2018_1_OR_NEWER
-define:UNITY_2018_2_OR_NEWER
-define:UNITY_2018_3_OR_NEWER
-define:UNITY_2018_4_OR_NEWER
-define:UNITY_2019_1_OR_NEWER
-define:UNITY_2019_2_OR_NEWER
-define:UNITY_2019_3_OR_NEWER
-define:UNITY_2019_4_OR_NEWER
-define:UNITY_2020_1_OR_NEWER
-define:UNITY_2020_2_OR_NEWER
-define:UNITY_2020_3_OR_NEWER
-define:UNITY_2021_1_OR_NEWER
-define:UNITY_2021_2_OR_NEWER
-define:UNITY_2021_3_OR_NEWER
-define:UNITY_2022_1_OR_NEWER
-define:UNITY_2022_2_OR_NEWER
-define:UNITY_2022_3_OR_NEWER
-define:UNITY_2023_1_OR_NEWER
-define:UNITY_2023_2_OR_NEWER
-define:UNITY_2023_3_OR_NEWER
-define:UNITY_6000_0_OR_NEWER
-define:UNITY_6000_1_OR_NEWER
-define:UNITY_6000_2_OR_NEWER
-define:UNITY_6000_3_OR_NEWER
-define:UNITY_6000_4_OR_NEWER
-define:UNITY_INCLUDE_TESTS
-define:ENABLE_AUDIO
-define:ENABLE_CLOTH
-define:ENABLE_MICROPHONE
-define:ENABLE_MULTIPLE_DISPLAYS
-define:ENABLE_PHYSICS
-define:ENABLE_TEXTURE_STREAMING
-define:ENABLE_UNITYEVENTS
-define:ENABLE_VR
-define:ENABLE_WEBCAM
-define:ENABLE_UNITYWEBREQUEST
-define:ENABLE_WWW
-define:ENABLE_CLOUD_SERVICES
-define:ENABLE_CLOUD_SERVICES_ADS
-define:ENABLE_CLOUD_SERVICES_USE_WEBREQUEST
-define:ENABLE_UNITY_CONSENT
-define:ENABLE_UNITY_CLOUD_IDENTIFIERS
-define:ENABLE_CLOUD_SERVICES_CRASH_REPORTING
-define:ENABLE_CLOUD_SERVICES_PURCHASING
-define:ENABLE_CLOUD_SERVICES_ANALYTICS
-define:ENABLE_CLOUD_SERVICES_BUILD
-define:ENABLE_EDITOR_GAME_SERVICES
-define:ENABLE_UNITY_GAME_SERVICES_ANALYTICS_SUPPORT
-define:ENABLE_CLOUD_LICENSE
-define:ENABLE_EDITOR_HUB_LICENSE
-define:ENABLE_WEBSOCKET_CLIENT
-define:ENABLE_GENERATE_NATIVE_PLUGINS_FOR_ASSEMBLIES_API
-define:ENABLE_DIRECTOR_AUDIO
-define:ENABLE_DIRECTOR_TEXTURE
-define:ENABLE_MANAGED_JOBS
-define:ENABLE_MANAGED_TRANSFORM_JOBS
-define:ENABLE_MANAGED_ANIMATION_JOBS
-define:ENABLE_MANAGED_AUDIO_JOBS
-define:ENABLE_ENGINE_CODE_STRIPPING
-define:ENABLE_ONSCREEN_KEYBOARD
-define:ENABLE_MANAGED_UNITYTLS
-define:RENDER_SOFTWARE_CURSOR
-define:ENABLE_MARSHALLING_TESTS
-define:ENABLE_VIDEO
-define:ENABLE_NAVIGATION_OFFMESHLINK_TO_NAVMESHLINK
-define:ENABLE_ACCELERATOR_CLIENT_DEBUGGING
-define:TEXTCORE_1_0_OR_NEWER
-define:EDITOR_ONLY_NAVMESH_BUILDER_DEPRECATED
-define:PLATFORM_WEBGL
-define:UNITY_WEBGL
-define:UNITY_WEBGL_API
-define:UNITY_DISABLE_WEB_VERIFICATION
-define:UNITY_GFX_USE_PLATFORM_VSYNC
-define:ENABLE_CRUNCH_TEXTURE_COMPRESSION
-define:ENABLE_SPATIALTRACKING
-define:ENABLE_MONO
-define:NET_STANDARD_2_0
-define:NET_STANDARD
-define:NET_STANDARD_2_1
-define:NETSTANDARD
-define:NETSTANDARD2_1
-define:ENABLE_PROFILER
-define:ENABLE_PROFILER_ASSISTANT_INTEGRATION
-define:DEBUG
-define:TRACE
-define:UNITY_ASSERTIONS
-define:UNITY_EDITOR
-define:UNITY_EDITOR_64
-define:UNITY_EDITOR_OSX
-define:ENABLE_UNITY_COLLECTIONS_CHECKS
-define:ENABLE_BURST_AOT
-define:UNITY_TEAM_LICENSE
-define:ENABLE_CUSTOM_RENDER_TEXTURE
-define:ENABLE_DIRECTOR
-define:ENABLE_LOCALIZATION
-define:ENABLE_SPRITES
-define:ENABLE_TERRAIN
-define:ENABLE_TILEMAP
-define:ENABLE_TIMELINE
-define:ENABLE_INPUT_SYSTEM
-define:TEXTCORE_FONT_ENGINE_1_5_OR_NEWER
-define:TEXTCORE_TEXT_ENGINE_1_5_OR_NEWER
-define:TEXTCORE_FONT_ENGINE_1_6_OR_NEWER
-define:CSHARP_7_OR_LATER
-define:CSHARP_7_3_OR_NEWER
-r:"/Applications/Unity/Hub/Editor/6000.4.5f1/PlaybackEngines/AndroidPlayer/Unity.Android.Gradle.dll"
-r:"/Applications/Unity/Hub/Editor/6000.4.5f1/PlaybackEngines/AndroidPlayer/Unity.Android.Types.dll"
-r:"/Applications/Unity/Hub/Editor/6000.4.5f1/PlaybackEngines/WebGLSupport/Managed/UnityEngine.WebGLModule.dll"
-r:"/Applications/Unity/Hub/Editor/6000.4.5f1/Unity.app/Contents/PlaybackEngines/MacStandaloneSupport/UnityEditor.iOS.Extensions.Xcode.dll"
-r:"/Applications/Unity/Hub/Editor/6000.4.5f1/Unity.app/Contents/Resources/Scripting/Managed/UnityEngine/Unity.Scripting.dll"
-r:"/Applications/Unity/Hub/Editor/6000.4.5f1/Unity.app/Contents/Resources/Scripting/Managed/UnityEngine/UnityEditor.AccessibilityModule.dll"
-r:"/Applications/Unity/Hub/Editor/6000.4.5f1/Unity.app/Contents/Resources/Scripting/Managed/UnityEngine/UnityEditor.AdaptivePerformanceModule.dll"
-r:"/Applications/Unity/Hub/Editor/6000.4.5f1/Unity.app/Contents/Resources/Scripting/Managed/UnityEngine/UnityEditor.AssetComplianceModule.dll"
-r:"/Applications/Unity/Hub/Editor/6000.4.5f1/Unity.app/Contents/Resources/Scripting/Managed/UnityEngine/UnityEditor.BuildProfileModule.dll"
-r:"/Applications/Unity/Hub/Editor/6000.4.5f1/Unity.app/Contents/Resources/Scripting/Managed/UnityEngine/UnityEditor.ClothModule.dll"
-r:"/Applications/Unity/Hub/Editor/6000.4.5f1/Unity.app/Contents/Resources/Scripting/Managed/UnityEngine/UnityEditor.CoreBusinessMetricsModule.dll"
-r:"/Applications/Unity/Hub/Editor/6000.4.5f1/Unity.app/Contents/Resources/Scripting/Managed/UnityEngine/UnityEditor.CoreModule.dll"
-r:"/Applications/Unity/Hub/Editor/6000.4.5f1/Unity.app/Contents/Resources/Scripting/Managed/UnityEngine/UnityEditor.DeviceSimulatorModule.dll"
-r:"/Applications/Unity/Hub/Editor/6000.4.5f1/Unity.app/Contents/Resources/Scripting/Managed/UnityEngine/UnityEditor.DiagnosticsModule.dll"
-r:"/Applications/Unity/Hub/Editor/6000.4.5f1/Unity.app/Contents/Resources/Scripting/Managed/UnityEngine/UnityEditor.EditorToolbarModule.dll"
-r:"/Applications/Unity/Hub/Editor/6000.4.5f1/Unity.app/Contents/Resources/Scripting/Managed/UnityEngine/UnityEditor.EmbreeModule.dll"
-r:"/Applications/Unity/Hub/Editor/6000.4.5f1/Unity.app/Contents/Resources/Scripting/Managed/UnityEngine/UnityEditor.GIModule.dll"
-r:"/Applications/Unity/Hub/Editor/6000.4.5f1/Unity.app/Contents/Resources/Scripting/Managed/UnityEngine/UnityEditor.GraphToolkitModule.dll"
-r:"/Applications/Unity/Hub/Editor/6000.4.5f1/Unity.app/Contents/Resources/Scripting/Managed/UnityEngine/UnityEditor.GraphViewModule.dll"
-r:"/Applications/Unity/Hub/Editor/6000.4.5f1/Unity.app/Contents/Resources/Scripting/Managed/UnityEngine/UnityEditor.GraphicsStateCollectionSerializerModule.dll"
-r:"/Applications/Unity/Hub/Editor/6000.4.5f1/Unity.app/Contents/Resources/Scripting/Managed/UnityEngine/UnityEditor.GridAndSnapModule.dll"
-r:"/Applications/Unity/Hub/Editor/6000.4.5f1/Unity.app/Contents/Resources/Scripting/Managed/UnityEngine/UnityEditor.GridModule.dll"
-r:"/Applications/Unity/Hub/Editor/6000.4.5f1/Unity.app/Contents/Resources/Scripting/Managed/UnityEngine/UnityEditor.HierarchyModule.dll"
-r:"/Applications/Unity/Hub/Editor/6000.4.5f1/Unity.app/Contents/Resources/Scripting/Managed/UnityEngine/UnityEditor.MediaModule.dll"
-r:"/Applications/Unity/Hub/Editor/6000.4.5f1/Unity.app/Contents/Resources/Scripting/Managed/UnityEngine/UnityEditor.MultiplayerModule.dll"
-r:"/Applications/Unity/Hub/Editor/6000.4.5f1/Unity.app/Contents/Resources/Scripting/Managed/UnityEngine/UnityEditor.Physics2DModule.dll"
-r:"/Applications/Unity/Hub/Editor/6000.4.5f1/Unity.app/Contents/Resources/Scripting/Managed/UnityEngine/UnityEditor.PhysicsModule.dll"
-r:"/Applications/Unity/Hub/Editor/6000.4.5f1/Unity.app/Contents/Resources/Scripting/Managed/UnityEngine/UnityEditor.PlayModeModule.dll"
-r:"/Applications/Unity/Hub/Editor/6000.4.5f1/Unity.app/Contents/Resources/Scripting/Managed/UnityEngine/UnityEditor.PresetsUIModule.dll"
-r:"/Applications/Unity/Hub/Editor/6000.4.5f1/Unity.app/Contents/Resources/Scripting/Managed/UnityEngine/UnityEditor.ProjectAuditorModule.dll"
-r:"/Applications/Unity/Hub/Editor/6000.4.5f1/Unity.app/Contents/Resources/Scripting/Managed/UnityEngine/UnityEditor.PropertiesModule.dll"
-r:"/Applications/Unity/Hub/Editor/6000.4.5f1/Unity.app/Contents/Resources/Scripting/Managed/UnityEngine/UnityEditor.QuickInstallModule.dll"
-r:"/Applications/Unity/Hub/Editor/6000.4.5f1/Unity.app/Contents/Resources/Scripting/Managed/UnityEngine/UnityEditor.QuickSearchModule.dll"
-r:"/Applications/Unity/Hub/Editor/6000.4.5f1/Unity.app/Contents/Resources/Scripting/Managed/UnityEngine/UnityEditor.SafeModeModule.dll"
-r:"/Applications/Unity/Hub/Editor/6000.4.5f1/Unity.app/Contents/Resources/Scripting/Managed/UnityEngine/UnityEditor.SceneTemplateModule.dll"
-r:"/Applications/Unity/Hub/Editor/6000.4.5f1/Unity.app/Contents/Resources/Scripting/Managed/UnityEngine/UnityEditor.SceneViewModule.dll"
-r:"/Applications/Unity/Hub/Editor/6000.4.5f1/Unity.app/Contents/Resources/Scripting/Managed/UnityEngine/UnityEditor.ShaderBuildSettingsModule.dll"
-r:"/Applications/Unity/Hub/Editor/6000.4.5f1/Unity.app/Contents/Resources/Scripting/Managed/UnityEngine/UnityEditor.ShaderCompilationModule.dll"
-r:"/Applications/Unity/Hub/Editor/6000.4.5f1/Unity.app/Contents/Resources/Scripting/Managed/UnityEngine/UnityEditor.ShaderFoundryModule.dll"
-r:"/Applications/Unity/Hub/Editor/6000.4.5f1/Unity.app/Contents/Resources/Scripting/Managed/UnityEngine/UnityEditor.SketchUpModule.dll"
-r:"/Applications/Unity/Hub/Editor/6000.4.5f1/Unity.app/Contents/Resources/Scripting/Managed/UnityEngine/UnityEditor.SpriteMaskModule.dll"
-r:"/Applications/Unity/Hub/Editor/6000.4.5f1/Unity.app/Contents/Resources/Scripting/Managed/UnityEngine/UnityEditor.SpriteShapeModule.dll"
-r:"/Applications/Unity/Hub/Editor/6000.4.5f1/Unity.app/Contents/Resources/Scripting/Managed/UnityEngine/UnityEditor.SubstanceModule.dll"
-r:"/Applications/Unity/Hub/Editor/6000.4.5f1/Unity.app/Contents/Resources/Scripting/Managed/UnityEngine/UnityEditor.TerrainModule.dll"
-r:"/Applications/Unity/Hub/Editor/6000.4.5f1/Unity.app/Contents/Resources/Scripting/Managed/UnityEngine/UnityEditor.TextCoreFontEngineModule.dll"
-r:"/Applications/Unity/Hub/Editor/6000.4.5f1/Unity.app/Contents/Resources/Scripting/Managed/UnityEngine/UnityEditor.TextCoreTextEngineModule.dll"
-r:"/Applications/Unity/Hub/Editor/6000.4.5f1/Unity.app/Contents/Resources/Scripting/Managed/UnityEngine/UnityEditor.TextRenderingModule.dll"
-r:"/Applications/Unity/Hub/Editor/6000.4.5f1/Unity.app/Contents/Resources/Scripting/Managed/UnityEngine/UnityEditor.TilemapModule.dll"
-r:"/Applications/Unity/Hub/Editor/6000.4.5f1/Unity.app/Contents/Resources/Scripting/Managed/UnityEngine/UnityEditor.TreeModule.dll"
-r:"/Applications/Unity/Hub/Editor/6000.4.5f1/Unity.app/Contents/Resources/Scripting/Managed/UnityEngine/UnityEditor.UIAutomationModule.dll"
-r:"/Applications/Unity/Hub/Editor/6000.4.5f1/Unity.app/Contents/Resources/Scripting/Managed/UnityEngine/UnityEditor.UIBuilderModule.dll"
-r:"/Applications/Unity/Hub/Editor/6000.4.5f1/Unity.app/Contents/Resources/Scripting/Managed/UnityEngine/UnityEditor.UIElementsModule.dll"
-r:"/Applications/Unity/Hub/Editor/6000.4.5f1/Unity.app/Contents/Resources/Scripting/Managed/UnityEngine/UnityEditor.UIElementsSamplesModule.dll"
-r:"/Applications/Unity/Hub/Editor/6000.4.5f1/Unity.app/Contents/Resources/Scripting/Managed/UnityEngine/UnityEditor.UIToolkitAuthoringModule.dll"
-r:"/Applications/Unity/Hub/Editor/6000.4.5f1/Unity.app/Contents/Resources/Scripting/Managed/UnityEngine/UnityEditor.UmbraModule.dll"
-r:"/Applications/Unity/Hub/Editor/6000.4.5f1/Unity.app/Contents/Resources/Scripting/Managed/UnityEngine/UnityEditor.UnityConnectModule.dll"
-r:"/Applications/Unity/Hub/Editor/6000.4.5f1/Unity.app/Contents/Resources/Scripting/Managed/UnityEngine/UnityEditor.VFXModule.dll"
-r:"/Applications/Unity/Hub/Editor/6000.4.5f1/Unity.app/Contents/Resources/Scripting/Managed/UnityEngine/UnityEditor.VectorGraphicsModule.dll"
-r:"/Applications/Unity/Hub/Editor/6000.4.5f1/Unity.app/Contents/Resources/Scripting/Managed/UnityEngine/UnityEditor.VideoModule.dll"
-r:"/Applications/Unity/Hub/Editor/6000.4.5f1/Unity.app/Contents/Resources/Scripting/Managed/UnityEngine/UnityEditor.XRModule.dll"
-r:"/Applications/Unity/Hub/Editor/6000.4.5f1/Unity.app/Contents/Resources/Scripting/Managed/UnityEngine/UnityEditor.dll"
-r:"/Applications/Unity/Hub/Editor/6000.4.5f1/Unity.app/Contents/Resources/Scripting/Managed/UnityEngine/UnityEngine.AIModule.dll"
-r:"/Applications/Unity/Hub/Editor/6000.4.5f1/Unity.app/Contents/Resources/Scripting/Managed/UnityEngine/UnityEngine.AccessibilityModule.dll"
-r:"/Applications/Unity/Hub/Editor/6000.4.5f1/Unity.app/Contents/Resources/Scripting/Managed/UnityEngine/UnityEngine.AdaptivePerformanceModule.dll"
-r:"/Applications/Unity/Hub/Editor/6000.4.5f1/Unity.app/Contents/Resources/Scripting/Managed/UnityEngine/UnityEngine.AndroidJNIModule.dll"
-r:"/Applications/Unity/Hub/Editor/6000.4.5f1/Unity.app/Contents/Resources/Scripting/Managed/UnityEngine/UnityEngine.AnimationModule.dll"
-r:"/Applications/Unity/Hub/Editor/6000.4.5f1/Unity.app/Contents/Resources/Scripting/Managed/UnityEngine/UnityEngine.AssetBundleModule.dll"
-r:"/Applications/Unity/Hub/Editor/6000.4.5f1/Unity.app/Contents/Resources/Scripting/Managed/UnityEngine/UnityEngine.AudioModule.dll"
-r:"/Applications/Unity/Hub/Editor/6000.4.5f1/Unity.app/Contents/Resources/Scripting/Managed/UnityEngine/UnityEngine.ClothModule.dll"
-r:"/Applications/Unity/Hub/Editor/6000.4.5f1/Unity.app/Contents/Resources/Scripting/Managed/UnityEngine/UnityEngine.ContentLoadModule.dll"
-r:"/Applications/Unity/Hub/Editor/6000.4.5f1/Unity.app/Contents/Resources/Scripting/Managed/UnityEngine/UnityEngine.CoreModule.dll"
-r:"/Applications/Unity/Hub/Editor/6000.4.5f1/Unity.app/Contents/Resources/Scripting/Managed/UnityEngine/UnityEngine.CrashReportingModule.dll"
-r:"/Applications/Unity/Hub/Editor/6000.4.5f1/Unity.app/Contents/Resources/Scripting/Managed/UnityEngine/UnityEngine.DSPGraphModule.dll"
-r:"/Applications/Unity/Hub/Editor/6000.4.5f1/Unity.app/Contents/Resources/Scripting/Managed/UnityEngine/UnityEngine.DirectorModule.dll"
-r:"/Applications/Unity/Hub/Editor/6000.4.5f1/Unity.app/Contents/Resources/Scripting/Managed/UnityEngine/UnityEngine.GIModule.dll"
-r:"/Applications/Unity/Hub/Editor/6000.4.5f1/Unity.app/Contents/Resources/Scripting/Managed/UnityEngine/UnityEngine.GameCenterModule.dll"
-r:"/Applications/Unity/Hub/Editor/6000.4.5f1/Unity.app/Contents/Resources/Scripting/Managed/UnityEngine/UnityEngine.GraphicsStateCollectionSerializerModule.dll"
-r:"/Applications/Unity/Hub/Editor/6000.4.5f1/Unity.app/Contents/Resources/Scripting/Managed/UnityEngine/UnityEngine.GridModule.dll"
-r:"/Applications/Unity/Hub/Editor/6000.4.5f1/Unity.app/Contents/Resources/Scripting/Managed/UnityEngine/UnityEngine.HierarchyCoreModule.dll"
-r:"/Applications/Unity/Hub/Editor/6000.4.5f1/Unity.app/Contents/Resources/Scripting/Managed/UnityEngine/UnityEngine.HotReloadModule.dll"
-r:"/Applications/Unity/Hub/Editor/6000.4.5f1/Unity.app/Contents/Resources/Scripting/Managed/UnityEngine/UnityEngine.IMGUIModule.dll"
-r:"/Applications/Unity/Hub/Editor/6000.4.5f1/Unity.app/Contents/Resources/Scripting/Managed/UnityEngine/UnityEngine.IdentifiersModule.dll"
-r:"/Applications/Unity/Hub/Editor/6000.4.5f1/Unity.app/Contents/Resources/Scripting/Managed/UnityEngine/UnityEngine.ImageConversionModule.dll"
-r:"/Applications/Unity/Hub/Editor/6000.4.5f1/Unity.app/Contents/Resources/Scripting/Managed/UnityEngine/UnityEngine.InputForUIModule.dll"
-r:"/Applications/Unity/Hub/Editor/6000.4.5f1/Unity.app/Contents/Resources/Scripting/Managed/UnityEngine/UnityEngine.InputLegacyModule.dll"
-r:"/Applications/Unity/Hub/Editor/6000.4.5f1/Unity.app/Contents/Resources/Scripting/Managed/UnityEngine/UnityEngine.InputModule.dll"
-r:"/Applications/Unity/Hub/Editor/6000.4.5f1/Unity.app/Contents/Resources/Scripting/Managed/UnityEngine/UnityEngine.JSONSerializeModule.dll"
-r:"/Applications/Unity/Hub/Editor/6000.4.5f1/Unity.app/Contents/Resources/Scripting/Managed/UnityEngine/UnityEngine.LocalizationModule.dll"
-r:"/Applications/Unity/Hub/Editor/6000.4.5f1/Unity.app/Contents/Resources/Scripting/Managed/UnityEngine/UnityEngine.MarshallingModule.dll"
-r:"/Applications/Unity/Hub/Editor/6000.4.5f1/Unity.app/Contents/Resources/Scripting/Managed/UnityEngine/UnityEngine.MultiplayerModule.dll"
-r:"/Applications/Unity/Hub/Editor/6000.4.5f1/Unity.app/Contents/Resources/Scripting/Managed/UnityEngine/UnityEngine.ParticleSystemModule.dll"
-r:"/Applications/Unity/Hub/Editor/6000.4.5f1/Unity.app/Contents/Resources/Scripting/Managed/UnityEngine/UnityEngine.PerformanceReportingModule.dll"
-r:"/Applications/Unity/Hub/Editor/6000.4.5f1/Unity.app/Contents/Resources/Scripting/Managed/UnityEngine/UnityEngine.Physics2DModule.dll"
-r:"/Applications/Unity/Hub/Editor/6000.4.5f1/Unity.app/Contents/Resources/Scripting/Managed/UnityEngine/UnityEngine.PhysicsBackendPhysXModule.dll"
-r:"/Applications/Unity/Hub/Editor/6000.4.5f1/Unity.app/Contents/Resources/Scripting/Managed/UnityEngine/UnityEngine.PhysicsModule.dll"
-r:"/Applications/Unity/Hub/Editor/6000.4.5f1/Unity.app/Contents/Resources/Scripting/Managed/UnityEngine/UnityEngine.PropertiesModule.dll"
-r:"/Applications/Unity/Hub/Editor/6000.4.5f1/Unity.app/Contents/Resources/Scripting/Managed/UnityEngine/UnityEngine.RenderAs2DModule.dll"
-r:"/Applications/Unity/Hub/Editor/6000.4.5f1/Unity.app/Contents/Resources/Scripting/Managed/UnityEngine/UnityEngine.RuntimeInitializeOnLoadManagerInitializerModule.dll"
-r:"/Applications/Unity/Hub/Editor/6000.4.5f1/Unity.app/Contents/Resources/Scripting/Managed/UnityEngine/UnityEngine.ScreenCaptureModule.dll"
-r:"/Applications/Unity/Hub/Editor/6000.4.5f1/Unity.app/Contents/Resources/Scripting/Managed/UnityEngine/UnityEngine.ScriptingModule.dll"
-r:"/Applications/Unity/Hub/Editor/6000.4.5f1/Unity.app/Contents/Resources/Scripting/Managed/UnityEngine/UnityEngine.ShaderVariantAnalyticsModule.dll"
-r:"/Applications/Unity/Hub/Editor/6000.4.5f1/Unity.app/Contents/Resources/Scripting/Managed/UnityEngine/UnityEngine.SharedInternalsModule.dll"
-r:"/Applications/Unity/Hub/Editor/6000.4.5f1/Unity.app/Contents/Resources/Scripting/Managed/UnityEngine/UnityEngine.SpriteMaskModule.dll"
-r:"/Applications/Unity/Hub/Editor/6000.4.5f1/Unity.app/Contents/Resources/Scripting/Managed/UnityEngine/UnityEngine.SpriteShapeModule.dll"
-r:"/Applications/Unity/Hub/Editor/6000.4.5f1/Unity.app/Contents/Resources/Scripting/Managed/UnityEngine/UnityEngine.StreamingModule.dll"
-r:"/Applications/Unity/Hub/Editor/6000.4.5f1/Unity.app/Contents/Resources/Scripting/Managed/UnityEngine/UnityEngine.SubstanceModule.dll"
-r:"/Applications/Unity/Hub/Editor/6000.4.5f1/Unity.app/Contents/Resources/Scripting/Managed/UnityEngine/UnityEngine.SubsystemsModule.dll"
-r:"/Applications/Unity/Hub/Editor/6000.4.5f1/Unity.app/Contents/Resources/Scripting/Managed/UnityEngine/UnityEngine.TLSModule.dll"
-r:"/Applications/Unity/Hub/Editor/6000.4.5f1/Unity.app/Contents/Resources/Scripting/Managed/UnityEngine/UnityEngine.TerrainModule.dll"
-r:"/Applications/Unity/Hub/Editor/6000.4.5f1/Unity.app/Contents/Resources/Scripting/Managed/UnityEngine/UnityEngine.TerrainPhysicsModule.dll"
-r:"/Applications/Unity/Hub/Editor/6000.4.5f1/Unity.app/Contents/Resources/Scripting/Managed/UnityEngine/UnityEngine.TextCoreFontEngineModule.dll"
-r:"/Applications/Unity/Hub/Editor/6000.4.5f1/Unity.app/Contents/Resources/Scripting/Managed/UnityEngine/UnityEngine.TextCoreTextEngineModule.dll"
-r:"/Applications/Unity/Hub/Editor/6000.4.5f1/Unity.app/Contents/Resources/Scripting/Managed/UnityEngine/UnityEngine.TextRenderingModule.dll"
-r:"/Applications/Unity/Hub/Editor/6000.4.5f1/Unity.app/Contents/Resources/Scripting/Managed/UnityEngine/UnityEngine.TilemapModule.dll"
-r:"/Applications/Unity/Hub/Editor/6000.4.5f1/Unity.app/Contents/Resources/Scripting/Managed/UnityEngine/UnityEngine.UIElementsModule.dll"
-r:"/Applications/Unity/Hub/Editor/6000.4.5f1/Unity.app/Contents/Resources/Scripting/Managed/UnityEngine/UnityEngine.UIModule.dll"
-r:"/Applications/Unity/Hub/Editor/6000.4.5f1/Unity.app/Contents/Resources/Scripting/Managed/UnityEngine/UnityEngine.UmbraModule.dll"
-r:"/Applications/Unity/Hub/Editor/6000.4.5f1/Unity.app/Contents/Resources/Scripting/Managed/UnityEngine/UnityEngine.UnityAnalyticsCommonModule.dll"
-r:"/Applications/Unity/Hub/Editor/6000.4.5f1/Unity.app/Contents/Resources/Scripting/Managed/UnityEngine/UnityEngine.UnityAnalyticsModule.dll"
-r:"/Applications/Unity/Hub/Editor/6000.4.5f1/Unity.app/Contents/Resources/Scripting/Managed/UnityEngine/UnityEngine.UnityConnectModule.dll"
-r:"/Applications/Unity/Hub/Editor/6000.4.5f1/Unity.app/Contents/Resources/Scripting/Managed/UnityEngine/UnityEngine.UnityConsentModule.dll"
-r:"/Applications/Unity/Hub/Editor/6000.4.5f1/Unity.app/Contents/Resources/Scripting/Managed/UnityEngine/UnityEngine.UnityCurlModule.dll"
-r:"/Applications/Unity/Hub/Editor/6000.4.5f1/Unity.app/Contents/Resources/Scripting/Managed/UnityEngine/UnityEngine.UnityWebRequestAssetBundleModule.dll"
-r:"/Applications/Unity/Hub/Editor/6000.4.5f1/Unity.app/Contents/Resources/Scripting/Managed/UnityEngine/UnityEngine.UnityWebRequestAudioModule.dll"
-r:"/Applications/Unity/Hub/Editor/6000.4.5f1/Unity.app/Contents/Resources/Scripting/Managed/UnityEngine/UnityEngine.UnityWebRequestModule.dll"
-r:"/Applications/Unity/Hub/Editor/6000.4.5f1/Unity.app/Contents/Resources/Scripting/Managed/UnityEngine/UnityEngine.UnityWebRequestTextureModule.dll"
-r:"/Applications/Unity/Hub/Editor/6000.4.5f1/Unity.app/Contents/Resources/Scripting/Managed/UnityEngine/UnityEngine.UnityWebRequestWWWModule.dll"
-r:"/Applications/Unity/Hub/Editor/6000.4.5f1/Unity.app/Contents/Resources/Scripting/Managed/UnityEngine/UnityEngine.VFXModule.dll"
-r:"/Applications/Unity/Hub/Editor/6000.4.5f1/Unity.app/Contents/Resources/Scripting/Managed/UnityEngine/UnityEngine.VRModule.dll"
-r:"/Applications/Unity/Hub/Editor/6000.4.5f1/Unity.app/Contents/Resources/Scripting/Managed/UnityEngine/UnityEngine.VectorGraphicsModule.dll"
-r:"/Applications/Unity/Hub/Editor/6000.4.5f1/Unity.app/Contents/Resources/Scripting/Managed/UnityEngine/UnityEngine.VehiclesModule.dll"
-r:"/Applications/Unity/Hub/Editor/6000.4.5f1/Unity.app/Contents/Resources/Scripting/Managed/UnityEngine/UnityEngine.VideoModule.dll"
-r:"/Applications/Unity/Hub/Editor/6000.4.5f1/Unity.app/Contents/Resources/Scripting/Managed/UnityEngine/UnityEngine.WindModule.dll"
-r:"/Applications/Unity/Hub/Editor/6000.4.5f1/Unity.app/Contents/Resources/Scripting/Managed/UnityEngine/UnityEngine.XRModule.dll"
-r:"/Applications/Unity/Hub/Editor/6000.4.5f1/Unity.app/Contents/Resources/Scripting/Managed/UnityEngine/UnityEngine.dll"
-r:"/Applications/Unity/Hub/Editor/6000.4.5f1/Unity.app/Contents/Resources/Scripting/NetStandard/Extensions/2.0.0/System.Runtime.InteropServices.WindowsRuntime.dll"
-r:"/Applications/Unity/Hub/Editor/6000.4.5f1/Unity.app/Contents/Resources/Scripting/NetStandard/compat/2.1.0/shims/netfx/System.ComponentModel.Composition.dll"
-r:"/Applications/Unity/Hub/Editor/6000.4.5f1/Unity.app/Contents/Resources/Scripting/NetStandard/compat/2.1.0/shims/netfx/System.Core.dll"
-r:"/Applications/Unity/Hub/Editor/6000.4.5f1/Unity.app/Contents/Resources/Scripting/NetStandard/compat/2.1.0/shims/netfx/System.Data.dll"
-r:"/Applications/Unity/Hub/Editor/6000.4.5f1/Unity.app/Contents/Resources/Scripting/NetStandard/compat/2.1.0/shims/netfx/System.Drawing.dll"
-r:"/Applications/Unity/Hub/Editor/6000.4.5f1/Unity.app/Contents/Resources/Scripting/NetStandard/compat/2.1.0/shims/netfx/System.IO.Compression.FileSystem.dll"
-r:"/Applications/Unity/Hub/Editor/6000.4.5f1/Unity.app/Contents/Resources/Scripting/NetStandard/compat/2.1.0/shims/netfx/System.Net.dll"
-r:"/Applications/Unity/Hub/Editor/6000.4.5f1/Unity.app/Contents/Resources/Scripting/NetStandard/compat/2.1.0/shims/netfx/System.Numerics.dll"
-r:"/Applications/Unity/Hub/Editor/6000.4.5f1/Unity.app/Contents/Resources/Scripting/NetStandard/compat/2.1.0/shims/netfx/System.Runtime.Serialization.dll"
-r:"/Applications/Unity/Hub/Editor/6000.4.5f1/Unity.app/Contents/Resources/Scripting/NetStandard/compat/2.1.0/shims/netfx/System.ServiceModel.Web.dll"
-r:"/Applications/Unity/Hub/Editor/6000.4.5f1/Unity.app/Contents/Resources/Scripting/NetStandard/compat/2.1.0/shims/netfx/System.Transactions.dll"
-r:"/Applications/Unity/Hub/Editor/6000.4.5f1/Unity.app/Contents/Resources/Scripting/NetStandard/compat/2.1.0/shims/netfx/System.Web.dll"
-r:"/Applications/Unity/Hub/Editor/6000.4.5f1/Unity.app/Contents/Resources/Scripting/NetStandard/compat/2.1.0/shims/netfx/System.Windows.dll"
-r:"/Applications/Unity/Hub/Editor/6000.4.5f1/Unity.app/Contents/Resources/Scripting/NetStandard/compat/2.1.0/shims/netfx/System.Xml.Linq.dll"
-r:"/Applications/Unity/Hub/Editor/6000.4.5f1/Unity.app/Contents/Resources/Scripting/NetStandard/compat/2.1.0/shims/netfx/System.Xml.Serialization.dll"
-r:"/Applications/Unity/Hub/Editor/6000.4.5f1/Unity.app/Contents/Resources/Scripting/NetStandard/compat/2.1.0/shims/netfx/System.Xml.dll"
-r:"/Applications/Unity/Hub/Editor/6000.4.5f1/Unity.app/Contents/Resources/Scripting/NetStandard/compat/2.1.0/shims/netfx/System.dll"
-r:"/Applications/Unity/Hub/Editor/6000.4.5f1/Unity.app/Contents/Resources/Scripting/NetStandard/compat/2.1.0/shims/netfx/mscorlib.dll"
-r:"/Applications/Unity/Hub/Editor/6000.4.5f1/Unity.app/Contents/Resources/Scripting/NetStandard/compat/2.1.0/shims/netstandard/Microsoft.Win32.Primitives.dll"
-r:"/Applications/Unity/Hub/Editor/6000.4.5f1/Unity.app/Contents/Resources/Scripting/NetStandard/compat/2.1.0/shims/netstandard/System.AppContext.dll"
-r:"/Applications/Unity/Hub/Editor/6000.4.5f1/Unity.app/Contents/Resources/Scripting/NetStandard/compat/2.1.0/shims/netstandard/System.Buffers.dll"
-r:"/Applications/Unity/Hub/Editor/6000.4.5f1/Unity.app/Contents/Resources/Scripting/NetStandard/compat/2.1.0/shims/netstandard/System.Collections.Concurrent.dll"
-r:"/Applications/Unity/Hub/Editor/6000.4.5f1/Unity.app/Contents/Resources/Scripting/NetStandard/compat/2.1.0/shims/netstandard/System.Collections.NonGeneric.dll"
-r:"/Applications/Unity/Hub/Editor/6000.4.5f1/Unity.app/Contents/Resources/Scripting/NetStandard/compat/2.1.0/shims/netstandard/System.Collections.Specialized.dll"
-r:"/Applications/Unity/Hub/Editor/6000.4.5f1/Unity.app/Contents/Resources/Scripting/NetStandard/compat/2.1.0/shims/netstandard/System.Collections.dll"
-r:"/Applications/Unity/Hub/Editor/6000.4.5f1/Unity.app/Contents/Resources/Scripting/NetStandard/compat/2.1.0/shims/netstandard/System.ComponentModel.EventBasedAsync.dll"
-r:"/Applications/Unity/Hub/Editor/6000.4.5f1/Unity.app/Contents/Resources/Scripting/NetStandard/compat/2.1.0/shims/netstandard/System.ComponentModel.Primitives.dll"
-r:"/Applications/Unity/Hub/Editor/6000.4.5f1/Unity.app/Contents/Resources/Scripting/NetStandard/compat/2.1.0/shims/netstandard/System.ComponentModel.TypeConverter.dll"
-r:"/Applications/Unity/Hub/Editor/6000.4.5f1/Unity.app/Contents/Resources/Scripting/NetStandard/compat/2.1.0/shims/netstandard/System.ComponentModel.dll"
-r:"/Applications/Unity/Hub/Editor/6000.4.5f1/Unity.app/Contents/Resources/Scripting/NetStandard/compat/2.1.0/shims/netstandard/System.Console.dll"
-r:"/Applications/Unity/Hub/Editor/6000.4.5f1/Unity.app/Contents/Resources/Scripting/NetStandard/compat/2.1.0/shims/netstandard/System.Data.Common.dll"
-r:"/Applications/Unity/Hub/Editor/6000.4.5f1/Unity.app/Contents/Resources/Scripting/NetStandard/compat/2.1.0/shims/netstandard/System.Diagnostics.Contracts.dll"
-r:"/Applications/Unity/Hub/Editor/6000.4.5f1/Unity.app/Contents/Resources/Scripting/NetStandard/compat/2.1.0/shims/netstandard/System.Diagnostics.Debug.dll"
-r:"/Applications/Unity/Hub/Editor/6000.4.5f1/Unity.app/Contents/Resources/Scripting/NetStandard/compat/2.1.0/shims/netstandard/System.Diagnostics.FileVersionInfo.dll"
-r:"/Applications/Unity/Hub/Editor/6000.4.5f1/Unity.app/Contents/Resources/Scripting/NetStandard/compat/2.1.0/shims/netstandard/System.Diagnostics.Process.dll"
-r:"/Applications/Unity/Hub/Editor/6000.4.5f1/Unity.app/Contents/Resources/Scripting/NetStandard/compat/2.1.0/shims/netstandard/System.Diagnostics.StackTrace.dll"
-r:"/Applications/Unity/Hub/Editor/6000.4.5f1/Unity.app/Contents/Resources/Scripting/NetStandard/compat/2.1.0/shims/netstandard/System.Diagnostics.TextWriterTraceListener.dll"
-r:"/Applications/Unity/Hub/Editor/6000.4.5f1/Unity.app/Contents/Resources/Scripting/NetStandard/compat/2.1.0/shims/netstandard/System.Diagnostics.Tools.dll"
-r:"/Applications/Unity/Hub/Editor/6000.4.5f1/Unity.app/Contents/Resources/Scripting/NetStandard/compat/2.1.0/shims/netstandard/System.Diagnostics.TraceSource.dll"
-r:"/Applications/Unity/Hub/Editor/6000.4.5f1/Unity.app/Contents/Resources/Scripting/NetStandard/compat/2.1.0/shims/netstandard/System.Diagnostics.Tracing.dll"
-r:"/Applications/Unity/Hub/Editor/6000.4.5f1/Unity.app/Contents/Resources/Scripting/NetStandard/compat/2.1.0/shims/netstandard/System.Drawing.Primitives.dll"
-r:"/Applications/Unity/Hub/Editor/6000.4.5f1/Unity.app/Contents/Resources/Scripting/NetStandard/compat/2.1.0/shims/netstandard/System.Dynamic.Runtime.dll"
-r:"/Applications/Unity/Hub/Editor/6000.4.5f1/Unity.app/Contents/Resources/Scripting/NetStandard/compat/2.1.0/shims/netstandard/System.Globalization.Calendars.dll"
-r:"/Applications/Unity/Hub/Editor/6000.4.5f1/Unity.app/Contents/Resources/Scripting/NetStandard/compat/2.1.0/shims/netstandard/System.Globalization.Extensions.dll"
-r:"/Applications/Unity/Hub/Editor/6000.4.5f1/Unity.app/Contents/Resources/Scripting/NetStandard/compat/2.1.0/shims/netstandard/System.Globalization.dll"
-r:"/Applications/Unity/Hub/Editor/6000.4.5f1/Unity.app/Contents/Resources/Scripting/NetStandard/compat/2.1.0/shims/netstandard/System.IO.Compression.ZipFile.dll"
-r:"/Applications/Unity/Hub/Editor/6000.4.5f1/Unity.app/Contents/Resources/Scripting/NetStandard/compat/2.1.0/shims/netstandard/System.IO.Compression.dll"
-r:"/Applications/Unity/Hub/Editor/6000.4.5f1/Unity.app/Contents/Resources/Scripting/NetStandard/compat/2.1.0/shims/netstandard/System.IO.FileSystem.DriveInfo.dll"
-r:"/Applications/Unity/Hub/Editor/6000.4.5f1/Unity.app/Contents/Resources/Scripting/NetStandard/compat/2.1.0/shims/netstandard/System.IO.FileSystem.Primitives.dll"
-r:"/Applications/Unity/Hub/Editor/6000.4.5f1/Unity.app/Contents/Resources/Scripting/NetStandard/compat/2.1.0/shims/netstandard/System.IO.FileSystem.Watcher.dll"
-r:"/Applications/Unity/Hub/Editor/6000.4.5f1/Unity.app/Contents/Resources/Scripting/NetStandard/compat/2.1.0/shims/netstandard/System.IO.FileSystem.dll"
-r:"/Applications/Unity/Hub/Editor/6000.4.5f1/Unity.app/Contents/Resources/Scripting/NetStandard/compat/2.1.0/shims/netstandard/System.IO.IsolatedStorage.dll"
-r:"/Applications/Unity/Hub/Editor/6000.4.5f1/Unity.app/Contents/Resources/Scripting/NetStandard/compat/2.1.0/shims/netstandard/System.IO.MemoryMappedFiles.dll"
-r:"/Applications/Unity/Hub/Editor/6000.4.5f1/Unity.app/Contents/Resources/Scripting/NetStandard/compat/2.1.0/shims/netstandard/System.IO.Pipes.dll"
-r:"/Applications/Unity/Hub/Editor/6000.4.5f1/Unity.app/Contents/Resources/Scripting/NetStandard/compat/2.1.0/shims/netstandard/System.IO.UnmanagedMemoryStream.dll"
-r:"/Applications/Unity/Hub/Editor/6000.4.5f1/Unity.app/Contents/Resources/Scripting/NetStandard/compat/2.1.0/shims/netstandard/System.IO.dll"
-r:"/Applications/Unity/Hub/Editor/6000.4.5f1/Unity.app/Contents/Resources/Scripting/NetStandard/compat/2.1.0/shims/netstandard/System.Linq.Expressions.dll"
-r:"/Applications/Unity/Hub/Editor/6000.4.5f1/Unity.app/Contents/Resources/Scripting/NetStandard/compat/2.1.0/shims/netstandard/System.Linq.Parallel.dll"
-r:"/Applications/Unity/Hub/Editor/6000.4.5f1/Unity.app/Contents/Resources/Scripting/NetStandard/compat/2.1.0/shims/netstandard/System.Linq.Queryable.dll"
-r:"/Applications/Unity/Hub/Editor/6000.4.5f1/Unity.app/Contents/Resources/Scripting/NetStandard/compat/2.1.0/shims/netstandard/System.Linq.dll"
-r:"/Applications/Unity/Hub/Editor/6000.4.5f1/Unity.app/Contents/Resources/Scripting/NetStandard/compat/2.1.0/shims/netstandard/System.Memory.dll"
-r:"/Applications/Unity/Hub/Editor/6000.4.5f1/Unity.app/Contents/Resources/Scripting/NetStandard/compat/2.1.0/shims/netstandard/System.Net.Http.dll"
-r:"/Applications/Unity/Hub/Editor/6000.4.5f1/Unity.app/Contents/Resources/Scripting/NetStandard/compat/2.1.0/shims/netstandard/System.Net.NameResolution.dll"
-r:"/Applications/Unity/Hub/Editor/6000.4.5f1/Unity.app/Contents/Resources/Scripting/NetStandard/compat/2.1.0/shims/netstandard/System.Net.NetworkInformation.dll"
-r:"/Applications/Unity/Hub/Editor/6000.4.5f1/Unity.app/Contents/Resources/Scripting/NetStandard/compat/2.1.0/shims/netstandard/System.Net.Ping.dll"
-r:"/Applications/Unity/Hub/Editor/6000.4.5f1/Unity.app/Contents/Resources/Scripting/NetStandard/compat/2.1.0/shims/netstandard/System.Net.Primitives.dll"
-r:"/Applications/Unity/Hub/Editor/6000.4.5f1/Unity.app/Contents/Resources/Scripting/NetStandard/compat/2.1.0/shims/netstandard/System.Net.Requests.dll"
-r:"/Applications/Unity/Hub/Editor/6000.4.5f1/Unity.app/Contents/Resources/Scripting/NetStandard/compat/2.1.0/shims/netstandard/System.Net.Security.dll"
-r:"/Applications/Unity/Hub/Editor/6000.4.5f1/Unity.app/Contents/Resources/Scripting/NetStandard/compat/2.1.0/shims/netstandard/System.Net.Sockets.dll"
-r:"/Applications/Unity/Hub/Editor/6000.4.5f1/Unity.app/Contents/Resources/Scripting/NetStandard/compat/2.1.0/shims/netstandard/System.Net.WebHeaderCollection.dll"
-r:"/Applications/Unity/Hub/Editor/6000.4.5f1/Unity.app/Contents/Resources/Scripting/NetStandard/compat/2.1.0/shims/netstandard/System.Net.WebSockets.Client.dll"
-r:"/Applications/Unity/Hub/Editor/6000.4.5f1/Unity.app/Contents/Resources/Scripting/NetStandard/compat/2.1.0/shims/netstandard/System.Net.WebSockets.dll"
-r:"/Applications/Unity/Hub/Editor/6000.4.5f1/Unity.app/Contents/Resources/Scripting/NetStandard/compat/2.1.0/shims/netstandard/System.Numerics.Vectors.dll"
-r:"/Applications/Unity/Hub/Editor/6000.4.5f1/Unity.app/Contents/Resources/Scripting/NetStandard/compat/2.1.0/shims/netstandard/System.ObjectModel.dll"
-r:"/Applications/Unity/Hub/Editor/6000.4.5f1/Unity.app/Contents/Resources/Scripting/NetStandard/compat/2.1.0/shims/netstandard/System.Reflection.DispatchProxy.dll"
-r:"/Applications/Unity/Hub/Editor/6000.4.5f1/Unity.app/Contents/Resources/Scripting/NetStandard/compat/2.1.0/shims/netstandard/System.Reflection.Emit.ILGeneration.dll"
-r:"/Applications/Unity/Hub/Editor/6000.4.5f1/Unity.app/Contents/Resources/Scripting/NetStandard/compat/2.1.0/shims/netstandard/System.Reflection.Emit.Lightweight.dll"
-r:"/Applications/Unity/Hub/Editor/6000.4.5f1/Unity.app/Contents/Resources/Scripting/NetStandard/compat/2.1.0/shims/netstandard/System.Reflection.Emit.dll"
-r:"/Applications/Unity/Hub/Editor/6000.4.5f1/Unity.app/Contents/Resources/Scripting/NetStandard/compat/2.1.0/shims/netstandard/System.Reflection.Extensions.dll"
-r:"/Applications/Unity/Hub/Editor/6000.4.5f1/Unity.app/Contents/Resources/Scripting/NetStandard/compat/2.1.0/shims/netstandard/System.Reflection.Primitives.dll"
-r:"/Applications/Unity/Hub/Editor/6000.4.5f1/Unity.app/Contents/Resources/Scripting/NetStandard/compat/2.1.0/shims/netstandard/System.Reflection.dll"
-r:"/Applications/Unity/Hub/Editor/6000.4.5f1/Unity.app/Contents/Resources/Scripting/NetStandard/compat/2.1.0/shims/netstandard/System.Resources.Reader.dll"
-r:"/Applications/Unity/Hub/Editor/6000.4.5f1/Unity.app/Contents/Resources/Scripting/NetStandard/compat/2.1.0/shims/netstandard/System.Resources.ResourceManager.dll"
-r:"/Applications/Unity/Hub/Editor/6000.4.5f1/Unity.app/Contents/Resources/Scripting/NetStandard/compat/2.1.0/shims/netstandard/System.Resources.Writer.dll"
-r:"/Applications/Unity/Hub/Editor/6000.4.5f1/Unity.app/Contents/Resources/Scripting/NetStandard/compat/2.1.0/shims/netstandard/System.Runtime.CompilerServices.VisualC.dll"
-r:"/Applications/Unity/Hub/Editor/6000.4.5f1/Unity.app/Contents/Resources/Scripting/NetStandard/compat/2.1.0/shims/netstandard/System.Runtime.Extensions.dll"
-r:"/Applications/Unity/Hub/Editor/6000.4.5f1/Unity.app/Contents/Resources/Scripting/NetStandard/compat/2.1.0/shims/netstandard/System.Runtime.Handles.dll"
-r:"/Applications/Unity/Hub/Editor/6000.4.5f1/Unity.app/Contents/Resources/Scripting/NetStandard/compat/2.1.0/shims/netstandard/System.Runtime.InteropServices.RuntimeInformation.dll"
-r:"/Applications/Unity/Hub/Editor/6000.4.5f1/Unity.app/Contents/Resources/Scripting/NetStandard/compat/2.1.0/shims/netstandard/System.Runtime.InteropServices.dll"
-r:"/Applications/Unity/Hub/Editor/6000.4.5f1/Unity.app/Contents/Resources/Scripting/NetStandard/compat/2.1.0/shims/netstandard/System.Runtime.Numerics.dll"
-r:"/Applications/Unity/Hub/Editor/6000.4.5f1/Unity.app/Contents/Resources/Scripting/NetStandard/compat/2.1.0/shims/netstandard/System.Runtime.Serialization.Formatters.dll"
-r:"/Applications/Unity/Hub/Editor/6000.4.5f1/Unity.app/Contents/Resources/Scripting/NetStandard/compat/2.1.0/shims/netstandard/System.Runtime.Serialization.Json.dll"
-r:"/Applications/Unity/Hub/Editor/6000.4.5f1/Unity.app/Contents/Resources/Scripting/NetStandard/compat/2.1.0/shims/netstandard/System.Runtime.Serialization.Primitives.dll"
-r:"/Applications/Unity/Hub/Editor/6000.4.5f1/Unity.app/Contents/Resources/Scripting/NetStandard/compat/2.1.0/shims/netstandard/System.Runtime.Serialization.Xml.dll"
-r:"/Applications/Unity/Hub/Editor/6000.4.5f1/Unity.app/Contents/Resources/Scripting/NetStandard/compat/2.1.0/shims/netstandard/System.Runtime.dll"
-r:"/Applications/Unity/Hub/Editor/6000.4.5f1/Unity.app/Contents/Resources/Scripting/NetStandard/compat/2.1.0/shims/netstandard/System.Security.Claims.dll"
-r:"/Applications/Unity/Hub/Editor/6000.4.5f1/Unity.app/Contents/Resources/Scripting/NetStandard/compat/2.1.0/shims/netstandard/System.Security.Cryptography.Algorithms.dll"
-r:"/Applications/Unity/Hub/Editor/6000.4.5f1/Unity.app/Contents/Resources/Scripting/NetStandard/compat/2.1.0/shims/netstandard/System.Security.Cryptography.Csp.dll"
-r:"/Applications/Unity/Hub/Editor/6000.4.5f1/Unity.app/Contents/Resources/Scripting/NetStandard/compat/2.1.0/shims/netstandard/System.Security.Cryptography.Encoding.dll"
-r:"/Applications/Unity/Hub/Editor/6000.4.5f1/Unity.app/Contents/Resources/Scripting/NetStandard/compat/2.1.0/shims/netstandard/System.Security.Cryptography.Primitives.dll"
-r:"/Applications/Unity/Hub/Editor/6000.4.5f1/Unity.app/Contents/Resources/Scripting/NetStandard/compat/2.1.0/shims/netstandard/System.Security.Cryptography.X509Certificates.dll"
-r:"/Applications/Unity/Hub/Editor/6000.4.5f1/Unity.app/Contents/Resources/Scripting/NetStandard/compat/2.1.0/shims/netstandard/System.Security.Principal.dll"
-r:"/Applications/Unity/Hub/Editor/6000.4.5f1/Unity.app/Contents/Resources/Scripting/NetStandard/compat/2.1.0/shims/netstandard/System.Security.SecureString.dll"
-r:"/Applications/Unity/Hub/Editor/6000.4.5f1/Unity.app/Contents/Resources/Scripting/NetStandard/compat/2.1.0/shims/netstandard/System.Text.Encoding.Extensions.dll"
-r:"/Applications/Unity/Hub/Editor/6000.4.5f1/Unity.app/Contents/Resources/Scripting/NetStandard/compat/2.1.0/shims/netstandard/System.Text.Encoding.dll"
-r:"/Applications/Unity/Hub/Editor/6000.4.5f1/Unity.app/Contents/Resources/Scripting/NetStandard/compat/2.1.0/shims/netstandard/System.Text.RegularExpressions.dll"
-r:"/Applications/Unity/Hub/Editor/6000.4.5f1/Unity.app/Contents/Resources/Scripting/NetStandard/compat/2.1.0/shims/netstandard/System.Threading.Overlapped.dll"
-r:"/Applications/Unity/Hub/Editor/6000.4.5f1/Unity.app/Contents/Resources/Scripting/NetStandard/compat/2.1.0/shims/netstandard/System.Threading.Tasks.Extensions.dll"
-r:"/Applications/Unity/Hub/Editor/6000.4.5f1/Unity.app/Contents/Resources/Scripting/NetStandard/compat/2.1.0/shims/netstandard/System.Threading.Tasks.Parallel.dll"
-r:"/Applications/Unity/Hub/Editor/6000.4.5f1/Unity.app/Contents/Resources/Scripting/NetStandard/compat/2.1.0/shims/netstandard/System.Threading.Tasks.dll"
-r:"/Applications/Unity/Hub/Editor/6000.4.5f1/Unity.app/Contents/Resources/Scripting/NetStandard/compat/2.1.0/shims/netstandard/System.Threading.Thread.dll"
-r:"/Applications/Unity/Hub/Editor/6000.4.5f1/Unity.app/Contents/Resources/Scripting/NetStandard/compat/2.1.0/shims/netstandard/System.Threading.ThreadPool.dll"
-r:"/Applications/Unity/Hub/Editor/6000.4.5f1/Unity.app/Contents/Resources/Scripting/NetStandard/compat/2.1.0/shims/netstandard/System.Threading.Timer.dll"
-r:"/Applications/Unity/Hub/Editor/6000.4.5f1/Unity.app/Contents/Resources/Scripting/NetStandard/compat/2.1.0/shims/netstandard/System.Threading.dll"
-r:"/Applications/Unity/Hub/Editor/6000.4.5f1/Unity.app/Contents/Resources/Scripting/NetStandard/compat/2.1.0/shims/netstandard/System.ValueTuple.dll"
-r:"/Applications/Unity/Hub/Editor/6000.4.5f1/Unity.app/Contents/Resources/Scripting/NetStandard/compat/2.1.0/shims/netstandard/System.Xml.ReaderWriter.dll"
-r:"/Applications/Unity/Hub/Editor/6000.4.5f1/Unity.app/Contents/Resources/Scripting/NetStandard/compat/2.1.0/shims/netstandard/System.Xml.XDocument.dll"
-r:"/Applications/Unity/Hub/Editor/6000.4.5f1/Unity.app/Contents/Resources/Scripting/NetStandard/compat/2.1.0/shims/netstandard/System.Xml.XPath.XDocument.dll"
-r:"/Applications/Unity/Hub/Editor/6000.4.5f1/Unity.app/Contents/Resources/Scripting/NetStandard/compat/2.1.0/shims/netstandard/System.Xml.XPath.dll"
-r:"/Applications/Unity/Hub/Editor/6000.4.5f1/Unity.app/Contents/Resources/Scripting/NetStandard/compat/2.1.0/shims/netstandard/System.Xml.XmlDocument.dll"
-r:"/Applications/Unity/Hub/Editor/6000.4.5f1/Unity.app/Contents/Resources/Scripting/NetStandard/compat/2.1.0/shims/netstandard/System.Xml.XmlSerializer.dll"
-r:"/Applications/Unity/Hub/Editor/6000.4.5f1/Unity.app/Contents/Resources/Scripting/NetStandard/ref/2.1.0/netstandard.dll"
-r:"Library/PackageCache/com.unity.collections@9c2353fb96f6/Unity.Collections.LowLevel.ILSupport/Unity.Collections.LowLevel.ILSupport.dll"
-r:"Library/PackageCache/com.unity.collections@9c2353fb96f6/Unity.Collections.Tests/System.IO.Hashing/System.IO.Hashing.dll"
-r:"Library/PackageCache/com.unity.collections@9c2353fb96f6/Unity.Collections.Tests/System.Runtime.CompilerServices.Unsafe/System.Runtime.CompilerServices.Unsafe.dll"
-r:"Library/PackageCache/com.unity.ext.nunit@d8c07649098d/net40/unity-custom/nunit.framework.dll"
-r:"Library/PackageCache/com.unity.nuget.mono-cecil@ecb9724e46ff/Mono.Cecil.dll"
-r:"Library/PackageCache/com.unity.nuget.newtonsoft-json@4dfd81071c64/Runtime/Newtonsoft.Json.dll"
-r:"Library/PackageCache/com.unity.testtools.codecoverage@19a841221620/lib/ReportGenerator/ReportGeneratorMerged.dll"
-r:"Library/PackageCache/com.unity.visualscripting@8bed5ad90189/Runtime/VisualScripting.Flow/Dependencies/NCalc/Unity.VisualScripting.Antlr3.Runtime.dll"
-r:"Library/Bee/artifacts/2000b0aE.dag/GLTFSerialization.ref.dll"
-r:"Library/Bee/artifacts/2000b0aE.dag/Unity.2D.Sprite.Editor.ref.dll"
-r:"Library/Bee/artifacts/2000b0aE.dag/Unity.Addressables.Editor.ref.dll"
-r:"Library/Bee/artifacts/2000b0aE.dag/Unity.Addressables.ref.dll"
-r:"Library/Bee/artifacts/2000b0aE.dag/Unity.AI.Navigation.Editor.ConversionSystem.ref.dll"
-r:"Library/Bee/artifacts/2000b0aE.dag/Unity.AI.Navigation.Editor.ref.dll"
-r:"Library/Bee/artifacts/2000b0aE.dag/Unity.AI.Navigation.ref.dll"
-r:"Library/Bee/artifacts/2000b0aE.dag/Unity.AI.Navigation.Updater.ref.dll"
-r:"Library/Bee/artifacts/2000b0aE.dag/Unity.AutoGroupGenerator.Editor.ref.dll"
-r:"Library/Bee/artifacts/2000b0aE.dag/Unity.Burst.Editor.ref.dll"
-r:"Library/Bee/artifacts/2000b0aE.dag/Unity.Burst.ref.dll"
-r:"Library/Bee/artifacts/2000b0aE.dag/Unity.Cinemachine.Editor.ref.dll"
-r:"Library/Bee/artifacts/2000b0aE.dag/Unity.Cinemachine.ref.dll"
-r:"Library/Bee/artifacts/2000b0aE.dag/Unity.Collections.Editor.ref.dll"
-r:"Library/Bee/artifacts/2000b0aE.dag/Unity.Collections.ref.dll"
-r:"Library/Bee/artifacts/2000b0aE.dag/Unity.EditorCoroutines.Editor.ref.dll"
-r:"Library/Bee/artifacts/2000b0aE.dag/Unity.InputSystem.ForUI.ref.dll"
-r:"Library/Bee/artifacts/2000b0aE.dag/Unity.InputSystem.ref.dll"
-r:"Library/Bee/artifacts/2000b0aE.dag/Unity.InternalAPIEditorBridge.ShaderGraph.Editor.ref.dll"
-r:"Library/Bee/artifacts/2000b0aE.dag/Unity.InternalAPIEditorBridgeDev.001.ref.dll"
-r:"Library/Bee/artifacts/2000b0aE.dag/Unity.InternalAPIEngineBridge.004.ref.dll"
-r:"Library/Bee/artifacts/2000b0aE.dag/Unity.InternalAPIEngineBridge.RenderPipelines.Core.Runtime.Shared.ref.dll"
-r:"Library/Bee/artifacts/2000b0aE.dag/Unity.Mathematics.Editor.ref.dll"
-r:"Library/Bee/artifacts/2000b0aE.dag/Unity.Mathematics.ref.dll"
-r:"Library/Bee/artifacts/2000b0aE.dag/Unity.Multiplayer.Center.Common.ref.dll"
-r:"Library/Bee/artifacts/2000b0aE.dag/Unity.Multiplayer.Center.Editor.ref.dll"
-r:"Library/Bee/artifacts/2000b0aE.dag/Unity.PackageValidationSuite.Editor.Extension.ref.dll"
-r:"Library/Bee/artifacts/2000b0aE.dag/Unity.PackageValidationSuite.Editor.ref.dll"
-r:"Library/Bee/artifacts/2000b0aE.dag/Unity.PathTracing.Editor.ref.dll"
-r:"Library/Bee/artifacts/2000b0aE.dag/Unity.PathTracing.Runtime.ref.dll"
-r:"Library/Bee/artifacts/2000b0aE.dag/Unity.Performance.Profile-Analyzer.Editor.ref.dll"
-r:"Library/Bee/artifacts/2000b0aE.dag/Unity.PlasticSCM.Editor.ref.dll"
-r:"Library/Bee/artifacts/2000b0aE.dag/Unity.Play.Publisher.Editor.ref.dll"
-r:"Library/Bee/artifacts/2000b0aE.dag/Unity.ProBuilder.AddOns.Editor.ref.dll"
-r:"Library/Bee/artifacts/2000b0aE.dag/Unity.ProBuilder.AssetIdRemapUtility.ref.dll"
-r:"Library/Bee/artifacts/2000b0aE.dag/Unity.ProBuilder.Editor.ref.dll"
-r:"Library/Bee/artifacts/2000b0aE.dag/Unity.ProBuilder.ref.dll"
-r:"Library/Bee/artifacts/2000b0aE.dag/Unity.Profiling.Core.ref.dll"
-r:"Library/Bee/artifacts/2000b0aE.dag/Unity.Rendering.LightTransport.Editor.ref.dll"
-r:"Library/Bee/artifacts/2000b0aE.dag/Unity.RenderPipeline.Universal.ShaderLibrary.ref.dll"
-r:"Library/Bee/artifacts/2000b0aE.dag/Unity.RenderPipelines.Core.Editor.ref.dll"
-r:"Library/Bee/artifacts/2000b0aE.dag/Unity.RenderPipelines.Core.Editor.Shared.ref.dll"
-r:"Library/Bee/artifacts/2000b0aE.dag/Unity.RenderPipelines.Core.Runtime.ref.dll"
-r:"Library/Bee/artifacts/2000b0aE.dag/Unity.RenderPipelines.Core.Runtime.Shared.ref.dll"
-r:"Library/Bee/artifacts/2000b0aE.dag/Unity.RenderPipelines.Core.ShaderLibrary.ref.dll"
-r:"Library/Bee/artifacts/2000b0aE.dag/Unity.RenderPipelines.GPUDriven.Runtime.ref.dll"
-r:"Library/Bee/artifacts/2000b0aE.dag/Unity.RenderPipelines.HighDefinition.Config.Runtime.ref.dll"
-r:"Library/Bee/artifacts/2000b0aE.dag/Unity.RenderPipelines.HighDefinition.Editor.ref.dll"
-r:"Library/Bee/artifacts/2000b0aE.dag/Unity.RenderPipelines.HighDefinition.Runtime.ref.dll"
-r:"Library/Bee/artifacts/2000b0aE.dag/Unity.RenderPipelines.ShaderGraph.ShaderGraphLibrary.ref.dll"
-r:"Library/Bee/artifacts/2000b0aE.dag/Unity.RenderPipelines.Universal.2D.Editor.Overrides.ref.dll"
-r:"Library/Bee/artifacts/2000b0aE.dag/Unity.RenderPipelines.Universal.2D.Runtime.ref.dll"
-r:"Library/Bee/artifacts/2000b0aE.dag/Unity.RenderPipelines.Universal.Config.Runtime.ref.dll"
-r:"Library/Bee/artifacts/2000b0aE.dag/Unity.RenderPipelines.Universal.Editor.ref.dll"
-r:"Library/Bee/artifacts/2000b0aE.dag/Unity.RenderPipelines.Universal.Runtime.ref.dll"
-r:"Library/Bee/artifacts/2000b0aE.dag/Unity.RenderPipelines.Universal.Shaders.ref.dll"
-r:"Library/Bee/artifacts/2000b0aE.dag/Unity.ResourceManager.ref.dll"
-r:"Library/Bee/artifacts/2000b0aE.dag/Unity.Rider.Editor.ref.dll"
-r:"Library/Bee/artifacts/2000b0aE.dag/Unity.ScriptableBuildPipeline.Editor.ref.dll"
-r:"Library/Bee/artifacts/2000b0aE.dag/Unity.ScriptableBuildPipeline.ref.dll"
-r:"Library/Bee/artifacts/2000b0aE.dag/Unity.Searcher.Editor.ref.dll"
-r:"Library/Bee/artifacts/2000b0aE.dag/Unity.Settings.Editor.ref.dll"
-r:"Library/Bee/artifacts/2000b0aE.dag/Unity.ShaderGraph.Editor.ref.dll"
-r:"Library/Bee/artifacts/2000b0aE.dag/Unity.Splines.Editor.ref.dll"
-r:"Library/Bee/artifacts/2000b0aE.dag/Unity.Splines.ref.dll"
-r:"Library/Bee/artifacts/2000b0aE.dag/Unity.SurfaceCache.Runtime.ref.dll"
-r:"Library/Bee/artifacts/2000b0aE.dag/Unity.TestTools.CodeCoverage.Editor.OpenCover.Model.ref.dll"
-r:"Library/Bee/artifacts/2000b0aE.dag/Unity.TestTools.CodeCoverage.Editor.OpenCover.Mono.Reflection.ref.dll"
-r:"Library/Bee/artifacts/2000b0aE.dag/Unity.TestTools.CodeCoverage.Editor.ref.dll"
-r:"Library/Bee/artifacts/2000b0aE.dag/Unity.TextMeshPro.Editor.ref.dll"
-r:"Library/Bee/artifacts/2000b0aE.dag/Unity.TextMeshPro.ref.dll"
-r:"Library/Bee/artifacts/2000b0aE.dag/Unity.Timeline.Editor.ref.dll"
-r:"Library/Bee/artifacts/2000b0aE.dag/Unity.Timeline.ref.dll"
-r:"Library/Bee/artifacts/2000b0aE.dag/Unity.UnifiedRayTracing.Runtime.ref.dll"
-r:"Library/Bee/artifacts/2000b0aE.dag/Unity.VisualEffectGraph.Editor.ref.dll"
-r:"Library/Bee/artifacts/2000b0aE.dag/Unity.VisualEffectGraph.Runtime.ref.dll"
-r:"Library/Bee/artifacts/2000b0aE.dag/Unity.VisualScripting.Core.Editor.ref.dll"
-r:"Library/Bee/artifacts/2000b0aE.dag/Unity.VisualScripting.Core.ref.dll"
-r:"Library/Bee/artifacts/2000b0aE.dag/Unity.VisualScripting.Flow.Editor.ref.dll"
-r:"Library/Bee/artifacts/2000b0aE.dag/Unity.VisualScripting.Flow.ref.dll"
-r:"Library/Bee/artifacts/2000b0aE.dag/Unity.VisualScripting.SettingsProvider.Editor.ref.dll"
-r:"Library/Bee/artifacts/2000b0aE.dag/Unity.VisualScripting.Shared.Editor.ref.dll"
-r:"Library/Bee/artifacts/2000b0aE.dag/Unity.VisualScripting.State.Editor.ref.dll"
-r:"Library/Bee/artifacts/2000b0aE.dag/Unity.VisualScripting.State.ref.dll"
-r:"Library/Bee/artifacts/2000b0aE.dag/Unity.VisualStudio.Editor.ref.dll"
-r:"Library/Bee/artifacts/2000b0aE.dag/Unity.VSCode.Editor.ref.dll"
-r:"Library/Bee/artifacts/2000b0aE.dag/Unity.XR.CoreUtils.Editor.ref.dll"
-r:"Library/Bee/artifacts/2000b0aE.dag/Unity.XR.CoreUtils.ref.dll"
-r:"Library/Bee/artifacts/2000b0aE.dag/Unity.XR.Interaction.Toolkit.Analytics.Editor.ref.dll"
-r:"Library/Bee/artifacts/2000b0aE.dag/Unity.XR.Interaction.Toolkit.Analytics.Hooks.Editor.ref.dll"
-r:"Library/Bee/artifacts/2000b0aE.dag/Unity.XR.Interaction.Toolkit.Editor.ref.dll"
-r:"Library/Bee/artifacts/2000b0aE.dag/Unity.XR.Interaction.Toolkit.ref.dll"
-r:"Library/Bee/artifacts/2000b0aE.dag/Unity.XR.Interaction.Toolkit.Samples.DeviceSimulator.ref.dll"
-r:"Library/Bee/artifacts/2000b0aE.dag/Unity.XR.Interaction.Toolkit.Samples.StarterAssets.ref.dll"
-r:"Library/Bee/artifacts/2000b0aE.dag/Unity.XR.Management.Editor.ref.dll"
-r:"Library/Bee/artifacts/2000b0aE.dag/Unity.XR.Management.ref.dll"
-r:"Library/Bee/artifacts/2000b0aE.dag/Unity.XR.OpenXR.Editor.ref.dll"
-r:"Library/Bee/artifacts/2000b0aE.dag/Unity.XR.OpenXR.Features.ConformanceAutomation.ref.dll"
-r:"Library/Bee/artifacts/2000b0aE.dag/Unity.XR.OpenXR.Features.MetaQuestSupport.Editor.ref.dll"
-r:"Library/Bee/artifacts/2000b0aE.dag/Unity.XR.OpenXR.Features.MetaQuestSupport.ref.dll"
-r:"Library/Bee/artifacts/2000b0aE.dag/Unity.XR.OpenXR.Features.OculusQuestSupport.Editor.ref.dll"
-r:"Library/Bee/artifacts/2000b0aE.dag/Unity.XR.OpenXR.Features.OculusQuestSupport.ref.dll"
-r:"Library/Bee/artifacts/2000b0aE.dag/Unity.XR.OpenXR.Features.RuntimeDebugger.Editor.ref.dll"
-r:"Library/Bee/artifacts/2000b0aE.dag/Unity.XR.OpenXR.ref.dll"
-r:"Library/Bee/artifacts/2000b0aE.dag/UnityEditor.SpatialTracking.ref.dll"
-r:"Library/Bee/artifacts/2000b0aE.dag/UnityEditor.UI.Analytics.ref.dll"
-r:"Library/Bee/artifacts/2000b0aE.dag/UnityEditor.UI.ref.dll"
-r:"Library/Bee/artifacts/2000b0aE.dag/UnityEditor.XR.LegacyInputHelpers.ref.dll"
-r:"Library/Bee/artifacts/2000b0aE.dag/UnityEngine.SpatialTracking.ref.dll"
-r:"Library/Bee/artifacts/2000b0aE.dag/UnityEngine.UI.ref.dll"
-r:"Library/Bee/artifacts/2000b0aE.dag/UnityEngine.XR.LegacyInputHelpers.ref.dll"
-r:"Library/Bee/artifacts/2000b0aE.dag/UnityGLTF.Interactivity.Runtime.ref.dll"
-r:"Library/Bee/artifacts/2000b0aE.dag/UnityGLTF.Interactivity.VisualScripting.Editor.ref.dll"
-r:"Library/Bee/artifacts/2000b0aE.dag/UnityGLTF.Interactivity.VisualScripting.Export.Editor.ref.dll"
-r:"Library/Bee/artifacts/2000b0aE.dag/UnityGLTF.Interactivity.VisualScripting.ExportPlugin.ref.dll"
-r:"Library/Bee/artifacts/2000b0aE.dag/UnityGLTF.Interactivity.VisualScripting.Inspector.ref.dll"
-r:"Library/Bee/artifacts/2000b0aE.dag/UnityGLTF.Interactivity.VisualScripting.Runtime.ref.dll"
-r:"Library/Bee/artifacts/2000b0aE.dag/UnityGLTFEditor.ref.dll"
-r:"Library/Bee/artifacts/2000b0aE.dag/UnityGLTFScripts.ref.dll"
-analyzer:"/Applications/Unity/Hub/Editor/6000.4.5f1/Unity.app/Contents/Resources/BuildPipeline/Unity.SourceGenerators/Unity.Properties.SourceGenerator.dll"
-analyzer:"/Applications/Unity/Hub/Editor/6000.4.5f1/Unity.app/Contents/Resources/BuildPipeline/Unity.SourceGenerators/Unity.SourceGenerators.dll"
-analyzer:"/Applications/Unity/Hub/Editor/6000.4.5f1/Unity.app/Contents/Resources/BuildPipeline/Unity.SourceGenerators/Unity.UIToolkit.SourceGenerator.dll"
"Assets/Animated Tropical Vegetation/DemoSceneContent/Buttons.cs"
"Assets/Animated Tropical Vegetation/DemoSceneContent/CameraPosition.cs"
"Assets/Animated Tropical Vegetation/DemoSceneContent/Controller.cs"
"Assets/Animated Tropical Vegetation/DemoSceneContent/Cursors.cs"
"Assets/Animated Tropical Vegetation/DemoSceneContent/HideImage.cs"
"Assets/Animated Tropical Vegetation/DemoSceneContent/HideShowButtons.cs"
"Assets/Animated Tropical Vegetation/Tools/ObjectPainter.cs"
"Assets/BCaT/Exhibits/BlackKitchen/Scripts/BlackKitchenAmbientZone.cs"
"Assets/BCaT/Exhibits/BlackKitchen/Scripts/BlackKitchenAudioCoordinator.cs"
"Assets/BCaT/Exhibits/BlackKitchen/Scripts/BlackKitchenExperienceController.cs"
"Assets/BCaT/Exhibits/BlackKitchen/Scripts/BlackKitchenInteractionGate.cs"
"Assets/BCaT/Exhibits/BlackKitchen/Scripts/BlackKitchenOvenInteraction.cs"
"Assets/BCaT/Exhibits/BlackKitchen/Scripts/BlackKitchenPortalController.cs"
"Assets/BCaT/Exhibits/BlackKitchen/Scripts/BlackKitchenSessionState.cs"
"Assets/BCaT/Exhibits/BlackKitchen/Scripts/BlackKitchenStoryInteractable.cs"
"Assets/BCaT/Exhibits/BlackKitchen/Scripts/BlackKitchenXrSelectRelay.cs"
"Assets/BCaT/Exhibits/PrivacyLawExhibit/Scripts/PrivacyLawExhibitController.cs"
"Assets/BCaT/Exhibits/PrivacyLawExhibit/Scripts/PrivacyLawProximityRelay.cs"
"Assets/BCaT/SceneTransitions/Scripts/AddressableSceneHandleStore.cs"
"Assets/BCaT/SceneTransitions/Scripts/LoadingSceneController.cs"
"Assets/BCaT/SceneTransitions/Scripts/SceneArrivalController.cs"
"Assets/BCaT/SceneTransitions/Scripts/ScenePlatformRigSelector.cs"
"Assets/BCaT/SceneTransitions/Scripts/ScenePlayerRig.cs"
"Assets/BCaT/SceneTransitions/Scripts/SceneSpawnPoint.cs"
"Assets/BCaT/SceneTransitions/Scripts/SceneTransitionState.cs"
"Assets/BCaT_assets/LindaLeaks/Scripts/LindaLeaksPanelOpener.cs"
"Assets/BCaT_assets/LindaLeaks/Scripts/LindaLeaksPhotoAlbumController.cs"
"Assets/BCaT_assets/LindaLeaks/Scripts/LindaLeaksVideoPopUp.cs"
"Assets/BrokenVector/LowPolyFencePack/Scripts/DoorController.cs"
"Assets/BrokenVector/LowPolyFencePack/Scripts/DoorToggle.cs"
"Assets/IgniteCoders/Simple Water Shader/Info/Scripts/Readme.cs"
"Assets/IgniteCoders/Simple Water Shader/Resources/WaterReflection.cs"
"Assets/RealBlend/Scripts/RealBlendExperimentalSPOMBounds.cs"
"Assets/RealBlend/Scripts/VertexPaintStorage.cs"
"Assets/Scripts/FaceCamera.cs"
"Assets/Scripts/HolographicSlideshow.cs"
"Assets/Scripts/InteractableLinkLauncher.cs"
"Assets/Scripts/MediaVideoController.cs"
"Assets/Scripts/MeshellArticleNotebookInputRouter.cs"
"Assets/Scripts/MeshellArticleNotebookOpener.cs"
"Assets/Scripts/MeshellArticleReaderController.cs"
"Assets/Scripts/PlatformInteractionPrompt.cs"
"Assets/Scripts/QuiltVideoPopUp.cs"
"Assets/Scripts/RemoteMediaConfig.cs"
"Assets/Scripts/RuntimeMediaPaths.cs"
"Assets/Scripts/SimpleImagePopupController.cs"
"Assets/Scripts/SimpleImagePopupInteractor.cs"
"Assets/Scripts/SpatialAudioToggle.cs"
"Assets/Scripts/VideoExhibitCoordinator.cs"
"Assets/StarterAssets/FirstPersonController/Scripts/BasicRigidBodyPush.cs"
"Assets/StarterAssets/FirstPersonController/Scripts/FirstPersonController.cs"
"Assets/StarterAssets/InputSystem/StarterAssetsInputs.cs"
"Assets/StarterAssets/Mobile/Scripts/VirtualInputs/UIVirtualTouchZone.cs"
"Assets/danthaigames/DS 80s Television/Scripts/RotatingObject.cs"
-langversion:9.0
/deterministic
/optimize+
/debug:portable
/nologo
/RuntimeMetadataVersion:v4.0.30319
/nowarn:0169
/nowarn:0649
/nowarn:0282
/nowarn:1701
/nowarn:1702
/utf8output
/preferreduilang:en-US
/additionalfile:"Library/Bee/artifacts/2000b0aE.dag/Assembly-CSharp.UnityAdditionalFile.txt"
##### Custom Environment Variables
DOTNET_MULTILEVEL_LOOKUP=0
##### ExitCode
1
##### Output
Assets/BCaT/Exhibits/BlackKitchen/Scripts/BlackKitchenInteractionGate.cs(23,34): warning CS0618: 'Object.GetInstanceID()' is obsolete: 'GetInstanceID is deprecated. Use GetEntityId instead. This will be removed in a future version.'
Assets/BCaT/Exhibits/BlackKitchen/Scripts/BlackKitchenInteractionGate.cs(30,87): warning CS0618: 'Object.GetInstanceID()' is obsolete: 'GetInstanceID is deprecated. Use GetEntityId instead. This will be removed in a future version.'
Assets/BCaT/Exhibits/BlackKitchen/Scripts/BlackKitchenExperienceController.cs(129,55): warning CS0618: 'Object.FindFirstObjectByType<T>()' is obsolete: 'FindFirstObjectByType has been deprecated because it relies on instance ID ordering. Use FindAnyObjectByType instead, which does not depend on ordering.'
Assets/BCaT/SceneTransitions/Scripts/LoadingSceneController.cs(101,13): error CS1631: Cannot yield a value in the body of a catch clause
Assets/BCaT/Exhibits/PrivacyLawExhibit/Scripts/PrivacyLawExhibitController.cs(412,90): warning CS0618: 'FindObjectsSortMode' is obsolete: 'FindObjectsSortMode has been deprecated. Use the FindObjectsByType overloads that do not take a FindObjectsSortMode parameter.'
Assets/BCaT/Exhibits/PrivacyLawExhibit/Scripts/PrivacyLawExhibitController.cs(412,35): warning CS0618: 'Object.FindObjectsByType<T>(FindObjectsInactive, FindObjectsSortMode)' is obsolete: 'FindObjectsByType with FindObjectsSortMode parameter has been deprecated. Use FindObjectsByType<T>() or FindObjectsByType<T>(FindObjectsInactive) instead. InstanceID will be replaced in the future with EntityId and previous sort order cannot be maintained.'
Assets/BCaT/Exhibits/PrivacyLawExhibit/Scripts/PrivacyLawExhibitController.cs(459,99): warning CS0618: 'FindObjectsSortMode' is obsolete: 'FindObjectsSortMode has been deprecated. Use the FindObjectsByType overloads that do not take a FindObjectsSortMode parameter.'
Assets/BCaT/Exhibits/PrivacyLawExhibit/Scripts/PrivacyLawExhibitController.cs(459,41): warning CS0618: 'Object.FindObjectsByType<T>(FindObjectsInactive, FindObjectsSortMode)' is obsolete: 'FindObjectsByType with FindObjectsSortMode parameter has been deprecated. Use FindObjectsByType<T>() or FindObjectsByType<T>(FindObjectsInactive) instead. InstanceID will be replaced in the future with EntityId and previous sort order cannot be maintained.'
Assets/BCaT/SceneTransitions/Scripts/SceneArrivalController.cs(181,120): warning CS0618: 'FindObjectsSortMode' is obsolete: 'FindObjectsSortMode has been deprecated. Use the FindObjectsByType overloads that do not take a FindObjectsSortMode parameter.'
Assets/BCaT/SceneTransitions/Scripts/SceneArrivalController.cs(181,52): warning CS0618: 'Object.FindObjectsByType<T>(FindObjectsInactive, FindObjectsSortMode)' is obsolete: 'FindObjectsByType with FindObjectsSortMode parameter has been deprecated. Use FindObjectsByType<T>() or FindObjectsByType<T>(FindObjectsInactive) instead. InstanceID will be replaced in the future with EntityId and previous sort order cannot be maintained.'
Assets/BCaT/SceneTransitions/Scripts/SceneArrivalController.cs(224,103): warning CS0618: 'FindObjectsSortMode' is obsolete: 'FindObjectsSortMode has been deprecated. Use the FindObjectsByType overloads that do not take a FindObjectsSortMode parameter.'
Assets/BCaT/SceneTransitions/Scripts/SceneArrivalController.cs(224,40): warning CS0618: 'Object.FindObjectsByType<T>(FindObjectsInactive, FindObjectsSortMode)' is obsolete: 'FindObjectsByType with FindObjectsSortMode parameter has been deprecated. Use FindObjectsByType<T>() or FindObjectsByType<T>(FindObjectsInactive) instead. InstanceID will be replaced in the future with EntityId and previous sort order cannot be maintained.'
Assets/BCaT/SceneTransitions/Scripts/SceneArrivalController.cs(244,105): warning CS0618: 'FindObjectsSortMode' is obsolete: 'FindObjectsSortMode has been deprecated. Use the FindObjectsByType overloads that do not take a FindObjectsSortMode parameter.'
Assets/BCaT/SceneTransitions/Scripts/SceneArrivalController.cs(244,41): warning CS0618: 'Object.FindObjectsByType<T>(FindObjectsInactive, FindObjectsSortMode)' is obsolete: 'FindObjectsByType with FindObjectsSortMode parameter has been deprecated. Use FindObjectsByType<T>() or FindObjectsByType<T>(FindObjectsInactive) instead. InstanceID will be replaced in the future with EntityId and previous sort order cannot be maintained.'
Assets/Scripts/HolographicSlideshow.cs(238,90): warning CS0618: 'FindObjectsSortMode' is obsolete: 'FindObjectsSortMode has been deprecated. Use the FindObjectsByType overloads that do not take a FindObjectsSortMode parameter.'
Assets/Scripts/HolographicSlideshow.cs(238,35): warning CS0618: 'Object.FindObjectsByType<T>(FindObjectsInactive, FindObjectsSortMode)' is obsolete: 'FindObjectsByType with FindObjectsSortMode parameter has been deprecated. Use FindObjectsByType<T>() or FindObjectsByType<T>(FindObjectsInactive) instead. InstanceID will be replaced in the future with EntityId and previous sort order cannot be maintained.'
Assets/BCaT/Exhibits/BlackKitchen/Scripts/BlackKitchenExperienceController.cs(574,9): warning CS0618: 'TMP_Text.enableWordWrapping' is obsolete: 'The enabledWordWrapping property is now obsolete. Please use the textWrappingMode property instead.'
Assets/Scripts/MeshellArticleReaderController.cs(272,90): warning CS0618: 'FindObjectsSortMode' is obsolete: 'FindObjectsSortMode has been deprecated. Use the FindObjectsByType overloads that do not take a FindObjectsSortMode parameter.'
Assets/Scripts/MeshellArticleReaderController.cs(272,35): warning CS0618: 'Object.FindObjectsByType<T>(FindObjectsInactive, FindObjectsSortMode)' is obsolete: 'FindObjectsByType with FindObjectsSortMode parameter has been deprecated. Use FindObjectsByType<T>() or FindObjectsByType<T>(FindObjectsInactive) instead. InstanceID will be replaced in the future with EntityId and previous sort order cannot be maintained.'
Assets/BCaT/Exhibits/BlackKitchen/Scripts/BlackKitchenExperienceController.cs(703,33): warning CS0618: 'Object.FindFirstObjectByType<T>()' is obsolete: 'FindFirstObjectByType has been deprecated because it relies on instance ID ordering. Use FindAnyObjectByType instead, which does not depend on ordering.'
Assets/BCaT/Exhibits/BlackKitchen/Scripts/BlackKitchenExperienceController.cs(711,98): warning CS0618: 'FindObjectsSortMode' is obsolete: 'FindObjectsSortMode has been deprecated. Use the FindObjectsByType overloads that do not take a FindObjectsSortMode parameter.'
Assets/BCaT/Exhibits/BlackKitchen/Scripts/BlackKitchenExperienceController.cs(711,38): warning CS0618: 'Object.FindObjectsByType<T>(FindObjectsInactive, FindObjectsSortMode)' is obsolete: 'FindObjectsByType with FindObjectsSortMode parameter has been deprecated. Use FindObjectsByType<T>() or FindObjectsByType<T>(FindObjectsInactive) instead. InstanceID will be replaced in the future with EntityId and previous sort order cannot be maintained.'
Assets/BCaT/Exhibits/BlackKitchen/Scripts/BlackKitchenOvenInteraction.cs(35,35): warning CS0414: The field 'BlackKitchenOvenInteraction.automaticAfterCompletion' is assigned but its value is never used
Assets/BCaT/Exhibits/BlackKitchen/Scripts/BlackKitchenOvenInteraction.cs(32,47): warning CS0414: The field 'BlackKitchenOvenInteraction.continuationMode' is assigned but its value is never used
Assets/BCaT/Exhibits/PrivacyLawExhibit/Scripts/PrivacyLawExhibitController.cs(56,36): warning CS0414: The field 'PrivacyLawExhibitController.openedHologramOpacity' is assigned but its value is never used
*** Tundra build failed (4.78 seconds), 87 items updated, 1600 evaluated
## Script Compilation Error for: Csc Library/Bee/artifacts/2000b0aE.dag/Assembly-CSharp.dll (+2 others)
## CmdLine: "/Applications/Unity/Hub/Editor/6000.4.5f1/Unity.app/Contents/Resources/Scripting/NetCoreRuntime/dotnet" exec "/Applications/Unity/Hub/Editor/6000.4.5f1/Unity.app/Contents/Resources/Scripting/DotNetSdkRoslyn/csc.dll" /nostdlib /noconfig /shared "@Library/Bee/artifacts/2000b0aE.dag/Assembly-CSharp.rsp" "@Library/Bee/artifacts/2000b0aE.dag/Assembly-CSharp.rsp2"
## Output:
Assets/BCaT/Exhibits/BlackKitchen/Scripts/BlackKitchenInteractionGate.cs(23,34): warning CS0618: 'Object.GetInstanceID()' is obsolete: 'GetInstanceID is deprecated. Use GetEntityId instead. This will be removed in a future version.'
Assets/BCaT/Exhibits/BlackKitchen/Scripts/BlackKitchenInteractionGate.cs(30,87): warning CS0618: 'Object.GetInstanceID()' is obsolete: 'GetInstanceID is deprecated. Use GetEntityId instead. This will be removed in a future version.'
Assets/BCaT/Exhibits/BlackKitchen/Scripts/BlackKitchenExperienceController.cs(129,55): warning CS0618: 'Object.FindFirstObjectByType<T>()' is obsolete: 'FindFirstObjectByType has been deprecated because it relies on instance ID ordering. Use FindAnyObjectByType instead, which does not depend on ordering.'
Assets/BCaT/SceneTransitions/Scripts/LoadingSceneController.cs(101,13): error CS1631: Cannot yield a value in the body of a catch clause
Assets/BCaT/Exhibits/PrivacyLawExhibit/Scripts/PrivacyLawExhibitController.cs(412,90): warning CS0618: 'FindObjectsSortMode' is obsolete: 'FindObjectsSortMode has been deprecated. Use the FindObjectsByType overloads that do not take a FindObjectsSortMode parameter.'
Assets/BCaT/Exhibits/PrivacyLawExhibit/Scripts/PrivacyLawExhibitController.cs(412,35): warning CS0618: 'Object.FindObjectsByType<T>(FindObjectsInactive, FindObjectsSortMode)' is obsolete: 'FindObjectsByType with FindObjectsSortMode parameter has been deprecated. Use FindObjectsByType<T>() or FindObjectsByType<T>(FindObjectsInactive) instead. InstanceID will be replaced in the future with EntityId and previous sort order cannot be maintained.'
Assets/BCaT/Exhibits/PrivacyLawExhibit/Scripts/PrivacyLawExhibitController.cs(459,99): warning CS0618: 'FindObjectsSortMode' is obsolete: 'FindObjectsSortMode has been deprecated. Use the FindObjectsByType overloads that do not take a FindObjectsSortMode parameter.'
Assets/BCaT/Exhibits/PrivacyLawExhibit/Scripts/PrivacyLawExhibitController.cs(459,41): warning CS0618: 'Object.FindObjectsByType<T>(FindObjectsInactive, FindObjectsSortMode)' is obsolete: 'FindObjectsByType with FindObjectsSortMode parameter has been deprecated. Use FindObjectsByType<T>() or FindObjectsByType<T>(FindObjectsInactive) instead. InstanceID will be replaced in the future with EntityId and previous sort order cannot be maintained.'
Assets/BCaT/SceneTransitions/Scripts/SceneArrivalController.cs(181,120): warning CS0618: 'FindObjectsSortMode' is obsolete: 'FindObjectsSortMode has been deprecated. Use the FindObjectsByType overloads that do not take a FindObjectsSortMode parameter.'
Assets/BCaT/SceneTransitions/Scripts/SceneArrivalController.cs(181,52): warning CS0618: 'Object.FindObjectsByType<T>(FindObjectsInactive, FindObjectsSortMode)' is obsolete: 'FindObjectsByType with FindObjectsSortMode parameter has been deprecated. Use FindObjectsByType<T>() or FindObjectsByType<T>(FindObjectsInactive) instead. InstanceID will be replaced in the future with EntityId and previous sort order cannot be maintained.'
Assets/BCaT/SceneTransitions/Scripts/SceneArrivalController.cs(224,103): warning CS0618: 'FindObjectsSortMode' is obsolete: 'FindObjectsSortMode has been deprecated. Use the FindObjectsByType overloads that do not take a FindObjectsSortMode parameter.'
Assets/BCaT/SceneTransitions/Scripts/SceneArrivalController.cs(224,40): warning CS0618: 'Object.FindObjectsByType<T>(FindObjectsInactive, FindObjectsSortMode)' is obsolete: 'FindObjectsByType with FindObjectsSortMode parameter has been deprecated. Use FindObjectsByType<T>() or FindObjectsByType<T>(FindObjectsInactive) instead. InstanceID will be replaced in the future with EntityId and previous sort order cannot be maintained.'
Assets/BCaT/SceneTransitions/Scripts/SceneArrivalController.cs(244,105): warning CS0618: 'FindObjectsSortMode' is obsolete: 'FindObjectsSortMode has been deprecated. Use the FindObjectsByType overloads that do not take a FindObjectsSortMode parameter.'
Assets/BCaT/SceneTransitions/Scripts/SceneArrivalController.cs(244,41): warning CS0618: 'Object.FindObjectsByType<T>(FindObjectsInactive, FindObjectsSortMode)' is obsolete: 'FindObjectsByType with FindObjectsSortMode parameter has been deprecated. Use FindObjectsByType<T>() or FindObjectsByType<T>(FindObjectsInactive) instead. InstanceID will be replaced in the future with EntityId and previous sort order cannot be maintained.'
Assets/Scripts/HolographicSlideshow.cs(238,90): warning CS0618: 'FindObjectsSortMode' is obsolete: 'FindObjectsSortMode has been deprecated. Use the FindObjectsByType overloads that do not take a FindObjectsSortMode parameter.'
Assets/Scripts/HolographicSlideshow.cs(238,35): warning CS0618: 'Object.FindObjectsByType<T>(FindObjectsInactive, FindObjectsSortMode)' is obsolete: 'FindObjectsByType with FindObjectsSortMode parameter has been deprecated. Use FindObjectsByType<T>() or FindObjectsByType<T>(FindObjectsInactive) instead. InstanceID will be replaced in the future with EntityId and previous sort order cannot be maintained.'
Assets/BCaT/Exhibits/BlackKitchen/Scripts/BlackKitchenExperienceController.cs(574,9): warning CS0618: 'TMP_Text.enableWordWrapping' is obsolete: 'The enabledWordWrapping property is now obsolete. Please use the textWrappingMode property instead.'
Assets/Scripts/MeshellArticleReaderController.cs(272,90): warning CS0618: 'FindObjectsSortMode' is obsolete: 'FindObjectsSortMode has been deprecated. Use the FindObjectsByType overloads that do not take a FindObjectsSortMode parameter.'
Assets/Scripts/MeshellArticleReaderController.cs(272,35): warning CS0618: 'Object.FindObjectsByType<T>(FindObjectsInactive, FindObjectsSortMode)' is obsolete: 'FindObjectsByType with FindObjectsSortMode parameter has been deprecated. Use FindObjectsByType<T>() or FindObjectsByType<T>(FindObjectsInactive) instead. InstanceID will be replaced in the future with EntityId and previous sort order cannot be maintained.'
Assets/BCaT/Exhibits/BlackKitchen/Scripts/BlackKitchenExperienceController.cs(703,33): warning CS0618: 'Object.FindFirstObjectByType<T>()' is obsolete: 'FindFirstObjectByType has been deprecated because it relies on instance ID ordering. Use FindAnyObjectByType instead, which does not depend on ordering.'
Assets/BCaT/Exhibits/BlackKitchen/Scripts/BlackKitchenExperienceController.cs(711,98): warning CS0618: 'FindObjectsSortMode' is obsolete: 'FindObjectsSortMode has been deprecated. Use the FindObjectsByType overloads that do not take a FindObjectsSortMode parameter.'
Assets/BCaT/Exhibits/BlackKitchen/Scripts/BlackKitchenExperienceController.cs(711,38): warning CS0618: 'Object.FindObjectsByType<T>(FindObjectsInactive, FindObjectsSortMode)' is obsolete: 'FindObjectsByType with FindObjectsSortMode parameter has been deprecated. Use FindObjectsByType<T>() or FindObjectsByType<T>(FindObjectsInactive) instead. InstanceID will be replaced in the future with EntityId and previous sort order cannot be maintained.'
Assets/BCaT/Exhibits/BlackKitchen/Scripts/BlackKitchenOvenInteraction.cs(35,35): warning CS0414: The field 'BlackKitchenOvenInteraction.automaticAfterCompletion' is assigned but its value is never used
Assets/BCaT/Exhibits/BlackKitchen/Scripts/BlackKitchenOvenInteraction.cs(32,47): warning CS0414: The field 'BlackKitchenOvenInteraction.continuationMode' is assigned but its value is never used
Assets/BCaT/Exhibits/PrivacyLawExhibit/Scripts/PrivacyLawExhibitController.cs(56,36): warning CS0414: The field 'PrivacyLawExhibitController.openedHologramOpacity' is assigned but its value is never used

Assets/BCaT/Exhibits/BlackKitchen/Scripts/BlackKitchenInteractionGate.cs(23,34): warning CS0618: 'Object.GetInstanceID()' is obsolete: 'GetInstanceID is deprecated. Use GetEntityId instead. This will be removed in a future version.'
Assets/BCaT/Exhibits/BlackKitchen/Scripts/BlackKitchenInteractionGate.cs(30,87): warning CS0618: 'Object.GetInstanceID()' is obsolete: 'GetInstanceID is deprecated. Use GetEntityId instead. This will be removed in a future version.'
Assets/BCaT/Exhibits/BlackKitchen/Scripts/BlackKitchenExperienceController.cs(129,55): warning CS0618: 'Object.FindFirstObjectByType<T>()' is obsolete: 'FindFirstObjectByType has been deprecated because it relies on instance ID ordering. Use FindAnyObjectByType instead, which does not depend on ordering.'
Assets/BCaT/SceneTransitions/Scripts/LoadingSceneController.cs(101,13): error CS1631: Cannot yield a value in the body of a catch clause
Assets/BCaT/Exhibits/PrivacyLawExhibit/Scripts/PrivacyLawExhibitController.cs(412,90): warning CS0618: 'FindObjectsSortMode' is obsolete: 'FindObjectsSortMode has been deprecated. Use the FindObjectsByType overloads that do not take a FindObjectsSortMode parameter.'
Assets/BCaT/Exhibits/PrivacyLawExhibit/Scripts/PrivacyLawExhibitController.cs(412,35): warning CS0618: 'Object.FindObjectsByType<T>(FindObjectsInactive, FindObjectsSortMode)' is obsolete: 'FindObjectsByType with FindObjectsSortMode parameter has been deprecated. Use FindObjectsByType<T>() or FindObjectsByType<T>(FindObjectsInactive) instead. InstanceID will be replaced in the future with EntityId and previous sort order cannot be maintained.'
Assets/BCaT/Exhibits/PrivacyLawExhibit/Scripts/PrivacyLawExhibitController.cs(459,99): warning CS0618: 'FindObjectsSortMode' is obsolete: 'FindObjectsSortMode has been deprecated. Use the FindObjectsByType overloads that do not take a FindObjectsSortMode parameter.'
Assets/BCaT/Exhibits/PrivacyLawExhibit/Scripts/PrivacyLawExhibitController.cs(459,41): warning CS0618: 'Object.FindObjectsByType<T>(FindObjectsInactive, FindObjectsSortMode)' is obsolete: 'FindObjectsByType with FindObjectsSortMode parameter has been deprecated. Use FindObjectsByType<T>() or FindObjectsByType<T>(FindObjectsInactive) instead. InstanceID will be replaced in the future with EntityId and previous sort order cannot be maintained.'
Assets/BCaT/SceneTransitions/Scripts/SceneArrivalController.cs(181,120): warning CS0618: 'FindObjectsSortMode' is obsolete: 'FindObjectsSortMode has been deprecated. Use the FindObjectsByType overloads that do not take a FindObjectsSortMode parameter.'
Assets/BCaT/SceneTransitions/Scripts/SceneArrivalController.cs(181,52): warning CS0618: 'Object.FindObjectsByType<T>(FindObjectsInactive, FindObjectsSortMode)' is obsolete: 'FindObjectsByType with FindObjectsSortMode parameter has been deprecated. Use FindObjectsByType<T>() or FindObjectsByType<T>(FindObjectsInactive) instead. InstanceID will be replaced in the future with EntityId and previous sort order cannot be maintained.'
Assets/BCaT/SceneTransitions/Scripts/SceneArrivalController.cs(224,103): warning CS0618: 'FindObjectsSortMode' is obsolete: 'FindObjectsSortMode has been deprecated. Use the FindObjectsByType overloads that do not take a FindObjectsSortMode parameter.'
Assets/BCaT/SceneTransitions/Scripts/SceneArrivalController.cs(224,40): warning CS0618: 'Object.FindObjectsByType<T>(FindObjectsInactive, FindObjectsSortMode)' is obsolete: 'FindObjectsByType with FindObjectsSortMode parameter has been deprecated. Use FindObjectsByType<T>() or FindObjectsByType<T>(FindObjectsInactive) instead. InstanceID will be replaced in the future with EntityId and previous sort order cannot be maintained.'
Assets/BCaT/SceneTransitions/Scripts/SceneArrivalController.cs(244,105): warning CS0618: 'FindObjectsSortMode' is obsolete: 'FindObjectsSortMode has been deprecated. Use the FindObjectsByType overloads that do not take a FindObjectsSortMode parameter.'
Assets/BCaT/SceneTransitions/Scripts/SceneArrivalController.cs(244,41): warning CS0618: 'Object.FindObjectsByType<T>(FindObjectsInactive, FindObjectsSortMode)' is obsolete: 'FindObjectsByType with FindObjectsSortMode parameter has been deprecated. Use FindObjectsByType<T>() or FindObjectsByType<T>(FindObjectsInactive) instead. InstanceID will be replaced in the future with EntityId and previous sort order cannot be maintained.'
Assets/Scripts/HolographicSlideshow.cs(238,90): warning CS0618: 'FindObjectsSortMode' is obsolete: 'FindObjectsSortMode has been deprecated. Use the FindObjectsByType overloads that do not take a FindObjectsSortMode parameter.'
Assets/Scripts/HolographicSlideshow.cs(238,35): warning CS0618: 'Object.FindObjectsByType<T>(FindObjectsInactive, FindObjectsSortMode)' is obsolete: 'FindObjectsByType with FindObjectsSortMode parameter has been deprecated. Use FindObjectsByType<T>() or FindObjectsByType<T>(FindObjectsInactive) instead. InstanceID will be replaced in the future with EntityId and previous sort order cannot be maintained.'
Assets/BCaT/Exhibits/BlackKitchen/Scripts/BlackKitchenExperienceController.cs(574,9): warning CS0618: 'TMP_Text.enableWordWrapping' is obsolete: 'The enabledWordWrapping property is now obsolete. Please use the textWrappingMode property instead.'
Assets/Scripts/MeshellArticleReaderController.cs(272,90): warning CS0618: 'FindObjectsSortMode' is obsolete: 'FindObjectsSortMode has been deprecated. Use the FindObjectsByType overloads that do not take a FindObjectsSortMode parameter.'
Assets/Scripts/MeshellArticleReaderController.cs(272,35): warning CS0618: 'Object.FindObjectsByType<T>(FindObjectsInactive, FindObjectsSortMode)' is obsolete: 'FindObjectsByType with FindObjectsSortMode parameter has been deprecated. Use FindObjectsByType<T>() or FindObjectsByType<T>(FindObjectsInactive) instead. InstanceID will be replaced in the future with EntityId and previous sort order cannot be maintained.'
Assets/BCaT/Exhibits/BlackKitchen/Scripts/BlackKitchenExperienceController.cs(703,33): warning CS0618: 'Object.FindFirstObjectByType<T>()' is obsolete: 'FindFirstObjectByType has been deprecated because it relies on instance ID ordering. Use FindAnyObjectByType instead, which does not depend on ordering.'
Assets/BCaT/Exhibits/BlackKitchen/Scripts/BlackKitchenExperienceController.cs(711,98): warning CS0618: 'FindObjectsSortMode' is obsolete: 'FindObjectsSortMode has been deprecated. Use the FindObjectsByType overloads that do not take a FindObjectsSortMode parameter.'
Assets/BCaT/Exhibits/BlackKitchen/Scripts/BlackKitchenExperienceController.cs(711,38): warning CS0618: 'Object.FindObjectsByType<T>(FindObjectsInactive, FindObjectsSortMode)' is obsolete: 'FindObjectsByType with FindObjectsSortMode parameter has been deprecated. Use FindObjectsByType<T>() or FindObjectsByType<T>(FindObjectsInactive) instead. InstanceID will be replaced in the future with EntityId and previous sort order cannot be maintained.'
Assets/BCaT/Exhibits/BlackKitchen/Scripts/BlackKitchenOvenInteraction.cs(35,35): warning CS0414: The field 'BlackKitchenOvenInteraction.automaticAfterCompletion' is assigned but its value is never used
Assets/BCaT/Exhibits/BlackKitchen/Scripts/BlackKitchenOvenInteraction.cs(32,47): warning CS0414: The field 'BlackKitchenOvenInteraction.continuationMode' is assigned but its value is never used
Assets/BCaT/Exhibits/PrivacyLawExhibit/Scripts/PrivacyLawExhibitController.cs(56,36): warning CS0414: The field 'PrivacyLawExhibitController.openedHologramOpacity' is assigned but its value is never used
AssetDatabase: script compilation time: 6.945680s
Total cache size 270617159
Total cache size after purge 266670003, took 00:00:00.1501908
Scripts have compiler errors.
[Package Manager] Server process was shutdown
info: Microsoft.Hosting.Lifetime[0]
      Application is shutting down...
info: Unity.ILPP.Runner.PostProcessingAssemblyLoadContext[0]
      ALC ILPP context 1 is unloading
